0.00000000 0.00000000 0.00000000
0.38344364 0.73543621 0.00090247
0.76687468 1.47087683 0.00189308
1.15027640 2.20633508 0.00295323
1.53364461 2.94181347 0.00407894
1.91697299 3.67731513 0.00525111
2.30027215 4.41284304 0.00646543
2.68353328 5.14839206 0.00770794
3.06676705 5.88396019 0.00897039
3.44997796 6.61954819 0.01026450
3.83316469 7.35514497 0.01155510
4.21634629 8.09074018 0.01282657
4.59952938 8.82633032 0.01408903
4.98270586 9.56191575 0.01535085
5.36590076 10.29747931 0.01657999
5.74682562 11.03005293 0.01809497
6.13234057 11.76856277 0.01900120
6.51930255 12.51527406 0.01983508
6.94701396 13.34753285 0.02193945
7.34069514 14.11187347 0.02613801
7.73647607 14.88340864 0.03304546
8.17791873 15.73594223 0.03878688
8.57856630 16.51919935 0.04182681
9.02454528 17.38283232 0.04380895
9.42932903 18.17231655 0.04616480
9.83811205 18.96507110 0.04983497
10.28798391 19.84462313 0.05816262
10.69986229 20.64791789 0.06646704
11.11564991 21.45592903 0.06966213
11.57588953 22.34871607 0.06740842
11.99717594 23.16313767 0.06102117
12.46499836 24.06572170 0.05287377
12.89380055 24.89026622 0.04891389
13.32653484 25.71945049 0.05198437
13.80555719 26.63557197 0.05737150
14.24178403 27.47118946 0.06151858
14.68322447 28.30719647 0.05920234
15.16759624 29.23151258 0.04967363
15.60660787 30.07818312 0.04349315
16.05447744 30.94579609 0.05209583
16.56545661 31.94296205 0.08960968
17.02197275 32.83870451 0.11561572
17.52444023 33.82527694 0.14186110
17.97678028 34.71182683 0.15711278
18.42860223 35.60328899 0.17464110
18.91477481 36.57391090 0.17862752
19.35718949 37.45783210 0.18235707
19.79759455 38.33120433 0.17938520
20.27701276 39.29055077 0.17944989
20.71423984 40.15292104 0.18640386
21.15136747 41.01300158 0.19276045
21.62598586 41.95791785 0.20114997
22.05114630 42.81278250 0.20359892
22.51696391 43.74909986 0.20142620
22.94204362 44.59588067 0.20272601
23.36765289 45.44122372 0.21496938
23.83198464 46.36675314 0.22327852
24.25212286 47.20497932 0.22726409
24.67123170 48.03912828 0.22747225
25.13520012 48.95223859 0.22631270
25.55290642 49.78044522 0.22705672
26.01149040 50.68959707 0.22890203
26.42152219 51.51764995 0.22657353
26.82687990 52.34289579 0.22029212
27.27349669 53.23889327 0.21099691
27.67795137 54.04127947 0.19744977
28.07884957 54.83539927 0.19104802
28.50756608 55.70397766 0.19259211
28.89269838 56.48039710 0.20174996
29.27018222 57.24570239 0.21005852
29.67866981 58.07428567 0.21184635
30.04243064 58.81721389 0.21482649
30.43574149 59.62200898 0.22009920
30.78778029 60.34212054 0.22441119
31.13403078 61.05198667 0.22642608
31.50617677 61.82108489 0.22966597
31.83738674 62.51056166 0.23275517
32.16682520 63.18410148 0.23716583
32.51297157 63.90922926 0.23708722
32.82018808 64.55125987 0.23453237
33.14806740 65.24007252 0.23101792
33.43566980 65.85030144 0.23483803
33.71332490 66.44241118 0.24865357
34.01064760 67.07096673 0.26960682
34.27403680 67.62349490 0.27914216
34.53269563 68.16112925 0.28719782
34.80719122 68.73786086 0.29804181
35.04723470 69.24993803 0.30976797
35.28095146 69.74794456 0.32427207
35.53744735 70.27917560 0.33853327
35.77375737 70.74636602 0.35530795
36.02693264 71.24962661 0.37504453
36.25123709 71.69531276 0.38207848
36.46703552 72.13337094 0.38680825
36.70869210 72.59927136 0.39119786
36.93590932 73.00435539 0.39456323
37.19101998 73.43397497 0.40250962
37.42958835 73.81313975 0.40898728
37.67491830 74.18389392 0.41400195
37.95529480 74.57907914 0.41632227
38.21922216 74.92814814 0.41516743
38.49351669 75.26222630 0.41578264
38.80555020 75.61182394 0.41664981
39.09798094 75.91109767 0.41537812
39.42843060 76.22063546 0.41014683
39.73585251 76.47950753 0.40193370
40.04811860 76.71727539 0.39252846
40.39664858 76.94974424 0.38460880
40.71513934 77.13424414 0.38066006
41.06844247 77.30890625 0.37680504
41.39540879 77.43628820 0.36871332
41.72241716 77.53504195 0.35836294
42.08514759 77.60420571 0.34374099
42.41297658 77.63434363 0.33139058
42.77435547 77.63647135 0.31644833
43.10818872 77.61168250 0.30190806
43.44464793 77.55678395 0.28793386
43.81275386 77.46095200 0.27419737
44.15453066 77.34366688 0.26040732
44.49854177 77.21123265 0.24300394
44.89023409 77.06043459 0.22210011
45.25411031 76.91707346 0.21063358
45.62050222 76.75762572 0.20758947
46.03225218 76.56107786 0.20101981
46.41079125 76.36729878 0.19244457
46.79944674 76.15854739 0.16531177
47.23814026 75.93264706 0.13922986
47.64920210 75.71824150 0.13396505
48.06940999 75.49313367 0.14021810
48.53785051 75.23259417 0.14220692
48.97030450 74.98462126 0.14038691
49.45391150 74.70183575 0.13493692
49.90423545 74.43786171 0.13059308
50.36455902 74.16888888 0.12768271
50.88152544 73.86781521 0.12378476
51.36525095 73.59175443 0.11706951
51.86223232 73.30765517 0.10916055
52.42602281 72.98108580 0.10430422
52.94510941 72.67351083 0.09878772
53.47939619 72.36309513 0.09443009
54.07956863 72.00776281 0.08870812
54.63668688 71.67786918 0.08421995
55.25913111 71.30948062 0.07821015
55.83946522 70.97573749 0.07297361
56.43271332 70.64323764 0.06841570
57.10095890 70.27495276 0.06432422
57.72530962 69.94332626 0.06597245
58.36401391 69.60574485 0.06549940
59.08546995 69.23365651 0.06163304
59.74874551 68.89402519 0.05593141
60.49095907 68.52135983 0.05050446
61.17066531 68.18387903 0.04833670
61.85877572 67.84527673 0.04452992
62.61970997 67.46478381 0.04619803
63.31375313 67.11126383 0.05589810
64.00856101 66.75634705 0.06853543
64.77130833 66.36379128 0.07720885
65.46346989 66.00451272 0.08647269
66.15409758 65.64694554 0.09804116
66.91446426 65.25713814 0.10636793
67.60289539 64.90302193 0.11351769
68.36220563 64.51146356 0.12324496
69.04970896 64.14586799 0.13233612
69.73695121 63.77451984 0.14237805
70.49121200 63.35435629 0.15009703
71.17026363 62.96148954 0.15359368
71.84356091 62.56133549 0.15551204
72.57925965 62.10683389 0.15803591
73.24086293 61.68428493 0.16303818
73.96254004 61.21129738 0.16685340
74.61209273 60.76864794 0.16562032
75.25516015 60.31758182 0.16401934
75.95414386 59.81745265 0.16336498
76.58150392 59.35588020 0.16202276
77.19960265 58.89144646 0.16154480
77.86829153 58.37939576 0.16222280
78.46410534 57.91112631 0.16483710
79.11177798 57.39518356 0.16609044
79.68862905 56.92148274 0.16879195
80.25572884 56.45065341 0.17219563
80.86712130 55.94040656 0.17837481
81.41257536 55.48795939 0.18094087
81.94634096 55.05008651 0.18215066
82.51946108 54.58399782 0.18325238
83.02691349 54.17489341 0.18344726
83.51833927 53.77917279 0.18427784
84.04222206 53.36903188 0.18778662
84.50191692 53.02290512 0.19260213
84.99323494 52.67400251 0.19887781
85.42114098 52.39078461 0.20693937
85.83551652 52.14082603 0.21675846
86.28241220 51.90402938 0.22714452
86.68840328 51.72205071 0.24174975
87.09751298 51.56975673 0.25843504
87.55551118 51.42621744 0.27720025
87.98408343 51.32066380 0.29559943
88.42583420 51.23968427 0.31521330
88.93264902 51.17457893 0.33694000
89.41109817 51.13747849 0.35695037
89.90803061 51.10798925 0.37568296
90.47101194 51.09393606 0.39744249
90.99259461 51.09218862 0.41220186
91.52294420 51.09747089 0.42538035
92.11185685 51.11313914 0.43509846
92.64920780 51.13822352 0.44264777
93.23383780 51.17654081 0.44618926
93.75482814 51.22412619 0.45105291
94.26202152 51.28227288 0.45729442
94.80063374 51.36103255 0.46760298
95.26754811 51.45315652 0.48131003
95.71251608 51.56709731 0.49903843
96.17875997 51.72173952 0.51512145
96.58403880 51.88875343 0.52613366
96.97060523 52.08376085 0.53667788
97.37578583 52.32814379 0.54047072
97.73156925 52.58607446 0.53452012
98.10916258 52.88919465 0.51900038
98.45006863 53.18292647 0.50494128
98.78643793 53.48844845 0.49783625
99.15281293 53.84303036 0.49703508
99.48741612 54.18333275 0.48795625
99.86045756 54.57316312 0.47011592
100.20341793 54.93985620 0.45867492
100.58924569 55.35423785 0.44869843
100.94873323 55.73734739 0.44678232
101.31684617 56.12863765 0.44419091
101.73399483 56.56834343 0.43437891
102.12078122 56.97599037 0.42744219
102.51610653 57.39505572 0.42916717
102.95887734 57.86545101 0.43546207
103.37838180 58.29479858 0.44404567
103.85117671 58.77076189 0.45515030
104.28971629 59.21208985 0.46224171
104.73516379 59.65920921 0.46176260
105.23636814 60.15380960 0.45813403
105.69750927 60.61085029 0.45137312
106.16329996 61.07744656 0.44159526
106.68707592 61.60017100 0.43332110
107.17122155 62.08401744 0.43579203
107.71286575 62.62709688 0.44902538
108.21030507 63.12961770 0.46110610
108.71011215 63.64265204 0.45990554
109.26484956 64.21693320 0.44960781
109.77973024 64.74323984 0.43899582
110.29988122 65.27881818 0.43382886
110.87914778 65.87900963 0.43792626
111.41091980 66.43269474 0.44557202
111.94650309 66.99551130 0.45406388
112.54824744 67.63398456 0.45800194
113.09818869 68.21602862 0.46048746
113.70633989 68.86485033 0.46408445
114.25822548 69.45918754 0.46153540
114.81523818 70.05751235 0.45553066
115.43102719 70.71680480 0.44860862
115.99357088 71.32377308 0.44781932
116.56027059 71.93090542 0.45253710
117.19136595 72.59576847 0.45453233
117.76731404 73.20362614 0.45016975
118.41193841 73.88053863 0.44372470
118.99664226 74.48838108 0.44423807
119.57751595 75.09745116 0.44667262
120.21613492 75.76989623 0.44477210
120.79556583 76.37873631 0.44416233
121.37527155 76.98168026 0.44907861
122.00939061 77.62722348 0.45114400
122.58899763 78.20471730 0.44994547
123.16943724 78.77986571 0.45230449
123.80717968 79.41859543 0.47054450
124.38436115 80.00279751 0.50336862
125.01568829 80.64231916 0.53709872
125.58187542 81.21528656 0.52451673
126.14734721 81.78411765 0.49066527
126.77146967 82.40686115 0.46142315
127.33838366 82.97347732 0.46229768
127.89384345 83.54836603 0.46639923
128.49818575 84.17819302 0.45393190
129.04334486 84.74432513 0.43725147
129.63513498 85.37437808 0.43187487
130.17289873 85.94905509 0.41972762
130.71171925 86.52357855 0.41862456
131.30401090 87.15381233 0.42155759
131.83862456 87.72544333 0.42242673
132.37077543 88.30042785 0.41860974
132.95191754 88.92478196 0.41169501
133.47677651 89.50228247 0.41181470
133.99452124 90.08572589 0.41899882
134.55937086 90.72845354 0.43175677
135.06222544 91.32102930 0.43538515
135.61061605 91.97414557 0.42970090
136.10524863 92.56908650 0.41364007
136.60468314 93.15952386 0.39232412
137.15084670 93.81667791 0.37305920
137.64600665 94.42256294 0.37131920
138.13694324 95.03626062 0.37632285
138.66875911 95.71461109 0.36974850
139.15383465 96.32776789 0.35758517
139.63229750 96.94644718 0.34654239
140.15460906 97.63692524 0.34361759
140.61728467 98.27541042 0.34333292
141.12278494 98.98602034 0.34436667
141.57648440 99.62946295 0.34194368
142.02895760 100.27646748 0.33671586
142.52151787 100.99458675 0.32994662
142.96642589 101.65002783 0.32014539
143.40325969 102.30952437 0.30536546
143.88132622 103.03647211 0.28975981
144.32328356 103.70348670 0.28591542
144.80313895 104.44278033 0.28227873
145.24023380 105.11172032 0.27971189
145.67339340 105.77645934 0.26521159
146.14983683 106.50391508 0.24575701
146.57864389 107.16923769 0.22535611
146.99660097 107.84304127 0.21322054
147.45663017 108.58990672 0.20614498
147.87643808 109.27213663 0.20088470
148.29178324 109.96100174 0.19022214
148.74780073 110.72589604 0.18222306
149.15479028 111.42320192 0.16812108
149.59982866 112.18882646 0.14646727
150.00550755 112.88689718 0.13947734
150.40194181 113.59688493 0.14332687
150.82780370 114.38789773 0.14460517
151.21214681 115.10713778 0.13972774
151.59525597 115.82655898 0.12036792
152.01121585 116.61924095 0.09352658
152.38746982 117.34281454 0.07076438
152.80546019 118.14044908 0.05639392
153.19448839 118.86617124 0.06038930
153.57613159 119.59939709 0.06645970
153.99287198 120.40821690 0.06932486
154.37664677 121.13954328 0.06410605
154.75757387 121.87014391 0.05552029
155.18109391 122.67089537 0.04600130
155.56757907 123.40002289 0.05150801
155.98339839 124.20913241 0.06585128
156.35762011 124.94440176 0.08137176
156.72794784 125.67201198 0.08693840
157.13637475 126.46676778 0.08078171
157.50902250 127.18847382 0.07317635
157.87373888 127.91421633 0.07028438
158.27654838 128.70819687 0.07380734
158.64201674 129.42734964 0.07695246
159.00518753 130.14619223 0.07426857
159.39985008 130.93647174 0.06852131
159.75623029 131.65029738 0.06443212
160.14372692 132.42820196 0.05417923
160.49162062 133.13273624 0.04675522
160.81270315 133.76991140 0.03902537
161.13413783 134.40693142 0.03140486
161.45595564 135.04377485 0.02389692
161.77811557 135.68042888 0.01649210
162.10053183 136.31689432 0.00910314
162.42321394 136.95322868 0.00173569
162.74622409 137.58942721 -0.00559398
163.06951259 138.22547372 -0.01293260
163.39305539 138.86135086 -0.02031736
163.71685134 139.49711338 -0.02777930
164.04088129 140.13276999 -0.03531808
164.36527397 140.76835405 -0.04283983
164.69004489 141.40384588 -0.05032396
165.01520755 142.03934374 -0.05779599
165.34070196 142.67481226 -0.06534609
165.66644232 143.31029462 -0.07308678
165.93908552 143.80408789 -0.07327369
166.28112347 144.40024371 -0.06308962
166.59816279 144.93448569 -0.04547420
166.91444410 145.46264591 -0.03355788
167.26415552 146.04306351 -0.02690086
167.58210176 146.57009273 -0.02915383
167.90310241 147.10129525 -0.03511482
168.25732868 147.69160038 -0.03707727
168.57785511 148.23622774 -0.04170860
168.92474068 148.83829763 -0.05665498
169.24212658 149.38615588 -0.07672652
169.56479216 149.93436748 -0.09001094
169.92564185 150.53944698 -0.09780426
170.24988382 151.09892833 -0.09543871
170.56646204 151.66610878 -0.08570041
170.92307918 152.29365082 -0.07322003
171.25008354 152.86436604 -0.06627732
171.57297997 153.43894444 -0.07956569
171.91973872 154.06497548 -0.09230673
172.24801830 154.60697876 -0.09594300
172.61599673 155.20141894 -0.09337405
172.95119473 155.76125160 -0.08019018
173.28744653 156.32637891 -0.06657474
173.65331962 156.94695341 -0.04451770
173.98356449 157.51657424 -0.03444954
174.31510509 158.08005892 -0.02705194
174.68005859 158.71146024 -0.01804599
175.00899022 159.28276219 -0.00293774
175.36647403 159.91858688 0.00436504
175.69232995 160.48877071 0.01305019
176.01474723 161.06248303 0.01200434
176.36654409 161.68886489 0.00736468
176.68327970 162.25650378 -0.00052878
176.99613571 162.81854306 -0.00133234
177.33380378 163.43012204 0.00571938
177.63985527 163.97936801 0.01770502
177.97168364 164.56928886 0.03638614
178.26291882 165.09649387 0.04387401
178.54642306 165.60966370 0.04760360
178.85081912 166.15978057 0.04560293
179.11955515 166.63768988 0.04222596
179.37331703 167.10271950 0.03706602
179.63723374 167.60207859 0.02841758
179.86366845 168.05005163 0.01663897
180.07931692 168.49450716 0.00215757
180.30376563 168.98349806 -0.00834054
180.49042613 169.43322947 -0.01484188
180.66376068 169.88421548 -0.02379695
180.84157750 170.38147820 -0.03147064
180.98365282 170.83661531 -0.04215131
181.11389540 171.34058936 -0.05612336
181.21691310 171.80407051 -0.07226568
181.30210858 172.27279516 -0.08652120
181.37673261 172.79152020 -0.09764955
181.42710553 173.26185262 -0.10283835
181.46724986 173.73126262 -0.10725723
181.50700338 174.24581412 -0.11422240
181.54350661 174.71061285 -0.12038378
181.57799713 175.16889357 -0.12153471
181.61253285 175.65912805 -0.12040065
181.64267250 176.08461920 -0.12425825
181.67131055 176.48495206 -0.12974527
181.70787705 176.89516171 -0.13316201
181.74425799 177.23439039 -0.13442603
181.78844058 177.53730933 -0.13938568
181.84344166 177.82167548 -0.15759885
181.89134877 178.02890048 -0.18081952
181.93007267 178.19504053 -0.21114476
181.94192987 178.27891447 -0.22946558
181.91525843 178.30842156 -0.23549267
181.83967197 178.28230988 -0.23291862
181.72212352 178.20671153 -0.23255742
181.55153328 178.09466903 -0.23464143
181.30567525 177.93593505 -0.23631482
181.02070815 177.78811446 -0.24304655
180.65043565 177.65601491 -0.25454902
180.27095236 177.55739705 -0.26265817
179.85656351 177.47652039 -0.26934853
179.36718698 177.42951025 -0.27749430
178.89539434 177.44509334 -0.28692873
178.35581849 177.53860796 -0.30207993
177.85062427 177.69750020 -0.31490179
177.33098875 177.91101768 -0.32271885
176.74372244 178.18946911 -0.33024637
176.19375103 178.46970494 -0.33597358
175.57116217 178.81153602 -0.34348228
174.98860017 179.12903905 -0.35856563
174.38806933 179.42559887 -0.39052048
173.70817163 179.76429802 -0.42868875
173.07186386 180.10121318 -0.45567267
172.35140143 180.47391412 -0.48126968
171.67930351 180.84207591 -0.49537255
171.00078877 181.22318080 -0.49856971
170.24127731 181.65063325 -0.49666714
169.53358295 182.05743363 -0.49747191
168.81721874 182.46382060 -0.49615665
168.01794901 182.92212031 -0.48768749
167.28743873 183.32863055 -0.47175909
166.48168014 183.78313214 -0.46287263
165.74987035 184.18377168 -0.46735537
165.01790740 184.57247050 -0.48481113
164.21311163 184.98761461 -0.50381102
163.47860136 185.35349320 -0.50319303
162.74294613 185.70736026 -0.48413941
161.93306880 186.07395369 -0.46220313
161.20336540 186.43848280 -0.46952078
160.47358644 186.80571140 -0.49205865
159.66898735 187.19513408 -0.51860314
158.93947209 187.55669454 -0.54844155
158.12893835 187.94549288 -0.57709434
157.38117490 188.32580873 -0.60276559
156.64133585 188.69919663 -0.62811902
155.82216296 189.12877829 -0.65336522
155.08413027 189.52029092 -0.67231645
154.35137801 189.92929275 -0.67715869
153.55047842 190.40742617 -0.67162732
152.82841872 190.84378936 -0.67511661
152.10784969 191.28215572 -0.67310199
151.32499643 191.75464577 -0.66720281
150.61059688 192.18864927 -0.66557844
149.83074956 192.65233467 -0.67365209
149.12030086 193.07872555 -0.67411077
148.42091942 193.50649166 -0.67384883
147.65486698 193.95521487 -0.66542369
146.95833000 194.34504676 -0.64252684
146.26498054 194.72332592 -0.61900252
145.50955533 195.11484545 -0.60205370
144.82733212 195.45394538 -0.59897623
144.07877148 195.81287165 -0.60234774
143.39959394 196.11573239 -0.60567300
142.71775851 196.40318356 -0.60484864
141.97269765 196.69846991 -0.60455871
141.29468472 196.96322336 -0.59514441
140.61691233 197.22010910 -0.58037612
139.87313576 197.49523412 -0.56156936
139.19805392 197.74519590 -0.54898946
138.53065708 198.01032052 -0.54548893
137.80557135 198.31636875 -0.54580149
137.15470650 198.60445044 -0.54452448
136.44974068 198.92803132 -0.52943707
135.82180732 199.22568461 -0.51569902
135.20635048 199.52207747 -0.50516916
134.54589099 199.84755777 -0.49960413
133.95755210 200.14703690 -0.49032463
133.38124550 200.46032126 -0.47962711
132.76046311 200.81964379 -0.46513456
132.21034822 201.15558988 -0.46069157
131.61909355 201.51595886 -0.46107293
131.09459986 201.84654109 -0.46459271
130.58124450 202.16601002 -0.46663743
130.02988931 202.50384146 -0.46507409
129.54151431 202.81567041 -0.46078477
129.06845172 203.13145585 -0.45484570
128.56766681 203.47534722 -0.45197734
128.12566031 203.79517580 -0.44533627
127.69726918 204.10278531 -0.43997093
127.24305720 204.43283663 -0.43376632
126.84329666 204.72289473 -0.43175733
126.41665496 205.03508765 -0.42616298
126.04535963 205.32660695 -0.41557771
125.68742449 205.61092756 -0.40734522
125.30897016 205.92311529 -0.40483678
124.97856775 206.21011151 -0.40412192
124.66248151 206.48925077 -0.40426153
124.32999195 206.78502899 -0.41104617
124.04264573 207.04376336 -0.41299214
123.75076221 207.30827150 -0.41573245
123.50384672 207.52752975 -0.41011545
123.27998930 207.72608887 -0.40641190
123.05880878 207.92521243 -0.40388866
122.88446106 208.08658497 -0.41010096
122.73188433 208.22789014 -0.42367670
122.59020439 208.35982988 -0.43512806
122.48693470 208.45442054 -0.43112728
122.40505462 208.52831335 -0.42476043
122.33395788 208.58974386 -0.42750727
122.27745164 208.63856279 -0.43010858
122.22862248 208.68135569 -0.43061241
122.19471463 208.70849806 -0.42680026
122.17032934 208.72550758 -0.42218995
122.15298164 208.73602568 -0.41857043
122.14759204 208.73663309 -0.41705722
122.14997765 208.73328870 -0.41712767
122.15423133 208.72882810 -0.41852744
122.15495321 208.72823939 -0.42173473
122.15669982 208.72962851 -0.42541809
122.16097295 208.72989776 -0.42715868
122.16801672 208.72983384 -0.42495954
122.17180054 208.73399868 -0.42479729
122.17346820 208.74304677 -0.42410740
122.16976027 208.74984089 -0.42900224
122.16142117 208.76025396 -0.43479470
122.14953249 208.77039565 -0.43854228
122.13411134 208.78328785 -0.43799734
122.11322898 208.80112140 -0.43861564
122.08817326 208.81814912 -0.43960082
122.04812906 208.84326062 -0.44415076
121.99857320 208.87912354 -0.45147124
121.93134022 208.93064427 -0.45981015
121.83825787 209.00762830 -0.46479696
121.73124030 209.10165366 -0.46618952
121.60348953 209.22364802 -0.46751438
121.43607666 209.39712880 -0.47145962
121.25802954 209.59322530 -0.47538760
121.05597143 209.82265159 -0.47951474
120.80815783 210.11040056 -0.48376396
120.55955752 210.40762455 -0.48329050
120.26115567 210.76507588 -0.47166998
119.95921316 211.12291810 -0.45404203
119.63095235 211.50454491 -0.44758945
119.25777784 211.93509257 -0.44398329
118.89402486 212.34306773 -0.44760697
118.50710915 212.76496757 -0.44875189
118.06114686 213.23291417 -0.44879081
117.63180759 213.66081954 -0.44759071
117.13994716 214.12824810 -0.44540118
116.68304073 214.54225387 -0.44155343
116.22613491 214.94175759 -0.43761172
115.73955033 215.36218528 -0.43306109
115.32276165 215.72555604 -0.43233049
114.93052912 216.07199975 -0.43570002
114.53741711 216.43770943 -0.44621870
114.22013916 216.75915924 -0.45806885
113.91992630 217.11218573 -0.46625439
113.69662362 217.43353455 -0.46513871
113.52788458 217.76343667 -0.46070411
113.41190728 218.14159738 -0.45522770
113.36445327 218.50553255 -0.44719506
113.36394872 218.88939264 -0.44129716
113.41798570 219.33428350 -0.43794774
113.50769531 219.76043765 -0.44040716
113.64906367 220.25745823 -0.43845025
113.81355810 220.73054047 -0.43140078
114.01129533 221.22409548 -0.42450632
114.25482538 221.78370003 -0.41894738
114.50466205 222.30676771 -0.41510351
114.76949109 222.84267949 -0.41319136
115.07781353 223.44602785 -0.41046196
115.36818730 224.01080831 -0.41030715
115.67055964 224.58536844 -0.41333222
116.01651639 225.23021175 -0.41785408
116.33873325 225.82652876 -0.42159234
116.67299335 226.43353639 -0.42371798
117.04536423 227.11358684 -0.42523218
117.39300022 227.74547422 -0.42602075
117.74519427 228.39347068 -0.42874070
118.14305648 229.12082634 -0.43334496
118.51301456 229.79342666 -0.44221475
118.88816393 230.47720291 -0.45478520
119.30873887 231.24428627 -0.47380845
119.69522582 231.95179758 -0.49192498
120.12599002 232.74566276 -0.50815193
120.52178077 233.47902097 -0.51621204
120.92581864 234.22326987 -0.51700460
121.37397976 235.05260000 -0.51242987
121.78948757 235.81870317 -0.51536235
122.20842437 236.59124857 -0.52688257
122.67862509 237.45306070 -0.54859978
123.10890116 238.24739010 -0.56631877
123.54240237 239.05241003 -0.57579964
124.02404539 239.95211801 -0.57735475
124.46453528 240.78029714 -0.57544869
125.00032793 241.78871052 -0.57101696
125.40803276 242.55313730 -0.56877825
125.87410907 243.40422098 -0.57093161
126.38531516 244.34497328 -0.58321829
126.85545716 245.20411535 -0.59403910
127.32775739 246.07324323 -0.60334941
127.85165550 247.03696952 -0.60620991
128.32770793 247.91782175 -0.60679723
128.85821830 248.89329389 -0.60866110
129.33858455 249.78520119 -0.60794293
129.81736436 250.67959799 -0.61263018
130.34533719 251.66553552 -0.62530441
130.82506459 252.56384176 -0.62675554
131.30609872 253.46493481 -0.62081750
131.83319273 254.46270086 -0.61346661
132.31366514 255.36781779 -0.60852044
132.79244357 256.27562843 -0.60308449
133.31700339 257.27020153 -0.60181713
133.78874006 258.16965704 -0.60683846
134.30746469 259.15601390 -0.61674788
134.77695571 260.05054613 -0.62329072
135.24447246 260.94223435 -0.62818009
135.75919630 261.91903502 -0.63256770
136.22404142 262.80503867 -0.63021627
136.68805804 263.68912591 -0.62395393
137.19307874 264.66040865 -0.61429737
137.64990059 265.54043783 -0.60848148
138.15073552 266.50684892 -0.60777245
138.60291054 267.38612721 -0.60868675
139.05792780 268.26737259 -0.61306094
139.55926738 269.23679790 -0.62753181
140.01334344 270.11480832 -0.64607061
140.46836753 270.99187409 -0.66368419
140.96822584 271.95782361 -0.67512580
141.42264234 272.83487451 -0.67879283
141.87726338 273.71231927 -0.68567936
142.37942383 274.67661864 -0.68700650
142.83760048 275.55626027 -0.68471744
143.35076997 276.51911296 -0.68417405
143.82064653 277.39633254 -0.68681657
144.28835823 278.27862216 -0.69188215
144.80666689 279.25281436 -0.69792728
145.27982982 280.14236111 -0.70171358
145.75584684 281.03509832 -0.70644549
146.28130696 282.02267281 -0.70648992
146.75798413 282.92817066 -0.70917088
147.23841245 283.83602157 -0.70838893
147.76758803 284.83779539 -0.71517420
148.24754777 285.75589151 -0.71666055
148.77903397 286.77053890 -0.70732416
149.25949583 287.69751915 -0.69200333
149.74078423 288.62254990 -0.68431642
150.26886726 289.64209129 -0.67879490
150.74882245 290.56852692 -0.67520013
151.22896883 291.49153259 -0.67394418
151.75651923 292.50296113 -0.67262975
152.23540115 293.41959664 -0.67213204
152.76098701 294.42717980 -0.66907194
153.23884067 295.34017060 -0.66352266
153.71268294 296.25830741 -0.65739348
154.23013427 297.26805915 -0.65060088
154.69584165 298.18680530 -0.64409152
155.16174187 299.09628545 -0.64582311
155.67298846 300.09429819 -0.64935034
156.14103460 300.99573452 -0.64740435
156.60053955 301.88534388 -0.63897218
157.10095303 302.85534037 -0.62822754
157.55131074 303.72809855 -0.62069018
158.04105126 304.68019293 -0.61463125
158.48627342 305.53648614 -0.61416472
158.92735814 306.38824806 -0.61477501
159.40580225 307.32016396 -0.61809180
159.83354435 308.15947756 -0.62178651
160.25469989 308.98921329 -0.62497345
160.71187807 309.89248960 -0.62803732
161.12175598 310.70293758 -0.62699931
161.52429979 311.50418614 -0.62596711
161.96055703 312.37362180 -0.63044421
162.35095402 313.14927989 -0.63768521
162.77313192 313.98659545 -0.64482906
163.15219587 314.73483922 -0.64523810
163.52423516 315.46786732 -0.64431320
163.92933682 316.25445441 -0.64053515
164.29098779 316.94956931 -0.63387543
164.64630125 317.62536437 -0.62431524
165.03281061 318.34715206 -0.61055789
165.37125894 318.98165176 -0.60368329
165.73073040 319.65899791 -0.59674365
166.04858177 320.25209430 -0.59477592
166.35371473 320.82579384 -0.59228106
166.67692348 321.43373780 -0.59011134
166.96200661 321.96955646 -0.58876361
167.23857736 322.48637635 -0.58580833
167.53359543 323.03445263 -0.58022623
167.79030306 323.51238611 -0.56710270
168.03685000 323.97141511 -0.55724368
168.29327600 324.45024216 -0.55347721
168.51049978 324.87144381 -0.55501225
168.73208485 325.32200582 -0.55147143
168.92192650 325.71826359 -0.54659849
169.09704561 326.10869177 -0.54038629
169.27417569 326.53985616 -0.53173649
169.42314038 326.93520605 -0.52534856
169.55914459 327.33380558 -0.51908555
169.69980127 327.77601059 -0.51407219
169.81184460 328.18813256 -0.50508682
169.90702934 328.60927347 -0.49553690
169.99108399 329.08558473 -0.48636549
170.05119683 329.52936267 -0.48448724
170.10734170 329.98305448 -0.48323573
170.16568646 330.49490538 -0.48391730
170.20998600 330.97390842 -0.48417047
170.24996551 331.47091175 -0.48564897
170.29643072 332.04080602 -0.49432954
170.35238022 332.58073029 -0.50360317
170.41904692 333.12860200 -0.51537943
170.51152555 333.73412471 -0.52689877
170.61135731 334.27777389 -0.53373237
170.74232415 334.85663312 -0.55658525
170.89638443 335.34599136 -0.57643143
171.08715388 335.78952158 -0.59565454
171.32612872 336.19094162 -0.61041064
171.58416850 336.45338960 -0.60680453
171.87874913 336.59251112 -0.59794505
172.21849925 336.58198956 -0.59470808
172.52652794 336.38049808 -0.59853807
172.78624655 335.98363030 -0.55912447
172.96809679 335.35143085 -0.46452371
173.01350414 334.65573658 -0.36995555
172.92330432 333.82261660 -0.28242075
172.70222523 333.09007533 -0.21613112
172.36532803 332.48844814 -0.14628561
171.90150137 332.00670059 -0.07209419
171.42710249 331.70702879 -0.03631241
170.86536828 331.59562323 -0.06132323
170.33102923 331.66338323 -0.13885294
169.72315128 331.85336107 -0.22081817
169.15229125 332.13618456 -0.23512934
168.56838753 332.45955673 -0.19584740
167.91454661 332.80440287 -0.14522840
167.30934354 333.12453468 -0.12675707
166.63079844 333.48546193 -0.12199103
166.00106236 333.84736707 -0.12422606
165.35731958 334.26278090 -0.13139288
164.63031645 334.78005478 -0.13480004
163.95503206 335.26692983 -0.12208289
163.26431291 335.75262386 -0.09947494
162.49207496 336.28541370 -0.06855452
161.77678308 336.75606686 -0.06216273
161.05547948 337.23009337 -0.07423971
160.24541264 337.76992945 -0.09467270
159.49115217 338.27294765 -0.09327910
158.65415773 338.81137214 -0.06688564
157.88705049 339.31415826 -0.03901179
157.11779214 339.81177559 -0.01708288
156.26825719 340.35663835 -0.01500130
155.48990365 340.84863088 -0.03070358
154.71191055 341.33517439 -0.05865292
153.86045386 341.84711337 -0.07849736
153.08434382 342.28867615 -0.08305200
152.23350103 342.75296242 -0.07352917
151.46527799 343.15556840 -0.06750702
150.70143352 343.54668389 -0.06428356
149.86083542 343.96765001 -0.05723877
149.09896081 344.34671147 -0.05116600
148.33706207 344.73486807 -0.04691982
147.50207125 345.16102939 -0.04377686
146.74303939 345.53578261 -0.04895497
145.98772665 345.90578357 -0.06044771
145.16591075 346.26765200 -0.07220803
144.41892953 346.56945915 -0.05381477
143.60094959 346.87315328 -0.01993371
142.85467113 347.15494894 -0.00620574
142.10952689 347.43813106 -0.02040697
141.28702109 347.77187350 -0.03420938
140.53987148 348.08734128 -0.04884785
139.78371556 348.42625137 -0.05314791
138.95401699 348.81139885 -0.04712456
138.19562108 349.19035991 -0.01987433
137.43470744 349.59864170 -0.01230406
136.59512300 350.07329376 -0.03128293
135.82328452 350.56525636 -0.04318924
134.97449539 351.11478231 -0.03591766
134.19507884 351.65699757 -0.02351389
133.41621842 352.20063500 -0.01492437
132.55979023 352.81977066 -0.01162269
131.78524057 353.38826956 -0.01274559
131.01205110 353.95388723 -0.01610221
130.16323500 354.57903071 -0.02893005
129.39328202 355.14685053 -0.04170095
128.55034221 355.76127392 -0.05140657
127.78608952 356.32609579 -0.05506091
127.02228389 356.89337773 -0.05176920
126.18693026 357.50753895 -0.04608965
125.43202567 358.06390120 -0.03851267
124.68701334 358.60827102 -0.02768707
123.88591078 359.18508904 -0.02022904
123.17805287 359.68209642 -0.02210477
122.49079366 360.15941079 -0.03205430
121.76145347 360.64734458 -0.04194974
121.12074224 361.06985467 -0.04335509
120.44201855 361.50247309 -0.04127963
119.84794905 361.87356316 -0.04646575
119.28102449 362.21177731 -0.04622042
118.69101285 362.53095609 -0.03921523
118.18537408 362.77986882 -0.01593292
117.70663718 362.98895786 0.00325587
117.21049126 363.17561252 0.01953122
116.77203758 363.30974083 0.02671016
116.33880618 363.42086900 0.02504643
115.87047028 363.51402580 0.02449531
115.45142680 363.56680795 0.04161230
114.98565761 363.62081439 0.06616671
114.55768261 363.66620980 0.08211335
114.12867629 363.70798045 0.08124656
113.65589021 363.75741062 0.06928673
113.21926577 363.80951737 0.05987694
112.77780380 363.85355951 0.05474617
112.27775648 363.92343607 0.05406840
111.81248182 363.98946676 0.06039934
111.29021502 364.08184145 0.07046195
110.80690068 364.16389506 0.08064966
110.31284096 364.25778608 0.09204496
109.75572732 364.37778085 0.09897122
109.23938405 364.50765384 0.09761412
108.71077203 364.67397927 0.10000100
108.11562065 364.89890043 0.10358139
107.55593173 365.13960594 0.10850165
106.92527888 365.41801486 0.12882166
106.33424512 365.70290828 0.16365602
105.72931754 365.98919165 0.21042851
105.04185989 366.33920187 0.30312880
104.40147098 366.69050908 0.36429152
103.74904534 367.08438077 0.37460699
103.02034302 367.53801218 0.29954453
102.33473736 368.01773839 0.18181119
101.63390403 368.49310377 0.12183568
100.83362875 369.02491133 0.19890727
100.09489645 369.51739542 0.30716881
99.28641404 370.04558262 0.30869495
98.54734842 370.52826230 0.21374179
97.79070329 371.03345724 0.08871280
96.93553303 371.60116414 0.01204420
96.13346148 372.12590698 0.03825072
95.30989591 372.69077237 0.09704449
94.39157764 373.34744235 0.11293525
93.54596701 373.98321935 0.04399929
92.60202402 374.71488991 -0.04809457
91.72918740 375.38212275 -0.07990535
90.84235329 376.04937370 -0.04009252
89.85806272 376.77907750 0.02776079
88.96876019 377.41954783 0.07051641
88.08778738 378.04102844 0.06107068
87.14017350 378.69142323 0.02985737
86.29683188 379.23883296 0.02354425
85.46600354 379.75489834 0.03013618
84.55896938 380.30287073 0.04180106
83.74169029 380.77507213 0.05823517
82.85961984 381.25461738 0.08917418
82.07041942 381.67125980 0.11116851
81.29060949 382.07787927 0.10878878
80.43761846 382.52747531 0.06314425
79.66197038 382.93010114 0.02212837
78.88629263 383.32551012 0.01671667
78.03194083 383.74073628 0.05449941
77.25311123 384.12454058 0.08845072
76.46939879 384.51262510 0.10411637
75.60387108 384.94632742 0.09702624
74.82033611 385.33449739 0.09111325
73.96239476 385.76924794 0.09084367
73.17866688 386.16714989 0.09914624
72.39223834 386.57227809 0.12030416
71.53374845 386.99884665 0.16125262
70.76298309 387.35730057 0.20214631
69.99447941 387.70617160 0.22144894
69.15361048 388.07549485 0.21070250
68.38646183 388.41788912 0.16907092
67.61369181 388.76518694 0.15314024
66.75317096 389.17433374 0.16876385
65.96817970 389.55065359 0.20324578
65.10604794 389.96915280 0.22798872
64.32034133 390.35202388 0.24038101
63.52889754 390.74383203 0.25516676
62.65393316 391.19406774 0.26141279
61.85386404 391.62687723 0.25680982
61.05150450 392.07449954 0.24500087
60.17010566 392.56528609 0.23802179
59.37037661 393.02852615 0.22053894
58.49549735 393.53452472 0.20194679
57.69899117 394.00114232 0.20180056
56.91237261 394.44812788 0.22789697
56.05884838 394.92763053 0.26347061
55.28994267 395.35730752 0.27218455
54.52711829 395.79747845 0.26302020
53.70083040 396.27472532 0.23359452
52.96359024 396.69396888 0.21441777
52.23647943 397.10375526 0.21693465
51.46007780 397.52923743 0.24367492
50.77314122 397.91467120 0.25060238
50.04061655 398.33412767 0.20970704
49.39108894 398.69956764 0.16002541
48.76225523 399.04768863 0.13996919
48.09600697 399.40761988 0.16850176
47.51863585 399.69896483 0.20779048
46.96624783 399.95651097 0.22863984
46.38130907 400.23277180 0.20386268
45.88377280 400.42762782 0.16118111
45.39246369 400.62987505 0.12990985
44.86581412 400.82548573 0.13873247
44.42084781 400.95180959 0.17205260
43.95352543 401.04562013 0.22013232
43.55613343 401.08885249 0.25089473
43.19674550 401.04084221 0.26977971
42.85470636 400.83513811 0.28399985
42.59462204 400.45413669 0.30193047
42.37643789 399.85017140 0.32972973
42.16926813 398.87831659 0.37261908
41.98471394 397.61242596 0.43024555
41.76413696 395.92399130 0.50831118
41.40798255 393.48122886 0.62091113
40.86852681 390.54214011 0.74690092
39.97318933 386.78344032 0.90852719
38.35632083 381.62665714 1.12869873
36.01293047 375.83030838 1.35898139
32.52681857 368.92859551 1.63217846
26.82574302 359.81352681 1.92481399
19.00404980 349.68126598 2.21156538
7.67951804 337.67094733 2.48449040
-10.25823895 322.30187171 2.83021168
-33.67222303 306.38263446 3.14066903
-69.71285581 287.30228577 3.27803569
-115.12930951 269.38192634 2.96116444
-176.52924695 252.34328801 2.38468033
-268.57362119 236.96547198 1.28102971
-380.58802503 230.17596905 -0.29299803
-522.22397446 234.82348640 -2.94673357
458.43104296 -214.28319464 36.89206273
920.65359968 223.63767331 23.84061462
66.81034449 1471.44794205 -47.12219280
-1031.12896896 266.49077382 -10.88619799
407.21868539 1297.14377302 -30.69137479
-10.70649786 1274.90163994 -36.16446307
-82.53796486 1200.47711477 -34.79765407
-55.29256813 1143.48601741 -32.74978312
-35.17410369 1098.85994238 -31.94618403
-16.75729796 1056.33383224 -31.10281281
1.70104099 1010.73310759 -29.01494119
15.20105718 975.22304568 -26.65970050
26.16755282 943.40012069 -24.88801383
33.34425194 920.97535806 -24.17526106
37.61260831 906.15208544 -23.08476115
41.00754471 893.10084690 -21.62432068
43.51777388 882.86484231 -20.73314856
46.05351850 872.29364087 -20.25489321
49.27172304 858.96391390 -20.05934095
52.25357817 846.85947017 -19.15350804
55.07392001 834.25790709 -17.68326477
57.40864418 823.13428490 -16.83790098
59.19079386 813.64059038 -16.18919170
60.16884677 806.26295043 -15.72115084
60.13837331 802.61231811 -15.34690017
59.47991904 801.10922798 -15.21144036
58.27976291 800.91765395 -15.20805203
57.05665570 801.53378793 -14.89987290
55.05290135 803.81839132 -14.34042435
53.45327142 805.51140998 -14.06602111
51.64260109 807.70406783 -13.73446419
49.34107997 810.91372398 -13.27293119
47.56825131 813.03483000 -13.12694374
45.99485990 814.47654329 -13.08098107
44.06665344 816.43858499 -12.83081333
42.30464572 818.07491191 -12.75140558
40.62268300 819.49124781 -12.56190444
38.42802153 821.82015920 -12.39077125
36.50660279 823.68815903 -12.68371904
34.73785457 824.64057740 -12.52620209
33.10138992 825.67616828 -13.02241037
31.62553870 826.03656054 -13.57998802
29.68139541 827.33561675 -13.64432591
28.00418745 828.46050857 -12.96435558
26.41572943 829.47550612 -12.18261035
24.34752675 831.41243929 -11.33594219
22.41573200 833.14987212 -10.50252278
20.63706059 834.73476677 -9.55261836
18.29023391 836.65431809 -9.39105056
16.12564705 838.45378329 -10.84880094
13.80718241 840.09508476 -12.79961523
12.29309411 840.51324041 -13.42441183
11.24770017 839.64528582 -13.13596461
10.53762034 837.21483165 -12.94391771
10.00555187 834.91835723 -13.02579147
9.66019578 831.93430698 -12.17619278
9.78282268 827.48274426 -11.16830029
10.34139064 822.36727549 -11.75235258
10.78540098 817.04204259 -11.91144992
10.81970359 813.20157888 -11.84835882
10.51962501 810.19441712 -11.89544502
9.03724195 809.77541554 -11.84989378
6.94305845 811.60880695 -11.79898236
4.85289414 813.66494169 -11.92300770
2.00009495 816.93141197 -12.30177067
-0.58752698 819.83912961 -12.54877352
-3.18238126 822.83891586 -12.59736826
-5.52833920 824.74250510 -13.48997963
-6.47547223 823.84981182 -13.64271707
-7.58414466 822.69616160 -13.54589656
-8.07968002 820.31586492 -13.90256185
-8.34364598 817.53051191 -14.28211162
-7.75545032 812.28551983 -14.71758780
-5.84354820 804.04574607 -15.50388447
-3.19437831 793.89470716 -15.93704669
-0.36316706 782.74227166 -16.38167312
2.11130815 772.97013420 -15.31818747
3.87304772 764.43892447 -14.13110866
4.82122310 758.30318021 -13.57874192
4.89072609 754.70956237 -13.32153908
4.54923068 751.48929470 -12.62272784
4.71387194 747.31025138 -13.06291741
4.67779441 743.71594538 -14.42856189
4.42126708 740.42086589 -15.24152651
3.86223835 738.68367572 -14.79884220
3.49195398 736.05197685 -14.08866388
2.61528890 734.81388000 -13.98510081
1.14004314 735.29222283 -14.37102839
-1.32045007 737.79119676 -15.02120116
-3.44317336 739.85960655 -15.27908143
-5.73327958 742.36059206 -15.60740736
-8.22664202 744.66833781 -16.45846464
-10.05813153 745.98417130 -16.35245804
-11.57354764 746.43310628 -16.35184389
-11.96111155 743.46905028 -15.84168823
-11.72180216 739.35255301 -16.42584525
-10.85965643 733.29975668 -16.56959520
-9.23615602 725.88790943 -16.04933349
-7.22553026 717.27595739 -15.34969527
-6.00505018 709.73483530 -15.03503724
-5.63188863 705.20894572 -14.77639837
-5.71178596 701.78115126 -15.00413629
-5.54131144 697.28532215 -15.15883019
-4.87433531 692.15907314 -14.61578165
-4.30745272 686.72314309 -14.36458426
-3.64160824 681.57165504 -13.18688907
-3.18205102 676.59728151 -12.71957882
-2.85194616 671.24361310 -13.29875024
-2.53188393 666.50557244 -13.98307676
-2.03060203 661.34029377 -14.71399543
-1.50905139 655.71782362 -15.14500841
-1.12622265 651.14958291 -14.83879612
-1.21009336 647.28490002 -14.17446861
-1.61690114 644.97256011 -13.79845811
-2.48096180 643.80968345 -13.59494209
-3.86393222 643.70736680 -13.81921355
-5.09994435 643.76159158 -14.51039112
-6.42714902 644.01612997 -14.71714683
-8.15512441 644.74572483 -15.40083837
-9.38045635 644.76023569 -15.82105516
-10.59286787 644.73417366 -15.97046420
-12.05208590 644.73924089 -16.04044707
-13.36242482 644.77622985 -16.01865740
-14.92035396 645.20642392 -15.84475518
-16.12335995 645.02711592 -15.68433868
-17.11296237 644.39224840 -15.86596236
-18.20358394 643.44946533 -15.96385315
-19.14936006 642.67892124 -16.06731072
-19.99325907 641.36930662 -17.06966097
-20.56304515 639.01118017 -17.60331720
-21.17004761 637.19184795 -17.54430445
-21.72533620 635.28677604 -19.05390157
-22.43435088 633.52426980 -20.11586237
-23.12823980 632.66689067 -18.68223341
-24.74658488 633.59657383 -17.15010555
-26.79973746 635.84764487 -17.61949101
-29.64788214 640.41371398 -17.55341823
-32.70947519 645.05764210 -16.62037855
-35.18610779 648.56238807 -16.30910551
-37.45614385 651.31123265 -16.41863395
-40.01604648 654.34541262 -16.94906398
-42.50160272 657.51918333 -17.33150380
-45.02477498 660.82977079 -17.45935757
-47.85824486 664.61538948 -17.60315024
-50.03043531 667.19300768 -17.89055838
-51.71948387 668.39100638 -18.42997478
-52.60484806 668.01217088 -18.91885066
-52.93758929 666.53705383 -19.32594656
-52.46003559 663.13820591 -19.58777687
-50.80681415 657.45961588 -19.87000434
-47.96697845 649.19674678 -20.01044069
-43.77145942 637.55725880 -19.62425224
-39.00030449 624.65885660 -18.82055804
-33.43643462 609.45295458 -17.95096295
-26.52321488 589.73233484 -16.99828477
-19.37987632 568.41051978 -16.26618433
-11.84011352 544.11297792 -15.08425350
-3.84677376 514.92290116 -13.42534303
3.07441686 485.41044911 -11.69033385
8.83835248 452.46225412 -9.83594035
12.17633296 423.41159607 -8.20459012
13.46236216 397.19572108 -6.62898624
12.78798585 372.32692686 -5.10835814
10.82721686 353.17485940 -4.02460313
7.97081441 337.23444986 -3.24313782
4.10922172 322.69897344 -2.66868324
0.25755612 311.74291033 -2.22818418
-3.74360011 302.67508137 -1.81941501
-8.17673267 294.58010749 -1.41599577
-12.17048579 288.56215317 -1.11179476
-16.00837417 283.71276685 -0.87821294
-19.85182376 279.64853186 -0.73145385
-23.02728468 276.78948676 -0.66470023
-25.84183279 274.62803067 -0.62477518
-28.43890922 272.92031907 -0.61032834
-30.35721763 271.83077022 -0.59961739
-32.04567051 271.01323975 -0.58880354
-33.28387648 270.48583914 -0.57956480
-34.24546945 270.12835229 -0.59232534
-35.01373607 269.86446874 -0.62788041
-35.47152171 269.70317325 -0.65837095
-35.69783374 269.58694832 -0.68626564
-35.71392821 269.44716433 -0.71148610
-35.55702709 269.29658418 -0.73148835
-35.24583562 269.10101811 -0.75399907
-34.87376969 268.88915435 -0.77497824
-34.44459819 268.63896729 -0.77821405
-33.92178695 268.35028409 -0.77387011
-33.40095676 268.05102219 -0.77915503
-32.78973654 267.70257769 -0.79249170
-32.21467617 267.36347692 -0.80498127
-31.62318414 267.01908492 -0.81670409
-30.95188521 266.62715319 -0.81383746
-30.32712465 266.26127711 -0.80785094
-29.69224981 265.89028536 -0.79953846
-28.98233628 265.47699059 -0.78840552
-28.33342824 265.09914901 -0.79823693
-27.61559155 264.67578450 -0.81015488
-26.95290208 264.29319324 -0.81868474
-26.28141207 263.89109332 -0.81858685
-25.52690211 263.46134290 -0.82022661
-24.83075598 263.07249029 -0.82612631
-24.11896861 262.69526865 -0.83645980
-23.32922543 262.24585543 -0.83963848
-22.60617249 261.83985048 -0.84024708
-21.80045177 261.38362444 -0.84529956
-21.06068815 260.96842096 -0.85217919
-20.31999452 260.56702289 -0.86517358
-19.50509565 260.14331604 -0.87423000
-18.76179534 259.77476408 -0.88273875
-18.02122529 259.39062328 -0.88860522
-17.20405227 258.96678689 -0.89721704
-16.46306756 258.58439999 -0.90144530
-15.71543637 258.21289567 -0.90509959
-14.89332095 257.81167259 -0.91061934
-14.14150048 257.44649822 -0.91882411
-13.31188838 257.04062177 -0.93128182
-12.55058122 256.68620898 -0.93554452
-11.78752812 256.33556011 -0.93914846
-10.94801829 255.95561148 -0.94369076
-10.18044592 255.60918083 -0.95352791
-9.41100890 255.26182112 -0.97366081
-8.56031056 254.87184201 -0.99014230
-7.78877637 254.49809168 -0.99608364
-6.94074600 254.09140796 -1.00844095
-6.17548667 253.72850348 -1.02233445
-5.41396667 253.36550083 -1.03393803
-4.58620296 252.96937196 -1.04819020
-3.84078106 252.61409263 -1.04886069
-3.10679365 252.25419266 -1.05423658
-2.31347050 251.86652681 -1.05479207
-1.60270261 251.50830617 -1.04860389
-0.90515788 251.15055642 -1.04220029
-0.15060351 250.77006674 -1.03984266
0.51778015 250.43371422 -1.03418620
1.23234000 250.05319644 -1.02305559
1.86289412 249.71424611 -1.01198398
2.48157426 249.37270472 -1.00385172
3.13803308 249.00020274 -0.98263299
3.70856932 248.67649959 -0.96165557
4.26188824 248.36171959 -0.94578482
4.85691170 248.01297258 -0.92681265
5.39314462 247.69363618 -0.91443647
5.97805322 247.34911429 -0.89842703
6.50656955 247.02763009 -0.88267130
7.02901055 246.71239509 -0.87057058
7.59934592 246.36310218 -0.86968596
8.11192208 246.04605398 -0.86139749
8.61480071 245.73368679 -0.85412804
9.15699810 245.40956606 -0.85256320
9.64581533 245.12926340 -0.86256045
10.13095025 244.85672575 -0.87589412
10.65751506 244.57353117 -0.89883455
11.12220751 244.31609253 -0.91154888
11.62609093 244.05400225 -0.91050745
12.07697572 243.84154412 -0.91901205
12.52076766 243.65845080 -0.93407549
13.00582055 243.48812573 -0.93493397
13.44924581 243.38324229 -0.94487957
13.89926142 243.29157834 -0.96056129
14.40767499 243.21734947 -0.98315777
14.87881010 243.16958361 -1.00051268
15.36048143 243.14746970 -1.02377565
15.90806755 243.15553632 -1.05452456
16.42305939 243.18299186 -1.07348775
16.95161739 243.23732988 -1.10550390
17.55309767 243.30759419 -1.14277220
18.11648499 243.38878341 -1.17634155
18.75225062 243.47976170 -1.20532543
19.34203478 243.57575645 -1.23758329
19.93548735 243.67457769 -1.26495561
20.59082426 243.78588699 -1.29003825
21.18443828 243.89204480 -1.30591487
21.77161298 244.00521947 -1.31943347
22.40851487 244.13660070 -1.32768961
22.97087010 244.26698384 -1.32701837
23.51223142 244.41275343 -1.31183567
24.08351246 244.58849837 -1.29817430
24.58117139 244.76231717 -1.28532272
25.10547502 244.97253683 -1.28395408
25.55793342 245.18626506 -1.27710278
25.98712952 245.42234207 -1.27364568
26.43513110 245.70460754 -1.26713816
26.82165375 245.98280446 -1.26437074
27.19608194 246.29576310 -1.25992948
27.58956781 246.66516469 -1.25522029
27.93223585 247.01480176 -1.25456251
28.29902480 247.42127547 -1.26464987
28.63275968 247.78998987 -1.27546911
28.96629807 248.15772276 -1.28432381
29.32616576 248.55096418 -1.28246013
29.64700462 248.93283494 -1.28802635
30.00123817 249.34507612 -1.29530332
30.32659602 249.71573788 -1.30209796
30.65580109 250.07736608 -1.30679891
31.01726677 250.47174319 -1.30826982
31.35065911 250.82599887 -1.30861795
31.71627843 251.22224948 -1.31366805
32.05319470 251.56604167 -1.31340204
32.39635196 251.88948063 -1.30594892
32.77505578 252.21074885 -1.29392706
33.11115421 252.47481392 -1.28972147
33.46587985 252.76029498 -1.29640967
33.78196044 253.01531359 -1.31210473
34.09099991 253.26032188 -1.33185439
34.42729505 253.49843523 -1.34088289
34.72985206 253.67520285 -1.33126125
35.05700984 253.82195102 -1.31426217
35.33931643 253.88600498 -1.29517947
35.59787969 253.94706588 -1.30156620
35.86973671 253.97085006 -1.30999387
36.11457118 253.95421258 -1.31489048
36.38676944 253.90416452 -1.31892309
36.65152270 253.84435550 -1.31957071
36.93015418 253.75536173 -1.32043386
37.24974172 253.61892992 -1.31721560
37.55283485 253.45073169 -1.30836907
37.87250895 253.25400463 -1.30204540
38.24651984 253.00642682 -1.30212592
38.60535195 252.76291757 -1.30618699
38.98442367 252.50732412 -1.31065615
39.42177370 252.23174283 -1.31645593
39.83734932 251.98261976 -1.31911789
40.26724173 251.73236337 -1.31941523
40.75838005 251.44592970 -1.31612184
41.21792947 251.16752696 -1.31030595
41.68876426 250.87638748 -1.30565623
42.21954813 250.55925386 -1.30546133
42.71584570 250.28396282 -1.30609887
43.27674954 250.00552227 -1.31941411
43.81740146 249.74665972 -1.33382442
44.35918820 249.47482623 -1.34318080
44.97985084 249.16628857 -1.36632370
45.55279654 248.86715303 -1.37234588
46.13713061 248.56203440 -1.37875085
46.79695901 248.21032699 -1.38229338
47.40669643 247.88467595 -1.39611846
48.03606661 247.53071796 -1.39771859
48.73499936 247.14940365 -1.39812608
49.38071916 246.81322142 -1.42032059
50.10756648 246.42953507 -1.43801832
50.78241567 246.06631575 -1.48195421
51.46367260 245.69556586 -1.50009229
52.22370728 245.30143323 -1.52968821
52.91492750 244.94424388 -1.55613938
53.61104169 244.57760740 -1.57268946
54.38531101 244.17252555 -1.59481743
55.09312605 243.80395001 -1.61017039
55.81026615 243.43124903 -1.62722598
56.60135342 243.01836425 -1.64093927
57.33599565 242.65368999 -1.64923392
58.14096318 242.23636785 -1.65909950
58.88002498 241.84421379 -1.66206435
59.61680370 241.44559027 -1.66373954
60.42998378 241.01225735 -1.67124049
61.16813477 240.62303103 -1.68375993
61.91236548 240.24276354 -1.69246062
62.73781882 239.81764060 -1.68231308
63.49009280 239.44315194 -1.67263909
64.25137078 239.05625398 -1.64250039
65.08195270 238.64095594 -1.62741154
65.84424696 238.26862335 -1.61520885
66.67877533 237.85847526 -1.60051283
67.44304775 237.47671528 -1.57196936
68.20135417 237.08686547 -1.54112786
69.03622736 236.66785779 -1.50409045
69.78555073 236.30729405 -1.50188532
70.53019991 235.93967665 -1.50885569
71.34707618 235.53927221 -1.51267206
72.08095344 235.16865646 -1.49794010
72.88676221 234.76637538 -1.47467514
73.61583996 234.41321812 -1.47073368
74.34238302 234.05937954 -1.47234386
75.13564334 233.66446356 -1.47471336
75.85236412 233.29429146 -1.46619864
76.56762226 232.92758395 -1.45581170
77.35464033 232.52778720 -1.43649049
78.06536520 232.17043618 -1.42174741
78.77303951 231.82103373 -1.41265299
79.54738024 231.43586039 -1.40993792
80.24705711 231.09103441 -1.40913402
81.01708357 230.72046137 -1.40480189
81.71394555 230.38131861 -1.39530114
82.41097985 230.04731687 -1.38508514
83.17025693 229.68629431 -1.38068699
83.85529541 229.37329873 -1.38599584
84.52912017 229.06494255 -1.40416562
85.25918661 228.73541685 -1.42864934
85.90903111 228.44343999 -1.44504549
86.60956140 228.13202033 -1.45655417
87.23037941 227.85289810 -1.46228857
87.84325330 227.58304670 -1.48133692
88.51392157 227.28963806 -1.50240204
89.11932761 227.01368179 -1.51232018
89.72128133 226.73230763 -1.52145049
90.38158747 226.42459784 -1.53422405
90.98074336 226.15152222 -1.55401588
91.57151378 225.87499427 -1.57274536
92.21476887 225.56920235 -1.58638779
92.78974731 225.29560604 -1.60476554
93.41039082 225.00388833 -1.62865483
93.95718511 224.74181186 -1.64290203
94.49019993 224.48587489 -1.65385833
95.05905764 224.20804435 -1.65849220
95.55767024 223.95419797 -1.65777256
96.04001134 223.70958565 -1.65385292
96.54543672 223.43347534 -1.64944023
96.98606870 223.19012814 -1.64650394
97.40811373 222.93969422 -1.64544401
97.85891193 222.66354001 -1.64395985
98.25325285 222.41117490 -1.64289286
98.67204907 222.13332397 -1.65387039
99.03592206 221.87471223 -1.65827127
99.38457021 221.61409947 -1.65878761
99.75377599 221.33492498 -1.65614526
100.07534022 221.08234300 -1.65441579
100.38426765 220.82541087 -1.64608009
100.70753192 220.54116790 -1.63598767
100.98623513 220.27536044 -1.61838755
101.27796057 219.98585985 -1.59772732
101.53455631 219.71841012 -1.56754721
101.77607705 219.45975002 -1.54876174
102.02695028 219.18449536 -1.53347751
102.24128669 218.94106123 -1.52301417
102.44606412 218.70036642 -1.50887573
102.65377156 218.44066574 -1.49433195
102.83038358 218.20982945 -1.48483074
103.00756879 217.97933595 -1.47549025
103.20887681 217.71391304 -1.45484306
103.39619489 217.47467283 -1.42173922
103.60556470 217.20891548 -1.39782588
103.80802116 216.95781582 -1.38539245
104.01544394 216.69836062 -1.37556696
104.25091949 216.41339848 -1.36433769
104.47995792 216.13548415 -1.35296830
104.71833918 215.84857011 -1.34318144
104.99721450 215.52224081 -1.34085295
105.29164640 215.18263067 -1.33093486
105.67433770 214.75664706 -1.30417895
106.09124661 214.31600276 -1.26963330
106.59191919 213.80978477 -1.22451326
107.25660073 213.17781130 -1.16370292
108.01737021 212.51786837 -1.08828325
108.92643578 211.80788175 -1.02655910
110.09981223 211.00382548 -0.95654731
111.39971629 210.24405501 -0.89249374
113.15038264 209.40277171 -0.82852938
115.09398650 208.67995003 -0.79446563
117.40429793 208.06673697 -0.77436068
120.44197577 207.60197077 -0.75192561
123.84090669 207.48758649 -0.73837768
127.91207348 207.82167802 -0.74164550
133.31842138 208.94566179 -0.80778789
139.25861698 210.97720320 -0.94844187
146.89708671 214.69175911 -1.18840365
154.72300413 219.71137658 -1.46736975
163.25270501 226.54688405 -1.84724021
173.11740158 236.26155923 -2.42606230
182.37013859 247.24032010 -3.07905798
191.69095823 260.27826841 -3.75373603
201.40643628 276.28120005 -4.54122096
209.06621615 290.98438479 -5.27752001
215.53659437 305.14014243 -6.10509874
221.30227340 319.45988820 -7.08991065
225.48546233 331.10359592 -7.93762871
229.20909020 342.58903658 -8.65941556
232.86070793 355.11706598 -9.36414808
235.48407062 365.12971232 -9.93260852
237.32336220 373.10374635 -10.52080921
238.50265461 379.53347113 -11.17417257
239.15874473 383.64874264 -11.60254612
239.34795960 385.87029930 -11.82323416
239.02730371 386.87077661 -11.97058061
238.56439615 386.78663579 -12.10538577
237.76811352 385.78330132 -12.20006032
236.89400020 383.72511580 -12.15586071
235.80540217 381.00697445 -12.17934572
234.51769994 377.81040121 -12.12813091
233.46603865 375.12866494 -12.26219541
232.36960341 372.27974021 -12.33413028
230.98075954 368.98707423 -12.44575975
229.59871211 365.10878137 -12.43115430
227.99708332 360.35414391 -12.18982795
226.06308282 354.86557070 -11.85912953
224.34061921 349.69696916 -11.48117314
222.38893024 344.18845542 -10.92602337
220.75933645 339.58880327 -10.48529901
219.19977896 335.38778445 -10.20563592
217.55811632 331.27337114 -9.97501816
216.08761060 327.59647983 -9.72005978
214.65840699 324.01692383 -9.49892340
213.03594458 320.21938849 -9.34999635
211.64166812 316.76443459 -9.19658521
210.26921234 313.45787714 -8.95610209
208.87878066 310.38062363 -8.71757784
207.80953855 308.05003667 -8.55976709
206.59125341 305.66045321 -8.40583388
205.53054671 303.41680828 -8.34396808
204.44425373 301.16771769 -8.28350690
203.32062343 299.04517497 -8.19163535
202.38934225 297.23565937 -8.04485440
201.55889587 295.67809853 -7.89050357
200.62907676 294.13273383 -7.71876200
199.93977217 293.00899223 -7.60003372
199.34233673 292.11190911 -7.58156314
198.70153577 291.39916409 -7.61626034
198.13077180 290.61352104 -7.56312855
197.44877003 289.83257380 -7.42749241
196.77299398 288.81163827 -7.20920038
196.09882030 287.89993095 -7.13578614
195.39822772 287.18236562 -7.19942084
194.79067180 286.41127614 -7.28611080
194.20698018 285.70555075 -7.46939037
193.44397265 284.79777787 -7.65925119
192.76308337 283.87036274 -7.85863803
192.07345489 282.99283634 -8.06904319
191.21959429 281.92860643 -8.28023407
190.42780302 280.66450936 -8.36371024
189.54036873 279.55306051 -8.28324998
188.71504853 278.01537518 -7.99982602
187.82690494 276.34885477 -7.71966990
186.74624798 274.64789843 -7.74837085
185.76817410 272.92074183 -7.93275288
184.71850391 270.88826242 -8.04305803
183.46776926 268.54077029 -8.04336718
182.31285585 266.19897205 -7.79883651
180.95559075 263.64135257 -7.49152173
179.84260929 261.43927498 -7.45733333
178.69345327 259.12405591 -7.43689892
177.37339001 256.68723540 -7.39350156
176.21842404 254.38613075 -7.34186736
175.07158205 252.10736249 -7.27054887
173.72041655 249.59689361 -7.08250907
172.51762928 247.23957815 -6.90416185
171.29304311 244.80137909 -6.73494652
169.84362478 242.15922445 -6.54024737
168.59582068 239.69977686 -6.40722050
167.36587900 237.23166528 -6.28296660
166.02387678 234.67227391 -6.24688159
164.86822439 232.36034715 -6.23747170
163.52713550 229.91922269 -6.17408742
162.40713681 227.62260408 -6.12108095
161.23131450 225.29722516 -6.04929519
159.90573163 222.82582712 -5.95262169
158.73465952 220.49646987 -5.71158617
157.56079658 218.14737449 -5.25196957
156.16711534 215.74432835 -4.99546194
154.97389929 213.42571658 -4.96647742
153.85298045 211.27222844 -5.02722744
152.54276726 208.98459935 -5.00999969
151.35523719 206.77612295 -4.89481715
150.08453479 204.53070789 -4.80878015
148.98936100 202.47708935 -4.73758856
147.97132528 200.56439395 -4.67150801
146.88097770 198.74316092 -4.66307687
145.97338303 197.13030029 -4.69144626
145.17856029 195.64960268 -4.66305333
144.20264563 193.97922337 -4.46843260
143.46535753 192.68009468 -4.42103854
142.82236915 191.56923437 -4.34195767
142.06831461 190.40753275 -4.29598996
141.40248407 189.21986861 -4.27689147
140.69667239 188.10714276 -4.25434244
140.10401337 187.09488949 -4.22570474
139.54346154 186.19908621 -4.22911974
138.84424946 185.25321616 -4.26094985
138.26254832 184.34297780 -4.25809610
137.72015183 183.57931932 -4.30340512
137.06657915 182.79998588 -4.33927059
136.51539415 181.96306173 -4.30265896
135.87243954 181.10847995 -4.25662367
135.36374260 180.29122961 -4.21338361
134.87566215 179.49390822 -4.13672459
134.36861309 178.79007988 -4.04340144
133.90543975 178.01001813 -3.95930645
133.42151055 177.15696699 -3.85187058
132.79284395 176.16816953 -3.79870154
131.93991507 174.54578447 -3.73220432
130.67573822 171.81054596 -3.66535174
128.61543398 167.51246431 -3.56396228
125.88358961 161.61394167 -3.30292917
122.43520113 154.44272848 -2.90111278
117.98800213 145.82517396 -2.35918239
113.22189360 137.21407489 -1.83556297
107.42191186 127.75208503 -1.32454523
101.76261547 119.33431167 -0.82985939
95.98129681 111.61934422 -0.41317940
89.79269272 104.27592781 -0.03237513
84.38168835 98.53971362 0.24109466
79.14092966 93.62168744 0.44645223
73.73372623 89.17907570 0.58777735
69.16622745 85.91215659 0.64462376
64.97488763 83.33808025 0.65597979
60.91018754 81.24647035 0.61425900
57.71847194 79.87605131 0.56368639
54.99111459 78.91780888 0.49396892
52.43054937 78.23822591 0.41237125
50.47590635 77.87873602 0.33442446
48.91923741 77.69723003 0.25014622
47.61130490 77.63830306 0.16019265
46.72355218 77.65559162 0.08236651
46.03846812 77.72398259 0.00007807
45.63038451 77.80598007 -0.06924919
45.40238152 77.88197815 -0.13257987
45.33167117 77.95142816 -0.18757469
45.40507840 77.97644620 -0.23045569
45.58321624 77.97108119 -0.26979123
45.85806421 77.90696337 -0.30722088
46.16991039 77.80948341 -0.33628422
46.56219151 77.65902211 -0.35100148
46.95447233 77.49255527 -0.35934060
47.37045088 77.30068992 -0.37218278
47.84268307 77.05330031 -0.39195268
48.28527462 76.80695633 -0.39730060
48.78322805 76.51600098 -0.39849810
49.25008358 76.24600694 -0.39943263
49.72642668 75.96314533 -0.40503135
50.26051073 75.64027246 -0.41290124
50.74932726 75.32486367 -0.41958589
51.30407731 74.97013949 -0.42522783
51.81339334 74.63522554 -0.42641518
52.33765015 74.29398009 -0.42515957
52.92341812 73.90292950 -0.42198278
53.47059765 73.54811971 -0.42538987
54.03037800 73.18725735 -0.42926532
54.65963686 72.78235411 -0.43455836
55.24581859 72.40715587 -0.43995456
55.84436264 72.02772975 -0.44581181
56.52748847 71.61580572 -0.45280920
57.16353978 71.24035582 -0.46097240
57.88816897 70.83961388 -0.47266823
58.55871756 70.48424157 -0.49070680
59.25433732 70.12928632 -0.50587852
60.04029665 69.74294012 -0.52406887
60.77376410 69.39067264 -0.53776376
61.52073828 69.04139239 -0.55042540
62.35041573 68.65843786 -0.55976037
63.10950529 68.31301284 -0.56368297
63.94584752 67.93177490 -0.56055757
64.70618656 67.58235599 -0.55560025
65.46318656 67.22976174 -0.54626704
66.28694270 66.82870554 -0.53562956
67.02369044 66.45901940 -0.52506052
67.75630584 66.07938672 -0.51555228
68.55628724 65.65119527 -0.50673910
69.27515021 65.24577503 -0.49873464
70.05478160 64.78691614 -0.48988783
70.75523849 64.35893815 -0.48311593
71.44686608 63.92109933 -0.48010969
72.19812269 63.42679483 -0.47983014
72.87592865 62.96707821 -0.47805235
73.54340023 62.49556122 -0.47230010
74.27810375 61.96795009 -0.46611609
74.93946840 61.47934220 -0.46333762
75.59679804 60.98590863 -0.46155534
76.32204495 60.44417383 -0.45588095
76.98455919 59.95455684 -0.45381460
77.71734530 59.41460263 -0.45213171
78.39135856 58.92826234 -0.44888580
79.07200581 58.44491145 -0.44398496
79.82871290 57.91106043 -0.43970292
80.52586589 57.43133321 -0.43552546
81.22787576 56.94938746 -0.42994537
82.01068805 56.42368828 -0.42540320
82.72553602 55.94454618 -0.42088618
83.44153176 55.46274133 -0.41726413
84.22837585 54.92618864 -0.41220573
84.94135152 54.43216813 -0.40667344
85.72274996 53.87441522 -0.39814279
86.42654990 53.35332716 -0.38921057
87.11857383 52.80916711 -0.37774101
87.86697506 52.18187799 -0.36375487
88.53309887 51.58327341 -0.34478728
89.18626378 50.95843651 -0.32218966
89.89101522 50.25117516 -0.29727950
90.51519482 49.57967223 -0.28208260
91.19203787 48.81569016 -0.26482490
91.79505892 48.10045946 -0.25230061
92.39265929 47.37621007 -0.23386364
93.03993055 46.56375302 -0.21782656
93.61624359 45.81203604 -0.19999591
94.19083988 45.06236309 -0.18833529
94.81959673 44.23217555 -0.17255296
95.38527748 43.48081604 -0.16518662
95.94579175 42.74476771 -0.17751710
96.55166288 41.95280422 -0.19929930
97.09528728 41.24860290 -0.22188756
97.63660297 40.56331994 -0.23699487
98.23681084 39.81310446 -0.23606447
98.78080183 39.13307831 -0.21974582
99.37982507 38.38980000 -0.20956539
99.92587093 37.70432115 -0.20894823
100.47367501 37.00362265 -0.21477577
101.08392080 36.20640698 -0.22456813
101.64496689 35.45125569 -0.23216391
102.21045298 34.66102598 -0.23587120
102.83276066 33.75262529 -0.22884333
103.40085717 32.88095830 -0.21417368
103.96785618 31.98365208 -0.19759309
104.58920829 30.97219640 -0.17570117
105.15289937 30.05069588 -0.13937157
105.76688684 29.04648181 -0.09468028
106.30565006 28.15459575 -0.07409119
106.82578903 27.29104051 -0.06778136
107.38829910 26.36987740 -0.06599246
107.89379309 25.54176157 -0.05872078
108.39694808 24.72351179 -0.05187756
108.95093602 23.82392668 -0.04578747
109.44741541 23.00560914 -0.04326250
109.94456858 22.18669207 -0.04088361
110.49322612 21.27876134 -0.03593646
111.00066880 20.42035093 -0.03043564
111.56882224 19.44100657 -0.02260526
112.08570236 18.51547847 -0.01147577
112.60074530 17.56686916 0.00300930
113.17038641 16.50432443 0.01730062
113.68713407 15.51773963 0.03334172
114.20269319 14.51301690 0.05118549
114.76638258 13.39335171 0.07138969
115.27732000 12.35066237 0.09813876
115.83908234 11.19621853 0.12776349
116.34467796 10.13222598 0.16215436
116.84253958 9.06947496 0.19210456
117.38237396 7.89608415 0.22516938
117.86429586 6.83066313 0.25813249
118.33059836 5.77916764 0.29199963
118.80121837 4.66782378 0.32903283
119.18980418 3.70297043 0.36542813
119.53236863 2.78696906 0.39712618
119.87516324 1.82933278 0.42252562
120.14421408 1.00803550 0.43997778
120.37934215 0.23689814 0.45589608
120.59593670 -0.55026134 0.46057354
120.76288443 -1.21314654 0.46100959
120.92648295 -1.88968383 0.46044501
121.06609340 -2.46765956 0.45269161
121.21537312 -3.02897204 0.44171636
121.38174112 -3.62027267 0.42309549
121.53761184 -4.15005436 0.40865572
121.71100978 -4.69241911 0.39598820
121.92342962 -5.30988093 0.39279795
122.14681844 -5.91510485 0.39936985
122.41929205 -6.62079503 0.42252399
122.68286031 -7.29064831 0.44647662
122.95226390 -7.97244600 0.46548716
123.24748169 -8.72505563 0.47596201
123.50617910 -9.40444641 0.47063373
123.77632827 -10.09360634 0.45662727
124.08931340 -10.87627664 0.44810116
124.36033023 -11.57665562 0.45078962
124.62273664 -12.27377004 0.46224530
124.89517670 -13.02546890 0.46771307
125.12610680 -13.70142273 0.47022629
125.37877659 -14.44405858 0.46724332
125.59474793 -15.11257011 0.47115977
125.79245135 -15.76352011 0.47620242
125.99341587 -16.45653290 0.46837749
126.13712129 -17.03544921 0.43305787
126.26270602 -17.57919666 0.40468841
126.40508794 -18.15785924 0.35397718
126.55102997 -18.68837208 0.31665298
126.71022742 -19.22524928 0.27166093
126.90558916 -19.82561818 0.22553544
127.12068067 -20.41032904 0.17468646
127.39727245 -21.10759759 0.13914277
127.67062592 -21.78489996 0.12007964
127.94419224 -22.47591918 0.10575017
128.24961621 -23.24543251 0.10137630
128.53155196 -23.95135200 0.09316483
128.82406994 -24.67622950 0.07559599
129.15428968 -25.49877882 0.06509223
129.46805548 -26.27789934 0.06929782
129.83781095 -27.18461292 0.08871816
130.17105951 -28.02238709 0.08843301
130.50196416 -28.86127420 0.08904517
130.87427490 -29.79003777 0.07234169
131.21661322 -30.65184258 0.06754525
131.56141454 -31.52722088 0.05952364
131.94184278 -32.49605887 0.06096147
132.29204359 -33.38527835 0.05357718
132.63789675 -34.26764141 0.03406806
133.01415244 -35.22915853 0.00873904
133.34827338 -36.09039452 -0.02806113
133.69126341 -36.96736282 -0.04591515
134.06672038 -37.91921770 -0.06028373
134.39543237 -38.77174734 -0.06377654
134.74331884 -39.67505001 -0.07390643
135.05411658 -40.48907105 -0.07175469
135.36508163 -41.29466411 -0.06857659
135.70210935 -42.14470583 -0.06486060
136.00749871 -42.91448170 -0.05051379
136.33492510 -43.69022253 -0.04536168
136.71983679 -44.58897339 -0.05846148
137.07544780 -45.43872815 -0.07432553
137.46474510 -46.37526771 -0.10381667
137.81925240 -47.23842189 -0.13230701
138.17473740 -48.11547532 -0.14295839
138.56832861 -49.07636196 -0.16121185
138.91960750 -49.94593188 -0.16964920
139.26860758 -50.82568482 -0.16380205
139.65356394 -51.77949441 -0.15502249
139.99912644 -52.66693439 -0.13234845
140.33626971 -53.53367420 -0.11439997
140.69407353 -54.44077866 -0.12836284
141.01415966 -55.26785933 -0.14513739
141.36627480 -56.16247609 -0.14944433
141.68360790 -56.97337722 -0.14688706
141.99757867 -57.77939810 -0.13867449
142.34056955 -58.63238372 -0.13803942
142.64481606 -59.41248409 -0.15565734
142.94656693 -60.18563594 -0.16156962
143.27762085 -61.03173987 -0.17361059
143.58039821 -61.82939630 -0.15177692
143.87868127 -62.63077832 -0.10350617
144.20141264 -63.50385057 -0.05694770
144.48183019 -64.28900050 -0.04167693
144.78300533 -65.12876993 -0.05219200
145.04633538 -65.87267138 -0.06929432
145.29892289 -66.61300803 -0.04492692
145.56514786 -67.38571059 -0.00500992
145.79299126 -68.05310014 0.04614944
145.98993176 -68.66598562 0.08275655
146.16025979 -69.20378678 0.10865552
146.28322007 -69.58354528 0.11166187
146.37249376 -69.81529176 0.09318177
146.46416111 -69.93725992 0.06548156
146.55993792 -69.92314386 0.02263762
146.69872414 -69.81956185 -0.03946726
146.93626721 -69.66677161 -0.13289113
147.22830475 -69.53301843 -0.21440740
147.62373631 -69.43425820 -0.28319964
148.03204398 -69.40389953 -0.32975088
148.48286593 -69.41327218 -0.37243863
149.03044392 -69.47293049 -0.41010200
149.56372024 -69.56455556 -0.44610196
150.12715314 -69.68025534 -0.47682861
150.77427377 -69.84193477 -0.50341286
151.36981874 -70.02665308 -0.51861610
151.96599361 -70.23402289 -0.54303030
152.62391619 -70.49073712 -0.56494172
153.22137857 -70.73647893 -0.57542722
153.86295248 -71.02735982 -0.58148701
154.43464844 -71.30319706 -0.58503679
154.99180982 -71.59737392 -0.59152642
155.59917561 -71.93094766 -0.59198689
156.14997435 -72.24410230 -0.59462737
156.75540476 -72.60209437 -0.60026446
157.30075380 -72.93753014 -0.60238857
157.84482232 -73.27909633 -0.60192726
158.43972766 -73.66392822 -0.60777507
158.97661757 -74.02526884 -0.61497134
159.51417866 -74.39642140 -0.62090436
160.10665989 -74.81760793 -0.61597147
160.66064119 -75.19899154 -0.60001460
161.27052903 -75.62892289 -0.58033147
161.82648346 -76.02862193 -0.57263916
162.38137227 -76.43390097 -0.57151488
162.99449026 -76.88381622 -0.56658551
163.55836939 -77.30205202 -0.56498598
164.13439638 -77.71993066 -0.57039043
164.78410277 -78.17194818 -0.57300685
165.38149916 -78.58238487 -0.56648814
165.98600432 -78.99432960 -0.56355971
166.65687630 -79.44922205 -0.56854997
167.26530535 -79.86287424 -0.57496126
167.93991373 -80.31747724 -0.58066691
168.54726456 -80.73553295 -0.58371299
169.16188302 -81.14994562 -0.58800311
169.83754813 -81.60535504 -0.59784110
170.44559607 -82.02556019 -0.60746711
171.05300682 -82.45070042 -0.62579563
171.72436533 -82.91724739 -0.64225348
172.33354761 -83.34744849 -0.64128228
173.00499673 -83.82635929 -0.64447547
173.62125083 -84.26280294 -0.65825501
174.23366829 -84.70593876 -0.66810776
174.90697282 -85.20194490 -0.66973379
175.51961661 -85.65568749 -0.66801518
176.13482887 -86.11521209 -0.66225898
176.81574625 -86.62917259 -0.65775674
177.44988335 -87.09472346 -0.65914352
178.08598372 -87.56650918 -0.66233439
178.80329373 -88.07959872 -0.66633500
179.45839848 -88.54600612 -0.66464872
180.17344608 -89.06671348 -0.67084494
180.83193873 -89.53607233 -0.67971522
181.48926979 -90.00996366 -0.68539522
182.21811747 -90.53230140 -0.69404667
182.88714732 -91.00411707 -0.70186055
183.55903195 -91.46952677 -0.70302623
184.30069214 -91.98194836 -0.69350102
184.97403309 -92.44210674 -0.69901820
185.71126000 -92.94758504 -0.71333999
186.37364430 -93.41140714 -0.70785836
187.04767101 -93.87248398 -0.69010611
187.79687000 -94.37610650 -0.66759521
188.47028948 -94.83468543 -0.67024235
189.13376571 -95.29672422 -0.68394240
189.86039445 -95.80804987 -0.69270779
190.52286117 -96.27650045 -0.68441719
191.18922024 -96.75287320 -0.67497513
191.93560683 -97.27464590 -0.67420240
192.61676796 -97.75049653 -0.67822738
193.36102032 -98.27833633 -0.68777444
194.04056791 -98.75928782 -0.69849200
194.72417745 -99.24094200 -0.70693974
195.48692481 -99.77242001 -0.70055337
196.19170926 -100.25338396 -0.69536533
196.89947389 -100.73484258 -0.69831977
197.67723630 -101.26431871 -0.70773062
198.37844474 -101.75081317 -0.70294668
199.07985099 -102.24199274 -0.69786534
199.85537380 -102.78044089 -0.69505377
200.55382384 -103.27556603 -0.69317415
201.32151010 -103.82577810 -0.68931255
202.02161568 -104.33124236 -0.68905117
202.72145121 -104.83551881 -0.69481791
203.48334904 -105.39420798 -0.70209564
204.17232037 -105.90683636 -0.71319418
204.87451580 -106.41239082 -0.71082681
205.64939939 -106.96463016 -0.69639812
206.35021462 -107.46878204 -0.68906369
207.11597037 -108.02511985 -0.69614544
207.80220006 -108.53494656 -0.70029078
208.48936668 -109.04577141 -0.69373695
209.24646282 -109.60609379 -0.69464179
209.93848076 -110.11151224 -0.69134644
210.63641913 -110.60802557 -0.68182281
211.40991432 -111.14318045 -0.67472551
212.11045292 -111.62597837 -0.67566297
212.87339518 -112.15445710 -0.66719831
213.56954315 -112.63100223 -0.65380554
214.26991121 -113.10291676 -0.63172369
215.03712617 -113.62135491 -0.62729667
215.72530947 -114.08810922 -0.63430193
216.40501285 -114.55615094 -0.62829289
217.15219998 -115.06885533 -0.61340021
217.83826622 -115.52803478 -0.60296553
218.58970732 -116.02253627 -0.59004376
219.26292536 -116.47140825 -0.58797046
219.92746073 -116.91615216 -0.59180319
220.64742994 -117.39472230 -0.59341852
221.29155188 -117.82354918 -0.58812896
221.92312659 -118.24963195 -0.57660468
222.61185323 -118.70922800 -0.56436784
223.22412141 -119.11783079 -0.55622413
223.81799543 -119.51967764 -0.55481545
224.45332626 -119.95693202 -0.56127107
225.01941566 -120.34816326 -0.56516617
225.62880748 -120.77660789 -0.56134125
226.17308120 -121.16297732 -0.55285265
226.70404330 -121.54820288 -0.54634256
227.11917902 -121.92210107 -0.54196020
227.53327160 -122.29713940 -0.53746587
227.94725983 -122.67236790 -0.53316059
228.36025182 -123.04863084 -0.52896347
228.77169297 -123.42589243 -0.52556140
229.18430471 -123.80239628 -0.52253894
229.59602333 -124.17953709 -0.51997472
230.00824516 -124.55654914 -0.51735784
230.41959144 -124.93439225 -0.51470711
230.83047518 -125.31319948 -0.51153422
231.24076361 -125.69284094 -0.50841614
231.65080706 -126.07268109 -0.50559898
232.06030284 -126.45338826 -0.50251763
232.47036200 -126.83363099 -0.50065110
232.87978518 -127.21421700 -0.49882663
233.28914475 -127.59564349 -0.49729383
233.53636732 -127.88999903 -0.49593578
233.80227098 -128.18752958 -0.49281623
234.04446669 -128.43181133 -0.49386034
234.31625799 -128.67209109 -0.50011956
234.56635413 -128.86581842 -0.50585891
234.82013009 -129.03861164 -0.51007454
235.10668531 -129.20169027 -0.51428714
235.37553653 -129.33389411 -0.51761619
235.64922371 -129.44767653 -0.51849414
235.97300794 -129.56768434 -0.52281859
236.28345048 -129.66509869 -0.53016871
236.60803500 -129.76287948 -0.54010842
236.98220240 -129.86780356 -0.54637274
237.33510701 -129.96918479 -0.55153384
237.68941723 -130.07621966 -0.55267715
238.07603289 -130.19615533 -0.55157841
238.42830628 -130.30867613 -0.54765292
238.77682962 -130.44209218 -0.54258635
239.16251477 -130.59523141 -0.53783652
239.51322431 -130.74292842 -0.53802331
239.89579514 -130.90471249 -0.53864981
240.24084803 -131.05332250 -0.53649810
240.58676622 -131.20006928 -0.54365651
240.96144329 -131.34688662 -0.54765345
241.29364128 -131.45485735 -0.54127129
241.61433684 -131.53453344 -0.53342026
241.99019067 -131.39848882 -0.52940743
242.35195951 -131.24906403 -0.52454299
242.70416041 -131.08637574 -0.51916188
243.04979893 -130.91065275 -0.51331518
243.39182491 -130.72280452 -0.50717755
243.73281814 -130.52403185 -0.50052845
244.07468633 -130.31575379 -0.49355738
244.41886594 -130.09941745 -0.48664089
244.76608185 -129.87634566 -0.47988756
245.11701811 -129.64796852 -0.47327190
245.47186220 -129.41544101 -0.46711069
245.83086326 -129.18010835 -0.46163718
246.19394518 -128.94310334 -0.45691716
246.56062346 -128.70500282 -0.45255210
246.93061159 -128.46655537 -0.44868901
247.30369451 -128.22844408 -0.44517451
247.75728338 -127.73305326 -0.44074326
248.17001536 -127.26337234 -0.43179885
248.58055505 -126.76925901 -0.42071419
249.03600309 -126.20225718 -0.41699216
249.45282393 -125.66370243 -0.42542747
249.91939806 -125.05189498 -0.40843167
250.34974637 -124.47104697 -0.38272545
250.78136812 -123.87117276 -0.36891847
251.25668484 -123.19493924 -0.37459534
251.69314827 -122.55654217 -0.38768757
252.13042891 -121.88801969 -0.39909940
252.62035455 -121.14507644 -0.39764076
253.06875757 -120.45276032 -0.40193261
253.57401974 -119.68465629 -0.40465212
254.04969088 -118.97848939 -0.40081694
254.52889694 -118.26057399 -0.40325555
255.06611375 -117.46020419 -0.40148945
255.55924369 -116.72249365 -0.40055434
256.05805590 -115.98045262 -0.40310262
256.61104336 -115.15957990 -0.41699323
257.12049200 -114.41188844 -0.42960763
257.68154436 -113.57356135 -0.43541656
258.20077697 -112.81224678 -0.43756471
258.72859184 -112.04152024 -0.43435851
259.31852744 -111.19154538 -0.41725760
259.85932514 -110.40861812 -0.41038437
260.40322940 -109.62345979 -0.41654103
261.00258121 -108.75256977 -0.42304810
261.55186338 -107.96662802 -0.43002980
262.10229098 -107.17904263 -0.42966358
262.70777942 -106.30345612 -0.41532261
263.26088077 -105.50085804 -0.40239620
263.87336794 -104.61006842 -0.39941404
264.42757141 -103.80197562 -0.40280529
264.98408656 -102.98987717 -0.40603300
265.59752485 -102.09917342 -0.40831141
266.15451442 -101.27639871 -0.40653066
266.71049048 -100.46145238 -0.42011233
267.32359720 -99.56555516 -0.43816777
267.88174584 -98.75652486 -0.44225460
268.43662361 -97.94633521 -0.44963220
269.05431271 -97.04957995 -0.46094170
269.61632305 -96.23996346 -0.45813545
270.23733278 -95.34600841 -0.44225782
270.78463179 -94.51885331 -0.43852565
271.33409911 -93.69706200 -0.43864222
271.95062122 -92.80142116 -0.44425951
272.51808951 -91.97928301 -0.43877964
273.07613346 -91.17033374 -0.43500023
273.70085886 -90.27467862 -0.44092678
274.27847669 -89.46669480 -0.44871223
274.85940056 -88.66320002 -0.46002506
275.50212645 -87.78491117 -0.47211339
276.07936485 -86.98310814 -0.47328277
276.70673479 -86.08631090 -0.46535503
277.27904334 -85.26696600 -0.46823851
277.84738068 -84.44138167 -0.47963046
278.46861489 -83.54435405 -0.49243385
279.03258033 -82.73044284 -0.49376682
279.59211146 -81.91682084 -0.48069535
280.19931940 -81.00901239 -0.46270144
280.74027454 -80.18337840 -0.46286310
281.28231892 -79.35925570 -0.47007217
281.88532455 -78.46096608 -0.47363581
282.43091142 -77.64611884 -0.47782855
283.03531873 -76.75358978 -0.47139341
283.59375135 -75.94947379 -0.46483996
284.14652949 -75.13914408 -0.46724120
284.75821216 -74.25762732 -0.46559259
285.31882427 -73.46420853 -0.47663674
285.87972475 -72.67327210 -0.47857074
286.50058908 -71.79356774 -0.46518188
287.06170975 -70.98879209 -0.44974736
287.67641043 -70.10749101 -0.45825475
288.22948117 -69.31457549 -0.47956265
288.78335662 -68.52636688 -0.49234576
289.39411112 -67.66088426 -0.48286274
289.95131607 -66.87446912 -0.45725572
290.50698621 -66.08436232 -0.44179201
291.12450952 -65.21434153 -0.44239464
291.68721146 -64.42519967 -0.45412542
292.25374492 -63.64468190 -0.46936934
292.87585108 -62.78923411 -0.47914012
293.44376829 -62.00861652 -0.48057820
294.07703445 -61.15015730 -0.47332816
294.65969506 -60.38202086 -0.47076451
295.24263889 -59.61880814 -0.47298973
295.89246435 -58.79293363 -0.47650490
296.48738668 -58.04630102 -0.48001176
297.08553633 -57.30171240 -0.48703217
297.74770404 -56.49383082 -0.49203964
298.34626670 -55.76138854 -0.48908558
298.94347405 -55.02589340 -0.49619765
299.60282654 -54.22707011 -0.50104291
300.20286970 -53.50101729 -0.50007400
300.86534693 -52.70636732 -0.49118349
301.46850631 -51.98887410 -0.48466150
302.06838079 -51.27358156 -0.48349242
302.72429593 -50.48560704 -0.47918830
303.31693695 -49.76854500 -0.47300310
303.90278370 -49.05017632 -0.46914714
304.54325259 -48.26064464 -0.47193358
305.12195711 -47.54815838 -0.47071497
305.75111558 -46.76759535 -0.46181111
306.31942474 -46.06362945 -0.44271760
306.88355397 -45.36408884 -0.42039026
307.50105967 -44.60217310 -0.40133222
308.05609406 -43.92152676 -0.39548065
308.60209418 -43.25083101 -0.39346479
309.18911807 -42.52720571 -0.39183992
309.71471601 -41.87686047 -0.39468618
310.23768787 -41.23664451 -0.38627248
310.80654974 -40.53459731 -0.37302688
311.31832025 -39.90646200 -0.36864635
311.87676827 -39.22986010 -0.37403150
312.37990568 -38.63110005 -0.37959159
312.87920114 -38.04823397 -0.38449499
313.42326480 -37.42545945 -0.38577289
313.91086925 -36.87398882 -0.39087678
314.39216932 -36.33703563 -0.39531706
314.91174076 -35.76573855 -0.39853824
315.37620415 -35.26914002 -0.40234165
315.87426101 -34.74773896 -0.40910136
316.31456482 -34.29011020 -0.41813484
316.74477001 -33.85262673 -0.42500621
317.20749574 -33.39131738 -0.42172194
317.61935901 -32.98542141 -0.41227728
318.02389664 -32.59607569 -0.40832002
318.46109062 -32.18547128 -0.41054642
318.84982033 -31.82043498 -0.41034980
319.22996686 -31.45235104 -0.41651089
319.63904406 -31.04647141 -0.42960001
320.01524484 -30.67959120 -0.43075940
320.39325509 -30.31377555 -0.42434556
320.80191852 -29.90310216 -0.41678592
321.15767509 -29.51681300 -0.41155405
321.53816895 -29.08194453 -0.40142620
321.87772695 -28.68204620 -0.39846325
322.21239780 -28.27414929 -0.39416951
322.56551207 -27.81163036 -0.38967784
322.87651520 -27.37338813 -0.38419871
323.18334879 -26.92006351 -0.37213694
323.51508513 -26.39903985 -0.35489824
323.81099418 -25.90893761 -0.33365724
323.85833291 -25.30005286 -0.30985067
323.91973980 -24.69784460 -0.28505432
323.99500255 -24.10459765 -0.25929157
324.08413500 -23.52307924 -0.23257756
324.18675836 -22.95580662 -0.20487349
324.30150673 -22.40635021 -0.17662479
324.42732332 -21.87703301 -0.14798127
324.56316997 -21.37098445 -0.11960837
324.70674016 -20.89179442 -0.09192667
324.85520985 -20.44258811 -0.06608358
325.00543655 -20.02624416 -0.04278553
325.15355777 -19.64712427 -0.02232672
325.29552464 -19.30781651 -0.00673532
325.42524488 -19.00980019 0.00276787
325.53845137 -18.75623061 0.00488285
325.62736635 -18.54919916 -0.00252136
325.42701613 -18.38280596 -0.01369337
325.14372662 -18.18954453 -0.02264502
324.76976693 -17.91440931 -0.00877908
324.39657991 -17.59016046 0.01750096
323.96506266 -17.15311731 0.04796270
323.56143232 -16.68958637 0.06242591
323.15442488 -16.16437555 0.08859395
322.70749518 -15.52452403 0.09864082
322.29877734 -14.90938318 0.11315939
321.84692076 -14.20851050 0.12268783
321.42787732 -13.55022189 0.14450307
321.00352012 -12.86757647 0.16619520
320.53211554 -12.10076087 0.18674609
320.09710894 -11.39191596 0.19874865
319.61862574 -10.58766911 0.22322280
319.17797754 -9.83615507 0.25131309
318.73262579 -9.06509037 0.27810939
318.23940598 -8.20429748 0.30315833
317.78669484 -7.42154581 0.32735874
317.33053487 -6.63374694 0.35297382
316.82288166 -5.77087836 0.37297966
316.35638559 -4.97884775 0.39278231
315.88759287 -4.17968938 0.42216994
315.36895231 -3.28617374 0.45848429
314.89477963 -2.45802008 0.47694784
314.37434043 -1.53670732 0.47438930
313.90145026 -0.69762618 0.46312250
313.42154956 0.14040532 0.47275566
312.89417336 1.09226854 0.52134553
312.42064818 1.98797417 0.57425853
311.90424350 2.99357659 0.62274821
311.44566493 3.91725814 0.63385028
310.99728942 4.84932693 0.63244404
310.55967288 5.78607401 0.63736796
310.08593854 6.81730860 0.64288843
309.66140686 7.75352041 0.64672627
309.20661812 8.78729455 0.64890641
308.79976631 9.72240018 0.65299981
308.39979319 10.64139151 0.65470587
307.97030375 11.63774372 0.64165287
307.58658311 12.52814814 0.61477765
307.20635705 13.39744292 0.58309915
306.78904560 14.33823449 0.57558563
306.40994799 15.17627601 0.55843356
306.02937889 16.00008575 0.54015236
305.60555027 16.90270151 0.50533307
305.21039587 17.70220977 0.47848160
304.77509354 18.57344842 0.44253307
304.37036948 19.35386160 0.40773635
303.95489779 20.13949120 0.37600873
303.49239937 21.01177546 0.35917958
303.06419600 21.79821863 0.36706249
302.62995283 22.58098423 0.36209152
302.13825832 23.43183317 0.35401422
301.68253348 24.20167286 0.33711448
301.22253591 24.95995503 0.31963960
300.71301376 25.79157476 0.29089575
300.23792832 26.54122727 0.27032683
299.70922592 27.37843099 0.26756519
299.22190166 28.14868197 0.27688456
298.72892333 28.91929095 0.28517709
298.18391456 29.76095242 0.29027960
297.68616813 30.54239598 0.28505698
297.18179109 31.33276879 0.27929144
296.63137988 32.21456151 0.26379663
296.13568027 33.01810503 0.23280357
295.59317401 33.89394811 0.22105727
295.10369886 34.71197882 0.22290152
294.61094209 35.52505331 0.22059725
294.07591126 36.43546879 0.20838814
293.59373445 37.25855478 0.22199991
293.11529164 38.08325240 0.24969340
292.59641470 38.98268479 0.27159694
292.12979378 39.79253556 0.28706331
291.66897352 40.58858065 0.29458348
291.16483752 41.44350111 0.30444489
290.70693965 42.20419550 0.30589442
290.20468911 43.03118242 0.29609396
289.74868459 43.77269816 0.28025867
289.29792678 44.51026835 0.28336384
288.81139930 45.31614159 0.29896793
288.37528800 46.04153193 0.30909073
287.94174858 46.75297673 0.32129881
287.46673009 47.51387121 0.32233029
287.04122654 48.19404721 0.30091188
286.58074660 48.92470052 0.27659170
286.16715402 49.58894515 0.28380954
285.75605413 50.23471402 0.32149103
285.31570893 50.92211805 0.36001615
284.92429394 51.52884694 0.36523265
284.53748454 52.11266715 0.35179557
284.11771664 52.74366611 0.33854302
283.74641510 53.31143954 0.34806463
283.38635342 53.86755930 0.36526837
283.00067847 54.45928327 0.37468349
282.65818621 54.97887064 0.38612562
282.29687170 55.53668726 0.40572284
281.98326607 56.02990925 0.41969494
281.67869722 56.50897755 0.41218570
281.35064198 57.02049146 0.39125744
281.06659983 57.47696785 0.37983648
280.79646391 57.92252322 0.38668553
280.51622041 58.42033808 0.40786770
280.27453832 58.86816468 0.42043670
280.02533364 59.34461783 0.41682957
279.81287573 59.76090123 0.40983202
279.61112423 60.16809185 0.40757813
279.40455872 60.60782129 0.41432314
279.23279888 60.98700144 0.43289274
279.07058187 61.35434280 0.45361158
278.90644611 61.73491492 0.46789249
278.76786897 62.05342760 0.47464553
278.64014111 62.36778306 0.47816531
278.50358522 62.70159300 0.47619666
278.38064465 63.00192615 0.47135661
278.24614001 63.32734630 0.46280042
278.12360531 63.61932423 0.45587642
278.02734644 63.92651456 0.44568269
277.93954502 64.26854132 0.43340542
277.85015503 64.56727442 0.42395045
277.76317019 64.86594111 0.41610393
277.65108423 65.18209998 0.41337386
277.55123084 65.46944849 0.41567053
277.43527324 65.77866031 0.42209186
277.33360996 66.07459637 0.42079007
277.22316949 66.38544065 0.40546465
277.09498751 66.75108245 0.38385807
276.96602318 67.10504345 0.37292758
276.82907843 67.47763808 0.37578984
276.67502156 67.90638875 0.38529191
276.53376850 68.30448457 0.38736482
276.38934920 68.70522619 0.38539250
276.23405850 69.15377730 0.39173659
276.09386734 69.57746269 0.40759177
275.94420365 70.02127774 0.42436508
275.77310037 70.52196567 0.43880607
275.60735656 70.98044279 0.45378670
275.41676826 71.48134636 0.47168807
275.23947818 71.93573656 0.48836509
275.05291990 72.39883092 0.50126609
274.83157995 72.92453841 0.49659832
274.61838441 73.39975597 0.47628957
274.38851291 73.87903964 0.45721902
274.12162877 74.41058251 0.44460245
273.77760374 74.97591169 0.43327665
273.42997489 75.54255695 0.42267131
273.07887329 76.11263459 0.41170574
272.72501728 76.68509687 0.40030161
272.36800003 77.26249481 0.38876690
272.00805074 77.84586327 0.37775065
271.64526134 78.43383063 0.36737976
271.28008554 79.02906659 0.35614862
270.91271706 79.63250469 0.34337968
270.54353034 80.24276572 0.33077410
270.17337558 80.85998657 0.31826795
269.80215626 81.48379612 0.30591926
269.42956865 82.11620739 0.29404979
269.05470380 82.75537987 0.28122030
268.67903250 83.40501737 0.26805194
268.30198163 84.06049611 0.25532334
267.92649200 84.68675186 0.24572297
267.50782055 85.39615896 0.24738525
267.04742864 86.19235509 0.26448013
266.62438697 86.92518835 0.28367209
266.15629028 87.73486209 0.29969238
265.72595895 88.47438371 0.30558671
265.29233397 89.21653895 0.30037223
264.81967953 90.02990209 0.28684819
264.39206668 90.76701710 0.27758417
263.96682440 91.50130714 0.27921197
263.50087588 92.30239999 0.28299418
263.07657462 93.03265553 0.28872312
262.64991577 93.75526108 0.28546787
262.18277282 94.54940732 0.28739577
261.76154756 95.27556504 0.29493561
261.30184473 96.07430599 0.29084889
260.88363689 96.78713594 0.26926494
260.47133040 97.48816090 0.24321825
260.02123745 98.24611094 0.23915850
259.61145459 98.94350990 0.26348885
259.20405336 99.63211105 0.28767354
258.76635271 100.36956799 0.29202331
258.38173601 101.02319385 0.29027526
258.00436700 101.65896380 0.29724870
257.59733370 102.33684021 0.31349678
257.23928122 102.93346476 0.32243237
256.85735125 103.54844662 0.32413224
256.51504879 104.07559389 0.32787808
256.18238220 104.56633907 0.33229315
255.82785722 105.06132527 0.33917994
255.50927509 105.46878815 0.34616612
255.19766969 105.84073068 0.34304158
254.85345124 106.20874041 0.32555410
254.53532018 106.49997728 0.30102273
254.20186061 106.72119513 0.27164027
253.80615219 106.86757223 0.24110597
253.40371891 106.87694991 0.22890514
252.90402735 106.77946495 0.22134381
252.38051988 106.59267356 0.20702816
251.77398386 106.31095773 0.17381644
250.99914334 105.89702548 0.11713138
250.18173062 105.44534693 0.04960946
249.25052118 104.94175617 -0.03082837
248.09021610 104.34123662 -0.13586536
246.87312512 103.73236714 -0.25948520
245.50362720 103.08572708 -0.42437308
243.87456012 102.39386347 -0.62471369
242.39734865 101.87901159 -0.79231877
240.85036558 101.44633626 -0.92008332
239.54430984 101.17709032 -1.02540083
238.35766809 101.02355683 -1.13067173
237.09020841 100.91616073 -1.28532349
236.02418506 100.89951079 -1.41201951
235.15067617 101.01617881 -1.47647490
234.33741835 101.23720629 -1.47540204
233.61588259 101.46656502 -1.45808040
232.86433495 101.75660005 -1.45280176
232.19823198 102.05586688 -1.43490827
231.55917494 102.38047006 -1.39553911
230.83847264 102.73597514 -1.36628941
230.22065851 103.08708649 -1.35030970
229.62890653 103.46476376 -1.33266056
228.98841436 103.89869850 -1.31467103
228.40465871 104.32359334 -1.33246279
227.78636347 104.82703931 -1.33996678
227.25720088 105.32635813 -1.28717979
226.75565901 105.85339633 -1.19564548
226.20513791 106.44220279 -1.10820989
225.66467397 106.98188420 -1.06272309
225.10856524 107.53498413 -1.00556435
224.45956912 108.12979996 -0.96018276
223.81448155 108.66625485 -0.95471612
223.07671273 109.25226610 -0.90151334
222.34232379 109.76104905 -0.84217719
221.52986872 110.22899096 -0.84075929
220.62810895 110.73959484 -0.80509613
219.78378731 111.19178546 -0.76910334
218.95929176 111.66113863 -0.77575202
218.02433713 112.15440726 -0.77308871
217.11170968 112.57122619 -0.78523125
216.15607128 112.97169203 -0.80792420
215.09201651 113.40137005 -0.80929829
214.09443311 113.77831955 -0.81495446
212.99526897 114.18225863 -0.80795359
212.00297910 114.55095593 -0.80125423
211.01997743 114.91788410 -0.81156122
209.99337346 115.34863692 -0.79864825
209.08836891 115.75162117 -0.79757207
208.18073023 116.15499990 -0.83113797
207.17090180 116.58637311 -0.87203280
206.27943326 116.99697819 -0.86963972
205.40379865 117.41214234 -0.86165729
204.48983676 117.88959738 -0.82913264
203.67569245 118.33252497 -0.80466418
202.79219479 118.81902057 -0.79029233
201.99373718 119.27132286 -0.79773324
201.22847085 119.74569440 -0.78569503
200.37826368 120.24973977 -0.76374710
199.59831842 120.71351532 -0.72499948
198.82166794 121.17189892 -0.69322504
197.99627939 121.68500377 -0.62045100
197.26048568 122.15876830 -0.56497948
196.44600114 122.67248648 -0.55170743
195.67750311 123.12728697 -0.53642741
194.87866450 123.56109941 -0.49028449
193.98265073 124.01357382 -0.46136427
193.16113691 124.42066700 -0.44054035
192.32570389 124.81636114 -0.39131096
191.38948452 125.21684828 -0.35101030
190.51585509 125.56512415 -0.35895548
189.60458016 125.88451372 -0.37243136
188.58376517 126.20440165 -0.38264392
187.66865717 126.49580838 -0.40216290
186.68786424 126.80618185 -0.43540089
185.79242336 127.07867448 -0.46268123
184.92858612 127.35562905 -0.46823918
184.00660031 127.67168942 -0.48225807
183.23097581 127.98392687 -0.50227705
182.50443043 128.30450544 -0.51472646
181.75418158 128.65195153 -0.51501020
181.12856787 128.98192382 -0.52385857
180.57920962 129.34027064 -0.53476383
180.05898333 129.76335398 -0.52869843
179.70357756 130.20932508 -0.49449517
179.41395714 130.74577697 -0.45154728
179.24555136 131.29066957 -0.41272437
179.18841161 131.91049339 -0.37063367
179.25250902 132.68551073 -0.30528271
179.41561324 133.49227856 -0.22326751
179.66713517 134.40443571 -0.11795797
179.93856919 135.46226857 -0.01712948
180.21488483 136.51885758 0.07170605
180.49590431 137.74443214 0.16265242
180.72827392 138.92831577 0.24403912
180.92507221 140.17605925 0.31511589
181.06244170 141.57790797 0.36333890
181.11204643 142.86551426 0.39502027
181.07836571 144.28193321 0.43879470
180.97542880 145.58371160 0.48025088
180.79812865 146.87783437 0.51490392
180.52395756 148.26919012 0.55911163
180.20745577 149.50971383 0.60872045
179.85363905 150.69209843 0.65144911
179.41248931 151.91002143 0.69015565
179.00168040 152.93750456 0.70687348
178.55563478 153.95870653 0.70332267
178.17374780 154.80887840 0.68708010
177.82150099 155.59357271 0.66427197
177.48392186 156.40913786 0.64725619
177.22745083 157.13130779 0.62872866
177.00989553 157.82584001 0.61163879
176.82254347 158.55747321 0.59209201
176.70137478 159.19869421 0.57654609
176.63848108 159.82598403 0.55844597
176.63170787 160.50003212 0.54062439
176.67127328 161.10999173 0.52077054
176.76778555 161.77024559 0.50531336
176.91250306 162.36489290 0.48840805
177.10419056 162.95935439 0.47617557
177.35097488 163.62572082 0.47107919
177.59914397 164.23164048 0.46790372
177.86984927 164.84225232 0.46704106
178.18619427 165.52256138 0.45726778
178.48289297 166.14599755 0.44542737
178.79868183 166.77082555 0.43092877
179.17288758 167.45967767 0.41914670
179.51649648 168.09260098 0.41628290
179.87117435 168.73793789 0.41434804
180.26811919 169.45759380 0.41467355
180.63746813 170.11680938 0.42627517
181.01141427 170.78112171 0.43388113
181.42375282 171.51532702 0.44778521
181.80163443 172.19835536 0.45851578
182.18984145 172.88468037 0.47944181
182.62930449 173.65193048 0.50649061
183.03155484 174.35767942 0.53575248
183.47269234 175.14843803 0.56017930
183.87227829 175.87562067 0.58343219
184.26873961 176.61477561 0.60114593
184.69928223 177.43907816 0.60143292
185.09078368 178.19887298 0.59799823
185.48550040 178.96496930 0.59398976
185.92629097 179.81381013 0.58418289
186.33501673 180.59166304 0.57592550
186.74973686 181.38024515 0.57726392
187.21178084 182.25827983 0.59081929
187.63536508 183.06615942 0.60532373
188.10200765 183.96408719 0.61123160
188.53131166 184.78859745 0.61109350
188.96810017 185.62262030 0.60443646
189.45452863 186.54874952 0.59365049
189.89462896 187.40535434 0.59174353
190.34300893 188.26713397 0.58980204
190.84565201 189.22963157 0.60567981
191.30761679 190.12491742 0.63508645
191.76398685 191.03573855 0.65407063
192.27652136 192.02814257 0.64637725
192.74423538 192.93650524 0.63464828
193.26503897 193.93526376 0.63118607
193.73976987 194.85384807 0.63908768
194.21491531 195.77665300 0.65426592
194.73282347 196.78874499 0.66162371
195.20189642 197.71087711 0.66260847
195.67120298 198.63484972 0.66389346
196.18842040 199.65212368 0.65869136
196.65929109 200.57350552 0.65344369
197.13048073 201.49228430 0.64860015
197.64999946 202.49793758 0.64377475
198.12117201 203.41566777 0.65170561
198.63629956 204.42122059 0.65901089
199.10070034 205.33536655 0.66262574
199.56477055 206.24777131 0.67304143
200.07375438 207.25330701 0.69028607
200.53280542 208.16610248 0.70113326
200.98701734 209.07600162 0.69461274
201.48572754 210.07053498 0.68147864
201.94012516 210.97220652 0.67980672
202.39479380 211.87410888 0.68309582
202.89822240 212.87141825 0.68898897
203.35562855 213.78404030 0.68438028
203.85406097 214.78338854 0.66989075
204.30572109 215.69325795 0.64755043
204.76079627 216.60011605 0.62684743
205.25965269 217.59766615 0.59594658
205.71307618 218.49976158 0.58713869
206.16345413 219.39898889 0.57530027
206.65532994 220.38864592 0.55602494
207.10263719 221.28267533 0.53847263
207.59851443 222.26216957 0.51953938
208.05241388 223.14840116 0.50769979
208.49974720 224.03578662 0.49343020
208.98583701 225.00810505 0.48863863
209.42952584 225.89615700 0.47826905
209.86868733 226.78428002 0.47883198
210.33883555 227.76410121 0.46269014
210.76731407 228.65055110 0.44158175
211.19639565 229.53332191 0.42500987
211.66466389 230.50420544 0.40327763
212.08858740 231.38788423 0.38774295
212.55223178 232.36331912 0.38418952
212.96903591 233.25059260 0.38477656
213.37643490 234.13917905 0.37227822
213.82411716 235.11545599 0.36619108
214.22361877 236.00791123 0.36784920
214.61795290 236.90146957 0.37892779
215.04738942 237.87608435 0.38243151
215.43196071 238.76256635 0.37494112
215.81267318 239.65082704 0.36997353
216.22214469 240.63126878 0.36586875
216.58508178 241.52534847 0.36111012
216.98234477 242.50760759 0.35968227
217.34580694 243.39960633 0.35068013
217.71193795 244.28800862 0.34372192
218.11815708 245.26559862 0.34493356
218.48943797 246.15288794 0.34904184
218.86435134 247.03888477 0.34821781
219.28334395 248.01134654 0.33703552
219.66646001 248.89603624 0.32534930
220.09096439 249.86717163 0.30553818
220.48148189 250.74865608 0.28319680
220.88038722 251.62736832 0.26326180
221.33080116 252.59262742 0.25729063
221.74942569 253.46903393 0.25734478
222.18611569 254.33305886 0.25958235
222.67264263 255.28121490 0.25296940
223.12146518 256.13150312 0.23319170
223.56812327 256.99210160 0.22316696
224.06450282 257.94064412 0.21681254
224.51276869 258.80716823 0.20250964
225.01154790 259.75843470 0.18270896
225.47054808 260.62578233 0.17992616
225.92927797 261.49428372 0.18607814
226.42826072 262.44766381 0.17650902
226.87604810 263.31081285 0.16829931
227.32510282 264.16583823 0.16425234
227.82157608 265.10354532 0.16160258
228.27453861 265.95135701 0.16722629
228.72599125 266.80138381 0.16591121
229.22019960 267.72745863 0.14858774
229.66504862 268.57019972 0.13457348
230.14980221 269.49133434 0.12603577
230.58611086 270.31949417 0.11212567
231.02185991 271.13322399 0.09080259
231.49844898 272.01215365 0.06946034
231.92832505 272.80019823 0.06103367
232.35322988 273.57624526 0.05626567
232.81075950 274.42204810 0.04518152
233.22026554 275.17909232 0.03369802
233.66164430 276.00328394 0.02693080
234.05927468 276.73741871 0.01805809
234.45370189 277.45792175 0.00752133
234.88793420 278.23134211 0.00444529
235.28148226 278.91364868 0.00564101
235.67137422 279.58013951 0.01241891
236.09327612 280.29083616 0.01081030
236.46842434 280.91845459 0.00056121
236.83340726 281.52683467 -0.01213607
237.22458951 282.17930250 -0.02483752
237.57424959 282.75259438 -0.03365563
237.95392563 283.37188255 -0.03359829
238.29431826 283.93222684 -0.02964353
238.63036643 284.49319591 -0.02972683
239.00006081 285.10896010 -0.03202865
239.33800690 285.66720578 -0.02436712
239.67700997 286.22578535 -0.01016146
240.04327044 286.84062286 -0.00415544
240.36862097 287.39965150 -0.00700622
240.69016782 287.96383096 -0.00583700
241.03466786 288.59185793 -0.01082398
241.34571313 289.16928909 -0.01348357
241.68376941 289.81450280 -0.00910895
241.98375213 290.41752345 -0.00270833
242.27398259 291.03466612 -0.00047913
242.59179768 291.72815028 0.00065872
242.88429441 292.37047329 -0.00344893
243.17370834 293.02512097 -0.00342852
243.48377794 293.76024545 -0.00190313
243.76226862 294.43855042 0.00292545
244.04800305 295.12438455 0.00530188
244.36554725 295.89090363 0.00358795
244.65296096 296.60021193 0.00538924
244.97229626 297.39044029 0.00067566
245.27828624 298.11207304 -0.01218838
245.59399280 298.84147780 -0.02989397
245.95247143 299.65502472 -0.03848006
246.28921922 300.40578614 -0.04019644
246.64135485 301.16180125 -0.03632574
247.04241014 302.00174585 -0.04708083
247.42045111 302.76952012 -0.06314478
247.85741254 303.62100525 -0.06971464
248.27475471 304.40212411 -0.06828885
248.70671528 305.19168926 -0.05330010
249.19496745 306.07620074 -0.03503706
249.65456583 306.87571967 -0.00974898
250.12292195 307.68531415 0.00605557
250.64812301 308.58518532 0.01774034
251.13746168 309.41855055 0.02379028
251.63766073 310.26773101 0.03176964
252.19397910 311.21860830 0.04656116
252.69820326 312.09973679 0.04787837
253.25648250 313.08116384 0.04846375
253.77000733 313.98234584 0.05448990
254.28485199 314.88782169 0.06634065
254.84484310 315.88790875 0.07057797
255.34997162 316.79384724 0.07397075
255.85213409 317.70230876 0.07908402
256.39961712 318.70667984 0.10157120
256.89159823 319.62461382 0.11888298
257.42374732 320.63439106 0.12799975
257.90400133 321.55055006 0.11991067
258.38476735 322.46353906 0.11314851
258.91242409 323.46725455 0.11508690
259.38994299 324.37889550 0.12058253
259.85775445 325.28662747 0.12151305
260.37184744 326.28526839 0.12260952
260.83769118 327.19046149 0.13268577
261.30374444 328.09422725 0.14444204
261.81404956 329.08627257 0.15064181
262.27709393 329.98442193 0.14731429
262.78584101 330.96856201 0.13336597
263.24891960 331.85880989 0.11900798
263.70943367 332.74805019 0.11414963
264.20994101 333.72513179 0.11316474
264.66541565 334.61030517 0.12009378
265.11930918 335.48793016 0.12423000
265.62083249 336.44479833 0.13718101
266.07366550 337.30451981 0.15355291
266.52126874 338.15575075 0.15786305
267.00572598 339.07758342 0.15398588
267.43797492 339.90468263 0.15259516
267.90338975 340.80044781 0.15614318
268.32009371 341.60445767 0.16777660
268.73044114 342.39775843 0.17728259
269.16813907 343.25853125 0.18712804
269.55896895 344.03119157 0.19755216
269.94344610 344.79187601 0.20615314
270.35283614 345.62275007 0.21653908
270.70618552 346.36916528 0.22110042
271.05050324 347.10554484 0.21947168
271.41701762 347.90501384 0.21825634
271.74047558 348.61890282 0.21964277
272.08498429 349.39210309 0.22419421
272.38886155 350.08211463 0.23112148
272.68355461 350.76238381 0.24256019
272.99438441 351.49663805 0.25716693
273.26775124 352.14803268 0.27018062
273.52196991 352.78550943 0.28001823
273.78456206 353.46921635 0.29020200
274.00687209 354.07060276 0.29457597
274.23567087 354.70455516 0.29699464
274.42633911 355.25141636 0.29905732
274.60598494 355.76844750 0.29920355
274.79946617 356.30866527 0.29324358
274.97288458 356.77293949 0.28366274
275.14673637 357.21421250 0.27158670
275.34500071 357.66867909 0.25634013
275.65820374 357.86913092 0.23470544
275.97870542 358.06770069 0.21182202
276.30747842 358.26583268 0.18791028
276.64481713 358.46449909 0.16312797
276.99143981 358.66503254 0.13788029
277.34721238 358.86901422 0.11248689
277.71156183 359.07861292 0.08745578
278.08356308 359.29536711 0.06300824
278.46218119 359.52087306 0.03972173
278.84583724 359.75632074 0.01748898
279.23279871 360.00317905 -0.00358514
279.62064960 360.26252614 -0.02354319
280.00632482 360.53506503 -0.04212551
280.38695762 360.82105816 -0.05910585
280.75879777 361.12023784 -0.07470677
281.11771241 361.43119567 -0.08865373
281.55466912 361.51890203 -0.10832417
281.93615369 361.58259225 -0.12542820
282.30114985 361.62194991 -0.14758292
282.68523019 361.61827902 -0.16543454
283.02657481 361.56662975 -0.17358094
283.36878090 361.47795918 -0.18149948
283.75010247 361.34840938 -0.19776838
284.09957840 361.19450044 -0.21017176
284.45589106 361.00612705 -0.21359827
284.86418115 360.75850277 -0.20559139
285.26140242 360.50845049 -0.19886605
285.68371222 360.24567099 -0.20111370
286.16879262 359.94199475 -0.20712323
286.64855493 359.66584097 -0.21544052
287.15816835 359.39215631 -0.22104496
287.74611546 359.09041657 -0.22374821
288.29566075 358.80985022 -0.22848746
288.85705811 358.51945029 -0.23932840
289.49271637 358.19315143 -0.25210524
290.08348649 357.88905773 -0.26007141
290.68776152 357.57782444 -0.26408439
291.36524912 357.22988141 -0.26887485
291.98918193 356.90564699 -0.27412826
292.68783381 356.54014070 -0.28455738
293.34135034 356.20321557 -0.28303866
294.01571781 355.86913545 -0.27333304
294.77361751 355.49626445 -0.25984151
295.47601453 355.15132653 -0.26208386
296.18503239 354.79808854 -0.26890962
296.97491929 354.39956159 -0.27047936
297.70573898 354.03464335 -0.26909187
298.44600735 353.66398373 -0.26785550
299.27280218 353.25680276 -0.27578309
300.02747111 352.87912473 -0.28985079
300.86205381 352.45537068 -0.29971235
301.62955996 352.06046292 -0.29962736
302.40996615 351.66575186 -0.28660934
303.27943010 351.23063761 -0.26775900
304.07697756 350.82845876 -0.25901299
304.87320085 350.41675612 -0.26050264
305.74963655 349.95398521 -0.26863153
306.54904583 349.52874875 -0.27668094
307.43524697 349.05259495 -0.28428339
308.25446895 348.62495410 -0.28993168
309.07909437 348.19819604 -0.29070042
309.99358362 347.72804355 -0.29224961
310.82919184 347.29839084 -0.29562452
311.66619165 346.86963367 -0.29506605
312.58433707 346.39662122 -0.29635369
313.41582208 345.96360482 -0.30016979
314.25166018 345.53240324 -0.29674888
315.17523867 345.05915772 -0.28782696
316.01672959 344.62949062 -0.28544417
316.94568868 344.16415766 -0.28449037
317.78873783 343.73937581 -0.28884135
318.63292589 343.31571149 -0.29896040
319.55190138 342.84894053 -0.30943288
320.38031347 342.42268141 -0.31314596
321.20353189 341.98871853 -0.31773958
322.10701446 341.50710841 -0.32283178
322.92906345 341.06752118 -0.32044785
323.75702766 340.62952789 -0.32211211
324.66896915 340.14680681 -0.33175246
325.49394053 339.71461778 -0.33912249
326.39348889 339.24083927 -0.34531555
327.20788938 338.81675291 -0.34352060
328.01869735 338.39532926 -0.33004846
328.91462579 337.92979183 -0.31486675
329.73752201 337.51316611 -0.29912099
330.55820927 337.10385555 -0.28216040
331.45034245 336.64613910 -0.28641302
332.25268622 336.23011456 -0.29512497
333.12639007 335.77351131 -0.30529219
333.91429413 335.36406860 -0.30470640
334.70016587 334.95493290 -0.30020066
335.56446494 334.51161049 -0.28700356
336.34875565 334.11530009 -0.27128877
337.13537885 333.72481003 -0.25471188
338.00572168 333.29776219 -0.23213331
338.80790657 332.91840891 -0.21844452
339.61098424 332.54171825 -0.21680689
340.49756982 332.13333511 -0.21597142
341.30723645 331.77137028 -0.22160376
342.20215927 331.38394294 -0.22490529
343.01297411 331.03839248 -0.22618671
343.82041584 330.69819550 -0.22676423
344.71331537 330.33558456 -0.22611332
345.52982446 330.01585753 -0.21958863
346.34976852 329.70428733 -0.20830742
347.25074638 329.36961807 -0.20989718
348.06122806 329.07266590 -0.22301108
348.86334235 328.78299672 -0.23206546
349.74969822 328.46916890 -0.23563474
350.56372096 328.19012035 -0.23280608
351.46855166 327.89695957 -0.22828641
352.28751719 327.63712806 -0.23752743
353.09675196 327.38321384 -0.25478328
353.98109246 327.10732887 -0.27776917
354.79029102 326.86160460 -0.28561430
355.60865231 326.62396805 -0.27867984
356.51229920 326.37108164 -0.27802541
357.33021420 326.14719325 -0.28893976
358.22307793 325.90863400 -0.30755187
359.02861588 325.70212818 -0.32311498
359.83193863 325.50884847 -0.33237613
360.72018480 325.31569029 -0.32768218
361.52857866 325.14775104 -0.31806154
362.33970660 324.98180598 -0.31213119
363.23206304 324.80865118 -0.30256422
364.04070089 324.66140412 -0.29842981
364.84061644 324.52139770 -0.30649036
365.71289034 324.36359919 -0.32247808
366.50846494 324.22747566 -0.33120186
367.38782241 324.09147445 -0.32547281
368.19129230 323.96957347 -0.31535401
368.99428826 323.84796856 -0.31165156
369.86823610 323.72301002 -0.31835679
370.65524731 323.61211144 -0.32443188
371.44254794 323.50685654 -0.31730918
372.31359498 323.40221388 -0.29601469
373.10529698 323.31600273 -0.27936199
373.97148215 323.22851113 -0.26422486
374.75526335 323.15778851 -0.25127526
375.53681835 323.09250748 -0.23605129
376.39451056 323.03028116 -0.22110654
377.16934470 322.98068365 -0.20529686
377.93809511 322.93579128 -0.19431442
378.77519776 322.89022226 -0.18686633
379.53093051 322.85844039 -0.18034034
380.28410269 322.83490885 -0.16419598
381.11620517 322.81565099 -0.13064572
381.87476144 322.80461650 -0.09744027
382.69955130 322.79521280 -0.07014805
383.43231210 322.79344977 -0.05913786
384.14449954 322.79942832 -0.05412006
384.90879745 322.81678239 -0.05196792
385.58808062 322.83811922 -0.04533501
386.25303455 322.86701629 -0.03386066
386.96724700 322.90467678 -0.01803007
387.59907270 322.94377249 -0.00742641
388.21276904 322.98590198 0.00259045
388.86422673 323.03427825 0.01302631
389.43519049 323.07947795 0.01526801
390.03591818 323.13675664 0.01833203
390.56065289 323.18789766 0.02019932
391.06451789 323.23820950 0.02122528
391.59611884 323.29002994 0.02761505
392.05949337 323.33900871 0.03906687
392.54362837 323.38224269 0.05203523
392.95644772 323.41723640 0.05886398
393.34748443 323.44198558 0.06068159
393.76045004 323.46879343 0.05338612
394.12548157 323.48537551 0.04121557
394.48306565 323.49716070 0.02076440
394.86775911 323.50950103 -0.00506715
395.21101657 323.51653901 -0.02183503
395.58044825 323.51530023 -0.03527852
395.90676799 323.49506665 -0.04080531
396.21969024 323.46586421 -0.04417584
396.54180853 323.41177034 -0.04116150
396.81645029 323.34751309 -0.03954510
397.07307120 323.27078411 -0.03846629
397.33386860 323.17072172 -0.04109824
397.55076378 323.05351770 -0.03830342
397.76922893 322.88512868 -0.03021266
397.94913472 322.68808302 -0.02151830
398.10854674 322.44444720 -0.00799519
398.26906763 322.12592281 0.01899851
398.40177268 321.78233939 0.05728203
398.52510472 321.38291950 0.10450105
398.64711066 320.86514951 0.16543018
398.74702982 320.30386355 0.22629515
398.85697440 319.57268586 0.30295381
398.96929616 318.78604324 0.38263716
399.10694062 317.86756098 0.47688168
399.31169753 316.69896424 0.60282683
399.56609701 315.48599254 0.73689672
399.90550651 314.16436539 0.88542480
400.37607160 312.63637335 1.05976708
400.87398894 311.24475256 1.21492375
401.40598992 309.89521619 1.36051274
401.99962427 308.47454042 1.50514276
402.51967778 307.26054175 1.61868609
403.01077400 306.10018447 1.71976850
403.52381407 304.86640913 1.81948669
403.95635232 303.77886109 1.90043104
404.36325937 302.70580926 1.97607098
404.77426919 301.54454389 2.03993700
405.09481362 300.52747630 2.08807220
405.35001553 299.55704740 2.11652571
405.57544167 298.53183150 2.13483624
405.76756145 297.59552807 2.14242805
405.95055840 296.65041015 2.14690101
406.15437389 295.59209960 2.15237546
406.32627533 294.61796838 2.15678304
406.49171206 293.63248408 2.14528413
406.68370278 292.53107087 2.13721900
406.83577331 291.53346075 2.13285265
406.98316138 290.44796639 2.13318076
407.11201530 289.46311139 2.14612336
407.22302875 288.49376530 2.15660979
407.32609122 287.45220861 2.15899498
407.39417798 286.52777025 2.15089202
407.46513118 285.60506277 2.14650442
407.54237625 284.59651870 2.13334848
407.61464868 283.67906853 2.12087940
407.69684170 282.75493401 2.10719237
407.78729695 281.74137109 2.09130547
407.87565638 280.81400177 2.07964491
407.97196270 279.80329528 2.06141656
408.07360968 278.86915261 2.06049957
408.18277494 277.93155856 2.06847949
408.30211532 276.90720223 2.06518357
408.41498563 275.97353526 2.05404784
408.52977059 275.04086844 2.03368232
408.67313571 274.00479953 2.01926414
408.81340460 273.05015231 2.01351388
408.95618526 272.09524630 2.00841129
409.11847893 271.04357582 2.00646299
409.27239916 270.07967300 2.00868219
409.45107636 269.01051732 2.01549741
409.60789528 268.04363195 2.02878857
409.76747253 267.07607274 2.04445903
409.93551590 266.02037706 2.05896542
410.07600532 265.07161974 2.06890287
410.19639990 264.14687184 2.05938570
410.30395827 263.16305023 2.02453461
410.40518287 262.26787490 1.99398745
410.51428776 261.28835843 1.97220978
410.59413954 260.41448603 1.95480940
410.67185615 259.54417776 1.93213691
410.77353550 258.56680808 1.92035443
410.86724070 257.67280687 1.90760464
410.96685195 256.77095580 1.88407878
411.09548964 255.75144614 1.87837256
411.22618120 254.79564042 1.89488589
411.36340126 253.83406474 1.89753027
411.52210216 252.77061363 1.86611567
411.69407826 251.76092362 1.85651737
411.88839225 250.63814343 1.84737018
412.05617882 249.61312269 1.82834130
412.23295719 248.57172560 1.81163148
412.40300197 247.53713407 1.79420799
412.57616154 246.50048653 1.77758190
412.74920542 245.46200062 1.76091652
412.91990484 244.42679938 1.74423089
413.08755679 243.39490384 1.72645795
413.25361442 242.36355178 1.70911719
413.42089873 241.33218057 1.69249189
413.58746072 240.30131990 1.67465686
413.75416250 239.27166963 1.65760686
413.91770431 238.24246735 1.64039933
414.08232497 237.21424127 1.62270832
414.25068330 236.18299458 1.60618524
414.41501118 235.15726074 1.58869861
414.58209891 234.12931143 1.57139252
414.74479642 233.10417967 1.55353884
414.90912734 232.07913782 1.53648523
415.09127666 231.04449501 1.52397598
415.26060495 230.10348635 1.52186150
415.43802628 229.16960939 1.52439593
415.64269935 228.15619929 1.52238472
415.79733000 227.41407886 1.52811112
415.91075639 226.60996030 1.54267182
416.10087607 225.71815250 1.57541378
416.38903475 224.73006474 1.63088494
416.78346687 223.64480065 1.70747308
417.29825670 222.46140370 1.80789362
417.96226989 221.17598632 1.93534186
418.81654812 219.78384620 2.09493016
419.91034324 218.28399627 2.29303682
421.30095773 216.67936575 2.53553304
423.08813388 214.98105688 2.83459730
425.36869880 213.21598015 3.20016633
428.29817998 211.42197009 3.64929714
432.06670526 209.67460325 4.20394108
436.90576754 208.10141415 4.88673753
443.14912420 206.90228689 5.73468680
449.82644975 206.55421174 6.63446531
460.22994967 207.30082459 7.99504529
472.97426070 209.97509200 9.60142733
489.59172530 215.76302321 11.58324237
512.92272326 227.54251754 14.16631896
539.46451835 245.63502493 16.92939523
574.95486192 276.98811369 20.45883509
613.62691481 320.58012595 24.08218073
658.87805223 384.66801766 27.97884136
715.42588487 487.63969314 32.40031881
771.23210484 621.86883236 36.24563408
827.54119488 805.49325737 38.92817804
-525.39686613 120.06990895 -145.60774891
-244.70695684 851.43572188 -130.20986291
978.62258796 794.37565341 74.52031141
-156.83072943 532.54390507 -102.97443578
-74.24093045 438.63303087 -86.10762423
-2.84982956 367.61288261 -72.51206406
46.73972546 323.67883519 -63.40726360
88.64939356 290.14172940 -55.93797761
130.14353674 260.65646831 -48.64967758
163.74289505 239.54505999 -42.71879800
193.05578255 223.27549755 -37.62208515
221.10864160 209.72491137 -32.74292545
242.60919266 200.82443460 -28.98207607
260.92330446 194.28174414 -25.72158426
278.11792477 189.16566364 -22.64929218
291.69136939 185.87280574 -20.22303132
303.33336657 183.69794222 -18.14446980
314.37337106 182.23914464 -16.03025200
322.84428163 181.55690131 -14.31707074
330.83602682 181.34107116 -12.66824028
336.80882047 181.49045163 -11.48150387
341.82983979 181.89244773 -10.48763608
346.18001838 182.51184795 -9.64829869
349.34032726 183.18368505 -9.01576263
352.19982693 183.93032146 -8.42543571
355.11536419 184.84393084 -7.86770343
357.60605295 185.80030401 -7.41515109
359.74300143 186.80096273 -6.91800554
361.46704373 187.86705601 -6.40985321
362.51617283 188.78683580 -5.97211273
363.15909239 189.63518974 -5.62666767
363.64646271 190.53223001 -5.30680457
363.78186313 191.26099859 -5.10778790
363.50890508 191.92756546 -5.01343981
363.12272380 192.50082477 -4.92131113
362.77093249 193.11148706 -4.80360744
362.25464955 193.73932681 -4.74312412
361.68008533 194.29022282 -4.67899769
361.11978896 194.85184616 -4.60429728
360.54341085 195.48544012 -4.52312254
359.89579578 196.03540034 -4.52747220
359.30194875 196.60499617 -4.50253715
358.55540854 197.19255906 -4.48972046
357.93692032 197.77062112 -4.43838210
357.27953168 198.40997669 -4.39632743
356.65873455 199.00909514 -4.37762132
355.98532304 199.58447609 -4.34633922
355.20198410 200.20219587 -4.28833331
354.49446761 200.77266315 -4.24177404
353.77575409 201.35189983 -4.21636284
353.02181858 201.99939807 -4.18539536
352.33491194 202.59982174 -4.15210981
351.69078670 203.21644603 -4.08940924
350.93030119 203.86546697 -4.06266371
350.24390650 204.47887815 -4.01350386
349.41905296 205.09861938 -3.97790546
348.65498163 205.67285129 -3.93726099
347.86067996 206.23075325 -3.92231054
347.00302460 206.84303303 -3.90374791
346.20968082 207.39966095 -3.88050870
345.43781535 207.97120381 -3.83191441
344.60660909 208.59258037 -3.77425186
343.81820489 209.16278506 -3.74349412
343.06080654 209.74870864 -3.69792254
342.19388085 210.35736957 -3.67292766
341.37451214 210.90151549 -3.66301324
340.43213566 211.46313864 -3.64819627
339.55156272 211.95187032 -3.61861306
338.65411137 212.43873402 -3.58076926
337.69409943 212.96952690 -3.53645452
336.80445603 213.45325322 -3.51698551
335.86877292 213.90999555 -3.53945269
334.85458564 214.40873787 -3.54670088
333.95755022 214.88147193 -3.55784143
333.07270783 215.35729231 -3.56182642
332.10553556 215.87550549 -3.55632432
331.27519193 216.37955784 -3.51822583
330.36148109 216.91899670 -3.49380213
329.52972280 217.40764749 -3.48685649
328.74488000 217.93933138 -3.47995107
327.96510469 218.54757530 -3.45847366
327.26900003 219.11789962 -3.44507912
326.63167800 219.70896957 -3.39593929
326.00150925 220.38285267 -3.29905403
325.42332693 220.98347188 -3.25012876
324.90545724 221.61299449 -3.16191589
324.34441253 222.29413588 -3.06619733
323.85123278 222.91511767 -2.99833042
323.36256311 223.60374801 -2.93526256
322.94995829 224.24905195 -2.85923784
322.56125037 224.88925072 -2.77883604
322.06578687 225.53315649 -2.70263595
321.47645627 226.01807554 -2.64361099
320.76350675 226.39780430 -2.59469875
319.85138227 226.69826550 -2.57500794
318.93622245 226.89366130 -2.57299487
317.86709535 226.97567453 -2.58744546
316.47983470 226.91040874 -2.64693970
314.96563492 226.69372020 -2.76293587
313.07058406 226.30699178 -2.93639862
311.12451343 225.84493463 -3.12821062
308.93174726 225.27525646 -3.36143777
306.10905362 224.47581505 -3.68608247
302.73461305 223.46893379 -4.08244966
298.15172116 222.11955157 -4.65422130
291.31526751 220.32824054 -5.57967244
282.73354520 218.54906606 -6.81018607
271.14886349 216.94938634 -8.52124783
253.96960284 216.00914115 -11.15915186
232.79826011 216.90878435 -14.42733441
204.82378650 220.90356505 -18.82922727
164.33269192 231.24396046 -25.34994969
114.86954064 250.08120926 -33.99717881
50.67305604 283.02581835 -45.71649677
385.87817543 -129.53132762 27.40528126
343.55162920 -236.02422962 27.33658956
276.88432414 -365.88876748 25.86492883
286.62439780 1033.32967381 -49.90316433
-287.24315088 878.91074704 -138.85968924
685.10942924 854.11457778 25.01476102
638.55567272 667.42535573 27.40182644
599.30501399 553.12896647 26.90777438
561.83782239 467.68115388 25.09953187
533.45701989 414.29632071 23.28355609
510.56685414 377.03759331 21.65673315
490.30488524 348.40880878 20.40316682
476.05258053 330.07676833 19.59673909
463.16343433 314.88276471 18.78858353
453.80798138 304.48016339 18.20201284
446.02135719 296.29136261 17.58125207
438.98877160 289.19277050 16.81579485
433.52084235 283.84536663 16.14228843
429.14155384 279.63656228 15.62357013
426.05742184 276.64521912 15.30248557
423.60070001 274.24771212 15.06772552
421.81432406 272.45377120 14.91011691
420.53250260 271.02982781 14.76691067
418.79619854 269.22066870 14.54326205
416.74616237 267.12670167 14.31172944
414.57323918 264.96442356 14.11517247
411.78969870 262.42192112 13.97458371
409.37954869 260.17250859 13.78505340
406.91869047 257.90109415 13.56836075
404.59340500 255.74730097 13.32535958
403.01541804 254.13478145 13.11691483
401.59145729 252.62555843 13.01357218
400.19431562 251.14200972 13.06084378
398.67532271 249.60568981 13.11829161
397.32185798 248.18048921 13.19297911
395.71410897 246.52459337 13.19169375
394.23777361 244.99394689 13.11573046
392.54577891 243.31608846 13.08281515
391.24468520 241.94772749 13.12689293
390.33998541 240.80095267 13.06454973
389.98941007 239.91377900 12.85297226
389.63020231 238.99883550 12.68427295
389.19795508 238.11082287 12.75330174
388.65436539 237.11842642 12.87836824
388.08843231 236.10545901 12.84231748
387.43812700 235.02686005 12.76708156
386.69146366 233.91366151 12.80608644
385.95787880 232.81038405 12.75661165
385.24716648 231.67197973 12.68593010
384.45980424 230.49079609 12.60518262
383.38115044 229.17506042 12.57218212
382.18122701 227.70703963 12.46097898
381.07167520 226.40443085 12.55182010
380.18499531 225.25427430 12.64450400
379.61860796 224.20725884 12.51975535
379.20365817 223.25510901 12.39532432
378.79632704 222.28978870 12.44691165
378.40225778 221.42163804 12.74504550
377.98837757 220.57329038 13.01057434
377.49188677 219.61694499 13.02317872
377.15082394 218.74147255 12.91432906
376.69889228 217.78894546 12.74952817
376.26103009 216.79063352 12.70124623
375.71367989 215.81687363 12.85159276
375.06514449 214.81610551 12.98592526
374.55810003 213.81341836 12.89597657
374.24387105 212.90284480 12.77148976
373.96172349 211.99565178 12.77252832
373.41906173 211.01546859 12.96926845
372.83658468 210.04860341 13.16335632
372.26899941 209.02404118 13.23403186
371.99308897 208.18392299 13.22102634
371.59181393 207.29691499 13.29892224
371.02144797 206.27830804 13.40814683
370.48351200 205.29550317 13.40226222
369.84543060 204.21321218 13.28267952
369.26685909 203.09948048 13.12284651
368.49481488 201.90925699 13.03099192
367.57382345 200.60051197 13.01238245
366.80237406 199.45678586 13.14111456
366.00301245 198.31177213 13.24270025
365.40314437 197.25363397 13.41470497
364.95042331 196.33149004 13.50794360
364.74505501 195.52438590 13.41700337
364.45664068 194.58872267 13.24133616
363.93583584 193.59935224 13.22597473
363.23683590 192.52069302 13.22217265
362.51159210 191.33449723 13.03125132
361.85267919 190.21820205 12.85632023
360.96621361 188.94047784 12.78390436
360.07483419 187.72162779 12.80825946
358.97422047 186.40178557 12.90655532
357.59259094 184.90193273 13.00426536
356.50103713 183.60678990 12.87428494
355.81939828 182.47685309 12.54302895
354.98570708 181.12355986 12.09768034
354.01825022 179.79628495 12.05213029
352.86240487 178.43316038 12.19486648
351.88702049 177.14002569 12.45881316
350.93866912 175.94138237 12.62681570
350.28918839 174.90419255 12.75077339
349.67647586 173.79970272 12.69723511
349.34177016 172.88895041 12.72165822
348.91403898 171.93487694 12.74330736
348.64928987 171.07438088 12.58229138
348.37409372 170.11399992 12.25807363
347.96382850 169.07057347 12.13768899
347.29949191 167.99328989 12.28844029
346.53515875 166.87264961 12.49170188
345.83859508 165.78693352 12.83774207
345.38694522 164.90137782 13.08191297
344.97048080 164.05210591 13.12177735
344.87382846 163.27926438 12.89582888
345.00150866 162.56498653 12.50155186
344.76472263 161.57978717 12.24363382
343.96229271 160.43048708 12.49873516
342.91706439 159.21224411 12.90792761
341.97098898 158.03686512 13.23043064
341.08321426 156.89355320 13.41172181
340.14377458 155.72623774 13.51555832
339.31477232 154.55544095 13.34744102
338.85818252 153.59728773 13.04830469
338.60040855 152.68519693 12.75224598
338.49455815 151.92666934 12.56703695
338.64670128 151.30405889 12.40444464
338.73525156 150.61675915 12.44785758
338.48083935 149.81318777 12.65656783
337.89110637 148.86507069 13.00887214
336.75090317 147.62273851 13.29926947
335.79096947 146.47985818 13.32186283
334.94664924 145.39011280 13.10190386
334.11128177 144.21959875 12.73672157
333.38670782 143.12010373 12.39705215
332.52489189 141.89929270 12.16038758
331.72278963 140.78924613 12.17082116
330.70471546 139.64252981 12.35064295
329.68317691 138.48237037 12.51568467
328.97295032 137.53888610 12.44468067
328.37931312 136.64467783 12.24361954
327.79874382 135.69528714 12.07291104
326.94323745 134.68618376 11.96309104
326.11439032 133.69894367 11.92101955
325.32022461 132.69925254 11.87839063
324.39096246 131.68309097 11.85036920
323.16836825 130.50342257 11.85393337
321.95600235 129.41414639 11.99480417
320.80102230 128.38589021 12.02956449
319.86025534 127.42209309 11.92475532
319.03186356 126.52966307 11.72873038
318.19193311 125.63617481 11.58257913
316.96242483 124.56605034 11.53267581
316.28698928 123.82715443 11.63548492
315.66724635 123.11046913 11.65055254
315.51151896 122.65386533 11.69428001
315.76359772 122.42245976 11.75157452
316.94583995 122.62461352 11.87727395
318.51924952 123.06287482 11.97283438
320.86140632 123.94990861 12.15795507
324.56943251 125.65724355 12.56940615
329.37047851 128.20317230 13.20350176
336.42219275 132.44134116 14.18455703
344.74111472 138.03965805 15.21519661
355.16291550 145.86512676 16.36734474
369.31320808 157.89068351 17.94815634
384.30698553 172.44255797 19.64439088
401.63782192 191.40576212 21.43532859
423.47227061 218.60512354 23.29090540
446.33225120 251.28818840 24.98111249
474.12417666 297.37185714 27.00855156
500.94170581 349.50899098 29.15557955
530.43576359 417.11252560 31.03403974
566.18692134 517.04629636 32.91998876
602.22157794 645.50766204 33.65072349
-57.53485733 -624.96038721 -13.17344458
-311.30398711 670.50779799 -124.55548776
739.82099868 605.89921983 68.22451675
186.20680682 -455.97528422 11.84856382
239.04589098 -361.64582391 14.79420086
276.36127953 -281.01679948 16.77165940
-47.19278147 184.69816592 -52.26987964
2.39621864 150.27160117 -42.25667340
47.07934289 124.47375025 -33.88415816
80.26759214 108.85565280 -28.10850123
107.14065470 98.70920305 -23.58363842
131.09319542 91.83334983 -19.44131866
148.91557371 88.28046067 -16.31161011
163.22080847 86.55311007 -13.89264155
175.22793798 86.04057226 -11.84442018
183.62788110 86.33458761 -10.24808883
190.15358160 87.03179085 -8.91813774
195.69340763 88.04902499 -7.70065124
199.52191945 89.05907038 -6.85352541
202.45782501 90.09056030 -6.19675109
204.72302408 91.12835270 -5.72393103
206.29161743 92.04905512 -5.34104929
207.31866871 92.87909425 -5.03810844
208.00452014 93.71682885 -4.73165963
208.31336734 94.41108515 -4.56012510
208.45663524 95.06117662 -4.47432524
208.64674840 95.82424711 -4.27718419
208.74768585 96.53127014 -4.07901088
208.70865506 97.20323036 -3.91176185
208.40975623 97.86599162 -3.74345828
207.89137500 98.40010539 -3.61544062
207.20069072 98.94521296 -3.59489922
206.42652877 99.40052736 -3.65137029
205.54687523 99.82911320 -3.73044288
204.57372770 100.28605059 -3.83524060
203.76003410 100.75083136 -3.85639741
202.89070320 101.21176543 -3.81305116
201.91272382 101.69752656 -3.74808465
201.05365322 102.17716538 -3.69830683
200.16708467 102.64706804 -3.67824617
199.05480122 103.08336659 -3.70778451
197.93808938 103.46004037 -3.72162069
196.58988468 103.81727870 -3.78787441
195.28899216 104.11307161 -3.92099091
193.96600107 104.38433544 -4.04050097
192.52019996 104.68883114 -4.08810297
191.21236852 104.97979981 -4.15664730
190.08150061 105.33474226 -4.16761578
188.75725154 105.67632561 -4.22677438
187.60692581 105.98988282 -4.28749701
186.51993144 106.31086536 -4.35589677
185.44448154 106.68891911 -4.37787964
184.52750328 107.08633895 -4.35551996
183.59030232 107.47633698 -4.29830183
182.66189811 107.92108110 -4.23200741
181.99781553 108.41578544 -4.15434230
181.28020297 108.95743850 -4.08210741
180.59843519 109.43730655 -4.07325208
179.86197940 109.89128722 -4.07222884
179.08023315 110.41108476 -3.95450000
178.31698315 110.85872555 -3.90952143
177.57935817 111.30006423 -3.86597559
176.68862197 111.76553175 -3.79415197
175.75729375 112.15176748 -3.75441302
174.71987994 112.53841451 -3.77376684
173.71472206 112.88885873 -3.81715999
172.70499349 113.22900466 -3.85763898
171.62631702 113.59678818 -3.94641721
170.65399815 113.93571931 -4.06481535
169.72613469 114.27462900 -4.11282648
168.81991833 114.64479951 -4.10542049
167.99872933 115.00480323 -4.11897054
167.20767686 115.34979133 -4.15243490
166.31815354 115.70298920 -4.18469709
165.58602451 116.03405845 -4.19340893
164.85433708 116.37022573 -4.23041192
164.30763576 116.68767768 -4.26699776
163.96597079 117.06335975 -4.26074703
163.77892196 117.52183504 -4.17019161
163.61551983 117.94498371 -4.07660578
163.44558867 118.35974334 -4.02679169
163.42969786 118.77667038 -3.96396441
163.56052475 119.21389993 -3.86161507
163.82970005 119.74126937 -3.71112323
164.15464524 120.25152700 -3.55061734
164.59734425 120.82699524 -3.36845737
165.26359760 121.53345380 -3.19261353
166.12496007 122.31728430 -3.05709157
167.22389358 123.25749898 -2.87884911
168.65828481 124.48252541 -2.61638680
170.16147683 125.80890082 -2.31093912
171.88678567 127.45039924 -1.94171897
173.45099473 129.08640161 -1.63200883
174.95103495 130.83154193 -1.35434146
176.44779648 132.82946284 -1.07620342
177.66798414 134.74379148 -0.84283826
178.70009463 136.67821191 -0.62911294
179.59571784 138.77671118 -0.41622700
180.19653916 140.61800279 -0.26021124
180.64732928 142.55260814 -0.12995464
180.90762735 144.29821948 0.01907510
181.01861049 145.98278923 0.17208349
180.98864771 147.73681657 0.31572242
180.85013119 149.23337578 0.42455239
180.63492707 150.62515382 0.50853327
180.33241861 152.03808741 0.57455710
180.01420134 153.23647439 0.60435475
179.67293377 154.33951844 0.61978827
179.30812675 155.48906216 0.65132178
178.99382332 156.43473503 0.67126070
178.66782270 157.40585175 0.68376147
178.39309878 158.21449444 0.68163650
178.15661862 158.95003654 0.68219435
177.93606539 159.68898092 0.69189672
177.76501667 160.29231729 0.70081807
177.63336586 160.86359853 0.70042921
177.53656021 161.46655808 0.68911246
177.47942773 161.99043137 0.67384244
177.46234873 162.49715735 0.66396129
177.48361823 163.03458410 0.66224330
177.54278807 163.51079248 0.65363620
177.62908520 163.97821783 0.64036790
177.75088555 164.48494245 0.63239913
177.88362026 164.94263502 0.62762492
178.04157704 165.39525242 0.62948352
178.24574484 165.89581856 0.62980482
178.44227300 166.35296208 0.62532539
178.67101801 166.86015777 0.61955068
178.89077628 167.32048477 0.61629976
179.12946251 167.78138758 0.61334696
179.38091948 168.24533568 0.60342903
179.66125244 168.76537860 0.59351085
179.91955449 169.24815562 0.59446160
180.20378934 169.78347970 0.59952292
180.46973167 170.27282498 0.59938036
180.73859168 170.76538413 0.60459289
181.03131534 171.31630116 0.61133158
181.29161786 171.81507766 0.62281724
181.55941303 172.30984345 0.63579293
181.85064347 172.76246653 0.61633910
182.17526528 173.24103355 0.59734551
182.47607911 173.66507826 0.58796031
182.80881652 174.09182536 0.53002402
183.11458529 174.42922250 0.49585915
183.42697078 174.69804295 0.46258813
183.77038764 174.91908851 0.45380915
184.07614070 175.01554770 0.42252225
184.36874354 175.01242992 0.39567080
184.63969065 174.87466167 0.34548034
184.82212901 174.59405408 0.29618275
184.91225701 174.15103914 0.22998233
184.88254805 173.44466565 0.12122677
184.70461328 172.57447837 -0.04083875
184.31269295 171.44756849 -0.27200271
183.55192977 169.95360381 -0.56791013
182.44990898 168.31715110 -0.87872371
180.91755211 166.49470925 -1.23966274
178.75405292 164.39533848 -1.72318604
176.35337431 162.46745890 -2.25082679
173.29305868 160.41129026 -2.88646237
170.17337175 158.66607255 -3.47798313
166.82844237 157.08628864 -4.10092235
163.13222797 155.62536398 -4.79085576
159.97051152 154.59916117 -5.41235821
156.90889927 153.79608431 -6.01287317
154.53070723 153.33562918 -6.42449987
152.40347469 153.02993749 -6.74283066
150.39359398 152.85202149 -6.98297959
148.97202118 152.85423183 -7.17214886
147.77243030 152.98773450 -7.33396688
146.97016102 153.21672047 -7.40811003
146.44983827 153.55585286 -7.39338974
145.91338463 153.93719701 -7.35063763
145.43064071 154.31104909 -7.26656987
144.91797273 154.69792894 -7.18055522
144.27676310 155.10844417 -7.13529266
143.65795773 155.48702164 -7.12823259
142.94427416 155.90215018 -7.13394761
142.24582702 156.29249461 -7.11027669
141.57714159 156.70556651 -7.04566268
140.77785792 157.15057379 -6.99045612
139.92436541 157.54260139 -6.97448255
138.88377140 157.88219204 -7.00542027
137.63036470 158.23000132 -7.05675342
136.38395064 158.52610604 -7.12644476
135.03485358 158.79713152 -7.22412584
133.50374220 159.06689932 -7.34642092
132.23287543 159.39005463 -7.38657370
130.91339901 159.78522064 -7.43355051
129.83370348 160.19867395 -7.48024787
128.78379608 160.61186856 -7.53234710
127.63690757 161.08344925 -7.51379970
126.46945168 161.48480347 -7.57181369
125.33532444 161.90035205 -7.63257047
124.21659212 162.38962741 -7.66394594
123.19815212 162.83629637 -7.77239711
122.14026281 163.30722447 -7.89713741
121.17661917 163.76712166 -7.94211789
120.25745810 164.22880953 -7.98789947
119.37455967 164.77206756 -7.97602257
118.48720715 165.25660569 -7.94979386
117.66653359 165.76850515 -7.89975892
116.77731613 166.34753994 -7.73149779
115.78832401 166.80975208 -7.71899921
114.74812252 167.27131946 -7.66080782
113.32948311 167.71279778 -7.67652209
111.92704793 168.06473691 -7.84617835
110.33200772 168.41076225 -8.05254799
108.79675264 168.69411039 -8.25861582
107.39060509 168.99941079 -8.38856595
105.89744297 169.34597733 -8.52234917
104.62501146 169.71275617 -8.61419881
103.41109809 170.08526554 -8.72702092
102.16685152 170.49691417 -8.89750729
100.95668277 170.83191756 -9.08566823
99.75307567 171.17398352 -9.25054000
98.43874464 171.48941243 -9.45975651
97.40037540 171.83027527 -9.57731835
96.26072693 172.18038604 -9.71138312
95.32980441 172.52643900 -9.82572113
94.50278841 172.89308063 -9.88162234
93.65387233 173.28337924 -9.91155738
92.88434223 173.61940606 -9.94460390
92.10097912 173.94798212 -9.97587112
91.24326980 174.30082519 -9.97928576
90.50355482 174.62658477 -9.93051679
89.73450089 174.92099840 -9.94325224
89.01078295 175.23647284 -9.95707830
88.38026439 175.51406816 -9.99285100
87.91534309 175.83000377 -9.98480432
87.71566236 176.19443502 -9.92970630
87.71257467 176.56075569 -9.83859342
87.87796336 176.96679293 -9.74403249
88.25106637 177.38292407 -9.60619135
88.77120539 177.80927320 -9.42555381
89.57345253 178.30881675 -9.14801578
90.41205740 178.80490180 -8.85462385
91.43141371 179.36030181 -8.52941879
92.40030293 179.89361912 -8.24311266
93.35729274 180.41886902 -7.98504488
94.41796024 180.99373250 -7.69554936
95.36781018 181.51128583 -7.40361057
96.35574462 182.05777097 -7.09880463
97.49826841 182.70325078 -6.77532985
98.49888923 183.29315116 -6.52985692
99.49468947 183.90536879 -6.28513532
100.66550363 184.62980420 -6.00154457
101.83886727 185.37853435 -5.73281373
103.29009984 186.33566718 -5.40936458
104.68535983 187.30924674 -5.11004079
106.06336736 188.34171085 -4.80345360
107.51988737 189.54319195 -4.42669389
108.82716323 190.70584896 -4.07817471
110.05241555 191.89142034 -3.75994878
111.27677349 193.18750602 -3.47692894
112.43334565 194.52197888 -3.19774463
113.64663321 196.12020933 -2.87196588
114.68372246 197.69901989 -2.53671303
115.62136300 199.38796551 -2.18676914
116.49151127 201.30085457 -1.84006854
117.13439714 203.08454159 -1.55445537
117.61139887 204.83803826 -1.31232529
117.95885461 206.73866581 -1.07281508
118.12653715 208.44038698 -0.86629017
118.14459120 210.23033286 -0.67367077
118.03313285 211.79035581 -0.54359566
117.81987972 213.24008235 -0.45686065
117.49541647 214.71747211 -0.39822017
117.13654891 215.95229183 -0.35477765
116.75073728 217.07954596 -0.31189958
116.32517705 218.19438063 -0.27502943
115.96470710 219.10521307 -0.26033477
115.62179802 220.00137177 -0.26614741
115.37581737 220.74021553 -0.28797368
115.19784280 221.42312992 -0.31064972
115.07704614 222.13096702 -0.32563596
115.04019917 222.74665856 -0.34100480
115.07563267 223.34403346 -0.36074416
115.19804618 223.99201074 -0.38391727
115.37867817 224.58510073 -0.40632401
115.61323786 225.18965945 -0.42473004
115.92165853 225.87358763 -0.44244386
116.24065399 226.51604846 -0.45571441
116.58799166 227.17809248 -0.46723208
116.99459523 227.93017694 -0.47416799
117.37941580 228.63355574 -0.47761099
117.77485296 229.35414100 -0.48032023
118.22354577 230.16749796 -0.48371446
118.64419623 230.92245448 -0.49143881
119.07666450 231.69490898 -0.50005976
119.56389877 232.56522404 -0.51261318
120.01899414 233.37767225 -0.52458999
120.48196583 234.21120508 -0.52785106
121.00142486 235.15072815 -0.52593000
121.47576507 236.02647445 -0.51877256
121.95273989 236.91490909 -0.52538366
122.49025854 237.90733432 -0.55432578
122.99159107 238.82465557 -0.58653207
123.56130250 239.85251272 -0.61252780
124.08719612 240.80298105 -0.61680676
124.62009817 241.76613300 -0.61372646
125.20245125 242.84004261 -0.60510132
125.73429144 243.82560061 -0.60966764
126.26703584 244.82125927 -0.63019286
126.86379563 245.92402072 -0.66165590
127.41517422 246.93552392 -0.68592174
127.97450777 247.95641980 -0.69918709
128.59509111 249.09181300 -0.70554570
129.15831803 250.13356295 -0.70502020
129.77443600 251.28530095 -0.70852429
130.33282017 252.33458807 -0.71955462
130.89935882 253.38522726 -0.73220771
131.52285969 254.54588633 -0.73443806
132.09001979 255.60591511 -0.73208078
132.65369833 256.66851908 -0.72487037
133.26998700 257.83877722 -0.71845073
133.82532397 258.90369482 -0.72036180
134.38052288 259.96825669 -0.72848930
134.99673936 261.13746748 -0.73902864
135.56025221 262.20079176 -0.74838154
136.18749190 263.36650924 -0.74673019
136.76047295 264.42951030 -0.73790630
137.33047264 265.50284219 -0.72582631
137.95327982 266.68146452 -0.71306865
138.51956483 267.75361619 -0.70519509
139.09014791 268.82898120 -0.70159106
139.71742166 270.01460628 -0.70052621
140.28783121 271.09264386 -0.71366682
140.92295571 272.27758680 -0.72235787
141.50453136 273.35589076 -0.72080303
142.08636270 274.43607517 -0.71208797
142.72765595 275.62655374 -0.69844623
143.30940813 276.71132083 -0.68756290
143.89135474 277.79619767 -0.68509077
144.53024502 278.99231166 -0.69143820
145.11233869 280.08019659 -0.69847696
145.69489025 281.16970514 -0.70542484
146.33844526 282.36588771 -0.71413212
146.92646930 283.44969969 -0.72423104
147.57328244 284.64102196 -0.73230526
148.15540190 285.72398186 -0.74403615
148.73823427 286.80469971 -0.75294996
149.38310771 287.99149030 -0.74943476
149.96152297 289.07220340 -0.74617889
150.53594888 290.15038164 -0.75093030
151.16672523 291.33503311 -0.76415608
151.73903499 292.40868248 -0.78015472
152.31224413 293.47867272 -0.79942437
152.94339736 294.65350046 -0.81733937
153.51598035 295.72018249 -0.82647795
154.14291268 296.89344238 -0.83380576
154.71049425 297.95790579 -0.84234414
155.27557779 299.02026614 -0.85465259
155.89272325 300.18365869 -0.87376215
156.45396871 301.23316013 -0.89181154
157.01141178 302.27387049 -0.89975107
157.61387024 303.41156826 -0.89427568
158.14971436 304.43538073 -0.88757798
158.72994457 305.54493981 -0.88737876
159.24649540 306.53868598 -0.89057151
159.75703409 307.51451067 -0.90081264
160.31094701 308.57074660 -0.91293582
160.80589669 309.51792777 -0.91808059
161.29242029 310.45683340 -0.91493372
161.82088544 311.47984743 -0.90795597
162.29399068 312.39820811 -0.90420460
162.75664878 313.30354742 -0.90131733
163.26190316 314.27976576 -0.90130653
163.71524667 315.15171788 -0.89801682
164.20569580 316.08989994 -0.89735530
164.63970700 316.92436510 -0.89173216
165.06665630 317.73778626 -0.89177649
165.52714124 318.61426880 -0.88866423
165.93990135 319.38858994 -0.88930356
166.34761634 320.14596072 -0.89160543
166.78391660 320.95725786 -0.89162929
167.17015092 321.67431528 -0.90237126
167.58490606 322.43716569 -0.91049434
167.95726886 323.10470278 -0.91768569
168.31994349 323.75162383 -0.92186317
168.70211335 324.43721952 -0.92173781
169.03391906 325.04578986 -0.92612916
169.35418636 325.62782547 -0.93656609
169.70222038 326.24465320 -0.94267416
170.01000792 326.78149202 -0.94333919
170.30350301 327.30010894 -0.94224893
170.60912429 327.85214304 -0.93428583
170.88504694 328.33588882 -0.92365039
171.16142676 328.80848979 -0.91165909
171.46260359 329.31708169 -0.90723253
171.73743026 329.78059538 -0.90263193
172.02320434 330.23844834 -0.89225457
172.35280095 330.74317899 -0.87606958
172.67122910 331.18708122 -0.86046871
173.01350563 331.60583538 -0.84421131
173.41395041 332.02355106 -0.82041820
173.80064214 332.33362693 -0.80228732
174.19289963 332.56079497 -0.78571704
174.61711334 332.68426588 -0.77708418
174.97830375 332.66081773 -0.77839842
175.30365884 332.47832990 -0.79797818
175.58117897 332.05843854 -0.85078494
175.70847123 331.38991191 -0.93046363
175.64359539 330.42318348 -1.04839098
175.25406107 328.98771053 -1.22663293
174.48703589 327.32432837 -1.44944910
173.14147237 325.22705435 -1.76251045
170.73053512 322.38864689 -2.26876578
167.38348657 319.37221161 -2.92344468
162.26554850 315.85702645 -3.84166359
156.24437320 312.77563638 -4.78667553
149.06343035 310.04444524 -5.92202795
140.24211394 307.67602268 -7.39091004
131.87856811 306.18929782 -8.86387577
122.97057479 305.24685428 -10.38241299
115.49302695 304.91472153 -11.62818566
109.25644770 304.95357988 -12.75538520
104.04480698 305.17756525 -13.80041169
101.08317431 305.44788863 -14.36424294
99.24190572 305.67755291 -14.70561909
98.02479521 305.85210121 -14.76869524
97.08209676 306.05520581 -14.42802716
96.60319434 306.28863644 -14.06049146
96.26281981 306.56287657 -13.81819393
96.11989129 306.86015746 -13.72338624
96.05216878 307.12713202 -13.69246932
96.27404258 307.38101707 -13.65142719
96.96415945 307.64665241 -13.54844238
97.83524093 307.90593927 -13.44916091
99.36977666 308.25329495 -13.18264487
100.94098012 308.67050292 -12.92004251
102.43629695 309.08946378 -12.76898996
104.03478398 309.57575359 -12.53166022
105.32524842 310.05884598 -12.21582305
106.62836498 310.64838330 -11.73345557
107.31500083 311.23684065 -11.41669186
107.64495332 311.79988993 -11.21596913
107.53887804 312.35572076 -11.12870225
107.11898158 312.82563631 -11.03114137
106.50804732 313.29751038 -11.02512567
105.64511099 313.74293725 -11.08356139
104.82891703 314.17727165 -11.07893227
104.04505826 314.63972797 -11.07354803
103.28340844 315.14019396 -11.06799800
102.68606649 315.64702300 -11.01664739
102.02762910 316.19746503 -10.99399425
101.39033655 316.71752382 -11.01897383
100.71989918 317.24263975 -11.02224339
100.03729649 317.81404630 -10.98476115
99.18072369 318.29923867 -10.98940451
98.20100086 318.80751230 -10.97286895
97.04567383 319.33114212 -10.99324095
96.01399261 319.85322726 -11.06952425
94.90800167 320.33786867 -11.19018818
93.48988250 320.79895547 -11.35809300
92.24359720 321.21600855 -11.41261676
90.81988467 321.68484374 -11.33549919
89.39072159 322.10544956 -11.42579175
88.20309200 322.56775606 -11.44446412
86.84094489 323.03470242 -11.54436440
85.62477822 323.47704535 -11.57777826
84.38567155 323.91433744 -11.66707582
83.31893978 324.40096393 -11.75795993
82.57889740 324.89364185 -11.79210087
82.00861745 325.40124729 -11.78671542
81.55165405 325.96876742 -11.69037991
81.23595670 326.50356714 -11.57007097
80.89205810 327.08490159 -11.43089133
80.59797916 327.63323325 -11.31624372
80.36607016 328.21089527 -11.20010593
80.13967157 328.84145531 -11.08777159
79.94793932 329.44565900 -11.03363280
79.85001372 330.05603400 -10.94748997
79.68025991 330.67633811 -10.83912720
79.54101833 331.23854595 -10.66798959
79.26410478 331.82410314 -10.45350257
78.97269533 332.36288810 -10.25492203
78.61147973 332.88761363 -10.09985562
78.10850429 333.41140225 -9.93060858
77.54302247 333.89336287 -9.83946643
76.98356227 334.35344477 -9.74593630
76.22058232 334.81313393 -9.68232616
75.20684368 335.17125097 -9.64799836
73.89526336 335.47912689 -9.63874182
71.94720590 335.71089987 -9.73968286
69.61525874 335.86482649 -9.97571805
66.45466060 335.88972732 -10.41717192
63.12342566 335.88619841 -10.86658021
59.50934119 335.89271128 -11.32199478
55.45761426 335.94884344 -11.80643678
51.92557248 336.06927280 -12.32924734
48.89720221 336.27720227 -12.78234321
46.26494644 336.55908014 -13.15196023
44.36170212 336.84635976 -13.42618746
43.09174667 337.15085429 -13.59178930
42.19066032 337.49396811 -13.62644166
41.79664030 337.89549039 -13.54851731
41.48233850 338.38967985 -13.49876353
41.26541943 338.92419830 -13.55008815
41.16691898 339.40608167 -13.83254439
41.28170238 339.84871824 -13.88520219
41.25746686 340.15759492 -13.85520426
41.72955942 340.63238926 -13.44466478
42.21542821 341.22142444 -13.11564594
42.77920535 341.83089599 -12.93651487
43.03865167 342.39688531 -12.68929922
42.88423008 342.92685018 -12.39674501
42.43137394 343.47239965 -12.19602439
42.00199865 344.05680466 -12.25268664
41.86696913 344.61073742 -12.36714988
41.79042646 345.12716451 -12.27270955
41.86772415 345.76418396 -11.78965129
41.99766941 346.50518229 -11.27703371
42.29557578 347.33962720 -10.92823677
42.62721643 348.22275718 -10.72369584
42.77471462 348.99400337 -10.57029353
42.64051018 349.75558320 -10.44847540
42.32175923 350.44086131 -10.27945373
41.89484800 351.13054797 -10.07559849
41.19200822 351.85758731 -9.93727226
40.35397679 352.48296060 -9.94232840
39.34967713 353.03477030 -10.00383226
38.14302853 353.54845929 -9.96410357
36.75100895 353.99958644 -9.80569241
35.03896620 354.46422964 -9.62467200
32.79548537 354.91730276 -9.66235255
30.60842497 355.29190030 -9.86459945
28.01316087 355.60641956 -10.22668396
25.69649865 355.88055258 -10.60078924
23.64343200 356.21182002 -10.87704347
21.74379824 356.63042751 -11.06280761
20.37227364 357.12081827 -11.12724256
19.12732477 357.67981417 -11.16243304
17.66451693 358.26000513 -11.28996902
16.29069181 358.70496689 -11.44421931
15.03550281 359.11664087 -11.48875178
13.65047524 359.59563366 -11.44497762
12.67754259 360.15363126 -11.34127046
11.33064367 360.72218584 -11.41656530
9.87587948 361.25109103 -11.45120791
8.31980942 361.74480945 -11.57751295
6.49566212 362.22425403 -11.78951077
4.79903568 362.62002716 -11.99495678
2.97109801 363.00460621 -12.24831980
1.16697495 363.37574512 -12.40733454
-0.25415974 363.82182960 -12.40687641
-1.54226527 364.31262457 -12.40793631
-2.82631890 364.88517239 -12.46318375
-4.01539885 365.44324531 -12.56164631
-5.23871341 365.88501638 -12.69405062
-6.21488833 366.31342416 -12.67685005
-7.31417735 366.74744712 -12.67479562
-8.47522975 367.20960654 -12.73247140
-9.40609814 367.60920648 -12.77238225
-10.34356866 368.00288744 -12.64294592
-11.53132053 368.40945612 -12.46067255
-12.36015127 368.92608306 -12.25234893
-13.45148958 369.41459728 -12.26149820
-14.54959540 369.86410430 -12.38838866
-15.48359394 370.27229908 -12.42313267
-16.36722449 370.70069011 -12.46653056
-16.91821643 371.15767217 -12.54409088
-17.21766931 371.63945547 -12.60623321
-17.21104833 372.16686343 -12.48202996
-17.07708699 372.70249629 -12.21980414
-16.89258864 373.23766102 -11.92113978
-16.73873080 373.84326587 -11.50676693
-16.66514287 374.44341418 -11.16455692
-16.61512779 375.15289607 -10.74548042
-16.55893375 375.86621106 -10.47132056
-16.82327374 376.52100649 -10.30421417
-17.37592506 377.12194107 -10.16344165
-18.05447695 377.68214522 -10.05382400
-18.82451264 378.23167633 -10.07050529
-19.53939019 378.80039211 -10.15050586
-20.12111345 379.31876546 -10.29229507
-20.55102507 379.89131451 -10.33580069
-20.88146124 380.54696424 -10.31097029
-21.03277354 381.17900035 -10.25617791
-21.20401731 381.89728577 -10.15521028
-21.42656905 382.57794519 -10.04355617
-21.73663662 383.25023061 -9.93348077
-22.24401654 383.95795032 -9.82424028
-22.89785289 384.57385515 -9.75344493
-23.58045453 385.17823690 -9.69852597
-24.39740711 385.85781605 -9.66396963
-25.10324177 386.46589720 -9.65777954
-25.81735950 387.05399037 -9.64250375
-26.56455545 387.71257749 -9.54184239
-27.21947583 388.33325678 -9.42907086
-27.94522494 388.99339812 -9.37436534
-28.47178063 389.60962014 -9.26021407
-28.95926089 390.29331130 -9.13077132
-29.40049173 391.03915327 -9.02532630
-29.73502205 391.80354344 -8.94268097
-30.00938754 392.55926977 -8.85803850
-30.15670068 393.36073763 -8.77693664
-30.18393913 394.11662225 -8.69010312
-30.11148832 394.90966240 -8.54788918
-29.97034574 395.78898235 -8.35321937
-29.86505378 396.61078525 -8.15313350
-29.93829383 397.44300259 -7.96181987
-30.19679796 398.17765710 -7.79813413
-30.54982803 398.89366050 -7.65597230
-30.96189814 399.62861897 -7.54131133
-31.28727664 400.31942307 -7.40644452
-31.74314175 400.88980964 -7.31169426
-32.26529501 401.46009072 -7.21120819
-32.74486520 402.08714726 -7.10885436
-33.19604818 402.78558518 -7.10558706
-33.30724995 403.51005910 -7.12517631
-33.32474901 404.20497906 -7.13884083
-33.04595430 405.03799662 -7.01296173
-32.63887485 405.88077600 -6.81453173
-32.05589184 406.77416645 -6.56649487
-31.22964411 407.81451152 -6.25418150
-30.24582229 408.88539433 -5.93389837
-29.14126022 410.09793589 -5.56669522
-28.00699952 411.48440532 -5.12437552
-27.04926349 412.77397792 -4.71664969
-26.16084301 414.12447441 -4.31667854
-25.54250079 415.26056085 -4.00054400
-25.16375850 416.23882502 -3.74494375
-25.03944694 417.07846060 -3.55816141
-25.11494941 417.68656033 -3.45020638
-25.32116396 418.18422588 -3.36696631
-25.68379604 418.60708048 -3.31807298
-26.18403625 418.85123766 -3.30783631
-26.91041628 418.94737668 -3.35318984
-27.70820369 418.91846723 -3.45031575
-28.59309508 418.79647628 -3.56608776
-29.69078211 418.57716794 -3.71333701
-30.82511950 418.30087570 -3.84337408
-32.28133765 417.85893115 -4.02527032
-34.35940361 417.15139085 -4.31312721
-36.67928724 416.35889925 -4.68527306
-39.22416795 415.54311459 -5.13039309
-42.14692681 414.67418527 -5.64118849
-44.99555839 413.92913549 -6.12741312
-47.96055405 413.21917795 -6.63574808
-51.31312466 412.52776866 -7.20351094
-54.42055332 411.97523960 -7.74756826
-57.69213618 411.49609096 -8.35061887
-60.20207955 411.21619467 -8.81674556
-62.14684310 411.07785060 -9.21304165
-63.66881291 411.09207756 -9.54338512
-64.51911072 411.22405975 -9.70694665
-64.85637175 411.43667314 -9.77248951
-64.85338232 411.68725759 -9.80541889
-64.70880098 411.99128793 -9.77846674
-64.40937692 412.31559101 -9.74968691
-63.54293360 412.72281725 -9.62296455
-62.28978946 413.24400393 -9.40602034
-60.77173538 413.86696017 -9.10830290
-59.40692504 414.52030675 -8.82128748
-58.08784133 415.18948088 -8.53184511
-56.82355151 415.90450755 -8.29528805
-55.56733120 416.61840385 -8.06653103
-54.22297471 417.38350960 -7.78345321
-53.06199182 418.10297334 -7.44347694
-51.97981750 418.83715643 -7.10795315
-50.95803729 419.58023008 -6.83384335
-50.21318036 420.18332690 -6.67660726
-49.62844542 420.69580432 -6.56015406
-49.13213338 421.20470312 -6.40346957
-48.77294171 421.66961723 -6.18617727
-48.62107970 422.07765234 -5.98905379
-48.84344443 422.35064443 -5.89705522
-49.51462858 422.34999816 -5.95800011
-50.73604115 422.10720231 -6.14981418
-52.74216898 421.55780310 -6.52567109
-55.19355655 420.88387065 -6.97108413
-58.28500269 420.03563733 -7.52059407
-62.55871137 418.99259247 -8.22005207
-67.42219336 418.01746283 -9.02109492
-73.37122439 417.12322471 -10.02606800
-81.49983318 416.29061309 -11.49322027
-90.81770491 415.86827626 -13.19882414
-103.22119566 416.09075910 -15.36371515
-117.25349914 417.29511659 -17.71485485
-134.59827101 420.06848823 -20.64718351
-158.08670810 425.63069630 -24.75066679
49.59920626 288.96784398 11.59361365
44.81251548 256.00745546 10.72856402
35.34185431 211.51076600 9.34182742
20.36240690 162.86113296 7.73808328
-2.83502102 103.39144641 5.38049577
-41.20115537 24.42680815 1.84419972
-93.74037133 -63.94377423 -4.03207850
-168.87702249 -170.09974275 -12.71731972
585.28578954 933.26119161 102.16052298
-578.09694134 -231.14685013 -77.37869342
367.52523347 993.82816625 53.59002673
307.94739258 826.55572374 46.90055911
260.38840088 721.47999706 41.76026631
216.01881230 641.17360294 37.04052940
183.58656033 591.33466105 33.45236879
156.39689227 554.97661171 30.34396796
130.71866657 525.04097648 27.33605605
111.03883907 504.76705766 24.87021719
94.78358067 489.59094712 22.66887914
80.05915662 477.31658897 20.48811375
68.77100607 468.48505779 18.74410197
57.50903088 460.33710262 17.25085064
48.26091218 454.05984173 16.27860162
39.81650385 448.64304066 15.50475116
31.84614904 443.94402976 14.66798801
26.20516110 440.80613921 13.91608142
22.02830277 438.39782845 13.24633086
19.11356825 436.56467240 12.67300477
17.40612152 435.23289049 12.42273405
16.21737678 434.11659806 12.41921026
15.37083918 433.20405237 12.43929813
14.52354459 432.31498980 12.45587331
13.56936353 431.33687600 12.43622924
12.64021720 430.31741543 12.45123972
11.63245404 429.29787193 12.43643513
10.62438614 428.25087281 12.40110738
9.58898975 427.15260506 12.40395403
8.33571485 425.99378494 12.34261599
7.27665762 424.97365538 12.23477817
6.12434612 423.93657841 12.09477613
4.74902630 422.77483242 11.96962178
3.45844352 421.60547790 11.93408830
2.05916315 420.32410879 11.90046065
0.46780023 418.87810394 11.95044122
-1.18677043 417.47700398 12.02270259
-2.77116290 416.28415697 11.98830184
-4.19962318 415.22537116 11.68939727
-5.10947855 414.37477166 11.24061462
-5.96360346 413.32657528 10.85448713
-7.13410986 412.04372630 10.76534250
-8.74846268 410.57578992 10.89866989
-10.70117484 408.99874861 10.99299768
-12.47300208 407.64163853 10.88534827
-14.15288942 406.39267135 10.69693128
-16.02768282 405.01394234 10.47293537
-17.73925994 403.71395096 10.30936191
-19.43195503 402.43951340 10.17202111
-21.27272441 401.07023859 10.03208027
-22.91621429 399.82034590 9.93289902
-24.75997598 398.46114296 9.78913670
-26.33507501 397.26473388 9.62507992
-27.81366603 396.10546336 9.50527448
-29.45404658 394.80574537 9.33975278
-30.88612196 393.64655356 9.20855339
-32.17644062 392.55460279 9.07080310
-33.47619112 391.39539752 8.95049781
-34.73757394 390.25621041 8.87298469
-36.09860979 389.14347731 8.79547585
-37.51581132 387.98113903 8.66788760
-38.73047115 386.89693692 8.57332754
-40.12778128 385.68941988 8.49328565
-41.25309864 384.62438151 8.44266525
-42.32791653 383.58067718 8.33996882
-43.43651935 382.44281049 8.18193498
-44.38522833 381.39776617 8.05592459
-45.30127535 380.33027367 7.97089139
-46.31778643 379.18401624 7.90080735
-47.24686946 378.15259484 7.83429067
-48.18284264 377.13597568 7.76128247
-49.20594214 376.01802116 7.67266747
-50.16302643 374.95435580 7.58943625
-51.23552128 373.77204226 7.47834536
-52.17945754 372.68811619 7.38262475
-53.07397369 371.64425380 7.30665134
-54.08228663 370.47966066 7.23244296
-55.01354603 369.40953136 7.17098008
-55.91790063 368.34412909 7.12402208
-56.98336792 367.16242425 7.04064317
-57.89838914 366.07959732 6.96327638
-58.81734694 364.98045944 6.86816324
-59.80276856 363.82172510 6.74375656
-60.66712672 362.75400017 6.62915522
-61.64489218 361.55240851 6.49266425
-62.53459913 360.44675328 6.37678588
-63.46409665 359.34369926 6.27649562
-64.46418778 358.13229757 6.18667939
-65.38727598 357.04376237 6.08570463
-66.29591350 355.95031542 5.99408713
-67.30996481 354.76310842 5.89848148
-68.23609617 353.66699495 5.82337248
-69.23036605 352.54808810 5.73816136
-70.34854961 351.33124270 5.62407757
-71.32629454 350.24172317 5.49887516
-72.28823244 349.14665668 5.36635375
-73.25618997 348.00596591 5.24100503
-74.16589242 346.93365098 5.12176157
-75.11647039 345.76044404 5.03282285
-75.97935012 344.66209989 4.94975769
-76.84161493 343.54529798 4.86478473
-77.74818359 342.33025578 4.77009862
-78.57759894 341.20698297 4.67989332
-79.35611519 340.11005571 4.60985249
-80.17570112 338.94193499 4.54447674
-80.95659249 337.88176044 4.51364454
-81.75891375 336.81004790 4.46325317
-82.61909903 335.64017562 4.39715129
-83.37608749 334.55556176 4.33514594
-84.17409249 333.36215331 4.25946626
-84.81860306 332.27362565 4.20130806
-85.38498030 331.19598179 4.14319715
-85.93272108 330.02510012 4.10462695
-86.42148922 328.93774295 4.05424879
-86.93046702 327.82126480 4.03092939
-87.55140368 326.59160742 3.99046863
-88.11368770 325.46972613 3.94103204
-88.65214596 324.36080842 3.88604163
-89.20304888 323.16238791 3.82680323
-89.70824812 322.05398986 3.77710965
-90.27255484 320.86398555 3.72579370
-90.81636865 319.78868651 3.67746890
-91.36390576 318.71610398 3.63493146
-91.95109301 317.52853129 3.58640288
-92.51448261 316.42268548 3.53704450
-93.10716778 315.31772349 3.48464317
-93.69328209 314.12736846 3.43835330
-94.16681497 313.04913477 3.39919255
-94.58615668 311.95761904 3.36429242
-94.99030510 310.76991379 3.32580689
-95.33445567 309.66281744 3.27888631
-95.72746072 308.42805726 3.22747481
-96.09570520 307.29599781 3.17602802
-96.44982985 306.16188781 3.12737222
-96.79990718 304.92292609 3.08697762
-97.10731930 303.80445667 3.05393900
-97.40029776 302.67855913 3.02281508
-97.72496777 301.43715521 2.99945463
-98.04861208 300.29956895 2.97358523
-98.40254663 299.18607770 2.93040168
-98.74975924 297.97773972 2.89210261
-99.05053981 296.88502887 2.85399129
-99.38260052 295.69291666 2.80843944
-99.70496394 294.59411857 2.77011174
-100.03748568 293.48990985 2.73463736
-100.42444374 292.29320155 2.68749969
-100.75490161 291.20765461 2.62935757
-101.07778194 290.12930207 2.55421473
-101.40360243 288.93925253 2.47153161
-101.68304964 287.84903844 2.39978558
-101.96042758 286.75728379 2.34126682
-102.28620515 285.57252633 2.29119781
-102.62623601 284.50509405 2.24436456
-103.02016199 283.35364838 2.17396805
-103.36050758 282.30602761 2.11245114
-103.65781465 281.26105244 2.04762058
-103.94534336 280.10723188 1.99199999
-104.20708949 279.05517639 1.93933957
-104.45047814 278.00472696 1.88832921
-104.69184812 276.84051103 1.83894987
-104.89524550 275.77413756 1.79562346
-105.08050038 274.70096850 1.75790413
-105.29377786 273.51725759 1.71372348
-105.50229162 272.44868023 1.67375220
-105.70218126 271.28628620 1.64842098
-105.87585170 270.22910987 1.62982968
-106.03683980 269.16735434 1.61182663
-106.22024110 268.00269325 1.58181627
-106.38725965 266.94281407 1.53804898
-106.49761391 265.88310051 1.51140909
-106.60293920 264.71162472 1.48333031
-106.70757667 263.63804247 1.44956733
-106.84284506 262.56861284 1.39298195
-106.95635646 261.39246461 1.33166786
-107.04751894 260.26670253 1.33778985
-107.15834603 259.03612981 1.33301495
-107.25517772 257.91922683 1.33490169
-107.33016715 256.80094565 1.35887805
-107.41903137 255.57469232 1.37088839
-107.51686381 254.47332549 1.38521395
-107.61441739 253.38009259 1.38019719
-107.67365135 252.16736596 1.37707762
-107.71767466 251.04653993 1.36947100
-107.76726332 249.92868139 1.35894566
-107.84900255 248.70251061 1.32617344
-107.89170436 247.59720322 1.30195908
-107.92261472 246.38507884 1.26807591
-107.93298254 245.27220145 1.24060698
-107.93532505 244.15377385 1.21892746
-107.95020651 242.93357100 1.18725609
-107.94640172 241.82128058 1.16946060
-107.93555511 240.72263565 1.14929917
-107.91120006 239.51249382 1.13333274
-107.89012774 238.40905379 1.10539855
-107.85606502 237.30415023 1.07349081
-107.79920022 236.07985748 1.04671780
-107.75477163 234.97734629 1.02379173
-107.69290469 233.78137780 1.00141365
-107.61211430 232.69098578 1.00186191
-107.51954837 231.58573053 1.01493992
-107.43061124 230.37429723 1.01233638
-107.36911003 229.28028105 0.99057618
-107.30431868 228.20046430 0.96674504
-107.22325411 227.03284488 0.94880018
-107.13918198 225.97667993 0.93426932
-107.04887836 224.91897321 0.91405941
-106.95342746 223.75012234 0.87646492
-106.86127190 222.68336020 0.83816282
-106.74825422 221.50864641 0.80813917
-106.62815870 220.44673962 0.79367970
-106.49766393 219.38590427 0.77509799
-106.35503539 218.21976017 0.73966446
-106.21713575 217.15982461 0.69504083
-106.07185602 216.09275449 0.65897100
-105.88154961 214.90947886 0.64083853
-105.70445839 213.82288249 0.63553238
-105.51838824 212.72669107 0.62976530
-105.30656810 211.51902457 0.61909684
-105.12078476 210.42582593 0.59267856
-104.90536452 209.20439924 0.57039369
-104.70746470 208.09656242 0.55079954
-104.50333534 206.99555119 0.53017956
-104.25853348 205.77921830 0.51557875
-104.02129370 204.66898582 0.51159118
-103.79109632 203.56550847 0.49904275
-103.53191414 202.34864869 0.47496995
-103.28109711 201.22604434 0.46039008
-103.02856115 200.10113609 0.44959930
-102.74678618 198.87587007 0.43271449
-102.48530995 197.76156577 0.41282488
-102.18381092 196.54041808 0.38366142
-101.90278197 195.42009845 0.36420892
-101.60677104 194.29914451 0.34812765
-101.28755034 193.06679264 0.32389408
-100.98458858 191.95084562 0.29591827
-100.67317206 190.82709000 0.28339726
-100.31248793 189.58276216 0.28098560
-99.98532912 188.44299242 0.27609605
-99.65827424 187.31108225 0.25967216
-99.28757175 186.06708760 0.22651324
-98.93760772 184.92466471 0.19575065
-98.53323287 183.65474566 0.17514020
-98.16438336 182.48330217 0.16525227
-97.79812761 181.30785946 0.15531597
-97.39016475 180.01834201 0.14525337
-97.01714242 178.83575582 0.13884475
-96.64192429 177.65414350 0.13272673
-96.22715629 176.35041807 0.12516199
-95.84408830 175.15919022 0.11900031
-95.45610707 173.97020579 0.11013992
-95.01882967 172.65320039 0.10180802
-94.61895298 171.44358585 0.10396152
-94.18963092 170.12328070 0.10239936
-93.79766029 168.92642768 0.08577120
-93.40731208 167.72672257 0.06189636
-92.97204531 166.39020109 0.04143664
-92.57706250 165.15469643 0.03654672
-92.17884818 163.91212829 0.04389122
-91.74803434 162.54315555 0.06289456
-91.35941723 161.31118115 0.07199412
-90.93157589 159.96304423 0.07288930
-90.54149495 158.72891092 0.07545563
-90.15101680 157.48249139 0.08627385
-89.73181732 156.12948797 0.08836709
-89.35356115 154.90275077 0.07892756
-88.97053998 153.67594868 0.07844595
-88.54644040 152.32294822 0.08772863
-88.18059517 151.11021429 0.09260905
-87.80070848 149.89405539 0.10237074
-87.38962502 148.55615570 0.12555325
-87.02200697 147.34090328 0.14732361
-86.61998542 146.01726245 0.16210018
-86.26087225 144.82498895 0.16632782
-85.89786070 143.64081557 0.16412365
-85.48783501 142.33140339 0.16789581
-85.11067466 141.13920529 0.17465312
-84.73434325 139.94403689 0.17494793
-84.32297434 138.63432620 0.16555422
-83.94993194 137.44048579 0.14627435
-83.57018568 136.24276188 0.13242245
-83.15016217 134.92150167 0.12457609
-82.76146676 133.71108617 0.12570496
-82.33403515 132.37562158 0.12890006
-81.94647592 131.16105016 0.13135745
-81.56307950 129.95471416 0.12529376
-81.14469139 128.63081853 0.11804015
-80.75787041 127.41745683 0.11860507
-80.36886347 126.20409472 0.12373670
-79.94151865 124.86711490 0.14072931
-79.55640223 123.65198514 0.15996944
-79.18033202 122.44976444 0.16808475
-78.76772843 121.12924128 0.17489307
-78.39617175 119.93235258 0.17470995
-77.98322295 118.61535545 0.17167695
-77.60942376 117.42787243 0.15982045
-77.23157746 116.23386194 0.14638837
-76.81027029 114.91587853 0.14253251
-76.42697192 113.71713689 0.14638245
-76.04562175 112.51855906 0.14938632
-75.62895639 111.20442238 0.15107021
-75.24932064 110.01247269 0.15197435
-74.87163026 108.82003435 0.14854154
-74.46369276 107.51459913 0.13930652
-74.09313991 106.32746840 0.12918847
-73.71732599 105.13395835 0.12863562
-73.30215605 103.82316796 0.13685284
-72.92744425 102.63195953 0.14426244
-72.51023651 101.32072030 0.15197262
-72.12960358 100.12713300 0.16314256
-71.75967934 98.93886596 0.16142033
-71.35569848 97.64163572 0.13670826
-70.98840689 96.45498402 0.11773240
-70.60870381 95.26360732 0.10866570
-70.18730980 93.94252531 0.11527147
-69.80573045 92.74028823 0.12409158
-69.43107367 91.54165383 0.12281932
-69.02125836 90.22898128 0.11088505
-68.64619171 89.04072132 0.09304992
-68.22003934 87.72859969 0.08852246
-67.82359195 86.51749488 0.11908496
-67.42019069 85.28840384 0.16583129
-66.98988767 83.94654744 0.19555207
-66.61445993 82.73669493 0.20276995
-66.23881523 81.52900511 0.20185958
-65.81333561 80.19093689 0.22290097
-65.42043426 78.96982504 0.24919853
-64.98534312 77.62447637 0.27937807
-64.59545952 76.40203163 0.29620283
-64.20486431 75.17640787 0.31033544
-63.78502555 73.83524181 0.31143737
-63.40039132 72.62511114 0.30056765
-63.00911625 71.41043814 0.29833817
-62.56708558 70.06308169 0.31165495
-62.17104640 68.83381522 0.32828144
-61.77978863 67.61389761 0.33437204
-61.35392790 66.27600298 0.33596674
-60.96495843 65.05912561 0.33741834
-60.57702917 63.84918048 0.33295430
-60.14197252 62.51447347 0.33432992
-59.74470001 61.29938912 0.33871670
-59.30861833 59.96623824 0.34311543
-58.91644877 58.75886567 0.34449533
-58.52268029 57.54925791 0.34315476
-58.08900590 56.22433894 0.33938440
-57.69880392 55.02611102 0.33181353
-57.30471078 53.82999488 0.32521989
-56.87182240 52.51452331 0.32306150
-56.48158536 51.31563654 0.31805990
-56.05486526 49.99890710 0.31302671
-55.66915160 48.79742465 0.31154059
-55.28466992 47.59209199 0.31579727
-54.86097428 46.26507131 0.32426539
-54.47891693 45.06099786 0.33348960
-54.10296381 43.85974804 0.34169418
-53.69113913 42.54158029 0.34252974
-53.32539022 41.35484694 0.33330924
-52.95690231 40.16327613 0.32602363
-52.55021748 38.85207299 0.33069309
-52.17785815 37.65164466 0.34850087
-51.77628256 36.34463193 0.37309791
-51.42577724 35.16842598 0.38036555
-51.07560521 34.00891256 0.37666928
-50.68575500 32.73750870 0.37663165
-50.33660980 31.58667936 0.37856902
-49.98931246 30.44895519 0.37667537
-49.61551930 29.21632578 0.36954907
-49.27300289 28.09924907 0.36540180
-48.93226194 27.00093034 0.36369186
-48.55805177 25.81167412 0.36187251
-48.23003552 24.75503515 0.35512317
-47.87166992 23.62265645 0.34036604
-47.54635943 22.60648932 0.32734457
-47.21619968 21.59239772 0.32269646
-46.84661350 20.47692429 0.32837219
-46.52019980 19.47401375 0.33457226
-46.20340549 18.48910838 0.33688999
-45.85789097 17.43087449 0.33610855
-45.54747443 16.48760804 0.33570073
-45.24041368 15.55696419 0.33686917
-44.90811732 14.56332010 0.33518941
-44.61389028 13.68227054 0.33117932
-44.28889368 12.74070533 0.33513881
-44.00312487 11.92024082 0.33223302
-43.72171546 11.13570020 0.32118900
-43.41596453 10.31263446 0.30288287
-43.13541857 9.58580646 0.28975538
-42.85211478 8.88722958 0.27677179
-42.53375010 8.15988057 0.26090969
-42.24052603 7.54625281 0.24392970
-41.93641840 6.96890557 0.22532559
-41.59226043 6.38386096 0.19736563
-41.26030241 5.88970380 0.16690606
-40.86466895 5.38100338 0.13366922
-40.48208004 4.94359883 0.10400912
-40.07164311 4.52768063 0.07572787
-39.57781085 4.08923072 0.04791414
-39.09501855 3.70803917 0.02185601
-38.57763451 3.34176848 -0.00029932
-37.97053940 2.94414108 -0.01889346
-37.38292385 2.59208180 -0.03696500
-36.76552584 2.24018473 -0.04411694
-36.07033830 1.84424575 -0.04703922
-35.42344382 1.48298360 -0.05031101
-34.75864214 1.11987861 -0.05143819
-34.01421007 0.73135031 -0.04562263
-33.33103488 0.38790612 -0.03632043
-32.58092007 0.02007797 -0.02612889
-31.90341046 -0.30386839 -0.01377755
-31.23022536 -0.60615667 -0.00366852
-30.50123985 -0.91623578 0.00886303
-29.84498889 -1.16859632 0.02580487
-29.19578844 -1.38892225 0.04513069
-28.49495126 -1.59534939 0.07096002
-27.86610413 -1.74722164 0.09939029
-27.18562271 -1.87570876 0.12455850
-26.57509286 -1.95449293 0.13958377
-25.97280390 -1.99936011 0.14867763
-25.31516430 -2.01510728 0.15438677
-24.71801320 -2.00917186 0.16112078
-24.12017650 -1.98920059 0.17395760
-23.45589299 -1.95916235 0.18718102
-22.85039181 -1.92772043 0.19986033
-22.18512257 -1.89224237 0.21245421
-21.58279939 -1.86189237 0.22433128
-20.98451475 -1.83001772 0.23242217
-20.33198109 -1.79404003 0.23770199
-19.74440696 -1.76154626 0.24105982
-19.10527881 -1.72865460 0.24312359
-18.53158869 -1.70263302 0.24484659
-17.96921883 -1.68245052 0.24730058
-17.36625099 -1.66651904 0.24875726
-16.82978477 -1.65381582 0.25032057
-16.30763082 -1.64332369 0.24984601
-15.74761009 -1.63659193 0.24992145
-15.25548419 -1.63609367 0.25159359
-14.77561233 -1.63864715 0.25610365
-14.26208424 -1.64606367 0.26237455
-13.81099531 -1.65414967 0.26667772
-13.33390362 -1.66313203 0.26959713
-12.91982054 -1.67165483 0.27144968
-12.52345549 -1.68444376 0.27436198
-12.11112377 -1.70400557 0.27832886
-11.75595896 -1.72352696 0.28188580
-11.42399608 -1.74183499 0.28416966
-11.08488472 -1.76086217 0.28628681
-10.80257307 -1.77790866 0.28609016
-10.54324585 -1.79529332 0.28603613
-10.26983728 -1.81683313 0.28686256
-10.02260699 -1.83777895 0.28852824
-9.74890982 -1.86273836 0.29137429
-9.50392385 -1.87742329 0.29284445
-9.26285593 -1.89089670 0.29565271
-9.00598973 -1.90271837 0.29811994
-8.78137622 -1.91438897 0.30258069
-8.56193293 -1.92511716 0.30864608
-8.32519840 -1.93694652 0.31984937
-8.11203159 -1.94231226 0.33231690
-7.90234603 -1.94348799 0.34694417
-7.67221842 -1.93712924 0.36039689
-7.45204235 -1.93038655 0.37265483
-7.22031953 -1.91731432 0.38993756
-6.94882573 -1.88960894 0.41470303
-6.69115247 -1.84938634 0.43780101
-6.42469203 -1.79188356 0.46315010
-6.11820978 -1.71410575 0.49434274
-5.82681215 -1.63108345 0.52006930
-5.49736817 -1.52457610 0.54575997
-5.19148228 -1.40439729 0.56906367
-4.87895243 -1.26574848 0.59317527
-4.52722540 -1.09217972 0.61857111
-4.19273076 -0.91821239 0.64055759
-3.84516390 -0.72238307 0.65947026
-3.44602532 -0.47441607 0.68534123
-3.07281490 -0.21931170 0.70908002
-2.68897814 0.06756895 0.72762656
-2.25330850 0.41229180 0.74225682
-1.83785430 0.75377199 0.76174320
-1.40912841 1.11969131 0.78062841
-0.92368055 1.55678980 0.79557186
-0.47174575 1.98872114 0.80446850
0.02764152 2.51449342 0.80805512
0.48944144 3.02354912 0.81181532
0.96004875 3.56085898 0.81244720
1.48612494 4.18391726 0.81263822
1.96123720 4.76178450 0.81722179
2.42835287 5.36375851 0.81570124
2.93548508 6.03698888 0.81641901
3.39933815 6.66697693 0.81179719
3.89638918 7.37407127 0.80968714
4.34076274 8.03836153 0.80673412
4.76515307 8.71930488 0.80224785
5.22098495 9.48929551 0.79125841
5.62822556 10.20223491 0.78464013
6.04063982 10.92387300 0.77473732
6.48832986 11.73265710 0.77174797
6.89352523 12.48249844 0.76774682
7.35308475 13.32125198 0.76474309
7.77846015 14.09847063 0.76466946
8.20976917 14.88606558 0.77149263
8.68730611 15.76352427 0.78844284
9.12108510 16.56473966 0.80231234
9.55393184 17.37938227 0.80875186
10.04002767 18.28370379 0.81790255
10.49426671 19.11917674 0.82343503
10.99999758 20.05203191 0.82939102
11.45986108 20.91620981 0.83601000
11.91945371 21.79234424 0.84262139
12.42479479 22.77097110 0.84312052
12.88507660 23.67064735 0.83994525
13.34669691 24.57820149 0.83347550
13.86094566 25.58706925 0.82732707
14.33103536 26.51040456 0.83145497
14.79725838 27.44427668 0.83978507
15.30255397 28.47778738 0.84789833
15.76134601 29.41966951 0.84457216
16.26986832 30.45165157 0.82924168
16.73580128 31.39679363 0.82849099
17.20310953 32.34538125 0.83780383
17.71435518 33.39342621 0.85532036
18.17788255 34.35295830 0.86816302
18.64529392 35.31264741 0.87646254
19.16159745 36.37429389 0.87939482
19.62918333 37.34216931 0.87856996
20.09935013 38.30955130 0.88096362
20.62173893 39.37407127 0.87732799
21.10081818 40.34392159 0.87819429
21.63773227 41.41033812 0.88926234
22.12615076 42.38376955 0.89440824
22.61230908 43.36012101 0.89686202
23.15083832 44.43447507 0.89342736
23.65826172 45.41329720 0.89563830
24.17539905 46.39778843 0.90432777
24.73855989 47.48552445 0.91024901
25.25062115 48.47868950 0.91113561
25.76147900 49.47407866 0.90677878
26.32845738 50.57342219 0.89952371
26.84842579 51.57475789 0.89963123
27.41532845 52.68378353 0.89094862
27.92602150 53.69720272 0.88236213
28.44320555 54.71025450 0.86868902
29.02762649 55.82727886 0.86943887
29.56029041 56.84735598 0.88246999
30.08940346 57.87084103 0.90716664
30.66668407 58.99976772 0.92436826
31.19521438 60.02670367 0.93967117
31.73079764 61.04921293 0.94679361
32.32045958 62.17443610 0.94789673
32.85303359 63.19826339 0.94968489
33.42659514 64.33439557 0.96100887
33.94451004 65.36241806 0.96689132
34.47115633 66.38241772 0.97526558
35.05631805 67.50184203 1.00249589
35.58072096 68.51599136 1.03218057
36.10048319 69.52882545 1.05314964
36.67123831 70.64123939 1.06904080
37.18426213 71.65060311 1.09705798
37.68959899 72.65873923 1.11180639
38.23619676 73.76557629 1.12190517
38.73406348 74.76328154 1.12633558
39.28436196 75.85757514 1.12960373
39.78341120 76.84626996 1.13281110
40.28455353 77.82871836 1.13343393
40.84326906 78.90324309 1.14292146
41.35486140 79.87947547 1.15649947
41.85732150 80.86095160 1.15932494
42.40606057 81.93651316 1.16012735
42.91022431 82.90902078 1.14334754
43.46133964 83.97981375 1.12128694
43.96517409 84.95379145 1.09513248
44.47137423 85.92465695 1.08363427
45.02725461 86.99735211 1.08140316
45.53438626 87.97014667 1.08558445
46.04311543 88.94170065 1.09068668
46.60206785 90.01555794 1.09517842
