-0.000008154 0.000010086 0.000000231
0.450128729 0.217273761 0.011565967
0.971774349 0.444517229 0.014626873
1.477716681 0.729413723 0.011734121
1.999412265 1.035046008 0.014530903
2.498116709 1.356722143 0.019128448
3.036038847 1.748609215 0.019958600
3.559852702 2.146357239 0.023463517
4.090234228 2.585844773 0.020319752
4.681007043 3.088548078 0.019600954
5.237777444 3.589266672 0.019236275
5.751069179 4.112374532 0.011379867
6.262292093 4.676077428 -0.000580242
6.801216455 5.256602766 -0.000526340
7.309327712 5.862547932 -0.006621169
7.821850408 6.506105824 -0.002896976
8.321947661 7.161675827 -0.011628667
8.845323771 7.880449486 -0.013277820
9.351461822 8.596592756 -0.014202871
9.864089102 9.350351106 -0.014622807
10.372474625 10.136140672 -0.006914945
10.861472864 10.919088696 0.004408289
11.334719792 11.720391110 0.011629479
11.786501850 12.525538446 0.012080472
12.248447183 13.359557550 0.017533120
12.708323939 14.207508440 0.023071915
13.150011357 15.079070869 0.031355588
13.595421167 15.969576658 0.046615885
14.046537294 16.883611067 0.052640592
14.477658798 17.786533827 0.047610406
14.896837815 18.681258436 0.045846942
15.290958900 19.580557763 0.042913315
15.708921937 20.481278593 0.045322330
16.130311544 21.410655446 0.054298596
16.536329194 22.312786927 0.069713944
16.929765924 23.248974894 0.078245405
17.327281201 24.157666750 0.085245886
17.710801857 25.083808355 0.087405260
18.078278020 25.998715687 0.094446491
18.472396999 26.985803815 0.101314594
18.840520174 27.908733796 0.116355021
19.223859951 28.894852740 0.119576583
19.599107164 29.849024844 0.124933669
19.992175528 30.842007606 0.136166117
20.361640879 31.823179709 0.152883343
20.762332531 32.823770910 0.141002473
21.180585101 33.858177816 0.129248886
21.563617041 34.814456322 0.126824104
21.933543780 35.825162650 0.111026916
22.288725922 36.783314928 0.110327221
22.635931589 37.716277577 0.118704956
22.989893752 38.680622542 0.135372176
23.346585078 39.636206035 0.148864267
23.692278267 40.561599071 0.149955981
24.042958270 41.481006470 0.159296114
24.380432557 42.399590005 0.162432817
24.741587717 43.327714604 0.179941290
25.075873722 44.230503761 0.184807199
25.430231409 45.134732523 0.194793963
25.793446491 46.069885104 0.203112142
26.137853863 46.983609195 0.219270568
26.508408317 47.915051303 0.227616303
26.867833385 48.836403738 0.241288120
27.227981099 49.775883293 0.230798698
27.583043378 50.691630896 0.229056301
27.954258591 51.604137305 0.215709915
28.307362283 52.498759937 0.213840653
28.654420248 53.370536985 0.207851436
29.003415166 54.240927735 0.218983318
29.337063144 55.055034096 0.227722235
29.664556827 55.875160681 0.229981322
29.999524009 56.685557386 0.233010628
30.310578739 57.472490684 0.237589769
30.626006826 58.240831893 0.244692045
30.946345745 59.004122539 0.250489535
31.256131871 59.766047717 0.255344666
31.564257199 60.553604898 0.250608667
31.881646243 61.319320432 0.253898426
32.168520915 62.035073029 0.251718000
32.456545145 62.738288666 0.237418730
32.744769777 63.415735135 0.235374450
33.029360677 64.117158297 0.236208240
33.299271524 64.785894971 0.235748010
33.570804336 65.418864820 0.251078258
33.837009978 66.041299628 0.250269389
34.100372420 66.619444838 0.256616605
34.343881415 67.196541054 0.271758379
34.582712973 67.738200905 0.277215970
34.813789872 68.290807118 0.280931005
35.048936291 68.829947793 0.286795001
35.282519008 69.336320051 0.301853805
35.522083241 69.843025590 0.321123416
35.747998901 70.327838276 0.340131075
35.960655224 70.778721946 0.339694520
36.191072307 71.222100915 0.327497732
36.432356444 71.668007117 0.326917812
36.678934858 72.095287141 0.331690664
36.915095360 72.510464252 0.348294999
37.169417771 72.919363266 0.354899216
37.405304214 73.299720139 0.353975515
37.657367228 73.628903140 0.348813401
37.917726036 73.975859037 0.351224280
38.209466963 74.298376646 0.343589975
38.484168191 74.598776452 0.341741314
38.773942205 74.885176826 0.330287312
39.086962575 75.136261334 0.328686071
39.414436518 75.403525906 0.308239926
39.773057864 75.641246732 0.305864029
40.128745492 75.826449179 0.309562538
40.515182635 76.011568518 0.312728897
40.893593442 76.193744404 0.309783245
41.288428024 76.321486299 0.300395654
41.688761602 76.422486554 0.294662935
42.089054751 76.496802021 0.292783895
42.479419199 76.577113625 0.293206676
42.877902122 76.637816895 0.288022936
43.290038588 76.661261628 0.277069758
43.708683956 76.664317753 0.258013355
44.114759831 76.615695783 0.262481536
44.498220436 76.553278176 0.268871239
44.914344454 76.526793582 0.278665926
45.306665009 76.482380083 0.274906565
45.725113794 76.422006367 0.262961457
46.127742995 76.308443339 0.247228795
46.541157893 76.194657851 0.242635014
46.954313623 76.048136955 0.226605521
47.364395698 75.925822083 0.211834052
47.811817240 75.767610877 0.212144706
48.275325632 75.599951605 0.215022721
48.720776376 75.429781397 0.225795433
49.184846393 75.245297537 0.221841923
49.662319823 75.039525900 0.220240239
50.135566160 74.825856162 0.220501447
50.607379840 74.608090410 0.215605068
51.122167017 74.363269957 0.207529120
51.631071196 74.154417504 0.202345079
52.144533893 73.901456647 0.198976620
52.698150782 73.629389903 0.193726314
53.236002088 73.354920640 0.189695553
53.804559417 73.080640145 0.189748246
54.374651994 72.782722993 0.182863283
54.958118817 72.484972812 0.183633434
55.550058663 72.167305171 0.194316907
56.181478556 71.815628013 0.200322823
56.828264264 71.482615747 0.197902953
57.480335590 71.143856962 0.202322926
58.145361447 70.795666577 0.204931292
58.838457312 70.444132838 0.202076571
59.551972057 70.084709810 0.200822573
60.302715510 69.727872519 0.199507044
61.011095502 69.386069425 0.195177752
61.754007652 69.028792070 0.196435185
62.488967388 68.677552366 0.191326879
63.215447655 68.318743965 0.190686844
63.935108932 67.984424373 0.194825698
64.665671776 67.643111968 0.200036494
65.390711848 67.284114155 0.217235255
66.123381107 66.922029380 0.233619253
66.820454935 66.576743326 0.247719142
67.553074267 66.224199389 0.258178240
68.275548549 65.861828467 0.263937144
68.978506849 65.511571853 0.272734675
69.683115720 65.166970198 0.283714563
70.384346414 64.804295912 0.294736182
71.104155612 64.434217981 0.305263692
71.796271445 64.079249268 0.315123543
72.497785002 63.681928521 0.314240410
73.179660280 63.293657505 0.317012061
73.851168120 62.908850773 0.316109962
74.531601250 62.504266566 0.319516455
75.224019078 62.097805653 0.314103011
75.886644225 61.707136490 0.310155222
76.549897304 61.289817405 0.300807484
77.189355291 60.857156231 0.299258556
77.833648154 60.441395129 0.290231448
78.446095396 60.017046375 0.280053404
79.078876663 59.581946119 0.280989348
79.729748870 59.133050743 0.271959612
80.357061654 58.694511446 0.269640382
80.962364452 58.250873577 0.270013358
81.556438714 57.829805372 0.270850404
82.125090762 57.412699205 0.275148651
82.669242321 57.005873931 0.269321077
83.210684752 56.603376102 0.269448780
83.726194250 56.226503970 0.264680691
84.240857227 55.827610659 0.267494020
84.756399218 55.434494531 0.269488411
85.263555148 55.047267410 0.267614465
85.752789354 54.688637919 0.272742751
86.212600921 54.345683555 0.268237550
86.677250278 54.023604729 0.273715732
87.119665310 53.708637875 0.271249933
87.566663398 53.412528949 0.285252186
88.029276302 53.115935486 0.289086925
88.479765096 52.840583797 0.291448282
88.931613652 52.578304561 0.293922940
89.392354524 52.327439285 0.293010631
89.857283750 52.117925187 0.307780213
90.340421018 51.908518551 0.316502368
90.803404812 51.738356273 0.323915484
91.269890786 51.576475444 0.333030394
91.726793990 51.461162482 0.325324090
92.185676082 51.357081398 0.335849439
92.644897536 51.279126876 0.341795715
93.109555846 51.247143711 0.353500638
93.566856266 51.230527776 0.359780893
94.005856582 51.256241791 0.358001679
94.466729511 51.300198916 0.366352841
94.906953414 51.368288121 0.371284228
95.338916922 51.478052085 0.392794488
95.759907082 51.616100302 0.410818151
96.179061948 51.800287640 0.429488630
96.597386926 51.998982920 0.435088724
96.993300916 52.221150524 0.450464140
97.365578736 52.463292217 0.463113699
97.749641944 52.741565165 0.474303573
98.114621644 53.035097525 0.471292627
98.474426422 53.341218701 0.452219137
98.834484656 53.665863139 0.451235528
99.183096326 53.986742419 0.451687597
99.541300561 54.321754614 0.459998875
99.893183653 54.689158619 0.450596806
100.250280844 55.080015992 0.452824479
100.619549470 55.465267861 0.440882699
100.998945811 55.868505207 0.446575223
101.377276859 56.267156972 0.436183111
101.796157717 56.684913506 0.431150001
102.218725174 57.107469358 0.429680357
102.632400898 57.544138661 0.434860814
103.068798550 57.993625966 0.433999828
103.532965159 58.456870370 0.444416203
103.999151813 58.920026319 0.452642825
104.481237861 59.379035476 0.458809126
104.959947789 59.830255127 0.457076273
105.434721173 60.278777796 0.458029472
105.916724202 60.740148090 0.461906310
106.398402014 61.207048144 0.455881279
106.898512489 61.681084001 0.451973746
107.401973161 62.167140606 0.442728553
107.916271652 62.655829907 0.450365666
108.425606325 63.164410137 0.459012711
108.940334028 63.680104592 0.458834787
109.456980157 64.222058494 0.452579563
109.987369155 64.764852096 0.433483269
110.535166312 65.326482273 0.415397037
111.093253322 65.898630879 0.417370658
111.636970686 66.474752554 0.410148803
112.200971788 67.075242293 0.410175558
112.769199974 67.671079618 0.395770802
113.336388862 68.279326713 0.387640889
113.892929703 68.889948441 0.383036495
114.472941022 69.518068839 0.368671574
115.027627402 70.125760186 0.360071248
115.592765586 70.727982199 0.362423067
116.171857462 71.367422313 0.349036115
116.762300307 72.011452957 0.339358360
117.358756370 72.624395003 0.343076139
117.934126253 73.229582431 0.332766757
118.523077741 73.820490196 0.337904032
119.114609510 74.416660068 0.344960091
119.703439524 75.023660020 0.359870830
120.282215157 75.630414133 0.373845106
120.873610582 76.238902132 0.383435342
121.457996864 76.848665955 0.384167607
122.047193180 77.443437387 0.376198342
122.626794968 78.020896826 0.363970117
123.231417360 78.612751748 0.375890139
123.822971837 79.217684722 0.391106135
124.421691481 79.821135451 0.412728983
125.016277350 80.419550461 0.430881016
125.593586262 81.011946680 0.412346993
126.164758833 81.610641923 0.399669769
126.737761775 82.200326734 0.367283691
127.323031036 82.789358666 0.371883660
127.894797501 83.381177653 0.387774530
128.464148328 83.973229549 0.389311078
129.033231879 84.578579820 0.393725660
129.571917260 85.166167327 0.408817401
130.104072023 85.738279139 0.408095673
130.654715537 86.332865257 0.411097629
131.211800416 86.918744897 0.417426026
131.758927075 87.494638128 0.419448006
132.293769513 88.072912781 0.418267720
132.842703244 88.657067087 0.413826087
133.378705390 89.247928114 0.417354675
133.923049710 89.863140106 0.420475882
134.469581414 90.476837123 0.426316419
135.012974447 91.096288957 0.432642130
135.545651521 91.730769845 0.416831030
136.096878583 92.384702823 0.386735516
136.654373678 93.026283749 0.359623908
137.191481846 93.657022915 0.336269472
137.727461836 94.278803195 0.306780318
138.227064043 94.903919679 0.309208545
138.716089940 95.535982971 0.304645998
139.189259586 96.149698610 0.298899463
139.686361027 96.789431972 0.299509628
140.187174094 97.440979556 0.315002434
140.678154467 98.090404527 0.325731443
141.151749666 98.766621790 0.337781641
141.632459094 99.436005633 0.330977924
142.113157900 100.102111705 0.333778484
142.581933852 100.764549710 0.328716786
143.053972601 101.465742201 0.328364432
143.518531086 102.150444994 0.314836968
143.976422376 102.829387059 0.299536693
144.435076696 103.508006806 0.306177673
144.906294535 104.217688748 0.307435042
145.380307932 104.935675116 0.309187601
145.832463771 105.622161718 0.286894780
146.299746642 106.303743989 0.269611276
146.757200015 106.973899842 0.264706931
147.188684322 107.662598439 0.255637659
147.624849944 108.350367012 0.250950980
148.073879418 109.052504606 0.253404660
148.515372738 109.748056940 0.239818614
148.933943129 110.423794456 0.237700077
149.356170718 111.125640760 0.223933485
149.777466662 111.826733766 0.190854425
150.216053945 112.550110801 0.184878707
150.637853861 113.291769617 0.197924614
151.044923377 114.051638054 0.202661605
151.441639996 114.788379978 0.203993369
151.830078907 115.531090463 0.190263534
152.222282472 116.256737529 0.184485163
152.587981861 116.978244241 0.170136426
152.973643647 117.723868903 0.148574528
153.383765520 118.475364740 0.144620444
153.776527252 119.222876342 0.157169947
154.162561046 119.981788682 0.147233982
154.551237024 120.743885586 0.122722442
154.942271425 121.500974879 0.099679580
155.328250651 122.225628563 0.077688766
155.716059072 122.950662024 0.070581074
156.108858492 123.700642575 0.081502552
156.482136570 124.435588632 0.093704161
156.860530790 125.163306086 0.095728116
157.248136220 125.904816599 0.099948675
157.599145848 126.585254635 0.100408008
157.956856268 127.302767769 0.093715239
158.300902564 128.010129345 0.099541688
158.661043539 128.742153485 0.107152188
159.030645488 129.463312769 0.114160163
159.376193396 130.168791705 0.107709187
159.743730934 130.881005335 0.100874991
160.089085813 131.584049190 0.095508242
160.442846447 132.302691462 0.088127170
160.820622192 133.064771925 0.073528928
161.200156794 133.826911994 0.080400097
161.556318952 134.533144761 0.060495006
161.905925574 135.207039409 0.041930691
162.221943805 135.836718613 0.021831043
162.544772296 136.486060805 0.015581145
162.861899943 137.115943878 0.003676674
163.168000758 137.726182615 0.003692084
163.474359199 138.322905221 -0.002603085
163.767628903 138.909795961 0.004788236
164.063544212 139.509718499 0.001185917
164.350144563 140.098391863 0.008540170
164.657148928 140.664144947 -0.005699282
164.955791380 141.240847095 -0.008526134
165.255525351 141.805990074 -0.019231040
165.541184173 142.350974369 -0.021793180
165.843824818 142.903384945 -0.021149725
166.157560143 143.467487768 -0.009385003
166.487010535 144.041931266 0.002006542
166.806093637 144.578185252 0.019354715
167.115386381 145.118608268 0.030747046
167.442192993 145.684528161 0.029045533
167.762010704 146.235809128 0.030726760
168.075631080 146.805635275 0.032286320
168.392011435 147.356594026 0.047563934
168.693136505 147.895287991 0.050161643
169.006297121 148.456669253 0.040861099
169.324032334 149.006811599 0.030835267
169.618079919 149.548435601 0.034859647
169.929063330 150.086204576 0.053259582
170.223750449 150.656368627 0.057220600
170.551808819 151.257385449 0.062094989
170.872928969 151.818367038 0.070845732
171.175607216 152.371876705 0.079882160
171.466772252 152.945786257 0.070872198
171.755867722 153.524347178 0.049848780
172.067679274 154.115999171 0.033510087
172.393191574 154.735525367 0.028807212
172.702698669 155.355794912 0.038920446
173.016724648 155.968404129 0.042836036
173.304207493 156.552920432 0.033071535
173.604599274 157.165931870 0.016523934
173.930436069 157.800472068 0.009117465
174.239450342 158.410771650 0.007665892
174.541548954 159.023194726 0.004302857
174.856748026 159.634980001 0.003458453
175.154150346 160.233526960 0.001560216
175.432689099 160.804473592 -0.011414299
175.736747088 161.405838520 -0.010970603
176.010482043 161.978196790 -0.019568299
176.292958209 162.569707520 -0.018689612
176.568154014 163.147569247 -0.017444963
176.843932308 163.714660409 -0.009774792
177.118888787 164.293780688 0.001101921
177.365220397 164.848549650 -0.000814156
177.605505434 165.394284717 -0.012944067
177.847396103 165.909129377 -0.018160871
178.086707135 166.412818301 -0.023941201
178.311149728 166.902553314 -0.026968864
178.512485004 167.385589598 -0.034034598
178.714017068 167.885657398 -0.041350071
178.899188230 168.353495801 -0.042000655
179.066341593 168.823229191 -0.040765770
179.223679728 169.283626779 -0.039868212
179.382273017 169.756973968 -0.029626728
179.529131976 170.243162016 -0.023735844
179.625785437 170.693438196 -0.029472832
179.706278788 171.139802334 -0.030097518
179.773514820 171.613182319 -0.033219649
179.818985829 172.075143869 -0.024093328
179.826676247 172.545188893 -0.010603474
179.805180173 172.978992827 -0.010789358
179.781064797 173.400084035 -0.007559472
179.737458306 173.828458330 -0.006082920
179.696087328 174.276165935 0.001749001
179.598873767 174.689123434 0.013160942
179.487482790 175.119969158 0.029618944
179.352074807 175.492918039 0.028610069
179.198953090 175.863031912 0.030682613
179.018814875 176.209343534 0.023750964
178.838683681 176.564524465 0.019588571
178.664873308 176.913980553 0.009163695
178.464456879 177.265694142 -0.001130494
178.220719893 177.584368383 -0.007876296
177.948593545 177.916373903 -0.021557605
177.667220754 178.254545987 -0.029233873
177.344100984 178.580743447 -0.041225471
177.005789183 178.878593354 -0.048309116
176.647307493 179.171372603 -0.056385139
176.259920849 179.475931235 -0.064468095
175.849552926 179.774808277 -0.081352134
175.400826069 180.072568739 -0.088633142
174.956521471 180.367658393 -0.094972616
174.509278686 180.625017373 -0.103901867
174.025672925 180.895299586 -0.115819138
173.501066097 181.175472421 -0.126668683
172.943312183 181.460273375 -0.138429274
172.422742720 181.720990241 -0.144687570
171.855926465 182.019636718 -0.152459569
171.271315447 182.307571447 -0.158440765
170.680644235 182.611248034 -0.163248546
170.054603539 182.918774008 -0.174444807
169.434471128 183.244372012 -0.176147789
168.796177060 183.577816651 -0.179080443
168.112308387 183.929331696 -0.183670595
167.441308492 184.260292665 -0.189637982
166.739119881 184.610053703 -0.200490747
166.013261715 184.988586501 -0.202051655
165.262935212 185.399439691 -0.214447570
164.492891798 185.803279515 -0.213861574
163.718585980 186.211296397 -0.211973542
162.953605357 186.611322599 -0.215235401
162.169825907 187.029159705 -0.219346504
161.404768622 187.423624606 -0.221513511
160.634575823 187.804898481 -0.210789436
159.858577169 188.193859270 -0.211198225
159.064156661 188.598160181 -0.220438571
158.257054924 189.015621211 -0.225733956
157.453849020 189.421753214 -0.223641359
156.633709239 189.821942690 -0.223056458
155.840112435 190.216083814 -0.228718627
155.058520972 190.623214829 -0.229085310
154.255835243 191.015628841 -0.239658212
153.458136587 191.388248690 -0.251739118
152.677671343 191.754833409 -0.264034888
151.870590202 192.124450000 -0.271657729
151.078323260 192.497769551 -0.274611372
150.274337933 192.867712499 -0.278763410
149.463109093 193.230248195 -0.280500548
148.680784218 193.586479394 -0.282214281
147.913176107 193.943506581 -0.278383876
147.130907900 194.316170525 -0.272023411
146.395277529 194.667746724 -0.269658992
145.624131776 195.033132146 -0.266565714
144.846678334 195.420526411 -0.263996315
144.072336406 195.813415680 -0.255444811
143.328979713 196.186325756 -0.253709922
142.555878171 196.559511214 -0.270313644
141.803794785 196.932893559 -0.274257820
141.034842109 197.315105235 -0.271418281
140.263508875 197.691380329 -0.270102262
139.498506802 198.059524877 -0.281156063
138.740110646 198.422083838 -0.283084917
138.004033207 198.772717290 -0.280992516
137.277211796 199.119054167 -0.291943723
136.563599879 199.453627317 -0.294117837
135.845242466 199.796735447 -0.293951168
135.117676216 200.132445201 -0.287885023
134.389875350 200.451131418 -0.290021482
133.670442208 200.776035393 -0.289470722
132.953266156 201.086434843 -0.275900410
132.238954776 201.390239115 -0.285136846
131.531295858 201.708105113 -0.290203145
130.826112642 202.009447220 -0.300005885
130.124725117 202.327374929 -0.307657334
129.424733951 202.644676779 -0.317954642
128.760502566 202.956102691 -0.318792543
128.119164217 203.251216801 -0.325550840
127.476401347 203.531771233 -0.334988998
126.864739904 203.822601552 -0.343837164
126.261431922 204.100294386 -0.347559691
125.661167470 204.388042066 -0.356436343
125.093788201 204.657077569 -0.362846417
124.515971685 204.933450548 -0.374180552
123.960725819 205.209206799 -0.385682620
123.421977572 205.481664895 -0.393125715
122.909400971 205.736608308 -0.395587295
122.409566874 205.988594379 -0.399923672
121.918261261 206.246314287 -0.401017437
121.460700514 206.480525361 -0.402520886
121.008889464 206.735170959 -0.412914660
120.582284859 206.964919377 -0.425270851
120.167267254 207.192054746 -0.429444636
119.756306271 207.420468287 -0.432837926
119.365640476 207.635866593 -0.436062945
118.994361415 207.844885406 -0.435256391
118.626181636 208.062292970 -0.445517133
118.273201252 208.270832744 -0.454114511
117.935494104 208.480688971 -0.458568148
117.631054324 208.678644005 -0.460557415
117.358828476 208.863475374 -0.463648421
117.068625866 209.059324061 -0.462235540
116.842928876 209.205350708 -0.465101360
116.618169132 209.347531648 -0.467342049
116.412409293 209.488530274 -0.473223655
116.243216413 209.608642994 -0.477471499
116.052047389 209.731048173 -0.478152859
115.885769480 209.829000646 -0.473480482
115.775625264 209.904115129 -0.473584067
115.666074372 209.967137446 -0.467465347
115.600919086 209.995001172 -0.459240687
115.576225900 210.017833172 -0.455720145
115.558508582 210.026071086 -0.445713822
115.536619155 210.048467912 -0.445905314
115.497288174 210.076210323 -0.445910279
115.471800787 210.083169075 -0.443297316
115.446205252 210.093899300 -0.436612309
115.434111338 210.110250248 -0.432684328
115.429638551 210.112247565 -0.438872597
115.438288267 210.101368817 -0.438649987
115.449380826 210.095028472 -0.428148923
115.450542070 210.105622386 -0.427063878
115.450834779 210.118123199 -0.425969814
115.452134031 210.117187148 -0.422998659
115.449975282 210.115437411 -0.422280101
115.434276957 210.116807280 -0.416254132
115.425390217 210.130036868 -0.414566303
115.405652998 210.148823331 -0.413547501
115.387124580 210.168176849 -0.408984086
115.350130121 210.179197935 -0.413382523
115.330237145 210.198086074 -0.415978937
115.313165593 210.208630457 -0.415189488
115.301906840 210.222131373 -0.412847437
115.260172199 210.255975267 -0.415482444
115.210415298 210.266191813 -0.415572439
115.146566581 210.313086339 -0.414138898
115.080126440 210.367600389 -0.406709168
114.993668030 210.425186087 -0.404790079
114.892633892 210.505068997 -0.398716896
114.788799447 210.590477162 -0.402573095
114.636538790 210.700541712 -0.403296648
114.484597527 210.812715306 -0.409781969
114.304606415 210.940246998 -0.417002883
114.134996810 211.093465499 -0.413900009
113.927773029 211.256410425 -0.417700341
113.722910380 211.408964458 -0.421724160
113.536272002 211.613048839 -0.427201254
113.347699086 211.808539223 -0.431540134
113.151332989 212.025850671 -0.440665604
112.955757700 212.229314063 -0.441163951
112.758354934 212.462624259 -0.443365529
112.551207625 212.738647243 -0.445676470
112.339349866 212.987086310 -0.455588213
112.108729882 213.270949916 -0.476806387
111.941150978 213.579063749 -0.495125384
111.790125707 213.885650045 -0.511201423
111.646297333 214.209319172 -0.520993128
111.497379828 214.563857169 -0.533030305
111.373184961 214.936432717 -0.551016501
111.281766387 215.346401118 -0.578122061
111.220461584 215.776199069 -0.597022916
111.175748144 216.230345011 -0.619049945
111.139696923 216.712864253 -0.633283710
111.152105613 217.221521416 -0.641889387
111.194938879 217.760365330 -0.647916038
111.265325228 218.242848326 -0.654337387
111.369094955 218.807328479 -0.668783318
111.491754610 219.357432513 -0.679308836
111.648727787 219.907679438 -0.685861444
111.847036588 220.482098731 -0.686662147
112.069139401 221.075231375 -0.691404841
112.328704078 221.666179003 -0.699126861
112.607669006 222.247230839 -0.708520049
112.890299640 222.818699450 -0.710107604
113.191517936 223.411869446 -0.715340458
113.510855024 224.004793424 -0.721437856
113.848741700 224.618685886 -0.727166609
114.187538556 225.209117798 -0.731694794
114.548202420 225.834563246 -0.738386121
114.918726294 226.466198603 -0.736667573
115.280100172 227.099825220 -0.740705442
115.660439382 227.750092814 -0.739575568
116.045225610 228.421317060 -0.741180747
116.431374954 229.084123003 -0.748650851
116.837685019 229.771734686 -0.759191597
117.248913283 230.460610581 -0.767378570
117.639652728 231.138598187 -0.780581376
118.059295356 231.874103782 -0.793796081
118.486823603 232.634920383 -0.799457667
118.916062146 233.390228205 -0.804323346
119.370663616 234.169319672 -0.799339919
119.819910303 234.936883821 -0.802053582
120.280647277 235.712729577 -0.810533584
120.747228443 236.499525900 -0.832255015
121.213004093 237.313830722 -0.857237220
121.673636863 238.120329733 -0.879018663
122.136960717 238.955495915 -0.885061019
122.607204934 239.826372506 -0.889020634
123.090475751 240.689381179 -0.890670138
123.586957883 241.567207015 -0.895431313
124.073996855 242.435928352 -0.903212091
124.569612207 243.303381541 -0.926515380
125.082337264 244.201422539 -0.952580017
125.602852960 245.126156983 -0.977955952
126.134370315 246.051027171 -0.991138445
126.662202922 246.980102528 -1.006407669
127.189776750 247.917216790 -1.019163018
127.712935404 248.859569912 -1.029990670
128.231838865 249.784249375 -1.053887406
128.755779561 250.711583438 -1.073512876
129.285050321 251.646508952 -1.090035875
129.792326039 252.590591824 -1.098357683
130.299475062 253.539481787 -1.105976357
130.808637635 254.485295948 -1.110227258
131.317210428 255.425579053 -1.120264584
131.813402618 256.374977355 -1.136713949
132.299238946 257.296024035 -1.160281932
132.794504245 258.243780784 -1.196708924
133.304977215 259.190418203 -1.225216243
133.805027792 260.138070702 -1.258534746
134.292064698 261.064499425 -1.284983226
134.776891964 261.986903257 -1.309727802
135.250908765 262.885287098 -1.330347642
135.726327311 263.810532122 -1.352478870
136.220820659 264.743112346 -1.372593514
136.691997917 265.662110219 -1.403330737
137.165707346 266.578227580 -1.436885098
137.649192888 267.507311131 -1.464364666
138.122980337 268.429744016 -1.493694738
138.595812707 269.334280372 -1.535274025
139.074429299 270.253676566 -1.577249643
139.548808985 271.161069412 -1.614331675
140.035220210 272.099985286 -1.643251222
140.520023356 273.023874938 -1.675911187
141.003475992 273.982209021 -1.718168865
141.492077096 274.898477590 -1.742692327
141.976361149 275.830189929 -1.767355679
142.442756314 276.734094964 -1.799441949
142.933763679 277.676313811 -1.833967615
143.424966520 278.601194463 -1.874044730
143.922037513 279.551125377 -1.907594310
144.442492875 280.521286528 -1.940394969
144.943025838 281.458073032 -1.981849108
145.450885429 282.409379120 -2.022901014
145.954512381 283.342360847 -2.047322120
146.451386525 284.265685545 -2.080404608
146.941724661 285.198647591 -2.119032365
147.459554101 286.170519872 -2.147270121
147.982433921 287.166060171 -2.165342640
148.529082433 288.174901475 -2.197919890
149.060412887 289.153363806 -2.227844747
149.584597454 290.132410161 -2.256408110
150.088510338 291.068809370 -2.283673022
150.596492704 292.028113345 -2.317395969
151.117419216 292.987780174 -2.340737744
151.634152985 293.957313035 -2.359558527
152.149501081 294.928747589 -2.383876648
152.643746758 295.870301085 -2.391766943
153.144770414 296.802114295 -2.400488905
153.661557988 297.775263057 -2.416465077
154.164638369 298.721278443 -2.427489504
154.660783034 299.664149934 -2.443924776
155.165474020 300.619968774 -2.452820772
155.658881052 301.556653096 -2.462138417
156.140424066 302.472570151 -2.466239294
156.634246702 303.411951360 -2.460943119
157.128775640 304.347071331 -2.461069375
157.600237201 305.251591452 -2.465546210
158.051082484 306.128495733 -2.458285432
158.482116412 307.002142649 -2.436395573
158.911904549 307.861479849 -2.420555200
159.327294132 308.707841488 -2.393592239
159.737406084 309.534913329 -2.359648347
160.157573151 310.370208972 -2.321043034
160.576976074 311.214313588 -2.277773173
160.987440625 312.044932416 -2.228471077
161.401734906 312.880084125 -2.178784785
161.802198827 313.688271001 -2.127790398
162.181099270 314.470356482 -2.063670177
162.550407451 315.233628827 -1.998765384
162.904845155 315.968374920 -1.935054627
163.269203400 316.704935901 -1.853356270
163.641241981 317.415913593 -1.777879088
163.997432410 318.127490272 -1.686534871
164.330677196 318.808541772 -1.592711533
164.667719168 319.469868432 -1.500846081
164.986137921 320.130105207 -1.406967945
165.301837642 320.750041820 -1.311583362
165.601666056 321.347057797 -1.208675275
165.893794491 321.932771603 -1.103507992
166.180515880 322.489718137 -1.006361484
166.454342312 323.045109576 -0.898088543
166.704227522 323.553764840 -0.783757247
166.950110612 324.065335140 -0.666425906
167.188864343 324.533706720 -0.559253118
167.417265617 325.021671371 -0.432806566
167.627081127 325.485742442 -0.316175293
167.810122810 325.896795392 -0.215413353
167.972081693 326.304461934 -0.108788958
168.129748128 326.711369653 0.004007584
168.258069962 327.104132389 0.111721524
168.410828521 327.525624432 0.250819706
168.548186128 327.937217162 0.396347679
168.664422733 328.385403438 0.556217712
168.745323567 328.778866468 0.693324289
168.814069550 329.173063472 0.824644914
168.873054406 329.582847949 0.975989246
168.898052592 329.973044037 1.103979831
168.920701804 330.378998341 1.252641706
168.915491652 330.780990634 1.401972972
168.879024244 331.158857680 1.535308241
168.819044463 331.552469940 1.661951778
168.757020814 331.961679660 1.797372302
168.668907884 332.369952522 1.932494432
168.563591420 332.765515895 2.072879804
168.427653345 333.171814492 2.220710643
168.263279045 333.585822651 2.351614696
168.075634198 334.003610440 2.474932882
167.856086758 334.404958673 2.590932581
167.596975158 334.802235675 2.699907781
167.283692979 335.202773948 2.767673989
166.989708557 335.597927461 2.840377025
166.673068309 335.967721644 2.905037154
166.273731231 336.325018886 2.941843998
165.890041297 336.645943635 2.961261782
165.444964708 336.978418458 2.934214397
165.013870345 337.314336895 2.918307237
164.566258617 337.642532833 2.864135119
164.121463846 337.962075058 2.819435840
163.645547117 338.284439867 2.766235002
163.157899551 338.600638388 2.680538207
162.666415083 338.907051215 2.575763824
162.153680252 339.240143362 2.477341345
161.603934316 339.591340749 2.370980811
161.049061627 339.937247540 2.275075252
160.467047331 340.273850029 2.171273759
159.874811833 340.604043591 2.090214717
159.261024184 340.946286954 2.003895226
158.668678079 341.275851794 1.909323645
158.054492455 341.625555466 1.813346620
157.425744842 341.980136187 1.714754944
156.783019117 342.345225063 1.625051626
156.107984687 342.724318375 1.535244188
155.404281039 343.118354787 1.454882545
154.675153278 343.522811375 1.372198721
153.994736072 343.911057233 1.314991893
153.258027550 344.325713653 1.239327033
152.516359900 344.751600448 1.178203402
151.739409080 345.190925836 1.120433489
150.925930104 345.635723397 1.067369845
150.146379592 346.058458217 1.020111019
149.380636134 346.478893141 0.979038869
148.630441807 346.884373482 0.931394069
147.862131661 347.293652159 0.898877463
147.092284762 347.709593346 0.862919341
146.311695573 348.130478811 0.838090830
145.526655030 348.544057157 0.808753845
144.723124003 348.955640035 0.776650412
143.927577656 349.361355794 0.757852055
143.128549986 349.764499735 0.736771728
142.334769561 350.167770612 0.704000844
141.554214752 350.567034123 0.672394949
140.775065119 350.959941945 0.649082612
139.979788948 351.365465602 0.631505741
139.153806028 351.788348636 0.611942003
138.337198785 352.215021678 0.597453157
137.506277819 352.643054448 0.591760884
136.687466488 353.075179256 0.569869855
135.834727928 353.507204503 0.555473652
135.014023134 353.933509139 0.517811450
134.227200906 354.351975383 0.482649893
133.447364469 354.784703104 0.457662475
132.648226733 355.208047651 0.440096759
131.839131468 355.635329770 0.412426792
131.029823784 356.084725114 0.375445944
130.225901677 356.513930799 0.336940249
129.427515314 356.951481543 0.311143917
128.632951178 357.386352132 0.277288936
127.838144129 357.824372907 0.262185409
127.040794546 358.243457109 0.244218552
126.235574015 358.669233138 0.224746119
125.413821602 359.094328942 0.210014866
124.626455254 359.507490460 0.198119825
123.837026762 359.915278032 0.189368353
123.065352119 360.315967847 0.192715866
122.274418114 360.711230029 0.193118868
121.485858130 361.105286774 0.196186653
120.694308171 361.499205392 0.199745300
119.915579692 361.876943308 0.205187419
119.132153204 362.245552536 0.220028607
118.349061269 362.613474050 0.226558506
117.548672508 362.991443851 0.236573648
116.764323250 363.360991175 0.257065681
115.987699015 363.707389362 0.269690570
115.237092672 364.043902280 0.281653070
114.509641343 364.375634088 0.295002313
113.775522065 364.725151715 0.305645593
113.056394991 365.035421223 0.321890380
112.375466357 365.337779035 0.330761051
111.685961632 365.638586305 0.335279599
111.012037210 365.934948786 0.339315101
110.359497830 366.213664343 0.343036725
109.719769108 366.493774449 0.338770248
109.099310849 366.756318759 0.321455791
108.517883264 367.012315556 0.308458687
107.962845070 367.255186839 0.293159371
107.425655437 367.505460217 0.278208793
106.871555485 367.761742372 0.256522703
106.349461647 368.007169125 0.232485418
105.810040749 368.266924273 0.204510847
105.312746928 368.514632080 0.166722063
104.805309825 368.757089164 0.136894005
104.289263591 369.000238528 0.099114924
103.769288758 369.264666251 0.061857727
103.242077231 369.522763145 0.022192185
102.727082855 369.794203248 -0.021791185
102.216303734 370.069260790 -0.067068066
101.681786090 370.364852697 -0.105312286
101.170279006 370.643947372 -0.143601673
100.660995216 370.923757566 -0.186746364
100.138576852 371.217799636 -0.223207247
99.605153543 371.515364549 -0.255981700
99.071131739 371.821335767 -0.274845113
98.525022673 372.141190596 -0.297881196
97.985258936 372.449307808 -0.316532348
97.435289105 372.771506180 -0.339438232
96.855352529 373.113818819 -0.362071406
96.303442560 373.440604672 -0.382334928
95.722494832 373.790394325 -0.398388786
95.137348391 374.129450814 -0.405165451
94.501171267 374.481777839 -0.396626503
93.894530341 374.844488255 -0.381839088
93.259552546 375.194116077 -0.358007173
92.578632536 375.567989768 -0.325120377
91.878240058 375.947066814 -0.325933237
91.192681846 376.351460627 -0.314792872
90.463809074 376.739856669 -0.310966626
89.767169669 377.105954460 -0.273622775
89.013433554 377.486343280 -0.244735033
88.242665387 377.886447803 -0.206793566
87.484783421 378.284313533 -0.190097303
86.688558625 378.717973437 -0.175092319
85.878814491 379.142224307 -0.151196511
85.082807965 379.552666742 -0.118917271
84.280705184 379.961233689 -0.091964473
83.423998152 380.370037734 -0.082740141
82.555592132 380.802915187 -0.086816035
81.668524065 381.237041338 -0.108046484
80.808078961 381.662248634 -0.118929185
79.973939869 382.062432928 -0.126901297
79.131428555 382.474033580 -0.126585464
78.274667948 382.881931335 -0.134612918
77.416800442 383.304123183 -0.148390882
76.562385894 383.729881905 -0.164030239
75.713803508 384.143174526 -0.175303491
74.872647957 384.568896293 -0.178574990
74.008280571 385.020644802 -0.168357566
73.159286049 385.442496225 -0.165535243
72.278366527 385.885516768 -0.162784782
71.402696463 386.319767165 -0.172986985
70.527518624 386.769166902 -0.180822949
69.668992002 387.214537862 -0.188404563
68.812401971 387.656956553 -0.204231650
67.950209055 388.117225453 -0.200441768
67.073026382 388.565657941 -0.196320637
66.202336920 389.006610594 -0.189102661
65.362990690 389.438681850 -0.191056034
64.511037779 389.886462479 -0.202451606
63.669907052 390.325242153 -0.201254896
62.790025927 390.789173266 -0.213448894
61.933429031 391.232952306 -0.227367943
61.076372054 391.667621515 -0.240411269
60.231532046 392.091226532 -0.239971195
59.384097735 392.510709545 -0.245636678
58.515351626 392.924153006 -0.247629977
57.649682487 393.356478166 -0.257747627
56.775080528 393.802320394 -0.278214598
55.929297423 394.239048430 -0.281395346
55.079757016 394.666583809 -0.301907023
54.234560697 395.080257679 -0.321458214
53.429367009 395.478162701 -0.341608004
52.621718448 395.880166678 -0.357921652
51.798726062 396.284188458 -0.391789512
50.954728165 396.693064038 -0.443208481
50.126646393 397.095733171 -0.491682841
49.308343239 397.511220193 -0.535718627
48.462685031 397.929107872 -0.585386656
47.633842462 398.339721078 -0.646527643
46.830624898 398.728938983 -0.700802164
46.046118282 399.116093026 -0.757302346
45.275776989 399.481704814 -0.814039040
44.522642095 399.839694836 -0.870362250
43.783758800 400.190493982 -0.943974020
43.069355325 400.533319411 -1.008924253
42.331792384 400.883920274 -1.080474162
41.629410575 401.219268030 -1.170185013
40.958715450 401.547120825 -1.258980754
40.289473931 401.866788260 -1.351202642
39.636192916 402.162833533 -1.445330797
38.988864501 402.469480755 -1.538254177
38.346666249 402.785440277 -1.644894235
37.749163916 403.070293078 -1.741336198
37.173466738 403.336512342 -1.843855055
36.591590368 403.595014602 -1.943473920
36.042367978 403.824643077 -2.023166434
35.518107310 404.053855940 -2.105327281
34.977184732 404.290039596 -2.196543111
34.458686433 404.526754678 -2.301641940
33.944068061 404.754992949 -2.405586298
33.432741522 404.967944396 -2.498440422
32.963467631 405.166420855 -2.600484983
32.460329436 405.373831070 -2.702957148
31.959347529 405.571464538 -2.798155175
31.470107406 405.764384993 -2.893015786
30.978510704 405.929871387 -2.967454369
30.510906367 406.086943131 -3.040433347
30.047924681 406.228753913 -3.097007536
29.574571414 406.352596973 -3.152139179
29.101808455 406.467192509 -3.176290709
28.627657243 406.548472193 -3.192375406
28.169264767 406.613661034 -3.197856116
27.715408628 406.662030740 -3.207785993
27.244204103 406.681998941 -3.179450844
26.778711046 406.682913450 -3.152385994
26.325200758 406.636369617 -3.083342936
25.891105280 406.564802263 -3.012937958
25.479047713 406.479328025 -2.945212336
25.051126718 406.345786678 -2.849697857
24.606522645 406.191802909 -2.749856350
24.200891805 405.984824574 -2.639932965
23.788241688 405.761639848 -2.516231734
23.371815843 405.516343250 -2.388254904
22.959106963 405.234558052 -2.250734989
22.555515539 404.918385203 -2.100407277
22.167945741 404.567549086 -1.956357202
21.793688682 404.188528265 -1.799446270
21.446778089 403.764060998 -1.645063464
21.098796808 403.311983074 -1.480783201
20.757290803 402.843084680 -1.323482155
20.416714435 402.348423368 -1.163662145
20.062922578 401.832918972 -0.999197325
19.720006302 401.313787317 -0.851769239
19.367479667 400.774900239 -0.712617201
19.022566586 400.214195846 -0.574434278
18.694266160 399.651554589 -0.422864304
18.359261083 399.067783592 -0.283383545
18.027847119 398.483730811 -0.151660528
17.688123990 397.873254876 -0.017439547
17.341020527 397.199633471 0.119743336
16.991097691 396.549228969 0.241408772
16.660975936 395.902443931 0.346138191
16.307589542 395.229847591 0.459477717
15.953665431 394.530876603 0.565767984
15.609765415 393.822909839 0.662241587
15.265777214 393.102191842 0.754996732
14.905177726 392.379682132 0.832195391
14.557378880 391.648758462 0.907099211
14.187819326 390.887820583 0.978209172
13.838836823 390.158493434 1.034568893
13.457928564 389.357631514 1.103137821
13.066598989 388.562365784 1.171529642
12.689258717 387.741665705 1.228079844
12.302916820 386.933171157 1.271554145
11.913349177 386.102319061 1.307550642
11.493309848 385.223754704 1.374827228
11.018541267 384.270743470 1.408959320
10.623211476 383.425027334 1.445594704
10.213128703 382.562617403 1.472490573
9.763427686 381.649962171 1.480234840
9.352426333 380.817133065 1.478957244
8.931286052 379.957976909 1.471535955
8.532380454 379.155247318 1.463187990
8.127227832 378.326292216 1.464066952
7.707011295 377.512118901 1.445465985
7.282923319 376.700019442 1.425804290
6.886842944 375.893893125 1.418718896
6.474945799 375.079652361 1.405314065
6.071394796 374.260026401 1.389385830
5.657799556 373.402397600 1.369076811
5.241260378 372.552716218 1.350479823
4.799698107 371.708467167 1.320553649
4.357246223 370.842385282 1.283534149
3.888988515 369.980839324 1.235196224
3.447526102 369.156135671 1.207320034
3.005542542 368.324980984 1.173839372
2.556588585 367.495022512 1.137362152
2.107927009 366.641073102 1.103794302
1.668539055 365.804935527 1.085073178
1.243264718 364.989466504 1.052100835
0.826813682 364.163855686 1.013217287
0.395891450 363.344215095 0.971033628
-0.034677841 362.506866767 0.958074422
-0.463233349 361.656762260 0.933254602
-0.890985576 360.843494241 0.913652821
-1.294936079 360.033997713 0.897530916
-1.708744071 359.203412770 0.870725288
-2.135648401 358.388561969 0.843849350
-2.561476689 357.538470247 0.818762149
-2.984358967 356.685695977 0.796717321
-3.413799960 355.834722233 0.759135929
-3.858511906 354.981501732 0.707494860
-4.316595262 354.132443736 0.669218535
-4.785334332 353.247429878 0.629453849
-5.226192250 352.397686744 0.603664311
-5.666736353 351.562508043 0.558185368
-6.111008148 350.727811032 0.522767087
-6.569377529 349.885877234 0.490930936
-7.010889637 349.061448626 0.462407266
-7.457598464 348.213452041 0.446912503
-7.877486851 347.402189728 0.439137442
-8.271594479 346.591953361 0.426507737
-8.687648879 345.763109708 0.422923937
-9.103679566 344.932696409 0.430057583
-9.527723255 344.116634347 0.434883361
-9.941749141 343.314814735 0.440136006
-10.358210401 342.468806190 0.430547057
-10.784937069 341.612975225 0.433588469
-11.192141610 340.741267567 0.443945621
-11.613638120 339.872661593 0.462097566
-12.060931861 338.961707700 0.466885879
-12.517133533 338.047059918 0.458143168
-12.946958014 337.164185644 0.461429340
-13.382334859 336.306191513 0.455069907
-13.827173812 335.449267425 0.466451911
-14.271020806 334.556315231 0.471437216
-14.728281688 333.686810277 0.478937112
-15.155810658 332.838419438 0.490651654
-15.603305297 331.966901565 0.493464653
-16.033096795 331.121040954 0.501050153
-16.495633666 330.274628067 0.513247031
-16.941469073 329.411531800 0.532677484
-17.387885268 328.522908225 0.551533200
-17.833039489 327.596949780 0.575539158
-18.280429879 326.719924477 0.585175016
-18.707794165 325.829910065 0.585952835
-19.138258204 324.943790696 0.592160372
-19.595762538 324.016286420 0.600184364
-20.022327761 323.122591166 0.629450514
-20.458010870 322.223899415 0.638150575
-20.907024168 321.292650421 0.646853207
-21.369665658 320.354518029 0.637128570
-21.811725145 319.472085412 0.645192647
-22.238869781 318.610248775 0.671729827
-22.691835751 317.730876823 0.717569542
-23.120667039 316.872387622 0.779277787
-23.549526941 315.973018819 0.823778953
-23.987987478 315.067847190 0.850168751
-24.422034420 314.173864996 0.864288051
-24.847735281 313.269189763 0.885442169
-25.315571575 312.325125726 0.888456718
-25.777001891 311.382075833 0.890297544
-26.246071522 310.461712204 0.901994113
-26.681804438 309.595429016 0.917898989
-27.136402575 308.705774002 0.940167799
-27.616459903 307.777136534 0.955121159
-28.066941753 306.879084266 0.955459313
-28.492806166 306.002081512 0.949203563
-28.915928946 305.126060905 0.944029867
-29.346077290 304.287090106 0.934018351
-29.772673118 303.431728456 0.928858761
-30.207342647 302.573474609 0.907892070
-30.653313620 301.731776084 0.882388412
-31.079864055 300.925865892 0.877808106
-31.455479759 300.129274984 0.857254167
-31.873459059 299.322746489 0.814734397
-32.266875692 298.541907906 0.804588583
-32.604198294 297.761070270 0.798241315
-32.952761567 297.009661669 0.757124921
-33.335226650 296.290579253 0.693557560
-33.727441458 295.547276538 0.659609802
-34.075707140 294.806360157 0.617340306
-34.432013482 294.098441522 0.565286122
-34.777589940 293.405056115 0.503016971
-35.163217061 292.730139416 0.420715361
-35.531289339 292.073026061 0.336612924
-35.887030240 291.423169572 0.254577796
-36.221632259 290.820971281 0.165429729
-36.548210756 290.218916015 0.078334661
-36.883007615 289.646579447 -0.017951782
-37.189245960 289.091068507 -0.114026251
-37.483382010 288.538770295 -0.205488624
-37.737607382 288.016571991 -0.295763939
-38.006356113 287.504555317 -0.392527940
-38.266228027 287.004222306 -0.493651056
-38.506214440 286.562880931 -0.580820548
-38.723751759 286.163719424 -0.666030649
-38.910183562 285.734563363 -0.753773180
-39.093082048 285.347961799 -0.833507745
-39.280368609 284.942634345 -0.929001350
-39.450473801 284.538918117 -1.023576978
-39.615414430 284.148877011 -1.123721823
-39.746794002 283.788325981 -1.211767915
-39.881997476 283.415708221 -1.314070516
-39.987385666 283.044849480 -1.404035890
-40.067189487 282.684824793 -1.482514562
-40.142910902 282.317011336 -1.578553410
-40.183496084 281.953410429 -1.658270179
-40.207007057 281.575272947 -1.762762764
-40.211404598 281.174993684 -1.857514327
-40.217027015 280.772690498 -1.966910258
-40.176250184 280.370918339 -2.047947899
-40.125428157 279.948342493 -2.150666844
-40.063605048 279.530671907 -2.252726090
-39.974579969 279.098413289 -2.348540162
-39.869510633 278.654645373 -2.449075444
-39.723758566 278.224805100 -2.527293750
-39.545913815 277.762918955 -2.609883203
-39.327364397 277.302046687 -2.697962152
-39.087936751 276.856913947 -2.771881518
-38.819574940 276.396858048 -2.824694961
-38.525709769 275.951883125 -2.857502820
-38.156568045 275.474126196 -2.863251964
-37.810556163 275.058220231 -2.842135912
-37.415634256 274.629550631 -2.812747356
-36.979006198 274.217141769 -2.747115082
-36.529073716 273.798369567 -2.686075728
-36.079269938 273.369659708 -2.630641695
-35.584839397 272.960753612 -2.545623828
-35.095179779 272.572250475 -2.462747422
-34.582378531 272.181157553 -2.365395278
-34.027064060 271.754406991 -2.263166543
-33.480722077 271.307969360 -2.160514795
-32.918148799 270.883776833 -2.038456074
-32.383550610 270.460766931 -1.938672537
-31.749720740 270.006387950 -1.802395230
-31.173016898 269.580743445 -1.696578829
-30.594584148 269.158716315 -1.613233779
-29.980851590 268.705318178 -1.508150478
-29.354458399 268.246711396 -1.393341246
-28.739395745 267.782726523 -1.276173899
-28.114612723 267.324719015 -1.176024696
-27.465533873 266.863757254 -1.072775336
-26.796659026 266.384738953 -0.998876613
-26.154417913 265.924309237 -0.927458374
-25.512763700 265.469992050 -0.842572193
-24.870774569 265.007421692 -0.752723263
-24.228479355 264.562431779 -0.678759039
-23.558871750 264.095848791 -0.619357188
-22.857412844 263.613687113 -0.565062978
-22.153821492 263.120296056 -0.506128959
-21.454113467 262.638496910 -0.458542222
-20.736993827 262.159822759 -0.441136424
-20.029377800 261.690855128 -0.406495704
-19.311559233 261.204341172 -0.381008915
-18.566196978 260.707524297 -0.351146893
-17.819432790 260.220503214 -0.299372422
-17.102587734 259.752376700 -0.291068360
-16.334922757 259.265596265 -0.254435074
-15.593591749 258.798270476 -0.250078222
-14.871971879 258.345398700 -0.245712107
-14.139821084 257.896212464 -0.232286153
-13.399535186 257.467040850 -0.233193683
-12.643237196 257.004855687 -0.255339794
-11.909049882 256.540667522 -0.253587051
-11.191516788 256.108678323 -0.274728152
-10.461004060 255.684150379 -0.306077005
-9.745900618 255.267512368 -0.316851629
-9.006069605 254.841903434 -0.380505324
-8.244803315 254.404459877 -0.412887894
-7.524934790 254.011020773 -0.483279523
-6.786244354 253.625761498 -0.567943577
-6.058770712 253.232524823 -0.640148069
-5.345547312 252.862043065 -0.735163169
-4.617229785 252.502708569 -0.837949299
-3.893743121 252.149951790 -0.997027034
-3.192179079 251.808020392 -1.124333047
-2.488096514 251.483178940 -1.253851443
-1.808551175 251.177165279 -1.374380466
-1.117639764 250.894434717 -1.520326112
-0.484072490 250.649016166 -1.694602305
0.188720098 250.406350909 -1.882318398
0.843007057 250.181082338 -2.068188068
1.454718170 249.988385111 -2.279632735
2.070029171 249.775734153 -2.455843619
2.659967336 249.611314702 -2.650418872
3.239503826 249.462237671 -2.830151337
3.789732819 249.361838231 -3.072566436
4.365585640 249.250706820 -3.291926864
4.878514739 249.175872249 -3.519320548
5.438926517 249.086864953 -3.720064817
5.955619115 249.045924501 -3.952336167
6.510162195 249.004474999 -4.180544894
7.038751067 248.976918502 -4.398085748
7.561210569 248.988130319 -4.664060084
8.065704476 249.010917014 -4.921706146
8.603417613 249.051121271 -5.142811212
9.110664736 249.119000343 -5.370810163
9.643561422 249.169724243 -5.575685590
10.128904966 249.267375422 -5.807930026
10.634741719 249.379175892 -6.023501698
11.167611855 249.498240854 -6.225027156
11.661436371 249.613814867 -6.403958562
12.170212294 249.742420800 -6.589131537
12.686313946 249.884228361 -6.779146379
13.219219795 250.028575552 -6.937273056
13.709302911 250.198361790 -7.078942392
14.232756096 250.358054200 -7.226939370
14.766138975 250.459306255 -7.323113139
15.282502563 250.602417831 -7.423756901
15.804894590 250.738239200 -7.507038619
16.314240162 250.815567367 -7.549342029
16.823533178 250.939653835 -7.592607224
17.331366432 251.047484747 -7.614901977
17.808372502 251.180286774 -7.632651695
18.337909742 251.300115903 -7.654959725
18.854406558 251.416101614 -7.654213007
19.371000501 251.494727174 -7.641678257
19.824897088 251.547037100 -7.608976883
20.296576443 251.635674699 -7.591682884
20.800482568 251.712511749 -7.583089466
21.277382228 251.751471030 -7.551044981
21.747875481 251.734637514 -7.499037286
22.200721259 251.713764574 -7.441521813
22.654123521 251.748361450 -7.390251462
23.051288459 251.753967369 -7.332879785
23.493789158 251.712386623 -7.287957737
23.881810205 251.677068060 -7.248730459
24.302112000 251.593457428 -7.233156079
24.691354243 251.492217648 -7.239214636
25.064899829 251.368123203 -7.272948244
25.388857667 251.226989324 -7.314942344
25.707224102 251.097631541 -7.358734897
26.007376484 250.923212040 -7.416293442
26.312858070 250.789450792 -7.478142288
26.637271635 250.642119955 -7.570164272
26.946887436 250.479592229 -7.670690632
27.255304285 250.286429185 -7.777506241
27.538292778 250.113557410 -7.903009191
27.823040452 249.930508927 -8.040642449
28.099366094 249.765972643 -8.190225229
28.381406965 249.610560785 -8.347079448
28.646338326 249.452480797 -8.508179820
28.937530087 249.326361801 -8.664049056
29.242659955 249.190760068 -8.824466750
29.522401256 249.109262983 -9.001373738
29.794846305 249.019383546 -9.174780891
30.078371557 248.970961794 -9.343840847
30.344860040 248.864869520 -9.519436201
30.596784293 248.781396597 -9.662678928
30.908167394 248.706568671 -9.782884708
31.215333819 248.666831821 -9.878983030
31.533506456 248.673267334 -9.987156305
31.820953105 248.704416116 -10.068628231
32.130773447 248.727769706 -10.115165568
32.451791008 248.777231322 -10.139403375
32.748105754 248.792402992 -10.170547058
33.075330520 248.814909809 -10.191237823
33.372734648 248.861040908 -10.176760765
33.715586135 248.896245090 -10.173791800
34.062967405 248.908727021 -10.160931340
34.489979106 248.956633932 -10.122253390
34.919987593 249.008989035 -10.052085462
35.351876959 249.065958884 -9.959114189
35.778041103 249.093088411 -9.879059364
36.227179456 249.119772350 -9.775774779
36.676461564 249.121567045 -9.661584190
37.179762762 249.134156028 -9.530923406
37.669650260 249.125341238 -9.389671790
38.120340083 249.126011480 -9.244601763
38.552322802 249.115183009 -9.117934599
39.018946273 249.100680680 -8.952988669
39.598613189 249.071092237 -8.751292818
40.170622268 249.034289957 -8.545976014
40.770260662 248.987035253 -8.322832281
41.395204715 248.898028024 -8.121175419
41.999523798 248.787276306 -7.924982019
42.587473170 248.675071455 -7.729122866
43.172513549 248.549194981 -7.531546899
43.754464783 248.401929611 -7.339390019
44.411178692 248.234381939 -7.124766888
45.055986632 248.047994673 -6.899776961
45.719260294 247.847641915 -6.673545916
46.395777194 247.653913578 -6.449308523
47.096662702 247.425983548 -6.227610502
47.821967326 247.204842141 -5.991399682
48.530668729 246.965657459 -5.744490038
49.222733289 246.719363965 -5.499151783
49.930338691 246.460282689 -5.262128179
50.612598690 246.200695866 -5.020808339
51.321681991 245.914923333 -4.794253631
52.077944703 245.617934067 -4.565368091
52.800523303 245.302865075 -4.364055538
53.545709957 244.988071566 -4.182628918
54.291989527 244.658995930 -3.966289173
55.053686959 244.317837817 -3.772116689
55.811072016 243.973433526 -3.550513715
56.563625378 243.604656846 -3.352103058
57.342845231 243.216489114 -3.155500654
58.138832375 242.821584150 -2.934031283
58.974555480 242.410217130 -2.714562587
59.754096765 242.011333700 -2.507080816
60.521993779 241.608041536 -2.326508102
61.328272814 241.173763157 -2.181884583
62.136333315 240.741706511 -2.022392761
62.944591852 240.303372034 -1.866413795
63.729823547 239.879296640 -1.722120804
64.537397389 239.442348076 -1.580202131
65.360929081 238.980949192 -1.461318871
66.141092901 238.552801208 -1.344524488
66.947748829 238.092554971 -1.246429793
67.708595297 237.666423464 -1.124107844
68.454734959 237.242330781 -1.030569570
69.197120043 236.810982352 -0.934628833
69.942758072 236.368650869 -0.856545896
70.704580341 235.922830385 -0.782075425
71.437406094 235.511188333 -0.698210759
72.203512722 235.078534958 -0.642684196
72.907077561 234.669872693 -0.564449986
73.620378312 234.266339565 -0.521972701
74.328890649 233.847322162 -0.461039845
75.060036574 233.422536930 -0.409896931
75.792717540 233.002278777 -0.360195013
76.515319233 232.586512135 -0.332678539
77.224633843 232.170230706 -0.305012950
77.939368949 231.747689832 -0.299003884
78.644451025 231.315732294 -0.270624012
79.379289501 230.870826915 -0.265083105
80.141749621 230.429660795 -0.263818246
80.887936446 229.990975365 -0.262288414
81.615001602 229.571542719 -0.251346695
82.313307181 229.162384597 -0.257438633
82.982770367 228.783404387 -0.265213152
83.638490097 228.404608833 -0.278125581
84.282628531 228.039203895 -0.301915235
84.914539979 227.683662780 -0.337998135
85.537292953 227.331740069 -0.371073270
86.163494470 226.988552583 -0.409645813
86.793346493 226.631339869 -0.449445016
87.424674827 226.290575074 -0.495143054
88.030862405 225.964063311 -0.542544399
88.649231628 225.626955034 -0.607470344
89.261704660 225.292947074 -0.670626893
89.862106945 224.973481707 -0.728274110
90.445949919 224.649866201 -0.796220103
91.028066062 224.327480610 -0.851064766
91.611002570 224.011856567 -0.930403999
92.183356362 223.701558296 -0.997838903
92.721516229 223.410980649 -1.071625916
93.217326649 223.154360486 -1.141853245
93.696285788 222.890382886 -1.202040153
94.175114998 222.635443641 -1.264147042
94.656352306 222.381238989 -1.334624624
95.103416863 222.138697362 -1.401961232
95.544009817 221.896023851 -1.459078330
95.973020955 221.661914461 -1.515053760
96.364576921 221.449560653 -1.577115285
96.746660471 221.235411394 -1.640914697
97.130939211 221.014157109 -1.688982665
97.489423394 220.813553768 -1.741387494
97.843835956 220.608605669 -1.785141390
98.161405446 220.423548916 -1.828097032
98.454420930 220.232831946 -1.867292484
98.754023930 220.044455054 -1.899035070
99.082272032 219.806624630 -1.917663914
99.360640017 219.618770409 -1.931545975
99.608366909 219.446886110 -1.937914225
99.856199102 219.278680255 -1.969893926
100.079256697 219.141500146 -2.014968014
100.271332687 219.006262722 -2.051846500
100.446762565 218.879249301 -2.085865839
100.612582726 218.757860650 -2.119286106
100.771431759 218.639598039 -2.152116233
100.929665525 218.503047898 -2.168736682
101.055379090 218.378454546 -2.180536581
101.203046240 218.246633291 -2.196146277
101.324945014 218.114034704 -2.201274846
101.445139304 218.002303918 -2.228815798
101.577211206 217.873827212 -2.261548389
101.696582590 217.760102540 -2.295318806
101.823748733 217.622939551 -2.319667047
101.953371975 217.472865565 -2.352491407
102.110988856 217.297391220 -2.387333441
102.270047484 217.142641849 -2.428894562
102.415151456 216.992627772 -2.462848712
102.568835338 216.793124370 -2.484241041
102.722189667 216.560610519 -2.496449773
102.896868821 216.330846648 -2.515504374
103.073393714 216.082578770 -2.530394473
103.268070404 215.822991411 -2.548647622
103.457947902 215.504823311 -2.553470999
103.654930590 215.140820906 -2.546160256
103.824715533 214.769439964 -2.538585190
103.979912616 214.414010477 -2.535531645
104.107071111 214.023670085 -2.506161905
104.228332913 213.590513867 -2.474903575
104.335082827 213.156431298 -2.431135855
104.411023993 212.686251076 -2.359051549
104.481892731 212.210777013 -2.297922981
104.524913494 211.708934147 -2.227297147
104.523001945 211.182986611 -2.146368298
104.483817791 210.622285370 -2.045552977
104.411240944 210.065611514 -1.927883889
104.317352962 209.486375785 -1.815358346
104.186948383 208.872083761 -1.691718554
104.010806135 208.241592695 -1.565382436
103.821906588 207.598264940 -1.441288419
103.626168053 206.977287200 -1.335308188
103.388227315 206.352419133 -1.214795860
103.141798709 205.703161040 -1.107022580
102.877409850 205.048350254 -1.008448564
102.575957575 204.367552700 -0.902910383
102.262932839 203.684826155 -0.794328087
101.930039294 202.983413045 -0.686824215
101.582891704 202.280309950 -0.591391900
101.220495878 201.561939603 -0.498634157
100.852065586 200.829365387 -0.414049277
100.473449412 200.094577036 -0.324965237
100.081114796 199.329066979 -0.240960341
99.686000752 198.552727926 -0.165911311
99.281136416 197.756640546 -0.094165231
98.863167720 196.942009910 -0.025018643
98.458795515 196.134869033 0.033707746
98.014798310 195.247719124 0.107505030
97.576381259 194.363202634 0.167240885
97.152309577 193.483129449 0.215273229
96.696498775 192.560371525 0.272456986
96.267756034 191.644549410 0.318116278
95.819562828 190.710512921 0.350020163
95.374225385 189.734304386 0.390839617
94.923575827 188.756922801 0.404722208
94.460314325 187.772764192 0.425877460
93.989223448 186.772727831 0.445320800
93.498826179 185.759598466 0.472125099
93.021848441 184.751752373 0.489820641
92.555017158 183.745147687 0.502803498
92.079767344 182.727831783 0.516763878
91.612966522 181.691365572 0.529180122
91.142727820 180.647558732 0.531544671
90.687667093 179.617682825 0.528415901
90.227534636 178.603664659 0.527267605
89.758316371 177.570674364 0.520517536
89.294300648 176.548140732 0.521850008
88.834781414 175.536485007 0.523847137
88.367428627 174.516945842 0.523068994
87.889440734 173.486140643 0.528258262
87.416592086 172.449023939 0.519569126
86.905016101 171.389447255 0.517452153
86.404065329 170.340030425 0.501169995
85.880836891 169.285340924 0.476915531
85.353622861 168.215659413 0.452833936
84.824043607 167.159681501 0.431430960
84.289317150 166.085029324 0.423110863
83.744706203 165.007226500 0.404360301
83.216640638 163.971000649 0.376370933
82.680618697 162.913433599 0.348958374
82.120598511 161.822956603 0.314867766
81.575989254 160.744015563 0.280406741
81.015438534 159.660755488 0.243982526
80.424020449 158.547767458 0.217656087
79.851172599 157.450018035 0.186813200
79.277799710 156.350167040 0.161540438
78.697256320 155.246368315 0.137186032
78.118921533 154.155282193 0.121365174
77.502784317 152.997794587 0.099017381
76.899051265 151.852247753 0.064485935
76.295792718 150.716757851 0.033629909
75.711637704 149.580011646 0.017822231
75.088125463 148.403663140 -0.011102603
74.491495663 147.235938475 -0.029224421
73.892609796 146.071654197 -0.042881439
73.298699415 144.918925922 -0.067893457
72.722125538 143.786237620 -0.103643235
72.114018405 142.602190110 -0.137430683
71.504914659 141.446857068 -0.165178662
70.909167568 140.280003077 -0.186262971
70.335347664 139.134776202 -0.207643568
69.784055876 138.027324688 -0.210951760
69.211302651 136.895320676 -0.218257464
68.620862998 135.745088223 -0.230785040
68.048092758 134.635380200 -0.252083361
67.434461424 133.450158262 -0.273028274
66.804792686 132.233258768 -0.286661199
66.205802225 131.089428150 -0.299061768
65.624870115 129.961836975 -0.309981521
65.055363606 128.828512603 -0.329001935
64.475574477 127.683947080 -0.342396993
63.904214187 126.570222429 -0.371207609
63.321847799 125.452569066 -0.395898114
62.745731270 124.320666414 -0.412685622
62.165927118 123.187779871 -0.437061310
61.586067363 122.076520726 -0.464593099
61.019729780 120.935234441 -0.489988737
60.462524832 119.825068999 -0.514871208
59.918778616 118.722267052 -0.520792404
59.374947719 117.613748266 -0.526754307
58.841028152 116.502775652 -0.530860313
58.326238378 115.417561218 -0.526063226
57.801948959 114.319366194 -0.540970042
57.285888100 113.222755937 -0.555114623
56.762071397 112.094312730 -0.556460701
56.246524736 110.989361092 -0.556805420
55.748787070 109.935633490 -0.550564424
55.272441204 108.901355907 -0.548233658
54.773798613 107.847070808 -0.540463055
54.303638477 106.850134533 -0.532174939
53.848505658 105.858402282 -0.527883697
53.366455859 104.863862084 -0.529884728
52.913922637 103.901946672 -0.527123853
52.472312169 102.957006215 -0.514970520
52.048812022 102.065999871 -0.497082367
51.619154822 101.163823347 -0.469628698
51.199277223 100.302988173 -0.449425236
50.821835241 99.500168814 -0.428110186
50.425748072 98.674813997 -0.405275951
50.034575838 97.872180517 -0.389803920
49.644868513 97.066590684 -0.372792597
49.250661905 96.289186624 -0.363556179
48.868797380 95.521957785 -0.354183045
48.517060602 94.790213699 -0.334418412
48.154525941 94.065041026 -0.325400396
47.806686157 93.372737837 -0.309534901
47.483964676 92.729035594 -0.299652999
47.154195097 92.061771466 -0.287070674
46.840524978 91.439932026 -0.280369507
46.536426872 90.840766911 -0.267039218
46.251281032 90.226138054 -0.248679411
45.994471574 89.640291139 -0.233028090
45.752102177 89.061535029 -0.223868073
45.536602797 88.505422892 -0.208233036
45.330362747 87.949944060 -0.186687526
45.174728338 87.437602357 -0.171789446
45.067727221 86.918398332 -0.161182388
44.948713564 86.406718236 -0.151288891
44.866440575 85.914258801 -0.136056996
44.807720815 85.396280755 -0.119582463
44.769996598 84.879402517 -0.113705684
44.770959586 84.383913304 -0.108331123
44.783260917 83.923298922 -0.100374416
44.848940010 83.464757004 -0.099704476
44.912301535 82.999452486 -0.093998549
45.005351654 82.535023458 -0.093521787
45.115479365 82.071417739 -0.096360462
45.259326307 81.652094495 -0.097261912
45.463805480 81.086974459 -0.087259928
45.667977784 80.693030235 -0.093604558
45.892809629 80.316368058 -0.097453481
46.127534698 79.905377596 -0.099281347
46.393003762 79.500140466 -0.110725687
46.666887828 79.144284525 -0.117054070
46.959239677 78.797626210 -0.123212657
47.280212953 78.492024881 -0.127250706
47.617055347 78.181440121 -0.149194639
47.983848251 77.865795379 -0.156225029
48.370493087 77.577243953 -0.160262037
48.782149975 77.264268732 -0.152057114
49.176765317 76.988419111 -0.166881562
49.590327241 76.696428702 -0.194003675
50.031912149 76.404528595 -0.216284355
50.496442477 76.105994787 -0.217294090
50.958819205 75.816978062 -0.212248982
51.425107543 75.529237234 -0.218304824
51.930513875 75.209445006 -0.238924802
52.448698293 74.882298330 -0.254914234
52.980859858 74.560809657 -0.266682321
53.505218369 74.237320421 -0.275500220
54.046556310 73.902075180 -0.288675808
54.579067613 73.568779665 -0.300043429
55.133836650 73.232326325 -0.302880352
55.699491897 72.882807686 -0.302763665
56.283553548 72.528938911 -0.312291011
56.875474324 72.153728075 -0.315662152
57.471894446 71.794303751 -0.312575232
58.115832369 71.407491524 -0.316783955
58.792630994 71.001169205 -0.320286857
59.472796993 70.599585501 -0.325144544
60.172623031 70.196829639 -0.337179721
60.897051282 69.796719271 -0.343262506
61.634298796 69.404563296 -0.355158298
62.409082561 69.006710786 -0.366184306
63.183133140 68.615801428 -0.375802330
63.941688876 68.253979991 -0.397049831
64.717792399 67.888401901 -0.397334020
65.483065535 67.525583121 -0.394070261
66.267956195 67.156601706 -0.389531778
67.025568268 66.813886158 -0.382337655
67.806417067 66.457249847 -0.385650539
68.571342174 66.094992580 -0.384351416
69.333741859 65.741476233 -0.383667259
70.068717438 65.388107636 -0.381170782
70.800809501 65.021413040 -0.385661183
71.544449713 64.630238350 -0.382917778
72.278204317 64.231084918 -0.380734268
73.006490359 63.819213287 -0.379024270
73.736673170 63.397851896 -0.390099614
74.464048339 62.959859212 -0.397663136
75.190553975 62.512889946 -0.407048102
75.927575988 62.069447295 -0.415832427
76.667752832 61.605063896 -0.428752254
77.403951919 61.119594659 -0.439539546
78.121427923 60.629496053 -0.449153201
78.839940138 60.130186507 -0.462302447
79.566661992 59.628634461 -0.475708746
80.271883571 59.140249073 -0.486842335
81.007183158 58.634460026 -0.507796608
81.742772648 58.127981503 -0.532675746
82.465124824 57.628663024 -0.547931550
83.207912757 57.117562398 -0.547617810
83.953605175 56.620725141 -0.551391501
84.688127859 56.119530424 -0.543132600
85.404101261 55.651652927 -0.550256061
86.143527197 55.158817290 -0.553285890
86.871571364 54.669132683 -0.558943677
87.594913414 54.173030188 -0.561743287
88.328168091 53.678799437 -0.566111977
89.048100104 53.183256828 -0.558085643
89.760012495 52.682636734 -0.560555096
90.480398518 52.142358876 -0.553628119
91.181074451 51.593342454 -0.543219145
91.871028970 51.031784845 -0.531837333
92.542584382 50.460745079 -0.516008734
93.181805951 49.873851392 -0.519446723
93.793576966 49.277686832 -0.501928097
94.424315025 48.675893344 -0.506168529
95.028359335 48.040044721 -0.499728665
95.626271631 47.392327475 -0.483745874
96.203679995 46.753917155 -0.480678888
96.760868226 46.092924195 -0.478821886
97.304403656 45.425818938 -0.460811581
97.874090508 44.730017853 -0.446464577
98.432896378 44.049211219 -0.450496148
98.983977567 43.370089887 -0.462820208
99.522085936 42.689187013 -0.477810988
100.066580146 42.004195258 -0.487237299
100.620422952 41.313913158 -0.487714961
101.192285471 40.609961912 -0.473858616
101.781903292 39.898619619 -0.475660541
102.372019093 39.159936628 -0.463318920
102.947314548 38.452685213 -0.463385243
103.522648811 37.725613601 -0.463944578
104.079533591 36.991570363 -0.472721272
104.641126278 36.231331699 -0.492762051
105.217074720 35.445300201 -0.500497843
105.780196763 34.640497919 -0.510970718
106.349741385 33.801292532 -0.536579960
106.877232703 32.992084247 -0.552497744
107.395458863 32.174315516 -0.551191459
107.922299883 31.341554113 -0.549156326
108.445590132 30.501653889 -0.544186621
108.968973430 29.666438733 -0.541770739
109.491249719 28.825446885 -0.535563962
109.998667357 27.998002957 -0.532350197
110.510575120 27.172312259 -0.525850502
111.023944914 26.360204809 -0.519611197
111.542439578 25.536591609 -0.520229081
112.066634765 24.707832649 -0.517363282
112.576311825 23.876047579 -0.512510607
113.073865164 23.046181756 -0.503252921
113.568712735 22.218020699 -0.498329719
114.021856969 21.407182287 -0.479749652
114.494680015 20.550805143 -0.472804375
114.938903862 19.708634521 -0.477665471
115.388357091 18.860755998 -0.480349243
115.820349489 18.009932328 -0.483860461
116.243125570 17.143273051 -0.485289011
116.653453882 16.267706651 -0.496725046
117.031625353 15.399938280 -0.497858672
117.393184588 14.529913542 -0.494968601
117.765171678 13.624811738 -0.500939558
118.112589571 12.729298844 -0.503661033
118.431497676 11.852583437 -0.507176268
118.730152913 11.007380039 -0.497126886
119.021871186 10.156061349 -0.491318225
119.302828196 9.329633610 -0.481641466
119.590171255 8.468364795 -0.469701437
119.873595561 7.641681327 -0.464093426
120.147946609 6.806596770 -0.455463842
120.418670550 6.007743511 -0.452836244
120.691097952 5.211406189 -0.455795329
120.954424672 4.458073177 -0.457741544
121.216495877 3.747734366 -0.451090471
121.476678624 3.051243038 -0.453496198
121.722923775 2.398225377 -0.448381421
121.974907191 1.749572434 -0.435416202
122.223264275 1.104200691 -0.431988019
122.456230833 0.496331039 -0.426438436
122.683465746 -0.098102959 -0.425377975
122.922345666 -0.705583669 -0.412340035
123.152221784 -1.316729426 -0.409213947
123.380536487 -1.934507487 -0.396506001
123.626931936 -2.565057594 -0.387814505
123.861355223 -3.188449114 -0.366488731
124.075615908 -3.776201216 -0.364572916
124.293338304 -4.384189207 -0.366403595
124.510319460 -4.980163157 -0.377905066
124.721701440 -5.601611469 -0.375930539
124.946002599 -6.227005506 -0.386594936
125.154954559 -6.884863453 -0.376442832
125.377702217 -7.545311418 -0.386570747
125.589746124 -8.198981878 -0.381351921
125.782469113 -8.888261724 -0.378987426
126.019123765 -9.583491767 -0.363780785
126.255800826 -10.282314134 -0.366051370
126.484265490 -10.958235436 -0.362511684
126.750671872 -11.646339307 -0.371613521
127.031774507 -12.333717146 -0.384158059
127.315009369 -13.033870866 -0.391895335
127.587659538 -13.752202736 -0.401309493
127.886160440 -14.464647004 -0.403854558
128.177613368 -15.176847786 -0.423181518
128.491413389 -15.932179667 -0.435497332
128.805059524 -16.689190816 -0.450809177
129.117539831 -17.447617999 -0.446643816
129.461301854 -18.254086133 -0.418788548
129.802016822 -19.038541198 -0.438103173
130.148993388 -19.833631953 -0.441537308
130.482482276 -20.648257483 -0.449181473
130.834789961 -21.491688912 -0.460867502
131.182214051 -22.337965196 -0.450850193
131.536266707 -23.184326154 -0.441478190
131.902939296 -24.040060818 -0.447962133
132.276783131 -24.933020127 -0.456682849
132.643658611 -25.796702981 -0.475432794
133.005535689 -26.678858170 -0.478765741
133.531377634 -27.982306224 -0.485358567
133.896325288 -28.864873218 -0.493565638
134.271484278 -29.764905795 -0.489587435
134.627051126 -30.645415120 -0.506862041
134.997064931 -31.525741427 -0.518981511
135.378024509 -32.431435176 -0.540570902
135.748986530 -33.329919812 -0.553258806
136.117419360 -34.228480466 -0.572373281
136.488417249 -35.131129572 -0.570007625
136.858176511 -36.009513194 -0.576298173
137.236004024 -36.896890084 -0.606452762
137.593074173 -37.769121289 -0.595292349
137.980247614 -38.654833671 -0.593603065
138.397776999 -39.522410279 -0.587544113
138.778818900 -40.400004705 -0.584715853
139.176833559 -41.311140855 -0.596773278
139.561713311 -42.202552188 -0.602025097
139.950387539 -43.085127773 -0.604132065
140.350687472 -43.961710236 -0.638029272
140.723174883 -44.833064235 -0.669251900
141.080706112 -45.692441085 -0.684831678
141.449237328 -46.562511340 -0.715225608
141.809450414 -47.394490354 -0.716752799
142.183623012 -48.241490324 -0.705529542
142.549070473 -49.095930602 -0.708496290
142.915150915 -49.949674079 -0.702496734
143.290091573 -50.792726445 -0.705419595
143.658800403 -51.628806412 -0.716513148
144.014820465 -52.444447471 -0.723175442
144.369567262 -53.254238415 -0.721273743
144.711983749 -54.049072212 -0.712650244
145.053060389 -54.839399310 -0.705849952
145.391123589 -55.627029920 -0.725179920
145.715906223 -56.397449456 -0.738175099
146.027293704 -57.156767293 -0.745633346
146.310972309 -57.927148533 -0.727472730
146.591482054 -58.675962219 -0.686791099
146.875021930 -59.381698894 -0.679846552
147.147587984 -60.094465055 -0.677643676
147.392143893 -60.785976936 -0.692986718
147.616727694 -61.445107276 -0.680729641
147.850956841 -62.065612768 -0.688872850
148.093867353 -62.662209936 -0.675575352
148.316428520 -63.255720576 -0.665650597
148.537699340 -63.815605060 -0.647572636
148.746761469 -64.387884980 -0.638172591
148.966566039 -64.927675135 -0.618750235
149.210698200 -65.453599679 -0.604003912
149.463133271 -65.955014243 -0.575022927
149.730343762 -66.434690366 -0.566346212
150.015919579 -66.887966953 -0.548029339
150.323102907 -67.347444610 -0.554888972
150.640065765 -67.789677282 -0.544781471
150.978497942 -68.208341435 -0.537675420
151.353849279 -68.623604634 -0.536894620
151.744393989 -69.017644155 -0.525287713
152.146758816 -69.397704426 -0.523959307
152.580414533 -69.779165334 -0.499498227
153.030497090 -70.119501263 -0.494997659
153.495657873 -70.456875270 -0.510748550
153.970737642 -70.786690368 -0.498755274
154.473932238 -71.113106253 -0.494570006
155.005512918 -71.430412285 -0.504901779
155.544767745 -71.751310150 -0.517576224
156.097399077 -72.066462181 -0.525733733
156.644549624 -72.393926226 -0.534697363
157.205279890 -72.721981224 -0.539474517
157.766621249 -73.042091731 -0.554369233
158.317855483 -73.385665747 -0.563203019
158.878637748 -73.740527903 -0.561164123
159.450981728 -74.105604668 -0.577232388
160.020853961 -74.469255721 -0.591183388
160.612824867 -74.862315964 -0.605772606
161.223590354 -75.265214437 -0.629360264
161.826953773 -75.673159056 -0.630055997
162.438460892 -76.082141622 -0.638270994
163.033178371 -76.490795937 -0.628912794
163.642753869 -76.923965978 -0.638987550
164.232770848 -77.340368385 -0.649093288
164.820760174 -77.761732441 -0.645617854
165.431632021 -78.192631434 -0.628830910
166.045715899 -78.608992539 -0.620101464
166.671499613 -79.029047438 -0.620537949
167.269651767 -79.456626904 -0.613984814
167.882121858 -79.903746833 -0.606181288
168.509189633 -80.339205984 -0.590685869
169.228730075 -80.840038800 -0.598489417
169.935988538 -81.357162904 -0.677592829
170.623445921 -81.861045370 -0.716333896
171.297345858 -82.323381876 -0.730776796
171.937753737 -82.767068047 -0.754655425
172.565049182 -83.194678005 -0.766708117
173.207662934 -83.619422292 -0.782246874
173.852741903 -84.047528957 -0.780323550
174.496920776 -84.493085000 -0.765519728
175.141173742 -84.933590789 -0.764797392
175.800317720 -85.381715412 -0.777029186
176.451724081 -85.829792864 -0.769178812
177.122116717 -86.275527273 -0.774029049
177.809505391 -86.730313794 -0.758778490
178.505746688 -87.199527741 -0.758307932
179.194606418 -87.702948225 -0.751351529
179.882845651 -88.204937227 -0.734679192
180.560707314 -88.686093576 -0.710163040
181.234860531 -89.157062648 -0.699504582
181.904486327 -89.634757813 -0.699750507
182.590124762 -90.131262837 -0.688849172
183.263529125 -90.620169875 -0.672195531
183.955036212 -91.132175968 -0.658245726
184.659385379 -91.635254328 -0.640423338
185.358576580 -92.124603277 -0.627593485
186.064384304 -92.630594047 -0.619043740
186.758909848 -93.128724061 -0.619064159
187.457682166 -93.617980340 -0.617249380
188.150581673 -94.093796546 -0.629720622
188.838503225 -94.570541242 -0.609943368
189.514175265 -95.041478183 -0.596211357
190.198268783 -95.524266818 -0.599626242
190.893234196 -96.001833172 -0.615988948
191.607704983 -96.491481160 -0.632901349
192.320766316 -96.974034108 -0.634212456
193.022509708 -97.484528981 -0.628285453
193.712647806 -97.968698148 -0.618351660
194.415099205 -98.466855279 -0.620054958
195.176623146 -98.996315956 -0.651966002
195.894361118 -99.502818522 -0.669806635
196.607582719 -100.012425522 -0.664843274
197.316356296 -100.504528337 -0.655919807
198.028541347 -101.002334458 -0.638748579
198.751121577 -101.496098493 -0.624798810
199.475072972 -101.981994928 -0.625741654
200.188375443 -102.468176436 -0.627955736
200.907779069 -102.957086887 -0.626531680
201.662439881 -103.482145547 -0.622768986
202.433084521 -104.020169137 -0.626369283
203.180698748 -104.539355287 -0.639044759
203.926015396 -105.058898535 -0.616958378
204.726572904 -105.629925903 -0.613736946
205.496697498 -106.186701259 -0.653163867
206.252406105 -106.736645568 -0.649558069
206.989912815 -107.266672646 -0.641466523
207.724916600 -107.770702892 -0.637358232
208.443008321 -108.276425373 -0.637213238
209.156327907 -108.778803367 -0.639661969
209.853912142 -109.299933165 -0.645305820
210.529511603 -109.784966334 -0.653534117
211.235633898 -110.312341929 -0.643754059
211.964540833 -110.845089608 -0.640210754
212.660282902 -111.353126750 -0.628753667
213.348172620 -111.839894439 -0.623567113
214.045088214 -112.342756759 -0.625847260
214.730058681 -112.848727851 -0.624672665
215.450176925 -113.356653255 -0.618624951
216.120890017 -113.844056517 -0.610879263
216.777353522 -114.308065824 -0.600235888
217.434519522 -114.766269172 -0.592650716
218.099661305 -115.229963092 -0.602477263
218.773766339 -115.707894897 -0.595544801
219.443698978 -116.171483687 -0.578546395
220.105492031 -116.647466689 -0.565096043
220.767986071 -117.111205338 -0.566466304
221.407190174 -117.562189581 -0.557373727
222.026573555 -118.003238861 -0.545552886
222.662885759 -118.439858489 -0.538816120
223.272188047 -118.861433121 -0.532811590
223.889540380 -119.292463293 -0.525697264
224.501524593 -119.714069552 -0.529617984
225.068907089 -120.109606001 -0.522193827
225.666501854 -120.517735877 -0.525517828
226.238046145 -120.932567585 -0.535264834
226.832087952 -121.351921811 -0.536685112
227.396606343 -121.758555738 -0.532795524
227.969191524 -122.178971429 -0.522455803
228.536676350 -122.591152654 -0.527985424
229.090995380 -122.984271383 -0.529573021
229.633915192 -123.373401954 -0.532076268
230.139575466 -123.746325460 -0.534620351
230.664929107 -124.150593146 -0.525960670
231.128835702 -124.528417731 -0.518467270
231.598345106 -124.925375061 -0.508241979
232.050368215 -125.312208116 -0.497288316
232.487064783 -125.663696577 -0.507270070
232.911363135 -126.030765431 -0.501161636
233.321637354 -126.395096284 -0.499176522
233.721743078 -126.744464857 -0.503640456
234.096396046 -127.083721785 -0.505083873
234.455968989 -127.422322463 -0.503617654
234.805434284 -127.754049232 -0.489710181
235.111666221 -128.034942618 -0.489990405
235.417957688 -128.329119415 -0.485712570
235.681446230 -128.579239985 -0.487950029
235.952464279 -128.834541876 -0.484082911
236.193495756 -129.059386387 -0.478636698
236.445412410 -129.285772928 -0.478017503
236.677034382 -129.498384417 -0.481200023
236.904647014 -129.685691459 -0.471020416
237.115245835 -129.855403540 -0.469883000
237.309741771 -130.017387521 -0.468556042
237.511549426 -130.178493834 -0.463207642
237.719635639 -130.321771143 -0.464051433
237.930558016 -130.455584829 -0.465434453
238.147938721 -130.589501841 -0.471529300
238.363363029 -130.713671933 -0.474706405
238.563485675 -130.823958924 -0.476851190
238.781182438 -130.924987109 -0.470627302
239.001234842 -131.018088417 -0.469455046
239.227765106 -131.094306655 -0.461138822
239.445583131 -131.159099148 -0.459856347
239.684165925 -131.203372897 -0.461950457
239.943098941 -131.247117690 -0.460424056
240.218856549 -131.283079841 -0.473060614
240.485963073 -131.350237900 -0.468525316
240.780876797 -131.375434775 -0.461885074
241.076037392 -131.381427948 -0.450751670
241.402814356 -131.328405032 -0.450401229
241.727533040 -131.279004901 -0.442897233
242.039963528 -131.235157933 -0.459425127
242.379722435 -131.172617552 -0.460742707
242.693548379 -131.085400618 -0.453533023
243.036937035 -130.951374142 -0.437613821
243.380482447 -130.766709925 -0.430025327
243.736614925 -130.561800089 -0.429288834
244.097252991 -130.344831431 -0.430240300
244.469953346 -130.094639737 -0.428706154
244.832081644 -129.816217390 -0.432787112
245.204880808 -129.500923542 -0.444843491
245.598652366 -129.171026864 -0.464422929
246.004623380 -128.790905188 -0.466855081
246.404327424 -128.399265281 -0.459085365
246.813587251 -127.979920991 -0.462647039
247.219635436 -127.543010102 -0.466649890
247.621448209 -127.072324785 -0.465231417
248.039274228 -126.551666971 -0.452644744
248.426451457 -126.052911947 -0.446523623
248.809330715 -125.517563097 -0.456666187
249.202861919 -124.960672408 -0.466493369
249.606179645 -124.379777693 -0.478054174
250.021538248 -123.750138330 -0.455768777
250.434727522 -123.118541208 -0.439272700
250.837104797 -122.512751925 -0.425713251
251.227459233 -121.868969055 -0.430545707
251.623081877 -121.212039165 -0.441116038
252.033590704 -120.534612074 -0.444511203
252.461967830 -119.827967364 -0.452064085
252.893883652 -119.131546235 -0.463791901
253.355163885 -118.385049809 -0.469460037
253.821423796 -117.617681484 -0.485858268
254.282808298 -116.846936015 -0.503988732
254.773708767 -116.055842760 -0.505889679
255.263484205 -115.271203633 -0.511411501
255.757005190 -114.480962513 -0.524044865
256.259386047 -113.678030954 -0.548216899
256.752410054 -112.910521171 -0.553172169
257.255960099 -112.103387188 -0.568259199
257.752728740 -111.297328286 -0.575526885
258.284678747 -110.457030240 -0.576238899
258.804280996 -109.640830615 -0.575535198
259.325489320 -108.790193530 -0.584757586
259.851949671 -107.935334523 -0.608610090
260.372369061 -107.079843353 -0.626944252
260.892120566 -106.234238130 -0.633088462
261.397291471 -105.390809058 -0.635200202
261.888362334 -104.565408828 -0.623401263
262.387961569 -103.700088238 -0.621103645
262.915716697 -102.888486444 -0.607350042
263.419709243 -102.050383015 -0.612352228
263.922155590 -101.205240924 -0.616630559
264.433505771 -100.364025293 -0.622322652
264.938454820 -99.548292465 -0.635386288
265.454730078 -98.694625947 -0.670309346
265.971681083 -97.851054838 -0.689730427
266.480095353 -97.009644494 -0.693936805
267.008545764 -96.132388869 -0.707545184
267.543804093 -95.244439024 -0.725600457
268.080396749 -94.350369703 -0.714613385
268.609464076 -93.454820875 -0.733083869
269.154901979 -92.541742903 -0.750274180
269.680644053 -91.677246550 -0.761071055
270.218741054 -90.807908439 -0.778111729
270.745852850 -89.928289334 -0.791084601
271.302932446 -89.050450772 -0.810888383
271.876675499 -88.179004906 -0.819617990
272.359189404 -87.358011583 -0.841403317
272.899582029 -86.526017440 -0.849105137
273.449874578 -85.683382380 -0.867471887
273.980867338 -84.849867999 -0.883177174
274.488229055 -84.031619055 -0.870583829
274.993062113 -83.191384763 -0.876495495
275.499251617 -82.366371601 -0.879403183
275.992278182 -81.539122689 -0.894799392
276.516374569 -80.661799263 -0.880756593
277.038054263 -79.785174250 -0.871596073
277.548244740 -78.917937593 -0.853353802
278.053967143 -78.061892703 -0.854114332
278.565321770 -77.190897551 -0.861542361
279.076907997 -76.349366907 -0.864550031
279.611221326 -75.467174199 -0.863589681
280.153948069 -74.627782304 -0.876137970
280.676593717 -73.782207676 -0.892280441
281.202281456 -72.938825833 -0.896236251
281.702390753 -72.114020368 -0.914532444
282.215127224 -71.284830580 -0.925456678
282.754200643 -70.434750910 -0.914408764
283.306121133 -69.591563526 -0.913097080
283.836772665 -68.765642275 -0.898550344
284.333661518 -67.953854084 -0.916611806
284.871826170 -67.129232246 -0.934864982
285.390304807 -66.299371276 -0.946550899
285.929479960 -65.424725392 -0.938723015
286.464392325 -64.582830510 -0.925000321
287.016028984 -63.717912465 -0.921101621
287.575634856 -62.868755095 -0.927265026
288.116595483 -62.026395322 -0.935516983
288.672720782 -61.187840241 -0.953893335
289.212061889 -60.351972407 -0.985299355
289.772108507 -59.510469228 -1.002104815
290.329316850 -58.681095199 -1.000059161
290.859188071 -57.901516536 -1.009850118
291.425957750 -57.093911681 -1.009106315
291.981987664 -56.286747812 -1.003367538
292.549073145 -55.472537172 -0.995044527
293.094318142 -54.710849956 -0.991147687
293.633610422 -53.961655532 -0.991904108
294.197583265 -53.200316935 -0.998034310
294.756979475 -52.439213702 -0.999059226
295.315553051 -51.712300354 -0.999386618
295.908441405 -50.973731980 -1.004852866
296.492656400 -50.252882419 -0.995820098
297.061690178 -49.559898205 -0.992428033
297.633878766 -48.843201412 -0.989984829
298.216858478 -48.092675406 -0.984059107
298.758870023 -47.403331601 -0.977915213
299.315570527 -46.706264955 -0.979245996
299.863689548 -46.004241726 -0.989685191
300.399283992 -45.328774635 -0.987844294
300.947944485 -44.627349263 -0.990527445
301.511018997 -43.873255634 -0.985884740
302.041423134 -43.175336389 -0.979194055
302.589124863 -42.462920643 -0.988206945
303.071941450 -41.807694635 -0.989275467
303.569516115 -41.130819477 -0.994997877
304.041659165 -40.521413756 -1.015267671
304.412104158 -39.960320174 -1.010985423
304.893276571 -39.303382813 -1.008539479
305.387078216 -38.632525258 -1.018807020
305.829047127 -38.051052853 -1.024188200
306.298670962 -37.486530627 -1.034804534
306.773722133 -36.899963587 -1.040058714
307.238089937 -36.323623573 -1.036314046
307.686103714 -35.785436638 -1.039665349
308.146843455 -35.248143041 -1.030905155
308.608801064 -34.737148896 -1.036731240
309.061949189 -34.227921004 -1.026102421
309.484655039 -33.773059952 -1.022367058
309.893257689 -33.330160267 -1.019699804
310.299744556 -32.893520129 -1.016587241
310.695883138 -32.473028016 -1.006469715
311.100030440 -32.045997043 -0.993916537
311.499320505 -31.637485122 -0.996652873
311.877593621 -31.287807613 -0.987877394
312.245496550 -30.952530984 -0.984626415
312.581835257 -30.603298767 -0.983641469
312.920958960 -30.263296558 -0.990020155
313.303102642 -29.869762345 -0.999839270
313.678200841 -29.499807428 -0.997795443
314.066619394 -29.129329523 -0.987321316
314.416915257 -28.727205207 -0.968392747
314.755686228 -28.315216064 -0.958035662
315.098360915 -27.916545459 -0.947053794
315.420624969 -27.530036154 -0.953463955
315.735444985 -27.129418440 -0.952923095
316.021010294 -26.677966065 -0.956666779
316.290753348 -26.245180338 -0.959748534
316.578531087 -25.820237095 -0.962246387
316.823511495 -25.355606688 -0.949237424
317.047316885 -24.880520646 -0.932927179
317.218541208 -24.406757456 -0.920126780
317.390925353 -23.903906100 -0.905278698
317.535653868 -23.410777519 -0.903059606
317.679714714 -22.882142967 -0.892023130
317.769121719 -22.385197023 -0.895084716
317.838452237 -21.869617845 -0.879897557
317.884949092 -21.338463665 -0.860335785
317.892696183 -20.767280571 -0.846662886
317.841356220 -20.202983693 -0.830637275
317.762782104 -19.636567939 -0.840317771
317.677960143 -19.051974649 -0.836861311
317.535366607 -18.497222768 -0.819841548
317.378588736 -17.931584213 -0.809804113
317.163636592 -17.356636494 -0.803154938
316.937242894 -16.787433360 -0.801329820
316.677085286 -16.233170761 -0.794526173
316.359917782 -15.620921067 -0.792063436
316.048598082 -15.045328420 -0.774038906
315.695588148 -14.455915881 -0.747816894
315.322014435 -13.858809542 -0.730502687
314.942278666 -13.252129857 -0.709586880
314.554462260 -12.637459966 -0.699734594
314.155929737 -12.012677668 -0.696354306
313.750011416 -11.365930096 -0.684354836
313.343145899 -10.715721040 -0.670256541
312.917406927 -10.037419541 -0.666295176
312.494460876 -9.349398900 -0.665338282
312.078139028 -8.689753996 -0.670579236
311.642233476 -7.967540339 -0.666819903
311.243970125 -7.289630175 -0.665120151
310.819628204 -6.561907222 -0.653595624
310.413488794 -5.826769198 -0.638241949
309.989286245 -5.089120301 -0.625599440
309.596511706 -4.363133154 -0.619616360
309.156702254 -3.597473538 -0.614629216
308.720578849 -2.804970939 -0.598782302
308.294227127 -2.036859657 -0.592150398
307.858650061 -1.249480290 -0.579642547
307.401295577 -0.489538953 -0.558518611
306.960596170 0.289849561 -0.558678198
306.538647578 1.075422283 -0.556546642
306.069804923 1.923110445 -0.559299661
305.624058633 2.734161558 -0.537522501
305.196727732 3.537355721 -0.521331063
304.761546280 4.358038970 -0.515130622
304.342626630 5.175686908 -0.516282559
303.930293458 5.989793829 -0.524833781
303.539081805 6.785225698 -0.517703218
303.146443830 7.612297689 -0.505634388
302.769054857 8.449539278 -0.496131380
302.400209319 9.280515894 -0.507041509
302.043945382 10.124004519 -0.495974515
301.706016079 10.970997909 -0.499451736
301.355885970 11.833420626 -0.506048823
301.019163493 12.702671523 -0.507216127
300.680535016 13.576273149 -0.507067189
300.318950428 14.464046750 -0.506728619
299.934421612 15.349104226 -0.511631510
299.561641107 16.214065214 -0.526158099
299.216494023 17.100383420 -0.544966701
298.845452448 17.982522997 -0.550278147
298.451608572 18.837386277 -0.567633376
298.062635557 19.696123025 -0.589528534
297.696680501 20.560516843 -0.546908143
297.275929881 21.430785663 -0.550629677
296.864017163 22.294787857 -0.546705488
296.471756926 23.125882914 -0.534056393
296.073242050 23.966246540 -0.536836281
295.643806273 24.828037262 -0.540167229
295.183537257 25.668807860 -0.551971516
294.728339499 26.519275346 -0.564546443
294.284993220 27.365389811 -0.578674123
293.843054869 28.227276233 -0.579431446
293.432584206 29.062175451 -0.581923642
292.957512929 29.902847950 -0.577595580
292.483434060 30.721781301 -0.590857292
292.016643038 31.544942805 -0.629016875
291.551880956 32.351441340 -0.646841593
291.067067108 33.164432862 -0.666659618
290.611126621 33.970360588 -0.685551536
290.142184055 34.789918721 -0.705821420
289.692831901 35.600765406 -0.720117231
289.276281243 36.411004143 -0.727261956
288.838937786 37.227579750 -0.760252531
288.428466576 38.037290073 -0.779930166
287.985052303 38.865877813 -0.786321277
287.573140076 39.686742816 -0.779093493
287.168474595 40.511744897 -0.789638281
286.759201841 41.304585581 -0.804000498
286.353546050 42.115701979 -0.819064941
285.968233177 42.902968502 -0.830167993
285.565911814 43.717466947 -0.847167560
285.162535742 44.500374027 -0.866282450
284.735454631 45.302841734 -0.873261058
284.333409767 46.103919443 -0.881828895
283.925136173 46.854359461 -0.882099198
283.528097374 47.603486187 -0.888323308
283.134291580 48.346700045 -0.893012752
282.744537766 49.057855670 -0.889493294
282.370642574 49.757019045 -0.912498649
281.999953224 50.446283617 -0.921694193
281.632657572 51.103726510 -0.908969012
281.273838913 51.748480128 -0.903732185
280.912435979 52.377151313 -0.900773279
280.556154003 52.992272630 -0.897850955
280.215824211 53.592382746 -0.897879498
279.848152923 54.199723205 -0.906079586
279.496732841 54.789605187 -0.907955758
279.157300826 55.382604016 -0.904405669
278.836671382 55.930294888 -0.898352496
278.487615232 56.494625143 -0.894981618
278.167406679 57.032612486 -0.898400176
277.900644309 57.527953859 -0.893417425
277.617450097 58.007068940 -0.877595462
277.340997356 58.476871826 -0.876196212
277.072525017 58.901959431 -0.864837013
276.829670620 59.324801234 -0.847143737
276.583470693 59.771572054 -0.837098203
276.374097675 60.150399865 -0.815358142
276.178668810 60.526360411 -0.804689640
275.985598366 60.893710966 -0.800436188
275.804021113 61.228942093 -0.778000806
275.638672431 61.557074006 -0.769929391
275.471974637 61.873725366 -0.757750214
275.301478546 62.193417277 -0.734478400
275.182766088 62.409094373 -0.720770234
275.064464861 62.604842699 -0.713435439
274.975342327 62.786411559 -0.702065054
274.888660303 62.976187826 -0.694867387
274.796200635 63.176234777 -0.683032990
274.709552713 63.385929233 -0.678447639
274.633125618 63.572462948 -0.681259247
274.549655530 63.774630187 -0.679097992
274.472846733 63.996337791 -0.679568535
274.400669919 64.191978290 -0.667693539
274.334890584 64.346159166 -0.653309091
274.248356000 64.542787995 -0.631272413
274.182078917 64.751436986 -0.624989475
274.102819155 64.952094043 -0.629115572
274.037765597 65.162268607 -0.629816402
273.960941390 65.409042581 -0.624028965
273.894239862 65.657150595 -0.613342835
273.811524176 65.949892134 -0.600436391
273.728277944 66.275351591 -0.580747695
273.640041636 66.609253326 -0.564047195
273.537399766 66.966338049 -0.559008238
273.459415063 67.353928873 -0.562961843
273.363881349 67.765445265 -0.557646649
273.253409736 68.195180370 -0.529894111
273.187669143 68.654581829 -0.508282076
273.094258315 69.122123129 -0.483031866
272.971259839 69.590678623 -0.461469028
272.825944730 70.064223938 -0.457854774
272.720108801 70.580637224 -0.455823207
272.617821103 71.113261821 -0.457109009
272.469283543 71.628773700 -0.448225994
272.322831306 72.183764664 -0.452205538
272.150869696 72.737777050 -0.457311874
271.970851743 73.321399815 -0.456377951
271.786399384 73.900644249 -0.448930972
271.590794694 74.485406835 -0.445611893
271.375062476 75.105476059 -0.431162725
271.164618739 75.712084979 -0.425019544
270.931678092 76.327085509 -0.418937703
270.672142619 76.932074981 -0.432182029
270.397492838 77.571848657 -0.415448587
270.088186651 78.221661705 -0.402785663
269.780731968 78.889210218 -0.405963109
269.496802474 79.545284747 -0.397534723
269.186294477 80.225829596 -0.396279238
268.848561780 80.916465946 -0.385521297
268.493029389 81.608532268 -0.376793166
268.181708681 82.280734681 -0.367294003
267.850387676 82.966927708 -0.358446593
267.510950220 83.668652531 -0.345872470
267.179985727 84.360590761 -0.339731943
266.825528258 85.112353014 -0.313617043
266.480616700 85.824479416 -0.294663553
266.096442770 86.571727405 -0.264917557
265.722768191 87.314962276 -0.245473832
265.346383248 88.053774946 -0.230411970
264.963299420 88.789780342 -0.228903291
264.590992279 89.521956355 -0.226470520
264.203472318 90.297600646 -0.206655222
263.825868341 91.064349526 -0.179571788
263.437282888 91.803712520 -0.166241542
263.027963091 92.548685677 -0.145033427
262.613613356 93.290943519 -0.131264491
262.218700417 94.007719107 -0.127575481
261.829155631 94.735605445 -0.099598126
261.435419073 95.420317381 -0.079404357
261.025352740 96.053176011 -0.064100053
260.633547301 96.750642716 -0.056944462
260.214785067 97.481985772 -0.024450599
259.821036595 98.168477368 0.019677756
259.427264863 98.850426707 0.041638132
259.029279320 99.495217429 0.044340599
258.665698721 100.132271153 0.064310285
258.287343241 100.766382770 0.081623437
257.923709146 101.379987407 0.099931015
257.575128542 101.982070697 0.123417181
257.217768180 102.552450294 0.148727354
256.848938051 103.124572697 0.164650221
256.487772630 103.686632598 0.181152345
256.132926864 104.213416655 0.204598271
255.814859400 104.693533183 0.209564950
255.499318154 105.173906745 0.207403941
255.197102870 105.622488248 0.204556254
254.865971070 106.101824617 0.225345814
254.544004260 106.571835246 0.235215884
254.218072844 107.021523260 0.257230054
253.883323713 107.450171271 0.277578630
253.550351294 107.830947804 0.292875280
253.194252977 108.235085936 0.323590112
252.813074439 108.619125990 0.345487863
252.430223728 108.983496449 0.367333156
252.018834237 109.335609364 0.385023341
251.619612347 109.656745156 0.403168199
251.175569215 109.999878785 0.416568268
250.707127244 110.325459095 0.442033061
250.230704976 110.647318587 0.448073397
249.757835703 110.954283062 0.465694859
249.274741066 111.267288410 0.479368437
248.748470276 111.563674572 0.499443621
248.252626101 111.844552188 0.519010195
247.705940705 112.143221660 0.531865230
247.156962754 112.426293602 0.526441753
246.618331210 112.693884237 0.525804747
246.057726996 112.993374949 0.520706429
245.474269327 113.325936269 0.527567155
244.866839781 113.632767652 0.530639543
244.259518463 113.952756689 0.533454561
243.644508038 114.296900718 0.531144274
243.013158097 114.654371009 0.536811321
242.320786458 115.015290525 0.546878149
241.646449152 115.383190011 0.548310773
240.964901509 115.733717033 0.556148577
240.285920786 116.097801083 0.549002733
239.586642217 116.454426104 0.551254271
238.857599572 116.834741140 0.539104659
238.117508860 117.254585922 0.535275061
237.353924372 117.661001053 0.550405600
236.559142108 118.099834790 0.548172780
235.762444041 118.542600456 0.557404302
234.977436777 118.972656792 0.559779108
234.171398803 119.415666126 0.560209870
233.365974500 119.869127148 0.543803655
232.571212712 120.339466594 0.536092855
231.793390792 120.797217397 0.551789286
230.993139996 121.284996342 0.544957630
230.190004111 121.753563855 0.575542421
229.368190543 122.230675195 0.610027062
228.521556324 122.720202163 0.631221371
227.669124976 123.234556204 0.643591399
226.826900218 123.710477566 0.632452390
225.969844881 124.209155610 0.618015287
225.102160420 124.723639070 0.607817871
224.247330191 125.217208681 0.605337823
223.362176892 125.709391270 0.605109828
222.474680454 126.202067700 0.611861554
221.643877531 126.683200370 0.609545261
220.786261450 127.183241029 0.617276531
219.942414288 127.678758447 0.611264206
219.133223749 128.151443704 0.593776723
218.298934057 128.654200783 0.584339179
217.479309664 129.123782999 0.587157777
216.662396190 129.617266347 0.607517958
215.806165939 130.089836777 0.614129245
214.962079073 130.576981376 0.608667339
214.154387581 131.026883867 0.600266580
213.349552940 131.494346913 0.590241441
212.522132473 131.963749707 0.580720884
211.705322363 132.438913445 0.586642617
210.872632909 132.918385195 0.589251293
210.027759803 133.405908321 0.616793010
209.174333947 133.873036374 0.630582008
208.330209208 134.352251810 0.648034153
207.479596598 134.827119465 0.636221469
206.674184026 135.289713312 0.644132457
205.850054367 135.765182154 0.647222776
205.002468656 136.220544854 0.660025572
204.157188574 136.699020186 0.666067689
203.303834571 137.179660324 0.680384742
202.469949119 137.641007643 0.675191106
201.621960001 138.109913300 0.673493876
200.814422149 138.554977578 0.673367502
199.995506006 139.001231709 0.676987997
199.172637010 139.465409186 0.680851997
198.359313559 139.892925062 0.676239037
197.591591529 140.310145600 0.668943403
196.845760477 140.727199358 0.670277290
196.078209654 141.139647126 0.663212082
195.329463528 141.539666254 0.663437451
194.591847127 141.959255638 0.667677677
193.881286696 142.347986909 0.673222419
193.169119055 142.726948561 0.678665377
192.519626374 143.095124426 0.680219198
191.865676387 143.427973111 0.667618747
191.239077469 143.759929772 0.661835914
190.615551313 144.087055456 0.652342773
190.016790507 144.420424141 0.645232269
189.417800662 144.750477095 0.622961267
188.859958271 145.086630444 0.606239889
188.301698655 145.407206280 0.591467463
187.541812247 145.748096601 0.597677257
187.015463420 146.085662125 0.587591658
186.509840315 146.411278774 0.569205923
186.022550761 146.754077136 0.551197512
185.531109635 147.110025938 0.528401115
185.049336505 147.485882261 0.510018642
184.571621371 147.877375787 0.483897814
184.131162886 148.286623444 0.460555735
183.703667138 148.684734148 0.439625633
183.281484906 149.109701205 0.428187225
182.867851785 149.560431030 0.409295930
182.472933664 150.036171292 0.387809493
182.116576057 150.514452811 0.371272545
181.811241356 151.027566085 0.360382221
181.521652402 151.563763925 0.333243340
181.271038437 152.126963684 0.320758658
181.053997144 152.661020344 0.309404903
180.864706176 153.227410460 0.305297334
180.699222523 153.780744087 0.281420487
180.572997923 154.372148266 0.244320750
180.496527836 154.962264255 0.230450256
180.447055721 155.581978913 0.233978957
180.421394847 156.230709752 0.239786050
180.404564322 156.868951807 0.238652359
180.437369562 157.508516084 0.234037894
180.475644524 158.125050614 0.237668285
180.573641193 158.798280771 0.241453705
180.680772820 159.456975131 0.226235622
180.858885975 160.136446526 0.233763889
181.042410528 160.815688784 0.238174849
181.256735547 161.483612210 0.238960489
181.483299283 162.159457919 0.256090270
181.725432290 162.845243531 0.277635320
181.990125595 163.556456796 0.288218124
182.259313793 164.263827280 0.291966315
182.551095464 164.946094544 0.290195772
182.846199127 165.649742792 0.281888745
183.136077194 166.351266113 0.283815084
183.438889970 167.061136196 0.280575933
183.737294181 167.747170856 0.285103647
184.053811556 168.498159706 0.291659336
184.365665123 169.247982518 0.292273543
184.693199633 169.967761028 0.300719833
184.978652088 170.663933199 0.302229364
185.274271935 171.379631821 0.297281427
185.610116982 172.127922079 0.320537980
185.923633375 172.875714830 0.339626910
186.253579019 173.632448957 0.372305665
186.593998765 174.435007438 0.398457755
186.925467890 175.223047212 0.425038268
187.257117633 176.037638714 0.439068220
187.595888285 176.819943616 0.441486322
187.909814707 177.621066066 0.443404436
188.263690178 178.443113952 0.438672663
188.614846329 179.258099165 0.432790199
188.967849219 180.103564156 0.430793206
189.320025391 180.946757516 0.436652269
189.682806562 181.807693584 0.456848605
190.061043844 182.697067329 0.475795954
190.455519030 183.599030936 0.474605707
190.851399994 184.512007249 0.482399142
191.240310698 185.394398091 0.476201674
191.648060421 186.308083749 0.473280759
192.045660208 187.201987093 0.457258050
192.461399752 188.151835541 0.443891603
192.884640504 189.102486667 0.452593031
193.315616938 190.064267624 0.472700320
193.747415352 191.047164090 0.479037178
194.163671745 192.001771314 0.461098644
194.594033340 192.960673241 0.450601676
195.033154903 193.927235288 0.447832413
195.475681242 194.899642382 0.454406564
195.914050922 195.893039842 0.461614116
196.348288598 196.888147832 0.465054621
196.795218822 197.887695588 0.461645637
197.221993062 198.864137041 0.453810089
197.667178270 199.855614170 0.443148408
198.112932371 200.842697000 0.434188983
198.560754700 201.837743116 0.426027687
198.995388635 202.795231408 0.423207110
199.445435968 203.767476183 0.424810160
199.877934342 204.710933869 0.420713104
200.322003106 205.684912621 0.419942548
200.766424510 206.655501672 0.420519553
201.197954438 207.639923404 0.423071374
201.625202237 208.597316420 0.422385277
202.051306186 209.543703803 0.411244514
202.461905389 210.478187588 0.394199183
202.893004711 211.414737543 0.392053209
203.321168210 212.311269723 0.393516372
203.755261106 213.238583960 0.396663141
204.193105843 214.160685882 0.394256089
204.650469770 215.128221218 0.389919797
205.099770454 216.081725813 0.388228389
205.550471323 217.039066026 0.388547237
205.999196588 217.986604039 0.383659941
206.443731049 218.929853530 0.392266783
206.884288970 219.842647437 0.390256933
207.320209996 220.775875073 0.388376027
207.776418812 221.693177951 0.379318279
208.207853541 222.577468537 0.370132503
208.627852385 223.455759119 0.365896231
209.036740640 224.369407722 0.361454389
209.484258480 225.269826327 0.361658058
209.916509911 226.201925842 0.367335240
210.358674480 227.155981561 0.353834933
210.785670117 228.085496963 0.334356554
211.202554349 229.007047718 0.318295621
211.630122245 229.940510406 0.301186237
212.051626290 230.865509594 0.284602262
212.469525643 231.791825564 0.270640617
212.881469461 232.705481820 0.271271593
213.278830970 233.608029162 0.256157347
213.702485259 234.544645403 0.241270115
214.109424280 235.473414532 0.240266248
214.504830544 236.400164459 0.241690768
214.898922804 237.307867688 0.245882885
215.279528993 238.215672205 0.237365638
215.664220760 239.130512013 0.222435007
216.032230106 240.045818879 0.214427450
216.398278093 240.970997658 0.217605220
216.769210677 241.881334122 0.188658436
217.150535571 242.794479999 0.182549787
217.537583888 243.717665548 0.162652752
217.928272517 244.617408622 0.158746153
218.335059327 245.548460796 0.143638486
218.742135183 246.474672832 0.146420442
219.172134861 247.401155319 0.140095227
219.591920110 248.359591536 0.135213040
220.049111862 249.325227054 0.114577166
220.480399325 250.247976741 0.088897775
220.918249147 251.182292850 0.059841384
221.381120593 252.139594031 0.028760963
221.832046376 253.058172625 -0.002380125
222.286856622 254.010109993 -0.000878549
222.733154990 254.898388620 0.004218062
223.156637693 255.729690336 0.012700856
223.582370288 256.593031738 0.009423916
224.033162474 257.472067128 0.011336265
224.478384325 258.341660317 0.011287154
224.935690141 259.242125783 0.005977516
225.397408656 260.124195264 -0.003413926
225.855371985 260.983168495 0.010583106
226.323078398 261.875225928 0.008600961
226.790056921 262.745283432 0.001693178
227.232927248 263.590832138 -0.010759515
227.697722607 264.474806407 -0.012661288
228.151591878 265.330155637 -0.009999381
228.608869153 266.196531150 -0.005889866
229.061813022 267.044305524 0.000586935
229.526446329 267.937766353 -0.005137881
229.985983563 268.815034471 -0.020775373
230.447127680 269.686003717 -0.018028072
230.897056630 270.529704177 -0.030443073
231.348398892 271.357221048 -0.047376580
231.803178473 272.208676170 -0.060774042
232.223833170 273.005544659 -0.063788705
232.658589446 273.821674757 -0.070070721
233.084299802 274.618659316 -0.082651903
233.496239014 275.411556765 -0.086717060
233.921957865 276.181128199 -0.088726746
234.339496105 276.931382583 -0.107040528
234.752600956 277.674686790 -0.116108890
235.170082073 278.405357838 -0.122870287
235.597226249 279.140800507 -0.111197784
236.012619255 279.818932162 -0.111818922
236.406814464 280.495036702 -0.107685690
236.791859658 281.142655897 -0.115435482
237.163484355 281.748702855 -0.129741700
237.535604189 282.383369354 -0.143490350
237.902199613 282.980565328 -0.149194717
238.263864283 283.568928290 -0.146024680
238.627115692 284.165879652 -0.148421449
238.991929761 284.768115811 -0.158409805
239.355208346 285.360908323 -0.162434476
239.706241867 285.939219465 -0.142803899
240.068141160 286.529021528 -0.130625910
240.403079876 287.097242474 -0.124961515
240.730041323 287.673649936 -0.126709845
241.053760441 288.258200080 -0.129197409
241.378361726 288.849810969 -0.132705797
241.675097720 289.419066144 -0.124774474
241.960329769 290.008637699 -0.120890574
242.232356112 290.625053028 -0.110947474
242.541839162 291.254867901 -0.113580313
242.828336389 291.881648186 -0.111745034
243.119921923 292.543684511 -0.114448638
243.383510796 293.206553490 -0.115064293
243.670821752 293.899258693 -0.120201646
243.955825291 294.618971644 -0.127351805
244.244978282 295.338141541 -0.109706171
244.554949791 296.083446389 -0.097301671
244.876038795 296.820661905 -0.106701962
245.215243487 297.556346940 -0.114050330
245.556845140 298.319882893 -0.113193550
245.892245198 299.128022395 -0.124577497
246.263551960 299.931199453 -0.120526660
246.633272301 300.705657193 -0.108436648
247.052753157 301.518298903 -0.103399687
247.491021554 302.318130069 -0.109716303
247.936823126 303.143985423 -0.116545229
248.391854604 303.975403693 -0.115858056
248.854378332 304.810619322 -0.098472320
249.326329188 305.667207951 -0.072115768
249.814542066 306.515649511 -0.050912042
250.293393151 307.352964566 -0.032462857
250.788982656 308.208266805 -0.020237127
251.289030779 309.072379747 -0.015386169
251.807429585 309.951760581 -0.011623630
252.328654371 310.844721551 -0.005217902
252.850837496 311.736924897 -0.001555583
253.379981537 312.650481429 -0.003046448
253.914798467 313.590463687 -0.025243626
254.416479535 314.489441690 -0.019756238
254.952486549 315.439586558 -0.022690045
255.467830204 316.362178479 -0.016633384
255.968477526 317.279838623 -0.012738944
256.483621477 318.204919937 0.001841272
256.974669888 319.137774738 0.023524834
257.461712258 320.065237748 0.026371579
257.954171825 321.014536366 0.028738180
258.457011322 321.971358592 0.025809737
258.948413166 322.925028377 0.016480520
259.433705393 323.873926502 0.005825098
259.913012374 324.802846809 0.009282860
260.373748856 325.739503161 0.004208700
260.853826019 326.663843900 -0.002544497
261.329965201 327.610256691 -0.004629182
261.829889709 328.559185520 -0.000738795
262.293886029 329.483873342 -0.000164525
262.747791477 330.397219276 -0.007501836
263.228982352 331.312094416 -0.022765784
263.690181235 332.215755811 -0.022927488
264.157939478 333.104474220 -0.026065512
264.644397939 334.027163333 -0.033382576
265.132017706 334.913393812 -0.022561231
265.599331745 335.773775777 -0.007665611
266.068331509 336.650640077 0.012446137
266.519408251 337.492009310 0.026572892
266.971855147 338.326638557 0.051252614
267.409686886 339.155039246 0.053648722
267.847120840 339.987889437 0.053892023
268.264578525 340.814039225 0.052747679
268.686556459 341.608014303 0.053615432
269.089199187 342.419340643 0.055948930
269.511212923 343.218788526 0.052187100
269.919947855 344.023922054 0.048837620
270.314021883 344.814657834 0.037396678
270.694512662 345.604830845 0.021688731
271.063647709 346.386782735 0.015621562
271.433094477 347.174824102 -0.002867187
271.790640234 347.937283779 -0.017512647
272.130094115 348.706193199 -0.035383134
272.454167361 349.418045845 -0.053084143
272.782522841 350.116206276 -0.063500104
273.080728245 350.798374272 -0.065372074
273.369150620 351.443233825 -0.067538749
273.642094281 352.095731805 -0.067532601
273.893863844 352.719345361 -0.060798627
274.127375972 353.290908418 -0.067942259
274.341404170 353.861140207 -0.074238060
274.539796922 354.402534708 -0.080686460
274.731705540 354.911881842 -0.076955007
274.931671475 355.392405610 -0.077974371
275.126392174 355.873755259 -0.081692197
275.324267157 356.336649552 -0.081782210
275.541098218 356.781253750 -0.084277742
275.768778584 357.200296546 -0.090425609
276.011168861 357.597662892 -0.082934801
276.270398202 357.981162841 -0.076812243
276.538151360 358.340292357 -0.082672977
276.829336284 358.664348023 -0.091492704
277.143320185 358.993841946 -0.089886108
277.471093689 359.297212307 -0.087910342
277.833353873 359.571555013 -0.079764161
278.191215810 359.797027571 -0.069145269
278.574148023 360.034710014 -0.056180828
278.975944109 360.232211562 -0.045958213
279.356677736 360.360853506 -0.042056180
279.765089238 360.489998494 -0.021334095
280.168541201 360.571322674 -0.022891424
280.586470643 360.660290870 -0.008458440
280.999884290 360.687097848 -0.000665416
281.413044973 360.712682080 0.014168848
281.823993515 360.713551231 -0.003131837
282.266365450 360.711700866 -0.023949025
282.713184157 360.661158220 -0.036413869
283.167027153 360.557184147 -0.025138799
283.636351876 360.435120657 -0.013892099
284.120966922 360.300629058 -0.011669101
284.614143460 360.139238526 -0.031278921
285.113237598 359.961904296 -0.045722623
285.610824488 359.742239705 -0.041929064
286.096441762 359.540856238 -0.023709762
286.616021717 359.291210993 -0.025031566
287.150632810 359.029726373 -0.026418622
287.689517196 358.771719288 -0.031292634
288.247319925 358.501336761 -0.029889971
288.795389787 358.213630246 -0.024201116
289.356981263 357.932596071 -0.019032032
289.933399214 357.643151125 -0.020138777
290.543244024 357.354898934 -0.026064245
291.138444158 357.053512032 -0.030101293
291.760177350 356.754659951 -0.021398719
292.376905111 356.447152841 -0.027844506
293.005155223 356.145708355 -0.031134569
293.671708776 355.836637408 -0.038162302
294.344005244 355.511862592 -0.041606703
295.036215323 355.191410878 -0.033355494
295.740712571 354.849993427 -0.032792289
296.454224856 354.509362424 -0.040633137
297.192405822 354.150945876 -0.053658390
297.957776632 353.782227750 -0.063961063
298.723986927 353.410806996 -0.069456707
299.498082208 353.030418946 -0.070803835
300.293610682 352.637187588 -0.080017665
301.061902742 352.258637417 -0.092391054
301.835933184 351.861296704 -0.080589771
302.630438910 351.480777169 -0.078032496
303.414926873 351.107179204 -0.068315594
304.238268018 350.706531639 -0.053842219
305.048819030 350.297385810 -0.049410799
305.856184458 349.889466737 -0.051482614
306.682453573 349.466038355 -0.056210006
307.531544194 349.022503378 -0.065814491
308.364333932 348.580929761 -0.063722931
309.219547632 348.148147503 -0.073061629
310.058359541 347.722858329 -0.077590493
310.907682582 347.283178674 -0.080488721
311.775518352 346.844116151 -0.079561880
312.746637436 346.354169868 -0.057092110
313.645720307 345.906233307 -0.026890759
314.473023715 345.474270156 -0.005026058
315.260371602 345.062763136 0.018850921
316.093761379 344.623150686 0.059367333
316.920432815 344.191851696 0.076269009
317.739495316 343.759060382 0.079622892
318.560967108 343.326888164 0.099959356
319.388119874 342.891032975 0.116641921
320.244960637 342.472633858 0.110133861
321.094140895 342.027921032 0.103278162
321.955432790 341.569803697 0.104305107
322.837905042 341.112527287 0.102835543
323.712775099 340.645893433 0.111624686
324.605345243 340.183887028 0.106137649
325.460852393 339.739366161 0.097451227
326.288844975 339.297924279 0.092088917
327.131406163 338.850725642 0.087754791
327.948051239 338.421246389 0.101275828
328.787065919 337.982290198 0.106531189
329.608314706 337.545127319 0.121221407
330.457693243 337.107895716 0.160051657
331.262328617 336.677596847 0.173129377
332.054371456 336.253227079 0.181358368
332.864097403 335.819434767 0.180090535
333.657939615 335.396090821 0.187731388
334.453752815 334.978641377 0.187584858
335.239543403 334.566938060 0.214007682
336.027055542 334.153120544 0.244779976
336.811379912 333.756377625 0.270328699
337.604033631 333.343887092 0.299307268
338.398715440 332.930467127 0.320751180
339.201352914 332.509163807 0.337577552
339.990330871 332.097274250 0.360320675
340.805447464 331.690449103 0.378565408
341.593603159 331.304444810 0.399146465
342.381326378 330.930776085 0.412611895
343.187820658 330.576149903 0.420590720
344.007610353 330.210813800 0.427941755
344.811723134 329.856777194 0.442284493
345.651658571 329.517956304 0.448260051
346.485388921 329.181606700 0.457123380
347.301350396 328.870908672 0.461116392
348.128147185 328.570175917 0.463626942
348.908997716 328.294715659 0.460353960
349.734207991 328.002100561 0.470180808
350.527196821 327.734521239 0.490099508
351.351876579 327.470955187 0.507342993
352.137366414 327.221298801 0.529016337
352.908764131 326.972366473 0.524275421
353.700693761 326.714339451 0.523613265
354.493760008 326.501998204 0.524317593
355.283111295 326.292068834 0.544890264
356.071250946 326.123250667 0.561834079
356.854995349 325.946790257 0.562820962
357.600804325 325.768441762 0.552455261
358.373084715 325.578954583 0.543510623
359.147976722 325.388468776 0.542763202
359.931689436 325.215539254 0.535220148
360.710557329 325.043718901 0.521712086
361.532587430 324.899969603 0.508734170
362.323765757 324.777623090 0.495209849
363.089178130 324.675229574 0.487147453
363.897818498 324.559143259 0.467252279
364.684536900 324.463681122 0.457318973
365.499556535 324.408069641 0.458874463
366.278090928 324.370674807 0.464614089
367.092209531 324.329014517 0.476715094
367.867575452 324.296082895 0.491721653
368.663636042 324.248955398 0.489594265
369.457461664 324.197096806 0.504872755
370.285378592 324.160997902 0.524083492
371.080664257 324.153913150 0.557072517
371.860039896 324.143316912 0.577457626
372.613237457 324.154028006 0.601152445
373.368844453 324.176822805 0.623350191
374.161444390 324.213065533 0.644178269
374.941857184 324.248963085 0.670380348
375.718446272 324.272998790 0.691152580
376.486254977 324.305531703 0.710648513
377.263254615 324.323653553 0.733080525
378.058543382 324.347466317 0.758785753
378.889044135 324.405866696 0.783909639
379.700228516 324.448036347 0.820185655
380.509537747 324.499921981 0.857056969
381.301188009 324.567457600 0.892822485
382.097238381 324.620441441 0.916267531
382.866354780 324.686635273 0.930337237
383.652342125 324.774312379 0.943678276
384.409140780 324.865118215 0.954027074
385.148609507 324.989286191 0.964164751
385.888947951 325.108525675 0.969016146
386.607600065 325.242613254 0.978943086
387.292751181 325.384641352 0.982383940
387.960710569 325.531039393 0.980158764
388.592643980 325.659570826 0.970913368
389.216467412 325.775768781 0.966528382
389.809506534 325.892768736 0.960631336
390.394249042 326.016106075 0.950573668
390.962010775 326.104225779 0.947015962
391.527542107 326.168539247 0.941974514
392.059600156 326.202710980 0.939365694
392.537480044 326.238982004 0.931316586
393.002630248 326.259496172 0.929242800
393.445550183 326.292551020 0.917092604
393.853134905 326.323699563 0.911447203
394.272743189 326.332520693 0.895163596
394.693568904 326.329973898 0.881902842
395.132400767 326.325222419 0.856373564
395.526859746 326.319928449 0.832970147
395.942526406 326.285337183 0.798639280
396.329776699 326.236236072 0.774369389
396.691008153 326.159264980 0.765680873
397.055468242 326.076807134 0.757129937
397.409591091 325.980657081 0.749388434
397.770368134 325.899465788 0.727941014
398.137629959 325.768615475 0.696821396
398.525660070 325.605261974 0.665937624
398.907733064 325.394953150 0.637237034
399.271149583 325.186702883 0.610621530
399.648378795 324.986230968 0.593740277
400.022255980 324.770936728 0.576816437
400.386420502 324.538584372 0.553193146
400.725431100 324.246498479 0.526859258
401.095172903 323.921581189 0.483728779
401.417382393 323.587525901 0.454940171
401.743203176 323.234125102 0.421983514
402.057164450 322.805885127 0.386444527
402.370689233 322.313933188 0.336632046
402.687033990 321.825570186 0.290591635
403.014816377 321.295812931 0.234835860
403.307791166 320.692883573 0.191315837
403.570879241 320.045242201 0.155888104
403.791642759 319.347887674 0.123753381
404.025975333 318.601389655 0.093655230
404.258433197 317.860376525 0.068867318
404.445055146 317.093181316 0.049034402
404.649029595 316.263950988 0.022499481
404.829607487 315.410593936 -0.000599381
405.001709855 314.533683256 -0.014507626
405.175098361 313.650601625 -0.034146611
405.381460998 312.751174952 -0.065752238
405.574090722 311.802740790 -0.087561070
405.765266452 310.865370131 -0.111891727
405.944372966 309.950520211 -0.137145428
406.124445679 309.017810701 -0.152042715
406.301513101 308.063633807 -0.172898698
406.469767758 307.056705011 -0.182267238
406.645546293 306.074979384 -0.196111186
406.842761128 305.090812109 -0.229780718
407.030480192 304.073219131 -0.254871033
407.190202988 303.037021013 -0.283439987
407.372967800 301.993598859 -0.314780133
407.554804979 300.961073269 -0.346768291
407.733552057 299.944840637 -0.384948483
407.909571859 298.891722655 -0.422870054
408.061682177 297.807390949 -0.461339511
408.216866548 296.774432411 -0.497302642
408.332890620 295.732782198 -0.540368228
408.417832425 294.691119852 -0.587665969
408.517167754 293.658287632 -0.630650117
408.624306902 292.581685474 -0.680054214
408.719350820 291.552278882 -0.733963176
408.820538700 290.489882796 -0.784771855
408.928389167 289.430044300 -0.844457481
409.044102162 288.379285929 -0.899989640
409.157323036 287.301021448 -0.961118132
409.265799780 286.250304879 -1.023097675
409.365219647 285.193422583 -1.089745903
409.464161368 284.122215837 -1.153467198
409.570206885 283.089761576 -1.216529304
409.664026748 282.077518942 -1.270830125
409.770226561 281.110107758 -1.334414804
409.882173204 280.113981015 -1.391861774
409.983945279 279.104412320 -1.444336602
410.093359228 278.120850536 -1.504862812
410.189270226 277.188778734 -1.563896413
410.282946303 276.180296788 -1.623391236
410.395199374 275.142785285 -1.675981067
410.486671134 274.154510290 -1.733818153
410.568064746 273.153174331 -1.801148516
410.670570910 272.175105872 -1.881220845
410.768037700 271.149406234 -1.958620897
410.869744064 270.097443321 -2.041095662
410.971207230 269.060310244 -2.121908018
411.084633874 268.008383755 -2.196748797
411.198143348 266.972361791 -2.275004141
411.316737402 265.899111276 -2.356182679
411.435490110 264.845380269 -2.428303811
411.565183344 263.759305579 -2.496438488
411.698324305 262.679411267 -2.575263335
411.838010592 261.591151589 -2.665462460
411.967513213 260.483516146 -2.734116288
412.102586772 259.382763057 -2.790934167
412.229020158 258.271499629 -2.844246287
412.346001694 257.209274303 -2.889352645
412.472983004 256.121772267 -2.941109406
412.581918994 254.982166965 -2.977060990
412.708000545 253.868713722 -3.023495118
412.837616066 252.799772110 -3.074868009
412.967413643 251.695460663 -3.112578028
413.099245409 250.585460109 -3.149741707
413.235097992 249.503295492 -3.180661190
413.361132930 248.423446794 -3.205184926
413.491874304 247.292756931 -3.214579093
413.630119284 246.213258380 -3.221833060
413.791557678 245.095336829 -3.228020382
413.919230168 244.060289831 -3.218654901
414.068179905 243.018260904 -3.203736550
414.202384676 241.974534937 -3.174424155
414.345913207 240.934684559 -3.139850027
414.482245509 239.927722758 -3.095789984
414.614467060 238.911983719 -3.040755393
414.734292244 237.928961254 -2.983484653
414.856117579 236.966677443 -2.912425109
414.968112973 236.032455162 -2.827258164
415.074230596 235.117054119 -2.745431421
415.184048198 234.232503804 -2.648568194
415.285156086 233.356926910 -2.547088487
415.387098516 232.525641966 -2.440570315
415.460086134 231.710126618 -2.311646969
415.536293266 230.931347383 -2.176155229
415.586353488 230.188269967 -2.032260251
415.634628495 229.459887264 -1.881839940
415.668780727 228.723928179 -1.702566648
415.682030584 228.037676805 -1.526751965
415.689414798 227.412340609 -1.358310777
415.665128861 226.789864370 -1.168609602
415.624137175 226.160035924 -0.946310328
415.556416450 225.583911736 -0.720671060
415.471456341 225.003150902 -0.466314874
415.345225598 224.473761036 -0.213245491
415.197273114 223.952383619 0.067913163
415.020515602 223.477742527 0.346074639
414.794202052 223.048208954 0.623190352
414.524812782 222.653433765 0.914032851
414.212259954 222.305395113 1.197789750
413.893299303 222.000015251 1.475389546
413.565697623 221.718830563 1.743209457
413.206100616 221.495648805 1.994532854
412.801829042 221.320062521 2.226478263
412.373644824 221.165080556 2.466929580
411.920111737 221.020976076 2.740687263
411.419553673 220.944248668 2.970846838
410.929887708 220.885005806 3.180017099
410.434630353 220.840378954 3.390464015
409.900110164 220.821669600 3.613152119
409.353172847 220.834729328 3.785782744
408.778604830 220.871699196 3.970413888
408.227448816 220.929612361 4.091071763
407.639472888 221.006651317 4.233134937
407.022426440 221.104419893 4.340941143
406.402872768 221.215584482 4.446120126
405.745835314 221.354173844 4.550735442
405.073622785 221.509431347 4.635978752
404.391841535 221.683720019 4.659232610
403.716165112 221.875146399 4.684823500
402.997166047 222.085662676 4.689060932
402.300848577 222.300723167 4.674632343
401.592607135 222.528166559 4.643427447
400.856199795 222.757358092 4.592434208
400.108494435 223.018029064 4.525814137
399.319640424 223.291819991 4.439101340
398.536332228 223.570099136 4.361701291
397.737546555 223.850531623 4.259680126
396.924273887 224.136688035 4.169721024
396.085303306 224.430351659 4.047941886
395.242315292 224.728717162 3.921229286
394.386611102 225.026109208 3.782235473
393.535543953 225.316901741 3.620739153
392.701037663 225.606264584 3.461095001
391.855209029 225.888965841 3.286072300
391.003228000 226.184093924 3.116143147
390.105916584 226.499353932 2.941039246
389.201834544 226.819502519 2.761261789
388.317458559 227.144882285 2.588461145
387.352522751 227.482576587 2.399410720
386.462734447 227.808865502 2.223289348
385.536595219 228.141936458 2.043036850
384.598199142 228.480336294 1.869467410
383.647379201 228.822261307 1.690924824
382.711729992 229.173429416 1.519261741
381.769157187 229.523116323 1.354798677
380.811162466 229.871658646 1.189308936
379.858877578 230.229901890 1.029447788
378.931640997 230.584483404 0.891465329
377.991392969 230.939949718 0.747496847
377.016163750 231.312501542 0.595782162
376.021926441 231.678786863 0.450156054
375.043408175 232.045203270 0.317152572
374.057098659 232.408518624 0.182462948
373.045280858 232.777379362 0.051288597
372.032536176 233.144544439 -0.073413908
370.994391237 233.536623200 -0.191676604
369.969804710 233.922008813 -0.303177425
368.964297759 234.301897797 -0.410031112
367.985668422 234.658908311 -0.500029537
366.972737068 235.034794191 -0.596893574
365.949938368 235.406829873 -0.681583207
364.918474051 235.786249355 -0.755668523
363.895983510 236.174302919 -0.822280052
362.857569557 236.546676383 -0.880572419
361.813297311 236.936924769 -0.922891136
360.763491164 237.323934143 -0.965332296
359.721492401 237.720484445 -0.984086464
358.674048021 238.115370561 -1.002704279
357.627324244 238.536161739 -1.022819557
356.635271083 238.933328421 -1.022357460
355.651133943 239.316831143 -1.018230357
354.678240605 239.705883303 -1.002123143
353.717756853 240.072499807 -0.986786874
352.764982006 240.447561564 -0.959817512
351.822439294 240.805631320 -0.923603202
350.874890228 241.189569188 -0.878248832
349.929129238 241.579668756 -0.824646395
348.975349347 241.970956925 -0.757210655
348.040729936 242.366652733 -0.686854392
347.117571799 242.741580912 -0.603850617
346.190134258 243.110864672 -0.523120851
345.275166192 243.483409456 -0.442874570
344.347928979 243.853906991 -0.344525939
343.448873598 244.222434897 -0.244289538
342.481394205 244.598781295 -0.112127312
341.551177553 244.960603484 0.015665585
340.596514413 245.339905181 0.168757261
339.701884174 245.682978717 0.308237211
338.788554770 246.033451995 0.462856564
337.906646056 246.370829224 0.616086312
337.033888364 246.710616568 0.784794113
336.170389244 247.046957398 0.965752820
335.353470943 247.362838331 1.140031551
334.569859369 247.658852684 1.332856823
333.793284750 247.946280421 1.523042393
333.043228013 248.217228664 1.712206790
332.303169254 248.476835713 1.920988657
331.561539189 248.743174157 2.125930379
330.860896954 248.997048261 2.339039163
330.160210449 249.247452284 2.553637719
329.461680254 249.494147854 2.769300857
328.790301661 249.732647828 2.984616759
328.155870191 249.960006887 3.198070358
327.527934443 250.190928393 3.397152042
326.918734282 250.417751144 3.604179354
326.317845556 250.633867731 3.795183407
325.720062875 250.845542131 3.984676645
325.152659932 251.047905269 4.168264250
324.609583196 251.242007062 4.341097553
324.095170403 251.420343066 4.510947864
323.587309715 251.592937285 4.650856887
323.118159661 251.748022271 4.768269666
322.650754423 251.902170106 4.853684095
322.204143051 252.036950573 4.919942663
321.751892197 252.160294934 4.972275849
321.299561890 252.273528317 5.006474733
320.849497557 252.371416188 5.019529741
320.422098189 252.442008401 5.006583863
320.008557666 252.496925065 4.967011858
319.611381630 252.542069002 4.908728620
319.200239154 252.564635966 4.832365725
318.809127492 252.545494405 4.729422007
318.420384199 252.513114874 4.594548941
318.029702716 252.451366653 4.437091440
317.661650113 252.362828712 4.276289294
317.291202593 252.243433213 4.093129582
316.917657075 252.103589196 3.888349277
316.555069684 251.931291456 3.672095897
316.213327227 251.733402574 3.439268087
315.846832119 251.513110473 3.205620830
315.495556435 251.264387412 2.956665765
315.134813707 250.983579851 2.709223743
314.766338099 250.673140855 2.459459378
314.399337899 250.339951063 2.217212015
314.035540167 249.986112172 1.956239797
313.665578783 249.608224236 1.694897604
313.291068466 249.206328831 1.436546211
312.906784008 248.773963224 1.190422382
312.521653727 248.321804413 0.949568889
312.116757012 247.833517540 0.696960339
311.713861780 247.333755202 0.458724265
311.300321275 246.811980103 0.215119663
310.879423313 246.271515582 -0.004803580
310.440534120 245.687061108 -0.226395384
310.009078472 245.087428280 -0.439367975
309.565565385 244.448699606 -0.658203096
309.126841568 243.793858788 -0.859302201
308.686316053 243.131696953 -1.051060248
308.247542576 242.449788226 -1.222193489
307.802381646 241.746328220 -1.386339272
307.355581623 241.024588900 -1.533506233
306.892237518 240.267308108 -1.678341503
306.428343849 239.487434499 -1.808200631
305.956825392 238.692606401 -1.939226129
305.498264119 237.895963309 -2.052533526
305.032041424 237.051897056 -2.173855278
304.567858352 236.202827492 -2.288509215
304.090988402 235.320370751 -2.393686329
303.600228744 234.442092652 -2.497252429
303.100567159 233.525562083 -2.597559507
302.610902023 232.599725545 -2.685141172
302.089910958 231.635919923 -2.761039996
301.588372854 230.678173653 -2.823909283
301.074378829 229.704898843 -2.893861352
300.570494179 228.722827288 -2.948743413
300.035863724 227.698013318 -2.989382533
299.517159168 226.694730128 -3.029504482
299.021420202 225.722731565 -3.056461815
298.521217672 224.740168075 -3.050289682
298.044682932 223.778426548 -3.041444289
297.577468643 222.805491866 -3.029686300
297.095967846 221.826046655 -3.020472680
296.637175017 220.852732628 -3.000794681
296.151035306 219.871630872 -2.976728728
295.659897095 218.885762749 -2.943801783
295.159693154 217.891031158 -2.897847751
294.670497329 216.898873932 -2.845952320
294.172252373 215.896050465 -2.808731506
293.697092799 214.924693722 -2.768433593
293.230135247 213.979845250 -2.721992460
292.756940663 213.013552197 -2.681455089
292.276378689 212.031803200 -2.619399870
291.791804830 211.050184147 -2.560101627
291.329086999 210.086967607 -2.509516077
290.836574046 209.087271697 -2.454380798
290.336236147 208.050474873 -2.399326204
289.823017214 207.000360807 -2.346385450
289.302245820 205.947147134 -2.280914138
288.788611182 204.941340872 -2.219781599
288.271223098 203.933645971 -2.172868404
287.770747601 202.931513920 -2.121616320
287.272353515 201.941282716 -2.057499089
286.785046137 200.973819204 -1.989425208
286.292395641 199.994257599 -1.912510926
285.788782126 198.993826916 -1.850502914
285.276753319 197.972711644 -1.777959764
284.775331536 196.950472800 -1.705640032
284.271092889 195.929844838 -1.637580611
283.758154107 194.892883876 -1.561462995
283.255864562 193.887332600 -1.499689128
282.749812380 192.896868196 -1.438993350
282.242515701 191.910040633 -1.384272507
281.735233533 190.918945398 -1.336816045
281.239346696 189.966854440 -1.280334357
280.739823099 189.012302951 -1.226510065
280.224950563 188.026243620 -1.167993686
279.691969151 187.018047253 -1.112119455
279.176946126 186.020098298 -1.052524826
278.674679399 185.036206932 -0.987830017
278.170906577 184.058120999 -0.925182784
277.664620669 183.090649691 -0.871263873
277.149585115 182.090405256 -0.820204642
276.664934604 181.145412358 -0.788354465
276.167572847 180.161061823 -0.743999749
275.629110659 179.115518713 -0.695900886
275.102680206 178.079337124 -0.639019083
274.589209257 177.061987899 -0.580441413
274.057253269 176.022535539 -0.538439509
273.532236978 175.008771780 -0.508348296
272.987200652 173.975586510 -0.482524630
272.453585220 172.945545882 -0.456130299
271.924337726 171.911822147 -0.425824065
271.417170757 170.922481465 -0.395877288
270.904603372 169.917732722 -0.357953282
270.399740949 168.909129143 -0.319327250
269.876984695 167.898453041 -0.272377350
269.341598429 166.848476163 -0.231417507
268.798452880 165.784567078 -0.200259151
268.269960629 164.755186854 -0.171727387
267.763257575 163.769546346 -0.161622213
267.252903832 162.796716056 -0.152085679
266.739651747 161.821492909 -0.123340005
266.227679832 160.845262886 -0.104717994
265.716961769 159.860472435 -0.067668624
265.194517732 158.848450206 -0.042290535
264.673337565 157.844386340 -0.021907156
264.179309879 156.863729975 -0.013239481
263.676366289 155.896748420 -0.009920193
263.167316096 154.909982647 -0.008361333
262.662037718 153.926846227 -0.031853895
262.162920625 152.954927671 -0.044842171
261.669887726 151.999247160 -0.052465042
261.209447476 151.067795787 -0.050253403
260.731504994 150.131690224 -0.041618190
260.249611825 149.181575953 -0.012736003
259.769285153 148.257226057 0.010773393
259.303653498 147.322767318 0.029975640
258.840018316 146.402854210 0.034665990
258.374080560 145.495559305 0.035469307
257.927543820 144.613134387 0.019322487
257.482678799 143.719183252 0.016633223
257.034672909 142.813257567 0.013361967
256.586951283 141.887636018 0.015716541
256.142901515 140.977712231 0.026281025
255.717973514 140.086640106 0.040954214
255.268815948 139.184419258 0.070590008
254.861978964 138.353110945 0.058538558
254.503909067 137.591024783 0.057351769
254.147951800 136.822315085 0.054449774
253.795169519 136.058613490 0.059626170
253.429705320 135.270018845 0.056543938
253.092207590 134.539948878 0.055568328
252.762129996 133.809705580 0.060898446
252.437800946 133.098027614 0.062514536
252.136268624 132.431448473 0.062896768
251.844431495 131.785892867 0.064102695
251.557655455 131.153201888 0.050354069
251.278655240 130.524574150 0.028539160
251.025332298 129.947882489 0.030312317
250.787299223 129.352330460 0.028768050
250.543578419 128.769277700 0.024090226
250.307040858 128.208675639 0.004484664
250.073027655 127.668352970 -0.004669278
249.845250479 127.152531117 -0.028028611
249.615301418 126.646509557 -0.049837100
249.393844168 126.168814320 -0.064415546
249.161694123 125.681357149 -0.084818260
248.934546800 125.243201774 -0.101895023
248.727133297 124.844304483 -0.111687465
248.486102706 124.441731525 -0.110561334
248.276426106 124.062734469 -0.113813889
248.033744117 123.706364521 -0.110955984
247.778113567 123.340901462 -0.121033736
247.502950853 123.011209793 -0.126654955
247.226971078 122.690483629 -0.128825396
246.946076011 122.381732167 -0.123602515
246.658887118 122.080299294 -0.121189898
246.344331132 121.823451939 -0.108320485
246.025966601 121.550367583 -0.107922318
245.681756898 121.317293729 -0.098971823
245.336730356 121.102655509 -0.096439104
244.954328594 120.883572541 -0.092796573
244.574502800 120.692516000 -0.080167277
244.192669264 120.492326808 -0.078749019
243.816592485 120.303831168 -0.076383485
243.385888897 120.167581796 -0.069357983
242.950029135 120.073829642 -0.082771534
242.494045026 119.997128520 -0.074705984
241.996009674 119.930580612 -0.072087179
241.504647909 119.905065090 -0.059698174
241.021057538 119.879869048 -0.045692182
240.518628488 119.892911421 -0.040936051
239.994394279 119.959850426 -0.036214873
239.475564191 120.047242637 -0.019771466
238.937103361 120.151392651 -0.000717150
238.396649935 120.280643203 0.016332265
237.846048610 120.449181253 0.024032310
237.271813438 120.623569481 0.023236477
236.739884272 120.832915435 0.026222160
236.162502965 121.037368625 0.032129821
235.586686590 121.278173103 0.047285130
235.000229931 121.535575302 0.070956002
234.391051422 121.821394686 0.078779173
233.768175046 122.127862034 0.084626337
233.134280323 122.433420867 0.095927666
232.477102603 122.742702889 0.109275351
231.809099008 123.079330929 0.109747618
231.153211084 123.415713851 0.105475496
230.444047416 123.781526852 0.109690357
229.739737260 124.178132928 0.121807593
229.005611116 124.585647532 0.128895845
228.274849675 124.990623927 0.145641229
227.496699841 125.409049245 0.183275684
226.711060771 125.839383536 0.212821308
225.911807683 126.284433972 0.234608098
225.083925112 126.735311046 0.255836566
224.253937168 127.187641552 0.245925070
223.405933214 127.639123079 0.244465001
222.532165559 128.126742928 0.233137733
221.637372572 128.609995888 0.250209123
220.726573639 129.090846591 0.251280384
219.823614709 129.560787780 0.268017123
218.920138119 130.041663073 0.274180258
218.018519080 130.517378070 0.293571162
217.131710849 130.975927684 0.285780290
216.236104377 131.448551072 0.287254162
215.377080553 131.886034214 0.282970360
214.509118464 132.334886964 0.293205614
213.641273591 132.785417147 0.306477845
212.744427170 133.232402924 0.318401774
211.857786057 133.679197903 0.326818700
210.992539165 134.109826941 0.334212618
210.109967525 134.522031220 0.323268346
209.255461675 134.943918442 0.325740840
208.382509595 135.368824150 0.325408698
207.529756053 135.792221568 0.344886148
206.647700182 136.210320089 0.346763421
205.772935524 136.639502977 0.370301473
204.907792926 137.054086426 0.383584131
204.011106376 137.476490629 0.375620664
203.114394168 137.917306411 0.363268327
202.228339640 138.333531542 0.358290284
201.342980043 138.746897860 0.344148905
200.504571582 139.141609409 0.337054885
199.629918776 139.561339623 0.334744241
198.782880752 139.966763804 0.342775652
197.907475405 140.369315607 0.332993142
197.034190220 140.773735205 0.330255894
196.195643944 141.172034258 0.328281701
195.342104490 141.574469403 0.328063092
194.495180791 141.979449463 0.320435048
193.684968412 142.347470402 0.310513907
192.934220954 142.702369994 0.313525053
192.140834550 143.069986443 0.313074991
191.358626502 143.431027668 0.315451567
190.614086112 143.799258748 0.318498020
189.892949899 144.133283545 0.326775056
189.174890108 144.470147346 0.324795181
188.513260592 144.797063003 0.329132118
187.881739951 145.103341247 0.325041677
187.273062063 145.407119573 0.325728566
186.663392008 145.699723581 0.328597553
186.124085854 145.958991879 0.327161658
185.603653205 146.211845928 0.326722577
185.092232463 146.474881161 0.314337781
184.620240437 146.722945958 0.302466749
184.141156257 146.986347186 0.300614847
183.704104876 147.229513154 0.302093618
183.275212979 147.467234545 0.294139473
182.848958379 147.714200032 0.289605416
182.420481980 147.952488937 0.281680984
182.023774534 148.198480934 0.276460541
181.623703702 148.475526866 0.270604022
181.204048509 148.748886816 0.266683496
180.811747802 149.037281862 0.256298150
180.433133112 149.339294407 0.255516464
180.077428713 149.640200101 0.240450540
179.729349651 149.962615766 0.231049545
179.403579146 150.307165544 0.216907486
179.077194274 150.637301091 0.208451589
178.770504965 150.990929608 0.202345001
178.470195849 151.334960721 0.178946214
178.195528707 151.740026129 0.173640435
177.925282636 152.144754361 0.165130137
177.678052084 152.579490387 0.174385481
177.428883801 153.015267949 0.169079572
177.200580490 153.438694433 0.164082803
177.017083801 153.888229266 0.165103394
176.851139836 154.357539509 0.155317606
176.705246402 154.809701113 0.145099256
176.588935543 155.299661154 0.118624608
176.496328238 155.787349375 0.100649401
176.444082015 156.283757630 0.088763930
176.401416282 156.811254554 0.087726588
176.387050578 157.318820896 0.090317944
176.376007815 157.813320778 0.099721685
176.375019489 158.292323874 0.086921007
176.426322335 158.804806329 0.079056128
176.503873788 159.321220283 0.081887446
176.599196798 159.840536614 0.087944966
176.699734215 160.347470437 0.084612989
176.822574223 160.853455487 0.069955739
176.964090513 161.342357550 0.071606605
177.121922945 161.833435688 0.059389235
177.290985843 162.316021626 0.053201292
177.463817011 162.793395230 0.049936566
177.677954520 163.292519992 0.048097440
177.900622906 163.795074926 0.052613549
178.111349098 164.282170919 0.056982090
178.327586122 164.759831758 0.061564073
178.547371045 165.242913172 0.049742058
178.782458722 165.719861039 0.031355902
179.022564632 166.198768129 0.021411807
179.247920486 166.675877768 0.016105067
179.453558756 167.135608789 0.006698824
179.673665458 167.593801488 -0.008084788
179.882331623 168.054218844 -0.022817027
180.067774093 168.542343916 -0.028416102
180.244603794 169.017032057 -0.028995329
180.416543952 169.504411513 -0.029791744
180.562720128 169.971392535 -0.030000293
180.697208768 170.468816365 -0.028274179
180.809467312 170.937434885 -0.027861611
180.886668224 171.400876706 -0.032330903
180.924138418 171.862858882 -0.032842157
180.958245199 172.320658725 -0.040178233
180.949596702 172.762413734 -0.046297960
180.911926608 173.191067149 -0.053591909
180.878872979 173.659726276 -0.062545418
180.811785319 174.085691950 -0.067925009
180.713154156 174.511757712 -0.063789816
180.571383976 174.919618729 -0.072688150
180.400170790 175.326011191 -0.071914201
180.217069278 175.729189792 -0.100832010
180.021761624 176.122173915 -0.121989677
179.823046056 176.509281875 -0.151767649
179.576661624 176.866149188 -0.156981143
179.281661726 177.202985969 -0.167055190
178.945958691 177.543102371 -0.175378547
178.583659357 177.840540992 -0.197680860
178.225832425 178.124902373 -0.211356028
177.836303771 178.401708248 -0.236069504
177.434820010 178.675632591 -0.251165937
176.986620541 178.954906562 -0.275803468
176.545415663 179.197868923 -0.294964937
176.076218530 179.430639126 -0.325147178
175.594705030 179.671688583 -0.345099232
175.085936480 179.926701814 -0.370228472
174.547662117 180.174538321 -0.388457368
174.017280016 180.418724840 -0.396051175
173.446202882 180.665059861 -0.412160495
172.838668236 180.935418922 -0.430787500
172.211892417 181.230064868 -0.445079580
171.582649709 181.539606568 -0.461335724
170.942112087 181.851257059 -0.475069009
170.281779568 182.166851928 -0.488680223
169.605514793 182.489809690 -0.507781097
168.914117410 182.816979422 -0.522595308
168.207533577 183.164926823 -0.541579428
167.484562169 183.508716006 -0.557356918
166.722848285 183.874081608 -0.576246946
165.952255645 184.257026220 -0.590554544
165.183528202 184.622773870 -0.600013013
164.390134994 185.006948496 -0.612691914
163.588229290 185.394175039 -0.625639616
162.756729976 185.784608558 -0.633209697
161.915961174 186.183173447 -0.636451615
161.059947672 186.582085586 -0.651473126
160.198074032 186.993954006 -0.671911363
159.309627406 187.397158442 -0.678624184
158.400835855 187.821881113 -0.686899465
157.496100446 188.267351761 -0.698727394
156.573622858 188.699525200 -0.703090920
155.624816136 189.136177046 -0.724144517
154.677083600 189.583777710 -0.746319711
153.707599835 190.038380276 -0.768597417
152.721646143 190.492174015 -0.772669658
151.743243607 190.957800352 -0.787494030
150.780957938 191.399563588 -0.796416082
149.804805039 191.850059712 -0.808022425
148.827676813 192.320501967 -0.815445839
147.862619409 192.792588765 -0.821820762
146.923892292 193.265136544 -0.826825406
145.925912201 193.775925500 -0.828889255
144.968927846 194.270968335 -0.828155520
144.004394937 194.765577559 -0.841323202
143.045630633 195.246590650 -0.857708667
142.043525507 195.756281788 -0.867988463
141.044424929 196.251408749 -0.897520639
140.095856760 196.741941658 -0.909270670
139.160133283 197.216989354 -0.932937166
138.245397438 197.693407284 -0.945266297
137.356523126 198.167911282 -0.947104541
136.449006358 198.649148892 -0.945611776
135.556547316 199.117021137 -0.931903045
134.649123264 199.606828119 -0.928485548
133.785792974 200.071667580 -0.932835583
132.922175492 200.552412838 -0.942253360
132.084939904 201.007899430 -0.953392731
131.240187853 201.482423286 -0.954291557
130.430087611 201.945101762 -0.953297070
129.630944286 202.424360843 -0.963399479
128.843057906 202.890401544 -0.969658485
128.093189748 203.337668224 -0.970119367
127.377057660 203.771394228 -0.971750377
126.665676770 204.217393025 -0.969237758
125.983808761 204.650145733 -0.971600786
125.317750210 205.065511074 -0.965290374
124.678164781 205.458507226 -0.965258308
124.063070190 205.846050958 -0.967656962
123.475825510 206.215621411 -0.965893774
122.912964521 206.577838087 -0.976985407
122.366498804 206.932473052 -0.978009484
121.841474546 207.269000534 -0.973356599
121.360023033 207.591048095 -0.971243608
120.903886149 207.900583778 -0.975845947
120.512322752 208.171863102 -0.975584594
120.101333397 208.458693412 -0.974634246
119.731040678 208.734167200 -0.971881214
119.378163607 208.987162918 -0.972116879
119.086402862 209.222168965 -0.966140644
118.793003530 209.459291541 -0.975232714
118.512401688 209.686908099 -0.966142317
118.284152738 209.892794189 -0.961030520
118.053289528 210.101575307 -0.956162061
117.864976588 210.287492122 -0.959162316
117.667458444 210.478635900 -0.959394227
117.465236491 210.666254698 -0.957785001
117.285120430 210.837450453 -0.958192013
117.093951229 211.018042919 -0.956300861
116.946305815 211.167211558 -0.954336940
116.788283789 211.349420711 -0.949957399
116.630383980 211.541744448 -0.944963324
116.465536604 211.736548055 -0.928330194
116.294617145 211.932866466 -0.917110458
116.131157657 212.100677085 -0.912894763
115.982122623 212.283819498 -0.916848783
115.801854787 212.511827657 -0.915361555
115.625294220 212.747585918 -0.913325418
115.459612418 213.004889406 -0.899543384
115.278866767 213.268726077 -0.882298723
115.086437284 213.588915949 -0.870165364
114.901442377 213.876082712 -0.861124989
114.713621866 214.187512255 -0.857966786
114.539788188 214.551712884 -0.856053968
114.392250107 214.924167066 -0.847926323
114.241834313 215.328611511 -0.838709834
114.108536205 215.749196540 -0.836080995
113.977601488 216.189915685 -0.840613092
113.894861357 216.638827593 -0.847043618
113.831293450 217.120547959 -0.851890731
113.791059889 217.617544518 -0.859421745
113.803878002 218.177769467 -0.852692677
113.858924898 218.754633930 -0.841940620
113.938900456 219.318661514 -0.840861672
114.025763488 219.893275769 -0.839232709
114.146637599 220.496185204 -0.852665062
114.310348495 221.112919746 -0.860192325
114.511834868 221.737825583 -0.857794498
114.747062850 222.356296504 -0.863505152
115.031218137 222.995672545 -0.866079602
115.337335336 223.641434438 -0.864290080
115.684580910 224.306981834 -0.864334597
116.031912179 224.972383417 -0.868652172
116.409975603 225.676808738 -0.875630587
116.789432302 226.374427204 -0.881411257
117.186096445 227.112584170 -0.894072836
117.567525495 227.831455561 -0.899298113
117.976688066 228.588081653 -0.902629046
118.398849498 229.351874195 -0.902377003
118.821085811 230.119840477 -0.903269250
119.258184401 230.908158418 -0.912898069
119.686302220 231.696903224 -0.918215264
120.131425607 232.512099754 -0.927037970
120.575486025 233.360371427 -0.933451572
121.031319992 234.236757620 -0.931006584
121.491444770 235.123194086 -0.920245199
121.971672400 236.049471133 -0.911444407
122.464966424 236.981572329 -0.916156035
122.957825255 237.924366901 -0.926994793
123.469705152 238.916383933 -0.936810688
123.966788615 239.897077234 -0.933395282
124.480392249 240.920218182 -0.912417894
124.997377388 241.957516674 -0.888982429
125.517800673 242.999510257 -0.860204018
126.040873071 244.033903407 -0.855218111
126.588483744 245.079066695 -0.859230649
127.120884137 246.137711153 -0.870064051
127.685283937 247.211616907 -0.867250775
128.248764337 248.309388217 -0.850841198
128.812059547 249.406892026 -0.824064392
129.362047962 250.535011135 -0.794725036
129.908196071 251.642918268 -0.774732438
130.451584382 252.736416053 -0.757490786
130.978880238 253.816922935 -0.737667299
131.490556632 254.895320545 -0.706758741
131.996886961 255.959375789 -0.672590200
132.527322676 257.076845362 -0.633676555
133.045386802 258.166621618 -0.607860409
133.567204807 259.271269698 -0.586759461
134.117401990 260.399908611 -0.567962549
134.639705307 261.481428459 -0.547109992
135.156482549 262.553868881 -0.517596806
135.670988786 263.627324928 -0.479610566
136.206526001 264.762620664 -0.447306543
136.737416576 265.892963366 -0.412821144
137.296630630 267.036924650 -0.369839193
137.816794791 268.144897092 -0.338634320
138.333532099 269.211622361 -0.294988786
138.841456965 270.294602974 -0.256056717
139.347559819 271.366118364 -0.231077740
139.869391192 272.466957390 -0.202255214
140.383534179 273.559275056 -0.169871780
140.904695002 274.667207194 -0.135151759
141.415128549 275.752149918 -0.094417943
141.924231641 276.850219203 -0.040642203
142.445117117 277.942954677 0.001383592
142.931411551 279.062671988 0.009841431
143.450648434 280.189156757 0.036639272
143.996329725 281.344311629 0.055779038
144.516900216 282.476304023 0.080670543
145.028287503 283.607956130 0.098381882
145.548867794 284.747467614 0.127006250
146.056112518 285.864535365 0.151967000
146.525625992 286.967623898 0.197705349
147.051146714 288.119592074 0.233598389
147.583550768 289.247493746 0.263321645
148.117637335 290.394970966 0.293210302
148.637037944 291.510648263 0.314637799
149.160766091 292.628292007 0.353762879
149.603059286 293.695162372 0.382314049
150.125809359 294.813309113 0.406684338
150.650747507 295.924030204 0.437322478
151.166195415 297.027181378 0.463814680
151.675517782 298.118334186 0.497529101
152.196237477 299.183157156 0.507891290
152.699307678 300.270679246 0.505888174
153.287486874 301.398504037 0.507994714
153.764952488 302.462186463 0.514058216
154.268454580 303.520843110 0.504711721
154.790261689 304.586702081 0.492686003
155.274378540 305.614665400 0.461940904
155.779382856 306.571965572 0.397401201
156.233666933 307.547976789 0.378747861
156.678704585 308.507785892 0.370417368
157.112150336 309.442311048 0.349870134
157.561677473 310.390328310 0.325452601
157.998099647 311.324191215 0.299081090
158.447077089 312.271984715 0.262165259
158.901110141 313.209537548 0.221287042
159.298617266 314.112391299 0.185713411
159.732781049 314.992961010 0.152641462
160.157281765 315.846183841 0.115317350
160.616774155 316.705818856 0.061272238
161.075535060 317.554974599 -0.008240403
161.503503499 318.365309977 -0.075413574
161.943634516 319.173489272 -0.149296871
162.369034007 319.912573221 -0.226483495
162.789225036 320.636843833 -0.302510503
163.190552277 321.334846762 -0.397354756
163.576559961 322.013946996 -0.496373094
163.941693204 322.679364909 -0.582152410
164.349094059 323.345356511 -0.688906668
164.731716677 323.972234718 -0.786054178
165.094688176 324.552388586 -0.890408859
165.447347234 325.089475429 -0.995142887
165.783910900 325.630398064 -1.114232444
166.074089573 326.123219178 -1.217304248
166.361542328 326.600469364 -1.317946764
166.662393726 327.089084547 -1.432181069
166.931743365 327.531611047 -1.530683475
167.193037916 327.974217550 -1.634112788
167.445609368 328.390860100 -1.749855579
167.686507549 328.799390153 -1.871854445
167.915305137 329.259516415 -2.008949642
168.114589552 329.680638217 -2.147086321
168.282003248 330.134465827 -2.278260064
168.407123155 330.562658922 -2.400580073
168.508538444 330.954377636 -2.509916894
168.560302591 331.364611883 -2.625878651
168.623378331 331.790327874 -2.774660024
168.634976086 332.230822941 -2.914010101
168.634051699 332.638050003 -3.044063563
168.569680959 333.060357645 -3.159987396
168.475413032 333.467390184 -3.280921125
168.333764953 333.853818790 -3.380175020
168.188067682 334.250022354 -3.522639872
168.006976982 334.651878218 -3.603680289
167.787614164 335.030227428 -3.678961716
167.532654372 335.385346515 -3.723727859
167.238939860 335.711458063 -3.754915276
166.910862422 336.045953278 -3.787651847
166.584845693 336.372467742 -3.778935244
166.221305693 336.701434501 -3.742635476
165.829348021 337.027628983 -3.693080984
165.425140439 337.329536539 -3.639267913
165.006161863 337.610529969 -3.569272596
164.571266607 337.892835402 -3.497495266
164.130683471 338.173270336 -3.429045348
163.662509561 338.455230804 -3.349339160
163.195025614 338.760413864 -3.264893485
162.683025717 339.063033180 -3.180086568
162.147089446 339.364586787 -3.102707913
161.574747894 339.697823001 -3.032557719
161.023423684 340.049055664 -2.944956209
160.456669717 340.421068691 -2.849874808
159.881240790 340.792462718 -2.752806447
159.321558425 341.156823670 -2.668945331
158.741918967 341.532739360 -2.588847384
158.125974987 341.934496991 -2.511421250
157.463980092 342.354570936 -2.441843468
156.799781963 342.784150220 -2.375134474
156.100504382 343.234251590 -2.337961872
155.426327606 343.674968333 -2.304222780
154.720232440 344.119603533 -2.272283330
153.967290691 344.602600121 -2.266055139
153.217701211 345.093942781 -2.254943695
152.440826418 345.604291875 -2.262422218
151.701944530 346.082061251 -2.262341530
150.967110264 346.553032182 -2.275296466
150.239329817 347.021913165 -2.281589665
149.455268298 347.516629361 -2.289924747
148.664710218 348.000484100 -2.309988172
147.864218827 348.500446304 -2.323685286
147.078254062 349.004887718 -2.341022411
146.272143802 349.506719384 -2.354770562
145.459780831 350.017498235 -2.364177200
144.629830374 350.530334836 -2.382848104
143.772041479 351.051997934 -2.401903209
142.905145867 351.570572380 -2.426999266
142.033228276 352.084753002 -2.452428028
141.122925069 352.610453316 -2.474932540
140.200069365 353.139052888 -2.505071540
139.254130918 353.673551135 -2.523916128
138.340788564 354.195518597 -2.547573566
137.436366967 354.703610342 -2.555464605
136.531603050 355.198944769 -2.565264321
135.613701419 355.698195498 -2.574611721
134.667682921 356.219136144 -2.578050523
133.737304703 356.723527128 -2.570314813
132.819389906 357.225039582 -2.570404255
131.897835805 357.720522880 -2.567690896
130.911549453 358.243938498 -2.563563301
129.976588411 358.743374275 -2.563907625
129.026350515 359.242350755 -2.548897425
128.073531765 359.742384273 -2.523746061
127.148797317 360.225909332 -2.522471261
126.240314894 360.693995993 -2.519152618
125.313670419 361.177252383 -2.529865338
124.417359762 361.647050275 -2.530845790
123.497988383 362.125793826 -2.526006960
122.587200671 362.602143372 -2.532725453
121.674035407 363.075831047 -2.551788896
120.812428466 363.602202262 -2.554183361
119.904499126 364.054194556 -2.583651782
119.072881464 364.461399779 -2.617998320
118.238145157 364.863940372 -2.643974571
117.395445238 365.259903284 -2.651201855
116.574436564 365.649931077 -2.682884550
115.792661705 366.003283742 -2.747087448
115.002860656 366.367535654 -2.826724546
114.228644837 366.726630514 -2.880189779
113.463538193 367.078764856 -2.907482985
112.667052070 367.443273188 -2.924615141
111.907905431 367.796056513 -2.945122071
111.133926909 368.140834965 -2.970564738
110.388895378 368.486880668 -2.987015523
109.621146520 368.850757092 -2.997033306
108.853348349 369.214442224 -2.986130698
108.084862357 369.585410704 -2.977803096
107.371995264 369.938499789 -2.953016572
106.634628984 370.321648583 -2.921159942
105.865075569 370.721376402 -2.871507909
105.113615652 371.128252412 -2.834047100
104.346456386 371.547788719 -2.782126478
103.562488677 371.957102556 -2.734015279
102.759634199 372.391977592 -2.675967620
101.954183195 372.824221123 -2.622902532
101.129972878 373.276030486 -2.570022483
100.308408192 373.719320701 -2.521536046
99.456334410 374.197581213 -2.453420764
98.601029338 374.648125808 -2.399504238
97.714362659 375.096699585 -2.335763851
96.794904351 375.543233713 -2.229269678
95.848461097 376.003621465 -2.116757343
94.883071319 376.444562349 -2.032304306
93.873857028 376.922043266 -1.940469764
92.873308691 377.393500680 -1.807722080
91.857081089 377.856037318 -1.686719659
90.857855259 378.350259023 -1.606074177
89.829994215 378.863745145 -1.562203585
88.813372955 379.385068182 -1.527776870
87.776903186 379.902404763 -1.529870988
86.706347519 380.425621459 -1.504458460
85.624030237 380.967163549 -1.535344452
84.531695550 381.508671951 -1.557312280
83.464613407 382.019378906 -1.552661454
82.419815699 382.526822021 -1.564918717
81.350367066 383.024542886 -1.548929267
80.259057011 383.501585835 -1.538213889
79.203294536 383.947246199 -1.541541018
78.128811017 384.431325861 -1.543600992
77.048260999 384.901571646 -1.514432097
75.955641832 385.387872067 -1.469993943
74.867624271 385.889247550 -1.433378578
73.806605055 386.353282350 -1.403228728
72.738318947 386.848425713 -1.394361360
71.682893743 387.327816242 -1.381845078
70.615658191 387.835483516 -1.362829052
69.569239275 388.352885158 -1.329651145
68.513414160 388.867464192 -1.302499014
67.455352108 389.401588428 -1.279665304
66.425237101 389.921331542 -1.251899011
65.357907205 390.448906269 -1.226080256
64.304152527 390.972189016 -1.200612852
63.258808968 391.494157457 -1.165076945
62.218450893 392.019064991 -1.111431274
61.164424698 392.551412516 -1.065429347
60.097641051 393.084570166 -1.012355299
59.045128337 393.617778227 -0.984480666
57.982048505 394.140574229 -0.950082460
56.934280580 394.669823359 -0.919550743
55.925729416 395.172116731 -0.891434524
54.915492374 395.701034535 -0.864788768
53.897163026 396.240012382 -0.837137083
52.888924071 396.763402615 -0.806687187
51.891692988 397.283682122 -0.800468685
50.861383737 397.830085534 -0.785327271
49.843145923 398.370053828 -0.768172228
48.865475388 398.892958785 -0.763589182
47.888677555 399.429339355 -0.768957183
46.912835567 399.956720820 -0.767007964
45.973867099 400.468973314 -0.757391594
45.029773064 400.969700239 -0.761030502
44.084181933 401.471181741 -0.757573252
43.145767688 401.963535281 -0.762512385
42.210735554 402.474171177 -0.772163522
41.274303066 402.979448661 -0.780676469
40.333188144 403.482843770 -0.808770758
39.380025817 404.014480184 -0.830181988
38.465353368 404.517988435 -0.855919635
37.538079542 405.027604677 -0.878025557
36.597987935 405.561848741 -0.908913447
35.637334475 406.091332654 -0.945905576
34.663022302 406.623594992 -0.969965480
33.722378547 407.151790479 -1.006250268
32.758566398 407.673183898 -1.029286019
31.815257725 408.183587825 -1.064737259
30.867865803 408.701705560 -1.102423727
29.880551432 409.196117732 -1.137021406
28.915840386 409.703885821 -1.175956293
27.928123647 410.230990502 -1.225692518
26.937746154 410.762320467 -1.242629702
25.938245475 411.297725588 -1.268114897
24.996240976 411.840856327 -1.315298756
24.029895215 412.370862240 -1.339244515
23.084312703 412.893803602 -1.376887938
22.092594969 413.443754378 -1.398239775
21.102443734 413.995388792 -1.419436318
20.153096037 414.535703743 -1.451151452
19.184451866 415.079649434 -1.479857383
18.204715187 415.637094463 -1.519485048
17.234253368 416.178387896 -1.546854092
16.269475767 416.726752511 -1.578920737
15.300564940 417.269525018 -1.602340361
14.338180886 417.828698332 -1.646517620
13.368787558 418.388026345 -1.674711488
12.393417506 418.939391325 -1.706450724
11.419247098 419.505182187 -1.737887678
10.458910776 420.065266885 -1.765346829
9.502519415 420.631458087 -1.788112770
8.510290731 421.229010295 -1.823933382
7.519995327 421.834446353 -1.857220667
6.534685161 422.440702295 -1.876679571
5.556766286 423.041706527 -1.888016177
4.595582917 423.644501196 -1.913917082
3.627273369 424.254655084 -1.940631665
2.679478544 424.848199997 -1.964946039
1.772303586 425.429134397 -1.994415601
0.867880837 425.991234001 -2.009411271
-0.032786227 426.556329594 -2.026951283
-0.923898418 427.117788358 -2.032153459
-1.791660962 427.660184732 -2.029289278
-2.644372745 428.203807361 -2.021723172
-3.487434499 428.731989639 -2.007188889
-4.334260585 429.280292885 -1.989583822
-5.188698984 429.838026414 -1.968516953
-6.005427721 430.385123106 -1.951887487
-6.807414891 430.924071387 -1.924548586
-7.581161607 431.446143927 -1.902047343
-8.352693044 431.948330285 -1.881487092
-9.104206912 432.438777868 -1.858367345
-9.829368602 432.915921419 -1.832775139
-10.503181075 433.383935170 -1.803754018
-11.159070603 433.854308963 -1.771976519
-11.819418863 434.314268499 -1.735750588
-12.435308054 434.744175721 -1.697871337
-13.027319310 435.163129628 -1.641765287
-13.595724735 435.583235602 -1.594927703
-14.152415842 435.977537018 -1.538202746
-14.693632201 436.351515356 -1.442139862
-15.234747265 436.718968266 -1.346062993
-15.740657701 437.076585024 -1.239450372
-16.230854304 437.432888927 -1.128430748
-16.717185630 437.791771050 -1.030787570
-17.166942123 438.132786847 -0.921372332
-17.608090460 438.474126951 -0.818957168
-18.039980260 438.808296372 -0.720578616
-18.447543695 439.126784607 -0.623044108
-18.838902628 439.431236616 -0.531652501
-19.214342622 439.715731657 -0.449301704
-19.571207899 439.998010877 -0.383535119
-19.921191255 440.274066275 -0.324290104
-20.259558825 440.551352904 -0.262065283
-20.590679390 440.819505820 -0.199535509
-20.911991321 441.071432865 -0.143887816
-21.226079597 441.325342315 -0.100663539
-21.556624824 441.579955410 -0.061438084
-21.887814982 441.841440189 -0.020468067
-22.197618183 442.080427211 -0.001786724
-22.517544916 442.321245038 0.017081397
-22.829305646 442.558925659 0.023563209
-23.138078945 442.789681659 0.027638650
-23.443803247 443.005227655 0.021632000
-23.778500241 443.237783015 0.013574105
-24.105090451 443.469991935 0.005276865
-24.444430096 443.703990103 -0.015647378
-24.796453554 443.944178577 -0.021922552
-25.155274919 444.183983254 -0.033157028
-25.503345706 444.415055501 -0.046945429
-25.845796452 444.637054854 -0.060408942
-26.208710137 444.878117509 -0.068766836
-26.539993936 445.107787468 -0.067351667
-26.905397299 445.352880323 -0.071531397
-27.261051382 445.603305072 -0.053883723
-27.603929035 445.841010732 -0.043627168
-27.937378082 446.062536390 -0.026004441
-28.299934050 446.309495645 0.003413452
-28.646018031 446.554082393 0.025443150
-28.996898731 446.810891247 0.060579441
-29.335180305 447.066446283 0.114015053
-29.649904556 447.310594788 0.168623358
-29.959208153 447.556087935 0.226219466
-30.241519634 447.787119440 0.283771083
-30.519192549 448.013332448 0.341893437
-30.777590270 448.226410196 0.387977346
-31.004957738 448.438415735 0.461405414
-31.236561316 448.648099871 0.541238912
-31.453111985 448.838072284 0.628319321
-31.705322639 449.038690622 0.702522665
-31.943570688 449.227882972 0.773165137
-32.166155428 449.403099554 0.841712974
-32.384544789 449.577663633 0.903348312
-32.633332378 449.765171731 0.964610528
-32.878454868 449.937086332 1.015223811
-33.137509171 450.116428632 1.075593112
-33.405845387 450.287739549 1.131590892
-33.679197586 450.450315664 1.175115587
-33.970576305 450.611810240 1.210431524
-34.266505771 450.785960766 1.244475538
-34.571391450 450.937626607 1.279748440
-34.875877680 451.081703917 1.313522054
-35.210404956 451.185103085 1.332778605
-35.541495415 451.288685318 1.331092047
-35.900107455 451.379934511 1.320766132
-36.296085212 451.464607336 1.304111463
-36.699590084 451.515563627 1.272883910
-37.109422359 451.549720603 1.244489779
-37.545078900 451.550436084 1.208554903
-37.989730608 451.538401998 1.180314311
-38.433056420 451.500946915 1.125792855
-38.905431944 451.428449758 1.067662290
-39.393909043 451.315386128 0.994900009
-39.871826683 451.182137115 0.932278852
-40.360549662 450.998672794 0.845887294
-40.865062845 450.784894529 0.751741645
-41.376005431 450.506798457 0.636159740
-41.889404195 450.175947162 0.509135002
-42.428592644 449.802620753 0.380290930
-42.940469853 449.415346238 0.252342484
-43.465952463 448.964505629 0.107642617
-43.981036424 448.510068878 -0.034171635
-44.515575167 448.043506139 -0.161351967
-45.031950853 447.535399505 -0.302121096
-45.555702071 446.985425005 -0.436509588
-46.083840554 446.392874785 -0.559319116
-46.621537573 445.757772055 -0.678751785
-47.148976803 445.100665565 -0.807891282
-47.653041439 444.399987543 -0.931208962
-48.175060772 443.675384835 -1.053906003
-48.684869676 442.930455886 -1.184837958
-49.198164463 442.187275458 -1.308575275
-49.752458633 441.403546038 -1.415231416
-50.298302063 440.599181124 -1.504116862
-50.866009809 439.771111006 -1.594690133
-51.432153580 438.933785830 -1.677324423
-52.020043641 438.087126441 -1.749416096
-52.617000533 437.211416743 -1.822349226
-53.229391268 436.303300521 -1.887774804
-53.853035087 435.365487395 -1.959367428
-54.463437784 434.454067449 -2.015243171
-55.080674884 433.538053701 -2.066764752
-55.729819736 432.604874469 -2.113196874
-56.366017705 431.655785153 -2.164236259
-57.011124354 430.692741731 -2.206544787
-57.678000133 429.704350158 -2.229666743
-58.373641866 428.705270704 -2.250750688
-59.037649096 427.714059267 -2.265751722
-59.720491762 426.725446122 -2.283350279
-60.412419251 425.738906616 -2.304829506
-61.060987622 424.794586944 -2.318668757
-61.707337606 423.815862902 -2.326002241
-62.351566862 422.838210426 -2.302376826
-63.015858580 421.847722031 -2.267976289
-63.674732510 420.834088316 -2.244496034
-64.321235649 419.823874906 -2.220122328
-64.988053743 418.811029402 -2.210658737
-65.644465541 417.805073550 -2.193922597
-66.288529177 416.805542111 -2.185650446
-66.918217482 415.814055539 -2.157876375
-67.546083295 414.811206820 -2.139961268
-68.172422172 413.804743956 -2.109170898
-68.788957916 412.824096540 -2.077100380
-69.404900066 411.819697499 -2.042018682
-70.001524211 410.853276099 -2.011452318
-70.609848524 409.857271581 -1.971685963
-71.199982444 408.871046430 -1.936944800
-71.792659956 407.876679115 -1.901854659
-72.391286549 406.876659128 -1.869272188
-72.961563344 405.861205775 -1.839098673
-73.561286080 404.854241081 -1.816206345
-74.136180297 403.842389859 -1.778535830
-74.698170357 402.829039607 -1.751536452
-75.263620555 401.823446352 -1.718375834
-75.828091860 400.800252783 -1.685818993
-76.384934279 399.807678600 -1.655186920
-76.940144705 398.782694195 -1.624867883
-77.493682768 397.752144397 -1.599726511
-78.040150834 396.744772648 -1.564307522
-78.585190078 395.730558568 -1.521210081
-79.135324799 394.716109306 -1.484410813
-79.686102374 393.703434399 -1.448688555
-80.235801031 392.679305560 -1.408624822
-80.755081608 391.699492561 -1.370384558
-81.283732565 390.698585594 -1.328195465
-81.814492532 389.669344070 -1.302844575
-82.346262169 388.640921391 -1.266219377
-82.854586195 387.641223714 -1.240420927
-83.371062425 386.620455999 -1.208644021
-83.883986415 385.584541070 -1.179945870
-84.408606915 384.510487010 -1.147334835
-84.925327794 383.448046010 -1.121914018
-85.449137889 382.346321234 -1.095673296
-85.965043635 381.265432738 -1.076334541
-86.436189015 380.211944754 -1.056360479
-86.925048242 379.151770461 -1.039793115
-87.417930567 378.053668040 -1.013905529
-87.903683374 376.965828316 -0.992328713
-88.385653217 375.877581835 -0.974104820
-88.860251117 374.752440258 -0.951367831
-89.337482699 373.589527506 -0.936549206
-89.778497930 372.446060038 -0.920379110
-90.243100461 371.312348492 -0.907597150
-90.701017368 370.140660253 -0.890600500
-91.141052795 368.972640359 -0.880995398
-91.588349236 367.774928543 -0.871321633
-92.017218488 366.607189194 -0.871946760
-92.430772117 365.466263581 -0.866522188
-92.835369429 364.316599880 -0.858160467
-93.228616395 363.176032977 -0.847779942
-93.630028808 362.039381655 -0.839308225
-94.016021837 360.882010944 -0.823548447
-94.404816766 359.717731386 -0.808894703
-94.767235224 358.531672377 -0.808766723
-95.128091503 357.295195857 -0.806629218
-95.490156686 356.045376599 -0.817074464
-95.871811893 354.830111606 -0.810034400
-96.230293994 353.595635197 -0.808002419
-96.563941004 352.383917083 -0.802299047
-96.888705600 351.161718030 -0.800704487
-97.217416272 349.881642729 -0.809588323
-97.521812382 348.628796853 -0.811148709
-97.825572366 347.450820215 -0.818887355
-98.113715359 346.264943614 -0.809507551
-98.399619458 345.061950092 -0.817713681
-98.680921486 343.862843725 -0.809622502
-98.950543157 342.654504048 -0.806004958
-99.228599315 341.423789025 -0.799884097
-99.511848765 340.188727588 -0.788809517
-99.783279634 338.950370123 -0.785866958
-100.036025172 337.742876650 -0.789871901
-100.290415548 336.565203642 -0.783124818
-100.551860136 335.343028388 -0.773028500
-100.779279457 334.148170072 -0.765404409
-101.017550599 332.917472568 -0.762479970
-101.262430893 331.673536800 -0.758098176
-101.511163248 330.493251582 -0.757467013
-101.726779188 329.292921472 -0.753677223
-101.964151551 328.056448234 -0.760024948
-102.188704945 326.821745790 -0.764149099
-102.399699193 325.643970947 -0.768728728
-102.617524675 324.414708865 -0.775597444
-102.815680155 323.169428627 -0.768456740
-103.000446922 321.936794213 -0.756459869
-103.185049261 320.701019163 -0.744527042
-103.361949996 319.465856822 -0.741222090
-103.547479733 318.221251984 -0.743803988
-103.740798307 316.986586207 -0.747605965
-103.937888654 315.768099111 -0.751504247
-104.136516472 314.528096034 -0.753268166
-104.336157695 313.278346080 -0.760242769
-104.533895044 312.098045997 -0.763074020
-104.728965571 310.857370412 -0.766953257
-104.932849168 309.615883762 -0.759786917
-105.115207052 308.431681076 -0.755397768
-105.297485787 307.240597056 -0.753474929
-105.467196131 305.992312668 -0.745288239
-105.644934782 304.765314671 -0.750137903
-105.812717082 303.509602519 -0.746830811
-105.992651101 302.292989312 -0.741737343
-106.167947594 301.007962626 -0.752854222
-106.333872564 299.731303929 -0.762216995
-106.489781829 298.462205451 -0.763333826
-106.671536134 297.199732413 -0.751045951
-106.837452343 295.933928030 -0.745292122
-106.996281489 294.676645413 -0.737141714
-107.140296332 293.467940892 -0.731623846
-107.289926713 292.236945787 -0.726466192
-107.433348668 290.989309898 -0.720731835
-107.545788780 289.760189954 -0.716291799
-107.656013777 288.566305461 -0.698793078
-107.767001438 287.357010121 -0.700319002
-107.870896551 286.155232091 -0.692985689
-107.981994156 284.967518928 -0.676980002
-108.079178382 283.773395829 -0.662837098
-108.160337822 282.558689600 -0.655907919
-108.238729205 281.396429486 -0.648986500
-108.307540369 280.214900554 -0.643525767
-108.372442910 279.016428998 -0.637210652
-108.451083944 277.808129511 -0.635719231
-108.528859240 276.600720273 -0.643432576
-108.601998107 275.378603174 -0.643568652
-108.643275103 274.159626016 -0.650106556
-108.669747018 272.978045578 -0.646142982
-108.712626174 271.729000482 -0.648019957
-108.755799406 270.536415399 -0.652120218
-108.803961002 269.299507400 -0.655882089
-108.848106342 268.075200260 -0.664018961
-108.884795318 266.885437426 -0.653728370
-108.913452189 265.686707975 -0.656591276
-108.936400696 264.446531888 -0.659680458
-108.939828409 263.206305580 -0.650361696
-108.959455869 261.942431855 -0.629296821
-108.950284580 260.699297035 -0.613390807
-108.942038153 259.456708941 -0.601497555
-108.926910421 258.210910512 -0.581432939
-108.912381199 256.972573593 -0.574074143
-108.873526617 255.732417871 -0.564505900
-108.856069256 254.447777841 -0.554459327
-108.817760756 253.169307250 -0.546663979
-108.789313443 251.929469792 -0.534624096
-108.747318212 250.663467750 -0.523794450
-108.722386874 249.450595966 -0.508877736
-108.667028993 248.231549944 -0.504745241
-108.609491456 247.020822842 -0.487976700
-108.537293365 245.795014128 -0.479454476
-108.451477139 244.576953710 -0.468733422
-108.400221948 243.410408264 -0.460217089
-108.319645718 242.201835453 -0.437848454
-108.226970563 240.994542276 -0.414669565
-108.128900346 239.822581681 -0.404975427
-108.017270021 238.632538672 -0.385414966
-107.915042455 237.434446860 -0.363903792
-107.805045780 236.213914095 -0.344038906
-107.674581890 235.036980261 -0.335799025
-107.544605643 233.810109431 -0.318855748
-107.398286164 232.603303586 -0.300605982
-107.235699233 231.408945626 -0.284506787
-107.070244745 230.194536169 -0.268080506
-106.897502866 228.965465024 -0.257964379
-106.710213941 227.754581160 -0.239595368
-106.533258339 226.531744647 -0.233249669
-106.331939340 225.314774205 -0.222386591
-106.113370690 224.120543758 -0.213859649
-105.881513421 222.944668134 -0.209385132
-105.642164832 221.751005482 -0.207099086
-105.392208124 220.496145801 -0.210882250
-105.142279199 219.268575318 -0.201398407
-104.888290516 218.046899103 -0.186390146
-104.626453182 216.846455335 -0.177109773
-104.355081929 215.640818198 -0.178381193
-104.073529091 214.417127363 -0.177273880
-103.789094893 213.145588110 -0.171448710
-103.517612595 211.936513997 -0.177339900
-103.243005756 210.719193884 -0.178285851
-102.929102164 209.484062394 -0.185782361
-102.623512022 208.241303267 -0.185311066
-102.286851760 207.005314062 -0.183789877
-101.960191957 205.786826023 -0.194725022
-101.614727714 204.565715341 -0.203166915
-101.282811981 203.270365598 -0.204937242
-100.930326162 202.002600917 -0.201180162
-100.577852786 200.753142195 -0.204107234
-100.223820635 199.498923035 -0.201065507
-99.877234962 198.248490606 -0.201747895
-99.511279790 197.004834307 -0.210314501
-99.142400686 195.759437076 -0.223123477
-98.789838324 194.536499590 -0.228459275
-98.442726392 193.319285675 -0.224703182
-98.086517879 192.093253741 -0.218184359
-97.716741153 190.881615303 -0.216575012
-97.331198340 189.655154411 -0.209615044
-96.938011602 188.475859981 -0.216462828
-96.535660979 187.268478661 -0.218678816
-96.140298865 186.058839751 -0.217229775
-95.741496999 184.826930906 -0.217719407
-95.336622814 183.603915206 -0.219856513
-94.936891804 182.367931572 -0.218843235
-94.501461451 181.096560825 -0.224132324
-94.054901614 179.830285640 -0.224035354
-93.608212195 178.563017539 -0.239728759
-93.156440695 177.294627065 -0.244906322
-92.712608505 176.007741634 -0.253701507
-92.275739832 174.704118464 -0.257302712
-91.837689925 173.418173249 -0.250168635
-91.395607350 172.130447089 -0.253374997
-90.960269508 170.835693555 -0.261022029
-90.546243810 169.541858696 -0.278622270
-90.139170567 168.269670094 -0.299998118
-89.723175447 166.970863348 -0.302503933
-89.320335609 165.653446052 -0.299911892
-88.918055382 164.427955340 -0.291303318
-88.532661340 163.153618157 -0.278878895
-88.143448539 161.906463131 -0.281449320
-87.728018554 160.637430584 -0.285214072
-87.318277239 159.357331927 -0.290657167
-86.919457099 158.106730524 -0.291887476
-86.510101338 156.857643995 -0.294865163
-86.119476082 155.593873370 -0.300080592
-85.727931534 154.334997950 -0.294481345
-85.339955378 153.091717048 -0.280531488
-84.941169856 151.839109111 -0.272296092
-84.536495688 150.590464983 -0.264808269
-84.151064523 149.336269108 -0.248894662
-83.766696827 148.101693857 -0.234471722
-83.369114908 146.872055389 -0.218144171
-82.959918813 145.592462739 -0.201979326
-82.571692106 144.352360135 -0.197246652
-82.172363003 143.163303731 -0.185902586
-81.789286542 141.888544471 -0.179718247
-81.414022978 140.646813208 -0.168923138
-81.023685364 139.392119326 -0.163085704
-80.635621617 138.135585319 -0.168375958
-80.255499615 136.865506394 -0.161649586
-79.864189183 135.628376188 -0.159902639
-79.490210386 134.418923808 -0.154578825
-79.096383227 133.164575591 -0.146041166
-78.704760173 131.851035976 -0.149853862
-78.310585492 130.571222787 -0.145905627
-77.942621667 129.334800565 -0.142204259
-77.553337034 128.093320635 -0.133701876
-77.168827197 126.854201787 -0.113575129
-76.796155632 125.610673506 -0.098945380
-76.406916313 124.386134494 -0.083327394
-76.027367604 123.130458121 -0.072097658
-75.662230109 121.907430266 -0.068908829
-75.266908084 120.649464087 -0.067320529
-74.902639404 119.418302877 -0.064824036
-74.518391772 118.156240992 -0.068924437
-74.123709760 116.926370337 -0.075150289
-73.733348718 115.672468281 -0.077820429
-73.366714888 114.459849662 -0.079527925
-72.997795335 113.234206882 -0.073946298
-72.630584937 112.002791723 -0.062995611
-72.262271762 110.741724830 -0.059439122
-71.898693177 109.475487980 -0.068470587
-71.525535540 108.184457086 -0.070990499
-71.165839372 106.894267933 -0.077899802
-70.794677270 105.604300550 -0.074891041
-70.429198461 104.312713591 -0.068293750
-70.092752786 103.049318146 -0.064941082
-69.708788189 101.745113663 -0.051542065
-69.354398707 100.508102861 -0.056042624
-68.994842643 99.225085376 -0.055946267
-68.665690533 97.943969106 -0.057237255
-68.320320326 96.638007363 -0.070274405
-67.962692210 95.356906642 -0.077589101
-67.618018446 94.077529454 -0.084115289
-67.272727080 92.767452106 -0.082311852
-66.930940604 91.502411145 -0.084471306
-66.594993155 90.229838448 -0.093589936
-66.263260914 88.936016817 -0.104916419
-65.912279284 87.624816614 -0.096733089
-65.579226337 86.354396751 -0.098144809
-65.251615874 85.016168190 -0.090534044
-64.935156373 83.720012239 -0.090175250
-64.611064803 82.425746063 -0.093277720
-64.296698542 81.116317932 -0.084666891
-63.971705059 79.803705291 -0.075164100
-63.647811487 78.469899012 -0.071722138
-63.312663931 77.149435611 -0.066095157
-62.974088685 75.803929109 -0.061486273
-62.648066711 74.450208263 -0.067766976
-62.350886893 73.151681442 -0.077861823
-62.047371434 71.865881008 -0.082101835
-61.747618416 70.580658247 -0.083381107
-61.446288148 69.284649971 -0.077259537
-61.141640787 67.967067563 -0.072661960
-60.832879912 66.669415657 -0.054631685
-60.538074835 65.342901483 -0.050897403
-60.253572451 64.048235596 -0.047169982
-59.983270526 62.790607484 -0.042942451
-59.717687778 61.524698375 -0.046697502
-59.453204406 60.237761245 -0.043587861
-59.170741769 58.977099799 -0.049117281
-58.914309633 57.698838155 -0.048547335
-58.632514745 56.450588321 -0.065405423
-58.370879304 55.166533161 -0.085234043
-58.087728060 53.874833703 -0.092919948
-57.798668182 52.564332494 -0.094061721
-57.538642487 51.273570893 -0.111959452
-57.286959773 49.985075021 -0.122422766
-57.020068224 48.724523611 -0.140261695
-56.767669960 47.427492106 -0.150703124
-56.534091785 46.182074179 -0.157799565
-56.256414824 44.910016123 -0.175120059
-55.968299151 43.632958661 -0.178966717
-55.707629506 42.377288566 -0.192406338
-55.446929857 41.095831055 -0.198025839
-55.201897520 39.847413447 -0.210209622
-54.950602388 38.579375375 -0.207768544
-54.664661767 37.343252669 -0.196779192
-54.421342799 36.130263736 -0.201028485
-54.173896694 34.932404706 -0.205368014
-53.917966266 33.739957802 -0.205245841
-53.647552985 32.528065598 -0.213680091
-53.376725827 31.340384987 -0.221415202
-53.108911114 30.183809647 -0.235520726
-52.818711257 29.038030424 -0.247685863
-52.536029024 27.914762888 -0.264793776
-52.244103187 26.794707390 -0.272626789
-51.942114243 25.684159961 -0.275149133
-51.638161879 24.584459265 -0.283233678
-51.335500905 23.514880249 -0.294821341
-51.039687280 22.471152491 -0.299278200
-50.736753440 21.436253125 -0.310150698
-50.417669230 20.386843448 -0.304083317
-50.107808875 19.370479303 -0.305543900
-49.799547140 18.382420819 -0.304715890
-49.511113923 17.406758757 -0.300773951
-49.193493290 16.426883063 -0.296893678
-48.885714783 15.482741700 -0.298495837
-48.587230687 14.542809284 -0.294722622
-48.281736430 13.623012340 -0.306691079
-47.971633379 12.728953304 -0.301142148
-47.621525942 11.876219904 -0.292867051
-47.284549879 11.007873180 -0.291922718
-46.951101897 10.147640615 -0.290992798
-46.636090854 9.321981328 -0.295617901
-46.301735410 8.539345622 -0.300754333
-45.956009234 7.776816320 -0.309552051
-45.591369368 6.993515823 -0.314068208
-45.228528967 6.238623677 -0.315175010
-44.857443332 5.491467017 -0.317244872
-44.458506617 4.792019665 -0.326640656
-44.035942106 4.110258032 -0.343039329
-43.604197643 3.446496633 -0.347677524
-43.167746343 2.800024514 -0.351468299
-42.693744510 2.172752051 -0.361266427
-42.191248706 1.553813641 -0.366735768
-41.668937798 0.951127733 -0.373693501
-41.135717711 0.403295386 -0.376775890
-40.590695024 -0.115949232 -0.379523288
-40.033770197 -0.615020244 -0.372195329
-39.451630436 -1.064744506 -0.375197199
-38.862472714 -1.456863034 -0.360065224
-38.243415726 -1.846859113 -0.355527660
-37.617510702 -2.198716807 -0.349674973
-36.990054173 -2.513675384 -0.349149938
-36.357974026 -2.791648782 -0.342433125
-35.698752609 -3.056712578 -0.343607460
-35.023091547 -3.267719367 -0.330614256
-34.345710988 -3.451413895 -0.325718335
-33.650885124 -3.552858798 -0.315164623
-32.958136015 -3.624600122 -0.310916857
-32.248207033 -3.666484819 -0.302928101
-31.553106199 -3.717915854 -0.281828859
-30.856729002 -3.706886067 -0.275371275
-30.166564747 -3.679455482 -0.261118877
-29.476742332 -3.639598324 -0.246749071
-28.789359647 -3.564151559 -0.230690468
-28.084093442 -3.493542871 -0.214767872
-27.390430798 -3.411284792 -0.196784974
-26.694999474 -3.331469155 -0.174242152
-26.012647527 -3.240849019 -0.152147096
-25.335460568 -3.162333489 -0.130492569
-24.654784828 -3.068942309 -0.112925225
-23.980592074 -2.981813904 -0.092446158
-23.329978095 -2.885500937 -0.077159652
-22.671240435 -2.783493835 -0.062912592
-22.030640274 -2.706134049 -0.047310336
-21.385739370 -2.635241749 -0.027886606
-20.734491774 -2.562203811 -0.010148079
-20.098647704 -2.466476329 0.012664866
-19.487079684 -2.370676814 0.037104488
-18.887156651 -2.289943005 0.051372541
-18.325306303 -2.240212442 0.073870069
-17.768121235 -2.193828316 0.086175122
-17.219754794 -2.149556783 0.107658910
-16.665038236 -2.114132318 0.125037876
-16.171739736 -2.061361784 0.140632133
-15.692410452 -1.986849031 0.149766893
-15.235781467 -1.957887695 0.164625392
-14.781432443 -1.934077736 0.176191300
-14.350344408 -1.903048799 0.192664615
-13.977846755 -1.906320585 0.202077863
-13.617046941 -1.873584388 0.212333739
-13.262428591 -1.861180581 0.222487151
-12.941293737 -1.824915707 0.230979464
-12.614374813 -1.803903703 0.231798428
-12.261040456 -1.750780532 0.237746390
-11.952982783 -1.765801844 0.243358885
-11.660365491 -1.777812241 0.253868443
-11.370630179 -1.757266627 0.264407625
-11.073527532 -1.730843477 0.270927765
-10.791489141 -1.714212609 0.273537527
-10.509697722 -1.682867922 0.279488069
-10.252631606 -1.677832741 0.289225959
-9.994987273 -1.655854035 0.301308006
-9.730558553 -1.614975996 0.307933841
-9.465231631 -1.588539911 0.308687292
-9.191084528 -1.552786916 0.311023475
-8.884276018 -1.482377326 0.317063342
-8.584773574 -1.414093427 0.334772832
-8.285636392 -1.314944945 0.353023397
-7.979782393 -1.214398713 0.371687082
-7.653911809 -1.094154804 0.384865203
-7.292436185 -0.993510498 0.402127549
-6.960712728 -0.895705771 0.422987478
-6.615484241 -0.719652800 0.445034988
-6.252170752 -0.527822530 0.458732111
-5.899178388 -0.366125232 0.470526509
-5.514961809 -0.171016785 0.483218964
-5.156403486 -0.001388683 0.487952482
-4.775706581 0.205112415 0.496999958
-4.416657796 0.443156148 0.517572698
-4.017746712 0.710827242 0.535284803
-3.613857889 1.036645300 0.552897767
-3.209382779 1.347325790 0.562236297
-2.814887451 1.693192724 0.575386799
-2.417117838 2.060046727 0.598164138
-1.991175361 2.470242443 0.635596588
-1.583444839 2.893035414 0.650355288
-1.212174237 3.356447114 0.660673503
-0.851881863 3.820861472 0.666522668
-0.469881821 4.324517538 0.677628201
-0.190759148 4.930384965 0.734349577
0.163555415 5.486680787 0.752452101
0.527859952 6.096184018 0.769785089
0.857812284 6.736757080 0.787621388
1.213596781 7.383353721 0.801196853
1.549912171 8.067880683 0.816629360
1.902456441 8.784716983 0.831084635
2.249001252 9.510005245 0.842171733
2.596691500 10.256099023 0.848129679
2.930990422 10.980947695 0.860760988
3.278846016 11.724687925 0.875222044
3.641588350 12.546710144 0.904035577
4.016613935 13.351465640 0.915977468
4.393553963 14.176769775 0.926673569
4.785390244 14.979423994 0.938425122
5.196587810 15.803516397 0.953417994
5.616394509 16.636313196 0.968670028
6.029840669 17.538230512 0.982085879
6.448161396 18.433240927 0.989037434
6.903122166 19.369538201 0.998246328
7.360641655 20.265646727 1.004659874
7.824163692 21.188006622 1.024459067
8.313434381 22.145168737 1.038196654
8.819129541 23.122833492 1.055784431
9.307771082 24.046182906 1.071256961
9.782102595 24.970132117 1.080376874
10.263175182 25.919510155 1.069037445
10.774413834 26.866481616 1.074887465
11.305642208 27.838916349 1.079418168
11.851812038 28.816601794 1.079854789
12.390017990 29.782971276 1.079583178
12.919706099 30.701016249 1.070954318
13.443924095 31.650647935 1.054429313
13.986531916 32.612058272 1.040340761
14.527939050 33.577600518 1.033210087
15.056822377 34.560008689 1.018292248
15.609988378 35.535026473 1.002846284
16.174845800 36.520315386 0.986575674
16.759466318 37.562320616 0.960396370
17.346667044 38.578345335 0.919400311
17.932427279 39.591590732 0.889360987
18.499048008 40.572829786 0.865100916
19.057773482 41.524771108 0.847833094
19.593815128 42.465070745 0.837340445
20.126444621 43.415167404 0.831773578
20.646083638 44.335165657 0.810875860
21.214708598 45.299123045 0.802076954
21.772530841 46.277702319 0.795507579
22.342007811 47.249651689 0.795872461
22.907306641 48.195284259 0.789191328
23.487735005 49.168732624 0.781738422
24.039908669 50.137258095 0.770801405
24.621847756 51.157813577 0.760320455
25.204052154 52.174260146 0.748835210
25.789900213 53.173436051 0.729932210
26.359606618 54.200435862 0.704315747
26.954841918 55.247367528 0.681016992
27.536151896 56.256834223 0.658623788
28.098677238 57.260393635 0.654351958
28.650226439 58.249986773 0.653289695
29.206600706 59.238977663 0.654493991
29.786214982 60.242338049 0.653380526
30.355554039 61.260467540 0.645579330
30.924424367 62.270327045 0.636076421
31.496646830 63.278503073 0.617751883
32.070817423 64.295403322 0.599309219
32.643168562 65.295122693 0.575791666
33.197574149 66.296035204 0.564631575
33.762905702 67.297336422 0.558794064
34.333789066 68.300599310 0.572123790
34.874243878 69.286000653 0.569051595
35.427644076 70.269433676 0.570303200
35.988788203 71.247926252 0.587878124
36.533950934 72.243804908 0.596229478
37.068065360 73.229807689 0.593877903
37.593138343 74.207488184 0.596419632
38.100547730 75.162323218 0.584098988
38.635826602 76.127588252 0.574499742
39.153424905 77.089910176 0.551112417
39.663898311 78.044679825 0.554055066
40.195099195 78.994682951 0.560330015
40.729999885 79.945723094 0.557058100
41.267697218 80.889645802 0.556327930
41.825610426 81.857710384 0.549917596
42.363636082 82.799132434 0.538898615
42.908144798 83.760349205 0.520830887
43.445355975 84.701602439 0.513210622
43.992534364 85.637711164 0.499572628
44.528685500 86.586370591 0.493576739
45.083606987 87.532534267 0.490568320
