-0.00001881 0.00002148 0.00000097
0.43318392 0.24044158 0.01692595
0.92839587 0.49415165 0.02253098
1.41278072 0.80241854 0.02395060
1.91228169 1.13349663 0.02762805
2.39229460 1.48478523 0.03316306
2.90751856 1.90056724 0.03307124
3.41279496 2.32653736 0.03418283
3.92373024 2.79339339 0.02990216
4.48899835 3.32214094 0.02589188
5.02355429 3.85104411 0.02046118
5.51997897 4.39981855 0.00992958
6.01390951 4.99007072 -0.00413468
6.53378312 5.60011716 -0.00804272
7.02677452 6.23392321 -0.01906898
7.52275817 6.90123163 -0.01866159
8.00625646 7.57954470 -0.02972616
8.51121864 8.32275986 -0.03711151
8.99885998 9.05807107 -0.04003971
9.49209507 9.83269676 -0.04312313
9.98426230 10.64145639 -0.04018303
10.45721505 11.44067236 -0.03387125
10.91705438 12.26224138 -0.03022514
11.35929236 13.08603886 -0.03037408
11.80912612 13.93567787 -0.02692781
12.25486536 14.79451849 -0.02170325
12.68631783 15.67895652 -0.01395702
13.12079322 16.57452042 -0.00003411
13.56111296 17.50088499 0.00473545
13.98634002 18.41761675 0.00091968
14.40159427 19.32514627 -0.00076992
14.79562088 20.24185214 -0.00513540
15.21095881 21.15146986 -0.00443821
15.63032269 22.08444887 0.00102710
16.03799045 23.00041584 0.01563631
16.43592513 23.94619692 0.02382648
16.83854783 24.86529881 0.03113783
17.23035778 25.80536163 0.03415141
17.61037444 26.73370706 0.04044504
18.00963091 27.71843902 0.04846879
18.38934526 28.65296284 0.06621782
18.78196519 29.64309972 0.07150922
19.16861621 30.60624726 0.07813167
19.56966816 31.60227160 0.09358796
19.95148889 32.58688944 0.11309763
20.35856318 33.58623980 0.10423941
20.78054450 34.60683806 0.09584650
21.17415485 35.56548518 0.09475057
21.55547860 36.56893598 0.08124185
21.92561575 37.52854124 0.08226852
22.28933470 38.46346812 0.09271726
22.65829667 39.43050216 0.11023775
23.03009576 40.38435764 0.12382919
23.39305583 41.31091505 0.12645504
23.76029462 42.23561054 0.13606332
24.11730267 43.15650205 0.14183746
24.49413433 44.08306440 0.16008935
24.85088504 44.98692403 0.16787948
25.22189381 45.89403221 0.17854445
25.60069891 46.82606600 0.18925837
25.96314528 47.74009610 0.20491877
26.35047048 48.66572981 0.21508770
26.72775492 49.58051895 0.22959853
27.10240858 50.52165960 0.22299861
27.47327477 51.43520933 0.22250779
27.85519597 52.34687400 0.20979883
28.22116069 53.23699825 0.20770056
28.58143480 54.10748197 0.20220923
28.94379112 54.97101233 0.21565151
29.29152628 55.78706779 0.22408900
29.63495015 56.61005447 0.22823597
29.98651427 57.41732915 0.23171560
30.31113061 58.20444352 0.23595838
30.63948116 58.97116213 0.24340430
30.97200733 59.73322708 0.25034222
31.29715496 60.49132608 0.25685137
31.61592001 61.26660540 0.25648751
31.94156684 62.02529843 0.26158286
32.24046380 62.73682243 0.25908504
32.53884375 63.43495379 0.24700038
32.83622912 64.10621483 0.24562296
33.12875990 64.79640541 0.24704480
33.40834856 65.45497601 0.24981016
33.68712903 66.08059981 0.26776982
33.95973707 66.69436236 0.26927478
34.22917719 67.26859106 0.27711929
34.47976393 67.83968942 0.28984514
34.72442813 68.37823246 0.29631408
34.96129053 68.92217832 0.30183101
35.20136942 69.45184912 0.30846648
35.44104860 69.95235648 0.32435813
35.68400448 70.44997287 0.34323348
35.91461555 70.92854122 0.35850255
36.13327194 71.37791304 0.36040035
36.36753450 71.81744672 0.34865410
36.61204838 72.25680334 0.34668749
36.86101552 72.67738747 0.35147242
37.10298505 73.08651924 0.36539656
37.36071056 73.48785123 0.37045800
37.60672697 73.86477348 0.37042314
37.86902997 74.19745069 0.36664133
38.14032401 74.54263744 0.36792323
38.44028617 74.86697952 0.36136688
38.72347451 75.16746298 0.35953097
39.02215182 75.45454967 0.35271854
39.33989584 75.70670986 0.35009550
39.66967034 75.96640273 0.33044026
40.02742303 76.19688156 0.32592800
40.38608906 76.37977632 0.32762720
40.76839363 76.55945991 0.32794143
41.14455211 76.72719123 0.32460559
41.53367446 76.84597655 0.31690659
41.92900777 76.93826038 0.31087664
42.32598024 77.00386033 0.30689340
42.71364684 77.07090658 0.30421371
43.10545567 77.11893733 0.29860577
43.50587302 77.13071540 0.28799876
43.91351618 77.12196889 0.27041272
44.31257661 77.06611039 0.27267857
44.69027719 76.99579685 0.27637713
45.09555192 76.95479767 0.28197298
45.48222168 76.89865727 0.27681448
45.88977331 76.82507908 0.26505840
46.28409046 76.70494386 0.25037828
46.69338853 76.58237072 0.24458890
47.09457236 76.42907901 0.22683970
47.51382021 76.29550309 0.20952867
47.94424131 76.13117887 0.20808193
48.40002447 75.95559254 0.21091298
48.84618049 75.77470081 0.22043409
49.31392070 75.57839525 0.21580301
49.79605062 75.36119121 0.21212955
50.26211223 75.13638592 0.21150045
50.73494453 74.90665537 0.20383401
51.24325988 74.65242260 0.19612144
51.75137977 74.42642607 0.18853212
52.26368957 74.16338040 0.18321303
52.81951810 73.87837493 0.17722639
53.35310516 73.59247128 0.17367306
53.91490270 73.30521449 0.17208615
54.47915890 72.99672380 0.16962226
55.05382376 72.68594702 0.16850633
55.64872106 72.35736833 0.17676298
56.27264722 71.99876503 0.17963796
56.91655833 71.65534896 0.17876614
57.56585841 71.30501791 0.18172081
58.23267246 70.94511386 0.18276407
58.91998593 70.58347519 0.17921251
59.63145886 70.21375600 0.17909221
60.37970561 69.84781140 0.17832659
61.08943525 69.49245493 0.17233207
61.81994795 69.12467233 0.17237803
62.54832963 68.76228869 0.16684997
63.27137123 68.39248597 0.16398754
63.99517754 68.04382456 0.16719074
64.72393612 67.68970511 0.17547037
65.44895875 67.32166330 0.19244830
66.18385677 66.95154447 0.20803331
66.88434475 66.59629810 0.22169395
67.61355353 66.23384824 0.23344225
68.33487818 65.86479750 0.23963000
69.03777652 65.50535474 0.24903922
69.74409632 65.15024751 0.25843625
70.44274782 64.78121629 0.26875420
71.15873173 64.40453566 0.27906706
71.85468589 64.03959562 0.28816499
72.55082073 63.63930212 0.28957478
73.23334649 63.24473874 0.29141722
73.90243958 62.85617826 0.29008991
74.58029661 62.44997440 0.29408578
75.26589449 62.03993154 0.29061369
75.92661076 61.64228283 0.28802747
76.58644405 61.22424195 0.28074494
77.22552441 60.78953379 0.28132922
77.86809384 60.36797944 0.27306826
78.48094036 59.94082820 0.26644012
79.11160080 59.50248023 0.26902007
79.75469229 59.05238789 0.26261306
80.37601302 58.61143556 0.26413869
80.97936901 58.16549929 0.26723365
81.57224784 57.73914642 0.26990431
82.13881406 57.31775936 0.27689342
82.68982991 56.90044186 0.27242269
83.23522547 56.49028157 0.27481472
83.75725289 56.10218532 0.27122736
84.27896118 55.69732120 0.27399595
84.79573992 55.30091663 0.27675625
85.30439275 54.91093032 0.27672576
85.79963383 54.54515825 0.28210852
86.25814528 54.20084879 0.27950981
86.72022337 53.87446837 0.28376726
87.16295551 53.55847150 0.28211745
87.60695201 53.26039355 0.29604401
88.06358194 52.96254911 0.30134803
88.51466595 52.68340677 0.30377093
88.96339869 52.42006956 0.30649102
89.41751882 52.16815234 0.30740101
89.87842334 51.95241854 0.32216842
90.35438712 51.74097082 0.33169088
90.81459103 51.56460329 0.33856771
91.27894753 51.39793932 0.34701033
91.73598450 51.27436817 0.34137865
92.19317415 51.16758041 0.35217937
92.65004938 51.08661303 0.35774435
93.11114598 51.04951348 0.36372150
93.56503259 51.03525625 0.36758775
94.00124427 51.06130500 0.36662839
94.46335324 51.10469287 0.38023429
94.89043597 51.17255730 0.38573947
95.31395111 51.28117254 0.40662584
95.72719627 51.41790600 0.42495384
96.13997312 51.59737158 0.44061964
96.55088896 51.79352989 0.44784721
96.94540332 52.01683124 0.46100195
97.32144756 52.26704083 0.47134942
97.70031095 52.54572661 0.48038924
98.06393194 52.84454734 0.47574282
98.42142144 53.15072326 0.45762781
98.78099931 53.47857230 0.45575027
99.12961280 53.80405546 0.45526928
99.48445720 54.14541081 0.46032267
99.83660543 54.51747737 0.45027319
100.19523660 54.91261069 0.45009907
100.55953116 55.29823709 0.43729162
100.93681432 55.70767092 0.44191260
101.31526153 56.11435868 0.43189835
101.72842375 56.53538574 0.42559609
102.14538194 56.96076501 0.42228043
102.55678009 57.39962421 0.42612166
102.98699593 57.84952094 0.42523495
103.44327287 58.31064657 0.43638981
103.90579643 58.77688445 0.44363048
104.38359448 59.23885729 0.44979166
104.85971694 59.69773821 0.44824174
105.33812910 60.15503732 0.44937303
105.81637104 60.61886789 0.45181106
106.30202316 61.09187851 0.44497172
106.80600564 61.57598587 0.43921230
107.30911820 62.06481445 0.43179196
107.82556756 62.56190652 0.44129427
108.33944459 63.07632178 0.45132474
108.85344965 63.59403003 0.45166966
109.37257166 64.13831170 0.44538143
109.90311696 64.68286174 0.42747888
110.44955743 65.24422840 0.41209907
111.00654983 65.81907409 0.41385173
111.55399580 66.39722043 0.41058245
112.11728862 66.99643414 0.41316755
112.68461350 67.59458728 0.40041202
113.25669794 68.21154301 0.39282613
113.81732207 68.82721983 0.38950795
114.39534134 69.45192022 0.37887906
114.95510060 70.06524845 0.37196863
115.52320105 70.67223113 0.37346012
116.10513881 71.31984060 0.36264114
116.69625409 71.96940795 0.35672902
117.29183525 72.58468980 0.35949542
117.87387069 73.19800027 0.34888680
118.46687107 73.79749602 0.35278164
119.06286175 74.40058227 0.35839730
119.65594911 75.01135999 0.36909039
120.23815548 75.61831750 0.38074657
120.83271562 76.22877151 0.38938635
121.42214659 76.83940785 0.39078896
122.01808160 77.43986282 0.38134399
122.60690848 78.02506431 0.36796034
123.21514636 78.61881035 0.37490793
123.81082936 79.22715973 0.38967340
124.41132667 79.83032974 0.41358131
125.00930750 80.43485486 0.43452918
125.58864610 81.02877784 0.41895609
126.16328922 81.62794599 0.40182551
126.73900398 82.21573804 0.37185925
127.32516560 82.80413239 0.37663636
127.90003415 83.39888988 0.39156118
128.47158416 83.98933006 0.39390914
129.04143569 84.58746166 0.39848073
129.58487242 85.17532988 0.41169359
130.12379340 85.75178569 0.41007764
130.67688068 86.34664716 0.41345034
131.23593701 86.93611126 0.41999338
131.78644448 87.51585052 0.42134700
132.32725677 88.09742540 0.42050829
132.87935774 88.68186563 0.41555034
133.41728998 89.27311620 0.41901735
133.96160665 89.88383038 0.42076149
134.50881626 90.49550776 0.42736917
135.05115401 91.11283005 0.43461148
135.58506455 91.74346876 0.42144453
136.13100465 92.38906699 0.39402896
136.68395017 93.02290147 0.36808542
137.22012078 93.64899378 0.34584958
137.75494373 94.27155994 0.31937339
138.25728358 94.89793511 0.32206183
138.75121648 95.53232007 0.31758336
139.23052785 96.14961528 0.31195290
139.73041678 96.79227929 0.31203465
140.23325286 97.44339695 0.32449384
140.72516994 98.09275755 0.33641763
141.20280992 98.77038206 0.34593269
141.68673993 99.43797365 0.33891014
142.16875783 100.10484801 0.34120281
142.63884928 100.77259841 0.33660984
143.11342920 101.47369157 0.33343637
143.57988524 102.15910294 0.32042347
144.04003848 102.83866667 0.30514747
144.49997297 103.51801200 0.30934002
144.96937922 104.22704600 0.31066012
145.44074150 104.94479465 0.31402612
145.89423407 105.63185109 0.29406605
146.35918470 106.31515247 0.27771787
146.81793928 106.99359910 0.26769077
147.25253924 107.68449023 0.25764377
147.69064448 108.38046567 0.25480691
148.13924729 109.08493331 0.25681935
148.57959988 109.78183912 0.24391729
149.00047609 110.46370830 0.24109022
149.42409518 111.16833216 0.22681000
149.84597856 111.87334222 0.19663164
150.28144761 112.59676690 0.18959838
150.70217803 113.33901718 0.20000276
151.10903938 114.09902524 0.20443531
151.50532648 114.82851590 0.20671821
151.89510378 115.57374837 0.19436546
152.28681473 116.30496722 0.18494426
152.65631695 117.03170678 0.16795662
153.04135884 117.77932964 0.14906280
153.44920538 118.52608740 0.14571457
153.84009083 119.28156516 0.15647193
154.22669864 120.03757177 0.14946473
154.61587533 120.79856184 0.12827916
155.00704737 121.55487359 0.10571185
155.39526492 122.28507695 0.08434897
155.78519715 123.01442809 0.07602173
156.17684866 123.76551039 0.08483022
156.55098301 124.50291305 0.09688639
156.93146796 125.23286504 0.09883666
157.31927369 125.97330770 0.09879710
157.67534675 126.66151465 0.09478561
158.03547731 127.37998675 0.08610243
158.38381557 128.09359723 0.08983151
158.74409045 128.82114118 0.09548101
159.11647828 129.54550392 0.09893449
159.45993737 130.24607190 0.09329150
159.83411637 130.96399332 0.08150752
160.18311875 131.67139395 0.07374942
160.53590331 132.39524426 0.06528975
160.90885200 133.14502490 0.05149425
161.28149747 133.89150564 0.05644731
161.63464938 134.58921770 0.03802703
161.98115027 135.25814231 0.01865154
162.30051024 135.88563483 -0.00108774
162.62438562 136.53444918 -0.00703458
162.93976832 137.16500712 -0.01728856
163.24654961 137.77721943 -0.01825698
163.55206997 138.37311697 -0.02502633
163.84661998 138.95971613 -0.01862980
164.14296153 139.55650951 -0.01983475
164.43350431 140.14170849 -0.01176655
164.74101514 140.70925495 -0.02352115
165.04179822 141.29054232 -0.02565264
165.34407237 141.85355847 -0.03490594
165.63527424 142.40084640 -0.03901205
165.94069668 142.94383522 -0.03602364
166.25669305 143.50535681 -0.02356551
166.58557557 144.07302087 -0.01019988
166.90706378 144.60928303 0.00692483
167.22181120 145.14427322 0.01548572
167.55122909 145.70727147 0.01481177
167.87513370 146.25117997 0.01714005
168.19502442 146.81222460 0.01989805
168.51720670 147.35917076 0.03354224
168.82689947 147.89154583 0.03495474
169.14573545 148.44687474 0.02624746
169.46845967 148.99176357 0.01773306
169.77481745 149.53069996 0.01952028
170.09408194 150.05996585 0.03547972
170.40044381 150.62811729 0.04083345
170.73605257 151.21272008 0.05008298
171.06543288 151.77121878 0.06066877
171.38097880 152.32501292 0.06757928
171.68578030 152.89639167 0.05911638
171.99032207 153.47003703 0.03783838
172.31586908 154.04918641 0.02266254
172.65226059 154.65476864 0.01919613
172.97545009 155.26100514 0.02845987
173.30157112 155.86014134 0.03309345
173.60522281 156.43982313 0.02481592
173.92196891 157.03953656 0.00862459
174.26090111 157.65455829 0.00192629
174.58527189 158.25512876 -0.00082022
174.90262906 158.85227173 -0.00387037
175.23163969 159.45239608 -0.00462297
175.54503746 160.03602100 -0.00714514
175.84182104 160.59534372 -0.02149520
176.15900938 161.18089129 -0.02256011
176.45075678 161.74310124 -0.03068634
176.75028819 162.32175268 -0.03054752
177.04281527 162.89138681 -0.02743937
177.33542727 163.44028750 -0.01912338
177.62658879 163.99707436 -0.00937704
177.89140218 164.53266194 -0.00962046
178.14871582 165.06283816 -0.02001113
178.40926676 165.55586703 -0.02253924
178.66478852 166.04581526 -0.02741675
178.90375457 166.51811457 -0.02887465
179.12285481 166.98008917 -0.03580617
179.33942343 167.46158038 -0.04087569
179.54082525 167.90890858 -0.04256336
179.72498396 168.36054452 -0.04131032
179.90027994 168.79499683 -0.04039942
180.07119792 169.24539281 -0.03238899
180.23007726 169.70593619 -0.02796562
180.34231853 170.13860978 -0.03463541
180.43997398 170.56623930 -0.03642149
180.52335219 171.01509907 -0.03854852
180.58462240 171.45214429 -0.03156503
180.61048151 171.89239740 -0.01997663
180.60894071 172.30487997 -0.01996240
180.60174220 172.70561843 -0.01770213
180.57469499 173.11233464 -0.01618396
180.54722419 173.53595848 -0.01191385
180.46819461 173.93101621 -0.00403629
180.37292660 174.34129542 0.01095869
180.25112490 174.69773069 0.00908266
180.11124733 175.04530091 0.00600675
179.94988397 175.36686328 0.00044748
179.78687558 175.69732079 -0.00247538
179.62587377 176.01635579 -0.01312879
179.44031739 176.33422904 -0.02741703
179.21130391 176.63515783 -0.03509062
178.95368265 176.94270839 -0.05022521
178.68247587 177.25973233 -0.05930553
178.37184243 177.57090620 -0.06993038
178.04714004 177.84426498 -0.07687455
177.69704643 178.13032389 -0.08351360
177.31810971 178.42419105 -0.09226216
176.91828433 178.70563700 -0.11019589
176.48540307 178.98311094 -0.11902575
176.05339438 179.25573048 -0.12834341
175.61218413 179.49855409 -0.13961182
175.14244710 179.75256928 -0.15562458
174.63592466 180.01206296 -0.16599910
174.10053669 180.27676651 -0.17653872
173.59480301 180.52192882 -0.18261898
173.04765413 180.80124759 -0.19060980
172.48222810 181.07182951 -0.19842760
171.90987202 181.35867996 -0.20512734
171.30593763 181.64911048 -0.21560373
170.69872966 181.96846086 -0.21685005
170.07519393 182.29210033 -0.22043426
169.41540086 182.62575262 -0.22544983
168.76418952 182.94263582 -0.22824305
168.08146387 183.28168144 -0.23859794
167.37226524 183.65562559 -0.24260525
166.63992360 184.06090079 -0.25669551
165.89377432 184.45686339 -0.25768161
165.13139250 184.87911232 -0.26037853
164.38135931 185.28615835 -0.26425069
163.60933690 185.72159253 -0.27139893
162.85944309 186.12071296 -0.27480073
162.10416558 186.50986748 -0.26464590
161.33984923 186.91190432 -0.26525198
160.56364286 187.32146184 -0.27464747
159.78432634 187.73376296 -0.28210281
158.99858758 188.15026990 -0.27925946
158.19742016 188.56276382 -0.27838966
157.42161487 188.96662766 -0.28235401
156.64841151 189.39132888 -0.28351628
155.86558664 189.78885027 -0.29440944
155.08763611 190.16975725 -0.30715858
154.32011972 190.55242233 -0.31987115
153.53190075 190.93698544 -0.32701938
152.75773098 191.31778337 -0.33021798
151.97067089 191.70187471 -0.33661930
151.18190445 192.07335408 -0.34078843
150.40886006 192.44741399 -0.34302182
149.65660208 192.81361302 -0.34004883
148.89548951 193.19421356 -0.33472521
148.17477636 193.55510296 -0.33444277
147.42193347 193.93395904 -0.32984803
146.66484703 194.33294002 -0.32688375
145.91166626 194.73496903 -0.32019626
145.18693944 195.11328650 -0.31961415
144.43957046 195.49126365 -0.33282526
143.71075227 195.87313519 -0.33641600
142.96823471 196.26159203 -0.33228759
142.22189683 196.64560007 -0.33023099
141.48235295 197.02405366 -0.33870233
140.74890149 197.39776189 -0.33892492
140.03134018 197.76101964 -0.33716324
139.32136033 198.11834892 -0.34752131
138.62300786 198.46721723 -0.34849822
137.91918238 198.82608710 -0.34752590
137.20551870 199.18078803 -0.34088558
136.49542346 199.51814711 -0.34199162
135.78773360 199.86686362 -0.33940312
135.08072170 200.19758734 -0.32428535
134.38216527 200.51555262 -0.33229023
133.68690049 200.84572442 -0.33646420
132.99316614 201.16180700 -0.34469909
132.30083982 201.49489746 -0.35014354
131.61438573 201.82270366 -0.35741352
130.95914586 202.14212050 -0.35733835
130.32071573 202.45049414 -0.36224247
129.68394370 202.74615239 -0.36802579
129.07445405 203.04875972 -0.37343727
128.47411085 203.33865311 -0.37466885
127.87738886 203.63442557 -0.37991343
127.30992326 203.91313358 -0.38363379
126.73617349 204.19390852 -0.38968657
126.18114887 204.47128440 -0.39741286
125.64215157 204.74332288 -0.40146295
125.12819857 204.99938275 -0.40173914
124.62528495 205.25221575 -0.40050228
124.12990586 205.50932868 -0.40022880
123.66563868 205.74317493 -0.40116863
123.20889983 205.99231441 -0.40722986
122.77382774 206.22161859 -0.41596606
122.35232168 206.44850649 -0.41562677
121.93841658 206.67541180 -0.41560591
121.54370701 206.88940557 -0.41633449
121.16903744 207.09806027 -0.41368988
120.79926606 207.31365795 -0.41994511
120.44254882 207.51876060 -0.42447509
120.10152868 207.72433573 -0.42750344
119.79094012 207.92013376 -0.42752964
119.51110977 208.10816574 -0.42994553
119.21844963 208.30221217 -0.42768322
118.98149502 208.45312675 -0.43036735
118.74900755 208.60148615 -0.43399229
118.53526321 208.74450183 -0.43889079
118.35655748 208.87263172 -0.44430830
118.16507095 208.99888756 -0.44629032
117.99701379 209.10325496 -0.44255390
117.87809960 209.18638916 -0.44388822
117.76402946 209.25968593 -0.44148624
117.69061946 209.29866758 -0.43648697
117.65421630 209.33456043 -0.43574955
117.62688668 209.35855228 -0.43013227
117.59557588 209.38934964 -0.43109167
117.55236199 209.42527255 -0.43256277
117.52223532 209.44271405 -0.43188879
117.49317544 209.46046748 -0.42842596
117.47574639 209.48060798 -0.42733166
117.46569557 209.48862464 -0.43400943
117.46615062 209.48529594 -0.43691129
117.47008576 209.48556554 -0.43171229
117.46578993 209.49976557 -0.43257063
117.46004516 209.51422469 -0.43454849
117.45518787 209.51934392 -0.43497077
117.44791900 209.52390678 -0.43728275
117.43045688 209.53141710 -0.43578755
117.41796049 209.54962499 -0.43632534
117.39520627 209.57472878 -0.43767383
117.37379873 209.59926574 -0.43648261
117.33664655 209.61745974 -0.44218312
117.31223469 209.64354222 -0.44670651
117.28803808 209.66494275 -0.44924828
117.26744343 209.68953035 -0.45256516
117.21719584 209.73334196 -0.45542005
117.15770423 209.75828313 -0.45751023
117.08278279 209.81595786 -0.45627101
117.00381811 209.88153219 -0.44721321
116.90404970 209.95246407 -0.44430122
116.78986897 210.04303098 -0.43668161
116.67043329 210.14063872 -0.43854232
116.50798720 210.25917434 -0.43512167
116.34174771 210.38317287 -0.43736255
116.15203174 210.52277131 -0.43794144
115.96790131 210.68389671 -0.42945305
115.75164070 210.85714081 -0.42552753
115.53699366 211.02330259 -0.42397134
115.33476488 211.23395408 -0.42229410
115.12942395 211.44143889 -0.42014191
114.91694242 211.66916861 -0.41994754
114.70348701 211.88799847 -0.41348267
114.49038661 212.13201326 -0.40596020
114.27159312 212.41370349 -0.39751050
114.04826424 212.67460904 -0.39620521
113.80959044 212.96741343 -0.40002310
113.62434831 213.28369750 -0.40549706
113.45664007 213.60269799 -0.40941978
113.29660266 213.93817732 -0.40937384
113.13499488 214.30261380 -0.41199197
112.99762343 214.68459694 -0.42134388
112.88761824 215.10268562 -0.43812143
112.80653041 215.53838770 -0.44677214
112.74288926 215.99906617 -0.45717733
112.69048111 216.48896071 -0.45921427
112.68295715 217.00411277 -0.45807950
112.70532335 217.54478828 -0.45854738
112.75733858 218.03831132 -0.46173724
112.83986432 218.60192340 -0.47265743
112.94188467 219.15814828 -0.47847103
113.07916988 219.71963481 -0.48232287
113.25544780 220.30060128 -0.48186688
113.45234086 220.90852659 -0.48590838
113.68354130 221.51490532 -0.49360730
113.93638251 222.10798254 -0.50313281
114.19680874 222.69152636 -0.50640224
114.47339607 223.29441289 -0.51201763
114.76695699 223.89896414 -0.52070379
115.07936034 224.52125575 -0.52700771
115.39357071 225.12905520 -0.53451504
115.72446353 225.77249742 -0.54538796
116.06731313 226.42609631 -0.55004107
116.40812340 227.07225353 -0.55709020
116.76349764 227.73972650 -0.55918273
117.12408936 228.42375419 -0.56345246
117.48743000 229.10602836 -0.57443929
117.86945301 229.81378574 -0.58301719
118.25710320 230.51692246 -0.59313507
118.63071560 231.21929284 -0.60713690
119.02727570 231.97079267 -0.61950181
119.42757206 232.75571815 -0.62769331
119.83246591 233.52381202 -0.63020700
120.26027146 234.30918982 -0.62408435
120.68611977 235.08924927 -0.62637050
121.12468258 235.87770394 -0.63497437
121.56362171 236.67346200 -0.65674088
122.00246084 237.49455600 -0.68025097
122.43987635 238.30834319 -0.69651573
122.88322921 239.15145947 -0.69902461
123.33127560 240.03265247 -0.69607489
123.79111932 240.91276139 -0.69233266
124.26395504 241.79850377 -0.69094777
124.72934033 242.68018570 -0.69313304
125.20339859 243.55898805 -0.70980345
125.69237253 244.46845958 -0.72948105
126.18918447 245.39617372 -0.74548259
126.69755163 246.32072515 -0.75336715
127.20419728 247.25601432 -0.76085453
127.71155319 248.20307885 -0.76341683
128.21494772 249.16503018 -0.76297966
128.71413749 250.10065782 -0.77395712
129.21965803 251.03267039 -0.78329990
129.72872170 251.97845234 -0.78894759
130.22018560 252.92434152 -0.78238750
130.71284499 253.87602261 -0.77207167
131.20643068 254.81960684 -0.76058782
131.69998611 255.76074301 -0.75315297
132.18342232 256.71617592 -0.75031740
132.65955870 257.64190484 -0.75560889
133.13968522 258.61202135 -0.77009201
133.63781291 259.55537779 -0.77575627
134.12355092 260.50557686 -0.78720021
134.59991359 261.43577734 -0.79135769
135.07485358 262.35759923 -0.79129985
135.54190339 263.26421377 -0.79118702
136.01052209 264.19190264 -0.78548710
136.49780129 265.11045517 -0.77981510
136.96373756 266.02343882 -0.78388435
137.42899510 266.93705342 -0.78730708
137.90454143 267.85908294 -0.78608064
138.37177349 268.78196987 -0.78790034
138.83828888 269.68302600 -0.79993641
139.30718924 270.60142038 -0.80847987
139.77579758 271.50610119 -0.81451517
140.25542277 272.43958426 -0.81068337
140.73115190 273.36197414 -0.81305108
141.21062085 274.30946604 -0.81700989
141.69597266 275.21485177 -0.81037782
142.17724837 276.13921231 -0.80252677
142.64420415 277.04747634 -0.80183951
143.12835570 277.98553268 -0.80326897
143.61629377 278.90657268 -0.81026224
144.10723033 279.85057813 -0.81057066
144.62073632 280.81019496 -0.81150821
145.11527026 281.74533879 -0.82017176
145.61741978 282.68918104 -0.82793230
146.11681724 283.62412230 -0.82487641
146.61220550 284.54908719 -0.82806182
147.10329049 285.47911264 -0.83505184
147.61824041 286.44862508 -0.83208970
148.13967941 287.43286197 -0.82072123
148.68205845 288.42504031 -0.82284865
149.21199432 289.39106973 -0.82321880
149.73182530 290.36142995 -0.82316373
150.23651754 291.29085555 -0.82413135
150.74491653 292.23653347 -0.82973656
151.26385341 293.18546828 -0.83149059
151.78176934 294.13885542 -0.82801557
152.29866307 295.09210199 -0.83007684
152.79771471 296.02000782 -0.81805977
153.30127830 296.93849183 -0.81016276
153.81903760 297.88771133 -0.81143457
154.32472884 298.81526889 -0.80901619
154.82451755 299.73759817 -0.81441163
155.32885831 300.66787363 -0.81685246
155.82485106 301.58233530 -0.81885296
156.31062411 302.48131022 -0.82042357
156.80740816 303.39470684 -0.81734291
157.30394582 304.30471674 -0.82410076
157.77856806 305.18682692 -0.83699797
158.23708860 306.04720578 -0.84229491
158.67994126 306.90317591 -0.83674541
159.11914765 307.75057944 -0.84277961
159.54748186 308.57859808 -0.83860915
159.97354154 309.39317220 -0.83091545
160.40569341 310.21327720 -0.82417583
160.83912603 311.03767436 -0.81905152
161.26485674 311.84696913 -0.81072304
161.69174906 312.65701270 -0.81207389
162.10483670 313.43877338 -0.81586463
162.50040395 314.19489595 -0.81015514
162.88402704 314.93444618 -0.80657609
163.25480707 315.64556853 -0.80723526
163.63667055 316.35582650 -0.80121223
164.02397242 317.04174723 -0.80642328
164.39889252 317.72484171 -0.80308544
164.75248575 318.37874635 -0.79729774
165.10798883 319.01435582 -0.80019396
165.44515821 319.64749055 -0.80527663
165.77953762 320.24262594 -0.81210965
166.10124779 320.81713753 -0.81205693
166.41425297 321.38004804 -0.81638577
166.72026977 321.91215260 -0.82933813
167.01650632 322.44499146 -0.83647101
167.29054436 322.93398871 -0.83096031
167.56141482 323.42606574 -0.83165895
167.82326843 323.87234104 -0.83729481
168.08013182 324.34446859 -0.83414954
168.31614029 324.79149773 -0.83647081
168.52297633 325.18285927 -0.83763216
168.71035246 325.57399892 -0.83242676
168.89636079 325.96536686 -0.82776188
169.05196747 326.34210709 -0.82033709
169.24090778 326.75681505 -0.81171377
169.41910590 327.16398254 -0.79727390
169.57997059 327.61269090 -0.78627341
169.69977030 328.00410106 -0.76860766
169.80632605 328.39445555 -0.76011107
169.91105702 328.80852001 -0.74587153
169.97451195 329.19629960 -0.73809295
170.04288538 329.60822995 -0.72794053
170.08468356 330.01981030 -0.71289999
170.09155098 330.40260722 -0.69415264
170.07222242 330.79612304 -0.68781065
170.05187700 331.20640071 -0.69114465
170.00830514 331.61734507 -0.69112235
169.95295181 332.02018068 -0.68261006
169.87087179 332.43992964 -0.67115929
169.75604387 332.86083976 -0.67130040
169.61512984 333.28367882 -0.67745388
169.44471466 333.69296628 -0.67176975
169.23319954 334.10168810 -0.65813874
168.95029472 334.49658954 -0.65755790
168.69092949 334.88088166 -0.66833692
168.41130263 335.24299802 -0.66379337
168.04522923 335.59179499 -0.63380040
167.69473395 335.89582321 -0.60493823
167.26245559 336.19025219 -0.58302053
166.84792318 336.49424214 -0.57061748
166.39890367 336.76819620 -0.56851735
165.96128200 337.04262481 -0.56127941
165.48931534 337.32074870 -0.54796242
164.99061435 337.57128194 -0.54305337
164.47936886 337.79808481 -0.54051045
163.94357073 338.05039533 -0.54906950
163.36338874 338.31269520 -0.56015644
162.78512763 338.57734819 -0.56602670
162.18234306 338.83395472 -0.55780744
161.58405054 339.10913467 -0.53397796
160.95996854 339.38925436 -0.51361712
160.35436270 339.64510667 -0.50068819
159.72112293 339.91048880 -0.49675596
159.07308838 340.17873931 -0.49248735
158.41279443 340.46429496 -0.48848183
157.71839192 340.76477419 -0.48233558
156.99743596 341.08640463 -0.47725513
156.24993582 341.41835212 -0.46854934
155.56398778 341.74281598 -0.47224931
154.80898454 342.08125579 -0.47469549
154.05262289 342.43298890 -0.48562090
153.26121656 342.80535121 -0.49181190
152.43905213 343.19551310 -0.48861733
151.65841265 343.56565182 -0.48616874
150.89316590 343.93090158 -0.49033361
150.14287158 344.27550566 -0.49056012
149.38450443 344.64051995 -0.48739281
148.61882123 345.00342681 -0.49084855
147.84747394 345.37955375 -0.49693512
147.07191285 345.75147655 -0.49562326
146.27986300 346.12639401 -0.48445518
145.50225429 346.50874768 -0.47453509
144.72285432 346.89086127 -0.46139021
143.93727079 347.25961907 -0.44985320
143.16383611 347.61994137 -0.44251293
142.39647588 347.98593454 -0.43306074
141.61074753 348.36696300 -0.42939200
140.78953145 348.76333208 -0.42582236
139.97725567 349.15522752 -0.43179675
139.15605688 349.56196441 -0.43447426
138.33255692 349.95082913 -0.43993104
137.48390121 350.36523494 -0.43470528
136.65296607 350.73713115 -0.42732811
135.85491400 351.08923585 -0.42743033
135.05345945 351.44853198 -0.44585000
134.24818760 351.82417558 -0.45199406
133.42705411 352.19729640 -0.45183173
132.58734137 352.55790010 -0.46177673
131.76331255 352.91847315 -0.45709719
130.94148515 353.28518741 -0.46694522
130.11922894 353.64397657 -0.46786858
129.30297905 354.01643978 -0.48183271
128.49448445 354.39466990 -0.47684781
127.67789218 354.77136168 -0.47449449
126.84845633 355.16665106 -0.46780495
126.05455124 355.54303059 -0.46444205
125.26148959 355.92458643 -0.45817222
124.49189374 356.30189064 -0.46328949
123.71139194 356.69308363 -0.45626289
122.93277836 357.08662978 -0.45355525
122.15191275 357.48458504 -0.44970316
121.38981252 357.88212345 -0.44330521
120.63826585 358.29164772 -0.43783178
119.88356717 358.69789705 -0.42645941
119.10892309 359.11603248 -0.42070455
118.35277767 359.53175848 -0.42653303
117.61940211 359.94944226 -0.41585324
116.90974835 360.35480774 -0.40793908
116.21867571 360.74569033 -0.40547284
115.50768465 361.13118510 -0.41061631
114.83787205 361.53035809 -0.40766227
114.19752960 361.90045064 -0.40395103
113.54991971 362.27835966 -0.39738789
112.91354788 362.64791348 -0.39391000
112.30505444 363.01167358 -0.38931454
111.70016575 363.36196232 -0.38242792
111.11821197 363.70479782 -0.36316240
110.56462539 364.02238681 -0.35488576
110.03739560 364.32559936 -0.34718100
109.51398817 364.60893589 -0.34780761
108.97356892 364.90331725 -0.34365388
108.46268339 365.17489910 -0.34057235
107.92727454 365.45365878 -0.33861128
107.42751610 365.70203231 -0.32861526
106.92616597 365.96470416 -0.32931052
106.41857617 366.23280158 -0.32387119
105.88812290 366.49256521 -0.32450929
105.35714915 366.76307441 -0.32471510
104.82257095 367.01619250 -0.31925637
104.28762633 367.26417002 -0.30981134
103.71971253 367.52166444 -0.30619935
103.17992666 367.76916120 -0.29883945
102.64098191 368.01668856 -0.28348504
102.08140880 368.26730845 -0.27209068
101.51250808 368.52678437 -0.26195526
100.93718824 368.78025123 -0.26246617
100.34257351 369.03699954 -0.25516076
99.76193706 369.29633764 -0.25014121
99.16406261 369.55874424 -0.23679754
98.53128203 369.83525342 -0.22012531
97.93093023 370.09735582 -0.20185422
97.29336242 370.37276246 -0.18425642
96.66300188 370.65678247 -0.17559355
95.98991534 370.97183183 -0.18268954
95.32632899 371.25721496 -0.18619977
94.65682438 371.57255151 -0.20138521
93.93904576 371.91177589 -0.22437230
93.20995783 372.27611052 -0.21543780
92.46789362 372.61127678 -0.20589646
91.71771180 372.99515385 -0.19808162
91.00021539 373.35087982 -0.22292154
90.23747475 373.75300280 -0.24283461
89.44758063 374.15499072 -0.26708059
88.67297108 374.55695587 -0.26867448
87.84641458 374.97613376 -0.26064786
87.01888355 375.40751470 -0.26648067
86.21092441 375.83010435 -0.28039468
85.40244261 376.26187097 -0.29319086
84.56464322 376.74706810 -0.30355491
83.70556996 377.23939055 -0.29534455
82.83856194 377.75532894 -0.27650865
81.99353647 378.24917374 -0.26356751
81.18488910 378.73287383 -0.25950631
80.36013510 379.21296272 -0.25735547
79.53102136 379.71227379 -0.25770029
78.69207866 380.20959615 -0.24639068
77.85403079 380.70604163 -0.23202952
77.02740506 381.20168213 -0.22751140
76.19480764 381.68090309 -0.21854309
75.32043965 382.16249149 -0.21113457
74.48090817 382.64849342 -0.21540209
73.60500475 383.14977768 -0.21643187
72.74327534 383.65915391 -0.21531683
71.86939950 384.16372608 -0.20707344
71.01157709 384.65385803 -0.19575744
70.15927062 385.15192891 -0.18236963
69.28038513 385.63461075 -0.16907784
68.39894061 386.12857109 -0.17247294
67.52318293 386.61832506 -0.18162407
66.67961122 387.09304471 -0.18202958
65.81842014 387.58479319 -0.17022369
64.96386235 388.05655073 -0.16912239
64.06940225 388.56029601 -0.15722831
63.20476074 389.05167855 -0.15230213
62.34465161 389.54042676 -0.15568788
61.49315673 390.00693870 -0.16753047
60.64234206 390.48040331 -0.18232129
59.77430302 390.96093870 -0.21425955
58.90062369 391.44340945 -0.22559649
58.01607444 391.93765024 -0.22576292
57.14804625 392.39828663 -0.22429793
56.28754267 392.87280970 -0.22842387
55.43531121 393.34037470 -0.24328245
54.62169597 393.78548482 -0.25320160
53.79984432 394.22399177 -0.25933261
52.97124085 394.68264993 -0.26707524
52.12900134 395.16629319 -0.27784981
51.29817485 395.63613684 -0.28576747
50.46608081 396.09221434 -0.27671685
49.60732739 396.56515478 -0.27434382
48.76961246 397.03491455 -0.27180741
47.95546667 397.48173586 -0.27590841
47.15760232 397.92005560 -0.27166969
46.38054868 398.34263832 -0.27932038
45.61775572 398.75377764 -0.28336068
44.87526227 399.17033113 -0.28847079
44.15053277 399.56440676 -0.28722025
43.40259655 399.97194868 -0.28650600
42.69683712 400.37748057 -0.28721887
42.01919395 400.76784812 -0.27853008
41.34460739 401.15418590 -0.27527761
40.69046129 401.52675300 -0.28572147
40.03512497 401.89738669 -0.28179924
39.38471996 402.28134208 -0.26886990
38.77996553 402.62824652 -0.26209377
38.20125289 402.96531917 -0.26247117
37.61405632 403.29635827 -0.26837314
37.05721937 403.58624761 -0.27914692
36.52325820 403.87003110 -0.27971206
35.97320149 404.16624574 -0.28005665
35.44867968 404.46831078 -0.27482530
34.92885088 404.76312633 -0.27257092
34.40899808 405.03554738 -0.27275267
33.93655410 405.29999288 -0.27380831
33.42744903 405.57388852 -0.27344528
32.91978482 405.83300378 -0.27298591
32.42390559 406.08454207 -0.26845798
31.92473684 406.30192110 -0.27192109
31.45027725 406.50753536 -0.27051451
30.97906006 406.68729156 -0.26576786
30.50054387 406.85485327 -0.27121364
30.01672700 406.99033741 -0.25886775
29.53214890 407.09559575 -0.26136357
29.06424034 407.17914878 -0.25799796
28.60134571 407.25213472 -0.26227376
28.11613346 407.27708064 -0.25699425
27.63767482 407.28603784 -0.25769302
27.16622117 407.22473651 -0.25145545
26.71222526 407.14140043 -0.24932742
26.28071578 407.04651575 -0.24751090
25.83113724 406.89258765 -0.24868814
25.35967350 406.71799329 -0.25094927
24.92977768 406.49039282 -0.26657520
24.49101494 406.23868988 -0.27070240
24.04748961 405.96409427 -0.27488858
23.60739372 405.65173218 -0.28096358
23.18337965 405.30164707 -0.28247485
22.77272415 404.92277590 -0.29662300
22.37842703 404.51155537 -0.30234782
22.00971538 404.05800841 -0.32356403
21.64221281 403.57327888 -0.33760981
21.28262178 403.07552490 -0.35478706
20.92637141 402.55177227 -0.36869717
20.55677310 402.00425677 -0.37651055
20.19991275 401.45989262 -0.38903697
19.83338844 400.89931910 -0.40571384
19.47645894 400.31786125 -0.42140711
19.13878420 399.72736124 -0.41468448
18.79435347 399.12071482 -0.41542589
18.45465712 398.51487277 -0.41260433
18.10823301 397.88164780 -0.40657925
17.75569586 397.18851965 -0.40875003
17.40082816 396.51945708 -0.40666835
17.06487330 395.85799040 -0.41081873
16.70805055 395.16907325 -0.40377818
16.35005209 394.45491897 -0.40217479
16.00024014 393.72993670 -0.40275003
15.65067208 392.99592861 -0.40377134
15.28675984 392.26234222 -0.40796672
14.93383513 391.51981156 -0.41053612
14.56237514 390.74914907 -0.41365013
14.20982106 390.01062440 -0.41646126
13.82663198 389.19994284 -0.41377258
13.43501994 388.39413569 -0.39970883
13.05709655 387.56830445 -0.39768047
12.67108724 386.75681726 -0.39642961
12.28144790 385.93119063 -0.39915088
11.86646421 385.04978331 -0.37647712
11.40606323 384.11571273 -0.37948565
11.00854062 383.26437514 -0.36921932
10.59716737 382.40041415 -0.36442042
10.14899181 381.49915487 -0.37329046
9.73464084 380.66448618 -0.38349569
9.30970529 379.80681680 -0.39908269
8.90550542 378.99795836 -0.40686796
8.49503748 378.16329255 -0.40729320
8.07024586 377.34466028 -0.41605777
7.64330377 376.52895011 -0.42220533
7.24216709 375.71765607 -0.42152050
6.82780830 374.90085303 -0.42177797
6.41847800 374.07961678 -0.42404252
6.00577195 373.23003028 -0.43169527
5.58924235 372.38714940 -0.43239848
5.14937312 371.54464379 -0.43630549
4.70719239 370.68776932 -0.44833370
4.23759694 369.83096617 -0.46348348
3.79088621 369.00337263 -0.46038518
3.34437586 368.17109939 -0.46809795
2.89424162 367.34182818 -0.47365859
2.44126640 366.49207625 -0.47623287
2.00120196 365.65694276 -0.46908362
1.56905329 364.83844838 -0.47606302
1.14241559 364.01271004 -0.49125830
0.70763705 363.19589710 -0.50439062
0.27582364 362.35695622 -0.49455588
-0.15751288 361.51072617 -0.49549889
-0.58604378 360.69670184 -0.48825045
-0.99833756 359.88243636 -0.48412736
-1.41988530 359.05016389 -0.48997174
-1.84982021 358.23490223 -0.49028927
-2.28238590 357.39045121 -0.49496064
-2.70908794 356.54510451 -0.49818508
-3.14384421 355.70561092 -0.51200943
-3.59567019 354.86166672 -0.53829115
-4.05409611 354.02355453 -0.54865701
-4.52310024 353.15665810 -0.56015665
-4.96529341 352.31826982 -0.56604039
-5.40982795 351.49433690 -0.58768463
-5.85589235 350.66714384 -0.60277446
-6.31562642 349.83560734 -0.61311658
-6.76139849 349.01534556 -0.62162637
-7.20955529 348.17389130 -0.62247851
-7.63037349 347.36128326 -0.62054032
-8.02992433 346.55191364 -0.63086535
-8.45002748 345.72214069 -0.63059177
-8.86564978 344.89064884 -0.62325205
-9.28581395 344.07489711 -0.61471520
-9.70250286 343.26587782 -0.60971160
-10.12616490 342.42300616 -0.62197134
-10.55404820 341.57060249 -0.62327628
-10.96233178 340.70200093 -0.62199007
-11.37860364 339.83870720 -0.61247342
-11.81948120 338.94064135 -0.61521465
-12.27533218 338.04107499 -0.62823084
-12.70774798 337.16167936 -0.63660968
-13.15159229 336.30395566 -0.64722578
-13.59531258 335.44744016 -0.64359011
-14.04195259 334.55618609 -0.65070150
-14.50873513 333.68278150 -0.64824004
-14.93954857 332.83190403 -0.64887732
-15.39217207 331.95693617 -0.66015202
-15.82927042 331.10300402 -0.66547765
-16.30311864 330.24439898 -0.66314679
-16.76247406 329.37099477 -0.66175526
-17.21312472 328.48486356 -0.66360568
-17.66811761 327.56216990 -0.66543512
-18.11905987 326.68392073 -0.67625183
-18.56152724 325.79481732 -0.70051249
-19.00443855 324.90963498 -0.71561454
-19.46848621 323.99279204 -0.72899495
-19.90314461 323.09777568 -0.72549729
-20.34397899 322.20180058 -0.74028649
-20.79095724 321.28438513 -0.75602667
-21.25967598 320.35929205 -0.78913967
-21.70890587 319.47487535 -0.80636430
-22.13451673 318.61107361 -0.80575736
-22.58454255 317.72577324 -0.78684824
-23.00176737 316.85824218 -0.75390446
-23.43264114 315.95475655 -0.73661672
-23.86641265 315.05396052 -0.73402317
-24.30035914 314.16368411 -0.74160397
-24.72282939 313.26585679 -0.74538984
-25.18818856 312.33327133 -0.75829391
-25.64505032 311.40557196 -0.77321697
-26.10761984 310.49391137 -0.77061896
-26.54307573 309.62961016 -0.76582195
-26.99110106 308.74429816 -0.74722766
-27.46065022 307.82491215 -0.73269885
-27.90602321 306.93660294 -0.73278809
-28.33531962 306.06535776 -0.74263938
-28.75902606 305.19642570 -0.74930883
-29.18970983 304.36135128 -0.75079070
-29.61544637 303.51381030 -0.74705294
-30.04826221 302.66732890 -0.74906622
-30.49297898 301.83598933 -0.74957817
-30.91831001 301.03547919 -0.73088532
-31.29991625 300.24723245 -0.73538532
-31.72516133 299.45034480 -0.74504978
-32.11665438 298.67912465 -0.72527538
-32.45310525 297.90871996 -0.71302538
-32.81052367 297.16570788 -0.72353023
-33.20324049 296.45717960 -0.73866555
-33.59505803 295.72612305 -0.71727999
-33.94628658 294.99627415 -0.71139409
-34.30734672 294.29863059 -0.70551239
-34.65962762 293.61702281 -0.70650629
-35.05569458 292.95415853 -0.70530951
-35.43550298 292.30665877 -0.70522387
-35.80134459 291.66627149 -0.69940027
-36.14870149 291.07303145 -0.70247571
-36.48640738 290.47990116 -0.69846032
-36.83585390 289.91464327 -0.69457648
-37.15641874 289.36536481 -0.69419759
-37.46282337 288.81801601 -0.68596816
-37.72905903 288.30062059 -0.68683061
-38.01132591 287.79127955 -0.68104418
-38.28604058 287.29169607 -0.67659484
-38.53731316 286.85416405 -0.66769755
-38.76717595 286.45827082 -0.66596129
-38.96661403 286.02712792 -0.66679894
-39.16145572 285.63967773 -0.66296085
-39.36525540 285.22889824 -0.66065968
-39.55168324 284.81933970 -0.65727217
-39.73730449 284.42054265 -0.65775856
-39.88589270 284.05405146 -0.66134782
-40.04417891 283.67159770 -0.66602753
-40.16716212 283.29174768 -0.66606810
-40.26062690 282.92465261 -0.66311676
-40.35871926 282.54277937 -0.66813091
-40.41479275 282.16778350 -0.67020097
-40.46777920 281.76680456 -0.69081160
-40.49530518 281.34627011 -0.69732933
-40.53070526 280.91942320 -0.70617696
-40.50854388 280.50024098 -0.70800729
-40.48574481 280.05165920 -0.71663837
-40.45415831 279.60615734 -0.72537023
-40.39115746 279.14881493 -0.72712097
-40.31548412 278.67760451 -0.72729752
-40.19346210 278.22422354 -0.72969672
-40.04011588 277.73718610 -0.73678007
-39.85561954 277.23568290 -0.75491827
-39.64825804 276.75652628 -0.77538043
-39.39985283 276.26707516 -0.78235242
-39.11917789 275.79978011 -0.79032998
-38.74824253 275.30417567 -0.79681577
-38.39685406 274.88617593 -0.79836727
-37.99735605 274.45419054 -0.80758326
-37.54321617 274.05113332 -0.82097542
-37.08067359 273.64097867 -0.83559602
-36.61519628 273.21853587 -0.84269591
-36.09918513 272.82452222 -0.86238051
-35.59231845 272.44913386 -0.88841829
-35.05723465 272.07720027 -0.91298329
-34.47622098 271.67141576 -0.93275651
-33.89263346 271.25456218 -0.93079345
-33.29097681 270.86897271 -0.93843706
-32.72826863 270.47965590 -0.93738305
-32.04870213 270.06952776 -0.95044344
-31.43868274 269.67920772 -0.96019153
-30.83571779 269.27521037 -0.97898586
-30.18748357 268.86266858 -0.98083961
-29.51879446 268.45398219 -0.98000697
-28.85208735 268.05344481 -0.96463072
-28.18544586 267.64475139 -0.96147972
-27.49571620 267.23163333 -0.96503352
-26.79831578 266.78256201 -0.96986021
-26.13578462 266.35645350 -0.97426634
-25.46166569 265.95055804 -0.97290862
-24.77680026 265.55122507 -0.95741194
-24.10534195 265.15279148 -0.95856908
-23.40996041 264.72614324 -0.95711123
-22.68212611 264.28179305 -0.95984298
-21.94041701 263.84064244 -0.94987380
-21.21099052 263.40644466 -0.94448213
-20.48239625 262.94770549 -0.95214400
-19.75361645 262.52072616 -0.95026375
-19.01549273 262.08009110 -0.93981864
-18.23992201 261.63572034 -0.93179641
-17.45650286 261.22314776 -0.92886330
-16.72367252 260.79516846 -0.92502968
-15.92189904 260.38083549 -0.92638882
-15.15598737 259.95832898 -0.92857190
-14.41426680 259.55797874 -0.92707819
-13.65324144 259.17066195 -0.92827801
-12.90026511 258.78078906 -0.95119922
-12.12522432 258.36950445 -0.94774489
-11.34909898 258.00027241 -0.92512805
-10.60840521 257.62754067 -0.92173521
-9.86100682 257.24977762 -0.92443888
-9.11828616 256.90976837 -0.92586380
-8.36639909 256.51517033 -0.92115734
-7.57404332 256.15616084 -0.91327416
-6.84722474 255.78711034 -0.91676470
-6.10427770 255.40488749 -0.92984673
-5.35870146 255.05468288 -0.92830243
-4.63954754 254.69711780 -0.92599914
-3.90710457 254.33749456 -0.93067271
-3.19065260 253.93365848 -0.91403086
-2.48108365 253.57946592 -0.90014019
-1.76946889 253.23023002 -0.89764015
-1.08383086 252.90873672 -0.89610476
-0.40133596 252.56636731 -0.90146985
0.21221588 252.21766611 -0.89955630
0.86517374 251.85296474 -0.89800221
1.50337835 251.50275791 -0.90384877
2.08505031 251.14600083 -0.90108979
2.70096265 250.84344837 -0.89116696
3.27623907 250.52470398 -0.89367072
3.83988261 250.23068896 -0.90096643
4.35363528 249.87627922 -0.89523992
4.90519664 249.54975157 -0.89226198
5.37932348 249.23325878 -0.89046293
5.91606265 248.94502860 -0.89708406
6.39483301 248.62785071 -0.89896000
6.92105034 248.31175839 -0.90305176
7.42241165 248.01764900 -0.90698496
7.91190197 247.67208415 -0.88761749
8.38145818 247.34286185 -0.87230482
8.88202121 247.03352512 -0.88903058
9.35061446 246.71913711 -0.89941869
9.86244476 246.44081360 -0.91192211
10.31101194 246.13134338 -0.91097218
10.77844220 245.82621978 -0.91786457
11.27888179 245.53162449 -0.93467297
11.74379013 245.27841682 -0.95072380
12.22606902 245.01405231 -0.94839422
12.72708948 244.74482582 -0.93771450
13.24483017 244.50144269 -0.94459314
13.71651706 244.26659672 -0.95613359
14.22505524 244.04395516 -0.94712671
14.75712247 243.91320512 -0.94585552
15.26756655 243.75471485 -0.94719469
15.78921328 243.62216460 -0.94407340
16.30682018 243.57862118 -0.94487131
16.81816452 243.50150150 -0.95230593
17.32854536 243.46303571 -0.96077426
17.80506842 243.41595543 -0.97203267
18.33809415 243.38784131 -0.97039520
18.85386995 243.38453029 -0.98131213
19.37059737 243.43607615 -0.98445488
19.82339746 243.53437067 -0.99623342
20.29578089 243.60511861 -0.99111168
20.80291806 243.69716431 -0.97061522
21.28478269 243.84839970 -0.95819144
21.75475420 244.07125357 -0.95763235
22.21113439 244.30993702 -0.95472289
22.66438337 244.49684546 -0.95817369
23.05148466 244.72187131 -0.95760915
23.49222183 245.00877789 -0.94140730
23.87648412 245.28005163 -0.94340895
24.30261187 245.59629421 -0.94107784
24.69990260 245.92812893 -0.93639604
25.09031442 246.28212060 -0.92767441
25.42794593 246.64962821 -0.92290265
25.76445195 246.99835323 -0.92894191
26.09005643 247.39203017 -0.93720473
26.42238378 247.73415028 -0.94191149
26.78124452 248.09263513 -0.93790668
27.12702478 248.46273824 -0.93622632
27.47625274 248.86010793 -0.94939968
27.80461736 249.23505840 -0.94806553
28.13588793 249.61927362 -0.94867577
28.46311740 249.98021073 -0.94660182
28.79922999 250.32939657 -0.94758350
29.11932213 250.68001763 -0.94766665
29.46560118 250.98742576 -0.94582326
29.82803022 251.29839471 -0.95343776
30.16170093 251.55996734 -0.92814011
30.49383849 251.82256640 -0.91467433
30.83654900 252.03894569 -0.89820967
31.17085212 252.30184137 -0.90252993
31.49053958 252.52412418 -0.92207816
31.86224578 252.71708088 -0.94401957
32.22681172 252.86261345 -0.96434115
32.59819275 252.96406869 -0.94787447
32.92779555 253.02571315 -0.93094256
33.28098716 253.07113536 -0.93471150
33.63641826 253.07547580 -0.93149714
33.97614937 253.10408293 -0.93408975
34.34436859 253.10895325 -0.93547804
34.67393519 253.07285476 -0.94875931
35.04368556 253.03659632 -0.95078081
35.41771876 253.00544988 -0.96409119
35.85332406 252.91345539 -0.95787209
36.28258199 252.79080186 -0.96127909
36.71056898 252.64154429 -0.96709312
37.13383918 252.51148951 -0.97705386
37.57720004 252.35589032 -0.98933412
38.02468753 252.19768775 -1.01431448
38.51542111 251.99996574 -1.02771242
38.99552265 251.80158312 -1.05197052
39.43219949 251.59571710 -1.06845690
39.85401690 251.40916383 -1.06892519
40.29987256 251.18336258 -1.07746922
40.84025643 250.90894644 -1.08254707
41.37297667 250.63035050 -1.08474589
41.92602037 250.32827790 -1.08487937
42.51379394 250.04485638 -1.09130765
43.09465655 249.76898591 -1.10941118
43.66175116 249.49156386 -1.11974692
44.23179476 249.20942046 -1.12939630
44.80422554 248.93250987 -1.14252418
45.44532929 248.62067894 -1.15602077
46.07567253 248.30387757 -1.17383568
46.72407596 247.97989400 -1.19198196
47.37670702 247.64015856 -1.19484586
48.06309704 247.29423873 -1.21010262
48.76069926 246.92295150 -1.20465994
49.44549096 246.54297546 -1.20871003
50.11614113 246.16446285 -1.21053471
50.80415909 245.78106918 -1.20971836
51.47181036 245.39097327 -1.21466254
52.16768272 245.00261772 -1.22245663
52.91073900 244.59475156 -1.21634320
53.62443037 244.21563169 -1.22431684
54.36557655 243.83490284 -1.21835247
55.10539324 243.41902924 -1.22669618
55.86269971 243.01848862 -1.22589299
56.59940728 242.59248025 -1.23027936
57.35215116 242.18285264 -1.24101334
58.13186557 241.76244028 -1.25472614
58.91721922 241.31061371 -1.26659845
59.73800996 240.84325102 -1.27013289
60.51151354 240.39271586 -1.28219922
61.27797418 239.96443740 -1.29058458
62.09421616 239.54442149 -1.30238578
62.90081963 239.11036953 -1.30941606
63.70726426 238.67251924 -1.32257999
64.48835385 238.24225177 -1.33209534
65.29429520 237.80345032 -1.33716740
66.12611584 237.36569860 -1.35253644
66.90547898 236.94488802 -1.35235031
67.72452731 236.52305778 -1.36297580
68.48530510 236.09608751 -1.36224741
69.24999466 235.68803825 -1.36971740
70.00297112 235.27624928 -1.38520820
70.76939566 234.87288806 -1.40662152
71.54496622 234.46697026 -1.41633356
72.28428438 234.06566490 -1.40593593
73.06237578 233.66780827 -1.39640311
73.77527212 233.27026153 -1.39109455
74.49970936 232.89688800 -1.38484265
75.21738754 232.50418996 -1.38812994
75.95046347 232.11154143 -1.38581825
76.68355542 231.71911570 -1.37516997
77.41508606 231.34105477 -1.36741059
78.13612212 230.96452671 -1.36595531
78.87462334 230.59984572 -1.36854485
79.59273661 230.21532373 -1.37530061
80.34319419 229.83383842 -1.38590300
81.11307980 229.44511857 -1.37844455
81.86028653 229.06121018 -1.38039793
82.58469881 228.67963325 -1.37572163
83.29338527 228.31680123 -1.38153459
83.96737026 227.97125484 -1.37763365
84.63181373 227.63282387 -1.38626038
85.28268575 227.30562141 -1.38944612
85.92159007 226.99064990 -1.39751356
86.56084074 226.67701120 -1.40350938
87.19570878 226.36333739 -1.40508341
87.83535350 226.04330586 -1.41391776
88.47334706 225.73144144 -1.41526980
89.08050554 225.43071607 -1.41361354
89.71815403 225.13055815 -1.42473601
90.33825477 224.82829880 -1.43315105
90.94604681 224.52786000 -1.43058709
91.55258121 224.23532531 -1.43949453
92.13995318 223.93283978 -1.44092343
92.73521934 223.64576970 -1.44966743
93.31046188 223.35506366 -1.45468170
93.85113704 223.08542746 -1.46076774
94.35610312 222.84160864 -1.45954057
94.83803793 222.58845375 -1.46344150
95.31703488 222.34673876 -1.46000867
95.78606001 222.11008386 -1.45839177
96.22123203 221.88204776 -1.45998453
96.64595899 221.64829727 -1.46029410
97.05914217 221.42102589 -1.46064369
97.44134764 221.21735234 -1.46328036
97.81605363 221.00931899 -1.47157315
98.18156900 220.79205366 -1.47313592
98.52780403 220.59597379 -1.47274274
98.86522150 220.39162423 -1.47224676
99.17062943 220.20516339 -1.47214115
99.45608313 220.02032519 -1.47989040
99.73759010 219.83193806 -1.47609021
100.04274290 219.60238197 -1.47888627
100.29643621 219.41372298 -1.47036605
100.51978499 219.23675639 -1.45968397
100.74641195 219.08070398 -1.45644237
100.96000074 218.95249444 -1.45738118
101.13848848 218.82666693 -1.46265245
101.29887762 218.70997368 -1.46759935
101.44463551 218.60088139 -1.47145562
101.58806440 218.49703497 -1.47510259
101.72969020 218.37581759 -1.47555275
101.84143570 218.26487123 -1.47344986
101.97318158 218.15160386 -1.46884237
102.08240323 218.03232481 -1.46431773
102.19188857 217.93874764 -1.46569069
102.31683732 217.83167762 -1.47327113
102.43362847 217.73327871 -1.47802454
102.55682136 217.61167963 -1.47655348
102.68600928 217.48239287 -1.48213938
102.83806775 217.33269738 -1.49309427
102.99370149 217.19584564 -1.50027564
103.13606429 217.05376990 -1.50160829
103.28775459 216.86549795 -1.50662995
103.43977090 216.64135488 -1.52329509
103.60755532 216.42233993 -1.52620497
103.77510942 216.18433074 -1.52919293
103.96204548 215.93122998 -1.52841352
104.14168435 215.62209791 -1.54248894
104.31831720 215.27257743 -1.55038816
104.47252488 214.91653763 -1.56097202
104.61508141 214.57163941 -1.57468334
104.72513423 214.19353440 -1.57385918
104.83528671 213.78025097 -1.58037176
104.92477069 213.35021543 -1.57888073
104.97920310 212.88590650 -1.56384761
105.03042347 212.41935263 -1.55486566
105.05260322 211.92276929 -1.54298670
105.02818936 211.40158624 -1.53325688
104.96703429 210.85043446 -1.51924470
104.86619629 210.30081906 -1.49203531
104.74317128 209.72568024 -1.47055103
104.58583129 209.12166164 -1.44538355
104.38455276 208.50593616 -1.42469523
104.16489155 207.87493880 -1.40556363
103.93435440 207.25576771 -1.39438487
103.66661951 206.63311934 -1.37279723
103.38706444 205.98595843 -1.35792401
103.09146451 205.33590736 -1.34803652
102.76023062 204.66373142 -1.33467419
102.41466395 203.99009130 -1.31564562
102.05130115 203.29616197 -1.29369968
101.68243193 202.60247717 -1.27836359
101.29602483 201.89129095 -1.26499234
100.89914896 201.16022901 -1.25396095
100.49619829 200.42569843 -1.23404371
100.08041808 199.66254343 -1.21791900
99.65853259 198.88807750 -1.20374990
99.22900754 198.10345037 -1.18772277
98.78598679 197.29740897 -1.17013923
98.35362947 196.49581918 -1.15322110
97.87960062 195.62484829 -1.12925208
97.40903073 194.75524508 -1.10969721
96.95003933 193.89008163 -1.09052399
96.46359268 192.98906833 -1.06545867
96.00612930 192.09377200 -1.03775080
95.52505113 191.17576851 -1.02218351
95.04323361 190.21695256 -0.99272458
94.56627529 189.26045734 -0.98650310
94.08019156 188.29775646 -0.97165323
93.58660782 187.31460509 -0.95631186
93.07291387 186.31993993 -0.93192295
92.57127964 185.32139215 -0.91043163
92.08174834 184.31900984 -0.88899504
91.58626541 183.30756247 -0.86548097
91.09539352 182.28234918 -0.84022782
90.59946496 181.24681539 -0.81963511
90.11744010 180.22346412 -0.80100417
89.64139033 179.21548554 -0.77908956
89.15489562 178.18871968 -0.76077674
88.67540118 177.16310259 -0.73346274
88.19520314 176.14210185 -0.70549419
87.71528297 175.11836646 -0.67942481
87.23287331 174.09077377 -0.64752541
86.75123726 173.05097082 -0.62774744
86.24063051 171.98952377 -0.60316240
85.74169273 170.92778142 -0.58872880
85.22753973 169.86064397 -0.58098549
84.71508794 168.78199635 -0.57315818
84.19648039 167.71270026 -0.56374425
83.66891011 166.63017571 -0.54199114
83.13359920 165.54292070 -0.52819126
82.60810713 164.48133379 -0.52593463
82.08172466 163.41070484 -0.52132157
81.53433261 162.31119279 -0.52181356
80.99760073 161.21668203 -0.52141238
80.44082357 160.10845076 -0.52180029
79.86653457 158.98071787 -0.51607262
79.31186199 157.86436176 -0.51501543
78.75920414 156.75067042 -0.50868682
78.19482453 155.63097752 -0.50157934
77.63559177 154.52366022 -0.48980904
77.04449066 153.36539668 -0.48166402
76.46707539 152.21699499 -0.48438954
75.88415592 151.07727594 -0.48398060
75.30757687 149.93461259 -0.47147415
74.70459698 148.76223521 -0.46917256
74.13113383 147.60622970 -0.45704825
73.54718439 146.44378835 -0.43741276
72.97130101 145.29352438 -0.43107073
72.40887355 144.16049857 -0.43584622
71.82497825 142.98594678 -0.43727653
71.23349977 141.83067629 -0.43648195
70.65586697 140.66750522 -0.42885181
70.09236379 139.52776595 -0.42381150
69.54522589 138.40948236 -0.40186730
68.98275832 137.26977504 -0.38362937
68.40641720 136.11845957 -0.37120926
67.84555298 134.99466613 -0.36716030
67.25361333 133.80329484 -0.36158222
66.64842488 132.58562053 -0.35104572
66.06796712 131.42925908 -0.34152358
65.50267621 130.29023168 -0.33023412
64.94720459 129.14501396 -0.32578053
64.38412520 127.99537829 -0.31945327
63.82764803 126.86866825 -0.32764623
63.26325556 125.74051444 -0.33512991
62.70290392 124.60139452 -0.33383814
62.13514874 123.45824715 -0.33840973
61.56963441 122.33613525 -0.35098629
61.01226828 121.19075667 -0.36199871
60.45832661 120.07185819 -0.37047783
59.91893935 118.96194595 -0.36216848
59.37714039 117.84927253 -0.35917478
58.83613224 116.73694437 -0.35448524
58.31076333 115.65084160 -0.34666976
57.78033791 114.55418735 -0.35428897
57.25527085 113.46237930 -0.36234518
56.72270048 112.34311172 -0.36151038
56.19757663 111.24716235 -0.35737935
55.68466431 110.19587526 -0.35081488
55.19012405 109.16228969 -0.34982561
54.67727636 108.11772787 -0.34443307
54.19247795 107.12737472 -0.33662866
53.71900569 106.14470783 -0.33433477
53.22672032 105.16098103 -0.33656599
52.75748619 104.20752903 -0.33630353
52.29701763 103.27213482 -0.33069958
51.85401740 102.38539621 -0.32177410
51.40497947 101.49335028 -0.30371363
50.96483596 100.63895146 -0.29445358
50.56909724 99.84159736 -0.27918357
50.15510145 99.02607208 -0.26400709
49.74792256 98.23430026 -0.25846906
49.34542663 97.44621707 -0.24996930
48.93242199 96.67534825 -0.24974708
48.53681991 95.92114384 -0.24910699
48.16478272 95.20372655 -0.23927894
47.77955919 94.49195327 -0.24112838
47.41621858 93.81384180 -0.23719291
47.07821017 93.18033116 -0.23784881
46.73220179 92.52433929 -0.23690738
46.40450462 91.91115123 -0.24238973
46.09026220 91.31824178 -0.24087121
45.79422075 90.71451871 -0.23472811
45.52285924 90.13653272 -0.22984659
45.26646465 89.56431199 -0.22979071
45.04140529 89.01419331 -0.22468715
44.82271351 88.46346242 -0.21633873
44.64954051 87.94783112 -0.21053049
44.52493566 87.42677365 -0.20636691
44.39163831 86.91051999 -0.20441830
44.29718586 86.41042969 -0.19496612
44.22935116 85.89140253 -0.18358346
44.18405456 85.37360998 -0.18219725
44.17458533 84.87602786 -0.18042942
44.18439990 84.40174945 -0.17625362
44.23907758 83.93257033 -0.18088519
44.30012795 83.45702283 -0.17812984
44.38900172 82.98149656 -0.17979391
44.50144058 82.50990823 -0.18126555
44.64599592 82.07149665 -0.17909605
44.84668037 81.51491614 -0.15313973
45.05480269 81.10261382 -0.15825393
45.28481361 80.70399971 -0.16278576
45.52283619 80.28894540 -0.16271876
45.79149088 79.87968314 -0.17111575
46.06846264 79.51531356 -0.17539523
46.36777246 79.15745811 -0.17978284
46.69734310 78.83599310 -0.18218570
47.04419028 78.51360833 -0.19894325
47.42299902 78.18238601 -0.20254552
47.81664702 77.88125254 -0.20148340
48.24092345 77.55731227 -0.19009890
48.64927936 77.26734467 -0.20021431
49.07857251 76.96304806 -0.22262192
49.52839451 76.66459942 -0.23752472
50.00719725 76.35422807 -0.23401902
50.48666617 76.05453345 -0.22481934
50.95643492 75.76187051 -0.22833205
51.47062157 75.43914878 -0.24347904
51.99157601 75.10938643 -0.25291475
52.53044267 74.78240807 -0.25871631
53.06765255 74.45017434 -0.26159323
53.61643268 74.10756431 -0.26749796
54.16110538 73.76716554 -0.27486842
54.72894130 73.42173940 -0.27401942
55.30620008 73.06427021 -0.27077064
55.90227501 72.70371494 -0.27468694
56.50312530 72.32481532 -0.27353983
57.11323966 71.95464746 -0.26974232
57.76507332 71.56278135 -0.27162253
58.44781159 71.15404238 -0.27107974
59.13494866 70.74690847 -0.27493854
59.84259728 70.33975233 -0.28430022
60.57083991 69.93722728 -0.28868296
61.32266412 69.53864878 -0.29878233
62.09199606 69.13517521 -0.30659449
62.86792095 68.73963634 -0.31370847
63.62955192 68.36757446 -0.33137854
64.40961999 67.99416338 -0.33128390
65.17026198 67.62396865 -0.32593199
65.95331608 67.25198898 -0.31985592
66.72130641 66.89971570 -0.31326186
67.51844302 66.53781775 -0.31467779
68.29237728 66.17009479 -0.31287618
69.07296092 65.81090830 -0.30970022
69.81840123 65.44955015 -0.30758217
70.56460051 65.07775495 -0.31415375
71.31159982 64.68480935 -0.30962150
72.05428519 64.28420927 -0.30706912
72.78731410 63.87040451 -0.30536928
73.52059759 63.45100088 -0.31475283
74.25385667 63.01609419 -0.32476410
74.98367194 62.57161258 -0.33560184
75.72196017 62.13109481 -0.34372518
76.46090778 61.67196892 -0.35553108
77.19391469 61.19389207 -0.36741747
77.91234457 60.71028187 -0.37838716
78.63185854 60.21705836 -0.39133991
79.36152998 59.71733872 -0.40143272
80.06852253 59.23332540 -0.41177963
80.80429862 58.73141289 -0.43099169
81.54720904 58.22891051 -0.45406800
82.27114633 57.73125732 -0.46830471
83.01905351 57.22318478 -0.46818997
83.76719373 56.72561262 -0.47229195
84.49561396 56.22585042 -0.46506374
85.22266163 55.75023223 -0.47110276
85.96200471 55.25819251 -0.47446935
86.69681325 54.76678876 -0.47989892
87.42334206 54.26937897 -0.48226268
88.16017833 53.77365375 -0.48508419
88.88636458 53.27176993 -0.47921217
89.60948897 52.76654799 -0.48175628
90.32942294 52.22868387 -0.47690550
91.03387478 51.67911600 -0.46729733
91.72455110 51.11827208 -0.45680546
92.40577122 50.54340996 -0.44426332
93.04966686 49.95769181 -0.44718591
93.67062162 49.35979910 -0.43354430
94.30424118 48.75611624 -0.43778739
94.91252205 48.12290041 -0.43330732
95.51093612 47.47748718 -0.42201981
96.08898311 46.83857269 -0.42222291
96.65542491 46.17648443 -0.42577319
97.20115985 45.51073153 -0.41212541
97.77754471 44.81160052 -0.40378676
98.33957042 44.12765935 -0.41112622
98.88878147 43.44705805 -0.42727253
99.42821929 42.76557592 -0.44710848
99.97684298 42.07923586 -0.46237157
100.52936789 41.38928609 -0.46513343
101.10673184 40.68392804 -0.45615547
101.69503858 39.97240786 -0.45956122
102.28463406 39.23594225 -0.45000162
102.86021922 38.52491256 -0.45290045
103.43910855 37.79465327 -0.45736888
104.00649433 37.05173906 -0.46845932
104.57241236 36.28876622 -0.48956089
105.15837975 35.49171837 -0.49894227
105.71917703 34.68021118 -0.51019449
106.28169234 33.84799737 -0.53150217
106.80728002 33.04049891 -0.54726459
107.32487363 32.22620067 -0.54454212
107.84821775 31.39715547 -0.54037479
108.36938071 30.56160529 -0.53469007
108.89008291 29.72538538 -0.53250872
109.40859244 28.88516560 -0.52902885
109.91652957 28.05362475 -0.52611812
110.42915211 27.22513832 -0.51929082
110.93831228 26.41122687 -0.51280837
111.46040732 25.58430335 -0.51132621
111.98364435 24.75499842 -0.50654129
112.49917979 23.91706785 -0.50407423
112.99677248 23.08930015 -0.49411510
113.49283590 22.25901829 -0.48800026
113.95136542 21.44310155 -0.47061269
114.42397367 20.58900715 -0.46466339
114.87512931 19.74378212 -0.46762379
115.32749229 18.89447856 -0.47004955
115.76656738 18.03881913 -0.47148939
116.18569934 17.17598193 -0.47294087
116.59884498 16.30042738 -0.48230854
116.97713327 15.43282122 -0.48131713
117.34278163 14.56215275 -0.47707186
117.71417688 13.66288892 -0.48279843
118.06347589 12.77173393 -0.48476044
118.38796989 11.89377788 -0.48853471
118.69397318 11.04160989 -0.47911700
118.99226868 10.17762913 -0.47339692
119.27835307 9.33989333 -0.46308412
119.56660248 8.47463591 -0.45213444
119.84998611 7.64441887 -0.44823543
120.12625016 6.81117396 -0.44170750
120.39792383 6.00657852 -0.43857977
120.67078228 5.21107668 -0.44098463
120.93569322 4.45704739 -0.44150880
121.20028848 3.74472024 -0.43330080
121.46421123 3.04065239 -0.43425970
121.71457645 2.38028616 -0.42811666
121.96812582 1.72958479 -0.41829766
122.22438298 1.07714348 -0.41498154
122.46239821 0.46357486 -0.40948352
122.68680991 -0.13642650 -0.40736652
122.92962591 -0.75157700 -0.39683840
123.16261111 -1.36637670 -0.39263770
123.39334677 -1.98570500 -0.38236268
123.64007630 -2.61775052 -0.37381013
123.87803491 -3.24453198 -0.35420063
124.09488217 -3.83654609 -0.35340246
124.31536063 -4.44918204 -0.35758506
124.53551942 -5.05342116 -0.37076506
124.75057823 -5.68150050 -0.37379500
124.97754315 -6.31194157 -0.38304017
125.19759625 -6.97843461 -0.37691986
125.41897240 -7.63620850 -0.38531770
125.63415541 -8.28961765 -0.38241584
125.83423206 -8.97850710 -0.38159697
126.07332709 -9.67811246 -0.36910950
126.31467720 -10.38095151 -0.37313209
126.54519036 -11.05569818 -0.37043297
126.81265625 -11.74795918 -0.38164846
127.09397441 -12.43832708 -0.39528433
127.37946001 -13.14477083 -0.40457467
127.65905563 -13.86693422 -0.41426349
127.96081399 -14.58258964 -0.41832523
128.25551975 -15.29766906 -0.43870569
128.57060504 -16.05052033 -0.45267706
128.88408552 -16.80527628 -0.46581308
129.19603245 -17.56133328 -0.46089483
129.54181996 -18.36463344 -0.43726646
129.88421330 -19.14926260 -0.45504144
130.23123942 -19.94297143 -0.45635285
130.56663129 -20.75572324 -0.46230661
130.92104681 -21.59845607 -0.47310664
131.27417560 -22.44769110 -0.46451165
131.63007479 -23.29262976 -0.45541280
131.99842750 -24.14959024 -0.46347964
132.37115135 -25.03432162 -0.47084525
132.73568470 -25.89597915 -0.48749004
133.09975710 -26.77727902 -0.49037860
133.59664491 -28.00077176 -0.49448144
133.96283018 -28.88348954 -0.50070110
134.33596482 -29.77858868 -0.49766381
134.69891587 -30.66306862 -0.51560636
135.06872619 -31.54284817 -0.52995582
135.45112475 -32.44853761 -0.55183077
135.82255610 -33.34604945 -0.56403568
136.19274955 -34.24538238 -0.58090540
136.56111284 -35.14346957 -0.57894068
136.93085977 -36.02237678 -0.58530168
137.30623088 -36.90703486 -0.61071544
137.66606904 -37.78270285 -0.60343905
138.05270961 -38.66532708 -0.60111166
138.46559349 -39.53427979 -0.59734835
138.84725107 -40.41131024 -0.59479031
139.24448468 -41.31666837 -0.60583809
139.62726117 -42.20271851 -0.61178320
140.01135247 -43.07778822 -0.61475846
140.40911322 -43.95662166 -0.64546990
140.78001776 -44.82796343 -0.67290346
141.13899555 -45.68987377 -0.68750348
141.50633967 -46.55996537 -0.71547450
141.86622141 -47.39491357 -0.71517248
142.23967260 -48.24792954 -0.70633527
142.60507103 -49.10640789 -0.70719973
142.96933005 -49.96211705 -0.70149142
143.34101839 -50.81003033 -0.70690161
143.70627610 -51.64999457 -0.71503069
144.06016936 -52.46876328 -0.72070828
144.41435383 -53.28312298 -0.71885302
144.75565929 -54.08067604 -0.70968731
145.09610660 -54.87335890 -0.70299193
145.43071064 -55.65912809 -0.72006289
145.75283736 -56.42884463 -0.73394131
146.05681059 -57.18391687 -0.74026066
146.34009200 -57.94763576 -0.72198735
146.62013727 -58.69043160 -0.68429408
146.90108058 -59.39435468 -0.67609503
147.17113107 -60.09899629 -0.67478148
147.41239826 -60.78304425 -0.68917583
147.63814057 -61.43609687 -0.68066762
147.87128498 -62.05597687 -0.68738787
148.10909884 -62.65255291 -0.67609541
148.32828953 -63.24362217 -0.66705539
148.54377783 -63.79914755 -0.64933684
148.75049340 -64.36811279 -0.64135960
148.96723820 -64.90337782 -0.62484661
149.20588167 -65.42748309 -0.61268277
149.45550255 -65.92971412 -0.58897716
149.72114975 -66.41119518 -0.58161716
150.00387163 -66.86629737 -0.56647031
150.30883285 -67.32385339 -0.56916397
150.62642461 -67.76566590 -0.55931462
150.96395809 -68.18616498 -0.55212288
151.33391631 -68.59985906 -0.54883492
151.72287475 -68.99622338 -0.54061560
152.12281218 -69.37801243 -0.53805599
152.55729263 -69.75887844 -0.51465830
153.00520615 -70.10216507 -0.50793985
153.47137371 -70.44220220 -0.52135377
153.94255076 -70.77322675 -0.51137191
154.44343927 -71.10076849 -0.50641065
154.97852850 -71.41970886 -0.51656491
155.51070886 -71.73937139 -0.52739510
156.05997441 -72.05526751 -0.53493410
156.60277709 -72.38174568 -0.54311298
157.15953110 -72.70957474 -0.54819775
157.72497332 -73.03175398 -0.56123803
158.27521401 -73.37407430 -0.56749045
158.83821751 -73.72655078 -0.56480007
159.41175994 -74.08884604 -0.57854292
159.97766765 -74.44939250 -0.59147835
160.57000334 -74.83666969 -0.60673759
161.17646438 -75.23412592 -0.62594862
161.77521129 -75.63495029 -0.62261654
162.40388990 -76.04231560 -0.63023582
163.00358502 -76.44835000 -0.62208859
163.61111941 -76.87511709 -0.63229965
164.20067140 -77.28994728 -0.64025354
164.78554118 -77.70750496 -0.63560341
165.40804131 -78.14069067 -0.62160633
166.02589137 -78.55924326 -0.61261345
166.66050160 -78.98275320 -0.61236079
167.25341528 -79.40774974 -0.60620211
167.86255138 -79.85056065 -0.59912369
168.49648062 -80.28924061 -0.58585694
169.19845869 -80.77585791 -0.59237042
169.87812012 -81.27215010 -0.65483775
170.59390834 -81.77353766 -0.69204300
171.25981006 -82.23017166 -0.70427719
171.89046848 -82.66599374 -0.72542028
172.51097856 -83.09288755 -0.73743428
173.15076025 -83.52168910 -0.75140037
173.80333859 -83.96496363 -0.75156626
174.44888853 -84.41449942 -0.74087272
175.08231583 -84.84984357 -0.73935078
175.75576948 -85.30632692 -0.75315272
176.39887237 -85.75326859 -0.74894496
177.06998514 -86.20354150 -0.75404657
177.73604559 -86.65434124 -0.74004807
178.44009686 -87.12767274 -0.73908543
179.13368095 -87.62997027 -0.73585231
179.83996964 -88.13336270 -0.72316043
180.51790376 -88.61519752 -0.70240732
181.20136507 -89.09112788 -0.69400110
181.87368156 -89.57183907 -0.69621689
182.55685506 -90.06864666 -0.68653729
183.23230141 -90.55842213 -0.67365110
183.92811437 -91.06808508 -0.66372797
184.63141247 -91.57118894 -0.64921808
185.33080597 -92.06182797 -0.63870079
186.03574341 -92.56710351 -0.63015200
186.73240241 -93.06791245 -0.63157635
187.43395477 -93.56039706 -0.63445895
188.12422798 -94.03830430 -0.64705474
188.81524476 -94.51747988 -0.62700251
189.49572502 -94.99290794 -0.61175807
190.18034392 -95.47515902 -0.61318486
190.87445443 -95.95207282 -0.62895064
191.58363500 -96.43965569 -0.64462829
192.28863664 -96.92228304 -0.64492238
192.98191184 -97.42984173 -0.63844623
193.67501802 -97.91605739 -0.62657178
194.37634248 -98.41330170 -0.62643895
195.12352190 -98.93835710 -0.65177020
195.83774016 -99.44397793 -0.66799603
196.55308590 -99.95804117 -0.66597084
197.25752897 -100.45244628 -0.65706996
197.97202310 -100.95367692 -0.64175425
198.69486479 -101.45267501 -0.63078014
199.41572249 -101.94183392 -0.63202487
200.13135220 -102.43481643 -0.63494091
200.85087788 -102.92766274 -0.63467737
201.59851945 -103.45160659 -0.63176478
202.36305693 -103.98753556 -0.63525326
203.11021292 -104.50956687 -0.64446274
203.85182191 -105.02950741 -0.62410961
204.63993168 -105.59245133 -0.62087498
205.40494116 -106.14338659 -0.65543603
206.15212836 -106.68897182 -0.65147398
206.89467150 -107.21870743 -0.64353941
207.62750043 -107.72608545 -0.63652370
208.35091559 -108.23534717 -0.63624483
209.07489653 -108.74350401 -0.64053438
209.77862883 -109.26504855 -0.64746983
210.46131885 -109.75783703 -0.65563465
211.17615953 -110.28670795 -0.64885458
211.90477232 -110.81832469 -0.64370174
212.61064278 -111.33072663 -0.63265349
213.30510315 -111.82469960 -0.62580661
214.00362215 -112.33082354 -0.62766669
214.69503281 -112.84233941 -0.62596955
215.41244752 -113.35128960 -0.61872276
216.09047042 -113.84307670 -0.60937048
216.75838715 -114.31598764 -0.59729282
217.42523408 -114.78025906 -0.59208448
218.10114322 -115.25123510 -0.60141896
218.78161323 -115.73338492 -0.59359555
219.45788603 -116.20314865 -0.57575541
220.12400695 -116.68126067 -0.56074285
220.78606229 -117.14787450 -0.55962196
221.43111434 -117.60430834 -0.55277440
222.06140605 -118.04989923 -0.54467649
222.70639100 -118.49072429 -0.53754144
223.32197162 -118.91639691 -0.53141731
223.94467385 -119.34892318 -0.52180886
224.55594326 -119.77134343 -0.52220038
225.13151788 -120.17224235 -0.51645194
225.73587368 -120.58182135 -0.51964190
226.30774282 -120.99519154 -0.52749824
226.89572809 -121.41063862 -0.52623885
227.46462687 -121.81574705 -0.52113156
228.03386352 -122.23105912 -0.51131863
228.59773969 -122.63920440 -0.51323871
229.14796540 -123.03018269 -0.51278350
229.68548183 -123.41730306 -0.51389915
230.19130570 -123.79006475 -0.51440561
230.71477309 -124.19010137 -0.50538018
231.18200385 -124.56751095 -0.49688182
231.65130012 -124.96033697 -0.48682223
232.10592347 -125.34743949 -0.47583443
232.54416457 -125.70082992 -0.48171302
232.97017148 -126.06851123 -0.47738202
233.38292063 -126.43629347 -0.47536848
233.78194637 -126.78597356 -0.47794703
234.15770934 -127.12406831 -0.47795316
234.51760603 -127.46017056 -0.47520991
234.86526244 -127.78936806 -0.46211240
235.17361080 -128.07738815 -0.46251831
235.47942672 -128.36640387 -0.45615621
235.74791355 -128.61834302 -0.45713953
236.02018252 -128.86754798 -0.45285167
236.26148623 -129.09229962 -0.44828073
236.51009825 -129.31679934 -0.44612290
236.74113865 -129.52510414 -0.44914094
236.96707506 -129.71113643 -0.43894467
237.17642945 -129.88105882 -0.43956379
237.37143945 -130.04452191 -0.43615861
237.57169931 -130.20654745 -0.43134395
237.77857865 -130.34984478 -0.43277182
237.98639433 -130.48404581 -0.43370788
238.19965946 -130.61847035 -0.43888993
238.41153510 -130.74215325 -0.44072979
238.61149543 -130.85397590 -0.44256463
238.82651352 -130.95650270 -0.43565640
239.04329846 -131.05102725 -0.43647378
239.26817728 -131.13087218 -0.42963582
239.48647487 -131.20051937 -0.42896658
239.72381909 -131.25108977 -0.43078201
239.98163386 -131.29981764 -0.42979447
240.25675948 -131.34165577 -0.44133660
240.52687714 -131.40951830 -0.43826024
240.82194273 -131.43744457 -0.43411318
241.11890945 -131.44425535 -0.42427072
241.43658413 -131.39585050 -0.42671249
241.75468552 -131.34594559 -0.42189757
242.06718394 -131.29900071 -0.43757196
242.40362419 -131.23537677 -0.43898671
242.72049600 -131.14803565 -0.43423388
243.06644510 -131.01512839 -0.42242766
243.41334565 -130.83487615 -0.41329222
243.76943958 -130.63350670 -0.41421896
244.13051382 -130.41844498 -0.41698363
244.50409937 -130.16938271 -0.41558841
244.87134957 -129.89075816 -0.42294382
245.24684073 -129.57732218 -0.43593403
245.64318313 -129.24848651 -0.45153782
246.05191875 -128.87466901 -0.45397071
246.45768522 -128.48508534 -0.44835361
246.87131693 -128.06791099 -0.45196587
247.28381103 -127.63136951 -0.45821904
247.69369309 -127.16294548 -0.45940266
248.11511091 -126.64993389 -0.44612261
248.51177421 -126.14706245 -0.44095871
248.90577256 -125.61326017 -0.45204990
249.30935571 -125.05419126 -0.46516378
249.72099611 -124.46912239 -0.47597893
250.13461383 -123.84287664 -0.45372648
250.55429778 -123.21186035 -0.43423189
250.96773866 -122.59996080 -0.41767304
251.36735380 -121.94828376 -0.42172393
251.77746977 -121.28611149 -0.42690252
252.20072062 -120.60287324 -0.43104617
252.63974702 -119.89381668 -0.44028958
253.08512362 -119.19008063 -0.45134077
253.55512166 -118.44031692 -0.45258420
254.03244481 -117.65893617 -0.47507597
254.50560102 -116.87316056 -0.49769040
255.01407720 -116.08329448 -0.50015804
255.52043086 -115.31552161 -0.50212944
256.02454764 -114.52601280 -0.51487307
256.53841470 -113.72838770 -0.54243234
257.05030799 -112.97879796 -0.53753527
257.56802098 -112.17553493 -0.55324034
258.07837432 -111.37329969 -0.56114885
258.62561147 -110.53510994 -0.56193942
259.16046547 -109.72085123 -0.56086382
259.69644113 -108.87135340 -0.57141470
260.23724790 -108.01895770 -0.59601218
260.77324571 -107.16509389 -0.61506522
261.30748401 -106.31969211 -0.62288144
261.82428258 -105.48051566 -0.62758943
262.32996953 -104.65586137 -0.61863481
262.84440626 -103.78911405 -0.61806389
263.37465093 -102.96697591 -0.61562764
263.89428951 -102.10400638 -0.63086665
264.41674159 -101.24818314 -0.64230713
264.94428333 -100.39449297 -0.64941854
265.46466100 -99.56795877 -0.66680034
265.99172523 -98.70469083 -0.70648450
266.52067637 -97.85426350 -0.73077719
267.03842851 -97.00875666 -0.74501870
267.57858443 -96.12546856 -0.76298899
268.12460725 -95.22606778 -0.78594774
268.67315406 -94.31584755 -0.77954032
269.21372502 -93.41602036 -0.80127715
269.76761986 -92.49902447 -0.81964394
270.30389136 -91.62027945 -0.83975295
270.86095235 -90.74281030 -0.86511178
271.39516257 -89.84819509 -0.88207516
271.98711810 -88.95894291 -0.89551063
272.58034681 -88.07780537 -0.90650327
273.09420130 -87.23837637 -0.93889614
273.64024867 -86.40081041 -0.95327359
274.19682673 -85.54812264 -0.97901480
274.73414865 -84.70408562 -1.00176775
275.24551535 -83.87603647 -0.99613425
275.75489487 -83.02583700 -1.00903960
276.26848825 -82.18444590 -1.02273879
276.75986352 -81.33179758 -1.03465311
277.28357613 -80.43827941 -1.03010250
277.80437244 -79.54400592 -1.03054647
278.31600442 -78.66043166 -1.02642026
278.82088129 -77.79632865 -1.03623035
279.32443968 -76.89422729 -1.05465902
279.83173722 -76.02884896 -1.07291621
280.35736042 -75.11944151 -1.08328444
280.88891505 -74.25434455 -1.10807191
281.40076267 -73.38260158 -1.13602338
281.91493392 -72.51664142 -1.14931407
282.40616462 -71.65722382 -1.17907508
282.90862894 -70.79788096 -1.19964844
283.43955331 -69.92207443 -1.20092559
283.98995008 -69.05629614 -1.21062758
284.51250922 -68.20688357 -1.20650869
284.99860330 -67.37010453 -1.23593380
285.55551271 -66.52760612 -1.26889877
286.06847379 -65.67532976 -1.29268233
286.59844834 -64.78267313 -1.29876335
287.12501077 -63.92049442 -1.29746275
287.66537745 -63.03097394 -1.30131917
288.21558239 -62.16615672 -1.31605171
288.74554311 -61.29485160 -1.33685207
289.28891387 -60.43272083 -1.36777668
289.82323205 -59.57127976 -1.41050065
290.37436663 -58.70518888 -1.43802821
290.92307749 -57.84934798 -1.44749611
291.44025224 -57.05052233 -1.47024674
291.99085211 -56.22000511 -1.48546604
292.53769195 -55.39142076 -1.49716065
293.09626930 -54.55878030 -1.50534869
293.62494032 -53.78571221 -1.51287109
294.15502090 -53.02274839 -1.52975801
294.70396432 -52.24610214 -1.55042696
295.24414584 -51.46857625 -1.56776840
295.78345184 -50.72373961 -1.58264464
296.35872886 -49.96148128 -1.60386800
296.92132547 -49.21608935 -1.60916786
297.46634696 -48.50081322 -1.61961517
298.00955922 -47.76381271 -1.63006758
298.56745904 -46.98629447 -1.64011268
299.09103530 -46.26825835 -1.64597001
299.62695049 -45.54755125 -1.66076254
300.16143607 -44.81753716 -1.68510277
300.68400862 -44.11097050 -1.69818433
301.21332367 -43.38036037 -1.71342973
301.75548325 -42.59719501 -1.72119612
302.26592071 -41.86987813 -1.72618320
302.78842052 -41.12906372 -1.74424221
303.24906587 -40.44533602 -1.75351816
303.72734216 -39.74096687 -1.77078769
304.18679272 -39.11096292 -1.79992507
304.63983587 -38.44773879 -1.80962830
305.09853808 -37.78618999 -1.82248845
305.57146269 -37.10912933 -1.84468210
305.99844188 -36.50227429 -1.86168407
306.44917764 -35.90723414 -1.88248481
306.90702541 -35.30842101 -1.90375096
307.35722720 -34.71469482 -1.91489955
307.78193597 -34.16648588 -1.92774403
308.22248649 -33.60855315 -1.93294738
308.67048179 -33.07303924 -1.95265988
309.11131384 -32.53836370 -1.95796046
309.52471235 -32.06075716 -1.97312473
309.92658689 -31.60747751 -1.98847799
310.32227618 -31.15235724 -2.00557333
310.70959105 -30.71321100 -2.01191875
311.10834314 -30.26989254 -2.01397684
311.49820013 -29.85425337 -2.02801894
311.87523210 -29.49018954 -2.03254668
312.24160559 -29.14500399 -2.03991427
312.58384325 -28.77037506 -2.05188734
312.92544054 -28.41282036 -2.07396676
313.31440281 -28.00423297 -2.10086337
313.69475850 -27.62224166 -2.11355692
314.09243851 -27.24201426 -2.12160631
314.45412302 -26.82035474 -2.11698932
314.81010904 -26.39747274 -2.12796173
315.17136885 -25.98868773 -2.13342748
315.51844255 -25.59946588 -2.14703172
315.84803291 -25.19876784 -2.16040565
316.14548455 -24.74764172 -2.17566609
316.42388873 -24.30539855 -2.18944235
316.71409372 -23.88135942 -2.19915258
316.96632002 -23.41608737 -2.20179890
317.19846134 -22.93981583 -2.19526266
317.37384250 -22.46884471 -2.19197393
317.55581854 -21.95289625 -2.18353071
317.70009936 -21.45549790 -2.18791327
317.84097863 -20.91259034 -2.18228610
317.92465738 -20.40848042 -2.19354336
317.99878317 -19.88958798 -2.17900062
318.04083340 -19.35255761 -2.17582139
318.04544715 -18.77380137 -2.17313732
317.99660213 -18.19883473 -2.16300836
317.92181287 -17.62351207 -2.17794209
317.84089300 -17.02924194 -2.18219774
317.70532527 -16.46955125 -2.17110293
317.56119681 -15.89153550 -2.16627368
317.35369210 -15.30618901 -2.16236756
317.13162880 -14.73100393 -2.16315020
316.87267553 -14.17174958 -2.15804408
316.56487357 -13.56677793 -2.15247259
316.25680182 -12.99841999 -2.13263635
315.90897267 -12.41049514 -2.10603140
315.54106527 -11.81474815 -2.08668679
315.16863259 -11.21416382 -2.06158977
314.78564744 -10.60335248 -2.05478294
314.39326589 -9.98032593 -2.05326090
314.00213144 -9.33883813 -2.03603662
313.61212309 -8.69718027 -2.02318081
313.20300279 -8.02714763 -2.01885084
312.79529145 -7.34951286 -2.01503319
312.39664183 -6.69005840 -2.01591423
311.96785609 -5.95094646 -2.01619011
311.58677217 -5.27360201 -2.01090736
311.17046198 -4.54382760 -1.99753794
310.77316346 -3.80468767 -1.97715999
310.36211597 -3.06276339 -1.95193900
309.97928090 -2.33079488 -1.94008105
309.54935263 -1.55245087 -1.93007083
309.11700541 -0.74558185 -1.90831667
308.69872593 0.04246254 -1.89101790
308.27570133 0.83984160 -1.87332389
307.84501338 1.63888264 -1.85256660
307.42667337 2.43388021 -1.84569350
307.02806376 3.24016961 -1.83546410
306.58343308 4.11500412 -1.82883246
306.17654091 4.95047719 -1.79460571
305.78846435 5.78065109 -1.76785976
305.39275322 6.61942080 -1.74602520
305.01669728 7.46619434 -1.73094021
304.64977692 8.30390617 -1.72076266
304.31263617 9.12368260 -1.69647063
303.98359248 9.98071994 -1.66270764
303.66584553 10.83801007 -1.63152812
303.35062115 11.68385555 -1.61491403
303.05245506 12.54548513 -1.57971677
302.77403021 13.41191427 -1.55890453
302.49298759 14.29728847 -1.54440518
302.22592677 15.19267542 -1.52468662
301.95287964 16.08354235 -1.50198935
301.65895165 16.98497179 -1.48089553
301.34727395 17.89346828 -1.46469145
301.05006978 18.77833064 -1.45589168
300.78235511 19.68984264 -1.44300577
300.48842217 20.59311929 -1.41706636
300.17988213 21.47235679 -1.40651380
299.87870642 22.36037376 -1.39139282
299.56839760 23.25650334 -1.37856804
299.23175583 24.14352060 -1.34504501
298.89724209 25.04003250 -1.30811024
298.58415827 25.91225876 -1.26589133
298.26118916 26.78508481 -1.23596888
297.90783568 27.68595593 -1.20644377
297.52472798 28.56824811 -1.18708932
297.15714402 29.46115101 -1.16952753
296.77250228 30.34556701 -1.14070887
296.37778111 31.26056542 -1.10895790
296.00053279 32.15945585 -1.08306329
295.61100586 33.05617947 -1.05786043
295.20431895 33.92473300 -1.03233143
294.81837413 34.79526840 -1.02733671
294.41874126 35.64304923 -1.00924327
294.00333660 36.49577904 -0.99495860
293.61076442 37.33958733 -0.97164030
293.21299739 38.19259380 -0.94819668
292.81931525 39.03723864 -0.92168225
292.45042832 39.86512216 -0.88070145
292.06417917 40.70677769 -0.86456540
291.69552840 41.53643373 -0.83276677
291.31299957 42.39211731 -0.79356306
290.94184909 43.24091148 -0.74812355
290.58762700 44.08770206 -0.71304927
290.22964562 44.89656250 -0.68521636
289.87192804 45.71998329 -0.65521485
289.53053402 46.52955790 -0.62472079
289.17825196 47.35486020 -0.59558353
288.82581829 48.14758266 -0.57029294
288.45328838 48.96406184 -0.52814218
288.09464648 49.78393970 -0.49402998
287.73081523 50.56415381 -0.45666346
287.38109095 51.34471131 -0.42555593
287.03510363 52.11767552 -0.38791619
286.68863941 52.86381535 -0.35727382
286.36351475 53.59840383 -0.34063290
286.04638327 54.32302740 -0.31153337
285.72929598 55.02128435 -0.26454696
285.42340347 55.70250369 -0.22657917
285.11932147 56.36019779 -0.19592095
284.84022629 57.01781212 -0.17729518
284.52535314 57.66701326 -0.15153961
284.22722776 58.29679695 -0.13052631
283.93731995 58.91582932 -0.10925642
283.64619648 59.53367332 -0.07753723
283.37015797 60.10500048 -0.04639728
283.08057842 60.70806631 -0.02564549
282.81627126 61.28115121 -0.00622052
282.59486504 61.80280390 0.01964983
282.35746128 62.31014747 0.05057813
282.12468336 62.80728390 0.06904797
281.90572902 63.25675318 0.08275756
281.70615874 63.70153713 0.10757625
281.50192873 64.16684140 0.12855779
281.31959783 64.57137225 0.16462240
281.15926125 64.96257505 0.18757847
280.99692700 65.34367888 0.20669445
280.85362780 65.69950319 0.23174310
280.72212374 66.04335229 0.25057847
280.58213279 66.37888731 0.27466169
280.44177220 66.72264541 0.30936012
280.35397278 66.95172193 0.32833857
280.26787046 67.16670496 0.33943208
280.20005026 67.36487175 0.34778513
280.13254372 67.56875254 0.35938063
280.07264850 67.78846570 0.37701621
280.00926151 68.01460684 0.38717745
279.94942925 68.21690972 0.39140930
279.89085033 68.43783463 0.40020000
279.83586038 68.68552699 0.40754015
279.78783707 68.89911557 0.42847365
279.74015977 69.07786232 0.44575848
279.67334560 69.29134729 0.46880704
279.61746507 69.52207015 0.48408825
279.55562766 69.74267632 0.48829335
279.51100100 69.97216298 0.49603889
279.45193248 70.24201180 0.51496201
279.39218662 70.51306003 0.53219105
279.33063697 70.83058227 0.55664131
279.26928317 71.18684893 0.58747341
279.19344729 71.55329303 0.61646694
279.10241583 71.94662965 0.64055053
279.03243664 72.36796848 0.65696004
278.94869993 72.82331968 0.67677063
278.84108273 73.28271342 0.72352969
278.78906616 73.77970865 0.76796576
278.69982468 74.29292325 0.81218234
278.57918409 74.80160921 0.86186572
278.43693026 75.31963076 0.89402261
278.34694390 75.88044305 0.92595539
278.25537573 76.46084027 0.95480671
278.11423582 77.01606735 0.99536485
277.97729599 77.61281218 1.02679979
277.81241724 78.20904073 1.05417195
277.62924598 78.83280682 1.08059640
277.45037798 79.44947281 1.12147503
277.26335173 80.07629724 1.15758969
277.05586027 80.73283473 1.21031343
276.85701525 81.38606484 1.25339613
276.64207513 82.05357539 1.29586920
276.39499504 82.70529701 1.32095414
276.14065117 83.39148012 1.38198825
275.85539552 84.09558086 1.43912313
275.57709116 84.80642292 1.47704218
275.31476143 85.50175852 1.53142129
275.03136566 86.22399945 1.57836394
274.71903179 86.95488701 1.63317967
274.39949118 87.68390375 1.68482933
274.10470370 88.39749607 1.73449899
273.78704892 89.13309729 1.78508040
273.46476524 89.88300991 1.83594049
273.14956131 90.62149872 1.87967071
272.81465012 91.42298187 1.94254020
272.48936946 92.17570016 1.99886740
272.13677898 92.97823882 2.06645397
271.78318860 93.77077966 2.12056563
271.43204529 94.55721095 2.17603032
271.07260632 95.34038892 2.21487822
270.72749335 96.11490915 2.25566808
270.37420281 96.93665420 2.31559489
270.02916556 97.74516883 2.37788262
269.67337681 98.52211023 2.42547679
269.30006145 99.30802336 2.48308452
268.92586048 100.09119484 2.53316304
268.57701508 100.85269374 2.57172195
268.22355879 101.62781484 2.63606215
267.86334280 102.36707432 2.69181443
267.50335195 103.08918682 2.73603813
267.15447381 103.84091880 2.77195853
266.79029066 104.61588201 2.82123565
266.43279373 105.36036491 2.89759894
266.07118804 106.10595147 2.94527503
265.70658031 106.81139832 2.97570381
265.37227958 107.51386166 3.02204071
265.02191605 108.21074200 3.06523645
264.68835516 108.88953225 3.10851298
264.36883395 109.54464947 3.15460669
264.03942843 110.16721664 3.20195076
263.69879896 110.79023359 3.23788537
263.36890439 111.40206035 3.27447198
263.03833610 111.98358642 3.31718101
262.74182807 112.51628875 3.33640901
262.44085375 113.05084379 3.34966023
262.14533710 113.55266634 3.36145319
261.81389713 114.07937309 3.39732737
261.49629094 114.59473332 3.42027946
261.18081072 115.08566003 3.45538062
260.85471251 115.55087278 3.48574270
260.52993950 115.96303512 3.50838229
260.18186527 116.40198236 3.54626247
259.80875310 116.82146777 3.57336260
259.44166178 117.22435583 3.59938338
259.04157379 117.60588561 3.62000942
258.65564518 117.95705064 3.64126417
258.22024508 118.33054318 3.66076814
257.75967735 118.68348565 3.68558517
257.28849880 119.02238483 3.69084992
256.82552511 119.34313851 3.70674405
256.33976156 119.65976506 3.72013894
255.81114941 119.95118253 3.73852976
255.30779439 120.22460778 3.75300032
254.74610349 120.52169377 3.76044118
254.17834722 120.79505163 3.74771171
253.61386499 121.05953733 3.74167236
253.01882541 121.35100291 3.72901198
252.39118197 121.67949105 3.72940991
251.73911279 121.97386521 3.71964107
251.08758555 122.28138592 3.71020200
250.42567527 122.61493177 3.69373024
249.75441404 122.95359132 3.68675058
249.02896682 123.28867969 3.67891989
248.32303290 123.63141489 3.66173818
247.61373609 123.96021917 3.65312293
246.89798297 124.29958739 3.62811641
246.16875069 124.62411781 3.61414495
245.40506317 124.96172689 3.58275353
244.62844289 125.34176741 3.56079591
243.82617603 125.72022929 3.55565403
242.98540483 126.11386804 3.53203648
242.13471536 126.51355290 3.52092996
241.29605621 126.89144423 3.50193153
240.44578046 127.28077318 3.48063976
239.59258965 127.67737174 3.43684437
238.73621722 128.09061379 3.40150627
237.90304293 128.48245992 3.39359048
237.04029196 128.90702622 3.35628048
236.16462980 129.31138508 3.35730382
235.26498765 129.72582274 3.36006069
234.33964366 130.15144790 3.35089860
233.40551654 130.59477233 3.33289863
232.49042842 130.99234283 3.29082615
231.55382875 131.40788751 3.24360059
230.61063130 131.84507915 3.19530591
229.67724838 132.25782558 3.15941488
228.71040557 132.66595888 3.12598401
227.73978707 133.07445474 3.09704836
226.82604514 133.46591073 3.05891531
225.87345400 133.86227588 3.03224456
224.93092003 134.25831747 2.99187721
224.02195584 134.62820766 2.93922923
223.07992993 135.01708927 2.89091495
222.15772001 135.37134020 2.85631507
221.23641968 135.75229335 2.84248437
220.27946711 136.11633362 2.81130109
219.33288893 136.48770162 2.76557096
218.44057779 136.82888352 2.72051975
217.55339883 137.18666771 2.67167297
216.63954099 137.54205242 2.62005139
215.73980463 137.90277285 2.58494394
214.82093062 138.26082624 2.54508959
213.89122216 138.62769998 2.53029301
212.96286260 138.96728500 2.50024141
212.04113607 139.31479771 2.47310471
211.11740049 139.65461326 2.41438700
210.24272260 139.98292030 2.37706380
209.35057630 140.32390917 2.33486090
208.44948256 140.63951173 2.29769184
207.54815233 140.97997182 2.25414082
206.63358778 141.31570862 2.22073225
205.74236597 141.63060424 2.16887840
204.83210564 141.95255790 2.11847317
203.96835133 142.25549799 2.07274462
203.09521567 142.55173051 2.02851944
202.21698720 142.86815589 1.98533483
201.35154857 143.15455746 1.93388157
200.53923259 143.43295138 1.88190998
199.74352077 143.71418379 1.84239444
198.92447183 143.98081205 1.79080980
198.12256070 144.24181933 1.75105731
197.33157358 144.52418537 1.71511261
196.57284103 144.78050375 1.68099633
195.81655912 145.03628469 1.64739311
195.12900229 145.29004341 1.61549451
194.44597135 145.50850838 1.56990506
193.79576528 145.73169986 1.53235157
193.14884336 145.94770023 1.49307253
192.52549034 146.17339318 1.46047239
191.90275043 146.39877875 1.41287617
191.31267488 146.63465899 1.36910295
190.72411262 146.86048215 1.32951229
189.90841088 147.07531118 1.30587876
189.34846235 147.32607406 1.27347717
188.81073147 147.57087858 1.23313313
188.29265331 147.83834106 1.19253437
187.78085850 148.11733373 1.14871060
187.27364304 148.41836847 1.10838814
186.76738690 148.73452979 1.05989194
186.29473210 149.07747233 1.01679028
185.84003008 149.41067914 0.97420457
185.38223055 149.77172543 0.94181355
184.92932654 150.15973924 0.90103975
184.49613611 150.57472551 0.85611456
184.10308862 150.99542763 0.81876442
183.75873113 151.45813019 0.78975639
183.42853470 151.94635426 0.74268460
183.12899268 152.46530514 0.71667679
182.86281545 152.96614839 0.68970183
182.62180493 153.50161214 0.67184678
182.40789796 154.02458082 0.63257084
182.23077725 154.59170289 0.57908531
182.10441892 155.15859669 0.55099222
182.00112943 155.75999778 0.54251614
181.91912014 156.39276489 0.53778858
181.84659017 157.01744186 0.52495867
181.82356453 157.64936906 0.50977223
181.80667953 158.25484184 0.50448424
181.84747063 158.92461577 0.49924528
181.89947446 159.57272075 0.47454853
182.02310194 160.24913912 0.47541659
182.14973859 160.92742134 0.47430615
182.31034429 161.59542655 0.47062411
182.48305645 162.27077123 0.48198480
182.67191705 162.95792445 0.49875918
182.88629870 163.67206899 0.50319909
183.10669935 164.37907275 0.50001129
183.35236401 165.06180994 0.49297051
183.60261598 165.76475148 0.47828375
183.84718503 166.46842227 0.47453726
184.10659057 167.17659291 0.46550851
184.36378662 167.86301002 0.46541148
184.64034033 168.61120593 0.46577071
184.91167545 169.35752417 0.46042761
185.20060902 170.07662719 0.46391008
185.44914932 170.76600676 0.45951993
185.70699891 171.47256118 0.44778636
186.00705365 172.21709665 0.46558782
186.28545289 172.95963437 0.47818143
186.58219329 173.71407321 0.50535675
186.89089628 174.51714299 0.52560628
187.19336272 175.30471122 0.54684612
187.49789241 176.12003642 0.55502283
187.81227894 176.90022814 0.55263361
188.10456612 177.70048625 0.54882674
188.43625071 178.52130734 0.53853290
188.76767936 179.34391201 0.52669736
189.10014367 180.19059650 0.51906409
189.43557546 181.04341515 0.52155370
189.78432733 181.91206930 0.53770363
190.14469197 182.80443337 0.55047456
190.52322488 183.71718118 0.54657617
190.90414662 184.63214781 0.54777065
191.28356127 185.52238820 0.53960661
191.67915225 186.44108135 0.53470213
192.06838220 187.34505136 0.51543975
192.47383971 188.29450064 0.49929785
192.88607699 189.24822198 0.50680697
193.30571596 190.20774356 0.52259747
193.72812586 191.18596481 0.52499577
194.13531333 192.14260507 0.50506900
194.55977290 193.10287004 0.49351654
194.99147290 194.06978208 0.48727663
195.42633132 195.04164515 0.49246947
195.85699041 196.02881483 0.49648341
196.28662459 197.02036724 0.49522713
196.72611367 198.01569523 0.48983672
197.15128733 198.99482046 0.48191431
197.59396958 199.98190784 0.46880230
198.03555964 200.96609065 0.45738248
198.48075488 201.95006865 0.44492552
198.91656582 202.90572607 0.44006442
199.36581946 203.87546421 0.44083271
199.80030536 204.82135503 0.43562740
200.24434857 205.79288106 0.43443745
200.68856485 206.75875369 0.43627802
201.12250356 207.73966453 0.43887634
201.55238735 208.70031490 0.43576624
201.98141903 209.65131839 0.42088859
202.40065988 210.58975824 0.40328147
202.83521986 211.52832894 0.40018145
203.26852525 212.43458219 0.40037156
203.70597239 213.36607276 0.40090531
204.14664619 214.29342271 0.39875173
204.60242299 215.26106417 0.39370993
205.05320275 216.21430539 0.38957028
205.50512967 217.17236036 0.38781688
205.95619536 218.11579016 0.38342397
206.40350274 219.05821453 0.39222086
206.84837544 219.97447421 0.39187846
207.28818680 220.90962217 0.38889113
207.74697034 221.82514556 0.38120719
208.18516223 222.71444401 0.37183370
208.61270314 223.59806245 0.36765365
209.03049363 224.51878564 0.36325070
209.47879318 225.41620411 0.36103119
209.91698014 226.34434950 0.36543932
210.36137177 227.29348631 0.35246930
210.79204633 228.22423140 0.33344931
211.21354099 229.14125438 0.31724957
211.64553865 230.07737107 0.29982930
212.07162484 230.99858336 0.28217443
212.49439780 231.91014855 0.26933470
212.91209780 232.81966776 0.26976152
213.31634475 233.72012193 0.25522579
213.74162816 234.65092851 0.23854811
214.15140555 235.56994620 0.23649415
214.55223632 236.49307799 0.23813406
214.95040080 237.40690793 0.24312867
215.33592327 238.31307560 0.23545235
215.72426808 239.22583379 0.22071140
216.09495579 240.13454268 0.21306669
216.46463334 241.05188726 0.21354106
216.83867391 241.96322920 0.18791038
217.22365227 242.87918917 0.18040031
217.61350959 243.79719898 0.16201665
218.00294767 244.69487284 0.15751354
218.40824608 245.61906529 0.14456906
218.81949604 246.54203771 0.14487046
219.24438289 247.46051177 0.13834325
219.66221455 248.40833064 0.13045418
220.11173424 249.36432003 0.11336168
220.54062488 250.28483759 0.08868181
220.97675690 251.21252705 0.06033359
221.43412934 252.15936463 0.03321757
221.88461584 253.07279613 0.00754018
222.34143804 254.01923232 0.00840370
222.79122870 254.91089615 0.01063464
223.22270489 255.75415205 0.01578847
223.65733944 256.62927298 0.01216861
224.11076447 257.51616963 0.01600872
224.56061899 258.39654907 0.01682986
225.02043674 259.29878884 0.01122958
225.48448123 260.19124161 0.00432761
225.94873933 261.05887967 0.01779006
226.41966787 261.95682194 0.01514746
226.88961530 262.83281503 0.00653132
227.33893235 263.69192899 -0.00937727
227.80689242 264.57456580 -0.01373611
228.26564992 265.43970202 -0.01362157
228.72763294 266.30925181 -0.01103888
229.18608566 267.15945705 -0.00728100
229.65410878 268.04578946 -0.01661496
230.11631337 268.91766711 -0.03204283
230.57814884 269.79180532 -0.03054104
231.02887727 270.63883920 -0.04180500
231.48103327 271.46392475 -0.05767721
231.93439328 272.31127373 -0.06921126
232.35856052 273.11005396 -0.07264230
232.79419029 273.92284073 -0.08203933
233.22047387 274.71561249 -0.09351473
233.63450218 275.50546419 -0.09726642
234.05828302 276.27482559 -0.09880219
234.47573997 277.02516521 -0.11467793
234.88789270 277.76621660 -0.12303615
235.30503411 278.49110011 -0.12773197
235.72805597 279.22171572 -0.11705245
236.14072501 279.89957656 -0.11648714
236.53488664 280.57233437 -0.11170976
236.92004747 281.21961814 -0.12034722
237.29422865 281.82697975 -0.13493862
237.66598128 282.45405968 -0.14810407
238.03219495 283.04922426 -0.15281718
238.39284134 283.63824202 -0.15117478
238.75338130 284.23206282 -0.15349439
239.11645239 284.82842060 -0.16205972
239.47837398 285.41673134 -0.16551851
239.82937585 285.99355576 -0.14746280
240.18853681 286.57808009 -0.13591054
240.52268498 287.14621661 -0.12957056
240.84852198 287.71942452 -0.13211237
241.17022658 288.29940638 -0.13569020
241.49215451 288.88638229 -0.13959251
241.79111015 289.45475676 -0.13347326
242.07752968 290.04413678 -0.13217591
242.35092810 290.65838007 -0.12319024
242.65564176 291.28679064 -0.12586936
242.94198325 291.91255809 -0.12575298
243.23141172 292.57325777 -0.12965191
243.49764731 293.23894784 -0.13118889
243.78234701 293.93191430 -0.13790257
244.06881015 294.64515666 -0.14431706
244.35756528 295.35987314 -0.13095161
244.66509084 296.10333277 -0.12005998
244.98143291 296.83860829 -0.12804228
245.31769411 297.57405063 -0.13640632
245.65828307 298.33920916 -0.13831306
245.99453241 299.13957094 -0.15155477
246.36222717 299.94048198 -0.14953592
246.73156095 300.71759636 -0.13758667
247.14374735 301.52909456 -0.13366303
247.57372791 302.32779168 -0.13956573
248.01446153 303.15435039 -0.14725226
248.46437410 303.98272124 -0.14832566
248.92319511 304.81654202 -0.13311331
249.39266098 305.67249410 -0.10923663
249.87789893 306.52188529 -0.09136486
250.35907025 307.36638627 -0.07495107
250.85509603 308.22470021 -0.06600125
251.35596462 309.09503132 -0.06117223
251.87378744 309.97990545 -0.05797463
252.39507196 310.87644742 -0.05029719
252.91696475 311.77930032 -0.04679014
253.44482242 312.69648662 -0.04666249
253.97993107 313.64414697 -0.06382484
254.48639401 314.54205668 -0.05888782
255.02239244 315.49491900 -0.06065318
255.53969256 316.41922021 -0.05453463
256.04269669 317.34566588 -0.05263652
256.55822468 318.27115314 -0.03617639
257.05374000 319.21147816 -0.01493563
257.54367494 320.14419236 -0.01027023
258.03787011 321.09609385 -0.00754193
258.54076406 322.05287127 -0.01055948
259.03316315 323.00763954 -0.01907405
259.51982777 323.95673928 -0.02587861
260.00126669 324.88959819 -0.02274801
260.46853046 325.82498816 -0.02737718
260.95142229 326.75152621 -0.03151919
261.42961767 327.69997536 -0.02956029
261.92698199 328.64648622 -0.02290275
262.39700613 329.57576139 -0.02029278
262.85743246 330.49511701 -0.02470088
263.33868681 331.41356717 -0.03750560
263.80441751 332.32256285 -0.03773556
264.27576117 333.21561680 -0.04170405
264.76220885 334.13970997 -0.04539998
265.24747895 335.02961521 -0.03401194
265.71442697 335.90613412 -0.01669109
266.18399510 336.79088150 0.00218346
266.63609303 337.64492270 0.01419180
267.08966538 338.48245859 0.04983715
267.52595231 339.31246410 0.05127838
267.96428884 340.13505322 0.05096081
268.38261595 340.96682460 0.05009267
268.80480821 341.75831476 0.05272717
269.20666906 342.56531296 0.05666267
269.62858872 343.35961565 0.05468584
270.03649108 344.16016090 0.05320588
270.43202097 344.94474614 0.04311949
270.81247008 345.72823054 0.03084331
271.17883619 346.51532813 0.02879091
271.54806583 347.29937621 0.01290662
271.90367972 348.06056662 0.00079338
272.24311093 348.82570418 -0.01463267
272.56723682 349.53293833 -0.03064357
272.89527856 350.22712710 -0.03923808
273.19348528 350.90589072 -0.03923010
273.48230568 351.54796490 -0.04017737
273.75174121 352.20543811 -0.04087011
274.00392829 352.82939587 -0.03224183
274.23892441 353.39831519 -0.03898684
274.45434658 353.96962415 -0.04294921
274.65247690 354.50445962 -0.04804463
274.84389849 355.01006443 -0.04266570
275.04367897 355.48843427 -0.04226194
275.23869484 355.95859700 -0.04551087
275.43242822 356.41517055 -0.04359084
275.64696938 356.85572679 -0.04450946
275.87431480 357.27297559 -0.04953353
276.11609833 357.66513754 -0.04011990
276.38061818 358.04991689 -0.03315224
276.64894004 358.41223135 -0.03821466
276.94453803 358.74130425 -0.04517298
277.25925485 359.07252762 -0.04183492
277.59372311 359.37850634 -0.03991175
277.96061554 359.65947077 -0.03487146
278.33165953 359.89435073 -0.02584825
278.71378322 360.13893865 -0.01379604
279.11675158 360.34552827 -0.00093154
279.48456064 360.45614000 0.00588998
279.87223485 360.55953362 0.03116780
280.28017222 360.65540089 0.03342060
280.69147023 360.74841972 0.04758653
281.12195439 360.80021842 0.04559165
281.50244969 360.80971570 0.06815738
281.88676697 360.78583680 0.02936330
282.32607235 360.78907364 0.00593501
282.77529507 360.74339154 -0.00578756
283.23646645 360.64866396 0.00268375
283.70481410 360.53136256 0.01318963
284.18109369 360.39803463 0.01743882
284.68311807 360.24371764 -0.00373729
285.17580959 360.07683898 -0.01178967
285.67390877 359.84906465 -0.00040222
286.14120819 359.68888887 0.01813971
286.66944965 359.44572447 0.02029767
287.21416177 359.18848765 0.01989058
287.75468684 358.93095298 0.01637957
288.33800709 358.66534820 0.01438879
288.88635693 358.37579686 0.02466279
289.44587378 358.09671838 0.03785067
290.01842812 357.80649762 0.03691254
290.62404697 357.51584695 0.02925791
291.22269610 357.21003218 0.02287622
291.84339854 356.90846289 0.03025639
292.45936994 356.59824962 0.02238211
293.08578969 356.29470195 0.01771362
293.75043646 355.98300839 0.00961569
294.41923055 355.65627113 0.00530232
295.10670486 355.33196984 0.01106354
295.81140980 354.98753458 0.01047101
296.51488959 354.64431002 0.00440057
297.25375794 354.28317856 -0.01017450
298.01407617 353.91034204 -0.02098172
298.78142371 353.53629138 -0.02829430
299.55612472 353.15328328 -0.03200595
300.35486795 352.75655237 -0.04440593
301.12124015 352.37585257 -0.05860509
301.91243975 351.98643776 -0.06738338
302.70916789 351.60305410 -0.06670481
303.49616708 351.22667776 -0.05862928
304.32148880 350.82318053 -0.04727735
305.13503985 350.41143764 -0.04446758
305.94330851 350.00076524 -0.04953847
306.77317008 349.57513701 -0.05623931
307.62711916 349.12936512 -0.06881137
308.46588843 348.68618439 -0.06839502
309.32327319 348.25224146 -0.08081610
310.16766146 347.82177020 -0.08955951
311.02126921 347.38108213 -0.09609078
311.89326962 346.94017083 -0.09900503
312.87247820 346.44701244 -0.08038627
313.77656219 345.99716538 -0.05445367
314.61115003 345.56615563 -0.03756889
315.40443481 345.15206705 -0.01666657
316.23505559 344.70854006 0.02297136
317.06051395 344.27509628 0.03310104
317.88642997 343.84015176 0.03104577
318.71495289 343.40568365 0.04559323
319.54613779 342.96861996 0.05419355
320.39453736 342.52751405 0.04739382
321.25034502 342.08315271 0.03242272
322.12095508 341.62639702 0.02616022
323.01278914 341.17093950 0.01726964
323.89224879 340.70501402 0.01764652
324.79365963 340.24268626 0.00191177
325.65887783 339.79903891 -0.01505758
326.49212061 339.36192459 -0.03059591
327.34449792 338.91671167 -0.04410672
328.16915863 338.48788736 -0.04078664
329.01910766 338.04904383 -0.04226578
329.85638052 337.61151261 -0.03417742
330.72213334 337.17268486 -0.00728714
331.54255784 336.74143137 -0.00265505
332.35448965 336.31328834 -0.00387667
333.18496732 335.87966863 -0.01361709
333.99874947 335.45291985 -0.01607681
334.82416216 335.03353817 -0.02529237
335.63012485 334.61857656 -0.01345222
336.43316990 334.20204650 0.00708341
337.23540427 333.80034255 0.02233324
338.04383498 333.38579929 0.03980155
338.85126928 332.96918534 0.05231844
339.67252619 332.54914698 0.06026890
340.47708314 332.13545091 0.07162391
341.30447662 331.72728640 0.07862985
342.10986403 331.33745670 0.08888624
342.90959506 330.95737739 0.09069344
343.73253107 330.59635652 0.08681277
344.56310831 330.22507477 0.08283267
345.37866738 329.86416865 0.08537364
346.22738676 329.51736162 0.08233516
347.07351549 329.17301256 0.08185062
347.90450868 328.85218935 0.07626836
348.74882716 328.54030056 0.06750009
349.55146173 328.24873159 0.05600296
350.38896670 327.94040233 0.05546190
351.20230050 327.65449068 0.06416274
352.04002481 327.37034286 0.07055988
352.84522782 327.09838837 0.07916565
353.64721263 326.83355658 0.06867909
354.44801287 326.56681577 0.06137670
355.25327223 326.32369444 0.05833917
356.06125671 326.08480717 0.07589178
356.86100809 325.85952114 0.08951119
357.68206166 325.63848992 0.09038131
358.48061708 325.42530624 0.08520637
359.30752767 325.21893954 0.08133799
360.13492019 325.02523717 0.08179054
360.95891780 324.83998247 0.08011545
361.79485021 324.65213000 0.07456691
362.67092122 324.47592440 0.07062250
363.50333373 324.30636664 0.06643594
364.30872714 324.15536132 0.06231844
365.14365641 323.99836277 0.04315433
365.95633139 323.85054982 0.03378673
366.78632917 323.71596717 0.03273919
367.60228686 323.59164022 0.03115736
368.43187618 323.46295951 0.03501598
369.21362957 323.35001261 0.04047508
370.00703035 323.23728341 0.03447566
370.80777479 323.12629850 0.03641734
371.62780061 323.02145650 0.04159249
372.43414131 322.92691787 0.06078511
373.23181176 322.84203676 0.06976025
374.02396481 322.76784533 0.07754305
374.80349982 322.69607083 0.08484659
375.59826286 322.63347935 0.09313368
376.36865106 322.58269405 0.10529426
377.13066485 322.53688215 0.11485772
377.90306122 322.50477332 0.12134419
378.67002549 322.46448129 0.13151634
379.42984599 322.42834031 0.13850603
380.21706631 322.40469990 0.14277252
380.98827628 322.38752608 0.15835099
381.77571475 322.36954423 0.17478384
382.53740216 322.36913431 0.18556787
383.29335129 322.36915005 0.18179356
384.01510997 322.38080190 0.17381610
384.73596493 322.40261001 0.16798456
385.44422628 322.42587877 0.16284576
386.14340995 322.45956935 0.16372614
386.83474649 322.49557125 0.16326496
387.50946089 322.53586282 0.16366282
388.15488935 322.57111480 0.16283653
388.77031955 322.62152175 0.15952415
389.36303636 322.65469739 0.15350295
389.93940552 322.69581726 0.15305581
390.49310749 322.72871623 0.15009163
391.02935987 322.76416430 0.14858576
391.54590065 322.78875265 0.15270067
392.04009785 322.80519185 0.15901479
392.51038422 322.81119731 0.16510802
392.94550040 322.81473038 0.16733666
393.36886664 322.80564099 0.17159858
393.78582845 322.79582210 0.16475921
394.17315758 322.77641963 0.16454176
394.57062834 322.75456883 0.15624992
394.95120526 322.72385067 0.15178745
395.35957180 322.67527844 0.14044856
395.74596140 322.62332198 0.13230507
396.13874770 322.55425681 0.11773228
396.52346403 322.47442399 0.11378449
396.90067875 322.37182993 0.12241985
397.27114344 322.27328019 0.13012140
397.61920622 322.15962778 0.13975343
397.96433246 322.04637825 0.14049275
398.30680812 321.90126559 0.12815854
398.66909408 321.74068740 0.12146236
399.01409294 321.55100617 0.11593450
399.35331425 321.34274053 0.11056659
399.71151675 321.11945837 0.11857267
400.06507361 320.88523382 0.13031535
400.42570559 320.62906245 0.14074041
400.76031365 320.33641136 0.14723565
401.11276303 320.01741977 0.14607159
401.43187260 319.68010235 0.15025920
401.74301977 319.33133951 0.15455348
402.04330183 318.92961988 0.15262132
402.32368317 318.46287818 0.13913491
402.60000959 317.98979105 0.13424334
402.86273611 317.47371180 0.12202934
403.10153637 316.90378846 0.11819387
403.32800269 316.29636082 0.11870970
403.51947470 315.65839224 0.11417428
403.70603949 314.98176784 0.10860437
403.88053051 314.31444192 0.10600603
404.03256009 313.62285366 0.10261028
404.18891106 312.89780413 0.09888738
404.34110754 312.13056893 0.09612280
404.47779387 311.35168190 0.09448912
404.60681188 310.56354533 0.09496670
404.75109082 309.75137994 0.09066518
404.89616211 308.88286777 0.08674413
405.03465845 308.00289818 0.08105410
405.17341179 307.12925198 0.06975892
405.30648562 306.22233499 0.06234010
405.45367687 305.30086588 0.05552057
405.60033285 304.33931948 0.06267450
405.74224290 303.38688958 0.06932856
405.89689366 302.43718155 0.06093437
406.03623337 301.47631679 0.06577565
406.15665373 300.50312054 0.06797306
406.29947288 299.52094566 0.06812551
406.45442184 298.54918864 0.07297104
406.59572507 297.58511075 0.07291708
406.74536240 296.59445417 0.07928557
406.89168280 295.59198282 0.08405460
407.04516993 294.61761627 0.09548421
407.18618328 293.63606568 0.09920544
407.30160070 292.65896979 0.09688655
407.42917323 291.68288001 0.10115904
407.56333411 290.66803708 0.10372019
407.69041708 289.69141028 0.10044687
407.82088571 288.69507320 0.10325391
407.95719726 287.69889105 0.10016319
408.10099842 286.70685558 0.10479296
408.24222219 285.69656628 0.10705390
408.37848029 284.70397018 0.10701541
408.51065436 283.70065363 0.09990194
408.64042597 282.69451081 0.09736699
408.77457209 281.71149901 0.09772999
408.89470256 280.75788862 0.10440773
409.02595945 279.83171852 0.10662875
409.15986907 278.88482799 0.11614446
409.28369264 277.92895186 0.12689697
409.41437785 276.98909405 0.13285006
409.53252777 276.10129458 0.13815833
409.64904528 275.13834040 0.14117675
409.77992748 274.15780449 0.15606242
409.89357337 273.21839157 0.16262275
410.00159973 272.26254187 0.15609884
410.12957432 271.33314864 0.14680208
410.25338079 270.36063250 0.13657032
410.38370701 269.36096265 0.12217150
410.51329426 268.37407722 0.11037286
410.65402411 267.37913899 0.10649958
410.79461569 266.40092046 0.10145449
410.94071559 265.38254382 0.09038459
411.08740680 264.38727756 0.08848412
411.24477028 263.35830138 0.09280849
411.40451587 262.33475242 0.08673815
411.57518212 261.30360310 0.07175588
411.73369178 260.25021483 0.06723842
411.89289039 259.21054786 0.07566000
412.04713793 258.15618580 0.08035421
412.18924185 257.14660124 0.08964233
412.34494257 256.11350656 0.09053884
412.48394911 255.04046346 0.09433353
412.63921741 253.99085640 0.09114234
412.79988650 252.97608198 0.08490955
412.95878548 251.93568252 0.08232080
413.12288744 250.88816865 0.07485264
413.28794088 249.86628483 0.07172673
413.44803412 248.84548010 0.06452438
413.60891817 247.78291018 0.05907955
413.77482524 246.76537696 0.05632041
413.96632148 245.72273295 0.05083250
414.12152562 244.73893420 0.05109613
414.29616590 243.75532209 0.05352089
414.45754721 242.76762016 0.05340331
414.62774529 241.78658860 0.05356014
414.78936279 240.82138853 0.05462449
414.94799831 239.86569168 0.05509103
415.09714906 238.93620707 0.05004372
415.24505408 238.02376056 0.04899576
415.37552513 237.14573231 0.05709728
415.50909405 236.28058614 0.05151682
415.64053030 235.44341622 0.05762538
415.76701910 234.61166865 0.05227418
415.88794033 233.82027183 0.05150120
415.98283121 233.03814346 0.05213848
416.07320731 232.28826581 0.05819250
416.13813470 231.56802776 0.06352177
416.20079495 230.86424219 0.06759312
416.24645550 230.14765638 0.07106716
416.27095772 229.47062198 0.07208373
416.28555966 228.84429381 0.07879151
416.26976248 228.21169589 0.08057722
416.23266143 227.56566308 0.08232653
416.16408201 226.95211583 0.08856449
416.07347420 226.32291496 0.09471107
415.94289975 225.72893362 0.09647574
415.78266380 225.13236372 0.10127364
415.59318975 224.56872332 0.10405712
415.36085729 224.03669870 0.10015359
415.08500423 223.52576176 0.09921613
414.76663008 223.04925408 0.09326469
414.43523621 222.60127902 0.09609165
414.08869392 222.17825903 0.09126396
413.70650815 221.80028144 0.09547750
413.28821768 221.47232206 0.09570099
412.84332813 221.15263406 0.09493551
412.36665746 220.81722446 0.09556493
411.84878895 220.54842541 0.09943774
411.33818538 220.30546531 0.09854617
410.81784396 220.06821233 0.09635126
410.25894124 219.83739011 0.09185209
409.69385357 219.65965151 0.08064512
409.09978447 219.48469328 0.07147755
408.53030840 219.36263340 0.05923880
407.92562754 219.23644025 0.04571514
407.29739075 219.15047113 0.02497777
406.66111288 219.07597509 0.00522707
405.98806198 219.01613177 -0.01354657
405.30263208 218.98187647 -0.03434744
404.61327385 219.00880749 -0.05446067
403.91855782 219.04121168 -0.06289802
403.18417410 219.10417489 -0.07969786
402.46404940 219.18534452 -0.08823618
401.73120829 219.28793965 -0.09215482
400.97479942 219.42023130 -0.10852627
400.20000165 219.57476096 -0.10733281
399.38656714 219.76378564 -0.10920440
398.57218542 219.94748460 -0.11217013
397.75105486 220.15656965 -0.11936996
396.90995185 220.37097448 -0.13353049
396.05152930 220.61637070 -0.14458267
395.18737421 220.87224352 -0.15381610
394.30708381 221.15644962 -0.16809121
393.44150642 221.45800522 -0.17714629
392.58496756 221.76608105 -0.18324388
391.72283362 222.09593128 -0.19243937
390.84332688 222.43262074 -0.19762261
389.92351497 222.78842347 -0.20195545
389.00141769 223.15432307 -0.20088339
388.08464297 223.51488481 -0.19035045
387.10697167 223.91683722 -0.18903021
386.18609230 224.29077356 -0.17636970
385.23584894 224.68893261 -0.16906295
384.27075034 225.09015061 -0.16401645
383.30217711 225.50048422 -0.15458591
382.33699068 225.90332504 -0.13564957
381.36784171 226.30892090 -0.12222513
380.39098699 226.73281652 -0.11266424
379.41117163 227.15153494 -0.09591311
378.45245306 227.55185380 -0.08870342
377.48666182 227.96750587 -0.07803001
376.49142876 228.40170775 -0.05712913
375.48520820 228.85190226 -0.04413919
374.49211793 229.29470492 -0.03438087
373.49742015 229.74900638 -0.02130727
372.48354944 230.22086386 -0.00864661
371.47167465 230.69663821 0.00121939
370.43496696 231.17145500 0.01334766
369.41007426 231.64969893 0.02422756
368.40781191 232.11426324 0.03949514
367.43423209 232.58253765 0.04386704
366.43012424 233.06427587 0.05816832
365.42689399 233.55384634 0.06763409
364.41502828 234.04970498 0.07263825
363.40886528 234.52894799 0.08295178
362.40790788 235.03050893 0.08966000
361.38893542 235.53213411 0.09030255
360.37441895 236.03739008 0.09545232
359.35958715 236.53918672 0.08779542
358.35060317 237.04003949 0.08833992
357.32229213 237.53120090 0.09505395
356.34360896 238.00315042 0.08960966
355.37901589 238.47842831 0.09291617
354.41481550 238.95305532 0.08699274
353.47035664 239.43691060 0.09340549
352.52811063 239.91141904 0.09446524
351.60218287 240.39428874 0.09446260
350.66088792 240.86503222 0.08846558
349.71795650 241.33071453 0.08294395
348.76745257 241.80750440 0.06892622
347.82855020 242.26922731 0.05708144
346.90836839 242.74334150 0.04707850
345.98284232 243.21451955 0.04815006
345.06604053 243.67192222 0.05116816
344.14222528 244.14610295 0.04892417
343.23761053 244.60260611 0.04987892
342.29186524 245.10404023 0.04734682
341.37665986 245.58409757 0.04939810
340.43790435 246.08039287 0.03959934
339.55343331 246.55039016 0.04514432
338.65486848 247.03132852 0.05135572
337.78248081 247.49764193 0.06031661
336.91680740 247.96119759 0.05821179
336.06384861 248.42547636 0.05157345
335.25152684 248.86011614 0.05072930
334.47392637 249.29842402 0.04491430
333.70775883 249.72685257 0.04717196
332.96743050 250.14577334 0.05511131
332.24306684 250.56918873 0.06255214
331.51625235 250.97941080 0.06917370
330.82221801 251.38064803 0.06910920
330.13352435 251.77576052 0.07347853
329.44652381 252.16454326 0.08036315
328.78314273 252.53680481 0.08523598
328.15191663 252.89198575 0.08736185
327.52006276 253.22433725 0.08716543
326.90719066 253.55076116 0.08074457
326.30084969 253.85283874 0.08313514
325.69994989 254.14351506 0.08571306
325.12736460 254.41479008 0.08607696
324.57383079 254.66294814 0.08496473
324.04779137 254.89360242 0.08388017
323.52806796 255.08864932 0.08401709
323.04261479 255.24969347 0.08235616
322.55232028 255.37302754 0.07859190
322.08332647 255.46915352 0.07652289
321.61356140 255.54476861 0.07831514
321.14168468 255.59260668 0.08057248
320.67659934 255.60924345 0.08428270
320.23554546 255.58450409 0.09246247
319.80563706 255.52102598 0.09541380
319.38696171 255.43201645 0.08885249
318.96455808 255.31515935 0.08812315
318.56208850 255.15775724 0.09600778
318.16065165 254.96266030 0.09225549
317.76344880 254.73286447 0.09076317
317.39257689 254.48690383 0.09294885
317.01625071 254.20317287 0.09509162
316.63658641 253.88588747 0.08761180
316.26853710 253.53824106 0.08207795
315.92625068 253.16326945 0.07021512
315.56876442 252.77237469 0.06106830
315.22339123 252.35003311 0.04949239
314.88083249 251.91442264 0.04826202
314.53733969 251.45920529 0.05072906
314.18579343 250.98582157 0.05216543
313.85320363 250.49156869 0.04209058
313.50682658 249.97622898 0.02853909
313.16228217 249.44372513 0.01714447
312.80931433 248.89842416 0.01567235
312.46263021 248.34471860 0.01273995
312.09395695 247.75128692 0.00748127
311.73223915 247.15757868 0.00096701
311.35842835 246.54349878 -0.01328404
310.97563881 245.92554931 -0.01811329
310.58110321 245.27279578 -0.01842288
310.19033941 244.60885032 -0.01970097
309.78637793 243.91019975 -0.02527370
309.38604162 243.20335338 -0.02552269
308.97848251 242.49045945 -0.02942025
308.57439413 241.76852533 -0.02411795
308.16016027 241.02748637 -0.02188798
307.74405453 240.27971107 -0.01162488
307.31260680 239.50072459 -0.00207131
306.87706968 238.70594751 0.01528872
306.43273710 237.89373535 0.01840740
306.00109907 237.08539288 0.02578369
305.56431504 236.23368146 0.03013934
305.12848258 235.37844116 0.03032117
304.67624141 234.49407152 0.03171117
304.21339721 233.61178330 0.01875591
303.74414320 232.69989698 0.00573417
303.27781418 231.78032954 -0.00009658
302.78044645 230.82936477 -0.00280129
302.29815644 229.88672187 -0.00371919
301.80169012 228.92160345 -0.01943017
301.32012687 227.96204168 -0.02735296
300.80753853 226.96695953 -0.02844362
300.30638811 225.98714599 -0.04036201
299.81653670 225.03010722 -0.04942273
299.32198388 224.07663398 -0.03493502
298.84549100 223.13738941 -0.02553327
298.37723885 222.18774378 -0.01310817
297.89724971 221.23030517 -0.00970826
297.43514322 220.28173609 -0.00164133
296.94821912 219.32232244 -0.00088949
296.45113633 218.35931148 0.00572503
295.94411879 217.38847539 0.01789818
295.44417004 216.42261243 0.03263538
294.94021508 215.44348846 0.03074459
294.45916471 214.49676169 0.02923203
293.98099073 213.56788328 0.02874532
293.49955862 212.62224475 0.02266608
293.01163350 211.66766498 0.03429207
292.51065117 210.70462603 0.03946404
292.03290827 209.75809732 0.03687774
291.53209410 208.78267796 0.03337029
291.01839895 207.76866526 0.03378227
290.49109537 206.74477963 0.03115112
289.95072105 205.71575400 0.03499139
289.42049259 204.72601686 0.03086161
288.89449215 203.73340666 0.01490944
288.37676892 202.74334749 0.00198709
287.85614210 201.76029462 0.00123657
287.34723177 200.79852409 0.00452421
286.82987123 199.82488208 0.01594120
286.31411553 198.83572625 0.01269907
285.78513041 197.82875438 0.01894235
285.26345561 196.81578364 0.03016713
284.74410918 195.80565008 0.03693179
284.21502470 194.78267042 0.05117204
283.69954681 193.78314389 0.05406192
283.17816727 192.79363189 0.05429171
282.65818076 191.80732792 0.04884340
282.13491220 190.81322269 0.03721792
281.61667683 189.85019130 0.03400454
281.09273125 188.87969551 0.03091475
280.55038735 187.87587252 0.03076132
280.00266908 186.86319828 0.02890689
279.46814135 185.85864497 0.03496835
278.93318801 184.85950880 0.04685902
278.40906126 183.87206214 0.05973142
277.88710304 182.89528542 0.06502803
277.34622511 181.88142973 0.06774141
276.84162537 180.91740317 0.05666283
276.32190600 179.91943071 0.05725561
275.77828150 178.87772146 0.06120126
275.23955135 177.84071333 0.07870361
274.71187278 176.82099614 0.09771994
274.17193692 175.78220563 0.10223231
273.63973142 174.76156609 0.09676384
273.09514515 173.72747504 0.08419469
272.56016140 172.69594535 0.07593604
272.02248809 171.65836080 0.07285717
271.51044493 170.65871549 0.06990550
270.98864670 169.64808723 0.07402949
270.47322512 168.63386721 0.08325853
269.94016314 167.61811420 0.09966187
269.39955800 166.56740951 0.11399756
268.85365570 165.50473255 0.11892632
268.32441844 164.47628921 0.12227708
267.81506376 163.48063892 0.10929449
267.30409342 162.49948605 0.09445174
266.78484542 161.51401673 0.09781916
266.26912536 160.52787332 0.09556123
265.75302835 159.53484310 0.11341690
265.23014710 158.52482149 0.12605584
264.70963801 157.51645631 0.13050849
264.21175240 156.52624936 0.12549358
263.71167124 155.55178904 0.11394640
263.20140627 154.55339234 0.09919636
262.70421063 153.56522204 0.06206879
262.20683426 152.58549349 0.04054920
261.71835230 151.62471118 0.02569589
261.25422201 150.68208944 0.01882927
260.77068314 149.73522355 0.01869775
260.27994195 148.77904514 0.03685296
259.79425585 147.84444970 0.05112717
259.31975995 146.90149006 0.06156707
258.85264654 145.97470748 0.05976658
258.38652425 145.06217802 0.05210485
257.93702049 144.16809565 0.03120291
257.49251635 143.27356293 0.02481665
257.03531075 142.36110360 0.01932598
256.58997369 141.44558182 0.02242562
256.14482302 140.54215371 0.03232792
255.71421834 139.65467527 0.04746404
255.26084092 138.76405754 0.07114683
254.85762630 137.93502659 0.06064862
254.48860258 137.16424633 0.06037265
254.11779166 136.38823213 0.05919651
253.75228972 135.61973305 0.06740459
253.37710375 134.83191750 0.06882342
253.02711871 134.09805001 0.07226785
252.68219215 133.36574576 0.08323556
252.34562862 132.65339572 0.08987341
252.02689424 131.98090426 0.09615485
251.72268798 131.33121137 0.10279787
251.42933543 130.69583985 0.09705317
251.14595569 130.06774015 0.08498047
250.88293395 129.48857102 0.09479078
250.63523924 128.89548909 0.10329454
250.38267663 128.31573227 0.10979105
250.13748825 127.75570130 0.10253188
249.89465727 127.21832881 0.10219568
249.65812801 126.70267589 0.08978784
249.41851198 126.19947141 0.07935887
249.18779744 125.72358719 0.07181490
248.94498619 125.24053107 0.05859244
248.71026185 124.80314950 0.04848639
248.48945665 124.40452657 0.04490569
248.23768309 124.00904562 0.04867110
248.01026834 123.63655950 0.05100893
247.75016273 123.28527328 0.05567761
247.48282462 122.92563681 0.04919397
247.19776997 122.60213401 0.04840908
246.90648768 122.29130840 0.04729409
246.60933355 121.99376051 0.05205827
246.30618682 121.70494630 0.05364400
245.97831599 121.45498507 0.06058371
245.64454911 121.19464498 0.06052638
245.28642040 120.96922434 0.06242643
244.92490980 120.76299723 0.06010522
244.52631558 120.55105604 0.05834432
244.12923522 120.36971550 0.06394551
243.72786609 120.18123799 0.06110930
243.33567700 120.00212850 0.05954189
242.88628532 119.87746392 0.05873782
242.43594558 119.79635899 0.03577649
241.96340979 119.73232411 0.03499709
241.44427444 119.67582737 0.02665626
240.93247676 119.65961820 0.02598117
240.42730866 119.63795842 0.02759739
239.90275254 119.65470090 0.01913197
239.35998271 119.72873573 0.00838959
238.82371524 119.82409606 0.00982046
238.26625597 119.93972262 0.01316187
237.70931434 120.07816117 0.01631976
237.14443761 120.25739939 0.00939572
236.55856739 120.44832012 -0.00401192
236.00768279 120.67154542 -0.01499341
235.41839803 120.89822206 -0.02331077
234.82946258 121.16352399 -0.02286338
234.22865542 121.44478676 -0.01293426
233.60791761 121.75642917 -0.01642586
232.97512736 122.08666511 -0.02129171
232.33022281 122.42279319 -0.02057840
231.66363831 122.76503939 -0.01664514
230.98290787 123.13236377 -0.02677766
230.31001713 123.50074704 -0.03945486
229.59717468 123.89378409 -0.04531192
228.88379373 124.31758040 -0.04591643
228.14528421 124.75159404 -0.04800291
227.41052193 125.18419110 -0.04119140
226.63598678 125.62917541 -0.01600069
225.85042953 126.08620858 0.00359179
225.05110000 126.55628402 0.01707462
224.22765613 127.03335654 0.02991047
223.39622026 127.51370266 0.01442992
222.55405278 127.99195663 0.00678184
221.69147341 128.50207030 -0.00978574
220.80746435 129.00817022 0.00234321
219.90711350 129.51071711 -0.00109149
219.01335890 130.00122825 0.01189611
218.12567254 130.49807274 0.01325451
217.24147576 130.98823428 0.02912993
216.37223160 131.45442489 0.01542033
215.49101849 131.94139266 0.01513634
214.64724466 132.39025201 0.01072922
213.79671247 132.84376440 0.02301743
212.94555091 133.29841095 0.03756777
212.06462488 133.75135274 0.04921556
211.19803357 134.19903813 0.05825180
210.35160705 134.63471497 0.06825276
209.48682236 135.04678450 0.06081871
208.65478377 135.46976378 0.06773365
207.80367586 135.89543293 0.07260034
206.96877807 136.32065379 0.09780621
206.10534945 136.73966609 0.10468229
205.24856109 137.17050304 0.13347645
204.40001927 137.58706122 0.15165279
203.51930201 138.00959165 0.14883329
202.63603126 138.45026842 0.14084250
201.76159913 138.86006141 0.14106493
200.88732522 139.26872661 0.13106363
200.05977921 139.65837949 0.12844087
199.19390305 140.07315261 0.13060664
198.35663960 140.47280697 0.14365852
197.48901605 140.86912412 0.13857702
196.62161599 141.26626585 0.14144884
195.78887625 141.66009080 0.14592350
194.93929485 142.05886359 0.15183100
194.09517606 142.46099458 0.15149354
193.28719730 142.82212468 0.14936241
192.53973495 143.17072839 0.15975469
191.74340104 143.53267460 0.16693779
190.95751986 143.88785300 0.17786740
190.21042571 144.25099506 0.18829036
189.48845270 144.57789764 0.20416329
188.76777004 144.91002094 0.20821360
188.10666727 145.23335348 0.21998711
187.47530733 145.53368456 0.22188223
186.86732905 145.83207160 0.22761889
186.25583134 146.12121121 0.23721605
185.71569717 146.37295976 0.24180710
185.19394002 146.61985685 0.24698197
184.68009003 146.87940567 0.24017883
184.20643933 147.12243861 0.23378846
183.72382502 147.38362835 0.23601069
183.28548274 147.62285267 0.24444166
182.85559731 147.85796758 0.24456935
182.42817231 148.10213774 0.24679603
181.99799733 148.33762355 0.24273612
181.60225551 148.58131655 0.24248507
181.20154991 148.85800853 0.24205726
180.77989174 149.13087515 0.24283672
180.38778265 149.42041588 0.23779524
180.01040374 149.72456224 0.24260875
179.65670911 150.02597050 0.23111947
179.30935042 150.35043632 0.22407036
178.98704225 150.69793780 0.21154188
178.66174217 151.02994435 0.20699804
178.35666014 151.38582053 0.20563368
178.05766591 151.72977532 0.18386849
177.78606002 152.13727631 0.18215810
177.51850215 152.54316776 0.17645758
177.27679640 152.97885776 0.18931969
177.03156086 153.41512383 0.18662004
176.80679859 153.83789286 0.18373135
176.62793125 154.28660016 0.18825399
176.46666810 154.75595524 0.18156357
176.32581211 155.20471795 0.17487798
176.21469806 155.69484784 0.15141558
176.12655580 156.18264077 0.13627089
176.08029277 156.67633806 0.12620897
176.04272395 157.20238019 0.12753616
176.03422403 157.70669407 0.13269085
176.02798431 158.19645734 0.14446750
176.03043005 158.66705340 0.13327163
176.08833423 159.17252607 0.12632608
176.17261404 159.68137654 0.13131783
176.27463053 160.19459587 0.14014794
176.38181221 160.69251779 0.13857273
176.51152183 161.18862566 0.12496842
176.65909061 161.66779142 0.12866840
176.82304318 162.14911897 0.11757185
176.99790447 162.61930765 0.11294203
177.17643197 163.08452556 0.11125317
177.39813328 163.57305801 0.11029140
177.62935426 164.06322338 0.11527558
177.84768787 164.53852779 0.12041355
178.07145099 165.00431442 0.12645124
178.29971081 165.47624182 0.11590172
178.54351025 165.94388128 0.09956507
178.79222991 166.41357233 0.09183424
179.02774594 166.88452941 0.08745352
179.24575877 167.34092237 0.07871771
179.47403887 167.79389568 0.06582328
179.69277866 168.24209517 0.05309390
179.89051204 168.71868943 0.04952124
180.07765034 169.18763504 0.05003132
180.25695309 169.67009015 0.05050450
180.41163008 170.13662790 0.05141563
180.55655436 170.62738182 0.05336695
180.67987629 171.09428508 0.05593399
180.76819380 171.55370668 0.05266890
180.82091563 172.00907618 0.05389949
180.86646729 172.45965914 0.04848514
180.87290206 172.89854265 0.04668423
180.85116150 173.33107645 0.03762215
180.83013960 173.79510775 0.03195467
180.77332921 174.22069754 0.03085223
180.69013466 174.64904178 0.03457048
180.56203581 175.06151516 0.02995538
180.40261436 175.45889219 0.03047356
180.23440580 175.85163706 0.00796419
180.05490514 176.22664330 -0.00813773
179.86521696 176.60876238 -0.03355687
179.62843164 176.96993590 -0.03587964
179.34755577 177.30152327 -0.04472788
179.02581539 177.63806769 -0.04729591
178.67908316 177.92809557 -0.06455456
178.33210089 178.21905050 -0.07182799
177.94691860 178.52758038 -0.08616641
177.55315347 178.81700305 -0.09603396
177.11774705 179.10960245 -0.11481112
176.68189959 179.36843641 -0.12744016
176.21909157 179.61999136 -0.15097425
175.74522169 179.87787389 -0.16850122
175.24706529 180.15003354 -0.18651095
174.71863084 180.41607343 -0.19790442
174.19578736 180.67923175 -0.20269271
173.63804629 180.94996180 -0.21491001
173.04816431 181.24131482 -0.22899052
172.44082894 181.55530772 -0.23802842
171.82436577 181.89306567 -0.24651386
171.19774118 182.22515559 -0.25251306
170.55060845 182.56753651 -0.26162515
169.89091278 182.91051337 -0.27347512
169.21094539 183.26808691 -0.28058375
168.51590448 183.64456125 -0.29437190
167.80784566 184.01459263 -0.30452214
167.06359447 184.41091566 -0.31944893
166.31043034 184.83386641 -0.33054082
165.56567292 185.22286061 -0.33542453
164.78013379 185.65772785 -0.34646796
163.99732562 186.07101138 -0.35577995
163.17517992 186.50998063 -0.36019921
162.33877325 186.94960714 -0.36172510
161.49935371 187.38431580 -0.37809187
160.64965566 187.82977245 -0.39486638
159.78299947 188.26751599 -0.40203223
158.89820387 188.72425512 -0.40592993
158.01115476 189.20484336 -0.41596156
157.10596134 189.67780343 -0.41955464
156.17403643 190.15792193 -0.44117974
155.24148604 190.64779946 -0.46128894
154.29050404 191.14234838 -0.48336376
153.32100610 191.63327451 -0.48660248
152.36249452 192.13113762 -0.49908600
151.41705094 192.61181493 -0.50409709
150.45858368 193.10058041 -0.51173153
149.50064806 193.60712629 -0.51595012
148.55198837 194.11351596 -0.52019902
147.62750509 194.61373261 -0.52196327
146.65187080 195.15597672 -0.51939561
145.70807693 195.68317942 -0.51705053
144.75835052 196.20379382 -0.52636910
143.80782966 196.70901591 -0.53586514
142.82360575 197.23456683 -0.54225185
141.83778820 197.74627141 -0.56443845
140.89541020 198.24460006 -0.57291436
139.94950111 198.73842249 -0.59523411
139.02246139 199.22426856 -0.60700654
138.11543833 199.70520770 -0.61095312
137.19778927 200.18621265 -0.61209582
136.29751836 200.64841729 -0.60099607
135.38070265 201.12950940 -0.59955108
134.50563555 201.58861684 -0.60399838
133.62612117 202.05594027 -0.61447076
132.77213108 202.50242353 -0.63001638
131.91666361 202.95415767 -0.63598792
131.08623001 203.39584783 -0.64340499
130.26255460 203.84831750 -0.66032257
129.45901891 204.27754559 -0.67258539
128.68969642 204.69037808 -0.68102462
127.95168412 205.09686736 -0.69169313
127.22054340 205.49755600 -0.69833344
126.51906234 205.88777287 -0.71081656
125.83069133 206.26191106 -0.71252068
125.17379948 206.61403285 -0.72069192
124.54250281 206.96033864 -0.72995134
123.93673866 207.28512297 -0.73532958
123.35617363 207.60596654 -0.75236080
122.79495295 207.91563127 -0.75749147
122.25539944 208.20893824 -0.75863196
121.75890614 208.49128826 -0.76266058
121.28819940 208.76239988 -0.77290188
120.87615279 209.00128501 -0.77902251
120.45149157 209.24998651 -0.78588971
120.06748443 209.48921829 -0.78883619
119.70292644 209.70825786 -0.79563173
119.39233958 209.91254728 -0.79588759
119.08662770 210.11614825 -0.80956621
118.79652608 210.31315950 -0.80722806
118.55319650 210.49192460 -0.80729344
118.31167241 210.67301591 -0.80642654
118.10936756 210.83025407 -0.81400705
117.90077875 210.99268980 -0.81674308
117.68973362 211.15448427 -0.81887680
117.49514853 211.30502902 -0.82250353
117.29297025 211.46282513 -0.82527530
117.12691639 211.59627462 -0.82349666
116.95311520 211.75745799 -0.82163245
116.78079210 211.92670916 -0.81860374
116.60320305 212.09800149 -0.80686988
116.42196753 212.27226567 -0.80010535
116.24752631 212.42400381 -0.79844685
116.08405958 212.59011455 -0.80579434
115.89235690 212.79625234 -0.81049336
115.69956108 213.00305251 -0.81334493
115.51649659 213.24130951 -0.80465338
115.32020089 213.48879569 -0.79269330
115.11179856 213.78682846 -0.78776283
114.90964540 214.06388329 -0.78224359
114.70971691 214.36239583 -0.78275214
114.52546359 214.70918384 -0.78656679
114.36603453 215.06461587 -0.78460811
114.20478596 215.45138815 -0.78230551
114.05977293 215.85619602 -0.78898109
113.91967897 216.28112784 -0.80134352
113.82217218 216.71803237 -0.81721823
113.74458576 217.18613542 -0.82967209
113.69273570 217.67204404 -0.84439075
113.68913235 218.21861204 -0.84539653
113.72585489 218.78375244 -0.84195093
113.79106026 219.33750452 -0.84759972
113.86976650 219.90413758 -0.85429099
113.98203754 220.49624977 -0.87387728
114.13752643 221.10418135 -0.88556820
114.33094017 221.72300257 -0.88852871
114.55981790 222.34112873 -0.89697342
114.83659397 222.97816522 -0.90266549
115.13545760 223.61967418 -0.90240588
115.47473509 224.28274470 -0.90410814
115.81904222 224.94522750 -0.90875668
116.19380292 225.64631148 -0.91670561
116.57056136 226.34130285 -0.92418962
116.96263573 227.08501551 -0.93653541
117.34504801 227.80658473 -0.94632899
117.75279965 228.55559998 -0.95235873
118.17589485 229.31605128 -0.95361188
118.60072687 230.08178244 -0.95605192
119.04195305 230.87654235 -0.97022845
119.47744793 231.67809181 -0.98035871
119.92850142 232.49315217 -0.99492399
120.37894341 233.34641814 -1.00630184
120.84113872 234.22121487 -1.01231632
121.30922441 235.10555707 -1.00882122
121.79397666 236.03137469 -1.00678372
122.29382818 236.96047020 -1.02062156
122.79447034 237.89906488 -1.04228039
123.31407222 238.88221772 -1.06452239
123.82117754 239.86592539 -1.07324858
124.34225938 240.89405611 -1.06485572
124.86851398 241.92826578 -1.05619802
125.39766549 242.96633607 -1.04243905
125.93013951 243.99644671 -1.05020826
126.48583849 245.02903464 -1.06788182
127.03243598 246.08070170 -1.09375186
127.60314879 247.15115475 -1.10777128
128.17406320 248.23984674 -1.10777923
128.74338331 249.33962829 -1.09958234
129.30657066 250.46172993 -1.09197353
129.86454240 251.57256094 -1.09231219
130.42138943 252.66725650 -1.09745397
130.96206949 253.75421283 -1.10250690
131.49109853 254.83239160 -1.09694750
132.01643651 255.90581604 -1.08953944
132.56049591 257.02850889 -1.07873369
133.09408215 258.11819929 -1.08032537
133.63314041 259.22057705 -1.08355536
134.19428832 260.35484810 -1.08946059
134.73467430 261.43220648 -1.09643387
135.26695273 262.51301685 -1.09618389
135.80113536 263.58844692 -1.08683278
136.35003413 264.71277787 -1.09001085
136.89713493 265.83062146 -1.08392192
137.46724312 266.95784855 -1.07401171
138.00421598 268.06002087 -1.07246664
138.54149544 269.12885616 -1.06186482
139.07169987 270.21064371 -1.05576324
139.59533497 271.27920264 -1.06108496
140.13289900 272.37450948 -1.06610518
140.66464478 273.46344305 -1.06756058
141.19813308 274.55821883 -1.06294692
141.71714706 275.62108334 -1.05838383
142.21140404 276.71260860 -1.02492854
142.74120078 277.78263343 -1.01980228
143.20837444 278.92783871 -1.08882480
143.74371983 280.05640282 -1.10069232
144.30249860 281.18731723 -1.12033162
144.83558343 282.29478633 -1.13433558
145.34981968 283.44556434 -1.15899795
145.88878751 284.57534347 -1.16666300
146.41488095 285.69157036 -1.18085048
146.86904697 286.76925428 -1.17223564
147.41186078 287.89701095 -1.17035022
147.96325062 289.00325906 -1.17031399
148.51379004 290.14301385 -1.17126369
149.06458077 291.23871256 -1.17589079
149.60355486 292.33134830 -1.16802143
150.06398285 293.37912739 -1.17068730
150.60722914 294.48485950 -1.16827239
151.14679242 295.59697936 -1.16269548
151.68641429 296.67559004 -1.16021292
152.21339770 297.74965298 -1.14402141
152.74722535 298.78775986 -1.14897949
153.27303879 299.84735427 -1.16122222
153.94972872 301.00949603 -1.15166720
154.44143888 302.05931585 -1.15408741
154.95997052 303.10704296 -1.16769741
155.49666932 304.14687428 -1.17672196
155.99160451 305.14990788 -1.19758642
156.47494630 306.09210701 -1.21102124
156.94164014 307.04014211 -1.21372428
157.40415169 307.98172817 -1.21034749
157.84755922 308.88972439 -1.21954290
158.30397706 309.80804241 -1.22671386
158.74111024 310.71049887 -1.22707915
159.18524902 311.61585538 -1.23290089
159.63517474 312.51463268 -1.24060844
160.07820167 313.39017464 -1.24680087
160.50242865 314.22879524 -1.23890430
160.91719540 315.04774792 -1.24211388
161.35201786 315.87005985 -1.23884019
161.78939143 316.68513529 -1.24509715
162.19820480 317.45696970 -1.24710114
162.61516600 318.23435515 -1.25088354
163.01708925 318.94767512 -1.26207110
163.41082021 319.64804437 -1.26009577
163.79046269 320.33013116 -1.27639044
164.15632496 320.99575307 -1.29285292
164.51261691 321.64483451 -1.29660544
164.89732836 322.31242007 -1.29901285
165.25712659 322.94006905 -1.28942083
165.59281338 323.52315895 -1.28981287
165.91227443 324.06272380 -1.29426136
166.23043301 324.60866095 -1.30261707
166.49794890 325.09744191 -1.30574646
166.75796887 325.57203694 -1.30596824
167.02980396 326.06276098 -1.30732151
167.27308444 326.50382315 -1.30283501
167.51182766 326.95318001 -1.29220280
167.74408541 327.39052471 -1.29155965
167.97226280 327.81875310 -1.28707172
168.19026412 328.31055569 -1.28011803
168.37958353 328.76847867 -1.28562752
168.53149690 329.24934413 -1.27415870
168.63911958 329.69835796 -1.27024937
168.71103647 330.11954536 -1.26526271
168.73611127 330.55396221 -1.26029431
168.78495516 331.02352465 -1.26999413
168.77729669 331.48709077 -1.26646209
168.75779513 331.94730358 -1.27915842
168.67798902 332.40704932 -1.27255462
168.56476888 332.85574322 -1.28632653
168.40163956 333.27716294 -1.29835013
168.25764943 333.73710878 -1.33429379
168.05330059 334.16464614 -1.32167399
167.81487262 334.57065608 -1.32699047
167.52821417 334.94117814 -1.32759715
167.20475554 335.28147918 -1.34095425
166.85096172 335.63213568 -1.36027774
166.48542691 335.95377901 -1.34355353
166.07104805 336.26326234 -1.32307064
165.61884458 336.55972421 -1.30453778
165.16028348 336.83918274 -1.29393053
164.68228995 337.09448247 -1.28502029
164.18533396 337.35477899 -1.28287890
163.67926140 337.62043916 -1.28383944
163.14142331 337.88040681 -1.28664987
162.60517534 338.15313646 -1.26829428
162.02178176 338.43141682 -1.26819040
161.42313411 338.71792988 -1.28418846
160.78745721 339.04312852 -1.30407974
160.16020326 339.35848551 -1.29244089
159.50758746 339.68533136 -1.27222518
158.84922866 340.00754561 -1.24973786
158.21705563 340.32941250 -1.23422005
157.55819734 340.66158086 -1.22205292
156.85828144 341.02111837 -1.20889159
156.12161483 341.40546884 -1.20886231
155.37770092 341.79643162 -1.20107307
154.61368282 342.22830910 -1.20457396
153.87977574 342.64695335 -1.20311553
153.11776358 343.07569221 -1.21224798
152.31758214 343.55791496 -1.22291314
151.51397772 344.03869510 -1.22244883
150.69079928 344.55115814 -1.21894685
149.89560766 345.03430201 -1.21778948
149.10979742 345.52329177 -1.22270301
148.32426852 346.00526955 -1.22252423
147.49418693 346.50860418 -1.22957618
146.66857475 347.01574345 -1.24422302
145.82763284 347.52873485 -1.24899884
144.99706503 348.04117057 -1.24389665
144.15094276 348.55251300 -1.24203168
143.29876955 349.06134748 -1.23348240
142.43392086 349.58855269 -1.22885536
141.54945304 350.12260589 -1.22675551
140.66167269 350.66337199 -1.22653405
139.77318815 351.20331226 -1.23211652
138.85671804 351.75690077 -1.24312287
137.93239669 352.32014692 -1.25452642
136.98847894 352.87749535 -1.26657264
136.06904335 353.42739631 -1.27354452
135.15951204 353.95275749 -1.28351219
134.25273072 354.47608242 -1.30160613
133.33682836 355.00498770 -1.31878696
132.39633852 355.53973062 -1.32985290
131.46385922 356.06382044 -1.34261000
130.54633023 356.58187043 -1.34935355
129.63102234 357.09584231 -1.35962974
128.65947485 357.64829760 -1.37417295
127.73572443 358.17365360 -1.38295590
126.79611491 358.69189515 -1.39633516
125.85263792 359.19428161 -1.40720987
124.94512103 359.71149552 -1.41824017
124.05318413 360.21449126 -1.43338841
123.15121249 360.73808556 -1.43794582
122.27092609 361.23689700 -1.44090563
121.36890706 361.74403657 -1.44592727
120.48033004 362.25353909 -1.44219913
119.61016013 362.77630790 -1.42403286
118.70931871 363.20436320 -1.24346237
117.85394321 363.72889166 -1.24515214
117.08782905 364.20584046 -1.24525844
116.30701028 364.69422600 -1.25564772
115.51838812 365.17309504 -1.27845246
114.75818313 365.66022863 -1.28431183
114.09578770 366.14964639 -1.28539392
113.43631855 366.68041337 -1.25544279
112.75117730 367.14666802 -1.24491087
112.06354754 367.58564008 -1.24689666
111.34314770 368.03855227 -1.25420757
110.64506779 368.47747838 -1.25126348
109.94350255 368.94578209 -1.25944433
109.25864152 369.38228504 -1.25585633
108.54533688 369.82036321 -1.25021154
107.82609034 370.24445671 -1.25341457
107.11269423 370.66706852 -1.24983037
106.43703771 371.04803157 -1.24955740
105.71976051 371.43669349 -1.23995831
104.96124839 371.82857972 -1.23875832
104.22439716 372.21796316 -1.22146871
103.46123872 372.60720468 -1.20956621
102.69770304 373.01661146 -1.20791301
101.90069446 373.42712635 -1.20366813
101.09190124 373.84039043 -1.19847966
100.26628631 374.26574485 -1.18669350
99.44437181 374.69531007 -1.17868709
98.57547780 375.12360123 -1.17376998
97.72660275 375.57604502 -1.17700971
96.85586810 376.04876179 -1.19816714
95.93573714 376.49532788 -1.24589608
94.97213056 376.90639752 -1.26454591
94.02464930 377.35809423 -1.27368262
93.02808221 377.84089406 -1.28652888
92.03690970 378.30480312 -1.31077408
91.03434592 378.79016952 -1.33089866
90.03249615 379.25684015 -1.32872782
89.00940707 379.74341218 -1.32885152
87.98437133 380.22187825 -1.33779447
86.95097730 380.72050320 -1.34179341
85.88944927 381.23591100 -1.34890552
84.82091912 381.77422521 -1.33452143
83.75258938 382.31395533 -1.31096189
82.72174384 382.83159975 -1.29917544
81.69926321 383.33599012 -1.30121557
80.65164629 383.85881366 -1.30363574
79.59302428 384.40553879 -1.29573676
78.56006258 384.93196195 -1.28905867
77.50700709 385.45619889 -1.27906612
76.45896002 385.99210266 -1.26728848
75.39860753 386.51833468 -1.25752892
74.34355001 387.04825397 -1.25733887
73.30948190 387.57954194 -1.25557491
72.25183898 388.10401544 -1.23115502
71.21306061 388.62062668 -1.21594364
70.15156642 389.12447551 -1.20673214
69.09066297 389.61025671 -1.20569611
68.02650885 390.10506149 -1.19965905
66.95264022 390.58494396 -1.18470666
65.89815939 391.05966952 -1.17304468
64.81971393 391.55364223 -1.15751912
63.74858430 392.04665574 -1.14517896
62.67298162 392.54449987 -1.14344747
61.60674624 393.02797586 -1.15869072
60.52241178 393.52221381 -1.16618407
59.44189651 394.02154095 -1.17625716
58.35790023 394.52009504 -1.16829431
57.29332129 395.01709317 -1.15942572
56.22171473 395.51642076 -1.15538671
55.18727733 396.00142213 -1.15098707
54.13966217 396.47591943 -1.14840646
53.08156566 396.94568058 -1.15224897
52.03922059 397.42454404 -1.15543895
51.00843620 397.89263193 -1.14447811
49.94531245 398.37311438 -1.14025919
48.89636875 398.85004113 -1.13807510
47.88273936 399.30299720 -1.12718307
46.85669059 399.75239828 -1.11477571
45.83518867 400.21720437 -1.11134702
44.84857030 400.66392149 -1.12017186
43.87052267 401.11675390 -1.11555315
42.89191729 401.57612577 -1.11631863
41.92637003 402.03464996 -1.10831384
40.95075018 402.48634702 -1.10727226
39.98202366 402.94186969 -1.10638659
39.00858405 403.39914999 -1.08978012
38.01734201 403.85395089 -1.08498107
37.06015598 404.29893999 -1.07734164
36.09763068 404.75454597 -1.07461448
35.11219706 405.20867074 -1.07608038
34.12311650 405.67329060 -1.06330337
33.12844158 406.16087815 -1.06017574
32.15249782 406.62852659 -1.05399854
31.17814289 407.12225014 -1.04945370
30.21691114 407.60412355 -1.03998526
29.25136134 408.08949846 -1.02752372
28.28151433 408.61545666 -1.00029329
27.31632855 409.12026456 -0.97939811
26.32882908 409.63448443 -0.95564723
25.34558927 410.17048866 -0.95412502
24.35533039 410.70892439 -0.94670983
23.38929656 411.19766663 -0.94383237
22.42417623 411.72311353 -0.94331091
21.46683183 412.23827353 -0.93467236
20.47774589 412.78839810 -0.93691681
19.49187306 413.34043326 -0.94299325
18.53002286 413.87001289 -0.94549285
17.56486820 414.41110918 -0.94472988
16.58333117 414.95525206 -0.93729763
15.61930880 415.50982641 -0.93352148
14.65583040 416.06187873 -0.92872762
13.69566799 416.62295890 -0.92406236
12.72530263 417.17229106 -0.92071295
11.75991509 417.73660367 -0.91936390
10.79538211 418.30834339 -0.90810036
9.82701776 418.88090884 -0.90347834
8.87364030 419.44988670 -0.90136755
7.92130695 420.02420937 -0.90351501
6.93445418 420.60793013 -0.90211492
5.94874916 421.19358909 -0.90328801
4.97331245 421.78792520 -0.91051127
4.01079653 422.38741576 -0.91752302
3.04961359 422.97152826 -0.92354781
2.08360824 423.56299531 -0.92793341
1.14046497 424.14687148 -0.93119288
0.22458377 424.71312244 -0.93728035
-0.66934451 425.28593937 -0.93382113
-1.55846847 425.85577827 -0.92947629
-2.43429281 426.43442489 -0.92948685
-3.28068432 427.00798396 -0.92626223
-4.10966979 427.57514850 -0.92619729
-4.92148658 428.14223229 -0.91857233
-5.74344818 428.71597481 -0.92184365
-6.56567605 429.29454911 -0.92359070
-7.36097201 429.85195123 -0.93061285
-8.13682825 430.40962105 -0.94049460
-8.88638103 430.94625592 -0.94965789
-9.62578405 431.47620199 -0.94176365
-10.34490344 431.99695055 -0.92563274
-11.03866544 432.50247133 -0.90943191
-11.69987503 432.98456703 -0.91153975
-12.34363002 433.46053717 -0.92283995
-12.97802843 433.93992236 -0.92389029
-13.57145101 434.39761796 -0.91936116
-14.13229491 434.85530935 -0.92171988
-14.67698009 435.29565097 -0.93404154
-15.19687829 435.73208543 -0.93058369
-15.67738810 436.18349782 -0.91689083
-16.15138693 436.63441272 -0.89528597
-16.59312405 437.07632975 -0.88165602
-17.02042294 437.51180296 -0.87650109
-17.44862349 437.93387372 -0.87098805
-17.84188685 438.34739169 -0.87032988
-18.23170667 438.75319249 -0.87074124
-18.61014242 439.14272088 -0.86547988
-18.97104268 439.52051059 -0.86316115
-19.31842768 439.88437028 -0.85993022
-19.64819662 440.21754290 -0.84550034
-19.97769751 440.54428714 -0.84639494
-20.29312481 440.83513861 -0.83990634
-20.60432031 441.13492763 -0.84144062
-20.90707869 441.42772621 -0.83984145
-21.19947130 441.69640837 -0.83019137
-21.49603137 441.95572150 -0.82894316
-21.80449452 442.21373051 -0.82156855
-22.12061545 442.48572845 -0.82127715
-22.42674209 442.72559960 -0.81979562
-22.74321717 442.97306696 -0.81520525
-23.06040445 443.20605144 -0.81542965
-23.37127652 443.42422677 -0.81432373
-23.67825191 443.62160317 -0.80736656
-24.01379166 443.83357423 -0.79901848
-24.34499253 444.04008903 -0.79749472
-24.69389271 444.24300947 -0.79615609
-25.04916680 444.46394799 -0.78842535
-25.41246942 444.68087847 -0.78094198
-25.76980061 444.89113769 -0.77618838
-26.11935513 445.09333102 -0.76653020
-26.48593158 445.31028071 -0.76253706
-26.82483474 445.52573572 -0.76026081
-27.19330125 445.74893210 -0.75483831
-27.54602436 445.98729569 -0.74958397
-27.88951693 446.21358449 -0.74512333
-28.21970751 446.43388873 -0.73387402
-28.57130090 446.67923496 -0.72182303
-28.91255599 446.91810180 -0.72091694
-29.25644377 447.16661899 -0.71924810
-29.58024639 447.42745163 -0.71207186
-29.88291527 447.67941544 -0.70654977
-30.17852489 447.93058343 -0.70327342
-30.44943409 448.16655318 -0.70159745
-30.71445215 448.39974301 -0.70056300
-30.96338659 448.61321037 -0.70812515
-31.18028537 448.83656709 -0.71622972
-31.39881626 449.06251924 -0.71045204
-31.59982801 449.27892881 -0.69416466
-31.83304561 449.49355256 -0.68206837
-32.05620045 449.69794997 -0.66902149
-32.26888024 449.88970687 -0.66206523
-32.47927660 450.07543217 -0.65985756
-32.71192909 450.27450476 -0.65691317
-32.94663652 450.45465125 -0.65462908
-33.19231695 450.64386858 -0.64705939
-33.44788818 450.82816260 -0.63712144
-33.71285964 450.99787473 -0.63254557
-33.99519479 451.16013128 -0.63081187
-34.28579554 451.33150116 -0.64460355
-34.58414541 451.48691898 -0.64106690
-34.88380241 451.63394199 -0.63871889
-35.21052945 451.74616646 -0.62371640
-35.54246392 451.84013793 -0.62869644
-35.90017079 451.92580675 -0.64190576
-36.29042166 451.99346990 -0.64744149
-36.69199904 452.02505632 -0.65848006
-37.09762579 452.04237940 -0.65685995
-37.53064077 452.03217383 -0.64935843
-37.97269411 452.00596909 -0.63521190
-38.41896080 451.94594344 -0.63692363
-38.89148884 451.85264743 -0.62892298
-39.37377546 451.71927479 -0.61992955
-39.85152117 451.56612362 -0.60388878
-40.33315627 451.36324185 -0.59875035
-40.83597317 451.12593877 -0.59451993
-41.34974424 450.82501755 -0.59328861
-41.86482377 450.47254138 -0.59292308
-42.40154182 450.07867419 -0.58711977
-42.92442874 449.66586742 -0.58792047
-43.45335785 449.19374970 -0.59253251
-43.97397248 448.71151183 -0.60318515
-44.51331264 448.21533388 -0.60734722
-45.03202905 447.67901017 -0.62140351
-45.55703807 447.10683561 -0.62692282
-46.08688070 446.49661740 -0.62124363
-46.62309631 445.84929811 -0.61043083
-47.14918260 445.17456434 -0.61369922
-47.65602049 444.45814004 -0.61187130
-48.17756465 443.71856139 -0.61254599
-48.69096511 442.95088128 -0.62708351
-49.20954603 442.18129334 -0.64472247
-49.76010355 441.37962684 -0.64583779
-50.30557831 440.55773418 -0.63659628
-50.87468153 439.71085967 -0.63836159
-51.44457822 438.86314464 -0.63709486
-52.03521210 438.00194232 -0.63382632
-52.63639140 437.11205885 -0.63376801
-53.25442850 436.19428279 -0.63360196
-53.87847504 435.25316703 -0.64126118
-54.49302288 434.33608003 -0.64365091
-55.11558938 433.41279827 -0.65030071
-55.76411924 432.47331950 -0.65846682
-56.40564462 431.51748054 -0.67475679
-57.05428888 430.55138641 -0.68642416
-57.72249396 429.56455619 -0.68433573
-58.41492323 428.55871203 -0.68732807
-59.08293688 427.56099826 -0.68864169
-59.76803817 426.56780579 -0.69761676
-60.46040851 425.57471114 -0.71949770
-61.11892209 424.60854148 -0.73991467
-61.77298542 423.61173327 -0.75321641
-62.43344174 422.62419876 -0.74157559
-63.10522923 421.62994921 -0.71743655
-63.77673844 420.60881997 -0.70475754
-64.43370510 419.59686980 -0.69460913
-65.10253734 418.58496609 -0.70248781
-65.76303537 417.57683860 -0.70823638
-66.41605013 416.57209784 -0.72138077
-67.04829540 415.57851328 -0.72219926
-67.68262753 414.57372246 -0.73189909
-68.31522204 413.56681090 -0.73172592
-68.93963320 412.57775776 -0.73371415
-69.55857298 411.57502090 -0.73202829
-70.15536419 410.60688653 -0.73641917
-70.76277905 409.61468978 -0.73385133
-71.35216725 408.62836804 -0.73503151
-71.94860668 407.62786561 -0.73052760
-72.54814807 406.63132716 -0.73464745
-73.12150449 405.61796937 -0.73748751
-73.71976591 404.61355951 -0.75027312
-74.29663868 403.60583424 -0.74592363
-74.85807945 402.59898628 -0.74981407
-75.42862882 401.59712074 -0.75079794
-75.99894672 400.57814345 -0.75096730
-76.56213821 399.58668785 -0.75409891
-77.12395187 398.56713254 -0.75686929
-77.68598982 397.53960683 -0.76484420
-78.23657909 396.53575648 -0.76087974
-78.78671517 395.52571241 -0.74968159
-79.34569894 394.51054117 -0.74695847
-79.90540506 393.50075369 -0.74270093
-80.46433403 392.47803177 -0.73667300
-80.99299889 391.49761322 -0.73043365
-81.53084400 390.49621222 -0.71917331
-82.06712745 389.47362286 -0.72263872
-82.60698789 388.44910414 -0.71486735
-83.12391437 387.45245626 -0.71417664
-83.65195161 386.43755679 -0.70673822
-84.17747753 385.40291640 -0.70358686
-84.71401867 384.33477451 -0.69634306
-85.24197363 383.27715593 -0.69582696
-85.77714603 382.18182273 -0.69470975
-86.30409031 381.10627387 -0.69964177
-86.78670554 380.05778667 -0.70030502
-87.28594515 379.00249277 -0.70595976
-87.79039564 377.90964665 -0.70167619
-88.28785721 376.82705727 -0.70092279
-88.78238899 375.74450748 -0.70269970
-89.26771614 374.62625136 -0.69797420
-89.75530091 373.46657769 -0.70106227
-90.20603753 372.32598345 -0.70067205
-90.67964384 371.19787989 -0.70532815
-91.14581487 370.03058065 -0.70374985
-91.59128899 368.86693632 -0.70852093
-92.04449125 367.67247795 -0.71325361
-92.47658896 366.50944784 -0.72730853
-92.89311386 365.37729141 -0.73282478
-93.30085448 364.23405493 -0.73532952
-93.69622475 363.10467914 -0.73455373
-94.09980178 361.97717442 -0.73722543
-94.48642944 360.82936618 -0.73075234
-94.87720576 359.67379137 -0.72597347
-95.23665647 358.49680977 -0.73232727
-95.59485359 357.26638408 -0.73636366
-95.95202920 356.02208841 -0.75295278
-96.33095172 354.81457941 -0.75500740
-96.68403260 353.58770193 -0.75903873
-97.01186790 352.38346088 -0.75849712
-97.32959519 351.17043416 -0.76145146
-97.64943940 349.89737335 -0.77392318
-97.94525342 348.65301062 -0.77720414
-98.23938427 347.48231205 -0.78792964
-98.51926054 346.30268713 -0.78251624
-98.79501151 345.10627519 -0.79270089
-99.06881331 343.90845426 -0.78617715
-99.32985496 342.70884557 -0.78377149
-99.59588707 341.48769832 -0.77987960
-99.86625692 340.25845570 -0.77264850
-100.12558070 339.03115725 -0.77118530
-100.36629529 337.83054091 -0.77457860
-100.60735252 336.65183391 -0.77255891
-100.84982589 335.43378459 -0.76659275
-101.06487258 334.23874564 -0.75879187
-101.28751489 333.01440692 -0.75768545
-101.51051642 331.78326156 -0.75463206
-101.73837042 330.59865015 -0.75686088
-101.93789074 329.40415028 -0.75474632
-102.15339479 328.17066853 -0.76279034
-102.35688738 326.94303269 -0.76910253
-102.54696889 325.76733687 -0.77433621
-102.73896009 324.54992156 -0.78132390
-102.91472174 323.31841147 -0.77402931
-103.08141794 322.09365315 -0.76263455
-103.24189863 320.87663919 -0.75011211
-103.39795008 319.65563017 -0.74515488
-103.56145061 318.42342740 -0.74728629
-103.72964661 317.20379245 -0.75170668
-103.90173778 315.99151668 -0.75719716
-104.06979293 314.76005061 -0.76152348
-104.24089358 313.51875502 -0.76998320
-104.41358803 312.33775607 -0.77530802
-104.58335935 311.10541483 -0.78447462
-104.75776439 309.87617097 -0.77808770
-104.91588462 308.69345819 -0.77493782
-105.07036750 307.50673696 -0.77367660
-105.21195616 306.27280983 -0.76558904
-105.35471053 305.07274057 -0.77255576
-105.49325807 303.83094303 -0.76779565
-105.64067022 302.62366944 -0.76542094
-105.78119570 301.34846154 -0.77473455
-105.91449775 300.09030799 -0.78052919
-106.03539485 298.84272346 -0.77791786
-106.17747538 297.59399154 -0.76584530
-106.31025038 296.34144980 -0.75751671
-106.43477748 295.09788729 -0.74946074
-106.54680936 293.89216793 -0.74617808
-106.66184415 292.65454492 -0.74494777
-106.77059811 291.41848943 -0.74045749
-106.85585895 290.19990025 -0.73510397
-106.93997116 289.00826880 -0.71720061
-107.01954003 287.80077593 -0.71503741
-107.09751036 286.60831146 -0.70412560
-107.17824118 285.42301868 -0.68890657
-107.24982922 284.23350037 -0.67388145
-107.30743736 283.02607939 -0.66530484
-107.36323234 281.86268337 -0.65702445
-107.41029779 280.68877239 -0.65074718
-107.45245838 279.50006935 -0.64771609
-107.50359248 278.30650297 -0.64391496
-107.55293952 277.10616874 -0.65038446
-107.60494326 275.88888761 -0.65212258
-107.62145398 274.68707100 -0.65595704
-107.62790789 273.51315360 -0.65216211
-107.64414944 272.27600436 -0.65341609
-107.65917636 271.08941781 -0.65880208
-107.67827659 269.86027904 -0.66609776
-107.69154649 268.64571575 -0.67259798
-107.69786997 267.45723316 -0.66501295
-107.70017871 266.25258820 -0.66661507
-107.69331450 265.02728506 -0.66921778
-107.66913629 263.80871763 -0.65792533
-107.66311976 262.54890219 -0.64085112
-107.63064198 261.32720281 -0.62560976
-107.60109156 260.09241735 -0.61274109
-107.56233139 258.86456612 -0.59794851
-107.52447453 257.64263450 -0.59160373
-107.46790279 256.40926873 -0.58253354
-107.43398407 255.12436061 -0.57766190
-107.37053298 253.87462986 -0.57040331
-107.32392327 252.63802981 -0.56199721
-107.26364743 251.37753625 -0.55754986
-107.22451843 250.16196001 -0.54801998
-107.16240512 248.93781047 -0.54546956
-107.10145257 247.73648579 -0.52977974
-107.02624211 246.50579565 -0.52327212
-106.94453736 245.27324902 -0.51503173
-106.88760613 244.09028823 -0.51054408
-106.80400967 242.87377833 -0.49496126
-106.71579296 241.66484226 -0.47751984
-106.62173443 240.48842191 -0.46949529
-106.51780956 239.29461335 -0.45281840
-106.42618615 238.09959373 -0.43277247
-106.32616984 236.88175745 -0.41839432
-106.20914413 235.70130049 -0.41213731
-106.09732723 234.47919140 -0.40049575
-105.97271229 233.27951892 -0.38623034
-105.83099761 232.08214315 -0.37405388
-105.68965103 230.87270236 -0.35867022
-105.54315857 229.65085010 -0.35046878
-105.38461273 228.43569343 -0.33408034
-105.23849915 227.22221543 -0.32653738
-105.07030067 226.00710100 -0.31602698
-104.88306065 224.80782499 -0.30529601
-104.68716003 223.62192905 -0.29773152
-104.49195793 222.42405265 -0.29379771
-104.28388899 221.16957000 -0.29557937
-104.07678976 219.93945187 -0.28765553
-103.86625099 218.71370249 -0.27094493
-103.64562050 217.50739996 -0.25902499
-103.41522463 216.29039228 -0.25817455
-103.17503148 215.05116593 -0.25661249
-102.93418461 213.78029273 -0.25064298
-102.69359952 212.54769637 -0.25695974
-102.44594674 211.30325632 -0.26113978
-102.16495081 210.03756200 -0.26823000
-101.89992583 208.78513548 -0.26639106
-101.59694101 207.51535964 -0.26405332
-101.30208997 206.26126191 -0.27305695
-100.99119335 205.01724292 -0.27942519
-100.70121915 203.72174318 -0.27826849
-100.39485212 202.44019610 -0.27114371
-100.08601543 201.18008184 -0.26985880
-99.77484715 199.91460951 -0.26385412
-99.46750355 198.65753111 -0.25981280
-99.14473833 197.41025711 -0.26124563
-98.81306296 196.14926086 -0.27068490
-98.49416307 194.90923854 -0.27265331
-98.17618784 193.66945198 -0.26644476
-97.85028482 192.42866279 -0.25679634
-97.51024777 191.20064075 -0.25266537
-97.15683949 189.96163761 -0.24434081
-96.78451916 188.75927261 -0.24439978
-96.41054544 187.53222060 -0.24296347
-96.03796935 186.30329974 -0.23866350
-95.67120718 185.06403980 -0.23563874
-95.29236037 183.83141300 -0.23309959
-94.92198349 182.59110300 -0.22923200
-94.51416867 181.31587229 -0.23029494
-94.09584393 180.04707141 -0.22505537
-93.67394439 178.77551255 -0.23653360
-93.25028187 177.50663593 -0.23717172
-92.83050315 176.21676806 -0.24244910
-92.41240837 174.91000035 -0.24105835
-91.99201146 173.62151403 -0.22947769
-91.56193296 172.32464508 -0.22949996
-91.13242992 171.02572740 -0.23106656
-90.73033427 169.73127191 -0.24556451
-90.33542851 168.45644086 -0.26491827
-89.93103500 167.15692003 -0.27037342
-89.53032557 165.83891551 -0.26744469
-89.13914695 164.60120295 -0.25888960
-88.76067908 163.32013756 -0.24980529
-88.37942695 162.06389220 -0.25375684
-87.97724131 160.79356420 -0.25739257
-87.57857783 159.51913833 -0.25929158
-87.18945853 158.26546155 -0.26111818
-86.79071060 157.01554221 -0.26252515
-86.40524071 155.75182698 -0.26829998
-86.02280008 154.49071375 -0.26355773
-85.64208684 153.24677926 -0.25082290
-85.25416005 151.99211871 -0.24363314
-84.86041319 150.74106302 -0.23433875
-84.48556983 149.48554721 -0.22061659
-84.10938099 148.24534119 -0.21062100
-83.72404285 147.01196928 -0.19567612
-83.32388155 145.73594172 -0.18032744
-82.94109065 144.49340361 -0.17726694
-82.54903786 143.29127091 -0.16637346
-82.17493725 142.02228656 -0.15807992
-81.80423289 140.78264105 -0.14929270
-81.41363672 139.52723242 -0.14390873
-81.02751229 138.27039240 -0.15070637
-80.64910249 136.99942954 -0.14507342
-80.26263571 135.76244296 -0.14342550
-79.89136568 134.54579636 -0.13909901
-79.50253213 133.29309955 -0.13225545
-79.11342663 131.99338411 -0.13690631
-78.72150095 130.71566277 -0.13311880
-78.35679598 129.46255744 -0.13215203
-77.97028759 128.22510486 -0.12468484
-77.59054531 126.98921250 -0.10587826
-77.21824144 125.75346995 -0.09219952
-76.83379149 124.52556887 -0.07831389
-76.45587586 123.27825010 -0.06587804
-76.09054346 122.05254694 -0.06445187
-75.69666813 120.80474422 -0.06067721
-75.32929142 119.57457306 -0.05823412
-74.94291603 118.32562750 -0.06203735
-74.54397758 117.10877417 -0.06391782
-74.15463158 115.87116489 -0.06556474
-73.78458652 114.66414504 -0.06615970
-73.41185088 113.44463411 -0.05978281
-73.04093727 112.22740724 -0.05089531
-72.67124732 110.98091883 -0.04882989
-72.30343554 109.73023263 -0.05970998
-71.92484777 108.46810462 -0.06213819
-71.56048405 107.19555676 -0.07061043
-71.18451016 105.92964009 -0.06622553
-70.81752554 104.66326769 -0.06006346
-70.47013290 103.42250161 -0.05802388
-70.08230165 102.14591007 -0.04468274
-69.71611954 100.93015135 -0.05005838
-69.34441980 99.67326472 -0.04798712
-68.99419790 98.40690413 -0.05514892
-68.62943974 97.12565295 -0.07094421
-68.25752231 95.87259624 -0.07799659
-67.89356294 94.62368753 -0.08468466
-67.52946332 93.34996929 -0.08473172
-67.16732786 92.11177535 -0.08738228
-66.80756548 90.86703334 -0.10004820
-66.44511869 89.60427744 -0.11427828
-66.06431627 88.32327827 -0.10849894
-65.70293677 87.08644193 -0.11022600
-65.34081391 85.78581321 -0.10762559
-64.98924194 84.52635396 -0.11005152
-64.62654768 83.26677654 -0.11766234
-64.27237745 81.99473343 -0.11630626
-63.90944924 80.72732116 -0.10854475
-63.54673976 79.44506000 -0.10697208
-63.17104793 78.17123347 -0.10587049
-62.78370245 76.87510427 -0.10552894
-62.40956974 75.57486073 -0.11586927
-62.06021718 74.32361192 -0.12838503
-61.70180506 73.08471692 -0.13778607
-61.34367841 71.84934512 -0.14473455
-60.97832133 70.60435738 -0.14468721
-60.60482081 69.34267363 -0.14823529
-60.21118491 68.09179630 -0.13414070
-59.83757331 66.81914034 -0.13767887
-59.48385445 65.59976411 -0.14106950
-59.13179616 64.39838814 -0.14565281
-58.78894817 63.20165539 -0.15677238
-58.44599146 61.99478533 -0.16334274
-58.07557013 60.80891385 -0.17611655
-57.72352711 59.61649687 -0.18569406
-57.34139785 58.45737468 -0.21273356
-56.97028803 57.24828779 -0.25415724
-56.57030184 56.03977860 -0.27391329
-56.16175908 54.81048648 -0.28819454
-55.77924745 53.61115988 -0.31795705
-55.40318796 52.41810805 -0.34331632
-55.00486276 51.23916086 -0.37760864
-54.62199602 50.02907979 -0.40195973
-54.25288438 48.86473795 -0.42960512
-53.84265459 47.68634305 -0.45960349
-53.43823745 46.51733940 -0.47435874
-53.03642718 45.35603296 -0.50190787
-52.63029047 44.16692717 -0.52328777
-52.23776989 42.99360981 -0.55263841
-51.85120062 41.79254397 -0.56862465
-51.42868529 40.64437228 -0.57345909
-51.05591990 39.51358786 -0.59402495
-50.68036378 38.39091621 -0.61951208
-50.30412780 37.27044621 -0.64052284
-49.92309404 36.13953845 -0.66499546
-49.54907659 35.02371857 -0.68991855
-49.18379521 33.93297758 -0.72352184
-48.80144020 32.85419087 -0.75352431
-48.43811600 31.78777228 -0.78720075
-48.07346856 30.71712659 -0.81201707
-47.70852697 29.64997717 -0.83111925
-47.33887079 28.59228081 -0.86005611
-46.97802485 27.57070767 -0.89165861
-46.63178714 26.57134608 -0.92430737
-46.27708160 25.57557518 -0.95808069
-45.91764684 24.55740712 -0.97530604
-45.57513229 23.57705353 -1.00120341
-45.24363433 22.61913455 -1.02059862
-44.93015722 21.66764269 -1.03571978
-44.59258874 20.70856206 -1.04872827
-44.27508903 19.78554481 -1.06911305
-43.96339596 18.86485614 -1.08406426
-43.64906038 17.96520320 -1.11163263
-43.33920720 17.08709579 -1.12064886
-43.01032903 16.23207437 -1.13615690
-42.68124404 15.37654926 -1.15087487
-42.35988607 14.53158424 -1.16555880
-42.05920114 13.72679625 -1.18462252
-41.74625785 12.95948960 -1.20016355
-41.42588647 12.21522032 -1.21305801
-41.09080634 11.43839078 -1.22327624
-40.75609528 10.70929828 -1.23383988
-40.41756650 9.98431185 -1.24247223
-40.06183099 9.29068716 -1.25334805
-39.68924094 8.60968430 -1.26936652
-39.31260287 7.94215110 -1.27212949
-38.93491759 7.29533381 -1.27410294
-38.52280737 6.66058275 -1.27516833
-38.07715433 6.01227925 -1.27038563
-37.61724900 5.39183447 -1.27096500
-37.14627227 4.82643042 -1.26774554
-36.66760202 4.28414728 -1.26231507
-36.17085514 3.75058431 -1.25054233
-35.64293748 3.26775964 -1.24242207
-35.09507673 2.80542734 -1.22759666
-34.53175838 2.36718673 -1.21213704
-33.95868138 1.96425163 -1.19279483
-33.38615849 1.59837645 -1.17426523
-32.80727571 1.26859617 -1.15036583
-32.19803846 0.93688770 -1.13563608
-31.56889269 0.65840984 -1.10845324
-30.94017982 0.40635820 -1.08839250
-30.29418315 0.22736052 -1.05994173
-29.65281248 0.07982495 -1.04132690
-28.98318349 -0.04414181 -1.01793533
-28.33772517 -0.17798293 -0.97853699
-27.68556555 -0.24671970 -0.95658044
-27.04294921 -0.30362471 -0.92808042
-26.40125239 -0.35098329 -0.90156352
-25.75761046 -0.36198352 -0.87393520
-25.09837345 -0.38654905 -0.84235890
-24.45408629 -0.39870581 -0.80712810
-23.80714972 -0.41579256 -0.76449538
-23.17630003 -0.42107636 -0.72381427
-22.55217330 -0.43826146 -0.68463758
-21.92147534 -0.44101824 -0.64783046
-21.29745150 -0.45089561 -0.60837258
-20.69378208 -0.44789543 -0.57490430
-20.07876375 -0.44150492 -0.54212819
-19.48430925 -0.45958755 -0.50892873
-18.88727083 -0.48484973 -0.47180446
-18.28260718 -0.50645834 -0.43396790
-17.68842427 -0.50507702 -0.39263761
-17.11774854 -0.50008251 -0.35136764
-16.56041626 -0.50717949 -0.32219295
-16.04735741 -0.54529437 -0.28604668
-15.53799981 -0.58245061 -0.26046835
-15.03757278 -0.62208016 -0.22462710
-14.52741656 -0.67197475 -0.19266530
-14.07994256 -0.69732799 -0.16512323
-13.64196887 -0.69510688 -0.14373749
-13.23006108 -0.73938255 -0.11804711
-12.81733859 -0.79011500 -0.09380806
-12.42534220 -0.83111388 -0.06508453
-12.09745321 -0.90123284 -0.04642118
-11.77502266 -0.92791410 -0.02681775
-11.45598224 -0.97725086 -0.00730879
-11.16785803 -0.99335795 0.00991056
-10.87177001 -1.02657866 0.01824789
-10.54302435 -1.02630660 0.03230866
-10.26797371 -1.09421265 0.04441523
-10.00789337 -1.15793119 0.06116428
-9.74611533 -1.18321318 0.07781143
-9.47394963 -1.20313455 0.09003739
-9.21711045 -1.23047334 0.09668872
-8.95796228 -1.24053388 0.10657020
-8.72640237 -1.27555769 0.11977006
-8.49182232 -1.29201089 0.13558485
-8.24588572 -1.28780397 0.14527259
-7.99973291 -1.29898397 0.14838857
-7.74254939 -1.30059936 0.15345398
-7.44742887 -1.26680998 0.16260081
-7.16265780 -1.23339463 0.18321531
-6.87532542 -1.16745239 0.20294728
-6.57974490 -1.10112829 0.22359594
-6.26208805 -1.01560584 0.23886958
-5.90993343 -0.95147353 0.25853868
-5.59041781 -0.88251109 0.28205907
-5.24663605 -0.74019534 0.30459565
-4.88330497 -0.58288456 0.31898176
-4.53166639 -0.45431232 0.33089782
-4.14449682 -0.29332386 0.34654053
-3.78099279 -0.15293107 0.35241657
-3.39393761 0.02286633 0.36161451
-3.02909104 0.23027928 0.38048675
-2.62175948 0.46560297 0.39663408
-2.21375028 0.74707367 0.40788796
-1.79097765 1.02911602 0.41588300
-1.38099698 1.34571833 0.42593266
-0.96592431 1.68417657 0.44514256
-0.51363107 2.07794153 0.47018224
-0.08165900 2.47249196 0.48226128
0.31249623 2.91134892 0.48842361
0.69934565 3.35056403 0.48861354
1.10673488 3.82952277 0.49555561
1.51308969 4.36132695 0.51284014
1.89736797 4.89443797 0.52580417
2.29434489 5.48362150 0.53638400
2.66282228 6.10840847 0.54608918
3.05560911 6.73637548 0.55125149
3.42914134 7.40440450 0.55694329
3.82175719 8.10758135 0.56248367
4.20981906 8.82435228 0.56392893
4.60065682 9.56172459 0.55881944
4.96710064 10.28113273 0.55971178
5.35371275 11.01360510 0.56506472
5.75128198 11.83167743 0.58420399
6.17376584 12.62469190 0.58808495
6.60505488 13.43307955 0.59333163
7.04429567 14.23321818 0.59822159
7.50614841 15.05088805 0.61304059
7.96593980 15.89242525 0.61995866
8.43301398 16.78238334 0.62599312
8.90285825 17.69724572 0.62754751
9.39028968 18.64222653 0.63213034
9.86685798 19.56772231 0.63543787
10.35131130 20.49687567 0.65017643
10.85145043 21.45935298 0.65385534
11.35188387 22.43438139 0.66354691
11.82365552 23.37588972 0.67372987
12.28514319 24.29767263 0.67707968
12.74406526 25.22208684 0.66295337
13.21644536 26.16347824 0.66680988
13.70213479 27.12616350 0.67400675
14.18271881 28.10749023 0.67540123
14.66342878 29.06211745 0.68103928
15.12924831 29.97887831 0.68250307
15.58932929 30.92723367 0.67601540
16.07062064 31.88995030 0.67182409
16.55010195 32.85661459 0.67412012
17.01819010 33.84565593 0.66800630
17.51172053 34.82665817 0.66170309
18.01775038 35.81755311 0.65480307
18.54263529 36.87046078 0.63773948
19.07350196 37.89606966 0.60430722
19.60371814 38.92091964 0.58183395
20.11588300 39.91524197 0.56595745
20.62435636 40.89413947 0.55948020
21.11599369 41.86513051 0.56276982
21.60609090 42.84256278 0.56539388
22.08783057 43.80168505 0.55434434
22.61034644 44.78986887 0.55444974
23.12356584 45.79195390 0.55622381
23.64973554 46.78931919 0.56655162
24.17357754 47.76887077 0.57239978
24.71101195 48.76960896 0.57703125
25.22664515 49.77102191 0.57786350
25.76681774 50.81849307 0.58030926
26.30717352 51.85970354 0.58348449
26.85186636 52.88884675 0.57523534
27.38163582 53.94516240 0.55935542
27.93429478 55.01156991 0.54387376
28.47794377 56.05665973 0.53242436
29.00711389 57.08670807 0.53775501
29.52783940 58.11272616 0.54491198
30.05505348 59.13752291 0.55399544
30.59966437 60.17230026 0.56190884
31.13823937 61.21844068 0.56077019
31.67572712 62.25423210 0.55889135
32.21800322 63.29140197 0.55254596
32.76147217 64.33224734 0.54264880
33.30474023 65.36137703 0.52705781
33.83458408 66.38875858 0.52366990
34.37431047 67.41632775 0.52921011
34.91500672 68.44641477 0.55007251
35.43256560 69.46202441 0.55604327
35.96022902 70.47383939 0.56896582
36.49655138 71.48083182 0.59196490
37.01708553 72.50184593 0.60189800
37.52685791 73.51297278 0.60529874
38.02943913 74.51630485 0.60838362
38.52016546 75.49851924 0.59609847
39.03724142 76.49020016 0.58318150
39.53711021 77.47698924 0.56188896
40.02795551 78.45887537 0.56944036
40.53800294 79.43950912 0.57927450
41.05099284 80.42743825 0.58513051
41.56652224 81.40625859 0.59163926
42.09737779 82.39830543 0.59034432
42.61541949 83.36632407 0.58549681
43.13732236 84.35267509 0.57441136
43.65261684 85.32285088 0.57500779
44.17620886 86.29283489 0.56863083
44.69019805 87.26842842 0.57066374
45.22308019 88.24415474 0.57509170
