0.508101 -0.116514 0.643304
0.625140 0.210478 0.505522
0.757858 0.578585 0.391803
0.908068 0.987225 0.299870
1.077203 1.435528 0.227553
1.266343 1.922388 0.172790
1.476242 2.446492 0.133601
1.707353 3.006381 0.108092
1.959850 3.600479 0.094465
2.233662 4.227149 0.090966
2.528489 4.884720 0.095882
2.843833 5.571500 0.107536
3.179012 6.285835 0.124280
3.533171 7.026116 0.144470
3.905311 7.790765 0.166458
4.294306 8.578288 0.188601
4.698686 9.387135 0.207663
5.117140 10.215910 0.221978
5.549032 11.063380 0.233564
5.993516 11.928415 0.244855
6.449358 12.809403 0.258133
6.915445 13.702720 0.272334
7.389965 14.607359 0.284926
7.870512 15.523123 0.295250
8.356039 16.447896 0.302914
8.846604 17.381211 0.309644
9.341523 18.323712 0.318191
9.839933 19.274358 0.327647
10.341776 20.229446 0.335337
10.847062 21.186948 0.340325
11.355570 22.146815 0.342112
11.866646 23.109300 0.340700
12.379946 24.073256 0.338216
12.896080 25.036841 0.339770
13.414966 25.999359 0.348791
13.935513 26.960163 0.362175
14.456215 27.917319 0.374745
14.976042 28.870688 0.382058
15.494183 29.825041 0.384178
16.011543 30.780048 0.387360
16.529007 31.733063 0.395507
17.045466 32.686908 0.407219
17.559575 33.641887 0.417798
18.070066 34.593399 0.425830
18.575802 35.540983 0.431811
19.076160 36.486528 0.435375
19.571757 37.429934 0.436414
20.062258 38.367406 0.435615
20.546351 39.298088 0.431171
21.024546 40.223171 0.425739
21.499085 41.138974 0.424575
21.970065 42.046502 0.425462
22.434547 42.948287 0.427044
22.891678 43.843805 0.424894
23.343179 44.731457 0.420848
23.790505 45.610638 0.422782
24.234604 46.481333 0.430840
24.674548 47.343789 0.439747
25.109448 48.198726 0.446185
25.540331 49.045096 0.450329
25.968272 49.883164 0.453176
26.394487 50.713464 0.458572
26.820372 51.533865 0.466438
27.243887 52.346946 0.470654
27.662970 53.155338 0.469133
28.076544 53.956862 0.461992
28.483771 54.750088 0.451557
28.885377 55.535022 0.444614
29.280479 56.311030 0.445497
29.667028 57.075974 0.452334
30.044356 57.828739 0.458582
30.413451 58.570035 0.462657
30.775110 59.299727 0.467806
31.129859 60.017605 0.474156
31.477621 60.724409 0.478738
31.818288 61.421526 0.481462
32.152447 62.108910 0.484499
32.479985 62.784940 0.487479
32.798869 63.448828 0.487798
33.106987 64.100123 0.485115
33.405566 64.737772 0.481462
33.695179 65.362823 0.478442
33.975264 65.976776 0.480389
34.246322 66.576998 0.492087
34.507990 67.161717 0.506403
34.760825 67.731781 0.515499
35.006816 68.287605 0.520947
35.247159 68.831958 0.526054
35.482138 69.368185 0.535163
35.713353 69.894500 0.547785
35.944677 70.405138 0.561264
36.177360 70.899928 0.576933
36.409446 71.384063 0.591759
36.640131 71.859940 0.600573
36.871771 72.325398 0.605472
37.108192 72.774707 0.608998
37.350756 73.204664 0.612338
37.599723 73.616567 0.616643
37.856733 74.013002 0.620520
38.124053 74.394192 0.622203
38.402859 74.759138 0.620352
38.693458 75.106260 0.615421
38.995452 75.433000 0.609442
39.307800 75.738035 0.602723
39.629797 76.019878 0.594190
39.961125 76.277101 0.583283
40.301055 76.509014 0.569234
40.648239 76.714806 0.554041
41.001480 76.893942 0.541341
41.361049 77.047084 0.531591
41.727246 77.175739 0.522348
42.098759 77.280784 0.511094
42.473312 77.361861 0.497883
42.849248 77.418046 0.484225
43.225890 77.451639 0.471588
43.604038 77.468466 0.459969
43.982832 77.470005 0.448299
44.358617 77.452482 0.436125
44.730248 77.413410 0.424904
45.099209 77.355681 0.415198
45.471114 77.287151 0.404469
45.851432 77.213723 0.391747
46.239522 77.132899 0.380463
46.630510 77.036925 0.372566
47.022282 76.923556 0.366008
47.416572 76.794595 0.355041
47.816502 76.653551 0.334118
48.227689 76.503748 0.312003
48.650900 76.342959 0.303605
49.083129 76.168754 0.307005
49.522961 75.981106 0.311410
49.970229 75.779633 0.312350
50.425983 75.564226 0.309925
50.892260 75.335542 0.305600
51.370485 75.093417 0.300621
51.861139 74.837665 0.294993
52.365589 74.568826 0.288095
52.883751 74.286118 0.281080
53.413652 73.988459 0.275337
53.955854 73.677420 0.270313
54.511919 73.354664 0.265349
55.080419 73.019682 0.260095
55.660418 72.671912 0.254309
56.253826 72.312825 0.247855
56.862535 71.944341 0.240433
57.486366 71.566448 0.232864
58.125777 71.179182 0.226107
58.781666 70.783825 0.219309
59.453606 70.381347 0.212110
60.140652 69.973316 0.203477
60.840671 69.561420 0.193203
61.550993 69.146570 0.182790
62.270944 68.731171 0.170895
63.000160 68.315820 0.158974
63.735131 67.899272 0.151853
64.472869 67.481899 0.152755
65.212232 67.065141 0.157893
65.953101 66.649836 0.163191
66.695596 66.236130 0.168588
67.439250 65.824802 0.173141
68.184226 65.416093 0.176488
68.930051 65.009749 0.179358
69.675767 64.605413 0.183302
70.419943 64.201569 0.188770
71.161155 63.797065 0.195161
71.898051 63.392546 0.201020
72.629554 62.987588 0.204677
73.354723 62.581112 0.205683
74.072103 62.172638 0.205742
74.781703 61.761648 0.208095
75.483345 61.348360 0.212175
76.175776 60.933165 0.215368
76.858739 60.516508 0.217846
77.531999 60.098529 0.220119
78.194998 59.679384 0.222035
78.846626 59.259483 0.223950
79.485996 58.839884 0.227082
80.113556 58.421964 0.231428
80.728947 58.005846 0.236204
81.331922 57.591661 0.241576
81.922539 57.179617 0.247771
82.500631 56.770738 0.254574
83.066496 56.367158 0.260745
83.620688 55.971267 0.265282
84.163333 55.584777 0.268574
84.693077 55.208331 0.271140
85.208558 54.842808 0.273408
85.710197 54.490275 0.275645
86.198559 54.152498 0.277887
86.672792 53.830566 0.280152
87.132781 53.526320 0.283425
87.579598 53.241608 0.287061
88.015057 52.974911 0.289432
88.443066 52.722687 0.290768
88.868383 52.483178 0.292982
89.292882 52.255370 0.296661
89.716952 52.039846 0.301549
90.141830 51.838999 0.308440
90.568717 51.655411 0.317554
90.998355 51.490916 0.327230
91.430454 51.346991 0.335084
91.864341 51.225256 0.340290
92.298452 51.125642 0.343612
92.731278 51.048632 0.345878
93.163343 50.998116 0.346904
93.595713 50.977071 0.346674
94.028253 50.986880 0.345987
94.459274 51.027023 0.346613
94.887004 51.094908 0.350457
95.310624 51.190308 0.358967
95.728929 51.315339 0.370489
96.140909 51.470568 0.382100
96.546499 51.655742 0.391928
96.945712 51.870194 0.400462
97.338207 52.112103 0.407520
97.723636 52.381516 0.411923
98.101688 52.676828 0.410738
98.473944 52.991109 0.403088
98.843474 53.319780 0.394665
99.210027 53.665017 0.389741
99.572803 54.027167 0.386793
99.933989 54.403823 0.380989
100.296360 54.792963 0.372229
100.660624 55.192857 0.363155
101.029358 55.601094 0.357525
101.406801 56.015415 0.357459
101.793350 56.435888 0.357415
102.188760 56.862367 0.354665
102.592915 57.296420 0.355060
103.005521 57.740734 0.361669
103.427770 58.191882 0.372430
103.861839 58.644410 0.385639
104.307460 59.099861 0.398966
104.761960 59.562305 0.409073
105.225448 60.029907 0.414068
105.697889 60.502226 0.415539
106.177310 60.983057 0.413069
106.663437 61.475872 0.407568
107.159210 61.979725 0.405944
107.665745 62.492688 0.412163
108.180737 63.015297 0.425448
108.701409 63.546998 0.436669
109.226791 64.089188 0.439437
109.758945 64.639734 0.437088
110.299730 65.195609 0.433765
110.849026 65.759596 0.434329
111.406354 66.332173 0.439725
111.970994 66.912778 0.449090
112.540964 67.503048 0.459859
113.114994 68.102021 0.467105
113.692538 68.707881 0.471693
114.272745 69.321127 0.475187
114.854286 69.943783 0.475498
115.439440 70.572043 0.474334
116.028977 71.204234 0.474810
116.621485 71.841958 0.479550
117.218358 72.480473 0.486413
117.818530 73.116910 0.489605
118.421915 73.750914 0.493902
119.028881 74.382225 0.503475
119.636119 75.012462 0.515129
120.240128 75.643784 0.526601
120.843456 76.275801 0.535362
121.446980 76.907901 0.545851
122.047154 77.539525 0.556479
122.643514 78.168944 0.560090
123.238515 78.793223 0.560363
123.833714 79.417465 0.564971
124.429568 80.046612 0.584181
125.026000 80.676361 0.617927
125.617792 81.304675 0.643267
126.200259 81.930550 0.644120
126.776945 82.553996 0.631207
127.353050 83.175631 0.624671
127.928688 83.794372 0.635869
128.500600 84.411940 0.652992
129.067620 85.029406 0.664598
129.630882 85.647143 0.674525
130.186483 86.269334 0.681273
130.735503 86.893423 0.686002
131.283343 87.514606 0.694971
131.829352 88.133793 0.705884
132.371854 88.750690 0.712889
132.911400 89.363557 0.716977
133.448629 89.972525 0.719675
133.981944 90.581226 0.722606
134.510176 91.192224 0.729656
135.034556 91.805244 0.737700
135.554813 92.421630 0.740932
136.069497 93.040797 0.735121
136.581617 93.658742 0.720525
137.094130 94.275495 0.702155
137.605550 94.896216 0.687817
138.114041 95.523434 0.684206
138.617692 96.158773 0.686907
139.118407 96.798727 0.686540
139.619051 97.439175 0.682150
140.116474 98.084136 0.678932
140.608467 98.736574 0.681743
141.095861 99.395212 0.689309
141.579734 100.056486 0.693395
142.060068 100.719445 0.691767
142.535083 101.386455 0.685064
143.003441 102.057107 0.672702
143.466390 102.729978 0.658041
143.926065 103.404967 0.642052
144.384945 104.080635 0.629280
144.842574 104.757596 0.621730
145.296893 105.436874 0.617306
145.748793 106.115166 0.611316
146.198144 106.790284 0.594463
146.648202 107.461805 0.566476
147.096696 108.136842 0.537147
147.537367 108.823788 0.518236
147.973698 109.519352 0.506742
148.408661 110.220812 0.489415
148.840908 110.929338 0.465453
149.269319 111.642582 0.440395
149.693275 112.360745 0.412570
150.116988 113.082349 0.379768
150.543407 113.806197 0.352540
150.962871 114.540545 0.337214
151.371876 115.286748 0.326552
151.777183 116.035430 0.310709
152.179436 116.781740 0.282300
152.577702 117.528111 0.244147
152.973658 118.277629 0.207035
153.373467 119.028711 0.179211
153.778607 119.781384 0.159244
154.181095 120.538447 0.140496
154.578982 121.297934 0.118212
154.972959 122.059052 0.092804
155.365126 122.818308 0.062325
155.759291 123.572132 0.029793
156.152152 124.327135 0.003534
156.538608 125.086382 -0.015060
156.919094 125.844448 -0.029147
157.297468 126.596776 -0.047115
157.671068 127.344697 -0.076485
158.038169 128.090328 -0.113372
158.403344 128.832541 -0.146424
158.767335 129.570281 -0.175439
159.129088 130.302744 -0.208839
159.486765 131.029614 -0.247946
159.840695 131.748619 -0.290008
160.192004 132.458773 -0.335461
160.538471 133.161980 -0.387140
160.880855 133.857648 -0.439259
161.220970 134.544572 -0.484970
161.559071 135.223015 -0.524380
161.895393 135.893242 -0.557591
162.230140 136.555530 -0.584691
162.563490 137.210155 -0.605765
162.895602 137.857381 -0.620905
163.226613 138.497477 -0.630186
163.556632 139.130717 -0.633707
163.885759 139.757348 -0.631566
164.214057 140.377601 -0.623845
164.541564 140.991702 -0.610623
164.868298 141.599869 -0.591987
165.194264 142.202299 -0.568034
165.519439 142.799199 -0.538844
165.843767 143.390754 -0.504504
166.167190 143.977142 -0.465092
166.492850 144.556913 -0.419622
166.823018 145.126952 -0.367370
167.154738 145.687863 -0.315042
167.485153 146.242719 -0.269839
167.814649 146.793789 -0.233555
168.144332 147.343858 -0.204297
168.475552 147.892058 -0.175051
168.809130 148.439378 -0.141150
169.141294 148.988236 -0.109655
169.469545 149.538972 -0.087635
169.798205 150.090259 -0.070345
170.131744 150.639587 -0.050731
170.469444 151.189793 -0.024252
170.806783 151.745182 0.008436
171.142456 152.306442 0.045868
171.481356 152.868596 0.084855
171.823654 153.429271 0.112563
172.162895 153.994670 0.123587
172.498323 154.565880 0.124095
172.837342 155.138781 0.118728
173.183064 155.715107 0.115707
173.532065 156.295939 0.123125
173.880926 156.878808 0.136103
174.227049 157.463726 0.146731
174.569144 158.049224 0.150380
174.910502 158.633134 0.150093
175.253411 159.217319 0.153642
175.593482 159.804141 0.160805
175.929177 160.391610 0.169234
176.262850 160.976167 0.176185
176.594691 161.556854 0.178301
176.923424 162.134018 0.175475
177.249114 162.707573 0.171041
177.571078 163.277086 0.169775
177.888424 163.841503 0.175954
178.202349 164.397210 0.190040
178.510920 164.941191 0.205225
178.809139 165.473535 0.215542
179.095414 165.994247 0.221112
179.372814 166.500020 0.222892
179.642138 166.988383 0.220460
179.898809 167.461304 0.214583
180.140808 167.922282 0.206347
180.369218 168.374415 0.195984
180.585815 168.819331 0.186148
180.790159 169.260390 0.179430
180.979155 169.701687 0.174154
181.153530 170.142005 0.170466
181.313236 170.578868 0.165976
181.452402 171.012834 0.157439
181.568696 171.445070 0.145655
181.664398 171.876061 0.131927
181.736882 172.305387 0.119278
181.783731 172.731135 0.109926
181.805160 173.151393 0.104534
181.802719 173.565672 0.099804
181.779624 173.973730 0.092437
181.735516 174.375530 0.083704
181.668586 174.771867 0.077659
181.578165 175.162525 0.073590
181.465045 175.545010 0.066662
181.331401 175.917483 0.054687
181.178995 176.279765 0.038739
181.009062 176.632033 0.020677
180.822971 176.975016 -0.001591
180.619486 177.310075 -0.029532
180.394256 177.640083 -0.061663
180.141944 177.966316 -0.094678
179.860193 178.288106 -0.124069
179.551397 178.605392 -0.148397
179.217777 178.917800 -0.170411
178.860930 179.224469 -0.192897
178.481617 179.524372 -0.214651
178.079835 179.817180 -0.237775
177.656535 180.103570 -0.264011
177.214892 180.385074 -0.289494
176.756557 180.662188 -0.311845
176.280722 180.935203 -0.331672
175.788052 181.206828 -0.350624
175.279305 181.479702 -0.370059
174.754678 181.755872 -0.389151
174.214292 182.036981 -0.405526
173.658450 182.324725 -0.419844
173.087117 182.620703 -0.433596
172.499467 182.925486 -0.446360
171.895640 183.240165 -0.458628
171.276121 183.565897 -0.471525
170.640095 183.902950 -0.484718
169.986745 184.251161 -0.497121
169.316099 184.610355 -0.507959
168.628428 184.981139 -0.516565
167.924907 185.364373 -0.523820
167.206510 185.759237 -0.530752
166.473829 186.164016 -0.537589
165.728457 186.577478 -0.544194
164.972685 186.998616 -0.550202
164.209608 187.425546 -0.554481
163.442776 187.855778 -0.558471
162.675051 188.286617 -0.565394
161.907224 188.716330 -0.574447
161.139507 189.146360 -0.583453
160.371092 189.577034 -0.588787
159.600589 190.006699 -0.588412
158.828477 190.433987 -0.586238
158.055213 190.857730 -0.588959
157.280919 191.278227 -0.597611
156.505419 191.694967 -0.608657
155.728128 192.107759 -0.620117
154.949664 192.518200 -0.630294
154.170464 192.925737 -0.637618
153.390371 193.328324 -0.642701
152.610653 193.726322 -0.647529
151.832699 194.122009 -0.651581
151.056565 194.515812 -0.652026
150.282985 194.907813 -0.647843
149.513526 195.299588 -0.642885
148.748154 195.690784 -0.638752
147.986896 196.080634 -0.632595
147.230684 196.470025 -0.625505
146.479501 196.857800 -0.621037
145.731956 197.241641 -0.617444
144.988897 197.624264 -0.613752
144.251817 198.008353 -0.608774
143.518078 198.390546 -0.601653
142.786062 198.767722 -0.596262
142.057456 199.140539 -0.593909
141.332548 199.509504 -0.594495
140.610269 199.874689 -0.598187
139.890408 200.236244 -0.602320
139.172642 200.593434 -0.602456
138.456215 200.945595 -0.598962
137.740865 201.292659 -0.594798
137.026883 201.634727 -0.589412
136.314694 201.971483 -0.582735
135.604899 202.302496 -0.577121
134.898851 202.627789 -0.573439
134.198252 202.947733 -0.571491
133.504518 203.262344 -0.569729
132.819995 203.572190 -0.565834
132.146913 203.876860 -0.560246
131.486373 204.174539 -0.554430
130.839325 204.464764 -0.549400
130.206451 204.748869 -0.544872
129.587411 205.027683 -0.539223
128.981794 205.301384 -0.532217
128.390313 205.570422 -0.525757
127.813348 205.835126 -0.521232
127.251073 206.096787 -0.517507
126.703952 206.356121 -0.513550
126.171635 206.611961 -0.509369
125.653434 206.862429 -0.503774
125.150932 207.107517 -0.497188
124.666137 207.347565 -0.491115
124.199298 207.582312 -0.485641
123.750176 207.812069 -0.480675
123.318232 208.036479 -0.476418
122.903342 208.256033 -0.472662
122.504713 208.470267 -0.467902
122.122112 208.678569 -0.461747
121.756745 208.882050 -0.455518
121.408767 209.080784 -0.450413
121.078003 209.274123 -0.446605
120.765165 209.462166 -0.443362
120.470081 209.644502 -0.440028
120.192223 209.819948 -0.436641
119.933149 209.987082 -0.433004
119.694581 210.144243 -0.428916
119.477391 210.290393 -0.425167
119.281917 210.424540 -0.422449
119.109450 210.545775 -0.420666
118.960246 210.653490 -0.419310
118.832172 210.746964 -0.417486
118.724905 210.825520 -0.414865
118.639050 210.888784 -0.412602
118.572594 210.938586 -0.412264
118.521051 210.978403 -0.413372
118.480911 211.010673 -0.414336
118.450622 211.036090 -0.414600
118.429794 211.054273 -0.414202
118.418618 211.065179 -0.413726
118.416765 211.069041 -0.413563
118.423367 211.065913 -0.413661
118.436757 211.056956 -0.413826
118.451901 211.046198 -0.413769
118.464862 211.036798 -0.413433
118.477023 211.027815 -0.413149
118.489309 211.018191 -0.413181
118.500412 211.008381 -0.413188
118.508901 210.999200 -0.413306
118.513832 210.991543 -0.413795
118.514676 210.985891 -0.414062
118.511159 210.982340 -0.413644
118.503212 210.980865 -0.412734
118.490674 210.981482 -0.411780
118.473079 210.984700 -0.411069
118.448484 210.992244 -0.411321
118.413412 211.007071 -0.412729
118.364874 211.032008 -0.414227
118.300800 211.069060 -0.415035
118.220081 211.119121 -0.415008
118.122801 211.182429 -0.414585
118.009243 211.259361 -0.414378
117.879576 211.349973 -0.414511
117.734377 211.454325 -0.415151
117.575014 211.572356 -0.416241
117.403320 211.703961 -0.417242
117.222035 211.850003 -0.415178
117.031475 212.009518 -0.408247
116.832071 212.180898 -0.401663
116.628248 212.365255 -0.398793
116.422434 212.564116 -0.397709
116.213654 212.777576 -0.397020
116.003572 213.006417 -0.395125
115.793585 213.251493 -0.391483
115.582314 213.512977 -0.387432
115.371993 213.791730 -0.385017
115.165948 214.088064 -0.386168
114.968156 214.402851 -0.389568
114.784274 214.736836 -0.391476
114.615868 215.088741 -0.391254
114.462499 215.457763 -0.393101
114.324832 215.844167 -0.401350
114.204310 216.248790 -0.415151
114.103471 216.673420 -0.429464
114.025931 217.118344 -0.440168
113.977153 217.581188 -0.446390
113.959364 218.059058 -0.449451
113.970806 218.551001 -0.451138
114.010252 219.056428 -0.454302
114.078074 219.573670 -0.463614
114.174598 220.101828 -0.478366
114.299591 220.640606 -0.490313
114.453638 221.188625 -0.496413
114.635382 221.744246 -0.500553
114.842311 222.306702 -0.505210
115.073099 222.875361 -0.511004
115.325218 223.451085 -0.517472
115.595334 224.035760 -0.523641
115.880978 224.630522 -0.530055
116.180672 225.235740 -0.538191
116.493070 225.852402 -0.547532
116.817446 226.480970 -0.556333
117.153324 227.121341 -0.563859
117.499163 227.774898 -0.570077
117.854216 228.442472 -0.575535
118.218417 229.123937 -0.580517
118.591304 229.819068 -0.585988
118.972215 230.527283 -0.593274
119.360564 231.248405 -0.602823
119.755510 231.983371 -0.614973
120.155955 232.732808 -0.627388
120.562131 233.496158 -0.635989
120.975303 234.271556 -0.638982
121.395671 235.057803 -0.635146
121.822333 235.854027 -0.629756
122.254925 236.658234 -0.630388
122.693463 237.470289 -0.639305
123.137381 238.292393 -0.654810
123.586400 239.125861 -0.669064
124.040421 239.971103 -0.675849
124.498852 240.828177 -0.675790
124.961624 241.696701 -0.671540
125.430535 242.574983 -0.665186
125.905324 243.461726 -0.660034
126.384905 244.355529 -0.661588
126.869418 245.255003 -0.670574
127.358804 246.160795 -0.682116
127.853475 247.073168 -0.690755
128.351820 247.991981 -0.693851
128.852022 248.916651 -0.692114
129.353706 249.845571 -0.688257
129.855159 250.777652 -0.684197
130.355624 251.712059 -0.684667
130.855811 252.649335 -0.690233
131.355509 253.591575 -0.692204
131.855177 254.537793 -0.687097
132.353515 255.485697 -0.677370
132.848523 256.433784 -0.666679
133.339848 257.380917 -0.657668
133.827092 258.326402 -0.652101
134.310646 259.270055 -0.651088
134.792029 260.211162 -0.653395
135.271380 261.149054 -0.656463
135.748159 262.083980 -0.659181
136.222810 263.015778 -0.659983
136.695038 263.944856 -0.657018
137.164555 264.871926 -0.650750
137.631201 265.796664 -0.643433
138.095832 266.718718 -0.638583
138.559734 267.638741 -0.637084
139.022755 268.557797 -0.636448
139.485111 269.475755 -0.637036
139.946028 270.391917 -0.643001
140.405407 271.306505 -0.654641
140.864482 272.220685 -0.666855
141.323315 273.135232 -0.674311
141.781972 274.049866 -0.677900
142.241178 274.964433 -0.680067
142.701894 275.879449 -0.679288
143.164773 276.795323 -0.676513
143.630184 277.711995 -0.674510
144.097886 278.630209 -0.675023
144.567805 279.551596 -0.678184
145.041205 280.475767 -0.682171
145.518964 281.401801 -0.685121
146.001073 282.329386 -0.688034
146.487468 283.259775 -0.691549
146.977987 284.192940 -0.693974
147.472526 285.127273 -0.695092
147.970272 286.064190 -0.697793
148.472935 287.003241 -0.697623
148.981147 287.943691 -0.690145
149.491035 288.886955 -0.681152
150.001154 289.830964 -0.676305
150.511571 290.773254 -0.675621
151.021132 291.714283 -0.675873
151.529691 292.652409 -0.677132
152.037468 293.587162 -0.680266
152.544267 294.520650 -0.683368
153.051093 295.452568 -0.683665
153.558097 296.382432 -0.680134
154.064868 297.310223 -0.675453
154.571381 298.235105 -0.672008
155.076697 299.156232 -0.671463
155.579984 300.073458 -0.674699
156.081538 300.986452 -0.678962
156.581180 301.894845 -0.679189
157.077709 302.797835 -0.674563
157.570305 303.693754 -0.668740
158.058053 304.582775 -0.663036
158.541008 305.465553 -0.658490
159.019853 306.341746 -0.656547
159.494863 307.211343 -0.656805
159.965988 308.073945 -0.658245
160.432276 308.929316 -0.658185
160.893323 309.776776 -0.655633
161.349489 310.615410 -0.651363
161.800861 311.444790 -0.645388
162.246503 312.264423 -0.639700
162.685537 313.073055 -0.635532
163.117989 313.869338 -0.632513
163.543809 314.653024 -0.629013
163.962014 315.423438 -0.623163
164.371511 316.178911 -0.615099
164.771492 316.917025 -0.607006
165.160020 317.637168 -0.600180
165.535784 318.339966 -0.593707
165.898753 319.024061 -0.587723
166.247919 319.689240 -0.582700
166.581975 320.337003 -0.578186
166.901583 320.965583 -0.575142
167.206388 321.573740 -0.574834
167.495701 322.163464 -0.575668
167.770820 322.735304 -0.575746
168.032291 323.288115 -0.575322
168.279069 323.820820 -0.571194
168.509263 324.333590 -0.562362
168.721817 324.826806 -0.556268
168.916416 325.301772 -0.556826
169.093593 325.759714 -0.561044
169.255071 326.200386 -0.565052
169.401875 326.624478 -0.567575
169.536808 327.035458 -0.568801
169.663672 327.437703 -0.568167
169.783292 327.832706 -0.565746
169.895715 328.219676 -0.562207
169.999451 328.598072 -0.558964
170.090888 328.968759 -0.556634
170.167855 329.333472 -0.554464
170.229538 329.694437 -0.552240
170.275682 330.051982 -0.550112
170.307425 330.404336 -0.548734
170.324572 330.751854 -0.547590
170.325684 331.098103 -0.544874
170.311233 331.446000 -0.540887
170.282743 331.796909 -0.536721
170.241438 332.150748 -0.532565
170.186517 332.506185 -0.527855
170.114078 332.863490 -0.520099
170.019519 333.225061 -0.509188
169.900621 333.591387 -0.501866
169.757457 333.960716 -0.500467
169.586945 334.331866 -0.499367
169.382220 334.703886 -0.495224
169.140857 335.075417 -0.489224
168.866633 335.444865 -0.483628
168.559884 335.812157 -0.476696
168.211653 336.176989 -0.464621
167.815750 336.537280 -0.448426
167.376769 336.891612 -0.433618
166.902503 337.240195 -0.426560
166.397679 337.583985 -0.424114
165.863307 337.923938 -0.420117
165.303218 338.259281 -0.415409
164.720917 338.587816 -0.411570
164.117333 338.909349 -0.413645
163.497423 339.226532 -0.424870
162.866165 339.542502 -0.438265
162.223406 339.857920 -0.440957
161.567780 340.172016 -0.428622
160.900221 340.484707 -0.410596
160.220508 340.796576 -0.396534
159.528893 341.108905 -0.387759
158.825567 341.423105 -0.381665
158.111301 341.740545 -0.376078
157.387932 342.062622 -0.369175
156.656699 342.390974 -0.361092
155.917899 342.726678 -0.351702
155.171012 343.069493 -0.340132
154.417805 343.419956 -0.329366
153.659611 343.779746 -0.323842
152.895990 344.149830 -0.321317
152.125614 344.530091 -0.315788
151.348005 344.919156 -0.305837
150.565114 345.315067 -0.294188
149.778100 345.715024 -0.285608
148.985546 346.117813 -0.280759
148.187158 346.524186 -0.280347
147.384657 346.934390 -0.283523
146.579566 347.348600 -0.283520
145.771071 347.766150 -0.278844
144.958736 348.185986 -0.271090
144.144654 348.606825 -0.261837
143.327298 349.027062 -0.253366
142.504596 349.445460 -0.245108
141.678044 349.862150 -0.236474
140.849089 350.277629 -0.227842
140.018985 350.691776 -0.219632
139.187958 351.104785 -0.211882
138.356473 351.517335 -0.204053
137.524713 351.930303 -0.196185
136.690648 352.344919 -0.186427
135.853981 352.761022 -0.174683
135.015203 353.178067 -0.164876
134.174507 353.597042 -0.160352
133.334180 354.017506 -0.157084
132.498177 354.438901 -0.150436
131.663502 354.862821 -0.142537
130.830760 355.289417 -0.134938
130.007052 355.718021 -0.124294
129.190427 356.148417 -0.115599
128.378040 356.580272 -0.113876
127.572254 357.014705 -0.112542
126.776248 357.452264 -0.107501
125.991417 357.892296 -0.101038
125.218143 358.334363 -0.096471
124.456883 358.778043 -0.093847
123.709027 359.222911 -0.093067
122.974691 359.668690 -0.093302
122.253293 360.115039 -0.094252
121.544926 360.562023 -0.096319
120.849966 361.009668 -0.098222
120.169237 361.457785 -0.098354
119.502800 361.906354 -0.097207
118.850508 362.354998 -0.095765
118.212109 362.803110 -0.094892
117.587991 363.248865 -0.095753
116.976935 363.689215 -0.098069
116.375671 364.119941 -0.101002
115.782644 364.536439 -0.106741
115.196345 364.936966 -0.114385
114.614938 365.322048 -0.118936
114.037715 365.690267 -0.120949
113.463509 366.040545 -0.122481
112.891246 366.372967 -0.123885
112.319283 366.687116 -0.124661
111.744840 366.982490 -0.121500
111.165729 367.257795 -0.116094
110.581471 367.512217 -0.113134
109.993240 367.750324 -0.113407
109.402894 367.981039 -0.116407
108.812647 368.209470 -0.119430
108.222881 368.437168 -0.120795
107.632463 368.664240 -0.121857
107.039481 368.890057 -0.123691
106.443142 369.114150 -0.127139
105.843577 369.336354 -0.131944
105.241343 369.556615 -0.136727
104.636051 369.775278 -0.140917
104.026029 369.995767 -0.143630
103.411509 370.221319 -0.144637
102.793254 370.451729 -0.144980
102.172424 370.686424 -0.144645
101.547673 370.925994 -0.143750
100.915767 371.171212 -0.144187
100.275745 371.422456 -0.146222
99.629517 371.679297 -0.147722
98.978936 371.941151 -0.147672
98.323872 372.208253 -0.147636
97.662253 372.482862 -0.147196
96.994073 372.766103 -0.145716
96.320860 373.057695 -0.144548
95.641312 373.357624 -0.145071
94.953838 373.665282 -0.150894
94.260855 373.979217 -0.163259
93.561752 374.299899 -0.184284
92.855485 374.632917 -0.214521
92.147099 374.980714 -0.239246
91.434761 375.340450 -0.243304
90.716112 375.710709 -0.236878
89.994616 376.087427 -0.242322
89.268830 376.470177 -0.264669
88.538234 376.862795 -0.295044
87.803348 377.266014 -0.318535
87.061585 377.681445 -0.323950
86.313855 378.107310 -0.318757
85.563050 378.538235 -0.318518
84.810835 378.971241 -0.328836
84.058247 379.406031 -0.341427
83.304709 379.844435 -0.341044
82.547832 380.289496 -0.323057
81.787244 380.739944 -0.298115
81.023266 381.192015 -0.278324
80.255814 381.643761 -0.271911
79.484078 382.095662 -0.273647
78.706948 382.548471 -0.272408
77.923461 383.001781 -0.264876
77.131163 383.456756 -0.253986
76.329360 383.914481 -0.245314
75.518915 384.374728 -0.238031
74.699968 384.837089 -0.229589
73.872336 385.301120 -0.224745
73.036141 385.765623 -0.225751
72.192443 386.230941 -0.225381
71.341683 386.699335 -0.215625
70.484019 387.172037 -0.198051
69.619397 387.648763 -0.181892
68.747042 388.129378 -0.173136
67.867989 388.613580 -0.171106
66.984985 389.099823 -0.169915
66.101378 389.586088 -0.164327
65.218645 390.072186 -0.155171
64.336660 390.559858 -0.143429
63.456772 391.048501 -0.130050
62.579320 391.538871 -0.118991
61.701706 392.033886 -0.113901
60.822384 392.533049 -0.118508
59.943245 393.036201 -0.128664
59.067852 393.541214 -0.137799
58.199286 394.046076 -0.141664
57.338404 394.551447 -0.140856
56.484017 395.056217 -0.143095
55.635501 395.559342 -0.151159
54.793968 396.060870 -0.162926
53.959783 396.561951 -0.177203
53.133859 397.061886 -0.192822
52.318027 397.558324 -0.210085
51.512276 398.050420 -0.229216
50.717856 398.536499 -0.247188
49.935804 399.016832 -0.264217
49.166792 399.491266 -0.279363
48.412470 399.956160 -0.290275
47.669946 400.410404 -0.301289
46.935143 400.854749 -0.318078
46.206384 401.289557 -0.340283
45.483624 401.712787 -0.364188
44.767925 402.122074 -0.387160
44.059192 402.516929 -0.407985
43.356400 402.896065 -0.426165
42.656762 403.256881 -0.443334
41.957465 403.598724 -0.463390
41.257307 403.923363 -0.487858
40.558475 404.228931 -0.510266
39.863741 404.510824 -0.523159
39.170435 404.769319 -0.533036
38.474972 405.009283 -0.546793
37.775903 405.229679 -0.566034
37.074463 405.426469 -0.590244
36.373876 405.599524 -0.613584
35.677078 405.747366 -0.633696
34.987096 405.866604 -0.649278
34.305663 405.956441 -0.661974
33.631717 406.018514 -0.677909
32.963836 406.053263 -0.700289
32.302147 406.060229 -0.728029
31.647757 406.039621 -0.758551
31.003748 405.992598 -0.790085
30.372775 405.920586 -0.822275
29.755664 405.825279 -0.854637
29.151724 405.707677 -0.886683
28.560075 405.568387 -0.918772
27.980653 405.408135 -0.950024
27.413319 405.228804 -0.979071
26.857993 405.032466 -1.006321
26.314751 404.820585 -1.032165
25.783663 404.593507 -1.053493
25.266050 404.351919 -1.070031
24.764446 404.097315 -1.082333
24.278882 403.831003 -1.089750
23.808632 403.554693 -1.093041
23.354693 403.271158 -1.092180
22.916489 402.983626 -1.087477
22.492174 402.693987 -1.077059
22.083156 402.400977 -1.058171
21.692603 402.102791 -1.029494
21.319557 401.802725 -0.993662
20.959648 401.505903 -0.952831
20.611032 401.214954 -0.907280
20.276592 400.929563 -0.855096
19.959344 400.649188 -0.793753
19.663085 400.373699 -0.726765
19.392407 400.102536 -0.656771
19.150421 399.835241 -0.585631
18.940980 399.571404 -0.513711
18.766905 399.312771 -0.440599
18.628616 399.060737 -0.376121
18.526791 398.818156 -0.319199
18.463628 398.590859 -0.255439
18.440063 398.382863 -0.183989
18.456975 398.194295 -0.114292
18.513780 398.026729 -0.050042
18.609762 397.884257 0.011765
18.747109 397.767342 0.069276
18.928806 397.676260 0.120267
19.156845 397.612710 0.165446
19.430489 397.578683 0.205135
19.746700 397.576279 0.239125
20.103088 397.606461 0.265728
20.501005 397.669674 0.284280
20.940630 397.765861 0.293427
21.419955 397.896880 0.295322
21.939988 398.064143 0.292981
22.503870 398.267127 0.288256
23.111831 398.505553 0.284178
23.758790 398.777088 0.278810
24.441573 399.077967 0.269114
25.159557 399.405416 0.255434
25.909691 399.758061 0.241454
26.688589 400.134224 0.230041
27.493978 400.530537 0.219564
28.323687 400.943428 0.211646
29.173419 401.370044 0.209807
30.036893 401.805937 0.209602
30.908620 402.247288 0.208619
31.786841 402.691349 0.210940
32.669964 403.133528 0.221433
33.551845 403.570162 0.243834
34.427657 403.996882 0.274417
35.294018 404.409774 0.309387
36.145007 404.807077 0.350136
36.977479 405.186647 0.395783
37.789902 405.545120 0.444320
38.579731 405.878721 0.496219
39.344644 406.184585 0.551323
40.082720 406.459660 0.607141
40.791983 406.701825 0.661239
41.470916 406.907881 0.712664
42.116801 407.076433 0.760489
42.723991 407.209043 0.805604
43.289938 407.304081 0.850089
43.813227 407.359655 0.890950
44.292663 407.377795 0.920150
44.728764 407.359625 0.931887
45.120880 407.298785 0.933948
45.469007 407.192260 0.935251
45.771976 407.044463 0.934804
46.028739 406.856583 0.929773
46.241579 406.627472 0.916387
46.411529 406.358553 0.892312
46.538383 406.049159 0.859401
46.624344 405.698159 0.820053
46.670011 405.307684 0.775333
46.673235 404.879890 0.725005
46.637589 404.416723 0.665475
46.566432 403.917404 0.598339
46.455723 403.383687 0.533453
46.307619 402.817161 0.469955
46.125956 402.219076 0.398064
45.910797 401.593078 0.318670
45.665031 400.937852 0.237413
45.390081 400.253306 0.159172
45.086039 399.542441 0.085357
44.754260 398.808887 0.010087
44.395201 398.058694 -0.069270
44.011584 397.292886 -0.146414
43.607536 396.509170 -0.219823
43.184092 395.709204 -0.289027
42.744884 394.889203 -0.359634
42.291413 394.047661 -0.435808
41.823284 393.189925 -0.509460
41.341644 392.320247 -0.573078
40.847059 391.440826 -0.624333
40.341909 390.550205 -0.670949
39.828242 389.646824 -0.720078
39.306627 388.730651 -0.771196
38.777646 387.803644 -0.820757
38.242708 386.866407 -0.866365
37.704093 385.920810 -0.904103
37.163426 384.966725 -0.933435
36.619271 384.005244 -0.964147
36.070690 383.039425 -1.000457
35.518461 382.067451 -1.034916
34.963912 381.088365 -1.061112
34.408023 380.105461 -1.080547
33.850310 379.121874 -1.097370
33.291172 378.139689 -1.110623
32.730751 377.160453 -1.121713
32.169120 376.183527 -1.135841
31.608183 375.209592 -1.151994
31.049637 374.239871 -1.164583
30.494499 373.275233 -1.171090
29.945935 372.317962 -1.172626
29.404661 371.370194 -1.174823
28.869966 370.426165 -1.182095
28.340385 369.485488 -1.191696
27.816582 368.551250 -1.198509
27.302342 367.622588 -1.197619
26.799085 366.701923 -1.181743
26.306755 365.790635 -1.155888
25.822363 364.888380 -1.135201
25.343235 363.992964 -1.124470
24.866991 363.102655 -1.121569
24.393313 362.216666 -1.122766
23.925558 361.335741 -1.121488
23.466143 360.462521 -1.115820
23.015250 359.596584 -1.108635
22.572478 358.736906 -1.098943
22.137865 357.885583 -1.086393
21.710608 357.043253 -1.073915
21.289675 356.209803 -1.064052
20.875406 355.385487 -1.057944
20.468530 354.570026 -1.052715
20.069521 353.763494 -1.044497
19.677289 352.966571 -1.034244
19.290072 352.180287 -1.024375
18.906299 351.403893 -1.014660
18.524269 350.638924 -1.007147
18.144378 349.889351 -1.002093
17.767940 349.149786 -0.997675
17.397396 348.421757 -0.991959
17.035192 347.715035 -0.985087
16.679136 347.024211 -0.982726
16.329211 346.342856 -0.979774
15.989328 345.672387 -0.968482
15.658266 345.012696 -0.954602
15.331086 344.360666 -0.943537
15.005888 343.714383 -0.934972
14.683474 343.076545 -0.926939
14.364393 342.449790 -0.917096
14.047633 341.834601 -0.907509
13.732378 341.230884 -0.898640
13.417930 340.636750 -0.887342
13.104466 340.051191 -0.873086
12.793533 339.475729 -0.857541
12.486087 338.910769 -0.841667
12.183076 338.355838 -0.824030
11.884092 337.810685 -0.804176
11.588730 337.275735 -0.782214
11.297881 336.752296 -0.758451
11.012297 336.240622 -0.734160
10.731584 335.739218 -0.708530
10.455170 335.245891 -0.680102
10.189300 334.757682 -0.651653
9.943139 334.272372 -0.625626
9.719921 333.789547 -0.602114
9.519161 333.308377 -0.581307
9.341019 332.829201 -0.562108
9.186875 332.353714 -0.544034
9.057553 331.883575 -0.527164
8.952415 331.419476 -0.512028
8.871096 330.959968 -0.499569
8.817114 330.500322 -0.490954
8.795658 330.036938 -0.487441
8.810406 329.570017 -0.487914
8.863231 329.101176 -0.490506
8.954039 328.632118 -0.495044
9.081613 328.161985 -0.502856
9.243967 327.691829 -0.515480
9.439006 327.226541 -0.533151
9.665851 326.768856 -0.553935
9.923878 326.319358 -0.576367
10.211426 325.878239 -0.601513
10.527688 325.444654 -0.627801
10.872238 325.018529 -0.649924
11.243233 324.601154 -0.665647
11.637288 324.195382 -0.678097
12.050630 323.803725 -0.690996
12.482062 323.424896 -0.702018
12.932530 323.056161 -0.706806
13.401248 322.696047 -0.707102
13.884990 322.343658 -0.708441
14.382088 321.997999 -0.712614
14.893001 321.657419 -0.720030
15.419367 321.316765 -0.728854
15.964470 320.970715 -0.729264
16.527921 320.619010 -0.720184
17.106554 320.261703 -0.710671
17.699947 319.897039 -0.706638
18.308067 319.524136 -0.711128
18.930422 319.144032 -0.720786
19.568898 318.758308 -0.730810
20.225304 318.366541 -0.737683
20.899514 317.967250 -0.734900
21.589036 317.561401 -0.727904
22.290898 317.150395 -0.728454
23.005069 316.734370 -0.737448
23.732186 316.314605 -0.750667
24.471851 315.892890 -0.763249
25.223424 315.469392 -0.773466
25.986133 315.044930 -0.782510
26.760566 314.619567 -0.791571
27.547875 314.191810 -0.800793
28.346595 313.763342 -0.808900
29.154166 313.335154 -0.817564
29.969067 312.907219 -0.829111
30.791129 312.478776 -0.844744
31.618771 312.051359 -0.860546
32.448693 311.628062 -0.871124
33.278654 311.207846 -0.879307
34.107403 310.789475 -0.889996
34.935188 310.373839 -0.903302
35.761739 309.962858 -0.916368
36.585721 309.556921 -0.928717
37.406638 309.156074 -0.946936
38.224537 308.761243 -0.971818
39.039822 308.372691 -0.992555
39.853044 307.989528 -1.005607
40.663285 307.613519 -1.012198
41.469375 307.240816 -1.021524
42.270943 306.867377 -1.038666
43.068720 306.497927 -1.057119
43.862702 306.133673 -1.074456
44.650319 305.773501 -1.090353
45.430658 305.416931 -1.105071
46.203811 305.062505 -1.118927
46.967871 304.709864 -1.129962
47.722832 304.358464 -1.136532
48.470274 304.006323 -1.140087
49.206605 303.654660 -1.139503
49.927814 303.305718 -1.137405
50.633722 302.958460 -1.139455
51.323617 302.612186 -1.144071
51.996493 302.266499 -1.146169
52.652211 301.919392 -1.145939
53.289909 301.570496 -1.147860
53.908594 301.219778 -1.150521
54.507703 300.865725 -1.148897
55.086943 300.509045 -1.143507
55.648448 300.152687 -1.137931
56.197738 299.799246 -1.134242
56.740337 299.450352 -1.131095
57.279109 299.106343 -1.126887
57.815430 298.767577 -1.121242
58.350310 298.432990 -1.117636
58.884281 298.102688 -1.116116
59.417800 297.777725 -1.110339
59.950898 297.458187 -1.097675
60.482550 297.145292 -1.082906
61.013463 296.841481 -1.073862
61.545883 296.548500 -1.071286
62.078347 296.263654 -1.072750
62.610471 295.984819 -1.074912
63.144124 295.714648 -1.076646
63.678052 295.454518 -1.087726
64.212540 295.204278 -1.107249
64.749231 294.969354 -1.118845
65.287680 294.753709 -1.122527
65.826257 294.556855 -1.126834
66.364599 294.378543 -1.131882
66.904195 294.218311 -1.136566
67.443776 294.078420 -1.142175
67.980903 293.962926 -1.148052
68.515701 293.872126 -1.151488
69.047237 293.804453 -1.157545
69.574079 293.760312 -1.169924
70.095851 293.741157 -1.183539
70.612185 293.747697 -1.196182
71.121895 293.778772 -1.209862
71.622953 293.834770 -1.226944
72.115055 293.917343 -1.246060
72.597808 294.027136 -1.264501
73.071908 294.161834 -1.280220
73.538812 294.319353 -1.288933
73.994583 294.500647 -1.292368
74.434812 294.704473 -1.296380
74.859343 294.928083 -1.303443
75.270258 295.168317 -1.314212
75.667625 295.424694 -1.325192
76.048691 295.697810 -1.334033
76.412865 295.986069 -1.341434
76.761732 296.287503 -1.348012
77.096835 296.600707 -1.353952
77.418409 296.925430 -1.359208
77.726951 297.259978 -1.363604
78.025013 297.601223 -1.367877
78.317755 297.945665 -1.373034
78.610352 298.291159 -1.380198
78.903065 298.637272 -1.388478
79.194207 298.983705 -1.393166
79.482544 299.330340 -1.394694
79.770436 299.675207 -1.396502
80.062269 300.015785 -1.398546
80.356815 300.351463 -1.399495
80.652935 300.680878 -1.399394
80.952608 301.000565 -1.397408
81.254972 301.309242 -1.393688
81.564456 301.604067 -1.387945
81.887248 301.877166 -1.378068
82.221914 302.122401 -1.369752
82.561249 302.342382 -1.367845
82.900309 302.546100 -1.370973
83.242635 302.738773 -1.380314
83.593585 302.918903 -1.393696
83.958350 303.078543 -1.403282
84.339615 303.209686 -1.403511
84.732138 303.313622 -1.399542
85.128760 303.396391 -1.398603
85.528384 303.458615 -1.401125
85.932213 303.498210 -1.406340
86.340142 303.516080 -1.412720
86.752042 303.513907 -1.419756
87.168993 303.492250 -1.428791
87.593167 303.453124 -1.439778
88.025850 303.395078 -1.447840
88.467470 303.314949 -1.449838
88.918036 303.214469 -1.450413
89.376994 303.095810 -1.455008
89.844277 302.959882 -1.464443
90.319881 302.808131 -1.477586
90.804422 302.642606 -1.492083
91.298531 302.464376 -1.505508
91.802686 302.273427 -1.516969
92.317567 302.069079 -1.525024
92.843526 301.849665 -1.529934
93.380768 301.614739 -1.533246
93.929244 301.367131 -1.535587
94.489140 301.109918 -1.536514
95.061046 300.845306 -1.536032
95.645421 300.574836 -1.536228
96.242087 300.298181 -1.539093
96.850888 300.013959 -1.544541
97.471860 299.721939 -1.551300
98.104761 299.422592 -1.558544
98.749806 299.115825 -1.565660
99.407338 298.801515 -1.572655
100.077103 298.479645 -1.578575
100.758248 298.150412 -1.581506
101.450003 297.813455 -1.582338
102.151123 297.468161 -1.583094
102.859827 297.115320 -1.585133
103.574885 296.756333 -1.587601
104.294951 296.391072 -1.590827
105.019489 296.018704 -1.595023
105.749189 295.639091 -1.599124
106.484596 295.253787 -1.603197
107.226524 294.864308 -1.607002
107.974772 294.469731 -1.611849
108.729034 294.069663 -1.616958
109.489622 293.665008 -1.620125
110.255870 293.255131 -1.620550
111.027065 292.839102 -1.618461
111.803086 292.417315 -1.614445
112.583501 291.991251 -1.608647
113.367277 291.562567 -1.603695
114.153666 291.133322 -1.601836
114.942191 290.705188 -1.602351
115.731359 290.279409 -1.603757
116.519906 289.857291 -1.604920
117.307695 289.438361 -1.604770
118.094139 289.022005 -1.601977
118.878523 288.608400 -1.595867
119.660998 288.196659 -1.589197
120.442095 287.786109 -1.584273
121.221077 287.377592 -1.579059
121.995301 286.971745 -1.576896
122.764016 286.571522 -1.585563
123.528716 286.177804 -1.600825
124.290406 285.785961 -1.610414
125.050701 285.395151 -1.611741
125.809941 285.008599 -1.606047
126.565913 284.627192 -1.596047
127.315716 284.249184 -1.592320
128.058197 283.872417 -1.597880
128.795760 283.498042 -1.604991
129.530416 283.128225 -1.607887
130.261596 282.763702 -1.606309
130.988636 282.405019 -1.604735
131.711077 282.051109 -1.607308
132.429203 281.701547 -1.612196
133.143783 281.356639 -1.615370
133.855016 281.016429 -1.616354
134.562305 280.681567 -1.615210
135.264044 280.352186 -1.613390
135.958023 280.028153 -1.613229
136.641724 279.710114 -1.614838
137.312403 279.399844 -1.617655
137.968511 279.099012 -1.621050
138.608622 278.806929 -1.625228
139.234297 278.521850 -1.629997
139.851203 278.242634 -1.635136
140.463403 277.967919 -1.640826
141.072165 277.695929 -1.645768
141.677373 277.426459 -1.650404
142.279206 277.160239 -1.655416
142.877103 276.895907 -1.659707
143.469377 276.632049 -1.662908
144.054716 276.370504 -1.665258
144.630774 276.113631 -1.668329
145.194323 275.861592 -1.673779
145.743438 275.614782 -1.680662
146.277359 275.373483 -1.686330
146.794888 275.137428 -1.689413
147.294931 274.907374 -1.690595
147.776671 274.683113 -1.690932
148.239050 274.464231 -1.691026
148.682513 274.250513 -1.692227
149.109059 274.040016 -1.694802
149.520582 273.831151 -1.697702
149.917308 273.623710 -1.700550
150.298717 273.418585 -1.704608
150.664688 273.216734 -1.709856
151.014918 273.017530 -1.714530
151.349816 272.821274 -1.717862
151.669839 272.628643 -1.720454
151.974698 272.439179 -1.723462
152.263247 272.252433 -1.726680
152.534124 272.067712 -1.729641
152.788439 271.885198 -1.732222
153.027614 271.706952 -1.734229
153.251493 271.535645 -1.736011
153.458473 271.372642 -1.738612
153.647169 271.218171 -1.742196
153.816898 271.071358 -1.745951
153.966461 270.931596 -1.749850
154.099983 270.797808 -1.754576
154.225982 270.665916 -1.760001
154.348539 270.531470 -1.762951
154.468509 270.393974 -1.761804
154.587162 270.255712 -1.759901
154.704168 270.116851 -1.760374
154.819073 269.976655 -1.763363
154.932413 269.835266 -1.767528
155.043763 269.691810 -1.771562
155.154087 269.544796 -1.775629
155.267626 269.390939 -1.780978
155.388246 269.225370 -1.786943
155.517436 269.044548 -1.791030
155.654989 268.846749 -1.791861
155.799172 268.631169 -1.790023
155.947839 268.397561 -1.786897
156.098239 268.145023 -1.783457
156.247845 267.872543 -1.779598
156.396037 267.580652 -1.775470
156.542213 267.269024 -1.771390
156.682714 266.935691 -1.766952
156.811893 266.579035 -1.761869
156.926268 266.199009 -1.755993
157.023987 265.796732 -1.749985
157.102114 265.373417 -1.745333
157.157862 264.930391 -1.741792
157.190933 264.467869 -1.736579
157.199138 263.985483 -1.727721
157.177269 263.483699 -1.717750
157.121722 262.963945 -1.709515
157.031476 262.428254 -1.701883
156.910107 261.876573 -1.692847
156.761014 261.308332 -1.682405
156.581689 260.725406 -1.672519
156.370560 260.129690 -1.664752
156.130674 259.521767 -1.660477
155.865344 258.901856 -1.659314
155.577660 258.269391 -1.658607
155.270484 257.623561 -1.658305
154.943903 256.964646 -1.658506
154.596277 256.293387 -1.657157
154.228163 255.610399 -1.655268
153.843151 254.914853 -1.653884
153.444667 254.205127 -1.653231
153.033827 253.481021 -1.653962
152.611343 252.742486 -1.655290
152.178284 251.988566 -1.656856
151.735778 251.218590 -1.658713
151.284773 250.432697 -1.661085
150.825646 249.630965 -1.663816
150.359008 248.812762 -1.666474
149.884899 247.978339 -1.668789
149.404211 247.128373 -1.670401
148.917389 246.263634 -1.670649
148.425117 245.385949 -1.667997
147.930315 244.495861 -1.662493
147.434642 243.592171 -1.656370
146.937710 242.674092 -1.650119
146.439234 241.742123 -1.642367
145.938746 240.796913 -1.633732
145.434964 239.839383 -1.626269
144.927812 238.870542 -1.618596
144.417906 237.891918 -1.608748
143.906235 236.905276 -1.598193
143.394351 235.910836 -1.588793
142.882600 234.908699 -1.581285
142.371174 233.899407 -1.573968
141.860071 232.883465 -1.565635
141.348733 231.861499 -1.557473
140.836637 230.834697 -1.549711
140.322541 229.804381 -1.542159
139.806622 228.770338 -1.534865
139.289427 227.731637 -1.527402
138.770934 226.687907 -1.519380
138.250966 225.639278 -1.512117
137.728837 224.586193 -1.506126
137.204005 223.529306 -1.500393
136.675862 222.469135 -1.494862
136.144215 221.405672 -1.489161
135.608374 220.338266 -1.481726
135.067887 219.266169 -1.472541
134.523249 218.189058 -1.464568
133.974142 217.107024 -1.459858
133.420525 216.019831 -1.458231
132.862716 214.927242 -1.458609
132.300119 213.829585 -1.459380
131.732504 212.727004 -1.458474
131.160118 211.619840 -1.454903
130.583145 210.508403 -1.449432
130.002410 209.392246 -1.441888
129.418934 208.270989 -1.432058
128.833430 207.144128 -1.419285
128.245609 206.011743 -1.404127
127.655238 204.875288 -1.390269
127.063312 203.735264 -1.380139
126.469742 202.591130 -1.370228
125.873639 201.443271 -1.356052
125.274988 200.291910 -1.337788
124.674118 199.137164 -1.317255
124.071668 197.980296 -1.298835
123.468739 196.821754 -1.284251
122.865516 195.660833 -1.270953
122.261792 194.497439 -1.256910
121.657457 193.331694 -1.241522
121.052140 192.163808 -1.224512
120.446151 190.995259 -1.205689
119.840621 189.827141 -1.186626
119.235565 188.659456 -1.168062
118.630775 187.492510 -1.149994
118.027113 186.326380 -1.133041
117.424444 185.161282 -1.116453
116.822731 183.997706 -1.100438
116.222136 182.835649 -1.084541
115.622416 181.675491 -1.066618
115.023131 180.518044 -1.047535
114.424628 179.363332 -1.028584
113.827636 178.211020 -1.009288
113.231955 177.060642 -0.988661
112.637304 175.912269 -0.967986
112.043282 174.767941 -0.952449
111.450393 173.628568 -0.944018
110.859444 172.492976 -0.938141
110.270477 171.360188 -0.930307
109.683545 170.230353 -0.919509
109.098062 169.104906 -0.907245
108.513861 167.985321 -0.895054
107.932239 166.873027 -0.883790
107.355340 165.769595 -0.873658
106.786202 164.675758 -0.862120
106.225689 163.592613 -0.847945
105.671552 162.522461 -0.831930
105.124034 161.467037 -0.813755
104.584413 160.427540 -0.794586
104.051821 159.405718 -0.774332
103.525796 158.402496 -0.752425
103.007243 157.417365 -0.729292
102.496231 156.448939 -0.705543
101.991859 155.495543 -0.682088
101.493476 154.557345 -0.658487
101.002300 153.636149 -0.633761
100.520047 152.734451 -0.607966
100.047900 151.853758 -0.581712
99.587274 150.995017 -0.555362
99.138424 150.159074 -0.529711
98.702009 149.345766 -0.505675
98.278501 148.554990 -0.482758
97.867588 147.787117 -0.460733
97.469023 147.041823 -0.439649
97.082666 146.318055 -0.419451
96.708095 145.615378 -0.400026
96.345249 144.934061 -0.382608
95.995532 144.274029 -0.368381
95.661342 143.634109 -0.355519
95.344904 143.012959 -0.343512
95.048970 142.408658 -0.332034
94.775529 141.819140 -0.320310
94.524846 141.243850 -0.309686
94.298121 140.681871 -0.300804
94.098082 140.131790 -0.293202
93.926357 139.592292 -0.286939
93.782676 139.061177 -0.281088
93.665178 138.535849 -0.274823
93.571845 138.013947 -0.268517
93.504424 137.493830 -0.263212
93.464816 136.975227 -0.259284
93.451962 136.459203 -0.256606
93.465183 135.946261 -0.255120
93.504921 135.436206 -0.255232
93.571682 134.930598 -0.255698
93.664169 134.431373 -0.256263
93.781525 133.938810 -0.259591
93.925548 133.453495 -0.267105
94.097709 132.977079 -0.277654
94.298233 132.509892 -0.288853
94.526765 132.052590 -0.300112
94.782418 131.608001 -0.311724
95.064642 131.178117 -0.323459
95.371247 130.762570 -0.334767
95.699383 130.360312 -0.347090
96.050560 129.972704 -0.361006
96.426057 129.601112 -0.375901
96.820617 129.241772 -0.391009
97.229395 128.890320 -0.402859
97.653367 128.546093 -0.408943
98.093130 128.209620 -0.412903
98.547142 127.879876 -0.425660
99.013930 127.553434 -0.444879
99.492251 127.226856 -0.456696
99.981599 126.898700 -0.458567
100.482678 126.569890 -0.457074
100.995271 126.239829 -0.458890
101.517745 125.905323 -0.464980
102.049376 125.564077 -0.472336
102.590418 125.215277 -0.479784
103.142203 124.859974 -0.487981
103.705670 124.498853 -0.495941
104.280596 124.130872 -0.502895
104.866899 123.755381 -0.509067
105.464756 123.371991 -0.515035
106.074506 122.980504 -0.520846
106.696852 122.581410 -0.526471
107.332838 122.176138 -0.532454
107.983131 121.765264 -0.538338
108.648649 121.349389 -0.543640
109.331032 120.930575 -0.549518
110.031503 120.510616 -0.555957
110.750693 120.090763 -0.563936
111.487669 119.671177 -0.574299
112.240498 119.252471 -0.584711
113.007905 118.837325 -0.596584
113.786988 118.426769 -0.608510
114.574594 118.021398 -0.615343
115.368341 117.621796 -0.616971
116.164189 117.225270 -0.617160
116.959598 116.830693 -0.618140
117.753411 116.437019 -0.619780
118.543919 116.041933 -0.622451
119.329880 115.644508 -0.625458
120.110283 115.243350 -0.627613
120.884151 114.836942 -0.627999
121.650601 114.424440 -0.627039
122.408430 114.005682 -0.626472
123.157681 113.580757 -0.628180
123.899527 113.149250 -0.631340
124.634116 112.710531 -0.633449
125.361730 112.264818 -0.633302
126.083169 111.812108 -0.632209
126.798601 111.351866 -0.631747
127.508514 110.884843 -0.631107
128.215109 110.412757 -0.631041
128.921151 109.935568 -0.631646
129.628624 109.452176 -0.631453
130.339447 108.962938 -0.629286
131.055258 108.468235 -0.625015
131.777125 107.968161 -0.619509
132.505988 107.463468 -0.613188
133.241674 106.954933 -0.606769
133.983336 106.443603 -0.600863
134.729421 105.931110 -0.596297
135.477105 105.417961 -0.592955
136.225116 104.904553 -0.590292
136.972727 104.390356 -0.587343
137.718444 103.873963 -0.582722
138.460095 103.353536 -0.576729
139.194793 102.826352 -0.570927
139.920475 102.289694 -0.564906
140.635276 101.740547 -0.555451
141.337106 101.178617 -0.540404
142.024604 100.605943 -0.523265
142.698027 100.022910 -0.509893
143.355650 99.428103 -0.499725
143.996416 98.821305 -0.489838
144.623254 98.204219 -0.480381
145.235187 97.576308 -0.469593
145.831728 96.936410 -0.460361
146.418057 96.286487 -0.455183
146.995967 95.625044 -0.448498
147.566710 94.951322 -0.439357
148.134857 94.270567 -0.432059
148.699320 93.584529 -0.432923
149.258406 92.892841 -0.444857
149.816673 92.196432 -0.461796
150.378015 91.494680 -0.472408
150.943634 90.786445 -0.470281
151.512877 90.072288 -0.460470
152.084573 89.353111 -0.449894
152.656947 88.627940 -0.442162
153.228804 87.896033 -0.438241
153.798958 87.156377 -0.438278
154.365968 86.406463 -0.442160
154.927735 85.643516 -0.445515
155.481967 84.867042 -0.444512
156.026865 84.077367 -0.442249
156.561426 83.273743 -0.441132
157.089399 82.456444 -0.433684
157.613243 81.626290 -0.415910
158.132396 80.784520 -0.395418
158.647920 79.934577 -0.379729
159.161476 79.079659 -0.368439
159.674672 78.222482 -0.358547
160.188289 77.365236 -0.347295
160.700909 76.508800 -0.335137
161.211832 75.654743 -0.323763
161.721276 74.803088 -0.312375
162.228083 73.952746 -0.301101
162.731176 73.102837 -0.290894
163.227973 72.252244 -0.281283
163.713307 71.399493 -0.270214
164.185437 70.544408 -0.261771
164.646127 69.688448 -0.258090
165.095044 68.831465 -0.256155
165.530161 67.972719 -0.255396
165.950355 67.112219 -0.255254
166.355747 66.249773 -0.255403
166.746502 65.385322 -0.254421
167.122963 64.519121 -0.251291
167.485319 63.651786 -0.247225
167.832666 62.784015 -0.244090
168.165209 61.916436 -0.242863
168.483995 61.049984 -0.242640
168.791060 60.186413 -0.241981
169.089840 59.328182 -0.240949
169.382272 58.477530 -0.240513
169.668685 57.637034 -0.240223
169.948941 56.809689 -0.239062
170.224431 55.998727 -0.237387
170.497259 55.206943 -0.235684
170.767759 54.435608 -0.233939
171.036955 53.685870 -0.232586
171.306609 52.959124 -0.231591
171.575279 52.256093 -0.230676
171.840820 51.576930 -0.229797
172.103992 50.917777 -0.229894
172.366710 50.269913 -0.231788
172.630096 49.627167 -0.233913
172.891839 48.987040 -0.235023
173.150300 48.348068 -0.235878
173.406706 47.710221 -0.236540
173.661469 47.074040 -0.234516
173.913015 46.440044 -0.228281
174.160737 45.809176 -0.222864
174.405360 45.181859 -0.225260
174.647487 44.552961 -0.236338
174.888546 43.917858 -0.250974
175.129497 43.276419 -0.263015
175.370415 42.627998 -0.269207
175.611548 41.972343 -0.274712
175.852681 41.309035 -0.281423
176.094962 40.637893 -0.286057
176.340034 39.959270 -0.287024
176.588395 39.274284 -0.288671
176.841573 38.584674 -0.293742
177.101155 37.891501 -0.305883
177.371983 37.193381 -0.325839
177.653594 36.488934 -0.347557
177.944012 35.778354 -0.367697
178.245432 35.061277 -0.386139
178.557356 34.337531 -0.409888
178.876501 33.604778 -0.435865
179.200635 32.860457 -0.455059
179.528373 32.104831 -0.465670
179.860151 31.338854 -0.471429
180.200105 30.564751 -0.477358
180.544465 29.782946 -0.486683
180.888344 28.991452 -0.499639
181.235700 28.189313 -0.512703
181.586803 27.375659 -0.522485
181.938463 26.549898 -0.528758
182.292161 25.713313 -0.536590
182.650320 24.867708 -0.549351
183.011540 24.012801 -0.562219
183.374629 23.147966 -0.573584
183.737934 22.273737 -0.584561
184.101428 21.393089 -0.592839
184.464610 20.509694 -0.600474
184.827060 19.626106 -0.614489
185.191246 18.743510 -0.635905
185.556673 17.860904 -0.660462
185.923428 16.976810 -0.682056
186.291667 16.090693 -0.697168
186.658740 15.203065 -0.705771
187.023772 14.315446 -0.715456
187.391940 13.430723 -0.729780
187.761168 12.547440 -0.738272
188.127432 11.661571 -0.741037
188.501194 10.776428 -0.744164
188.880686 9.892938 -0.746914
189.257307 9.009426 -0.750003
189.629986 8.126450 -0.757209
189.994253 7.242416 -0.766695
190.355466 6.359603 -0.776044
190.718620 5.476879 -0.783693
191.077642 4.592996 -0.787021
191.432803 3.710204 -0.789835
191.783524 2.828017 -0.789393
192.125882 1.945772 -0.777424
192.466558 1.066257 -0.760329
192.807203 0.192104 -0.745866
193.145363 -0.675706 -0.734681
193.485280 -1.534172 -0.727319
193.825153 -2.383644 -0.720825
194.164087 -3.225639 -0.710990
194.501360 -4.058604 -0.698124
194.831076 -4.880753 -0.681871
195.153030 -5.688721 -0.667906
195.468945 -6.478802 -0.663935
195.775815 -7.253435 -0.663530
196.071420 -8.015870 -0.653853
196.357925 -8.763592 -0.628643
196.635314 -9.492239 -0.599479
196.904752 -10.198672 -0.580941
197.165040 -10.881108 -0.574511
197.411128 -11.539284 -0.572111
197.644631 -12.173446 -0.568614
197.870830 -12.783354 -0.559445
198.089319 -13.369871 -0.544672
198.301787 -13.935529 -0.529862
198.516241 -14.484266 -0.516769
198.738740 -15.019213 -0.507760
198.971962 -15.540603 -0.501572
199.218907 -16.048430 -0.495590
199.484949 -16.542201 -0.492324
199.773668 -17.019401 -0.492368
200.083087 -17.479233 -0.494303
200.410779 -17.923368 -0.496978
200.754884 -18.353551 -0.500900
201.119833 -18.768760 -0.506897
201.509054 -19.170706 -0.513855
201.918798 -19.562445 -0.518281
202.350586 -19.942667 -0.518922
202.807785 -20.309386 -0.518468
203.287568 -20.663962 -0.521747
203.783567 -21.010504 -0.533247
204.297671 -21.348395 -0.546314
204.832067 -21.677480 -0.556983
205.381059 -22.001519 -0.571990
205.940547 -22.323337 -0.591667
206.508814 -22.646111 -0.611286
207.084387 -22.973611 -0.630954
207.667349 -23.305032 -0.651245
208.257567 -23.640854 -0.669894
208.853399 -23.982353 -0.685970
209.452360 -24.329234 -0.702749
210.052323 -24.682681 -0.722678
210.655357 -25.043568 -0.744039
211.262912 -25.413522 -0.762179
211.875470 -25.791372 -0.773294
212.494559 -26.174717 -0.776095
213.116460 -26.564864 -0.778295
213.738600 -26.962816 -0.789632
214.361582 -27.368956 -0.805922
214.983809 -27.785321 -0.820741
215.605642 -28.211512 -0.831485
216.231400 -28.641442 -0.838376
216.864069 -29.069767 -0.845003
217.500218 -29.500312 -0.851238
218.135549 -29.936245 -0.857395
218.772576 -30.374923 -0.863118
219.416798 -30.812239 -0.868428
220.067266 -31.248490 -0.875034
220.718210 -31.687461 -0.878925
221.369301 -32.128095 -0.884951
222.020447 -32.570359 -0.894840
222.670343 -33.016008 -0.902745
223.323919 -33.462187 -0.910733
223.981716 -33.908695 -0.914387
224.641664 -34.358568 -0.911226
225.303675 -34.811947 -0.908833
225.968232 -35.265697 -0.911780
226.634231 -35.720866 -0.914192
227.300242 -36.182796 -0.912920
227.969469 -36.649053 -0.906488
228.641200 -37.120281 -0.892505
229.313520 -37.598829 -0.880918
229.988170 -38.081428 -0.874008
230.666977 -38.568028 -0.863242
231.349139 -39.057303 -0.852445
232.032541 -39.548816 -0.844388
232.715698 -40.042587 -0.837292
233.397818 -40.537255 -0.829697
234.078961 -41.032046 -0.819775
234.760611 -41.524764 -0.810282
235.442130 -42.017401 -0.805491
236.123577 -42.509429 -0.803173
236.804027 -43.000852 -0.798263
237.482627 -43.492221 -0.796775
238.164318 -43.980217 -0.799274
238.850455 -44.466591 -0.792903
239.539345 -44.952138 -0.772134
240.228929 -45.435681 -0.751145
240.917074 -45.917229 -0.746337
241.604311 -46.397671 -0.755172
242.293025 -46.878001 -0.765185
242.983451 -47.361927 -0.767698
243.673558 -47.853583 -0.762847
244.365474 -48.348498 -0.757478
245.059516 -48.843474 -0.757637
245.754972 -49.339036 -0.764614
246.454102 -49.835756 -0.774890
247.156932 -50.336177 -0.782289
247.864716 -50.839774 -0.780625
248.578148 -51.345123 -0.775950
249.295830 -51.850443 -0.775541
250.016875 -52.355518 -0.780187
250.740658 -52.863578 -0.785897
251.467526 -53.373058 -0.787655
252.198033 -53.881851 -0.789188
252.932227 -54.391334 -0.793866
253.668556 -54.902548 -0.796048
254.402727 -55.417432 -0.797330
255.134628 -55.934481 -0.805660
255.865522 -56.452343 -0.816044
256.597143 -56.971857 -0.821276
257.333363 -57.490812 -0.818827
258.069949 -58.010325 -0.819096
258.803576 -58.529628 -0.832196
259.533813 -59.048566 -0.852873
260.259812 -59.568803 -0.871869
260.982061 -60.090650 -0.886391
261.701530 -60.613718 -0.898749
262.420790 -61.134002 -0.908899
263.137141 -61.651020 -0.915960
263.850189 -62.163130 -0.925107
264.562192 -62.669876 -0.942829
265.272133 -63.174127 -0.959282
265.981649 -63.677678 -0.961584
266.688145 -64.180125 -0.957406
267.387337 -64.679772 -0.959595
268.081428 -65.175558 -0.969686
268.773557 -65.671392 -0.977798
269.462264 -66.168826 -0.973128
270.145272 -66.663919 -0.962315
270.821376 -67.154455 -0.957358
271.488830 -67.640007 -0.959190
272.145210 -68.121430 -0.961076
272.791398 -68.596175 -0.958611
273.428684 -69.064032 -0.952962
274.056071 -69.525181 -0.945588
274.674619 -69.976324 -0.934981
275.282708 -70.418004 -0.926428
275.876685 -70.853905 -0.926632
276.458560 -71.284189 -0.929770
277.031526 -71.708990 -0.927904
277.596459 -72.130938 -0.918318
278.152032 -72.551237 -0.903570
278.695335 -72.969001 -0.887109
279.225750 -73.382792 -0.869800
279.743010 -73.792069 -0.851744
280.246840 -74.196301 -0.833052
280.736962 -74.594946 -0.813828
281.213092 -74.987465 -0.794171
281.674923 -75.373291 -0.774194
282.122137 -75.751859 -0.754000
282.554403 -76.122596 -0.733684
282.971381 -76.484911 -0.713354
283.372702 -76.838200 -0.693116
283.757999 -77.181853 -0.673078
284.126868 -77.515226 -0.653349
284.478914 -77.837678 -0.634038
284.813711 -78.148552 -0.615256
285.130829 -78.447175 -0.597135
285.429824 -78.732867 -0.579781
285.711197 -79.004439 -0.562164
285.975810 -79.261082 -0.544229
286.224158 -79.502856 -0.527583
286.458988 -79.728850 -0.512042
286.683331 -79.938357 -0.496364
286.897271 -80.132376 -0.479859
287.101006 -80.311903 -0.461949
287.297971 -80.479949 -0.442430
287.492788 -80.640657 -0.420673
287.688547 -80.793942 -0.398217
287.885459 -80.936831 -0.377056
288.082892 -81.068543 -0.356235
288.282506 -81.189837 -0.333761
288.485949 -81.301074 -0.308826
288.692074 -81.401814 -0.282004
288.899944 -81.489690 -0.254244
289.111550 -81.564690 -0.226783
289.329092 -81.629222 -0.199250
289.555020 -81.684173 -0.171736
289.791872 -81.728429 -0.144584
290.040414 -81.760825 -0.115904
290.299900 -81.785210 -0.087874
290.571775 -81.799179 -0.062409
290.858936 -81.793001 -0.035980
291.159530 -81.761868 -0.007348
291.470786 -81.705140 0.019639
291.792047 -81.623496 0.041848
292.122482 -81.517002 0.059492
292.461362 -81.385775 0.072787
292.808072 -81.229956 0.081953
293.162113 -81.049720 0.087200
293.523096 -80.845260 0.088751
293.890714 -80.616758 0.086831
294.264749 -80.364409 0.081690
294.645074 -80.088403 0.073552
295.031657 -79.788919 0.062656
295.424536 -79.466129 0.049241
295.823849 -79.120202 0.033556
296.229821 -78.751277 0.015846
296.642734 -78.359472 -0.003635
297.062957 -77.944902 -0.024636
297.490909 -77.507639 -0.046917
297.924148 -77.047213 -0.068123
298.358127 -76.561375 -0.087215
298.792285 -76.049711 -0.105768
299.230104 -75.513977 -0.132258
299.673745 -74.956663 -0.161855
300.124881 -74.377726 -0.174002
300.583500 -73.777823 -0.171230
301.045875 -73.159662 -0.172335
301.509511 -72.522859 -0.187502
301.975127 -71.865898 -0.211326
302.446821 -71.189924 -0.232139
302.927330 -70.496757 -0.247377
303.416363 -69.786902 -0.261345
303.915654 -69.063712 -0.273880
304.424720 -68.327973 -0.285534
304.939322 -67.577073 -0.298307
305.462479 -66.815635 -0.306391
305.995209 -66.048356 -0.308638
306.532545 -65.275818 -0.312479
307.073389 -64.500103 -0.322782
307.618141 -63.721690 -0.335993
308.167149 -62.937899 -0.346012
308.721618 -62.146709 -0.354636
309.282086 -61.348149 -0.358484
309.846940 -60.541939 -0.354280
310.415683 -59.731268 -0.353812
310.985142 -58.918201 -0.362920
311.553186 -58.101613 -0.378693
312.123820 -57.281265 -0.395642
312.697581 -56.455843 -0.407259
313.271940 -55.624363 -0.410715
313.848327 -54.788576 -0.410729
314.425549 -53.948627 -0.415390
315.001125 -53.103602 -0.425696
315.577152 -52.255434 -0.439675
316.153284 -51.405894 -0.451709
316.728126 -50.555336 -0.462908
317.301684 -49.702804 -0.484279
317.876622 -48.848719 -0.508762
318.453772 -47.995378 -0.521549
319.031230 -47.144420 -0.532325
319.608054 -46.293868 -0.546732
320.187101 -45.441968 -0.551184
320.767632 -44.589443 -0.547421
321.346394 -43.737181 -0.546583
321.925959 -42.887625 -0.550789
322.505493 -42.038704 -0.557435
323.085262 -41.188925 -0.559244
323.667493 -40.339381 -0.556136
324.253478 -39.492179 -0.555873
324.843318 -38.650295 -0.563079
325.435863 -37.813502 -0.577325
326.031039 -36.979056 -0.592391
326.625098 -36.140371 -0.602128
327.215804 -35.296981 -0.605756
327.802665 -34.452585 -0.614142
328.384007 -33.608177 -0.633644
328.961526 -32.763775 -0.657279
329.539195 -31.918462 -0.674624
330.118386 -31.071673 -0.676057
330.694832 -30.222610 -0.668948
331.268286 -29.373508 -0.666210
331.839524 -28.525913 -0.669698
332.409028 -27.679047 -0.677615
332.977971 -26.832511 -0.684618
333.548173 -25.988731 -0.685355
334.120649 -25.147850 -0.683957
334.693239 -24.307667 -0.684454
335.266454 -23.470945 -0.687231
335.839938 -22.638796 -0.694129
336.413845 -21.807722 -0.699960
336.989603 -20.975644 -0.695295
337.568120 -20.145120 -0.685538
338.148240 -19.319511 -0.688071
338.727669 -18.498830 -0.704551
339.306918 -17.679902 -0.721755
339.887952 -16.860178 -0.725815
340.472409 -16.040231 -0.712760
341.060695 -15.221088 -0.696378
341.652243 -14.404686 -0.688112
342.247171 -13.592584 -0.689036
342.845494 -12.784995 -0.697329
343.446373 -11.979987 -0.708350
344.049312 -11.175526 -0.715262
344.657906 -10.374148 -0.715470
345.271421 -9.577588 -0.714243
345.887561 -8.786525 -0.714354
346.511076 -8.004959 -0.713538
347.140400 -7.231623 -0.707975
347.771327 -6.463139 -0.704504
348.402909 -5.699820 -0.704121
349.034137 -4.941880 -0.699157
349.666338 -4.191097 -0.694324
350.300760 -3.447645 -0.689698
350.937303 -2.709279 -0.678207
351.574947 -1.975596 -0.660100
352.212548 -1.247827 -0.643053
352.848551 -0.524652 -0.629014
353.480949 0.196905 -0.614273
354.107263 0.918271 -0.598403
354.726519 1.638919 -0.584056
355.339407 2.357151 -0.574280
355.946283 3.073031 -0.565935
356.547136 3.788191 -0.554101
357.141996 4.501516 -0.535423
357.732172 5.209594 -0.509565
358.317829 5.909327 -0.486347
358.895749 6.599902 -0.471703
359.461420 7.282324 -0.463220
360.014289 7.956915 -0.460591
360.559297 8.622661 -0.460564
361.099044 9.280351 -0.452173
361.633002 9.930210 -0.434675
362.160923 10.569402 -0.419263
362.682979 11.195942 -0.410386
363.198375 11.808613 -0.404719
363.706155 12.405680 -0.398514
364.206561 12.986703 -0.390730
364.698743 13.552283 -0.382571
365.181403 14.102586 -0.373280
365.654121 14.634850 -0.361183
366.116316 15.144704 -0.349373
366.566138 15.632487 -0.342249
367.002602 16.100232 -0.338626
367.426295 16.548261 -0.332900
367.838253 16.978099 -0.318555
368.238865 17.390751 -0.296907
368.628613 17.785465 -0.278187
369.007649 18.164304 -0.266772
369.375181 18.535556 -0.261234
369.732827 18.905889 -0.262972
370.084740 19.275182 -0.267544
370.434593 19.642211 -0.265409
370.781375 20.008778 -0.257602
371.117900 20.379950 -0.249678
371.439205 20.757977 -0.240972
371.747249 21.139863 -0.231834
372.044463 21.523068 -0.226905
372.328104 21.909599 -0.227699
372.593397 22.304583 -0.234080
372.839791 22.711263 -0.242189
373.068993 23.130297 -0.247681
373.278830 23.562833 -0.249301
373.465797 24.009827 -0.246712
373.628702 24.471323 -0.241070
373.767193 24.947144 -0.232873
373.880848 25.437038 -0.222602
373.969193 25.940665 -0.210745
374.031690 26.457613 -0.197767
374.067746 26.987366 -0.184158
374.076749 27.529339 -0.170409
374.058060 28.082878 -0.156993
374.011021 28.647219 -0.144394
373.934956 29.221514 -0.133097
373.829197 29.804838 -0.123586
373.693086 30.396183 -0.116350
373.525992 30.994455 -0.111856
373.327290 31.598466 -0.110580
373.096398 32.206954 -0.112997
372.832766 32.818580 -0.119573
372.535380 33.432940 -0.125102
372.205605 34.050336 -0.121633
371.850045 34.671294 -0.109811
371.475518 35.296353 -0.095000
371.086732 35.926134 -0.083985
370.686619 36.561175 -0.079793
370.276726 37.202163 -0.078852
369.860665 37.851364 -0.078757
369.441039 38.510051 -0.079860
369.016062 39.177493 -0.080056
368.585288 39.854031 -0.078221
368.150076 40.540914 -0.078019
367.710502 41.239378 -0.078650
367.267809 41.951614 -0.075144
366.822005 42.678479 -0.069037
366.371126 43.419853 -0.060891
365.916753 44.176346 -0.051990
365.460352 44.947894 -0.045243
365.000835 45.733443 -0.039432
364.537032 46.530627 -0.034426
364.067157 47.337135 -0.029389
363.591525 48.152059 -0.023732
363.112213 48.974995 -0.015581
362.631171 49.804559 -0.010775
362.150123 50.639398 -0.014136
361.669557 51.480458 -0.019237
361.189117 52.327904 -0.018031
360.709279 53.180049 -0.006915
360.231538 54.035715 0.009121
359.757542 54.893792 0.022836
359.289018 55.753944 0.032111
358.828702 56.617336 0.037403
358.377000 57.484303 0.042715
357.932491 58.353333 0.052429
357.494908 59.223811 0.065085
357.066814 60.095903 0.077280
356.648572 60.969938 0.088512
356.236402 61.846812 0.097973
355.829529 62.726909 0.105341
355.427233 63.611529 0.110959
355.025568 64.500460 0.114094
354.620688 65.391829 0.117303
354.209534 66.284441 0.119251
353.791831 67.178420 0.119042
353.367526 68.073399 0.118301
352.931544 68.967116 0.116949
352.486570 69.859058 0.112774
352.038575 70.749394 0.108148
351.583130 71.638022 0.105230
351.118486 72.525277 0.106296
350.646784 73.411163 0.115944
350.169377 74.294837 0.127101
349.683001 75.175216 0.133268
349.185465 76.052052 0.134528
348.681050 76.924821 0.133007
348.171222 77.793270 0.131720
347.655690 78.658542 0.130083
347.133277 79.520972 0.130125
346.604137 80.380093 0.134172
346.070948 81.235220 0.138394
345.535203 82.085327 0.139953
345.000336 82.931743 0.138794
344.466049 83.773455 0.135343
343.932126 84.610097 0.131849
343.400932 85.443736 0.129199
342.871801 86.275405 0.130121
342.346074 87.104507 0.136829
341.826430 87.929516 0.143852
341.312050 88.749156 0.146563
340.805291 89.565542 0.149881
340.307075 90.380525 0.158563
339.815209 91.191460 0.166464
339.332689 91.998934 0.169616
338.859402 92.803207 0.169006
338.391848 93.602394 0.164687
337.928020 94.395474 0.157280
337.467671 95.181678 0.148232
337.009499 95.958777 0.138486
336.555294 96.727030 0.131191
336.108649 97.488354 0.130000
335.668979 98.241675 0.131117
335.233697 98.984095 0.129921
334.802426 99.714386 0.126624
334.378089 100.432560 0.120301
333.962899 101.139855 0.111901
333.554838 101.837270 0.109550
333.152875 102.523687 0.118798
332.759135 103.197043 0.131986
332.374559 103.853388 0.137107
331.999461 104.491750 0.133602
331.631771 105.113394 0.127676
331.270852 105.719394 0.126051
330.920257 106.310756 0.129473
330.579568 106.886561 0.131634
330.247132 107.446408 0.130433
329.924940 107.990332 0.128629
329.616871 108.517283 0.129367
329.322393 109.025666 0.129010
329.035570 109.514547 0.121110
328.756869 109.985720 0.108857
328.491194 110.441522 0.100638
328.239025 110.880596 0.100557
327.999628 111.300545 0.104391
327.774144 111.701013 0.103457
327.563413 112.082055 0.097065
327.365601 112.443409 0.090712
327.179940 112.784992 0.086783
327.007300 113.106529 0.085927
326.848219 113.406579 0.087592
326.703256 113.684144 0.088710
326.571182 113.939874 0.088043
326.450984 114.176240 0.086445
326.341073 114.399706 0.084752
326.236191 114.618162 0.083073
326.131990 114.835543 0.080567
326.027232 115.053437 0.077012
325.922582 115.272860 0.073070
325.819572 115.493943 0.069605
325.718230 115.716513 0.067578
325.616669 115.940249 0.067344
325.512465 116.164628 0.068374
325.404678 116.389917 0.070718
325.294544 116.617358 0.074230
325.184182 116.850513 0.077571
325.073325 117.097379 0.078598
324.957494 117.365071 0.078426
324.831838 117.657237 0.080887
324.694379 117.975862 0.088063
324.546425 118.321200 0.099421
324.389862 118.692023 0.109564
324.224119 119.085763 0.114145
324.049050 119.501585 0.116030
323.866818 119.940236 0.124029
323.676761 120.400949 0.140773
323.474588 120.882110 0.158826
323.258173 121.381409 0.172946
323.029199 121.895846 0.183232
322.789677 122.423548 0.191777
322.538998 122.965216 0.200984
322.276894 123.521631 0.208268
322.003212 124.090807 0.207542
321.714479 124.672150 0.201680
321.408576 125.266791 0.197587
321.089137 125.874555 0.192931
320.759719 126.494940 0.183724
320.420883 127.127442 0.170641
320.073187 127.771557 0.154354
319.717180 128.426775 0.135525
319.353414 129.092573 0.114821
318.982417 129.768430 0.092894
318.604709 130.453806 0.070407
318.220790 131.148187 0.048009
317.831156 131.851055 0.026372
317.436282 132.561880 0.006146
317.036623 133.280111 -0.012018
316.632642 134.005196 -0.027474
316.224766 134.736577 -0.039588
315.813427 135.473699 -0.047728
315.399035 136.216003 -0.051251
314.981966 136.962904 -0.049529
314.562430 137.714305 -0.042637
314.142571 138.470771 -0.030128
313.723926 139.232005 -0.012991
313.304928 139.996736 0.003343
312.884892 140.763252 0.015098
312.462001 141.528864 0.022692
312.038275 142.292613 0.025728
311.617699 143.055457 0.028800
311.200052 143.817140 0.037511
310.785087 144.576967 0.050725
310.372164 145.332882 0.061688
309.959839 146.083996 0.069915
309.548149 146.832115 0.078599
309.139443 147.577788 0.086642
308.734651 148.319890 0.093944
308.332195 149.056336 0.098902
307.932106 149.787424 0.101448
307.535422 150.515518 0.106874
307.140817 151.238610 0.121514
306.747107 151.950557 0.141132
306.356352 152.647723 0.154472
305.974378 153.330956 0.162126
305.603066 154.000234 0.171998
305.237977 154.653222 0.187058
304.879500 155.288099 0.202826
304.530622 155.903362 0.214440
304.187399 156.496826 0.224909
303.847079 157.066924 0.232534
303.513340 157.615184 0.238901
303.185530 158.141815 0.248521
302.861972 158.645707 0.256714
302.542387 159.129024 0.261812
302.224114 159.599152 0.266474
301.903133 160.061315 0.271111
301.573878 160.513958 0.275587
301.232989 160.954785 0.283184
300.878565 161.381613 0.295971
300.510623 161.793648 0.310456
300.129636 162.190390 0.323111
299.734636 162.571014 0.332461
299.325716 162.936014 0.338800
298.902118 163.285732 0.344343
298.461619 163.622732 0.348332
298.002829 163.949446 0.349185
297.524517 164.265093 0.346711
297.025254 164.570069 0.342906
296.505573 164.868256 0.339803
295.967548 165.163593 0.338226
295.410325 165.454920 0.339616
294.834082 165.740888 0.339177
294.241507 166.024866 0.333952
293.632935 166.311073 0.325218
293.008499 166.601927 0.311638
292.369276 166.899999 0.296603
291.715011 167.205965 0.284354
291.045011 167.517468 0.272321
290.359830 167.835284 0.258788
289.659831 168.161557 0.246086
288.943974 168.495941 0.236148
288.210906 168.837393 0.230215
287.462081 169.186883 0.227925
286.699608 169.544110 0.224803
285.924265 169.907340 0.215888
285.136868 170.279143 0.202554
284.338305 170.663828 0.192114
283.529058 171.061626 0.192315
282.708339 171.469125 0.200338
281.875527 171.884878 0.206150
281.032411 172.310777 0.209767
280.180167 172.747245 0.213803
279.318722 173.191497 0.212645
278.450874 173.644943 0.206242
277.577289 174.107571 0.199762
276.694415 174.574063 0.197332
275.802236 175.045211 0.200766
274.899960 175.520118 0.212858
273.986488 175.994467 0.232598
273.067308 176.470710 0.253374
272.147617 176.948616 0.267231
271.229459 177.425392 0.268648
270.311586 177.900358 0.262247
269.391123 178.372949 0.260075
268.467612 178.843586 0.271388
267.543386 179.311801 0.290878
266.619773 179.776725 0.310970
265.697069 180.238253 0.328468
264.776877 180.694963 0.343493
263.861442 181.145336 0.350907
262.952142 181.591773 0.348454
262.047739 182.036322 0.346801
261.146619 182.479658 0.353865
260.248715 182.921739 0.366348
259.354592 183.360447 0.379257
258.466433 183.796138 0.386909
257.585018 184.228887 0.385611
256.709436 184.658757 0.382580
255.840953 185.088608 0.385222
254.978354 185.520323 0.391333
254.119157 185.953768 0.402180
253.264519 186.389035 0.423155
252.415627 186.824774 0.445303
251.571690 187.258028 0.458335
250.733600 187.690879 0.465838
249.902354 188.125699 0.475648
249.075610 188.559131 0.485988
248.252757 188.990817 0.496653
247.435605 189.423359 0.511544
246.623578 189.854355 0.527888
245.815771 190.279887 0.540526
245.013193 190.701523 0.547190
244.216368 191.119468 0.552836
243.426209 191.529962 0.561804
242.644923 191.932124 0.567985
241.874160 192.327343 0.568746
241.115768 192.716813 0.571215
240.370635 193.099468 0.576704
239.639299 193.473819 0.582296
238.923788 193.840385 0.588224
238.225383 194.199333 0.593628
237.544318 194.548842 0.598015
236.882329 194.889659 0.603191
236.241337 195.224680 0.606962
235.620785 195.554943 0.606491
235.019204 195.879775 0.605213
234.436563 196.200250 0.605413
233.873677 196.518781 0.603406
233.331055 196.836724 0.597031
232.809225 197.155487 0.589463
232.308289 197.477198 0.584333
231.823458 197.805139 0.580778
231.349308 198.142818 0.576536
230.886551 198.493312 0.571739
230.437757 198.858210 0.566916
230.003946 199.238202 0.558021
229.583890 199.632240 0.541852
229.177515 200.040644 0.523308
228.788001 200.466269 0.508187
228.417711 200.909322 0.496546
228.068379 201.368828 0.485073
227.743645 201.845678 0.474324
227.447847 202.342317 0.463943
227.181640 202.859122 0.451687
226.943149 203.393927 0.439912
226.735654 203.945005 0.428667
226.563095 204.510871 0.414433
226.421857 205.089835 0.396974
226.307538 205.680800 0.375278
226.220856 206.283860 0.347937
226.168367 206.897981 0.321707
226.154065 207.521862 0.306302
226.173049 208.156424 0.300526
226.222012 208.799696 0.297075
226.302578 209.449112 0.292018
226.416141 210.103697 0.285334
226.560818 210.762125 0.278876
226.733305 211.424176 0.272175
226.936489 212.086396 0.266341
227.173359 212.745013 0.259980
227.437975 213.402582 0.253256
227.723074 214.063591 0.250099
228.027700 214.727383 0.254872
228.350485 215.392025 0.267136
228.686847 216.057446 0.277151
229.036931 216.721992 0.277772
229.400264 217.384990 0.269280
229.770503 218.050845 0.256353
230.145038 218.723258 0.246404
230.525755 219.401989 0.240351
230.910250 220.089291 0.236155
231.297245 220.785268 0.236791
231.688845 221.487098 0.239105
232.083138 222.195524 0.236492
232.479377 222.911287 0.229981
232.880628 223.632627 0.227975
233.286473 224.359616 0.237245
233.694174 225.094926 0.254574
234.103374 225.839224 0.272914
234.512326 226.592072 0.293746
234.920093 227.353927 0.312013
235.326919 228.125869 0.319599
235.734420 228.907300 0.323054
236.146367 229.695242 0.323991
236.563820 230.488238 0.320380
236.986287 231.287656 0.315427
237.413767 232.096016 0.314746
237.846500 232.914695 0.324607
238.283769 233.744324 0.340598
238.723774 234.583996 0.354123
239.167460 235.431882 0.363539
239.616337 236.287756 0.367281
240.070350 237.150886 0.366621
240.529808 238.019042 0.361489
240.994594 238.893876 0.353686
241.465141 239.778146 0.354173
241.940159 240.672401 0.368400
242.415246 241.575932 0.382771
242.889569 242.485156 0.383732
243.364353 243.397824 0.375832
243.839636 244.315160 0.369091
244.314393 245.237857 0.368615
244.787814 246.164428 0.373629
245.259573 247.093641 0.378418
245.729208 248.025567 0.381023
246.198400 248.959127 0.382036
246.667198 249.892380 0.378322
247.133883 250.823478 0.371657
247.598809 251.750956 0.362773
248.062067 252.676046 0.355317
248.522778 253.600141 0.355472
248.980528 254.522719 0.359443
249.433804 255.443706 0.362804
249.883500 256.363976 0.368922
250.330288 257.283392 0.380799
250.775088 258.199994 0.392808
251.217852 259.112550 0.393717
251.658233 260.020670 0.385666
252.096630 260.926018 0.379461
252.533152 261.829459 0.379539
252.968947 262.730022 0.382315
253.404009 263.627181 0.382966
253.837688 264.520119 0.380540
254.271094 265.407118 0.376658
254.704660 266.288981 0.373127
255.135845 267.169395 0.371802
255.565489 268.049220 0.376101
255.993217 268.927371 0.380951
256.415260 269.804917 0.381615
256.833704 270.681605 0.379567
257.250584 271.553719 0.376844
257.663334 272.422118 0.371887
258.071355 273.290248 0.367006
258.475086 274.159074 0.363700
258.876692 275.027616 0.356771
259.271503 275.897888 0.354014
259.659625 276.767977 0.349155
260.046187 277.634762 0.332070
260.429309 278.499435 0.310712
260.810636 279.362094 0.288647
261.191040 280.223966 0.269144
261.569041 281.085915 0.257598
261.940635 281.948552 0.251028
262.306399 282.810734 0.240404
262.667346 283.673565 0.225571
263.021837 284.540403 0.217431
263.375116 285.408938 0.218662
263.727843 286.277807 0.217559
264.076345 287.148657 0.209872
264.419618 288.021251 0.200585
264.757523 288.896088 0.191638
265.092718 289.773581 0.184090
265.426602 290.653582 0.181029
265.762323 291.532984 0.177883
266.102244 292.410160 0.173285
266.444781 293.287169 0.171501
266.791201 294.163646 0.174309
267.143157 295.038299 0.176964
267.500091 295.911824 0.175531
267.861801 296.784640 0.173050
268.227574 297.655175 0.165743
268.598869 298.522085 0.151827
268.977570 299.385214 0.137739
269.363111 300.246203 0.130700
269.758085 301.104288 0.132989
270.161711 301.958431 0.139172
270.570263 302.809351 0.141079
270.979660 303.660576 0.136347
271.388730 304.514834 0.131596
271.800298 305.369017 0.129927
272.212847 306.221336 0.125415
272.627759 307.071877 0.118630
273.047924 307.920143 0.118842
273.470089 308.766380 0.124307
273.890314 309.609897 0.122634
274.308356 310.449174 0.112140
274.726627 311.284991 0.100431
275.147260 312.118532 0.096124
275.569985 312.949126 0.100949
275.992865 313.774729 0.104453
276.413944 314.594115 0.100149
276.831894 315.408235 0.093727
277.245090 316.216602 0.091125
277.652506 317.015304 0.088158
278.054378 317.801882 0.079622
278.451629 318.576136 0.069521
278.844531 319.338528 0.064777
279.231286 320.090224 0.063697
279.611734 320.831544 0.060000
279.985612 321.563290 0.055217
280.353992 322.284617 0.054024
280.718419 322.991898 0.050602
281.079325 323.683664 0.043122
281.438831 324.359447 0.036914
281.796062 325.018902 0.035567
282.148754 325.662053 0.039784
282.495372 326.287128 0.043622
282.832604 326.892630 0.040860
283.158187 327.479141 0.030695
283.473031 328.047582 0.016572
283.779228 328.598732 0.003500
284.078670 329.138652 -0.003696
284.372920 329.674753 -0.007434
284.663823 330.209128 -0.013577
284.953928 330.741278 -0.020070
285.244665 331.270566 -0.018648
285.533995 331.798138 -0.009705
285.818349 332.324053 -0.002670
286.095658 332.848201 -0.002266
286.365520 333.372949 -0.006014
286.628801 333.899572 -0.011457
286.887990 334.430634 -0.016278
287.143034 334.972444 -0.018890
287.391258 335.529035 -0.019960
287.634217 336.100548 -0.019730
287.876594 336.685927 -0.022043
288.119068 337.286208 -0.028693
288.358265 337.903843 -0.035403
288.595437 338.538116 -0.040557
288.836799 339.187089 -0.043520
289.086355 339.850364 -0.046098
289.342794 340.528606 -0.046329
289.605086 341.220797 -0.041642
289.878171 341.922881 -0.036924
290.163875 342.633881 -0.040214
290.460726 343.356145 -0.051102
290.769716 344.090606 -0.059564
291.092394 344.836955 -0.059872
291.430020 345.593466 -0.055033
291.781508 346.357981 -0.054404
292.146459 347.128544 -0.058664
292.527784 347.904001 -0.063882
292.925861 348.685714 -0.065980
293.337369 349.476374 -0.057050
293.760809 350.276455 -0.041456
294.195694 351.084682 -0.028159
294.640106 351.901094 -0.018650
295.093250 352.725936 -0.014151
295.556753 353.559549 -0.013007
296.029768 354.404155 -0.010013
296.508064 355.261144 -0.005747
296.988110 356.129984 -0.005754
297.470345 357.009555 -0.008116
297.955582 357.896540 -0.007396
298.440129 358.788724 -0.003466
298.920467 359.683149 -0.001616
299.396336 360.577339 -0.003992
299.867274 361.472992 -0.005045
300.332608 362.372751 0.002557
300.792850 363.277415 0.015737
301.248434 364.183775 0.023108
301.700652 365.088287 0.021007
302.149938 365.990668 0.014125
302.596366 366.891837 0.010468
303.040330 367.790873 0.010523
303.480660 368.687454 0.007760
303.917698 369.582138 0.003600
304.352953 370.474907 0.005552
304.786498 371.365449 0.012554
305.218856 372.252626 0.017793
305.648966 373.136357 0.019744
306.075593 374.016398 0.015348
306.498723 374.892276 0.005199
306.918023 375.764952 -0.004453
307.335163 376.633363 -0.008457
307.751424 377.495088 -0.005997
308.166455 378.349244 -0.000832
308.579911 379.194530 0.009154
308.990032 380.029649 0.023861
309.394717 380.852862 0.034310
309.791659 381.663016 0.037863
310.178974 382.460179 0.038519
310.557048 383.243375 0.040308
310.928067 384.011214 0.046885
311.291002 384.763148 0.055343
311.642645 385.500856 0.063109
311.984724 386.224857 0.070147
312.317359 386.935468 0.076325
312.637659 387.633857 0.081777
312.945266 388.319468 0.083851
313.241399 388.991878 0.081019
313.526201 389.651357 0.075301
313.800156 390.297904 0.069056
314.064061 390.931230 0.064255
314.317237 391.550663 0.062420
314.559348 392.155324 0.064086
314.790224 392.744298 0.068157
315.008336 393.316124 0.073165
315.212392 393.869218 0.078348
315.402772 394.402536 0.081584
315.580940 394.915028 0.080187
315.748915 395.405472 0.075426
315.910717 395.872280 0.070834
316.071111 396.314792 0.066448
316.233873 396.734796 0.059622
316.401688 397.135786 0.049386
316.576816 397.519334 0.038048
316.763064 397.882454 0.028212
316.962456 398.222753 0.020298
317.174480 398.540498 0.014255
317.398638 398.835904 0.010031
317.634467 399.109122 0.007552
317.881539 399.360249 0.006729
318.139439 399.589293 0.007461
318.407772 399.796210 0.009633
318.686173 399.980874 0.013135
318.974285 400.143104 0.017825
319.271759 400.282628 0.023556
319.578254 400.399098 0.030158
319.893427 400.492091 0.037444
320.216921 400.561138 0.045229
320.548373 400.605698 0.053312
320.887369 400.625162 0.061481
321.233438 400.618840 0.069489
321.586062 400.587978 0.076479
321.946295 400.532696 0.078836
322.316648 400.448716 0.076307
322.699512 400.332514 0.075887
323.096378 400.186384 0.081081
323.507712 400.017580 0.084729
323.932542 399.829496 0.080444
324.369440 399.618590 0.071500
324.817800 399.381027 0.065710
325.275847 399.116025 0.068067
325.742305 398.829399 0.072962
326.217760 398.527109 0.073968
326.702811 398.210889 0.073228
327.198174 397.884553 0.071780
327.704826 397.551496 0.071416
328.223812 397.212290 0.073113
328.755682 396.865960 0.072983
329.300881 396.513380 0.069345
329.860271 396.155266 0.064287
330.433505 395.791115 0.061216
331.019039 395.421074 0.059175
331.616384 395.046086 0.055374
332.225721 394.666302 0.048460
332.848234 394.281574 0.041900
333.484940 393.892747 0.042673
334.135402 393.499605 0.050864
334.798197 393.100245 0.057403
335.471908 392.694590 0.056375
336.157043 392.284583 0.050765
336.853488 391.869549 0.044740
337.559988 391.450040 0.040343
338.275897 391.026847 0.035516
339.000990 390.600333 0.024787
339.735757 390.171708 0.009282
340.481417 389.739708 -0.004883
341.238818 389.302403 -0.011059
342.006457 388.860508 -0.005990
342.781293 388.413615 0.002203
343.560261 387.959531 0.004748
344.341565 387.497859 0.002233
345.126002 387.029918 -0.004658
345.915526 386.556930 -0.012382
346.711807 386.080965 -0.016133
347.513798 385.602999 -0.017155
348.320411 385.122923 -0.017040
349.132087 384.641387 -0.017141
349.947625 384.159068 -0.015330
350.764069 383.676841 -0.013513
351.580215 383.192465 -0.013609
352.397012 382.705807 -0.012641
353.214996 382.218044 -0.006405
354.034185 381.726626 0.003419
354.854757 381.234038 0.012833
355.676351 380.742092 0.022152
356.497292 380.249894 0.026815
357.316714 379.758915 0.025284
358.134835 379.268590 0.018530
358.951854 378.776212 0.009187
359.767926 378.281203 0.001415
360.583527 377.783543 -0.002537
361.398703 377.282119 -0.002385
362.212768 376.779631 -0.000949
363.024042 376.279249 -0.000072
363.831595 375.782098 -0.002175
364.635872 375.288012 -0.005263
365.437323 374.795571 -0.002782
366.237659 374.303487 0.007803
367.036943 373.812104 0.026134
367.833430 373.321154 0.047162
368.623913 372.825565 0.059054
369.406646 372.325854 0.060719
370.185108 371.827661 0.059403
370.960854 371.334367 0.058501
371.733895 370.846273 0.060460
372.504626 370.360772 0.065433
373.273080 369.879244 0.075520
374.039240 369.401814 0.088707
374.803269 368.926423 0.102931
375.565791 368.453850 0.119270
376.326719 367.985805 0.133744
377.085771 367.523405 0.143021
377.843646 367.067337 0.148020
378.600638 366.619972 0.149168
379.356469 366.184718 0.146738
380.111719 365.761556 0.141716
380.867691 365.349696 0.137030
381.626003 364.950246 0.136723
382.386093 364.561166 0.139689
383.145950 364.180642 0.143636
383.903733 363.809571 0.141199
384.660908 363.446553 0.132348
385.421070 363.092158 0.128949
386.185475 362.746385 0.130951
386.952707 362.408285 0.134470
387.720093 362.077504 0.138617
388.484953 361.754548 0.134914
389.249012 361.440693 0.123034
390.015713 361.135846 0.114556
390.785408 360.842283 0.116612
391.558095 360.558670 0.125003
392.332003 360.280831 0.127152
393.104141 360.010453 0.120798
393.874656 359.751819 0.112420
394.646739 359.504974 0.106667
395.420081 359.270599 0.106355
396.194471 359.048667 0.112347
396.971487 358.833974 0.121013
397.749867 358.624989 0.127806
398.528114 358.424842 0.133564
399.303505 358.235217 0.132649
400.077997 358.052588 0.124181
400.855721 357.875076 0.115604
401.635888 357.707386 0.111319
402.418618 357.549077 0.112440
403.203880 357.394142 0.115163
403.988449 357.244842 0.114739
404.770467 357.106110 0.108320
405.551423 356.977288 0.102203
406.332136 356.857874 0.105241
407.110717 356.748770 0.115001
407.885643 356.649483 0.123997
408.656951 356.559205 0.130272
409.424939 356.478365 0.136266
410.189774 356.406926 0.144240
410.950008 356.345565 0.153554
411.704016 356.293667 0.162888
412.451964 356.248303 0.169017
413.194542 356.210267 0.173273
413.931560 356.183053 0.180762
414.663147 356.166355 0.194504
415.388799 356.158056 0.214560
416.107098 356.156034 0.235046
416.815517 356.157311 0.246731
417.510103 356.161099 0.247939
418.188640 356.168633 0.245459
418.850860 356.179623 0.243791
419.495949 356.193105 0.245274
420.122282 356.208988 0.251816
420.729601 356.224338 0.260206
421.318309 356.235844 0.267085
421.887947 356.242862 0.274086
422.437732 356.243860 0.280464
422.967111 356.237008 0.285671
423.475410 356.222215 0.291279
423.962731 356.198833 0.297472
424.429716 356.165325 0.304552
424.876468 356.120158 0.313929
425.302047 356.060795 0.326382
425.705536 355.984654 0.339412
426.086765 355.891169 0.348392
426.447304 355.783884 0.352395
426.792503 355.667633 0.352473
427.126842 355.546044 0.348569
427.451616 355.421952 0.341814
427.767410 355.296101 0.334917
428.075165 355.165658 0.330359
428.376119 355.025390 0.328286
428.669448 354.874064 0.327601
428.953016 354.710867 0.331191
429.225290 354.533468 0.339796
429.484943 354.343739 0.348428
429.731213 354.144835 0.353761
429.967264 353.936748 0.354993
430.198198 353.716042 0.353550
430.425816 353.479343 0.351757
430.649729 353.225012 0.350261
430.868584 352.953147 0.350709
431.080841 352.665017 0.355884
431.285555 352.360059 0.365184
431.482256 352.035128 0.375516
431.671226 351.686583 0.384614
431.853944 351.312298 0.392194
432.032897 350.911202 0.398982
432.210590 350.481187 0.403544
432.388294 350.019531 0.404335
432.565373 349.522448 0.402893
432.739925 348.986121 0.401119
432.909617 348.408550 0.400216
433.073419 347.790496 0.400227
433.231754 347.135028 0.399570
433.384780 346.444904 0.397563
433.532480 345.722814 0.395108
433.675031 344.971431 0.392180
433.812916 344.192661 0.388471
433.946923 343.388077 0.384320
434.077956 342.559058 0.380478
434.206105 341.705911 0.377848
434.331903 340.829549 0.375879
434.456535 339.932364 0.374543
434.581117 339.016664 0.372069
434.707478 338.085143 0.366062
434.837596 337.139158 0.356593
434.972254 336.177887 0.347401
435.111694 335.200161 0.344289
435.255568 334.206936 0.346122
435.401152 333.200852 0.345736
435.544886 332.183706 0.340288
435.685171 331.157062 0.333158
435.821321 330.122792 0.327308
435.952407 329.083170 0.322910
436.077597 328.040088 0.319927
436.196619 326.994723 0.318510
436.310258 325.948368 0.318518
436.418830 324.901401 0.319212
436.522077 323.853744 0.319232
436.620400 322.805767 0.316921
436.714970 321.757230 0.312037
436.806680 320.706996 0.306192
436.896175 319.655604 0.300349
436.983433 318.604020 0.293548
437.068263 317.552102 0.286323
437.151009 316.499887 0.281132
437.231551 315.447120 0.278779
437.309269 314.393792 0.277097
437.383650 313.339503 0.273290
437.455007 312.283733 0.267027
437.524968 311.226296 0.259426
437.594236 310.166310 0.252523
437.662888 309.104085 0.247418
437.730616 308.039249 0.243200
437.796283 306.971264 0.239127
437.859251 305.901148 0.235211
437.919625 304.829541 0.231178
437.978222 303.755983 0.226572
438.036231 302.680580 0.223939
438.094118 301.604332 0.223247
438.151075 300.527494 0.219484
438.206679 299.449704 0.211829
438.261745 298.370567 0.202563
438.320062 297.290720 0.192165
438.385657 296.210374 0.181600
438.459821 295.129145 0.173100
438.542192 294.046259 0.165983
438.632297 292.960403 0.157029
438.732112 291.871773 0.147490
438.843524 290.782321 0.143420
438.964402 289.692842 0.142888
439.092483 288.603270 0.139909
439.227832 287.512835 0.138006
439.370156 286.419433 0.141276
439.517914 285.322146 0.147160
439.669720 284.221688 0.153393
439.825042 283.119220 0.159966
439.983328 282.015931 0.166852
440.144026 280.913047 0.174012
440.306568 279.811824 0.181395
440.470370 278.713545 0.188934
440.634828 277.619518 0.196562
440.799339 276.531074 0.204180
440.963258 275.449569 0.211677
441.125927 274.376385 0.218907
441.286651 273.312934 0.225714
441.444707 272.260628 0.231925
441.599362 271.220911 0.237337
441.749854 270.195231 0.241736
441.895396 269.185039 0.244879
442.035183 268.191798 0.246500
442.168373 267.216988 0.246298
442.292474 266.261495 0.244189
442.403965 265.326404 0.239951
442.499977 264.413535 0.233624
442.578254 263.522916 0.225387
442.637159 262.654451 0.214172
442.676386 261.808497 0.199285
442.696847 260.984259 0.181156
442.699444 260.181017 0.160231
442.685042 259.398114 0.136980
442.654446 258.634959 0.111898
442.608384 257.890988 0.085501
442.547504 257.165668 0.058339
442.472366 256.458466 0.030972
442.383420 255.768869 0.004001
442.280973 255.096352 -0.021955
442.165192 254.440362 -0.046244
442.036070 253.800326 -0.068187
441.893420 253.175646 -0.087085
441.736858 252.565698 -0.102222
441.565802 251.969836 -0.112867
441.378718 251.388149 -0.118731
441.172906 250.820159 -0.120601
440.945581 250.264405 -0.120354
440.694310 249.720760 -0.118510
440.417101 249.190755 -0.112971
440.112340 248.676568 -0.102887
439.779095 248.181015 -0.089143
439.416279 247.706179 -0.072257
439.023888 247.251817 -0.052801
438.603480 246.816769 -0.031580
438.155307 246.401500 -0.009223
437.678984 246.008385 0.014083
437.175280 245.639538 0.037082
436.645314 245.296094 0.057208
436.089410 244.979077 0.073844
435.508836 244.690005 0.087073
434.905371 244.430607 0.097396
434.280580 244.201864 0.105433
433.636882 244.003598 0.110453
432.976492 243.834440 0.110520
432.297952 243.692870 0.105342
431.599307 243.578371 0.097839
430.881448 243.490613 0.089545
430.143395 243.428640 0.080278
429.384886 243.391725 0.070770
428.607581 243.379424 0.061565
427.811954 243.391267 0.052833
426.998845 243.427179 0.044850
426.167787 243.486512 0.037211
425.317679 243.568312 0.030369
424.449433 243.671881 0.024690
423.564749 243.796557 0.020974
422.665339 243.941214 0.018310
421.752815 244.104497 0.012816
420.829422 244.285165 0.002460
419.895470 244.481773 -0.011186
418.950533 244.693565 -0.022873
417.992691 244.920903 -0.028800
417.018232 245.163537 -0.031365
416.027268 245.420019 -0.035091
415.023320 245.689412 -0.040559
414.010053 245.970577 -0.045864
412.989270 246.262503 -0.046372
411.961372 246.565003 -0.038268
410.927823 246.877169 -0.024407
409.889928 247.198520 -0.008943
408.848603 247.529327 0.004340
407.805244 247.869672 0.014692
406.760046 248.219601 0.024888
405.712570 248.579745 0.035466
404.663705 248.950238 0.044580
403.613951 249.330292 0.053432
402.561327 249.719959 0.064615
401.505477 250.119312 0.077315
400.447119 250.527051 0.088932
399.386914 250.941705 0.099890
398.325136 251.362453 0.111245
397.260877 251.788015 0.120767
396.194086 252.217343 0.129306
395.125924 252.650197 0.138659
394.057022 253.087238 0.148611
392.987837 253.530009 0.157920
391.918436 253.979718 0.163251
390.847608 254.436278 0.168952
389.775487 254.899114 0.178794
388.700182 255.367483 0.186825
387.622102 255.840854 0.190620
386.546107 256.319621 0.193760
385.473664 256.803585 0.197182
384.404210 257.292099 0.198584
383.336779 257.784578 0.198303
382.271454 258.280220 0.198006
381.208790 258.778740 0.197292
380.149488 259.279901 0.194627
379.095215 259.783352 0.190135
378.046842 260.288660 0.183904
377.004682 260.795128 0.177002
375.968710 261.301864 0.171769
374.939431 261.808231 0.168719
373.918187 262.313793 0.167097
372.905406 262.818636 0.164802
371.901779 263.323010 0.159828
370.907803 263.825904 0.153325
369.924567 264.325908 0.145271
368.953475 264.822400 0.135966
367.994294 265.314603 0.126505
367.046619 265.801398 0.116291
366.110633 266.281869 0.105276
365.187187 266.754987 0.093416
364.277271 267.220184 0.080147
363.381145 267.676357 0.065516
362.498582 268.122993 0.049684
361.629256 268.560431 0.032189
360.772010 268.987870 0.015103
359.926605 269.404065 0.000874
359.093386 269.809316 -0.010399
358.270897 270.204368 -0.020273
357.457974 270.590004 -0.031212
356.654735 270.966629 -0.043197
355.859909 271.333302 -0.055430
355.072178 271.688706 -0.067342
354.291942 272.031861 -0.077553
353.519285 272.361772 -0.086165
352.753777 272.676750 -0.093514
351.996203 272.975055 -0.100378
351.249056 273.256559 -0.109405
350.514477 273.519279 -0.118462
349.792497 273.760899 -0.125848
349.082497 273.982442 -0.134832
348.385204 274.184996 -0.146979
347.701624 274.368441 -0.161840
347.031199 274.531677 -0.176997
346.372347 274.674019 -0.190001
345.723323 274.795811 -0.200341
345.082080 274.897674 -0.208649
344.448247 274.980947 -0.215468
343.823812 275.047144 -0.220693
343.211190 275.095709 -0.224503
342.612615 275.124647 -0.227544
342.029833 275.132601 -0.229248
341.465019 275.117830 -0.230480
340.919255 275.078033 -0.232740
340.391575 275.012608 -0.234821
339.880853 274.923566 -0.234447
339.384748 274.815100 -0.232020
338.900445 274.688311 -0.228576
338.426122 274.538704 -0.222872
337.959672 274.364489 -0.214874
337.498477 274.168333 -0.204706
337.041445 273.952296 -0.191917
336.589063 273.713308 -0.176488
336.141384 273.448458 -0.159524
335.697236 273.161399 -0.144685
335.254952 272.853635 -0.133342
334.813644 272.523846 -0.123711
334.372131 272.171669 -0.114359
333.930407 271.793767 -0.102260
333.490906 271.383819 -0.086848
333.054631 270.938945 -0.070870
332.619441 270.461530 -0.056759
332.181687 269.957552 -0.049035
331.740719 269.428815 -0.048375
331.299627 268.872055 -0.050231
330.861798 268.286295 -0.052574
330.428448 267.672846 -0.056723
329.996935 267.034183 -0.061492
329.565514 266.372052 -0.065231
329.136937 265.685982 -0.070479
328.713323 264.976382 -0.079001
328.292563 264.245198 -0.088367
327.871982 263.493849 -0.095120
327.448246 262.725710 -0.099990
327.020776 261.942979 -0.105905
326.591709 261.144835 -0.111002
326.159291 260.333353 -0.114319
325.723128 259.510367 -0.117027
325.285806 258.674996 -0.116685
324.847925 257.827982 -0.112125
324.407291 256.972054 -0.105926
323.963079 256.108888 -0.101413
323.514696 255.239261 -0.098888
323.058540 254.365442 -0.097819
322.594898 253.488409 -0.096552
322.126583 252.606215 -0.094188
321.655102 251.716170 -0.093125
321.182132 250.816651 -0.095865
320.707041 249.907400 -0.097007
320.229466 248.988763 -0.089420
319.747425 248.061810 -0.077500
319.257369 247.128062 -0.069415
318.760546 246.187997 -0.064585
318.260470 245.240903 -0.058671
317.757477 244.286446 -0.053462
317.250734 243.325308 -0.049894
316.740039 242.356963 -0.042837
316.222979 241.380427 -0.032837
315.696681 240.396357 -0.022176
315.161486 239.404485 -0.007420
314.620343 238.403953 0.007180
314.077294 237.394921 0.015518
313.534658 236.377884 0.022597
312.991527 235.354499 0.035577
312.446017 234.324698 0.051124
311.895459 233.286808 0.065207
311.340647 232.240603 0.071598
310.782998 231.185926 0.070695
310.221140 230.123111 0.071299
309.656741 229.054478 0.074314
309.091150 227.983007 0.080603
308.523844 226.909328 0.083186
307.955058 225.833283 0.077072
307.384414 224.756226 0.069406
306.810456 223.679650 0.066144
306.233274 222.603692 0.067816
305.655357 221.527829 0.070555
305.077298 220.451519 0.067325
304.498130 219.375131 0.059234
303.916191 218.299997 0.053110
303.331407 217.226101 0.049215
302.745676 216.152698 0.045131
302.159227 215.079718 0.039524
301.570784 214.007460 0.034293
300.977233 212.935974 0.031496
300.378280 211.866066 0.033969
299.777640 210.797808 0.039090
299.175784 209.729943 0.042167
298.572908 208.662545 0.042688
297.970155 207.595761 0.040527
297.367561 206.528740 0.034617
296.765564 205.462183 0.027646
296.164605 204.397027 0.026819
295.565637 203.332079 0.030238
294.968399 202.265236 0.031841
294.370957 201.195312 0.034730
293.773662 200.121793 0.044215
293.177661 199.044241 0.058049
292.582997 197.962618 0.071717
291.989263 196.876087 0.082046
291.395659 195.782128 0.086271
290.802716 194.680260 0.085829
290.211465 193.573582 0.089358
289.622776 192.464574 0.106048
289.035496 191.353545 0.130148
288.448370 190.240206 0.148007
287.861852 189.125247 0.159217
287.277986 188.009530 0.163710
286.696564 186.893913 0.160490
286.116607 185.780545 0.156839
285.539350 184.669634 0.155638
284.966348 183.559631 0.151593
284.396691 182.451273 0.146353
283.827501 181.345347 0.149483
283.257246 180.241608 0.161455
282.685619 179.139564 0.171773
282.116005 178.040570 0.176094
281.551393 176.946064 0.172270
280.993722 175.855413 0.159570
280.445910 174.769970 0.144088
279.904075 173.691104 0.130436
279.360855 172.619981 0.128993
278.815493 171.558573 0.142997
278.269370 170.504324 0.158671
277.722929 169.454648 0.162807
277.177611 168.411015 0.156845
276.635169 167.375180 0.146531
276.097340 166.347119 0.130691
275.562972 165.327952 0.111188
275.031491 164.321606 0.095359
274.504093 163.330522 0.085938
273.980567 162.354933 0.082582
273.460938 161.395465 0.085743
272.945086 160.452353 0.095056
272.433636 159.523994 0.104026
271.926942 158.606694 0.105004
271.425915 157.697100 0.096363
270.932235 156.794772 0.080697
270.447274 155.902366 0.062385
269.972779 155.023499 0.047628
269.507129 154.157953 0.040820
269.048914 153.305465 0.041098
268.599445 152.466193 0.046865
268.159470 151.636392 0.053623
267.730204 150.814399 0.053594
267.310392 150.002273 0.048923
266.896751 149.202275 0.047409
266.487936 148.415983 0.052433
266.085793 147.644164 0.060612
265.691849 146.887364 0.068608
265.303656 146.143005 0.077326
264.920505 145.410052 0.087045
264.546154 144.691890 0.098229
264.183129 143.987010 0.107122
263.830381 143.290118 0.110148
263.487883 142.601743 0.108745
263.155831 141.926281 0.109566
262.830721 141.263060 0.119050
262.511325 140.607993 0.133692
262.198445 139.961629 0.148124
261.890497 139.329024 0.162381
261.584533 138.709840 0.174550
261.279714 138.103762 0.182795
260.976905 137.514749 0.189423
260.673349 136.941832 0.198318
260.366869 136.384512 0.210548
260.059033 135.846324 0.223823
259.751899 135.330467 0.237828
259.441849 134.836504 0.252210
259.120094 134.361760 0.265967
258.783633 133.908596 0.278549
258.434950 133.482483 0.288924
258.075977 133.084808 0.295523
257.706621 132.713214 0.297876
257.324788 132.364159 0.297482
256.928060 132.035258 0.297747
256.517133 131.727997 0.299770
256.093773 131.444211 0.299948
255.654982 131.184487 0.293179
255.195882 130.950804 0.279873
254.715301 130.745379 0.267156
254.215460 130.568859 0.254478
253.697979 130.419665 0.237949
253.165759 130.297430 0.216931
252.622376 130.202485 0.190880
252.068472 130.134790 0.163598
251.503583 130.094256 0.138643
250.927209 130.079381 0.116904
250.338931 130.088631 0.100145
249.740136 130.121265 0.087728
249.135062 130.177155 0.076331
248.526126 130.255217 0.065137
247.910065 130.352732 0.058529
247.284968 130.467147 0.056997
246.653782 130.597053 0.054531
246.018652 130.742369 0.049136
245.379150 130.903845 0.044331
244.733175 131.081461 0.043054
244.075993 131.274010 0.047406
243.404925 131.480455 0.056941
242.721358 131.701501 0.066294
242.025973 131.939001 0.071989
241.318196 132.193259 0.075669
240.597211 132.463463 0.081985
239.860379 132.749662 0.091140
239.106766 133.050789 0.094921
238.340385 133.367135 0.094414
237.563065 133.699807 0.095400
236.772140 134.047709 0.096596
235.968927 134.411025 0.101869
235.154016 134.790283 0.114672
234.322266 135.184346 0.133514
233.473505 135.592273 0.153964
232.611365 136.013013 0.172232
231.736190 136.443685 0.183510
230.850714 136.881344 0.184776
229.957829 137.324196 0.180402
229.056076 137.771243 0.180241
228.146217 138.220634 0.191022
227.229912 138.669300 0.205517
226.306281 139.116175 0.217634
225.376076 139.561595 0.227303
224.440974 140.004493 0.236129
223.500675 140.442793 0.239177
222.555855 140.876316 0.232787
221.608249 141.306490 0.226231
220.658256 141.733588 0.228194
219.706006 142.156645 0.237529
218.753973 142.574566 0.247040
217.803996 142.985855 0.250921
216.856253 143.390315 0.246670
215.909658 143.788845 0.238455
214.966173 144.183473 0.235060
214.026617 144.575038 0.236776
213.089079 144.965069 0.242599
212.157450 145.355057 0.256612
211.234122 145.742475 0.273775
210.316039 146.125898 0.282062
209.404062 146.506224 0.281791
208.502001 146.886000 0.283667
207.607629 147.265115 0.287140
206.718907 147.643043 0.289767
205.839676 148.022149 0.295133
204.969350 148.401940 0.302052
204.103801 148.778752 0.306155
203.245020 149.152911 0.304866
202.395382 149.526360 0.301056
201.554734 149.897986 0.300811
200.725000 150.266070 0.301654
199.908414 150.628282 0.298415
199.106298 150.982276 0.295001
198.318543 151.326090 0.293936
197.545343 151.658500 0.293170
196.789023 151.980097 0.293068
196.049530 152.291065 0.293228
195.325872 152.589436 0.292403
194.619651 152.873508 0.292595
193.933539 153.143628 0.293153
193.269425 153.400557 0.290557
192.627510 153.643510 0.287438
192.007602 153.871149 0.288135
191.409785 154.082546 0.289170
190.834610 154.278263 0.286334
190.281769 154.461507 0.281431
189.749475 154.636044 0.277964
189.235106 154.805731 0.277474
188.734926 154.974084 0.278663
188.246022 155.145859 0.279836
187.768371 155.326935 0.280287
187.303272 155.520761 0.281144
186.852317 155.728397 0.282998
186.416828 155.949743 0.281984
185.995137 156.183836 0.274921
185.586243 156.430549 0.264704
185.192277 156.691116 0.254738
184.816025 156.966107 0.245656
184.459187 157.254663 0.237743
184.122200 157.555470 0.228335
183.804953 157.868319 0.214567
183.505737 158.196649 0.197954
183.227420 158.547138 0.182687
182.973044 158.922401 0.169285
182.739362 159.319789 0.155316
182.523526 159.736697 0.141930
182.329019 160.170177 0.128305
182.159706 160.616633 0.113402
182.013970 161.073780 0.095630
181.891514 161.539462 0.073869
181.793283 162.010930 0.047661
181.720930 162.487006 0.021912
181.678182 162.966285 0.000491
181.664057 163.446806 -0.015760
181.671195 163.929016 -0.025465
181.692617 164.413525 -0.030046
181.728975 164.898069 -0.032681
181.784161 165.378956 -0.037354
181.858330 165.854483 -0.042623
181.948790 166.324828 -0.046709
182.050900 166.791642 -0.051114
182.163237 167.255493 -0.056525
182.289146 167.713720 -0.060306
182.429756 168.163839 -0.063834
182.581420 168.607677 -0.067171
182.741541 169.047919 -0.068090
182.909961 169.483896 -0.066003
183.086938 169.912702 -0.058529
183.269325 170.335554 -0.047305
183.452177 170.756717 -0.037621
183.633951 171.177171 -0.031849
183.817344 171.594815 -0.029650
184.005292 172.006501 -0.028759
184.193359 172.414313 -0.029621
184.374531 172.823994 -0.032138
184.545929 173.237475 -0.033235
184.708934 173.652213 -0.035923
184.864262 174.066024 -0.041495
185.008905 174.480933 -0.044232
185.137727 174.899989 -0.044243
185.248820 175.320657 -0.043158
185.341921 175.739762 -0.042219
185.413571 176.158486 -0.043182
185.462321 176.577677 -0.045577
185.486959 176.996796 -0.050961
185.484103 177.414751 -0.057760
185.453102 177.830479 -0.061189
185.395306 178.242520 -0.060316
185.311573 178.649262 -0.059062
185.203498 179.050981 -0.057542
185.071293 179.448217 -0.055701
184.911191 179.839444 -0.056943
184.719591 180.222279 -0.062305
184.496441 180.594581 -0.071257
184.247208 180.957040 -0.085095
183.976680 181.312463 -0.106040
183.683114 181.661586 -0.130633
183.360006 182.002060 -0.154594
183.000950 182.329607 -0.176178
182.607116 182.642168 -0.194532
182.185290 182.941023 -0.213473
181.740642 183.227456 -0.234847
181.274959 183.502313 -0.257488
180.787081 183.764976 -0.283171
180.275927 184.016302 -0.311077
179.743040 184.259138 -0.338105
179.190107 184.496507 -0.363049
178.619689 184.733233 -0.385942
178.033520 184.972881 -0.408183
177.429854 185.215695 -0.430546
176.806573 185.461433 -0.451531
176.164614 185.712573 -0.471334
175.505264 185.972255 -0.490511
174.829092 186.242445 -0.508515
174.136832 186.524018 -0.526230
173.428598 186.817037 -0.544877
172.703932 187.121204 -0.564492
171.962240 187.435668 -0.583834
171.203448 187.759088 -0.601179
170.429019 188.092086 -0.615933
169.640180 188.435445 -0.629707
168.837486 188.788345 -0.643429
168.021042 189.149819 -0.657328
167.190112 189.519446 -0.671507
166.344211 189.897386 -0.684568
165.482785 190.282735 -0.695152
164.605720 190.673591 -0.706481
163.713558 191.068672 -0.721714
162.806897 191.468776 -0.739404
161.885295 191.874540 -0.755718
160.948155 192.286552 -0.766080
159.996337 192.705538 -0.771066
159.030873 193.130784 -0.779335
158.052488 193.561372 -0.795422
157.061905 193.996356 -0.815270
156.059796 194.435234 -0.835098
155.047308 194.877399 -0.851775
154.027122 195.320358 -0.864286
153.004462 195.762717 -0.874581
151.983241 196.204993 -0.882953
150.964658 196.646575 -0.886803
149.949532 197.088062 -0.887357
148.937703 197.530012 -0.887157
147.928662 197.972959 -0.885477
146.923891 198.417298 -0.885118
145.923319 198.858862 -0.886684
144.926512 199.296855 -0.889132
143.933136 199.732566 -0.890972
142.941610 200.163263 -0.891593
141.953736 200.588061 -0.894238
140.971006 201.006484 -0.900914
139.993892 201.418270 -0.910149
139.024314 201.824858 -0.916192
138.063755 202.227046 -0.917281
137.112776 202.624277 -0.914811
136.172645 203.015501 -0.911296
135.245498 203.400306 -0.910530
134.333118 203.778348 -0.914019
133.436004 204.149060 -0.920065
132.555530 204.513217 -0.924957
131.693324 204.871020 -0.927770
130.849910 205.221494 -0.930388
130.026500 205.565242 -0.932607
129.224492 205.902737 -0.933235
128.445237 206.233030 -0.933693
127.689526 206.554867 -0.935967
126.958083 206.868463 -0.940247
126.251224 207.174216 -0.945461
125.567651 207.470847 -0.949533
124.907210 207.757718 -0.952014
124.271355 208.035951 -0.953979
123.660922 208.306160 -0.955983
123.077084 208.568261 -0.958600
122.521212 208.821868 -0.961315
121.994139 209.065950 -0.962737
121.496892 209.300942 -0.963886
121.030564 209.527687 -0.966630
120.595857 209.745828 -0.970982
120.192483 209.954985 -0.975962
119.819283 210.154540 -0.980277
119.474388 210.345196 -0.983775
119.155043 210.528334 -0.986834
118.860410 210.704583 -0.989764
118.590817 210.874634 -0.992483
118.343537 211.037820 -0.993513
118.115598 211.193826 -0.992724
117.904422 211.344058 -0.992104
117.703584 211.491722 -0.992040
117.507935 211.640402 -0.991480
117.316119 211.791117 -0.989867
117.127343 211.944067 -0.987867
116.941850 212.099661 -0.986280
116.761343 212.258672 -0.983649
116.586827 212.421604 -0.976534
116.416737 212.586811 -0.964620
116.250507 212.753494 -0.953338
116.087047 212.924816 -0.947576
115.921045 213.106528 -0.946527
115.749116 213.304078 -0.944932
115.571134 213.520212 -0.936860
115.387227 213.755765 -0.922311
115.196965 214.010126 -0.906841
115.002081 214.283639 -0.893753
114.807113 214.577865 -0.883795
114.616079 214.893098 -0.875255
114.434839 215.230340 -0.864456
114.267250 215.589450 -0.851792
114.113744 215.968618 -0.841217
113.975747 216.366997 -0.837040
113.855341 216.785596 -0.839497
113.755327 217.226945 -0.843987
113.679684 217.692808 -0.845905
113.634416 218.182963 -0.843556
113.623258 218.695584 -0.836547
113.645465 219.229249 -0.828566
113.700809 219.783117 -0.826364
113.789402 220.356145 -0.831502
113.912035 220.947523 -0.837993
114.071845 221.555903 -0.840646
114.270737 222.178816 -0.841573
114.508490 222.814065 -0.844450
114.782928 223.461310 -0.850882
115.089610 224.121357 -0.859127
115.423544 224.795252 -0.867781
115.780231 225.484033 -0.877713
116.156388 226.188528 -0.889376
116.548265 226.909770 -0.902417
116.952892 227.648707 -0.915602
117.369588 228.405500 -0.927749
117.797924 229.179963 -0.938652
118.237547 229.972186 -0.949294
118.687608 230.782184 -0.961727
119.147084 231.609605 -0.977303
119.615159 232.454394 -0.996210
120.090644 233.317500 -1.016157
120.573160 234.200565 -1.032463
121.063904 235.104851 -1.040557
121.564170 236.030476 -1.041404
122.075234 236.974929 -1.043654
122.597019 237.935054 -1.056037
123.127401 238.910528 -1.078516
123.664625 239.902755 -1.101240
124.207337 240.911927 -1.114585
124.754695 241.935384 -1.117038
125.306795 242.969544 -1.113370
125.863266 244.012721 -1.110981
126.424510 245.063891 -1.118414
126.990727 246.122790 -1.135694
127.561351 247.190368 -1.154918
128.136257 248.267285 -1.169832
128.714077 249.354018 -1.177191
129.294243 250.448567 -1.179089
129.875213 251.547575 -1.180432
130.456757 252.648257 -1.186969
131.039042 253.749783 -1.197077
131.620787 254.852747 -1.202516
132.202029 255.957499 -1.201338
132.783000 257.064988 -1.196093
133.363807 258.175546 -1.191522
133.944768 259.287757 -1.191280
134.527323 260.399792 -1.195850
135.112114 261.510640 -1.203815
135.698427 262.620285 -1.212179
136.286685 263.729264 -1.217283
136.876568 264.838616 -1.215940
137.467282 265.948994 -1.208780
138.058957 267.059867 -1.201539
138.651511 268.171814 -1.198187
139.244829 269.285991 -1.196822
139.838377 270.401221 -1.199268
140.431944 271.515625 -1.208863
141.025407 272.629537 -1.221610
141.618430 273.744196 -1.229414
142.211318 274.859821 -1.231304
142.805180 275.976015 -1.228422
143.399762 277.093262 -1.222067
143.995099 278.211421 -1.217044
144.590295 279.330188 -1.215331
145.184564 280.449612 -1.216498
145.778322 281.569243 -1.218670
146.371474 282.688231 -1.220897
146.963097 283.806989 -1.223152
147.552907 284.925117 -1.224888
148.141121 286.041032 -1.230790
148.727755 287.155271 -1.238474
149.313771 288.268421 -1.239780
149.899132 289.380335 -1.238195
150.483749 290.490439 -1.240125
151.067456 291.598438 -1.245645
151.651589 292.703618 -1.253244
152.236485 293.804851 -1.262983
152.820498 294.903186 -1.272798
153.403442 295.999369 -1.279732
153.984972 297.093383 -1.283401
154.564930 298.185549 -1.285960
155.143013 299.274521 -1.289789
155.717771 300.358392 -1.297760
156.288285 301.435377 -1.307686
156.852866 302.503838 -1.314015
157.410844 303.561959 -1.315433
157.962746 304.607870 -1.314043
158.507619 305.640099 -1.313282
159.044900 306.656587 -1.315750
159.573978 307.656037 -1.322057
160.094566 308.639133 -1.331081
160.607485 309.608310 -1.340122
161.114405 310.566305 -1.346964
161.616161 311.514679 -1.350572
162.112192 312.452636 -1.352230
162.602839 313.376927 -1.354413
163.088783 314.285606 -1.357217
163.569433 315.178398 -1.357717
164.043595 316.054585 -1.354894
164.511892 316.912588 -1.351218
164.973504 317.751008 -1.348426
165.426590 318.569468 -1.346017
165.871468 319.367413 -1.344179
166.305932 320.144342 -1.342905
166.728923 320.899011 -1.342123
167.141000 321.630329 -1.344006
167.540914 322.338613 -1.347778
167.929640 323.024079 -1.350700
168.307657 323.686847 -1.348467
168.673253 324.326755 -1.338570
169.025412 324.942547 -1.328759
169.364067 325.532920 -1.325173
169.687638 326.098514 -1.323995
169.994065 326.640402 -1.321278
170.282061 327.160406 -1.315929
170.552690 327.661811 -1.308404
170.808946 328.146960 -1.299903
171.051639 328.616981 -1.290962
171.278448 329.074473 -1.282207
171.487161 329.523447 -1.274068
171.676583 329.967787 -1.266263
171.842834 330.411142 -1.259221
171.983919 330.853683 -1.254246
172.097694 331.294970 -1.249224
172.179887 331.736151 -1.243192
172.228304 332.177548 -1.239424
172.241545 332.618746 -1.239594
172.220299 333.058199 -1.242832
172.166370 333.494451 -1.247881
172.080762 333.928663 -1.255391
171.960336 334.360896 -1.267797
171.800289 334.789558 -1.283371
171.600649 335.214489 -1.298294
171.367341 335.635934 -1.312978
171.102333 336.049946 -1.328343
170.800445 336.448915 -1.343990
170.458443 336.829787 -1.362218
170.076424 337.193194 -1.385770
169.657342 337.539957 -1.409124
169.203662 337.867597 -1.420352
168.717467 338.174345 -1.415560
168.204486 338.463776 -1.407106
167.669786 338.739053 -1.408661
167.113910 339.001809 -1.417281
166.536457 339.255704 -1.425855
165.939208 339.505978 -1.433973
165.324569 339.756309 -1.439394
164.693994 340.007884 -1.443213
164.048255 340.262786 -1.455067
163.385813 340.523841 -1.476242
162.704434 340.794050 -1.494037
162.003003 341.074070 -1.498553
161.281328 341.360678 -1.493609
160.540688 341.653113 -1.488623
159.782385 341.952596 -1.486352
159.007998 342.261027 -1.484782
158.218536 342.580455 -1.482806
157.414591 342.913036 -1.480037
156.597356 343.260968 -1.475848
155.767513 343.623888 -1.468918
154.926385 344.000942 -1.462107
154.075563 344.393853 -1.460930
153.215563 344.803791 -1.462165
152.345569 345.229574 -1.459745
151.464837 345.668299 -1.453684
150.573785 346.117694 -1.449343
149.672788 346.575211 -1.449194
148.761890 347.037111 -1.453221
147.841352 347.502203 -1.461513
146.912399 347.972615 -1.468155
145.975614 348.449503 -1.470105
145.031887 348.932388 -1.468087
144.081970 349.419717 -1.463639
143.126450 349.909717 -1.459311
142.167400 350.402318 -1.454334
141.206523 350.898213 -1.448810
140.246213 351.398002 -1.444179
139.287515 351.899777 -1.440044
138.329389 352.403012 -1.437094
137.369637 352.906898 -1.434330
136.407541 353.409951 -1.428690
135.444787 353.912295 -1.422949
134.481430 354.412702 -1.422726
133.519437 354.911016 -1.426480
132.561330 355.408412 -1.428853
131.605073 355.907174 -1.431692
130.649196 356.403562 -1.431372
129.695882 356.894461 -1.430187
128.746006 357.381966 -1.434357
127.797358 357.865289 -1.437517
126.849397 358.345246 -1.436493
125.903668 358.823582 -1.433739
124.961693 359.301504 -1.431637
124.024176 359.779633 -1.431243
123.090864 360.257609 -1.433278
122.161712 360.735666 -1.436696
121.236816 361.214624 -1.438854
120.316451 361.694612 -1.438021
119.401809 362.175271 -1.434461
118.495831 362.655729 -1.429586
117.601281 363.134649 -1.426018
116.720209 363.610718 -1.425053
115.853742 364.083180 -1.426325
115.001909 364.551501 -1.428054
114.163954 365.016022 -1.426277
113.340632 365.475326 -1.420193
112.533088 365.926878 -1.412028
111.741661 366.370719 -1.406173
110.964200 366.806572 -1.400880
110.195406 367.237416 -1.394231
109.430337 367.666728 -1.388365
108.665764 368.094009 -1.383389
107.899924 368.517369 -1.379302
107.131985 368.933854 -1.375031
106.361789 369.340723 -1.373078
105.588623 369.735970 -1.374957
104.812072 370.120774 -1.378359
104.029068 370.496332 -1.380096
103.235574 370.863557 -1.377787
102.431164 371.226555 -1.370602
101.616440 371.587452 -1.361165
100.791465 371.946490 -1.353182
99.957125 372.305823 -1.346898
99.114871 372.668434 -1.339437
98.263947 373.035828 -1.329718
97.402908 373.409008 -1.318747
96.528346 373.789176 -1.304999
95.637068 374.178332 -1.294970
94.732008 374.577605 -1.295692
93.818010 374.991307 -1.313854
92.891309 375.420141 -1.339959
91.947879 375.862841 -1.349556
90.994785 376.323683 -1.347969
90.034734 376.800473 -1.354573
89.064295 377.287161 -1.376535
88.081195 377.781548 -1.399954
87.084216 378.285184 -1.409161
86.077227 378.799203 -1.410416
85.065730 379.324552 -1.417900
84.052375 379.864191 -1.429512
83.033034 380.417969 -1.430223
82.004500 380.982838 -1.416343
80.970058 381.556593 -1.397575
79.934681 382.137999 -1.388655
78.902198 382.725706 -1.392833
77.873645 383.317985 -1.399306
76.849600 383.914265 -1.401339
75.829164 384.513885 -1.398753
74.810805 385.115169 -1.393737
73.794018 385.715193 -1.389949
72.780310 386.313246 -1.391766
71.770923 386.910616 -1.397331
70.764034 387.506181 -1.395163
69.756238 388.096992 -1.380519
68.745501 388.679078 -1.363786
67.731964 389.249060 -1.354693
66.716910 389.808274 -1.351342
65.701754 390.360880 -1.346808
64.687437 390.909403 -1.338788
63.674043 391.455355 -1.326048
62.661621 391.999648 -1.309981
61.650602 392.540875 -1.297910
60.640823 393.077106 -1.296294
59.633451 393.610297 -1.302548
58.629302 394.143005 -1.305777
57.626738 394.675280 -1.298252
56.625495 395.206230 -1.284068
55.627034 395.734768 -1.272176
54.629477 396.257523 -1.266289
53.631070 396.771689 -1.266416
52.633327 397.279519 -1.269703
51.636191 397.780742 -1.275058
50.640042 398.276172 -1.280098
49.645643 398.768603 -1.282289
48.652463 399.259226 -1.279574
47.660614 399.747430 -1.269398
46.670670 400.231583 -1.259228
45.683370 400.711255 -1.256106
44.699320 401.186203 -1.257163
43.718136 401.658218 -1.258106
42.738765 402.129125 -1.255810
41.761977 402.599431 -1.249900
40.790095 403.068849 -1.246147
39.822116 403.535499 -1.245868
38.855969 404.000972 -1.239406
37.888435 404.465718 -1.222104
36.917631 404.926645 -1.202520
35.945555 405.384958 -1.189537
34.971193 405.842338 -1.180011
33.994092 406.301798 -1.163392
33.016966 406.767165 -1.139819
32.041565 407.238959 -1.117988
31.068285 407.717028 -1.099811
30.096947 408.201006 -1.082745
29.127100 408.690730 -1.063719
28.157169 409.186268 -1.043799
27.185885 409.686536 -1.023984
26.214115 410.191773 -1.001332
25.242674 410.701590 -0.983607
24.272315 411.215774 -0.975354
23.303918 411.737712 -0.970799
22.332700 412.264411 -0.965804
21.355782 412.792563 -0.958727
20.376176 413.323589 -0.953811
19.395028 413.858731 -0.952574
18.412940 414.401119 -0.951201
17.430952 414.952463 -0.946951
16.450740 415.513169 -0.941639
15.472209 416.082472 -0.936783
14.494530 416.659302 -0.932488
13.517831 417.241899 -0.930177
12.542456 417.828209 -0.930010
11.568628 418.417254 -0.930920
10.595972 419.008546 -0.930449
9.625832 419.602564 -0.928379
8.659993 420.197920 -0.928953
7.698240 420.794422 -0.933119
6.739595 421.393422 -0.936071
5.783768 421.993264 -0.935809
4.832789 422.594075 -0.936072
3.888065 423.197004 -0.936692
2.949259 423.801844 -0.934052
2.018169 424.408130 -0.929174
1.096950 425.014482 -0.926144
0.186428 425.619051 -0.927144
-0.711680 426.220721 -0.930770
-1.593710 426.819187 -0.935908
-2.457211 427.413941 -0.941655
-3.300849 428.004686 -0.945222
-4.123979 428.590001 -0.946023
-4.928641 429.168144 -0.946729
-5.718569 429.740199 -0.948135
-6.496426 430.308433 -0.948364
-7.261361 430.872739 -0.947965
-8.010619 431.428555 -0.950593
-8.743531 431.971914 -0.958967
-9.461554 432.504339 -0.970735
-10.167059 433.027737 -0.972499
-10.856754 433.542217 -0.962621
-11.526846 434.044239 -0.956697
-12.177520 434.530891 -0.963952
-12.806683 435.005741 -0.976001
-13.412551 435.470069 -0.981715
-13.994303 435.921226 -0.982924
-14.551758 436.358484 -0.988817
-15.084472 436.784991 -1.000340
-15.591547 437.204614 -1.003897
-16.074287 437.617363 -0.994959
-16.535157 438.020678 -0.983167
-16.975359 438.412776 -0.976172
-17.396477 438.793035 -0.973694
-17.801337 439.160765 -0.974027
-18.192908 439.515873 -0.976522
-18.573693 439.859222 -0.979644
-18.945220 440.191255 -0.981531
-19.308192 440.511083 -0.981532
-19.663895 440.817026 -0.979929
-20.013818 441.108174 -0.977765
-20.357192 441.384474 -0.977514
-20.693549 441.645993 -0.979390
-21.024375 441.893866 -0.981054
-21.352332 442.132577 -0.981886
-21.681254 442.366294 -0.981076
-22.014685 442.595791 -0.978564
-22.354010 442.821169 -0.975434
-22.697883 443.042738 -0.971793
-23.045230 443.260746 -0.968077
-23.396117 443.475353 -0.964626
-23.750949 443.686845 -0.961198
-24.110030 443.896081 -0.958027
-24.474813 444.104938 -0.955469
-24.847495 444.317057 -0.953637
-25.227775 444.536155 -0.951829
-25.613480 444.764110 -0.949003
-26.002561 445.000860 -0.944861
-26.394408 445.244527 -0.939977
-26.787542 445.492998 -0.935065
-27.178844 445.745323 -0.930690
-27.568315 446.000580 -0.927853
-27.956932 446.257756 -0.926624
-28.342203 446.517713 -0.925548
-28.721150 446.780925 -0.923208
-29.093471 447.046220 -0.919982
-29.459784 447.312925 -0.916598
-29.822321 447.580942 -0.913515
-30.181402 447.849363 -0.911038
-30.532617 448.116306 -0.908304
-30.872743 448.378306 -0.905334
-31.202926 448.631069 -0.903623
-31.525262 448.871010 -0.903953
-31.839639 449.095870 -0.906103
-32.143887 449.305030 -0.910821
-32.436289 449.501192 -0.917803
-32.718914 449.689468 -0.921409
-32.995415 449.871895 -0.918425
-33.269248 450.046869 -0.914079
-33.541566 450.212571 -0.912348
-33.811297 450.368173 -0.912430
-34.078852 450.512616 -0.913356
-34.344662 450.644936 -0.914743
-34.608371 450.765018 -0.916844
-34.871962 450.876294 -0.921100
-35.139594 450.983004 -0.926653
-35.413753 451.085885 -0.931163
-35.694356 451.184412 -0.933479
-35.981648 451.277582 -0.933327
-36.275520 451.364167 -0.931149
-36.576512 451.442514 -0.927806
-36.887257 451.510990 -0.923933
-37.209778 451.568166 -0.919544
-37.544400 451.612222 -0.915811
-37.890329 451.642709 -0.914248
-38.248281 451.658967 -0.915447
-38.618710 451.658576 -0.914099
-39.002475 451.638578 -0.905983
-39.401865 451.594792 -0.893726
-39.818178 451.523789 -0.881247
-40.251146 451.423842 -0.870142
-40.699397 451.294407 -0.857974
-41.162800 451.132959 -0.844714
-41.642067 450.935406 -0.833007
-42.137803 450.698941 -0.824501
-42.649318 450.421988 -0.818942
-43.174901 450.104306 -0.814931
-43.712673 449.746508 -0.811951
-44.260115 449.350687 -0.810186
-44.815410 448.918504 -0.810847
-45.377822 448.449119 -0.814895
-45.945850 447.943499 -0.821275
-46.518525 447.403827 -0.830599
-47.095967 446.830794 -0.842190
-47.678027 446.225134 -0.851931
-48.264756 445.586989 -0.855420
-48.856852 444.915548 -0.855527
-49.454084 444.210050 -0.860461
-50.056228 443.472328 -0.871379
-50.663656 442.705263 -0.886175
-51.276600 441.912883 -0.902430
-51.895938 441.103174 -0.913895
-52.521547 440.281606 -0.918033
-53.153108 439.449244 -0.919439
-53.790973 438.606318 -0.921309
-54.435115 437.752334 -0.922026
-55.084105 436.887833 -0.920954
-55.736420 436.013631 -0.919417
-56.390663 435.130150 -0.917727
-57.045065 434.238186 -0.915114
-57.698963 433.339270 -0.911870
-58.352201 432.434676 -0.909036
-59.005669 431.524831 -0.905496
-59.660404 430.609806 -0.899660
-60.317156 429.688591 -0.890859
-60.977589 428.760987 -0.880825
-61.642202 427.828339 -0.870864
-62.308889 426.890727 -0.862334
-62.973064 425.948453 -0.860397
-63.631193 425.000557 -0.866858
-64.281979 424.045531 -0.872983
-64.925711 423.084877 -0.867670
-65.563615 422.120461 -0.846134
-66.195983 421.152867 -0.816050
-66.822876 420.181408 -0.793388
-67.443922 419.204410 -0.783196
-68.059250 418.222155 -0.780006
-68.669334 417.235637 -0.778036
-69.274302 416.244162 -0.773925
-69.874635 415.247258 -0.768730
-70.470235 414.244721 -0.764481
-71.060464 413.237808 -0.761020
-71.645438 412.226889 -0.758928
-72.225120 411.211855 -0.757985
-72.799810 410.192747 -0.756841
-73.370115 409.168675 -0.754436
-73.935519 408.141168 -0.751105
-74.494985 407.111673 -0.747892
-75.048441 406.079900 -0.744598
-75.596727 405.045405 -0.739327
-76.139329 404.008377 -0.732114
-76.676100 402.968186 -0.728152
-77.208529 401.923756 -0.726185
-77.737537 400.875314 -0.721592
-78.262712 399.823821 -0.717120
-78.784170 398.769763 -0.715366
-79.302727 397.713091 -0.715061
-79.818453 396.653978 -0.713771
-80.331001 395.593113 -0.710243
-80.840011 394.530982 -0.705041
-81.345420 393.467894 -0.700229
-81.847445 392.403817 -0.696773
-82.346465 391.337290 -0.692383
-82.842476 390.267481 -0.686253
-83.335330 389.194026 -0.679659
-83.824580 388.117951 -0.673574
-84.309628 387.040296 -0.667919
-84.790353 385.960752 -0.662579
-85.266877 384.879016 -0.657334
-85.739516 383.794719 -0.651784
-86.208157 382.707160 -0.646859
-86.672745 381.616217 -0.643431
-87.133480 380.521770 -0.641314
-87.589947 379.423764 -0.640390
-88.041934 378.322315 -0.640466
-88.489425 377.217589 -0.640329
-88.932511 376.110339 -0.638403
-89.371076 375.000716 -0.634697
-89.804494 373.888726 -0.631234
-90.232697 372.773975 -0.630150
-90.655860 371.656175 -0.630827
-91.074565 370.534967 -0.630880
-91.489230 369.410048 -0.629147
-91.899858 368.281231 -0.627194
-92.306309 367.148398 -0.627881
-92.708384 366.011333 -0.632407
-93.106612 364.869661 -0.639886
-93.501636 363.724305 -0.647508
-93.893658 362.576495 -0.653086
-94.282963 361.426355 -0.655227
-94.670236 360.273186 -0.654391
-95.055744 359.115343 -0.653329
-95.438699 357.952246 -0.654066
-95.817232 356.785060 -0.657350
-96.189100 355.614160 -0.663573
-96.553180 354.439899 -0.670685
-96.909725 353.261922 -0.675548
-97.260003 352.078556 -0.678440
-97.604848 350.889869 -0.681188
-97.945191 349.696001 -0.684027
-98.281170 348.496387 -0.687023
-98.610883 347.292452 -0.691923
-98.933611 346.085171 -0.699549
-99.249271 344.875453 -0.706986
-99.558385 343.663341 -0.710941
-99.861243 342.449626 -0.709882
-100.158226 341.234649 -0.704293
-100.449417 340.017818 -0.700450
-100.734587 338.799428 -0.702587
-101.014706 337.578927 -0.707438
-101.289582 336.356902 -0.712020
-101.558849 335.133940 -0.715953
-101.822757 333.910265 -0.718856
-102.081999 332.685778 -0.719513
-102.337993 331.459336 -0.716633
-102.590820 330.230971 -0.711111
-102.839374 329.001393 -0.706539
-103.083199 327.770318 -0.706426
-103.321967 326.537400 -0.710780
-103.555250 325.302483 -0.717025
-103.782772 324.065670 -0.722696
-104.004487 322.827508 -0.725414
-104.220117 321.589310 -0.723252
-104.429431 320.351876 -0.717536
-104.631999 319.115518 -0.712362
-104.827294 317.880544 -0.710204
-105.015285 316.647500 -0.710008
-105.196873 315.416362 -0.709149
-105.372752 314.187535 -0.706580
-105.543061 312.961553 -0.702341
-105.707636 311.738149 -0.699603
-105.866301 310.516242 -0.701915
-106.020309 309.295433 -0.706592
-106.170626 308.076394 -0.708461
-106.316960 306.859404 -0.706135
-106.459261 305.644542 -0.701520
-106.598039 304.431427 -0.697120
-106.734012 303.219006 -0.695161
-106.867457 302.006793 -0.696124
-106.998365 300.794974 -0.698617
-107.126128 299.583880 -0.700924
-107.249445 298.374315 -0.700797
-107.367579 297.166858 -0.696375
-107.480735 295.961152 -0.688754
-107.590146 294.755742 -0.681432
-107.696391 293.548553 -0.677630
-107.799062 292.338328 -0.677392
-107.898248 291.125822 -0.678711
-107.993889 289.911823 -0.679601
-108.085414 288.695945 -0.678848
-108.172366 287.477906 -0.676984
-108.255034 286.257704 -0.674517
-108.333382 285.035808 -0.670588
-108.406292 283.813275 -0.664544
-108.472677 282.590368 -0.658297
-108.532216 281.366789 -0.653924
-108.585636 280.142159 -0.651494
-108.633542 278.916283 -0.650227
-108.676126 277.688994 -0.648401
-108.713891 276.459973 -0.646587
-108.746958 275.229376 -0.647321
-108.775655 273.998163 -0.649046
-108.800897 272.767480 -0.648024
-108.822843 271.537502 -0.644291
-108.841055 270.307718 -0.642344
-108.854665 269.079949 -0.643393
-108.864046 267.855286 -0.642646
-108.868355 266.633884 -0.639581
-108.867120 265.415921 -0.635375
-108.860637 264.200592 -0.626208
-108.847878 262.986541 -0.611858
-108.830138 261.772805 -0.597106
-108.809971 260.560799 -0.584195
-108.788635 259.352337 -0.572670
-108.765525 258.147244 -0.559611
-108.738501 256.943264 -0.543381
-108.705487 255.738511 -0.526992
-108.666689 254.531390 -0.512764
-108.622007 253.321887 -0.500809
-108.571126 252.110664 -0.488539
-108.513448 250.898101 -0.473649
-108.447282 249.684900 -0.458406
-108.373261 248.470821 -0.445175
-108.291984 247.256386 -0.433201
-108.204938 246.041570 -0.421658
-108.113401 244.825340 -0.411765
-108.015957 243.607892 -0.405491
-107.910707 242.389676 -0.399772
-107.796137 241.170274 -0.393255
-107.672675 239.949074 -0.389282
-107.542668 238.726445 -0.384914
-107.406746 237.503626 -0.374482
-107.262599 236.280956 -0.359621
-107.109195 235.057269 -0.346663
-106.946552 233.831675 -0.337338
-106.775780 232.605210 -0.330720
-106.599853 231.379197 -0.324274
-106.419994 230.154158 -0.315943
-106.234631 228.930488 -0.308401
-106.041956 227.708045 -0.305349
-105.841806 226.486512 -0.306407
-105.636850 225.266158 -0.308490
-105.428731 224.047459 -0.308706
-105.217448 222.829965 -0.308128
-105.001872 221.612826 -0.310069
-104.778761 220.395965 -0.314016
-104.547471 219.179673 -0.317655
-104.308475 217.964728 -0.319021
-104.062572 216.752134 -0.317112
-103.810743 215.541484 -0.313805
-103.552668 214.332164 -0.312270
-103.288008 213.123513 -0.312052
-103.015462 211.915288 -0.312322
-102.734653 210.707404 -0.315139
-102.448882 209.499477 -0.318679
-102.159555 208.291244 -0.319079
-101.866149 207.081816 -0.315295
-101.567090 205.871284 -0.309916
-101.259540 204.660265 -0.306288
-100.943669 203.448678 -0.303192
-100.621494 202.236104 -0.298753
-100.294662 201.021582 -0.295130
-99.963678 199.805190 -0.294178
-99.628642 198.587838 -0.293973
-99.289621 197.369733 -0.292703
-98.947539 196.150322 -0.292594
-98.604165 194.928692 -0.295085
-98.258449 193.705055 -0.297062
-97.908987 192.480376 -0.295349
-97.556440 191.255100 -0.289973
-97.201489 190.028868 -0.284232
-96.846280 188.800840 -0.282744
-96.491339 187.570882 -0.286163
-96.134212 186.339625 -0.289797
-95.773515 185.107313 -0.290381
-95.408001 183.873843 -0.287703
-95.037160 182.639093 -0.283743
-94.662068 181.402999 -0.280204
-94.283209 180.165328 -0.276885
-93.901738 178.925962 -0.274731
-93.519358 177.685100 -0.273446
-93.135305 176.442274 -0.271811
-92.748371 175.196983 -0.270728
-92.358798 173.949674 -0.267303
-91.967720 172.701209 -0.261339
-91.575982 171.451426 -0.258407
-91.183512 170.199888 -0.261085
-90.788602 168.945881 -0.266633
-90.387716 167.688645 -0.270991
-89.978830 166.427847 -0.271587
-89.562567 165.163638 -0.268091
-89.143118 163.897297 -0.262452
-88.724405 162.628646 -0.258568
-88.306135 161.357123 -0.257120
-87.887046 160.083281 -0.255141
-87.468041 158.808044 -0.253708
-87.049689 157.531508 -0.255464
-86.631432 156.253401 -0.257740
-86.212302 154.973404 -0.256882
-85.791326 153.690968 -0.253620
-85.369854 152.406431 -0.248262
-84.948198 151.120815 -0.239092
-84.526033 149.835549 -0.225441
-84.104422 148.551479 -0.209640
-83.683841 147.268106 -0.195459
-83.266330 145.985681 -0.186105
-82.853727 144.705869 -0.179750
-82.445386 143.429384 -0.172373
-82.040620 142.155987 -0.164154
-81.639415 140.885465 -0.157693
-81.240525 139.616937 -0.154858
-80.842759 138.349736 -0.156191
-80.445761 137.084445 -0.158543
-80.048913 135.821275 -0.158953
-79.651699 134.560223 -0.156546
-79.254823 133.301735 -0.152037
-78.858658 132.045422 -0.148292
-78.464222 130.791123 -0.147033
-78.072082 129.538814 -0.147749
-77.680667 128.287686 -0.147658
-77.289339 127.036899 -0.143384
-76.898443 125.786206 -0.134586
-76.508351 124.535412 -0.124500
-76.120053 123.284451 -0.116387
-75.734166 122.033857 -0.111615
-75.350062 120.783598 -0.109540
-74.967614 119.533119 -0.111356
-74.586485 118.282384 -0.117663
-74.205157 117.031521 -0.124309
-73.823537 115.780917 -0.128346
-73.441899 114.530817 -0.129659
-73.059510 113.281035 -0.128762
-72.676440 112.031646 -0.126748
-72.293096 110.782756 -0.124392
-71.909580 109.533390 -0.124030
-71.525591 108.282860 -0.126705
-71.140517 107.031587 -0.129575
-70.753843 105.779086 -0.129869
-70.365794 104.525037 -0.127950
-69.976771 103.271184 -0.125526
-69.586969 102.019356 -0.120654
-69.197240 100.769633 -0.116002
-68.807619 99.519972 -0.118129
-68.416824 98.267818 -0.126317
-68.024405 97.013193 -0.136163
-67.630218 95.757971 -0.142654
-67.234170 94.503443 -0.144417
-66.836314 93.249098 -0.145557
-66.436837 91.993853 -0.149925
-66.036982 90.737294 -0.158919
-65.636928 89.480159 -0.170222
-65.235780 88.223809 -0.177886
-64.832880 86.969244 -0.177322
-64.427398 85.714338 -0.171345
-64.019945 84.457348 -0.166696
-63.611063 83.197240 -0.166736
-63.200360 81.934184 -0.168426
-62.788417 80.670409 -0.165815
-62.376061 79.407181 -0.159864
-61.963098 78.144392 -0.152812
-61.548637 76.880888 -0.144583
-61.132742 75.616031 -0.138947
-60.716722 74.349525 -0.139462
-60.300819 73.082562 -0.144061
-59.884314 71.816872 -0.145992
-59.466883 70.552721 -0.142427
-59.048963 69.288910 -0.136693
-58.631483 68.025121 -0.130810
-58.215840 66.763289 -0.125530
-57.802997 65.503919 -0.122102
-57.393046 64.246675 -0.119324
-56.985927 62.992231 -0.115661
-56.581528 61.739870 -0.110941
-56.179876 60.489415 -0.105121
-55.780746 59.240514 -0.099116
-55.384152 57.992321 -0.094558
-54.990329 56.746175 -0.092113
-54.599543 55.503691 -0.090641
-54.211418 54.264638 -0.088956
-53.825413 53.028112 -0.086913
-53.441266 51.793796 -0.085260
-53.058871 50.561812 -0.083918
-52.678144 49.332949 -0.081832
-52.298345 48.108772 -0.078195
-51.918933 46.889514 -0.072422
-51.539391 45.675197 -0.064275
-51.159622 44.466646 -0.056938
-50.779952 43.262493 -0.053547
-50.400677 42.066774 -0.052558
-50.021736 40.879112 -0.052764
-49.641173 39.695192 -0.049126
-49.257414 38.517774 -0.037737
-48.871905 37.348356 -0.024905
-48.486325 36.187646 -0.015309
-48.101031 35.036322 -0.007078
-47.716191 33.894486 0.001486
-47.332720 32.762517 0.009169
-46.952136 31.641323 0.014781
-46.575241 30.531589 0.019394
-46.202504 29.433723 0.024665
-45.834361 28.347714 0.031760
-45.471621 27.274336 0.039790
-45.114366 26.214409 0.045970
-44.759438 25.167154 0.048383
-44.402504 24.131840 0.048917
-44.041402 23.108186 0.051278
-43.677815 22.095420 0.057427
-43.314739 21.093949 0.066678
-42.954631 20.105018 0.076952
-42.598674 19.129188 0.087794
-42.247012 18.167520 0.100007
-41.900830 17.220975 0.112658
-41.560077 16.289578 0.125177
-41.223665 15.373800 0.139878
-40.891482 14.473816 0.157419
-40.564333 13.589953 0.175455
-40.242238 12.721847 0.192196
-39.923426 11.868941 0.207572
-39.605586 11.032292 0.222580
-39.285958 10.213169 0.238613
-38.961712 9.412544 0.256149
-38.630693 8.631226 0.275193
-38.291576 7.870421 0.295007
-37.943808 7.132078 0.313309
-37.585761 6.417405 0.328402
-37.214605 5.725608 0.340505
-36.827588 5.057528 0.351129
-36.424002 4.415861 0.360569
-36.005332 3.801984 0.367350
-35.571838 3.216946 0.371282
-35.122933 2.661660 0.373506
-34.659313 2.138383 0.375033
-34.181380 1.649993 0.376388
-33.689886 1.193429 0.375541
-33.185822 0.765168 0.371524
-32.668898 0.368417 0.366918
-32.139765 0.006364 0.362074
-31.601104 -0.322145 0.355053
-31.054873 -0.617473 0.345433
-30.501856 -0.878446 0.334432
-29.943452 -1.106195 0.321012
-29.380469 -1.302516 0.307295
-28.813623 -1.467300 0.296357
-28.244997 -1.600321 0.287806
-27.676180 -1.702038 0.282585
-27.107926 -1.775383 0.279084
-26.541891 -1.823187 0.273446
-25.979141 -1.845812 0.264122
-25.418867 -1.845332 0.252720
-24.858492 -1.826797 0.241657
-24.295198 -1.795981 0.234028
-23.727791 -1.756744 0.231370
-23.156426 -1.711807 0.232161
-22.581800 -1.663193 0.234289
-22.004372 -1.612607 0.236786
-21.424570 -1.561807 0.239230
-20.843127 -1.511761 0.241504
-20.261282 -1.462729 0.243493
-19.680223 -1.415724 0.245018
-19.100880 -1.372314 0.246819
-18.524214 -1.334351 0.249364
-17.951567 -1.303781 0.252380
-17.385137 -1.279871 0.255644
-16.827330 -1.260621 0.258878
-16.279450 -1.246532 0.261916
-15.742109 -1.239266 0.265418
-15.216251 -1.238468 0.270240
-14.702439 -1.243246 0.276790
-14.201556 -1.253392 0.283903
-13.715255 -1.267607 0.290065
-13.244991 -1.284798 0.295355
-12.791630 -1.306018 0.300517
-12.356055 -1.333068 0.305801
-11.939795 -1.366286 0.310890
-11.544650 -1.403875 0.314586
-11.172418 -1.444156 0.316996
-10.824089 -1.486992 0.318608
-10.499819 -1.532467 0.319072
-10.196714 -1.580395 0.319051
-9.906470 -1.628566 0.318912
-9.622451 -1.675155 0.319586
-9.342760 -1.718989 0.321424
-9.067139 -1.757718 0.323704
-8.797204 -1.790629 0.325676
-8.534258 -1.818111 0.326774
-8.277724 -1.840987 0.327685
-8.026458 -1.859577 0.329218
-7.779584 -1.872679 0.331294
-7.536761 -1.878726 0.333809
-7.297493 -1.876731 0.336312
-7.056934 -1.867091 0.337305
-6.807591 -1.849287 0.336218
-6.546287 -1.820170 0.336118
-6.273119 -1.777079 0.337750
-5.989722 -1.717505 0.341156
-5.696720 -1.641987 0.349524
-5.393756 -1.553831 0.361583
-5.082358 -1.453614 0.371307
-4.764869 -1.338671 0.376357
-4.442655 -1.206306 0.378956
-4.115042 -1.055733 0.380580
-3.781106 -0.887716 0.382569
-3.439663 -0.703044 0.382418
-3.089839 -0.499292 0.378553
-2.732042 -0.272457 0.374968
-2.366914 -0.019424 0.373164
-1.995075 0.261331 0.370022
-1.615320 0.568469 0.366019
-1.226442 0.900199 0.364630
-0.830357 1.257686 0.364500
-0.430176 1.643424 0.362289
-0.029057 2.059940 0.356210
0.370521 2.509540 0.345825
0.767766 2.992991 0.333001
1.163904 3.508525 0.320212
1.560036 4.053841 0.310382
1.955571 4.628172 0.304054
2.349481 5.230510 0.298174
2.741963 5.859594 0.292147
3.133550 6.514976 0.286505
3.524903 7.195288 0.281609
3.916193 7.899107 0.278119
4.307286 8.625413 0.274053
4.701902 9.370850 0.267194
5.105973 10.130792 0.259271
5.521089 10.904144 0.253818
5.944573 11.692766 0.251648
6.375122 12.495554 0.248383
6.813427 13.310822 0.242556
7.259439 14.138611 0.236422
7.712290 14.978177 0.233793
8.172425 15.826472 0.236019
8.637876 16.682621 0.238545
9.106387 17.547986 0.239523
9.579789 18.421902 0.240061
10.058499 19.305393 0.240067
10.540464 20.200786 0.241890
11.025324 21.108269 0.246321
11.513978 22.027240 0.249878
12.005638 22.957662 0.251092
12.499164 23.898410 0.248582
12.994862 24.847490 0.241262
13.492430 25.804232 0.233559
13.992437 26.767951 0.230923
14.494575 27.738188 0.233438
14.997202 28.712668 0.237059
15.499973 29.688431 0.234298
16.000326 30.668773 0.224041
16.499142 31.656292 0.213480
16.998563 32.649474 0.208695
17.498148 33.646906 0.210281
17.998206 34.646572 0.212789
18.499624 35.647624 0.213342
19.002802 36.651498 0.215146
19.505723 37.658851 0.216893
20.008733 38.667502 0.217201
20.512409 39.676989 0.214758
21.017020 40.687435 0.211852
21.525304 41.697344 0.213906
22.036257 42.707775 0.219412
22.547529 43.719494 0.224652
23.060516 44.731797 0.226839
23.576311 45.743356 0.230861
24.094715 46.755993 0.242100
24.615610 47.770826 0.256630
25.137874 48.787251 0.268795
25.660842 49.805742 0.277858
26.186182 50.826328 0.286073
26.715623 51.847993 0.296802
27.247309 52.871842 0.306267
27.778958 53.898861 0.308005
28.311294 54.926805 0.303985
28.846754 55.957419 0.302218
29.385567 56.991820 0.309952
29.926670 58.027306 0.326153
30.470244 59.062965 0.346010
31.015792 60.098696 0.367229
31.562257 61.134347 0.387129
32.109209 62.171227 0.405314
32.656833 63.209970 0.423473
33.203021 64.249649 0.439896
33.746387 65.289078 0.451078
34.288621 66.328154 0.460044
34.830845 67.366984 0.478920
35.373305 68.403883 0.508212
35.915002 69.438211 0.537222
36.456216 70.473423 0.566356
36.997874 71.509311 0.601808
37.537558 72.544856 0.638014
38.073206 73.580422 0.667359
38.606218 74.614934 0.690756
39.136545 75.649270 0.709633
39.663002 76.683276 0.724732
40.186175 77.716309 0.736537
40.707791 78.747780 0.751440
41.229299 79.776702 0.774844
41.751373 80.804799 0.800762
42.274400 81.831926 0.823542
42.798411 82.855530 0.842240
43.323416 83.877224 0.856314
43.849999 84.899477 0.868332
44.378281 85.922577 0.882016
44.908444 86.946419 0.899486
45.441507 87.971487 0.921222
45.977329 88.997964 0.946411
