0.005944 0.003752 0.016049
0.023650 0.014983 0.063150
0.052864 0.033647 0.139218
0.093333 0.059699 0.242166
0.144804 0.093090 0.369906
0.207023 0.133775 0.520354
0.279736 0.181706 0.691420
0.362692 0.236839 0.881019
0.455637 0.299126 1.087067
0.558316 0.368519 1.307472
0.670478 0.444975 1.540153
0.791867 0.528444 1.783019
0.922233 0.618882 2.033987
1.061320 0.716241 2.290966
1.208877 0.820476 2.551874
1.364592 0.931658 2.813095
1.528111 1.049666 3.072377
1.699678 1.174049 3.331472
1.897855 1.317771 3.618784
2.086195 1.453798 3.883891
2.281791 1.592351 4.151229
2.504130 1.748223 4.444529
2.711451 1.894426 4.709952
2.944331 2.058859 4.999560
3.161123 2.211870 5.262159
3.382682 2.369512 5.526410
3.632383 2.548831 5.818698
3.864348 2.714317 6.082848
4.100821 2.880687 6.344372
4.366131 3.065492 6.628308
4.611500 3.236011 6.882677
4.886512 3.426214 7.161459
5.141980 3.600013 7.418778
5.403396 3.774631 7.683387
5.696952 3.968009 7.979231
5.966766 4.143734 8.246976
6.238545 4.320354 8.509606
6.539918 4.522302 8.792195
6.817555 4.713534 9.049672
7.099653 4.909834 9.311907
7.414841 5.135213 9.603639
7.704725 5.349517 9.867382
8.023915 5.590691 10.154520
8.312949 5.814928 10.413343
8.600849 6.046497 10.669689
8.916041 6.309276 10.948162
9.199774 6.552314 11.199378
9.478862 6.798498 11.447017
9.781727 7.074704 11.718775
10.054232 7.326812 11.970476
10.324259 7.580628 12.224173
10.616033 7.866266 12.504079
10.875142 8.131516 12.754969
11.154760 8.427317 13.029540
11.404579 8.698510 13.284801
11.652084 8.972783 13.546623
11.919820 9.278236 13.835711
12.157600 9.560070 14.095854
12.390961 9.845874 14.354591
12.641541 10.162920 14.636567
12.867047 10.457123 14.896671
13.110812 10.782045 15.184673
13.328021 11.082846 15.442960
13.539556 11.392777 15.695578
13.761811 11.741031 15.965868
13.953385 12.064595 16.207855
14.135653 12.395331 16.453192
14.324287 12.767558 16.731881
14.482243 13.112187 16.991544
14.625682 13.460835 17.250423
14.767414 13.848676 17.532213
14.882265 14.206106 17.789630
14.992958 14.603270 18.073611
15.079495 14.969018 18.329901
15.152516 15.339788 18.583512
15.217485 15.754630 18.862700
15.261164 16.135443 19.115570
15.287581 16.520222 19.365172
15.293533 16.947974 19.635036
15.278227 17.339782 19.878486
15.239838 17.775119 20.146315
15.185571 18.176505 20.393825
15.111753 18.581973 20.650881
15.007031 19.028035 20.934747
14.890938 19.434420 21.186665
14.756474 19.841460 21.434464
14.589806 20.293324 21.706180
14.422876 20.711604 21.956550
14.242582 21.133112 22.209045
14.028305 21.594198 22.488633
13.819727 22.009307 22.745381
13.575613 22.467646 23.026160
13.340140 22.888718 23.274881
13.093213 23.309521 23.518824
12.807649 23.765752 23.786607
12.534993 24.170166 24.030834
12.222165 24.603442 24.301005
11.928231 24.988869 24.547100
11.627639 25.365212 24.792069
11.290286 25.766741 25.058852
10.977396 26.118562 25.299432
10.657138 26.455616 25.540500
10.295173 26.807776 25.806498
9.959143 27.107357 26.046498
9.579754 27.414395 26.309744
9.227495 27.671027 26.546802
8.867878 27.905110 26.783534
8.464224 28.135185 27.047251
8.091359 28.319998 27.290729
7.677084 28.498053 27.559853
7.297256 28.637296 27.802875
6.912860 28.754049 28.044467
6.487096 28.853905 28.308528
6.095210 28.921114 28.549753
5.659739 28.976054 28.815969
5.260056 29.009716 29.057567
4.856208 29.022336 29.298066
4.409598 29.008184 29.562533
4.002061 28.973151 29.803813
3.594189 28.927854 30.043954
3.146899 28.876608 30.306173
2.742331 28.826494 30.546482
2.343548 28.763508 30.789276
1.910316 28.674957 31.057921
1.523288 28.579741 31.297540
1.144070 28.476095 31.526925
0.737301 28.360014 31.779132
0.380342 28.251948 32.022619
0.035857 28.137752 32.277876
-0.329629 28.004139 32.559827
-0.648675 27.875561 32.812151
-0.984720 27.727326 33.085933
-1.275663 27.588822 33.332832
-1.551733 27.448148 33.579368
-1.837301 27.291780 33.849982
-2.080329 27.149575 34.095430
-2.305371 27.007944 34.339935
-2.534128 26.849353 34.611109
-2.725245 26.704604 34.858602
-2.900468 26.562050 35.106223
-3.075546 26.406128 35.378528
-3.218425 26.264620 35.625186
-3.358129 26.112023 35.896277
-3.469131 25.979614 36.141414
-3.565191 25.853179 36.386574
-3.653153 25.721801 36.657359
-3.717186 25.611240 36.903260
-3.767137 25.509352 37.148896
-3.807904 25.407933 37.417034
-3.834853 25.324696 37.659041
-3.856386 25.241275 37.924825
-3.870730 25.173828 38.164681
-3.880556 25.114443 38.404276
-3.887348 25.054146 38.673211
-3.891665 25.001672 38.925901
-3.895814 24.951420 39.182790
-3.900937 24.899242 39.465102
-3.906165 24.854724 39.721930
-3.912805 24.813356 39.977359
-3.921791 24.771666 40.257233
-3.931459 24.736832 40.510238
-3.944048 24.700470 40.790003
-3.956989 24.667052 41.045631
-3.971452 24.631257 41.302140
-3.990875 24.588390 41.583659
-4.012195 24.545234 41.836584
-4.036900 24.496485 42.087013
-4.068475 24.435005 42.360905
-4.100621 24.371645 42.612132
-4.139972 24.293878 42.890514
-4.180244 24.215713 43.141530
-4.225462 24.130235 43.392163
-4.280943 24.028059 43.667362
-4.336876 23.927641 43.916853
-4.398934 23.819463 44.166425
-4.475467 23.691927 44.442053
-4.553155 23.569565 44.693882
-4.647651 23.427963 44.971233
-4.741869 23.292951 45.223938
-4.844016 23.152400 45.477518
-4.966477 22.992478 45.757059
-5.088450 22.844252 46.010328
-5.222360 22.695537 46.261946
-5.385285 22.532968 46.537653
-5.548215 22.386431 46.786752
-5.727276 22.240266 47.035770
-5.944314 22.082249 47.309828
-6.160450 21.943198 47.558761
-6.420883 21.795389 47.833046
-6.678218 21.667805 48.082485
-6.956996 21.548379 48.332615
-7.285011 21.427373 48.606206
-7.596845 21.327847 48.853431
-7.917219 21.240887 49.101518
-8.274097 21.161270 49.374226
-8.603959 21.103740 49.623223
-8.938445 21.063267 49.873537
-9.311943 21.041829 50.150566
-9.657349 21.045311 50.402771
-10.006825 21.071600 50.651370
-10.399400 21.128078 50.921606
-10.763398 21.203595 51.164739
-11.134512 21.301944 51.406394
-11.551117 21.441674 51.670534
-11.934481 21.600566 51.908245
-12.360571 21.813125 52.168932
-12.750430 22.039767 52.406716
-13.141644 22.295247 52.647450
-13.572193 22.609404 52.917604
-13.962596 22.926664 53.165972
-14.352554 23.275361 53.414506
-14.779634 23.694996 53.685866
-15.164807 24.108195 53.931006
-15.546001 24.548777 54.174167
-15.960518 25.065196 54.438364
-16.334070 25.563005 54.673323
-16.741306 26.131706 54.924515
-17.107388 26.662769 55.152344
-17.466621 27.206342 55.383106
-17.855972 27.822029 55.639457
-18.203511 28.394634 55.869596
-18.576878 29.034470 56.119170
-18.909440 29.624541 56.346042
-19.265041 30.274871 56.598894
-19.577729 30.864354 56.834526
-19.879605 31.451406 57.069900
-20.199614 32.094865 57.325624
-20.478825 32.679870 57.561345
-20.743825 33.264556 57.802191
-21.021505 33.906374 58.071841
-21.262548 34.481973 58.319190
-21.514783 35.107523 58.590741
-21.733359 35.675291 58.834395
-21.942950 36.240256 59.072767
-22.163966 36.858730 59.330946
-22.355882 37.422878 59.561690
-22.537311 37.992219 59.789482
-22.722147 38.622158 60.044992
-22.876133 39.194874 60.285255
-23.032182 39.827190 60.557561
-23.165081 40.405770 60.803485
-23.290124 40.989953 61.041245
-23.418105 41.633794 61.296739
-23.525868 42.216775 61.527795
-23.623620 42.799793 61.762844
-23.719319 43.442039 62.027109
-23.796344 44.027079 62.271782
-23.864330 44.613160 62.517017
-23.931152 45.263280 62.783309
-23.986178 45.856992 63.022553
-24.041086 46.514296 63.284431
-24.085896 47.119010 63.519551
-24.126011 47.725029 63.753081
-24.164796 48.391289 64.011927
-24.195138 48.998283 64.251713
-24.222319 49.601537 64.493733
-24.251543 50.257842 64.755384
-24.277816 50.847258 64.993822
-24.306004 51.487691 65.261984
-24.332551 52.066295 65.507957
-24.361570 52.646027 65.753745
-24.394022 53.284249 66.021197
-24.423603 53.862379 66.265482
-24.456844 54.441268 66.510061
-24.499685 55.077988 66.771350
-24.543808 55.651004 67.004697
-24.587698 56.222490 67.242129
-24.630576 56.855402 67.520696
-24.666840 57.430998 67.789369
-24.711767 58.066992 68.074388
-24.762988 58.649477 68.307630
-24.821704 59.233611 68.526862
-24.888687 59.874946 68.775824
-24.951128 60.456109 69.020730
-25.016276 61.039603 69.271778
-25.091571 61.686029 69.541825
-25.161855 62.274893 69.784480
-25.242184 62.935024 70.048136
-25.318441 63.542354 70.285556
-25.396232 64.148333 70.527154
-25.483656 64.814622 70.794989
-25.566663 65.420647 71.034444
-25.654020 66.025853 71.271126
-25.754292 66.690683 71.530002
-25.847804 67.298233 71.765525
-25.942554 67.912501 72.005397
-26.047069 68.592884 72.269649
-26.142582 69.218966 72.505230
-26.250837 69.916524 72.754084
-26.352887 70.553202 72.971127
-26.456068 71.190012 73.184620
-26.567160 71.895261 73.424282
-26.664989 72.545750 73.653769
-26.759590 73.206914 73.889633
-26.861245 73.940611 74.145258
-26.952268 74.608397 74.373484
-27.041100 75.281851 74.603173
-27.135107 76.032455 74.862982
-27.217607 76.723232 75.104745
-27.307958 77.489092 75.367184
-27.390615 78.186476 75.599278
-27.474027 78.890315 75.826916
-27.568425 79.671976 76.071367
-27.656984 80.387870 76.291669
-27.746513 81.107069 76.511216
-27.844412 81.894586 76.756299
-27.932848 82.611176 76.985518
-28.030358 83.401010 77.241769
-28.121954 84.118082 77.473875
-28.218938 84.832610 77.695420
-28.329974 85.612295 77.926665
-28.430822 86.322740 78.135825
-28.528520 87.044342 78.355961
-28.632769 87.846846 78.607255
-28.725120 88.581009 78.830870
-28.815181 89.318561 79.047940
-28.915664 90.137809 79.286843
-29.008319 90.888735 79.501842
-29.109813 91.718661 79.733827
-29.200059 92.473399 79.950952
-29.286447 93.240573 80.180182
-29.378064 94.103830 80.437929
-29.462590 94.896090 80.668107
-29.552879 95.692481 80.887040
-29.656776 96.570548 81.117007
-29.751835 97.374389 81.327980
-29.853109 98.256000 81.571946
-29.940542 99.053333 81.803121
-30.025799 99.856913 82.037021
-30.120145 100.743937 82.290583
-30.207633 101.555993 82.519297
-30.298420 102.368692 82.744094
-30.402226 103.258131 82.990830
-30.495531 104.070947 83.223364
-30.595434 104.971802 83.488009
-30.688483 105.799383 83.735162
-30.785971 106.628772 83.980179
-30.899184 107.544447 84.237806
-31.006778 108.384231 84.465496
-31.116237 109.225558 84.698315
-31.238931 110.152108 84.960580
-31.353978 110.995541 85.196282
-31.473870 111.840948 85.427905
-31.613525 112.770910 85.681247
-31.747787 113.614397 85.909765
-31.903219 114.545256 86.156168
-32.050931 115.391998 86.381119
-32.211285 116.274422 86.624704
-32.377580 117.155436 86.877174
-32.549435 118.034998 87.138428
-32.726477 118.913089 87.408371
-32.908325 119.789667 87.686899
-33.094600 120.664690 87.973912
-33.284927 121.538139 88.269314
-33.478927 122.409972 88.573003
-33.676221 123.280154 88.884879
-33.876429 124.148643 89.204840
-34.079178 125.015422 89.532791
-34.284085 125.880438 89.868627
-34.490776 126.743675 90.212254
-34.698871 127.605090 90.563569
-34.907991 128.464639 90.922469
-35.117761 129.322307 91.288861
-35.298167 130.056346 91.611082
-35.520305 130.945335 92.015098
-35.724992 131.746202 92.384343
-35.932675 132.545888 92.748381
-36.162934 133.426580 93.140825
-36.370944 134.227754 93.491492
-36.578007 135.028912 93.843955
-36.803214 135.909658 94.238901
-37.006325 136.714162 94.597340
-37.230400 137.607628 94.983143
-37.432392 138.419329 95.329353
-37.632562 139.227904 95.679923
-37.846803 140.112971 96.074366
-38.035906 140.924814 96.442322
-38.218646 141.739683 96.815033
-38.415903 142.634418 97.228268
-38.594859 143.444183 97.593871
-38.773553 144.261421 97.944739
-38.969710 145.169095 98.320236
-39.146292 145.990772 98.655592
-39.335172 146.892792 99.029505
-39.502310 147.714256 99.381729
-39.668714 148.537874 99.740175
-39.853335 149.451802 100.133231
-40.024479 150.288573 100.483897
-40.199314 151.128733 100.831760
-40.392246 152.056016 101.220020
-40.568041 152.906191 101.577140
-40.765410 153.852629 101.972669
-40.949753 154.716386 102.330737
-41.140229 155.585019 102.684894
-41.357078 156.546792 103.069388
-41.560544 157.427241 103.417736
-41.769996 158.314377 103.769894
-42.007596 159.297086 104.166207
-42.232405 160.194795 104.535740
-42.493976 161.186463 104.944128
-42.748015 162.096235 105.310989
-43.018054 163.012716 105.672506
-43.335550 164.024656 106.065794
-43.645357 164.948472 106.419851
-43.975793 165.880226 106.770554
-44.360914 166.920114 107.153788
-44.725827 167.877008 107.498893
-45.102812 168.847037 107.844492
-45.527514 169.932170 108.228069
-45.920212 170.940006 108.577863
-46.320399 171.969118 108.929355
-46.768935 173.117694 109.312688
-47.188058 174.188545 109.656552
-47.659625 175.397338 110.029768
-48.095597 176.523013 110.366092
-48.538270 177.676832 110.702776
-49.032448 178.975942 111.074962
-49.490764 180.188984 111.417560
-49.955361 181.426650 111.760224
-50.472707 182.813120 112.134159
-50.948592 184.098593 112.473547
-51.425045 185.401771 112.814678
-51.951540 186.863065 113.192914
-52.434104 188.214851 113.534448
-52.922559 189.587062 113.871612
-53.466790 191.117451 114.238625
-53.967372 192.526018 114.570502
-54.472193 193.948584 114.898325
-55.030487 195.534103 115.253367
-55.534586 196.995614 115.572186
-56.078297 198.628599 115.922108
-56.561112 200.140309 116.244348
-57.033067 201.676788 116.572179
-57.538902 203.389143 116.935048
-57.989345 204.971519 117.265581
-58.428108 206.566803 117.595572
-58.899483 208.346931 117.957488
-59.316699 209.984874 118.283331
-59.763723 211.802208 118.642514
-60.160693 213.471080 118.972925
-60.545197 215.146366 119.304519
-60.954437 217.003314 119.670594
-61.311935 218.697330 120.002383
-61.688159 220.566307 120.367517
-62.013847 222.269521 120.702061
-62.322612 223.971871 121.037784
-62.642491 225.846569 121.407588
-62.913733 227.548737 121.743855
-63.190973 229.422972 122.114236
-63.423081 231.123652 122.449514
-63.635418 232.821770 122.783742
-63.845813 234.691640 123.152192
-64.015417 236.388160 123.487553
-64.178749 238.258029 123.859294
-64.306065 239.953850 124.197732
-64.414596 241.644130 124.535203
-64.514656 243.506184 124.906607
-64.589952 245.198752 125.243953
-64.653127 246.896607 125.582562
-64.712522 248.753007 125.954435
-64.762458 250.443922 126.293192
-64.817954 252.305275 126.662021
-64.870815 253.999041 126.994517
-64.925420 255.697006 127.327367
-64.985793 257.558062 127.695939
-65.040828 259.255899 128.037190
-65.097119 260.956456 128.379563
-65.162149 262.833463 128.749970
-65.224477 264.546692 129.080234
-65.289902 266.259360 129.406512
-65.365246 268.154127 129.765251
-65.436023 269.880781 130.092202
-65.516741 271.783508 130.454441
-65.593585 273.520840 130.786010
-65.674249 275.261447 131.117149
-65.766963 277.178279 131.481971
-65.854362 278.923112 131.817195
-65.944840 280.666820 132.156433
-66.048344 282.583326 132.530083
-66.145983 284.321970 132.868134
-66.247526 286.060732 133.208105
-66.363994 287.971393 133.582732
-66.474953 289.708467 133.920465
-66.602459 291.618790 134.290083
-66.722533 293.355445 134.625934
-66.846262 295.090737 134.963119
-66.986001 297.001607 135.336026
-67.117206 298.748569 135.673733
-67.252931 300.491875 136.006606
-67.408643 302.416227 136.369499
-67.555066 304.170231 136.695859
-67.720973 306.104468 137.054143
-67.876109 307.868673 137.383744
-68.034412 309.634378 137.715826
-68.212582 311.586095 138.081954
-68.378162 313.365871 138.415588
-68.547750 315.150363 138.750020
-68.740501 317.122846 139.116818
-68.921878 318.915420 139.446894
-69.111043 320.711908 139.775091
-69.329540 322.691754 140.135888
-69.539047 324.491037 140.465662
-69.784221 326.469918 140.830144
-70.021955 328.265544 141.160886
-70.275374 330.061134 141.490622
-70.572333 332.035731 141.852789
-70.857467 333.825413 142.182373
-71.157082 335.612956 142.513082
-71.503795 337.575093 142.875727
-71.834935 339.355446 143.203105
-72.215245 341.304653 143.561325
-72.576812 343.074355 143.887561
-72.951696 344.833627 144.212602
-73.381788 346.768704 144.571974
-73.789642 348.524431 144.899440
-74.215065 350.275191 145.226020
-74.704606 352.198734 145.584772
-75.166859 353.937546 145.909136
-75.646800 355.673803 146.232787
-76.194247 357.578622 146.587916
-76.709463 359.307125 146.911544
-77.295510 361.205130 147.268752
-77.846109 362.925441 147.593191
-78.414145 364.641451 147.916288
-79.059531 366.524906 148.270005
-79.664264 368.229528 148.590170
-80.288622 369.933999 148.910958
-80.994512 371.799970 149.262596
-81.658331 373.495811 149.582801
-82.415007 375.359258 149.935599
-83.126765 377.048135 150.255432
-83.863972 378.736755 150.574528
-84.704943 380.590634 150.924302
-85.496467 382.271287 151.241425
-86.313798 383.952818 151.559367
-87.242903 385.804900 151.910686
-88.112827 387.485349 152.229430
-89.003749 389.161682 152.545811
-90.005200 391.008044 152.893005
-90.931064 392.689309 153.209522
-91.960053 394.534128 153.557847
-92.905066 396.207647 153.874661
-93.863435 397.884432 154.192343
-94.929418 399.726547 154.541210
-95.910260 401.402177 154.858403
-96.900223 403.078376 155.175742
-97.988432 404.916599 155.524076
-98.976331 406.589846 155.841471
-99.962755 408.261650 156.158644
-101.048579 410.100333 156.507252
-102.034848 411.771282 156.824112
-103.116780 413.608488 157.172333
-104.097237 415.279014 157.488570
-105.073448 416.948559 157.804877
-106.142820 418.784982 158.153641
-107.112031 420.456094 158.471575
-108.073463 422.120118 158.788232
-109.128741 423.954877 159.137145
-110.079781 425.620248 159.452948
-111.113216 427.452649 159.799223
-112.036833 429.118470 160.114035
-112.941755 430.783248 160.429504
-113.913182 432.612263 160.777193
-114.776991 434.277907 161.094384
-115.619471 435.940454 161.410923
-116.522868 437.768081 161.758645
-117.323665 439.429184 162.074301
-118.106016 441.089416 162.389569
-118.946254 442.912130 162.736238
-119.694400 444.566940 163.054829
-120.497662 446.377788 163.409705
-121.214825 448.023916 163.732587
-121.920522 449.663025 164.051478
-122.684905 451.456801 164.400248
-123.369060 453.082352 164.717321
-124.039540 454.693394 165.034369
-124.765695 456.458733 165.385827
-125.412771 458.055508 165.705772
-126.110769 459.801841 166.055898
-126.734964 461.380082 166.371128
-127.348896 462.942804 166.684125
-128.014429 464.639433 167.030544
-128.611459 466.160477 167.347898
-129.201174 467.664441 167.663736
-129.839271 469.297542 168.004071
-130.407464 470.760959 168.307696
-131.017491 472.349151 168.642317
-131.555441 473.767397 168.950451
-132.079140 475.159628 169.263765
-132.639901 476.659596 169.612749
-133.132834 477.990986 169.930671
-133.611295 479.300521 170.247912
-134.120037 480.714251 170.590099
-134.566551 481.977365 170.896132
-135.037676 483.339721 171.236124
-135.448217 484.555542 171.551717
-135.842827 485.751328 171.869539
-136.259437 487.045817 172.218624
-136.623129 488.205795 172.535068
-136.972139 489.350991 172.850581
-137.339303 490.599152 173.197847
-137.658787 491.728559 173.513762
-137.964601 492.853152 173.827929
-138.285603 494.088788 174.172696
-138.562298 495.207619 174.485938
-138.825957 496.327307 174.801042
-139.099789 497.559282 175.148903
-139.333927 498.681746 175.465993
-139.554331 499.808265 175.784045
-139.780617 501.048007 176.132605
-139.973268 502.179528 176.448046
-140.153741 503.314082 176.761195
-140.337869 504.567188 177.102594
-140.492644 505.716085 177.413460
-140.647411 506.979839 177.758083
-140.775047 508.134775 178.077813
-140.890328 509.291975 178.404230
-141.004564 510.568555 178.764889
-141.099099 511.730170 179.086331
-141.185319 512.891849 179.399107
-141.269439 514.175563 179.736127
-141.334859 515.346628 180.043141
-141.389018 516.527088 180.358391
-141.434847 517.828440 180.711405
-141.464217 519.020555 181.037092
-141.483803 520.456319 181.430291
-141.488451 521.536619 181.724326
-141.485889 522.738851 182.044136
-141.475177 524.063520 182.387359
-141.457915 525.271789 182.696789
-141.432723 526.482760 183.008928
-141.396835 527.820468 183.358589
-141.358076 529.044611 183.681934
-141.310463 530.393264 184.038819
-141.264579 531.627294 184.363885
-141.217764 532.866497 184.684202
-141.164215 534.236443 185.030874
-141.112014 535.490570 185.349556
-141.056369 536.750996 185.674921
-140.993815 538.145950 186.038168
-140.938307 539.420872 186.369340
-140.885396 540.703115 186.699161
-140.831691 542.120420 187.058048
-140.787307 543.410727 187.378707
-140.742635 544.837339 187.728640
-140.706296 546.137403 188.046064
-140.674146 547.441893 188.364143
-140.643196 548.877733 188.715755
-140.618634 550.186906 189.039406
-140.596935 551.502723 189.366945
-140.576900 552.954033 189.728212
-140.561986 554.278859 190.054784
-140.547880 555.736595 190.409726
-140.536686 557.066527 190.731835
-140.527214 558.400314 191.053037
-140.520508 559.869690 191.399889
-140.517982 561.208946 191.709364
-140.517037 562.549170 192.017991
-140.516743 564.028147 192.363549
-140.516977 565.374757 192.681931
-140.517117 566.723006 193.001876
-140.515763 568.209901 193.357998
-140.512408 569.556499 193.682583
-140.506286 571.041552 194.039564
-140.498455 572.391803 194.361318
-140.487643 573.744620 194.680492
-140.471568 575.234226 195.030762
-140.453123 576.587303 195.350008
-140.431235 577.940853 195.669434
-140.402295 579.430789 196.020071
-140.371691 580.787313 196.340059
-140.338195 582.144030 196.661349
-140.297777 583.638410 197.012716
-140.256549 584.994049 197.333888
-140.205495 586.487951 197.696057
-140.156054 587.852538 198.027664
-140.106894 589.213506 198.353457
-140.054892 590.714372 198.707645
-140.010545 592.080758 199.028330
-139.970313 593.448385 199.347843
-139.931052 594.955077 199.697231
-139.898954 596.325251 200.013932
-139.866565 597.836741 200.365634
-139.839801 599.213924 200.689236
-139.815959 600.593555 201.013555
-139.793931 602.114207 201.368541
-139.779254 603.500410 201.688132
-139.770762 604.889050 202.003265
-139.768548 606.421369 202.348467
-139.773201 607.819630 202.666087
-139.785456 609.224085 202.988399
-139.809486 610.770658 203.343060
-139.841828 612.184031 203.665309
-139.888712 613.744441 204.017466
-139.941522 615.168878 204.334324
-140.004108 616.600349 204.648669
-140.084527 618.180429 204.992102
-140.169112 619.624199 205.305091
-140.265250 621.075486 205.620045
-140.384610 622.682213 205.968596
-140.505055 624.145228 206.285926
-140.638180 625.614394 206.602504
-140.800705 627.234353 206.947966
-140.964010 628.712818 207.260702
-141.160710 630.345343 207.605234
-141.355631 631.832472 207.920167
-141.567724 633.323309 208.237055
-141.823137 634.966609 208.585749
-142.076993 636.462111 208.901071
-142.352944 637.964697 209.216406
-142.680656 639.613997 209.561072
-143.003269 641.120207 209.873884
-143.384996 642.783467 210.216828
-143.756513 644.299226 210.526821
-144.152413 645.818704 210.834269
-144.614368 647.494202 211.170607
-145.057066 649.024109 211.477289
-145.519992 650.556784 211.784458
-146.054433 652.248606 212.127487
-146.565262 653.795157 212.445323
-147.097457 655.340270 212.759366
-147.711075 657.051214 213.098212
-148.291759 658.614462 213.402367
-148.953130 660.342872 213.737691
-149.571972 661.920295 214.044067
-150.203760 663.508134 214.351814
-150.907257 665.271457 214.692254
-151.550881 666.886842 215.002462
-152.199222 668.516103 215.313371
-152.917315 670.319836 215.653766
-153.578867 671.977811 215.961924
-154.247787 673.653102 216.268648
-154.991140 675.521072 216.604503
-155.673753 677.245212 216.908688
-156.358763 678.983455 217.210057
-157.118020 680.923105 217.540810
-157.808177 682.707800 217.840695
-158.496859 684.519773 218.139941
-159.248539 686.542003 218.466731
-159.922930 688.400014 218.760855
-160.591573 690.282142 219.054133
-161.319851 692.380404 219.378204
-161.974430 694.318059 219.673863
-162.687042 696.486107 219.992316
-163.327733 698.486721 220.273257
-163.962153 700.521089 220.552295
-164.652163 702.801534 220.860473
-165.272719 704.916924 221.141119
-165.886840 707.072019 221.420898
-166.547214 709.470863 221.727792
-167.135848 711.700092 222.011604
-167.712574 713.977303 222.298859
-168.334347 716.531440 222.613008
-168.888367 718.888317 222.890962
-169.483201 721.508218 223.192042
-170.009987 723.917004 223.468399
-170.524892 726.345814 223.746444
-171.081143 729.033758 224.052388
-171.578848 731.489977 224.325568
-172.117111 734.201730 224.616391
-172.595618 736.670966 224.878367
-173.106675 739.388806 225.179056
-173.557341 741.864851 225.468527
-173.994451 744.335784 225.762739
-174.463423 747.063089 226.082285
-174.877712 749.545171 226.367043
-175.319494 752.280806 226.677349
-175.707914 754.774142 226.959121
-176.080656 757.256100 227.240517
-176.474195 759.989996 227.551301
-176.815670 762.473669 227.834506
-177.142148 764.954982 228.119267
-177.484913 767.681572 228.430808
-177.780945 770.155438 228.707814
-178.061733 772.627477 228.981373
-178.352453 775.341743 229.285014
-178.602205 777.808980 229.565458
-178.864533 780.522319 229.875677
-179.095366 782.985264 230.154290
-179.321362 785.449403 230.429365
-179.564264 788.161276 230.726821
-179.780259 790.626752 230.993389
-179.991583 793.089550 231.263022
-180.219703 795.798855 231.565036
-180.424613 798.265218 231.843196
-180.648734 800.972740 232.150305
-180.854284 803.441927 232.429459
-181.061962 805.905101 232.707313
-181.294723 808.624684 233.014087
-181.509641 811.098749 233.292870
-181.728036 813.571677 233.570900
-181.973380 816.301096 233.876970
-182.199157 818.773782 234.154052
-182.428085 821.252310 234.431518
-182.681993 823.984044 234.738884
-182.914932 826.470873 235.020061
-183.175436 829.219038 235.327500
-183.413951 831.712071 235.600101
-183.656197 834.212989 235.871797
-183.927097 836.964451 236.174590
-184.175600 839.466474 236.450923
-184.426352 841.974212 236.727246
-184.704295 844.724333 237.034696
-184.959773 847.223915 237.312848
-185.218480 849.724326 237.583954
-185.505634 852.474472 237.882077
-185.768313 854.973169 238.157471
-186.058737 857.712278 238.461843
-186.325612 860.204575 238.737795
-186.594324 862.685587 239.011529
-186.893579 865.411445 239.311521
-187.168608 867.880358 239.583357
-187.447300 870.344958 239.855035
-187.757865 873.051765 240.153344
-188.043391 875.506924 240.425178
-188.361289 878.205381 240.727449
-188.652432 880.647857 241.003751
-188.946659 883.087780 241.281292
-189.273974 885.764930 241.586491
-189.576643 888.194049 241.862962
-189.887383 890.618206 242.138469
-190.243998 893.277866 242.440486
-190.586496 895.691683 242.711913
-190.948802 898.105100 242.981281
-191.369582 900.757722 243.280455
-191.774387 903.172900 243.555100
-192.243039 905.820674 243.856028
-192.691997 908.231016 244.129371
-193.163217 910.644479 244.402793
-193.708272 913.303156 244.707135
-194.230455 915.728251 244.985689
-194.777110 918.153483 245.260390
-195.402805 920.830905 245.558463
-195.983423 923.270368 245.825952
-196.568870 925.714063 246.093033
-197.217794 928.414978 246.389277
-197.809828 930.873479 246.658480
-198.464077 933.580643 246.952982
-199.064419 936.054375 247.219546
-199.669069 938.536847 247.485043
-200.335435 941.265303 247.776425
-200.944022 943.754013 248.042490
-201.550958 946.248235 248.310058
-202.212820 949.000678 248.606529
-202.808564 951.509279 248.876978
-203.455941 954.269666 249.175147
-204.037433 956.783100 249.447022
-204.612656 959.303230 249.717917
-205.237769 962.083473 250.014584
-205.797735 964.613913 250.284960
-206.348685 967.142985 250.556804
-206.944566 969.926715 250.856034
-207.475147 972.459403 251.128576
-208.044289 975.244397 251.429278
-208.550358 977.784802 251.703183
-209.042142 980.311829 251.974011
-209.573763 983.100649 252.266935
-210.047675 985.632003 252.526269
-210.513951 988.164377 252.777510
-211.012156 990.952463 253.043913
-211.444640 993.483621 253.290662
-211.858209 996.008041 253.557208
-212.295513 998.782813 253.861594
-212.681195 1001.299535 254.125768
-213.095182 1004.060577 254.396719
-213.459213 1006.569690 254.634492
-213.807924 1009.074824 254.878702
-214.171805 1011.831068 255.168207
-214.485663 1014.334910 255.442671
-214.787007 1016.824325 255.710715
-215.108792 1019.558220 255.993173
-215.390005 1022.027691 256.245631
-215.683427 1024.732644 256.537455
-215.934132 1027.189351 256.821055
-216.170317 1029.629119 257.109654
-216.420947 1032.312656 257.421262
-216.643052 1034.743658 257.690225
-216.860761 1037.170123 257.951083
-217.094898 1039.835211 258.241806
-217.303465 1042.250421 258.512455
-217.510400 1044.668112 258.787295
-217.736768 1047.327182 259.087397
-217.941918 1049.747207 259.359304
-218.167933 1052.411654 259.660410
-218.375122 1054.833485 259.930860
-218.585905 1057.257922 260.196047
-218.820620 1059.925219 260.489879
-219.034921 1062.354417 260.767134
-219.249607 1064.789939 261.052625
-219.487546 1067.473843 261.364779
-219.707550 1069.919414 261.640830
-219.932018 1072.375955 261.910706
-220.183022 1075.085441 262.207131
-220.412564 1077.539854 262.480109
-220.667001 1080.243635 262.784829
-220.899589 1082.705087 263.064683
-221.133103 1085.168284 263.346280
-221.391503 1087.883905 263.653670
-221.628730 1090.353599 263.926154
-221.871575 1092.834024 264.189023
-222.144029 1095.568883 264.471646
-222.395505 1098.061105 264.729758
-222.649424 1100.558114 264.993694
-222.929667 1103.301010 265.288825
-223.187946 1105.800376 265.554659
-223.477484 1108.551345 265.840401
-223.745620 1111.054722 266.096328
-224.018332 1113.562129 266.349799
-224.323589 1116.323126 266.627156
-224.605783 1118.835396 266.878134
-224.892755 1121.347522 267.127503
-225.214184 1124.111281 267.403967
-225.511050 1126.628111 267.657517
-225.840387 1129.387539 267.938630
-226.143731 1131.896134 268.200039
-226.453109 1134.401000 268.461904
-226.805264 1137.162587 268.743843
-227.137122 1139.672236 268.993669
-227.481073 1142.176550 269.240785
-227.875198 1144.936298 269.514210
-228.248566 1147.453321 269.765740
-228.634922 1149.960357 270.018726
-229.080415 1152.716676 270.297567
-229.506841 1155.223721 270.547481
-229.999898 1157.986215 270.816006
-230.468470 1160.500804 271.061223
-230.955244 1163.016370 271.316421
-231.512367 1165.780913 271.599801
-232.041937 1168.305204 271.852151
-232.593750 1170.833356 272.097024
-233.226672 1173.619529 272.360127
-233.823415 1176.161708 272.600122
-234.434557 1178.700947 272.843156
-235.124282 1181.505161 273.118904
-235.762832 1184.054087 273.375178
-236.479570 1186.864985 273.655957
-237.144720 1189.425358 273.906431
-237.822282 1191.988707 274.153076
-238.581851 1194.817381 274.423066
-239.283003 1197.402190 274.669245
-239.990185 1199.998087 274.915979
-240.774299 1202.871860 275.188060
-241.492806 1205.501731 275.435614
-242.218081 1208.152232 275.682652
-243.023377 1211.092978 275.954106
-243.760590 1213.787541 276.200455
-244.503335 1216.510492 276.445513
-245.323746 1219.533734 276.711694
-246.073783 1222.314715 276.953557
-246.825908 1225.127009 277.195586
-247.651607 1228.256056 277.461517
-248.399250 1231.131174 277.702933
-249.143989 1234.037399 277.942685
-249.957060 1237.272453 278.203917
-250.688905 1240.250023 278.437722
-251.487230 1243.573442 278.692106
-252.203335 1246.622219 278.923273
-252.912831 1249.706979 279.158557
-253.682395 1253.135607 279.417559
-254.371470 1256.289108 279.648697
-255.051811 1259.487431 279.874927
-255.785276 1263.034284 280.120416
-256.442359 1266.300880 280.345620
-257.151651 1269.921198 280.592956
-257.785766 1273.237568 280.817626
-258.410845 1276.572469 281.041895
-259.088697 1280.251116 281.289404
-259.696974 1283.607710 281.516931
-260.356685 1287.306894 281.759050
-260.947432 1290.678667 281.973031
-261.527136 1294.065672 282.195612
-262.148717 1297.803962 282.451196
-262.700125 1301.212947 282.685406
-263.291977 1304.972032 282.940918
-263.816115 1308.402097 283.174153
-264.326800 1311.837073 283.407393
-264.873554 1315.618479 283.663364
-265.357114 1319.060489 283.897378
-265.827596 1322.505409 284.132747
-266.330638 1326.302176 284.391909
-266.774677 1329.755423 284.625000
-267.249780 1333.562128 284.879191
-267.669009 1337.021520 285.106568
-268.077053 1340.488565 285.332279
-268.511296 1344.303729 285.581922
-268.892406 1347.772190 285.812750
-269.260430 1351.237762 286.049860
-269.653278 1355.052065 286.313334
-270.001359 1358.515129 286.550196
-270.377078 1362.329926 286.808050
-270.711507 1365.782882 287.040924
-271.041926 1369.238312 287.275062
-271.401168 1373.036467 287.530562
-271.724947 1376.484638 287.761509
-272.047864 1379.930358 287.993798
-272.404821 1383.715328 288.243876
-272.732781 1387.154192 288.463271
-273.062921 1390.590649 288.679097
-273.428344 1394.371722 288.918455
-273.762105 1397.801709 289.141030
-274.130556 1401.558664 289.386655
-274.468184 1404.977689 289.608562
-274.806695 1408.394672 289.830805
-275.178623 1412.156386 290.075507
-275.513929 1415.563038 290.295877
-275.847514 1418.969797 290.516531
-276.211245 1422.712693 290.760154
-276.539162 1426.107334 290.980879
-276.865740 1429.501987 291.199982
-277.222283 1433.213798 291.438128
-277.546363 1436.586829 291.653516
-277.901756 1440.291356 291.891265
-278.223893 1443.659633 292.111650
-278.547679 1447.032160 292.334889
-278.907927 1450.733181 292.574119
-279.241774 1454.099918 292.780956
-279.581154 1457.465282 292.986810
-279.956324 1461.161230 293.222125
-280.297867 1464.523399 293.442665
-280.673732 1468.205014 293.688431
-281.019087 1471.555549 293.912532
-281.367996 1474.904194 294.134073
-281.756779 1478.588793 294.377559
-282.111153 1481.916814 294.599116
-282.467693 1485.247550 294.822496
-282.863886 1488.909000 295.069874
-283.227228 1492.235171 295.291421
-283.591754 1495.556356 295.510150
-283.992209 1499.200777 295.758725
-284.356341 1502.515389 295.990828
-284.759815 1506.157594 296.240242
-285.129398 1509.468703 296.461708
-285.499549 1512.782664 296.683411
-285.903384 1516.411088 296.931361
-286.269275 1519.713570 297.162390
-286.634940 1523.016698 297.391859
-287.037309 1526.658109 297.638315
-287.400452 1529.977890 297.862400
-287.793776 1533.623603 298.109609
-288.147541 1536.944916 298.336037
-288.498319 1540.258304 298.558305
-288.884136 1543.896613 298.794196
-289.233191 1547.203265 299.008120
-289.577282 1550.508165 299.228074
-289.949933 1554.147615 299.479528
-290.284664 1557.456087 299.709169
-290.650762 1561.092747 299.954626
-290.983000 1564.395688 300.171868
-291.314093 1567.691629 300.386679
-291.676991 1571.316542 300.623434
-292.003591 1574.611219 300.842754
-292.326042 1577.899720 301.066329
-292.680414 1581.516822 301.306131
-293.003785 1584.802611 301.514077
-293.328972 1588.085967 301.720346
-293.688322 1591.693131 301.952969
-294.016476 1594.977367 302.168616
-294.378036 1598.578081 302.404142
-294.709113 1601.858374 302.618868
-295.042716 1605.142982 302.832729
-295.413412 1608.757156 303.060797
-295.753180 1612.049390 303.263155
-296.092544 1615.332209 303.465744
-296.466512 1618.953981 303.693325
-296.803462 1622.251655 303.903358
-297.170127 1625.883385 304.131135
-297.502609 1629.192003 304.331266
-297.834696 1632.486653 304.526395
-298.201249 1636.120848 304.743033
-298.530229 1639.417413 304.946061
-298.854311 1642.717748 305.163156
-299.204778 1646.353081 305.412114
-299.520645 1649.658994 305.632256
-299.869894 1653.297258 305.861814
-300.192623 1656.603189 306.060835
-300.521739 1659.905731 306.254327
-300.888341 1663.536502 306.469155
-301.223131 1666.832072 306.668370
-301.559588 1670.128365 306.868791
-301.932220 1673.752266 307.091737
-302.274142 1677.050991 307.297530
-302.618224 1680.336379 307.502219
-303.003136 1683.956192 307.724357
-303.358709 1687.248516 307.922273
-303.755517 1690.866635 308.138856
-304.122603 1694.160368 308.339151
-304.495371 1697.442273 308.540759
-304.916225 1701.054458 308.762031
-305.310555 1704.338102 308.962589
-305.718339 1707.620975 309.160305
-306.184095 1711.236915 309.374828
-306.620834 1714.520490 309.568489
-307.069395 1717.806966 309.763490
-307.576512 1721.433003 309.980326
-308.050492 1724.737423 310.173408
-308.584782 1728.370740 310.386818
-309.079613 1731.670209 310.589988
-309.584043 1734.968992 310.796131
-310.154905 1738.596262 311.019033
-310.689029 1741.881588 311.217364
-311.240151 1745.166015 311.414301
-311.866892 1748.775741 311.631963
-312.456545 1752.054944 311.828491
-313.066218 1755.331361 312.022835
-313.761475 1758.932170 312.237432
-314.416458 1762.204502 312.433824
-315.159625 1765.795923 312.649038
-315.857503 1769.064196 312.843666
-316.576176 1772.335196 313.038776
-317.391203 1775.934132 313.254045
-318.154980 1779.205464 313.449856
-318.940950 1782.479237 313.645486
-319.832743 1786.092356 313.859391
-320.667498 1789.382375 314.052967
-321.526340 1792.679008 314.247162
-322.488512 1796.306394 314.459448
-323.371890 1799.615231 314.651232
-324.261126 1802.938381 314.842476
-325.245526 1806.607532 315.051661
-326.148620 1809.964402 315.242079
-327.145715 1813.665150 315.451192
-328.059593 1817.055064 315.641526
-328.979756 1820.465813 315.830864
-329.998618 1824.242274 316.037034
-330.926086 1827.697747 316.223018
-331.844729 1831.161641 316.407483
-332.844054 1834.996592 316.611441
-333.740285 1838.506917 316.799518
-334.622841 1842.035754 316.989490
-335.579799 1845.945288 317.199325
-336.435990 1849.516758 317.388228
-337.282718 1853.118643 317.574023
-338.202195 1857.115063 317.775768
-339.026089 1860.778494 317.957724
-339.839327 1864.475844 318.137090
-340.717979 1868.568410 318.332651
-341.503454 1872.321955 318.514235
-342.351973 1876.487000 318.719784
-343.110930 1880.316136 318.908068
-343.853997 1884.162849 319.091672
-344.657745 1888.435395 319.292453
-345.375093 1892.354277 319.479111
-346.078532 1896.296946 319.668217
-346.840518 1900.668495 319.873027
-347.521024 1904.657317 320.053949
-348.257695 1909.070011 320.247804
-348.916384 1913.094962 320.422159
-349.564237 1917.129403 320.605949
-350.264562 1921.579194 320.820033
-350.892139 1925.631177 321.016129
-351.573820 1930.087304 321.226542
-352.187579 1934.143243 321.410555
-352.794853 1938.200832 321.590517
-353.453392 1942.677150 321.789709
-354.037525 1946.730384 321.974326
-354.612425 1950.796461 322.170325
-355.233161 1955.264595 322.391035
-355.790299 1959.330948 322.584728
-356.395628 1963.806522 322.789029
-356.937715 1967.875887 322.970800
-357.471103 1971.946374 323.153480
-358.048879 1976.431201 323.357611
-358.566676 1980.520064 323.545012
-359.075243 1984.607455 323.732433
-359.621801 1989.083727 323.937980
-360.111056 1993.166579 324.126769
-360.641190 1997.657794 324.333612
-361.118633 2001.750238 324.518981
-361.591058 2005.838036 324.700071
-362.106877 2010.341853 324.899463
-362.572758 2014.439145 325.085734
-363.039313 2018.547720 325.274327
-363.555597 2023.079589 325.478760
-364.024915 2027.189812 325.660817
-364.496449 2031.316921 325.843311
-365.017618 2035.863365 326.044483
-365.494641 2040.005454 326.221333
-366.022473 2044.571026 326.408263
-366.504008 2048.724530 326.581964
-366.987130 2052.884556 326.763323
-367.519906 2057.467197 326.970281
-368.008372 2061.635540 327.155835
-368.504099 2065.807279 327.333425
-369.053019 2070.387256 327.526710
-369.556539 2074.557245 327.703635
-370.117784 2079.142692 327.899588
-370.636430 2083.314469 328.078879
-371.162935 2087.481514 328.258606
-371.753445 2092.059807 328.459208
-372.301134 2096.220257 328.645997
-372.857590 2100.372501 328.835111
-373.484683 2104.943181 329.047907
-374.067788 2109.078889 329.242158
-374.667834 2113.222746 329.432458
-375.346841 2117.775001 329.638395
-375.982582 2121.906085 329.827444
-376.705513 2126.452971 330.037461
-377.380955 2130.563020 330.224533
-378.078674 2134.674929 330.410344
-378.871234 2139.186443 330.618404
-379.614785 2143.278912 330.810496
-380.379555 2147.376504 331.002543
-381.231823 2151.856647 331.209987
-382.016636 2155.934717 331.397980
-382.885169 2160.412912 331.605482
-383.678865 2164.481058 331.795358
-384.474926 2168.541941 331.982701
-385.353490 2173.003653 332.186180
-386.154588 2177.055505 332.375228
-386.958276 2181.102003 332.570834
-387.846712 2185.547606 332.787850
-388.659173 2189.593813 332.979604
-389.472798 2193.638345 333.165090
-390.373439 2198.087059 333.364469
-391.199420 2202.130412 333.544623
-392.114114 2206.580864 333.743393
-392.950269 2210.625321 333.914683
-393.791754 2214.674710 334.077767
-394.721462 2219.140106 334.267484
-395.569440 2223.212705 334.449481
-396.422718 2227.306195 334.631784
-397.364572 2231.817432 334.831752
-398.223474 2235.931868 335.014440
-399.086185 2240.066891 335.196939
-400.040032 2244.640651 335.398147
-400.912200 2248.826209 335.584337
-401.787919 2253.027943 335.768067
-402.758077 2257.678803 335.963512
-403.645427 2261.931896 336.140104
-404.625880 2266.635710 336.335607
-405.523527 2270.944858 336.512682
-406.424161 2275.272284 336.685920
-407.419204 2280.072233 336.874449
-408.324367 2284.465426 337.046305
-409.229180 2288.884543 337.220536
-410.223845 2293.779509 337.420211
-411.126806 2298.258116 337.606600
-412.031637 2302.770315 337.791175
-413.028943 2307.765749 337.988858
-413.937799 2312.335461 338.163256
-414.939167 2317.395033 338.353481
-415.849687 2322.022583 338.526856
-416.761757 2326.682946 338.700074
-417.765234 2331.838992 338.889704
-418.678063 2336.556097 339.061543
-419.588281 2341.288945 339.232707
-420.589185 2346.521132 339.421025
-421.499723 2351.294815 339.591678
-422.503378 2356.556973 339.777915
-423.419134 2361.352154 339.945209
-424.333235 2366.131568 340.110542
-425.342542 2371.399190 340.296612
-426.263107 2376.196101 340.469118
-427.276579 2381.460950 340.657768
-428.204142 2386.256332 340.829150
-429.131461 2391.026849 341.000609
-430.159288 2396.281827 341.190570
-431.099725 2401.047314 341.364774
-432.143958 2406.285468 341.558238
-433.102227 2411.036593 341.735921
-434.069716 2415.750098 341.916664
-435.157074 2420.917053 342.113129
-436.165579 2425.597022 342.284645
-437.288136 2430.731502 342.467259
-438.314937 2435.395899 342.626934
-439.341984 2440.043530 342.782438
-440.473778 2445.130812 342.958171
-441.506295 2449.724663 343.127715
-442.649307 2454.754109 343.319058
-443.689763 2459.287653 343.489384
-444.737475 2463.814643 343.657014
-445.894519 2468.773669 343.838956
-446.948484 2473.263406 344.003670
-448.108068 2478.185875 344.184760
-449.158582 2482.639939 344.347679
-450.203708 2487.082622 344.509073
-451.344271 2491.951403 344.690585
-452.371723 2496.355356 344.862357
-453.391542 2500.749149 345.036209
-454.500011 2505.554009 345.222694
-455.499042 2509.914278 345.387768
-456.488571 2514.266499 345.549633
-457.563195 2519.041669 345.726448
-458.527351 2523.377507 345.888553
-459.477718 2527.705566 346.052671
-460.506236 2532.458533 346.237241
-461.425747 2536.773613 346.408596
-462.328831 2541.077015 346.581544
-463.306908 2545.817142 346.773421
-464.176402 2550.106599 346.948471
-465.117021 2554.835059 347.142733
-465.956205 2559.136110 347.318428
-466.780980 2563.439888 347.491307
-467.672092 2568.176535 347.678544
-468.466855 2572.480601 347.847251
-469.248096 2576.786859 348.015535
-470.091928 2581.528327 348.201001
-470.844191 2585.841365 348.369848
-471.579626 2590.140436 348.539204
-472.375784 2594.886830 348.729624
-473.083571 2599.186740 348.904434
-473.850265 2603.924259 349.097244
-474.538558 2608.239016 349.271686
-475.216456 2612.538561 349.445170
-475.955631 2617.273650 349.635427
-476.621351 2621.577107 349.807501
-477.280590 2625.880574 349.979908
-477.998186 2630.617487 350.169819
-478.641968 2634.920058 350.342557
-479.278820 2639.226544 350.514448
-479.971083 2643.964998 350.703480
-480.592538 2648.274703 350.877426
-481.267572 2653.014870 351.071987
-481.873681 2657.321526 351.251557
-482.473030 2661.627812 351.433116
-483.125731 2666.367165 351.634966
-483.714330 2670.676120 351.817632
-484.300956 2674.994980 351.997436
-484.941937 2679.735273 352.191753
-485.525945 2684.061347 352.367752
-486.110784 2688.389881 352.543676
-486.755742 2693.160036 352.738672
-487.343975 2697.505585 352.918743
-487.992742 2702.287514 353.120390
-488.584336 2706.640095 353.304421
-489.176806 2710.995991 353.486684
-489.831690 2715.798645 353.687863
-490.430059 2720.151951 353.867098
-491.036646 2724.518794 354.035747
-491.710798 2729.330218 354.213887
-492.327114 2733.706499 354.381410
-493.006473 2738.529027 354.575260
-493.622687 2742.905545 354.758194
-494.243175 2747.296137 354.945753
-494.932203 2752.124177 355.144227
-495.565816 2756.511419 355.314599
-496.206128 2760.912219 355.483808
-496.911247 2765.738732 355.674039
-497.557277 2770.140376 355.852001
-498.207715 2774.546572 356.029871
-498.928864 2779.397721 356.220614
-499.589550 2783.813252 356.391469
-500.320115 2788.671816 356.581310
-500.988045 2793.094963 356.756286
-501.659451 2797.519330 356.933256
-502.405076 2802.394340 357.128737
-503.091660 2806.832889 357.304877
-503.787520 2811.265753 357.478960
-504.570335 2816.154347 357.669489
-505.298032 2820.599806 357.842023
-506.121012 2825.509646 358.031588
-506.882220 2829.956800 358.202619
-507.654449 2834.414785 358.373624
-508.510035 2839.321024 358.561092
-509.292282 2843.785157 358.732337
-510.080016 2848.259459 358.904255
-510.947540 2853.163100 359.092251
-511.741294 2857.625372 359.264078
-512.541391 2862.090378 359.437143
-513.430170 2867.000720 359.628417
-514.249294 2871.465822 359.801578
-515.165643 2876.373098 359.989016
-516.016524 2880.840740 360.157995
-516.883178 2885.304335 360.327967
-517.857146 2890.215964 360.517967
-518.762065 2894.680562 360.692667
-519.685747 2899.141507 360.868007
-520.726213 2904.051026 361.061158
-521.693157 2908.512433 361.235451
-522.678177 2912.972734 361.408232
-523.779464 2917.874476 361.597684
-524.795707 2922.322854 361.769587
-525.932248 2927.213367 361.956977
-526.983423 2931.659667 362.125864
-528.050730 2936.101262 362.294991
-529.243883 2940.985437 362.482327
-530.344942 2945.421502 362.653056
-531.462557 2949.856441 362.823107
-532.711141 2954.728240 363.009440
-533.867597 2959.160950 363.179026
-535.155951 2964.018496 363.365023
-536.345366 2968.435253 363.534365
-537.553767 2972.856464 363.703601
-538.905634 2977.718648 363.888065
-540.159946 2982.148693 364.054435
-541.432893 2986.566397 364.219601
-542.860660 2991.427730 364.400581
-544.177726 2995.843447 364.563572
-545.505543 3000.264469 364.725620
-546.969243 3005.125111 364.906473
-548.299862 3009.536963 365.074703
-549.766097 3014.394122 365.260168
-551.101842 3018.814239 365.426043
-552.438951 3023.233904 365.589001
-553.914460 3028.107750 365.766906
-555.250777 3032.519497 365.927675
-556.588654 3036.940178 366.088416
-558.053477 3041.807474 366.263451
-559.370907 3046.230845 366.421435
-560.798878 3051.091706 366.596832
-562.076821 3055.508037 366.759138
-563.335946 3059.921853 366.923615
-564.699631 3064.770711 367.105380
-565.921009 3069.172614 367.270547
-567.125227 3073.566989 367.435824
-568.428776 3078.386961 367.617335
-569.595875 3082.762782 367.782008
-570.858738 3087.563502 367.963354
-571.987982 3091.910649 368.128836
-573.099462 3096.237666 368.295081
-574.301470 3100.970115 368.477943
-575.378113 3105.253177 368.643075
-576.439058 3109.512511 368.807357
-577.589059 3114.182532 368.990841
-578.612295 3118.392874 369.161385
-579.716643 3122.996753 369.350888
-580.699979 3127.149099 369.521947
-581.665379 3131.275955 369.693288
-582.704643 3135.791053 369.884297
-583.624929 3139.867745 370.059709
-584.525217 3143.928359 370.235542
-585.491894 3148.368155 370.427456
-586.350107 3152.384012 370.599079
-587.191150 3156.392429 370.768536
-588.091400 3160.772767 370.954353
-588.891289 3164.752250 371.123507
-589.672619 3168.724657 371.292516
-590.510056 3173.081588 371.480625
-591.252799 3177.035275 371.652763
-591.977504 3180.980088 371.824456
-592.754766 3185.319055 372.012544
-593.443119 3189.262082 372.182031
-594.114493 3193.205094 372.350901
-594.833552 3197.547819 372.536470
-595.468268 3201.494665 372.704601
-596.147478 3205.843675 372.888961
-596.747425 3209.801333 373.056056
-597.330629 3213.765547 373.223175
-597.951914 3218.125858 373.407022
-598.500265 3222.097362 373.574810
-599.033641 3226.076360 373.743870
-599.604544 3230.457519 373.932923
-600.111950 3234.455744 374.107817
-600.605719 3238.453292 374.282449
-601.133735 3242.863329 374.474315
-601.600196 3246.883656 374.649933
-602.098835 3251.317608 374.843746
-602.539127 3255.355544 375.018462
-602.967350 3259.394289 375.192902
-603.427334 3263.846921 375.387111
-603.837270 3267.901886 375.564210
-604.239991 3271.961239 375.739692
-604.676184 3276.444095 375.930481
-605.064937 3280.513236 376.102614
-605.448695 3284.596861 376.275661
-605.864725 3289.097043 376.465381
-606.238010 3293.191971 376.636966
-606.644508 3297.703553 376.825246
-607.010111 3301.810832 376.995877
-607.370692 3305.917593 377.166107
-607.762009 3310.444618 377.353760
-608.113480 3314.574399 377.523657
-608.458690 3318.688872 377.691219
-608.834387 3323.227684 377.875370
-609.171847 3327.356969 378.042404
-609.505417 3331.490539 378.209516
-609.866352 3336.037692 378.395144
-610.188116 3340.171285 378.565548
-610.535070 3344.717747 378.751184
-610.844622 3348.853761 378.916431
-611.148656 3352.993369 379.078543
-611.476980 3357.554914 379.254653
-611.768611 3361.690265 379.413665
-612.054998 3365.833430 379.574474
-612.363870 3370.393871 379.754311
-612.638970 3374.537394 379.919500
-612.909341 3378.692493 380.086927
-613.199805 3383.255143 380.272941
-613.458399 3387.413794 380.445042
-613.736400 3391.994635 380.636786
-613.984537 3396.162551 380.809630
-614.229799 3400.340000 380.978770
-614.494583 3404.926650 381.164026
-614.731676 3409.107785 381.337033
-614.964772 3413.291125 381.513912
-615.216885 3417.898623 381.710887
-615.443656 3422.091691 381.887745
-615.691838 3426.709218 382.077717
-615.915962 3430.913366 382.248827
-616.138439 3435.123745 382.420497
-616.381419 3439.765714 382.610782
-616.599762 3443.977287 382.784629
-616.818233 3448.202827 382.960426
-617.059925 3452.858114 383.153752
-617.280728 3457.092656 383.328538
-617.503380 3461.341072 383.502914
-617.749726 3466.006620 383.692467
-617.976213 3470.261429 383.864312
-618.205141 3474.521183 384.035234
-618.459700 3479.212227 384.222759
-618.694035 3483.487469 384.395193
-618.954765 3488.187257 384.585480
-619.195359 3492.471028 384.758273
-619.438855 3496.758452 384.930997
-619.709299 3501.478682 385.122069
-619.958000 3505.782128 385.295856
-620.210662 3510.083643 385.464029
-620.495390 3514.822756 385.640718
-620.759635 3519.134850 385.798089
-621.028523 3523.459275 385.957289
-621.328843 3528.217398 386.135203
-621.607036 3532.545556 386.298144
-621.920569 3537.314015 386.477110
-622.214204 3541.654724 386.638632
-622.518318 3546.000029 386.798659
-622.868190 3550.800101 386.976323
-623.199236 3555.153376 387.139483
-623.545851 3559.525346 387.304741
-623.945416 3564.335063 387.488626
-624.328201 3568.723867 387.657145
-624.728031 3573.097048 387.825964
-625.190908 3577.919816 388.013919
-625.631679 3582.306727 388.186049
-626.136744 3587.134356 388.375968
-626.613734 3591.538297 388.548783
-627.104252 3595.927402 388.721142
-627.664764 3600.765038 388.912469
-628.195606 3605.166001 389.087750
-628.748537 3609.569705 389.263708
-629.385359 3614.428177 389.458029
-629.987402 3618.829995 389.633522
-630.679463 3623.687181 389.825395
-631.335072 3628.110717 389.998996
-632.014528 3632.531275 390.171722
-632.790602 3637.401064 390.361112
-633.520319 3641.829313 390.532544
-634.273302 3646.263228 390.703528
-635.128051 3651.142320 390.889382
-635.930463 3655.584180 391.055216
-636.758980 3660.044334 391.220165
-637.693281 3664.937678 391.399632
-638.569400 3669.412244 391.562389
-639.467648 3673.903076 391.724953
-640.483409 3678.876564 391.902302
-641.425132 3683.399998 392.060345
-642.486764 3688.413691 392.232103
-643.472735 3693.002427 392.385928
-644.474716 3697.618021 392.538299
-645.592247 3702.732931 392.705465
-646.615072 3707.401053 392.856272
-647.645514 3712.103088 393.005398
-648.784986 3717.307723 393.166893
-649.826971 3722.070919 393.311872
-650.876818 3726.875207 393.455734
-652.030189 3732.165448 393.611152
-653.085590 3737.014988 393.752312
-654.146480 3741.891617 393.893529
-655.318657 3747.284667 394.045835
-656.390024 3752.223953 394.180393
-657.460875 3757.172374 394.311614
-658.644773 3762.664636 394.455865
-659.722307 3767.687765 394.587078
-660.910098 3773.244334 394.731043
-661.994121 3778.331085 394.861988
-663.079923 3783.442841 394.993427
-664.276541 3789.097558 395.136995
-665.364332 3794.265231 395.265883
-666.451605 3799.464077 395.393946
-667.645750 3805.210399 395.534791
-668.727227 3810.445631 395.666126
-669.913013 3816.230472 395.817633
-670.984693 3821.503745 395.957842
-672.050778 3826.791804 396.089292
-673.213038 3832.611769 396.226675
-674.260841 3837.915192 396.359103
-675.401616 3843.756892 396.515954
-676.428014 3849.076197 396.662120
-677.445485 3854.408946 396.804971
-678.548873 3860.259498 396.956537
-679.541813 3865.587901 397.092968
-680.620375 3871.450390 397.242724
-681.587855 3876.781920 397.377886
-682.544287 3882.126543 397.513328
-683.578611 3887.995250 397.662886
-684.504664 3893.332867 397.799454
-685.417204 3898.674859 397.936090
-686.405274 3904.557812 398.086474
-687.289868 3909.918410 398.223426
-688.155969 3915.258636 398.359124
-689.095172 3921.159933 398.508741
-689.933571 3926.533582 398.645088
-690.838013 3932.452641 398.793800
-691.645428 3937.851217 398.927975
-692.438267 3943.262856 399.060090
-693.294900 3949.231664 399.202229
-694.061556 3954.671751 399.330924
-694.819461 3960.128328 399.457767
-695.645953 3966.146813 399.596986
-696.392519 3971.626291 399.728318
-697.211764 3977.667648 399.878361
-697.956435 3983.165500 400.016111
-698.703973 3988.674695 400.153047
-699.526721 3994.719962 400.302252
-700.277856 4000.217289 400.436671
-701.032584 4005.714693 400.570621
-701.866468 4011.756472 400.718722
-702.629153 4017.252407 400.855211
-703.467008 4023.254111 401.005705
-704.235270 4028.717253 401.142280
-705.007379 4034.169104 401.276251
-705.859804 4040.154626 401.421723
-706.637445 4045.589322 401.554877
-707.416171 4051.009957 401.689958
-708.274131 4056.964123 401.839345
-709.054462 4062.366254 401.974248
-709.835765 4067.762833 402.109208
-710.695633 4073.696596 402.256793
-711.474307 4079.082212 402.389886
-712.326103 4085.007377 402.537138
-713.094587 4090.395363 402.672900
-713.855833 4095.782897 402.810522
-714.684611 4101.714616 402.963146
-715.429256 4107.107336 403.102446
-716.166831 4112.504230 403.241644
-716.972127 4118.448112 403.393988
-717.701742 4123.862675 403.531050
-718.429450 4129.269217 403.666417
-719.231561 4135.223329 403.814402
-719.961585 4140.634728 403.948903
-720.766460 4146.588045 404.098654
-721.500642 4152.000568 404.236194
-722.235788 4157.396634 404.373148
-723.046670 4163.321722 404.523942
-723.784079 4168.690074 404.664176
-724.523199 4174.044317 404.809725
-725.339732 4179.911533 404.971505
-726.083815 4185.215163 405.113988
-726.907684 4191.036861 405.266989
-727.660310 4196.306381 405.405354
-728.415764 4201.560836 405.543082
-729.250066 4207.323628 405.696135
-730.009536 4212.537930 405.833635
-730.769211 4217.742229 405.967054
-731.601125 4223.449547 406.115564
-732.353721 4228.630730 406.253359
-733.104252 4233.807610 406.389213
-733.930071 4239.493404 406.528775
-734.683401 4244.661079 406.643962
-735.436518 4249.824776 406.753943
-736.262025 4255.510700 406.882516
-737.006605 4260.680945 407.012595
-737.819404 4266.370227 407.164050
-738.554394 4271.546738 407.302515
-739.286559 4276.728722 407.438174
-740.087282 4282.420261 407.582814
-740.810501 4287.581240 407.709975
-741.530330 4292.744325 407.833589
-742.315376 4298.414426 407.970550
-743.022471 4303.552515 408.099659
-743.725847 4308.686899 408.230413
-744.491585 4314.309078 408.372960
-745.179976 4319.414976 408.509155
-745.926175 4325.022956 408.670820
-746.595449 4330.112594 408.820922
-747.260028 4335.204545 408.966431
-747.985585 4340.790053 409.121148
-748.644585 4345.876476 409.260438
-749.303559 4350.964508 409.400935
-750.030566 4356.565744 409.556336
-750.694955 4361.660104 409.696644
-751.362995 4366.759436 409.836943
-752.100365 4372.363405 409.990907
-752.773349 4377.456564 410.129759
-753.517118 4383.057420 410.281966
-754.196818 4388.137976 410.421817
-754.880397 4393.204555 410.558953
-755.638142 4398.768374 410.704430
-756.331909 4403.814923 410.834744
-757.030765 4408.851124 410.963872
-757.804934 4414.371675 411.105028
-758.513837 4419.377649 411.232993
-759.297543 4424.862767 411.374893
-760.014230 4429.836925 411.506118
-760.736556 4434.809197 411.638473
-761.533483 4440.240879 411.782201
-762.264425 4445.171634 411.910918
-763.001057 4450.091125 412.038558
-763.818745 4455.490517 412.179389
-764.570973 4460.397519 412.307906
-765.331425 4465.293772 412.435582
-766.182408 4470.682709 412.575987
-766.971267 4475.580081 412.704472
-767.777819 4480.480478 412.833456
-768.688051 4485.877979 412.975310
-769.536044 4490.782852 413.103999
-770.494636 4496.190824 413.245022
-771.389854 4501.117530 413.372615
-772.308743 4506.052713 413.499930
-773.347408 4511.487336 413.639698
-774.312968 4516.432197 413.765555
-775.291028 4521.386729 413.889586
-776.372131 4526.837590 414.025607
-777.358718 4531.795538 414.150316
-778.446885 4537.251599 414.287854
-779.437265 4542.211682 414.413035
-780.428772 4547.172125 414.540844
-781.524329 4552.638844 414.686535
-782.523964 4557.604844 414.818255
-783.525500 4562.555130 414.941713
-784.629813 4568.011835 415.067910
-785.629279 4572.973752 415.178820
-786.623064 4577.934911 415.292311
-787.710686 4583.402647 415.424179
-788.688790 4588.356976 415.544664
-789.757508 4593.813420 415.676181
-790.721244 4598.777293 415.797992
-791.676302 4603.740696 415.923361
-792.721181 4609.216027 416.060361
-793.661364 4614.175908 416.180530
-794.600068 4619.155952 416.293937
-795.624854 4624.645488 416.410019
-796.548249 4629.645703 416.513759
-797.467005 4634.666961 416.619413
-798.463961 4640.176874 416.736992
-799.362670 4645.199320 416.838756
-800.341384 4650.735475 416.948764
-801.218013 4655.764873 417.055745
-802.083328 4660.794822 417.171319
-803.020857 4666.317619 417.303675
-803.862397 4671.340926 417.424107
-804.695807 4676.364267 417.541227
-805.603066 4681.884234 417.665799
-806.418161 4686.906905 417.778992
-807.298545 4692.410298 417.906948
-808.089539 4697.421852 418.027246
-808.869539 4702.424188 418.145875
-809.715796 4707.915437 418.270705
-810.477866 4712.914938 418.384272
-811.229356 4717.897112 418.499115
-812.048640 4723.379658 418.626108
-812.788895 4728.360485 418.744348
-813.530331 4733.347910 418.863459
-814.344821 4738.802566 418.986255
-815.090730 4743.772484 419.090338
-815.839723 4748.741221 419.191319
-816.664428 4754.199069 419.305999
-817.416217 4759.167840 419.417359
-818.241843 4764.605102 419.546737
-818.997116 4769.550777 419.663627
-819.756535 4774.495895 419.775937
-820.595830 4779.931383 419.906492
-821.362011 4784.880050 420.031710
-822.124739 4789.809241 420.156124
-822.967790 4795.248680 420.293955
-823.737159 4800.188421 420.418920
-824.588244 4805.616410 420.551387
-825.366690 4810.540842 420.668936
-826.149498 4815.456493 420.786398
-827.013312 4820.864650 420.917854
-827.801483 4825.773995 421.041711
-828.594038 4830.675757 421.165830
-829.471476 4836.066029 421.306365
-830.270404 4840.936802 421.445180
-831.074949 4845.814237 421.589340
-831.965750 4851.171329 421.744767
-832.785658 4856.048329 421.882873
-833.695049 4861.393592 422.029899
-834.533326 4866.262285 422.162819
-835.379259 4871.128600 422.299033
-836.320437 4876.478966 422.452192
-837.190503 4881.341864 422.594746
-838.073894 4886.182464 422.734269
-839.069262 4891.510485 422.876255
-839.992920 4896.348519 423.001039
-840.929608 4901.171919 423.134681
-841.977358 4906.471351 423.299664
-842.948764 4911.278211 423.454347
-844.043758 4916.562805 423.612182
-845.065748 4921.362265 423.742737
-846.114650 4926.151466 423.868942
-847.299668 4931.417344 424.009098
-848.398636 4936.188052 424.142192
-849.521017 4940.961027 424.281481
-850.776785 4946.205214 424.435104
-851.933077 4950.979681 424.573528
-853.098862 4955.767432 424.708293
-854.388672 4961.044133 424.853568
-855.568147 4965.860510 424.985620
-856.753155 4970.705432 425.115117
-858.060870 4976.062719 425.253638
-859.255401 4980.961104 425.377546
-860.574370 4986.377527 425.513165
-861.776199 4991.323688 425.635349
-862.978479 4996.297682 425.755566
-864.296339 5001.803879 425.886719
-865.486558 5006.827699 426.008199
-866.670032 5011.876670 426.133445
-867.962686 5017.464299 426.272547
-869.130025 5022.570450 426.395459
-870.292159 5027.696196 426.510403
-871.561020 5033.349555 426.635611
-872.706171 5038.512295 426.752570
-873.957564 5044.201890 426.876322
-875.090422 5049.383482 426.984106
-876.218788 5054.571934 427.092297
-877.448592 5060.260157 427.210997
-878.561911 5065.439160 427.318603
-879.777953 5071.128588 427.439051
-880.877491 5076.297478 427.551420
-881.974886 5081.467626 427.663243
-883.175021 5087.126632 427.782110
-884.262878 5092.273138 427.888758
-885.342185 5097.409581 427.998566
-886.520123 5103.055337 428.127587
-887.581838 5108.183801 428.253710
-888.744017 5113.823936 428.392900
-889.792664 5118.925998 428.509533
-890.840373 5124.037874 428.621607
-891.985431 5129.639123 428.746215
-893.018769 5134.709194 428.863259
-894.047676 5139.778396 428.984410
-895.175648 5145.361672 429.118533
-896.197433 5150.437049 429.241152
-897.217683 5155.508909 429.364038
-898.334531 5161.070634 429.499785
-899.347318 5166.137649 429.624445
-900.456633 5171.709406 429.760544
-901.463614 5176.769723 429.887168
-902.473072 5181.839557 430.012223
-903.578369 5187.384994 430.145291
-904.585594 5192.431209 430.268801
-905.589955 5197.473886 430.392512
-906.691970 5203.023845 430.534403
-907.689339 5208.062253 430.670852
-908.781083 5213.595210 430.819911
-909.772169 5218.627980 430.950257
-910.759956 5223.651044 431.081240
-911.841776 5229.171085 431.229574
-912.818862 5234.185025 431.369838
-913.788312 5239.187051 431.517572
-914.847698 5244.682470 431.676910
-915.804349 5249.671090 431.816659
-916.753930 5254.655962 431.960483
-917.793082 5260.139826 432.118820
-918.734451 5265.121356 432.260034
-919.765393 5270.582503 432.414145
-920.704211 5275.552834 432.555274
-921.644367 5280.525109 432.699287
-922.675574 5285.974216 432.857157
-923.614433 5290.933251 432.996590
-924.554315 5295.893700 433.134101
-925.589707 5301.346719 433.288789
-926.532713 5306.299230 433.426467
-927.569494 5311.747485 433.574198
-928.509395 5316.704167 433.718055
-929.445750 5321.655848 433.876637
-930.475852 5327.100405 434.051156
-931.416935 5332.056513 434.193690
-932.357066 5336.992080 434.322438
-933.393175 5342.429568 434.463755
-934.331641 5347.364590 434.600120
-935.266097 5352.289908 434.743802
-936.291043 5357.702792 434.902535
-937.221254 5362.616266 435.041394
-938.244452 5368.016529 435.186665
-939.173404 5372.926723 435.315619
-940.097906 5377.828827 435.447623
-941.110205 5383.222524 435.603911
-942.024450 5388.118467 435.749754
-942.937514 5393.019311 435.891824
-943.940708 5398.409909 436.042527
-944.850963 5403.311156 436.178450
-945.758238 5408.203459 436.318379
-946.754111 5413.579301 436.472578
-947.658052 5418.468457 436.609845
-948.650548 5423.841108 436.764171
-949.554891 5428.724893 436.905928
-950.459760 5433.595135 437.040377
-951.457326 5438.948298 437.186249
-952.363636 5443.810655 437.324191
-953.267451 5448.675267 437.469991
-954.263600 5454.034504 437.626953
-955.168778 5458.881789 437.755513
-956.171658 5464.220958 437.888617
-957.087573 5469.068071 438.010917
-958.005783 5473.905048 438.137366
-959.018408 5479.222190 438.278809
-959.939938 5484.050732 438.409579
-960.865223 5488.877325 438.543419
-961.889602 5494.188484 438.687986
-962.825083 5499.018066 438.810456
-963.857314 5504.329259 438.947135
-964.795212 5509.153290 439.085934
-965.735874 5513.977406 439.231136
-966.778122 5519.275235 439.382986
-967.732694 5524.090806 439.512502
-968.687951 5528.900857 439.643667
-969.739508 5534.184986 439.802439
-970.701468 5538.990449 439.953582
-971.767421 5544.268396 440.112460
-972.748854 5549.073563 440.249612
-973.738747 5553.859030 440.385858
-974.842453 5559.124695 440.540439
-975.856835 5563.907903 440.683931
-976.883782 5568.693493 440.828923
-978.030431 5573.967964 440.992137
-979.085308 5578.750694 441.137866
-980.156209 5583.529811 441.274221
-981.351721 5588.787245 441.420463
-982.450447 5593.563720 441.557893
-983.669525 5598.816022 441.717416
-984.785550 5603.579954 441.867213
-985.914102 5608.341867 442.018241
-987.098441 5613.275162 442.175106
-988.297539 5618.202660 442.332043
-989.512172 5623.124690 442.488905
-990.743098 5628.041537 442.645544
-991.991094 5632.953530 442.801815
-993.256895 5637.860858 442.957568
-994.541275 5642.763851 443.112655
-995.844996 5647.662792 443.266930
-997.168832 5652.558011 443.420247
-998.513518 5657.449697 443.572455
-999.879830 5662.338180 443.723409
-1001.268527 5667.223743 443.872960
-1002.680387 5672.106716 444.020963
-1004.116142 5676.987288 444.167267
-1005.576568 5681.865788 444.311726
-1007.062426 5686.742501 444.454193
-1008.522062 5691.452378 444.590929
-1010.148277 5696.612525 444.739760
-1011.653676 5701.313415 444.872841
-1013.334587 5706.489075 445.016726
-1014.884102 5711.202926 445.146536
-1016.454627 5715.929074 445.276260
-1018.197563 5721.118582 445.418945
-1019.798082 5725.848749 445.549468
-1021.403921 5730.581178 445.681134
-1023.175381 5735.798012 445.825541
-1024.790868 5740.550571 445.954358
-1026.410981 5745.309755 446.081693
-1028.197136 5750.556094 446.222487
-1029.823080 5755.336980 446.351976
-1031.451591 5760.126703 446.482240
-1033.251372 5765.416678 446.625544
-1034.886193 5770.224548 446.754055
-1036.523102 5775.049106 446.881781
-1038.320505 5780.368417 447.021125
-1039.948167 5785.213598 447.146462
-1041.732814 5790.561348 447.285363
-1043.346765 5795.427584 447.410057
-1044.952352 5800.304979 447.531294
-1046.704267 5805.689559 447.664870
-1048.288473 5810.618521 447.787859
-1049.864376 5815.574930 447.908181
-1051.485953 5820.732672 448.026625
-1053.096285 5825.914800 448.139071
-1054.694750 5831.120443 448.245793
-1056.280682 5836.348580 448.347063
-1057.853429 5841.598238 448.443153
-1059.412342 5846.868446 448.534335
-1060.956768 5852.158233 448.620883
-1062.486042 5857.466575 448.703067
-1063.999542 5862.792604 448.781162
-1065.496602 5868.135296 448.855440
-1066.976571 5873.493680 448.926172
-1068.438798 5878.866785 448.993631
-1069.882631 5884.253638 449.058091
-1071.307419 5889.653268 449.119822
-1072.712499 5895.064652 449.179098
-1074.097245 5900.486921 449.236191
-1075.545664 5906.253669 449.297259
-1076.843803 5911.506961 449.354338
-1078.128019 5916.788249 449.411468
-1079.513673 5922.589722 449.463661
-1080.755928 5927.883751 449.506419
-1082.097133 5933.711185 449.572781
-1083.294583 5939.016085 449.648184
-1084.475807 5944.326412 449.718875
-1085.757945 5950.173969 449.779603
-1086.907506 5955.500523 449.824875
-1088.039433 5960.829899 449.872522
-1089.264682 5966.696953 449.930381
-1090.358370 5972.022836 449.983512
-1091.542923 5977.876063 450.042642
-1092.604316 5983.194832 450.096510
-1093.651019 5988.515894 450.148611
-1094.789206 5994.373587 450.210664
-1095.808142 5999.662795 450.271998
-1096.823684 6004.962300 450.331127
-1097.936182 6010.783725 450.387784
-1098.944549 6016.072509 450.435294
-1100.047607 6021.888737 450.490699
-1101.040378 6027.166552 450.542115
-1102.025498 6032.449517 450.597893
-1103.096875 6038.247138 450.667726
-1104.065678 6043.519425 450.727324
-1105.033395 6048.792121 450.777031
-1106.096686 6054.590343 450.823763
-1107.060652 6059.861427 450.864521
-1108.019584 6065.128780 450.910404
-1109.068604 6070.921530 450.970233
-1110.019055 6076.194349 451.028479
-1111.059037 6081.983920 451.086898
-1112.002910 6087.252409 451.134126
-1112.945455 6092.520959 451.177671
-1113.983265 6098.317779 451.228048
-1114.927187 6103.579234 451.274936
-1115.872568 6108.841379 451.311736
-1116.913384 6114.628186 451.349305
-1117.860528 6119.878883 451.395478
-1118.812526 6125.132020 451.443647
-1119.860081 6130.895697 451.492752
-1120.812119 6136.136275 451.547595
-1121.857550 6141.891709 451.616956
-1122.810343 6147.126081 451.677289
-1123.767568 6152.365705 451.732738
-1124.818092 6158.103702 451.790976
-1125.774135 6163.323628 451.848983
-1126.729633 6168.539878 451.911964
-1127.780917 6174.268649 451.977677
-1128.740268 6179.470026 452.029468
-1129.701897 6184.654279 452.073982
-1130.762794 6190.355344 452.122244
-1131.725275 6195.537209 452.171866
-1132.782889 6201.241878 452.233816
-1133.746738 6206.431028 452.285901
-1134.714560 6211.620721 452.327077
-1135.783335 6217.331209 452.368017
-1136.755053 6222.520927 452.411633
-1137.724632 6227.708502 452.471255
-1138.790742 6233.418832 452.546423
-1139.760388 6238.604562 452.610421
-1140.733371 6243.791727 452.668334
-1141.805946 6249.496099 452.727062
-1142.782651 6254.683143 452.781273
-1143.859794 6260.386728 452.848167
-1144.836777 6265.547238 452.911135
-1145.816512 6270.715957 452.972335
-1146.897292 6276.393527 453.036795
-1147.885182 6281.553868 453.090991
-1148.873802 6286.709615 453.146168
-1149.957297 6292.369850 453.219010
-1150.942616 6297.515677 453.290970
-1152.030846 6303.169746 453.355286
-1153.026915 6308.309328 453.398640
-1154.024569 6313.439761 453.441105
-1155.121258 6319.084949 453.503340
-1156.114513 6324.209086 453.577850
-1157.106107 6329.331535 453.655567
-1158.197824 6334.961703 453.731441
-1159.190495 6340.061207 453.790419
-1160.187736 6345.162090 453.841902
-1161.286757 6350.767775 453.895337
-1162.285360 6355.857648 453.947855
-1163.383647 6361.449687 454.012989
-1164.383036 6366.523727 454.073563
-1165.385083 6371.588550 454.132498
-1166.491714 6377.146143 454.197991
-1167.502287 6382.190380 454.262025
-1168.515935 6387.226596 454.323654
-1169.635398 6392.757761 454.387978
-1170.658810 6397.784465 454.451057
-1171.688737 6402.810879 454.513794
-1172.827827 6408.335697 454.582465
-1173.864010 6413.341221 454.651482
-1175.006303 6418.838544 454.734475
-1176.050634 6423.837553 454.808840
-1177.099059 6428.831897 454.879931
-1178.258780 6434.338649 454.958988
-1179.312701 6439.328310 455.031642
-1180.373682 6444.332533 455.102767
-1181.548090 6449.842405 455.175492
-1182.621628 6454.854249 455.239727
-1183.807904 6460.376656 455.314381
-1184.889442 6465.395374 455.389133
-1185.976385 6470.412794 455.470965
-1187.182797 6475.934023 455.557495
-1188.292536 6480.957380 455.627004
-1189.417938 6485.992749 455.690175
-1190.668875 6491.522829 455.752322
-1191.821165 6496.563248 455.805814
-1192.983525 6501.608707 455.867644
-1194.270905 6507.154659 455.945744
-1195.454403 6512.202160 456.014922
-1196.770696 6517.748572 456.083482
-1197.983268 6522.790048 456.142345
-1199.213630 6527.833042 456.201840
-1200.587723 6533.382108 456.269295
-1201.851963 6538.415272 456.331119
-1203.134276 6543.451956 456.394321
-1204.567667 6548.991181 456.467386
-1205.895454 6554.023106 456.533973
-1207.385477 6559.559162 456.602099
-1208.761523 6564.579649 456.660451
-1210.160048 6569.600444 456.721446
-1211.721869 6575.124796 456.799435
-1213.161541 6580.146001 456.878876
-1214.620466 6585.162268 456.955782
-1216.242344 6590.661584 457.032069
-1217.733871 6595.673394 457.095596
-1219.232900 6600.692088 457.152094
-1220.887004 6606.217102 457.211630
-1222.394289 6611.243698 457.272989
-1223.902366 6616.271301 457.340313
-1225.561813 6621.808506 457.414642
-1227.076420 6626.866647 457.483228
-1228.748796 6632.447369 457.559298
-1230.277045 6637.537206 457.624483
-1231.806721 6642.624834 457.684016
-1233.497475 6648.254845 457.743385
-1235.035821 6653.396370 457.795522
-1236.574046 6658.563626 457.850538
-1238.262963 6664.274271 457.915852
-1239.795724 6669.495038 457.979931
-1241.392506 6674.975746 458.050317
-1242.985399 6680.488545 458.123761
-1244.573652 6686.033476 458.199740
-1246.156577 6691.610786 458.277731
-1247.733423 6697.220515 458.357213
-1249.303486 6702.862857 458.437663
-1250.866062 6708.538013 458.518560
-1252.420401 6714.246017 458.599379
-1253.965814 6719.987122 458.679601
-1255.501551 6725.761361 458.758701
-1257.026907 6731.568935 458.836157
-1258.541178 6737.410042 458.911450
-1260.043615 6743.284714 458.984053
-1261.533513 6749.193152 459.053447
-1263.010166 6755.135556 459.119109
-1264.472827 6761.111955 459.180515
-1265.721008 6766.291879 459.234217
-1267.095501 6772.089379 459.302922
-1268.582655 6778.463858 459.387869
-1269.923554 6784.288878 459.468831
-1271.383421 6790.700577 459.553556
-1272.700318 6796.539517 459.623763
-1274.008844 6802.390216 459.691172
-1275.432261 6808.807470 459.764433
-1276.717355 6814.646304 459.830071
-1278.119218 6821.068053 459.903759
-1279.383057 6826.907627 459.973256
-1280.634532 6832.738594 460.041235
-1281.997059 6839.148660 460.115341
-1283.222189 6844.974339 460.186999
-1284.551136 6851.367439 460.268452
-1285.745613 6857.186861 460.344650
-1286.922898 6862.990234 460.421459
-1288.199656 6869.356410 460.503390
-1289.347675 6875.145382 460.577069
-1290.483775 6880.929857 460.650088
-1291.723091 6887.299912 460.730875
-1292.836646 6893.073913 460.805041
-1293.944094 6898.855487 460.882058
-1295.155296 6905.208219 460.962714
-1296.253402 6910.981545 461.027573
-1297.458224 6917.333125 461.097421
-1298.544559 6923.079492 461.167266
-1299.629650 6928.832265 461.247344
-1300.820883 6935.153244 461.341054
-1301.903130 6940.890026 461.424055
-1303.095470 6947.193412 461.510411
-1304.180500 6952.910247 461.584688
-1305.266477 6958.614440 461.658908
-1306.352636 6964.300857 461.737454
-1307.550270 6970.549261 461.827344
-1308.642080 6976.220621 461.908761
-1309.843809 6982.436407 461.997199
-1310.937235 6988.081797 462.076112
-1312.030704 6993.721490 462.153223
-1313.232240 6999.921727 462.236343
-1314.320591 7005.551193 462.309614
-1315.402895 7011.164561 462.383161
-1316.594380 7017.364963 462.463209
-1317.674425 7023.004911 462.534048
-1318.754360 7028.661173 462.604906
-1319.937505 7034.881821 462.682339
-1321.013466 7040.552136 462.750281
-1322.200159 7046.803424 462.825303
-1323.277272 7052.488483 462.895672
-1324.355072 7058.198395 462.970456
-1325.534433 7064.468155 463.062548
-1326.608416 7070.189680 463.148590
-1327.681923 7075.922388 463.229676
-1328.862443 7082.247713 463.313112
-1329.938277 7088.017449 463.385990
-1331.014197 7093.788494 463.458940
-1332.199940 7100.159563 463.538731
-1333.276925 7105.965018 463.612626
-1334.461229 7112.370102 463.698179
-1335.538602 7118.205142 463.776079
-1336.618256 7124.050105 463.851149
-1337.810254 7130.493460 463.930765
-1338.897262 7136.356662 464.000702
-1339.988451 7142.229782 464.070546
-1341.193666 7148.704783 464.148523
-1342.289131 7154.588892 464.222937
-1343.498104 7161.077623 464.311672
-1344.602429 7166.985957 464.393258
-1345.709350 7172.887192 464.470607
-1346.932308 7179.388030 464.557294
-1348.045201 7185.294218 464.642222
-1349.162598 7191.208773 464.726715
-1350.397115 7197.713593 464.814785
-1351.527043 7203.640178 464.891537
-1352.657757 7209.546552 464.964393
-1353.909950 7216.060122 465.040974
-1355.056793 7221.997818 465.108717
-1356.325821 7228.531772 465.181907
-1357.489474 7234.487936 465.250687
-1358.659685 7240.443121 465.325571
-1359.957155 7247.001443 465.410390
-1361.146903 7252.968655 465.484752
-1362.348730 7258.946737 465.556600
-1363.689991 7265.548764 465.631907
-1364.917818 7271.529027 465.697631
-1366.283344 7278.128675 465.777124
-1367.534440 7284.131594 465.861160
-1368.800538 7290.148652 465.949015
-1370.214955 7296.776912 466.035741
-1371.520470 7302.803502 466.104784
-1372.844599 7308.842073 466.170837
-1374.319571 7315.493771 466.248026
-1375.678940 7321.551328 466.323463
-1377.055655 7327.614066 466.397348
-1378.588598 7334.284595 466.474158
-1380.004501 7340.366659 466.542957
-1381.582487 7347.039331 466.621033
-1383.046415 7353.129101 466.690825
-1384.527010 7359.207234 466.751991
-1386.179886 7365.906137 466.813701
-1387.703858 7372.000127 466.873438
-1389.249282 7378.097205 466.940911
-1390.978362 7384.817157 467.018877
-1392.573005 7390.917918 467.084252
-1394.358120 7397.638436 467.149469
-1396.004208 7403.741857 467.207903
-1397.676081 7409.854827 467.268133
-1399.544351 7416.583421 467.337191
-1401.269943 7422.699215 467.401789
-1403.025128 7428.820216 467.464885
-1404.987759 7435.554445 467.530934
-1406.799272 7441.679171 467.588800
-1408.630120 7447.804219 467.645648
-1410.653052 7454.535919 467.707300
-1412.496944 7460.659507 467.761855
-1414.529700 7467.405644 467.820042
-1416.377840 7473.536569 467.871905
-1418.229093 7479.672698 467.923785
-1420.265839 7486.417461 467.981929
-1422.119423 7492.553593 468.036172
-1423.974644 7498.697370 468.091180
-1426.017032 7505.467057 468.152707
-1427.866569 7511.603961 468.209220
-1429.898800 7518.360819 468.270738
-1431.735153 7524.501992 468.324023
-1433.552004 7530.642677 468.375939
-1435.525665 7537.415584 468.436031
-1437.281876 7543.548710 468.494911
-1439.013501 7549.699611 468.557580
-1440.886983 7556.467667 468.624259
-1442.563681 7562.621595 468.678546
-1444.220036 7568.791522 468.729840
-1446.006779 7575.550716 468.792881
-1447.609428 7581.707768 468.859207
-1449.189089 7587.870064 468.926609
-1450.903395 7594.661258 468.996066
-1452.442837 7600.839333 469.055080
-1454.119201 7607.639087 469.118099
-1455.628646 7613.829114 469.176255
-1457.122942 7620.024009 469.232807
-1458.752178 7626.847957 469.286074
-1460.222215 7633.075084 469.329343
-1461.671414 7639.291811 469.374578
-1463.251174 7646.150992 469.423844
-1464.735710 7652.668463 469.465752
-1466.206188 7659.193162 469.503617
-1467.662964 7665.725030 469.538114
-1469.106435 7672.264196 469.569918
-1470.536954 7678.810599 469.599701
-1471.954891 7685.364244 469.628138
-1473.360600 7691.925071 469.655902
-1474.754477 7698.493209 469.683668
-1476.136863 7705.068536 469.712108
-1477.508154 7711.651181 469.741897
-1478.868705 7718.241084 469.773710
-1480.218871 7724.838186 469.808218
-1481.559047 7731.442617 469.846097
-1482.889575 7738.054252 469.888021
-1484.210850 7744.673223 469.934662
-1485.523227 7751.299469 469.986696
-1486.649294 7757.027490 470.035920
-1487.888867 7763.375987 470.095641
-1489.246536 7770.374504 470.166601
-1490.474521 7776.742453 470.230320
-1491.821088 7783.756947 470.294975
-1493.042956 7790.142537 470.349064
-1494.263729 7796.529754 470.398388
-1495.608858 7803.566357 470.453151
-1496.832936 7809.969512 470.508942
-1498.058126 7816.376297 470.569278
-1499.409734 7823.431928 470.632749
-1500.642101 7829.853567 470.687202
-1501.876057 7836.279847 470.741995
-1503.237339 7843.358051 470.801657
-1504.482306 7849.812346 470.855356
-1505.854307 7856.898325 470.911374
-1507.106178 7863.341456 470.959559
-1508.362760 7869.797685 471.010652
-1509.750352 7876.913274 471.077443
-1511.021708 7883.398042 471.143389
-1512.304974 7889.884376 471.202684
-1513.734436 7897.021949 471.261688
-1515.052938 7903.521229 471.317745
-1516.387524 7910.025855 471.378771
-1517.879999 7917.203996 471.446289
-1519.254960 7923.714608 471.502936
-1520.795249 7930.900729 471.563635
-1522.218683 7937.447545 471.615351
-1523.663469 7943.998523 471.665324
-1525.282830 7951.236815 471.723613
-1526.772347 7957.801739 471.774467
-1528.286711 7964.395789 471.821828
-1529.966041 7971.655690 471.872906
-1531.498756 7978.265516 471.918864
-1533.036588 7984.896866 471.964025
-1534.730936 7992.209762 472.016420
-1536.274467 7998.879345 472.068499
-1537.978135 8006.246950 472.126553
-1539.531651 8012.967914 472.176559
-1541.091577 8019.720639 472.222513
-1542.808768 8027.161269 472.268723
-1544.374865 8033.958974 472.309236
-1545.939657 8040.778917 472.347671
-1547.655338 8048.304209 472.385893
-1549.209822 8055.170888 472.416858
-1550.757697 8062.063605 472.446300
-1552.445094 8069.650975 472.479308
-1553.969732 8076.573851 472.510909
-1555.635297 8084.212429 472.549270
-1557.134675 8091.153393 472.582559
-1558.626246 8098.112341 472.611310
-1560.254555 8105.777343 472.639180
-1561.721766 8112.749299 472.659792
-1563.178873 8119.734781 472.679263
-1564.760216 8127.389674 472.704112
-1566.187311 8134.366119 472.727393
-1567.742286 8142.044108 472.751580
-1569.140433 8149.022085 472.774537
-1570.523922 8156.005904 472.800382
-1572.024435 8163.680944 472.833500
-1573.373718 8170.670830 472.867563
-1574.708441 8177.658548 472.900830
-1576.162619 8185.347244 472.930718
-1577.472296 8192.342903 472.953201
-1578.894409 8200.026966 472.981501
-1580.170754 8207.006620 473.018123
-1581.433299 8213.991111 473.062420
-1582.805749 8221.678513 473.108183
-1584.038575 8228.665765 473.147143
-1585.256759 8235.643279 473.186358
-1586.586623 8243.338621 473.223139
-1587.782050 8250.316277 473.250668
-1589.089529 8258.012313 473.280876
-1590.264053 8264.993963 473.311957
-1591.428372 8271.988182 473.348486
-1592.695599 8279.695078 473.398208
-1593.835345 8286.710907 473.450805
-1594.968690 8293.742273 473.503971
-1596.210901 8301.470773 473.553732
-1597.342015 8308.502419 473.585628
-1598.474612 8315.540874 473.609433
-1599.719237 8323.294955 473.640506
-1600.849160 8330.363809 473.682468
-1602.087410 8338.130462 473.737203
-1603.213568 8345.202792 473.787345
-1604.341618 8352.292031 473.834635
-1605.584090 8360.087587 473.883472
-1606.723356 8367.202575 473.920029
-1607.864707 8374.294396 473.946461
-1609.126934 8382.113400 473.976737
-1610.276757 8389.230394 474.013208
-1611.427676 8396.351544 474.054980
-1612.697616 8404.193714 474.101246
-1613.857066 8411.324397 474.137969
-1615.140312 8419.175716 474.168072
-1616.312705 8426.317760 474.193238
-1617.489972 8433.463335 474.224136
-1618.790310 8441.342264 474.262092
-1619.967067 8448.476968 474.301085
-1621.147051 8455.633488 474.350319
-1622.448049 8463.511392 474.405412
-1623.637460 8470.693333 474.445921
-1624.945461 8478.567903 474.484202
-1626.139724 8485.737913 474.521490
-1627.338477 8492.920225 474.559156
-1628.660852 8500.829895 474.600907
-1629.867250 8508.032070 474.643333
-1631.076205 8515.232541 474.686918
-1632.413504 8523.168501 474.729723
-1633.636819 8530.398202 474.761869
-1634.866632 8537.636173 474.792528
-1636.230795 8545.613842 474.829210
-1637.483668 8552.878628 474.859200
-1638.877559 8560.884021 474.885557
-1640.159006 8568.167463 474.910768
-1641.455679 8575.459444 474.938641
-1642.907161 8583.525462 474.969036
-1644.234369 8590.805756 474.996439
-1645.586280 8598.125413 475.023225
-1647.097636 8606.191818 475.051144
-1648.492572 8613.524443 475.076971
-1649.910791 8620.868726 475.101417
-1651.493685 8628.943926 475.123422
-1652.953707 8636.287887 475.142251
-1654.583346 8644.373384 475.164485
-1656.088105 8651.738582 475.182627
-1657.608104 8659.083419 475.196543
-1659.300271 8667.152713 475.210965
-1660.858199 8674.490039 475.227118
-1662.428493 8681.827780 475.245456
-1664.162608 8689.901426 475.265619
-1665.737414 8697.210852 475.284272
-1667.477489 8705.254371 475.306122
-1669.063106 8712.552477 475.323187
-1670.652490 8719.842116 475.334032
-1672.405548 8727.857209 475.344627
-1673.995860 8735.104720 475.359032
-1675.751261 8743.074595 475.380274
-1677.347621 8750.291447 475.401001
-1678.946814 8757.487715 475.423551
-1680.707189 8765.372142 475.449852
-1682.305365 8772.502996 475.472698
-1683.902027 8779.606056 475.496732
-1685.657710 8787.383388 475.524398
-1687.255039 8794.421746 475.547129
-1689.010275 8802.125862 475.569020
-1690.601511 8809.096070 475.584980
-1692.189802 8816.049097 475.595644
-1693.928985 8823.653603 475.609096
-1695.503575 8830.531553 475.632425
-1697.067688 8837.378870 475.665327
-1698.776284 8844.880581 475.704120
-1700.317542 8851.663099 475.737878
-1701.851344 8858.430126 475.770213
-1703.526407 8865.841715 475.806149
-1705.034077 8872.536954 475.838574
-1706.683198 8879.878071 475.875452
-1708.174130 8886.522813 475.908657
-1709.655231 8893.146152 475.941477
-1711.272198 8900.428473 475.981565
-1712.722989 8907.011876 476.025751
-1714.165255 8913.595293 476.077303
-1715.742414 8920.828978 476.130895
-1717.169449 8927.395274 476.169743
-1718.592983 8933.959617 476.199460
-1720.150015 8941.166271 476.226811
-1721.560519 8947.732316 476.254189
-1722.962148 8954.297635 476.285103
-1724.493009 8961.524709 476.320714
-1725.878122 8968.114481 476.357526
-1727.253763 8974.697261 476.395541
-1728.760791 8981.951587 476.430986
-1730.124316 8988.557422 476.458347
-1731.480321 8995.168457 476.489771
-1732.962753 9002.449347 476.536791
-1734.299733 9009.074827 476.587234
-1735.760188 9016.381454 476.642579
-1737.079293 9023.038946 476.694053
-1738.391132 9029.712695 476.741698
-1739.826492 9037.077675 476.780436
-1741.123152 9043.785850 476.809958
-1742.409719 9050.484798 476.836406
-1743.820376 9057.871666 476.860088
-1745.097981 9064.606103 476.879836
-1746.361749 9071.326018 476.903314
-1747.740715 9078.740167 476.940800
-1748.980984 9085.486643 476.980955
-1750.334194 9092.921595 477.021480
-1751.557358 9099.700041 477.053604
-1752.767215 9106.459507 477.079736
-1754.091351 9113.912821 477.103519
-1755.289014 9120.692470 477.120597
-1756.479040 9127.475069 477.134910
-1757.778725 9134.960818 477.160348
-1758.942610 9141.740501 477.197376
-1760.101947 9148.551022 477.234181
-1761.371442 9156.043562 477.258797
-1762.523601 9162.863457 477.271469
-1763.787939 9170.379103 477.286815
-1764.932268 9177.215245 477.307041
-1766.074536 9184.063684 477.332466
-1767.328704 9191.602668 477.359544
-1768.468239 9198.469274 477.381397
-1769.606854 9205.344020 477.401464
-1770.858801 9212.904952 477.417899
-1772.000610 9219.787022 477.429485
-1773.146240 9226.671460 477.438732
-1774.412170 9234.265981 477.450653
-1775.561483 9241.158477 477.469113
-1776.828828 9248.753742 477.493268
-1777.984624 9255.672373 477.514236
-1779.140914 9262.595995 477.537615
-1780.415858 9270.236259 477.569720
-1781.573893 9277.170536 477.599068
-1782.736105 9284.112158 477.617199
-1784.020501 9291.757250 477.627038
-1785.191683 9298.716834 477.637537
-1786.366952 9305.697884 477.654131
-1787.655735 9313.347681 477.674977
-1788.832016 9320.320688 477.691603
-1790.130063 9327.996080 477.706134
-1791.315019 9334.976629 477.717625
-1792.506210 9341.973904 477.729421
-1793.813344 9349.647600 477.744728
-1795.004416 9356.643955 477.764248
-1796.196288 9363.641522 477.784077
-1797.511994 9371.356043 477.800709
-1798.710159 9378.373195 477.812632
-1800.033341 9386.092714 477.824850
-1801.242571 9393.118571 477.833476
-1802.454120 9400.148554 477.841724
-1803.790159 9407.898415 477.851849
-1805.006979 9414.954643 477.856913
-1806.225371 9422.018527 477.865507
-1807.573104 9429.814296 477.871017
-1808.800262 9436.885895 477.862602
-1810.034680 9443.974496 477.849454
-1811.395871 9451.768632 477.833763
-1812.636449 9458.863587 477.821645
-1814.003665 9466.680774 477.817063
-1815.250082 9473.802408 477.817649
-1816.501898 9480.943644 477.813498
-1817.877472 9488.788265 477.803483
-1819.130130 9495.947516 477.800108
-1820.381233 9503.112099 477.805562
-1821.757006 9510.997720 477.807987
-1823.012333 9518.198455 477.802478
-1824.263333 9525.375220 477.794732
-1825.644714 9533.304621 477.785773
-1826.899994 9540.521286 477.778451
-1828.278272 9548.458379 477.775199
-1829.535593 9555.698815 477.772115
-1830.786601 9562.897643 477.767353
-1832.166226 9570.842108 477.765015
-1833.418987 9578.062835 477.767319
-1834.668222 9585.265050 477.769192
-1836.042622 9593.192360 477.766393
-1837.291589 9600.399483 477.762468
-1838.664811 9608.312533 477.752072
-1839.916909 9615.511335 477.735267
-1841.167709 9622.690125 477.718014
-1842.544292 9630.589238 477.706967
-1843.791708 9637.750490 477.706396
-1845.039666 9644.911626 477.709408
-1846.410326 9652.767335 477.707362
-1847.658827 9659.923714 477.698305
-1848.903397 9667.072339 477.689109
-1850.270634 9674.931062 477.682288
-1851.516164 9682.081679 477.673161
-1852.886812 9689.944809 477.660615
-1854.134238 9697.100421 477.656218
-1855.377492 9704.225561 477.657035
-1856.751744 9712.075934 477.649352
-1858.007653 9719.215918 477.632872
-1859.267161 9726.353434 477.615152
-1860.655122 9734.208836 477.604487
-1861.916096 9741.335001 477.604590
-1863.182018 9748.463249 477.603450
-1864.582418 9756.303822 477.593313
-1865.863232 9763.435922 477.581718
-1867.281356 9771.283662 477.573563
-1868.581077 9778.408609 477.566138
-1869.896429 9785.540730 477.553191
-1871.358963 9793.381945 477.537434
-1872.702726 9800.510612 477.528683
-1874.059734 9807.642291 477.523738
-1875.567285 9815.490477 477.515367
-1876.948676 9822.618460 477.506646
-1878.484247 9830.470315 477.501478
-1879.896796 9837.612761 477.494985
-1881.322297 9844.737476 477.484583
-1882.906672 9852.563867 477.474777
-1884.363342 9859.674270 477.470958
-1885.837086 9866.783553 477.472882
-1887.482819 9874.610238 477.474525
-1888.998325 9881.701578 477.469192
-1890.539268 9888.799361 477.456227
-1892.261827 9896.611779 477.437160
-1893.851051 9903.718170 477.420532
-1895.615627 9911.535723 477.408982
-1897.223282 9918.628411 477.402249
-1898.838555 9925.740837 477.393070
-1900.617566 9933.562841 477.382859
-1902.237791 9940.677431 477.381732
-1903.862351 9947.803422 477.388062
-1905.650587 9955.629244 477.392251
-1907.285222 9962.760293 477.388690
-1908.924564 9969.899197 477.380527
-1910.732923 9977.767839 477.369108
-1912.377965 9984.935540 477.358890
-1914.178371 9992.824553 477.349689
-1915.807959 10000.019916 477.342360
-1917.428571 10007.230875 477.335819
-1919.200101 10015.178637 477.325120
-1920.797384 10022.409305 477.310522
-1922.382297 10029.653358 477.295635
-1924.111512 10037.636181 477.280822
-1925.671976 10044.911297 477.269492
-1927.212801 10052.166055 477.258485
-1928.891082 10060.152854 477.249202
-1930.401843 10067.413297 477.245914
-1932.050086 10075.393376 477.242043
-1933.536909 10082.641060 477.230301
-1935.012527 10089.890905 477.210963
-1936.616920 10097.848817 477.192741
-1938.059475 10105.076474 477.184553
-1939.487766 10112.296600 477.181320
-1941.044840 10120.227026 477.172389
-1942.453062 10127.442369 477.158668
-1943.984049 10135.334094 477.142163
-1945.365196 10142.507873 477.129813
-1946.732092 10149.672745 477.128138
-1948.219708 10157.549457 477.133173
-1949.558339 10164.702059 477.135084
-1950.885594 10171.850249 477.132982
-1952.333811 10179.713352 477.124622
-1953.637004 10186.851886 477.113213
-1954.927197 10193.990580 477.103504
-1956.334446 10201.859387 477.093904
-1957.599239 10208.996461 477.080652
-1958.982306 10216.865547 477.063376
-1960.232509 10224.022147 477.050655
-1961.479829 10231.184167 477.040907
-1962.853538 10239.068813 477.027229
-1964.105262 10246.236305 477.009951
-1965.359973 10253.415202 476.993686
-1966.739703 10261.323173 476.985623
-1967.994280 10268.534234 476.984138
-1969.371548 10276.451196 476.975243
-1970.629120 10283.660950 476.956925
-1971.891014 10290.874725 476.933608
-1973.283392 10298.818048 476.911659
-1974.553989 10306.049287 476.895585
-1975.825861 10313.267796 476.876565
-1977.229950 10321.219420 476.854093
-1978.508575 10328.450678 476.839786
-1979.789580 10335.686910 476.830411
-1981.203747 10343.658973 476.817782
-1982.489137 10350.886085 476.802703
-1983.910834 10358.851484 476.778354
-1985.209221 10366.096889 476.749768
-1986.512375 10373.347743 476.721497
-1987.950931 10381.327939 476.696999
-1989.263357 10388.578784 476.681611
-1990.581923 10395.831797 476.668880
-1992.039356 10403.805739 476.660610
-1993.372956 10411.054356 476.658206
-1994.720323 10418.316984 476.651522
-1996.215230 10426.291003 476.636308
-1997.591770 10433.555373 476.619239
-1999.124453 10441.555668 476.601874
-2000.532900 10448.826863 476.591167
-2001.957850 10456.103229 476.582427
-2003.539715 10464.093573 476.572071
-2004.996618 10471.378738 476.561884
-2006.467132 10478.663697 476.550812
-2008.106111 10486.706581 476.537588
-2009.606727 10493.997562 476.522007
-2011.126383 10501.310067 476.501298
-2012.817194 10509.366249 476.474973
-2014.370151 10516.695245 476.450225
-2016.099025 10524.779144 476.424504
-2017.681425 10532.108725 476.404151
-2019.283636 10539.461787 476.387167
-2021.065697 10547.558288 476.371189
-2022.705456 10554.927222 476.357670
-2024.368478 10562.315885 476.344294
-2026.218037 10570.431062 476.327251
-2027.925393 10577.825919 476.306939
-2029.831193 10585.969498 476.280863
-2031.587870 10593.370712 476.257347
-2033.365938 10600.761305 476.234088
-2035.344067 10608.878677 476.205566
-2037.160032 10616.252460 476.175905
-2038.987580 10623.609224 476.145014
-2041.013695 10631.682331 476.112567
-2042.939819 10639.271334 476.083847
-2044.879959 10646.836333 476.056866
-2046.833318 10654.377420 476.031539
-2048.799022 10661.894391 476.007784
-2050.776273 10669.387336 475.985515
-2052.764197 10676.856054 475.964650
-2054.761998 10684.300633 475.945103
-2056.768800 10691.720873 475.926791
-2058.783808 10699.116861 475.909629
-2060.806147 10706.488399 475.893534
-2062.835020 10713.835572 475.878422
-2064.869552 10721.158182 475.864208
-2066.908947 10728.456315 475.850809
-2068.952330 10735.729774 475.838140
-2070.998905 10742.978642 475.826117
-2073.047797 10750.202724 475.814657
-2075.221884 10757.840338 475.802174
-2077.195209 10764.756147 475.787004
-2079.164842 10771.647662 475.767958
-2081.327515 10779.211056 475.750916
-2083.274350 10786.032230 475.742509
-2085.210401 10792.845640 475.733434
-2087.324110 10800.325190 475.715274
-2089.232148 10807.110569 475.694782
-2091.126777 10813.880204 475.678571
-2093.192827 10821.296364 475.671463
-2095.058676 10828.025617 475.668878
-2096.912457 10834.747769 475.663018
-2098.940320 10842.148711 475.655295
-2100.765457 10848.858121 475.647933
-2102.577451 10855.570575 475.641714
-2104.555570 10862.962584 475.637175
-2106.339475 10869.688233 475.631363
-2108.112281 10876.430581 475.622147
-2110.037084 10883.823219 475.610620
-2111.774134 10890.559838 475.602254
-2113.497289 10897.298488 475.595068
-2115.378680 10904.718763 475.585219
-2117.078499 10911.481721 475.573103
-2118.924121 10918.897616 475.560454
-2120.588466 10925.658964 475.556361
-2122.236272 10932.422330 475.559592
-2124.033293 10939.867304 475.561037
-2125.653389 10946.633367 475.554650
-2127.261122 10953.401121 475.543891
-2129.016329 10960.850099 475.531965
-2130.600837 10967.624050 475.523085
-2132.175735 10974.400377 475.514005
-2133.900912 10981.871347 475.497264
-2135.454347 10988.644985 475.477059
-2137.152820 10996.110794 475.456645
-2138.682957 11002.897951 475.446398
-2140.201441 11009.688477 475.447460
-2141.862399 11017.161932 475.452052
-2143.365003 11023.945835 475.450711
-2144.865381 11030.729435 475.444657
-2146.515156 11038.203125 475.433164
-2148.004942 11044.974378 475.421905
-2149.638424 11052.434863 475.414306
-2151.116400 11059.214404 475.410503
-2152.590343 11065.997794 475.408062
-2154.207065 11073.466261 475.405366
-2155.675285 11080.268345 475.405036
-2157.138178 11087.050062 475.404908
-2158.751094 11094.523637 475.402967
-2160.215848 11101.312430 475.402541
-2161.680206 11108.105771 475.407613
-2163.289910 11115.579322 475.417317
-2164.749778 11122.364538 475.425868
-2166.356012 11129.836597 475.435381
-2167.816891 11136.628583 475.439580
-2169.280831 11143.425453 475.437841
-2170.894421 11150.905227 475.430124
-2172.361621 11157.694066 475.420493
-2173.832452 11164.488305 475.412694
-2175.451117 11171.956379 475.408947
-2176.924609 11178.747096 475.410229
-2178.402021 11185.547246 475.413066
-2180.026064 11193.004809 475.415758
-2181.510101 11199.799966 475.415381
-2183.146781 11207.275981 475.414265
-2184.638824 11214.077746 475.419166
-2186.131980 11220.881047 475.432370
-2187.776381 11228.371334 475.456087
-2189.270142 11235.164064 475.480871
-2190.773848 11241.968755 475.496622
-2192.435942 11249.438831 475.502415
-2193.952960 11256.228484 475.504551
-2195.627700 11263.704594 475.507616
-2197.154830 11270.505260 475.513498
-2198.686122 11277.309954 475.522519
-2200.377756 11284.813292 475.538683
-2201.914022 11291.615691 475.556972
-2203.455232 11298.427453 475.576466
-2205.154119 11305.923943 475.600455
-2206.701476 11312.739502 475.620601
-2208.255991 11319.571893 475.635708
-2209.965589 11327.070915 475.647584
-2211.526968 11333.908218 475.654543
-2213.249221 11341.438731 475.658281
-2214.820351 11348.300233 475.659101
-2216.394411 11355.171512 475.660427
-2218.127270 11362.743022 475.667282
-2219.703538 11369.632216 475.677241
-2221.284482 11376.531082 475.688245
-2223.029635 11384.125633 475.692568
-2224.623205 11391.044762 475.689402
-2226.216941 11397.964529 475.691827
-2227.970826 11405.587895 475.700668
-2229.564441 11412.516306 475.710313
-2231.326931 11420.164352 475.721445
-2232.934236 11427.114846 475.723340
-2234.544580 11434.063443 475.716884
-2236.320100 11441.721645 475.714002
-2237.936736 11448.698090 475.722402
-2239.557389 11455.694836 475.737160
-2241.337346 11463.367057 475.745518
-2242.963796 11470.356617 475.743568
-2244.761875 11478.069720 475.738777
-2246.398177 11485.090024 475.736827
-2248.038968 11492.134584 475.740057
-2249.839761 11499.874352 475.750564
-2251.480923 11506.931829 475.762882
-2253.123819 11513.991845 475.772996
-2254.935317 11521.770132 475.782546
-2256.591451 11528.868863 475.783985
-2258.244822 11535.941512 475.777392
-2260.070877 11543.748024 475.769784
-2261.731003 11550.850965 475.767016
-2263.558799 11558.679239 475.769843
-2265.222585 11565.798087 475.773824
-2266.889311 11572.916576 475.774198
-2268.727750 11580.761883 475.767181
-2270.400905 11587.900900 475.760376
-2272.077435 11595.056837 475.762344
-2273.923185 11602.936144 475.771526
-2275.604214 11610.108328 475.778729
-2277.459569 11618.018037 475.783026
-2279.147792 11625.211970 475.786100
-2280.836633 11632.406611 475.790748
-2282.699847 11640.339758 475.796893
-2284.398023 11647.559821 475.802064
-2286.102192 11654.788209 475.803526
-2287.981445 11662.746694 475.802728
-2289.695878 11670.007724 475.805101
-2291.406812 11677.257058 475.813462
-2293.292668 11685.243261 475.829470
-2295.011593 11692.506996 475.844249
-2296.914765 11700.510351 475.849424
-2298.661429 11707.804810 475.842270
-2300.416030 11715.081484 475.830921
-2302.367443 11723.115798 475.818904
-2304.156531 11730.426179 475.810874
-2305.960480 11737.742366 475.807677
-2307.968872 11745.814814 475.805737
-2309.806386 11753.126828 475.801987
-2311.667066 11760.458930 475.798054
-2313.737211 11768.527219 475.792654
-2315.641544 11775.863297 475.786253
-2317.760355 11783.932181 475.779656
-2319.708739 11791.268606 475.774366
-2321.676578 11798.598652 475.770054
-2323.866380 11806.661132 475.768120
-2325.881893 11813.987774 475.769695
-2328.126838 11822.033775 475.771977
-2330.194923 11829.340444 475.769896
-2332.284326 11836.637536 475.762939
-2334.601322 11844.664559 475.750726
-2336.719198 11851.965755 475.735316
-2338.835801 11859.243558 475.717067
-2341.165616 11867.242283 475.696903
-2343.288172 11874.517498 475.680759
-2345.625109 11882.505020 475.665274
-2347.754884 11889.761491 475.652216
-2349.882416 11896.985449 475.643333
-2352.230769 11904.923253 475.639324
-2354.370052 11912.124489 475.636281
-2356.514852 11919.323110 475.630609
-2358.874528 11927.232196 475.619928
-2361.013144 11934.401801 475.606846
-2363.359104 11942.272881 475.591091
-2365.483021 11949.406032 475.576185
-2367.599821 11956.524528 475.562559
-2369.921387 11964.347653 475.552613
-2372.013405 11971.412471 475.547829
-2374.102644 11978.478188 475.544116
-2376.388671 11986.219193 475.538685
-2378.456041 11993.234396 475.532022
-2380.713696 12000.925945 475.523200
-2382.746036 12007.888835 475.512063
-2384.757258 12014.824401 475.496234
-2386.944261 12022.422901 475.475426
-2388.907366 12029.296297 475.455638
-2390.846899 12036.137477 475.436652
-2392.949290 12043.614509 475.416998
-2394.837132 12050.389312 475.398695
-2396.702466 12057.144220 475.379363
-2398.728456 12064.552901 475.358095
-2400.541556 12071.248598 475.338835
-2402.337763 12077.945447 475.319170
-2404.288094 12085.292938 475.297405
-2406.037743 12091.956150 475.278120
-2407.767585 12098.612997 475.260252
-2409.644546 12105.916082 475.241553
-2411.329495 12112.545557 475.225249
-2412.995945 12119.171243 475.207774
-2414.808326 12126.457624 475.184240
-2416.436339 12133.080776 475.158806
-2418.043637 12139.699684 475.133200
-2419.787311 12146.978584 475.111586
-2421.351304 12153.592864 475.096833
-2422.900319 12160.204568 475.079805
-2424.594402 12167.480188 475.055642
-2426.123883 12174.079088 475.032303
-2427.800959 12181.339810 475.008678
-2429.321629 12187.937330 474.989287
-2430.841180 12194.535385 474.971828
-2432.513970 12201.800214 474.954995
-2434.033832 12208.402079 474.941646
-2435.553912 12215.004497 474.929372
-2437.231011 12222.283822 474.915491
-2438.755858 12228.895983 474.900874
-2440.280073 12235.502185 474.883994
-2441.955056 12242.761627 474.864686
-2443.480534 12249.373231 474.847318
-2445.160484 12256.650689 474.827241
-2446.691821 12263.278871 474.808600
-2448.220549 12269.891597 474.792157
-2449.904599 12277.170024 474.777431
-2451.439272 12283.792671 474.764903
-2452.977445 12290.416213 474.750264
-2454.673693 12297.703506 474.731306
-2456.217029 12304.324314 474.712581
-2457.762626 12310.948688 474.694455
-2459.464094 12318.233462 474.676445
-2461.012886 12324.855617 474.660880
-2462.720617 12332.140800 474.643705
-2464.276338 12338.758418 474.628000
-2465.838173 12345.383430 474.611847
-2467.557568 12352.659731 474.593033
-2469.124483 12359.280317 474.577458
-2470.693529 12365.901291 474.563408
-2472.422129 12373.180150 474.543737
-2473.999309 12379.804140 474.521120
-2475.737121 12387.087025 474.493800
-2477.317325 12393.711265 474.467272
-2478.894681 12400.343933 474.440123
-2480.620603 12407.632619 474.412229
-2482.185707 12414.270193 474.387860
-2483.742635 12420.898228 474.361172
-2485.447602 12428.196472 474.330665
-2486.984108 12434.819433 474.307979
-2488.514752 12441.452958 474.288163
-2490.191834 12448.751275 474.262694
-2491.710482 12455.387709 474.239649
-2493.376332 12462.696581 474.219211
-2494.878961 12469.308733 474.202512
-2496.433868 12476.162685 474.184440
-2497.985538 12483.010698 474.165568
-2499.534876 12489.853062 474.145857
-2501.082773 12496.690001 474.125267
-2502.630163 12503.521938 474.103758
-2504.177939 12510.349098 474.081291
-2505.727006 12517.171770 474.057825
-2507.278269 12523.990246 474.033322
-2508.832634 12530.804815 474.007742
-2510.391007 12537.615768 473.981044
-2511.954294 12544.423396 473.953190
-2513.523401 12551.227989 473.924140
-2515.099233 12558.029837 473.893854
-2516.682695 12564.829231 473.862293
-2518.274694 12571.626462 473.829416
-2519.876136 12578.421819 473.795185
-2521.487926 12585.215594 473.759559
-2523.216717 12592.440087 473.720144
-2524.801738 12598.993843 473.682931
-2526.407943 12605.557780 473.644648
-2528.194488 12612.758897 473.601557
-2529.510732 12617.994942 473.568770
-2531.277453 12624.933058 473.522761
-2533.067388 12631.864191 473.474078
-2534.879123 12638.786158 473.422954
-2536.711244 12645.696777 473.369624
-2538.562335 12652.593865 473.314321
-2540.430984 12659.475241 473.257280
-2542.315775 12666.338722 473.198733
-2544.215294 12673.182125 473.138915
-2546.128128 12680.003269 473.078059
-2548.052879 12686.800035 473.016399
-2549.988097 12693.570112 472.954171
-2551.932387 12700.311383 472.891606
-2553.884333 12707.021666 472.828939
-2555.842522 12713.698777 472.766404
-2557.805539 12720.340535 472.704234
-2559.476514 12725.953201 472.651800
-2561.523293 12732.772390 472.586840
-2563.388392 12738.930047 472.524489
-2565.258311 12745.048997 472.458193
-2567.320220 12751.734774 472.383583
-2569.199354 12757.773977 472.315817
-2571.271066 12764.375244 472.241801
-2573.150616 12770.314997 472.175682
-2575.035218 12776.231869 472.109695
-2577.103254 12782.695657 472.036072
-2578.975939 12788.529242 471.967914
-2580.842724 12794.326866 471.899524
-2582.890289 12800.667921 471.823809
-2584.746319 12806.401287 471.752754
-2586.600034 12812.115060 471.679316
-2588.623777 12818.341198 471.597145
-2590.460605 12823.983874 471.521927
-2592.475876 12830.168543 471.439905
-2594.299332 12835.763153 471.365423
-2596.118796 12841.348922 471.288487
-2598.104356 12847.449403 471.200398
-2599.901026 12852.975216 471.119225
-2601.687269 12858.478378 471.038390
-2603.638703 12864.502754 470.949186
-2605.403315 12869.964249 470.868064
-2607.146650 12875.377282 470.787978
-2609.052563 12881.317791 470.700644
-2610.771548 12886.697515 470.622487
-2612.475537 12892.051578 470.545117
-2614.334307 12897.918566 470.461075
-2616.008458 12903.230017 470.386041
-2617.831308 12909.047584 470.306088
-2619.473268 12914.321590 470.234768
-2621.101549 12919.582915 470.160864
-2622.879880 12925.366316 470.074097
-2624.479013 12930.604694 469.991720
-2626.059245 12935.822419 469.911015
-2627.782939 12941.560464 469.828238
-2629.335714 12946.765210 469.756286
-2630.870089 12951.939314 469.683081
-2632.544393 12957.623554 469.600217
-2634.053376 12962.787420 469.524541
-2635.545474 12967.940023 469.453071
-2637.170672 12973.609641 469.383476
-2638.630255 12978.753543 469.325695
-2640.221683 12984.414283 469.263181
-2641.656692 12989.558822 469.203881
-2643.082529 12994.704775 469.141526
-2644.641221 13000.367696 469.072739
-2646.050012 13005.514167 469.010805
-2647.453392 13010.662706 468.947675
-2648.989694 13016.324438 468.878332
-2650.381942 13021.474561 468.817965
-2651.772108 13026.630444 468.759377
-2653.292046 13032.283392 468.694074
-2654.672196 13037.433454 468.633896
-2656.182991 13043.090218 468.568239
-2657.552418 13048.234356 468.506619
-2658.917105 13053.377229 468.443898
-2660.412587 13059.031801 468.375722
-2661.768306 13064.169970 468.314354
-2663.123685 13069.309026 468.252442
-2664.617859 13074.966501 468.179794
-2665.978797 13080.108958 468.113938
-2667.336938 13085.231211 468.052514
-2668.836153 13090.869677 467.982481
-2670.202276 13095.992455 467.914191
-2671.710323 13101.634448 467.838424
-2673.080992 13106.750638 467.770190
-2674.455849 13111.869441 467.699915
-2675.973846 13117.502986 467.620552
-2677.357778 13122.622187 467.548219
-2678.746639 13127.742489 467.475276
-2680.276807 13133.362862 467.392750
-2681.674739 13138.479304 467.315589
-2683.076324 13143.591678 467.236704
-2684.623869 13149.216131 467.149173
-2686.036128 13154.330262 467.071233
-2687.594019 13159.951787 466.988032
-2689.015475 13165.064086 466.913992
-2690.441935 13170.176239 466.839393
-2692.018271 13175.802024 466.754357
-2693.459751 13180.925210 466.675449
-2694.900480 13186.028588 466.595715
-2696.494884 13191.657659 466.507139
-2697.949870 13196.775447 466.427111
-2699.410386 13201.893703 466.346923
-2701.023760 13207.525060 466.258546
-2702.496706 13212.646844 466.178182
-2704.120792 13218.273424 466.089456
-2705.605472 13223.398026 466.008420
-2707.096569 13228.523707 465.927288
-2708.741650 13234.148539 465.837424
-2710.248609 13239.268168 465.756712
-2711.764343 13244.383664 465.679633
-2713.444669 13250.011478 465.598918
-2714.986594 13255.129244 465.527186
-2716.543243 13260.245406 465.454067
-2718.273438 13265.868372 465.371826
-2719.864742 13270.977492 465.295912
-2721.637878 13276.597292 465.211568
-2723.273182 13281.712669 465.135449
-2724.924112 13286.812844 465.060163
-2726.765466 13292.427931 464.977806
-2728.459542 13297.531437 464.903151
-2730.171960 13302.638354 464.826416
-2732.076792 13308.264906 464.743027
-2733.825596 13313.382462 464.670354
-2735.593280 13318.508192 464.596690
-2737.560250 13324.158070 464.512090
-2739.369923 13329.309135 464.432177
-2741.384038 13334.988269 464.343736
-2743.237708 13340.161623 464.264807
-2745.116995 13345.351383 464.186936
-2747.213983 13351.074277 464.100839
-2749.152133 13356.302212 464.020455
-2751.115460 13361.546504 463.937378
-2753.303602 13367.345541 463.842722
-2755.316969 13372.653277 463.753903
-2757.342546 13377.978355 463.663845
-2759.589630 13383.885338 463.563019
-2761.637565 13389.280468 463.469912
-2763.692442 13394.710038 463.376297
-2765.958377 13400.721860 463.273379
-2768.025461 13406.232073 463.176763
-2770.100668 13411.790986 463.075205
-2772.379811 13417.929759 462.962318
-2774.457479 13423.558847 462.859042
-2776.532513 13429.216664 462.753793
-2778.814203 13435.488754 462.634701
-2780.887331 13441.237730 462.525237
-2782.946603 13446.996688 462.416301
-2785.206684 13453.379903 462.290741
-2787.249866 13459.210371 462.169940
-2789.485825 13465.659723 462.032513
-2791.505996 13471.552447 461.905123
-2793.511260 13477.463925 461.780108
-2795.704568 13483.991575 461.649525
-2797.684164 13489.930124 461.536579
-2799.850358 13496.477911 461.414750
-2801.809219 13502.447192 461.299653
-2803.757072 13508.430522 461.179043
-2805.884354 13515.019326 461.046802
-2807.804897 13521.019424 460.929161
-2809.903039 13527.633110 460.800522
-2811.786565 13533.627530 460.685168
-2813.658151 13539.642121 460.571710
-2815.698422 13546.260451 460.446890
-2817.537019 13552.278805 460.331642
-2819.362630 13558.311147 460.216245
-2821.346054 13564.934857 460.093202
-2823.132030 13570.967920 459.982949
-2825.077778 13577.616533 459.859480
-2826.829015 13583.666955 459.747461
-2828.565980 13589.735465 459.636128
-2830.450727 13596.399426 459.513395
-2832.148414 13602.471865 459.403729
-2833.826960 13608.543266 459.297286
-2835.653149 13615.229624 459.180315
-2837.298424 13621.325653 459.070527
-2838.921587 13627.406040 458.957761
-2840.691779 13634.118605 458.829938
-2842.284768 13640.234601 458.712042
-2844.019005 13646.962668 458.582412
-2845.585183 13653.084250 458.462782
-2847.142451 13659.200366 458.339449
-2848.847506 13665.929962 458.206022
-2850.388907 13672.047760 458.093821
-2851.922716 13678.166771 457.985971
-2853.604115 13684.908092 457.862786
-2855.124830 13691.034123 457.747370
-2856.792343 13697.778197 457.621593
-2858.303052 13703.906562 457.506752
-2859.812411 13710.046260 457.390164
-2861.465398 13716.787169 457.266588
-2862.965824 13722.916588 457.157974
-2864.465865 13729.055943 457.050382
-2866.115524 13735.818893 456.937273
-2867.616951 13741.975215 456.834933
-2869.117548 13748.121561 456.726791
-2870.771049 13754.886692 456.606756
-2872.271589 13761.028353 456.503908
-2873.921772 13767.784972 456.393609
-2875.427316 13773.944134 456.291864
-2876.931839 13780.088468 456.183048
-2878.592269 13786.853123 456.055584
-2880.106165 13793.010161 455.941400
-2881.621133 13799.169690 455.829703
-2883.286753 13805.952123 455.710477
-2884.794235 13812.100631 455.598855
-2886.302357 13818.257148 455.478340
-2887.959054 13825.033853 455.343967
-2889.459938 13831.195581 455.226172
-2891.104643 13837.974500 455.102008
-2892.595117 13844.135455 454.990201
-2894.083412 13850.298648 454.872237
-2895.716297 13857.076419 454.737072
-2897.195557 13863.240448 454.616004
-2898.671062 13869.412835 454.496853
-2900.288485 13876.199271 454.365384
-2901.758132 13882.383780 454.243813
-2903.218739 13888.552517 454.122772
-2904.824397 13895.369469 453.991640
-2906.271714 13901.552293 453.877853
-2907.858337 13908.363914 453.755020
-2909.297714 13914.566815 453.640839
-2910.732033 13920.768845 453.523981
-2912.308691 13927.606862 453.391920
-2913.734700 13933.805457 453.268267
-2915.160403 13940.018111 453.143179
-2916.723709 13946.854155 453.012649
-2918.141813 13953.070562 452.898567
-2919.559706 13959.291409 452.782572
-2921.118029 13966.135561 452.656677
-2922.534956 13972.364404 452.549001
-2924.094901 13979.223005 452.435360
-2925.513751 13985.460281 452.331978
-2926.936684 13991.709839 452.225111
-2928.506084 13998.584202 452.100519
-2929.939267 14004.840359 451.982183
-2931.376520 14011.103327 451.867776
-2932.959012 14017.997373 451.757299
-2934.397668 14024.267209 451.665110
-2935.836575 14030.539060 451.566691
-2937.421831 14037.446604 451.450924
-2938.865326 14043.727524 451.338929
-2940.310746 14050.007999 451.219333
-2941.905040 14056.933708 451.087322
-2943.352917 14063.216892 450.970340
-2944.948738 14070.121362 450.838389
-2946.405272 14076.408606 450.716802
-2947.864705 14082.706963 450.603526
-2949.467276 14089.627250 450.489251
-2950.927109 14095.933158 450.383863
-2952.387737 14102.232716 450.272772
-2954.001670 14109.170026 450.140993
-2955.476683 14115.475759 450.011773
-2956.957462 14121.762303 449.880286
-2958.595826 14128.686220 449.738070
-2960.086017 14134.984520 449.621600
-2961.723867 14141.920395 449.511632
-2963.215163 14148.238134 449.414086
-2964.704541 14154.539309 449.305417
-2966.352837 14161.494385 449.174334
-2967.856902 14167.815799 449.050906
-2969.369558 14174.139573 448.922109
-2971.046152 14181.114354 448.776410
-2972.571440 14187.436306 448.648866
-2974.256494 14194.395730 448.517137
-2975.793544 14200.723508 448.404976
-2977.335184 14207.052318 448.300594
-2979.036231 14214.015574 448.194343
-2980.587831 14220.343362 448.098881
-2982.147707 14226.672361 447.995865
-2983.880473 14233.648649 447.870798
-2985.470131 14239.987545 447.748926
-2987.073967 14246.320204 447.624099
-2988.857979 14253.287590 447.491130
-2990.497112 14259.624762 447.378514
-2992.319126 14266.606259 447.262640
-2993.991586 14272.953921 447.163087
-2995.678630 14279.291685 447.063816
-2997.559729 14286.276726 446.944888
-2999.289312 14292.629964 446.830525
-3001.034401 14298.986046 446.718742
-3002.975584 14306.000338 446.602808
-3004.749537 14312.354905 446.501221
-3006.543975 14318.724599 446.399119
-3008.536223 14325.735067 446.286842
-3010.365735 14332.116975 446.184708
-3012.400026 14339.134873 446.073303
-3014.271048 14345.507171 445.968515
-3016.168214 14351.889685 445.855210
-3018.281841 14358.907475 445.722661
-3020.230231 14365.290113 445.602103
-3022.202604 14371.677728 445.488243
-3024.396834 14378.703436 445.365821
-3026.416867 14385.096388 445.251584
-3028.663226 14392.127171 445.123992
-3030.724681 14398.516167 445.004676
-3032.805411 14404.906457 444.880126
-3035.114194 14411.922900 444.740391
-3037.233018 14418.299627 444.614736
-3039.367049 14424.668039 444.491880
-3041.739529 14431.679395 444.356980
-3043.905499 14438.010635 444.234899
-3046.308206 14444.968910 444.100685
-3048.503503 14451.293404 443.979256
-3050.699611 14457.598432 443.859091
-3053.125250 14464.529904 443.726652
-3055.324344 14470.780343 443.604912
-3057.535152 14477.032365 443.480074
-3059.969513 14483.885623 443.341566
-3062.185870 14490.101743 443.218078
-3064.633836 14496.940707 443.085746
-3066.849765 14503.106854 442.965774
-3069.069894 14509.274793 442.840842
-3071.503370 14516.042408 442.700265
-3073.705593 14522.174912 442.576907
-3076.118620 14528.900610 442.444653
-3078.300765 14534.987939 442.323357
-3080.477598 14541.060786 442.199271
-3082.863543 14547.711570 442.057932
-3085.024510 14553.730181 441.928342
-3087.178049 14559.726932 441.801127
-3089.533642 14566.289505 441.665071
-3091.665388 14572.234237 441.546338
-3093.996842 14578.744175 441.419962
-3096.108346 14584.645355 441.304291
-3098.204952 14590.507650 441.186698
-3100.496556 14596.921214 441.061035
-3102.572565 14602.738774 440.950840
-3104.638896 14608.534374 440.838064
-3106.903296 14614.892573 440.708074
-3108.945454 14620.638804 440.588383
-3110.972727 14626.361925 440.470592
-3113.188594 14632.648878 440.346759
-3115.186637 14638.351717 440.239824
-3117.174529 14644.062127 440.132337
-3119.329846 14650.303958 440.010291
-3121.272600 14655.979903 439.896917
-3123.197648 14661.651947 439.786240
-3125.293139 14667.888127 439.668314
-3127.181979 14673.566811 439.556515
-3129.047178 14679.225708 439.441070
-3131.079430 14685.453533 439.315517
-3132.907307 14691.115459 439.201874
-3134.715185 14696.775770 439.092297
-3136.680803 14703.005853 438.979998
-3138.443768 14708.670442 438.884479
-3140.359420 14714.909664 438.781215
-3142.081973 14720.588333 438.684992
-3143.789481 14726.272066 438.581982
-3145.656205 14732.531532 438.457418
-3147.343646 14738.221732 438.338303
-3149.024028 14743.920842 438.223464
-3150.861298 14750.186435 438.110018
-3152.530737 14755.900952 438.010997
-3154.191719 14761.604988 437.910034
-3156.019703 14767.903587 437.795929
-3157.675184 14773.620591 437.691570
-3159.498963 14779.924146 437.569693
-3161.161576 14785.672713 437.448658
-3162.822785 14791.421392 437.327611
-3164.649336 14797.752390 437.204408
-3166.311062 14803.520123 437.100190
-3167.975193 14809.294852 436.996159
-3169.814941 14815.665652 436.874912
-3171.486705 14821.440174 436.756625
-3173.166587 14827.233960 436.634030
-3175.019790 14833.619926 436.504899
-3176.704761 14839.423449 436.393285
-3178.394623 14845.251427 436.285316
-3180.246194 14851.643797 436.176662
-3181.935258 14857.468167 436.081653
-3183.798381 14863.883382 435.966512
-3185.497295 14869.723431 435.852513
-3187.200618 14875.568775 435.741032
-3189.075731 14881.997808 435.620274
-3190.783846 14887.851907 435.509325
-3192.495428 14893.714245 435.401391
-3194.380923 14900.167518 435.284537
-3196.101382 14906.049067 435.174783
-3197.999262 14912.522863 435.047500
-3199.731768 14918.418828 434.928868
-3201.471155 14924.322478 434.813572
-3203.399218 14930.835575 434.687319
-3205.161293 14936.746524 434.568460
-3206.941432 14942.668704 434.449041
-3208.922886 14949.198429 434.319494
-3210.743080 14955.136652 434.201409
-3212.588304 14961.094606 434.083222
-3214.636678 14967.638012 433.953146
-3216.524295 14973.601432 433.832717
-3218.629793 14980.169899 433.700214
-3220.572542 14986.148663 433.579240
-3222.545828 14992.139623 433.454163
-3224.743340 14998.714165 433.315366
-3226.776913 15004.707473 433.191406
-3229.050036 15011.304502 433.053307
-3231.150650 15017.308098 432.921944
-3233.283354 15023.322340 432.787017
-3235.650636 15029.918941 432.639648
-3237.827635 15035.927507 432.507804
-3240.021316 15041.942986 432.376953
-3242.446626 15048.566656 432.232670
-3244.658009 15054.591830 432.101265
-3246.869431 15060.606265 431.971575
-3249.308618 15067.224925 431.831444
-3251.528743 15073.232229 431.702795
-3253.979146 15079.846172 431.555413
-3256.204014 15085.838270 431.419433
-3258.431674 15091.823673 431.284991
-3260.888148 15098.403084 431.139686
-3263.125730 15104.373122 431.010262
-3265.370365 15110.337515 430.880407
-3267.836168 15116.862934 430.734266
-3270.079380 15122.787235 430.599589
-3272.538267 15129.283528 430.455372
-3274.762988 15135.167782 430.328528
-3276.979672 15141.038835 430.202703
-3279.403058 15147.466180 430.066891
-3281.601867 15153.296656 429.944401
-3283.796751 15159.103532 429.821595
-3286.209241 15165.468929 429.683717
-3288.400981 15171.234097 429.554487
-3290.591646 15176.974863 429.420935
-3293.001370 15183.264008 429.274735
-3295.190770 15188.953729 429.146127
-3297.594089 15195.173541 429.010443
-3299.778848 15200.812625 428.893624
-3301.956348 15206.426230 428.782021
-3304.352859 15212.593483 428.660901
-3306.529592 15218.178084 428.548408
-3308.706293 15223.743784 428.434942
-3311.102613 15229.851962 428.311031
-3313.280368 15235.391218 428.197915
-3315.455212 15240.915497 428.083703
-3317.850023 15246.985959 427.959550
-3320.022471 15252.478034 427.847011
-3322.198326 15257.970494 427.734207
-3324.579036 15263.980882 427.613153
-3326.744014 15269.448431 427.505829
-3328.908263 15274.910440 427.403742
-3331.287908 15280.913228 427.295477
-3333.444804 15286.357773 427.195612
-3335.822169 15292.363714 427.080738
-3337.982046 15297.821729 426.972433
-3340.142337 15303.277217 426.862807
-3342.307060 15308.742418 426.751122
-3344.682627 15314.749974 426.626189
-3346.846414 15320.235840 426.513041
-3349.229051 15326.286930 426.385738
-3351.397435 15331.799525 426.266309
-3353.568348 15337.329607 426.148854
-3355.958199 15343.437956 426.021100
-3358.136032 15349.016536 425.904654
-3360.321169 15354.617699 425.787000
-3362.514247 15360.246413 425.666146
-3364.934476 15366.472295 425.529917
-3367.136204 15372.150778 425.401901
-3369.568794 15378.442037 425.258015
-3371.785381 15384.192576 425.129671
-3374.006928 15389.973086 425.005105
-3376.455773 15396.361738 424.868358
-3378.684271 15402.193120 424.744454
-3380.912525 15408.044859 424.621282
-3383.368613 15414.520708 424.482699
-3385.606015 15420.443164 424.353142
-3387.844683 15426.388586 424.221060
-3390.306832 15432.946188 424.071211
-3392.548108 15438.935073 423.928124
-3394.789981 15444.952842 423.781919
-3397.249998 15451.602548 423.622879
-3399.475919 15457.671937 423.481959
-3401.699508 15463.784643 423.344847
-3404.140555 15470.542367 423.193876
-3406.356737 15476.713459 423.054560
-3408.791135 15483.530651 422.900421
-3410.991923 15489.733017 422.758267
-3413.188879 15495.968732 422.614243
-3415.594464 15502.849869 422.457424
-3417.770609 15509.123580 422.317367
-3420.149874 15516.035470 422.165852
-3422.293961 15522.311239 422.029172
-3424.426074 15528.602574 421.892208
-3426.749663 15535.524954 421.743443
-3428.844892 15541.827473 421.609397
-3431.127302 15548.759047 421.462593
-3433.180384 15555.054463 421.330272
-3435.215482 15561.351051 421.197955
-3437.431621 15568.272923 421.051087
-3439.426402 15574.564610 420.916296
-3441.403803 15580.862073 420.781455
-3443.557947 15587.792426 420.635244
-3445.493578 15594.080335 420.505070
-3447.601087 15600.990155 420.362726
-3449.504198 15607.285570 420.232786
-3451.388304 15613.570281 420.102638
-3453.443709 15620.490074 419.958763
-3455.293129 15626.777107 419.828912
-3457.126778 15633.070102 419.701216
-3459.129469 15640.010666 419.559153
-3460.928006 15646.301868 419.426143
-3462.715348 15652.609072 419.290166
-3464.663300 15659.551714 419.141911
-3466.416287 15665.867060 419.012811
-3468.328481 15672.829519 418.876038
-3470.043946 15679.137517 418.748550
-3471.749657 15685.463961 418.612499
-3473.609803 15692.421632 418.458260
-3475.288578 15698.752138 418.317484
-3476.958088 15705.093157 418.179202
-3478.783337 15712.064215 418.031449
-3480.440871 15718.408996 417.898896
-3482.263784 15725.385801 417.754872
-3483.923223 15731.731710 417.628048
-3485.584948 15738.079483 417.503989
-3487.411828 15745.052133 417.368021
-3489.073470 15751.391852 417.245388
-3490.735764 15757.727130 417.121017
-3492.572031 15764.713240 416.981287
-3494.241471 15771.055209 416.853161
-3495.911342 15777.393368 416.725278
-3497.754401 15784.386861 416.584936
-3499.432459 15790.744029 416.454827
-3501.287708 15797.752551 416.306191
-3502.979487 15804.123323 416.167847
-3504.679285 15810.500506 416.032219
-3506.557799 15817.516854 415.888301
-3508.274905 15823.900124 415.760835
-3510.006119 15830.301042 415.633858
-3511.916787 15837.314104 415.491278
-3513.672426 15843.703300 415.356714
-3515.443992 15850.095353 415.219313
-3517.412617 15857.129686 415.069257
-3519.222205 15863.527621 414.934749
-3521.228440 15870.542978 414.787143
-3523.077169 15876.932868 414.652767
-3524.944740 15883.312293 414.519896
-3527.026727 15890.330452 414.373463
-3528.945536 15896.709759 414.238091
-3530.889369 15903.085659 414.100346
-3533.055607 15910.091084 413.947409
-3535.051037 15916.457952 413.809067
-3537.073072 15922.828700 413.671762
-3539.328644 15929.837068 413.520667
-3541.404061 15936.194751 413.382922
-3543.724264 15943.198059 413.229665
-3545.860147 15949.546401 413.089773
-3548.032617 15955.906523 412.950016
-3550.453412 15962.878898 412.795826
-3552.693561 15969.224178 412.652608
-3554.963960 15975.552075 412.506911
-3557.502423 15982.510141 412.344540
-3559.849628 15988.842026 412.196150
-3562.459074 15995.778362 412.033191
-3564.864173 16002.087629 411.884324
-3567.296629 16008.392587 411.734678
-3570.002765 16015.319412 411.569339
-3572.493923 16021.624756 411.419609
-3574.995717 16027.899597 411.271736
-3577.774596 16034.813758 411.107893
-3580.311765 16041.095199 410.957901
-3582.853897 16047.375324 410.807936
-3585.657053 16054.290197 410.643463
-3588.195535 16060.546200 410.494600
-3590.995583 16067.441096 410.329519
-3593.540818 16073.700361 410.180163
-3596.086873 16079.952425 410.034965
-3598.888685 16086.826140 409.880323
-3601.435932 16093.070350 409.739013
-3603.981496 16099.310407 409.591858
-3606.769826 16106.167501 409.424151
-3609.286838 16112.392529 409.271494
-3612.033242 16119.231146 409.110299
-3614.506631 16125.435760 408.969914
-3616.959335 16131.634467 408.829677
-3619.634897 16138.446707 408.671910
-3622.053469 16144.642813 408.524485
-3624.444486 16150.796727 408.376147
-3627.063243 16157.558071 408.215356
-3629.430541 16163.683096 408.071377
-3632.022548 16170.402368 407.910679
-3634.368419 16176.494132 407.758311
-3636.695687 16182.549740 407.600270
-3639.242114 16189.196440 407.424695
-3641.536973 16195.209134 407.268572
-3643.814374 16201.194649 407.117564
-3646.297688 16207.739050 406.958205
-3648.535638 16213.656687 406.815858
-3650.974313 16220.131749 406.654145
-3653.169855 16225.988545 406.501051
-3655.345602 16231.822397 406.348138
-3657.716302 16238.214569 406.186176
-3659.842124 16243.976385 406.043191
-3661.951009 16249.719314 405.899779
-3664.246284 16256.005416 405.739922
-3666.310526 16261.697606 405.594255
-3668.354568 16267.377165 405.449463
-3670.579464 16273.614619 405.289961
-3672.579182 16279.274580 405.144251
-3674.561136 16284.939228 404.997688
-3676.719889 16291.176778 404.836764
-3678.658260 16296.840248 404.692186
-3680.581160 16302.518291 404.548861
-3682.668467 16308.751186 404.392204
-3684.549345 16314.430647 404.247986
-3686.415555 16320.124551 404.100555
-3688.440953 16326.371700 403.935254
-3690.266413 16332.067610 403.783500
-3692.072611 16337.773619 403.635144
-3694.034141 16344.060057 403.481174
-3695.794816 16349.787133 403.348517
-3697.528294 16355.497030 403.214800
-3699.418592 16361.790896 403.055643
-3701.120408 16367.515975 402.900231
-3702.973153 16373.820548 402.729212
-3704.641213 16379.565965 402.582930
-3706.292242 16385.312411 402.447248
-3708.093268 16391.636212 402.304502
-3709.720116 16397.391226 402.173215
-3711.339182 16403.153222 402.031823
-3713.113285 16409.503744 401.864769
-3714.711404 16415.261059 401.711047
-3716.302889 16421.033998 401.561129
-3718.041307 16427.390156 401.404611
-3719.612750 16433.175486 401.267774
-3721.336522 16439.549353 401.117299
-3722.900160 16445.344421 400.975035
-3724.462234 16451.142734 400.828974
-3726.182237 16457.541896 400.673142
-3727.741343 16463.358867 400.538276
-3729.296281 16469.180500 400.407129
-3730.998747 16475.578557 400.261740
-3732.545938 16481.408122 400.124503
-3734.092400 16487.240839 399.982205
-3735.796861 16493.670618 399.821296
-3737.340915 16499.495943 399.674843
-3739.042589 16505.920592 399.517000
-3740.587033 16511.761504 399.379995
-3742.129647 16517.608632 399.248415
-3743.826468 16524.052651 399.102977
-3745.360851 16529.891864 398.966837
-3746.895773 16535.748092 398.828059
-3748.583032 16542.195172 398.670393
-3750.117339 16548.056974 398.519278
-3751.806459 16554.509688 398.349224
-3753.340688 16560.375750 398.199357
-3754.875047 16566.249555 398.054959
-3756.560238 16572.708879 397.901488
-3758.090445 16578.583360 397.765448
-3759.620509 16584.464648 397.627649
-3761.299955 16590.925411 397.472147
-3762.827401 16596.805102 397.327339
-3764.355652 16602.689111 397.181200
-3766.038448 16609.165173 397.020050
-3767.569118 16615.054260 396.873279
-3769.256814 16621.543636 396.711965
-3770.792158 16627.437149 396.561153
-3772.329487 16633.330911 396.408376
-3774.022937 16639.818868 396.247371
-3775.564148 16645.719446 396.103986
-3777.107924 16651.622601 395.956842
-3778.809060 16658.116280 395.790745
-3780.358768 16664.018558 395.637393
-3781.920983 16669.950596 395.480851
-3783.629555 16676.422420 395.309770
-3785.192461 16682.331568 395.156285
-3786.915093 16688.833287 394.990868
-3788.484305 16694.747042 394.841402
-3790.059720 16700.669711 394.690200
-3791.798269 16707.178599 394.518866
-3793.390133 16713.106331 394.360287
-3794.993410 16719.040234 394.204832
-3796.772048 16725.574469 394.038938
-3798.404300 16731.520413 393.890677
-3800.217213 16738.061882 393.726318
-3801.886396 16744.019702 393.572813
-3803.575422 16749.981173 393.414884
-3805.455125 16756.541938 393.237412
-3807.183818 16762.518986 393.075147
-3808.925548 16768.499243 392.914623
-3810.854763 16775.083189 392.741278
-3812.621455 16781.073986 392.585352
-3814.404771 16787.073020 392.428365
-3816.383958 16793.667943 392.254732
-3818.202065 16799.668640 392.098740
-3820.221302 16806.267829 391.930668
-3822.076607 16812.267349 391.778546
-3823.959081 16818.288877 391.624686
-3826.045499 16824.885812 391.455382
-3827.968087 16830.893635 391.300300
-3829.914503 16836.906489 391.144174
-3832.085100 16843.526970 390.971183
-3834.087675 16849.554721 390.810467
-3836.317274 16856.179800 390.631266
-3838.372943 16862.212542 390.468569
-3840.452692 16868.246451 390.310724
-3842.769954 16874.889316 390.145480
-3844.908121 16880.941757 389.994868
-3847.068794 16886.980538 389.837998
-3849.480484 16893.634501 389.662144
-3851.704797 16899.697273 389.503236
-3853.954204 16905.764470 389.346705
-3856.456334 16912.451661 389.176474
-3858.750560 16918.534400 389.022434
-3861.064967 16924.627491 388.868300
-3863.629034 16931.337055 388.698113
-3865.974880 16937.450407 388.542296
-3868.334824 16943.588816 388.385459
-3870.933840 16950.350024 388.211891
-3873.307792 16956.529066 388.051242
-3875.689592 16962.733488 387.890102
-3878.319648 16969.600004 387.713073
-3880.716866 16975.878743 387.549124
-3883.114339 16982.181505 387.380859
-3885.756716 16989.153915 387.191479
-3888.165001 16995.530202 387.016539
-3890.578772 17001.947598 386.838216
-3893.229112 17009.037444 386.635809
-3895.636005 17015.525713 386.447456
-3898.036908 17022.050976 386.259067
-3900.674467 17029.274032 386.051085
-3903.070089 17035.879279 385.860148
-3905.459708 17042.517366 385.667434
-3908.084280 17049.881448 385.449485
-3910.460182 17056.626819 385.243208
-3913.057166 17064.090795 385.014258
-3915.412094 17070.942549 384.815173
-3917.742431 17077.802015 384.630344
-3920.298878 17085.406938 384.427601
-3922.613283 17092.353432 384.231041
-3925.144383 17100.019153 384.005472
-3927.432266 17107.015559 383.799042
-3929.704685 17114.026064 383.592283
-3932.189060 17121.752738 383.367362
-3934.433361 17128.784200 383.164328
-3936.887564 17136.527125 382.930973
-3939.107257 17143.585631 382.708091
-3941.517965 17151.325339 382.467809
-3943.687334 17158.365752 382.262676
-3945.837890 17165.420966 382.066047
-3948.181044 17173.191449 381.848716
-3950.287228 17180.247825 381.647969
-3952.375759 17187.308854 381.445958
-3954.652775 17195.078138 381.223658
-3956.703570 17202.139591 381.021920
-3958.938570 17209.902889 380.801155
-3960.949433 17216.947441 380.603044
-3962.944721 17223.989115 380.404326
-3965.121436 17231.724280 380.178771
-3967.083928 17238.745976 379.970586
-3969.224244 17246.461771 379.745361
-3971.151648 17253.465222 379.544185
-3973.065095 17260.467851 379.340781
-3975.155391 17268.170908 379.111752
-3977.043404 17275.173856 378.898871
-3978.925210 17282.195279 378.680861
-3980.976523 17289.893932 378.443554
-3982.831935 17296.897976 378.232219
-3984.678248 17303.904026 378.024348
-3986.698864 17311.609443 377.797925
-3988.529271 17318.620526 377.591398
-3990.534913 17326.327117 377.364761
-3992.354332 17333.333849 377.158901
-3994.173088 17340.343474 376.951638
-3996.173616 17348.052947 376.722737
-3997.992309 17355.064307 376.513029
-3999.798909 17362.039615 376.303916
-4001.790267 17369.742412 376.076077
-4003.599955 17376.748031 375.868887
-4005.414319 17383.773794 375.655368
-4007.402564 17391.464349 375.417026
-4009.218265 17398.470673 375.200960
-4011.216574 17406.176016 374.962243
-4013.033881 17413.181841 374.747996
-4014.859837 17420.207611 374.533925
-4016.864993 17427.904267 374.293199
-4018.695681 17434.921658 374.074486
-4020.527460 17441.937158 373.859862
-4022.547676 17449.661284 373.625162
-4024.386869 17456.675425 373.411029
-4026.230213 17463.684654 373.194984
-4028.264968 17471.397284 372.954074
-4030.120379 17478.407704 372.733242
-4032.166634 17486.114782 372.491599
-4034.033153 17493.122101 372.274659
-4035.901832 17500.111381 372.060612
-4037.970307 17507.803416 371.825968
-4039.863076 17514.789408 371.611023
-4041.771341 17521.772363 371.392970
-4043.890534 17529.450714 371.149847
-4045.834348 17536.423446 370.927800
-4047.993206 17544.095131 370.686979
-4049.971030 17551.055369 370.472534
-4051.972011 17558.026774 370.259342
-4054.193415 17565.685222 370.021723
-4056.229416 17572.639467 369.804665
-4058.279526 17579.601797 369.588421
-4060.542391 17587.264161 369.349370
-4062.607003 17594.245712 369.130580
-4064.664808 17601.200389 368.911699
-4066.940645 17608.888232 368.669896
-4069.011377 17615.878362 368.447671
-4071.296652 17623.588477 368.198131
-4073.380988 17630.619794 367.968860
-4075.459603 17637.644235 367.741560
-4077.745357 17645.402706 367.495419
-4079.815170 17652.465042 367.276617
-4081.878543 17659.540504 367.059758
-4084.137112 17667.325797 366.819528
-4086.182642 17674.411821 366.599129
-4088.218791 17681.495470 366.379979
-4090.447393 17689.288168 366.141418
-4092.462350 17696.375897 365.925723
-4094.662098 17704.175313 365.691703
-4096.640751 17711.258577 365.475805
-4098.605082 17718.342377 365.249308
-4100.749942 17726.117795 364.980142
-4102.685626 17733.185601 364.726322
-4104.600335 17740.241581 364.489429
-4106.689691 17747.993590 364.240776
-4108.577428 17755.034076 364.006211
-4110.634617 17762.754521 363.731303
-4112.496220 17769.792089 363.478643
-4114.337147 17776.809652 363.240860
-4116.347012 17784.524956 362.987816
-4118.165630 17791.534668 362.751147
-4119.976160 17798.533157 362.509884
-4121.954268 17806.225528 362.256679
-4123.731899 17813.194087 362.042038
-4125.502043 17820.172706 361.831395
-4127.439919 17827.830707 361.587889
-4129.202451 17834.793242 361.352019
-4131.143360 17842.449025 361.089802
-4132.905216 17849.385723 360.856322
-4134.670210 17856.326387 360.626901
-4136.611817 17863.957167 360.377011
-4138.379200 17870.896751 360.148326
-4140.151691 17877.841988 359.913595
-4142.103216 17885.468495 359.651367
-4143.881549 17892.407436 359.420265
-4145.660494 17899.351198 359.201355
-4147.619540 17907.004447 358.961967
-4149.404474 17913.976784 358.735874
-4151.372033 17921.656675 358.480301
-4153.165439 17928.651768 358.248448
-4154.960458 17935.648697 358.019859
-4156.939673 17943.361228 357.773236
-4158.734312 17950.353159 357.553097
-4160.534539 17957.360469 357.328300
-4162.517189 17965.065575 357.068754
-4164.325012 17972.076432 356.823876
-4166.141151 17979.105719 356.581162
-4168.131921 17986.805582 356.327575
-4169.945153 17993.815506 356.103840
-4171.945945 18001.537252 355.854458
-4173.769000 18008.561953 355.621295
-4175.599031 18015.604565 355.381552
-4177.610807 18023.331434 355.114950
-4179.450406 18030.382329 354.869541
-4181.292419 18037.428049 354.624618
-4183.324875 18045.187000 354.358095
-4185.178599 18052.254284 354.120308
-4187.028557 18059.298033 353.890742
-4189.072699 18067.064809 353.637207
-4190.936479 18074.126313 353.399262
-4192.995577 18081.900425 353.132591
-4194.874639 18088.972787 352.889981
-4196.755258 18096.036735 352.650871
-4198.829554 18103.809227 352.391827
-4200.723852 18110.880848 352.153985
-4202.623654 18117.948778 351.912758
-4204.718588 18125.727624 351.654788
-4206.620740 18132.791044 351.432118
-4208.526013 18139.869956 351.211451
-4210.625122 18147.665808 350.960868
-4212.530889 18154.745869 350.729576
-4214.624716 18162.534585 350.483726
-4216.526132 18169.612703 350.267796
-4218.425682 18176.682374 350.050206
-4220.514196 18184.450438 349.806737
-4222.417309 18191.524194 349.583610
-4224.312402 18198.565400 349.363333
-4226.396210 18206.312832 349.121783
-4228.287997 18213.355219 348.902069
-4230.366090 18221.099388 348.663861
-4232.257987 18228.154136 348.442176
-4234.141297 18235.176694 348.212152
-4236.214573 18242.909265 347.954822
-4238.097284 18249.944678 347.721231
-4239.974536 18256.978098 347.490032
-4242.040040 18264.728194 347.232829
-4243.912900 18271.763282 346.995571
-4245.783576 18278.800714 346.758466
-4247.836094 18286.534182 346.501266
-4249.698768 18293.558566 346.268801
-4251.745205 18301.281517 346.012646
-4253.600970 18308.290893 345.779571
-4255.455702 18315.298234 345.544565
-4257.496912 18323.006032 345.283602
-4259.353762 18330.011484 345.045243
-4261.213377 18337.022339 344.808102
-4263.259416 18344.726444 344.549274
-4265.122363 18351.723923 344.311484
-4266.992665 18358.732743 344.069659
-4269.052011 18366.438762 343.805323
-4270.923101 18373.428984 343.568954
-4272.988477 18381.125866 343.307919
-4274.871493 18388.124340 343.070040
-4276.757207 18395.117150 342.835635
-4278.843277 18402.827795 342.579703
-4280.739910 18409.805818 342.346292
-4282.649210 18416.792530 342.108525
-4284.763307 18424.475204 341.844013
-4286.701318 18431.457263 341.601891
-4288.658192 18438.441010 341.358914
-4290.823319 18446.087894 341.095263
-4292.814666 18453.044770 340.858174
-4295.025852 18460.690242 340.597415
-4297.052258 18467.638953 340.359447
-4299.094901 18474.602115 340.122003
-4301.345817 18482.225083 339.862485
-4303.415247 18489.169904 339.622651
-4305.506064 18496.114807 339.376570
-4307.827623 18503.753807 339.101625
-4309.956292 18510.706333 338.861051
-4312.317365 18518.352641 338.609213
-4314.486772 18525.299246 338.376252
-4316.682490 18532.246454 338.129382
-4319.126293 18539.883381 337.852210
-4321.374709 18546.822145 337.606310
-4323.646748 18553.744145 337.364776
-4326.174155 18561.340243 337.093063
-4328.503296 18568.253680 336.838945
-4330.854383 18575.159147 336.592815
-4333.452594 18582.713728 336.337630
-4335.840237 18589.587367 336.108595
-4338.491477 18597.142211 335.850948
-4340.924343 18604.006327 335.611688
-4343.378761 18610.871308 335.369164
-4346.097438 18618.414365 335.099653
-4348.589644 18625.281395 334.853063
-4351.098551 18632.154009 334.607003
-4353.878518 18639.722075 334.337565
-4356.430182 18646.624549 334.092780
-4359.247198 18654.197527 333.823877
-4361.834274 18661.107418 333.575758
-4364.440174 18668.023678 333.324519
-4367.328385 18675.644925 333.047102
-4369.972025 18682.595336 332.794362
-4372.611547 18689.527678 332.543423
-4375.527907 18697.189420 332.267355
-4378.183295 18704.170932 332.015851
-4380.842394 18711.165034 331.763957
-4383.774968 18718.879324 331.485776
-4386.443788 18725.900790 331.231980
-4389.116672 18732.935101 330.977446
-4392.059546 18740.684924 330.696500
-4394.741706 18747.759155 330.439329
-4397.677799 18755.528529 330.156167
-4400.342542 18762.608660 329.898348
-4403.001204 18769.698380 329.641558
-4405.916102 18777.495092 329.361092
-4408.569445 18784.608803 329.106341
-4411.206262 18791.686532 328.853165
-4414.116525 18799.497332 328.573347
-4416.762432 18806.596035 328.317653
-4419.673496 18814.403788 328.034812
-4422.327271 18821.515438 327.777116
-4424.973028 18828.594396 327.521909
-4427.893523 18836.392795 327.241747
-4430.550790 18843.474676 326.987492
-4433.210597 18850.555240 326.733044
-4436.141070 18858.345793 326.452451
-4438.807474 18865.412105 326.198080
-4441.753126 18873.178038 325.918516
-4444.448424 18880.241839 325.662829
-4447.158181 18887.302051 325.405322
-4450.153570 18895.055180 325.120704
-4452.897823 18902.108107 324.859400
-4455.655077 18909.151066 324.596393
-4458.697163 18916.892069 324.311587
-4461.468193 18923.930550 324.059793
-4464.242639 18930.970553 323.809658
-4467.299384 18938.718426 323.531915
-4470.080313 18945.758108 323.278202
-4472.868576 18952.808405 323.023893
-4475.947256 18960.584841 322.743689
-4478.740660 18967.634554 322.489701
-4481.538671 18974.702688 322.233272
-4484.607565 18982.485488 321.949288
-4487.387791 18989.573884 321.691218
-4490.163885 18996.690463 321.433758
-4493.192091 19004.499657 321.153414
-4495.939514 19011.626547 320.899165
-4498.949601 19019.481076 320.619795
-4501.674781 19026.639866 320.365219
-4504.390139 19033.824234 320.109672
-4507.357101 19041.734586 319.826956
-4510.044658 19048.955155 319.566179
-4512.716640 19056.191179 319.301543
-4515.639285 19064.178607 319.012078
-4518.279876 19071.467666 318.754584
-4520.899825 19078.774491 318.500307
-4523.765208 19086.856128 318.219116
-4526.351509 19094.234932 317.961004
-4528.921220 19101.648919 317.702927
-4531.725615 19109.839482 317.419582
-4534.252089 19117.312912 317.160472
-4536.760669 19124.829561 316.897852
-4539.496427 19133.142163 316.605684
-4541.962032 19140.739526 316.338649
-4544.653454 19149.147549 316.043914
-4547.070834 19156.798344 315.776301
-4549.473438 19164.492300 315.506538
-4552.094064 19172.988529 315.207074
-4554.460363 19180.752394 314.933057
-4556.801948 19188.520172 314.657699
-4559.358344 19197.102515 314.352602
-4561.661034 19204.930380 314.077254
-4564.170241 19213.573981 313.781350
-4566.431816 19221.472110 313.515385
-4568.661187 19229.356292 313.245853
-4571.097786 19238.083714 312.941393
-4573.291359 19246.040834 312.659969
-4575.464729 19254.018134 312.376142
-4577.832593 19262.814758 312.067427
-4579.956047 19270.794150 311.793240
-4582.271715 19279.590117 311.491993
-4584.355804 19287.591261 311.215787
-4586.419760 19295.596487 310.939114
-4588.671334 19304.415945 310.634866
-4590.700315 19312.433785 310.357707
-4592.918511 19321.267665 310.051610
-4594.921833 19329.299029 309.773650
-4596.916688 19337.341051 309.495447
-4599.100536 19346.191728 309.188248
-4601.073577 19354.232996 308.909278
-4603.037445 19362.284197 308.631653
-4605.189080 19371.164227 308.328195
-4607.131113 19379.238198 308.052977
-4609.057742 19387.303336 307.777308
-4611.167518 19396.184890 307.471484
-4613.084912 19404.277222 307.186003
-4615.002901 19412.372545 306.892217
-4617.120507 19421.306990 306.569082
-4619.042060 19429.417054 306.287810
-4621.155417 19438.351198 305.996868
-4623.076403 19446.484721 305.741519
-4624.999175 19454.629932 305.478544
-4627.121039 19463.614495 305.174371
-4629.044372 19471.753129 304.891539
-4630.975464 19479.921190 304.606614
-4633.103875 19488.921018 304.295331
-4635.041068 19497.111120 304.013366
-4636.985441 19505.329035 303.729558
-4639.120362 19514.344976 303.417420
-4641.069166 19522.567792 303.131439
-4643.217316 19531.622922 302.815332
-4645.173678 19539.862979 302.527942
-4647.133624 19548.115261 302.241385
-4649.294010 19557.205702 301.926768
-4651.262843 19565.480300 301.640377
-4653.235308 19573.761034 301.353983
-4655.408156 19582.878696 301.041130
-4657.389653 19591.188400 300.758253
-4659.371796 19599.494529 300.472327
-4661.557517 19608.655202 300.154895
-4663.546920 19617.000619 299.868403
-4665.736866 19626.193564 299.552520
-4667.724427 19634.542802 299.262780
-4669.714786 19642.914103 298.970816
-4671.903134 19652.132889 298.650523
-4673.891871 19660.524686 298.361384
-4675.882884 19668.938979 298.073249
-4678.067192 19678.185346 297.756211
-4680.053047 19686.607123 297.466091
-4682.037343 19695.040371 297.176526
-4684.217950 19704.330529 296.859491
-4686.201145 19712.800094 296.570965
-4688.375544 19722.107321 296.253372
-4690.351579 19730.583272 295.963820
-4692.325948 19739.069280 295.673756
-4694.495904 19748.417544 295.354280
-4696.468921 19756.939392 295.063473
-4698.432146 19765.439252 294.772877
-4700.595369 19774.828165 294.450240
-4702.557090 19783.364667 294.155577
-4704.516698 19791.911454 293.859465
-4706.671631 19801.332140 293.532090
-4708.627313 19809.902897 293.234585
-4710.775103 19819.341728 292.909227
-4712.724629 19827.933151 292.615152
-4714.672215 19836.534998 292.320721
-4716.812948 19846.009278 291.993912
-4718.755220 19854.623340 291.695084
-4720.695879 19863.251079 291.396567
-4722.827546 19872.754960 291.069938
-4724.764397 19881.413954 290.772789
-4726.695567 19890.067003 290.473334
-4728.818320 19899.597298 290.139281
-4730.747840 19908.278338 289.831984
-4732.674861 19916.970402 289.524221
-4734.794464 19926.561214 289.187075
-4736.708638 19935.252407 288.885096
-4738.813703 19944.846374 288.554995
-4740.723254 19953.579715 288.254663
-4742.630563 19962.325331 287.952046
-4744.729365 19971.964779 287.615707
-4746.636539 19980.727292 287.307241
-4748.545611 19989.496768 286.998061
-4750.647945 19999.154326 286.660643
-4752.561425 20007.948129 286.355775
-4754.479868 20016.771752 286.050167
-4756.581763 20026.451992 285.714860
-4758.498548 20035.290669 285.408575
-4760.605331 20045.008174 285.069804
-4762.524835 20053.861464 284.758566
-4764.446405 20062.726313 284.447395
-4766.559732 20072.483908 284.109143
-4768.480779 20081.365931 283.806592
-4770.400997 20090.258366 283.508290
-4772.515388 20100.061453 283.177230
-4774.436733 20108.975750 282.869966
-4776.356992 20117.893859 282.559819
-4778.470875 20127.722116 282.218325
-4780.393140 20136.668487 281.908179
-4782.511460 20146.538991 281.567207
-4784.428976 20155.487777 281.260298
-4786.349004 20164.466143 280.955602
-4788.462387 20174.369175 280.622125
-4790.382129 20183.377442 280.317689
-4792.305980 20192.410646 280.007775
-4794.419277 20202.334545 279.662014
-4796.344366 20211.372846 279.344876
-4798.274231 20220.430944 279.027433
-4800.400680 20230.411126 278.680958
-4802.336351 20239.498341 278.370493
-4804.465129 20249.495197 278.032933
-4806.404298 20258.600927 277.725073
-4808.345441 20267.711161 277.414193
-4810.484653 20277.745677 277.069773
-4812.433988 20286.888396 276.756668
-4814.379381 20296.015785 276.445803
-4816.523126 20306.079507 276.104984
-4818.473362 20315.237064 275.793431
-4820.425944 20324.401695 275.476525
-4822.577269 20334.498896 275.124543
-4824.533355 20343.686556 274.806793
-4826.686032 20353.806220 274.461305
-4828.643603 20363.016602 274.149044
-4830.604257 20372.249259 273.835478
-4832.758254 20382.399429 273.487349
-4834.719061 20391.644309 273.166640
-4836.681164 20400.900419 272.843516
-4838.841143 20411.094894 272.487417
-4840.808593 20420.383720 272.165173
-4842.774434 20429.668235 271.847227
-4844.938471 20439.893186 271.500481
-4846.907191 20449.198851 271.184361
-4849.076364 20459.448998 270.831488
-4851.056755 20468.798022 270.505300
-4853.031942 20478.116928 270.178134
-4855.213956 20488.409331 269.816861
-4857.198952 20497.768403 269.489664
-4859.188175 20507.141954 269.162725
-4861.380082 20517.466735 268.802912
-4863.374034 20526.858346 268.476790
-4865.370296 20536.260899 268.152212
-4867.569133 20546.614265 267.794843
-4869.570248 20556.031189 267.467781
-4871.775365 20566.403860 267.105116
-4873.779441 20575.829466 266.774102
-4875.787467 20585.273948 266.442770
-4877.997944 20595.672325 266.077543
-4880.010623 20605.142449 265.741986
-4882.022795 20614.618203 265.404939
-4884.233515 20625.049961 265.036684
-4886.242069 20634.549476 264.703838
-4888.250499 20644.064389 264.368343
-4890.458718 20654.548178 263.995155
-4892.455785 20664.056707 263.658234
-4894.651420 20674.539382 263.289246
-4896.645313 20684.084663 262.954374
-4898.634930 20693.634539 262.624194
-4900.825587 20704.170002 262.265763
-4902.808738 20713.725122 261.941055
-4904.791759 20723.308705 261.613114
-4906.966307 20733.864353 261.249703
-4908.937819 20743.475453 260.919773
-4910.908247 20753.105394 260.592094
-4913.073522 20763.696913 260.231717
-4915.045838 20773.344658 259.901110
-4917.218235 20783.969328 259.534345
-4919.195220 20793.638603 259.200768
-4921.175343 20803.323632 258.869354
-4923.353239 20813.972575 258.505628
-4925.339157 20823.678698 258.172297
-4927.323663 20833.377253 257.838197
-4929.508692 20844.059145 257.469770
-4931.499217 20853.790974 257.132323
-4933.490602 20863.523032 256.791346
-4935.685158 20874.239658 256.415834
-4937.685777 20883.995724 256.075441
-4939.891364 20894.733380 255.698301
-4941.900935 20904.509101 255.355374
-4943.906455 20914.268190 255.019196
-4946.119688 20925.038068 254.653554
-4948.133986 20934.830920 254.319754
-4950.156805 20944.651320 253.981871
-4952.376953 20955.422381 253.608601
-4954.397922 20965.234222 253.268344
-4956.419714 20975.063452 252.929295
-4958.642925 20985.884972 252.555129
-4960.668366 20995.749924 252.209742
-4962.889183 21006.570627 251.826645
-4964.912002 21016.438611 251.476142
-4966.933027 21026.317397 251.126874
-4969.155550 21037.202176 250.742484
-4971.179659 21047.127843 250.389191
-4973.195356 21057.017849 250.035420
-4975.418718 21067.935830 249.645671
-4977.436876 21077.861939 249.293933
-4979.452970 21087.802296 248.945087
-4981.669122 21098.758965 248.562066
-4983.677947 21108.714544 248.212286
-4985.886602 21119.683149 247.825584
-4987.894266 21129.671867 247.473210
-4989.898443 21139.659863 247.118625
-4992.101754 21150.666190 246.727046
-4994.100138 21160.677129 246.373761
-4996.097963 21170.709511 246.023633
-4998.295358 21181.769645 245.639310
-5000.289059 21191.825947 245.288432
-5002.277185 21201.875613 244.937632
-5004.461171 21212.942382 244.553057
-5006.446280 21223.022639 244.202051
-5008.626928 21234.118937 243.812593
-5010.610198 21244.237207 243.456553
-5012.582726 21254.327888 243.102470
-5014.753618 21265.461659 242.710176
-5016.725936 21275.598958 242.349973
-5018.694420 21285.738298 241.990081
-5020.861173 21296.930478 241.597096
-5022.819029 21307.075755 241.244630
-5024.778467 21317.256840 240.891126
-5026.931091 21328.466609 240.496536
-5028.885868 21338.666065 240.131998
-5031.038864 21349.923502 239.729510
-5032.984205 21360.117514 239.368282
-5034.932749 21370.348014 239.009169
-5037.073194 21381.606084 238.615598
-5039.014777 21391.835200 238.257700
-5040.957672 21402.085228 237.898979
-5043.090772 21413.352726 237.503322
-5045.030636 21423.612528 237.142059
-5046.968751 21433.871313 236.781206
-5049.101488 21445.164194 236.383388
-5051.041282 21455.441113 236.023683
-5053.172132 21466.740941 235.630906
-5055.109834 21477.022298 235.270406
-5057.050578 21487.319026 234.903694
-5059.187378 21498.647010 234.497026
-5061.127244 21508.917493 234.129422
-5063.073202 21519.206165 233.764804
-5065.210720 21530.493905 233.369283
-5067.157766 21540.769845 233.011380
-5069.305251 21552.093917 232.614603
-5071.256578 21562.371234 232.251683
-5073.212074 21572.662118 231.888695
-5075.365757 21583.990854 231.488242
-5077.325354 21594.292595 231.120659
-5079.288443 21604.604518 230.752056
-5081.448256 21615.939262 230.350347
-5083.414785 21626.248031 229.987406
-5085.384457 21636.562977 229.626211
-5087.551856 21647.908932 229.233250
-5089.525769 21658.246742 228.879836
-5091.689667 21669.588957 228.494370
-5093.659208 21679.916976 228.141673
-5095.630048 21690.253357 227.783749
-5097.798129 21701.632546 227.386252
-5099.770097 21711.994345 227.025176
-5101.740646 21722.359404 226.664717
-5103.909645 21733.777989 226.265428
-5105.881362 21744.162207 225.898479
-5107.853214 21754.547777 225.527266
-5110.023555 21765.982998 225.117488
-5111.995338 21776.378218 224.747005
-5114.163792 21787.819069 224.342568
-5116.135483 21798.231151 223.976807
-5118.109819 21808.663142 223.609599
-5120.276132 21820.112066 223.203720
-5122.249232 21830.540630 222.831917
-5124.224081 21840.978811 222.460603
-5126.396153 21852.457855 222.057193
-5128.376803 21862.923038 221.694252
-5130.352111 21873.356521 221.333718
-5132.530313 21884.854017 220.934082
-5134.512817 21895.311845 220.567085
-5136.697682 21906.830286 220.159806
-5138.688644 21917.316749 219.785020
-5140.675422 21927.771417 219.406866
-5142.867503 21939.300599 218.989592
-5144.860446 21949.780302 218.613005
-5146.854817 21960.267489 218.238829
-5149.050444 21971.815797 217.829246
-5151.043925 21982.304553 217.458359
-5153.037123 21992.794966 217.087651
-5155.231409 22004.341416 216.677051
-5157.228189 22014.844046 216.300167
-5159.226085 22025.352645 215.922725
-5161.422780 22036.908337 215.510533
-5163.419509 22047.412955 215.138074
-5165.617221 22058.984669 214.728171
-5167.615214 22069.522227 214.357172
-5169.608254 22080.047866 213.986175
-5171.796941 22091.610353 213.570510
-5173.791552 22102.142803 213.185223
-5175.788669 22112.685300 212.797735
-5177.986962 22124.297714 212.374766
-5179.978096 22134.830268 211.995948
-5181.971299 22145.385674 211.616711
-5184.162227 22156.994993 211.195567
-5186.157596 22167.566739 210.806942
-5188.356673 22179.218398 210.375759
-5190.347132 22189.775752 209.988393
-5192.337628 22200.353817 209.608160
-5194.527625 22212.012427 209.194815
-5196.517764 22222.615657 208.817398
-5198.506348 22233.210978 208.435345
-5200.693288 22244.866332 208.013103
-5202.682605 22255.478433 207.632772
-5204.869016 22267.155329 207.217596
-5206.856157 22277.780815 206.840573
-5208.844329 22288.423634 206.463843
-5211.025308 22300.107319 206.046841
-5213.010961 22310.743575 205.660536
-5214.998264 22321.388972 205.269517
-5217.183126 22333.103832 204.842165
-5219.167367 22343.756602 204.459051
-5221.151819 22354.417912 204.077485
-5223.336077 22366.153945 203.657272
-5225.323069 22376.829021 203.274122
-5227.314106 22387.520372 202.888191
-5229.501925 22399.258938 202.463418
-5231.494866 22409.944469 202.077339
-5233.691918 22421.713417 201.652985
-5235.691686 22432.413764 201.267989
-5237.697706 22443.134844 200.882104
-5239.903434 22454.903718 200.456399
-5241.914759 22465.617290 200.066320
-5243.930053 22476.334848 199.674877
-5246.150849 22488.124573 199.244245
-5248.180559 22498.879570 198.851474
-5250.406290 22510.649410 198.420794
-5252.439906 22521.380452 198.027436
-5254.476930 22532.107833 197.634705
-5256.722150 22543.912775 197.204218
-5258.767742 22554.652684 196.814738
-5260.814779 22565.386331 196.427820
-5263.071881 22577.205518 196.000679
-5265.128288 22587.953055 195.608025
-5267.189049 22598.703991 195.213013
-5269.466181 22610.557864 194.776240
-5271.533027 22621.294942 194.384301
-5273.814750 22633.135902 193.961210
-5275.891825 22643.898203 193.578730
-5277.976522 22654.674029 193.192760
-5280.281035 22666.549857 192.766152
-5282.376301 22677.310172 192.380146
-5284.485974 22688.101893 191.992232
-5286.820146 22699.981107 191.562848
-5288.959143 22710.804482 191.170462
-5291.105257 22721.599159 190.779625
-5293.485487 22733.490939 190.350870
-5295.668461 22744.318375 189.961166
-5298.088295 22756.232224 189.529723
-5300.308436 22767.095955 189.132215
-5302.529391 22777.918588 188.734587
-5304.988187 22789.856474 188.298689
-5307.234466 22800.712197 187.906411
-5309.494381 22811.569874 187.516895
-5312.006149 22823.548877 187.087641
-5314.298317 22834.393496 186.698825
-5316.616368 22845.275137 186.309259
-5319.189716 22857.249158 185.879868
-5321.552572 22868.146558 185.487767
-5324.178139 22880.151416 185.057260
-5326.585069 22891.061074 184.667920
-5329.015812 22901.983725 184.277329
-5331.716964 22914.010701 183.844065
-5334.195905 22924.954022 183.447010
-5336.696715 22935.912710 183.048075
-5339.466121 22947.967278 182.609924
-5342.004839 22958.955769 182.212105
-5344.553985 22969.940028 181.816308
-5347.381634 22982.073907 181.380611
-5349.957692 22993.085729 180.984441
-5352.810199 23005.242266 180.544563
-5355.413422 23016.315123 180.142258
-5358.024583 23027.412973 179.739512
-5360.909899 23039.670261 179.295742
-5363.533608 23050.807275 178.891767
-5366.168319 23061.983831 178.485355
-5369.075432 23074.313618 178.037365
-5371.727330 23085.560075 177.630035
-5374.392231 23096.864460 177.222470
-5377.318278 23109.280180 176.774321
-5379.991007 23120.622644 176.363226
-5382.668583 23131.995025 175.952246
-5385.619558 23144.547098 175.500367
-5388.310371 23156.004291 175.087049
-5391.271927 23168.624822 174.629936
-5393.972699 23180.149064 174.212044
-5396.675765 23191.699006 173.791571
-5399.652518 23204.437629 173.328427
-5402.366605 23216.074267 172.908930
-5405.078534 23227.724013 172.491754
-5408.065290 23240.580278 172.035597
-5410.784968 23252.307586 171.621691
-5413.780664 23265.241007 171.162808
-5416.507875 23277.031310 170.740818
-5419.235809 23288.841345 170.316424
-5422.238608 23301.856789 169.849757
-5424.971964 23313.712508 169.428719
-5427.705981 23325.573324 169.012879
-5430.709310 23338.598347 168.560383
-5433.444771 23350.452219 168.150097
-5436.457520 23363.491556 167.699121
-5439.200733 23375.344535 167.288929
-5441.953999 23387.218356 166.877567
-5444.981010 23400.243305 166.425618
-5447.741797 23412.090900 166.013615
-5450.787521 23425.118801 165.560324
-5453.566773 23436.961288 165.148416
-5456.359823 23448.810689 164.735989
-5459.438483 23461.808550 164.283101
-5462.253323 23473.634954 163.870490
-5465.082847 23485.464358 163.457112
-5468.209499 23498.462549 163.002853
-5471.072668 23510.297799 162.590131
-5473.940567 23522.090483 162.180276
-5477.118792 23535.085853 161.728880
-5480.023232 23546.893472 161.317586
-5483.237387 23559.882691 160.864083
-5486.180444 23571.700385 160.451207
-5489.138714 23583.499647 160.038858
-5492.420420 23596.490267 159.584356
-5495.423305 23608.285726 159.170149
-5498.453183 23620.097838 158.754101
-5501.810714 23633.081033 158.295904
-5504.887272 23644.881271 157.878288
-5507.987092 23656.690096 157.459907
-5511.410953 23669.680607 156.999564
-5514.529876 23681.493547 156.581802
-5517.958727 23694.469676 156.124305
-5521.081344 23706.283197 155.708485
-5524.207005 23718.100567 155.292507
-5527.650909 23731.105797 154.834018
-5530.792295 23742.955152 154.416256
-5533.925694 23754.765814 154.000617
-5537.376833 23767.771577 153.543741
-5540.517360 23779.609317 153.128604
-5543.659390 23791.459086 152.713298
-5547.114486 23804.516094 152.253976
-5550.231884 23816.347847 151.835420
-5553.339875 23828.211231 151.416614
-5556.738903 23841.271034 150.957394
-5559.810988 23853.153401 150.541366
-5562.873298 23865.070441 150.129109
-5566.212513 23878.140553 149.680930
-5569.240136 23890.051373 149.270177
-5572.558282 23903.167789 148.812753
-5575.562092 23915.100115 148.394393
-5578.556105 23927.053864 147.974715
-5581.835227 23940.217091 147.513442
-5584.799357 23952.182507 147.092392
-5587.750589 23964.169782 146.667242
-5590.978964 23977.382090 146.199629
-5593.897154 23989.425221 145.775795
-5596.786319 24001.448815 145.351775
-5599.948113 24014.723717 144.883243
-5602.799695 24026.801447 144.460023
-5605.637052 24038.919118 144.037035
-5608.727185 24052.233279 143.570288
-5611.520462 24064.377613 143.140895
-5614.572012 24077.771680 142.662609
-5617.326730 24089.983488 142.223992
-5620.066048 24102.243037 141.783697
-5623.045608 24115.708807 141.303518
-5625.738550 24127.998046 140.868879
-5628.411275 24140.305082 140.433789
-5631.331631 24153.877340 139.953467
-5633.968022 24166.245681 139.515792
-5636.842634 24179.856186 139.034625
-5639.437858 24192.252723 138.597487
-5642.016926 24204.671384 138.158693
-5644.835476 24218.349994 137.671825
-5647.382328 24230.800620 137.227117
-5649.904352 24243.215983 136.785743
-5652.664274 24256.906572 136.302325
-5655.156640 24269.357460 135.861289
-5657.881792 24283.060920 135.372556
-5660.344531 24295.527777 134.927136
-5662.792212 24307.993577 134.484799
-5665.470928 24321.709376 134.003017
-5667.896175 24334.184951 133.564746
-5670.315661 24346.685632 133.123652
-5672.956096 24360.392983 132.639015
-5675.348850 24372.880033 132.196550
-5677.966825 24386.621924 131.711437
-5680.336256 24399.132651 131.272204
-5682.697279 24411.668919 130.830760
-5685.272421 24425.418299 130.343435
-5687.607386 24437.944742 129.895234
-5689.935276 24450.480450 129.441549
-5692.488874 24464.282257 128.941456
-5694.803018 24476.837173 128.491424
-5697.107907 24489.385822 128.046374
-5699.639919 24503.202291 127.557042
-5701.939220 24515.759984 127.105419
-5704.467596 24529.586232 126.599373
-5706.764336 24542.177124 126.137752
-5709.051835 24554.750488 125.682211
-5711.566225 24568.602627 125.187205
-5713.848775 24581.198124 124.737881
-5716.128762 24593.796528 124.286109
-5718.632078 24607.656480 123.790251
-5720.905004 24620.260267 123.339135
-5723.177032 24632.867492 122.886108
-5725.674992 24646.736644 122.383948
-5727.945723 24659.353581 121.925967
-5730.441411 24673.237626 121.427157
-5732.703632 24685.839790 120.977636
-5734.961499 24698.427304 120.528039
-5737.449309 24712.310569 120.028209
-5739.709814 24724.938086 119.574849
-5741.959541 24737.525957 119.129758
-5744.432160 24751.389751 118.642720
-5746.678183 24764.000829 118.196958
-5748.922565 24776.617118 117.747657
-5751.393552 24790.532318 117.250908
-5753.624362 24803.121399 116.803765
-5756.081291 24817.009299 116.308453
-5758.315128 24829.647934 115.849405
-5760.548189 24842.285332 115.384445
-5763.002152 24856.197258 114.875308
-5765.227255 24868.841777 114.422272
-5767.450332 24881.490497 113.977357
-5769.893627 24895.406385 113.491780
-5772.113515 24908.058405 113.051565
-5774.336057 24920.726282 112.609282
-5776.778616 24934.649507 112.121065
-5779.000742 24947.318766 111.676596
-5781.449117 24961.262728 111.185008
-5783.679622 24973.939315 110.732367
-5785.913706 24986.617878 110.277145
-5788.373680 25000.566144 109.787890
-5790.612433 25013.247904 109.354057
-5792.855620 25025.937447 108.919389
-5795.327042 25039.913851 108.440761
-5797.568292 25052.589509 108.012994
-5799.817234 25065.293349 107.584784
-5802.295700 25079.262901 107.105667
-5804.555071 25091.970373 106.663250
-5807.048063 25105.961481 106.170601
-5809.320516 25118.679234 105.718447
-5811.598579 25131.394490 105.262757
-5814.111356 25145.389408 104.764805
-5816.399928 25158.114480 104.320735
-5818.694188 25170.861081 103.878241
-5821.213208 25184.845861 103.388911
-5823.508003 25197.567753 102.939269
-5826.038209 25211.577475 102.438522
-5828.337393 25224.300883 101.981312
-5830.644431 25237.063088 101.524246
-5833.173861 25251.053426 101.027478
-5835.478051 25263.804638 100.579125
-5837.781000 25276.557120 100.134089
-5840.314286 25290.592930 99.645358
