-0.21426546 0.15715926 0.04081321
-0.06678626 0.47145565 -0.07718305
0.09664892 0.82678955 -0.17126430
0.27781770 1.22254603 -0.24375482
0.47807782 1.65784578 -0.29686723
0.69840711 2.13158814 -0.33271091
0.93944549 2.64250646 -0.35329531
1.20151883 3.18920007 -0.36054300
1.48467966 3.77017696 -0.35629815
1.78872927 4.38388412 -0.34234536
2.11324542 5.02873909 -0.32041880
2.45760721 5.70315972 -0.29221836
2.82101190 6.40557525 -0.25941774
3.20249803 7.13444943 -0.22367459
3.60097024 7.88830054 -0.18664164
4.01521452 8.66570655 -0.14997694
4.44367671 9.46519050 -0.11691255
4.88498730 10.28542350 -0.08912539
5.33845042 11.12524845 -0.06460751
5.80316828 11.98360687 -0.04094134
6.27785507 12.85894847 -0.01584481
6.76136513 13.74769022 0.00960488
7.25186030 14.64885785 0.03288328
7.74692203 15.56227042 0.05332007
8.24549983 16.48581102 0.07052593
8.74765464 17.41902242 0.08620847
9.25271053 18.36253295 0.10312605
9.75982938 19.31525869 0.12037843
10.26900721 20.27347105 0.13530612
10.78029032 21.23509087 0.14699510
11.29350403 22.20001930 0.15495151
11.80803193 23.16845321 0.15918096
12.32358869 24.13917323 0.16181569
12.84085011 25.11026745 0.16798203
13.35980220 26.08095227 0.18111784
13.87941578 27.05050393 0.19813477
14.39825001 28.01692939 0.21387689
14.91531965 28.98001674 0.22392298
15.42983435 29.94446199 0.22840434
15.94277628 30.90983906 0.23358526
16.45511917 31.87341981 0.24337382
16.96580323 32.83793816 0.25640840
17.47351591 33.80364953 0.26801450
17.97708573 34.76587622 0.27675624
18.47545665 35.72407688 0.28314453
18.96807066 36.68009137 0.28683706
19.45564020 37.63376504 0.28774103
19.93794465 38.58124706 0.28652989
20.41373732 39.52165557 0.28141840
20.88362232 40.45614271 0.27507798
21.34999381 41.38097507 0.27272240
21.81299514 42.29716230 0.27215879
22.26972324 43.20721580 0.27211750
22.71933217 44.11063893 0.26820894
23.16362915 45.00581733 0.26226193
23.60422911 45.89207698 0.26215246
24.04211344 46.76941212 0.26803834
24.47629276 47.63811843 0.27467707
24.90583723 48.49894513 0.27880551
25.33180924 49.35085401 0.28060255
25.75530760 50.19410918 0.28108344
26.17760953 51.02922815 0.28408492
26.60012289 51.85410898 0.28951082
27.02068520 52.67139158 0.29131742
27.43716825 53.48373332 0.28750661
27.84851593 54.28897027 0.27820651
28.25393817 55.08568338 0.26576000
28.65427601 55.87386943 0.25694974
29.04872738 56.65290142 0.25612897
29.43522225 57.42067155 0.26144604
29.81299571 58.17614190 0.26638027
30.18300585 58.92006218 0.26932072
30.54610788 59.65228330 0.27348434
30.90281630 60.37259934 0.27896735
31.25299869 61.08176394 0.28278992
31.59653167 61.78112433 0.28487205
31.93402549 62.47059616 0.28736848
32.26534417 63.14851764 0.28990239
32.58840532 63.81405458 0.28989731
32.90107771 64.46668931 0.28704720
33.20459230 65.10528920 0.28336950
33.49950153 65.73082918 0.28046874
33.78526633 66.34469546 0.28269628
34.06242345 66.94414609 0.29481146
34.33047045 67.52742065 0.30966456
34.58979652 68.09540313 0.31941009
34.84233865 68.64844293 0.32560208
35.08925854 69.18921686 0.33157369
35.33080096 69.72094553 0.34172023
35.56849735 70.24182300 0.35554186
35.80614424 70.74611187 0.37027941
36.04495161 71.23360285 0.38727041
36.28284098 71.70950504 0.40359214
36.51888495 72.17627702 0.41413673
36.75540532 72.63175642 0.42098034
36.99622572 73.07021402 0.42657958
37.24266350 73.48846953 0.43207407
37.49494638 73.88784617 0.43863936
37.75465946 74.27100569 0.44492594
38.02403767 74.63825820 0.44916967
38.30423976 74.98869559 0.45002524
38.59557952 75.32080233 0.44793557
38.89769801 75.63207370 0.44490842
39.20958791 75.92126123 0.44125208
39.53056939 76.18698071 0.43588436
39.86037042 76.42790301 0.42822897
40.19830471 76.64343369 0.41750164
40.54309625 76.83282484 0.40569362
40.89363324 76.99558526 0.39644267
41.25024729 77.13246238 0.39019171
41.61330419 77.24507405 0.38448456
41.98155502 77.33438195 0.37679481
42.35281002 77.40009445 0.36716358
42.72551987 77.44132925 0.35708537
43.09911393 77.46043205 0.34802907
43.47446178 77.46329630 0.34000661
43.85079149 77.45145865 0.33194291
44.22455971 77.42119228 0.32337529
44.59475247 77.37006215 0.31573540
44.96292206 77.30102026 0.30957906
45.33468793 77.22203627 0.30236332
45.71554722 77.13911141 0.29310968
46.10495786 77.04976744 0.28523731
46.49815766 76.94624310 0.28068601
46.89306367 76.82631317 0.27740551
47.29139563 76.69184718 0.26963864
47.69621661 76.54640973 0.25180869
48.11320565 76.39334163 0.23264194
48.54323104 76.23038030 0.22702732
48.98326854 76.05509905 0.23305616
49.43181239 75.86751154 0.23993850
49.88861327 75.66724565 0.24320621
50.35467161 75.45419239 0.24296451
50.83194378 75.22900670 0.24069316
51.32179409 74.99149209 0.23764634
51.82460770 74.74145530 0.23385155
52.34164523 74.47942253 0.22871254
52.87271114 74.20459403 0.22340235
53.41571640 73.91583761 0.21932531
53.97109807 73.61470894 0.21595044
54.54028068 73.30286398 0.21263589
55.12172239 72.97974613 0.20903131
55.71435880 72.64474147 0.20489929
56.31994743 72.29927475 0.20012792
56.94023912 71.94520591 0.19444120
57.57492726 71.58245858 0.18868031
58.22435051 71.21099315 0.18380422
58.88929921 70.83201378 0.17898870
59.56925384 70.44639779 0.17387922
60.26319413 70.05564571 0.16745112
60.96891753 69.66134910 0.15947786
61.68368370 69.26430707 0.15143900
62.40679235 68.86683842 0.14201707
63.13782711 68.46941902 0.13267358
63.87320871 68.07063017 0.12817136
64.60991374 67.67065675 0.13169357
65.34686986 67.27088896 0.13947380
66.08403849 66.87211116 0.14745228
66.82157417 66.47435593 0.15558870
67.55908278 66.07832075 0.16295372
68.29678249 65.68416651 0.16919679
69.03424851 65.29149720 0.17502095
69.77057686 64.89981237 0.18196373
70.50440094 64.50748383 0.19044142
71.23438771 64.11328735 0.19981437
71.95926853 63.71782519 0.20863343
72.67806263 63.32064414 0.21519956
73.38991088 62.92062370 0.21902790
74.09344864 62.51719823 0.22178899
74.78873804 62.10973627 0.22669150
75.47568182 61.69845766 0.23316709
76.15312826 61.28381693 0.23860477
76.82089927 60.86624925 0.24318921
77.47885206 60.44588999 0.24742851
78.12651663 60.02292120 0.25116631
78.76285855 59.59778774 0.25475800
79.38707089 59.17155104 0.25944411
79.99970833 58.74565646 0.26525415
80.60050138 58.32032451 0.27139254
81.18931138 57.89577091 0.27802831
81.76630191 57.47229105 0.28539569
82.33141960 57.05100159 0.29330831
82.88506444 56.63416241 0.30057117
83.42787233 56.22431151 0.30623388
83.96005344 55.82327296 0.31071369
84.48034389 55.43180326 0.31454699
84.98744822 55.05090492 0.31816709
85.48186107 54.68277283 0.32185699
85.96421611 54.32931283 0.32565332
86.43369987 53.99173782 0.32957253
86.89022751 53.67200448 0.33461042
87.33488919 53.37210872 0.34011712
87.76949245 53.09066046 0.34440398
88.19794988 52.82420775 0.34761411
88.62503898 52.57105405 0.35159357
89.05262401 52.33026113 0.35690087
89.48107558 52.10246583 0.36327441
89.91161242 51.89010768 0.37151429
90.34540098 51.69581441 0.38185184
90.78311901 51.52146969 0.39262598
91.22438645 51.36860627 0.40147122
91.66846319 51.23887440 0.40757804
92.11371686 51.13223538 0.41172652
92.55854850 51.04918843 0.41473947
93.00341333 50.99363376 0.41644326
93.44927628 50.96853428 0.41682125
93.89591121 50.97526913 0.41665490
94.34152650 51.01330123 0.41770854
94.78423715 51.08002127 0.42188237
95.22311855 51.17515636 0.43060778
95.65683466 51.30078774 0.44223683
96.08423548 51.45744525 0.45384000
96.50513671 51.64480416 0.46353356
96.91945242 51.86212931 0.47180876
97.32672762 52.10753176 0.47849410
97.72653168 52.38099074 0.48240406
98.11844988 52.68084607 0.48060460
98.50395712 53.00012647 0.47219704
98.88607598 53.33418014 0.46282641
99.26454636 53.68514997 0.45676759
99.63849720 54.05336572 0.45250425
100.01002432 54.43638662 0.44519699
100.38184128 54.83215112 0.43473304
100.75461755 55.23890124 0.42373789
101.13089801 55.65416710 0.41596464
101.51487396 56.07561300 0.41352864
101.90689631 56.50327506 0.41091806
102.30670127 56.93699002 0.40541795
102.71417673 57.37825331 0.40289910
103.12905245 57.82969033 0.40645102
103.55249962 58.28781298 0.41400380
103.98666118 58.74709286 0.42382475
104.43130508 59.20901105 0.43360886
104.88380698 59.67759906 0.44007318
105.34428052 60.15096361 0.44133018
105.81272870 60.62857433 0.43896825
106.28726080 61.11417575 0.43263236
106.76768661 61.61117396 0.42326948
107.25704358 62.11844266 0.41776182
107.75652870 62.63393175 0.42004360
108.26391575 63.15812105 0.42935415
108.77644117 63.69051868 0.43657860
109.29318658 64.23255480 0.43536716
109.81630045 64.78198637 0.42901454
110.34773579 65.33565972 0.42160219
110.88755336 65.89624838 0.41803408
111.43538663 66.46419317 0.41926796
111.99059808 67.03892971 0.42443066
112.55126116 67.62212936 0.43102072
113.11611689 68.21290317 0.43412705
113.68468284 68.80943577 0.43460303
114.25622050 69.41223053 0.43405674
114.82947446 70.02338620 0.43047611
115.40677501 70.63909650 0.42547561
115.98899131 71.25768890 0.42214217
116.57484424 71.88081712 0.42314581
117.16565648 72.50381660 0.42627093
117.76025239 73.12397652 0.42570876
118.35865759 73.74096513 0.42623714
118.96134683 74.35454728 0.43200647
119.56498987 74.96650291 0.43991371
120.16608294 75.57913926 0.44778556
120.76712208 76.19214486 0.45304673
121.36905966 76.80496333 0.46010748
121.96829315 77.41717389 0.46744484
122.56418396 78.02716441 0.46789539
123.15920377 78.63204453 0.46508792
123.75509557 79.23696770 0.46667130
124.35254842 79.84694717 0.48289745
124.95138920 80.45777478 0.51369664
125.54591164 81.06758778 0.53622950
126.13108830 81.67550558 0.53452609
126.71062337 82.28156718 0.51922706
127.29004104 82.88641587 0.51037277
127.86958580 83.48905510 0.51931662
128.44578523 84.09126992 0.53428295
129.01723318 84.69416570 0.54384515
129.58505690 85.29814779 0.55181369
130.14533423 85.90748529 0.55672946
130.69906865 86.51965297 0.55976124
131.25162265 87.12984412 0.56710652
131.80228595 87.73899797 0.57646854
132.34926671 88.34683959 0.58203619
132.89307160 88.95165908 0.58481120
133.43433893 89.55358151 0.58632102
133.97153929 90.15628626 0.58820328
134.50359119 90.76236986 0.59434680
135.03167757 91.37151243 0.60162302
135.55547951 91.98501349 0.60423810
136.07349621 92.60225475 0.59798858
136.58869380 93.21916860 0.58313277
137.10411401 93.83574283 0.56462447
137.61848487 94.45719681 0.55025362
138.13013486 95.08611351 0.54670486
138.63715741 95.72410483 0.54957058
139.14128651 96.36752769 0.54946673
139.64531933 97.01216346 0.54541145
140.14624524 97.66206875 0.54261049
140.64196562 98.32021372 0.54592585
141.13325304 98.98523702 0.55406957
141.62098080 99.65345545 0.55880077
142.10504756 100.32383970 0.55789185
142.58367820 100.99873158 0.55199132
143.05545398 101.67768256 0.54053420
143.52158730 102.35919198 0.52685787
143.98414509 103.04306852 0.51190003
144.44555798 103.72776183 0.50017052
144.90532359 104.41382602 0.49366556
145.36131117 105.10224904 0.49029413
145.81425551 105.78964372 0.48535051
146.26385093 106.47378173 0.46953881
146.71328265 107.15411657 0.44255505
147.16044098 107.83770295 0.41423039
147.59928917 108.53294291 0.39640184
148.03321896 109.23641589 0.38603874
148.46506784 109.94533445 0.36987307
148.89350603 110.66084254 0.34711604
149.31743442 111.38056364 0.32330969
149.73625256 112.10468413 0.29680076
150.15416357 112.83164360 0.26532870
150.57422947 113.56011341 0.23941135
150.98706091 114.29849184 0.22549317
151.38918396 115.04822128 0.21637245
151.78713150 115.79984192 0.20208292
152.18144022 116.54851274 0.17519538
152.57133335 117.29666169 0.13854852
152.95873566 118.04729481 0.10290395
153.34996619 118.79868531 0.07642210
153.74659537 119.55085638 0.05763691
154.14070851 120.30683458 0.04003280
154.53034864 121.06476359 0.01887360
154.91628327 121.82388325 -0.00543900
155.30059126 122.58073938 -0.03488803
155.68715490 123.33177141 -0.06653003
156.07303951 124.08373983 -0.09197120
156.45330578 124.83990439 -0.10972098
156.82827693 125.59493305 -0.12293742
157.20159872 126.34426074 -0.14007277
157.57053138 127.08934921 -0.16860464
157.93351330 127.83243409 -0.20462151
158.29533015 128.57240210 -0.23686109
158.65672289 129.30825594 -0.26513942
159.01645416 130.03925336 -0.29785275
159.37263324 130.76516098 -0.33628553
159.72556954 131.48376685 -0.37768662
160.07633774 132.19410070 -0.42250069
160.42268321 132.89813126 -0.47353118
160.76542461 133.59532541 -0.52498726
161.10643101 134.28451444 -0.57005525
161.44591379 134.96596202 -0.60883986
161.78406394 135.63993131 -0.64144840
162.12105302 136.30667214 -0.66798604
162.45703000 136.96642976 -0.68855381
162.79212479 137.61944791 -0.70325000
163.12644593 138.26596103 -0.71217227
163.46007980 138.90619054 -0.71541420
163.79309169 139.54035473 -0.71306611
164.12552866 140.16866424 -0.70521577
164.45740764 140.79132316 -0.69195174
164.78872401 141.40852709 -0.67335816
165.11944920 142.02047000 -0.64951589
165.44953322 142.62733600 -0.62050659
165.77890317 143.22930336 -0.58640745
166.10746156 143.82654234 -0.54729166
166.43827679 144.41751690 -0.50220324
166.77350439 144.99904986 -0.45041388
167.11006737 145.57178127 -0.39858192
167.44504834 146.13881243 -0.35384401
167.77881571 146.70238535 -0.31798478
168.11254811 147.26523199 -0.28911238
168.44761974 147.82645764 -0.26020374
168.78490599 148.38703098 -0.22659516
169.12059499 148.94941792 -0.19530594
169.45209086 149.51397679 -0.17336884
169.78368644 150.07925394 -0.15607435
170.11981630 150.64260075 -0.13641799
170.45983563 151.20685887 -0.10987928
170.79930347 151.77642394 -0.07707880
171.13688568 152.35198211 -0.03946931
171.47726722 152.92836905 -0.00027327
171.82040361 153.50314764 0.02768304
172.15996193 154.08264820 0.03905501
172.49526237 154.66792316 0.04001994
172.83361674 155.25458261 0.03514897
173.17827328 155.84421871 0.03261046
173.52593961 156.43795622 0.04053282
173.87311251 157.03339951 0.05406684
174.21714842 157.63060900 0.06530312
174.55669507 158.22813307 0.06962449
174.89502210 158.82368413 0.07004794
175.23456775 159.41899602 0.07431861
175.57104004 160.01652768 0.08225698
175.90283638 160.61430852 0.09152018
176.23219457 161.20869320 0.09932359
176.55927790 161.79870388 0.10231215
176.88287424 162.38469215 0.10037747
177.20313490 162.96653134 0.09684827
177.51946704 163.54377048 0.09650036
177.83104013 164.11535183 0.10360818
178.13899366 164.67761370 0.11859078
178.44126474 165.22762159 0.13465235
178.73282830 165.76564039 0.14589681
179.01214667 166.29170800 0.15246872
179.28223683 166.80239664 0.15525098
179.54386710 167.29519710 0.15379997
179.79256919 167.77221344 0.14897411
180.02650404 168.23696993 0.14192102
180.24687925 168.69250584 0.13287085
180.45560807 169.14032204 0.12446378
180.65242962 169.58372105 0.11932091
180.83438335 170.02685782 0.11585863
181.00217210 170.46842636 0.11419598
181.15564150 170.90591706 0.11192675
181.28888788 171.34007921 0.10590235
181.39961843 171.77212184 0.09695430
181.49011816 172.20241076 0.08632650
181.55777141 172.63059418 0.07705974
181.60011432 173.05481792 0.07138664
181.61728543 173.47316531 0.06993401
181.61074019 173.88513469 0.06935568
181.58360827 174.29041332 0.06626451
181.53552357 174.68900019 0.06190827
181.46473502 175.08177953 0.06034122
181.37054621 175.46858664 0.06084280
181.25358090 175.84695542 0.05856123
181.11589263 176.21499172 0.05127493
180.95923855 176.57248551 0.04001806
180.78486674 176.91957992 0.02662192
180.59414378 177.25697245 0.00896567
180.38585703 177.58608495 -0.01443916
180.15578323 177.90999387 -0.04209737
179.89865309 178.23023987 -0.07067557
179.61210396 178.54627353 -0.09566978
179.29852030 178.85795999 -0.11567602
178.96007283 179.16484733 -0.13347601
178.59827698 179.46601638 -0.15188446
178.21382660 179.76043152 -0.16972550
177.80668288 180.04777895 -0.18912323
177.37779315 180.32870750 -0.21184976
176.93035541 180.60463317 -0.23407848
176.46600546 180.87600618 -0.25345315
175.98391342 181.14316253 -0.27060288
175.48483456 181.40877956 -0.28721145
174.96960862 181.67545412 -0.30465525
174.43850664 181.94522701 -0.32211246
173.89169817 182.21972701 -0.33722196
173.32955714 182.50060236 -0.35065335
172.75211980 182.78942241 -0.36390137
172.15859845 183.08676772 -0.37654005
171.54920434 183.39369056 -0.38907473
170.92450381 183.71130219 -0.40261310
170.28371921 184.03990067 -0.41681497
169.62607084 184.37937148 -0.43059491
168.95161245 184.72955879 -0.44315602
168.26068783 185.09107764 -0.45380352
167.55456126 185.46475468 -0.46339687
166.83421363 185.84976987 -0.47295069
166.10020831 186.24442463 -0.48266401
165.35413569 186.64746841 -0.49237846
164.59828218 187.05786746 -0.50169925
163.83568227 187.47367311 -0.50945098
163.06979082 187.89229755 -0.51704320
162.30334823 188.31097687 -0.52767541
161.53708988 188.72804656 -0.54052076
160.77131828 189.14505136 -0.55341997
160.00528323 189.56249823 -0.56274558
159.23752856 189.97893044 -0.56643791
158.46847329 190.39302503 -0.56837563
157.69849369 190.80361522 -0.57520626
156.92772548 191.21107736 -0.58795818
156.15595997 191.61507173 -0.60305510
155.38258158 192.01558573 -0.61849144
154.60826498 192.41431130 -0.63258385
153.83337527 192.81082228 -0.64374154
153.05760239 193.20317342 -0.65253196
152.28218445 193.59170905 -0.66095627
151.50857724 193.97874239 -0.66854165
150.73683052 194.36483114 -0.67245802
149.96765292 194.75012012 -0.67168538
149.20266507 195.13606308 -0.67010483
148.44179530 195.52232776 -0.66929155
147.68499794 195.90826765 -0.66637265
146.93323238 196.29472630 -0.66245529
146.18640951 196.68048475 -0.66104696
145.44301107 197.06337634 -0.66033041
144.70405579 197.44610691 -0.65940840
143.97120493 197.83127787 -0.65716838
143.24166890 198.21569678 -0.65267893
142.51367807 198.59621818 -0.64973300
141.78900650 198.97334037 -0.64964502
141.06803501 199.34751572 -0.65234096
140.34976709 199.71884717 -0.65800227
139.63406959 200.08753945 -0.66397908
138.92065091 200.45296722 -0.66584005
138.20878430 200.81447247 -0.66394458
137.49826922 201.17189205 -0.66125917
136.78946618 201.52528775 -0.65724950
136.08282450 201.87430056 -0.65184472
135.37897283 202.21836304 -0.64738734
134.67929962 202.55736200 -0.64475045
133.98554995 202.89151551 -0.64377045
133.29916536 203.22072239 -0.64292773
132.62254008 203.54539613 -0.63994082
131.95787354 203.86491867 -0.63526288
131.30612378 204.17731393 -0.63033337
130.66816765 204.48198555 -0.62617335
130.04475382 204.78019123 -0.62253638
129.43557646 205.07276532 -0.61782267
128.84020845 205.35985166 -0.61181530
128.25934308 205.64176087 -0.60642527
127.69333265 205.91870514 -0.60306796
127.14238878 206.19191160 -0.60064000
126.60696881 206.46203777 -0.59813723
126.08658888 206.72789384 -0.59554619
125.58036138 206.98763550 -0.59163041
125.08982481 207.24109490 -0.58682363
124.61693989 207.48840514 -0.58263564
124.16187727 207.72926757 -0.57914594
123.72435141 207.96398613 -0.57627124
123.30373179 208.19223809 -0.57419347
122.89986049 208.41452625 -0.57271140
122.51184196 208.63046426 -0.57031508
122.13932828 208.83947344 -0.56657945
121.78352601 209.04255363 -0.56282562
121.44451623 209.23976310 -0.56022510
121.12199542 209.43047509 -0.55890310
120.81659753 209.61477277 -0.55808929
120.52803412 209.79231844 -0.55709878
120.25561691 209.96203249 -0.55592070
120.00070473 210.12244948 -0.55428892
119.76480239 210.27185721 -0.55192909
119.54862636 210.40921085 -0.54957256
119.35238535 210.53358148 -0.54786080
119.17724221 210.64408845 -0.54663063
119.02334742 210.74020966 -0.54532113
118.88846975 210.82150880 -0.54302387
118.77220916 210.88744575 -0.53936637
118.67514413 210.93765969 -0.53547913
118.59542033 210.97418502 -0.53298394
118.52887001 211.00093184 -0.53152734
118.47220527 211.02069057 -0.52960921
118.42397574 211.03432679 -0.52670954
118.38380729 211.04153296 -0.52286785
118.35195253 211.04224171 -0.51868095
118.32817817 211.03669018 -0.51455840
118.31169027 211.02497797 -0.51046354
118.30100573 211.00835853 -0.50624839
118.29153052 210.99121312 -0.50176240
118.27968740 210.97696398 -0.49705052
118.26685126 210.96448598 -0.49241063
118.25395496 210.95256911 -0.48806215
118.23982099 210.94168913 -0.48369210
118.22318179 210.93268223 -0.47946340
118.20327230 210.92641245 -0.47565722
118.17970631 210.92330210 -0.47168557
118.15229946 210.92334824 -0.46707430
118.12108775 210.92640058 -0.46201985
118.08601624 210.93236082 -0.45696177
118.04675330 210.94164153 -0.45219094
118.00160195 210.95600210 -0.44842080
117.94743232 210.97856751 -0.44586128
117.88157848 211.01231509 -0.44344867
117.80220814 211.05931928 -0.44038722
117.70833048 211.12048400 -0.43652251
117.60007624 211.19595441 -0.43228322
117.47777412 211.28600039 -0.42827257
117.34160706 211.39061018 -0.42460823
117.19213928 211.50976205 -0.42145271
117.03069652 211.64324955 -0.41875570
116.85905599 211.79079266 -0.41600171
116.68000262 211.95302998 -0.41026274
116.49370759 212.12899056 -0.39974282
116.30032021 212.31699704 -0.38963147
116.10421106 212.51775995 -0.38332520
115.90782670 212.73262209 -0.37892654
115.71009414 212.96179905 -0.37503714
115.51261153 213.20595509 -0.37005700
115.31670216 213.46586190 -0.36345537
115.12084925 213.74182684 -0.35655640
114.92719971 214.03452312 -0.35141192
114.73893736 214.34400856 -0.34993225
114.55995938 214.67086525 -0.35080722
114.39582062 215.01543558 -0.35029117
114.24781452 215.37639622 -0.34772243
114.11529394 215.75301671 -0.34728086
113.99880536 216.14555893 -0.35329584
113.89973654 216.55485923 -0.36492059
113.82062018 216.98266723 -0.37713341
113.76493052 217.42912080 -0.38582554
113.73776794 217.89151162 -0.39005844
113.74098907 218.36687912 -0.39112215
113.77268037 218.85453625 -0.39082641
113.83150574 219.35406428 -0.39203840
113.91765579 219.86380037 -0.39941306
114.03132897 220.38291857 -0.41224443
114.17219024 220.91136893 -0.42230958
114.34067769 221.44783814 -0.42657223
114.53535152 221.99081758 -0.42893657
114.75369167 222.53975710 -0.43190006
114.99436684 223.09415859 -0.43610571
115.25498302 223.65513172 -0.44114343
115.53245259 224.22485549 -0.44610892
115.82447213 224.80466463 -0.45159479
116.12967899 225.39503163 -0.45909655
116.44689548 225.99704270 -0.46811121
116.77550599 226.61122579 -0.47690640
117.11508437 227.23748474 -0.48475019
117.46429613 227.87731318 -0.49162315
117.82254752 228.53157155 -0.49808285
118.18983615 229.20011497 -0.50440465
118.56575725 229.88270987 -0.51153536
118.94965296 230.57879222 -0.52077681
119.34098242 231.28818763 -0.53256598
119.73904995 232.01187016 -0.54723825
120.14289233 232.75054066 -0.56246105
120.55277160 233.50360747 -0.57413159
120.96983922 234.26905225 -0.58043630
121.39426564 235.04559985 -0.58012747
121.82511543 235.83235390 -0.57844323
122.26184825 236.62724525 -0.58291426
122.70449716 237.43007027 -0.59578466
123.15277831 238.24302604 -0.61535078
123.60664614 239.06742712 -0.63377922
124.06615145 239.90365182 -0.64483881
124.53075074 240.75173552 -0.64913761
125.00036610 241.61124107 -0.64930342
125.47664930 242.48022731 -0.64742898
125.95920451 243.35737185 -0.64679758
126.44680910 244.24133897 -0.65289465
126.93948172 245.13071420 -0.66643418
127.43730643 246.02612814 -0.68252598
127.94079922 246.92779376 -0.69570722
128.44838634 247.83573638 -0.70331512
128.95820767 248.74956718 -0.70602513
129.46969864 249.66772224 -0.70653891
129.98102549 250.58930046 -0.70673834
130.49128363 251.51355094 -0.71133183
131.00120950 252.44096174 -0.72086538
131.51089611 253.37367499 -0.72664663
132.02069611 254.31069711 -0.72518940
132.52903667 255.24992018 -0.71892529
133.03371514 256.19010459 -0.71147313
133.53423455 257.13018959 -0.70545051
134.03008445 258.06955074 -0.70258300
134.52163574 259.00798977 -0.70396829
135.01031605 259.94467966 -0.70836054
135.49619817 260.87899761 -0.71320089
135.97877743 261.81128907 -0.71737216
136.45846720 262.74139689 -0.71931684
136.93502096 263.66979503 -0.71718370
137.40820214 264.59725369 -0.71144185
137.87777256 265.52348193 -0.70434083
138.34450921 266.44802577 -0.69939156
138.80974379 267.37140626 -0.69749256
139.27346744 268.29468301 -0.69616471
139.73588375 269.21768407 -0.69577841
140.19611759 270.13975890 -0.70048303
140.65409435 271.06111754 -0.71058359
141.11120006 271.98277076 -0.72101122
141.56765073 272.90546210 -0.72645068
142.02348437 273.82886943 -0.72781442
142.47938811 274.75272148 -0.72757530
142.93640610 275.67740975 -0.72423774
143.39522803 276.60324347 -0.71878050
143.85619171 277.53008409 -0.71398686
144.31912341 278.45865751 -0.71161949
144.78411821 279.39055824 -0.71183246
145.25239221 280.32522512 -0.71283268
145.72472115 281.26161330 -0.71277749
146.20104990 282.19939413 -0.71267588
146.68146398 283.13979174 -0.71317729
147.16583507 284.08275798 -0.71260542
147.65391451 285.02668336 -0.71075367
148.14507364 285.97303159 -0.71050979
148.64105809 286.92112555 -0.70745988
149.14253796 287.87011913 -0.69720605
149.64582614 288.82186025 -0.68548449
150.14925235 289.77443657 -0.67795226
150.65266761 290.72535961 -0.67464179
151.15511026 291.67517401 -0.67232319
151.65631369 292.62219907 -0.67109574
152.15651507 293.56588493 -0.67183489
152.65588180 294.50826722 -0.67262320
153.15550791 295.44884299 -0.67072219
153.65559699 296.38703218 -0.66512220
154.15577316 297.32280182 -0.65850101
154.65596146 298.25526441 -0.65323727
155.15519407 299.18362730 -0.65098231
155.65269799 300.10776878 -0.65260690
156.14888245 301.02720007 -0.65538010
156.64372903 301.94142914 -0.65422958
157.13605120 302.84968743 -0.64832424
157.62481970 303.75036081 -0.64131930
158.10918521 304.64365522 -0.63450066
158.58930401 305.53012875 -0.62889382
159.06582614 306.40928560 -0.62596874
159.53909626 307.28099451 -0.62532744
160.00911197 308.14477445 -0.62595705
160.47503986 309.00036677 -0.62515388
160.93648150 309.84704110 -0.62191753
161.39370208 310.68378972 -0.61704762
161.84678119 311.51011833 -0.61057589
162.29470864 312.32564493 -0.60446436
162.73645109 313.12922603 -0.59994943
163.17191789 313.91947400 -0.59669616
163.60110152 314.69608664 -0.59307938
164.02302056 315.45846106 -0.58722703
164.43639187 316.20507435 -0.57925832
164.84008096 316.93368407 -0.57140033
165.23205447 317.64396411 -0.56490854
165.61112034 318.33669330 -0.55881129
165.97705919 319.01054986 -0.55328216
166.32880449 319.66548373 -0.54877943
166.66522707 320.30317275 -0.54478660
166.98668288 320.92183450 -0.54232522
167.29258711 321.52033605 -0.54268519
167.58250090 322.10072597 -0.54422457
167.85775935 322.66338418 -0.54508500
168.11869010 323.20716530 -0.54557189
168.36411628 323.73110875 -0.54249047
168.59213094 324.23565461 -0.53478904
168.80145155 324.72152890 -0.52987758
168.99175684 325.19019853 -0.53165615
169.16371175 325.64277206 -0.53713715
169.31900582 326.07873823 -0.54252018
169.45868543 326.49864393 -0.54656470
169.58589068 326.90558832 -0.54947288
169.70487849 327.30343826 -0.55070450
169.81655815 327.69358552 -0.55033344
169.92076499 328.07527075 -0.54907074
170.01584992 328.44817012 -0.54831498
170.09825690 328.81362140 -0.54859718
170.16601529 329.17359056 -0.54911851
170.21856928 329.53035787 -0.54963303
170.25565719 329.88425399 -0.55030172
170.27811396 330.23332809 -0.55186595
170.28575571 330.57790750 -0.55381587
170.27761908 330.92161020 -0.55427718
170.25453139 331.26719978 -0.55351530
170.21814161 331.61576292 -0.55263958
170.16963143 331.96697143 -0.55188085
170.10802099 332.31949028 -0.55069481
170.02951493 332.67395511 -0.54652709
169.92988808 333.03326668 -0.53915698
169.80691440 333.39827233 -0.53526974
169.66038660 333.76719641 -0.53725140
169.48719531 334.13905363 -0.53945463
169.28047952 334.51367733 -0.53843659
169.03766131 334.88999567 -0.53538187
168.76225361 335.26587357 -0.53265769
168.45461849 335.64105895 -0.52852852
168.10593629 336.01632721 -0.51903553
167.70981095 336.39042717 -0.50512116
167.27054972 336.76139928 -0.49240618
166.79583970 337.12849089 -0.48736297
166.29056990 337.49188100 -0.48690318
165.75598540 337.85222102 -0.48484918
165.19576294 338.20825294 -0.48210468
164.61302637 338.55737766 -0.48033684
164.00858627 338.89944018 -0.48457868
163.38768599 339.23650028 -0.49807575
162.75579660 339.57085776 -0.51386004
162.11304492 339.90300291 -0.51903920
161.45803453 340.23238450 -0.50927343
160.79154470 340.55908601 -0.49388497
160.11329042 340.88400095 -0.48249263
159.42368480 341.20848030 -0.47636703
158.72314952 341.53392878 -0.47286843
158.01265580 341.86165413 -0.46981004
157.29424612 342.19284146 -0.46537221
156.56934791 342.52900500 -0.45968224
155.83837583 342.87124767 -0.45260916
155.10074842 343.21946208 -0.44327293
154.35820755 343.57401604 -0.43467854
153.61221835 343.93649212 -0.43125921
152.86247431 344.30794831 -0.43075773
152.10764480 344.68845001 -0.42716601
151.34699281 345.07677199 -0.41907299
150.58204156 345.47076722 -0.40923760
149.81338615 345.86761743 -0.40245448
149.03935373 346.26641608 -0.39937573
148.25969530 346.66802399 -0.40068428
147.47606831 347.07246910 -0.40553468
146.68997251 347.47971371 -0.40717524
145.90043380 347.88930998 -0.40411878
145.10677867 348.30037313 -0.39796202
144.31079885 348.71139886 -0.39030892
143.51065424 349.12114941 -0.38344915
142.70404760 349.52881361 -0.37680034
141.89244424 349.93437518 -0.36978412
141.07732054 350.33816416 -0.36277651
140.25988317 350.73995072 -0.35620431
139.44038064 351.13999221 -0.35010913
138.61937575 351.53897548 -0.34396614
137.79719060 351.93784892 -0.33782861
136.97204010 352.33829324 -0.32984737
136.14361086 352.74032923 -0.31992798
135.31231485 353.14345650 -0.31199465
134.47850187 353.54872519 -0.30938281
133.64439608 353.95550141 -0.30806205
132.81385325 354.36277691 -0.30339265
131.98422584 354.77276543 -0.29749978
131.15617629 355.18566569 -0.29191977
130.33667278 355.59982424 -0.28331187
129.52379084 356.01542235 -0.27665040
128.71471130 356.43267095 -0.27693507
127.91209088 356.85252948 -0.27762263
127.11927529 357.27521184 -0.27465223
126.33759712 357.69993556 -0.27032190
125.56740623 358.12627996 -0.26795206
124.80917444 358.55387823 -0.26759699
124.06429086 358.98218312 -0.26916839
123.33292214 359.41103647 -0.27184386
122.61453112 359.84030892 -0.27532448
121.90930195 360.27012855 -0.28001693
121.21772307 360.70055565 -0.28466688
120.54070633 361.13136370 -0.28768864
119.87839146 361.56255640 -0.28958840
119.23064525 361.99380180 -0.29134374
118.59719316 362.42454749 -0.29379785
117.97815800 362.85290522 -0.29806281
117.37188341 363.27610579 -0.30374147
116.77449564 363.69059312 -0.30980798
116.18367125 364.09203202 -0.31828124
115.59769956 364.47896958 -0.32817654
115.01502590 364.85234290 -0.33450804
114.43472970 365.21082552 -0.33778943
113.85543339 365.55346477 -0.34005206
113.27610911 365.88046498 -0.34165493
112.69505899 366.19163485 -0.34207568
112.10951732 366.48696066 -0.33796763
111.51701597 366.76542468 -0.33095653
110.91676422 367.02610557 -0.32571274
110.31064749 367.27317447 -0.32317517
109.70204597 367.51497054 -0.32309900
109.09403950 367.75603000 -0.32295511
108.48723917 367.99772681 -0.32110000
107.88041840 368.24020030 -0.31888106
107.27147567 368.48303374 -0.31733940
106.65942042 368.72575386 -0.31730747
106.04424309 368.96802329 -0.31854510
105.42640321 369.20954127 -0.31969041
104.80547469 369.45053753 -0.32018583
104.18035160 369.69449441 -0.31915182
103.55174451 369.94435319 -0.31640637
102.92022788 370.19955883 -0.31301041
102.28670325 370.45913196 -0.30896329
101.64983299 370.72370949 -0.30438329
101.00645278 370.99447309 -0.30113105
100.35558711 371.27179253 -0.29946956
99.69891484 371.55467639 -0.29727378
99.03803247 371.84199126 -0.29355360
98.37275964 372.13384328 -0.28988635
97.70140148 372.43269259 -0.28581198
97.02411633 372.73949019 -0.28069073
96.34227385 373.05356512 -0.27589262
95.65453811 373.37506119 -0.27278461
94.95919058 373.70367217 -0.27498185
94.25826826 374.03745767 -0.28376363
93.55124781 374.37697967 -0.30122843
92.83816525 374.72789359 -0.32780900
92.12439648 375.09123147 -0.34877222
91.40754323 375.46417978 -0.34904971
90.68498970 375.84603628 -0.33885270
89.95935335 376.23268763 -0.34063264
89.22913724 376.62411263 -0.35940918
88.49456716 377.02395053 -0.38621807
87.75629718 377.43244214 -0.40615236
87.01212624 377.85141428 -0.40797702
86.26264211 378.27916829 -0.39919898
85.50967348 378.71029951 -0.39550522
84.75432355 379.14173259 -0.40257046
83.99760798 379.57280045 -0.41211461
83.23940238 380.00506788 -0.40884353
82.47807330 380.44192795 -0.38803257
81.71306678 380.88252836 -0.36034451
80.94397353 381.32346146 -0.33795211
80.17036352 381.76307118 -0.32910330
79.39162301 382.20190369 -0.32853742
78.60692413 382.64069397 -0.32509598
77.81531542 383.07918891 -0.31545353
77.01467961 383.51914790 -0.30249198
76.20456656 383.96195548 -0.29173465
75.38581567 384.40725362 -0.28234018
74.55853633 384.85463233 -0.27174372
73.72245672 385.30388404 -0.26469626
72.87745965 385.75393661 -0.26344703
72.02472589 386.20486359 -0.26077195
71.16522942 386.65874062 -0.24860974
70.29940386 387.11686888 -0.22848423
69.42709492 387.57927542 -0.20960443
68.54750719 388.04620411 -0.19793343
67.66164661 388.51725003 -0.19279761
66.77199184 388.99038091 -0.18833624
65.88151408 389.46301145 -0.17936235
64.99169981 389.93481960 -0.16670529
64.10288494 390.40770770 -0.15132578
63.21636076 390.88097692 -0.13416558
62.33267623 391.35548795 -0.11915354
61.44998303 391.83484047 -0.10985533
60.56672057 392.31905534 -0.10994606
59.68491996 392.80774562 -0.11529721
58.80787330 393.29825603 -0.11939029
57.93840944 393.78818192 -0.11804042
57.07766409 394.27817813 -0.11185829
56.22422546 394.76758082 -0.10853145
55.37736547 395.25570603 -0.11080759
54.53843336 395.74260007 -0.11660017
53.70827155 396.22954219 -0.12477014
52.88788682 396.71591956 -0.13419617
52.07876177 397.19927938 -0.14521949
51.28093155 397.67906258 -0.15807819
50.49559441 398.15368418 -0.16978609
49.72404930 398.62341261 -0.18064228
48.96722098 399.08823070 -0.18977664
48.22628800 399.54453939 -0.19482260
47.49824292 399.99198127 -0.19997811
46.77924189 400.43220366 -0.21078478
46.06800661 400.86615279 -0.22685771
45.36450639 401.29220484 -0.24441205
44.66968558 401.70815249 -0.26077949
43.98369617 402.11381639 -0.27474635
43.30555743 402.50840913 -0.28573025
42.63216474 402.89012951 -0.29509693
41.96063372 403.25895162 -0.30656279
41.29031623 403.61695811 -0.32171315
40.62367319 403.96235177 -0.33413389
39.96322390 404.29057285 -0.33629653
39.30616560 404.60224994 -0.33455919
38.64971099 404.90264188 -0.33591165
37.99228452 405.19103685 -0.34179629
37.33445495 405.46330327 -0.35154281
36.67995041 405.71895508 -0.35959440
36.03163214 405.95603109 -0.36376053
35.39192474 406.17061590 -0.36277507
34.76224531 406.36140446 -0.35842304
34.14137481 406.52980995 -0.35691502
33.52770242 406.67627094 -0.36144895
32.92122059 406.80018840 -0.37100959
32.32308850 406.90139966 -0.38320269
31.73642921 406.98014205 -0.39662865
31.16383516 407.03688699 -0.41125288
30.60609622 407.07268886 -0.42679330
30.06231962 407.08819013 -0.44285566
29.53119307 407.08360344 -0.45986973
29.01222137 407.05903797 -0.47707047
28.50502324 407.01568690 -0.49321056
28.00916376 406.95480310 -0.50883127
27.52412803 406.87695365 -0.52444108
27.04915558 406.78146583 -0.53705505
26.58464888 406.66769655 -0.54652973
26.13225676 406.53540430 -0.55355675
25.69113077 406.38466727 -0.55756692
25.25969789 406.21609319 -0.55936298
24.83827674 406.03080057 -0.55887432
24.42573383 405.83070139 -0.55632489
24.01921854 405.61646041 -0.54989841
23.61806364 405.38468952 -0.53719735
23.22313288 405.13102897 -0.51729861
22.83299950 404.85760636 -0.49267457
22.44342841 404.56916051 -0.46519865
22.05180457 404.26710548 -0.43511916
21.65890141 403.94824634 -0.40078446
21.26545112 403.60901357 -0.36000047
20.87396792 403.24707762 -0.31627629
20.48748495 402.85931974 -0.27227714
20.10761974 402.44309715 -0.23002193
19.73637007 401.99524855 -0.19002859
19.37528758 401.51478083 -0.15149421
19.02602764 401.00403417 -0.12357171
18.68833616 400.46358678 -0.10464260
18.36093558 399.89239118 -0.07944847
18.04429097 399.29209129 -0.04598764
17.74061955 398.66414590 -0.01308840
17.44977803 398.01018912 0.01607165
17.17040950 397.33210420 0.04538828
16.90435573 396.62922922 0.07343999
16.65434970 395.90067950 0.09856967
16.42183655 395.14633260 0.12219045
16.20610653 394.36761739 0.14506105
16.00467602 393.56725505 0.16713783
15.81597502 392.74743507 0.18672186
15.64153311 391.90831292 0.20346104
15.48205073 391.05043967 0.21598595
15.33583269 390.17584203 0.22650455
15.20376660 389.28492588 0.23832314
15.08879586 388.37631369 0.25329198
14.99113111 387.44974004 0.27394540
14.90717616 386.50686952 0.29672504
14.83522483 385.54794827 0.31691522
14.77545571 384.57234644 0.33376323
14.72560953 383.58081841 0.34987233
14.68353960 382.57445396 0.36709427
14.64889317 381.55382468 0.38279649
14.62104312 380.51882315 0.39758745
14.59745491 379.47045287 0.41405668
14.57457013 378.41034080 0.42683203
14.54968813 377.34029954 0.43293377
14.52356738 376.26141620 0.43633650
14.49705463 375.17338566 0.44180584
14.46726253 374.07846248 0.45316966
14.43256350 372.97818311 0.46703334
14.39251587 371.87383469 0.48004866
14.34484118 370.76940141 0.49421320
14.28939344 369.66741643 0.50913239
14.22694072 368.56842429 0.52345643
14.15731223 367.47297226 0.53854342
14.08038206 366.38205812 0.55509769
13.99560621 365.29564079 0.57171505
13.90223879 364.21422608 0.58691501
13.79986235 363.13728051 0.60102961
13.68701131 362.06603781 0.61409612
13.56044205 361.00563010 0.62738160
13.41926790 359.95748342 0.64382949
13.26184441 358.92050940 0.66177068
13.08569374 357.89507385 0.67351739
12.89025253 356.88059575 0.67343884
12.67674237 355.87465174 0.67129547
12.44793258 354.87780144 0.67630572
12.20353690 353.89388990 0.68612038
11.94193332 352.92303095 0.69815978
11.66361025 351.96172908 0.70925238
11.36880246 351.00947639 0.71670290
11.05748468 350.06560237 0.72263853
10.73185303 349.12833741 0.72932874
10.39264455 348.19878228 0.73689203
10.03750745 347.27834638 0.74496728
9.66822602 346.36549964 0.74896639
9.28739723 345.45780987 0.75002392
8.89361640 344.55962939 0.75756097
8.48792149 343.67021543 0.76993106
8.07017044 342.78554995 0.77714114
7.64021324 341.90779520 0.77900608
7.20088950 341.03496866 0.78073010
6.75353946 340.16628202 0.78681827
6.29788992 339.30335232 0.79787723
5.83321391 338.44648830 0.80731742
5.35918154 337.59929881 0.81123774
4.87864613 336.76180210 0.81517984
4.39420889 335.92968270 0.82066175
3.90593188 335.10282532 0.82788301
3.41447985 334.27454430 0.83165298
2.91908006 333.44102350 0.82812525
2.42050014 332.60729084 0.82451188
1.92057351 331.77675257 0.82759587
1.41939909 330.95039649 0.83947301
0.91693187 330.12435663 0.85256310
0.41302795 329.29499376 0.85985298
-0.09269671 328.46115406 0.86188957
-0.59983394 327.62388313 0.86207970
-1.10756520 326.78265596 0.86272718
-1.61385508 325.93810510 0.86758193
-2.11792971 325.08895676 0.87717722
-2.62238533 324.23555821 0.88195810
-3.12852394 323.38026147 0.87778204
-3.63616842 322.52049267 0.87217113
-4.14451396 321.65440063 0.87158622
-4.65263873 320.78446914 0.87460196
-5.16111561 319.91335817 0.87722243
-5.66963728 319.04254972 0.88054974
-6.17819317 318.17313510 0.88332574
-6.68729807 317.30424306 0.88046034
-7.19529875 316.43580278 0.87309451
-7.70058756 315.56823177 0.86695428
-8.20229112 314.70179379 0.86469974
-8.69722783 313.83798980 0.86541777
-9.18464661 312.97879071 0.86371331
-9.66643115 312.11862536 0.85507313
-10.14437988 311.25703462 0.84236655
-10.61761022 310.39657942 0.83096816
-11.08281419 309.53543518 0.82586756
-11.53851820 308.67533542 0.83460953
-11.98469164 307.81791863 0.85238615
-12.42427361 306.96413001 0.86412864
-12.86032407 306.11252705 0.86502349
-13.29566404 305.26174769 0.85715642
-13.73098031 304.41098654 0.84430472
-14.16312007 303.56029289 0.83319591
-14.58949426 302.71197317 0.82601641
-15.00999264 301.86593805 0.81995596
-15.42523859 301.02141840 0.81600663
-15.83493456 300.18070015 0.81467307
-16.23973786 299.34484861 0.81310911
-16.64061213 298.51424289 0.80879270
-17.03719140 297.68940076 0.80067006
-17.42887144 296.87009880 0.79166588
-17.81528759 296.05647019 0.78568779
-18.19736865 295.24963276 0.78181665
-18.57665354 294.45118829 0.77767045
-18.95480014 293.66089276 0.77345340
-19.33325094 292.88080780 0.76716523
-19.71110282 292.11507452 0.75869189
-20.08780251 291.35837766 0.74980071
-20.46075004 290.61213006 0.74252246
-20.82624891 289.88592535 0.73698878
-21.18691216 289.17494901 0.72737782
-21.54354115 288.47295550 0.71868438
-21.89216829 287.78094319 0.71877504
-22.23368839 287.09917021 0.72187405
-22.57303163 286.42530952 0.72245468
-22.91209180 285.75783541 0.72077251
-23.24953945 285.09949316 0.71882080
-23.58435053 284.45297246 0.71896703
-23.91717381 283.81904010 0.71911900
-24.24855450 283.19783853 0.71879102
-24.57915534 282.58769520 0.72110771
-24.90871514 281.98777984 0.72657819
-25.23530259 281.39956518 0.73353027
-25.55773323 280.82346016 0.74097761
-25.87494813 280.25901277 0.75034232
-26.18722321 279.70613424 0.76205197
-26.49472137 279.16536875 0.77597288
-26.79629442 278.63801758 0.79175844
-27.09104157 278.12429981 0.80811480
-27.37932954 277.62283762 0.82585828
-27.66183155 277.13157501 0.84646792
-27.93248351 276.64700060 0.86716070
-28.18226719 276.16608700 0.88541498
-28.40789348 275.68820715 0.90109686
-28.60984877 275.21262413 0.91401135
-28.78786304 274.73972098 0.92522000
-28.94036680 274.27111340 0.93514392
-29.06635671 273.80841733 0.94369089
-29.16639177 273.35241898 0.95031995
-29.24093431 272.90172876 0.95410714
-29.28688797 272.45134683 0.95389768
-29.29940294 271.99724614 0.94842151
-29.27482525 271.53935659 0.93876155
-29.21118766 271.07917395 0.92675110
-29.10856186 270.61836822 0.91256542
-28.96835780 270.15611412 0.89492930
-28.79263001 269.69355166 0.87236208
-28.58327903 269.23567660 0.84465566
-28.34110120 268.78524417 0.81379066
-28.06679048 268.34283869 0.78126779
-27.76216199 267.90870386 0.74606934
-27.42821286 267.48198640 0.70981384
-27.06545133 267.06262602 0.67784690
-26.67573771 266.65196690 0.65244318
-26.26246651 266.25293004 0.63053133
-25.82942316 265.86809851 0.60843799
-25.37800697 265.49613185 0.58853116
-24.90753843 265.13413618 0.57520509
-24.41905834 264.78056853 0.56673937
-23.91598000 264.43459347 0.55763838
-23.40017645 264.09521922 0.54614416
-22.87141552 263.76069310 0.53184815
-22.32846209 263.42573042 0.51659256
-21.76840369 263.08475449 0.51019594
-21.19174182 262.73742893 0.51374309
-20.60173000 262.38388374 0.51817625
-19.99889298 262.02232639 0.51758394
-19.38335759 261.65182280 0.50893290
-18.75560795 261.27333708 0.49557158
-18.11369842 260.88831263 0.48230608
-17.45583150 260.49615079 0.47261671
-16.78215524 260.09522071 0.47296758
-16.09505063 259.68654263 0.47789813
-15.39733743 259.27164712 0.47563126
-14.68893279 258.85059084 0.46524422
-13.96906958 258.42449606 0.45094526
-13.23791704 257.99500029 0.43757656
-12.49593298 257.56223852 0.42683192
-11.74369547 257.12702583 0.41751279
-10.98042385 256.68940694 0.40840770
-10.20481661 256.24785610 0.39931454
-9.41809561 255.80406743 0.39152872
-8.62262875 255.35910655 0.38340243
-7.81979013 254.91304183 0.37260519
-7.00957282 254.46516206 0.35790145
-6.19324660 254.01699435 0.34322949
-5.37380589 253.57161756 0.33408074
-4.55337658 253.12813289 0.32763447
-3.73314111 252.68541917 0.31898850
-2.91266598 252.24442132 0.30801110
-2.09200359 251.80708679 0.29758569
-1.27234508 251.37386402 0.28823124
-0.45427053 250.94497546 0.27335678
0.36236404 250.52145403 0.25214642
1.17834572 250.10352306 0.23536735
1.99436593 249.69032827 0.22650672
2.80949813 249.28371870 0.22437935
3.62235876 248.88003212 0.21977938
4.43247280 248.47538460 0.20758286
5.24069941 248.07461709 0.19426962
6.04707592 247.67906453 0.18225500
6.84901559 247.28770815 0.17193796
7.64555356 246.90019238 0.16309197
8.43672852 246.51519235 0.15540566
9.22064392 246.13249337 0.15088280
9.99727966 245.75171323 0.15117733
10.76811791 245.37105348 0.15479501
11.52943165 244.99178657 0.16293656
12.27696327 244.61617814 0.17305960
13.01029624 244.24328617 0.17951151
13.72863158 243.87254091 0.18386152
14.43089246 243.50372547 0.19119480
15.11682394 243.13499370 0.20132941
15.78529085 242.76603144 0.20977072
16.43510132 242.39692308 0.21790667
17.06555802 242.02637760 0.23074479
17.67603460 241.65523458 0.24771160
18.26821414 241.28660839 0.26509433
18.84716668 240.92344600 0.28068517
19.41796006 240.56783735 0.29574130
19.98305475 240.22047459 0.31183012
20.54341874 239.88196263 0.32929642
21.09977500 239.55135813 0.34467475
21.65222544 239.22900047 0.35789812
22.20060060 238.91642660 0.37523951
22.74438111 238.61403764 0.39928607
23.28210265 238.32305338 0.42515740
23.81405696 238.04588360 0.44491580
24.34186470 237.78459813 0.45779433
24.86362699 237.53672816 0.46626002
25.37839205 237.30053671 0.47371674
25.88728698 237.07911108 0.48122255
26.38906897 236.87342158 0.47887122
26.88351089 236.68362684 0.46755059
27.37035622 236.51642518 0.46330270
27.84849194 236.37591919 0.46581083
28.31657701 236.26116927 0.46644726
28.77396870 236.17204440 0.46504998
29.22179807 236.10841774 0.46284409
29.65844684 236.07244616 0.45827111
30.08088848 236.06809539 0.45149867
30.48881108 236.09590636 0.44521501
30.88170146 236.15394056 0.43444723
31.25834210 236.24224221 0.41540455
31.61775327 236.36254700 0.39304236
31.95929098 236.51560488 0.36952001
32.28205907 236.69992938 0.34290321
32.58428035 236.91545976 0.31073397
32.86551328 237.16372543 0.27433327
33.12525188 237.44531850 0.23644548
33.36445653 237.75785370 0.19943943
33.58474634 238.09934944 0.16797411
33.78259310 238.46996093 0.14017717
33.95454662 238.86734035 0.11021410
34.10131685 239.28822149 0.07600715
34.22581612 239.72917519 0.03737977
34.32857215 240.18937690 -0.00192080
34.40732332 240.66871792 -0.03944639
34.46238025 241.16498289 -0.07561347
34.49627720 241.67574397 -0.11067593
34.51155798 242.19904328 -0.14448382
34.50938990 242.73397362 -0.17675698
34.49138472 243.27819154 -0.20708633
34.46134642 243.82812038 -0.23599855
34.42571879 244.38003906 -0.26445381
34.39081953 244.93155934 -0.29359624
34.35805813 245.48149314 -0.32249642
34.32695078 246.02858977 -0.34639442
34.29721824 246.57195909 -0.36564225
34.27209959 247.10931088 -0.38388051
34.25699540 247.63796623 -0.40144825
34.25157092 248.15661584 -0.41702664
34.25547803 248.66333643 -0.43073942
34.27164790 249.15443192 -0.44218027
34.29982439 249.62822462 -0.45158483
34.34512364 250.08202844 -0.45931091
34.41497699 250.50831347 -0.46440812
34.50828212 250.90102866 -0.47291899
34.61741988 251.26219784 -0.48887799
34.73694129 251.60007202 -0.50984789
34.86981198 251.92020057 -0.53697141
35.02172312 252.22148200 -0.56874356
35.19934786 252.49606901 -0.59851498
35.40661433 252.73598781 -0.62163308
35.63759535 252.94242754 -0.64259105
35.88376228 253.12124015 -0.66737497
36.14377442 253.27307729 -0.69622533
36.41891282 253.39607555 -0.72861192
36.70889855 253.49117674 -0.76288468
37.01322245 253.56016469 -0.79833941
37.33247654 253.60396520 -0.83629962
37.66830348 253.62496206 -0.87667895
38.02214852 253.62173001 -0.91475568
38.39458885 253.59116457 -0.94757503
38.78469305 253.53545527 -0.97953111
39.19090221 253.45721316 -1.01576556
39.61258645 253.35756435 -1.05693685
40.04926914 253.23806354 -1.10174893
40.50110111 253.10083990 -1.14770188
40.96830591 252.94705662 -1.19227305
41.45097720 252.77687884 -1.23454017
41.94947078 252.58980902 -1.27306821
42.46383581 252.38443428 -1.30816316
42.99383959 252.16060183 -1.34133594
43.53877137 251.92134096 -1.37300929
44.09819897 251.66989315 -1.40254490
44.67214893 251.40869157 -1.42982651
45.26056192 251.13957762 -1.45684057
45.86294473 250.86247733 -1.48556970
46.47898348 250.57617746 -1.51595219
47.10848929 250.28058159 -1.54670434
47.75097767 249.97628538 -1.57696494
48.40647118 249.66339498 -1.60611013
49.07513967 249.34199804 -1.63415710
49.75656823 249.01222394 -1.66013047
50.44977272 248.67432945 -1.68210992
51.15388444 248.32808656 -1.70099008
51.86759967 247.97300044 -1.71882263
52.58900088 247.60988907 -1.73695260
53.31667027 247.24017992 -1.75451251
54.04922567 246.86378954 -1.77186006
54.78615041 246.47999473 -1.78922988
55.52811216 246.08882916 -1.80557829
56.27549835 245.69201999 -1.82098241
57.02896985 245.29126042 -1.83519210
57.78839064 244.88574110 -1.84956205
58.55348183 244.47515536 -1.86334413
59.32448821 244.06049545 -1.87436096
60.10080331 243.64115649 -1.88186225
60.88178881 243.21625156 -1.88611724
61.66731679 242.78623318 -1.88775082
62.45687321 242.35262349 -1.88692017
63.24932495 241.91706094 -1.88627246
64.04380568 241.48161578 -1.88806505
64.83976803 241.04792571 -1.89159738
65.63568733 240.61712789 -1.89540633
66.43027376 240.19042176 -1.89838097
67.22351072 239.76729756 -1.89948941
68.01493605 239.34706465 -1.89743152
68.80390509 238.92983118 -1.89158131
69.59067753 238.51471822 -1.88473021
70.37588295 238.10108347 -1.87922685
71.15880391 237.68964867 -1.87305968
71.93679149 237.28086059 -1.86959030
72.70887331 236.87760906 -1.87658572
73.47655335 236.48079584 -1.88984512
74.24132716 236.08566698 -1.89720162
75.00495666 235.69140042 -1.89611643
75.76758854 235.30119720 -1.88781713
76.52700159 234.91576718 -1.87501553
77.28036905 234.53326064 -1.86830175
78.02671597 234.15142904 -1.87072206
78.76850108 233.77147482 -1.87456039
79.50770191 233.39559372 -1.87406410
80.24377105 233.02446617 -1.86897033
80.97599718 232.65864641 -1.86375333
81.70398074 232.29709793 -1.86257728
82.42807858 231.93941531 -1.86361934
83.14910591 231.58593734 -1.86285375
83.86728937 231.23676001 -1.85982513
84.58198901 230.89253189 -1.85457963
85.29158138 230.55337414 -1.84854248
85.99382342 230.21910680 -1.84401613
86.68615101 229.89029101 -1.84106585
87.36569216 229.56860633 -1.83907441
88.03077450 229.25571774 -1.83738177
88.67994806 228.95095141 -1.83618927
89.31481809 228.65276429 -1.83535097
89.94104661 228.36048058 -1.83472638
90.56269142 228.07309392 -1.83456415
91.18106643 227.78899775 -1.83360207
91.79600146 227.50807344 -1.83228555
92.40756358 227.23115027 -1.83129805
93.01524178 226.95690675 -1.82954521
93.61740054 226.68392064 -1.82664951
94.21258310 226.41402730 -1.82283391
94.79828426 226.14952103 -1.81963629
95.37123434 225.89045233 -1.81869548
95.92950134 225.63716443 -1.81904971
96.47232135 225.38994998 -1.81805363
96.99852329 225.14853558 -1.81434326
97.50696713 224.91366291 -1.80861864
97.99684785 224.68511431 -1.80194120
98.46712710 224.46244464 -1.79490650
98.91825718 224.24547357 -1.78887699
99.35235278 224.03237913 -1.78412781
99.77139378 223.82168254 -1.77961441
100.17560354 223.61319679 -1.77497745
100.56439948 223.40775501 -1.77148159
100.93759314 223.20629736 -1.76911377
101.29491496 223.00816883 -1.76610720
101.63673127 222.81366770 -1.76169812
101.96343947 222.62347865 -1.75650925
102.27473602 222.43708757 -1.75170488
102.56946237 222.25393729 -1.74709740
102.84625059 222.07321241 -1.74223092
103.10615130 221.89509682 -1.73700300
103.35042701 221.72163879 -1.73124177
103.57872646 221.55542522 -1.72529010
103.78931556 221.39765652 -1.72018692
103.98073446 221.24840591 -1.71610369
104.15227267 221.10669035 -1.71225599
104.30269539 220.97175680 -1.70863771
104.43611342 220.84266374 -1.70594551
104.56117391 220.71568748 -1.70404390
104.68210093 220.58647835 -1.69977798
104.79969875 220.45447121 -1.69152284
104.91509830 220.32194714 -1.68258119
105.02794615 220.18899997 -1.67607573
105.13779223 220.05479051 -1.67216353
105.24512813 219.91938200 -1.66950052
105.34954739 219.78179756 -1.66679762
105.45207530 219.64050272 -1.66422793
105.55712356 219.49237012 -1.66306100
105.66878401 219.33263709 -1.66265184
105.78872186 219.15772239 -1.66055230
105.91684375 218.96583484 -1.65542721
106.05150713 218.75606658 -1.64789287
106.19066798 218.52806636 -1.63935161
106.33170044 218.28082557 -1.63080794
106.47222082 218.01321918 -1.62217936
106.61167391 217.72579583 -1.61359450
106.74956245 217.41822674 -1.60536103
106.88241484 217.08841277 -1.59709043
107.00474978 216.73451205 -1.58853394
107.11318336 216.35635191 -1.57955588
107.20590158 215.95502536 -1.57078724
107.28001378 215.53166093 -1.56369336
107.33275723 215.08750414 -1.55798758
107.36386610 214.62277281 -1.55085676
107.37121644 214.13703798 -1.54032795
107.34964516 213.63058603 -1.52894009
107.29554879 213.10474679 -1.51955752
107.20782495 212.56154046 -1.51104877
107.09003446 212.00112250 -1.50137701
106.94558924 211.42311942 -1.49051657
106.77187327 210.82933506 -1.48044130
106.56718672 210.22163226 -1.47273492
106.33449309 209.60078095 -1.46876115
106.07700745 208.96722058 -1.46811757
105.79770353 208.32057881 -1.46812742
105.49937513 207.66024957 -1.46870850
105.18198583 206.98659693 -1.46995833
104.84371554 206.30036347 -1.46987222
104.48500357 205.60224608 -1.46947925
104.10939141 204.89164235 -1.46977748
103.72026887 204.16712628 -1.47094715
103.31866705 203.42859739 -1.47363133
102.90517977 202.67608603 -1.47703322
102.48082244 201.90872412 -1.48077203
102.04667052 201.12593486 -1.48486259
101.60359902 200.32792867 -1.48949406
101.15192765 199.51483890 -1.49449443
100.69222863 198.68610357 -1.49940710
100.22449101 197.84200348 -1.50396647
99.74954169 196.98326527 -1.50778434
99.26773947 196.11068364 -1.51018236
98.77962438 195.22611653 -1.50962055
98.28807895 194.33022796 -1.50607763
97.79485963 193.42185035 -1.50174976
97.29962525 192.50015723 -1.49713167
96.80202787 191.56560874 -1.49087127
96.30159738 190.61880545 -1.48361348
95.79710503 189.66057978 -1.47746848
95.28843103 188.69189671 -1.47108206
94.77611935 187.71426690 -1.46250308
94.26117752 186.72944835 -1.45319955
93.74526020 185.73767364 -1.44500969
93.22881937 184.73899751 -1.43868373
92.71207508 183.73392716 -1.43254512
92.19505953 182.72291662 -1.42540620
91.67730983 181.70650900 -1.41848538
91.15832199 180.68581331 -1.41204661
90.63687112 179.66204446 -1.40592820
90.11321975 178.63494662 -1.40019249
89.58800384 177.60355700 -1.39439886
89.06124420 176.56744511 -1.38815878
88.53281744 175.52667930 -1.38278856
88.00204473 174.48162604 -1.37880560
87.46836061 173.43287558 -1.37519916
86.93114433 172.38087935 -1.37192212
86.39018494 171.32558417 -1.36861793
85.84479572 170.26628405 -1.36373117
85.29454373 169.20217339 -1.35725892
84.73995976 168.13294159 -1.35215784
84.18073286 167.05865177 -1.35048067
83.61680402 165.97903821 -1.35205711
83.04844987 164.89384873 -1.35580332
82.47502973 163.80335598 -1.36012216
81.89625405 162.70768195 -1.36295411
81.31235088 161.60715639 -1.36330299
80.72350478 160.50208081 -1.36192153
80.13057205 159.39201627 -1.35861508
79.53460178 158.27660186 -1.35313441
78.93635607 157.15534352 -1.34478963
78.33559952 156.02828409 -1.33413492
77.73214747 154.89686672 -1.32483938
77.12707999 153.76162043 -1.31931323
76.52033514 152.62197425 -1.31404158
75.91102062 151.47824166 -1.30455025
75.29918090 150.33064517 -1.29100004
74.68522796 149.17931262 -1.27520597
74.06985692 148.02556540 -1.26151834
73.45424214 146.86990363 -1.25163633
72.83861964 145.71160106 -1.24301682
72.22282458 144.55053835 -1.23363819
71.60679296 143.38682661 -1.22290706
70.99020802 142.22063898 -1.21056410
70.37336992 141.05344279 -1.19642690
69.75744262 139.88635934 -1.18205682
69.14248758 138.71937694 -1.16820479
68.52833395 137.55276975 -1.15487981
67.91591377 136.38662826 -1.14270028
67.30512138 135.22113528 -1.13092823
66.69596461 134.05677476 -1.11977815
66.08866231 132.89351457 -1.10879733
65.48298691 131.73170212 -1.09584558
64.87852395 130.57214435 -1.08176905
64.27567675 129.41489261 -1.06785339
63.67522443 128.25963550 -1.05362076
63.07701819 127.10591255 -1.03809620
62.48082034 125.95380843 -1.02256051
61.88622008 124.80540675 -1.01219123
61.29373220 123.66167998 -1.00893662
60.70422226 122.52147414 -1.00826481
60.11777463 121.38379766 -1.00567385
59.53443674 120.24881651 -1.00015183
58.95357148 119.11796654 -0.99319126
58.37495881 117.99273757 -0.98631498
57.79984526 116.87461293 -0.98035121
57.23029862 115.76525267 -0.97549580
56.66932121 114.66550006 -0.96920468
56.11772079 113.57648743 -0.96023974
55.57315251 112.50045457 -0.94940025
55.03576535 111.43914712 -0.93636069
54.50676819 110.39382149 -0.92227222
53.98518826 109.36621305 -0.90703548
53.47049537 108.35721937 -0.89007523
52.96357432 107.36636264 -0.87180256
52.46449317 106.39226893 -0.85283951
51.97236475 105.43324456 -0.83410393
51.48646646 104.48943537 -0.81514271
51.00787808 103.56269311 -0.79496307
50.53815641 102.65558031 -0.77359273
50.07837475 101.76965511 -0.75162187
49.62985158 100.90591564 -0.72940345
49.19275204 100.06521928 -0.70771191
48.76767386 99.24742469 -0.68745638
48.35504019 98.45243407 -0.66812625
47.95448293 97.68057830 -0.64948416
47.56571269 96.93149832 -0.63158445
47.18855842 96.20409447 -0.61436498
46.82256269 95.49787184 -0.59770670
46.46760859 94.81306846 -0.58283085
46.12509011 94.14961246 -0.57087716
45.79738354 93.50634579 -0.55998683
45.48675694 92.88195003 -0.54961312
45.19602991 92.27453788 -0.53938518
44.92724876 91.68205025 -0.52850943
44.68073092 91.10391142 -0.51832975
44.45772413 90.53922767 -0.50947902
44.26099860 89.98664855 -0.50146963
44.09225053 89.44488712 -0.49433909
43.95131136 88.91173028 -0.48718867
43.83643283 88.38452321 -0.47926082
43.74570717 87.86083708 -0.47098474
43.68097298 87.33912311 -0.46340519
43.64417647 86.81919755 -0.45688302
43.63424415 86.30210748 -0.45130807
43.65050382 85.78837126 -0.44664362
43.69343307 85.27784233 -0.44330704
43.76350931 84.77211604 -0.44004361
43.85939330 84.27312152 -0.43660409
43.98025427 83.78118841 -0.43568769
44.12790957 83.29701616 -0.43871021
44.30378474 82.82233777 -0.44450827
44.50808898 82.35749055 -0.45070940
44.74044593 81.90315022 -0.45674633
44.99988700 81.46217084 -0.46290802
45.28580285 81.03657286 -0.46895675
45.59601751 80.62596425 -0.47437123
45.92770414 80.22927308 -0.48062762
46.28231929 79.84794346 -0.48831003
46.66108677 79.48340358 -0.49679194
47.05886198 79.13173610 -0.50537138
47.47092174 78.78840532 -0.51065464
47.89825216 78.45274551 -0.51015906
48.34142142 78.12534622 -0.50753345
48.79888662 77.80527289 -0.51371626
49.26925130 77.48899005 -0.52643042
49.75138001 77.17278579 -0.53188053
50.24476868 76.85511749 -0.52755743
50.75007018 76.53698360 -0.52003509
51.26702815 76.21782914 -0.51598828
51.79405961 75.89439218 -0.51643118
52.33045967 75.56425443 -0.51838713
52.87645480 75.22655492 -0.52069679
53.43327906 74.88235416 -0.52399739
54.00177236 74.53228780 -0.52729327
54.58165738 74.17525172 -0.52982192
55.17278486 73.81053763 -0.53181494
55.77525450 73.43771414 -0.53384590
56.38931107 73.05655609 -0.53596603
57.01556175 72.66753132 -0.53811233
57.65491270 72.27205729 -0.54078432
58.30791965 71.87067523 -0.54348472
58.97539646 71.46394829 -0.54569377
59.65884906 71.05395793 -0.54850148
60.35937493 70.64251312 -0.55183948
61.07750232 70.23086679 -0.55662961
61.81225450 69.81913774 -0.56370846
62.56163514 69.40782022 -0.57075793
63.32428511 68.99956262 -0.57914982
64.09727047 68.59525799 -0.58748620
64.87739415 68.19528028 -0.59064976
65.66228471 67.80013815 -0.58854997
66.44806523 67.40713675 -0.58507011
67.23230252 67.01514676 -0.58249632
68.01393743 66.62311401 -0.58071719
68.79140171 66.22871760 -0.58018190
69.56356591 65.83099744 -0.58021698
70.32954014 65.42854648 -0.57967192
71.08848278 65.01981791 -0.57765595
71.83963324 64.60398451 -0.57460318
72.58190301 64.18092508 -0.57224692
73.31544161 63.75081307 -0.57245805
74.04153479 63.31327910 -0.57439795
74.76043917 62.86768818 -0.57556253
75.47251306 62.41430864 -0.57472522
76.17863611 61.95325443 -0.57318617
76.87907520 61.48410025 -0.57252274
77.57437088 61.00766278 -0.57191240
78.26673280 60.52581587 -0.57208323
78.95898496 60.03867018 -0.57311464
79.65317355 59.54523359 -0.57354504
80.35122848 59.04595157 -0.57219652
81.05478306 58.54130417 -0.56893388
81.76489409 58.03148670 -0.56462294
82.48249024 57.51732981 -0.55965614
83.20736488 56.99967102 -0.55472121
83.93864117 56.47956454 -0.55041085
84.67472300 55.95863336 -0.54751310
85.41277984 55.43735372 -0.54588435
86.15154859 54.91609802 -0.54497670
86.89032335 54.39433575 -0.54383149
87.62765910 53.87064083 -0.54107320
88.36140887 53.34315063 -0.53702006
89.08874309 52.80912405 -0.53325195
89.80766429 52.26582770 -0.52938004
90.51640162 51.71021792 -0.52222315
91.21288400 51.14197756 -0.50961497
91.89570657 50.56318363 -0.49503941
92.56509895 49.97431297 -0.48434667
93.21938219 49.37395176 -0.47696760
93.85750137 48.76187000 -0.46997304
94.48235173 48.13986704 -0.46350692
95.09298238 47.50738372 -0.45581714
95.68891212 46.86328481 -0.44981212
96.27524694 46.20966251 -0.44799180
96.85379462 45.54501856 -0.44481702
97.42580520 44.86860109 -0.43933107
97.99569942 44.18575035 -0.43577572
98.56231353 43.49820657 -0.44044865
99.12390982 42.80557269 -0.45626038
99.68497255 42.10879405 -0.47712643
100.24930813 41.40719385 -0.49170908
100.81806581 40.69957208 -0.49360537
101.39053536 39.98647381 -0.48787566
101.96548071 39.26880194 -0.48141685
102.54110685 38.54552767 -0.47784471
103.11618347 37.81584752 -0.47811993
103.68950429 37.07868164 -0.48238584
104.25964007 36.33145887 -0.49054878
104.82450018 35.57127473 -0.49829022
105.38176234 34.79751524 -0.50177939
105.92964538 34.01049179 -0.50412679
106.46717805 33.20945091 -0.50772883
106.99806441 32.39463335 -0.50506707
107.52473244 31.56684237 -0.49211247
108.04666522 30.72738024 -0.47644837
108.56490344 29.87981827 -0.46554162
109.08104653 29.02740387 -0.45890799
109.59663539 28.17287003 -0.45351374
110.11238504 27.31842827 -0.44656511
110.62687109 26.46498800 -0.43850358
111.13937864 25.61418564 -0.43101039
111.65012324 24.76611141 -0.42328326
112.15795936 23.91972249 -0.41547120
112.66182755 23.07420112 -0.40853728
113.15918061 22.22843524 -0.40203969
113.64487196 21.38088919 -0.39395839
114.11720165 20.53144505 -0.38839891
114.57794870 19.68164486 -0.38747465
115.02676871 18.83135211 -0.38815996
115.46164826 17.97981022 -0.38989419
115.88145481 17.12700122 -0.39213452
116.28631947 16.27270076 -0.39456399
116.67639218 15.41682041 -0.39576278
117.05200472 14.55956902 -0.39471965
117.41336964 13.70152708 -0.39265325
117.75960799 12.84332539 -0.39144754
118.09094115 11.98553612 -0.39207333
118.40842036 11.12902154 -0.39361733
118.71407018 10.27547954 -0.39461200
119.01130609 9.42733860 -0.39505811
119.30204656 8.58679143 -0.39587456
119.58656559 7.75633568 -0.39656648
119.86466847 6.93887687 -0.39607313
120.13770058 6.13760395 -0.39468514
120.40773562 5.35527336 -0.39282361
120.67506902 4.59309469 -0.39044069
120.94070714 3.85219289 -0.38793663
121.20636362 3.13395042 -0.38524644
121.47056564 2.43902573 -0.38206876
121.73115683 1.76751459 -0.37837476
121.98895740 1.11556342 -0.37516096
122.24603307 0.47448390 -0.37337944
122.50358903 -0.16192614 -0.37156212
122.75935295 -0.79624098 -0.36853425
123.01174442 -1.42996492 -0.36509211
123.26202155 -2.06313932 -0.36131035
123.51060878 -2.69527257 -0.35469417
123.75595210 -3.32593826 -0.34373031
123.99751108 -3.95415338 -0.33342497
124.23609907 -4.57939227 -0.33075635
124.47244607 -5.20679143 -0.33668472
124.70807227 -5.84109194 -0.34617243
124.94396554 -6.48259354 -0.35307483
125.18024390 -7.13204638 -0.35416164
125.41722877 -7.78964728 -0.35460332
125.65477827 -8.45582732 -0.35630503
125.89407530 -9.13086320 -0.35599954
126.13680571 -9.81445358 -0.35208263
126.38349156 -10.50541921 -0.34889577
126.63568221 -11.20197803 -0.34914574
126.89499785 -11.90299412 -0.35646272
127.16631189 -12.60979179 -0.37161602
127.44918981 -13.32389113 -0.38859204
127.74166356 -14.04520028 -0.40406669
128.04593984 -14.77404558 -0.41793696
128.36153264 -15.51043732 -0.43720764
128.68520344 -16.25679202 -0.45886847
129.01473864 -17.01584004 -0.47396269
129.34872866 -17.78730964 -0.48068803
129.68758154 -18.57009563 -0.48275228
130.03537366 -19.36171843 -0.48510658
130.38829865 -20.16163250 -0.49096492
130.74146300 -20.97177449 -0.50059698
131.09880260 -21.79296259 -0.51048191
131.46056064 -22.62597426 -0.51722593
131.82350772 -23.47129208 -0.52058569
132.18908057 -24.32739962 -0.52560711
132.55963402 -25.19228508 -0.53561741
132.93372007 -26.06616007 -0.54579273
133.31011912 -26.94953545 -0.55452988
133.68713954 -27.84175569 -0.56295264
134.06468469 -28.73972786 -0.56872328
134.44217514 -29.63964190 -0.57388361
134.81915935 -30.53883160 -0.58543696
135.19807738 -31.43598056 -0.60438673
135.57840107 -32.33203515 -0.62648263
135.96019204 -33.22840821 -0.64562684
136.34355196 -34.12555090 -0.65832364
136.72578684 -35.02291392 -0.66457399
137.10602037 -35.91894407 -0.67198832
137.48936211 -36.81064387 -0.68409425
137.87365752 -37.69943459 -0.69044008
138.25490629 -38.58935532 -0.69115377
138.64354795 -39.47693471 -0.69225437
139.03778554 -40.36122715 -0.69301179
139.42901746 -41.24400930 -0.69419772
139.81615940 -42.12473459 -0.69960439
140.19472110 -43.00504931 -0.70741799
140.57000181 -43.88261185 -0.71519102
140.94695483 -44.75849424 -0.72133133
141.31945833 -45.63403950 -0.72327403
141.68776554 -46.50703115 -0.72483342
142.05125634 -47.37800194 -0.72328368
142.40590216 -48.24770741 -0.71040646
142.75839992 -49.11336154 -0.69254105
143.11041933 -49.97241465 -0.67742390
143.45948895 -50.82400638 -0.66572636
143.80980324 -51.66518616 -0.65795047
144.15951411 -52.49644537 -0.65116714
144.50768138 -53.31945242 -0.64119461
144.85355281 -54.13279771 -0.62835627
145.19119740 -54.93491172 -0.61235686
145.52042668 -55.72252961 -0.59883241
145.84299026 -56.49199247 -0.59542342
146.15583559 -57.24598572 -0.59575596
146.45663089 -57.98808378 -0.58704521
146.74741913 -58.71598145 -0.56296387
147.02825766 -59.42530820 -0.53501141
147.30044233 -60.11281569 -0.51766406
147.56276052 -60.77683369 -0.51236677
147.81007160 -61.41742151 -0.51107480
148.04393605 -62.03501473 -0.50863786
148.26959641 -62.62952607 -0.50038610
148.48667581 -63.20193163 -0.48641044
148.69698554 -63.75470407 -0.47227926
148.90862192 -64.29171964 -0.45972468
149.12772626 -64.81606200 -0.45109409
149.35696554 -65.32801843 -0.44507637
149.59932063 -65.82764904 -0.43901058
149.86018506 -66.31436689 -0.43531586
150.14310057 -66.78560661 -0.43447216
150.44604181 -67.24062701 -0.43507542
150.76657035 -67.68113109 -0.43604232
151.10283903 -68.10885133 -0.43795050
151.45922444 -68.52264749 -0.44157559
151.83912513 -68.92415729 -0.44582414
152.23875728 -69.31651725 -0.44733857
152.65956985 -69.69839185 -0.44482098
153.10489427 -70.06761628 -0.44088543
153.57192450 -70.42540258 -0.44041865
154.05435694 -70.77577182 -0.44805849
154.55399857 -71.11815573 -0.45713166
155.07300322 -71.45238106 -0.46366455
155.60576542 -71.78203802 -0.47452447
156.14824646 -72.10991823 -0.49014269
156.69875827 -72.43922600 -0.50587380
157.25590920 -72.77366857 -0.52191256
157.81980676 -73.11234717 -0.53880670
158.39036368 -73.45568494 -0.55428915
158.96601247 -73.80491520 -0.56743910
159.54434595 -74.15964564 -0.58153315
160.12333305 -74.52098098 -0.59902050
160.70513428 -74.88970720 -0.61818292
161.29130660 -75.26742189 -0.63437127
161.88241216 -75.65293218 -0.64376300
162.48004916 -76.04376525 -0.64501672
163.08061797 -76.44113627 -0.64584103
163.68165315 -76.84591741 -0.65597588
164.28387734 -77.25847558 -0.67123889
164.88585052 -77.68091092 -0.68521116
165.48803622 -78.11283136 -0.69527425
166.09474678 -78.54805926 -0.70158843
166.70895031 -78.98116777 -0.70769900
167.32736919 -79.41602334 -0.71349091
167.94584467 -79.85585414 -0.71927062
168.56693450 -80.29800158 -0.72467681
169.19615414 -80.73829009 -0.72973078
169.83260552 -81.17703543 -0.73612609
170.47069443 -81.61820357 -0.73984511
171.11006672 -82.06072386 -0.74572431
171.75068282 -82.50460179 -0.75549778
172.39138903 -82.95172829 -0.76333036
173.03709530 -83.39919515 -0.77132257
173.68842855 -83.84691539 -0.77506774
174.34343541 -84.29804666 -0.77208846
175.00193449 -84.75269923 -0.76996775
175.66429336 -85.20771064 -0.77323526
176.32949666 -85.66426950 -0.77599442
176.99623999 -86.12781659 -0.77514532
177.66767013 -86.59592570 -0.76920923
178.34307038 -87.06931466 -0.75579702
179.02038741 -87.55022432 -0.74484228
179.70121642 -88.03532903 -0.73858505
180.38743214 -88.52467370 -0.72849264
181.07809984 -89.01687988 -0.71833630
181.77099747 -89.51151008 -0.71083488
182.46458883 -90.00865167 -0.70417017
183.15795386 -90.50698339 -0.69682665
183.85106859 -91.00576899 -0.68695489
184.54523971 -91.50276289 -0.67725837
185.23974127 -91.99990366 -0.67203279
185.93451190 -92.49670256 -0.66904335
186.62854934 -92.99327217 -0.66323715
187.32088325 -93.49007971 -0.66062604
188.01628330 -93.98371478 -0.66172794
188.71603516 -94.47610552 -0.65372388
189.41836525 -94.96816356 -0.63110402
190.12110602 -95.45852453 -0.60803051
190.82206255 -95.94696801 -0.60090568
191.52170413 -96.43439693 -0.60720277
192.22233282 -96.92191650 -0.61447182
192.92415442 -97.41330619 -0.61409713
193.62514473 -97.91269540 -0.60630480
194.32730253 -98.41543808 -0.59786243
195.03086438 -98.91817825 -0.59478079
195.73507857 -99.42137118 -0.59836182
196.44215131 -99.92552008 -0.60509927
197.15208705 -100.43317760 -0.60885831
197.86606263 -100.94379451 -0.60345130
198.58477538 -101.45579921 -0.59493310
199.30684191 -101.96729417 -0.59058090
200.03138312 -102.47800861 -0.59119260
200.75781480 -102.99117554 -0.59284791
201.48642101 -103.50520822 -0.59052488
202.21776011 -104.01790407 -0.58795096
202.95195547 -104.53055426 -0.58850776
203.68747642 -105.04423054 -0.58659547
204.42011851 -105.56091624 -0.58387254
205.14983918 -106.07902919 -0.58828568
205.87788830 -106.59720072 -0.59482826
206.60603499 -107.11627160 -0.59632568
207.33815615 -107.63395504 -0.59024812
208.07015462 -108.15138720 -0.58702908
208.79877982 -108.66781626 -0.59679208
209.52364774 -109.18314767 -0.61429662
210.24398376 -109.69914073 -0.63031459
210.96034174 -110.21614001 -0.64206846
211.67376674 -110.73375902 -0.65187938
212.38679296 -111.24796478 -0.65969264
213.09678495 -111.75837476 -0.66461874
213.80336865 -112.26334709 -0.67182114
214.50884908 -112.76233354 -0.68780983
215.21232865 -113.25832654 -0.70277291
215.91552635 -113.75318301 -0.70386721
216.61583616 -114.24652741 -0.69877033
217.30891674 -114.73667214 -0.70031890
217.99696033 -115.22250114 -0.71005210
218.68325873 -115.70796213 -0.71814642
219.36646165 -116.19475812 -0.71383203
220.04422679 -116.67897041 -0.70371423
220.71527780 -117.15833172 -0.69976677
221.37789247 -117.63247544 -0.70292042
222.02974227 -118.10240364 -0.70645031
222.67173036 -118.56561343 -0.70592723
223.30518047 -119.02188123 -0.70252440
223.92912398 -119.47142839 -0.69769256
224.54457349 -119.91097706 -0.68989560
225.14991988 -120.34109472 -0.68441394
225.74158378 -120.76549870 -0.68796051
226.32162390 -121.18437903 -0.69473227
226.89331735 -121.59787778 -0.69680459
227.45763584 -122.00863789 -0.69149521
228.01327662 -122.41787304 -0.68137245
228.55729099 -122.82472372 -0.66984297
229.08902266 -123.22776435 -0.65774416
229.60819332 -123.62647016 -0.64516018
230.11451667 -124.02030464 -0.63217377
230.60769897 -124.40872777 -0.61886644
231.08743989 -124.79119386 -0.60531559
231.55343287 -125.16715024 -0.59160021
232.00535968 -125.53603228 -0.57779929
232.44289615 -125.89726664 -0.56399144
232.86571101 -126.25027076 -0.55025525
233.27346047 -126.59445557 -0.53667105
233.66579076 -126.92922623 -0.52332053
234.04233474 -127.25398492 -0.51028539
234.40271751 -127.56811585 -0.49764692
234.74655469 -127.87100692 -0.48549043
235.07344085 -128.16203708 -0.47389772
235.38296335 -128.44057621 -0.46295428
235.67565733 -128.70550123 -0.45160102
235.95238935 -128.95602652 -0.43977028
236.21367158 -129.19221485 -0.42906310
236.46226213 -129.41313389 -0.41930067
236.70117360 -129.61805932 -0.40925894
236.93051761 -129.80804917 -0.39825450
237.15051007 -129.98418068 -0.38573370
237.36465097 -130.14942110 -0.37158183
237.57762534 -130.30785297 -0.35531174
237.79241969 -130.45934012 -0.33849616
238.00906201 -130.60094201 -0.32306965
238.22682195 -130.73197438 -0.30804860
238.44730083 -130.85325076 -0.29146297
238.67204776 -130.96516302 -0.27250600
238.89978083 -131.06736004 -0.25171385
239.12933675 -131.15754168 -0.22995739
239.36256860 -131.23567466 -0.20846328
239.60161938 -131.30414962 -0.18692668
239.84884560 -131.36380712 -0.16547887
240.10663336 -131.41347514 -0.14442681
240.37558768 -131.45202695 -0.12186241
240.65495848 -131.48329788 -0.10003933
240.94597869 -131.50480027 -0.08082998
241.25111879 -131.50678327 -0.06049377
241.56826907 -131.48451435 -0.03767294
241.89453768 -131.43737500 -0.01620274
242.22919834 -131.36599837 0.00076230
242.57136151 -131.27046732 0.01342298
242.92024881 -131.15090323 0.02198547
243.27520849 -131.00745422 0.02665292
243.63570373 -130.84028034 0.02763613
244.00131714 -130.64955023 0.02514724
244.37173688 -130.43541986 0.01940294
244.74675868 -130.19803473 0.01062253
245.12628335 -129.93752457 -0.00097492
245.51030675 -129.65399309 -0.01516985
245.89892402 -129.34752539 -0.03174045
246.29231912 -129.01818316 -0.05046376
246.69076745 -128.66600867 -0.07111897
247.09463337 -128.29102224 -0.09348488
247.50436228 -127.89322475 -0.11734107
247.92048588 -127.47259489 -0.14246776
248.34066696 -127.02866658 -0.16651713
248.76039484 -126.55928406 -0.18841225
249.17916928 -126.06394847 -0.20974535
249.60053011 -125.54422502 -0.23906568
250.02689601 -125.00242555 -0.27158222
250.46035132 -124.43830763 -0.28679413
250.90097251 -123.85246927 -0.28724193
251.34494436 -123.24778356 -0.29162237
251.78966480 -122.62397015 -0.31005233
252.23598984 -121.97942662 -0.33714970
252.68837773 -121.31505339 -0.36132525
253.14979089 -120.63253645 -0.38008059
253.61996507 -119.93242206 -0.39770708
254.10087196 -119.21799420 -0.41405506
254.59214901 -118.49008077 -0.42965770
255.08950769 -117.74625618 -0.44642567
255.59637076 -116.99102533 -0.45859352
256.11401480 -116.22907609 -0.46498902
256.63735850 -115.46125431 -0.47288988
257.16528361 -114.68976124 -0.48709495
257.69831139 -113.91508477 -0.50403958
258.23687179 -113.13456703 -0.51761993
258.78203725 -112.34621262 -0.52964343
259.33441414 -111.55007985 -0.53673034
259.89241539 -110.74600227 -0.53555944
260.45531953 -109.93726371 -0.53787733
261.01983069 -109.12610538 -0.54942163
261.58379403 -108.31150341 -0.56721450
262.15126352 -107.49309833 -0.58587109
262.72282941 -106.66958435 -0.59889193
263.29594286 -105.84010327 -0.60337915
263.87193522 -105.00638411 -0.60407580
264.44938906 -104.16863737 -0.60904023
265.02573296 -103.32604931 -0.61920299
265.60313516 -102.48048146 -0.63263942
266.18140322 -101.63374188 -0.64372951
266.75910150 -100.78625163 -0.65355093
267.33593280 -99.93708703 -0.67310318
267.91468562 -99.08660464 -0.69538534
268.49655305 -98.23706723 -0.70560753
269.07949143 -97.39018128 -0.71342048
269.66236160 -96.54398323 -0.72444328
270.24817881 -95.69656343 -0.72515001
270.83616779 -94.84863104 -0.71728058
271.42284477 -94.00115802 -0.71191271
272.01077770 -93.15643538 -0.71122045
272.59904826 -92.31235721 -0.71260733
273.18791195 -91.46733476 -0.70883109
273.77955974 -90.62231312 -0.69986930
274.37515824 -89.77932806 -0.69351687
274.97477842 -88.94132493 -0.69440753
275.57715836 -88.10808339 -0.70210385
276.18209359 -87.27681338 -0.71041940
276.78555782 -86.44103042 -0.71319413
277.38519726 -85.60033890 -0.70965750
277.98046730 -84.75847601 -0.71067296
278.56959315 -83.91652092 -0.72261030
279.15424165 -83.07439359 -0.73852851
279.73833569 -82.23095621 -0.74807479
280.32322510 -81.38553890 -0.74167473
280.90450036 -80.53754673 -0.72670480
281.48187244 -79.68929411 -0.71608742
282.05613075 -78.84230922 -0.71169780
282.62770717 -77.99578374 -0.71177335
283.19777666 -77.14923553 -0.71100446
283.76825929 -76.30500750 -0.70405175
284.34014693 -75.46322972 -0.69508463
284.91118318 -74.62182290 -0.68814777
285.48198768 -73.78353155 -0.68363785
286.05225627 -72.94949684 -0.68340846
286.62204731 -72.11620133 -0.68230890
287.19276928 -71.28148574 -0.67094604
287.76541811 -70.44792161 -0.65472735
288.33892643 -69.61901826 -0.65102161
288.91100413 -68.79491142 -0.66147660
289.48213147 -67.97238946 -0.67289934
290.05427453 -67.14882389 -0.67145475
290.62914974 -66.32475065 -0.65320248
291.20715233 -65.50126654 -0.63193794
291.78776416 -64.68038924 -0.61910572
292.37117587 -63.86369220 -0.61577042
292.95745940 -63.05141091 -0.62011976
293.54577483 -62.24164624 -0.62751720
294.13565844 -61.43239043 -0.63114588
294.73088521 -60.62602340 -0.62847325
295.33081083 -59.82431150 -0.62478839
295.93320273 -59.02802240 -0.62286114
296.54305034 -58.24094912 -0.62048352
297.15883015 -57.46185714 -0.61383087
297.77619611 -56.68753642 -0.60972163
298.39425988 -55.91831496 -0.60914647
299.01215147 -55.15440739 -0.60442818
299.63125063 -54.39752985 -0.60030799
300.25283764 -53.64779476 -0.59689275
300.87685530 -52.90294694 -0.58711190
301.50229587 -52.16261343 -0.57120109
302.12798180 -51.42805888 -0.55680600
302.75231502 -50.69803253 -0.54585277
303.37326444 -49.96964104 -0.53460022
303.98834674 -49.24156582 -0.52257770
304.59659827 -48.51439476 -0.51241124
305.19877387 -47.78981863 -0.50713351
305.79532872 -47.06775531 -0.50359487
306.38630264 -46.34657726 -0.49686476
306.97186858 -45.62742304 -0.48357679
307.55351714 -44.91366047 -0.46340523
308.13139364 -44.20840059 -0.44615463
308.70224669 -43.51259259 -0.43765661
309.26160675 -42.82540409 -0.43537679
309.80894337 -42.14652982 -0.43896122
310.34932640 -41.47675208 -0.44523691
310.88554852 -40.81511339 -0.44328970
311.41710121 -40.16137018 -0.43234794
311.94364282 -39.51835281 -0.42356606
312.46530397 -38.88800630 -0.42136476
312.98140236 -38.27152169 -0.42235761
313.49111889 -37.67060856 -0.42274960
313.99471278 -37.08563988 -0.42148266
314.49127783 -36.51599773 -0.41972028
314.97950314 -35.96151654 -0.41666704
315.45908249 -35.42492324 -0.41060926
315.92953549 -34.91058209 -0.40459139
316.38889013 -34.41820850 -0.40295056
316.83608047 -33.94575811 -0.40448274
317.27174619 -33.49282077 -0.40357424
317.69695315 -33.05774851 -0.39373479
318.11198612 -32.63949687 -0.37627354
318.51712821 -32.23885624 -0.36140513
318.91233947 -31.85378161 -0.35349684
319.29650324 -31.47600146 -0.35113646
319.67092580 -31.09879343 -0.35577967
320.03978361 -30.72205747 -0.36303696
320.40689840 -30.34679103 -0.36340373
320.77113649 -29.97123423 -0.35790537
321.12501428 -29.59064660 -0.35202260
321.46346373 -29.20299420 -0.34501305
321.78850884 -28.81122992 -0.33722028
322.10256850 -28.41787897 -0.33330582
322.40277456 -28.02107472 -0.33475907
322.68413431 -27.61592614 -0.34142054
322.94597690 -27.19921902 -0.34944970
323.18999437 -26.77023967 -0.35453069
323.41393531 -26.32795124 -0.35539788
323.61422403 -25.87156015 -0.35168702
323.78961690 -25.40110143 -0.34453823
323.93972343 -24.91679650 -0.33444857
324.06410193 -24.41893485 -0.32191759
324.16226733 -23.90787840 -0.30744443
324.23368297 -23.38406689 -0.29152891
324.27778566 -22.84801538 -0.27467137
324.29397748 -22.30032282 -0.25737237
324.28163867 -21.74167030 -0.24013525
324.24013726 -21.17281984 -0.22345882
324.16883159 -20.59462186 -0.20784182
324.06708393 -20.00800945 -0.19377759
323.93427042 -19.41400791 -0.18175981
323.76978375 -18.81373210 -0.17227982
323.57303871 -18.20838367 -0.16582880
323.34349170 -17.59925437 -0.16289495
323.08064750 -16.98772452 -0.16396478
322.78354252 -16.37417311 -0.16384595
322.45357943 -15.75815773 -0.15463157
322.09735922 -15.13895400 -0.13703092
321.72168758 -14.51589924 -0.11645224
321.33126500 -13.88834970 -0.09971868
320.92901000 -13.25574418 -0.08988695
320.51646477 -12.61732106 -0.08341973
320.09718638 -11.97068268 -0.07798206
319.67374478 -11.31449489 -0.07396670
319.24438677 -10.64954694 -0.06926078
318.80867790 -9.97551896 -0.06276773
318.36794551 -9.29119264 -0.05819483
317.92225409 -8.59535516 -0.05479886
317.47282407 -7.88574541 -0.04765569
317.01967278 -7.16155249 -0.03833650
316.56089806 -6.42298666 -0.02740878
316.09810882 -5.66942905 -0.01616902
315.63282617 -4.90095435 -0.00754712
315.16406042 -4.11865076 -0.00030395
314.69078714 -3.32491645 0.00571870
314.21137469 -2.52211618 0.01140011
313.72625314 -1.71114024 0.01734306
313.23763263 -0.89231405 0.02541003
312.74753689 -0.06703119 0.02977177
312.25778015 0.76334288 0.02562131
311.76898775 1.59985245 0.01938085
311.28099211 2.44275891 0.01909839
310.79446500 3.29044913 0.02841643
310.31096924 4.14173480 0.04234577
309.83217445 4.99547672 0.05364437
309.35986742 5.85139285 0.06019485
308.89683524 6.71074529 0.06239388
308.44361847 7.57395937 0.06422673
307.99897372 8.43956310 0.07012388
307.56266406 9.30693554 0.07866037
307.13719822 10.17627812 0.08639218
306.72291853 11.04794284 0.09280672
306.31600378 11.92271253 0.09718681
305.91564081 12.80095418 0.09923516
305.52104573 13.68397569 0.09929619
305.12819974 14.57145034 0.09672690
304.73329071 15.46143968 0.09418707
304.33318319 16.35265216 0.09044268
303.92748412 17.24519967 0.08462706
303.51608347 18.13873215 0.07837966
303.09385723 19.03083945 0.07173544
302.66336620 19.92105785 0.06246668
302.23047396 20.80973728 0.05285624
301.79066391 21.69666689 0.04511348
301.34206818 22.58214427 0.04153354
300.88672225 23.46630528 0.04670948
300.42581188 24.34824502 0.05359656
299.95593485 25.22671675 0.05575117
299.47477467 26.10142298 0.05328583
298.98648027 26.97199745 0.04833545
298.49239282 27.83828104 0.04392248
297.99205491 28.70139725 0.03946748
297.48412091 29.56168853 0.03699675
296.96859790 30.41872597 0.03884395
296.44805494 31.27183734 0.04120355
295.92388995 32.12000656 0.04125500
295.39937735 32.96464674 0.03893601
294.87412288 33.80475560 0.03467542
294.34779862 34.64000038 0.03072344
293.82261738 35.47254143 0.02793271
293.29777169 36.30343691 0.02899158
292.77452302 37.13215413 0.03611501
292.25560996 37.95713999 0.04387506
291.74028566 38.77700663 0.04764766
291.23078890 39.59397850 0.05232606
290.72795546 40.40997556 0.06261804
290.22975856 41.22218886 0.07237575
289.73927205 42.03119315 0.07765587
289.25641030 42.83722648 0.07942660
288.77778366 43.63826610 0.07771604
288.30147306 44.43318849 0.07309968
287.82732497 45.22117395 0.06702320
287.35416949 45.99990413 0.06042683
286.88387292 46.76965888 0.05644802
286.42004618 47.53242040 0.05871539
285.96226431 48.28701389 0.06341530
285.50814804 49.03039723 0.06592556
285.05745948 49.76130773 0.06646424
284.61322937 50.47980336 0.06408387
284.17775743 51.18717374 0.05970217
283.74909714 51.88443590 0.06141443
283.32633667 52.57049511 0.07475705
282.91173497 53.24328727 0.09206840
282.50639738 53.89878059 0.10137135
282.11072717 54.53601130 0.10210273
281.72269638 55.15627973 0.10044382
281.34174774 55.76073777 0.10309079
280.97149400 56.35050565 0.11074404
280.61157276 56.92462829 0.11709903
280.26039316 57.48268344 0.12004905
279.92001537 58.02480478 0.12232958
279.59442246 58.55009859 0.12705850
279.28313270 59.05695281 0.13061056
278.98022575 59.54426572 0.12659677
278.68621734 60.01391650 0.11817891
278.40610149 60.46848474 0.11365583
278.14048671 60.90670413 0.11713970
277.88868736 61.32614272 0.12444846
277.65179424 61.72637007 0.12689794
277.43070410 62.10747904 0.12379179
277.22372992 62.46926456 0.12066271
277.03019851 62.81169285 0.11990205
276.85103786 63.13453522 0.12214783
276.68686850 63.43636881 0.12685105
276.53827967 63.71617533 0.13093709
276.40405245 63.97455594 0.13316754
276.28320894 64.21397914 0.13435146
276.17412971 64.44089828 0.13524597
276.07146778 64.66309278 0.13594299
275.97084535 64.88441232 0.13561657
275.87105103 65.10640844 0.13402683
275.77276494 65.33011205 0.13179731
275.67756020 65.55569911 0.12976236
275.58550421 65.78301712 0.12888581
275.49473188 66.01172256 0.12956837
275.40281440 66.24125537 0.13133995
275.30878282 66.47189613 0.13428835
275.21382324 66.70492299 0.13822108
275.11993172 66.94392616 0.14170144
275.02661976 67.19687168 0.14249800
274.92926005 67.47080412 0.14171898
274.82292975 67.76932386 0.14324141
274.70555386 68.09440917 0.14917100
274.57833211 68.44630274 0.15895454
274.44297725 68.82370275 0.16719261
274.29876829 69.22393791 0.16959207
274.14548585 69.64616356 0.16903896
273.98524591 70.09123362 0.17432143
273.81727552 70.55835783 0.18810287
273.63708191 71.04573131 0.20303133
273.44236553 71.55090245 0.21390813
273.23470467 72.07083028 0.22087231
273.01598976 72.60366704 0.22602420
272.78546671 73.15009405 0.23176374
272.54270616 73.71083213 0.23551123
272.28743755 74.28381622 0.23121494
272.01606832 74.86842762 0.22175917
271.72634286 75.46584054 0.21404076
271.42180585 76.07590741 0.20573323
271.10595080 76.69813377 0.19286076
270.77926669 77.33204036 0.17610379
270.44224433 77.97714970 0.15613993
270.09538256 78.63298751 0.13363744
269.73917848 79.29907538 0.10926011
269.37412378 79.97493143 0.08366798
269.00071252 80.66007606 0.05751645
268.61942895 81.35402345 0.03145703
268.23074806 82.05628370 0.00613658
267.83512845 82.76636577 -0.01780144
267.43302125 83.48376430 -0.03971467
267.02486569 84.20797153 -0.05896635
266.61108483 84.93846555 -0.07491809
266.19208524 85.67470568 -0.08693730
265.76825821 86.41613627 -0.09439328
265.33997270 87.16218486 -0.09665939
264.90743219 87.91273665 -0.09381273
264.47277352 88.66838577 -0.08539044
264.03754164 89.42883668 -0.07235393
263.60026221 90.19271941 -0.06012824
263.16034303 90.95825800 -0.05246090
262.71603439 91.72274699 -0.04892131
262.26942603 92.48524126 -0.04988499
261.82447020 93.24680862 -0.05074961
261.38094603 94.00725543 -0.04592586
260.93869984 94.76587565 -0.03654182
260.49723343 95.52052571 -0.02933354
260.05519448 96.27029008 -0.02479580
259.61266945 97.01700431 -0.01974421
259.17212119 97.76124071 -0.01527921
258.73460904 98.50187459 -0.01148789
258.29872856 99.23678544 -0.00997798
257.86464046 99.96627069 -0.01084794
257.43352041 100.69275343 -0.00885383
257.00426673 101.41428262 0.00233342
256.57593800 102.12464791 0.01854198
256.15077229 102.82009567 0.02852904
255.73480682 103.50151209 0.03280163
255.33019494 104.16895381 0.03921528
254.93278554 104.82004577 0.05077563
254.54313985 105.45288150 0.06299279
254.16439182 106.06591618 0.07093716
253.79288117 106.65691627 0.07768581
253.42602461 107.22425125 0.08159221
253.06774496 107.76949442 0.08412499
252.71768872 108.29286097 0.08979148
252.37425676 108.79315299 0.09393859
252.03728906 109.27248052 0.09487075
251.70432847 109.73819348 0.09524280
251.37150483 110.19545858 0.09554591
251.03342407 110.64263858 0.09582292
250.68702447 111.07738875 0.09946825
250.33064562 111.49750322 0.10863479
249.96431796 111.90213046 0.11984010
249.58852875 112.29072205 0.12955802
249.20236342 112.66241666 0.13636845
248.80601042 113.01768305 0.14055666
248.39884764 113.35685118 0.14436492
247.97865124 113.68245823 0.14710345
247.54397832 113.99690169 0.14724354
247.09359620 114.29938306 0.14464743
246.62611523 114.59028685 0.14134590
246.14206547 114.87348284 0.13932055
245.64344331 115.15290174 0.13928161
245.12931277 115.42738235 0.14268520
244.59956296 115.69553678 0.14472312
244.05659487 115.96073773 0.14233047
243.50057313 116.22722583 0.13672613
242.93136945 116.49744304 0.12653710
242.34986764 116.77404191 0.11509430
241.75559549 117.05781285 0.10659932
241.14746131 117.34648601 0.09848794
240.52564428 117.64095864 0.08897906
239.89015137 117.94354662 0.08034059
239.23951808 118.25410969 0.07445482
238.57191498 118.57184600 0.07251732
237.88830414 118.89794371 0.07407969
237.19030375 119.23225756 0.07463832
236.47822233 119.57321192 0.06920309
235.75229872 119.92367956 0.05901466
235.01265635 120.28844990 0.05118837
234.25884589 120.66832580 0.05336348
233.48943476 121.06019725 0.06267011
232.70353266 121.46267167 0.06897975
231.90221609 121.87802690 0.07218900
231.08575119 122.30719031 0.07480619
230.25365178 122.74751364 0.07122012
229.40794262 123.20079125 0.06139407
228.54806613 123.66773445 0.05039287
227.66913716 124.14382865 0.04212922
226.77013792 124.63046420 0.03817839
225.84905827 125.12744631 0.04108422
224.90399364 125.63089362 0.04984825
223.94043214 126.14312678 0.05826570
222.96381536 126.66359222 0.05909168
221.97611965 127.18943633 0.04731919
220.97473328 127.72082703 0.02728999
219.95424558 128.25880949 0.01035932
218.91203217 128.80514006 0.00539525
217.85057538 129.35917020 0.00753921
216.77183812 129.91957186 0.00960106
215.67617077 130.48619751 0.00846794
214.56463329 131.05787950 0.00467285
213.43996638 131.63269553 -0.00622608
212.30374595 132.21291098 -0.02641250
211.15263965 132.80191941 -0.04593121
209.98352222 133.40140384 -0.05740319
208.79698574 134.01093246 -0.06399042
207.59457746 134.62777117 -0.07015207
206.37974306 135.25147668 -0.08097638
205.15427979 135.88151025 -0.09983266
203.91650980 136.51850070 -0.11969893
202.66716795 137.16572495 -0.13326070
201.40626078 137.82445212 -0.14287532
200.13211038 138.49422245 -0.14748190
198.84614354 139.17503218 -0.14139831
197.55186219 139.86408422 -0.13297475
196.25091031 140.55690796 -0.13206216
194.94518283 141.25509324 -0.13498833
193.63645656 141.96070321 -0.13387748
192.32397602 142.66950957 -0.13034746
191.00888585 143.38020639 -0.12451301
189.69465626 144.09454779 -0.11240229
188.38257915 144.80905900 -0.09667865
187.07353785 145.51872356 -0.08241752
185.77050680 146.22397805 -0.07192643
184.47591082 146.92401635 -0.06035280
183.19233890 147.61408652 -0.04352062
181.92329369 148.29238204 -0.02781670
180.67187762 148.95937702 -0.01617615
179.44187670 149.61520331 -0.00185974
178.23552264 150.25796777 0.01606155
177.05421141 150.88561137 0.03428262
175.90107122 151.49790786 0.05250991
174.77821614 152.09446988 0.06943361
173.68656636 152.67296994 0.08413958
172.62884559 153.23345968 0.09792578
171.60745215 153.77842513 0.10823260
170.62200169 154.30873907 0.11216367
169.67197333 154.82322745 0.11308261
168.75809521 155.32251400 0.11314484
167.88096852 155.80897997 0.10863662
167.04093974 156.28395208 0.09734560
166.23918770 156.74841532 0.08233398
165.47651639 157.20404305 0.06728676
164.74822559 157.65442375 0.05239541
164.04866946 158.10356956 0.03660634
163.37848495 158.55455054 0.02021470
162.74001585 159.00888305 0.00350288
162.13322774 159.46772737 -0.01754095
161.55583328 159.93063073 -0.04586477
161.00793950 160.39787753 -0.07651658
160.49309924 160.87204266 -0.10393887
160.01294768 161.35359102 -0.12827585
159.56792769 161.84215283 -0.15295076
159.16096676 162.33882128 -0.17766923
158.79573178 162.84628606 -0.20301899
158.47187915 163.36555499 -0.23110941
158.18685200 163.89508266 -0.25932456
157.94301155 164.43356418 -0.28781046
157.74308099 164.98001043 -0.32030441
157.58261326 165.53362939 -0.35663175
157.45641132 166.09423053 -0.39734401
157.36443707 166.66253763 -0.44377244
157.31297655 167.23759490 -0.48952104
157.30591434 167.81834989 -0.52503862
157.33778402 168.40665074 -0.55111732
157.40425707 169.00136510 -0.57477851
157.50612058 169.60039947 -0.59992873
157.64429363 170.20315710 -0.62657042
157.81647853 170.80890804 -0.65270941
158.01894264 171.41802817 -0.67863443
158.25399921 172.02726710 -0.70319116
158.52401760 172.63290166 -0.72771095
158.82293838 173.23812378 -0.75188651
159.14364721 173.84821264 -0.77172916
159.48499868 174.46286878 -0.78282523
159.84526996 175.08037865 -0.78555104
160.21948217 175.70079415 -0.78955646
160.60733759 176.32232450 -0.80193294
161.00814552 176.94440117 -0.82239997
161.41573675 177.57206749 -0.84639586
161.82764210 178.20947900 -0.86664222
162.24554348 178.85629816 -0.88224306
162.66698190 179.51485805 -0.89532263
163.09051042 180.18541182 -0.90292932
163.51779642 180.86480589 -0.90813913
163.94680196 181.55367436 -0.91760762
164.37667803 182.25276702 -0.93037803
164.81018233 182.96023224 -0.93801544
165.24673603 183.67627854 -0.93378568
165.68375109 184.40356577 -0.92103148
166.12090500 185.14244508 -0.90682496
166.55639830 185.89254896 -0.88970811
166.98934258 186.65411929 -0.87476927
167.42014560 187.42789148 -0.87015925
167.85036633 188.21316853 -0.86933233
168.28352075 189.00658496 -0.87058956
168.72062887 189.80647654 -0.87594434
169.16138384 190.61426424 -0.88225634
169.60611499 191.43250075 -0.88399125
170.05530931 192.26257784 -0.87491489
170.50846098 193.10504292 -0.85947983
170.96387511 193.95895078 -0.84627880
171.42252087 194.82230425 -0.83691971
171.88605796 195.69470735 -0.83297224
172.35454602 196.57541951 -0.83315542
172.82820739 197.46217926 -0.83750357
173.30726389 198.35665870 -0.84425776
173.79268657 199.26170580 -0.84253566
174.28348461 200.17803857 -0.82690713
174.77525616 201.10518555 -0.81091073
175.26681382 202.03942156 -0.80803942
175.75937917 202.97837665 -0.81371104
176.25345927 203.92332351 -0.81791789
176.74837639 204.87502023 -0.81556107
177.24329732 205.83195913 -0.80736718
177.73775491 206.79280021 -0.79902036
178.23139268 207.75751480 -0.79249573
178.72584914 208.72473023 -0.78724428
179.22096498 209.69238037 -0.78640161
179.71488000 210.65874128 -0.78814838
180.20779181 211.62223151 -0.79178459
180.70005536 212.58398148 -0.79370178
181.19116363 213.54541685 -0.78773804
181.68052698 214.50599618 -0.77769843
182.16649960 215.46577185 -0.76800391
182.65010508 216.42546402 -0.75532809
183.13199618 217.38482581 -0.73669954
183.61261452 218.34177363 -0.71779098
184.09142438 219.29508274 -0.70983440
184.56802961 220.24440338 -0.71070020
185.04323094 221.19134753 -0.70963299
185.51731009 222.13676775 -0.70223314
185.99109662 223.07952608 -0.69216250
186.46433680 224.01910532 -0.68425941
186.93616648 224.95479168 -0.67948447
187.40742214 225.88473814 -0.67625320
187.87862515 226.80969752 -0.67277709
188.34779451 227.73373134 -0.66718089
188.81591557 228.65760122 -0.65608266
189.28232523 229.58030405 -0.64456552
189.74332293 230.50344856 -0.63733048
190.20089477 231.42650687 -0.63293504
190.65642595 232.34551451 -0.62938277
191.10740388 233.26173519 -0.62820546
191.55373091 234.17869224 -0.62712655
191.99595456 235.09729272 -0.62465993
192.43591256 236.01619962 -0.62603754
192.86937390 236.93818513 -0.62342459
193.29601195 237.86128792 -0.62307728
193.72024669 238.78157287 -0.63516443
194.14049424 239.70054017 -0.65172705
194.55840910 240.61803202 -0.66924224
194.97508315 241.53517184 -0.68447319
195.38923979 242.45310256 -0.69203907
195.79699075 243.37317500 -0.69490061
196.19859812 244.29415583 -0.70209141
196.59528215 245.21697711 -0.71380008
196.98614309 246.14527485 -0.71914600
197.37595775 247.07584624 -0.71551400
197.76502111 248.00716738 -0.71461263
198.14998366 248.94146314 -0.72067104
198.52995418 249.87865933 -0.72870094
198.90501066 250.81926984 -0.73677558
199.27793218 251.76321911 -0.74388744
199.65019191 252.71011063 -0.74697571
200.02429004 253.65624406 -0.75068044
200.40225262 254.59953875 -0.75640654
200.78301656 255.54227615 -0.75988092
201.16781588 256.48380077 -0.75937521
201.55796024 257.42245969 -0.75967828
201.95300564 258.35901667 -0.76470596
202.35292995 259.29388105 -0.77141124
202.75670405 260.22560507 -0.78354679
203.16547699 261.15252839 -0.80290412
203.58126832 262.07410292 -0.82307526
204.00407994 262.99195325 -0.83681424
204.43639259 263.90479354 -0.84188019
204.87718293 264.81172914 -0.84366679
205.32283173 265.71418321 -0.85023514
205.77007713 266.61642088 -0.86382194
206.21850937 267.52130085 -0.87775842
206.67038013 268.42516538 -0.88897443
207.12376716 269.32658029 -0.90332087
207.58015398 270.22531674 -0.92022296
208.04256794 271.12026120 -0.93045021
208.50791561 272.01233917 -0.93562307
208.97196677 272.90177473 -0.94796784
209.43417559 273.78713327 -0.96911069
209.89732928 274.66862603 -0.99148502
210.36401818 275.54691859 -1.00648598
210.83389911 276.42143037 -1.01233113
211.30433080 277.29067455 -1.01935536
211.77294396 278.15393341 -1.03395331
212.23878299 279.01247055 -1.05034761
212.70029365 279.86624515 -1.06250719
213.15541752 280.71174116 -1.07452999
213.60362588 281.54657321 -1.09157096
214.04578887 282.37035338 -1.10961849
214.48236060 283.18350119 -1.12173895
214.91170076 283.98760464 -1.12953749
215.33348453 284.78303299 -1.13926666
215.74754486 285.57067254 -1.14936326
216.15470736 286.34949980 -1.15516974
216.55537260 287.11566195 -1.16251026
216.94942548 287.86768309 -1.17319580
217.33875954 288.60465103 -1.18190677
217.72237322 289.32649568 -1.18501667
218.09792178 290.03385798 -1.18176769
218.46325551 290.72545844 -1.17802385
218.81455723 291.40072450 -1.17992681
219.14963051 292.06086507 -1.18823346
219.46953483 292.70670832 -1.19949930
219.77644533 293.33863293 -1.20874445
220.07368034 293.96216756 -1.21122949
220.36453748 294.58418596 -1.20945792
220.65122139 295.20633184 -1.20933529
220.93613104 295.82759003 -1.20882667
221.22063484 296.44711889 -1.19967568
221.50313482 297.06655884 -1.18225977
221.78016281 297.68682044 -1.16593921
222.04975587 298.30824611 -1.15537306
222.31235145 298.93318568 -1.14808864
222.56934698 299.56253907 -1.14161729
222.82409478 300.19796531 -1.13366632
223.07850894 300.84535767 -1.12263027
223.33135083 301.50908157 -1.10905749
223.58445544 302.18856188 -1.09317477
223.84227625 302.88123369 -1.07890051
224.10606145 303.58756320 -1.06800090
224.37379779 304.31041031 -1.05599448
224.64701920 305.04832146 -1.04129987
224.93167297 305.79733189 -1.02357454
225.23186080 306.55560298 -1.00485672
225.54718158 307.32362476 -0.98310604
225.87707018 308.10021640 -0.95573833
226.22540776 308.87984508 -0.92809040
226.59366014 309.66092470 -0.90837872
226.98168473 310.44566836 -0.89610780
227.39213593 311.23377518 -0.88146113
227.82756014 312.02377650 -0.85901677
228.28901715 312.81333813 -0.83208857
228.77457429 313.60079039 -0.81006209
229.28387481 314.38396369 -0.79378763
229.82044068 315.16025235 -0.77995489
230.38615131 315.93010125 -0.76471208
230.98034714 316.69600425 -0.73985521
231.60183708 317.45877024 -0.70961196
232.24925478 318.21764190 -0.68293874
232.92115612 318.97296482 -0.66113888
233.61719349 319.72494946 -0.64541273
234.33974745 320.47292803 -0.63452313
235.08999511 321.21844474 -0.62321676
235.86471076 321.96385024 -0.61133268
236.65988446 322.70997585 -0.60376207
237.47617794 323.45519000 -0.59882600
238.31444553 324.19537361 -0.59156038
239.17067949 324.92942934 -0.58126869
240.03981840 325.65612510 -0.57259206
240.92042607 326.37348698 -0.56769513
241.81338647 327.08277364 -0.56094703
242.71979797 327.78608777 -0.54486715
243.63944766 328.48456995 -0.52247774
244.56939599 329.17652096 -0.50512101
245.50851886 329.85892298 -0.49670220
246.45700183 330.53143767 -0.49258253
247.41527922 331.19487058 -0.48471930
248.38241624 331.84888900 -0.47260075
249.35524134 332.49480120 -0.46246305
250.33300523 333.13379817 -0.45281505
251.31627699 333.76596333 -0.43626966
252.30331620 334.39208724 -0.41381884
253.29214150 335.01231702 -0.39223852
254.27990621 335.62814073 -0.37300944
255.26355042 336.24092141 -0.35915543
256.24118933 336.85137551 -0.35016368
257.21120080 337.46164235 -0.33990394
258.17306191 338.07135997 -0.32330176
259.12564671 338.67888646 -0.29960969
260.06706492 339.28436548 -0.27273034
260.99513263 339.88768156 -0.24067967
261.90665055 340.48896952 -0.20384187
262.79879547 341.08745851 -0.17145064
263.66841032 341.68326126 -0.14651392
264.51268936 342.27784665 -0.12542705
265.33066960 342.87092309 -0.10427864
266.12304186 343.46111902 -0.07924540
266.88862607 344.04831429 -0.05344311
267.62505013 344.63513035 -0.03001116
268.33396741 345.22160061 -0.00882442
269.01556167 345.80803462 0.00995677
269.66754446 346.39647698 0.02599621
270.28983969 346.98620924 0.03666142
270.88382810 347.57616891 0.04067495
271.44977135 348.16657401 0.04009057
271.98820948 348.75725398 0.03737927
272.50001202 349.34758875 0.03469287
272.98468489 349.93698375 0.03356427
273.44215734 350.52444254 0.03462000
273.87273963 351.10870364 0.03693180
274.27535551 351.68838646 0.03908896
274.64910232 352.26193818 0.04043383
274.99493120 352.82768764 0.03908830
275.31487029 353.38355691 0.03271616
275.61120359 353.92737794 0.02290508
275.88791320 354.45615374 0.01361630
276.15017892 354.96733498 0.00525410
276.40312583 355.46088957 -0.00467560
276.65128070 355.93887195 -0.01715517
276.89809669 356.40180478 -0.02989971
277.14712963 356.84542797 -0.04018677
277.40046005 357.26651878 -0.04757687
277.65853517 357.66517312 -0.05224887
277.92178022 358.04144264 -0.05439006
278.19059463 358.39532346 -0.05418986
278.46534239 358.72676657 -0.05184373
278.74635483 359.03567129 -0.04755021
279.03392493 359.32188947 -0.04151206
279.32829876 359.58522039 -0.03393702
279.62967401 359.82541008 -0.02503606
279.93819397 360.04215631 -0.01501900
280.25393958 360.23510423 -0.00410497
280.57692351 360.40385037 0.00748983
280.90708289 360.54794978 0.01954451
281.24426795 360.66690583 0.03183830
281.58824185 360.76018545 0.04414772
281.93866790 360.82721842 0.05625208
282.29558632 360.86931251 0.06727405
282.65998430 360.88631395 0.07351551
283.03333632 360.87344288 0.07460215
283.41773589 360.82667072 0.07737181
283.81562474 360.74783925 0.08515164
284.22886944 360.64389108 0.09065742
284.65696401 360.51841998 0.08754844
285.09790702 360.36840175 0.07926355
285.55074170 360.19028803 0.07370216
286.01389562 359.98381428 0.07599823
286.48713080 359.75499363 0.08059748
286.97193529 359.50950809 0.08099814
287.46936621 359.24892541 0.07930898
287.98101493 358.97679135 0.07648438
288.50862697 358.69619500 0.07422347
289.05322860 358.40747953 0.07347240
289.61462156 358.10964170 0.07037621
290.19312640 357.80347765 0.06327729
290.78965235 357.48950652 0.05425877
291.40369787 357.16739183 0.04678054
292.03348586 356.83772380 0.04002165
292.67835672 356.50159680 0.03124732
293.33818436 356.15917832 0.01913617
294.01396035 355.81008796 0.00711797
294.70690260 355.45496624 0.00216339
295.41623410 355.09376734 0.00443082
296.13943443 354.72503473 0.00498357
296.87459373 354.34907347 -0.00199447
297.62251178 353.96770798 -0.01351868
298.38277357 353.58038549 -0.02538298
299.15406689 353.18798662 -0.03549873
299.93562897 352.79148716 -0.04591330
300.72693726 352.39132030 -0.06208535
301.52853640 351.98860057 -0.08289443
302.34119810 351.58188904 -0.10223479
303.16515540 351.16921133 -0.11343559
303.99895141 350.75169405 -0.11324340
304.83923431 350.32965516 -0.10973035
305.68222867 349.90165714 -0.11162107
306.52595725 349.46775684 -0.11830844
307.37139637 349.02903132 -0.12913063
308.22061838 348.58620673 -0.14055673
309.07567163 348.14091548 -0.14781465
309.93566715 347.69430764 -0.15214881
310.79942289 347.24649949 -0.15514408
311.66743268 346.79796678 -0.15817131
312.53864330 346.34963788 -0.15911172
313.41033172 345.90297578 -0.15989109
314.28075619 345.45602225 -0.16240600
315.15079412 345.00836736 -0.16369609
316.02122591 344.56096680 -0.15956565
316.89146217 344.11125877 -0.15171742
317.76225854 343.66152384 -0.14415589
318.63369334 343.21352809 -0.13656677
319.50394168 342.76669366 -0.13348859
320.37251835 342.32257704 -0.13642704
321.23953043 341.88049430 -0.14440599
322.10457564 341.43768857 -0.15479428
322.96769482 340.99346218 -0.16343776
323.82940270 340.54758304 -0.16810147
324.68953068 340.09887428 -0.16850194
325.54808155 339.65005134 -0.16745780
326.40417122 339.20450101 -0.16679915
327.25715598 338.76344749 -0.16894298
328.10745467 338.32650281 -0.17191876
328.95521907 337.89202340 -0.16921701
329.80183519 337.45824118 -0.15833841
330.64741745 337.02540388 -0.13965315
331.49017073 336.59360039 -0.11821367
332.32578221 336.15865545 -0.10590320
333.15262771 335.72137990 -0.10380472
333.97535274 335.28634702 -0.10461839
334.79617687 334.85638332 -0.10490964
335.61511085 334.43168911 -0.10223242
336.43189118 334.00958054 -0.09647284
337.24676335 333.59132106 -0.08552144
338.05964020 333.17703978 -0.07138590
338.87014079 332.76470000 -0.05615014
339.67894023 332.35489311 -0.03873943
340.48624927 331.94938046 -0.02310548
341.29194965 331.54936509 -0.01256654
342.09676426 331.15538035 -0.00618374
342.90138281 330.76969072 -0.00350805
343.70615049 330.39571998 -0.00421173
344.51152057 330.03334717 -0.00732299
345.31846372 329.68153519 -0.00993126
346.12864651 329.34102428 -0.00798664
346.94098904 329.01000451 -0.00264280
347.75306180 328.68721933 0.00375543
348.56326513 328.37407466 0.00383647
349.37267702 328.06895554 -0.00244561
350.18473317 327.77158736 -0.00320708
351.00060417 327.48175831 0.00149972
351.81870835 327.19890637 0.00774674
352.63633980 326.92328973 0.01460229
353.45106371 326.65605562 0.01356290
354.26481529 326.39809668 0.00432669
355.08077151 326.14848624 -0.00150634
355.89962609 325.90928167 0.00319777
356.72114725 325.67916956 0.01422687
357.54289058 325.45451402 0.01894587
358.36227774 325.23755942 0.01508367
359.18022311 325.03235484 0.00918016
359.99978031 324.83819283 0.00592210
360.82073956 324.65572511 0.00812464
361.64286697 324.48491529 0.01664927
362.46669714 324.32034373 0.02780266
363.29075196 324.16079508 0.03700492
364.11419901 324.00959606 0.04513151
364.93479268 323.86898661 0.04655174
365.75378104 323.73511444 0.04036210
366.57476792 323.60520338 0.03400505
367.39789291 323.48395641 0.03193710
368.22322381 323.37089605 0.03523607
369.04963786 323.26017323 0.04000794
369.87451589 323.15470379 0.04151713
370.69710500 323.05970839 0.03697093
371.51875314 322.97416439 0.03264019
372.34018400 322.89731763 0.03735227
373.15983334 322.83044290 0.04866220
373.97623625 322.77342368 0.05907377
374.78937053 322.72546048 0.06660337
375.59970899 322.68686132 0.07367836
376.40751717 322.65748327 0.08254896
377.21159674 322.63825325 0.09258195
378.01033825 322.62884504 0.10245931
378.80341574 322.62634655 0.10891331
379.59176346 322.63131641 0.11329295
380.37595757 322.64707404 0.12075574
381.15617926 322.67318214 0.13430647
381.93161812 322.70757614 0.15399694
382.70052450 322.74843753 0.17393663
383.45985376 322.79339001 0.18490580
384.20563310 322.84232167 0.18529686
384.93605846 322.89661035 0.18197857
385.65093336 322.95579774 0.17946811
386.34939902 323.01890009 0.18013065
387.02994829 323.08594833 0.18591805
387.69183892 323.15404994 0.19358539
388.33492061 323.21983088 0.19973776
388.95876792 323.28257531 0.20601823
389.56244868 323.34082860 0.21170176
390.14521562 323.39278944 0.21623654
390.70655369 323.43832788 0.22122062
391.24658153 323.47666710 0.22683400
391.76581945 323.50606784 0.23334276
392.26427424 323.52483927 0.24212665
392.74073593 323.53052395 0.25394694
393.19393282 323.52073922 0.26628291
393.62362662 323.49503049 0.27452475
394.03212082 323.45653960 0.27782030
394.42570773 323.40896771 0.27717455
394.80957356 323.35503332 0.27250013
395.18566214 323.29718584 0.26496931
395.55490318 323.23590993 0.25730263
395.91794305 323.16812477 0.25184291
396.27522313 323.08842807 0.24851910
396.62581268 322.99579229 0.24622959
396.96771758 322.88968693 0.24794840
397.29918185 322.76806968 0.25442407
397.61912223 322.63326827 0.26081829
397.92729691 322.48869585 0.26398294
398.22686390 322.33390966 0.26299540
398.52240075 322.16469834 0.25895039
398.81529328 321.97744709 0.25400609
399.10498692 321.77066969 0.24880131
399.39030377 321.54471967 0.24508931
399.67010930 321.30113891 0.24580875
399.94339979 321.03967721 0.25044121
400.20909098 320.75754586 0.25590358
400.46680310 320.45131244 0.25988831
400.71764711 320.11879558 0.26205514
400.96395232 319.75864299 0.26305336
401.20778987 319.36855152 0.26134680
401.44991867 318.94582571 0.25536116
401.68915317 318.48693899 0.24667098
401.92308048 317.98854488 0.23725542
402.14913748 317.44916273 0.22847007
402.36642765 316.86986205 0.22047622
402.57578335 316.25375994 0.21180306
402.77776629 315.60367874 0.20187467
402.97281400 314.92237921 0.19168898
403.16149656 314.21258109 0.18130149
403.34454517 313.47620210 0.17045022
403.52295193 312.71475723 0.15949323
403.69780191 311.92953668 0.14917088
403.86919616 311.12089604 0.14041412
404.03772486 310.28972384 0.13267339
404.20485769 309.43822984 0.12591965
404.37191168 308.56857932 0.11837442
404.54094325 307.68319013 0.10761824
404.71401550 306.78311848 0.09368551
404.89176672 305.86739254 0.08029162
405.07428052 304.93476749 0.07321835
405.26120251 303.98626379 0.07134173
405.44996622 303.02500727 0.06759900
405.63714290 302.05336997 0.05923341
405.82135534 301.07309633 0.04966542
406.00214419 300.08609927 0.04189167
406.17880771 299.09474047 0.03612574
406.35066953 298.10098572 0.03234538
406.51749915 297.10600907 0.03071268
406.68013413 296.11092878 0.03107516
406.83878482 295.11604231 0.03267998
406.99302556 294.12130993 0.03416956
407.14314984 293.12703100 0.03388844
407.29013889 292.13276107 0.03155422
407.43456363 291.13719524 0.02874512
407.57702959 290.14072858 0.02640564
407.71757613 289.14432861 0.02358880
407.85589729 288.14788018 0.02081120
407.99229015 287.15134266 0.02051083
408.12653657 286.15448943 0.02345861
408.25796503 285.15745522 0.02747241
408.38597827 284.15999039 0.02972841
408.51077159 283.16156846 0.02986313
408.63391730 282.16174880 0.02897173
408.75596314 281.15954318 0.02903843
408.87703002 280.15527247 0.03114604
408.99674988 279.14867064 0.03436657
409.11390519 278.13943900 0.03794444
409.22802272 277.12873204 0.04188469
409.33930186 276.11720788 0.04589241
409.44848733 275.10432879 0.04946733
409.55678249 274.09002917 0.05512101
409.66481154 273.07526040 0.06280889
409.77181096 272.06048788 0.06749940
409.87730452 271.04545256 0.06834927
409.98206510 270.02963188 0.06760383
410.08995348 269.01306202 0.06571956
410.20500143 267.99529640 0.06361200
410.32843927 266.97574081 0.06348180
410.45977551 265.95370179 0.06462193
410.59831965 264.92798983 0.06378571
410.74605008 263.89846779 0.06219636
410.90515085 262.86669044 0.06588685
411.07360144 261.83378957 0.07292437
411.24909425 260.80009306 0.07731290
411.43152228 259.76475377 0.08253625
411.62019702 258.72564245 0.09265942
411.81336803 257.68205021 0.10509163
412.00970233 256.63485557 0.11756293
412.20877736 255.58519536 0.13005455
412.41015611 254.53423361 0.14254313
412.61338117 253.48316862 0.15499707
412.81797622 252.43322719 0.16737625
413.02344897 251.38566951 0.17962900
413.22928446 250.34177828 0.19169130
413.43494697 249.30287081 0.20348734
413.63987909 248.27028665 0.21492838
413.84350571 247.24539855 0.22590580
414.04522644 246.22960054 0.23629449
414.24443063 245.22430982 0.24595183
414.44047779 244.23096993 0.25471318
414.63271135 243.25103988 0.26239409
414.82046013 242.28599682 0.26878755
415.00303043 241.33732970 0.27366136
415.17971081 240.40654318 0.27676067
415.34808008 239.49482252 0.27799365
415.50474766 238.60370019 0.27712137
415.64707830 237.73532817 0.27420007
415.77275431 236.88999170 0.26937004
415.88010169 236.06779559 0.26153923
415.96879771 235.26906752 0.25002293
416.03954781 234.49275603 0.23523738
416.09305462 233.73789752 0.21762080
416.13000422 233.00360195 0.19763007
416.15104994 232.28904416 0.17574518
416.15678696 231.59344884 0.15246979
416.14774026 230.91608182 0.12833150
416.12433812 230.25623592 0.10388127
416.08690095 229.61322947 0.07969600
416.03562159 228.98639394 0.05637341
415.97054370 228.37507103 0.03453576
415.89155268 227.77860948 0.01482857
415.79835106 227.19635914 -0.00208480
415.69044495 226.62768324 -0.01552595
415.56712506 226.07196185 -0.02480947
415.42686536 225.52945690 -0.02968592
415.26693960 225.00012553 -0.03103400
415.08441778 224.48302181 -0.03087990
414.87688957 223.97839624 -0.02981994
414.64256262 223.48795226 -0.02574217
414.38015966 223.01404153 -0.01773859
414.08922580 222.55961939 -0.00658530
413.76902794 222.12691782 0.00726784
413.41952049 221.71572902 0.02323606
413.04206149 221.32470097 0.04048758
412.63696716 220.95427740 0.05841388
412.20419592 220.60687037 0.07693223
411.74484593 220.28451184 0.09491258
411.26026265 219.98827422 0.10986641
410.75090578 219.71915306 0.12122229
410.21820072 219.47847211 0.12917349
409.66408198 219.26767822 0.13433297
409.09014227 219.08751549 0.13741971
408.49870280 218.93751145 0.13776881
407.89174583 218.81611417 0.13345112
407.26752291 218.72214409 0.12400893
406.62383167 218.65537488 0.11222965
405.96137981 218.61535633 0.09964046
405.27901197 218.60140170 0.08596067
404.57630545 218.61289129 0.07186398
403.85480136 218.64920033 0.05795123
403.11489556 218.70987299 0.04439781
402.35740525 218.79479563 0.03150829
401.58181545 218.90351774 0.01883603
400.78689965 219.03536647 0.00675808
399.97347662 219.18960577 -0.00433454
399.14314911 219.36538861 -0.01357011
398.29754174 219.56144401 -0.02180342
397.43830367 219.77636600 -0.03286573
396.56764015 220.00871341 -0.04870575
395.68566294 220.25707502 -0.06776156
394.79170539 220.52075219 -0.08482060
393.88392068 220.80044370 -0.09613602
392.95890126 221.09667502 -0.10422886
392.01689426 221.40819487 -0.11362007
391.06141929 221.73358607 -0.12474836
390.09600684 222.07115987 -0.13556742
389.12228992 222.41963689 -0.14139263
388.14069543 222.77879636 -0.13837318
387.15283326 223.14761070 -0.12933393
386.16024212 223.52551431 -0.11837902
385.16419980 223.91275061 -0.10924638
384.16631243 224.30924759 -0.10263094
383.16688929 224.71507244 -0.09576313
382.16575840 225.13100205 -0.08810732
381.16402637 225.55711712 -0.08148033
380.16215108 225.99262007 -0.07467681
379.15828587 226.43797978 -0.06513622
378.15225024 226.89342402 -0.05368657
377.14468400 227.35763633 -0.04292064
376.13608129 227.82911024 -0.03241395
375.12663758 228.30705369 -0.02112078
374.11534506 228.79043792 -0.01129169
373.10203357 229.27827959 -0.00209700
372.08782774 229.77016721 0.00826164
371.07355571 230.26668295 0.01956280
370.06003062 230.76929342 0.03056649
369.04763205 231.27923094 0.03793405
368.03513778 231.79664094 0.04596238
367.02255478 232.32093761 0.05841003
366.00796924 232.85178261 0.06927585
364.99172057 233.38859328 0.07611210
363.97862430 233.93083218 0.08252802
362.97008164 234.47803548 0.08945593
361.96543920 235.02969441 0.09456718
360.96362222 235.58542040 0.09815979
359.96452983 236.14441589 0.10188553
358.96863791 236.70630241 0.10531815
357.97657881 237.27073133 0.10691096
356.98988466 237.83703731 0.10677551
356.00929369 238.40464448 0.10498347
355.03493244 238.97280946 0.10259079
354.06653971 239.54065406 0.10192813
353.10443032 240.10745655 0.10349051
352.14980687 240.67253996 0.10652290
351.20309348 241.23592129 0.10892468
350.26499076 241.79773111 0.10869351
349.33575827 242.35688493 0.10696524
348.41615713 242.91180020 0.10372856
347.50740547 243.46160857 0.09930258
346.60909705 244.00559018 0.09477449
345.72064172 244.54273699 0.08952506
344.84206864 245.07212504 0.08349956
343.97405958 245.59260708 0.07664658
343.11754253 246.10345568 0.06839574
342.27265401 246.60356805 0.05877342
341.43917335 247.09252629 0.04790380
340.61695655 247.57077063 0.03530531
339.80483168 248.03778352 0.02302004
339.00245097 248.49245874 0.01347902
338.21036240 248.93509350 0.00676922
337.42746598 249.36677505 0.00132290
336.65295853 249.78856274 -0.00532873
335.88721735 250.20091392 -0.01317905
335.12903436 250.60324784 -0.02141581
334.37708034 250.99462628 -0.02945365
333.63181393 251.37410794 -0.03589827
332.89336278 251.74079561 -0.04083899
332.16123409 252.09321107 -0.04459944
331.43610805 252.42958701 -0.04795941
330.72062815 252.74939063 -0.05361539
330.01681336 253.05038380 -0.05944579
329.32451479 253.33039477 -0.06371116
328.64347850 253.59060462 -0.06967405
327.97483056 253.83198713 -0.07893040
327.31978054 254.05428578 -0.09105258
326.67787140 254.25661451 -0.10356995
326.04773797 254.43867953 -0.11395444
325.42797529 254.60118510 -0.12161856
324.81687872 254.74514219 -0.12711140
324.21453961 254.87193078 -0.13097940
323.62340143 254.98264461 -0.13322469
323.04591967 255.07626839 -0.13412646
322.48403501 255.15041147 -0.13439984
321.93939230 255.20339943 -0.13354055
321.41386424 255.23307372 -0.13250705
320.90811533 255.23689996 -0.13283789
320.42124860 255.21442536 -0.13330079
319.95273487 255.16777072 -0.13163343
319.50105546 255.10139579 -0.12821416
319.06362650 255.01678792 -0.12396367
318.63792189 254.90976950 -0.11747712
318.22154100 254.77884669 -0.10858824
317.81240631 254.62698529 -0.09733464
317.40983572 254.45625970 -0.08327505
317.01370466 254.26340649 -0.06641547
316.62340090 254.04538844 -0.04785592
316.23812573 253.80584354 -0.03127515
315.85634756 253.54640710 -0.01800244
315.47697493 253.26580829 -0.00622828
315.09877564 252.96376841 0.00550533
314.72121628 252.63686465 0.02020431
314.34542568 252.27832487 0.03828729
313.97156126 251.88501148 0.05692174
313.59767144 251.45956269 0.07373619
313.22084525 251.00843248 0.08434156
312.84057201 250.53341168 0.08805974
312.45937978 250.03058905 0.08922744
312.08034748 249.49828057 0.08963812
311.70465733 248.93746671 0.08787745
311.33006343 248.35099793 0.08523462
310.95508475 247.74083513 0.08342105
310.58202740 247.10597066 0.07974801
310.21279402 246.44636792 0.07233815
309.84561491 245.76426676 0.06370324
309.47810929 245.06146806 0.05741628
309.10743290 244.34185353 0.05287887
308.73313285 243.60766937 0.04718487
308.35705315 242.85763798 0.04209506
307.97775325 242.09406343 0.03862529
307.59497336 241.31880432 0.03561834
307.21101481 240.53044577 0.03540354
306.82649627 239.72955259 0.03913016
306.43955577 238.91920987 0.04429604
306.04945858 238.10122184 0.04761146
305.65563363 237.27644849 0.04879237
305.25486878 236.44776101 0.04848269
304.84758014 235.61604436 0.04833517
304.43607525 234.77883764 0.04916642
304.02116398 233.93323884 0.04851649
303.60405244 233.07736818 0.04382968
303.18411693 232.21105378 0.04052812
302.76117136 231.33466805 0.04575610
302.33329372 230.44971510 0.05518471
301.89704259 229.55846537 0.06073953
301.45370332 228.66120862 0.06298097
301.00665412 227.75661709 0.06618249
300.55609302 226.84435609 0.06855316
300.10129324 225.92530504 0.06918411
299.64205296 224.99901749 0.07320902
299.17581413 224.06500568 0.08015284
298.69985279 223.12448635 0.08780026
298.21453965 222.17718015 0.09959774
297.72258181 221.22175187 0.11125537
297.22789013 220.25766741 0.11658503
296.73298378 219.28503574 0.12056117
296.23747352 218.30571842 0.13035413
295.73947980 217.32004154 0.14267984
295.23603280 216.32688836 0.15358348
294.72778430 215.32592453 0.15684756
294.21616372 214.31676997 0.15284939
293.70012815 213.30005097 0.15041676
293.18179946 212.27778102 0.15041021
292.66308052 211.25267063 0.15364682
292.14341763 210.22542627 0.15315918
291.62292277 209.19586093 0.14394373
291.10165089 208.16544258 0.13314580
290.57855066 207.13595694 0.12674818
290.05373096 206.10754718 0.12526362
289.52942064 205.07923703 0.12478756
289.00592152 204.05036342 0.11828295
288.48232176 203.02147842 0.10686658
287.95729325 201.99427716 0.09737931
287.43068902 200.96879066 0.09008789
286.90411639 199.94397555 0.08255837
286.37766837 198.91976066 0.07344979
285.85007091 197.89672152 0.06467510
285.31817539 196.87551466 0.05832925
284.78176549 195.85705624 0.05723302
284.24435741 194.84078093 0.05872108
283.70600238 193.82536575 0.05810751
283.16677989 192.81090194 0.05488573
282.62771876 191.79738095 0.04890739
282.08857960 190.78400226 0.03912214
281.54979632 189.77145306 0.02820738
281.01188065 188.76073147 0.02334949
280.47545918 187.75049857 0.02267261
279.93980757 186.73865461 0.02016354
279.40274427 185.72440804 0.01897075
278.86447429 184.70728305 0.02442119
278.32599965 183.68661692 0.03428879
277.78732974 182.66228210 0.04407454
277.24790471 181.63343815 0.05062031
276.70651351 180.59767849 0.05121497
276.16360753 179.55444543 0.04731608
275.62074847 178.50672639 0.04752500
275.07922854 177.45693407 0.06098215
274.53802645 176.40543454 0.08194254
273.99590439 175.35189564 0.09676574
273.45349256 174.29690361 0.10504808
272.91300229 173.24094701 0.10674229
272.37441967 172.18488729 0.10086290
271.83718123 171.13111359 0.09466516
271.30260292 170.07967561 0.09105185
270.77199013 169.02873202 0.08475373
270.24457696 167.97920386 0.07741207
269.71767063 166.93251787 0.07858642
269.18972125 165.88870045 0.08876445
268.66033190 164.84717638 0.09747335
268.13303902 163.80870023 0.10037449
267.61100218 162.77420694 0.09532746
267.09600673 161.74277650 0.08164081
266.59110752 160.71541630 0.06540684
266.09262389 159.69419363 0.05120253
265.59339684 158.68162070 0.04935129
265.09291034 157.67982244 0.06306031
264.59210629 156.68582166 0.07860058
264.09099245 155.69676350 0.08283185
263.59113173 154.71390806 0.07718872
263.09442102 153.73884509 0.06741236
262.60248542 152.77128490 0.05234137
262.11424375 151.81257452 0.03380070
261.62956502 150.86683455 0.01904696
261.14986264 149.93634866 0.01079731
260.67486726 149.02138356 0.00871468
260.20458236 148.12257174 0.01322591
259.73882174 147.24016828 0.02396838
259.27795461 146.37237342 0.03448876
258.82181622 145.51533271 0.03721244
258.37074952 144.66557522 0.03059316
257.92622891 143.82245216 0.01725365
257.48987105 142.98846536 0.00155165
257.06375879 142.16705478 -0.01034189
256.64610796 141.35832954 -0.01407746
256.23544925 140.56221152 -0.01054378
255.83308931 139.77861534 -0.00130841
255.43927520 139.00363445 0.00921427
255.05510627 138.23529962 0.01331974
254.67957401 137.47587615 0.01308332
254.30953871 136.72823684 0.01616667
253.94378574 135.99420211 0.02587089
253.58429042 135.27420461 0.03884391
253.23270253 134.56851450 0.05176783
252.88618931 133.87494307 0.06551457
252.54389180 133.19257202 0.08033706
252.21000017 132.52422358 0.09674464
251.88690257 131.86797331 0.11105432
251.57291233 131.21864956 0.11972401
251.26805545 130.57679553 0.12417811
250.97298257 129.94683222 0.13099541
250.68398963 129.32864205 0.14649968
250.39939312 128.71825524 0.16721971
250.12020213 128.11598926 0.18780854
249.84555353 127.52702051 0.20819767
249.57254065 126.95133391 0.22639199
249.30034457 126.38862711 0.24054335
249.03031528 125.84267426 0.25293648
248.75949430 125.31284326 0.26740478
248.48564395 124.79884206 0.28497020
248.21085711 124.30382365 0.30337371
247.93760243 123.83056002 0.32234848
247.66223971 123.37899677 0.34145906
247.37571148 122.94750358 0.35951292
247.07535240 122.53869002 0.37589445
246.76434530 122.15752808 0.38963590
246.44480119 121.80501124 0.39923264
246.11628920 121.47870602 0.40422977
245.77619912 121.17527702 0.40609604
245.42169502 120.89257388 0.40818804
245.05360486 120.63187656 0.41163346
244.67399777 120.39468885 0.41288229
244.28007823 120.18191194 0.40678526
243.86726572 119.99607734 0.39367435
243.43450894 119.83945056 0.38066245
242.98409082 119.71234145 0.36726504
242.51749609 119.61292789 0.34963499
242.03757814 119.54043248 0.32720202
241.54795304 119.49468975 0.29950084
241.04920166 119.47554046 0.27034772
240.54080576 119.48293081 0.24329508
240.02209303 119.51544698 0.21921739
239.49244869 119.57161162 0.19985539
238.95319678 119.65053408 0.18459359
238.40860833 119.75158624 0.17016950
237.86099035 119.87342278 0.15579505
237.30674762 120.01377887 0.14580210
236.74368895 120.17039992 0.14064299
236.17466044 120.34161571 0.13434461
235.60182316 120.52714829 0.12494797
235.02484709 120.72783844 0.11597426
234.44166811 120.94397347 0.11036021
233.84747386 121.17500334 0.11016927
233.23953628 121.42029328 0.11495109
232.61940560 121.68045556 0.11938038
231.98805626 121.95729381 0.12000137
231.34498352 122.25122346 0.11847273
230.68929248 122.56156928 0.11946951
230.01839878 122.88871435 0.12320510
229.33129818 123.23173917 0.12147737
228.63202247 123.59045671 0.11540204
227.92249489 123.96574787 0.11078350
227.19994608 124.35685314 0.10634997
226.46568860 124.76382428 0.10598090
225.72035280 125.18714528 0.11315124
224.95869581 125.62631204 0.12636167
224.18045305 126.08043524 0.14119388
223.38912402 126.54807005 0.15387682
222.58471817 127.02632515 0.15963663
221.76963791 127.51198288 0.15547213
220.94652164 128.00295093 0.14577705
220.11378691 128.49848803 0.14041881
219.27196418 128.99672918 0.14613398
218.42238864 129.49446072 0.15573349
217.56409222 129.99074429 0.16314429
216.69788185 130.48586625 0.16831313
215.82533700 130.97864197 0.17287326
214.94597521 131.46704018 0.17191649
214.06050412 131.95081705 0.16180492
213.17084157 132.43132059 0.15181152
212.27744835 132.90890782 0.15060828
211.38041000 133.38262925 0.15706014
210.48214808 133.85112974 0.16399685
209.58440682 134.31271511 0.16564089
208.68742298 134.76720641 0.15950364
207.79032670 135.21573585 0.14975729
206.89539453 135.66030380 0.14516290
206.00362928 136.10173515 0.14599748
205.11341036 136.54182700 0.15122901
204.22888601 136.98181033 0.16490582
203.35224607 137.41894081 0.18201152
202.48032643 137.85200363 0.19056708
201.61417550 138.28189370 0.19086457
200.75801511 138.71104495 0.19352954
199.90968723 139.13966000 0.19803736
199.06716367 139.56747987 0.20195847
198.23458144 139.99664695 0.20878442
197.41133604 140.42679500 0.21732155
196.59293929 140.85469127 0.22332508
195.78140742 141.28047723 0.22418049
194.97933539 141.70600560 0.22269281
194.18654202 142.13042584 0.22497460
193.40474533 142.55183339 0.22857802
192.63588724 142.96760760 0.22838351
191.88109262 143.37544589 0.22835257
191.14006998 143.77351553 0.23105912
190.41287194 144.16055208 0.23449372
189.70186907 144.53696284 0.23898694
189.00700964 144.90295514 0.24412470
188.32711401 145.25664955 0.24871601
187.66362585 145.59625638 0.25480464
187.01921981 145.92184851 0.26170840
186.39580077 146.23390561 0.26587533
185.79350515 146.53168966 0.26995443
185.21202402 146.81399858 0.27832071
184.65129939 147.07977316 0.28753771
184.11185578 147.32939017 0.29338213
183.59362487 147.56609184 0.29756844
183.09513744 147.79387136 0.30349072
182.61405703 148.01683711 0.31259545
182.14691803 148.23878367 0.32349385
181.69115073 148.46464326 0.33436527
181.24718135 148.70023836 0.34432711
180.81652647 148.94892344 0.35440605
180.40078969 149.21162815 0.36515508
180.00118898 149.48804567 0.37269389
179.61589951 149.77726947 0.37385791
179.24384357 150.07935063 0.37152420
178.88718258 150.39542946 0.36905526
178.54868504 150.72582237 0.36705717
178.22990548 151.06953016 0.36581167
177.93111112 151.42512762 0.36268892
177.65212576 151.79234279 0.35481191
177.39153108 152.17480176 0.34358435
177.15276837 152.57901810 0.33301024
176.93911892 153.00734504 0.32353525
176.74713930 153.45736388 0.31279300
176.57381278 153.92674657 0.30198012
176.42241176 154.41222400 0.29033689
176.29653970 154.90983045 0.27689547
176.19446159 155.41739131 0.26010021
176.11577236 155.93276257 0.23885722
176.06125418 156.45310438 0.21274645
176.03259101 156.97718136 0.18666524
176.03353195 157.50331816 0.16443482
176.06307430 158.02963749 0.14691156
176.11405245 158.55722589 0.13550878
176.17967265 159.08725225 0.12886592
176.26045600 159.61729504 0.12380888
176.35999832 160.14322831 0.11633528
176.47843671 160.66329903 0.10787903
176.61321822 161.17790078 0.10024245
176.75991273 161.68899549 0.09197437
176.91721823 162.19717687 0.08239822
177.08835859 162.69943216 0.07410078
177.27426252 163.19306460 0.06569316
177.47149973 163.68009896 0.05715901
177.67781639 164.16333732 0.05073619
177.89302324 164.64201984 0.04700471
178.11719644 165.11312052 0.04832635
178.34727852 165.57802699 0.05312130
178.57861725 166.04130795 0.05622071
178.80969518 166.50395519 0.05529412
179.04300657 166.96353836 0.05061796
179.28121503 167.41655322 0.04439242
179.52005361 167.86537895 0.03628080
179.75302119 168.31628084 0.02656523
179.97745614 168.77135388 0.01839533
180.19439241 169.22789078 0.00874186
180.40425349 169.68357792 -0.00369083
180.60428194 170.14059198 -0.01310991
180.78957935 170.60237393 -0.01950835
180.95790834 171.06652484 -0.02449507
181.10861924 171.52985320 -0.02932483
181.23827171 171.99381698 -0.03569474
181.34543494 172.45933694 -0.04311638
181.42875862 172.92594748 -0.05315668
181.48472747 173.39279852 -0.06422434
181.51259834 173.85878394 -0.07156507
181.51353189 174.32225920 -0.07430894
181.48811468 174.78150738 -0.07642858
181.43789832 175.23658926 -0.07808067
181.36308878 175.68794690 -0.07923013
181.25971553 176.13436948 -0.08326920
181.12392341 176.57375554 -0.09123264
180.95543111 177.00389680 -0.10261841
180.75972636 177.42491007 -0.11876399
180.54181920 177.83909066 -0.14189834
180.30009092 178.24723032 -0.16855026
180.02789849 178.64748212 -0.19441090
179.71847765 179.03610956 -0.21772795
179.37283383 179.41086923 -0.23767988
178.99785798 179.77235253 -0.25810545
178.59884693 180.12129698 -0.28086702
178.17770452 180.45829828 -0.30479941
177.73325687 180.78280451 -0.33169433
177.26455649 181.09570016 -0.36073813
176.77346461 181.39956672 -0.38880530
176.26199332 181.69717395 -0.41467079
175.73318806 181.99302604 -0.43831267
175.18912750 182.29047664 -0.46108689
174.62810365 182.58992428 -0.48377217
174.04799205 182.89130909 -0.50487352
173.44999546 183.19701167 -0.52455087
172.83570992 183.51006321 -0.54332822
172.20589056 183.83237491 -0.56064020
171.56134516 184.16480802 -0.57735903
170.90219292 184.50747533 -0.59473232
170.22794652 184.86020509 -0.61281429
169.53792546 185.22227752 -0.63038925
168.83191167 185.59245123 -0.64575841
168.11140241 185.97131429 -0.65834269
167.37769300 186.35965541 -0.66976152
166.63124330 186.75673368 -0.68095847
165.87203989 187.16170514 -0.69218707
165.09927820 187.57436346 -0.70356700
164.31244554 187.99504581 -0.71371234
163.51084828 188.42304952 -0.72127190
162.69414802 188.85664123 -0.72949200
161.86271232 189.29466198 -0.74155559
161.01715937 189.73800865 -0.75603941
160.15705134 190.18752660 -0.76915486
159.28178298 190.64406623 -0.77636927
158.39222844 191.10842628 -0.77829663
157.48932850 191.57988518 -0.78361871
156.57367643 192.05755499 -0.79689808
155.64580882 192.54057888 -0.81408465
154.70626667 193.02855655 -0.83141134
153.75604097 193.52092409 -0.84576933
152.79745652 194.01503849 -0.85612223
151.83550993 194.50902706 -0.86437466
150.87408361 195.00307180 -0.87080264
149.91421182 195.49658074 -0.87280211
148.95671736 195.99012689 -0.87161630
148.00145856 196.48432511 -0.86980400
147.04791285 196.97983335 -0.86665632
146.09757004 197.47688708 -0.86495847
145.14985949 197.97137966 -0.86523943
144.20419258 198.46263048 -0.86644333
143.26031337 198.95202035 -0.86710505
142.31628086 199.43703350 -0.86656561
141.37379840 199.91653992 -0.86803417
140.43429297 200.38984755 -0.87347702
139.49816273 200.85665732 -0.88140901
138.56738389 201.31828432 -0.88606595
137.64348247 201.77535767 -0.88568670
136.72696747 202.22719160 -0.88164937
135.81902190 202.67250691 -0.87641653
134.92179721 203.11052237 -0.87374856
134.03706561 203.54060021 -0.87511988
133.16526914 203.96207593 -0.87882580
132.30785310 204.37555790 -0.88116946
131.46650580 204.78100317 -0.88121895
130.64172953 205.17729219 -0.88085716
129.83487463 205.56482811 -0.87987941
129.04746126 205.94386759 -0.87709337
128.28081789 206.31321847 -0.87391041
127.53570297 206.67143809 -0.87231363
126.81296488 207.01860272 -0.87251795
126.11307088 207.35503666 -0.87348661
125.43470154 207.67961112 -0.87316520
124.77774786 207.99170212 -0.87114240
124.14392742 208.29219895 -0.86853329
123.53427919 208.58160307 -0.86593787
122.95009379 208.85968671 -0.86395859
122.39282267 209.12590897 -0.86210958
121.86329305 209.37917215 -0.85902196
121.36269110 209.61980032 -0.85574945
120.89230256 209.84851769 -0.85418474
120.45285852 210.06494078 -0.85435096
120.04411329 210.26882165 -0.85527022
119.66491793 210.45979140 -0.85565573
119.31355846 210.63885725 -0.85536986
118.98752160 210.80780941 -0.85479878
118.68608866 210.96748490 -0.85425361
118.40970516 211.11865864 -0.85367249
118.15562691 211.26114976 -0.85155100
117.92088915 211.39511250 -0.84772492
117.70308698 211.52231175 -0.84418860
117.49619785 211.64682247 -0.84136825
117.29553111 211.77296976 -0.83826397
117.09983753 211.90207476 -0.83433512
116.90831152 212.03455270 -0.83024490
116.72116658 212.17089986 -0.82678060
116.54013032 212.31187829 -0.82250694
116.36619087 212.45811941 -0.81398955
116.19750701 212.60832516 -0.80083648
116.03328872 212.76172164 -0.78842913
115.87269174 212.92151995 -0.78175338
115.71099640 213.09417339 -0.78020484
115.54536458 213.28577994 -0.77873653
115.37587693 213.49937657 -0.77153519
115.20260776 213.73585589 -0.75863564
115.02490483 213.99449968 -0.74555895
114.84436627 214.27536337 -0.73560201
114.66550924 214.57946400 -0.72950681
114.49216870 214.90671453 -0.72551236
114.33005902 215.25756778 -0.71988105
114.18279136 215.63142353 -0.71292133
114.05039771 216.02626266 -0.70845986
113.93402722 216.44090660 -0.71070366
113.83566584 216.87609892 -0.71983656
113.75813332 217.33418952 -0.73124613
113.70531904 217.81661459 -0.74025337
113.68295068 218.32249424 -0.74498887
113.69433853 218.84957141 -0.74485378
113.73847734 219.39636026 -0.74342437
113.81504326 219.96178734 -0.74736551
113.92393040 220.54473154 -0.75815376
114.06561563 221.14443600 -0.76971656
114.24286559 221.75932426 -0.77671986
114.45725949 222.38660484 -0.78113529
114.70835273 223.02395724 -0.78657306
114.99394712 223.67118992 -0.79466332
115.30968696 224.32959121 -0.80378674
115.65071969 225.00073686 -0.81268894
116.01275959 225.68606625 -0.82236256
116.39269162 226.38669140 -0.83334085
116.78697460 227.10398843 -0.84538004
117.19282787 227.83917317 -0.85733147
117.60964234 228.59241636 -0.86803529
118.03706304 229.36346483 -0.87731346
118.47485788 230.15233334 -0.88616116
118.92231069 230.95900891 -0.89667067
119.37847212 231.78314724 -0.91022622
119.84262900 232.62470527 -0.92704882
120.31377185 233.48469314 -0.94489169
120.79177548 234.36475482 -0.95910223
121.27804897 235.26595058 -0.96513665
121.77402539 236.18812733 -0.96394980
122.28086462 237.12844720 -0.96417516
122.79829842 238.08361540 -0.97451334
123.32432161 239.05350267 -0.99494170
123.85745554 240.03974914 -1.01562985
124.39650844 241.04277235 -1.02699106
124.94050165 242.06002382 -1.02749833
125.48926480 243.08788169 -1.02190139
126.04238179 244.12463025 -1.01759531
126.60026282 245.16913193 -1.02310158
127.16322409 246.22109784 -1.03844907
127.73104201 247.28162184 -1.05574415
128.30388752 248.35143794 -1.06874262
128.88065578 249.43124613 -1.07420123
129.46067708 250.51914536 -1.07421599
130.04208617 251.61198153 -1.07362552
130.62435127 252.70699293 -1.07815396
131.20766092 253.80337207 -1.08617846
131.79101955 254.90196388 -1.08946253
132.37462389 256.00314246 -1.08608098
132.95885499 257.10782185 -1.07859679
133.54384607 258.21629205 -1.07177399
134.12970348 259.32708019 -1.06926447
134.71766427 260.43820182 -1.07156025
135.30829828 261.54859884 -1.07726529
135.90096386 262.65839308 -1.08336838
136.49623329 263.76811489 -1.08623911
137.09398417 264.87886971 -1.08271922
137.69348594 265.99138744 -1.07344549
138.29468434 267.10504092 -1.06415358
138.89746987 268.22035570 -1.05882894
139.50188379 269.33847297 -1.05558713
140.10717136 270.45824827 -1.05624198
140.71277588 271.57775500 -1.06410354
141.31863595 272.69732082 -1.07518889
141.92465849 273.81821860 -1.08142511
142.53112776 274.94056396 -1.08186175
143.13897912 276.06373095 -1.07766045
143.74791664 277.18812559 -1.07012716
144.35779810 278.31348028 -1.06407115
144.96757219 279.43951226 -1.06145146
145.57638027 280.56627137 -1.06182121
146.18449259 281.69313456 -1.06332317
146.79160988 282.81915686 -1.06500778
147.39675740 283.94474950 -1.06684214
147.99948575 285.06943757 -1.06829184
148.59966286 286.19150940 -1.07405253
149.19726348 287.31135321 -1.08174340
149.79324246 288.42924225 -1.08323196
150.38741629 289.54493236 -1.08202037
150.97948256 290.65778142 -1.08452971
151.56911191 291.76738266 -1.09085813
152.15743388 292.87268475 -1.09953763
152.74453120 293.97238297 -1.11066581
153.32883338 295.06757863 -1.12219511
153.91016338 296.15884751 -1.13117751
154.48810566 297.24606199 -1.13725813
155.06249666 298.32945000 -1.14261201
155.63281175 299.40762993 -1.14967376
156.19734300 300.47884162 -1.16137297
156.75491873 301.54128717 -1.17558333
157.30363442 302.59334175 -1.18681497
157.84262018 303.63317497 -1.19382147
158.37222379 304.65883410 -1.19876804
158.89138955 305.66903077 -1.20514177
159.39938755 306.66183577 -1.21560441
159.89557291 307.63604911 -1.23078635
160.37990128 308.59238931 -1.24955767
160.85371037 309.53312361 -1.26916074
161.31926515 310.46074656 -1.28731789
161.77786289 311.37675417 -1.30297091
162.22910511 312.28057125 -1.31741146
162.67314703 313.16911231 -1.33317338
163.11074108 314.04049817 -1.35038434
163.54170787 314.89464691 -1.36608151
163.96518957 315.73117740 -1.37917751
164.38193588 316.54870760 -1.39214232
164.79133169 317.34622642 -1.40664441
165.19198120 318.12388101 -1.42205193
165.58461392 318.88136643 -1.43849947
165.96750669 319.61884908 -1.45577377
166.33998801 320.33560925 -1.47364431
166.70291147 321.03087351 -1.49417949
167.05572675 321.70557111 -1.51641602
167.40022385 322.36025109 -1.53757784
167.73788183 322.99554465 -1.55330052
168.06786564 323.61210338 -1.56083415
168.38900738 324.20916090 -1.56763616
168.70117686 324.78579309 -1.57961606
169.00394574 325.34355640 -1.59272409
169.29651516 325.88455643 -1.60276504
169.57868272 326.41146374 -1.60850088
169.85255827 326.92799187 -1.61063843
170.12191698 327.43661597 -1.61081001
170.38826940 327.93894058 -1.60969237
170.65019677 328.43845421 -1.60781339
170.90658183 328.94001301 -1.60568742
171.15735303 329.44824126 -1.60329076
171.39963553 329.96779666 -1.60093394
171.63178146 330.49952237 -1.59966016
171.85242124 331.04396645 -1.59703696
172.05807991 331.60336958 -1.59164190
172.24644905 332.17834390 -1.58638814
172.41612141 332.76874784 -1.58262820
172.56795666 333.37325591 -1.57939830
172.70394588 333.99045851 -1.57553816
172.82520854 334.62133372 -1.57199558
172.92831776 335.26608820 -1.57067195
173.00863478 335.92394563 -1.56892882
173.06668563 336.59502595 -1.56303908
173.10799400 337.27843419 -1.55432685
173.13355003 337.96953278 -1.54349007
173.13705721 338.66107924 -1.52847203
173.11414629 339.34964288 -1.51082311
173.06398848 340.03488951 -1.49353820
172.98959124 340.71706979 -1.47185244
172.89374267 341.39364775 -1.43427326
172.77770736 342.06196666 -1.37724744
172.64502231 342.72293352 -1.31417301
172.49851366 343.37714885 -1.25957394
172.33781470 344.02523748 -1.21092438
172.16198767 344.67007982 -1.16156647
171.97172552 345.31546501 -1.11162974
171.76815641 345.96352000 -1.05927730
171.55110779 346.61389594 -1.00584768
171.31975916 347.26718513 -0.96114641
171.07100640 347.92481925 -0.92666791
170.80077359 348.58823064 -0.88991777
170.50580999 349.25630984 -0.84130555
170.18424056 349.92461379 -0.78510627
169.83636008 350.59155472 -0.73099135
169.46236281 351.25731298 -0.68183422
169.06245669 351.92254777 -0.63561510
168.63645387 352.58828572 -0.59121587
168.18393830 353.25580022 -0.54820258
167.70516874 353.92648750 -0.50576946
167.19979463 354.59924323 -0.46272729
166.66884365 355.27305794 -0.42195465
166.11422106 355.94983911 -0.38852801
165.53557734 356.63010268 -0.35914627
164.93080199 357.31186627 -0.32819976
164.29888140 357.99223798 -0.29623825
163.64091835 358.66967737 -0.26875012
162.95760710 359.34212489 -0.24841514
162.24894053 360.00613712 -0.23563136
161.51535495 360.66083871 -0.23050960
160.75744437 361.30790958 -0.22672633
159.97566897 361.94854744 -0.22095493
159.17139623 362.58275938 -0.21372352
158.34597860 363.20963199 -0.20644926
157.50081129 363.82815685 -0.20162161
156.63840890 364.43863005 -0.19806126
155.76108713 365.04227148 -0.19545510
154.87204824 365.64024539 -0.19471955
153.97284308 366.23112752 -0.19536379
153.06315144 366.81506447 -0.19813207
152.14130684 367.39186773 -0.20217981
151.20689920 367.96043303 -0.20452202
150.26257867 368.52145557 -0.20761020
149.30958330 369.07451793 -0.21699254
148.35044763 369.61980596 -0.23088166
147.38807133 370.15855777 -0.24361890
146.42140902 370.69369600 -0.25700326
145.44931871 371.22191089 -0.26759257
144.47459475 371.74040117 -0.27763376
143.49926524 372.25178298 -0.29317984
142.52145064 372.75561610 -0.30794140
141.54120228 373.25305761 -0.31872310
140.56090867 373.74612300 -0.32784216
139.58279124 374.23625192 -0.33761003
138.60817277 374.72430247 -0.34903594
137.63729395 375.21016600 -0.36282572
136.67059614 375.69426005 -0.37792204
135.70867982 376.17750418 -0.39167250
134.75222220 376.66011321 -0.40234875
133.80273027 377.14174566 -0.41023275
132.86338105 377.62141907 -0.41674932
131.93707115 378.09766928 -0.42453961
131.02593798 378.56908983 -0.43493716
130.13125792 379.03488939 -0.44758401
129.25324205 379.49456435 -0.46069562
128.39139383 379.94859220 -0.47028469
127.54647841 380.39557013 -0.47554832
126.71942092 380.83293552 -0.47871060
125.91049268 381.26074518 -0.48415964
125.11758848 381.67896994 -0.49009236
124.33571961 382.09105832 -0.49449282
123.56019746 382.50090214 -0.49940813
122.78772552 382.90833212 -0.50484610
122.01630800 383.31167983 -0.51073034
121.24476703 383.70811232 -0.51593401
120.47251218 384.09491781 -0.52289393
119.69845907 384.47014781 -0.53307392
118.92217331 384.83503186 -0.54418094
118.14061991 385.19107107 -0.55298238
117.34971905 385.53955083 -0.55704398
116.54928261 385.88459833 -0.55559149
115.73989332 386.22823928 -0.55129661
114.92142268 386.57063942 -0.54787263
114.09476451 386.91384859 -0.54558995
113.26149721 387.26067087 -0.54162350
112.42083604 387.61262922 -0.53490120
111.57124324 387.97084068 -0.52644484
110.70924346 388.33687000 -0.51473357
109.83170198 388.71297971 -0.50628606
108.94147646 389.09992747 -0.50813387
108.04373492 389.50137208 -0.52697314
107.13457591 389.91845617 -0.55336564
106.20945008 390.35048518 -0.56292575
105.27572067 390.80080165 -0.56095166
104.33583368 391.26683439 -0.56681447
103.38554202 391.74297169 -0.58774790
102.42185454 392.22740355 -0.60994239
101.44324844 392.72192196 -0.61781710
100.45365273 393.22718327 -0.61761427
99.45879880 393.74339690 -0.62343544
98.46152268 394.27326028 -0.63317828
97.45725762 394.81733327 -0.63199594
96.44226587 395.37314335 -0.61632027
95.41969761 395.93810453 -0.59580241
94.39466778 396.51027180 -0.58507568
93.37089309 397.08780297 -0.58729755
92.34887865 397.66902342 -0.59168137
91.32896172 398.25342868 -0.59152018
90.31018971 398.84057932 -0.58668529
89.29094016 399.42909742 -0.57942480
88.27046988 400.01615314 -0.57341502
87.25040721 400.60077815 -0.57300378
86.23227592 401.18408462 -0.57635418
85.21402742 401.76539711 -0.57204609
84.19192818 402.34237536 -0.55538674
83.16371937 402.91128641 -0.53677156
82.12935266 403.46863391 -0.52589473
81.09049506 404.01552746 -0.52086038
80.04938030 404.55591539 -0.51479261
79.00759030 405.09210939 -0.50540675
77.96574671 405.62558487 -0.49151447
76.92430749 406.15719068 -0.47452169
75.88372374 406.68536980 -0.46171843
74.84375983 407.20813822 -0.45955441
73.80618216 407.72724571 -0.46548951
72.77262745 408.24518586 -0.46866430
71.74190160 408.76241411 -0.46137077
70.71383797 409.27809522 -0.44769584
69.68982200 409.79082835 -0.43658528
68.66757712 410.29767481 -0.43165809
67.64507936 410.79627763 -0.43283390
66.62449855 411.28875630 -0.43731481
65.60592825 411.77499565 -0.44399929
64.59011656 412.25591406 -0.45054075
63.57852651 412.73430876 -0.45449557
62.57104722 413.21167142 -0.45381699
61.56788079 413.68759914 -0.44593072
60.56909194 414.16033899 -0.43825400
59.57512759 414.62928579 -0.43779050
58.58663272 415.09432054 -0.44163554
57.60368532 415.55754948 -0.44553001
56.62570555 416.02120503 -0.44636151
55.65349117 416.48572843 -0.44377992
54.68898215 416.95028881 -0.44358520
53.73069903 417.41330888 -0.44696551
52.77711624 417.87713883 -0.44428086
51.82514656 418.34310849 -0.43081643
50.87184500 418.80834214 -0.41496921
49.91897806 419.27329669 -0.40568184
48.96576218 419.73992576 -0.39985096
48.01236450 420.21156901 -0.38702927
47.06200386 420.69133989 -0.36749338
46.11608183 421.17900229 -0.34994164
45.17465535 421.67413871 -0.33623976
44.23713248 422.17637304 -0.32380149
43.30275471 422.68561615 -0.30951947
42.36967009 423.20211184 -0.29445437
41.43604077 423.72488415 -0.27956246
40.50236160 424.25378975 -0.26188463
39.56902270 424.78785176 -0.24915848
38.63636294 425.32629882 -0.24585821
37.70558829 425.87201503 -0.24620393
36.77079986 426.42300241 -0.24614586
35.82791077 426.97644990 -0.24410049
34.87988869 427.53258237 -0.24423228
33.92780386 428.09193108 -0.24803645
32.97246448 428.65694760 -0.25162321
32.01476589 429.22854971 -0.25217800
31.05608975 429.80626068 -0.25141727
30.09577909 430.38892275 -0.25086530
29.13231941 430.97524755 -0.25068436
28.16498587 431.56304775 -0.25234024
27.19311315 432.14973683 -0.25608949
26.21613304 432.73376912 -0.26093054
25.23291712 433.31411797 -0.26448031
24.24438960 433.89029310 -0.26643377
23.25175040 434.46010645 -0.27107397
22.25438798 435.02291905 -0.27939987
21.25084878 435.57942879 -0.28664429
20.23979290 436.12744688 -0.29103286
19.22317098 436.66628136 -0.29614024
18.20223693 437.19608953 -0.30163359
17.17591305 437.71602673 -0.30400587
16.14555904 438.22479874 -0.30419992
15.11301689 438.72043076 -0.30627975
14.07856510 439.20081694 -0.31259643
13.04320263 439.66399077 -0.32178251
12.01002492 440.10828990 -0.33250895
10.98101858 440.53226010 -0.34378070
9.95698275 440.93485652 -0.35279386
8.93802341 441.31446871 -0.35910417
7.92208306 441.67040205 -0.36575182
6.90614183 442.00501222 -0.37368855
5.88830570 442.32129806 -0.38096915
4.86966115 442.61926773 -0.38804893
3.85223624 442.89443718 -0.39877129
2.83625773 443.14352327 -0.41612890
1.82107121 443.36878212 -0.43762444
0.80445950 443.57250593 -0.44977533
-0.20979737 443.75447831 -0.45064455
-1.21710774 443.91194417 -0.45563781
-2.21699730 444.04351699 -0.47400893
-3.20587219 444.15272273 -0.49699003
-4.18109169 444.24111339 -0.51322887
-5.14130216 444.30721761 -0.52451387
-6.08503964 444.35165207 -0.53999335
-7.00959965 444.37872858 -0.56061063
-7.91152267 444.39370743 -0.57290505
-8.79047027 444.39871725 -0.57244485
-9.64821900 444.39318368 -0.56880515
-10.48511711 444.37687250 -0.56956707
-11.30137480 444.35109847 -0.57441658
-12.09839581 444.31749310 -0.58155175
-12.87766712 444.27812877 -0.59027365
-13.63995374 444.23586438 -0.59913379
-14.38523776 444.19285207 -0.60637519
-15.11325343 444.14949931 -0.61128157
-15.82469589 444.10535083 -0.61384804
-16.52046434 444.06049642 -0.61488408
-17.19943323 444.01488243 -0.61695205
-17.86052774 443.96888328 -0.62039023
-18.50401035 443.92466895 -0.62305925
-19.13081116 443.88753265 -0.62502663
-19.74313207 443.86268735 -0.62594916
-20.34394966 443.85182328 -0.62553000
-20.93462861 443.85512337 -0.62468930
-21.51381075 443.87231608 -0.62370715
-22.08056701 443.90302362 -0.62314045
-22.63516040 443.94704876 -0.62327427
-23.17812303 444.00441269 -0.62380315
-23.70992266 444.07553415 -0.62498901
-24.23196325 444.16202906 -0.62724067
-24.74595661 444.26738606 -0.63095171
-25.25114304 444.39459864 -0.63596845
-25.74539326 444.54444737 -0.64164229
-26.22733112 444.71575978 -0.64769781
-26.69754298 444.90588794 -0.65428004
-27.15586909 445.11171110 -0.66173316
-27.60026423 445.33084034 -0.67058904
-28.03172051 445.56165292 -0.68155676
-28.45210431 445.80277402 -0.69434775
-28.85929812 446.05388743 -0.70768344
-29.25084109 446.31416562 -0.72028939
-29.62738797 446.58172069 -0.73232191
-29.99036931 446.85535609 -0.74428523
-30.34257543 447.13486457 -0.75640703
-30.68509790 447.41882513 -0.76882800
-31.01459898 447.70378081 -0.78071757
-31.32928102 447.98501124 -0.79199587
-31.63184464 448.25800559 -0.80383359
-31.92565942 448.51922970 -0.81674611
-32.21153013 448.76596628 -0.83046986
-32.48789385 448.99658551 -0.84589043
-32.75275407 449.21283167 -0.86294006
-33.00695802 449.41983272 -0.87613048
-33.25370394 449.62007893 -0.88221422
-33.49715817 449.81236610 -0.88630678
-33.73922616 449.99480667 -0.89235684
-33.97920400 450.16601844 -0.89963427
-34.21785341 450.32476276 -0.90721380
-34.45590143 450.46993076 -0.91475347
-34.69311383 450.60106984 -0.92259769
-34.93072274 450.72176124 -0.93218013
-35.17180586 450.83686519 -0.94257400
-35.41856498 450.94745227 -0.95140082
-35.67100978 451.05278714 -0.95755492
-35.92957001 451.15178498 -0.96077315
-36.19438581 451.24309206 -0.96154802
-36.46631246 451.32510804 -0.96075927
-36.74821104 451.39675820 -0.95900252
-37.04226018 451.45701803 -0.95626031
-37.34909272 451.50415407 -0.95372321
-37.66794746 451.53754046 -0.95295012
-37.99954579 451.55667748 -0.95452207
-38.34454746 451.55920583 -0.95316813
-38.70413639 451.54235391 -0.94468168
-39.08134777 451.50260206 -0.93166087
-39.47811236 451.43694888 -0.91801663
-39.89437026 451.34371797 -0.90536065
-40.32861273 451.22206513 -0.89131204
-40.78102319 451.06952804 -0.87586149
-41.25304698 450.88234177 -0.86164646
-41.74570834 450.65796452 -0.85029806
-42.25846016 450.39475820 -0.84159449
-42.78945114 450.09215115 -0.83420851
-43.33653391 449.75039355 -0.82769749
-43.89669270 449.37103995 -0.82234950
-44.46774013 448.95539375 -0.81944736
-45.04909165 448.50252646 -0.81999378
-45.63898000 448.01309649 -0.82300624
-46.23598170 447.48907996 -0.82916108
-46.84001912 446.93119351 -0.83780674
-47.45062967 446.34008518 -0.84486928
-48.06766889 445.71588511 -0.84598108
-48.69210272 445.05796567 -0.84399326
-49.32417821 444.36564586 -0.84711777
-49.96336794 443.64070576 -0.85652667
-50.60940324 442.88602496 -0.87010644
-51.26166149 442.10559861 -0.88542843
-51.91923832 441.30738746 -0.89622324
-52.58090852 440.49672658 -0.89994691
-53.24639646 439.67467500 -0.90119891
-53.91618651 438.84159612 -0.90313814
-54.59036909 437.99703714 -0.90413750
-55.26751741 437.14131515 -0.90358281
-55.94608672 436.27500645 -0.90283218
-56.62471219 435.39833055 -0.90223224
-57.30158598 434.51178659 -0.90105045
-57.97584947 433.61681750 -0.89957927
-58.64721632 432.71473380 -0.89884497
-59.31654027 431.80620925 -0.89768074
-59.98488194 430.89161806 -0.89444659
-60.65324480 429.97021275 -0.88842936
-61.32343518 429.04222050 -0.88129187
-61.99580220 428.10916404 -0.87431484
-62.66837553 427.17081329 -0.86888270
-63.33678335 426.22665952 -0.87022749
-63.99785348 425.27517397 -0.88017725
-64.65049769 424.31478323 -0.88998514
-65.29457045 423.34719167 -0.88853635
-65.93093791 422.37461505 -0.87103078
-66.56001458 421.39773934 -0.84512431
-67.18236386 420.41583180 -0.82673436
-67.79809696 419.42724003 -0.82086441
-68.40725912 418.43243093 -0.82201676
-69.01010663 417.43264915 -0.82440789
-69.60690981 416.42737397 -0.82464695
-70.19831059 415.41631441 -0.82377540
-70.78435811 414.39930301 -0.82380864
-71.36426400 413.37753729 -0.82459444
-71.93816721 412.35146341 -0.82670605
-72.50612374 411.32105122 -0.82990084
-73.06848136 410.28648794 -0.83280783
-73.62606301 409.24710209 -0.83432565
-74.17817730 408.20434676 -0.83481517
-74.72363215 407.15950753 -0.83533708
-75.26249389 406.11235547 -0.83566828
-75.79576392 405.06269755 -0.83389025
-76.32299532 404.01069151 -0.83003231
-76.84426368 402.95560501 -0.82926729
-77.36131649 401.89670730 -0.83029065
-77.87509033 400.83453107 -0.82847329
-78.38510577 399.76990528 -0.82656716
-78.89148910 398.70328718 -0.82717058
-79.39514288 397.63484186 -0.82900283
-79.89619623 396.56482843 -0.82962098
-80.39426619 395.49390276 -0.82779245
-80.88899330 394.42247490 -0.82409280
-81.38033869 393.35079746 -0.82059232
-81.86859070 392.27884774 -0.81825964
-82.35445984 391.20531031 -0.81477296
-82.83816375 390.12938531 -0.80930570
-83.31968055 389.05063804 -0.80311738
-83.79845089 387.96995367 -0.79719982
-84.27376191 386.88821479 -0.79149810
-84.74558765 385.80505021 -0.78588606
-85.21414146 384.72014136 -0.78014036
-85.67982849 383.63313182 -0.77384200
-86.14265484 382.54323291 -0.76790756
-86.60258042 381.45022441 -0.76321762
-87.05982749 380.35396542 -0.75957757
-87.51397030 379.25427915 -0.75687778
-87.96474202 378.15118549 -0.75492886
-88.41206517 377.04480887 -0.75251712
-88.85585868 375.93588623 -0.74808314
-89.29592720 374.82449675 -0.74165373
-89.73158902 373.71046574 -0.73524588
-90.16276815 372.59331298 -0.73101629
-90.58962164 371.47278853 -0.72836112
-91.01270873 370.34867094 -0.72489072
-91.43239423 369.22076649 -0.71944636
-91.84862637 368.08887709 -0.71358708
-92.26118125 366.95281429 -0.71018956
-92.66979616 365.81233193 -0.71044280
-93.07494670 364.66718196 -0.71346298
-93.47701887 363.51844928 -0.71647369
-93.87592234 362.36745252 -0.71732424
-94.27181495 361.21441412 -0.71464271
-94.66541087 360.05879060 -0.70888564
-95.05719470 358.89899057 -0.70278664
-95.44645011 357.73431398 -0.69837682
-95.83110651 356.56564944 -0.69643133
-96.20887291 355.39305050 -0.69735991
-96.57854952 354.21678837 -0.69912499
-96.94040104 353.03666837 -0.69857997
-97.29594266 351.85127241 -0.69595242
-97.64601949 350.66080810 -0.69305496
-97.99155713 349.46561029 -0.69011660
-98.33281625 348.26520858 -0.68717339
-98.66774640 347.06074931 -0.68602583
-98.99553681 345.85312413 -0.68751972
-99.31597561 344.64336236 -0.68876334
-99.62960671 343.43171841 -0.68649065
-99.93664692 342.21911939 -0.67921899
-100.23748208 341.00598409 -0.66745472
-100.53239906 339.79160512 -0.65745008
-100.82121731 338.57614332 -0.65346144
-101.10501184 337.35929737 -0.65220352
-101.38355663 336.14170121 -0.65071266
-101.65644780 334.92387868 -0.64862300
-101.92394900 333.70608964 -0.64555673
-102.18678893 332.48834446 -0.64028942
-102.44655246 331.26971598 -0.63150453
-102.70333932 330.05018899 -0.62010379
-102.95596846 328.83014872 -0.60969251
-103.20404684 327.60909109 -0.60377006
-103.44730707 326.38655647 -0.60232469
-103.68534552 325.16232303 -0.60276101
-103.91784696 323.93642177 -0.60261749
-104.14467754 322.70933722 -0.59952817
-104.36534935 321.48227672 -0.59159350
-104.57950526 320.25586772 -0.58017151
-104.78666794 319.03018521 -0.56936619
-104.98626467 317.80531288 -0.56166414
-105.17818993 316.58169868 -0.55603156
-105.36331377 315.35939862 -0.54984975
-105.54225099 314.13882163 -0.54208659
-105.71505773 312.92041598 -0.53281034
-105.88161666 311.70377848 -0.52520337
-106.04191501 310.48769546 -0.52280459
-106.19721100 309.27191481 -0.52292503
-106.34829792 308.05722795 -0.52041854
-106.49479862 306.84385474 -0.51391147
-106.63661825 305.63180818 -0.50532850
-106.77428908 304.42073020 -0.49717904
-106.90862419 303.20962563 -0.49167521
-107.03992381 301.99802512 -0.48929961
-107.16808696 300.78612213 -0.48867145
-107.29238865 299.57420582 -0.48809595
-107.41136571 298.36294874 -0.48535879
-107.52414075 297.15289322 -0.47862371
-107.63095181 295.94374097 -0.46900161
-107.73321861 294.73421081 -0.45995644
-107.83179385 293.52232870 -0.45467754
-107.92641599 292.30684397 -0.45320420
-108.01704438 291.08860348 -0.45353680
-108.10348911 289.86847803 -0.45369350
-108.18522449 288.64609413 -0.45245631
-108.26187805 287.42119419 -0.45035315
-108.33377689 286.19389256 -0.44788112
-108.40084433 284.96475717 -0.44418352
-108.46188768 283.73478034 -0.43864106
-108.51585349 282.50414593 -0.43317842
-108.56255380 281.27257161 -0.42985590
-108.60281923 280.03985356 -0.42873199
-108.63733367 278.80597298 -0.42899850
-108.66637640 277.57089647 -0.42890347
-108.69055791 276.33445359 -0.42899968
-108.71006473 275.09683769 -0.43182198
-108.72517789 273.85916986 -0.43582624
-108.73673150 272.62285139 -0.43729726
-108.74493817 271.38815273 -0.43626495
-108.74953112 270.15447992 -0.43719872
-108.74951541 268.92358143 -0.44134144
-108.74519553 267.69675779 -0.44393244
-108.73577503 266.47412053 -0.44444761
-108.72082628 265.25578725 -0.44405907
-108.70079107 264.04110960 -0.43892037
-108.67485608 262.82864199 -0.42875789
-108.64447019 261.61743877 -0.41830005
-108.61204248 260.40912048 -0.40980731
-108.57864512 259.20559808 -0.40285689
-108.54370766 258.00665546 -0.39450985
-108.50537308 256.80979693 -0.38303276
-108.46179698 255.61280044 -0.37137924
-108.41335939 254.41399199 -0.36181534
-108.35994813 253.21329282 -0.35443824
-108.30117637 252.01131760 -0.34667842
-108.23639052 250.80836313 -0.33624545
-108.16382887 249.60481844 -0.32542147
-108.08413617 248.40038056 -0.31655690
-107.99783680 247.19556148 -0.30889075
-107.90640635 245.99043326 -0.30158283
-107.81121894 244.78399568 -0.29582148
-107.71086094 243.57616443 -0.29357113
-107.60338243 242.36714935 -0.29176448
-107.48731029 241.15629685 -0.28904367
-107.36313939 239.94291358 -0.28874493
-107.23314335 238.72756685 -0.28792576
-107.09780208 237.51151808 -0.28092527
-106.95478610 236.29477119 -0.26939187
-106.80319001 235.07591139 -0.25964219
-106.64312309 233.85396971 -0.25339469
-106.47557483 232.63001293 -0.24973364
-106.30336144 231.40559552 -0.24612958
-106.12762959 230.18130193 -0.24051438
-105.94678419 228.95729975 -0.23557818
-105.75905322 227.73321671 -0.23502705
-105.56429485 226.50868806 -0.23848631
-105.36511076 225.28424504 -0.24288172
-105.16307432 224.06054274 -0.24532501
-104.95821783 222.83714274 -0.24689726
-104.74949599 221.61310939 -0.25091913
-104.53366025 220.38809913 -0.25690532
-104.31001752 219.16240415 -0.26254526
-104.07894280 217.93691133 -0.26588016
-103.84110835 216.71275771 -0.26591237
-103.59750440 215.48969618 -0.26451768
-103.34785555 214.26714894 -0.26486617
-103.09183719 213.04451989 -0.26650637
-102.82811853 211.82157001 -0.26861939
-102.55629316 210.59826866 -0.27327171
-102.27959387 209.37465355 -0.27861346
-101.99936024 208.15074587 -0.28076514
-101.71507659 206.92573594 -0.27867587
-101.42513388 205.69964399 -0.27494155
-101.12664024 204.47287959 -0.27294979
-100.81969931 203.24548506 -0.27146218
-100.50629554 202.01734412 -0.26859095
-100.18815580 200.78770562 -0.26646116
-99.86578567 199.55674315 -0.26692792
-99.53919263 198.32549623 -0.26807921
-99.20840082 197.09428479 -0.26811645
-98.87440953 195.86266122 -0.26922831
-98.53909091 194.62989653 -0.27282010
-98.20134930 193.39622601 -0.27579046
-97.85968706 192.16258937 -0.27500723
-97.51474542 190.92950215 -0.27049944
-97.16730542 189.69661939 -0.26554935
-96.81963348 188.46319909 -0.26473461
-96.47227916 187.22914507 -0.26868979
-96.12271356 185.99500722 -0.27276045
-95.76950333 184.76099799 -0.27371211
-95.41142877 183.52691975 -0.27135521
-95.04802164 182.29257997 -0.26767819
-94.68037858 181.05795819 -0.26438085
-94.30901421 179.82284830 -0.26124644
-93.93509548 178.58717010 -0.25921411
-93.56028667 177.35121245 -0.25797709
-93.18383355 176.11441580 -0.25633699
-92.80457625 174.87611130 -0.25522264
-92.42267079 173.63675182 -0.25176347
-92.03916049 172.39722213 -0.24577658
-91.65495778 171.15727280 -0.24283711
-91.27002693 169.91636565 -0.24552946
-90.88264256 168.67364902 -0.25113050
-90.48924381 167.42811716 -0.25562961
-90.08775956 166.17926348 -0.25650181
-89.67877085 164.92722694 -0.25342326
-89.26635517 163.67347320 -0.24828288
-88.85446114 162.41797371 -0.24490816
-88.44279808 161.16005423 -0.24396161
-88.02997749 159.90014091 -0.24250720
-87.61682941 158.63913335 -0.24160502
-87.20393509 157.37707380 -0.24388515
-86.79067179 156.11360624 -0.24669101
-86.37600165 154.84832423 -0.24638139
-85.95900764 153.58055605 -0.24368941
-85.54102911 152.31066662 -0.23889952
-85.12229124 151.03965864 -0.23028994
-84.70238003 149.76887532 -0.21719677
-84.28234875 148.49916548 -0.20191180
-83.86277423 147.22999758 -0.18818629
-83.44573877 145.96168482 -0.17916946
-83.03295412 144.69596502 -0.17299451
-82.62365521 143.43344083 -0.16564604
-82.21717051 142.17378305 -0.15730832
-81.81355501 140.91673660 -0.15056071
-81.41167016 139.66128736 -0.14727091
-81.01039384 138.40665416 -0.14799772
-80.60929603 137.15333354 -0.14959093
-80.20770542 135.90141213 -0.14908298
-79.80510442 134.65079447 -0.14558449
-79.40219965 133.40191985 -0.13977859
-78.99945227 132.15438575 -0.13451168
-78.59792493 130.90804524 -0.13147774
-78.19818905 129.66285442 -0.13014302
-77.79868420 128.41785600 -0.12775450
-77.39877940 127.17211493 -0.12096415
-76.99884306 125.92535927 -0.10941742
-76.59933772 124.67743761 -0.09633692
-76.20134819 123.42837675 -0.08495987
-75.80552151 122.17877103 -0.07664296
-75.41125862 120.92859257 -0.07074063
-75.01852712 119.67732703 -0.06845248
-74.62706511 118.42497923 -0.07040756
-74.23536180 117.17164745 -0.07248577
-73.84332541 115.91774715 -0.07176591
-73.45126970 114.66360747 -0.06814912
-73.05852924 113.40909714 -0.06218267
-72.66522983 112.15438917 -0.05497914
-72.27183665 110.89969855 -0.04733265
-71.87858025 109.64415506 -0.04160025
-71.48526138 108.38714809 -0.03884281
-71.09129763 107.12912639 -0.03623503
-70.69623965 105.86964412 -0.03102308
-70.30039672 104.60845882 -0.02356868
-69.90418678 103.34741419 -0.01557936
-69.50777607 102.08840559 -0.00513102
-69.11209236 100.83161993 0.00510456
-68.71734639 99.57508463 0.00855611
-68.32239516 98.31626800 0.00591937
-67.92679773 97.05520929 0.00157583
-67.53036660 95.79383382 0.00053547
-67.13298133 94.53346358 0.00414219
-66.73475010 93.27362565 0.00828283
-66.33591652 92.01326489 0.00909799
-65.93773670 90.75203601 0.00516680
-65.54034156 89.49070347 -0.00120487
-65.14274565 88.23061473 -0.00409108
-64.74421133 86.97275333 0.00107948
-64.34395706 85.71496752 0.01146266
-63.94264138 84.45553722 0.02031322
-63.54079098 83.19343790 0.02425068
-63.13794013 81.92881788 0.02630867
-62.73449549 80.66390390 0.03243321
-62.33117709 79.39996132 0.04166232
-61.92773516 78.13686048 0.05173457
-61.52323136 76.87340696 0.06270862
-61.11769293 75.60894440 0.07080041
-60.71238060 74.34320515 0.07245119
-60.30738559 73.07735611 0.06969735
-59.90179153 71.81308165 0.06927661
-59.49515017 70.55062725 0.07398091
-59.08788616 69.28880987 0.08046777
-58.68090177 68.02730973 0.08670904
-58.27550327 66.76806772 0.09196542
-57.87259766 65.51159506 0.09498829
-57.47221990 64.25752934 0.09699578
-57.07422658 63.00650147 0.09950620
-56.67848205 61.75776350 0.10269570
-56.28497465 60.51111822 0.10659324
-55.89346843 59.26617618 0.11027308
-55.50399525 58.02205923 0.11211425
-55.11677465 56.78007347 0.11146570
-54.73201153 55.54177467 0.10949182
-54.34932554 54.30685289 0.10738858
-53.96822816 53.07432881 0.10528923
-53.58849057 51.84379841 0.10245420
-53.21003754 50.61531079 0.09898006
-52.83279912 49.38955421 0.09595365
-52.45605823 48.16798114 0.09422281
-52.07932995 46.95073006 0.09439923
-51.70216604 45.73774335 0.09675340
-51.32456426 44.52983216 0.09813698
-50.94697205 43.32562251 0.09541337
-50.56968582 42.12907152 0.09021868
-50.19270557 40.93973665 0.08378609
-49.81414550 39.75315821 0.08108315
-49.43243706 38.57200665 0.08607491
-49.04910126 37.39790885 0.09251944
-48.66588316 36.23169093 0.09577928
-48.28313033 35.07401406 0.09776685
-47.90100821 33.92498665 0.10019294
-47.52042860 32.78505187 0.10185856
-47.14288449 31.65520402 0.10160805
-46.76911780 30.53618820 0.10053678
-46.39954472 29.42846710 0.10030995
-46.03454157 28.33210559 0.10207826
-45.67484928 27.24800035 0.10497246
-45.32050762 26.17711036 0.10622040
-44.96831354 25.11875969 0.10387306
-44.61387443 24.07226945 0.09975187
-44.25494289 23.03740042 0.09753121
-43.89313378 22.01346154 0.09918425
-43.53139280 21.00096805 0.10404101
-43.17213752 20.00125900 0.11005794
-42.81650377 19.01495651 0.11680297
-42.46457737 18.04315322 0.12510132
-42.11749722 17.08684097 0.13404431
-41.77516985 16.14607286 0.14306597
-41.43643150 15.22129622 0.15447515
-41.10113432 14.31268484 0.16893060
-40.77008360 13.42059399 0.18411417
-40.44330147 12.54467213 0.19822507
-40.11899226 11.68436056 0.21115689
-39.79482853 10.84068049 0.22387652
-39.46802529 10.01488164 0.23773721
-39.13574954 9.20791423 0.25317436
-38.79586054 8.42058657 0.27015883
-38.44708417 7.65409142 0.28793188
-38.08896348 6.91038364 0.30421214
-37.71994583 6.19068904 0.31728652
-37.33725499 5.49423213 0.32732880
-36.93821185 4.82186947 0.33581782
-36.52221965 4.17633002 0.34304737
-36.09090316 3.55900040 0.34757037
-35.64465380 2.97094992 0.34919217
-35.18299068 2.41310989 0.34904794
-34.70674419 1.88775942 0.34817425
-34.21647225 1.39780215 0.34713186
-33.71304908 0.94022302 0.34387387
-33.19755512 0.51150076 0.33741830
-32.66987534 0.11485073 0.33037007
-32.13084996 -0.24654443 0.32312533
-31.58329316 -0.57386483 0.31376539
-31.02926793 -0.86751187 0.30189341
-30.46965897 -1.12634936 0.28874856
-29.90594391 -1.35154989 0.27330464
-29.33896419 -1.54496100 0.25768905
-28.76947898 -1.70652975 0.24499084
-28.19962585 -1.83611784 0.23484376
-27.63101140 -1.93425786 0.22819936
-27.06435336 -2.00393340 0.22345309
-26.50126875 -2.04803428 0.21674920
-25.94280136 -2.06699099 0.20657096
-25.38807228 -2.06288712 0.19451335
-24.83432817 -2.04074726 0.18295894
-24.27853431 -2.00630318 0.17495555
-23.71931902 -1.96339061 0.17201516
-23.15668982 -1.91470465 0.17257957
-22.59120883 -1.86226046 0.17452897
-22.02320416 -1.80774836 0.17687430
-21.45295918 -1.75292866 0.17917906
-20.88108794 -1.69877111 0.18132623
-20.30871698 -1.64555100 0.18321469
-19.73693382 -1.59428552 0.18466565
-19.16654490 -1.54654477 0.18641801
-18.59837963 -1.50417516 0.18896346
-18.03364322 -1.46910470 0.19204123
-17.47449322 -1.44063113 0.19546024
-16.92334125 -1.41680172 0.19898686
-16.38141557 -1.39813624 0.20248580
-15.84923996 -1.38629417 0.20663071
-15.32773361 -1.38094309 0.21229916
-14.81746559 -1.38119359 0.21992506
-14.31934037 -1.38685594 0.22836630
-13.83507280 -1.39666742 0.23614134
-13.36616055 -1.40956846 0.24336214
-12.91343730 -1.42666782 0.25078664
-12.47772557 -1.44981409 0.25867155
-12.06053594 -1.47940931 0.26672250
-11.66376841 -1.51374426 0.27377524
-11.28926234 -1.55124272 0.27996090
-10.93800386 -1.59183526 0.28578489
-10.61014456 -1.63561760 0.29089265
-10.30277097 -1.68234306 0.29588855
-10.00765702 -1.72953154 0.30100440
-9.71821371 -1.77514548 0.30707021
-9.43257781 -1.81796457 0.31440317
-9.15058447 -1.85565215 0.32228005
-8.87388491 -1.88757481 0.32998498
-8.60377483 -1.91420078 0.33695761
-8.33963222 -1.93637366 0.34386107
-8.08028224 -1.95441517 0.35147128
-7.82490536 -1.96712673 0.35969288
-7.57321333 -1.97296146 0.36841842
-7.32473757 -1.97094106 0.37719270
-7.07463137 -1.96129384 0.38443348
-6.81541608 -1.94321676 0.38943217
-6.54396775 -1.91347865 0.39521342
-6.26047451 -1.86945159 0.40253936
-5.96667253 -1.80872445 0.41147907
-5.66311506 -1.73192768 0.42521617
-5.34932815 -1.64236853 0.44242324
-5.02693312 -1.54067447 0.45709731
-4.69843222 -1.42429371 0.46697456
-4.36527978 -1.29062109 0.47433417
-4.02682823 -1.13886777 0.48066364
-3.68211924 -0.96977915 0.48726647
-3.33001566 -0.78408084 0.49161429
-2.96981565 -0.57928885 0.49213270
-2.60207800 -0.35145138 0.49283596
-2.22757731 -0.09750747 0.49524565
-1.84710168 0.18406647 0.49625741
-1.45941546 0.49197154 0.49629110
-1.06322126 0.82444662 0.49876446
-0.66056259 1.18256583 0.50236212
-0.25477176 1.56868181 0.50380906
0.15079013 1.98516198 0.50137724
0.55347572 2.43419707 0.49468208
0.95244864 2.91650879 0.48558442
1.34901059 3.43037881 0.47650503
1.74439134 3.97357350 0.47031718
2.13799555 4.54530491 0.46756165
2.52876591 5.14455187 0.46518115
2.91691061 5.77009720 0.46257882
3.30294859 6.42155480 0.46027499
3.68758862 7.09762701 0.45861423
4.07105164 7.79693783 0.45825556
4.45320227 8.51848437 0.45721784
4.83787709 9.25914292 0.45322595
5.23124563 10.01467553 0.44792031
5.63497614 10.78411525 0.44480304
6.04628498 11.56920041 0.44472167
6.46384872 12.36878676 0.44331008
6.88842020 13.18126755 0.43908488
7.31997241 14.00670913 0.43430034
7.75774573 14.84435345 0.43277144
8.20240052 15.69122665 0.43585209
8.65198992 16.54634586 0.43901784
9.10420334 17.41095260 0.44045618
9.56096609 18.28450958 0.44124289
10.02270640 19.16808962 0.44127448
10.48734126 20.06392112 0.44292604
10.95460005 20.97219621 0.44697933
11.42543088 21.89239413 0.44992878
11.89910717 22.82444661 0.45032249
12.37460397 23.76717218 0.44679041
12.85242386 24.71860695 0.43824948
13.33248921 25.67807588 0.42914147
13.81560457 26.64495857 0.42490159
14.30157372 27.61875523 0.42561540
14.78887986 28.59707527 0.42727828
15.27726167 29.57690911 0.42241204
15.76399710 30.56136181 0.40997488
16.25005446 31.55308912 0.39713530
16.73789028 32.55071595 0.38991151
17.22723504 33.55278474 0.38890829
17.71843324 34.55726908 0.38866414
18.21239614 35.56334095 0.38626385
18.70955093 36.57244228 0.38490788
19.20782372 37.58507866 0.38334722
19.70768483 38.59909679 0.38018119
20.20971125 39.61405526 0.37407950
20.71422255 40.63008002 0.36732392
21.22418905 41.64584217 0.36524992
21.73846319 42.66231894 0.36638624
22.25449858 43.68011169 0.36708622
22.77359928 44.69860821 0.36453795
23.29699966 45.71654240 0.36360521
23.82441846 46.73569010 0.36969150
24.35545875 47.75714905 0.37887134
24.88880186 48.78024156 0.38552333
25.42359849 49.80537896 0.38894585
25.96143194 50.83269434 0.39137116
26.50406056 51.86127519 0.39613172
27.04933809 52.89209507 0.39951097
27.59466900 53.92598145 0.39510759
28.14084636 54.96071810 0.38488674
28.69014893 55.99814924 0.37685026
29.24267024 57.03932037 0.37824688
29.79737414 58.08141918 0.38802757
30.35430669 59.12352753 0.40138350
30.91280609 60.16550358 0.41602529
31.47167741 61.20709799 0.42928243
32.03024853 62.24955781 0.44076937
32.58851422 63.29347958 0.45217372
33.14429902 64.33775725 0.46176575
33.69618374 65.38111037 0.46603517
34.24575726 66.42351544 0.46798647
34.79402068 67.46502798 0.47974098
35.34125696 68.50396146 0.50178294
35.88643854 69.53969574 0.52340630
36.42950752 70.57568599 0.54506591
36.97132830 71.61174275 0.57296984
37.50954874 72.64670072 0.60153999
38.04209361 73.68084079 0.62317485
38.57043527 74.71322449 0.63878352
39.09444129 75.74472184 0.64980930
39.61293443 76.77510160 0.65698203
40.12655920 77.80377856 0.66079300
40.63705536 78.83024943 0.66764990
41.14593266 79.85359978 0.68295103
41.65376542 80.87569049 0.70074187
42.16098822 81.89647219 0.71537804
42.66785418 82.91340707 0.72589260
43.17424987 83.92811068 0.73176601
43.68055490 84.94307455 0.73561032
44.18684189 85.95855065 0.74115566
44.69330584 86.97444624 0.75053345
45.20092171 87.99133130 0.76424341
45.70953279 89.00939783 0.78147179
