-0.00001513 0.00001687 0.00000109
0.42479226 0.25582857 0.02194540
0.90602078 0.52834618 0.03043085
1.37899990 0.85488713 0.03534365
1.86639280 1.20674739 0.04017962
2.33594938 1.58211478 0.04663586
2.83762148 2.01981578 0.04617576
3.33129301 2.47097544 0.04577004
3.82934293 2.96322834 0.04050861
4.37703296 3.51790543 0.03416047
4.89560668 4.07401329 0.02526960
5.37865248 4.64826945 0.01268799
5.85803196 5.26466130 -0.00304313
6.36182550 5.90308515 -0.00990882
6.84045789 6.56384843 -0.02433458
7.32074200 7.25560380 -0.02638670
7.78830215 7.95741209 -0.03924803
8.27486843 8.72540994 -0.05022770
8.74449943 9.48181653 -0.05462008
9.21854349 10.27832669 -0.05932386
9.69271918 11.10991849 -0.05906257
10.14844593 11.92723959 -0.05562160
10.59247237 12.76850906 -0.05386474
11.02161501 13.61023533 -0.05420105
11.45675732 14.47574161 -0.05166261
11.88697607 15.34713709 -0.04633256
12.30514316 16.24454511 -0.03845778
12.72619051 17.14819150 -0.02485297
13.15287649 18.08658067 -0.02023133
13.56817879 19.01540409 -0.02287134
13.97537335 19.93380437 -0.02418633
14.36400406 20.86320187 -0.02916593
14.77307903 21.78057081 -0.02952169
15.18672727 22.71783648 -0.02609490
15.59192763 23.64325578 -0.01181710
15.98915651 24.59544884 -0.00341516
16.39241180 25.52109633 0.00427172
16.78683379 26.46925171 0.00797511
17.17260701 27.40486543 0.01386542
17.57303884 28.38765711 0.02271744
17.95914847 29.32756514 0.04216136
18.35638485 30.31864362 0.04902209
18.74961231 31.28522298 0.05667029
19.15548161 32.28101175 0.07472635
19.54521055 33.26508561 0.09608808
19.95683734 34.26123906 0.08921710
20.38202394 35.27117727 0.08284413
20.78390255 36.22790662 0.08253744
21.17384537 37.22356831 0.07032360
21.55546363 38.18001678 0.07220454
21.93218211 39.11172552 0.08361277
22.31337236 40.07581273 0.10150225
22.69768501 41.02399187 0.11488492
23.07473878 41.94632196 0.11796133
23.45583275 42.86905561 0.12738473
23.82863023 43.78600430 0.13448923
24.21899685 44.70639146 0.15297185
24.59341185 45.60532888 0.16214787
24.97878266 46.50857310 0.17287508
25.37130943 47.43319862 0.18468385
25.74915489 48.34159367 0.19969661
26.15121840 49.25794891 0.21058092
26.54389969 50.16291795 0.22535627
26.93218735 51.09927890 0.22114308
27.31739310 52.00571463 0.22112346
27.71067024 52.91113115 0.20823577
28.08919838 53.79270655 0.20510649
28.46217590 54.65654323 0.19922979
28.83736746 55.51007694 0.21376411
29.19821154 56.32136584 0.22197304
29.55567215 57.14020227 0.22724847
29.92147674 57.93980203 0.23081763
30.25857203 58.72129817 0.23478959
30.59886253 59.48137642 0.24226786
30.94280692 60.23711580 0.24975629
31.28122705 60.98733366 0.25701240
31.61024713 61.74996550 0.25929225
31.94478906 62.49913253 0.26569409
32.25456721 63.20289129 0.26314619
32.56265341 63.89285855 0.25219682
32.86881982 64.55541348 0.25079407
33.16929964 65.23407603 0.25243831
33.45769091 65.88183720 0.25724840
33.74361192 66.49845707 0.27706628
34.02270980 67.10259898 0.28019513
34.29818881 67.67015821 0.28886720
34.55508115 68.23362629 0.30002115
34.80511727 68.76639205 0.30694560
35.04708338 69.30149625 0.31370690
35.29163012 69.82196839 0.32113208
35.53629949 70.31549921 0.33775309
35.78248054 70.80441677 0.35669128
36.01686077 71.27614654 0.37008501
36.23990283 71.72159779 0.37361951
36.47702303 72.15605066 0.36238239
36.72382992 72.58887581 0.35986044
36.97446041 73.00304063 0.36488290
37.21996535 73.40626275 0.37744555
37.47962006 73.80095371 0.38190571
37.73142535 74.17374515 0.38266460
37.99955817 74.50648606 0.37986114
38.27680760 74.84884540 0.38060345
38.58107071 75.17272058 0.37484154
38.86863917 75.47183342 0.37306878
39.17181971 75.75808282 0.36900761
39.49161880 76.00984502 0.36575403
39.82180360 76.26435793 0.34654199
40.17811201 76.49010888 0.34067788
40.53777938 76.67117030 0.34100269
40.91686146 76.84751320 0.33957906
41.29090616 77.00652557 0.33599328
41.67605611 77.12000776 0.32926471
42.06789345 77.20727789 0.32303385
42.46245342 77.26774252 0.31770872
42.84807568 77.32694932 0.31311378
43.23559706 77.36746211 0.30717778
43.62882075 77.37254991 0.29667657
44.02974032 77.35704681 0.27984207
44.42458240 77.29686276 0.28065529
44.79878889 77.22181918 0.28270572
45.19742198 77.17214194 0.28579912
45.58056742 77.10883945 0.27969294
45.98148091 77.02735270 0.26792145
46.37078921 76.90327190 0.25354627
46.77756267 76.77529384 0.24675922
47.17149883 76.61795111 0.22773760
47.59585404 76.47731393 0.20842142
48.01604891 76.30937687 0.20567095
48.46706601 76.12895702 0.20845479
48.91336547 75.94147033 0.21737407
49.38289164 75.73788337 0.21238963
49.86741598 75.51361013 0.20749646
50.32888804 75.28215810 0.20627636
50.80185400 75.04511233 0.19685776
51.30594799 74.78510655 0.18919518
51.81301760 74.54862684 0.18007431
52.32419989 74.27937109 0.17348377
52.88087424 73.98654471 0.16688722
53.41150300 73.69370213 0.16351230
53.96888104 73.39863657 0.16088783
54.52935395 73.08382669 0.16085230
55.09849061 72.76542404 0.15848625
55.69474287 72.43032706 0.16510457
56.31395142 72.06763743 0.16598769
56.95575751 71.71793507 0.16582053
57.60295898 71.36058776 0.16761628
58.27036510 70.99361927 0.16745826
58.95382173 70.62581769 0.16334351
59.66376217 70.25000967 0.16381871
60.41031185 69.87881812 0.16344298
61.12061108 69.51574639 0.15642719
61.84379798 69.14232478 0.15560197
62.56829648 68.77397446 0.14950300
63.28936145 68.39839224 0.14492453
64.01561247 68.04196993 0.14738849
64.74343081 67.68115434 0.15742966
65.46875318 67.30885623 0.17431781
66.20539174 66.93523577 0.18949046
66.90837670 66.57539035 0.20294608
67.63614313 66.20856114 0.21551116
68.35743045 65.83698221 0.22198328
69.06108576 65.47380315 0.23185467
69.76924138 65.11416793 0.24045890
70.46728804 64.74323830 0.25059024
71.18193882 64.36459291 0.26110985
71.88111919 63.99565478 0.27004154
72.57517955 63.59579809 0.27315471
73.25923718 63.19978684 0.27454679
73.92814722 62.81142925 0.27325650
74.60578649 62.40672615 0.27810865
75.28854300 61.99695733 0.27630798
75.94923867 61.59748039 0.27505680
76.60821865 61.18128947 0.26947829
77.24819403 60.74755129 0.27181328
77.89082216 60.32482786 0.26441863
78.50494929 59.89812161 0.26030092
79.13540864 59.46003719 0.26438997
79.77499047 59.01142384 0.26007918
80.39375801 58.57115478 0.26436510
80.99695845 58.12597663 0.26962973
81.58997403 57.69851550 0.27391260
82.15607404 57.27646649 0.28296666
82.71179815 56.85479784 0.27971942
83.26008840 56.44181041 0.28379152
83.78637977 56.04870128 0.28112953
84.31271747 55.64188522 0.28406535
84.83076046 55.24512895 0.28742482
85.34072180 54.85496418 0.28857061
85.83979609 54.48636383 0.29422597
86.29789133 54.14258972 0.29290655
86.75870509 53.81494256 0.29653827
87.20179393 53.49945710 0.29543718
87.64422417 53.20139906 0.30928824
88.09747015 52.90387673 0.31536247
88.54887727 52.62340152 0.31766512
88.99571633 52.36021720 0.32041737
89.44579794 52.10826683 0.32231170
89.90406079 51.88926583 0.33699814
90.37556753 51.67696589 0.34694793
90.83379760 51.49710255 0.35346082
91.29650850 51.32754239 0.36141309
91.75324383 51.19897497 0.35674897
92.20909133 51.09021998 0.36737021
92.66425042 51.00683401 0.37228540
93.12302018 50.96608971 0.37438506
93.57476741 50.95241571 0.37624739
94.00930602 50.97797521 0.37526751
94.47217014 51.02016826 0.39137622
94.89171258 51.08705302 0.39667266
95.31051657 51.19424243 0.41675072
95.71956522 51.32933898 0.43496010
96.12909872 51.50502004 0.44859313
96.53617489 51.69876298 0.45652483
96.93045401 51.92180711 0.46809498
97.30932332 52.17594078 0.47680869
97.68555472 52.45441139 0.48421498
98.04867281 52.75602116 0.47818713
98.40488430 53.06215576 0.46017670
98.76421440 53.39184699 0.45723597
99.11268620 53.72018136 0.45573168
99.46510922 54.06568688 0.45846364
99.81684997 54.44097132 0.44766812
100.17567287 54.83916134 0.44583071
100.53627875 55.22563123 0.43229770
100.91135598 55.63941932 0.43603357
101.28888286 56.05153386 0.42604132
101.69763079 56.47531221 0.41870048
102.11017082 56.90321981 0.41394986
102.51908673 57.34418546 0.41684701
102.94452592 57.79515632 0.41608451
103.39501766 58.25590490 0.42788144
103.85417938 58.72481879 0.43469402
104.32839034 59.18929610 0.44102800
104.80193828 59.65338598 0.43966721
105.28153334 60.11640487 0.44066430
105.75676328 60.58210217 0.44189812
106.24393987 61.05906126 0.43407417
106.74948499 61.54935182 0.42669604
107.25181413 62.03997409 0.42017220
107.76902743 62.54206878 0.43115568
108.28515760 63.05984581 0.44257699
108.79849682 63.57850180 0.44377147
109.31873829 64.12395933 0.43763575
109.84908638 64.66930944 0.42024337
110.39445460 65.23028307 0.40620872
110.95065373 65.80633894 0.40776391
111.50022084 66.38518663 0.40710956
112.06314765 66.98307691 0.41158382
112.62999009 67.58201979 0.40008409
113.20493840 68.20351422 0.39313181
113.76800590 68.82159698 0.39087350
114.34485789 69.44378723 0.38257266
114.90758346 70.05987787 0.37661412
115.47742188 70.66909380 0.37754248
116.06111585 71.32087290 0.36863921
116.65281330 71.97300149 0.36547400
117.24811435 72.58889797 0.36802397
117.83418852 73.20621816 0.35736791
118.42968124 73.80986468 0.36072400
119.02842603 74.41593122 0.36580746
119.62414411 75.02795751 0.37440773
120.20858255 75.63408834 0.38502249
120.80520045 76.24470344 0.39355742
121.39786690 76.85486921 0.39608483
121.99802049 77.45771820 0.38622412
122.59242011 78.04648825 0.37194322
123.20299897 78.64025426 0.37517494
123.80140441 79.24957826 0.38930312
124.40317840 79.85136204 0.41537357
125.00333405 80.45825929 0.43954077
125.58400448 81.05196596 0.42658737
126.16087611 81.65029602 0.40623728
126.73824727 82.23576323 0.37661050
127.32495176 82.82262440 0.38097216
127.90159455 83.41799001 0.39527147
128.47453565 84.00650767 0.39815565
129.04495481 84.59956558 0.40252310
129.59128023 85.18673773 0.41439498
130.13401641 85.76511684 0.41217068
130.68849013 86.35962359 0.41556979
131.24854041 86.95068710 0.42213620
131.80081020 87.53218587 0.42292344
132.34502261 88.11499108 0.42191719
132.89902609 88.69894636 0.41606006
133.43824553 89.28973715 0.41894970
133.98271177 89.89693628 0.41954613
134.53070110 90.50645971 0.42642545
135.07280316 91.12160791 0.43417994
135.60786530 91.74893591 0.42270362
136.15096232 92.38841316 0.39649959
136.70190115 93.01623644 0.37038965
137.23839729 93.63800800 0.34763048
137.77353624 94.25971002 0.32227115
138.27864658 94.88548727 0.32487926
138.77678189 95.51983286 0.32036970
139.26083456 96.13759950 0.31448690
139.76368579 96.78018904 0.31380941
140.26905571 97.42917430 0.32426656
140.76287081 98.07668009 0.33703567
141.24435248 98.75320831 0.34545632
141.73013751 99.41947608 0.33843785
142.19409553 100.07247923 0.33908402
142.66296676 100.74952297 0.33708365
143.12570098 101.43471000 0.33396228
143.58315549 102.11070557 0.32651902
144.06597058 102.80720044 0.31049355
144.53861166 103.48660110 0.31308471
145.00396104 104.18373616 0.31346562
145.47062850 104.89883932 0.32293424
145.93790698 105.57894496 0.31211705
146.39175734 106.24733606 0.30006595
146.85741434 106.94881219 0.27792285
147.30372408 107.64326919 0.27070346
147.74528948 108.34491459 0.26853749
148.20041078 109.05360367 0.27003545
148.64827464 109.76556662 0.25358790
149.07928726 110.47180887 0.25341910
149.51337271 111.18583346 0.23974721
149.93208254 111.89125225 0.21618512
150.35687434 112.61603470 0.21047935
150.77654034 113.36267589 0.21314732
151.17819159 114.12233882 0.21681924
151.57538320 114.84180226 0.22322479
151.96271821 115.57033514 0.21181314
152.34266739 116.30157671 0.20164740
152.71622902 117.04043563 0.17713509
153.09929527 117.78806850 0.15991818
153.49632182 118.53186643 0.16539391
153.88640297 119.30367804 0.17030144
154.27612827 120.06379225 0.16192121
154.66605124 120.82466137 0.14489851
155.05407393 121.57952626 0.12443699
155.43757017 122.29970648 0.10001330
155.83219468 123.03241728 0.09334424
156.20280238 123.75938146 0.10276306
156.57781004 124.50187460 0.11148630
156.95479218 125.22461086 0.11662407
157.33196391 125.94223172 0.10691472
157.69349290 126.65341993 0.09152053
158.05411698 127.35838799 0.07848658
158.41600180 128.08203504 0.07595700
158.77355296 128.79683960 0.08112025
159.14160980 129.53546083 0.07631003
159.49768466 130.24025065 0.06722668
159.87601775 130.98337193 0.05390807
160.23494181 131.69398627 0.03730545
160.59259764 132.41350363 0.02837093
160.95387858 133.13928769 0.01891370
161.32930716 133.87971908 0.02571531
161.68580640 134.56963268 0.01048559
162.02719310 135.24803521 -0.00886738
162.35981672 135.89355626 -0.03287020
162.68210153 136.53592679 -0.04226074
162.99996211 137.17744070 -0.04734247
163.31838156 137.79540926 -0.04738462
163.62393282 138.39038907 -0.05636488
163.92022118 138.99024500 -0.04940420
164.22610153 139.58849245 -0.04080997
164.51979544 140.17788919 -0.03224131
164.83279978 140.77452333 -0.03784046
165.13155160 141.34723783 -0.04588742
165.43335895 141.92160139 -0.04714458
165.73471748 142.48265078 -0.04826579
166.04687042 143.04695312 -0.04048866
166.35581511 143.59791999 -0.02582641
166.67270983 144.15415385 -0.00854124
167.00235794 144.70820968 0.01007157
167.31906027 145.23683240 0.01951071
167.63487682 145.79983540 0.02061860
167.96397711 146.34968987 0.02623302
168.29704803 146.91762707 0.02921572
168.63008509 147.47771619 0.03616482
168.93912622 148.01949507 0.03853767
169.24974993 148.55791570 0.03032725
169.56600762 149.08590680 0.02693540
169.88466506 149.64439897 0.02419283
170.20024812 150.18155805 0.04125546
170.52190920 150.75241140 0.04796897
170.84543998 151.30088943 0.06823332
171.17241879 151.87534789 0.08714637
171.50009672 152.44400773 0.09326861
171.81462444 153.00284935 0.08385214
172.12581151 153.58172667 0.06387989
172.46106993 154.13667039 0.04603936
172.79348499 154.72075940 0.04259720
173.11905034 155.30608092 0.05253673
173.43608660 155.87745740 0.05288475
173.74778265 156.47304103 0.04585307
174.06989852 157.06580316 0.02831907
174.40709723 157.65649405 0.01657009
174.73052699 158.25641532 0.01715121
175.05787831 158.85228410 0.00936159
175.38118990 159.43376112 0.00106898
175.68163016 160.00146308 -0.00373912
175.99439025 160.56379080 -0.02058369
176.30669516 161.14373118 -0.02949330
176.60890850 161.72332743 -0.03855430
176.91348158 162.31877638 -0.03868679
177.21222119 162.91386062 -0.02961255
177.51396016 163.46484333 -0.02078811
177.79891365 163.97896827 -0.01321993
178.07636188 164.50963634 -0.00996332
178.35173920 165.04275603 -0.01795523
178.62144762 165.52602706 -0.01964483
178.87890398 166.01199319 -0.02053452
179.11658460 166.48944022 -0.01871724
179.34671282 166.94935880 -0.02889740
179.56639504 167.41856572 -0.03025353
179.76283704 167.84416773 -0.03232148
179.95646557 168.30501969 -0.02715043
180.13963943 168.74621744 -0.02687937
180.31418877 169.19718286 -0.02436915
180.46925352 169.65108035 -0.01959816
180.58433074 170.08675448 -0.02747408
180.70501700 170.53285160 -0.03284910
180.79696438 170.95873336 -0.02992858
180.86547327 171.38992441 -0.02589641
180.89390008 171.80754463 -0.01736503
180.92482266 172.23811545 -0.01806857
180.92814541 172.65201189 -0.01461565
180.89293862 173.05853206 -0.00996075
180.85482539 173.47895208 -0.01050005
180.81821037 173.88498828 -0.00326298
180.71066880 174.28589583 0.01106830
180.60042206 174.65393628 0.01213431
180.46650948 175.02192298 0.00660215
180.32141550 175.34859625 0.00242932
180.15517791 175.69559669 0.00109570
179.99352847 176.01198908 -0.00994414
179.81931755 176.31273696 -0.02437613
179.59633313 176.62777320 -0.03876904
179.33898324 176.93940956 -0.05038889
179.04820990 177.24192141 -0.06610075
178.74217080 177.55319133 -0.07285386
178.41718746 177.83309056 -0.07552413
178.06238002 178.14892934 -0.08356202
177.67495049 178.43958842 -0.09054079
177.27636573 178.72656319 -0.10323064
176.86572641 178.98907565 -0.11417412
176.41780037 179.25067512 -0.12585742
175.95450643 179.50931062 -0.13737086
175.48635134 179.77934834 -0.15763950
175.00062742 180.02748780 -0.17258067
174.48177828 180.28843560 -0.18275378
173.97843408 180.53273546 -0.19003082
173.43223879 180.80583908 -0.20022821
172.85975271 181.08103161 -0.20686934
172.28411958 181.36726563 -0.21575371
171.69155463 181.66216050 -0.22192280
171.08036157 181.97966548 -0.22602568
170.44449571 182.30706429 -0.22980277
169.79680224 182.63196062 -0.22898893
169.13250136 182.97071954 -0.23408091
168.44127126 183.32483624 -0.24723122
167.72759753 183.71876731 -0.25786992
166.99877678 184.12113690 -0.26866916
166.25975528 184.53338020 -0.26912277
165.49037871 184.98603405 -0.27501347
164.72384047 185.41672876 -0.27797058
163.93910567 185.88529155 -0.28845143
163.16833311 186.30792631 -0.29122799
162.40423004 186.72603406 -0.28633016
161.62051080 187.16661786 -0.28055770
160.84848707 187.58693878 -0.28807078
160.06879196 187.99118699 -0.29517244
159.27164861 188.42670855 -0.29222386
158.46929845 188.86622561 -0.29056788
157.68751573 189.28344296 -0.28607036
156.88839864 189.71401886 -0.29082207
156.11190273 190.11305712 -0.29996562
155.31795715 190.51333028 -0.31412857
154.52425677 190.92947388 -0.32547669
153.73698668 191.33172028 -0.33312694
152.94142771 191.72353841 -0.33609443
152.15313661 192.12004567 -0.34267840
151.37452512 192.50432092 -0.34894597
150.58398498 192.89018077 -0.35051914
149.82360512 193.26272169 -0.34679559
149.06787652 193.64809609 -0.34339830
148.31019992 194.02609266 -0.34202280
147.55951930 194.41421919 -0.33565757
146.79679378 194.82281087 -0.33459106
146.02976266 195.23841752 -0.33461113
145.26242479 195.63799371 -0.33354906
144.51372896 196.02250434 -0.34633559
143.76841412 196.42006102 -0.34438516
143.01483326 196.82456262 -0.34271716
142.26169864 197.21203005 -0.34348030
141.52260826 197.58782796 -0.34972291
140.79146092 197.96522087 -0.36074836
140.05064808 198.33941507 -0.36451536
139.30583647 198.70528062 -0.37398618
138.58493301 199.06952255 -0.36830797
137.87047710 199.42872845 -0.36205579
137.13007590 199.79093039 -0.35833580
136.40647253 200.13686054 -0.36239261
135.66391410 200.49538306 -0.35783452
134.91624143 200.83616380 -0.35040499
134.20386690 201.15219914 -0.36004086
133.50125676 201.47139183 -0.36017861
132.79372062 201.79597383 -0.36760985
132.08220862 202.12148390 -0.37328497
131.38988118 202.44575239 -0.37986848
130.72054528 202.75864052 -0.38028562
130.05606154 203.06497630 -0.38743985
129.39821565 203.37721304 -0.38663691
128.77607024 203.67128937 -0.38697533
128.15776943 203.96990475 -0.38729088
127.54744067 204.26732546 -0.39088480
126.96380104 204.54686097 -0.38644695
126.38107937 204.83438030 -0.39556694
125.82742631 205.11353409 -0.39890362
125.26761850 205.39037040 -0.40374237
124.72543391 205.64691307 -0.40175878
124.20731967 205.90547859 -0.39592276
123.68470623 206.17235321 -0.39629424
123.19064673 206.41677161 -0.40240624
122.73075187 206.65518248 -0.40433702
122.25506251 206.89155606 -0.40758662
121.81176065 207.11783356 -0.40558027
121.38490153 207.34476928 -0.40814095
120.96783625 207.56266978 -0.41006044
120.57283749 207.76500731 -0.40537199
120.19458456 207.97333991 -0.40795887
119.81641788 208.17566893 -0.40814450
119.48632398 208.36588728 -0.41295000
119.17290171 208.55157426 -0.40406541
118.85899962 208.74515180 -0.40669340
118.58308723 208.90934482 -0.40046410
118.31744090 209.07174655 -0.40058806
118.06141042 209.23152523 -0.40245031
117.84618528 209.36546393 -0.40903291
117.64766671 209.50589532 -0.41079735
117.46787159 209.61622787 -0.40986033
117.29276306 209.72119377 -0.41232608
117.14803746 209.79296750 -0.41564151
117.02624716 209.86509570 -0.41906279
116.94839759 209.89319001 -0.41746379
116.87294154 209.94156765 -0.41863971
116.82764645 209.96736503 -0.42038482
116.77792537 209.99221822 -0.42363447
116.72923963 210.01138128 -0.42399469
116.69752441 210.02676207 -0.42762142
116.65937418 210.04037709 -0.42987580
116.64721700 210.04020140 -0.43035175
116.63624983 210.04461365 -0.43446599
116.62583285 210.03401998 -0.43548359
116.62627174 210.03752751 -0.43131850
116.62616059 210.04069888 -0.43020141
116.59717469 210.04542526 -0.42926709
116.59218219 210.04986545 -0.43716037
116.56749646 210.05432512 -0.43553528
116.54964453 210.06566839 -0.44072628
116.52682656 210.07673834 -0.44177601
116.50536712 210.08507585 -0.43759922
116.48521592 210.09654266 -0.43635874
116.45815328 210.09825925 -0.43804292
116.42048110 210.12072673 -0.44477042
116.39998771 210.13972235 -0.45094311
116.36320924 210.15751043 -0.45978583
116.30735435 210.19834893 -0.45329903
116.23767424 210.22226536 -0.45256008
116.17174223 210.26790916 -0.45401312
116.06312997 210.32844386 -0.45149384
115.93972581 210.41187481 -0.44547600
115.81366652 210.50198591 -0.43594566
115.65407935 210.58628409 -0.43830581
115.50077239 210.68745208 -0.43714027
115.31680774 210.79595324 -0.44119184
115.11128236 210.94594213 -0.43581687
114.92832796 211.08130035 -0.42982659
114.69431873 211.25747871 -0.42996194
114.48312721 211.41820142 -0.42918462
114.27641967 211.60579582 -0.42713854
114.06735721 211.82504071 -0.42505602
113.84637513 212.02742342 -0.42126721
113.62172704 212.24736377 -0.41127176
113.40212625 212.47396729 -0.40173565
113.19692041 212.74685185 -0.39839329
112.98109677 212.99947073 -0.39918997
112.75361560 213.27792694 -0.39701387
112.57463791 213.58312085 -0.39977320
112.41014382 213.89939656 -0.39947227
112.25110692 214.24361543 -0.39547177
112.09707750 214.60258710 -0.40227385
111.95585804 214.96694782 -0.41560064
111.83781817 215.37357043 -0.43280817
111.74021964 215.77510429 -0.44590624
111.67611762 216.23045572 -0.46316684
111.64818942 216.71979826 -0.45404072
111.64762509 217.21808495 -0.45476628
111.66642340 217.74814360 -0.46127413
111.71678886 218.25187237 -0.46651889
111.80086999 218.79814356 -0.47786610
111.90886391 219.35014010 -0.48746563
112.05817436 219.89570781 -0.49543032
112.23388346 220.44590210 -0.50533716
112.45181814 221.03963123 -0.51259284
112.67059358 221.62931230 -0.51742042
112.93565829 222.22369981 -0.51249264
113.21279306 222.79824117 -0.51573528
113.49895775 223.39183090 -0.51384265
113.80729767 224.00393262 -0.52749801
114.13162366 224.61340881 -0.53453379
114.46355131 225.22877651 -0.54339211
114.79774992 225.88586864 -0.55014713
115.12866379 226.51577492 -0.56084186
115.50700256 227.17812781 -0.56376210
115.89021240 227.83980483 -0.57338196
116.27184275 228.51309039 -0.57659634
116.65413344 229.19414383 -0.58525807
117.04099376 229.88240024 -0.58801108
117.43735865 230.56578270 -0.60685890
117.83263346 231.27552172 -0.61634361
118.24478132 232.00555708 -0.62316833
118.65925132 232.78929792 -0.62998124
119.08605132 233.54352233 -0.63663094
119.52110999 234.30902064 -0.62036989
119.96831487 235.06946987 -0.62872605
120.42955634 235.87416016 -0.63611879
120.88442620 236.66587216 -0.66616217
121.34165275 237.49284806 -0.69084414
121.78888678 238.28724150 -0.70131784
122.25287606 239.10368534 -0.70249794
122.71533189 239.97941379 -0.69588634
123.19582694 240.86366919 -0.69221706
123.66663576 241.71804550 -0.69114228
124.15558940 242.59126775 -0.70131487
124.66111429 243.48272849 -0.71637959
125.17173041 244.37232927 -0.73794741
125.69596134 245.28387732 -0.75166059
126.21849217 246.19205556 -0.76196608
126.74875951 247.12720656 -0.77304162
127.26558287 248.06316708 -0.77594981
127.79688216 249.03596782 -0.77614903
128.31469431 249.96968432 -0.78791788
128.81383431 250.87973509 -0.79604645
129.32884795 251.81336644 -0.80440011
129.83714709 252.74925211 -0.79581158
130.32848490 253.66040208 -0.78959353
130.81749719 254.59052300 -0.77100454
131.31761020 255.52751452 -0.75067477
131.80721118 256.46571475 -0.74594759
132.30068061 257.38587046 -0.74705221
132.78979459 258.36290348 -0.76132236
133.29999079 259.30224039 -0.76376161
133.77484858 260.21695300 -0.77279437
134.26777427 261.14660021 -0.77596700
134.75566803 262.05773345 -0.76620663
135.22965605 262.98317162 -0.76603316
135.70412478 263.90903843 -0.75486781
136.19055470 264.80554873 -0.75728179
136.68103109 265.71795721 -0.75903848
137.15229575 266.62730050 -0.75581739
137.63113809 267.53101633 -0.76311099
138.11008830 268.46487508 -0.76723307
138.57664353 269.34238465 -0.77679153
139.04649828 270.26169006 -0.78920148
139.51525473 271.16913709 -0.79271137
139.99859627 272.11205923 -0.79317209
140.47204871 273.04172292 -0.79636721
140.94223403 273.95741234 -0.78709335
141.42432073 274.85652690 -0.79064491
141.90728899 275.77270005 -0.78536267
142.39364574 276.70246140 -0.78449518
142.86644425 277.62180784 -0.78223645
143.36288479 278.54177886 -0.78661290
143.85132421 279.47804383 -0.79377963
144.35937048 280.42505767 -0.79565675
144.85042327 281.35602761 -0.81287722
145.33367113 282.27740190 -0.80902339
145.84556816 283.26561571 -0.81283476
146.35041539 284.21331254 -0.81858826
146.84645034 285.13854331 -0.82200258
147.35269841 286.10104272 -0.82369104
147.85965563 287.05041296 -0.81233917
148.40358987 288.05671600 -0.80952998
148.92129667 289.00676898 -0.81064264
149.42542652 289.95925126 -0.80298273
149.91850923 290.87922858 -0.81408203
150.42215147 291.82060090 -0.80854046
150.91842257 292.76082786 -0.81029182
151.43040736 293.68714985 -0.81748644
151.95042937 294.62972860 -0.81042570
152.44737612 295.56003172 -0.80662362
152.94467657 296.50583671 -0.80227683
153.44292234 297.42992436 -0.79922165
153.94966288 298.36370294 -0.79814301
154.44365585 299.25441002 -0.79856290
154.95795886 300.19904225 -0.80310417
155.45373444 301.11310865 -0.80459282
155.94859660 302.03854281 -0.80925544
156.42405437 302.92718521 -0.80720666
156.91471091 303.82619986 -0.81593888
157.36972239 304.67515414 -0.83209210
157.83523395 305.54291150 -0.83388355
158.28821254 306.39022674 -0.83023575
158.72973293 307.23903013 -0.83879307
159.15431853 308.08036313 -0.83629477
159.57978157 308.90011405 -0.83982028
159.99731095 309.71878384 -0.83374560
160.43349498 310.55095043 -0.82405700
160.86075972 311.37673687 -0.81266433
161.28621438 312.20341349 -0.80904984
161.70201077 313.01505308 -0.80590524
162.12217609 313.78850449 -0.80718981
162.50947085 314.55557004 -0.80423847
162.89819120 315.31051229 -0.80671942
163.28486391 316.03966151 -0.80236989
163.67263496 316.75855087 -0.79878781
164.05554882 317.45047965 -0.79268333
164.44289654 318.13273355 -0.78806847
164.81398019 318.80083122 -0.78584274
165.15967101 319.44829473 -0.78903063
165.49864167 320.07401541 -0.80189661
165.84331828 320.68973119 -0.80261599
166.17006509 321.27110105 -0.82336823
166.49504907 321.83661339 -0.84314204
166.80842178 322.39493939 -0.85374175
167.08745967 322.91989119 -0.87610686
167.36988230 323.43270673 -0.93020434
167.64397552 323.92545471 -0.98277032
167.90380679 324.40627956 -1.00762244
168.16785636 324.88118195 -1.02849801
168.41168326 325.35228877 -1.03889885
168.62492776 325.81678300 -1.03170799
168.84600959 326.24746117 -1.02194699
169.03227809 326.69867762 -0.99970583
169.22758423 327.16504126 -0.98386685
169.41712646 327.59894646 -0.96057450
169.58206650 328.00582975 -0.94545559
169.68895288 328.44896216 -0.94783764
169.78372391 328.93527477 -0.92989750
169.88409403 329.41759769 -0.88844803
169.96851057 329.84921220 -0.87790478
170.04004686 330.28877496 -0.85864003
170.07667576 330.70843417 -0.82337911
170.11516712 331.10106105 -0.76890276
170.13732992 331.43603735 -0.71401120
170.09788073 331.80963369 -0.66872969
170.08291981 332.18638252 -0.63534063
170.06370053 332.55910911 -0.59368012
169.98384494 332.90308979 -0.57406697
169.93856452 333.31905216 -0.54527422
169.88167488 333.74433229 -0.53221143
169.78714727 334.20878452 -0.52878189
169.59746616 334.63713845 -0.52120968
169.42096606 335.00711860 -0.52086148
169.25029056 335.29594229 -0.50952849
169.04123724 335.57953442 -0.49653041
168.81296154 335.75065997 -0.47337557
168.54783068 335.90866778 -0.48809952
168.29316175 336.10651947 -0.46439042
167.98352753 336.36616432 -0.43157088
167.65217865 336.61210480 -0.42601979
167.33391038 336.94042326 -0.40354874
166.97172101 337.25409527 -0.39875448
166.58025721 337.66093278 -0.42768318
166.13864500 338.04394784 -0.42853921
165.68669071 338.35663756 -0.44350692
165.11999633 338.59141251 -0.47098188
164.58001186 338.73899267 -0.49078043
164.03449876 338.92450990 -0.50367222
163.48242275 339.11927155 -0.52096829
162.85905935 339.35722843 -0.53519816
162.25624641 339.50683054 -0.52194991
161.64958593 339.59809030 -0.51884664
160.99675473 339.72631495 -0.48337594
160.33852555 340.01533475 -0.46017684
159.69155872 340.29874050 -0.44918836
158.94651715 340.58998823 -0.43333814
158.20437788 340.93230936 -0.40693299
157.49049113 341.24872936 -0.39676588
156.77446489 341.59013223 -0.41473857
156.01792382 341.93602852 -0.42058298
155.24136529 342.34429233 -0.42526704
154.42875823 342.68335996 -0.43117480
153.64986066 343.00745153 -0.43901414
152.86723359 343.37174614 -0.42419570
152.07643301 343.71798641 -0.41672836
151.34740629 344.04645867 -0.41976976
150.60402316 344.36836700 -0.43462625
149.87927511 344.70474043 -0.45075568
149.13531466 345.03274839 -0.44373736
148.43400504 345.34474122 -0.42852371
147.64734056 345.72336733 -0.43287232
146.88487654 346.14968284 -0.44786457
146.09815351 346.55584599 -0.46573991
145.31158836 346.94789639 -0.47748242
144.45431290 347.32333851 -0.48066677
143.64212698 347.69526834 -0.50183468
142.80646082 348.08888159 -0.49767574
142.02376882 348.55362551 -0.50285000
141.23963481 349.01043265 -0.52122522
140.47191236 349.50485005 -0.51622948
139.66762915 349.92435149 -0.50938777
138.88403358 350.31569972 -0.50737247
138.09285278 350.69403597 -0.50515875
137.38949394 351.05039633 -0.55237159
136.63466332 351.44265261 -0.56167927
135.88607807 351.87281593 -0.55661816
135.10252756 352.29571826 -0.55703702
134.33664182 352.72228007 -0.55745870
133.54237468 353.14718229 -0.55809401
132.77505049 353.57750639 -0.57381148
132.00981442 354.06080355 -0.58805732
131.22775366 354.55779819 -0.58422650
130.42345570 355.08061418 -0.55790186
129.63807766 355.53629126 -0.53410532
128.86765556 356.03618066 -0.50249569
128.07455842 356.51575917 -0.48196918
127.31197623 356.99174788 -0.45132877
126.50985923 357.45352147 -0.43641353
125.73956932 357.88893537 -0.42237059
124.96546153 358.35936677 -0.41126763
124.24994710 358.79993758 -0.40689239
123.52858223 359.27619213 -0.40520120
122.76200013 359.78025874 -0.40920824
122.01285401 360.24238455 -0.40984897
121.26710006 360.69041508 -0.41196846
120.53222161 361.16901364 -0.41165568
119.82952580 361.63413733 -0.41678914
119.16060879 362.11206889 -0.43763494
118.50499384 362.54294360 -0.45282783
117.87216652 362.97465989 -0.47427790
117.28082919 363.42963316 -0.46158921
116.68295861 363.83129245 -0.44922297
116.11976647 364.21339940 -0.43973986
115.56181033 364.59520195 -0.42818529
115.04201393 364.98192903 -0.40674178
114.53571699 365.37170446 -0.38301950
114.04317714 365.71303315 -0.37431007
113.56753648 366.02230142 -0.36675798
113.11175868 366.31660625 -0.35756407
112.67061447 366.57823008 -0.34974207
112.21365194 366.81587207 -0.33778483
111.78334342 367.04413839 -0.31963832
111.38108438 367.28008150 -0.30671639
110.96153656 367.50084252 -0.29483680
110.53492283 367.70188241 -0.29564237
110.08188781 367.89671675 -0.30029606
109.65477408 368.10052195 -0.29642189
109.21305943 368.29380840 -0.29135520
108.75490019 368.48620692 -0.28799082
108.28582442 368.68608640 -0.28206052
107.82774941 368.89009892 -0.27171288
107.37074788 369.07730784 -0.26120185
106.89638239 369.28249376 -0.25321901
106.39388025 369.48845554 -0.24617017
105.87453464 369.71170770 -0.24561168
105.34477827 369.94163117 -0.24236457
104.81851610 370.17374406 -0.23159435
104.26866371 370.40358303 -0.22086864
103.68603530 370.65650771 -0.20842920
103.09307947 370.91600464 -0.19995002
102.46472502 371.17900003 -0.18927237
101.82612447 371.46864394 -0.17664572
101.16687506 371.78766969 -0.17343565
100.49651474 372.09024070 -0.17895463
99.80965303 372.41522688 -0.21653579
99.08203042 372.75046618 -0.25278213
98.33961220 373.10442005 -0.25183551
97.57494495 373.46353826 -0.23180471
96.78240619 373.84558238 -0.22700996
96.00156852 374.25490677 -0.25174068
95.19942316 374.66915174 -0.29929284
94.36182847 375.10228749 -0.33450902
93.51547405 375.54258687 -0.35077185
92.64939836 375.98255420 -0.34324877
91.76426499 376.43476999 -0.33629691
90.87323713 376.90408547 -0.35328525
89.97980694 377.38005729 -0.36287678
89.07182937 377.87610201 -0.38270990
88.13205786 378.39526951 -0.36539634
87.21839672 378.91040664 -0.33290255
86.27571433 379.44378894 -0.29957848
85.33415313 379.97780173 -0.28871943
84.38952592 380.52138971 -0.29918701
83.44120029 381.06529331 -0.30271590
82.50239960 381.61677794 -0.29587700
81.55381764 382.16757123 -0.28150581
80.58954306 382.70986829 -0.27924802
79.62598636 383.25952811 -0.27796310
78.66973953 383.78778858 -0.26942833
77.72936963 384.31073889 -0.26480338
76.78528703 384.84579502 -0.27193954
75.83565577 385.38259347 -0.28235082
74.89647174 385.90637275 -0.27874961
73.94331932 386.45592405 -0.27419186
73.00355247 386.97351043 -0.25981693
72.07406275 387.48186456 -0.24454689
71.12993075 387.98414653 -0.24191864
70.20673197 388.46522396 -0.25018408
69.26879117 388.96543716 -0.24813857
68.34498982 389.43800732 -0.24418443
67.42640964 389.92581640 -0.22905148
66.51072546 390.40815061 -0.21401751
65.59602125 390.87970277 -0.20109928
64.67404376 391.35835044 -0.19523231
63.75379675 391.84922426 -0.20174890
62.83155825 392.31856558 -0.21760207
61.91612878 392.78088433 -0.23462102
60.99582543 393.24196969 -0.23450248
60.06271664 393.70158462 -0.22798048
59.14970111 394.14719011 -0.22443734
58.23511657 394.60269065 -0.21804866
57.32408076 395.05686837 -0.21702017
56.42721480 395.49196190 -0.21496754
55.53048478 395.92580586 -0.21851464
54.63281866 396.36976577 -0.22608303
53.72465256 396.80486709 -0.22748907
52.82363194 397.22850852 -0.23927411
51.91523788 397.68421598 -0.23661279
51.03299956 398.11300069 -0.25219934
50.14304729 398.56186697 -0.24317631
49.29616357 398.97715170 -0.23838206
48.44115389 399.38195946 -0.22831277
47.58995231 399.79782448 -0.23040374
46.74402139 400.20117934 -0.24581708
45.91228849 400.60647592 -0.24855635
45.10404959 401.00125106 -0.25196215
44.29740505 401.38911371 -0.25979028
43.51747485 401.76724962 -0.25475032
42.76888537 402.12676746 -0.25655850
42.02350653 402.49382930 -0.26350153
41.30669263 402.84395832 -0.27856575
40.59924319 403.19655338 -0.27760747
39.91647892 403.53626126 -0.26138953
39.25071655 403.86458115 -0.24917388
38.60963396 404.18267288 -0.25191713
37.99080213 404.47756507 -0.26338767
37.39103008 404.75844144 -0.27364947
36.81151056 405.02583025 -0.27599292
36.23248348 405.29571963 -0.27040587
35.66925825 405.56007022 -0.25796685
35.10652055 405.80922917 -0.24437642
34.56714192 406.06187333 -0.24403930
34.03752452 406.29789172 -0.24704918
33.51405161 406.52243391 -0.24864713
32.99445493 406.73639508 -0.25133944
32.47220228 406.95293587 -0.25706207
31.94550081 407.13415284 -0.25968690
31.42832482 407.29915059 -0.26420729
30.90776397 407.45138116 -0.26247442
30.37543283 407.57963373 -0.26810619
29.83664262 407.67551034 -0.25824938
29.29804160 407.74821018 -0.25474505
28.77101890 407.79380606 -0.25765590
28.26512248 407.81851303 -0.26682120
27.75604227 407.79533983 -0.26288914
27.24936065 407.74788879 -0.26062009
26.73976277 407.67149172 -0.25956495
26.27970723 407.56389465 -0.26729873
25.81356740 407.42979292 -0.26846481
25.33382009 407.26540913 -0.27648968
24.88742721 407.07818299 -0.28440227
24.44550047 406.84591007 -0.29432190
24.01645023 406.58808567 -0.29516126
23.59860885 406.30448308 -0.28500407
23.19294783 405.98356646 -0.28041402
22.73761140 405.61022389 -0.28965337
22.33718105 405.21578410 -0.30517888
21.93827390 404.77800830 -0.32073957
21.58738751 404.32082510 -0.33320454
21.23135085 403.83295955 -0.34578206
20.88010058 403.31450365 -0.34874541
20.51657185 402.76450023 -0.36309943
20.16593994 402.20895770 -0.36498067
19.81265684 401.63925001 -0.37996262
19.48079702 401.05904743 -0.39854814
19.13826482 400.45323905 -0.41090078
18.79871232 399.84048967 -0.40602146
18.47798053 399.21541796 -0.40916393
18.15061977 398.57368098 -0.40071246
17.82076994 397.91558917 -0.40361285
17.50647675 397.24579185 -0.39777727
17.17115924 396.55481649 -0.40038437
16.83342384 395.86379740 -0.40214318
16.49265528 395.17467658 -0.40158718
16.15190587 394.45561943 -0.40336484
15.80465094 393.69138545 -0.39893009
15.45681563 392.94010419 -0.41044841
15.11133118 392.17775252 -0.41779909
14.75737305 391.39499318 -0.42751866
14.40488437 390.60783937 -0.43849971
14.05215981 389.82049311 -0.44233462
13.67802135 388.99205964 -0.44180963
13.29997115 388.17421503 -0.43320999
12.93647898 387.33464658 -0.42833894
12.56359202 386.51927010 -0.42373119
12.19261777 385.68975768 -0.42455284
11.79867494 384.80863951 -0.39870481
11.37555000 383.90352866 -0.39410358
10.97431102 383.03974964 -0.38456107
10.57149761 382.17707847 -0.38109775
10.13161518 381.28839419 -0.38707561
9.72134394 380.44827870 -0.39886434
9.31128897 379.60832585 -0.41110768
8.92080049 378.79619672 -0.41961178
8.51118524 377.94369480 -0.42367375
8.09348457 377.12066257 -0.43468835
7.67368934 376.30433195 -0.44099773
7.27584078 375.49305381 -0.44228369
6.86630935 374.67739838 -0.44370648
6.45941072 373.85758900 -0.44651297
6.05352073 373.01503501 -0.45466444
5.64209213 372.17867686 -0.45431668
5.20886911 371.33836578 -0.45668756
4.77298916 370.48822495 -0.46718405
4.30892438 369.63461350 -0.48047513
3.86172567 368.80718143 -0.47655606
3.41536890 367.97581339 -0.48711809
2.96735685 367.14855348 -0.49376715
2.51393275 366.30318427 -0.49521142
2.07320549 365.47154621 -0.48964899
1.63824657 364.65303444 -0.49866840
1.20755828 363.82852097 -0.51586503
0.77274224 363.01437872 -0.53039955
0.33827988 362.17735012 -0.52354910
-0.09817329 361.33538285 -0.52534177
-0.52959877 360.50910539 -0.52118440
-0.94686867 359.70120690 -0.51462639
-1.36542412 358.88282160 -0.52165949
-1.78599399 358.07192110 -0.51978587
-2.23056974 357.22708708 -0.52410311
-2.66146541 356.39048432 -0.52629718
-3.10318349 355.56642840 -0.53437532
-3.54782245 354.71535992 -0.55245058
-3.99781298 353.88651947 -0.56219688
-4.46311556 353.03199810 -0.57157724
-4.91024631 352.19268046 -0.58011306
-5.34047364 351.37885096 -0.59269611
-5.78394546 350.55484865 -0.60415815
-6.24193437 349.72603267 -0.61753031
-6.67887621 348.92181383 -0.62655217
-7.12988749 348.10214266 -0.62975288
-7.54099467 347.28937765 -0.62291893
-7.94693239 346.47647687 -0.63194324
-8.36980631 345.65047378 -0.62935032
-8.78492738 344.83358170 -0.61945142
-9.20011236 344.01538667 -0.60962763
-9.61465278 343.20772237 -0.61284064
-10.05022747 342.37353182 -0.62539900
-10.47767410 341.52507178 -0.63113421
-10.89369276 340.66810787 -0.62753288
-11.30901490 339.81038823 -0.61944970
-11.74625842 338.91803792 -0.61802274
-12.20564392 338.03239995 -0.62999230
-12.64620737 337.13713232 -0.63604243
-13.09434986 336.26606478 -0.64202258
-13.53304017 335.40788739 -0.64154220
-13.97894468 334.51192376 -0.64562753
-14.45657025 333.63861929 -0.63882864
-14.90048231 332.78302319 -0.64056712
-15.34555473 331.92078199 -0.65137847
-15.79130016 331.05470770 -0.65445767
-16.27592480 330.18390345 -0.65365282
-16.74598707 329.30481703 -0.65302176
-17.19755959 328.42727365 -0.65963770
-17.66208802 327.51606558 -0.66560310
-18.10718884 326.62630651 -0.67945542
-18.55481626 325.73732930 -0.70565850
-19.01145449 324.85010984 -0.71525402
-19.47806870 323.95180499 -0.72991362
-19.92423751 323.04248373 -0.72718435
-20.36543849 322.13838188 -0.73093834
-20.80125527 321.25297223 -0.74663332
-21.26064789 320.35028350 -0.77783803
-21.70650711 319.46205962 -0.78790691
-22.13215315 318.59557606 -0.78978195
-22.57130365 317.71129519 -0.77380054
-22.99682912 316.81635997 -0.74496692
-23.43779260 315.90358093 -0.72682895
-23.86702306 315.00290607 -0.72428188
-24.30049084 314.09704647 -0.73163096
-24.73098187 313.20747667 -0.73598613
-25.17852922 312.28217843 -0.74735145
-25.63246426 311.37349483 -0.75706285
-26.09626568 310.46728407 -0.75563798
-26.54123090 309.57434642 -0.75173917
-26.97993428 308.70473203 -0.73427637
-27.43440232 307.79605958 -0.72184878
-27.86915495 306.92072564 -0.71666880
-28.30433228 306.04158716 -0.72124995
-28.73104861 305.16852583 -0.73009892
-29.15962923 304.32552618 -0.72997457
-29.59953155 303.46819391 -0.72632683
-30.03169147 302.62016467 -0.71888589
-30.45060733 301.80025245 -0.71943119
-30.87682785 300.98975915 -0.70796501
-31.27943892 300.19779614 -0.70647911
-31.70202042 299.40601100 -0.72090523
-32.10462323 298.63937176 -0.71290490
-32.47427356 297.87489008 -0.70407084
-32.84717357 297.11871769 -0.70944428
-33.23441895 296.39531193 -0.71387493
-33.59780458 295.69471825 -0.69195503
-33.94746931 294.98520616 -0.67100912
-34.29845864 294.27435696 -0.65978492
-34.65485797 293.60047573 -0.65119678
-35.05322350 292.89653439 -0.65347632
-35.44087693 292.21776478 -0.64260231
-35.81301242 291.55910029 -0.64005150
-36.17388944 290.93061799 -0.63802927
-36.51859897 290.34799865 -0.64143194
-36.85161959 289.79492480 -0.63112536
-37.20347582 289.26617345 -0.62487601
-37.54312910 288.76032165 -0.61045511
-37.86617146 288.27368813 -0.59790524
-38.13353922 287.80090322 -0.58476861
-38.39168381 287.32837637 -0.57891530
-38.62564688 286.88970384 -0.57187864
-38.86483322 286.46362082 -0.57235792
-39.09792313 286.02936784 -0.57629958
-39.31237516 285.62182156 -0.59178838
-39.52902330 285.19010522 -0.59694420
-39.74261955 284.80079020 -0.61206576
-39.97696594 284.41177502 -0.63209408
-40.15410190 284.10113072 -0.66697478
-40.37890433 283.76956235 -0.68249392
-40.54519548 283.48297284 -0.67874953
-40.66849378 283.17176078 -0.66816726
-40.73028833 282.85949978 -0.64593706
-40.78426798 282.47133868 -0.64419358
-40.85134836 282.06766516 -0.65892599
-40.95661791 281.66146293 -0.68303709
-40.98678212 281.25752598 -0.69043372
-41.02536760 280.87516997 -0.69678912
-40.97558788 280.46226283 -0.68664096
-41.01074053 279.93417370 -0.70320113
-40.95440286 279.50886394 -0.69974055
-40.85782666 279.11280034 -0.67928423
-40.72325362 278.72740153 -0.63814012
-40.57762169 278.18426920 -0.57684114
-40.35396877 277.61037020 -0.58377405
-40.11210722 276.89827009 -0.60300507
-39.90068212 276.24263104 -0.62953019
-39.58636380 275.61034181 -0.69435711
-39.19241863 275.06805261 -0.72815845
-38.84249691 274.47356101 -0.72855768
-38.44602704 273.95141959 -0.74096432
-38.08324152 273.56306041 -0.72771178
-37.72222714 273.27834273 -0.74465929
-37.20569963 273.02591227 -0.78306717
-36.65907028 272.79069021 -0.83028188
-36.10477094 272.52592271 -0.86712527
-35.42645158 272.11964327 -0.90082023
-34.82268846 271.61271264 -0.97896721
-34.27777634 271.18218861 -1.02980157
-33.63766649 270.86901424 -1.05364007
-33.03284134 270.45687991 -1.05704706
-32.38251724 270.03268955 -1.12412479
-31.69843608 269.71921570 -1.18751768
-30.99021480 269.30201024 -1.21969505
-30.21847138 268.89606375 -1.21468082
-29.51182949 268.44220221 -1.25573803
-28.75182961 268.12880925 -1.28551341
-27.93511783 267.82231577 -1.32016180
-27.33442558 267.32017527 -1.34667096
-26.80803650 266.82472126 -1.41092700
-26.09034321 266.24465340 -1.43211438
-25.42511520 265.73637103 -1.38487639
-24.65065217 265.37595990 -1.22642450
-23.80572731 265.03713567 -1.15432752
-22.98178877 264.56298681 -1.04584793
-22.38158645 264.09713527 -1.05228665
-21.72565785 263.56307595 -1.01128316
-21.01085397 263.14422027 -1.06772048
-20.21089609 262.75224404 -1.10880565
-19.37874931 262.54205207 -1.08094685
-18.58444456 262.16738090 -0.99188354
-17.85759632 261.68629799 -0.86590534
-17.30035963 261.17902186 -0.82674942
-16.65025295 260.62800072 -0.77905523
-15.89622896 260.16737222 -0.80163896
-15.12066197 259.68964389 -0.85143757
-14.23697811 259.33425389 -0.85309020
-13.30711923 259.07421289 -0.83634923
-12.52353778 258.70609242 -0.95842054
-11.79641525 258.35200103 -1.07475760
-11.01748743 258.21565181 -1.06862870
-10.33476444 257.91053360 -1.02500300
-9.57424531 257.57502232 -1.04430331
-8.79956288 257.21402403 -0.97901149
-8.08777978 256.62195040 -0.90969518
-7.27692252 256.15498101 -0.71554707
-6.45414962 255.66115815 -0.65152105
-5.81325190 255.19997642 -0.66662350
-5.16724665 254.71708418 -0.70097408
-4.34660682 254.24779427 -0.71923075
-3.45499900 253.87221925 -0.77325765
-2.68250571 253.40379063 -0.76356611
-1.93288830 253.05152524 -0.77232222
-1.17841265 252.66055055 -0.75257522
-0.38947655 252.32372700 -0.72580685
0.59596838 251.97294988 -0.73057687
1.33504183 251.64107625 -0.68015519
1.95005738 251.32528391 -0.62637404
2.57739293 250.90060162 -0.59607925
3.26820574 250.50393163 -0.59420650
3.75839956 250.27643193 -0.60658616
4.25485049 250.11831308 -0.64137484
4.99599734 250.03288188 -0.69768760
5.51129763 249.91284858 -0.68318263
5.85744074 249.61671575 -0.73232231
6.23648317 249.24896530 -0.79939310
6.76685264 248.91413153 -0.82897032
7.28448636 248.50832416 -0.87158988
7.86717763 248.06492108 -0.88323527
8.34267387 247.68789234 -0.89457966
8.67067661 247.45143732 -0.89913674
9.01550002 247.16415648 -0.88969765
9.49333314 246.88464775 -0.92227108
9.95140257 246.62625807 -0.96318607
10.37565396 246.31220633 -0.98516100
10.81759643 246.01047470 -0.99580888
11.29761676 245.72377068 -1.01324570
11.76039095 245.42175889 -1.04246168
12.22991378 245.11937527 -1.05914360
12.71297552 244.88400999 -1.06582292
13.12772704 244.63112365 -1.05743105
13.51529642 244.40926036 -1.07792027
13.91186910 244.23668452 -1.11577764
14.37617683 244.03987287 -1.13495242
14.87034332 243.88185497 -1.13258744
15.31022044 243.70611156 -1.12619278
15.73439329 243.60524138 -1.11376214
16.17919649 243.51626138 -1.10321793
16.64291291 243.43141092 -1.10749942
17.13265061 243.36800390 -1.11915374
17.59352670 243.32020033 -1.13268154
18.07027797 243.28100076 -1.14777699
18.57675289 243.26654585 -1.16676617
19.11221337 243.26892432 -1.18785265
19.60289895 243.28348876 -1.19364307
20.09245068 243.31361915 -1.20509739
20.57666263 243.36946544 -1.21699343
21.03500931 243.48296641 -1.20102016
21.49737328 243.60713688 -1.20197372
21.93535950 243.76569076 -1.19826187
22.36495825 243.91573287 -1.19587721
22.80326861 244.11153269 -1.19058314
23.22314384 244.35636888 -1.18731002
23.62907856 244.64309374 -1.19495491
24.04461275 244.93575673 -1.19782991
24.44441407 245.26397417 -1.19677899
24.81416209 245.63770908 -1.18883268
25.17723700 246.04021209 -1.17609604
25.53347427 246.40245783 -1.16859129
25.87901311 246.76572877 -1.17570240
26.21925285 247.09834344 -1.18887800
26.57283709 247.45575922 -1.18968664
26.90736776 247.81680824 -1.19199191
27.24429353 248.18240610 -1.19717329
27.58906378 248.54900261 -1.19407932
27.93540723 248.90600340 -1.19672526
28.27679121 249.26205908 -1.19623376
28.63929784 249.61483279 -1.18605510
28.97544314 249.96126885 -1.17433896
29.30713463 250.28264667 -1.16319400
29.64893366 250.59054292 -1.15170011
29.98392246 250.86812485 -1.14217757
30.34788608 251.13126926 -1.13858695
30.70922205 251.39701305 -1.13904047
31.06866357 251.65918479 -1.15621859
31.41794127 251.88368373 -1.16709894
31.80335620 252.09247636 -1.18915463
32.15912168 252.24697893 -1.19707943
32.51514166 252.36011626 -1.19071838
32.88023713 252.46786091 -1.18903410
33.24589230 252.54052873 -1.19669961
33.60825532 252.58392208 -1.20306881
33.96524905 252.60042986 -1.20899210
34.32259753 252.62458548 -1.21249530
34.68542829 252.62343318 -1.22773655
35.07069571 252.59668514 -1.23817011
35.46657501 252.55661455 -1.24961935
35.87011780 252.48089526 -1.24418476
36.26940575 252.38995199 -1.24030910
36.70398582 252.27174644 -1.24969430
37.13108625 252.14164683 -1.25876601
37.58770456 251.99645940 -1.27084587
38.05106678 251.83539177 -1.28430379
38.53325911 251.65355819 -1.29711257
39.01058709 251.47221555 -1.31530799
39.50172201 251.27328483 -1.32934436
39.98234446 251.07446998 -1.32817751
40.48984012 250.83887737 -1.34039548
41.00870242 250.58745352 -1.34170995
41.54980722 250.32617321 -1.34188295
42.10408458 250.05668992 -1.33646818
42.67238896 249.77192033 -1.33589072
43.26047547 249.49109518 -1.34746634
43.83861403 249.21178280 -1.35442236
44.42654207 248.91629157 -1.36865040
45.03826046 248.60105531 -1.37854209
45.67697926 248.28786193 -1.39371423
46.31155676 247.96481808 -1.39460378
46.96871350 247.64079558 -1.39800587
47.61916681 247.30948428 -1.39828961
48.30122738 246.96475565 -1.40174700
49.00332132 246.60770957 -1.39446175
49.70515132 246.24257934 -1.39648138
50.40590193 245.86988792 -1.39706812
51.14082972 245.48665139 -1.39045272
51.86561012 245.09433974 -1.38640132
52.58720827 244.70419738 -1.38454537
53.36771800 244.30718592 -1.37467753
54.09672472 243.91978032 -1.37188900
54.86350475 243.51642979 -1.37195697
55.66258554 243.10674727 -1.37007913
56.43783358 242.69779213 -1.36230997
57.19403180 242.28774751 -1.35630559
57.97789292 241.86540895 -1.35057729
58.75120146 241.44588934 -1.34904831
59.55425464 241.01357809 -1.33861382
60.35335508 240.58003652 -1.33885804
61.15878771 240.14570612 -1.34239690
61.93457892 239.73661304 -1.33848326
62.74485982 239.31654540 -1.33856927
63.53718584 238.90928577 -1.32560902
64.35359479 238.48901538 -1.33086514
65.13870062 238.07655617 -1.33174639
65.95931709 237.66550461 -1.32150525
66.77999246 237.23879256 -1.31961165
67.57369741 236.81806237 -1.31604546
68.40060483 236.38793591 -1.31464105
69.18622989 235.98133062 -1.30382156
69.99970681 235.56806984 -1.29991677
70.77099126 235.17220258 -1.31039667
71.54295725 234.77808968 -1.32110374
72.30014593 234.38699465 -1.32442248
73.06207353 233.99290306 -1.30781173
73.83364641 233.59987508 -1.29184208
74.58043649 233.21501951 -1.27720011
75.31709980 232.83708870 -1.28361254
76.06264375 232.46390498 -1.28506307
76.79653775 232.08786734 -1.28599812
77.53705666 231.70949578 -1.27396006
78.27572621 231.33863085 -1.25927201
79.01918931 230.96585522 -1.25153732
79.78740595 230.59301253 -1.24363735
80.54208033 230.22215169 -1.24890273
81.30335128 229.85254490 -1.26223183
82.08208234 229.47134881 -1.24537645
82.83281643 229.10871859 -1.23917750
83.56777217 228.74450267 -1.23883973
84.29681677 228.40025809 -1.24143012
84.97983812 228.04178366 -1.23698799
85.64660750 227.74188372 -1.23953173
86.31299895 227.42156315 -1.23924317
86.94417808 227.11339223 -1.24938187
87.59427075 226.81643241 -1.25407596
88.26409594 226.50427010 -1.26007344
88.92360217 226.20455741 -1.26018573
89.56797216 225.90857893 -1.26254789
90.16276190 225.60837782 -1.27082602
90.80882713 225.31784827 -1.27420381
91.44314313 225.02071134 -1.28618799
92.06614204 224.73164466 -1.28416190
92.67666740 224.44913277 -1.30191382
93.27129605 224.15316053 -1.29523812
93.86105976 223.87137120 -1.31543336
94.44281620 223.57287358 -1.32452179
94.99663058 223.30224968 -1.33483028
95.54679335 223.03951757 -1.33079348
96.05388331 222.79433406 -1.32208375
96.55172315 222.55937378 -1.32823884
97.00685364 222.33512053 -1.33026128
97.43081868 222.10994909 -1.33419843
97.86557416 221.88101439 -1.33649352
98.28496547 221.66509612 -1.34233599
98.68761339 221.45377150 -1.34350566
99.08002866 221.22893515 -1.35008872
99.42371808 221.02827241 -1.33992180
99.78040881 220.82227740 -1.34393649
100.11736693 220.64037482 -1.34094828
100.43882611 220.44763110 -1.34328594
100.75981383 220.26956938 -1.35693755
101.04801956 220.08558856 -1.36288838
101.33355883 219.89450299 -1.36737528
101.58777219 219.72563117 -1.36615107
101.82880592 219.56392830 -1.35656936
102.04192039 219.41188785 -1.35647436
102.26486655 219.27494304 -1.36402890
102.44510631 219.16176521 -1.37278501
102.61071246 219.04612300 -1.37298377
102.76335472 218.92414348 -1.38006763
102.90145426 218.79938570 -1.38801793
103.05601378 218.69238453 -1.39791653
103.18109354 218.57803301 -1.38422224
103.30853781 218.45896376 -1.38171132
103.43065380 218.32679417 -1.38378244
103.55226283 218.20114639 -1.37989597
103.65921241 218.10146318 -1.38874142
103.81037670 217.98981188 -1.39782883
103.93928033 217.85860858 -1.39510421
104.06126456 217.72431371 -1.39344092
104.19852973 217.58599799 -1.40230297
104.34133495 217.43367272 -1.40393243
104.50124437 217.24815648 -1.40208784
104.65449445 217.04525302 -1.40878440
104.81897534 216.79943084 -1.43691772
105.00373759 216.57444128 -1.43513156
105.17394225 216.32195283 -1.43488218
105.36171087 216.07115179 -1.43293104
105.52784986 215.75481813 -1.45920468
105.68688775 215.41986614 -1.46774492
105.82912811 215.03919423 -1.47519700
105.95477435 214.67062430 -1.49414109
106.05293945 214.29323197 -1.49349937
106.15108363 213.90563666 -1.49645026
106.24031857 213.45764991 -1.49239534
106.29254789 213.01139045 -1.48091490
106.33161696 212.52895450 -1.46557531
106.34464043 212.04214376 -1.44972544
106.31816520 211.52787115 -1.43506640
106.26625785 210.98115521 -1.42146543
106.17636990 210.43305150 -1.39780820
106.04012383 209.85319117 -1.36434848
105.88312587 209.23760357 -1.33204210
105.69647694 208.65689688 -1.31052979
105.47785607 208.05355697 -1.29361229
105.24822339 207.43926368 -1.28010387
104.97421150 206.80361191 -1.26078658
104.68254777 206.12102519 -1.23586157
104.38688702 205.46441188 -1.22968883
104.06514662 204.80696266 -1.21624940
103.72070326 204.14645950 -1.19960539
103.37176076 203.45729645 -1.18047047
103.01298654 202.75274428 -1.15778213
102.62554430 202.03477862 -1.14734594
102.21731767 201.29645494 -1.13893800
101.81628893 200.58111397 -1.12092929
101.40711243 199.82150176 -1.11450331
100.99520198 199.04992739 -1.10346744
100.58576739 198.29790903 -1.09049058
100.14420831 197.48425419 -1.07142638
99.70837567 196.67389718 -1.05627104
99.24667938 195.79849098 -1.04363660
98.75703820 194.91520432 -1.03390873
98.28238205 194.05168657 -1.01278180
97.82019064 193.17887897 -0.99250233
97.36426306 192.28572784 -0.97176730
96.88885038 191.39017274 -0.96292691
96.40238236 190.43401191 -0.94184858
95.91326730 189.47835506 -0.93624252
95.43596689 188.52344132 -0.91799998
94.93480210 187.52746176 -0.90059345
94.42902089 186.54580746 -0.88863762
93.93484820 185.55655672 -0.87052664
93.42376450 184.54504585 -0.84492701
92.93509446 183.54307810 -0.81793484
92.44029626 182.56996947 -0.80290201
91.94320010 181.55613678 -0.79184955
91.45529445 180.53856239 -0.76831950
90.97229537 179.51433462 -0.75239827
90.46533505 178.51600235 -0.73190711
89.97872432 177.50861249 -0.70612576
89.48852095 176.51272905 -0.68497118
89.00060255 175.50675822 -0.66461086
88.51717633 174.50367673 -0.63823709
88.02162483 173.49271834 -0.61959051
87.51119529 172.43312155 -0.59681858
86.98481824 171.37648962 -0.58597746
86.44483932 170.31891659 -0.57458275
85.91446977 169.26006338 -0.56561254
85.38190475 168.20290895 -0.54671011
84.83168257 167.12368448 -0.52286491
84.27106551 166.05131183 -0.51057098
83.72637248 164.99816233 -0.51152562
83.17710054 163.92740818 -0.50792139
82.62440330 162.83999903 -0.50589709
82.05967355 161.74603383 -0.50583016
81.45832129 160.62732124 -0.50292278
80.87301203 159.51354775 -0.49564849
80.28320452 158.39343377 -0.49884773
79.72539755 157.30723765 -0.49217325
79.15935391 156.20801454 -0.47864729
78.58245576 155.09737203 -0.46837138
77.97236962 153.96796241 -0.45912448
77.36429021 152.82084114 -0.47365165
76.77199593 151.69865066 -0.48119334
76.16998167 150.58610005 -0.46845627
75.55526317 149.46527685 -0.46149722
74.97041253 148.33708115 -0.45407585
74.36905179 147.22425407 -0.43349352
73.77741466 146.10333171 -0.43067644
73.18509740 144.99335140 -0.43512620
72.59909287 143.87132881 -0.42969534
71.98309464 142.73943464 -0.43126117
71.38823676 141.59147238 -0.42442821
70.80979373 140.47840578 -0.42309007
70.25386858 139.38168468 -0.40520662
69.68886411 138.27317024 -0.38701232
69.08133046 137.15792106 -0.37727713
68.48946217 136.03576787 -0.37107723
67.87313395 134.85834476 -0.36591856
67.25386217 133.68386499 -0.36174056
66.64882780 132.53682264 -0.36124845
66.07158517 131.42526547 -0.35570188
65.50456141 130.29135216 -0.36007471
64.93235730 129.15389684 -0.35261275
64.34969592 128.02710530 -0.35895049
63.76309356 126.88786311 -0.36245895
63.18142555 125.76518313 -0.36203321
62.58794727 124.62703745 -0.36143385
62.01709501 123.52113067 -0.37232011
61.44055263 122.39630853 -0.37983297
60.87306408 121.29012269 -0.38553526
60.32366292 120.19826507 -0.38275530
59.77991654 119.10445936 -0.37791620
59.23193634 118.03589474 -0.37638656
58.68517208 116.95494542 -0.37638828
58.14003766 115.86082215 -0.37796759
57.61545375 114.78623360 -0.37967189
57.07274212 113.70039949 -0.37896575
56.53811709 112.61346670 -0.36854656
56.01172186 111.54926438 -0.36550173
55.49529502 110.50851222 -0.35802185
54.99657824 109.48641008 -0.35412947
54.49259390 108.49387013 -0.33469238
53.99054429 107.50694039 -0.32367906
53.48193359 106.48330935 -0.31906118
52.98245794 105.49919412 -0.31580797
52.51054666 104.56717205 -0.30871571
52.06563284 103.68158268 -0.29782376
51.60935316 102.79574691 -0.28284469
51.17045333 101.93353505 -0.27883290
50.76188197 101.09067988 -0.26493567
50.34401518 100.23679798 -0.25090584
49.94286437 99.43013472 -0.23649606
49.55536037 98.61703334 -0.22443718
49.13166727 97.81558688 -0.21605534
48.73279592 97.04964189 -0.20898297
48.33105635 96.29953698 -0.20050051
47.94239940 95.54861688 -0.19821578
47.56800561 94.84130892 -0.19185076
47.22815016 94.17090929 -0.19544311
46.87807683 93.49617262 -0.19192904
46.52009418 92.83726018 -0.20310151
46.21663540 92.21631373 -0.19784766
45.93743994 91.59645311 -0.19503113
45.66209733 90.98958328 -0.18722672
45.41653895 90.40291201 -0.18493796
45.21430561 89.82132647 -0.17877302
45.02336001 89.27611758 -0.17542114
44.84346504 88.71548156 -0.16536524
44.69379839 88.15526358 -0.14968316
44.56539366 87.63955451 -0.13830491
44.46402419 87.10816080 -0.12630243
44.38576079 86.57179501 -0.11085235
44.34118610 86.06482563 -0.11732731
44.33992221 85.53723930 -0.11526744
44.34949218 85.02325620 -0.12191952
44.40380461 84.51364870 -0.13363485
44.46122722 84.01754459 -0.13789206
44.54540107 83.50211278 -0.14448434
44.65361089 83.01213205 -0.14655396
44.81122445 82.54154094 -0.14451586
44.95601739 82.07969026 -0.12602026
45.16524125 81.63462051 -0.12652024
45.40191434 81.20053932 -0.14147154
45.62867479 80.76596147 -0.14862820
45.87957401 80.35834693 -0.17158614
46.15637543 79.98068740 -0.17663934
46.47721995 79.60657645 -0.18633718
46.80065115 79.27947636 -0.19366537
47.14510058 78.94480361 -0.21570736
47.52606789 78.61547739 -0.22163676
47.92357886 78.26945032 -0.22066204
48.35122764 77.93011576 -0.21544882
48.76940284 77.62915267 -0.21935116
49.22220540 77.30925654 -0.22899541
49.67429220 76.99740290 -0.24545626
50.16370965 76.65102705 -0.24273371
50.67842280 76.31715701 -0.24159975
51.16334599 76.00498095 -0.25544785
51.65957878 75.67041503 -0.26573534
52.15593248 75.33516370 -0.26194622
52.68456368 75.00320746 -0.26399718
53.23065219 74.65353336 -0.25886892
53.76689902 74.31469716 -0.26932949
54.32456688 73.94878787 -0.27168711
54.90061155 73.59218932 -0.27322263
55.48370145 73.22714714 -0.27502241
56.06721183 72.84205232 -0.26864182
56.65763286 72.46994995 -0.26897995
57.29130806 72.06255791 -0.27276549
57.92689885 71.66775959 -0.27586028
58.57212167 71.25803747 -0.27289967
59.26034787 70.83150437 -0.28966054
59.94775412 70.41358619 -0.29328503
60.66171888 70.00936479 -0.30936921
61.40980401 69.60601899 -0.32514385
62.15050238 69.19164416 -0.33068343
62.91738991 68.80881127 -0.34264455
63.64928474 68.42117773 -0.35782181
64.41616381 68.04529468 -0.35472738
65.19433869 67.65520585 -0.34907435
65.96867177 67.28236212 -0.34958694
66.75136052 66.90959960 -0.33963697
67.55312341 66.53482273 -0.33766787
68.32895560 66.15800141 -0.32645720
69.10376059 65.79203264 -0.32730728
69.83575364 65.41893259 -0.33428206
70.59893926 65.03075665 -0.34231360
71.34385243 64.64670366 -0.33264020
72.08128230 64.26379874 -0.32713808
72.79207440 63.85773674 -0.32579980
73.52929868 63.43425467 -0.33476819
74.25079709 63.00133787 -0.33957230
74.97645145 62.56490350 -0.34848456
75.71867945 62.12372207 -0.36386703
76.43560425 61.66485106 -0.37291008
77.15090884 61.19037806 -0.38015110
77.87062573 60.69789069 -0.40067369
78.57590440 60.21557978 -0.41632554
79.28664380 59.72425212 -0.42582609
80.02434891 59.21764666 -0.44273074
80.78449274 58.71810560 -0.46063569
81.54008452 58.20963561 -0.46307247
82.27082860 57.69600237 -0.47375243
83.00135297 57.21088739 -0.47781949
83.72462960 56.71420753 -0.49098037
84.42912041 56.23283940 -0.49270459
85.15817907 55.74588939 -0.50047129
85.88535537 55.25638273 -0.49989998
86.61667966 54.76456864 -0.50404293
87.33733394 54.26768140 -0.49657073
88.06971028 53.77058089 -0.49588926
88.78165327 53.26857456 -0.49348099
89.53197522 52.74376740 -0.49808180
90.25752755 52.20585760 -0.49515277
90.95793818 51.65984851 -0.49114629
91.64843725 51.07405198 -0.47467187
92.34698481 50.47379478 -0.46376192
93.00121307 49.88132578 -0.46449675
93.60977834 49.29052662 -0.45839817
94.23202303 48.67982688 -0.45609133
94.83961904 48.06132749 -0.45299998
95.43608659 47.41269190 -0.44133747
96.00484993 46.78335202 -0.43438210
96.58183247 46.11746763 -0.44136611
97.15275365 45.44893199 -0.42893329
97.73812860 44.75057754 -0.42340436
98.28846623 44.06398454 -0.42804373
98.83470889 43.37560373 -0.44483545
99.36444163 42.70689150 -0.47240421
99.91794844 42.02893888 -0.49309012
100.48388010 41.32805250 -0.49714629
101.07160520 40.60568443 -0.48782567
101.66082203 39.88567205 -0.48717329
102.24408131 39.17242493 -0.47637949
102.82779705 38.47680790 -0.48849324
103.41604935 37.73517761 -0.49363265
104.00838348 36.98150261 -0.50236968
104.56158246 36.22749153 -0.52145069
105.15084477 35.43439701 -0.53144614
105.72098072 34.60403525 -0.55059640
106.27589972 33.78616423 -0.56618471
106.79214523 32.98543733 -0.57329034
107.30668283 32.18080988 -0.56427093
107.83548803 31.34199512 -0.56159411
108.35585771 30.50324162 -0.54901361
108.87724041 29.66973146 -0.55361311
109.37106296 28.84158348 -0.54840190
109.87176615 28.02723378 -0.54077550
110.38086466 27.19529874 -0.52847638
110.86982108 26.38464296 -0.51268452
111.38648622 25.56906500 -0.50206094
111.88564549 24.74256995 -0.49624954
112.39815734 23.90357194 -0.48461993
112.89777758 23.08473773 -0.48187861
113.39049866 22.24983049 -0.47626077
113.87140200 21.40413139 -0.46247019
114.33351645 20.56270879 -0.45658040
114.77815333 19.72077899 -0.45569073
115.21592624 18.88962927 -0.45389697
115.65756233 18.01315551 -0.46022916
116.06048127 17.16643935 -0.46390976
116.47074604 16.29600481 -0.47152692
116.84685128 15.43806665 -0.46102667
117.22116540 14.56987919 -0.45797053
117.56607624 13.69484990 -0.45858330
117.91065736 12.82112995 -0.45749311
118.23408830 11.93545051 -0.45854854
118.53836907 11.08427790 -0.44747899
118.83341533 10.22410589 -0.43758968
119.12439235 9.36848098 -0.42698955
119.42809399 8.50904058 -0.42212171
119.70235480 7.67827751 -0.42354903
119.97884233 6.87659281 -0.41989160
120.25250168 6.05866273 -0.41900791
120.51221516 5.28519283 -0.41815961
120.77877386 4.55227685 -0.41770924
121.04823134 3.85381424 -0.40805334
121.32243252 3.13551725 -0.40045506
121.57665719 2.46667852 -0.39196669
121.82656938 1.80686589 -0.39114622
122.10326449 1.14651588 -0.37815287
122.36070672 0.52646771 -0.37786519
122.60415489 -0.08783118 -0.37476519
122.84865273 -0.72617019 -0.37279023
123.10117261 -1.35771657 -0.37242034
123.34401047 -1.99781543 -0.36680183
123.58129655 -2.62951828 -0.36398008
123.82413763 -3.26413963 -0.33864611
124.06442967 -3.87841298 -0.34062812
124.30127222 -4.50424222 -0.35247797
124.51360334 -5.12949261 -0.37260848
124.75482983 -5.76656037 -0.38065003
124.99093259 -6.41095640 -0.38856189
125.22762698 -7.07125595 -0.38625434
125.45019649 -7.71639985 -0.39835028
125.67809245 -8.39511516 -0.39440958
125.89513684 -9.07979404 -0.39277183
126.13868384 -9.78218151 -0.37786376
126.38062931 -10.48835199 -0.38420288
126.61721379 -11.17579018 -0.37783752
126.88621408 -11.87456621 -0.38840058
127.16213630 -12.57963799 -0.39963101
127.45642792 -13.28170944 -0.40547813
127.74630769 -13.99629032 -0.41037799
128.06781324 -14.71835559 -0.41997397
128.37765559 -15.45496664 -0.44383926
128.68206375 -16.20210885 -0.46259593
129.00947059 -16.96784402 -0.47146945
129.33729607 -17.74998146 -0.46803618
129.67580714 -18.55185207 -0.45181922
130.02631833 -19.36076614 -0.47351997
130.37853712 -20.17936769 -0.47036401
130.73030992 -20.99058759 -0.47031397
131.09600422 -21.84455562 -0.47825746
131.45440452 -22.69484896 -0.47870960
131.81355102 -23.56156982 -0.47225231
132.18405386 -24.42862430 -0.47947530
132.55453013 -25.30690896 -0.48894751
132.93168954 -26.18532937 -0.50399880
133.29757142 -27.07766126 -0.50928671
133.67257283 -27.96115185 -0.50473861
134.04488164 -28.86574664 -0.50274636
134.41482844 -29.74926470 -0.50438402
134.79198128 -30.63165866 -0.51888034
135.15315499 -31.49735106 -0.53203009
135.52669734 -32.38544826 -0.54958777
135.89580666 -33.27637491 -0.56253185
136.25699669 -34.17330438 -0.56641837
136.62113761 -35.06190043 -0.56382490
136.98098767 -35.94521058 -0.56849648
137.35202701 -36.83333754 -0.58242489
137.70754608 -37.71588329 -0.57948088
138.09239463 -38.59371734 -0.57225223
138.49473311 -39.47630743 -0.58357924
138.88767907 -40.36655891 -0.58390734
139.28663502 -41.25393185 -0.59089222
139.66504478 -42.13184619 -0.60919908
140.03890961 -42.99990072 -0.61374412
140.42120760 -43.86250024 -0.66118764
140.77703004 -44.71163545 -0.67056269
141.14473591 -45.57879294 -0.68691403
141.51165477 -46.44266594 -0.70037323
141.87174879 -47.30288874 -0.70403366
142.24452744 -48.16916253 -0.69684688
142.60577333 -49.03033889 -0.70166017
142.96778123 -49.88903207 -0.69415937
143.32964771 -50.74033731 -0.69987757
143.68425128 -51.57616330 -0.69931998
144.03844011 -52.40703788 -0.70711237
144.39150481 -53.22460328 -0.71079728
144.73854316 -54.03746445 -0.70776989
145.07332875 -54.83555447 -0.70479668
145.38598387 -55.61028308 -0.70850971
145.69497980 -56.37516295 -0.71828585
145.98523615 -57.12719098 -0.71962945
146.27201716 -57.87434617 -0.70111462
146.56090823 -58.60629537 -0.67243151
146.84321501 -59.31683539 -0.66256146
147.11817317 -60.00649353 -0.66056691
147.37091845 -60.65227656 -0.66707946
147.61844339 -61.29345562 -0.66489536
147.84806629 -61.91234506 -0.66784558
148.06842781 -62.51798351 -0.66005144
148.27814111 -63.09170140 -0.64339417
148.48272168 -63.65683608 -0.63090413
148.69912001 -64.20532038 -0.62265289
148.92197341 -64.74123366 -0.61154718
149.15641130 -65.26917010 -0.60482843
149.41247669 -65.77575532 -0.59400625
149.69299442 -66.27763144 -0.58992335
149.97997214 -66.73092904 -0.58012485
150.28870275 -67.19283552 -0.57757094
150.61389367 -67.63457300 -0.56711061
150.95765554 -68.05768040 -0.56277565
151.32909670 -68.47706445 -0.56123235
151.71900846 -68.88946335 -0.55747772
152.13277372 -69.29105883 -0.55492534
152.56122594 -69.66535314 -0.54032358
153.02076448 -70.02116513 -0.52857582
153.49474308 -70.37935445 -0.52646722
153.97459238 -70.71515651 -0.52435316
154.48410000 -71.05722352 -0.52347721
155.02080381 -71.37917399 -0.52707727
155.54365530 -71.70297093 -0.54337011
156.08860962 -72.02470073 -0.55281617
156.62635776 -72.34741137 -0.56180799
157.18240390 -72.67860608 -0.57508681
157.76000336 -73.02023347 -0.58614627
158.32652323 -73.36947187 -0.59273288
158.89825226 -73.72860632 -0.59169941
159.48057814 -74.09383925 -0.60382863
160.04507325 -74.45301244 -0.61207560
160.63399981 -74.82871408 -0.62676299
161.22886087 -75.22189169 -0.63340856
161.82532145 -75.61835019 -0.62341162
162.46699020 -76.03180141 -0.61926233
163.06866150 -76.43061810 -0.61288937
163.67078297 -76.84940745 -0.62172221
164.26595318 -77.27572683 -0.62796684
164.84898977 -77.68485204 -0.62054442
165.47248618 -78.11931718 -0.61410068
166.09141254 -78.54114795 -0.60601489
166.73661660 -78.97374606 -0.60862459
167.34361480 -79.40829526 -0.60224070
167.94908262 -79.84753534 -0.60631478
168.60342671 -80.28867911 -0.60661678
169.26674812 -80.73436710 -0.62480978
169.90724238 -81.19514590 -0.64071558
170.62846175 -81.67016193 -0.66211846
171.27022353 -82.11926912 -0.67648277
171.88331937 -82.54389603 -0.68318509
172.49595903 -82.97762266 -0.68736296
173.12712348 -83.41037432 -0.69603387
173.78216377 -83.86922066 -0.70561606
174.43031249 -84.32691202 -0.70077490
175.05267556 -84.77076131 -0.69969593
175.74197142 -85.24176734 -0.71557509
176.38233741 -85.70247342 -0.71989187
177.05415623 -86.16564402 -0.72039494
177.69373412 -86.63108289 -0.71266994
178.38236884 -87.11598269 -0.70518280
179.07826878 -87.60010360 -0.70177308
179.80428588 -88.09695863 -0.69708221
180.47609638 -88.57454511 -0.68336821
181.16377683 -89.06495741 -0.68066992
181.84325135 -89.54909272 -0.68039216
182.52150931 -90.04226137 -0.68194916
183.20533359 -90.54005047 -0.67500759
183.91064222 -91.02583649 -0.67387981
184.61664073 -91.51829357 -0.66303600
185.32393683 -92.00491805 -0.66483119
186.02756223 -92.48884449 -0.66439881
186.72755349 -92.98465482 -0.66291145
187.42382684 -93.47242056 -0.67981322
188.12721442 -93.96059783 -0.69248465
188.82885164 -94.45066673 -0.67480399
189.52936547 -94.94648412 -0.65776620
190.22254469 -95.42359027 -0.64977469
190.92129475 -95.90586970 -0.65611983
191.60264689 -96.38550955 -0.67180510
192.29780786 -96.87462817 -0.67194582
192.98532205 -97.37534095 -0.66482295
193.69280038 -97.87706533 -0.65445086
194.39740653 -98.38007215 -0.65492346
195.09503192 -98.88542523 -0.65656870
195.78614050 -99.38250952 -0.66218459
196.49151252 -99.90118485 -0.66468956
197.17223889 -100.39462701 -0.65960538
197.87067128 -100.88710837 -0.65385105
198.56216053 -101.38302128 -0.64614256
199.26630991 -101.86848613 -0.64514947
199.97706078 -102.36770953 -0.65100866
200.68140981 -102.85860150 -0.65654275
201.40847447 -103.37459554 -0.65355831
202.16612299 -103.89734867 -0.66073871
202.91054213 -104.42609475 -0.66582754
203.65469440 -104.96198896 -0.65038716
204.40303437 -105.50680582 -0.65424149
205.14057845 -106.04032673 -0.67408480
205.85777392 -106.57503793 -0.66824196
206.59750454 -107.10107203 -0.65797912
207.33996964 -107.62363601 -0.64923213
208.06903879 -108.14243985 -0.65013497
208.81033256 -108.66648630 -0.65710093
209.52795611 -109.17709795 -0.66715521
210.23166000 -109.69888376 -0.67510038
210.95911870 -110.23489183 -0.66637761
211.68410405 -110.75278925 -0.66166414
212.40892633 -111.27480512 -0.65106624
213.13074060 -111.79338878 -0.64031589
213.83365495 -112.30535777 -0.63896038
214.53558714 -112.81649480 -0.64369841
215.24569882 -113.32383828 -0.63069032
215.95877608 -113.83408386 -0.62194101
216.63395980 -114.31374204 -0.60495042
217.30949572 -114.78206044 -0.60389674
217.97620420 -115.25844744 -0.60941502
218.66272232 -115.74493136 -0.59689062
219.35037307 -116.23368361 -0.57730940
220.02629666 -116.70678889 -0.55786956
220.67253379 -117.17456996 -0.55676926
221.33900861 -117.64329189 -0.55486728
221.99380701 -118.09151900 -0.55809179
222.64247528 -118.53482431 -0.55206424
223.28609894 -118.97828217 -0.54208746
223.90852445 -119.40814967 -0.52902317
224.51063948 -119.82264000 -0.51872286
225.10447928 -120.24144801 -0.51743417
225.68928245 -120.64080991 -0.52518538
226.27863916 -121.05553778 -0.52570942
226.85658484 -121.46086242 -0.52325221
227.44413885 -121.86672547 -0.51482138
228.01619139 -122.28163812 -0.50780627
228.58578427 -122.66948859 -0.50289656
229.12908990 -123.05823359 -0.49809248
229.66144981 -123.44225590 -0.50301044
230.18373082 -123.82032413 -0.49583377
230.69885929 -124.20470561 -0.49048677
231.19382298 -124.59719647 -0.48630689
231.67959131 -124.97982555 -0.47435330
232.12977100 -125.35655580 -0.46113558
232.58283190 -125.73659828 -0.45292892
233.01087238 -126.09849032 -0.45366609
233.43222594 -126.46454186 -0.45102625
233.81660045 -126.80537455 -0.44564724
234.19087490 -127.13151574 -0.44202396
234.54170754 -127.44623237 -0.43704345
234.87643486 -127.76484984 -0.43575674
235.18547403 -128.06074629 -0.43253275
235.48626549 -128.33718948 -0.42202302
235.75403902 -128.59183866 -0.41105902
236.02188683 -128.83321149 -0.40874201
236.26420171 -129.04419597 -0.41105025
236.50418565 -129.26311469 -0.40357173
236.75045537 -129.47550664 -0.40616018
236.95836746 -129.65400883 -0.40069734
237.16478826 -129.82413227 -0.40396735
237.36528889 -129.99077364 -0.39692166
237.57669737 -130.16629833 -0.40285932
237.78975745 -130.30640063 -0.40433104
237.99677435 -130.44801131 -0.40250446
238.18948176 -130.56931337 -0.39644630
238.39553547 -130.67886496 -0.40428061
238.60128417 -130.79321794 -0.39781022
238.81457448 -130.88850280 -0.39242768
239.02496116 -130.97807734 -0.38455769
239.23754764 -131.06132813 -0.38532726
239.47150478 -131.14403022 -0.39214570
239.70398157 -131.20928337 -0.38974083
239.96342070 -131.27356046 -0.39305011
240.22782381 -131.32952960 -0.40165647
240.49050154 -131.38302708 -0.40288285
240.78683099 -131.41344330 -0.40591217
241.08660859 -131.42016731 -0.39676296
241.37823607 -131.38746198 -0.39793008
241.68361873 -131.32101690 -0.39130714
242.00943552 -131.26247395 -0.40444550
242.34705746 -131.16876704 -0.41162429
242.68240900 -131.07460559 -0.41327477
243.02213837 -130.93975882 -0.41432987
243.35172409 -130.78169944 -0.40128217
243.69345169 -130.57634886 -0.40424479
244.03906132 -130.36285042 -0.41311972
244.39606091 -130.11763006 -0.41099281
244.77251827 -129.82933240 -0.42557690
245.13904788 -129.52885074 -0.43461324
245.52668243 -129.19458251 -0.44802656
245.93956365 -128.84513904 -0.45521826
246.35886280 -128.44308906 -0.45851993
246.75418384 -128.04541557 -0.45588736
247.17145634 -127.62347023 -0.46808995
247.60251904 -127.16285433 -0.48840999
248.01690818 -126.68951503 -0.47691542
248.40364299 -126.19665377 -0.46565134
248.80814361 -125.67607509 -0.48346339
249.20560878 -125.12943498 -0.49930723
249.61994628 -124.52954230 -0.50801849
250.02591578 -123.91041739 -0.48629964
250.45032323 -123.28138838 -0.46495919
250.86829490 -122.64033588 -0.44453725
251.27435805 -121.98646836 -0.44510057
251.67894041 -121.32547842 -0.44896243
252.10828640 -120.62651291 -0.44639450
252.55137714 -119.93328854 -0.46232266
253.00683205 -119.19228070 -0.47226219
253.50537829 -118.42157273 -0.48089739
253.98647206 -117.61582095 -0.51008124
254.47096306 -116.80238843 -0.53697373
255.00065774 -116.02285296 -0.54509849
255.49725242 -115.28779072 -0.55319986
256.00269164 -114.49651796 -0.57542851
256.50640220 -113.72567069 -0.60564255
257.02995571 -112.98566029 -0.59723111
257.51119137 -112.22872280 -0.62057477
258.04186519 -111.42494891 -0.64250594
258.59913790 -110.59777229 -0.64677230
259.15778728 -109.76839846 -0.65100205
259.70037268 -108.93089474 -0.66768502
260.24739151 -108.06834919 -0.67602020
260.81221466 -107.20127710 -0.71580172
261.35920530 -106.35471625 -0.73330142
261.90637860 -105.49782640 -0.74283118
262.43589331 -104.63451228 -0.72796542
262.94955398 -103.75837283 -0.73391790
263.51897015 -102.96270992 -0.72105457
264.06197395 -102.03705290 -0.76300779
264.60378214 -101.18332166 -0.78467130
265.14750474 -100.31180873 -0.79322080
265.73872562 -99.56131562 -0.81760403
266.27168964 -98.66907973 -0.86593691
266.86486479 -97.85644545 -0.92523869
267.40321610 -96.92325697 -0.85470632
267.94511923 -96.10477706 -0.87363040
268.47098671 -95.27467408 -0.87386883
269.01849353 -94.32632794 -0.86319336
269.57391342 -93.45488627 -0.88580712
270.13614010 -92.48848696 -0.88962880
270.67083461 -91.60491122 -0.92947000
271.28624464 -90.75954408 -0.97092507
271.79053110 -89.88386650 -0.97027163
272.60527620 -88.91436193 -0.91954624
273.42682050 -87.93584649 -0.88949890
273.77670974 -87.28122153 -0.87675516
274.33088078 -86.50009176 -0.89043261
275.04490299 -85.95604587 -0.77467638
275.45433871 -85.44873607 -0.77068437
275.72802642 -84.67711290 -0.67966361
276.16321762 -83.82386085 -0.71917805
276.63989521 -82.99112815 -0.74016561
277.12352402 -82.07464218 -0.68375613
277.55194894 -81.05714676 -0.67003174
278.07904558 -80.35276627 -0.64870777
278.62357382 -79.50761673 -0.64803077
279.14350042 -78.71168825 -0.63581072
279.65401695 -77.79919468 -0.66390425
280.20987006 -76.92848526 -0.70543569
280.38783562 -76.42911155 -0.56437103
281.24650402 -75.85483084 -0.47926301
281.82941790 -75.08442748 -0.56928328
282.34308991 -74.25123198 -0.56875755
282.83026356 -73.34499592 -0.59364220
283.31404922 -72.44090827 -0.58646948
283.51164481 -71.77448167 -0.74057736
284.10382072 -70.95650278 -0.73537132
284.67527438 -70.07685690 -0.67903332
285.08668854 -69.20989085 -0.74159462
285.76301487 -68.41384160 -0.78186368
286.30138515 -67.56409589 -0.78731024
287.45355712 -66.40302767 -0.74652441
288.00908334 -65.56180244 -0.71068122
288.58642911 -64.69465472 -0.65778402
289.14305580 -63.90084039 -0.61718688
289.67934435 -63.02989743 -0.59715645
290.20813172 -62.20113597 -0.59148645
290.75774194 -61.33091633 -0.58462652
291.32877912 -60.45557454 -0.57519263
291.86584152 -59.56150816 -0.54093273
292.39559288 -58.57125267 -0.56245770
292.96174367 -57.74929186 -0.54114365
293.49713322 -56.97230269 -0.52884133
294.13607704 -55.76763063 -0.55540070
294.72621742 -54.88556560 -0.53469720
295.77816564 -53.84279549 -0.60377104
296.00788372 -53.71127863 -0.70741092
296.38643846 -53.56494099 -0.71591077
296.81062966 -52.97009076 -0.71170261
297.17863370 -52.52274203 -0.75013587
297.75893940 -51.77630925 -0.72841079
298.36599112 -51.02774836 -0.70922187
298.73562275 -50.18494369 -0.70899148
299.26125412 -49.37263289 -0.69352623
299.82639505 -48.57414223 -0.66450638
300.45407666 -47.78795988 -0.64362400
301.00936308 -47.01315155 -0.63454081
301.55848814 -46.23472203 -0.62316489
302.11256977 -45.51133858 -0.59934536
302.76758081 -44.83050338 -0.65129997
303.30443575 -44.01655199 -0.61784343
303.84320699 -43.15377857 -0.59317833
304.72422713 -42.24696352 -0.67241225
305.20647288 -41.44375144 -0.65961975
305.72476136 -40.79705612 -0.62903280
305.65875498 -40.51415462 -0.66529515
306.20018245 -39.88817797 -0.66348797
306.65777399 -39.09739459 -0.65496122
307.24765362 -38.68820555 -0.73577473
308.03619870 -37.86944225 -0.79962080
308.51126643 -37.16225982 -0.77475304
309.00565285 -36.35451231 -0.71803996
309.49566803 -35.91385409 -0.76167594
310.00188885 -35.18344622 -0.71431844
310.27504810 -35.02767809 -0.76491798
310.68719957 -34.63380350 -0.72354207
311.20239057 -34.11043647 -0.69789414
311.59189495 -33.69486743 -0.64660025
311.95430161 -33.48260570 -0.64657854
312.54980643 -32.87730241 -0.62129551
312.77297342 -32.45915637 -0.54742245
313.32672795 -32.12861808 -0.56370998
313.82750943 -31.47026791 -0.52517121
314.23731299 -31.11256614 -0.54259835
314.94963348 -30.55212696 -0.54519376
315.22655914 -30.40577974 -0.55090322
315.51485864 -30.60061583 -0.56255933
316.02852340 -30.26683301 -0.55897821
316.23688559 -30.07428550 -0.52263793
316.55098647 -29.47085094 -0.48408922
316.71337519 -29.34078307 -0.46361998
316.97162273 -29.07314399 -0.45715503
317.09944433 -28.58680285 -0.48865068
317.40495096 -28.16689909 -0.48885315
317.54854145 -27.74315740 -0.50221915
317.69631339 -27.15379802 -0.47873195
317.95925957 -26.65892083 -0.52017348
318.19070323 -26.11519680 -0.50098684
318.35487168 -25.72826153 -0.50835986
318.53031794 -25.24082008 -0.51100685
318.63411416 -24.83624314 -0.51302336
318.83822866 -24.06612564 -0.53106090
318.99399251 -23.51822856 -0.55575476
319.11246221 -23.60903566 -0.62357464
319.20735582 -23.27221313 -0.68482138
319.32251867 -22.54248048 -0.65016687
319.46379604 -21.89256692 -0.65432501
319.71778808 -21.43182828 -0.65814197
319.65205110 -21.45600519 -0.70290369
319.72433685 -20.80641615 -0.69275216
319.41231580 -20.21388726 -0.63283793
319.52221665 -19.54365803 -0.61078739
319.45478325 -18.83853220 -0.63804744
319.48130211 -18.35117618 -0.67359314
319.30097735 -17.82551947 -0.69463502
319.03421972 -17.29569439 -0.75089021
318.60329488 -16.40926860 -0.78138654
318.25191541 -15.57009536 -0.71105942
317.99266090 -15.26266699 -0.76388314
317.71299804 -14.76860340 -0.81162898
317.12929321 -13.94016482 -0.81125151
316.70419436 -13.21886281 -0.80297278
316.18371835 -12.50511278 -0.81583703
315.71116215 -11.79238430 -0.81798523
315.24490991 -10.91342610 -0.77767988
314.79171640 -10.06452174 -0.79796296
314.48586720 -9.57557180 -0.87780690
313.79204896 -8.61948484 -0.85961573
313.39330463 -7.83549770 -0.86960973
313.02573821 -7.10649673 -0.84718524
312.48138555 -6.23976187 -0.78753164
312.04258832 -5.45041327 -0.81509307
311.52447108 -4.81524932 -0.74748845
311.11894683 -4.15782347 -0.73607966
310.51790842 -3.05463786 -0.70632671
310.28806126 -2.56640037 -0.74747311
309.67263605 -1.55449984 -0.73453380
309.10951197 -0.80748490 -0.69836897
308.86794360 -0.40402105 -0.74359020
308.39464173 0.36055868 -0.74636148
307.90145971 1.36514109 -0.71035173
307.33786663 2.07888291 -0.68214880
306.76690975 3.15670840 -0.63083027
306.41073586 3.86573407 -0.60494632
306.04210450 4.36246190 -0.58539343
305.53158746 5.21754880 -0.59358832
304.89874346 6.16649402 -0.54708165
304.52386775 7.03319616 -0.55923066
303.86160323 7.69598768 -0.56984780
303.51768143 8.43764591 -0.58774889
303.15005586 9.25354055 -0.60217719
302.69005641 10.23978262 -0.61916184
302.21415019 10.98031370 -0.65047241
301.47342447 12.32787688 -0.63827396
301.11347649 13.03146241 -0.65641151
300.68264321 13.81927307 -0.66513125
300.33397985 14.62737463 -0.58905326
299.98495636 15.72559886 -0.55998303
299.61958008 16.39266491 -0.59802703
299.15543980 17.29997200 -0.64419581
298.57769003 18.44082292 -0.68686534
297.93959393 19.45510528 -0.78236067
297.78420407 20.17204475 -0.47559322
297.27989809 21.27609201 -0.54769752
296.81238871 22.27334712 -0.55292244
296.47768820 22.98160876 -0.51003284
296.08077186 23.89255053 -0.50376804
295.63700671 24.83644932 -0.51244462
295.23895833 25.40308809 -0.50280589
294.62928974 26.44508945 -0.48971649
294.23978123 27.31923186 -0.56127271
293.90729182 28.24182162 -0.52997926
293.70415305 28.95062259 -0.48739800
293.05107431 29.65042271 -0.40136648
292.54905029 30.64134244 -0.44516430
292.00784354 31.36640108 -0.48816245
291.79842795 32.01123005 -0.50540086
291.18375359 32.76125420 -0.51115104
290.63118589 33.55083311 -0.54684764
290.04994740 34.52745854 -0.56783360
289.56314626 35.34334926 -0.54649229
289.15690856 36.18624234 -0.58905650
288.78733817 37.15516670 -0.66038608
288.48280162 38.06347715 -0.72113607
288.26453430 38.63844942 -0.73044939
287.97016071 39.34766818 -0.70827007
287.51001255 40.34452838 -0.75067361
287.07984483 41.32094926 -0.78560637
286.65612411 42.21363890 -0.81114353
286.62900530 43.12991915 -0.85714552
286.30003607 44.04633469 -0.87098841
285.87263533 44.98508638 -0.97726697
285.42847198 45.96094616 -1.01043090
285.02114310 46.80009255 -0.97675145
284.71058360 47.48192354 -0.98082871
284.26722904 48.27614759 -0.98165407
283.90802111 49.05745012 -1.01306582
283.55040279 49.78579163 -0.99048356
283.14334563 50.43442508 -1.06348740
282.75064311 51.09996396 -1.11017380
282.60531795 51.45227355 -1.09575589
282.28994898 51.98719821 -1.11836345
281.76053007 52.73978576 -1.12269212
281.20440173 53.21729775 -1.06817875
281.18651494 53.25850690 -0.96184814
280.63008331 54.06470612 -1.01115144
280.20668665 54.66543827 -1.00021898
279.85899769 55.25064849 -1.00289420
279.47403178 56.12747408 -0.97564966
279.02223559 56.65704735 -0.94311999
278.60599610 57.08035288 -0.94146391
278.51315040 56.97897664 -0.92009561
278.21273190 57.57501258 -0.89378359
277.87760490 58.20059075 -0.87678098
277.56129730 58.63586368 -0.80731955
277.15668213 59.28372014 -0.76570884
277.05051029 59.51490718 -0.70868759
276.87016074 59.96677287 -0.71060068
276.72705971 60.45063948 -0.73767098
276.66159574 60.78045363 -0.77331922
276.45126186 61.13875536 -0.76151756
276.35440805 61.40574421 -0.77769361
276.19591272 61.87373460 -0.79915240
276.20412864 61.94877733 -0.76914549
275.93262515 62.28564877 -0.76300368
275.74465326 62.57584744 -0.75517407
275.59138353 62.72310153 -0.69029275
275.62958738 62.72594322 -0.65982520
275.49432950 62.87749815 -0.62029980
275.37025042 63.28379485 -0.61569192
275.32717096 63.66063540 -0.63256621
275.27622402 63.99347138 -0.62382284
275.28670698 64.04671964 -0.61676338
275.21586455 64.16592055 -0.63166752
275.29868210 64.47927028 -0.61486262
275.08622524 64.65250806 -0.56044148
275.18724748 64.75936736 -0.53663024
275.19936125 64.97354336 -0.53394330
275.09053352 65.16664994 -0.52307903
275.17847154 65.58837131 -0.53140372
275.05555581 65.89007906 -0.49556652
274.93289792 66.15168887 -0.46299471
275.09913390 66.51207112 -0.39435732
275.18387881 66.81348438 -0.33391133
274.98623425 67.14276919 -0.31907569
274.96696408 67.47459391 -0.30617552
275.13594691 67.90769920 -0.20642101
275.26152943 68.45127144 -0.13089896
275.13564072 68.96766705 -0.09677330
275.39888077 69.45846287 0.01889028
275.48227762 69.92706228 0.04046842
275.33477424 70.35452856 0.02802614
275.42275008 70.82909568 0.02117317
275.44589934 71.28626138 0.02380919
275.27551114 71.88621052 -0.00021144
275.26226025 72.28903683 -0.04738928
275.30988506 72.67519260 -0.06295611
275.53960487 73.27189383 -0.02051940
275.60207139 73.86519419 -0.02181265
275.53535002 74.33579118 -0.03718424
275.41264530 75.27724071 -0.06908225
275.36471729 75.80385615 -0.10649026
275.15052650 76.64063697 -0.14917968
275.12557408 77.11954762 -0.19031287
275.01945722 77.58689633 -0.25111528
274.67542069 78.52650442 -0.32583486
274.61223295 78.93450314 -0.35438728
274.27828346 79.79663017 -0.44555858
274.21588147 80.49924580 -0.48288789
274.03733563 81.20636282 -0.54978803
273.84466612 81.89286859 -0.54681213
273.66500655 82.94548964 -0.51699023
273.32904102 83.86695892 -0.50110452
273.11508404 84.67326201 -0.48907075
272.94107321 85.48519981 -0.47272541
272.78605997 86.22447713 -0.43247562
272.52469654 87.42442870 -0.40004067
272.22400969 88.39500380 -0.36319316
271.92981337 89.51141271 -0.19344160
271.67321404 90.42669808 -0.16244813
271.30246711 91.36319441 -0.14026138
270.94711580 92.21063095 -0.12636084
270.81474211 92.45151522 -0.08996423
270.74344191 92.67026194 -0.03239692
270.35193000 93.82593406 0.02086544
269.95922410 94.85693122 0.03186058
269.73696611 95.35531760 0.07139222
269.33364102 96.37821656 0.09738600
268.90358504 97.04272910 0.08310073
268.89938993 97.31656735 0.12812487
268.44452463 98.00298355 0.18300345
267.99376315 98.69061597 0.20203129
267.51590365 99.57588519 0.31174483
267.32612320 100.50271409 0.44946557
266.80728219 101.43344242 0.51354192
266.57958392 101.98369145 0.52173541
266.29938664 102.65509678 0.54274720
266.14849240 103.19883254 0.62611925
265.68600410 104.16383812 0.62534787
265.50088139 104.63191986 0.59414864
264.96843597 105.54521595 0.59644996
264.78645631 105.95610801 0.58269479
264.49940920 106.44385002 0.55334563
264.20756738 106.73656005 0.56243526
263.77026265 107.46247307 0.59061552
263.48008029 108.05106111 0.60928228
263.16058288 108.68851172 0.62174246
262.96874039 109.04334506 0.63149587
262.70101844 109.38570970 0.64913289
262.17306100 109.99878069 0.65665223
261.85112342 110.44056228 0.66752404
261.50449575 110.82180485 0.70980229
261.06241877 111.37367873 0.72306620
260.77898411 111.56430145 0.74487596
260.28775251 111.95640931 0.74411153
259.82086921 112.36063965 0.75651713
259.48530920 112.47874697 0.71154843
259.06144391 112.63766584 0.67805338
258.53292468 112.95301930 0.68223897
258.17842224 112.99030436 0.68826096
257.66769003 113.14668101 0.66750705
256.91669719 113.48412135 0.66394628
256.14891973 113.81191675 0.63634575
255.49051735 114.00532790 0.65245291
255.03555340 114.15881696 0.63163930
254.56341766 114.39613091 0.61382787
253.97107663 114.57372345 0.57096083
253.37673988 114.80399575 0.52349345
252.83323909 115.10794697 0.49718947
252.22612642 115.52223918 0.52719650
251.59939239 115.92672903 0.53974689
250.93550494 116.34667444 0.55828437
250.21953775 116.76796530 0.57063437
249.45476762 117.17276588 0.59131530
248.65470792 117.57366197 0.61839785
247.79259212 117.92158493 0.62992458
246.94913851 118.27018753 0.64378268
246.05047844 118.62354166 0.64614655
245.15420626 118.94927717 0.63968178
244.21599118 119.29833002 0.64188515
243.25830292 119.57788681 0.66580891
242.29110400 119.92473242 0.68246629
241.31257798 120.27171895 0.68056303
240.32380175 120.64221071 0.66484747
239.28751554 120.98163836 0.65481730
238.22080751 121.37400853 0.65385047
237.20026803 121.75861732 0.66336475
236.16554600 122.12246855 0.67403016
235.10718994 122.49547260 0.67914904
234.06387364 122.82223933 0.71580426
233.00434941 123.14527189 0.76356258
231.91571596 123.43851955 0.78730899
230.81446285 123.77433833 0.80366459
229.70658103 124.12427666 0.80885531
228.56570592 124.45052794 0.79635700
227.41190051 124.77467338 0.80028637
226.27413625 125.09240750 0.78778791
225.14213206 125.39826491 0.78600143
224.02509943 125.69073596 0.78275746
222.91106233 126.01935826 0.79109215
221.82562575 126.38223593 0.78478179
220.77134775 126.72567970 0.78057308
219.75431400 127.07643750 0.76387816
218.78889864 127.45530564 0.75046400
217.76039140 127.81980640 0.74510466
216.76525654 128.19319041 0.74958886
215.76032561 128.54045838 0.74026006
214.76693510 128.91260392 0.73816046
213.74670882 129.28328821 0.72054123
212.74583494 129.66202109 0.71154094
211.73422842 130.05218073 0.70556947
210.74472880 130.45379575 0.72013824
209.76695688 130.87919415 0.72309086
208.78526581 131.31759374 0.73937928
207.76999751 131.78155848 0.75806065
206.77919627 132.26266600 0.77914583
205.78065492 132.73895779 0.77212662
204.81002214 133.24032321 0.79143219
203.82497859 133.74810471 0.79531487
202.82090416 134.26220547 0.82198713
201.84032866 134.77949660 0.83028425
200.88793889 135.32438834 0.83988692
199.95690839 135.87485714 0.84096324
199.04731822 136.42426321 0.82976555
198.13288492 136.98207856 0.81949389
197.23575886 137.54612550 0.82224121
196.36912008 138.09386064 0.81629331
195.50602511 138.63383119 0.80712544
194.66007106 139.20186158 0.79578516
193.87552568 139.74880248 0.78039743
193.11293843 140.30921476 0.77095175
192.39204162 140.84951767 0.74989267
191.67342698 141.40505777 0.74276821
190.95258292 141.94858002 0.73578984
190.25456142 142.44652788 0.72880098
189.58506850 142.94730061 0.71930876
188.94599801 143.41567953 0.69190796
188.31221491 143.89130289 0.67399785
187.69867327 144.36117851 0.64776779
187.09027824 144.83608928 0.61157486
186.51206091 145.30302605 0.56224922
185.99487057 145.76418527 0.52072654
185.48111194 146.22808223 0.47482644
185.01173413 146.68556953 0.42897768
184.54648740 147.12384632 0.38222948
184.08643383 147.54717722 0.33521030
183.61673827 147.94623335 0.29155525
183.11198223 148.37666041 0.23754029
182.70145415 148.80723262 0.24827498
182.31092778 149.25072199 0.24869364
181.94859956 149.67668589 0.24773226
181.56170205 150.10834980 0.25878875
181.25540236 150.54805772 0.27885851
180.92643767 151.02089782 0.29193861
180.60514979 151.52117347 0.30971360
180.30773344 152.02563880 0.32497769
180.03639814 152.53791844 0.32858979
179.74369486 153.04721223 0.32087726
179.52226416 153.56365113 0.28737841
179.33703720 154.03570676 0.27132494
179.23377914 154.50651473 0.27231813
179.13340130 154.99291164 0.27901471
179.05811564 155.48506914 0.27677877
179.04002793 156.05950386 0.27580223
179.05827536 156.62254074 0.28175991
179.07260463 157.20232031 0.25846358
179.09036947 157.73292646 0.23719004
179.16342159 158.22413043 0.23209286
179.24743607 158.73514030 0.21744387
179.36996431 159.31037028 0.22561074
179.51899396 159.96880566 0.22643829
179.73437934 160.61212821 0.23999162
179.96393141 161.21303598 0.22098915
180.21038480 161.80693379 0.20707830
180.47077946 162.44078567 0.22413599
180.73425352 163.07957809 0.24878920
180.98354419 163.73815162 0.27335082
181.24971029 164.43457000 0.30012384
181.53127671 165.09478204 0.30946284
181.81786982 165.81937629 0.30078750
182.10887254 166.51072773 0.29281420
182.43540344 167.22325746 0.29137278
182.73474960 167.89546724 0.29093764
183.04785821 168.67258964 0.30526053
183.39728530 169.45797364 0.30090959
183.76454108 170.18945339 0.30451977
184.10695031 170.93601343 0.29828315
184.44947926 171.73207819 0.30222823
184.81455300 172.52196952 0.32489876
185.16571210 173.29780412 0.35234129
185.53467751 174.07736406 0.37527745
185.90382106 174.90537171 0.39354439
186.27033983 175.68982772 0.41813966
186.64530384 176.51326948 0.42628869
187.01602849 177.26790241 0.42952323
187.38231482 178.06154473 0.43067483
187.77082989 178.86160724 0.42100411
188.15851269 179.69738465 0.40664659
188.54288071 180.54837765 0.39762493
188.94169819 181.44051126 0.41049647
189.35156776 182.32090214 0.43358727
189.75244245 183.20350931 0.44774251
190.17121196 184.11378542 0.45261461
190.58957531 185.00788900 0.45662048
191.00661547 185.88480440 0.45704356
191.43352808 186.78398811 0.45910724
191.85301320 187.67297308 0.44445223
192.28657794 188.59995025 0.43292031
192.72447115 189.53602453 0.44703386
193.16694539 190.47318070 0.46744417
193.61139439 191.42823326 0.47446269
194.03787230 192.36754104 0.45873106
194.48131425 193.31047268 0.45122976
194.92988552 194.26020368 0.44742800
195.37987875 195.21506207 0.45627887
195.82465863 196.18294848 0.46287610
196.26895325 197.15799420 0.46331880
196.71997387 198.13703126 0.46117366
197.15855627 199.10494317 0.45740682
197.61292045 200.07732282 0.44676194
198.06404623 201.04849872 0.43731469
198.51849559 202.01528897 0.42533735
198.96421512 202.96018448 0.42204245
199.42152705 203.91944018 0.42535686
199.86419881 204.85867060 0.42217494
200.31437030 205.82141298 0.42319514
200.76342229 206.77764537 0.42843227
201.20304074 207.75046420 0.43431286
201.63783015 208.70758771 0.43275890
202.07111682 209.65653705 0.41785684
202.49698779 210.59318289 0.40151275
202.93449707 211.52934016 0.39923058
203.37071734 212.43823425 0.40018860
203.80990804 213.36945543 0.40074951
204.25157262 214.29754116 0.40026162
204.70548173 215.26316722 0.39595634
205.15619097 216.21442031 0.39120200
205.60755392 217.17146612 0.38874427
206.05823578 218.11137974 0.38536846
206.50523413 219.05234328 0.39531193
206.95033731 219.97005190 0.39720638
207.39004504 220.90600206 0.39457881
207.84771440 221.82023776 0.38858149
208.28742664 222.71228358 0.37976856
208.71685390 223.59900463 0.37619129
209.13721855 224.52404628 0.37184736
209.58302276 225.41995516 0.36864548
210.02162004 226.34620631 0.37296844
210.46441810 227.29303102 0.36137080
210.89439789 228.22521526 0.34295498
211.31579672 229.14027638 0.32643593
211.74765234 230.07864283 0.30809413
212.17373083 230.99844515 0.28883697
212.59654758 231.90226387 0.27598803
213.01453578 232.81042646 0.27627306
213.41991782 233.71068867 0.26202744
213.84352940 234.63902880 0.24378840
214.25199462 235.55347854 0.24059746
214.65288396 236.47573901 0.24212960
215.05034296 237.39445061 0.24771522
215.43588816 238.30092163 0.24048030
215.82356749 239.21372753 0.22531664
216.19269905 240.12002635 0.21706480
216.56107637 241.03443484 0.21513218
216.93380766 241.94799759 0.19072276
217.31766404 242.86731781 0.18154915
217.70592816 243.78392018 0.16313186
218.09106214 244.68225216 0.15732341
218.49190415 245.60434740 0.14517620
218.90178118 246.52746206 0.14400795
219.32002752 247.44321996 0.13737467
219.73325566 248.38668640 0.12748657
220.17499529 249.33891262 0.11264712
220.59965211 250.25978444 0.08829914
221.03212632 251.18515307 0.05955537
221.48353895 252.12752139 0.03398539
221.93135754 253.03943631 0.01130581
222.38647329 253.98436872 0.01154043
222.83581649 254.87955709 0.01231376
223.26972641 255.73119302 0.01554398
223.70774400 256.61436184 0.01095977
224.16054380 257.50727217 0.01570285
224.61112006 258.39528734 0.01687319
225.07071101 259.29970338 0.01060923
225.53475406 260.19920657 0.00468080
226.00109688 261.07298961 0.01814384
226.47282945 261.97521142 0.01565684
226.94383632 262.85525877 0.00638692
227.39674375 263.72253759 -0.01213104
227.86597620 264.60488265 -0.01837898
228.32686408 265.47630462 -0.01986690
228.79068014 266.34836520 -0.01754692
229.25150312 267.20059030 -0.01467547
229.72112214 268.08307929 -0.02600370
230.18445964 268.95216204 -0.04097734
230.64606367 269.82861404 -0.03994676
231.09693316 270.67787132 -0.05030343
231.54938964 271.50173436 -0.06530125
232.00150188 272.34698730 -0.07576473
232.42727213 273.14716054 -0.07939429
232.86301168 273.95829932 -0.09008770
233.28916588 274.74892215 -0.10037918
233.70361228 275.53748012 -0.10364192
234.12545171 276.30719508 -0.10404269
234.54252067 277.05781602 -0.11756541
234.95343582 277.79798317 -0.12497092
235.36953697 278.51996970 -0.12711656
235.78898292 279.24839852 -0.11540819
236.19924326 279.92658040 -0.11151129
236.59261466 280.59780010 -0.10415346
236.97766821 281.24498942 -0.11134254
237.35352135 281.85302761 -0.12398536
237.72521882 282.47559225 -0.13505384
238.09112326 283.06961803 -0.13708230
238.45084853 283.65918608 -0.13424667
238.80950371 284.25135195 -0.13445009
239.17147500 284.84435673 -0.13981817
239.53237531 285.43021141 -0.14015129
239.88248378 286.00660917 -0.12000276
240.23945626 286.58837722 -0.10530323
240.57290441 287.15660939 -0.09581854
240.89844064 287.72780375 -0.09658955
241.21943863 288.30494068 -0.09880420
241.54040385 288.88898548 -0.10099800
241.84098220 289.45677039 -0.09431550
242.12877592 290.04585501 -0.09356833
242.40327716 290.65878577 -0.08500748
242.70594937 291.28613915 -0.08663772
242.99278019 291.91112756 -0.08704485
243.28170556 292.57082824 -0.09181155
243.54999647 293.23801004 -0.09492917
243.83366285 293.93098925 -0.10348011
244.12119070 294.64044626 -0.11029199
244.40901209 295.35297424 -0.10015853
244.71422132 296.09585970 -0.09024844
245.02747775 296.83023406 -0.09674307
245.36176620 297.56574555 -0.10435694
245.70119160 298.33218458 -0.10726175
246.03780911 299.12808714 -0.12185088
246.40261887 299.92809291 -0.11949889
246.77034050 300.70745899 -0.10512783
247.17710742 301.51891787 -0.09789325
247.60158081 302.31737384 -0.09872406
248.03903913 303.14456033 -0.10257216
248.48560550 303.97135090 -0.09993790
248.94125139 304.80485247 -0.08043852
249.40783796 305.66109381 -0.05177503
249.89029801 306.51147175 -0.02804065
250.37184811 307.36055244 -0.00485982
250.86741609 308.22087768 0.01047854
251.36844391 309.09487053 0.02315668
251.88591571 309.98278929 0.03465024
252.40704384 310.88132779 0.05209811
252.92893310 311.79008764 0.06441179
253.45635812 312.70899519 0.07423818
253.99282558 313.66028781 0.06838645
254.50234930 314.55714329 0.08156039
255.03910412 315.51089703 0.08940055
255.55807463 316.43558589 0.10389613
256.06330020 317.36638380 0.11166652
256.57882956 318.29189535 0.13682832
257.07660313 319.23638977 0.16461379
257.56870198 320.17155502 0.17745091
258.06453585 321.12426823 0.18717956
258.56854862 322.08006330 0.19041964
259.06297716 323.03433008 0.18773740
259.55174145 323.98246849 0.18836860
260.03520530 324.91681103 0.19667754
260.50745444 325.85043959 0.19651820
260.99297362 326.77732222 0.19876528
261.47295994 327.72626585 0.20690253
261.96890264 328.67097505 0.22016787
262.44277000 329.60236572 0.22784854
262.90760408 330.52446325 0.22795809
263.39000668 331.44389032 0.21913125
263.85895535 332.35525580 0.22001693
264.33315388 333.24997285 0.21702483
264.82031932 334.17405672 0.21586454
265.30415800 335.06587578 0.22831573
265.77054147 335.95189428 0.24640679
266.24021560 336.84123034 0.26318925
266.69320234 337.70244302 0.27249301
267.14597949 338.54289638 0.31325400
267.58199866 339.37316477 0.31051450
268.02187889 340.18780489 0.30672290
268.44216637 341.02457627 0.30059274
268.86559009 341.81405536 0.30133814
269.26847469 342.61967118 0.30327616
269.68912954 343.41188467 0.29899368
270.09711543 344.20732470 0.29663006
270.49691610 344.98356916 0.27798588
270.87893527 345.75895911 0.25643350
271.24295327 346.55329001 0.24200209
271.61349578 347.33187453 0.21209103
271.96849423 348.09078489 0.18289037
272.30864464 348.85152221 0.15246164
272.63365078 349.55482860 0.12167729
272.96888892 350.24687232 0.09648132
273.26705587 350.92203946 0.07626796
273.55711249 351.56057976 0.05299190
273.82407506 352.22158934 0.02167801
274.07720250 352.84641620 0.00379760
274.31621242 353.41070777 -0.02839442
274.53373380 353.98111370 -0.06026218
274.73303774 354.51309453 -0.08584507
274.92575509 355.01774474 -0.10216770
275.12578096 355.49266279 -0.11836192
275.32117551 355.96034058 -0.14014254
275.51556439 356.41462196 -0.15819215
275.73051901 356.85256066 -0.17881086
275.95805634 357.26622653 -0.20219471
276.19933797 357.65855044 -0.21409689
276.46849635 358.04571179 -0.23695105
276.73633132 358.41166535 -0.27095619
277.03370522 358.74543267 -0.30514457
277.34564235 359.08035607 -0.33254643
277.68195457 359.39171483 -0.36101878
278.04783105 359.68232325 -0.38797585
278.42406363 359.93135488 -0.40505953
278.80147350 360.19024427 -0.42161692
279.20098960 360.41444978 -0.43161230
279.55948227 360.52484924 -0.42912291
279.93306646 360.62789333 -0.40702786
280.34198602 360.74640026 -0.41348635
280.74683891 360.85750554 -0.41060054
281.19629466 360.94894376 -0.43219968
281.44031563 360.83886353 -0.36146417
281.72436077 360.64748163 -0.45720266
282.14242151 360.65241270 -0.47985894
282.61399570 360.67722919 -0.48287259
283.12740662 360.65190888 -0.47885302
283.60326494 360.56866911 -0.44754282
284.03486395 360.46416691 -0.41218005
284.56141713 360.34642037 -0.42004537
285.05322010 360.22750942 -0.38375145
285.56718526 359.97257221 -0.27888436
285.95527723 360.02123602 -0.27500771
286.51202161 359.84616651 -0.23849422
287.10150140 359.61853710 -0.19663629
287.62177753 359.37649990 -0.16087441
288.31057533 359.15125778 -0.14510006
288.82914638 358.89032937 -0.05090069
289.32665402 358.67834160 0.03701985
289.88923580 358.39361620 0.09362837
290.60699866 358.11563792 0.13864308
291.25752425 357.76671503 0.18447149
291.24249309 357.61644946 -0.00170838
292.42138001 356.78925936 -0.02225972
292.96246773 356.51670150 -0.00167855
293.69550736 356.11653598 0.03384082
294.43309752 355.78186480 -0.00544386
294.75599322 355.55258550 0.01029460
295.70858188 354.91818233 0.05308140
296.60321136 354.52983594 0.05090190
297.42346513 354.11408569 -0.08663675
298.31388824 353.65717290 -0.10602506
298.50326921 353.73636475 -0.21180661
299.35732530 353.34431293 -0.19178948
299.86132333 353.03421141 -0.18902905
300.43742950 352.68239377 -0.25190477
300.79880862 352.49990591 -0.09482072
301.98857697 351.85945262 -0.18576559
303.33510380 351.25065378 -0.04490554
304.03003995 350.86440382 -0.10980659
304.94962770 350.30300405 -0.06147320
305.72213753 349.83501690 -0.03213905
306.58361326 349.28514531 -0.13126806
307.59110552 348.84474755 -0.15648884
308.48904161 348.42633932 -0.09645309
309.29516416 348.03989053 -0.06769908
310.17817502 347.59410641 -0.02444808
311.03515845 347.17252461 0.02476687
311.87719309 346.71276048 0.08516272
312.82072886 346.24764069 0.11624372
313.67994979 345.84343412 0.22340530
314.55638898 345.44275524 0.23885841
314.91509923 345.10941314 0.09195949
315.68533951 344.63641164 0.23715322
316.67638135 344.13032543 0.19948964
317.25052007 343.72257675 0.04064181
318.56579356 343.24511718 0.15604159
319.50903900 342.91631394 0.24237207
320.41331041 342.23044967 0.12602638
321.24045000 341.85654296 0.17181987
322.37467084 341.36201234 0.34960581
323.35787077 340.86086655 0.38562932
324.33856103 340.44846942 0.33442649
325.26355419 340.01377365 0.33561130
325.24509817 339.85383950 0.22837382
325.97257368 339.42026110 0.22155486
326.87571822 338.97384571 0.20517188
327.78578868 338.45389854 0.22779970
328.65279710 338.00785031 0.19241478
329.51088041 337.56527433 0.15499564
330.39802410 337.10589454 0.14694556
331.20793741 336.67548555 0.11671301
332.11668020 336.23228780 0.08008344
332.98466735 335.79478356 0.06399106
333.82083212 335.37039969 0.01752234
334.70040890 334.94015876 0.02336990
335.52142350 334.54306541 0.00586699
336.28058683 334.14237402 -0.06584720
337.11493041 333.68035529 -0.17904149
337.94624737 333.24220332 -0.23758180
338.73624705 332.82819964 -0.29579919
339.59156386 332.39451868 -0.30074697
340.41884514 331.97754974 -0.31866665
341.25042643 331.56137409 -0.33493547
342.03738969 331.16104368 -0.33488396
342.80737082 330.78338679 -0.35759864
343.63971300 330.39964449 -0.35049736
344.44312104 330.01791036 -0.34958645
345.23793209 329.63771844 -0.35432689
346.04933980 329.25868918 -0.33436687
346.88294556 328.87432739 -0.29489239
347.68775937 328.51908221 -0.26426068
348.48537212 328.19140836 -0.22351047
349.29707080 327.84883637 -0.18404413
350.07478204 327.51403733 -0.15620680
350.85458777 327.17919807 -0.12699677
351.65698226 326.83502215 -0.10448869
352.48048839 326.50347918 -0.07714912
353.31562320 326.18879001 -0.03712305
354.10531394 325.90052170 0.00931576
354.93140832 325.61389796 0.07755157
355.74220293 325.33383760 0.16386008
356.52120907 325.05848757 0.21996162
357.36859203 324.78091680 0.29922699
358.16518617 324.53850155 0.37818266
358.97824102 324.29221059 0.45797772
359.79858488 324.04626854 0.53415731
360.59462749 323.82255421 0.61326769
361.41517613 323.58998638 0.69979437
362.27549342 323.38013429 0.80485687
363.10780572 323.17462730 0.88834019
363.93570974 322.98170199 0.97380638
364.74770492 322.81808958 1.06124734
365.57537575 322.66255285 1.15058469
366.38573035 322.50897443 1.24400820
367.18407321 322.37062678 1.34493781
367.99313688 322.22776879 1.45098535
368.76017770 322.10031820 1.55476650
369.53762379 321.97997033 1.65181484
370.32037603 321.86047203 1.75494037
371.11751206 321.74415249 1.86906065
371.89830363 321.62825683 1.99580369
372.67243143 321.52802915 2.11550661
373.44403538 321.44050477 2.23849724
374.20492678 321.35950843 2.36040085
374.97869537 321.28509687 2.48844469
375.73054064 321.22139489 2.62015444
376.47515788 321.16397968 2.74951788
377.22767980 321.12134948 2.88386899
377.97819710 321.07121107 3.01940940
378.72014942 321.02952061 3.14919105
379.48517032 321.00042022 3.28662941
380.23471740 320.97277597 3.43283848
380.99825884 320.94560259 3.58080226
381.73744693 320.93783546 3.72561994
382.47291182 320.93889735 3.85555689
383.17789356 320.95359565 3.98017188
383.88039730 320.97877608 4.11030247
384.56937300 321.00529898 4.23737873
385.24757372 321.03742364 4.37211779
385.91809042 321.07592284 4.50403506
386.57201223 321.12095210 4.63513597
387.19958682 321.16226141 4.75687019
387.79820101 321.21803837 4.87651962
388.37553534 321.26024509 4.98122820
388.93625523 321.30998188 5.09003193
389.47531425 321.35273228 5.19016860
389.99614280 321.39592283 5.28752275
390.49872773 321.42980365 5.38131631
390.97752927 321.45562741 5.47123034
391.43454986 321.47228940 5.55130004
391.85894516 321.48620631 5.61953254
392.27016704 321.48767592 5.68282821
392.67666703 321.49457207 5.73510405
393.05832420 321.49014108 5.78305028
393.45020124 321.48659697 5.82446194
393.82839685 321.47342777 5.86308982
394.23175687 321.44727983 5.89374981
394.61501959 321.41515542 5.92256415
395.00548785 321.36772529 5.94058119
395.38710300 321.30728598 5.96417557
395.76081917 321.22297694 5.99117986
396.12716204 321.14075529 6.01828990
396.47463889 321.04405452 6.03868976
396.82097451 320.94954497 6.05004924
397.16857646 320.83034380 6.03933755
397.53356986 320.69386750 6.03299848
397.88620264 320.52975763 6.01872527
398.23413575 320.34670930 5.99673269
398.59849394 320.14592468 5.98704451
398.95883165 319.93195685 5.97653203
399.32694256 319.69770795 5.96151087
399.67437788 319.42972956 5.93117065
400.03746826 319.13895436 5.88921512
400.37160270 318.82769340 5.84441704
400.69751378 318.50381061 5.79585934
401.01544714 318.13332382 5.72889807
401.32075212 317.70450406 5.63464023
401.61947236 317.26335277 5.54570674
401.90780640 316.78098588 5.43956282
402.17384816 316.24600666 5.32696546
402.42919778 315.67038392 5.20874195
402.65131516 315.06567352 5.07658493
402.86915572 314.42469432 4.93636874
403.07427936 313.78489461 4.80186015
403.26066883 313.11975503 4.65942188
403.44749917 312.42576034 4.51389759
403.63265910 311.68804267 4.36179612
403.80364837 310.93512565 4.20747059
403.96619817 310.17044471 4.05634306
404.14199556 309.38824935 3.90385559
404.32159611 308.54488826 3.74018347
404.49484348 307.69090287 3.57527902
404.66823353 306.83981051 3.40846255
404.83748088 305.95228741 3.24013196
405.01601596 305.05349419 3.07696483
405.19690402 304.11067317 2.92383897
405.36889943 303.18046774 2.77636053
405.55525973 302.24638845 2.61860013
405.72206014 301.30868405 2.47541077
405.87307132 300.35906156 2.32976307
406.04585920 299.39021713 2.18474649
406.22387476 298.43672830 2.05223858
406.39131015 297.48260872 1.91689322
406.56668542 296.50233898 1.78906195
406.73798872 295.51252544 1.66290488
406.91255693 294.54852856 1.55162213
407.07550599 293.57766447 1.43643785
407.20462672 292.61196631 1.32051826
407.34395633 291.64150466 1.21630124
407.48810346 290.63511751 1.11287039
407.62678263 289.66160317 1.01337375
407.76648886 288.67501305 0.92404731
407.91029323 287.68744320 0.83408534
408.06073341 286.69973810 0.75840513
408.20731222 285.69900514 0.68521423
408.34867044 284.71012022 0.61442693
408.48858521 283.70840431 0.53896244
408.62489996 282.70991738 0.47265909
408.76393182 281.72473286 0.41475139
408.88824226 280.77350402 0.36892311
409.02241253 279.83957261 0.32497073
409.15789401 278.88895986 0.28988398
409.28406736 277.93194161 0.25732689
409.41648384 276.98528500 0.22461252
409.53741090 276.09094949 0.19762875
409.65692809 275.12247575 0.16508495
409.78885528 274.14215013 0.14745363
409.90541367 273.19868544 0.12673630
410.01845794 272.23760582 0.09332653
410.14946445 271.30444364 0.06401362
410.27721465 270.33088538 0.03266630
410.41215811 269.32962889 -0.00171525
410.54621592 268.33962631 -0.02990857
410.69134795 267.34490454 -0.04767715
410.83545920 266.36709748 -0.06254794
410.98488392 265.34738803 -0.08504796
411.13590328 264.35241880 -0.09482638
411.29724678 263.32244754 -0.09619047
411.45904803 262.29725045 -0.10615983
411.63211557 261.26445475 -0.12230281
411.79434890 260.20779709 -0.13017804
411.95549877 259.16844841 -0.12207778
412.11370874 258.11193195 -0.11740651
412.25952069 257.09766047 -0.10641465
412.41889653 256.06034966 -0.10289539
412.56233579 254.99045632 -0.09617149
412.72006939 253.94150782 -0.09489469
412.88338377 252.92101513 -0.09431354
413.04390871 251.88068654 -0.09071143
413.21008773 250.83186748 -0.09135747
413.37573775 249.80718038 -0.08682972
413.53890878 248.78286114 -0.08635420
413.70024720 247.72234389 -0.08502116
413.86564148 246.70299900 -0.08073213
414.05571544 245.66531746 -0.07723634
414.21137476 244.67411552 -0.06928495
414.38503269 243.68702719 -0.05878761
414.54704788 242.69560022 -0.05158469
414.71708588 241.71242058 -0.04258746
414.87908467 240.73617122 -0.03363930
415.03841640 239.78087569 -0.02302181
415.18957842 238.84826511 -0.01744451
415.33944472 237.93235539 -0.00928430
415.46882558 237.05680916 0.01019003
415.60519024 236.19003109 0.01560827
415.73864227 235.35247985 0.03301252
415.86833938 234.51869806 0.03754783
415.99006676 233.72473883 0.04532319
416.08916912 232.94079269 0.05398132
416.18038112 232.18890692 0.06694721
416.24681080 231.46600692 0.07935843
416.30999827 230.76238784 0.09106776
416.35580084 230.04928366 0.10010657
416.38006748 229.37149299 0.10613874
416.39318194 228.74044537 0.11693071
416.37680494 228.10372774 0.12299478
416.33840283 227.45909401 0.12748757
416.26814297 226.84056956 0.13436479
416.17430907 226.20907997 0.14162281
416.04256585 225.60853572 0.14247232
415.87918166 225.01034271 0.14646210
415.68751165 224.44229949 0.14654804
415.45781096 223.90377971 0.13863752
415.18659922 223.38918292 0.13399932
414.87369101 222.90695513 0.12299159
414.54552866 222.45148089 0.12062099
414.19714794 222.02342874 0.10940240
413.81258450 221.63817410 0.10774833
413.39669295 221.30634290 0.10215474
412.95379499 220.98576689 0.09541735
412.47892433 220.65380253 0.08911695
411.96608706 220.38486054 0.08633358
411.45665380 220.14431156 0.07845736
410.93561699 219.91128184 0.06963714
410.37912879 219.68794226 0.05744815
409.81635582 219.51598071 0.03967373
409.22686022 219.34960037 0.02382232
408.65737599 219.23138264 0.00592515
408.05708088 219.11344912 -0.01267809
407.43458184 219.03340508 -0.03693680
406.80297557 218.96667978 -0.06060236
406.13857461 218.91468374 -0.08373836
405.46371375 218.88729119 -0.10880373
404.78215127 218.91672397 -0.13235090
404.09366345 218.95437926 -0.14391497
403.36789889 219.02149808 -0.16495580
402.65243125 219.10786281 -0.17650218
401.92474975 219.21519782 -0.18148512
401.17358931 219.35315028 -0.19845298
400.40564596 219.51448523 -0.19987970
399.59962680 219.71196005 -0.20252542
398.79212233 219.90543464 -0.20683919
397.98035986 220.12065399 -0.21567712
397.14775499 220.34688938 -0.23137268
396.29978180 220.59833425 -0.24333196
395.44573073 220.86044525 -0.25320660
394.57123325 221.15523402 -0.26840090
393.71344970 221.46181490 -0.27660980
392.86148726 221.77950878 -0.28210597
392.00276839 222.11696356 -0.29050616
391.12359172 222.46574825 -0.29588746
390.20821205 222.83295634 -0.30081656
389.29304866 223.20945966 -0.29930670
388.37850274 223.58338530 -0.28711454
387.40842111 223.99492964 -0.28335028
386.48864534 224.38015522 -0.26897801
385.54086141 224.79054278 -0.26062679
384.57667107 225.20315332 -0.25438600
383.61243541 225.62172925 -0.24332602
382.64885376 226.03455724 -0.22235359
381.68094234 226.44826478 -0.20686889
380.70619160 226.88166185 -0.19648432
379.72652572 227.31035830 -0.17809221
378.76735231 227.72038223 -0.16963684
377.80130903 228.14522347 -0.15858166
376.80859625 228.58796540 -0.13639066
375.80322843 229.04549148 -0.12134778
374.81055717 229.49691904 -0.11004080
373.81574362 229.95894135 -0.09511764
372.80218580 230.43942597 -0.07978153
371.78991509 230.92360403 -0.06801983
370.75733072 231.40530171 -0.05435083
369.73329601 231.89341407 -0.04275764
368.73279358 232.36303677 -0.02598418
367.75560156 232.83969902 -0.01976087
366.75010938 233.32892861 -0.00486129
365.74693645 233.82451265 0.00641288
364.73488892 234.32875659 0.01286928
363.72970971 234.81274621 0.02682774
362.73134989 235.31806090 0.03692964
361.71236245 235.82785457 0.04201394
360.69964097 236.33847918 0.04994536
359.68500854 236.84964885 0.04694249
358.68058685 237.35407108 0.05182302
357.65555471 237.85263525 0.06153357
356.67573361 238.33051671 0.05864580
355.70899674 238.80963284 0.06610744
354.73991607 239.29245601 0.06215510
353.78779201 239.78511169 0.07055451
352.83891079 240.26743327 0.07408830
351.90443890 240.75874343 0.07451039
350.95777945 241.23722794 0.06965653
350.00997064 241.70919093 0.06679609
349.05344684 242.19335632 0.05297294
348.10897998 242.66225716 0.04278378
347.18061041 243.14502187 0.03442481
346.24407617 243.62096847 0.03611931
345.31790020 244.08233571 0.03897454
344.38419007 244.56118556 0.03617265
343.46837001 245.02241133 0.03915022
342.51792024 245.52443692 0.03945818
341.59544599 246.00461552 0.04231332
340.65122162 246.50078342 0.03543071
339.75554180 246.97192147 0.04157307
338.84798363 247.45328254 0.05123106
337.96423638 247.92109636 0.06278806
337.08715814 248.38462383 0.06281291
336.22450616 248.84897334 0.05813597
335.39980053 249.28102792 0.05871433
334.60697037 249.71837454 0.05394275
333.82767955 250.14455229 0.05653780
333.07291169 250.56314832 0.06414105
332.33409493 250.98323421 0.07216472
331.59610699 251.38909565 0.07877038
330.88677374 251.78790867 0.07877342
330.18626395 252.17970651 0.08356555
329.48768089 252.56487451 0.09072474
328.81218863 252.93257984 0.09606949
328.16764228 253.28410387 0.09873353
327.52275805 253.61284940 0.09856137
326.89759872 253.93469755 0.09214724
326.27907823 254.23136046 0.09467415
325.66792227 254.51511432 0.09699064
325.08534114 254.77948908 0.09788615
324.52050908 255.02034711 0.09774369
323.98201957 255.24252133 0.09639869
323.45292335 255.43026893 0.09642383
322.95674276 255.58522642 0.09352060
322.45539914 255.70300560 0.09068063
321.97513387 255.79524985 0.08789829
321.49622416 255.86691167 0.08898404
321.01397142 255.90961784 0.09122180
320.54047338 255.92032859 0.09460772
320.09221646 255.88886308 0.10148790
319.65507380 255.81838087 0.10257804
319.22773958 255.72286401 0.09577299
318.80203945 255.59886034 0.09513632
318.39443817 255.43574606 0.10103387
317.98814557 255.23556301 0.09691705
317.58856415 255.00075452 0.09471306
317.21580163 254.75036365 0.09691578
316.83446052 254.46130532 0.09791559
316.44914647 254.13720172 0.08875159
316.07409689 253.78117668 0.08047878
315.72661584 253.39873807 0.06611266
315.36823194 252.99975236 0.05489602
315.01880798 252.56841092 0.04274692
314.67792038 252.12710165 0.04201911
314.33860693 251.66753965 0.04515401
313.98490434 251.18485357 0.04479637
313.65799674 250.68658549 0.03500829
313.31190530 250.16522096 0.02045679
312.97059244 249.62586320 0.00908310
312.62109544 249.07459310 0.00707845
312.28162815 248.51723555 0.00377898
311.91767456 247.91858262 -0.00105680
311.56371175 247.31986909 -0.00737974
311.19582783 246.70196388 -0.02037425
310.81863012 246.07894611 -0.02461489
310.43259816 245.42349918 -0.02473652
310.04825792 244.75529881 -0.02498694
309.64899029 244.05431673 -0.03084072
309.25376016 243.34321892 -0.03180864
308.84839524 242.62422556 -0.03490283
308.44911651 241.89548651 -0.02963711
308.03804298 241.14645795 -0.02859443
307.62639468 240.39246348 -0.01864332
307.20026644 239.60841188 -0.00930756
306.76967403 238.80825109 0.00836723
306.32906115 237.98999619 0.01023124
305.90276308 237.17515284 0.01645933
305.47186066 236.32021675 0.02040419
305.04180624 235.46167556 0.02141285
304.59439510 234.57431632 0.02201281
304.13763042 233.68889123 0.00941432
303.67639130 232.77793437 -0.00399725
303.21563019 231.85788417 -0.00857611
302.72523849 230.90864646 -0.00921052
302.24912160 229.96717748 -0.00896654
301.75630383 229.00099693 -0.02273203
301.28308570 228.04671849 -0.02895898
300.78089159 227.05922787 -0.02806179
300.28693026 226.08411308 -0.03838504
299.79891026 225.12562417 -0.04570501
299.31092566 224.17497355 -0.02992840
298.83783572 223.23502501 -0.02034012
298.37303006 222.28505906 -0.00660685
297.89721462 221.32761053 -0.00006730
297.43829646 220.37973141 0.00831643
296.95588264 219.41956945 0.00891319
296.46146129 218.45602453 0.01699585
295.95826305 217.48447084 0.02999446
295.46087409 216.51921053 0.04508487
294.95969986 215.54129335 0.04463812
294.48157932 214.59655825 0.04360296
294.00387119 213.66455823 0.04298671
293.52357637 212.71952216 0.03731062
293.04068425 211.76786950 0.04914486
292.53863772 210.80343589 0.05454574
292.05906807 209.85556261 0.05118742
291.56057026 208.88351965 0.04639266
291.04633521 207.87232654 0.04682481
290.51750521 206.85383478 0.04581135
289.97431896 205.82845366 0.05004692
289.44164770 204.83854738 0.04644196
288.91523961 203.84657476 0.03216422
288.39286568 202.85539212 0.01774514
287.86662047 201.86782012 0.01593315
287.35293659 200.90074879 0.01764625
286.83016156 199.92180006 0.02706983
286.31380611 198.93170907 0.02158361
285.78296920 197.92513583 0.02495657
285.25759314 196.90996384 0.03446054
284.73653495 195.89899286 0.03955498
284.20609068 194.87715491 0.05235106
283.68843600 193.87522084 0.05457667
283.16319524 192.88056958 0.05404398
282.63975850 191.88933337 0.04766334
282.10989442 190.88877035 0.03445338
281.58221922 189.91331867 0.02910050
281.04705585 188.92762707 0.02562757
280.49216648 187.90701657 0.02418571
279.93920130 186.88617596 0.02199560
279.39674827 185.87124130 0.02724595
278.84685689 184.85628882 0.03715962
278.31631307 183.85816401 0.05014625
277.78922974 182.87110284 0.05631647
277.23574506 181.84380575 0.05869200
276.71986915 180.86456748 0.04728890
276.18948058 179.85460315 0.04559855
275.64685325 178.81224025 0.04919833
275.10602971 177.77100076 0.06843247
274.57565060 176.74682098 0.08787678
274.03452196 175.70684123 0.09463286
273.50041512 174.68171011 0.09188511
272.95811636 173.64745040 0.08084967
272.42490689 172.61558290 0.07375874
271.88564981 171.57602344 0.07117726
271.37421210 170.57111375 0.06748424
270.85156386 169.55763184 0.06918497
270.33487585 168.54073449 0.07651054
269.80167474 167.52245281 0.09284461
269.26387061 166.47219657 0.10924101
268.72145649 165.41157666 0.11596337
268.19670216 164.38521190 0.12079318
267.68872618 163.38629504 0.10871140
267.18016831 162.40308610 0.09371960
266.66275609 161.41355202 0.09523416
266.14969594 160.42395622 0.09274500
265.63815496 159.42789148 0.11127156
265.12198353 158.42140248 0.12903943
264.60903141 157.41301762 0.13672787
264.11521633 156.42014223 0.13331859
263.62308890 155.44434003 0.12331204
263.11906286 154.44168124 0.10832906
262.63154665 153.45444918 0.07117227
262.14180240 152.47312283 0.05179928
261.66419029 151.51216867 0.03955305
261.20772590 150.56503142 0.03185496
260.73211973 149.61341112 0.03250375
260.25039614 148.65391738 0.05016742
259.77595295 147.71344771 0.06592512
259.31122980 146.76544128 0.07596558
258.85629397 145.83473167 0.07499421
258.40479602 144.91893347 0.06663486
257.96758965 144.01853311 0.04564095
257.53991255 143.12349815 0.03863113
257.09489676 142.20565445 0.03294071
256.67090321 141.29528684 0.03688656
256.24668122 140.39381342 0.04752642
255.83550125 139.50601393 0.06340759
255.40493798 138.61781149 0.08543511
255.02522189 137.78814378 0.07593789
254.67175645 137.01009629 0.07455518
254.31560648 136.22668538 0.07234074
253.96764862 135.45128510 0.08050204
253.61313925 134.65883732 0.08255083
253.28147867 133.91722832 0.08639309
252.95447995 133.17637097 0.09788945
252.63777398 132.45561906 0.10468344
252.33316262 131.76776090 0.11141634
252.04277101 131.09101568 0.11560390
251.77140407 130.43302014 0.11094093
251.51416865 129.78861908 0.10151346
251.27291331 129.19333836 0.11144628
251.04876160 128.59013380 0.11973087
250.82087301 127.99882150 0.12785611
250.59979915 127.42193252 0.12399333
250.38164240 126.86624613 0.12281742
250.16699635 126.33038864 0.11367530
249.94970622 125.80924806 0.10666233
249.74204011 125.31665948 0.09899465
249.52247008 124.81636098 0.08544648
249.31226711 124.35671750 0.07661201
249.11050002 123.93712048 0.07385611
248.88072944 123.52181176 0.07786534
248.67001414 123.12960440 0.08119712
248.42615494 122.75380279 0.08688540
248.17955898 122.36837162 0.08272959
247.91526695 122.01652126 0.08658893
247.64046776 121.67741007 0.08783657
247.35994508 121.34987154 0.09397273
247.07359269 121.03050816 0.09648160
246.76349703 120.74320119 0.10310214
246.44736103 120.44954679 0.10607033
246.11676912 120.17374421 0.10511682
245.76100878 119.93065239 0.10183941
245.37753606 119.66154759 0.09899544
244.99127059 119.43283971 0.09851551
244.58854992 119.20985445 0.08825484
244.18869360 119.02235053 0.08214322
243.76130952 118.84669975 0.06669571
243.32022684 118.71009740 0.04039295
242.88211926 118.61213334 0.01339197
242.44470108 118.53388331 -0.01032071
241.95980485 118.46776294 -0.01816314
241.47236450 118.44513719 -0.01323592
240.95484981 118.47080669 -0.02039083
240.40628471 118.50360434 -0.02052403
239.86876203 118.54970833 -0.02784892
239.29747243 118.63473496 -0.02566416
238.72122449 118.73680278 -0.01847656
238.14259406 118.86227494 -0.02108478
237.54016828 119.02543893 -0.02503212
236.94711754 119.19771945 -0.03620902
236.33436890 119.39069997 -0.04433317
235.68686764 119.63186678 -0.05256391
235.03480214 119.87620024 -0.05025566
234.38609045 120.15029509 -0.05848534
233.73069338 120.42516266 -0.05632969
233.04360005 120.71934890 -0.05914559
232.35819351 121.03070706 -0.05670205
231.65189464 121.35397816 -0.06436461
230.93069323 121.69640045 -0.08274826
230.21598950 122.05001023 -0.08594746
229.46986991 122.42492910 -0.08782459
228.72262404 122.81596763 -0.09491150
227.94295938 123.20790522 -0.09089765
227.17784949 123.60155874 -0.07646913
226.36483922 124.02004318 -0.06116551
225.51878521 124.42683091 -0.04891259
224.69338867 124.84819980 -0.04087731
223.81342069 125.29252995 -0.05021457
222.94093390 125.74411229 -0.06260032
222.07602538 126.18258888 -0.06433833
221.18644177 126.63815709 -0.06113750
220.27814106 127.11068023 -0.05735860
219.41421186 127.56436238 -0.04031527
218.52477742 128.07251482 -0.01882689
217.68141894 128.57750433 0.01512261
216.85636063 129.11242760 0.04242345
216.07244938 129.62339907 0.06562065
215.27620042 130.14971853 0.08277478
214.46247187 130.74895767 0.10452097
213.65439932 131.34952684 0.11655921
212.79979201 131.92432552 0.13759105
211.90874700 132.51017159 0.15278665
211.04282324 133.04988687 0.15771266
210.14808134 133.58946542 0.15062584
209.21302172 134.14408539 0.14698064
208.25629263 134.67186352 0.14340179
207.36665249 135.16604443 0.14889914
206.44709466 135.66832643 0.16638863
205.54410988 136.16409762 0.18919558
204.62238202 136.60965196 0.21322093
203.69237524 137.11029466 0.22051782
202.72886033 137.62335552 0.21205422
201.60485442 138.02515525 0.21427126
200.66027039 138.46594900 0.15911275
199.72927638 138.91751564 0.12802691
198.84060729 139.39755767 0.09230857
198.02165905 139.83697139 0.06943419
197.19088446 140.26262225 0.04769332
196.38540092 140.64185724 0.01229195
195.54508078 141.15772297 0.00651172
194.69220184 141.69520815 0.03585548
193.83025898 142.23108350 0.06147969
193.00599718 142.72928914 0.05676769
192.10718755 143.26620728 0.06813443
191.13969278 143.76736299 0.09334901
190.23210781 144.22884583 0.10987742
189.33499620 144.66585888 0.12744997
188.58858553 145.07485424 0.15047459
187.85445327 145.50140400 0.16447361
187.14618704 145.88826718 0.19382855
186.46530465 146.26348223 0.20399656
185.86072018 146.58060439 0.21885000
185.30266515 146.89139157 0.23693753
184.72620417 147.21322747 0.25099675
184.18275810 147.51800124 0.26211680
183.68593122 147.76727413 0.25794527
183.21638419 148.00551419 0.25608768
182.77868726 148.24490428 0.28273735
182.35401186 148.48363715 0.27873058
181.95665947 148.70585380 0.25107076
181.56996155 148.92651520 0.24636345
181.18551622 149.15486318 0.26208225
180.80325999 149.37927503 0.26424671
180.45366736 149.61550112 0.26095257
180.09205487 149.86038649 0.26069613
179.74254612 150.11137397 0.24492442
179.40323443 150.37354852 0.23528185
179.07825217 150.64875890 0.22811756
178.76564443 150.93149912 0.22946562
178.45255278 151.22742695 0.23213776
178.17017852 151.54090436 0.22089657
177.90638478 151.86403480 0.20164229
177.64812208 152.21649720 0.19396642
177.40836794 152.60531326 0.18552811
177.17567919 153.00633321 0.18191109
176.93164277 153.44504234 0.18360769
176.71636592 153.90407234 0.18448505
176.51957780 154.36519221 0.19344157
176.35784150 154.84180190 0.18846302
176.21479035 155.32967649 0.17965335
176.08446552 155.84341144 0.16476995
175.99120457 156.33593724 0.14417628
175.93196942 156.83565437 0.13329315
175.90791231 157.36055394 0.13670587
175.90278677 157.89085587 0.14904117
175.91525170 158.40539990 0.15809476
175.93699253 158.91350845 0.17171151
175.98125451 159.43011675 0.16990379
176.05218068 159.95810860 0.17820212
176.14578930 160.47508852 0.18048677
176.25016874 160.93867408 0.18038038
176.36039985 161.42875719 0.17683452
176.48316352 161.90105762 0.16669365
176.63458896 162.34151454 0.16152995
176.79979680 162.76680323 0.14764168
176.97896973 163.20857297 0.13436931
177.17059316 163.65551200 0.12203804
177.38223095 164.06895644 0.11901596
177.60093761 164.51777351 0.12579559
177.84036626 164.90352096 0.12549960
178.08059079 165.30256277 0.11209395
178.33366271 165.72371070 0.10276153
178.59173111 166.16900019 0.09310278
178.84948248 166.61328424 0.08704185
179.10131727 167.07241276 0.07652427
179.34168885 167.52414187 0.06127422
179.57655921 167.96707235 0.04675285
179.80519547 168.38400787 0.03272882
180.01476667 168.83285360 0.02789276
180.20880495 169.28888644 0.02575797
180.38971742 169.76083957 0.02597088
180.54860519 170.22173174 0.02788782
180.69950437 170.70292998 0.03028770
180.82965996 171.16378815 0.03451159
180.92393220 171.61536878 0.03212370
180.98513353 172.06172814 0.03441819
181.03696834 172.50245560 0.03036655
181.05182886 172.93450992 0.03081979
181.04098465 173.36935984 0.02225043
181.01054859 173.81501131 0.01595706
180.96548124 174.24060313 0.01829214
180.88726962 174.67062177 0.01240591
180.76056285 175.06859407 0.01376627
180.60803761 175.44654763 0.01138393
180.42776559 175.80802677 -0.00986588
180.27766154 176.14914136 -0.02072780
180.07932996 176.53544545 -0.04422579
179.84882210 176.91174999 -0.04938174
179.57928420 177.24525255 -0.05849287
179.26605320 177.56781139 -0.06069921
178.92903398 177.84997834 -0.07397572
178.57825248 178.15508843 -0.08152028
178.17512930 178.48432971 -0.09206625
177.72976670 178.76982604 -0.11461869
177.26347501 179.03503353 -0.14208503
176.79398646 179.29073052 -0.15656488
176.31187069 179.53129886 -0.18386651
175.82885217 179.78721868 -0.21129979
175.32549826 180.06527462 -0.22894360
174.79919410 180.32987493 -0.23764222
174.25300310 180.60711428 -0.24711596
173.67475344 180.88631136 -0.26659879
173.08847733 181.17933630 -0.28187476
172.47013913 181.45608232 -0.28442057
171.81977415 181.80271038 -0.29149743
171.16898786 182.12613461 -0.29549776
170.49739142 182.47436761 -0.30677761
169.81288649 182.80475014 -0.31596836
169.09828843 183.15648553 -0.31589617
168.36724470 183.53083451 -0.33326247
167.63035704 183.87992821 -0.33959245
166.87159411 184.25995587 -0.35220354
166.08283455 184.71395004 -0.36912178
165.32009209 185.05402607 -0.37397301
164.47732521 185.53531873 -0.38739963
163.65722668 185.93029848 -0.38840662
162.81520060 186.38322203 -0.38613656
161.97475640 186.80829132 -0.38717333
161.13048959 187.24586241 -0.40155483
160.25644215 187.69047058 -0.40585815
159.39731943 188.13900996 -0.41949351
158.51507148 188.59522961 -0.41494004
157.63094672 189.07453063 -0.41470190
156.74054949 189.54120924 -0.41699753
155.79209907 190.03021570 -0.43815518
154.85470776 190.51616887 -0.45181251
153.90654966 191.01438461 -0.47963587
152.97442038 191.50224330 -0.48068192
152.01733835 191.99853967 -0.48377341
151.06834517 192.49384248 -0.47738513
150.12158571 192.97978813 -0.46711440
149.19259878 193.45742828 -0.45893459
148.26949592 193.95801940 -0.45835451
147.32289048 194.46211615 -0.44918593
146.33159422 195.03435622 -0.43958421
145.39776532 195.57092998 -0.43686394
144.45064255 196.09041258 -0.44918776
143.48812510 196.61647577 -0.45356208
142.50486614 197.14829777 -0.46460854
141.49762491 197.68109006 -0.47681362
140.57917528 198.17584039 -0.49532044
139.64475963 198.68117203 -0.51418141
138.70223427 199.17296971 -0.52539521
137.79225953 199.66789951 -0.52902777
136.88104342 200.14846568 -0.52496074
135.96859515 200.63235044 -0.53097555
135.07913131 201.10035928 -0.53952111
134.20403519 201.56883210 -0.54146942
133.32026130 202.04623611 -0.54997593
132.43262559 202.51867051 -0.57138206
131.58753886 202.99243101 -0.58807805
130.76666674 203.44794610 -0.60750612
129.94404276 203.88032047 -0.62118610
129.15334528 204.32513335 -0.64339232
128.40213264 204.74907174 -0.64382488
127.64011075 205.17123973 -0.65824010
126.92025583 205.57631226 -0.67592943
126.21685827 205.99100692 -0.69031604
125.53240896 206.38047801 -0.69913623
124.89113911 206.74525282 -0.70623423
124.23522457 207.11148224 -0.70501089
123.60620322 207.44681243 -0.71309101
123.03508488 207.77032221 -0.72872870
122.49650676 208.07646538 -0.73756806
121.97045962 208.37988871 -0.74621932
121.47638796 208.67141170 -0.74316669
121.02213049 208.95653610 -0.75964225
120.59687944 209.22674805 -0.76525435
120.17917791 209.47150895 -0.77764387
119.82434328 209.70866328 -0.77869480
119.48085596 209.92319354 -0.77977322
119.15649251 210.13489394 -0.78715172
118.89149587 210.33235062 -0.79522585
118.63946323 210.51925310 -0.80060706
118.38033127 210.70583223 -0.80615176
118.14821442 210.88957181 -0.80256439
117.93158105 211.04012266 -0.80676537
117.72622151 211.19067207 -0.80160923
117.53049001 211.35179884 -0.80300007
117.35015927 211.51406429 -0.80475799
117.14130192 211.67579692 -0.80432543
116.95029702 211.82810421 -0.80695124
116.77783346 211.97576796 -0.80552107
116.59950876 212.14447585 -0.80392230
116.43148570 212.30143443 -0.79599905
116.25933565 212.47961802 -0.79316893
116.09439534 212.64708037 -0.79429960
115.92296432 212.81895296 -0.80404990
115.75177926 213.00908885 -0.81456727
115.56724848 213.20716433 -0.81445303
115.38801433 213.43772750 -0.80679043
115.19767141 213.68795718 -0.78942686
115.00128441 213.96049432 -0.79187202
114.79318809 214.24211173 -0.78203367
114.57802372 214.54382335 -0.78553761
114.39004371 214.89212880 -0.79255729
114.22061413 215.24004215 -0.79385452
114.07914497 215.62678630 -0.79813595
113.92779205 216.02727921 -0.80901920
113.79640183 216.44163961 -0.82532769
113.70253989 216.88072212 -0.85135613
113.61282669 217.34047239 -0.86650264
113.56182257 217.82431739 -0.88466655
113.55529974 218.36329729 -0.89038809
113.58768350 218.92153199 -0.89125830
113.65026424 219.46896975 -0.90065007
113.73046638 220.03051129 -0.91200991
113.84381440 220.61542371 -0.93472527
114.00014070 221.21704154 -0.94791419
114.19431854 221.83076503 -0.95270381
114.42458667 222.44700663 -0.96111403
114.70212854 223.08044771 -0.96661643
115.00173952 223.71689656 -0.96498988
115.34131272 224.37558414 -0.96508895
115.68886409 225.03329322 -0.96714395
116.06728404 225.72874262 -0.97255545
116.44781316 226.41855460 -0.97795847
116.84274140 227.16189045 -0.98728293
117.23090306 227.88150102 -0.99678569
117.64255292 228.62241884 -1.00091709
118.07048266 229.37731780 -0.99917190
118.50075154 230.13827971 -0.99859534
118.94854718 230.93327514 -1.01162852
119.39216892 231.73890974 -1.02099588
119.85027336 232.55051255 -1.03487335
120.30774184 233.40360110 -1.04540199
120.77660200 234.27446999 -1.05188299
121.25161893 235.15487480 -1.04739534
121.74108736 236.07788187 -1.04330073
122.24667188 237.00275418 -1.05605728
122.75382812 237.93641838 -1.07806134
123.27992763 238.91188576 -1.10166305
123.79456289 239.89496165 -1.11210480
124.32124611 240.92377228 -1.10520720
124.85400090 241.95397661 -1.09793935
125.38894990 242.98769563 -1.08470843
125.92771480 244.01334690 -1.09122347
126.48900143 245.03658097 -1.10759651
127.04490407 246.08214541 -1.13342591
127.62027290 247.14853463 -1.14852099
128.19584291 248.23008683 -1.14863730
128.76892412 249.32939860 -1.14184064
129.34009878 250.44604550 -1.13602481
129.90519335 251.55682559 -1.13742657
130.46927900 252.64479374 -1.14742885
131.01723474 253.73771456 -1.16214492
131.55734785 254.79907904 -1.16016595
132.09398684 255.87696341 -1.15312320
132.63050289 256.98425870 -1.14636294
133.17836930 258.08280659 -1.15395634
133.72170529 259.18070169 -1.15521390
134.28763715 260.31772117 -1.16082902
134.84945106 261.40192127 -1.16709531
135.37976404 262.49160229 -1.16714856
135.92911718 263.58615148 -1.15959555
136.46969442 264.68186112 -1.16723921
137.01900391 265.75418603 -1.15229764
137.57559697 266.84997881 -1.15127272
138.12113232 267.92039387 -1.15107336
138.65266034 268.96666952 -1.14157697
139.18129174 270.01782259 -1.14048032
139.70598025 271.04533294 -1.14687240
140.24259313 272.11549560 -1.14883350
140.78374234 273.19740263 -1.14368015
141.31287943 274.27594932 -1.14574316
141.84271410 275.32957056 -1.14554025
142.31621608 276.42078438 -1.10111252
142.83743005 277.41743847 -1.08503049
143.28521471 278.53728900 -1.18391089
143.80471010 279.62130224 -1.18597880
144.35642274 280.65688116 -1.19838945
145.08075278 282.03696164 -1.21973162
145.40130999 282.97002860 -1.26442973
146.15511604 284.41304761 -1.26332605
146.75400501 285.69034902 -1.29571634
147.06249931 286.93276690 -1.30504432
147.87886205 288.31267978 -1.27820635
148.29335688 289.07117243 -1.31544973
148.88794187 290.38142985 -1.29709794
149.42230458 291.21736264 -1.25094692
149.92024327 292.53725459 -1.24826143
150.37488927 293.95319260 -1.25950816
151.02979320 295.12338116 -1.20370443
151.62893109 296.37757647 -1.13028028
152.12763586 297.40850033 -1.08920012
152.74529439 298.46243855 -1.01076737
153.19308369 299.33223485 -1.05728641
153.42128981 299.98917658 -1.19602821
154.41647122 301.18575854 -1.03319242
154.56773107 302.13276108 -0.96920688
155.10882315 303.24496004 -0.94153477
155.64534776 304.50768155 -0.99270880
156.24979176 305.79347761 -1.02365340
157.17512919 306.97565313 -1.11158430
157.62188246 307.77254993 -1.13121648
158.13537903 308.77970520 -1.06976334
158.61975110 310.50082216 -1.12104731
159.32685944 311.69778490 -1.23039704
159.83351170 312.65090184 -1.16607124
160.34716247 313.88014921 -1.13209211
160.74854635 314.87828525 -1.09926369
160.78485557 315.61543940 -1.22973114
161.26412517 316.46284808 -1.25115019
161.56614957 317.18582777 -1.22017472
162.16146115 318.21004521 -1.23771713
162.60671218 318.85019309 -1.32169133
163.12297793 320.00455157 -1.29129749
163.42296349 320.82838275 -1.25519650
163.76537447 321.81886808 -1.69377766
164.07710408 322.64524979 -1.53237115
164.44277883 323.31478961 -1.38532888
164.67326172 324.11148658 -1.05719365
164.73723611 324.92712388 -0.73748654
164.82857287 325.58412524 -0.39840959
164.89953628 326.06728412 -0.30936915
165.12959240 326.50880392 0.01118245
165.34269457 327.05199228 0.37371328
165.45605797 327.51515074 0.55872443
165.52306547 328.05754710 0.84462341
165.52172724 328.73812241 1.44380252
165.48643485 329.32722486 1.91392252
165.56705753 329.62883689 2.15400777
165.37865576 329.94770782 2.34090100
165.16323460 330.05161554 2.30495197
165.02972596 330.03582046 2.67092372
164.83200891 330.08193916 2.70973876
164.44126924 330.16952932 2.73712326
164.13055723 330.23847710 2.62365023
163.83660171 330.27518530 2.52984198
163.60719311 330.30281770 2.44590007
163.38689066 330.16838643 2.50532479
163.17974968 330.15593624 2.38078176
162.69051016 330.29023421 2.29258467
162.64080262 330.24824510 2.04471818
162.44509589 330.32431509 1.77244351
162.23667993 330.31201341 1.52123178
161.91162100 330.34666386 1.28315244
161.57252311 330.48025864 1.00391440
161.43146552 330.65300606 0.68576629
161.23106448 331.04404157 0.31071372
161.29971781 331.40635675 -0.01713085
160.92281322 331.59173197 -0.31907368
160.81471267 332.17234792 -0.60500609
160.69480201 332.63287197 -0.84684440
160.60244610 333.14300687 -1.08842720
160.50711880 333.62175311 -1.36917608
160.41594462 334.12834744 -1.56568382
160.28922149 334.62720744 -1.70697266
160.19154516 335.08509662 -1.83687180
160.08694850 335.52158540 -1.92361033
159.96586912 335.98758436 -1.98434721
159.82501765 336.46049118 -2.01331490
159.63919669 336.90534142 -2.01916455
159.42052884 337.33887711 -1.97008733
159.14829081 337.77226222 -1.89588298
158.86045021 338.22779586 -1.82632670
158.58710448 338.69400121 -1.75435411
158.26126674 339.09842682 -1.66605679
157.86160120 339.55092211 -1.55249392
157.38578775 339.99454657 -1.46326952
156.87663901 340.43659200 -1.36414196
156.23333018 340.90648231 -1.25345962
155.53478312 341.36954165 -1.16278335
154.74805175 341.85467120 -1.09354065
153.88765915 342.38627604 -1.03928254
153.03453705 342.87289240 -0.98308383
152.15764770 343.36390115 -0.94653122
151.28861424 343.84261020 -0.92606844
150.41631405 344.33487076 -0.91239007
149.57449705 344.80504595 -0.89228018
148.73285798 345.26886867 -0.88425342
147.89209126 345.73693076 -0.87184244
147.00730735 346.21552253 -0.85463538
146.11766584 346.68645906 -0.84676383
145.21611149 347.17474400 -0.83783918
144.32424586 347.66868848 -0.83393528
143.41840261 348.16463276 -0.82268287
142.51214272 348.66422980 -0.80739122
141.58307466 349.17468398 -0.80470395
140.63606208 349.68806807 -0.79903053
139.68182085 350.20431730 -0.79858987
138.72308417 350.71279086 -0.79980410
137.73734419 351.22925362 -0.80145423
136.74032331 351.75067070 -0.80755195
135.73365177 352.27380981 -0.79841426
134.74484193 352.79110571 -0.79695339
133.77457698 353.29187032 -0.78163516
132.80115880 353.78372782 -0.76715220
131.81987546 354.28083978 -0.75417493
130.82423702 354.78890452 -0.73323964
129.83424897 355.29315323 -0.71110991
128.86271196 355.79312412 -0.68802633
127.89527114 356.28659631 -0.66345332
126.86787559 356.80871574 -0.64737638
125.89065577 357.30876156 -0.62951425
124.90404145 357.80721997 -0.59806848
123.92622532 358.30094138 -0.54704596
122.96658924 358.78825832 -0.53085383
122.02299384 359.26059410 -0.50863598
121.07204355 359.75187931 -0.49611902
120.14853545 360.22749489 -0.47221113
119.20592366 360.71090671 -0.44466938
118.28019711 361.19820317 -0.42194160
117.38166281 361.70099258 -0.41884789
116.59418175 362.35782504 -0.24044661
115.69528739 362.83250409 -0.24616497
114.88952515 363.25521655 -0.25012157
114.06043666 363.68485564 -0.26558531
113.22445165 364.10293877 -0.27144876
112.41807143 364.53110688 -0.29350518
111.72770222 364.92189504 -0.38734534
111.03991408 365.37835366 -0.51996742
110.90518885 365.49718640 -0.64653794
110.43580234 365.89609045 -0.90048303
109.35018571 366.42328573 -0.73519947
108.40326537 366.99278565 -0.89115644
107.65646396 367.43131795 -0.98876073
106.89577576 367.91851654 -1.08755817
105.93067194 368.45399252 -1.01392200
105.55817711 368.66032947 -0.96591691
105.10572431 368.94525288 -0.93620889
104.55381526 369.30399719 -0.93264138
103.96342117 369.68924786 -0.91799188
103.22290737 370.12043392 -0.78172863
102.74237510 370.60427685 -0.86823322
102.00409540 371.13252478 -0.78094808
101.61504632 371.62008604 -0.77185680
101.64345655 372.20474766 -0.98416911
100.92537698 372.68738687 -1.00191849
100.38627917 373.29007465 -1.13219445
99.72014286 373.81825974 -1.17223292
99.07358315 374.41028000 -1.27509745
98.47092016 375.11998449 -1.47945197
97.88785018 375.89892494 -1.69770523
96.97208396 376.78595746 -2.02963287
95.96391144 377.00158069 -1.92726362
95.04652392 377.39624744 -1.90280603
94.03713208 377.84601290 -1.89985522
92.99298886 378.26402370 -1.89221335
91.96155191 378.70286019 -1.88276049
90.91768473 379.14519790 -1.82218717
89.79048597 379.56871156 -1.73025231
88.62914745 380.00261347 -1.65396790
87.50537336 380.45451214 -1.63051849
86.33199047 380.92860430 -1.58131327
85.11807530 381.46073599 -1.53689580
84.00270119 382.00297286 -1.49973299
82.70016587 382.52219851 -1.44351808
81.62453462 383.04542525 -1.44503137
80.57648253 383.56014661 -1.44697453
79.52620643 384.10216028 -1.45432302
78.49908416 384.62412850 -1.45902840
77.45676294 385.14174289 -1.45401379
76.41804188 385.67551627 -1.45323533
75.36698704 386.19870979 -1.44561136
74.31814525 386.71922104 -1.45274812
73.28255939 387.24503848 -1.46320763
72.21439541 387.78855676 -1.44977204
71.15463629 388.31251123 -1.44183377
70.08020260 388.81733795 -1.42942493
68.96570663 389.33177865 -1.41601027
67.85123488 389.84704630 -1.40696560
66.76327675 390.33416686 -1.37214853
65.66501360 390.84516700 -1.34118385
64.56243156 391.35698320 -1.30193076
63.44559265 391.88501203 -1.28698025
62.25820918 392.46691942 -1.29553526
61.13980898 392.97551359 -1.29678014
60.04854902 393.48381570 -1.29587517
58.97825925 393.98833695 -1.29719315
57.89958063 394.50357595 -1.28456439
56.85067145 395.00708140 -1.26747747
55.78529613 395.51865816 -1.25947892
54.75124509 396.01415299 -1.25116163
53.70841946 396.50058736 -1.23851589
52.65437841 396.97545321 -1.22787866
51.61315132 397.46143593 -1.22116308
50.58663059 397.93921323 -1.20291027
49.53064916 398.42661797 -1.18661688
48.48825220 398.90904265 -1.17160991
47.48086615 399.36996845 -1.14499975
46.45939691 399.83044401 -1.11511347
45.43662168 400.30502192 -1.10094395
44.44499886 400.75520368 -1.09716131
43.46519056 401.21343061 -1.08448551
42.48265825 401.67682614 -1.07669070
41.51495245 402.14189682 -1.06167185
40.53634586 402.60003156 -1.05083453
39.56509439 403.05957692 -1.04124377
38.59048748 403.52672047 -1.01746703
37.60134174 403.98687814 -0.99783602
36.63906838 404.43977371 -0.97838586
35.67251324 404.90044603 -0.96591541
34.68430027 405.35868706 -0.95411645
33.69735809 405.82758257 -0.92807298
32.70201933 406.31756693 -0.91730117
31.72390039 406.79261567 -0.90014638
30.74895313 407.28924419 -0.89144285
29.78374244 407.77593381 -0.87806203
28.81631900 408.26831673 -0.85928710
27.84448442 408.80057262 -0.84066891
26.87715059 409.31115512 -0.81905996
25.89169133 409.83273928 -0.79494952
24.90448059 410.36848805 -0.79528659
23.91211254 410.90722938 -0.78981738
22.94465203 411.39933944 -0.77664460
21.97411671 411.92389534 -0.77569551
21.00868203 412.44524953 -0.76472389
20.01336187 412.99480188 -0.76766238
19.02077257 413.54401693 -0.77633246
18.04933790 414.07654966 -0.77716024
17.07929141 414.61723917 -0.77628687
16.09536712 415.16462496 -0.76520578
15.12389093 415.72090367 -0.76466337
14.15456978 416.27710897 -0.76034809
13.18610556 416.83917971 -0.75845416
12.20969232 417.39344292 -0.75468240
11.23818354 417.95931332 -0.75462505
10.26783623 418.53519834 -0.74758747
9.29488039 419.11093348 -0.74475242
8.33603260 419.68155828 -0.74536224
7.37704399 420.25782476 -0.74998841
6.39148969 420.84219120 -0.74647433
5.40818312 421.42736225 -0.74369249
4.43374026 422.01824942 -0.74886921
3.47174243 422.61408437 -0.75602820
2.51018469 423.19744865 -0.75744195
1.54597737 423.78901485 -0.75718088
0.60270299 424.37279479 -0.75859375
-0.31598924 424.94369604 -0.76164943
-1.21159516 425.51959926 -0.75956415
-2.09956162 426.09220812 -0.75547895
-2.97649452 426.67360490 -0.75961749
-3.82464211 427.25115481 -0.76325353
-4.65233243 427.82036732 -0.76804273
-5.46332617 428.39060468 -0.76764588
-6.28497784 428.96441072 -0.77617568
-7.10207377 429.54081442 -0.78139163
-7.89352784 430.09742665 -0.78956965
-8.66682328 430.65271016 -0.80395640
-9.41339158 431.18665858 -0.81818979
-10.14858583 431.71605749 -0.81567515
-10.86226096 432.23911877 -0.80148490
-11.55082415 432.74604060 -0.78642828
-12.21410666 433.22681003 -0.78810565
-12.85830820 433.69903432 -0.79994890
-13.48961445 434.17555708 -0.80504458
-14.08196657 434.63500915 -0.80397290
-14.64259225 435.09158693 -0.81548244
-15.18488653 435.52970504 -0.83541328
-15.70129912 435.96654440 -0.84229366
-16.17868175 436.41679036 -0.84493074
-16.64641134 436.86888866 -0.84042396
-17.08422710 437.31121908 -0.84513085
-17.50835367 437.74383050 -0.86032288
-17.92984635 438.16304265 -0.87110599
-18.32022266 438.57446667 -0.89013285
-18.70591408 438.97958862 -0.90798683
-19.07668611 439.36629368 -0.91623083
-19.43392148 439.74333324 -0.92952426
-19.77782158 440.10842722 -0.94271545
-20.10048200 440.44029455 -0.93897720
-20.42786978 440.77217148 -0.95359726
-20.73331704 441.05554031 -0.95112736
-21.03855987 441.35269874 -0.96015959
-21.33499732 441.64320024 -0.96637621
-21.61914507 441.90654045 -0.96053092
-21.90947223 442.16151556 -0.96154603
-22.20855821 442.41416264 -0.95568292
-22.51930993 442.68550974 -0.96002883
-22.82127835 442.92789467 -0.95926974
-23.13393899 443.18063333 -0.95601093
-23.44846867 443.41859209 -0.95453285
-23.75453390 443.63729349 -0.95059639
-24.05482332 443.83424109 -0.93856574
-24.38223893 444.04609830 -0.92364743
-24.70710408 444.25012384 -0.91605460
-25.04958043 444.45237066 -0.90645364
-25.39813097 444.67371336 -0.89222993
-25.75448735 444.89056677 -0.87737393
-26.10740094 445.10251704 -0.86608824
-26.45148557 445.30664274 -0.84863034
-26.81100147 445.52229364 -0.83834337
-27.14664334 445.73955930 -0.83136582
-27.50750053 445.96295736 -0.81834218
-27.85319744 446.20013925 -0.80925563
-28.19044692 446.42806388 -0.80030506
-28.51483657 446.65148904 -0.78715518
-28.85738028 446.89742996 -0.77351112
-29.19121843 447.13830433 -0.77168184
-29.52825569 447.38444118 -0.76872798
-29.84377700 447.64522266 -0.76324375
-30.13969590 447.89873260 -0.76009307
-30.42780836 448.14989148 -0.75957918
-30.69246009 448.38548207 -0.76062940
-30.95085993 448.61914553 -0.76364212
-31.19345574 448.83293729 -0.77534656
-31.40812833 449.05432409 -0.79409375
-31.62322657 449.28034036 -0.79483053
-31.82111054 449.49968612 -0.78588394
-32.04724142 449.71386086 -0.77903790
-32.26505101 449.92014349 -0.76987697
-32.47636685 450.11433520 -0.77095459
-32.68523220 450.30250953 -0.77510561
-32.90956983 450.50550306 -0.77875366
-33.13888646 450.69061208 -0.78127846
-33.37831956 450.88240595 -0.77844030
-33.62891742 451.07343716 -0.77369518
-33.89100668 451.24950726 -0.77247379
-34.16869166 451.41629036 -0.77231966
-34.45723558 451.59122077 -0.79249719
-34.75415555 451.75302090 -0.79112626
-35.05334655 451.90611784 -0.79106775
-35.37816757 452.02942436 -0.77619715
-35.71201196 452.12940461 -0.77880750
-36.07040140 452.22445250 -0.79427874
-36.45896568 452.29657585 -0.79595143
-36.86171138 452.33229807 -0.80440149
-37.26755961 452.35471393 -0.79615773
-37.69444712 452.34824356 -0.78145146
-38.13109029 452.32175580 -0.76006296
-38.58115004 452.25514495 -0.74969082
-39.05913729 452.16260945 -0.72931294
-39.52798552 452.03223835 -0.70761558
-40.02442323 451.86643633 -0.68370303
-40.49339408 451.67168211 -0.66947272
-40.98945495 451.43231634 -0.65099191
-41.49543975 451.13811214 -0.63563885
-42.01621338 450.81438920 -0.62094000
-42.53414929 450.45663457 -0.59930205
-43.07645834 450.05299171 -0.58284377
-43.61021999 449.62478705 -0.57461863
-44.16056233 449.14854312 -0.56942783
-44.69407354 448.66390088 -0.56608567
-45.22336996 448.14272714 -0.56618246
-45.75730918 447.57118845 -0.55668148
-46.28721913 446.97309469 -0.54432759
-46.82544495 446.32212422 -0.52547401
-47.33903722 445.65558275 -0.51558466
-47.86326944 444.95292337 -0.50355204
-48.37705384 444.22196291 -0.50201622
-48.89241725 443.48338790 -0.50360097
-49.43167641 442.70245773 -0.51374808
-49.96681557 441.90284085 -0.50295274
-50.50863152 441.09095881 -0.49065847
-51.07828884 440.24667996 -0.48673089
-51.63918371 439.41689130 -0.47504953
-52.24510591 438.53219541 -0.46687135
-52.84692390 437.65886869 -0.45487399
-53.46537348 436.76967201 -0.45933994
-54.07405101 435.84709332 -0.45703096
-54.69206359 434.95771090 -0.45125524
-55.32456153 434.03126683 -0.46837495
-55.96661897 433.09057007 -0.48029864
-56.61465043 432.13879633 -0.49429004
-57.25914111 431.18862584 -0.50041902
-57.91116900 430.22397783 -0.50287147
-58.56491638 429.25429093 -0.50307811
-59.22628978 428.28317995 -0.50023061
-59.90886146 427.29911878 -0.51188796
-60.56860341 426.32614925 -0.53072503
-61.23238239 425.36278863 -0.55612145
-61.88337512 424.37889017 -0.56672818
-62.54447178 423.40598288 -0.56718256
-63.22426375 422.41659787 -0.55453522
-63.88259595 421.40649891 -0.54698551
-64.53733904 420.41087715 -0.53652000
-65.18315642 419.42490568 -0.54781953
-65.82744208 418.44672059 -0.55105254
-66.45781116 417.46106334 -0.55517535
-67.08082864 416.48470562 -0.56553961
-67.70152622 415.49230145 -0.57142523
-68.32796080 414.49399924 -0.58214028
-68.96232720 413.51739939 -0.57867826
-69.58161395 412.54244921 -0.58743622
-70.17375890 411.57697821 -0.60442905
-70.79022057 410.55909740 -0.62087619
-71.38828561 409.54022474 -0.63082260
-71.99677398 408.47826892 -0.62246320
-72.61178189 407.42240763 -0.63171164
-73.22975324 406.34840171 -0.63770658
-73.83201999 405.30346481 -0.64848035
-74.42755877 404.23506622 -0.65438403
-74.99216084 403.18673925 -0.65356987
-75.62654954 402.10032074 -0.68117440
-76.27976742 400.91571236 -0.70146939
-76.87323441 399.85254850 -0.70913662
-77.44312715 398.83092802 -0.71359453
-78.02004495 397.79734697 -0.73183236
-78.57005580 396.80078756 -0.72636854
-79.11413321 395.80488608 -0.71910859
-79.67289044 394.78743659 -0.72328282
-80.23536258 393.77610228 -0.71675311
-80.77623577 392.76875061 -0.72235482
-81.31961396 391.76769013 -0.73255739
-81.85824135 390.76296773 -0.72115640
-82.38996135 389.77094494 -0.72729163
-82.91354024 388.77535959 -0.72519760
-83.44288109 387.75650155 -0.72338686
-84.01078309 386.73003877 -0.69706723
-84.54568755 385.69953942 -0.69490696
-85.11309488 384.62279745 -0.68560182
-85.65056086 383.57573646 -0.68296455
-86.19564229 382.50591412 -0.68576847
-86.72772023 381.41581599 -0.69059553
-87.25248791 380.35395382 -0.69155314
-87.76827794 379.29416210 -0.69452862
-88.27275182 378.18023793 -0.70732377
-88.77980634 377.04679683 -0.71562407
-89.28778911 375.90008913 -0.72092997
-89.79812062 374.71873308 -0.72895717
-90.28270324 373.54957313 -0.72900794
-90.75084116 372.35989051 -0.72326102
-91.21486189 371.15123488 -0.72735071
-91.67227767 369.91722268 -0.72925259
-92.11835219 368.68878569 -0.72461403
-92.54370348 367.47455533 -0.72100284
-92.95012333 366.28695642 -0.71968360
-93.35040842 365.06654995 -0.72757574
-93.73573148 363.86486955 -0.72644741
-94.11517144 362.63478697 -0.72741914
-94.48279919 361.42896608 -0.72409876
-94.83742837 360.22678483 -0.71098698
-95.17238950 359.03064635 -0.70029804
-95.51638854 357.83644085 -0.70577937
-95.84921882 356.61588970 -0.69756244
-96.16952560 355.39009715 -0.70542312
-96.49672483 354.15969700 -0.69816191
-96.82048075 352.90865126 -0.70012447
-97.12981705 351.67795870 -0.69536657
-97.41781294 350.42096489 -0.69087776
-97.70593757 349.16085238 -0.70133445
-97.98079236 347.91147775 -0.71003302
-98.24794534 346.72433138 -0.71520212
-98.49849130 345.51106958 -0.73594392
-98.74651559 344.32568829 -0.74278753
-98.98515164 343.15036996 -0.73422741
-99.22100558 341.98533849 -0.72847953
-99.45460522 340.80467564 -0.73446985
-99.69175635 339.60034941 -0.73031903
-99.92668979 338.39236953 -0.72526640
-100.14074716 337.21409699 -0.72326088
-100.36494991 336.03540869 -0.72180754
-100.58484022 334.85045782 -0.72539252
-100.78425330 333.69110745 -0.72235336
-100.99543044 332.49187141 -0.72293654
-101.19826301 331.27581911 -0.72359748
-101.40889933 330.09213118 -0.72801959
-101.59493005 328.90406289 -0.72983509
-101.79557215 327.67476754 -0.74070171
-101.98678878 326.45317331 -0.75072384
-102.15471201 325.29220730 -0.75581857
-102.33501452 324.10800849 -0.76128493
-102.50486039 322.91974708 -0.76069519
-102.66479253 321.71466568 -0.75707159
-102.81659448 320.49971166 -0.75037250
-102.97980846 319.27461558 -0.74791427
-103.14833395 318.04659143 -0.74888917
-103.30375826 316.86317279 -0.75540910
-103.46920826 315.64240750 -0.76481673
-103.63756668 314.41485286 -0.76958105
-103.79900106 313.19837300 -0.77823970
-103.99435545 311.96766472 -0.78039323
-104.16041190 310.74907524 -0.79177451
-104.32002913 309.53803635 -0.78806666
-104.48146915 308.37083570 -0.78685344
-104.64035135 307.18699042 -0.78143763
-104.78585516 305.98204541 -0.77343616
-104.91520110 304.78399899 -0.77522184
-105.05369741 303.56759510 -0.77568384
-105.21119775 302.35510421 -0.77989374
-105.35022230 301.11797897 -0.77989781
-105.48023656 299.86786747 -0.77482221
-105.62599650 298.63197728 -0.77563612
-105.75872099 297.41835824 -0.75528430
-105.90430716 296.20234197 -0.73334561
-106.05173174 294.95495083 -0.72236850
-106.16839987 293.76013160 -0.72399098
-106.30328094 292.52030329 -0.73221503
-106.43849646 291.32281541 -0.71024149
-106.55950045 290.14856604 -0.70640804
-106.67322359 288.96859002 -0.69334966
-106.76948428 287.78644638 -0.68971235
-106.87711913 286.59360162 -0.67014593
-106.95457594 285.41823835 -0.65717057
-107.04612273 284.23454192 -0.64480040
-107.11668807 283.02973191 -0.64134789
-107.19338516 281.86354661 -0.64020846
-107.27303274 280.71902698 -0.63708251
-107.34697131 279.55178181 -0.63832954
-107.43128253 278.35677728 -0.63892155
-107.50755856 277.18953214 -0.63583807
-107.56958760 275.99090587 -0.64395265
-107.60681933 274.81379648 -0.63203273
-107.63532792 273.60303838 -0.65317079
-107.66549294 272.40854814 -0.63912219
-107.70078768 271.23337508 -0.64022936
-107.73501831 270.06373651 -0.62704120
-107.77428003 268.82955647 -0.63677047
-107.82328225 267.59589621 -0.62232661
-107.83520559 266.36361659 -0.62032034
-107.87282930 265.17308595 -0.62384853
-107.88143543 263.99189526 -0.60890162
-107.88460323 262.74112748 -0.60119627
-107.86771540 261.52627089 -0.57828366
-107.85967339 260.34286079 -0.57654943
-107.81877367 259.12817542 -0.56163304
-107.80096500 257.93135325 -0.55399534
-107.75908379 256.71262326 -0.54976841
-107.72633448 255.42737098 -0.55577888
-107.67257897 254.22506027 -0.54714546
-107.65877590 252.99618167 -0.54600045
-107.62562620 251.76615803 -0.54177498
-107.61624828 250.55166891 -0.53091782
-107.58644808 249.31922706 -0.51017857
-107.54482592 248.11633965 -0.49314921
-107.48797609 246.87630775 -0.47937357
-107.42989620 245.64858918 -0.47420911
-107.37927987 244.47341841 -0.46923261
-107.29739219 243.29821621 -0.45524798
-107.21072072 242.13020028 -0.44510750
-107.12816261 240.96263887 -0.43808661
-107.04464802 239.78507790 -0.42909826
-106.95697370 238.61670477 -0.40966233
-106.85248539 237.44710558 -0.40207998
-106.73951327 236.24889083 -0.38568967
-106.64991654 235.08686961 -0.37278739
-106.54431189 233.90175833 -0.36350240
-106.42475607 232.69550007 -0.34940990
-106.28774496 231.50582172 -0.33639410
-106.14331065 230.30112546 -0.32772872
-105.99522416 229.08491473 -0.30804680
-105.84864751 227.88269538 -0.28585168
-105.69349368 226.66080114 -0.27687476
-105.50491721 225.45980913 -0.27748935
-105.31079007 224.26060649 -0.27401942
-105.13152214 223.05038314 -0.26821094
-104.93172530 221.80594341 -0.27184785
-104.73544051 220.55660894 -0.27232459
-104.54513665 219.31316326 -0.25471528
-104.33598837 218.11741934 -0.23015046
-104.13202002 216.92154524 -0.21353511
-103.91245819 215.68924421 -0.21686876
-103.68525020 214.47528527 -0.21247660
-103.45053697 213.23428249 -0.21530991
-103.19432906 211.97969468 -0.23018003
-102.92922081 210.71234096 -0.23152828
-102.65425349 209.48657996 -0.23482515
-102.35947400 208.24346603 -0.23648962
-102.06464095 206.96203679 -0.24660068
-101.76547589 205.66674829 -0.25555357
-101.47538595 204.40049618 -0.25906318
-101.18089413 203.11063309 -0.25662391
-100.88540354 201.84477156 -0.25777139
-100.57379384 200.60306418 -0.25401030
-100.29265280 199.39755213 -0.24367535
-99.98925072 198.17642504 -0.24161490
-99.68591189 196.91973033 -0.24796847
-99.35886864 195.65685868 -0.24826138
-99.03414642 194.38374652 -0.24700275
-98.69912708 193.15064604 -0.22911201
-98.36954830 191.92748090 -0.22118235
-98.02228030 190.70772527 -0.21672739
-97.64940349 189.51989487 -0.21169563
-97.28153782 188.30381118 -0.22040553
-96.90152950 187.08455107 -0.21811233
-96.54399454 185.86384956 -0.21298751
-96.10654165 184.54163071 -0.21205809
-95.60734552 183.10906823 -0.19795897
-95.10343529 181.64756080 -0.19725222
-94.53985296 180.13324879 -0.20400679
-93.99447043 178.67201862 -0.21376635
-93.39202077 177.18275067 -0.21880902
-92.89647406 175.82021055 -0.22007713
-92.44394697 174.52635931 -0.21891731
-92.01336391 173.26254083 -0.20936332
-91.56753378 171.98305156 -0.21251198
-91.11925009 170.70317385 -0.21499105
-90.70496483 169.42864296 -0.23018619
-90.29909963 168.17172527 -0.25088891
-89.88168205 166.89134670 -0.26112689
-89.46207407 165.59190708 -0.26023818
-89.05905235 164.36518458 -0.25482511
-88.66599758 163.09749376 -0.24834358
-88.27323537 161.85212681 -0.25443521
-87.86292432 160.59686784 -0.26092947
-87.45512676 159.34084492 -0.26274069
-87.05701695 158.09954647 -0.26648302
-86.65008984 156.86283173 -0.26969094
-86.25405462 155.61179053 -0.27688246
-85.86267231 154.36156676 -0.27329254
-85.47191165 153.12879954 -0.26245924
-85.07659491 151.88383719 -0.25729245
-84.67572075 150.64166194 -0.24870940
-84.29320361 149.39488125 -0.23611108
-83.90869895 148.16008423 -0.22877735
-83.51749025 146.93280014 -0.21584713
-83.10960059 145.66652463 -0.20282334
-82.71865613 144.42899457 -0.20197801
-82.31921506 143.22531249 -0.19444495
-81.93801964 141.96510516 -0.18435522
-81.55800608 140.73136947 -0.17677631
-81.15561839 139.47968196 -0.17318880
-80.76028926 138.22569603 -0.18206489
-80.37140249 136.95688499 -0.17721718
-79.97683412 135.72190932 -0.17734673
-79.59610535 134.50227999 -0.17421250
-79.19850236 133.25142436 -0.16942995
-78.80015668 131.95952485 -0.17438605
-78.39847863 130.68217150 -0.17158973
-78.02502776 129.41767116 -0.17143429
-77.62933101 128.18028999 -0.16630664
-77.24054270 126.94347104 -0.14928386
-76.85715417 125.70843733 -0.13618383
-76.46460369 124.47389276 -0.12435244
-76.07715802 123.22589753 -0.11092461
-75.70252490 121.99196829 -0.10968007
-75.30054073 120.74252905 -0.10571893
-74.92268523 119.50429717 -0.10270640
-74.52743332 118.25330639 -0.10727740
-74.11840911 117.03333537 -0.10959432
-73.72319150 115.79338135 -0.11206423
-73.34502316 114.57655745 -0.11247791
-72.96404172 113.34663675 -0.10585209
-72.58585126 112.12279902 -0.09818506
-72.21206868 110.86843458 -0.09582161
-71.84072370 109.60881504 -0.10616814
-71.45840336 108.34435919 -0.10753477
-71.09276244 107.06141125 -0.11410215
-70.71587532 105.78764182 -0.10728335
-70.35156243 104.51280034 -0.09863265
-70.00265713 103.26086845 -0.09343221
-69.61938545 101.97406380 -0.07819842
-69.25559655 100.74249125 -0.08130635
-68.88977800 99.47215295 -0.07465603
-68.52000010 98.17421884 -0.07918868
-68.15927662 96.87080000 -0.08937825
-67.80155763 95.59875463 -0.08913665
-67.45234649 94.31869668 -0.08774324
-67.10839918 93.04933960 -0.07226243
-66.76617084 91.78822245 -0.07084177
-66.41569005 90.51902779 -0.08620485
-66.07289894 89.24463426 -0.09687303
-65.70886628 87.94776690 -0.09100117
-65.35675311 86.64561671 -0.09317717
-65.01266304 85.33565147 -0.08138594
-64.69159349 84.07642921 -0.07833554
-64.35669520 82.81096730 -0.07454099
-64.05101713 81.53475644 -0.06959628
-63.75079913 80.27140166 -0.06289094
-63.45144554 79.01645305 -0.04652062
-63.13922004 77.74192403 -0.03360935
-62.82549511 76.42101936 -0.02205842
-62.52236099 75.12288525 -0.01723257
-62.24456974 73.84775940 -0.01520126
-61.97231338 72.58754609 -0.00798432
-61.67724066 71.33501322 0.00427567
-61.42113701 70.06367845 0.00755816
-61.13412496 68.81661070 0.03046161
-60.82425021 67.54097105 0.05866978
-60.54342716 66.22891741 0.07729212
-60.31075993 65.25093810 0.09159140
-60.10179822 63.75548326 0.11206528
-60.05333298 63.31760371 0.14969626
-59.47486661 63.06995540 0.10830231
-59.18012968 62.02564059 0.14967139
-59.29250986 60.29923753 0.34368674
-59.17192826 58.93673944 0.42177663
-58.86803100 57.76635316 0.34513238
-58.57648154 56.29247272 0.36468970
-58.18444283 54.88238807 0.37062843
-58.28223293 53.43510048 0.45943674
-58.18727576 52.47874354 0.53325465
-57.88966479 51.11999256 0.51936350
-57.63679301 49.94875721 0.52402650
-57.25801342 48.71932270 0.62855767
-57.02369789 47.66995153 0.53923235
-56.39307370 47.19730274 0.52699135
-55.88988661 46.19279953 0.55683505
-55.80300075 46.24727140 0.60418962
-55.53684785 45.02758113 0.60436547
-55.07145381 43.53581031 0.59812934
-54.58838182 42.33967373 0.71776226
-54.40829854 40.59713334 0.67657196
-54.26280223 38.84532348 0.80037247
-53.90148689 37.46437775 0.83705135
-53.63845814 36.10361894 0.84191983
-53.38740760 34.68032983 0.92658415
-53.14583396 33.43451123 0.91997219
-52.84968002 32.16994915 0.92122658
-52.60608062 31.08755986 0.89567839
-52.14654996 30.27906204 0.93575494
-51.93639368 29.17696859 0.94967181
-51.70208523 28.00675795 0.93921455
-51.12782484 26.53149005 0.93888833
-50.59514605 25.14788613 0.97146811
-49.98650157 23.70169452 1.06059624
-49.41367664 21.63571674 1.07225982
-49.02681611 20.63844056 1.07787520
-48.62870525 20.03450805 1.14221267
-48.39950579 19.56811718 1.23771449
-48.00982794 18.01146037 1.26161802
-48.10322767 17.88012753 1.33177050
-48.12750931 17.42790161 1.55182561
-47.90924869 16.24112497 1.60283497
-47.73273507 15.81067381 1.59654122
-47.39423125 15.26339384 1.68136416
-46.77061750 16.05730212 1.79655967
-46.27893043 14.61894042 1.88471268
-45.99414340 13.87987168 1.92410414
-45.37690822 12.31797790 2.05120298
-44.95522728 11.80077388 2.12144861
-44.51271821 11.16098294 2.19036539
-43.93846001 10.29493290 2.32797758
-43.61685218 9.68977660 2.43575355
-42.74910148 8.77316180 2.51649149
-42.37415470 8.69359210 2.62434213
-41.76345536 7.86166877 2.77143527
-41.13459542 7.12826692 2.82905119
-40.57531875 6.70244335 2.99600685
-40.14280938 6.01407044 3.10931252
-39.58523721 5.15456055 3.18659721
-38.80668797 4.11052243 3.25440300
-38.07265702 3.10810572 3.32409374
-37.31528063 2.54036898 3.40736638
-36.63749427 1.53423493 3.48421642
-36.24518512 1.07462215 3.65681699
-35.52088816 0.25236430 3.72028345
-34.98641279 -0.00941363 3.76670338
-34.33921509 -0.34882908 3.79643084
-33.54162659 -0.87662338 3.83682511
-32.76152650 -1.55392764 3.86511101
-31.92533076 -2.10320348 3.89346278
-31.24359664 -2.49419936 3.88808284
-30.53918973 -2.82162865 3.87585390
-29.80785681 -3.10833522 3.84445381
-29.12368075 -3.35974396 3.82771725
-28.44898757 -3.59140607 3.78427000
-27.78621366 -3.74976497 3.73193825
-27.12426613 -3.85539768 3.67399609
-26.46505835 -3.92654296 3.60745205
-25.82745204 -3.97522159 3.53573864
-25.18456129 -3.99024839 3.44314208
-24.55016215 -3.98429175 3.33852171
-23.91633059 -3.94533271 3.21244620
-23.27439459 -3.91118893 3.08008860
-22.64039624 -3.87131894 2.94787400
-22.04702052 -3.80234321 2.79640417
-21.46347498 -3.72609846 2.63846236
-20.89473332 -3.65496289 2.47745223
-20.35328296 -3.57511485 2.30579083
-19.79927481 -3.48071212 2.14584431
-19.24110968 -3.40039867 2.01072389
-18.67750925 -3.33613701 1.87642692
-18.15104953 -3.25537201 1.74928758
-17.63662807 -3.15959936 1.63242178
-17.12851300 -3.08924325 1.51629963
-16.56415852 -2.97048478 1.42225113
-16.00559739 -2.88485119 1.32538413
-15.43643883 -2.78318134 1.22817171
-14.86524852 -2.69142814 1.14269511
-14.32342767 -2.57792763 1.06792138
-13.79941399 -2.45146598 0.98811055
-13.28215721 -2.35497461 0.91608417
-12.78614651 -2.26337570 0.83877038
-12.31425206 -2.16562587 0.77213683
-11.83697952 -2.10076521 0.71609912
-11.42834234 -2.00513710 0.66827803
-11.04883000 -1.95003340 0.61795591
-10.71830870 -1.88625470 0.57660566
-10.42134596 -1.86895833 0.51937170
-10.14187412 -1.88110292 0.48329507
-9.85632757 -1.90380690 0.45589009
-9.58499982 -1.91564678 0.43863985
-9.32051225 -1.92223840 0.42463859
-9.05775331 -1.91966977 0.41250680
-8.80823222 -1.92599274 0.40668952
-8.55879754 -1.92738546 0.40587597
-8.32417437 -1.94175318 0.41076317
-8.08663558 -1.94554853 0.41751648
-7.85105798 -1.94117443 0.42383349
-7.61223136 -1.93844345 0.42613041
-7.36660338 -1.92900729 0.42687800
-7.10079302 -1.90422892 0.42487248
-6.81599075 -1.88046680 0.42365854
-6.52465134 -1.84431855 0.43219559
-6.22598904 -1.77946661 0.43081893
-5.91678982 -1.70950228 0.41577970
-5.59484891 -1.63040280 0.41417198
-5.32758704 -1.50134307 0.43451528
-4.96550458 -1.35276534 0.41668568
-4.60413383 -1.22465059 0.39941977
-4.24274705 -1.10047546 0.39583958
-3.85229778 -0.94844790 0.36978163
-3.57197240 -0.79924244 0.34482725
-3.21024032 -0.56671620 0.33046991
-3.00477530 -0.44025714 0.36820195
-2.64805159 -0.34984763 0.38212034
-2.13943711 -0.08238168 0.38305114
-1.78903215 0.28847862 0.36803374
-1.32565391 0.87517213 0.34901968
-0.68060436 1.43748671 0.39452393
-0.08027774 1.72418398 0.44747847
0.47100292 2.18869301 0.41408473
0.74119516 2.59573474 0.37834362
1.26633267 2.90875181 0.33471439
1.66396147 3.55500871 0.31601136
1.51852364 4.17581793 0.52336235
1.97397634 4.69404509 0.47901504
2.41979109 5.22141347 0.46591163
2.77581669 5.87004342 0.48045671
3.10667472 6.52492421 0.49830250
3.61375618 7.38049960 0.51560954
3.97678443 8.16418294 0.54528006
4.32413021 8.91444834 0.55540305
4.67164491 9.67750703 0.55899433
4.89802687 10.48122399 0.55766980
5.20028864 11.21032379 0.58622021
5.42629298 12.12895065 0.64308324
5.82448588 12.92650077 0.66894270
6.22619219 13.76224662 0.70139616
6.64279122 14.55754069 0.70389496
7.06061313 15.44562465 0.70859700
7.54336043 16.23117880 0.72463372
8.00596791 17.11521744 0.72020637
8.46000508 17.96533264 0.71705353
8.93815169 18.85566438 0.69511350
9.48104457 19.60773535 0.65920517
10.00134344 20.46525871 0.63626336
10.54629286 21.35344693 0.61710056
11.10079958 22.30514019 0.61182495
11.63795491 23.22238970 0.60545167
12.16403307 24.13907774 0.59683558
12.69477833 25.13939982 0.55670614
13.25343639 26.10224130 0.53752340
13.79263909 27.08561724 0.52387691
14.32041929 28.08967755 0.52438626
14.85908742 29.08985917 0.51085615
15.39270469 30.04171560 0.50590488
15.92953678 31.00458587 0.48617169
16.44769868 32.01804550 0.47997888
16.96216265 32.97876128 0.47796957
17.45312295 33.99153058 0.47246782
17.96576545 35.00936557 0.46808904
18.50237300 36.00745917 0.45716660
19.02109023 37.05192622 0.44845791
19.55271128 38.06202595 0.42249600
20.08458010 39.06821027 0.40889929
20.58506770 40.05557948 0.40023671
21.08303553 41.03012737 0.40112905
21.56698127 41.99857751 0.41402245
22.05012630 42.97172813 0.42304760
22.52614857 43.93436875 0.41934741
23.03923001 44.91670762 0.42510541
23.54392390 45.91314448 0.43281093
24.06221025 46.90604841 0.44923320
24.57816662 47.88673297 0.46233061
25.10701341 48.88490559 0.47374450
25.61723113 49.88804289 0.48211773
26.14966028 50.93360824 0.49272663
26.68186263 51.97203899 0.50477556
27.21761997 53.00208399 0.50258274
27.73903584 54.05975921 0.49340161
28.28201292 55.12172122 0.48230250
28.81793072 56.17231141 0.47707822
29.34219241 57.20293070 0.48809230
29.85904962 58.23581694 0.50055686
30.38317434 59.26742913 0.51431707
30.92117239 60.30641845 0.52702712
31.45531677 61.35549457 0.52970338
31.98759032 62.39337663 0.53199520
32.52499926 63.43481312 0.53227301
33.06288137 64.47740178 0.52694754
33.60088949 65.51183335 0.51498204
34.12846999 66.54314276 0.51512843
34.66554505 67.57444837 0.52652699
35.20155926 68.60841639 0.55108858
35.71762658 69.63100296 0.56220388
36.24235596 70.64854648 0.58152912
36.77637891 71.66139680 0.60703011
37.29438543 72.68711309 0.61826061
37.80131927 73.70340463 0.62537501
38.30207223 74.71254957 0.62906982
38.79332109 75.70243984 0.61708093
39.31010513 76.70111097 0.60138874
39.80964762 77.69431671 0.58061296
40.30035084 78.68392462 0.59044288
40.80925868 79.67439096 0.60173662
41.32062193 80.67641121 0.61290392
41.83430091 81.66795237 0.62334007
42.36064855 82.66608814 0.62384859
42.87821300 83.64207043 0.62123466
43.39836558 84.63563330 0.61300447
43.91282469 85.61522570 0.61709493
44.43430891 86.59769627 0.61335136
44.94790623 87.58167730 0.61923248
45.48072565 88.56714982 0.62658844
