0.496714 -0.138264 0.647689
1.906456 0.501365 -0.233279
2.346065 2.238471 -0.467757
1.692838 1.743136 -0.463155
1.775666 1.028792 -1.721485
1.354842 2.664759 0.318539
1.392532 3.000804 1.470799
2.458206 5.216154 -1.418740
2.523025 5.995066 -1.144128
3.826532 6.019022 -0.283969
3.232553 9.207457 -0.004914
3.159975 8.913242 -1.211403
4.809976 6.866545 -1.317886
5.181399 10.300200 0.182526
5.252316 9.996147 -1.466506
5.029259 10.569162 1.070306
6.478434 10.005247 0.337817
6.136849 11.838126 0.625951
7.980806 14.278627 -0.823158
7.034418 14.443058 0.995565
7.260429 14.697709 -1.079724
6.985121 16.548426 1.388222
8.510212 17.522704 0.396319
8.383330 17.744218 1.574361
9.397635 19.736954 -2.581423
10.664366 19.052094 -0.257404
10.384371 17.857046 -0.170111
11.061883 22.125829 -0.460752
10.312333 20.954191 0.975735
11.910062 21.818909 0.570884
12.099813 24.131713 -0.651218
12.142937 23.673579 -1.421164
13.195463 25.151364 0.043214
13.097475 24.304130 -0.379835
13.468599 25.833232 -0.115594
14.651982 29.357184 0.223902
14.947372 28.232323 -1.872369
15.148112 29.290891 2.499321
15.421461 30.378773 -0.005270
14.893101 32.087760 0.789668
17.364022 31.032836 1.477753
15.628019 33.424854 2.291027
16.542221 33.258436 0.226207
17.482026 33.160618 0.209959
17.375432 36.076350 -0.760885
20.474369 35.790108 -0.159998
20.180622 36.226705 0.393102
21.114932 36.723501 0.346949
20.547226 40.072223 -1.074933
19.404131 40.674905 0.465762
21.412491 41.359523 -0.505236
21.869376 42.250936 -0.531703
23.928409 43.286629 -1.006527
23.185021 42.774835 0.969717
24.112141 43.775781 1.147107
23.792175 46.263957 2.092495
23.598885 45.613605 -0.685977
23.449094 47.128283 0.548107
24.961073 48.866550 0.219629
26.602204 48.687602 2.925018
26.192297 48.923127 -0.865844
26.508187 50.465784 0.920322
26.909783 51.444068 -0.643524
25.327804 51.895439 1.052848
27.503842 51.992278 0.360033
28.079741 53.156779 0.326866
28.153335 53.692126 0.524466
29.084476 56.787119 1.222000
27.531452 55.543093 0.692487
29.800900 57.761562 4.038476
30.266985 59.211057 1.141655
30.711572 58.503275 0.949406
29.681178 59.386719 -0.289723
30.888332 62.658478 -1.667405
31.839503 59.441017 -0.270279
32.614959 61.887110 -0.873140
31.142487 63.192113 -0.522687
32.404446 63.231725 -0.439640
34.678661 64.545577 -1.813038
33.028362 63.892387 1.062279
32.376999 65.128598 0.711408
34.322911 64.653480 -0.124319
33.259990 65.792751 1.989384
34.437794 65.813991 1.162872
36.418874 68.659914 -1.264953
34.071395 69.431763 -0.445729
35.274060 69.515474 -0.655400
35.010500 66.011346 -0.741879
35.050761 68.503137 1.929416
34.129132 69.842661 0.442379
37.236584 69.313880 1.491083
36.058447 70.270825 0.808615
36.470907 71.097193 0.422265
36.100487 72.249137 1.019156
38.310551 71.364001 2.494643
34.996544 72.854864 0.953223
37.481038 72.811972 0.163697
36.942003 73.221976 1.226547
38.033546 73.485934 1.280314
38.260011 75.382192 1.011427
37.383996 74.352484 1.126902
39.094623 75.218494 0.496691
40.072106 74.987322 0.926438
38.884683 75.649566 1.476623
40.245894 76.976066 1.678236
39.755959 77.088881 0.054708
40.383117 76.499561 0.453357
41.021718 76.028028 2.442340
39.762550 75.804008 1.506507
41.945668 77.807386 0.975857
41.503768 76.410085 0.418350
41.205660 78.384336 0.188354
41.467680 77.168783 0.738584
42.102894 76.717293 0.563038
43.323391 77.065698 -0.158233
43.689251 76.137521 -1.103150
43.118849 77.364465 0.606433
45.724207 78.399952 0.128277
44.605782 76.482517 0.264690
44.708641 77.739055 -0.549529
45.932508 78.870082 0.158246
46.195205 77.949263 -0.140760
46.396304 77.177839 0.357129
45.819892 77.064251 0.754483
48.427290 77.867641 2.405326
46.599601 77.631508 0.412384
49.995179 75.782826 -0.636360
47.615725 74.305896 -0.327910
47.873373 76.406086 0.548780
50.971812 76.998644 -0.360862
48.624522 76.338419 -1.099972
51.831940 76.790119 -0.249434
48.733430 76.737942 0.103592
52.141226 73.553145 -0.382685
51.423707 74.922375 -0.236419
52.524842 73.551026 0.065186
52.519927 74.867162 0.911398
51.839641 72.512352 1.472837
53.818193 73.004149 1.740987
54.139894 74.631028 0.253179
56.689540 74.861223 -0.068567
56.162946 73.428491 1.544459
54.856761 73.101021 1.227369
54.654016 70.891785 -1.876680
56.748825 72.447759 1.659004
57.774383 72.971243 -1.229741
56.635546 70.935190 0.534181
58.958025 68.567696 0.060225
58.421267 70.912097 0.512220
59.461965 69.370495 -0.918444
61.093954 70.445365 -0.850358
62.352835 68.603413 -0.661609
62.441586 67.742910 -0.429717
62.123099 70.348599 0.155374
63.324943 68.238401 0.014717
64.507676 68.279759 0.896950
64.970261 66.693158 -0.125668
63.900373 65.391639 1.525710
68.546943 66.295077 0.747288
67.983306 69.227724 1.298240
68.241847 64.835194 -1.421578
69.341829 64.641452 -1.228818
69.187805 63.956835 1.889939
71.411887 64.669274 1.694353
71.370357 63.412637 1.748405
72.518501 62.865922 0.041671
71.785296 62.146605 1.162079
75.313417 61.710958 0.803211
73.421908 62.237104 -0.345293
73.936572 62.344471 -0.576151
75.726080 61.848725 0.018834
75.195458 60.919365 1.015645
77.306668 60.072417 0.362661
78.187943 58.969715 0.808344
77.394961 60.796033 -0.496551
76.923359 58.140118 0.318188
79.586391 58.443650 0.913578
78.314277 58.820928 -0.931727
79.901871 58.512098 -0.575287
80.737905 59.048064 -0.284999
82.570836 56.448426 0.831844
83.726518 54.685797 -0.489385
83.402456 56.539049 0.682082
82.802594 56.380027 0.157883
85.091270 56.147660 0.652140
84.014318 55.013835 -0.117731
85.359727 54.661110 0.605197
87.517676 55.586600 -0.009480
87.154675 53.921319 -1.719438
85.394725 52.123798 -0.029469
86.858100 55.352270 0.653343
87.090578 54.176775 -1.881652
87.971567 53.835082 -1.143602
89.305586 53.131008 -0.075261
89.262500 54.776459 0.526974
89.306928 51.799708 -0.498152
90.319731 51.171330 0.432200
89.490065 52.272604 0.706144
91.443418 51.093656 0.113906
89.870244 50.986324 0.771351
92.095437 50.350186 1.274437
93.136413 51.565834 2.285129
91.448028 49.809997 -1.367168
94.199584 51.632154 0.356883
93.419508 49.813875 2.858685
93.744861 51.041819 1.137236
94.525617 51.183174 -0.379013
94.940908 52.895142 1.759864
96.523332 50.590939 -0.566090
95.213352 51.269255 1.530799
94.045621 52.882880 0.294606
95.739880 50.528707 -1.187763
97.371662 51.811939 -0.812651
95.625874 51.627035 2.156441
97.058875 50.732731 0.246292
97.399650 49.818568 0.433612
97.820141 53.533914 2.324405
99.521222 52.876053 -0.641904
101.308303 53.519996 0.473989
99.081914 54.020500 0.315631
98.870356 53.619915 0.418434
99.276110 53.847648 0.541473
99.909009 56.433944 -2.225532
101.641838 56.592614 -1.655482
100.566941 55.359231 -0.989703
100.499777 55.011627 2.167965
102.629721 57.832824 1.127274
100.950657 56.443279 0.887767
101.251624 58.098802 0.159905
102.540097 58.566350 0.851573
102.971968 59.442925 -0.665093
104.420789 59.351105 0.115968
104.569256 57.946851 1.354592
104.503239 59.121182 1.477544
104.484695 58.728525 -1.133686
106.256134 59.312868 2.169940
104.033550 62.756099 0.616527
106.541862 61.037520 0.797291
107.084806 63.170236 0.516000
107.814986 62.247077 0.357628
108.470956 61.403202 -0.923235
109.406954 63.797935 0.239151
109.236777 64.549752 -0.126209
108.954317 64.925206 -0.573626
110.661060 63.563300 1.429913
111.305213 66.123026 1.387964
113.030831 67.435935 -1.428284
110.622464 66.360073 0.446173
113.022110 66.897952 0.610031
112.299614 67.594232 -0.981978
112.740616 67.502406 -0.549481
115.269391 68.499165 3.056073
115.265096 70.232046 -0.439291
116.086636 70.131185 0.535996
118.507572 71.218156 1.564816
115.809400 71.886127 2.192714
116.515318 74.397760 1.132152
117.154716 73.824803 1.392567
118.982682 72.298187 -0.313975
118.698243 74.401053 1.032377
119.704701 73.748227 0.791926
120.775803 76.315133 1.489816
121.577693 76.823214 0.339006
119.662110 77.396361 0.621483
122.228029 76.335550 -0.664851
123.588292 78.149468 1.096418
123.143255 78.793157 1.355543
123.236204 79.497839 -0.026492
123.895463 79.676779 0.689694
124.484955 81.881433 -0.397705
125.344585 80.759363 1.928706
126.292663 82.800038 -1.036563
126.985206 83.281450 0.506425
128.349934 82.441282 1.835578
130.139405 83.170813 -0.016021
129.899036 85.743873 -0.106333
128.571381 84.449636 -0.944404
128.665704 84.358858 -0.372298
130.087733 86.173298 1.935411
129.662710 87.498985 0.171791
131.204278 87.820577 -0.733432
132.171555 87.884134 0.881344
132.610891 90.748218 -0.253264
132.372426 88.294640 -0.178135
132.792428 90.685061 1.796961
133.378955 89.248575 0.854618
133.965002 91.358382 0.598446
133.507102 92.866974 2.194079
134.961115 91.585881 0.676788
136.403871 93.228523 2.386525
136.392585 92.363457 -1.022538
136.386446 93.787324 2.133593
137.096948 94.651129 0.320865
139.296425 97.569282 -0.188347
138.152745 96.767166 1.020880
140.976164 96.922035 -0.029511
140.201698 98.067191 1.141260
140.644440 98.716912 1.487640
141.985399 98.938523 0.151692
141.259077 100.208241 -0.495151
141.938034 99.252918 0.350217
143.303569 100.484981 0.363431
141.160836 101.758749 0.956489
145.130883 101.360357 0.520358
143.655256 103.905600 0.193156
144.163709 103.663618 0.462702
143.881431 103.917042 1.346680
143.782768 104.595510 -0.429247
146.442541 103.608491 -0.289627
146.059558 107.362053 0.189598
145.606146 108.404994 -1.213334
144.394749 107.628563 -0.291384
145.993752 108.570282 0.441128
146.914417 107.328362 1.064451
148.552742 109.190998 2.032794
147.251967 108.452618 -0.517126
148.736805 110.984904 -0.077410
149.544916 110.186199 1.592302
149.559037 113.319403 0.468282
150.507409 113.467639 0.562081
151.093931 114.934276 0.310390
151.589828 114.305494 1.556954
150.591234 116.915914 0.077243
150.222135 115.962407 -0.579207
152.911764 115.973303 -0.371819
150.558300 116.897213 -2.372243
151.281777 118.908455 0.826434
153.681259 117.906388 -0.003369
153.636102 118.446996 1.552127
154.934908 120.193200 0.079514
154.650113 119.104115 -0.198273
154.141571 120.874410 -0.241626
157.045761 123.316828 -0.543461
156.208745 124.802659 0.952680
156.113809 123.562967 0.735004
156.823136 125.840254 0.688379
157.850568 125.137995 1.379406
157.408196 128.543199 -0.631784
159.319945 127.387065 -0.602895
157.464771 127.594681 0.468790
158.874055 128.136475 0.026495
160.859369 131.157391 0.492331
159.118793 130.269206 0.669129
158.452919 130.682603 -1.616651
160.231444 132.301426 -0.434022
161.794293 131.206215 -1.426136
160.793061 134.183746 1.715025
160.431723 134.852415 -0.014288
161.039978 135.294481 0.669667
159.958212 136.524447 1.390558
161.231039 136.080797 0.497620
162.439275 135.771774 -0.674910
162.475045 138.131895 0.533436
162.451983 138.367951 -2.865584
164.293362 136.493624 -0.386359
162.346924 137.575744 1.130032
163.320891 139.854015 -0.084593
164.587632 140.221419 -1.327541
165.428856 140.287926 -1.608008
164.326472 142.919530 0.791919
164.727934 141.706598 -0.386815
167.475332 143.074877 0.357985
166.750865 143.568817 -0.337976
165.793367 143.753573 -0.115461
167.055255 144.474570 0.664212
166.561291 145.036200 -2.051057
167.872168 145.832587 0.953294
164.406608 148.155114 -0.181620
168.727214 145.554297 0.568462
166.885805 146.502019 1.864852
168.102784 147.933692 0.819279
169.110414 148.411313 0.309465
171.365151 148.805579 0.131733
170.329112 150.517185 1.102275
170.239737 148.817128 1.538370
168.816772 150.867718 -0.857509
170.225733 151.452857 0.217239
171.030812 153.304773 0.360989
170.723686 153.282490 1.114313
170.070243 153.485912 0.632188
171.326395 154.838046 -0.234384
172.098426 153.914834 -0.082115
171.205692 153.189779 1.495811
171.825643 154.232180 -2.250856
172.370912 154.459632 1.553751
174.357603 155.658928 2.173563
174.697653 156.641771 -2.559991
176.338496 156.146125 -1.697142
175.402693 160.538472 1.338336
175.310096 159.324047 0.813072
175.835490 159.580526 0.074629
175.372908 159.180471 -0.304410
174.069537 160.405769 -1.004651
174.982428 161.257313 1.374470
177.356532 160.133083 -1.012554
177.695424 161.288556 -0.257409
177.617238 161.864601 0.070075
176.070738 162.843404 0.291454
176.117736 164.435182 -0.034332
178.596024 164.808308 1.368000
178.461401 164.681614 0.133017
179.163878 165.672917 0.055294
178.223904 165.511247 -1.389147
180.946283 165.407183 -0.683605
178.735622 168.008617 -0.293592
180.970993 166.936182 0.269320
179.120359 170.199294 -1.209624
180.488836 169.127698 0.377887
180.229153 168.845281 -0.001492
180.466170 170.378238 2.159566
180.241593 168.483374 -0.143694
183.570980 169.528846 1.581141
182.824135 170.212085 0.504614
182.917738 170.860664 -0.275899
180.819467 170.654206 -0.731485
180.266786 172.130127 -0.859557
181.796329 171.005306 0.238366
182.434183 170.982664 0.285129
182.844543 172.175519 1.587901
182.032711 173.122540 -0.139395
182.150016 174.299047 0.454733
180.626875 174.782402 -1.494074
181.360919 174.131676 -0.807666
182.617413 176.503013 0.540695
180.177083 175.460751 1.142839
181.271088 178.488369 0.317543
181.176621 176.206167 0.052341
180.673883 177.561569 0.865203
179.849245 175.885260 -1.947968
180.947555 176.437610 -2.287100
180.582806 180.387244 -0.166868
180.780294 178.290638 -0.278684
180.582498 178.227511 0.074826
179.653112 178.185120 0.788207
178.831963 178.395116 0.319324
177.763118 179.469572 -0.238871
179.344333 180.228278 -0.268611
178.687712 181.419522 0.296290
177.433687 179.016414 -1.345036
176.695531 179.986282 -0.479329
176.618800 181.388298 -0.373363
176.546645 181.210422 -2.289493
174.647966 181.264750 -1.535089
175.648780 183.232927 0.880589
174.330066 183.464754 -0.198654
173.685070 181.639258 -0.657038
173.042078 182.738699 -0.203043
172.877540 183.300628 0.819308
173.192973 181.714699 -2.934506
172.587126 182.130704 -0.620425
169.873693 181.971530 0.119413
171.112684 183.506279 -3.042832
169.161008 184.779509 -1.952659
169.159089 184.714780 0.084899
168.413244 184.091592 0.687852
167.445995 185.382839 -1.447749
166.390944 184.912821 -0.686732
167.829130 184.792964 -2.129552
166.862144 186.326330 -1.185797
165.619993 186.354371 1.309599
164.518211 186.855122 1.642606
162.417917 188.513020 -0.221825
163.585026 189.716191 -0.497407
160.788799 189.002946 -1.216266
162.739529 189.106502 -0.909405
160.167295 188.012069 -1.514064
160.439068 189.089545 -1.586370
158.956528 191.353675 0.176053
158.677982 189.821536 -1.989636
158.445247 190.667341 -0.844697
157.457379 191.982083 -0.161742
157.554702 191.181015 0.288184
154.625471 192.519724 0.866946
154.319786 193.189281 0.387273
152.697049 192.197634 -1.749666
150.263572 195.525270 -1.820417
151.259547 193.577915 -0.417225
151.551964 195.100228 -1.306687
149.755375 194.955985 -0.964801
150.796277 195.557392 0.014869
149.120314 196.635261 -0.539559
146.365380 196.286729 -1.370023
146.410096 196.866476 0.513803
146.171107 197.008394 0.971403
145.671572 199.682281 -0.159351
142.961493 198.217677 -0.340056
145.235560 198.562657 -0.847776
142.016716 198.056498 -1.548388
141.958683 199.227367 0.981413
142.166365 197.852065 -0.235985
142.275444 198.805558 -0.810142
140.331205 199.031621 -0.020620
139.504622 200.594781 -1.550731
138.495008 201.255509 -1.030349
139.900208 200.517824 -0.432915
138.416701 199.844429 -2.412222
135.270140 202.858370 -1.195558
138.598638 201.391352 -0.452793
136.897360 204.280862 1.431072
135.886294 203.614773 -0.033900
134.718919 202.380280 -1.439552
133.275644 203.066903 -1.069691
133.258045 204.524941 -0.513285
133.400425 202.723588 -0.783625
130.580284 202.287884 -0.661744
130.503145 205.980338 0.057577
129.002272 206.600316 0.658000
130.022800 204.794818 -1.514447
128.437459 206.408387 1.339786
129.794203 205.097235 -1.660701
127.791199 204.106822 -0.213812
126.971587 205.669524 -2.130439
127.113523 205.858344 -1.703822
123.169881 206.634087 1.241795
127.211156 206.444802 -1.129327
125.543176 206.138748 -0.222401
125.337912 208.619738 -0.620898
123.926277 206.742412 -1.339400
123.477443 208.208668 0.405864
122.448448 209.571133 -0.774344
122.834193 207.540467 -2.926216
123.317648 209.246949 -0.780290
122.135898 209.225431 -2.055672
121.189833 209.697209 -1.741960
121.643885 207.753537 -0.019097
120.996641 207.676587 0.679891
119.995965 208.658523 -0.280289
121.563328 208.640287 -0.419025
120.572766 210.512090 -0.301471
119.502758 209.157161 -0.389389
118.566361 207.203214 -0.031831
120.333204 207.890049 -1.474308
119.842060 212.439591 -0.439724
118.333508 210.303033 0.916281
118.274017 209.778556 -0.940401
117.835554 210.786808 1.168570
119.016106 210.475147 -0.743326
117.053626 211.662243 -0.526247
118.368496 214.019010 -0.150191
117.741933 210.437776 0.703134
118.559300 209.460479 0.478357
117.743645 212.797062 0.644837
117.939824 212.220516 -0.363579
119.222030 211.433334 -1.274473
117.719169 211.981247 -0.761548
117.960709 209.994953 -0.003594
120.430132 209.880930 -0.403683
119.779201 210.869612 0.024226
117.305645 211.380214 -0.615184
119.357060 212.141482 2.160975
118.957117 211.282590 -0.233068
118.027442 211.300244 -0.721815
118.549494 212.290227 -1.431676
119.515647 212.298510 -0.547375
116.244502 210.385708 0.863211
118.330470 210.006984 -0.942489
119.177592 211.566623 -0.676844
117.948333 210.645925 -1.361016
119.904434 210.732563 0.778064
119.768746 212.079004 -0.872996
118.601341 211.088755 -1.346184
118.455440 209.975624 0.743969
117.576463 211.414098 -0.158889
117.682817 211.862017 -0.914838
118.698123 210.002495 -0.311822
119.621411 210.441501 -1.114276
118.049978 211.716928 -0.085848
117.865810 212.277144 0.671223
117.597633 211.528455 0.231000
118.907978 211.764294 -1.414417
117.907405 211.930397 -2.602739
117.450041 211.663504 -0.511782
116.731602 212.545762 0.287043
115.740885 213.058370 -0.679545
116.707938 213.346280 -1.353728
116.847094 212.393662 0.393645
115.900032 215.002896 -0.630548
114.972257 213.373219 -0.702190
115.891042 212.045453 -1.447397
113.816564 214.872709 1.318516
114.579343 214.030047 -0.322282
115.638575 213.596279 -0.152592
115.279129 215.337203 -0.197175
115.144823 212.460878 0.293300
113.330723 213.713945 0.120250
115.231988 215.768706 0.548189
115.352100 217.643271 1.220638
114.397354 216.806236 -2.027694
113.351236 216.310301 1.744452
113.392662 217.761005 0.128580
113.616482 219.789230 -1.040152
113.797244 217.821743 -1.735032
113.058036 219.056789 -0.846325
113.065534 218.179429 -0.508262
112.382406 220.902215 -0.346912
112.576843 220.349805 -1.177830
114.531214 222.527076 -2.296185
114.547701 221.613652 0.253936
114.876437 221.562479 -0.734604
114.115137 223.938475 -0.395039
117.105327 223.413837 -1.125094
113.969930 222.241127 -2.002547
116.044660 225.130836 -2.003699
117.011531 224.786232 -0.281071
118.045670 226.764046 -0.700660
115.872323 224.323536 -1.154234
116.921880 226.168961 -0.568353
117.555938 227.563645 -1.088296
117.998923 228.878830 -1.531599
119.638492 229.065968 -0.426813
119.305642 230.070518 0.498280
119.260295 229.908689 -0.106231
118.251514 231.396650 -0.520443
119.575054 231.866959 -2.387693
119.666654 232.882258 -0.360904
119.584257 234.788723 -1.393320
121.986087 234.694664 -1.172831
123.240590 233.903327 0.397418
122.881710 235.192550 0.867242
122.050566 236.924438 -0.277695
122.637386 238.308252 0.231515
121.454677 239.595956 -2.244012
124.670497 240.223261 -1.683213
123.710173 238.890519 -0.808770
124.254429 241.604173 0.718901
126.495259 241.270879 -0.794480
123.824484 241.791777 0.382493
127.590036 242.214558 -1.176288
126.459428 244.670013 -1.405925
127.380441 244.775249 -0.622515
127.975278 246.124764 -1.054657
127.844086 246.993783 -0.991776
128.171779 249.561670 -0.062197
128.666785 249.635457 -0.958994
130.617440 250.199828 -0.732676
130.372710 249.153516 -1.756757
129.261054 251.852906 1.089082
133.167853 253.246028 -0.145389
129.618146 252.966341 -1.427738
131.327215 254.338522 -1.104179
130.450988 256.159661 -1.698536
133.150023 258.393517 -1.538587
130.907004 257.027834 0.484551
135.869021 256.983629 -0.123357
133.965300 259.093611 2.016184
133.397753 260.347986 -0.166821
136.454374 261.084133 -0.331788
135.492150 262.232259 -0.986838
136.970932 262.479609 -0.265097
136.784768 264.859484 -0.687144
135.546257 265.966931 -1.531091
137.122497 264.989716 0.756640
136.141503 269.689865 0.440800
138.952821 267.376792 -0.329261
139.705800 268.958517 -0.062270
139.775521 269.085740 -0.781873
139.945080 271.295157 -0.053484
137.654639 271.694653 -0.467900
141.076538 271.616337 0.452078
142.497174 272.109289 -0.266593
141.032690 272.380132 -1.304512
143.369161 275.677292 -0.164092
143.690535 276.120096 -1.315425
143.911137 277.367293 0.081325
145.138721 278.152549 -0.324303
145.488314 278.300148 -1.562730
144.773724 278.556113 -1.361228
145.265236 279.398575 -0.997896
143.991952 281.297408 -0.693299
145.593920 282.731303 0.242601
145.280122 282.215137 -1.466148
146.428207 284.715503 -0.890008
147.632993 282.884241 -0.068256
147.138644 285.866250 -0.426999
150.270901 285.512216 -3.714496
149.575231 289.548755 0.558450
150.082649 288.181903 0.134653
149.427812 290.169681 -0.161240
151.941818 293.379768 -0.271067
150.853107 291.517787 -2.430827
151.195559 292.145761 -1.186022
152.522554 292.649421 0.457625
152.896942 294.470264 -0.989554
153.530896 296.217775 -1.525043
153.192441 296.007198 -1.998497
153.549692 296.844593 0.226623
155.098276 298.433277 0.207420
155.165410 299.539651 -0.750492
156.080616 299.564353 -3.092053
156.150080 302.471310 0.272200
157.710270 303.174265 -0.558345
157.443911 302.290360 -0.953333
158.314218 304.984486 -0.770740
157.739811 304.732926 -0.025334
157.192993 303.292253 -1.177910
157.858952 305.931705 -0.777037
159.106547 308.823815 -0.307601
160.289573 308.832587 -1.777902
161.450754 308.964204 0.028368
159.798435 308.389368 0.173984
161.657869 309.851410 -1.512188
162.810579 310.365253 1.002071
161.221792 313.062577 -0.971868
163.116717 312.655896 -0.811421
162.977216 313.035313 0.085772
162.802057 314.557554 -1.649874
161.124353 315.328761 1.758433
164.875325 316.287840 -0.912671
164.473954 317.549923 -1.825382
165.920258 318.394501 0.081658
165.629772 318.421224 0.049494
166.120571 318.682575 -1.192201
165.989129 321.263510 -1.851900
164.736434 320.473039 -0.558693
166.681366 321.126559 -0.830250
168.320271 319.890147 -1.433401
167.011209 320.384213 -0.779736
169.051543 322.565641 -0.369862
166.424325 322.476891 -0.969839
167.623537 324.853053 -0.023753
167.077064 324.276885 -0.073265
169.587284 326.089294 -1.582324
167.857043 323.671477 -0.801418
169.361599 326.365182 -0.638581
168.773405 325.922889 -1.391898
171.369300 324.549144 -0.365155
171.496584 326.586906 -0.730261
169.282124 326.784833 0.841522
167.583627 328.883402 -1.945121
169.694259 327.341957 0.077277
168.500047 328.618721 1.525370
168.856903 328.731273 -1.148951
170.758874 328.984463 -1.115501
170.903326 331.152619 -0.656419
171.206470 328.436672 -1.412247
171.022660 331.634608 -0.090379
170.272493 330.533014 -1.688495
171.203251 331.806180 -0.881938
170.119636 331.628477 -0.864958
170.498559 333.873446 -0.676309
170.159062 331.541935 0.312055
170.259929 332.002774 0.887977
171.759992 332.474423 -2.297601
171.201735 332.857530 0.349426
168.067672 334.853506 -1.662878
170.585191 334.391437 -1.416532
169.202734 335.506464 -0.363710
169.942833 337.187000 -2.036776
170.697405 335.694676 -1.374385
167.409699 335.812014 0.442959
168.271585 337.869833 -1.926014
168.005793 335.440414 -0.101532
168.445247 336.609002 -3.056004
167.314183 337.756884 -0.041941
167.836858 336.558927 0.236574
167.299289 336.124449 -0.119450
165.090910 338.086841 -0.086513
164.529421 337.778465 -0.394864
163.391716 337.618672 0.249365
162.726357 339.644647 0.018034
161.589020 338.556261 0.732973
161.702484 339.058678 -0.000593
162.882184 339.540747 -1.045386
162.927509 341.805441 0.553710
160.926870 339.563436 -1.241447
160.748582 341.070544 0.998813
160.186624 339.464035 0.653839
157.898584 340.875442 -0.142775
160.242373 344.664622 0.220561
157.335533 342.425443 0.510099
156.524754 344.010446 -0.134614
156.654932 343.208482 0.067049
156.227500 342.295992 -0.902174
153.575281 343.700916 0.433020
154.411665 345.297220 -0.354671
153.811912 342.939786 -0.737221
153.088311 345.261267 -0.643965
151.487046 343.320313 -0.702519
151.686054 345.809749 0.153742
150.079036 345.643825 -1.010304
149.880063 346.503328 0.136222
147.877705 344.337502 0.731011
147.145525 346.042027 0.319944
146.372292 348.424590 0.241213
146.661074 346.415591 0.836501
145.372913 347.872743 -0.228919
142.549877 349.067330 -1.401442
142.191830 347.549892 0.738398
142.051859 351.059569 -0.911404
140.192000 348.819689 0.858111
140.962156 349.800161 -0.217332
140.764427 351.915717 1.069570
139.124012 349.880256 -0.796506
138.966746 350.651110 -1.345304
138.194610 352.011243 -0.359194
136.313356 352.229086 -1.311272
137.106310 353.929276 -2.230694
134.507982 351.786248 -1.040580
134.576576 352.217669 -1.320992
132.801148 354.297440 -0.334343
132.308567 354.652620 -0.950923
131.981212 356.529766 0.935859
130.100557 356.105178 0.415271
129.478262 356.477565 1.150374
128.732314 355.122834 0.628928
129.277887 357.009973 -0.048892
128.627435 355.511832 0.661004
128.563701 357.030908 -0.423139
125.097505 358.160018 0.194715
125.805062 359.156128 -0.711396
125.598789 357.443006 -0.401367
124.108688 359.080413 -0.749303
123.402945 360.076893 -0.817250
121.109033 361.437610 0.999382
120.681345 360.776508 -0.884513
121.425775 360.820873 -0.611094
119.645173 360.241053 -1.288659
118.866823 361.273697 -1.085305
119.581507 363.280513 -0.946088
118.416337 362.708158 0.107866
117.537532 363.367955 0.120623
115.450017 363.950247 0.528664
115.235358 363.525470 0.326037
115.115805 364.960702 2.005947
113.814965 362.937014 -0.048545
114.683046 364.470408 1.105528
111.939416 365.803083 -0.948352
114.394350 367.463589 -1.103335
111.540914 366.682033 -0.720764
111.422528 366.216819 -2.241221
110.909895 365.822726 -0.801206
111.841500 365.562849 0.509998
109.560606 366.862720 0.492040
109.676826 367.996989 0.672874
108.502598 367.093386 -1.377685
107.457190 370.958008 0.956495
106.431799 366.957200 0.200532
107.781483 369.118757 -0.527447
106.608435 369.156693 -0.182654
104.014839 368.853890 -1.118862
105.862071 372.345616 0.100079
104.875521 370.531748 0.218391
105.107399 370.462909 1.796931
102.997118 370.598547 -1.177258
104.168950 369.447954 -0.662454
102.745568 371.611399 0.681569
101.267331 370.936383 -0.937981
100.718774 370.908445 -0.528599
103.806221 371.824751 -1.590982
100.265302 372.657041 1.880267
98.688503 370.004241 1.668496
100.042735 371.294142 0.340392
96.441499 372.420542 0.141572
99.354725 371.686293 -0.092429
96.906307 373.218541 -1.066176
96.810055 372.234849 0.487470
97.387467 373.296116 -0.120766
94.444666 373.508636 -0.212711
97.868974 372.982403 1.292844
95.521787 374.697904 1.555281
94.224691 375.109471 -0.282888
94.389400 376.132430 -0.859648
91.072757 375.191659 -1.018133
91.618442 376.968551 -0.678997
90.851000 376.167147 0.595402
87.919307 375.851396 -0.075345
90.624801 376.323866 -2.188649
89.211109 376.584175 -1.502976
87.193132 377.408817 -0.911233
84.830497 378.874081 0.967197
86.822685 377.274701 -0.526138
85.372342 379.420688 0.326185
83.765752 379.372750 0.112439
85.145738 380.430193 0.465273
82.956052 381.580861 0.110424
81.105419 382.067957 0.414753
80.698269 380.641738 0.011893
80.777239 381.780414 0.015067
81.104445 383.175904 -0.108261
79.516401 381.548875 0.108063
79.553048 382.842720 -1.126733
76.176497 382.496651 -1.055880
75.623235 382.658174 -0.247947
75.975924 383.680399 1.262860
74.749866 386.097382 -0.913061
74.262461 384.452282 0.627911
72.668659 386.621680 -1.447201
70.772495 387.139860 -1.219260
71.301368 385.648468 0.586104
68.689730 388.078374 0.373220
68.397741 388.566127 0.009595
67.728622 387.425768 -2.213564
67.708526 387.358285 -0.158257
66.269798 390.044984 -0.554265
65.301186 390.588513 0.091802
65.125051 390.769307 -1.768681
64.744880 391.356094 -1.237485
62.841627 391.189665 -0.344397
62.598596 393.096778 0.875026
60.134193 392.719461 1.115249
60.932166 393.654240 1.783098
60.750791 393.235570 0.804091
59.051524 393.428418 -0.590107
59.568960 393.046874 1.304501
57.687489 392.881188 0.144665
54.191241 395.361117 0.657722
54.883980 395.269776 1.727381
54.157935 394.491972 1.254559
55.735634 395.997310 0.781437
54.306714 395.654705 -0.718415
53.391477 398.481817 0.325470
50.400291 399.224053 -0.769832
50.149820 397.981752 1.315558
50.467295 398.494487 0.224725
48.868695 399.039000 -2.762058
47.745611 399.122705 -1.375120
47.575585 399.114372 1.532125
47.995051 399.245983 -0.380094
45.589385 399.649069 -0.044179
44.083881 399.390572 0.370552
44.735548 400.093124 0.636398
42.749251 401.519410 0.560235
42.567238 402.119619 -0.773022
41.714558 401.812831 -1.005047
40.996944 400.852096 -0.760830
40.234003 402.481084 -0.519741
39.818135 403.548666 0.600668
38.546741 402.225473 -1.303900
38.110344 403.390297 -1.026367
36.718084 403.585363 -0.075195
37.990526 403.801535 -0.678280
35.920257 404.605440 -1.119646
36.885183 403.118736 -0.634174
36.033341 405.373273 2.427005
35.572756 404.438545 -0.352239
32.893650 405.632419 -1.081202
35.097791 405.402320 -0.360304
33.066768 407.924247 -0.566581
35.011573 407.244957 0.234203
33.075237 407.032837 -2.175735
31.955328 407.680440 -0.295426
30.310338 406.982807 1.455601
32.488170 407.137705 0.701647
30.400701 405.643067 -1.175984
31.808344 407.212650 -0.495314
29.471751 409.498147 1.371938
31.517024 407.519127 0.039757
27.262018 409.219800 -1.429232
28.522358 406.672440 -0.855377
26.999829 407.160975 -0.806266
26.773942 408.569770 -1.371640
27.074804 408.896747 -0.778203
25.670137 407.360332 0.913787
26.071019 406.925820 0.217176
24.312668 407.981725 0.137641
24.607300 406.249205 -1.165535
25.004435 408.090330 -0.922716
24.491306 404.514647 -0.873093
23.528299 405.373782 -1.224561
22.475420 406.247776 -0.480443
20.504485 403.471624 -0.909416
22.778302 402.409107 -0.816029
21.425399 406.119300 -0.710210
21.945451 404.372575 -2.464680
21.983042 403.967968 0.164839
24.802920 401.169536 1.372753
20.218612 402.975708 -0.405963
19.748632 401.593951 -0.033467
18.291528 402.320947 -0.789378
18.352590 400.566460 0.867516
18.622811 400.805357 -1.126784
19.568332 400.487503 1.455352
18.317601 399.868650 -0.291710
19.438811 397.805757 0.357233
17.633375 397.827490 -0.294463
17.765373 397.129426 -0.171357
18.740132 397.506936 0.481261
16.380758 394.960598 0.568918
17.382448 396.639475 -0.989929
15.912594 392.758224 -0.775131
16.808705 393.219435 0.256485
15.256626 393.213121 -1.536119
15.203885 389.165524 -0.586447
13.156445 392.616154 0.368578
14.886495 392.097063 -1.368221
15.825910 390.736441 -0.661901
14.866472 387.915718 -1.247457
12.734402 387.622603 -1.474252
14.204251 387.094589 -0.058895
12.005635 384.650286 -0.139977
10.291953 385.594661 -1.777167
13.816574 385.764040 -0.299069
12.675738 383.110513 0.143584
11.227589 383.406672 0.874229
11.374829 382.616304 -2.049632
9.260056 381.308619 -0.304409
8.704425 383.033115 1.107397
10.048927 379.882364 -0.634435
8.063516 378.994048 -0.177161
7.380216 378.439268 -0.597497
6.696916 377.884488 -1.017833
10.109403 378.510104 -1.945271
8.324125 375.613312 0.468676
6.945987 376.192752 0.709394
5.745578 374.093624 -1.205061
7.685840 373.174836 -3.459989
5.769739 374.363355 0.570147
5.368765 372.597929 0.522794
3.568060 371.817319 -0.443598
5.442644 370.812186 -0.602495
2.098182 369.864247 -0.186685
3.155138 369.696486 -0.201889
3.388029 369.002992 -1.613586
3.111582 368.641057 -0.488020
2.278834 367.373671 0.064894
0.412708 367.507540 -1.008997
2.487855 366.747947 -2.064786
0.906877 364.385250 -1.488357
2.947805 363.022694 -1.263431
0.975627 361.800534 -1.103871
0.688745 361.877504 -0.798708
-0.558285 359.906198 -0.384010
1.285030 360.570757 -0.482567
-0.177582 358.499203 0.994256
-1.072443 360.618988 -1.439873
0.099804 358.904062 -0.151923
-1.889831 357.107818 0.493265
-2.392986 354.621282 -1.832159
-3.174000 356.053415 -0.768862
-2.181445 353.025650 -0.560339
-5.673570 354.896172 -0.798341
-3.843909 352.511395 0.567641
-3.629522 353.196523 -0.848650
-4.546269 351.066651 0.133882
-3.884446 352.083839 -1.444654
-5.576509 348.963045 -0.138260
-5.925977 347.538829 -1.876165
-7.049931 348.336256 -1.926818
-6.812202 348.029173 -0.908711
-8.350823 348.045206 0.945908
-8.471915 345.597521 -0.215438
-8.785541 345.205268 0.026675
-10.737453 345.875786 -0.649209
-9.640917 343.677189 -0.762330
-11.400264 344.380623 -0.671760
-9.625401 343.032845 -1.722186
-10.038760 340.926300 0.147151
-13.043833 340.288587 -1.305745
-10.891603 340.052024 -1.419324
-12.492775 338.580010 -1.613261
-11.351940 337.508268 -3.628704
-12.981719 336.019979 -2.354518
-14.304442 336.263748 0.596731
-13.170626 334.728168 -0.287839
-14.360260 333.823041 -1.905179
-16.115996 333.228060 -0.596829
-14.880817 332.384142 -1.700804
-14.636202 330.579765 0.015828
-16.661914 330.322427 -2.228374
-16.573106 331.227748 -0.248936
-15.545965 329.867513 -1.877077
-17.261845 327.742633 0.543617
-18.538128 328.594041 0.096131
-15.966503 326.370487 -0.089727
-15.924965 325.327920 -2.337219
-20.536699 325.734166 -2.688839
-19.436948 324.625934 -0.631431
-19.048468 323.576823 0.447313
-20.878814 321.758328 -1.619173
-19.506083 322.497934 -0.398410
-19.563826 319.576898 0.830704
-19.676948 320.553080 0.974980
-23.264209 318.439459 -1.525155
-21.333321 316.973709 -0.026612
-21.088859 317.870477 -0.505438
-23.850582 315.483747 0.449886
-22.532940 315.363851 -1.224067
-25.745922 313.493522 1.106818
-25.407790 313.917610 0.204445
-25.833855 312.995475 0.142608
-24.974228 314.848824 -2.454264
-24.336729 310.980756 -0.002538
-25.403289 309.514617 -0.538794
-28.107141 310.033925 -0.467802
-26.055379 309.593812 -0.397623
-26.949907 306.848852 -1.472520
-26.314519 308.367231 -0.991840
-27.896947 305.153625 0.424680
-27.675447 307.219121 -1.621555
-29.113738 304.740928 -0.094316
-29.374996 302.801839 0.139739
-28.818127 302.014450 0.609189
-28.748543 302.331768 -0.671798
-29.765684 300.534719 -0.721038
-32.824491 301.554522 -2.313745
-29.561473 299.572224 -0.967116
-32.045858 298.918820 0.672237
-34.253138 299.798341 -0.395667
-33.353656 296.707119 0.951415
-33.436437 295.977588 0.415366
-32.492692 295.557416 -0.504096
-34.225248 296.912246 0.344503
-32.992264 295.571212 1.046837
-33.840718 293.442744 -0.265602
-32.096257 292.986725 -1.076050
-34.069344 293.403206 -1.694100
-33.689650 295.198595 -0.513323
-35.999732 290.823253 -0.451906
-34.265622 292.358500 -0.711767
-36.251349 290.271313 0.126990
-35.000437 289.365990 0.883993
-35.578960 291.875801 -2.045533
-37.765128 289.867031 -0.198958
-34.810019 290.323938 -0.944041
-37.826933 290.469429 -1.664486
-35.375414 288.550157 0.892502
-36.498018 288.332028 -1.217134
-37.677826 288.532196 -0.620552
-38.094823 287.535639 -0.620855
-39.763617 287.796463 -1.680114
-38.918602 285.250983 -2.493927
-39.216937 285.867177 1.253308
-38.461836 286.391070 -0.299715
-37.860261 285.733847 -1.898435
-36.574669 287.252005 -2.388249
-39.075297 284.777665 -1.673111
-37.556742 283.899811 1.452004
-36.857932 284.456248 0.309707
-36.898351 283.290017 -1.537617
-37.854597 284.273851 -0.586955
-39.423140 282.196810 -0.806725
-37.809339 284.553958 -2.129925
-37.068302 283.612692 1.510171
-37.798743 282.184852 -0.205260
-36.979510 281.160786 -0.355379
-39.425747 281.447111 -0.680206
-36.813539 282.377429 -1.496272
-36.642472 281.856558 -1.666285
-36.439075 279.289638 -0.000396
-35.295361 277.725785 -1.385262
-35.645789 278.478091 -0.442806
-34.162862 276.368686 0.188974
-33.837976 279.136374 -0.437063
-32.420468 277.783475 0.456191
-32.457736 276.840664 1.370368
-31.470026 277.103466 -2.197117
-33.069915 276.462913 -0.796326
-31.810220 275.944097 0.639456
-29.844021 274.268892 -1.054409
-30.734630 274.664557 -1.351207
-29.726180 273.408977 -1.067993
-29.180242 271.374613 1.102647
-26.892938 273.568848 -0.947337
-28.439266 275.235984 0.918819
-26.449386 274.195081 -0.807456
-27.271885 272.387988 -0.846352
-25.640895 272.163983 -1.053078
-24.579843 272.054351 -2.017599
-24.460224 270.289793 0.014825
-25.150625 272.343469 0.413318
-22.641334 268.183089 -1.338242
-21.615082 269.344446 -1.496078
-19.293088 270.634256 -1.910956
-21.677737 269.269317 -1.208363
-18.765091 268.618372 -0.486031
-16.571915 269.567371 -1.044850
-17.853343 267.943545 0.185963
-17.525319 267.933294 -0.943404
-16.625640 266.114320 -0.682087
-15.333624 267.555315 -1.553234
-13.268386 265.796857 0.682770
-15.455588 266.711214 -0.554039
-13.643945 266.258220 0.249889
-14.283788 265.936953 -3.523031
-12.244497 266.673884 -1.612274
-11.588595 264.421908 1.040976
-11.455503 263.184812 0.470678
-6.898048 263.705458 -2.273689
-5.864311 265.035961 -0.368331
-7.975528 263.029633 -1.216305
-5.956827 264.132555 -0.175551
-6.564479 263.702957 -0.739639
-4.001223 263.444961 -2.176506
-3.848536 261.064828 -2.647380
-2.671374 263.749195 -2.926130
-2.180588 261.490216 -0.974922
-1.474760 259.207388 -0.877191
-1.336935 257.976768 0.072925
1.224810 259.847920 -0.908316
2.105127 259.690822 -0.241315
1.485950 260.446741 -0.832185
2.790483 257.500978 -0.866823
2.494519 257.801309 -1.959756
2.975487 260.237425 0.196548
6.732854 256.542927 -1.058738
4.203432 256.768103 -2.040635
7.465118 256.726662 -0.041716
7.471669 259.133054 -2.579385
8.753548 257.687175 -2.069467
9.162812 256.564585 -1.306940
7.910575 255.236705 0.990070
9.297333 256.472112 -1.835108
9.117643 256.477263 -2.377641
10.023625 255.164521 -0.907506
10.848125 255.238599 -0.314641
12.293944 253.590810 -1.281345
13.281474 255.208439 -2.360909
13.013308 252.038376 -0.940894
15.079574 252.800067 -1.813386
14.462322 251.930089 -1.598383
14.857288 252.537407 -1.188384
15.516763 253.332105 -0.686168
14.945693 253.019640 -1.082464
16.303005 251.867061 -1.151898
15.355155 252.065184 -1.784000
15.777172 252.072871 -0.760580
18.174116 251.130216 -0.577337
18.441055 251.763215 -1.833299
18.589765 251.416370 -1.011469
16.863634 250.996653 1.186712
19.102027 249.896418 -0.656269
20.338630 251.608952 -2.301525
21.274252 250.831695 -1.197561
21.400664 251.108678 -0.194337
20.491404 250.744755 -1.145539
22.232477 249.877464 -1.234450
23.875263 249.629480 -2.219669
22.864755 249.805621 0.108294
24.385861 248.727741 1.343776
24.624081 250.819610 -1.308646
25.417861 250.383218 0.041663
26.463768 250.438923 -1.507954
25.406406 249.950033 -0.271702
26.275080 250.755841 0.244628
26.097231 248.951860 -1.350912
27.884438 249.396871 0.147510
28.505128 250.108894 -2.627016
27.257535 250.524894 -3.300792
30.113820 250.301070 2.093788
31.879667 250.495500 -1.239186
31.071200 252.642758 -2.763203
28.734523 250.583090 -0.530977
31.448833 252.562724 -2.306348
29.093120 252.686631 -1.925195
29.794395 252.299771 -0.298238
32.087724 252.053832 -1.243307
32.259201 251.573785 -1.790883
33.521180 253.625977 -0.903251
32.399941 253.557158 -3.251727
33.932957 255.559611 -2.553959
33.526244 254.850706 0.167416
34.047552 254.245123 -3.049712
34.941560 257.382459 -0.807223
35.189955 256.093056 -1.099808
34.743344 256.982642 -0.867013
35.920779 255.564376 0.206621
36.944127 256.398333 -0.097077
36.127215 256.537512 -1.859803
35.229244 258.197089 -2.937043
36.117935 255.998990 -1.192656
37.547907 258.072562 -2.145754
36.914377 259.181796 -1.650562
38.754461 258.093275 -0.921892
40.119434 259.838218 -1.524074
39.423313 259.250365 -1.116041
39.195262 259.552499 -0.928719
38.926326 258.915910 -2.542493
38.692664 258.877206 -0.995128
39.814171 260.748614 -1.113339
39.112749 260.961832 -0.323353
40.450496 260.808985 -2.001676
41.937871 259.187783 -2.953261
41.822755 260.369454 -1.569821
41.424209 260.125855 -0.916563
42.940054 260.739349 -1.868142
44.538805 259.394131 -0.724681
44.974604 261.042891 -1.427529
43.659528 261.564768 -2.650063
43.619270 260.079801 0.009742
45.418060 259.426411 -1.544408
44.840833 259.596190 -0.267150
44.508364 261.807278 -0.432246
47.445080 259.602738 -1.428102
45.364658 259.406850 -0.798903
48.547383 258.678634 -1.669913
47.611731 258.211621 -0.722205
47.515994 259.236247 -1.769517
47.936686 259.233506 -1.535551
48.900216 258.285227 -1.003132
51.439164 258.939327 -0.327485
48.975833 258.718648 -2.430515
49.451425 257.582825 -0.150503
52.442022 258.312238 -2.878629
51.936931 258.088654 -1.191640
50.882844 256.621293 -1.436785
53.867372 255.035467 -1.541401
54.153623 257.760460 -0.692850
55.222312 255.816711 -3.310869
54.895261 257.297788 -0.014203
56.717462 256.376536 -1.030841
56.117040 255.509504 0.236715
56.477935 256.900311 -1.770802
59.441722 253.543027 -0.903871
58.081051 253.193503 -1.286820
60.607094 253.402799 -3.032340
60.217515 253.835114 -1.010174
61.975242 253.526915 0.279546
62.045027 252.863467 -3.208482
62.286679 252.531187 -0.651595
63.750116 251.341805 -1.457377
64.771051 253.661854 -0.758339
65.616096 251.855865 -1.270539
66.930584 250.074510 -2.021390
65.668804 251.421039 -0.447315
66.603266 248.276212 -2.090147
68.950802 250.785853 -1.253197
68.521551 248.585884 -1.171429
68.738340 251.665861 -1.117796
69.844154 248.436012 -1.764272
70.963850 249.781548 -1.471331
71.259080 250.161291 -1.575793
73.615716 247.239635 -1.247398
73.944659 245.584337 0.416541
75.783155 246.666770 -2.684083
75.628487 246.774184 -1.196489
76.254625 246.811185 -0.071535
77.490906 244.836882 -0.111959
79.337806 248.676695 -2.581872
78.708741 243.076293 -0.900438
78.757002 246.681920 -2.232284
78.371120 243.930953 -3.432554
81.638653 241.944925 -1.417233
79.561718 243.346254 0.203660
82.750578 242.462441 -1.460674
83.224692 243.416717 -2.784924
84.538662 239.886149 -2.034890
84.194683 242.873240 -1.374898
84.085944 240.868257 -1.183224
86.145834 240.925961 -1.845083
87.651560 240.642921 -1.436906
89.922180 239.356676 -3.192045
89.257676 239.764115 -1.656998
88.484552 239.819705 0.261609
90.786976 240.612336 -2.743742
89.552995 236.584966 -2.124727
92.442609 239.586601 -1.527422
92.171191 238.073579 -1.101448
93.655348 236.844719 -1.020460
94.573627 237.721719 -0.640068
97.127600 237.747490 -0.961370
94.297108 237.729475 -0.904278
95.872455 236.258220 -1.163254
97.774107 237.465895 -0.426771
96.766847 237.482986 -1.131806
96.680356 236.790380 -2.414567
97.622551 236.397519 -1.136200
97.748403 236.973179 -0.874225
98.854132 234.128729 -1.611767
99.726029 235.524022 -1.846451
98.829743 234.736709 -1.798643
102.068123 234.175181 0.171667
100.166053 235.921340 -1.754017
103.506460 234.455770 -0.406843
102.814619 233.051258 -0.139834
103.679617 234.126802 -0.334330
103.281975 234.282760 -2.159183
104.686701 233.554154 -3.066176
104.568338 234.604106 -0.675437
105.748048 233.300130 -1.852271
107.611909 232.660984 -1.325195
107.874196 231.874094 -0.000262
105.613225 234.095537 -1.934756
107.339876 230.373877 -2.030799
106.925678 231.473433 -1.720685
109.290294 232.108065 -1.279550
107.622466 230.828439 0.208568
108.319520 233.198681 -1.834980
109.379501 232.445002 -0.314099
109.600267 230.802082 -1.634564
110.336118 231.914822 -1.559866
110.912679 232.484945 -1.170511
110.863470 229.172371 -4.161967
111.180242 230.452632 -2.034217
111.280281 230.337481 -0.380233
111.328753 229.530742 -0.510950
111.216009 230.695004 -1.970387
110.967812 230.140600 -1.472541
112.248770 229.696970 -3.320990
111.482112 230.672484 -1.786606
111.824680 230.764835 -2.200738
110.673585 229.526070 -1.957415
111.404928 229.409292 -0.973342
112.504733 229.805711 0.349322
112.310099 229.686759 -1.976762
111.957948 228.722324 -1.950955
113.300513 231.563216 -2.192862
112.658365 229.055435 -1.087773
113.486229 230.291145 -3.925627
110.978234 228.394980 -0.414531
111.967382 225.732940 -0.944589
113.944258 227.496758 -2.496654
112.907068 228.521576 -2.121966
114.569399 225.336225 -2.328707
113.135853 227.711508 -1.974106
115.242169 225.868102 -1.371143
115.202374 229.297573 -1.876618
115.148059 225.354983 -3.767300
115.859681 226.813937 -0.167618
113.802536 227.010045 0.540372
115.742912 226.419506 -1.308766
113.897690 227.093028 -1.922588
116.085959 223.786268 -2.489466
117.113180 224.599119 0.143535
115.676013 222.635881 -0.417978
115.216154 224.735597 -1.271499
114.282469 223.694460 0.913567
116.304961 223.002023 -0.199066
115.971457 222.779791 -2.360610
115.906889 223.048602 -2.091963
116.992257 221.398606 -2.127344
116.430004 220.669276 -0.466372
114.953270 220.294691 -0.718838
115.339297 217.800990 -2.325799
115.756252 219.092981 -1.721093
113.198157 217.503790 -3.217177
114.192278 217.391640 -2.161562
113.946479 217.747753 0.898987
112.175743 217.863413 -0.215464
112.587949 216.277136 -1.638608
113.212885 216.942650 -0.571951
113.144696 214.280667 -2.654404
112.066188 215.249026 -2.697012
110.844950 213.488779 -2.158558
110.676828 212.169437 -2.541862
110.093318 212.584523 -2.483121
109.017236 210.449610 -0.449646
109.996527 209.875140 -1.147276
108.023759 210.076179 -0.811817
108.884832 209.735571 -2.328615
109.984255 208.094673 -1.542036
108.391081 207.030276 0.011672
106.834140 205.474785 -0.170783
106.861313 206.308448 0.496691
106.598456 205.245226 -2.352492
107.250510 203.818087 -0.722993
105.388987 201.086431 -0.690964
103.461063 201.456250 -0.249746
105.249408 202.826427 -0.161471
103.933519 199.996430 -1.225696
102.479772 198.017836 -1.726993
101.547358 198.082550 -1.405798
101.432051 197.508973 -0.433758
102.806354 195.743840 -0.548920
102.785015 195.427841 -1.955803
101.906095 195.361072 -1.714736
103.201707 192.581473 -1.074950
99.953082 192.363274 -2.835771
99.550642 189.980933 -0.946454
100.609922 190.748265 -3.442954
101.173800 189.422452 -1.838707
98.751775 188.222291 -1.714752
98.305999 186.453175 -1.445033
96.935940 184.637829 -0.885931
97.668959 185.489111 -0.200146
96.917587 183.443937 -0.171237
94.743184 182.076279 -1.964435
96.628487 182.813233 -0.501288
96.121423 179.984238 -0.621597
94.362768 180.596417 -1.074926
93.589263 179.274226 -0.077582
92.786356 177.653167 -2.014618
90.378539 176.789272 -0.349134
92.612935 173.609482 -1.308736
89.598850 175.895814 -2.044636
92.479107 174.330636 -1.858141
89.549197 172.692270 -1.799114
90.244312 170.811688 -2.730096
87.308190 170.361437 -1.504705
88.434212 169.775608 0.237114
88.100866 167.569647 -0.429158
86.461538 167.071134 -0.371571
87.941019 163.842428 -1.681448
85.760395 164.698466 -0.438677
87.568176 163.028861 -1.412821
86.653028 162.741817 0.361002
85.162336 160.093220 -2.227762
82.752695 160.823792 0.307993
85.528842 159.805559 0.290246
82.532950 156.715739 -0.019425
82.964101 156.885252 -0.472940
82.239137 156.854053 0.448285
81.893322 155.316584 -0.313373
80.319270 154.127967 -2.206719
81.204506 150.962897 -0.504952
78.731942 151.608353 -0.806499
77.410269 150.374034 -1.333825
79.243932 148.722605 -0.334986
76.828069 147.021261 -1.172849
78.066186 148.176225 -1.501880
77.667921 143.111127 -1.898839
75.078386 142.814521 -2.305406
75.831991 142.727426 -0.344450
75.551756 142.091119 -0.070731
74.237720 139.534021 0.327573
73.109448 138.568052 -0.909723
72.231302 137.978716 -0.380801
72.937642 136.392216 -1.209050
73.054167 136.572262 1.347090
72.612741 136.126840 -2.125160
71.647663 133.839256 -1.291745
70.439052 133.645856 -0.233904
68.838875 132.353886 -1.343562
69.334735 130.122231 -0.910535
69.342349 128.316269 1.275331
66.222297 127.707158 -0.280320
68.040196 127.045346 -0.682669
67.343223 125.875180 0.785046
67.258605 125.955347 -1.548116
65.786294 123.673985 -1.541730
65.731600 122.447677 0.151944
63.805930 123.715440 -1.361280
64.560939 121.727760 -1.011120
64.717074 118.759930 1.037554
63.363980 118.374712 -0.694795
63.695829 117.471384 -1.123555
62.206429 115.975688 1.465244
61.361939 117.005759 -0.123819
60.502381 115.306228 0.467941
60.864967 115.663457 0.718713
61.501894 113.102335 -1.368400
59.553234 112.952044 0.271549
57.549407 111.882231 -0.100539
59.053810 112.423905 0.174252
60.263701 110.178109 0.717002
60.181620 110.916649 -1.291690
57.932900 108.555437 0.311298
58.525527 107.386126 -0.094523
55.441618 108.946080 -0.661484
57.185541 106.566140 1.004791
53.968929 106.240065 -0.236253
56.010932 107.320958 -1.005586
56.948720 105.372893 1.151913
55.242832 103.716511 0.997633
56.069642 102.299789 -0.628426
55.808478 104.136781 -0.757306
52.291389 103.239948 -1.289523
53.019907 99.363977 0.753568
55.025539 101.464087 1.335691
55.403894 102.749261 -1.435899
54.637425 99.012861 -0.262032
54.352908 100.755629 0.022794
55.177994 100.280821 2.141611
54.221588 98.146747 0.243142
53.737736 100.083188 -0.273495
54.006850 97.593868 0.737020
54.471237 96.941611 1.693712
53.857312 97.147827 0.688860
53.198518 97.080905 -1.011963
55.787391 95.182130 0.736876
56.240099 96.553413 0.284651
55.120816 94.628410 1.490979
54.882651 93.734046 0.679232
55.067866 93.357209 -1.436966
55.659323 93.820621 0.245229
57.394210 94.035873 -0.191970
56.593631 93.608975 1.267382
57.259890 92.271486 -1.003968
56.051334 93.072846 0.558301
58.482777 91.910994 1.382405
57.812410 92.676876 -0.067202
58.132717 91.969455 0.385327
59.521628 91.160376 -0.057090
61.990791 91.974024 0.701127
60.202546 91.472058 0.482775
60.574511 89.869552 -0.120073
57.890083 90.056575 -0.522796
63.135902 89.573958 -1.214768
61.986219 88.212295 0.451202
62.878267 89.887565 -0.814499
63.130004 87.258306 0.673644
64.189849 88.776692 -0.029612
64.615063 89.562681 -0.314823
64.883695 86.545884 -0.894816
65.449286 88.361520 -0.277312
65.683994 86.512498 -0.557253
66.795728 85.076893 1.257024
66.485175 86.903657 -1.295845
68.425523 86.489040 0.357440
67.379884 85.693319 -1.211253
68.821445 86.060099 0.766819
69.740616 83.674536 0.613553
70.481355 81.912497 0.746658
71.118949 85.063658 -1.140963
68.671271 83.767905 0.238647
70.949945 82.101482 2.690880
73.075890 83.442056 -0.723444
72.044669 82.176488 -0.347201
74.569772 81.834362 0.174256
75.587168 80.333482 0.393411
74.634504 79.161884 0.649426
77.867245 80.811565 -1.479359
77.428800 80.266703 -1.670290
78.245084 80.800582 1.363346
79.328827 80.562004 -1.969535
81.170848 78.654675 0.258371
81.098230 80.391117 -0.919055
82.728703 78.429368 -0.198911
82.735764 77.453891 -0.049105
83.595619 78.162577 0.054107
85.186240 78.458853 -1.080358
86.048327 75.912875 0.554725
86.515172 74.785030 0.057849
86.131947 75.524067 1.317828
86.720143 75.011149 0.045966
88.756894 75.243920 1.137336
89.294347 72.768387 -0.559097
88.959133 74.933639 -2.650564
92.761536 74.535133 0.123222
92.154812 75.842254 0.843795
92.621160 73.169241 -0.166701
91.901410 71.748847 -0.707787
91.805434 71.977188 -1.699102
94.064994 71.544073 0.139779
94.074022 74.180052 1.363031
94.153520 70.812345 -0.594471
95.117841 68.764597 0.455166
96.187320 70.597738 1.023300
99.051028 68.253588 0.510881
99.047145 68.159430 -0.732122
100.833742 68.336149 0.680043
99.137419 66.411185 -0.521660
100.562894 66.079623 0.042339
99.787019 65.476026 0.726169
102.787235 65.698633 -0.957044
101.851026 65.196602 0.716781
104.554020 64.488779 -1.063773
104.556547 63.616575 -0.417227
106.326849 64.652534 0.266545
104.362517 63.466494 1.172251
105.881501 64.030478 1.406969
108.588011 62.336600 0.706606
108.930708 61.877797 -0.375665
107.654879 61.061033 -1.165938
108.597155 61.235241 -2.065923
110.851244 60.630939 -0.333648
110.435628 58.872963 1.352086
111.498656 56.759461 0.700569
110.875325 57.591263 -0.634740
113.393617 57.897579 -0.672447
110.933538 55.750262 0.481106
113.077367 56.729206 0.836553
114.435038 55.072002 -1.335327
113.844667 55.139131 0.009461
115.119108 53.089441 -0.965823
115.126309 52.969073 -0.595164
115.592787 51.034848 1.172064
116.110719 52.731245 1.569306
116.947896 49.491361 -2.055869
116.118882 48.405468 1.404936
118.260941 49.435991 -2.196709
117.543862 49.108156 0.303406
119.135787 48.027013 1.653162
119.654962 46.682587 0.226158
122.805355 43.731364 0.733652
120.831892 45.606815 -0.596545
121.483074 44.875450 3.178261
122.873552 42.519472 -0.353465
122.146431 40.775129 -0.251899
123.916031 40.421529 1.134952
124.198927 40.167075 -0.048294
125.835763 40.844509 0.108612
124.572213 39.320690 -0.403788
123.224609 40.497296 0.268519
126.291882 37.525578 -0.615942
126.211563 35.188508 2.407553
125.653424 34.957911 -0.300904
128.702971 35.123838 -1.094341
129.136622 35.041799 0.683831
129.052575 35.900272 2.334435
128.130687 34.240546 0.535667
129.737808 30.113587 -0.015232
128.873261 31.738751 1.228790
128.003371 30.070678 1.288612
130.269626 30.003833 0.527528
131.195118 28.097940 -1.030262
130.080103 28.257537 0.211362
131.398630 26.303529 -0.108357
132.937111 25.488768 -1.137467
132.948797 24.807140 0.243592
134.121447 24.184886 0.511764
131.667716 23.109219 0.839689
131.588823 22.747603 0.339369
133.477257 22.818642 0.580372
135.225610 19.964318 0.388595
134.113459 19.163978 1.217197
136.657235 19.441490 0.774963
134.695042 18.065826 -1.545485
134.183124 16.732778 1.983695
135.069798 17.085183 1.170417
134.329175 16.056074 0.351295
136.744568 16.725019 0.531205
136.083263 15.964594 0.486074
135.237964 15.016236 -0.786926
136.631632 13.834983 2.828289
136.769242 12.316791 0.154658
137.584973 14.802426 -0.297151
135.760709 13.294195 -1.077670
137.156045 11.631972 0.243008
138.529671 10.620802 0.037722
138.092456 10.806291 0.393995
138.783187 10.907112 0.674748
139.042168 7.879691 0.323889
139.332514 9.519264 -0.419758
138.436317 7.598263 0.812051
140.395884 7.077069 1.182301
139.729491 6.729121 0.064878
140.600875 6.537941 2.557427
139.278025 6.016970 -0.241175
139.518925 4.836072 0.423249
143.568898 4.006099 -0.850034
141.223745 1.385867 0.168861
141.254108 3.587322 1.215573
141.031213 1.968203 -0.539719
140.743069 1.678177 -1.052983
141.777790 -0.309363 0.751731
144.352718 -1.377274 -1.673949
142.761302 -0.760229 0.385757
142.776623 -1.691194 0.535340
144.634299 -4.246113 -0.197187
144.154501 -3.942371 1.904577
143.654886 -3.803740 0.727850
144.080497 -6.435376 -0.261086
146.055648 -5.687902 -0.682718
146.346002 -6.536002 -0.343233
145.931165 -6.221860 2.551007
146.971600 -6.630561 -0.332317
145.523050 -8.617028 0.272846
145.843613 -9.669979 0.559463
147.657146 -9.816565 0.446921
147.199473 -11.755367 -1.043415
149.872977 -12.072185 -0.069164
147.540198 -9.992991 -0.917212
148.454862 -13.440392 0.749355
150.219810 -12.891515 0.638591
148.585088 -15.800167 0.419910
152.125897 -17.871301 1.293872
150.617567 -16.484628 -0.012974
150.007867 -17.506671 0.742498
152.197998 -19.118555 -0.512769
150.043149 -19.129654 0.504952
151.052571 -21.414666 -0.389137
150.914447 -22.532330 -1.055063
152.377917 -23.281738 -1.551885
155.249565 -22.198926 -0.710057
153.893318 -23.854072 1.254257
153.230570 -24.086962 -0.491181
153.102056 -25.276018 1.336266
157.410679 -28.022207 0.732778
154.836604 -26.943492 -1.452577
154.365846 -29.322264 0.092284
155.363221 -28.705729 1.031921
157.017556 -28.646150 0.413315
155.570664 -29.719341 -0.601854
158.067115 -30.327013 0.468313
156.064739 -33.718831 1.340243
157.756158 -33.535052 0.775384
159.018149 -34.224051 -0.203071
158.367870 -34.441698 0.549256
158.777650 -35.006621 -0.134836
158.573467 -37.706239 -0.978890
159.500342 -36.481786 -0.800033
160.302604 -39.125380 -0.249983
158.969127 -39.501674 -0.191436
161.342579 -39.779320 -1.206682
162.200356 -40.504378 0.193728
161.442389 -42.003025 0.235046
162.220987 -43.914322 -0.491747
161.800989 -42.638674 1.256751
161.555964 -44.029902 -0.451726
161.780081 -44.496714 0.830534
161.796489 -44.379052 -1.644650
162.526216 -45.710243 1.742724
163.035125 -48.140005 -1.912714
163.579356 -45.922267 0.484603
163.929613 -45.901744 -0.415674
164.877429 -49.213341 -0.771029
162.423806 -48.416509 0.096797
164.585173 -48.574910 -0.777232
164.538760 -50.617313 1.521507
164.734105 -50.118787 1.748546
164.099761 -51.198198 -0.934707
165.625060 -50.109825 0.905109
168.599840 -53.200550 0.779976
165.821237 -51.929380 -0.446053
165.882495 -50.077546 1.022013
167.211830 -50.782883 -1.326473
166.272861 -54.669133 -0.503449
168.246284 -52.762952 0.358224
167.134224 -52.389420 0.459496
169.756191 -55.397008 0.526293
168.380800 -54.239798 0.741736
170.180492 -54.985051 0.211744
169.140615 -53.303386 -0.004048
172.333261 -55.266175 -0.331465
170.998259 -54.155871 -0.526589
173.016942 -55.740694 -1.798271
172.368446 -56.836327 0.208039
172.377699 -55.071394 0.077910
173.968071 -55.655230 1.130985
174.705221 -57.401013 -1.606679
174.676808 -57.605614 0.266368
175.600240 -56.633093 -0.464171
176.475679 -56.477313 0.480696
177.118783 -58.651453 -0.491514
176.925887 -58.943817 0.912763
178.212216 -60.152526 1.943501
179.355496 -60.580180 -0.263687
179.747760 -57.843783 -0.936107
181.272810 -58.568714 -0.458793
180.619623 -61.397303 -0.030450
181.466003 -60.097691 1.267191
181.429323 -63.158574 0.159997
183.090571 -61.336774 -0.142585
183.541239 -60.471982 0.566478
183.724499 -62.933657 0.015792
186.357506 -63.018049 0.167651
184.930438 -62.177925 2.142017
186.489211 -63.599552 0.215476
184.282608 -63.340969 0.309533
187.783667 -65.242833 -0.217857
187.571595 -63.915272 -0.219958
190.691644 -64.916231 -1.129554
189.174489 -66.448906 -2.065251
191.539596 -65.505392 0.659858
190.802247 -68.052177 -0.358454
192.118218 -68.140554 -2.415288
191.690346 -67.653686 0.240699
193.355400 -67.347036 0.356444
194.469789 -69.933907 0.601714
194.552887 -70.089899 -1.402275
193.898921 -70.001330 0.858951
194.690795 -70.643414 -0.505836
197.088145 -70.226047 -0.069951
196.595891 -69.445986 -0.633235
198.696000 -70.979715 -0.039103
200.618451 -72.750611 -0.232065
197.561485 -71.198091 1.807224
201.139942 -71.386103 -0.079128
199.848959 -74.790642 2.156838
201.364469 -74.072100 1.447877
200.606076 -73.629300 -0.056502
202.965055 -74.605773 -1.328667
203.082840 -73.944817 0.092281
204.532251 -76.533470 0.082952
203.819560 -75.187772 0.141361
205.823647 -75.295984 0.820745
206.165024 -77.877297 0.151242
206.049449 -77.668345 -0.220361
206.292245 -79.725386 -0.526880
208.225853 -79.606652 0.142526
210.627519 -77.684080 1.768455
209.812432 -77.998227 -0.592185
209.543533 -82.412283 1.324303
212.428643 -80.687528 -0.114796
210.898241 -80.264997 1.260350
210.610209 -80.703214 -0.147457
213.171876 -81.119555 -0.063008
213.736387 -82.310275 1.107762
214.976448 -82.345211 -1.121451
214.900621 -82.136345 0.191668
216.733124 -81.784887 1.186481
216.891524 -84.533333 -2.409528
217.354427 -84.824098 0.534754
218.167498 -85.341011 -1.631753
218.110428 -85.019618 1.860570
219.751958 -85.699309 1.097796
219.766080 -86.147243 -0.587383
222.168470 -86.848212 0.451170
221.314136 -86.831945 2.228703
221.810070 -88.370085 0.373140
224.332774 -89.077369 -2.683067
225.707113 -88.293025 -1.583242
224.466646 -87.972968 1.606556
226.805434 -90.256032 0.230913
226.455546 -89.440728 -0.736980
226.496864 -90.051030 0.094240
229.463890 -92.276052 0.085494
227.878275 -92.086275 -1.327853
229.026753 -94.013407 0.862858
231.011484 -94.834049 1.515929
233.500274 -93.531540 -0.458438
234.604942 -95.413509 0.210953
232.668455 -93.215146 0.566973
232.697318 -95.974930 -0.107542
232.959049 -95.486571 -0.318388
233.170478 -94.734334 -0.255520
234.093719 -96.612237 0.314370
234.380124 -96.611689 -0.784536
238.533888 -96.867009 -0.118334
236.836798 -97.981745 0.907487
238.238503 -98.532288 0.355751
238.332372 -99.091897 -1.785008
240.638381 -98.917213 -0.463265
242.220924 -99.544763 -0.717142
241.824035 -99.646619 0.726110
241.240517 -100.041928 0.085793
242.847376 -102.792303 -0.073155
244.625832 -102.040888 -0.243021
243.114160 -102.908853 -1.852621
243.926055 -101.930373 0.299584
244.654850 -102.431045 1.378089
245.185277 -103.413860 0.083934
246.521866 -101.790352 -0.253358
246.502163 -103.210467 -0.613068
246.884355 -105.360943 -1.384815
247.691394 -104.625589 0.591239
247.767463 -105.564560 0.348430
247.012967 -103.543632 -0.957563
248.510993 -106.323321 0.973552
248.836057 -106.146161 1.261058
249.657629 -105.457295 -0.568746
248.684091 -106.213175 0.098458
251.176053 -106.746736 0.627104
249.386945 -105.124836 0.262511
252.168625 -108.195810 0.739487
250.628903 -107.254095 0.080228
252.421649 -107.354633 -0.791614
252.168676 -107.941728 2.543871
253.175796 -108.154362 0.343403
255.553823 -110.751210 0.549214
252.292986 -111.778242 0.758257
254.320850 -109.782808 0.358797
257.552607 -109.990036 0.976656
254.043550 -109.631292 0.228634
254.510218 -108.289467 1.644831
255.293057 -112.597140 0.108506
258.068088 -110.679281 1.574724
257.007906 -110.369187 -0.360947
253.352242 -110.057114 -0.323826
256.167353 -112.115970 0.233320
256.230332 -110.718815 -0.612274
257.619506 -111.709789 -1.166183
256.525859 -111.186114 0.674978
258.211584 -111.557719 0.402032
255.982121 -110.600201 0.714727
256.886024 -113.404182 1.980872
256.301223 -112.176390 0.901794
256.586734 -113.165074 -1.575975
258.747597 -112.287428 3.478264
257.312436 -112.729704 -0.011309
258.818740 -112.327978 1.170214
257.881425 -113.276809 -1.245605
256.964074 -112.435817 0.247701
258.867920 -110.669275 1.776504
259.485125 -113.679714 -0.020008
259.614179 -112.305450 -0.154998
259.954609 -111.797379 -0.096796
261.210467 -110.812990 -0.375876
262.667280 -111.915943 -1.087009
262.171065 -111.515810 0.848107
259.780690 -109.068468 1.195133
261.077954 -111.702223 2.191129
262.235123 -110.820154 -1.751165
263.015797 -109.976211 1.226404
262.361569 -111.031300 0.957898
265.161448 -110.844687 1.584473
264.586332 -107.944252 0.428763
262.420584 -108.950546 1.555151
264.443188 -108.949066 0.314897
262.831492 -106.652275 -0.414321
266.630813 -108.172846 1.740698
267.003347 -107.826879 -0.413129
267.824313 -108.996571 1.128884
266.352359 -105.375223 0.647689
268.563494 -105.976431 -1.270978
267.487632 -104.841601 0.630919
270.007050 -104.491060 -0.495641
268.473332 -104.204501 -1.818378
271.388036 -103.260077 1.740225
268.622655 -101.773136 2.741592
269.332583 -101.595496 0.495715
269.561397 -101.190500 1.313315
271.010444 -99.758534 -1.189073
270.582916 -100.079073 0.499069
271.885287 -98.619713 1.002983
273.955162 -98.826451 1.079490
273.150574 -95.911397 -0.336917
276.259363 -97.109154 -0.897388
276.036834 -96.260287 1.334069
276.413002 -95.286460 -0.105535
276.739509 -94.782430 1.163706
274.140560 -93.567106 -0.171213
278.529095 -92.530524 0.701760
277.901732 -93.367925 2.082001
279.954664 -91.183251 2.050535
278.004429 -91.502883 0.519511
279.570486 -90.298742 1.029690
280.006535 -90.100160 1.011257
281.183279 -88.041122 1.642594
279.671133 -86.939439 -0.686706
280.343398 -87.229739 -0.461758
281.533529 -85.917292 1.327992
282.333410 -86.468300 1.646142
282.450110 -84.034511 0.961194
284.060654 -82.056619 0.994057
283.575663 -80.142242 0.707478
284.922323 -80.448975 0.761726
286.045021 -78.082741 0.243052
285.903409 -79.627342 1.581258
285.345989 -80.796624 -0.095623
285.794935 -78.427040 0.986386
287.111854 -78.600887 0.547172
289.502015 -77.952788 1.286562
290.038108 -74.472554 1.684581
292.063238 -74.867499 0.590512
290.012823 -73.665214 2.023426
289.654930 -73.687672 1.871998
292.657004 -72.273676 1.344496
292.566341 -69.567655 0.569654
293.830271 -67.595475 1.098843
293.500234 -68.600720 0.135288
296.438019 -68.315160 0.227094
293.815421 -66.575290 1.360385
294.815728 -66.195811 -1.028458
296.093253 -65.496654 2.181783
295.782873 -66.313776 -0.414323
295.807739 -62.864613 2.030995
298.050897 -62.139872 0.608638
298.274579 -62.780236 0.149839
297.403180 -61.349721 0.411511
300.273067 -60.688251 0.296061
299.281652 -59.785425 1.215419
299.569716 -58.929500 0.715603
300.556055 -58.764653 0.708906
300.762605 -56.910813 -0.420774
303.524018 -54.088842 -0.389847
303.619557 -56.240815 1.517601
302.398582 -54.208902 -0.388575
304.030021 -54.890899 1.308708
304.032454 -52.407108 0.149119
305.335958 -51.997041 -0.276947
306.240819 -49.801091 -0.298856
307.842324 -48.932244 -0.326158
305.797310 -49.305185 -0.036377
309.757023 -48.674312 -0.287880
307.314585 -46.807492 -0.073543
309.079235 -46.130627 -0.003761
309.619151 -46.213269 1.164394
310.832975 -45.607874 0.567881
310.447681 -46.055636 0.783484
313.351487 -44.572577 -0.237244
311.172910 -42.155009 0.980845
312.472716 -42.994907 0.613430
311.709778 -41.053598 1.382148
312.612162 -41.924858 2.087956
313.906647 -38.373519 0.363416
314.961096 -38.278145 -0.359101
315.860444 -38.310614 -0.792994
316.737223 -37.341685 0.372504
315.805401 -34.715767 1.407105
318.598825 -35.844191 -1.200899
320.270500 -34.765691 -0.223347
319.353162 -32.780395 0.505500
320.832759 -32.107752 -0.551340
319.560407 -31.412649 -2.189915
320.704672 -33.053347 0.047006
321.237680 -31.165528 -0.019072
321.062112 -27.779038 2.410614
321.616054 -27.754779 0.146304
323.581492 -28.593598 -0.111218
325.047122 -27.669929 0.077793
323.363084 -27.955623 -1.081986
325.338900 -27.454883 0.291689
327.293622 -24.330370 0.524095
326.483040 -22.852481 1.080622
326.828562 -25.436705 0.970013
328.568490 -23.925629 0.890872
328.012194 -22.699602 -1.864159
328.728149 -20.847636 0.003292
329.567426 -21.883612 1.000531
329.904290 -21.323852 1.974875
331.594435 -20.318186 1.134916
331.744831 -18.408993 -1.052101
332.802493 -18.897021 0.297228
334.966681 -17.376481 0.279476
330.703078 -15.589647 -0.677947
332.428737 -16.687933 2.081798
334.725096 -15.905902 0.971312
333.915674 -14.958172 0.736388
335.992371 -13.551249 1.153350
335.162460 -13.211450 0.565093
334.982953 -13.757087 0.744266
337.459673 -13.013461 -0.546240
337.123564 -12.167036 0.846537
338.445676 -10.776001 0.058348
337.358201 -12.369867 1.345462
339.904274 -11.156767 0.411974
340.353182 -9.906931 1.106578
338.118879 -9.322099 -0.245427
338.631069 -9.914190 0.101822
339.950162 -10.620760 1.645836
341.697950 -10.738174 1.657848
340.187905 -7.509227 0.596326
341.422627 -8.167388 1.872316
340.551154 -6.992769 1.762744
342.934827 -4.853181 0.134351
343.551824 -6.890227 1.899222
342.988052 -6.735695 1.981096
342.863155 -7.363072 0.160512
344.324169 -4.157143 0.786099
345.386741 -6.459236 0.224078
344.095567 -4.793193 0.743187
345.378483 -4.690494 0.794781
344.956316 -4.680062 0.541886
345.125375 -3.456723 0.693522
345.347605 -3.144397 1.944363
344.105346 -2.853532 3.461497
344.239731 -2.906777 1.425896
343.203498 -1.208756 2.847130
343.738578 -2.375906 -0.787991
346.184769 1.310374 0.208487
345.972517 2.155392 2.518308
345.045865 -0.956795 -0.080032
344.868291 1.665277 0.562874
346.416886 3.778184 0.588945
346.399372 3.440957 0.835010
346.210326 3.735088 2.838200
343.868267 3.727205 0.663755
345.749027 6.089876 0.775761
343.890239 6.243970 1.565005
343.373506 5.977192 -0.770211
344.401818 5.607164 1.641777
344.877023 5.812063 1.731758
342.957734 8.074524 0.070060
343.677597 8.837726 1.432795
344.977543 8.902026 1.243623
342.828208 9.767803 1.387987
342.785071 8.391124 1.306323
342.819887 10.196208 -0.293384
343.540134 11.999906 0.779607
340.488991 11.392026 2.323012
341.358978 12.316304 1.553678
339.997844 15.038152 2.421661
339.888372 13.656242 -1.522577
338.454992 13.640133 1.252878
339.144521 14.412979 0.865302
339.548492 17.010090 -0.729080
338.482411 15.837677 2.091507
338.914597 17.151033 0.441226
337.231761 16.564893 1.563976
336.979377 20.569265 0.155927
336.138957 18.957024 0.272964
335.124017 22.258197 0.599386
335.975126 21.685605 0.049927
335.177102 23.554123 0.133308
335.697059 22.918955 0.865796
334.914721 24.005679 1.389445
333.612792 25.622576 -1.021690
331.633833 26.928477 2.417653
332.040835 26.981920 1.718830
333.187833 26.035237 0.574089
331.665083 29.689385 3.988405
331.335524 28.419290 1.894936
332.462917 30.782351 0.584257
331.688933 32.190676 0.472034
330.668360 33.462596 2.683171
329.828325 32.965790 2.725771
328.264521 34.709307 0.124556
330.166698 34.876638 2.762708
329.225686 34.779261 2.917623
329.886739 37.841374 0.720885
327.669910 37.978150 0.762108
329.306903 38.851413 -1.261837
327.549217 39.324051 1.358641
326.472027 41.361547 2.532268
326.748734 41.098000 1.357205
326.061201 41.605020 1.949028
326.109275 44.828712 2.599936
324.529783 45.073623 0.358729
325.508445 44.611203 0.263647
324.680914 43.325960 -0.480640
323.762276 47.044066 0.892685
321.936927 47.015893 1.650665
323.668532 48.685375 2.405624
322.996617 48.896540 0.958766
320.748604 50.392927 2.337438
322.386815 52.754882 0.908062
322.546367 52.092606 2.664931
320.715343 53.838059 2.659989
320.026337 54.276815 2.475442
319.612884 53.578253 3.335582
318.797041 55.893449 2.349673
318.127196 55.640132 1.445372
316.459599 57.186576 1.428648
317.495287 56.754850 2.770814
317.335768 60.633555 0.904576
315.873854 60.298333 0.933169
315.049034 62.400354 0.530081
313.911363 63.078261 0.653073
314.668606 60.795651 2.900425
313.468823 63.511567 2.070540
314.714610 64.203103 -0.526229
313.022500 65.258189 0.403422
313.532762 66.636066 2.161048
311.654347 68.952661 1.974393
312.434468 68.648378 3.573863
310.507566 68.205722 -1.165849
311.696635 69.584588 1.176098
310.362531 68.026309 1.587062
312.032378 70.259116 1.649873
308.574213 72.075032 0.821756
308.908926 71.695164 0.829979
309.632815 71.895725 0.828528
308.789731 72.847318 3.028404
307.519862 74.074262 0.251355
309.764496 76.014673 0.286311
308.626159 76.439637 1.482467
306.775502 76.184806 1.577011
306.179156 79.432837 -0.005167
307.835217 78.234054 1.576279
306.757596 78.363632 2.141349
302.846121 78.904449 0.351283
303.896273 80.086030 1.664812
305.498620 81.142980 0.628391
304.821782 81.614155 2.241447
304.859923 82.146832 0.411699
303.104262 82.122455 0.998592
303.681076 83.979467 1.270040
303.132499 83.928036 0.814432
301.902482 82.531420 0.630336
302.989882 84.109903 1.079651
302.716890 85.799249 0.235537
302.994451 86.854596 0.193345
300.909474 87.391667 1.193240
299.290846 85.211125 1.095111
300.118220 86.626117 1.370949
302.550988 87.118328 2.408248
302.337119 89.193685 1.620781
298.762906 88.581778 2.386295
300.498697 90.177260 2.204390
301.015528 89.807052 1.686173
297.823228 88.510152 2.557051
299.404262 89.024415 0.321409
301.905529 91.160562 0.487267
300.172800 89.049320 1.987675
300.451257 90.771132 1.706784
302.784304 89.184765 -0.335615
299.374875 88.876695 -0.119230
298.713376 89.769769 0.412465
300.191870 90.465103 1.180327
300.521733 90.452563 1.092840
299.949282 89.527189 -1.029764
299.864652 92.223732 3.419889
299.620811 92.798437 1.159852
299.690534 93.914181 -0.768058
299.749264 94.646086 1.633369
300.919766 92.161850 1.313054
299.219145 90.907771 0.172971
298.000519 94.278751 2.215346
299.323474 94.634983 1.186261
300.083699 94.236987 1.412912
298.501828 95.315058 0.933163
299.616792 93.922474 0.250135
299.180582 95.454695 0.899425
299.245954 95.406231 1.167863
299.606697 98.041714 2.957437
297.748996 98.290949 0.447057
296.949890 95.234052 3.077087
296.786166 98.043491 0.497481
298.152012 98.340001 0.110959
297.695732 97.840700 0.586053
294.906799 98.477751 1.596906
294.819001 99.000775 1.406212
295.993605 103.066639 3.236207
295.382999 102.294645 2.148564
295.292839 100.935180 1.387754
295.356870 102.688172 1.843140
294.418383 102.665152 1.510678
295.194480 103.333720 2.330457
292.677427 104.625466 1.145128
293.451081 105.331733 3.274982
292.875818 109.031230 1.841806
293.458155 107.759462 3.935379
292.011904 106.856018 0.651356
292.677037 106.943880 1.429332
293.977838 109.514271 1.115080
291.305528 110.954590 0.582703
293.409481 112.682653 1.666058
291.190968 112.473167 2.504878
290.035888 111.609166 0.088503
290.890343 113.495564 0.061696
289.667874 112.134693 0.514468
290.271534 113.478313 1.118973
287.647499 115.208702 1.387031
288.138783 115.576089 1.620167
287.599714 115.109636 3.246422
287.366873 117.237399 2.448697
291.112923 116.840374 1.879810
286.421090 118.368532 0.699060
285.592518 119.616452 -0.057169
287.255899 120.463622 1.842332
285.391809 120.864878 1.711085
284.286285 121.621763 0.562754
284.148604 120.613593 2.759970
283.900596 124.702213 2.488046
282.895930 123.192601 3.982161
285.488960 125.060133 1.674056
282.705827 126.259235 0.691116
280.908195 125.240520 1.424050
281.372031 127.297368 0.339191
281.324808 128.940849 1.679712
281.705044 129.673219 1.921484
282.739292 129.095284 1.010668
279.622926 129.807506 2.410588
281.861300 131.862707 -0.334802
281.251377 129.775301 2.368631
279.458346 132.947726 0.141895
280.628215 131.449763 0.811519
278.129790 131.748286 1.578988
280.615212 136.738127 1.586209
279.582688 134.903968 1.999227
277.819023 135.393834 2.041050
277.286337 135.627720 1.445164
278.365857 135.181670 1.450831
279.157723 137.898416 2.852520
276.970585 137.533103 2.506523
278.163614 135.770295 0.190547
277.593295 137.896426 0.845131
274.664716 138.095661 0.128628
277.672212 139.050177 1.486549
275.819786 140.439654 2.497720
275.907815 139.270866 1.260366
275.233224 139.746107 1.558444
274.478549 141.417180 -0.207401
274.354019 140.779835 2.283833
274.000602 142.955122 2.932453
274.137415 143.112451 1.872323
272.325416 142.882021 2.318854
271.517925 142.719596 1.558291
270.440016 143.932744 1.658802
272.840746 141.309064 1.053492
270.306031 144.358998 2.006604
269.994652 142.411227 0.442435
269.455692 142.464761 1.053902
269.069895 143.144577 3.177746
269.155471 142.889348 0.631001
265.052200 143.987845 2.319925
266.254052 145.575988 0.017630
266.845471 144.886306 1.541125
265.319890 144.504201 0.368897
265.660239 146.546002 2.569085
264.350434 146.634514 -0.203565
263.076006 146.813505 3.474432
263.268320 148.766725 2.111126
261.164925 147.710239 1.739726
260.146206 147.621050 1.288465
261.960113 146.319169 2.700355
258.677329 147.431476 2.683946
259.516050 150.507967 2.309543
260.080175 150.232963 1.351868
257.589899 151.348791 0.731365
255.728541 150.275678 -0.598832
255.725632 149.146766 1.550928
255.571080 151.060926 3.167394
252.434388 153.191797 2.159655
251.358524 155.177474 1.422855
251.284565 151.578826 1.276645
251.192283 153.556664 1.216125
251.104245 153.540196 -0.402223
249.384364 152.084136 1.896133
247.704656 155.091552 2.853103
246.887425 156.466769 1.093797
248.651694 155.560128 0.677546
246.730792 155.962705 0.684622
244.620267 156.870410 2.886014
242.304326 157.405279 2.185354
243.572222 159.156926 1.499159
242.249298 158.945915 1.686589
241.189241 159.325252 0.937776
240.119218 158.734374 2.937039
236.576409 160.153859 1.612756
237.272077 160.519349 2.060630
238.699032 158.009651 2.965663
236.444889 161.841716 2.353120
235.469371 162.263421 1.234571
233.357705 163.258513 0.841883
233.746520 162.130409 1.885198
233.721774 163.525511 0.279667
232.135383 163.350295 3.523535
231.947007 164.998152 1.673755
230.761652 164.113108 1.486737
230.953274 166.225027 2.039596
230.726999 164.329142 1.273882
227.925992 166.092249 1.331805
228.579660 165.292258 1.742270
227.738407 164.601607 3.830270
225.890572 165.122243 1.874362
225.414328 167.504811 2.721993
225.338453 168.322816 2.195347
223.619081 170.270953 0.275966
223.080513 168.984532 2.570464
221.319692 167.595587 1.914677
221.594026 171.279876 0.495205
221.700460 172.560669 1.400169
218.444099 170.223713 1.798668
219.570937 170.430569 3.346713
217.175355 169.666137 2.910034
215.228126 171.620212 4.928513
216.799661 171.080255 1.763276
216.088895 172.724960 2.491969
214.373821 174.635124 2.082801
215.503867 172.659959 3.133849
213.904720 173.898284 0.924820
212.507673 174.667427 1.419957
212.071936 173.655883 2.565668
211.679038 174.525439 1.890150
209.848947 173.482129 2.216023
210.504802 176.319194 2.845683
211.404779 177.421186 1.793627
210.848743 175.327204 4.331489
211.713380 176.239566 2.267735
210.575743 176.433524 1.225684
209.633249 176.994098 2.066767
207.433171 175.577817 2.123103
208.740965 177.432009 3.322582
206.711743 176.976172 1.808592
206.880752 179.222399 1.087492
207.938399 180.821178 1.815979
207.405473 178.255744 2.927285
206.846858 180.608489 1.833319
202.509027 179.550250 1.217488
204.145146 180.829569 1.427111
204.019406 180.139299 1.128462
205.728371 181.055467 1.333416
203.912628 182.639012 2.309325
201.149221 183.872985 3.290832
202.976319 182.495818 1.400702
203.147015 184.268718 -0.102361
202.685057 186.169365 0.900212
204.971983 185.649797 0.003112
204.335878 185.807344 1.350703
203.947293 187.035573 2.515272
204.916929 187.671207 0.431870
203.329065 190.851065 2.530576
206.271769 189.956132 2.042524
204.349259 189.241041 0.062038
204.225964 191.149556 1.195305
204.828112 191.514306 0.882610
204.194539 190.302232 0.964760
203.615349 191.075278 3.202102
204.287907 192.827925 1.278777
206.674544 194.669288 2.648417
206.112069 193.782623 0.601459
208.103447 193.976086 2.461870
207.548753 194.840702 2.837817
207.596168 197.782257 1.324293
205.943491 196.267457 1.995694
207.650744 197.037860 -0.125798
208.436469 200.072312 2.244072
208.990257 199.412845 2.175410
209.701460 199.914234 1.478664
208.368355 199.953748 2.117738
209.278688 201.269434 2.257506
210.823111 202.939339 1.905221
209.086008 202.016469 1.886902
209.011390 204.534917 2.006907
211.645105 205.233811 1.260463
212.294376 204.564628 1.729925
211.365821 207.082689 1.563971
213.254231 204.296374 3.142211
214.060160 207.108584 1.743176
213.820945 210.076451 0.207506
214.618911 207.660089 1.950421
214.050989 209.010297 1.953198
213.591615 211.264353 0.159478
215.696619 210.715653 0.778257
215.838362 210.382133 1.997647
214.656307 213.227261 1.048620
216.117278 213.977363 1.210856
216.962409 213.014435 2.619264
219.244896 218.174752 2.078854
218.777140 214.548310 3.485804
219.226109 216.722369 3.221250
218.661896 217.630163 2.454796
218.371238 220.091342 0.931024
218.863783 219.072907 2.772934
219.775126 219.561728 1.433725
220.894782 220.737760 0.890104
223.525581 221.983992 1.709991
221.585146 223.439250 2.647948
223.392042 224.490671 0.794380
224.211922 225.641278 3.775516
221.229272 226.961481 3.972848
223.610404 227.480208 2.352775
223.894404 228.335518 1.722667
224.363616 230.911639 2.519981
225.732512 231.431201 1.791976
225.197783 230.957561 2.053903
225.450053 232.084369 1.529114
229.122068 230.746337 1.869935
229.256822 234.664978 2.810258
228.063384 234.756951 -0.181604
228.599958 235.528266 1.266775
228.372686 239.020951 4.487542
229.519339 237.691428 0.922156
230.196931 240.816821 1.853064
227.818248 240.667498 3.074864
229.034560 241.045587 2.536501
230.971437 240.950079 3.102768
231.114523 241.223042 0.043041
233.207301 244.207256 2.178672
231.976030 244.030576 1.004226
232.407430 243.318687 1.324528
232.952255 246.924620 1.999945
234.525189 248.629721 3.064517
234.622964 248.163026 1.015167
235.313043 250.698980 2.328006
236.953600 248.452176 0.817393
236.309571 251.105142 3.271941
235.904321 250.920647 1.727018
234.808980 251.513797 2.901558
237.629485 253.860011 0.194004
236.851144 253.210749 3.083581
237.037563 254.203483 1.925522
237.387833 257.625830 1.161769
237.069740 254.932408 1.859346
238.305274 256.507118 3.064039
239.930542 258.755077 3.222751
240.359562 258.895965 0.794097
240.902897 260.963725 1.980680
239.665548 262.114689 1.043973
240.793130 263.804646 1.139332
239.696391 262.156663 2.784844
241.935477 264.017804 1.270998
242.529157 264.151582 2.082340
241.673257 264.959075 1.149304
242.424650 266.742889 2.028808
239.463212 266.831350 1.398730
245.002258 267.408851 1.947481
245.366914 268.118028 2.173128
243.400995 269.784282 0.970930
243.838165 273.958132 2.615270
246.005311 272.587359 0.155317
245.635038 274.025651 0.899416
246.581801 274.605584 3.602802
245.542079 273.663256 1.393315
247.744989 273.791985 -0.308985
246.793741 276.125829 1.763045
248.009147 276.876734 -0.122519
249.510462 277.380331 0.680639
248.936132 278.850371 1.659402
248.688342 281.173543 1.369716
250.148324 278.896942 2.451886
248.180437 283.258651 1.834455
248.756561 283.390203 2.592251
250.531132 282.621349 1.216923
250.305038 284.435171 2.435204
248.710819 285.644352 1.384095
250.355428 285.489637 1.455006
248.013858 286.370721 0.784971
252.618472 287.191005 1.428025
254.057482 289.829760 2.541511
252.444792 290.217758 1.415191
253.219315 291.007567 1.052354
255.326512 291.270524 2.263727
255.707263 293.286625 0.230052
255.160955 294.013303 2.521229
254.024337 293.322812 2.627547
254.797738 294.499745 3.213077
255.975977 294.968498 0.748010
256.769825 295.174204 1.363329
257.223858 298.696423 2.269417
256.583582 299.373041 1.293992
256.468154 298.806433 3.014937
258.314823 299.840340 3.191785
257.116317 299.301141 -0.072061
259.313935 301.500371 3.080646
259.612209 301.746973 1.530519
259.866233 301.208822 4.228260
260.681927 303.887522 2.129552
261.241943 304.245186 0.879545
261.499223 305.466833 0.694976
262.724658 306.124914 2.231450
263.062375 306.512193 1.821009
262.841865 306.408316 1.568767
262.551732 306.865195 3.840996
261.365453 307.127186 2.836861
263.821196 307.982535 2.122102
264.936351 309.602960 4.100650
262.062639 310.871584 2.657293
265.025336 310.563279 1.196738
264.886090 312.114049 2.090399
265.786101 310.809468 1.256867
264.143621 312.025443 2.493335
265.497488 315.543201 1.676632
265.755915 313.566737 0.860332
265.973066 315.166144 1.623388
265.530127 313.633251 1.058956
266.684249 316.273554 0.166692
266.598603 315.804474 -0.336787
266.357985 315.508437 0.691725
267.680364 316.619457 0.929044
268.175555 319.052102 3.125029
266.074049 318.469125 1.305513
268.427476 318.131133 1.597570
268.673077 318.539970 0.574526
268.318383 319.957502 2.062985
269.888113 319.915780 1.743173
270.237810 322.212070 1.398900
269.305138 321.886072 0.305927
269.617435 323.172998 2.095010
269.800905 323.325221 0.634394
271.071844 323.792479 1.188616
270.290396 324.505457 1.012905
271.601768 324.882974 3.038557
272.743190 325.185065 1.502754
270.942604 326.483930 3.435385
271.617830 327.910663 1.985372
271.308152 327.521691 0.240898
271.780676 326.281189 1.985184
275.135726 330.119130 0.021303
272.829998 330.279193 0.419369
274.737005 332.321201 0.294159
275.063127 333.903114 3.373127
277.636747 332.251621 4.329259
274.858632 333.347835 1.856723
275.128446 335.216724 0.229227
275.931340 336.911401 1.499735
276.780816 336.921098 2.734568
275.508379 337.949901 1.311056
277.803856 339.272609 0.390265
277.151523 337.223475 1.036604
279.976048 339.903939 0.249781
278.641824 339.405839 0.475553
280.043987 340.682595 2.720911
280.056033 342.811618 1.333261
281.367396 344.380826 1.946741
281.670567 344.352372 2.167608
281.227108 345.447800 1.367133
281.610064 345.729672 2.124390
283.829186 348.470834 0.400310
284.257461 347.860445 2.252054
282.556828 349.289749 1.963227
282.424065 350.633518 2.999780
284.170670 352.259001 1.467097
285.676417 349.644456 4.073294
286.755859 352.451440 -0.312179
285.983426 352.164391 2.115460
286.588029 353.627589 2.802353
287.416627 356.411904 1.694791
285.675492 357.366697 1.410397
286.133970 358.600498 3.768625
287.911359 360.266300 1.752201
288.041372 358.422899 3.292557
288.066122 360.642724 1.100233
288.808783 361.785130 1.282175
289.334094 362.815114 3.270313
290.806071 361.858016 1.180923
290.659849 363.654131 0.715712
291.758041 364.310205 -0.008751
290.507438 364.516988 1.632947
293.759346 366.124117 0.864858
292.475642 366.303796 2.038818
293.213648 368.622268 1.699265
294.676150 369.143027 1.026333
295.603792 369.295116 0.908146
295.396202 371.766293 1.718242
293.612244 370.303784 2.475635
295.712077 371.750232 1.869477
296.240782 371.560022 2.797978
294.783282 373.058525 1.649300
295.300766 372.921923 3.103994
294.928988 373.289439 3.878211
296.904109 372.291526 1.193178
294.367579 374.361244 -1.374913
296.309843 374.856021 1.831731
295.051694 376.684740 1.367019
298.390694 378.603760 2.575711
296.782003 379.813621 0.245364
295.886593 378.300715 4.054924
297.278612 378.792089 0.359204
298.588398 380.441603 2.592875
297.172471 379.274728 0.515095
298.066588 379.427153 0.633516
297.724356 380.476787 1.272519
298.785265 381.490203 1.520953
298.703620 380.892736 1.916943
298.986955 380.610588 2.811879
298.270665 382.433316 2.985118
300.393522 382.606712 1.462728
300.731103 383.476446 1.211384
299.304442 380.958768 1.988302
300.332384 384.396686 2.197846
302.065057 382.792503 2.981462
300.517658 384.496835 0.389076
301.597455 381.963923 1.585218
302.118419 383.657014 0.806438
302.839929 384.303893 1.371825
302.351453 387.273397 3.019420
303.787877 385.301645 2.036924
300.544966 384.416491 1.394386
301.381901 384.167427 -0.101355
303.534215 386.372981 2.990777
304.399181 384.583400 -0.050039
302.602462 384.246197 0.988764
304.579126 384.442622 2.202958
304.935369 385.365523 2.993186
304.382277 385.646207 1.838191
305.633151 385.962933 2.729781
305.480017 384.714689 2.116735
306.576297 385.290496 2.099144
309.111787 382.959738 1.682646
306.852127 384.829752 0.186345
308.546814 383.332026 1.072910
307.204423 383.220997 2.887225
309.130071 383.998468 3.461407
309.888549 382.513191 2.257265
309.561422 382.263129 0.266290
311.580412 382.044145 1.967502
310.127038 382.548689 1.019747
311.542953 382.666434 2.565420
312.258112 379.660117 4.757698
314.577876 381.813233 1.006793
313.282149 380.200812 3.022197
314.294720 379.578302 1.285556
315.741680 381.605672 3.279364
316.044023 379.358971 -1.498539
316.203200 379.242285 1.885864
316.595575 377.548556 2.313720
317.890710 379.146024 2.715476
318.522924 377.671104 1.696467
318.681503 377.802746 2.761005
319.987652 379.340499 3.968882
320.116860 373.027746 3.002914
320.198954 375.658789 1.372856
321.082694 376.632533 0.207623
321.177003 375.956786 2.378101
323.710514 374.376861 0.765584
323.311477 374.984308 3.229288
322.528341 374.100657 0.423325
323.766216 374.819621 2.317397
326.634981 374.335089 1.299186
326.520403 375.154884 1.532296
328.538862 372.483336 -0.073978
326.533816 371.443592 2.824965
330.228759 372.434697 0.780231
331.845254 370.098182 1.977637
331.012473 370.429711 3.102207
331.199130 368.749513 1.780856
332.307377 373.013816 2.434514
333.102991 368.118487 -0.121633
333.373793 368.782639 3.183093
336.324562 368.433961 1.429276
336.277192 367.223905 3.475645
336.709333 367.149516 -0.448562
337.511092 367.609880 0.704755
337.848721 367.067261 0.299544
340.464751 365.283626 1.387366
339.090481 365.735795 4.228863
341.884619 363.994504 2.895335
341.588399 365.775434 2.562003
339.762552 362.934546 2.696553
343.739865 362.407154 1.117021
342.479808 362.874099 3.965824
345.987330 364.683550 2.640926
347.088364 363.954230 2.131733
346.666391 362.549079 3.202771
347.246150 360.291844 1.881439
349.346264 361.358217 0.318537
351.214191 359.468001 1.487047
349.266142 362.309944 2.009236
350.101163 360.024085 2.557350
351.542112 359.550617 0.978837
352.087531 356.205523 0.479278
355.154569 359.410033 1.866781
355.853097 357.123675 1.553309
355.008025 356.720105 1.582179
356.853804 356.556636 2.514328
357.576802 356.321336 0.845087
355.947956 355.654905 1.659879
358.141419 355.065426 4.429731
357.552199 352.627354 2.201048
359.255616 354.513577 2.468324
361.663914 352.275369 1.335017
361.635268 354.106359 4.090586
362.910273 352.880753 1.008179
362.218162 351.921372 2.557023
363.790707 350.809477 1.465918
365.162355 352.111332 2.472089
365.502945 352.992186 2.144385
365.492300 350.096211 2.166274
364.194933 350.480415 1.721941
366.106774 349.368050 2.736524
368.458684 350.071250 2.222807
369.079320 350.895235 2.035097
368.368654 350.941475 2.283816
370.000511 347.749781 2.315683
371.316326 350.250826 1.576669
371.355515 349.282502 2.839115
373.118623 348.781100 1.859636
374.021792 348.970440 2.505276
374.379867 348.888565 -0.486667
377.363141 345.566640 1.260227
376.109103 346.847350 2.893510
375.849297 347.007746 1.298327
378.037898 346.426058 1.956276
377.951709 345.755920 2.141954
380.206543 345.457040 0.984981
380.719361 345.809246 2.692380
379.963975 343.869170 1.337781
380.866745 345.378486 1.238029
383.214878 344.972575 2.032619
383.391688 345.283124 1.858268
384.502640 344.126590 3.271988
384.590774 343.431362 2.049061
384.735039 345.252432 4.067428
385.640165 344.760972 0.109693
387.640944 343.395347 1.247742
386.843577 344.868762 2.881558
388.802774 343.127504 3.459367
388.782819 341.697630 2.327142
389.181672 344.722096 1.498899
391.720606 345.009684 0.692418
391.300169 343.424837 3.453041
392.032534 342.798619 2.407364
392.859015 343.453935 0.390099
396.394541 341.867485 1.635119
394.965329 345.046241 0.645545
397.718018 343.819698 2.401859
395.481157 343.567327 1.271233
398.535505 341.960633 1.890259
397.437938 341.893136 2.753984
399.250110 344.046207 0.250969
400.572407 345.303194 1.610064
402.118358 342.502484 0.715975
400.697284 343.784768 1.269168
401.096091 343.308389 2.116385
402.959529 342.938762 2.596604
402.677633 342.930340 1.193215
405.048390 342.063767 3.257316
404.161434 342.906679 1.645420
404.062503 340.974812 1.100358
405.354094 342.945388 3.175643
405.815091 341.867036 0.732788
407.361688 344.152709 3.453002
408.132573 343.423238 3.888225
408.328422 343.456568 1.876660
407.132070 342.142783 2.195152
409.030743 344.766616 2.291485
410.651167 342.416715 1.909900
408.573359 342.115777 2.762457
410.358524 343.798700 2.430332
410.376666 344.993498 2.162361
412.251081 342.423147 2.968938
412.400623 343.011907 -0.099225
411.832848 344.001456 2.776635
412.600951 341.010332 1.517300
412.943206 343.098802 3.438911
412.725485 343.042082 2.233942
412.255285 340.310845 2.642428
413.747754 341.861972 0.591810
414.530237 342.117966 2.768255
416.116332 340.119097 1.518896
414.351441 343.589248 0.586565
416.800632 342.136389 2.129721
415.002513 341.411290 3.269993
414.434694 342.033599 1.832811
415.076730 344.078041 2.630345
416.752344 342.425974 0.783970
418.189596 338.553639 1.430542
416.310194 341.383770 2.420269
416.898393 340.530648 1.230203
415.859382 340.990386 2.909150
419.254127 339.142388 2.914964
417.659430 340.792974 3.248384
418.450816 338.870708 3.190801
419.147859 338.136255 0.901803
418.464770 339.913599 3.372931
417.910164 336.728039 3.497717
418.111097 337.905793 1.605085
421.070532 336.092432 3.365571
419.846894 336.490669 0.256569
417.628458 335.414627 2.476736
418.861664 333.913165 2.793874
420.708465 334.138013 3.013426
419.104036 333.230543 3.880392
420.468935 332.998496 4.537721
419.130858 332.859659 3.894211
420.313211 332.159865 1.247222
420.048666 330.899397 3.031889
421.960444 331.191824 2.162419
422.120165 328.445032 3.130561
421.221411 328.374776 2.647881
419.508666 325.844431 2.320764
419.520940 326.901813 3.071682
421.635037 324.033263 3.562228
423.459733 324.272061 2.680722
421.724174 323.695413 2.049743
421.584862 323.093314 4.511081
420.326346 321.001034 0.972187
423.410763 319.523354 0.695171
422.561387 320.756452 2.789954
422.219561 318.417796 3.537557
421.233736 316.892288 1.667272
421.046583 315.574449 3.227332
422.878526 315.544080 2.263538
422.933556 313.094990 1.810382
422.715401 313.072616 2.442696
422.486856 311.416084 5.282263
423.635204 311.206119 1.889209
422.394951 309.563352 2.409890
421.071824 307.123583 1.478225
423.281835 307.357237 3.588872
421.701539 305.848303 3.628272
423.426394 306.489393 4.158221
422.728932 304.413909 1.842001
421.581408 303.211223 3.001837
424.189905 303.150499 1.749614
423.120625 302.717138 1.628859
424.187155 300.625391 3.585466
424.980403 298.181274 0.936043
424.717656 298.332581 1.669584
425.267339 297.601031 2.180837
425.156110 295.962412 3.701171
423.695837 296.016049 3.571032
423.212787 294.039693 3.284731
425.867648 293.142881 1.411096
425.773934 293.525812 0.986505
423.722321 291.597620 2.786792
424.747877 290.990118 1.448262
423.038415 288.924185 2.216977
424.996635 287.134416 0.332580
424.867458 288.227615 3.397491
426.683040 285.546824 0.981263
426.123492 285.928436 2.529295
423.733877 283.445183 2.097894
426.355284 284.093628 2.267008
426.335836 282.320485 2.799179
426.441120 281.297470 1.842651
426.339086 280.704124 2.381591
426.787851 280.445140 2.374733
425.890120 278.961139 0.737824
425.604122 277.282555 2.619282
425.569631 275.521436 1.498853
426.468622 275.784158 2.811346
427.076793 273.230905 0.755095
428.656717 273.305288 1.397980
428.096747 271.579257 1.817442
427.952977 269.844290 1.760699
427.779842 269.022644 2.773445
429.668065 267.704104 0.439138
425.937875 267.244241 1.441002
428.288092 266.463614 0.500853
426.405963 265.563255 2.239403
427.935646 262.546485 2.575269
429.773980 263.417918 1.256308
428.687249 260.710129 3.161647
428.865157 259.244393 1.802915
429.387232 259.615809 1.827597
427.840145 259.451705 1.454928
427.048718 257.450214 3.084451
428.973024 258.486130 2.536983
429.833900 255.656318 2.042872
429.364098 254.536712 2.645328
428.837995 252.747098 0.994882
431.912848 253.620788 2.423050
428.835280 252.944200 2.004670
430.132565 250.574652 2.284193
429.520162 250.016074 2.860712
428.431889 250.576874 2.813775
429.115555 248.422184 1.908946
430.302836 248.320070 2.568217
431.809381 247.195621 0.422157
430.897927 248.617067 2.532788
429.009855 246.040273 1.024180
430.766060 244.043288 1.845256
429.144469 244.751816 1.781726
430.351170 243.877755 1.164092
430.826886 243.037052 1.164905
432.466538 242.792661 2.002856
431.666417 243.388460 2.013451
430.463823 240.019336 2.019946
429.724544 240.556756 2.510625
430.272056 240.048479 0.974850
428.528058 238.723788 1.906831
430.209042 237.537976 1.833838
429.795000 237.906671 2.654752
428.321106 237.949866 1.969120
428.748994 235.707526 1.838798
427.969847 237.371985 3.699671
426.800409 237.889316 1.552698
428.047497 236.861210 1.301727
426.528213 235.653239 2.844524
425.425700 235.060010 3.595366
425.007240 235.910341 2.003498
426.210644 234.148001 1.614926
425.434955 234.130662 3.824956
424.206822 234.214355 0.407407
422.632059 234.272308 3.380067
423.623725 233.322780 3.004655
422.169547 234.935440 2.691565
418.758386 233.564341 1.017682
419.834426 234.596060 2.465509
420.506882 233.875810 0.848925
416.077888 233.623292 1.918669
416.914186 231.741844 1.385323
416.976825 234.090289 2.291012
417.972880 232.401165 2.966259
415.663269 234.160749 1.632365
415.929146 233.815193 1.380188
414.003478 233.370913 2.538778
412.051653 233.686252 2.436919
412.393511 235.206455 2.808364
411.545134 234.226911 2.324506
411.136036 232.352425 1.720257
408.335863 235.664490 1.945132
408.781823 235.484603 2.410362
406.989196 234.736907 1.634628
405.418422 234.382385 1.772728
406.169522 233.851397 3.097977
405.295670 235.655851 2.335555
403.627896 236.410419 1.551396
402.612930 236.846090 3.394802
403.316716 237.525822 1.371274
399.974925 238.474817 3.943811
402.174167 237.002913 0.741071
398.517977 236.053733 1.799113
400.225045 237.964713 2.217748
399.022654 238.075560 3.956526
398.567393 238.772720 1.347618
396.289733 238.944376 0.777486
395.886369 240.901297 2.096281
392.253935 238.893370 2.053041
392.016763 240.184846 2.974558
392.249208 242.312161 0.970410
390.076454 242.146293 2.424240
390.948919 242.222472 3.834151
388.853614 243.330250 1.681493
387.319041 243.605536 3.630451
387.026281 243.037393 3.410342
382.994954 242.177038 2.729960
384.187433 244.641698 2.133166
383.728709 243.661221 2.654396
383.041499 246.181066 4.111669
381.280207 245.675993 0.588241
379.495290 245.652724 3.181699
378.309496 247.136007 2.144665
377.737941 247.037121 1.764957
376.385852 245.579157 1.921045
375.333937 247.217960 2.596117
375.473207 248.413983 3.183013
374.301235 248.385269 1.733234
373.049158 249.704954 3.602540
372.942719 249.043771 2.108045
371.345821 251.158652 3.151225
369.633972 249.293937 1.213251
368.997099 251.346819 1.111593
367.707063 252.140156 1.056901
367.803555 251.586710 3.464917
365.113691 251.441379 1.753477
364.596776 252.531158 2.003554
364.074144 253.204083 2.164536
360.989563 254.266259 2.146664
363.364292 253.385635 0.432737
361.429143 255.119912 1.235711
358.251430 256.806887 3.664915
356.358113 255.258202 3.923175
357.438334 255.672855 1.983457
355.777604 254.955155 3.326529
354.131173 257.353341 3.164162
353.511191 256.674631 3.491181
354.575318 257.420968 3.478946
354.333680 258.748547 1.372943
351.718012 259.250090 2.079648
352.170022 257.872041 0.770706
350.521404 259.344844 1.640004
347.607891 260.334297 2.219394
349.162957 260.809653 2.145702
348.833322 259.851585 2.820401
345.066332 260.787439 1.073858
346.697371 261.969524 2.276796
343.929579 262.183552 1.527969
344.636078 261.890167 3.623853
341.811561 262.467434 3.974281
342.234892 262.385991 2.520966
341.467191 263.244155 1.210936
343.998209 264.196234 0.383369
341.957401 265.455294 1.547215
338.846513 265.859388 2.077657
337.182796 267.303697 1.900099
339.883662 267.149166 1.334468
338.775601 265.521541 0.468899
336.625284 266.888432 1.870206
336.125485 267.900161 2.442870
334.989607 267.705149 2.537562
332.677419 267.681353 2.735438
334.658821 268.344722 1.674350
334.442698 266.065907 2.741482
335.492562 266.808283 1.559598
332.321475 268.054339 1.246965
332.953106 268.864859 2.836062
330.223618 269.085280 3.230644
332.329677 268.497250 2.506508
332.042535 270.055085 1.327044
331.556663 268.017790 2.150899
328.464007 267.756406 1.281171
329.067740 266.844564 1.826827
328.621974 267.900592 0.658208
327.131577 268.005486 1.477000
329.211961 267.679017 2.882420
329.080959 266.898824 1.699393
328.126037 267.459891 2.088046
328.237081 266.450648 2.310675
326.428844 265.383005 2.355234
327.411776 266.415876 2.301715
325.434679 265.893104 3.008913
325.832962 264.825079 2.571019
325.338558 263.719232 2.405336
322.302034 264.715949 2.896502
324.847132 263.373331 2.549493
325.127716 264.656066 2.218345
323.484867 263.853950 0.745885
322.670129 263.561792 3.213167
322.980321 260.135718 2.177199
321.665982 261.423951 1.412406
320.833951 258.410221 3.438529
321.091760 260.052115 2.210733
320.052227 258.036598 1.206816
319.983461 258.990646 1.415757
322.065227 259.023382 3.014937
319.804736 258.870330 1.984573
319.457476 256.808813 2.903723
319.722710 255.488938 1.672629
319.284378 255.919075 1.810929
316.645202 254.286796 2.827577
319.621753 252.569830 1.780173
316.969209 254.307310 2.172449
316.023978 252.749475 1.805369
315.270577 250.521898 3.952709
316.394821 250.652238 1.978798
315.854671 250.013711 2.527346
315.222334 249.776035 2.259883
313.630609 247.369334 0.255959
316.170784 247.980865 1.403947
313.344784 245.520181 3.777563
311.729711 245.383437 2.125145
313.497336 244.267748 0.465027
311.884694 242.411888 2.294186
313.077684 240.736360 1.419227
310.596988 241.179961 2.971219
310.436040 240.966321 1.611888
310.344851 240.399412 1.507154
310.349171 238.649195 3.292627
308.863230 238.040656 2.218318
308.462371 236.976523 2.801110
306.753638 237.117554 0.413749
306.812882 234.644816 2.699661
308.570363 231.934813 1.789796
304.321863 232.783704 2.588147
307.542558 231.922603 3.376113
306.039051 230.418892 0.931794
305.185498 228.322618 3.640547
304.249764 230.063886 1.876959
304.131216 228.039398 2.330798
302.931015 227.277647 1.463854
301.656270 227.184981 3.122709
302.393425 226.572466 2.118886
303.159318 224.140204 1.360314
303.192958 224.011499 2.264944
301.537792 221.569333 3.213755
297.926108 219.998681 3.365232
299.573086 220.269752 1.027528
301.119722 220.206851 2.162711
298.363609 219.084569 4.340045
299.164422 219.169459 1.438481
296.873713 214.835165 2.811497
297.346985 214.898591 3.180803
297.829622 212.452146 1.769178
296.890171 212.528080 1.566982
296.559245 210.719760 2.064676
295.286258 210.344842 3.149502
293.854068 211.323725 2.239494
294.558154 209.649608 1.739104
291.244643 208.154330 2.442403
293.317366 206.543801 1.943349
294.179735 204.177330 3.112793
291.060450 204.284484 2.062953
290.292983 204.157592 3.767762
290.972573 202.551660 1.383216
290.471491 203.565939 1.977845
289.028160 199.805907 1.855958
286.053343 199.622062 1.492807
286.632404 198.922993 1.253495
287.352534 198.588239 0.915189
285.551769 196.240853 3.465293
284.958320 195.329246 2.897249
283.867338 194.567901 3.202765
285.064697 193.971488 3.469809
284.927888 191.219345 1.364958
284.190387 191.092504 2.011373
281.490368 190.748996 2.520089
282.770372 189.297892 3.852148
279.760443 187.736231 0.916751
282.523848 186.392246 3.002442
280.989499 183.355357 1.938960
281.308908 185.109704 1.231032
281.390620 182.421034 2.774704
279.316310 182.223782 3.302911
278.010678 180.234236 2.595386
281.101512 179.022498 4.452212
280.115177 178.665119 2.113696
276.882340 177.672431 1.000690
276.963073 178.216151 1.804258
276.211548 173.897930 2.812514
276.180246 174.641736 2.237494
275.086789 174.064679 2.434888
275.106434 172.661093 3.590580
274.933850 171.633329 3.974100
274.140510 171.748960 3.048407
271.291563 170.663485 2.559291
272.548603 168.647832 2.079399
272.245710 166.684704 3.720344
271.375392 165.899984 1.540601
271.228640 165.482099 2.865335
269.356715 162.614215 3.100272
271.344874 162.207091 4.057683
269.622440 162.250388 2.056799
267.389416 162.176432 1.654420
267.481626 161.209405 0.534545
266.178614 159.140916 2.706937
267.676893 157.898777 4.945838
266.454849 157.014564 1.628750
266.253299 156.820425 3.645360
264.134979 155.014442 2.904751
265.709170 154.329978 3.008490
263.771002 154.866701 3.453276
262.746071 151.317011 1.401290
264.286834 150.204762 2.102287
263.539675 150.446929 2.680862
261.548196 150.232415 1.809975
261.783551 148.923559 2.533734
261.674860 147.080205 2.145038
261.203963 145.616233 1.996092
261.110191 144.812532 3.621249
261.563822 144.041395 3.823340
259.729744 144.915649 1.975867
260.346201 144.053462 1.674278
257.857868 141.422168 2.694997
259.198488 142.787616 2.406377
257.050360 140.655840 3.695849
257.352032 140.767560 1.487312
257.777438 139.400168 3.629397
257.859609 138.683280 2.480266
256.193705 137.099009 1.760772
256.584266 138.141560 2.772812
255.763013 138.131295 2.690980
256.458135 134.824665 -1.282946
255.717275 134.537744 2.443518
254.849674 136.987632 3.065695
255.018682 135.643605 3.044495
254.126631 135.350821 1.572396
254.646933 132.218387 2.887914
254.235469 134.903528 1.114769
253.187191 133.574924 3.014060
253.719155 131.333904 2.090290
254.511633 131.753552 3.059230
252.900143 130.199896 3.620281
253.238072 133.252812 1.671859
253.296299 129.243864 2.847616
253.182774 128.097335 2.489983
251.336044 129.062018 3.084798
252.723368 129.275031 2.909083
251.408191 129.070723 1.614590
252.054607 129.007054 3.098936
249.813568 127.937855 2.531240
248.720308 126.381359 2.115277
250.428225 127.133569 1.703911
248.727595 127.060029 2.370016
251.291079 128.289209 3.743103
249.891679 125.993021 1.495779
247.155759 128.084144 2.173127
246.572734 126.110197 2.481659
247.637282 126.599805 1.889284
247.534146 125.531254 2.546266
247.042676 125.386422 2.119061
246.443804 125.058383 2.290986
245.842206 127.873307 3.272699
245.221588 126.293193 1.586138
244.261222 125.699855 2.975954
243.696989 126.110679 2.334220
243.068793 124.522998 2.317996
243.768248 126.125947 2.611215
243.687282 124.515829 1.522977
242.913173 126.015621 2.387065
239.346741 126.560541 3.162458
238.850043 126.124946 2.271533
239.589244 125.330781 3.850062
239.575200 126.310998 2.379758
237.895583 126.116619 2.157860
237.126472 128.743031 3.551096
237.621445 127.782872 1.485091
235.984396 128.655384 1.340917
235.989617 130.295624 3.662196
236.010920 128.530343 3.569272
233.169899 129.422483 3.247305
233.454409 130.272712 2.042581
232.177375 129.434908 1.548330
231.857528 127.972236 3.622744
230.925524 129.537110 1.746008
229.804763 131.170176 3.139549
228.547018 130.027205 3.265425
227.657267 131.387095 2.744175
227.877880 132.606972 1.367321
224.825684 131.607620 4.436565
227.840063 134.484538 2.433793
223.189901 130.747651 1.999964
223.923730 134.834783 3.473323
223.405680 133.134200 1.654588
222.569567 135.168043 3.021661
220.413168 135.565598 3.067028
219.421519 134.616316 3.340072
219.382321 137.429020 3.161807
218.166603 136.320976 2.725343
217.044372 135.862197 3.350363
217.736796 137.820500 4.153458
215.382674 139.378548 1.735280
214.028692 136.379414 2.200264
213.654712 139.077701 2.899837
211.995348 138.612626 2.293189
210.525692 138.407812 1.895485
212.850874 139.964674 3.324310
208.953413 141.392907 3.965814
207.579919 139.893601 3.165368
209.349468 140.317157 2.371107
207.144103 141.535809 3.895611
206.096710 142.822214 1.942753
205.066681 143.074129 3.660773
205.901314 141.331857 2.274725
205.014151 143.083185 1.673010
203.715125 142.768309 4.551642
203.946083 144.476334 4.129156
201.616735 145.025629 4.260517
200.869808 144.430840 1.097309
199.698816 145.892263 3.759443
199.365029 144.948120 0.840673
197.528175 145.573406 2.501338
197.813365 148.240655 2.941412
196.076166 146.424706 2.942969
194.656051 147.184238 3.259516
194.900261 147.896338 3.232519
192.070143 148.469673 2.132409
191.985278 147.083112 3.232907
192.116718 146.847037 3.276396
190.110003 149.041678 3.030517
191.734865 150.995195 1.427861
190.053957 149.250598 3.235083
189.666909 149.444722 2.368532
187.704249 151.050397 3.271217
189.077844 150.032172 2.154003
186.502013 150.941213 1.771403
188.826429 149.525406 3.084818
188.022540 151.646359 2.985733
189.962032 152.787568 1.074783
186.907892 150.974899 1.670540
187.464040 153.550170 0.193441
183.026556 153.171563 1.223049
188.576855 154.299850 1.717118
188.737026 152.952281 -0.363031
187.242718 154.694382 0.874007
185.748410 156.436483 2.111045
185.833479 156.775790 0.670976
187.265782 153.063630 2.002816
188.313097 152.194026 1.659648
187.447252 152.687790 2.463674
186.255481 155.038986 0.005742
187.663616 151.203128 0.202652
184.998486 156.043952 0.574598
183.424956 156.657615 -0.051132
183.079057 157.327601 -0.992097
181.953507 159.164177 -1.109884
183.315329 159.234225 -0.433631
182.392354 159.065113 1.293822
181.763655 159.108124 -1.563878
182.291222 159.684627 -0.690311
182.001352 158.648878 0.235671
183.293736 159.425098 -0.473601
184.586120 160.201318 -1.182873
181.724842 161.668246 0.016558
179.283799 162.426416 1.650470
181.782209 161.376275 -0.372174
184.280619 160.326134 -2.394818
181.914011 162.769801 -0.029444
181.452032 164.461210 1.694718
182.637347 163.019263 0.426723
182.251120 165.507519 -0.419090
181.864893 167.995775 -1.264903
181.375729 167.417442 -0.084082
181.382506 167.350166 0.205695
181.389283 167.282890 0.495472
182.861540 168.498144 0.532146
182.240932 167.856691 0.713664
182.135768 168.073987 1.419558
183.758216 167.044894 0.234035
181.708204 168.670950 0.629246
183.234343 169.293777 -1.677905
181.805069 170.770903 -2.490411
184.138409 170.814213 1.575751
182.959280 168.699582 0.694866
184.619885 172.104436 -0.397859
183.630566 171.063862 -0.555319
184.701506 170.813012 -0.633234
182.859182 170.982628 0.401503
185.309309 172.709027 -1.251849
185.189233 175.049575 -0.391878
184.046888 174.302112 1.871569
184.170202 172.876698 0.880229
185.659062 174.691387 -0.305966
185.984546 175.641259 -0.511364
185.156580 174.188403 0.946792
184.957392 175.496223 0.196862
185.360014 177.258688 0.784145
185.221889 177.525970 0.567081
184.989309 177.074283 -0.059783
185.912397 177.222427 -0.360967
187.339545 178.910367 -0.792126
185.879278 178.521006 0.322703
185.358880 179.968356 0.232690
185.052661 180.202381 0.095536
185.094367 179.890430 -0.263989
184.818487 179.358916 -0.945183
183.616802 178.912069 -1.096758
184.204284 180.793048 -0.519779
181.787065 182.608930 0.807320
184.329573 183.278985 -1.292748
185.462694 180.775757 -0.108087
181.976477 182.066746 0.014134
182.741778 183.062691 -0.289261
181.962165 182.096657 0.403085
181.432308 183.848129 0.796832
179.963744 184.358397 1.616613
181.446605 184.074583 0.574824
180.462450 183.896451 -1.796866
180.355540 184.469376 0.013577
180.786908 183.419405 -1.050177
181.055881 184.293738 -0.331124
178.543435 183.836716 1.098695
177.516332 183.752274 -0.995090
175.411929 184.482084 -1.529340
177.429129 184.689196 0.311853
177.539899 186.413548 -0.805171
175.646048 184.357039 -0.736013
173.996773 186.837318 1.961592
174.629957 184.454852 -0.983628
173.571224 186.816709 -1.362489
172.996834 185.780242 -1.586991
172.616325 186.347992 -0.118900
169.872468 189.442910 -1.440804
170.205934 188.375124 -1.246724
169.814350 188.955586 0.268291
169.688812 188.551383 -0.846141
170.384796 190.069695 -1.623347
167.336048 189.151147 -0.843166
165.196533 189.442440 1.089747
166.101998 187.779121 0.476588
165.765018 190.285130 -0.032156
162.955162 190.552375 0.742572
162.584533 189.582410 -0.823671
161.886007 193.042986 -0.745575
160.546424 193.333243 -0.630843
159.292982 193.847857 -0.561053
159.108431 193.282197 -1.841382
157.537942 193.568571 -0.985168
158.375206 194.201162 0.046463
156.136814 195.462238 -0.424234
155.062364 194.864999 -1.785578
154.569224 195.262295 -1.340058
154.093908 194.524331 -1.280811
153.034307 196.514971 -0.915802
151.276200 196.803652 -2.389710
149.604181 198.711452 -1.552490
148.656991 196.982615 -0.986780
147.420241 198.441757 -0.718497
147.714154 197.380227 -1.271012
145.742962 199.309990 -1.739060
145.914890 200.465637 -1.942378
143.444823 199.212112 1.678498
142.536100 201.833618 -2.226250
140.918758 199.922362 -1.816720
140.675826 200.300272 -1.804709
141.140860 202.630429 -0.038535
139.459431 201.936975 -1.476828
137.032349 202.596241 -2.143456
136.045215 203.771173 0.951682
136.410711 204.143604 -1.184683
133.756262 204.019058 -0.361367
134.257068 203.524751 0.037475
132.215814 203.385717 -1.919171
132.405165 203.416358 -1.586326
130.665729 204.617920 -2.378716
130.612376 206.454057 -0.751098
131.236948 206.863878 -0.103979
128.935233 205.953778 -0.103464
127.731775 204.401436 -0.362557
126.272674 205.665630 -0.841306
126.547595 205.583294 -0.666677
126.937600 206.190868 0.453200
123.762758 209.747536 -1.221982
124.778919 206.068350 -0.863161
124.261547 208.161527 -1.359338
122.452334 209.683029 -0.761269
124.392467 208.292186 -1.225635
123.145915 207.450123 -2.002419
122.885975 208.168754 -2.605947
123.195796 208.178415 -0.604432
120.964308 206.983706 -1.058455
120.906309 210.379016 0.111567
119.702307 210.933823 -1.476942
118.305673 209.124338 -2.246450
120.409916 209.083057 -0.503648
118.844838 210.659782 0.588964
118.379160 211.545873 -0.730999
118.423062 213.378274 -2.208470
119.637669 211.870717 -1.244418
119.748275 209.507234 -1.284508
116.711754 211.891682 -1.877178
118.157712 211.418666 -1.243827
117.902755 211.475204 -1.853863
120.122150 211.382487 -2.990108
116.272172 210.742651 0.047162
117.249715 212.541481 -1.158230
116.470604 211.907240 -0.868775
117.393189 212.765855 -0.281328
116.886491 213.451105 -0.484898
116.577854 213.896324 -1.437309
115.172842 211.689115 -0.597435
113.996497 213.507485 -0.897638
116.782430 212.586855 -0.995196
116.580588 214.856686 -1.466460
115.444520 214.004549 -0.407986
114.778054 215.273559 -2.665971
114.419121 214.722287 -0.315915
115.995609 215.775247 -1.058094
115.736684 214.221102 0.161836
116.075018 216.497867 -0.658268
113.757825 214.159250 -0.449577
112.830513 215.281362 -1.954189
113.358063 216.452040 -0.500357
113.101814 218.022142 -0.995543
112.830675 217.631978 1.166419
113.900059 217.519815 -2.329135
113.325326 218.663079 -1.188584
111.894694 218.093689 0.657335
115.046918 218.643175 -0.127452
112.516280 221.483727 -0.568012
114.758010 218.927435 -0.148832
113.964477 222.129130 0.083058
114.226682 221.264324 -0.055196
114.324724 221.588274 -1.759111
113.192907 222.614791 0.260247
115.137054 223.208857 -0.042175
114.440272 224.459604 -1.029903
116.419785 223.490727 -1.705461
114.353845 225.463267 0.350176
115.852223 225.882043 0.003461
117.841892 227.060778 -0.188683
116.084936 229.232958 1.271814
118.080857 226.492480 -1.437831
118.622991 228.968945 0.390813
119.019872 229.438078 -0.853134
117.968097 230.732731 -1.446752
120.517466 233.899156 -2.336484
117.863947 232.347378 -2.438811
120.282271 234.172645 0.561883
120.941664 234.167914 -2.919723
121.233815 235.306444 -0.299916
120.981135 235.687053 -2.416982
119.943036 236.004190 -2.526358
123.072630 237.510625 -1.520544
122.312544 235.822711 0.497996
122.811747 239.592913 -2.476773
125.309071 241.111824 -1.851099
124.524746 243.720368 -1.092287
125.272094 242.085611 -2.913288
125.832917 244.346705 0.069295
124.343864 243.997740 -1.636344
127.136214 245.988527 -1.201233
128.099374 246.250744 -0.163531
128.737092 247.968741 0.493013
130.418033 250.262647 -4.129015
131.057158 251.275171 0.895851
131.275781 253.107281 -0.239196
131.949179 254.572635 -0.913313
129.643273 253.430627 -0.746223
131.851656 253.551268 -2.768664
131.594675 256.667669 0.447047
133.868112 258.087331 -1.208975
131.768404 257.639291 -1.386198
133.573530 259.214510 -0.691568
135.544062 260.052307 -3.046665
134.773747 261.438612 0.071357
135.314562 263.074699 -0.863087
136.496640 264.557146 -1.809103
136.447658 264.689232 -1.778071
138.157770 265.167767 -0.897857
138.120492 267.169015 -1.574487
138.454833 268.125997 -0.907994
139.421876 270.921266 -2.097388
139.937213 268.720453 -0.743504
139.518950 271.201482 -1.500444
141.491057 272.006620 -1.729972
143.222265 273.925493 -1.695107
142.171015 276.477562 -1.363339
142.312526 275.231931 -1.668724
142.989486 275.721418 -2.240281
143.394429 278.787129 -1.499302
144.598352 280.552792 0.171823
145.104762 279.740660 -1.993527
146.720905 281.362390 -1.524236
145.800234 281.880978 -0.828151
145.941846 284.836116 -1.691629
147.688845 283.586804 -1.180670
148.088996 285.954981 0.290404
149.234039 286.398090 -1.895364
150.230627 289.572172 -0.898113
150.902646 289.961609 0.236309
148.899659 291.203670 -0.207647
150.085970 290.724539 -2.055205
151.270867 292.198664 -0.978878
153.494834 294.936025 -2.075158
152.354878 296.237735 -0.600647
153.907149 296.567879 -1.283520
154.916741 296.821992 -0.990259
153.448337 297.530938 -1.942316
155.202770 298.453126 -1.810522
154.621135 300.976407 -1.374521
154.981629 300.632731 -0.963997
156.741487 301.907381 -1.370995
158.162751 302.190493 -0.737370
157.600135 304.716761 -1.318112
158.392276 304.703436 -1.565907
161.056209 305.339890 0.407172
159.722988 307.791707 -2.380557
159.701990 308.199770 -2.345568
160.746395 309.234822 0.549717
160.313561 310.767904 -1.050700
160.882060 312.271115 -1.695309
159.926194 313.150988 -2.411855
161.880287 314.157540 -1.644143
164.302568 315.554055 -1.940308
164.675284 314.528965 0.939377
163.630009 317.147290 -0.443541
165.074156 316.266058 -1.435081
163.072327 318.039127 -0.927073
165.779443 315.617553 -2.539768
165.313357 319.641222 -0.981871
166.335539 320.797845 -2.293774
167.508889 321.356433 -0.898393
167.134135 323.477733 -0.792738
166.720468 322.565725 -0.545399
167.464900 324.056307 -0.924126
166.097606 323.954222 -1.711853
169.315709 325.208501 -1.111578
170.767616 324.668254 -0.689841
170.247865 325.365382 -0.546818
169.141379 325.573651 -2.645367
170.253624 326.835114 -0.157949
171.088313 326.771204 -2.514735
170.983414 328.644315 -0.577388
171.878944 327.785697 -1.794736
170.309149 328.436421 -1.406129
171.462864 328.813121 -1.463851
170.674893 330.327968 -1.251149
171.467032 329.132778 -2.654324
173.097145 330.882314 -2.941957
172.678212 331.697823 -1.187582
173.619643 331.489217 -2.716095
172.452834 331.967783 -1.893885
172.694998 330.508463 -0.293102
171.247120 331.684404 -1.398356
172.530371 333.280158 -2.027380
171.539223 332.425348 -1.512476
173.029326 334.040208 -0.435264
173.286079 333.892152 -1.493214
173.842609 336.356242 -2.989734
171.847338 335.380710 -0.498613
170.497840 334.957237 -2.015411
170.416878 337.011404 -2.530505
170.043462 334.821799 -0.357445
171.604555 336.640636 -1.682379
170.381390 338.813171 -1.000630
168.829680 336.035755 -2.527426
169.168677 337.291960 -1.199540
168.039643 337.189721 -2.551094
169.676268 339.392218 0.360302
168.106284 338.337096 -0.053406
167.011840 339.215844 -1.421051
163.558509 340.824826 -0.885987
166.211320 339.398208 -1.206682
164.704808 340.296046 -2.670280
164.828368 340.484125 -1.561775
164.398457 339.161135 -2.343619
163.566013 341.094615 -3.261188
163.201487 340.123949 -1.575268
160.669263 340.074414 -0.395615
161.288454 340.835725 -1.461810
161.039066 341.932123 -1.405227
160.923666 342.743733 -0.908001
159.076935 342.750375 -0.996722
159.334316 343.296396 -2.322446
156.347789 342.046745 -0.318958
155.080929 343.476995 -0.921988
157.032364 343.610091 -2.619004
154.031978 342.649205 -1.812556
153.998299 343.031287 0.198186
151.951180 345.962838 -0.078455
153.341708 344.320740 -0.911501
150.318907 346.331174 -1.325168
150.246442 344.660072 -3.739164
148.748572 347.419434 -1.675241
148.739182 347.399950 0.523236
149.258710 346.258514 -3.240224
149.394439 349.948640 -1.121544
144.857110 349.097220 -1.426443
145.006824 349.534838 -0.989874
143.012277 348.782813 -0.667567
143.687805 349.885452 -0.398807
141.885772 350.274355 -4.709487
140.865461 351.336768 -1.721357
139.826006 350.062689 -0.329405
139.909972 352.414031 -3.055689
138.268315 351.796215 -1.609574
136.779048 352.268544 -0.470591
134.542347 354.881413 -0.833717
135.473940 354.497742 -2.777641
133.818536 354.005227 0.031049
133.501350 355.063971 -1.928133
133.006230 356.825448 -0.344729
131.502440 356.306988 -0.761510
131.156329 357.225975 -0.230376
129.498015 357.280881 -1.725327
127.772498 356.843253 -1.421272
126.103488 358.443300 -4.113562
129.457100 359.602631 -1.602936
125.827161 358.874854 -1.927768
125.091340 358.902423 -1.428852
124.073540 358.255125 -1.292888
123.144578 360.171844 -1.550128
123.122301 360.212328 -1.107994
122.381198 360.964036 -1.118469
120.094289 362.760098 -1.584461
120.502043 361.944332 -2.182862
119.026773 362.220172 -0.702787
114.760202 363.003224 -1.783801
115.500545 362.961930 -1.897197
115.691395 362.613154 -1.013385
116.216358 364.769282 -0.523325
115.153012 366.180068 0.540046
112.783620 364.672463 -0.542157
113.156161 366.650014 0.568527
111.714970 366.730953 -2.300479
113.101685 366.393905 -1.624508
109.815272 366.552202 -2.044981
108.909812 366.253867 -2.101526
110.652695 368.774069 -0.391166
109.075836 370.323124 -3.090538
105.936172 368.083269 -1.791858
106.059708 368.866573 -1.109205
105.658919 368.966771 -3.507916
103.888697 369.507218 -1.580400
102.923770 369.958223 -2.458753
103.165265 369.726692 -2.167905
101.210144 370.994844 -2.172974
102.569061 371.939239 -1.361623
100.072714 372.262876 -0.585674
100.215692 373.838938 -0.803959
100.101889 372.763963 -0.571834
97.578318 372.536610 -0.881463
97.808740 373.911583 -0.108065
95.195746 372.807226 -0.965137
95.039483 377.544304 -0.677197
94.730827 374.082727 -1.691985
93.959878 375.114448 -1.696979
92.762060 376.769225 0.136031
92.289592 374.569064 -0.698970
92.675750 377.736743 -0.505427
91.527333 376.930062 -0.633539
88.487063 377.642831 0.050954
87.624360 376.967276 -1.183303
86.922554 379.012637 -1.722272
87.896069 377.572308 -0.017612
84.439957 377.575938 -1.045572
83.873452 378.842029 -2.961086
83.130101 381.467279 -0.669106
82.197187 381.521170 -1.250961
79.613051 380.234067 -1.413801
79.886398 383.071274 -0.455182
79.558304 382.567013 -2.597411
78.373724 383.946846 -3.599842
76.139597 383.306413 -1.083715
75.082834 384.592862 -1.404421
74.741625 384.489513 -1.827393
72.838692 386.157178 -0.615924
72.071837 387.924135 -1.501895
73.397047 386.331669 -3.208142
71.291359 387.787939 -1.124702
69.167079 388.117266 -1.646665
68.522216 389.536830 -0.938807
68.347799 389.048798 -1.461928
65.595983 389.435411 -4.436464
65.172351 390.244193 -0.543191
64.407786 391.243237 -3.273432
63.633032 389.734119 -2.286864
62.518381 393.205661 -0.697091
61.641419 392.470408 -1.782263
60.096163 393.420991 -2.465142
60.252847 393.107245 -0.262685
59.543791 392.377317 -1.669327
56.749532 392.742320 -2.107026
58.973343 395.720623 0.850340
56.387298 394.869109 -1.447727
55.172540 396.541595 -1.648028
52.002380 399.925965 -1.218306
52.213167 397.231575 -1.329544
51.691917 398.881896 -1.218351
49.344152 397.954911 -1.560273
50.966013 399.759269 -0.987865
47.300327 397.833315 -1.069472
47.859875 399.201990 -1.557257
45.974352 400.017209 -3.462421
44.420261 399.915087 0.114859
43.761433 401.173216 -0.871746
44.929163 402.709241 -1.156441
42.120191 401.280217 -1.333264
41.227239 402.949868 -0.669908
41.323844 404.103169 0.764923
39.836787 404.434416 -1.446051
39.968156 404.848243 -0.070907
37.945716 403.563728 -2.459340
36.790335 406.253531 -1.374870
36.685676 406.009209 -1.353205
36.191021 402.747276 -2.286166
33.025927 405.289360 -0.710574
33.301478 406.962594 -0.439419
31.040350 405.863340 -0.629711
30.432978 405.983742 -0.048050
31.531335 409.590789 -0.821773
29.744596 409.937861 -1.634702
29.303703 409.333789 -0.066795
27.358460 410.900087 -0.733698
24.759860 411.557240 -1.885390
26.567714 410.517734 0.247010
25.426736 411.593749 -0.420473
23.780523 409.657171 -0.807116
21.303190 412.349250 -2.063544
20.198550 414.342242 0.151120
20.436351 413.435267 -1.169577
20.066194 413.094603 0.068134
18.203012 413.932403 -0.901360
16.918925 415.217078 -1.459253
16.936861 416.700545 -1.638969
15.389674 416.495413 -1.355855
15.035953 417.145789 0.161868
12.922807 416.263043 -1.234251
11.613165 418.330703 -2.094864
13.966424 419.623025 -0.925893
11.457625 417.308241 1.581425
9.055617 419.386359 -2.803626
9.191982 418.963330 -0.856420
7.130277 419.616914 -1.770152
6.964768 419.981084 -1.717051
6.378290 424.487047 -0.494182
3.871121 422.083856 -0.945385
3.517366 423.920193 -0.762004
3.765729 423.326276 0.347496
1.782972 423.237050 1.200841
-0.776575 424.035611 -1.607184
2.577448 427.201963 0.507585
-1.137007 428.380870 -0.625148
-0.688370 426.694896 -1.049215
-2.841712 426.920771 -0.393309
-3.043189 427.653299 0.512843
-7.258250 428.796897 -0.276096
-3.932575 428.766983 -0.783291
-4.872635 430.863578 -1.286841
-6.440457 431.640447 -3.101505
-8.153003 431.955496 0.122857
-7.677926 430.556940 -1.852430
-9.585342 433.111415 -1.609736
-9.600602 431.309423 -0.140281
-11.005190 432.504701 -2.647295
-12.753751 433.089753 -2.275970
-9.689491 431.489772 -1.755284
-12.471140 433.694472 -2.070866
-14.052161 433.526793 -1.255228
-11.724419 435.043155 0.220467
-13.780492 436.563157 -3.765449
-15.122065 437.189019 -1.548588
-13.561289 437.798792 -1.446731
-16.361550 435.774518 -1.587869
-17.553284 437.639117 -2.394072
-16.202496 438.296597 -2.588381
-15.676433 438.592167 -0.173443
-18.388175 439.101120 0.203923
-18.154685 440.907888 -0.877162
-17.291225 439.578025 -0.335064
-20.468998 440.022151 -1.648992
-20.033612 441.785220 -1.120028
-20.531667 440.023221 -2.196881
-18.460616 440.045975 -0.357350
-18.860501 440.552730 -0.347533
-21.558667 443.795229 0.061823
-21.049800 440.891259 -0.980986
-21.491257 443.891612 -2.086665
-21.312375 442.186922 -0.970048
-21.887593 442.368191 0.029697
-21.476182 443.147647 -3.872055
-22.094401 441.307816 -0.187565
-21.260578 442.288328 -1.091073
-23.644551 444.669941 -0.733509
-21.630498 444.059548 -0.585461
-23.637974 444.689195 -2.566383
-23.940748 444.000211 -0.105079
-24.575460 443.246394 -0.825848
-25.810748 442.555252 -0.108281
-24.499042 445.144863 0.467494
-26.135848 443.467979 -0.904815
-26.179153 444.260718 -0.911384
-26.808224 443.471382 -1.271133
-27.733708 445.766157 -1.485304
-25.848950 447.346222 -0.151430
-28.910850 447.475710 0.742582
-27.700320 447.505119 -1.386277
-29.939579 445.637401 0.893898
-29.950096 446.638344 -0.802106
-29.320515 446.418345 -0.762582
-29.715726 445.662687 -0.621821
-28.459800 448.201845 -1.645863
-31.121784 447.277582 0.732732
-29.581966 448.520490 0.055812
-30.118241 448.166434 -0.170922
-31.384909 446.854448 -0.113772
-29.917844 447.385071 -0.021318
-29.748324 448.706064 -1.669130
-31.563651 448.358019 -1.477204
-31.528806 447.525195 -2.308942
-32.188427 449.308964 -0.514988
-30.576886 449.636247 -0.253139
-33.694619 450.514331 -1.375001
-32.888626 449.828494 0.184776
-34.508677 447.841045 -1.062813
-32.992446 450.473970 0.382976
-33.261050 449.933362 -3.173900
-34.176156 451.696385 -1.239834
-34.185522 451.275346 -1.862544
-33.854887 452.656412 -1.021034
-35.885176 451.114360 -3.073093
-34.741115 451.806873 0.828331
-35.579238 451.914965 -1.706755
-36.096906 450.138873 -1.041020
-36.385669 452.094878 -1.469857
-36.351378 451.579252 -1.181238
-36.768087 452.061569 -0.090251
-37.361654 451.753346 -1.037832
-38.366449 451.811039 1.168175
-39.035356 451.940941 -1.256462
-38.816416 451.910854 -0.586910
-40.740303 453.275561 -0.230874
-40.796897 449.928990 -1.837836
-40.284894 454.709918 -0.317728
-42.349120 451.338006 -0.914456
-40.851936 450.565512 -0.993137
-42.339241 450.602346 -0.595568
-41.371839 452.332816 -0.279603
-43.223157 451.925434 -0.545972
-43.123327 450.301705 -1.356053
-43.769475 452.982131 -0.563863
-44.989911 449.335912 -1.360511
-42.738764 449.366026 0.035373
-45.880392 449.541998 -0.086124
-46.609211 448.166069 0.773959
-45.585779 449.098284 -0.104081
-46.696202 449.744542 -0.857993
-47.111108 445.717180 -1.731325
-49.476977 447.795825 -3.454441
-49.212710 442.909343 -1.725606
-49.830014 446.638390 -0.495599
-50.750992 445.572722 -0.874174
-50.402965 442.596684 -1.888436
-51.788396 443.112814 -0.829310
-50.008404 442.622769 -3.617066
-51.838286 440.015909 -1.870718
-53.534093 439.935094 -2.269512
-53.091732 438.381883 -0.532462
-51.643426 437.641163 -1.168825
-57.054192 437.747826 -0.237524
-54.416056 437.277309 0.015308
-53.260576 437.962920 -1.392951
-57.876057 434.973368 -1.811836
-56.593934 433.317685 -0.933875
-56.895513 433.422287 -1.804567
-57.188027 430.746278 -1.185659
-59.037995 431.733147 -0.674690
-59.088934 430.671284 -1.216088
-60.749075 429.163660 -0.055520
-61.635138 429.679713 -0.820105
-62.223895 428.401712 -1.566260
-61.714604 427.038130 -1.441341
-62.467430 426.412023 0.296589
-62.730936 425.300544 -2.006238
-61.879465 422.443737 0.069502
-64.585211 421.611831 -0.984950
-65.720036 423.124499 -1.543793
-66.525884 418.516131 0.925124
-68.008853 420.115221 -0.911459
-67.645168 419.630857 0.858503
-67.901423 418.509721 -0.488079
-67.794610 416.325572 0.258359
-68.294019 416.905869 -1.475654
-70.160083 415.092085 -2.184250
-69.035126 413.775786 -0.526565
-71.778428 411.490520 -1.415027
-71.603545 412.423596 -0.652661
-72.035919 410.441393 -0.323087
-71.450915 410.508965 -0.011945
-73.239264 407.227583 -1.869244
-73.617934 407.743979 -0.389182
-72.930783 407.509417 0.426771
-75.094890 404.905307 -0.891744
-76.518935 406.298627 -0.037452
-75.711777 405.003316 -2.847288
-76.207264 401.385474 -0.836159
-77.613086 402.381096 -0.597771
-76.506967 400.040846 -0.114365
-78.185488 398.025464 -1.742583
-78.988036 399.787529 -0.363784
-80.538116 397.447550 1.185035
-79.742569 396.270511 -0.341672
-79.571211 395.146756 -0.329159
-81.191803 395.225438 -0.659492
-80.857878 392.746662 -1.650159
-80.870265 392.423159 -0.541808
-82.640286 392.290949 -1.429412
-82.936542 391.164457 0.358339
-83.835262 391.218691 -0.493505
-84.816271 388.605855 -1.184375
-83.801050 387.167425 -0.721060
-85.652044 387.065497 -1.942290
-86.306899 385.408161 0.824875
-86.004927 384.699071 0.301909
-85.334057 382.539480 -1.857755
-88.803418 381.538712 0.413881
-88.164792 381.447928 -1.714389
-87.420296 380.291265 -1.424502
-87.796233 378.106781 -0.058614
-88.212437 377.404290 0.798211
-88.219389 375.585040 -0.840564
-89.389533 375.279615 1.775348
-89.413870 371.975197 -1.287352
-92.142811 372.597884 -2.729696
-91.504458 370.318842 -0.355037
-91.092546 370.940458 -0.839178
-92.899726 370.052834 1.193511
-91.503753 368.009664 -2.151242
-93.262530 367.669953 0.350370
-92.491081 366.903712 -0.016931
-92.638135 364.327664 -0.553813
-94.419817 363.768181 -0.398231
-92.276490 361.311835 -0.245505
-92.892500 362.129225 0.113333
-94.159607 361.522888 -1.798957
-96.501408 359.065600 -2.865225
-94.284782 359.020818 -1.132265
-96.244638 356.570370 -0.642437
-96.102559 356.043760 -0.865345
-95.672922 354.658312 -1.294211
-95.624935 351.696526 -0.772616
-96.329829 351.172254 -0.362861
-97.112500 349.753525 -0.738784
-98.132258 348.895514 1.641183
-99.082805 349.167339 -1.049379
-99.714290 347.098967 -0.008996
-98.009236 347.394023 2.284899
-99.006826 343.885489 -0.205840
-99.817451 344.305701 -1.947211
-97.473707 343.066468 -2.323385
-100.863724 341.736996 0.545477
-101.707998 340.462136 -2.578047
-100.801766 339.687268 -1.183398
-102.517860 337.426346 -1.236090
-100.649549 335.216573 -1.402230
-103.589195 334.976524 -0.788369
-103.014437 333.822047 0.403237
-102.292038 332.716511 -0.344884
-103.550594 333.203871 -1.079386
-101.928703 330.732475 -0.741020
-102.212867 329.023132 -2.013824
-103.402165 326.861217 -1.057601
-104.595651 327.415820 1.003955
-102.529526 326.376518 -0.944351
-104.373174 323.027197 0.045013
-103.712730 322.547326 0.700514
-103.755862 320.487399 -1.264657
-103.677760 321.189488 -0.023065
-102.657281 320.603453 -0.132756
-105.604131 316.363583 -0.960456
-104.200959 318.323499 -0.157611
-103.971326 315.075904 0.049801
-104.517708 312.047840 -0.982081
-104.571582 313.126650 -1.760800
-108.128491 311.314252 -0.636489
-106.773637 310.532848 -0.065291
-105.386269 306.860259 -1.888817
-106.539424 308.497415 -0.083619
-105.920404 306.369394 -0.897091
-107.273985 306.347127 -1.486796
-105.859819 304.495501 -0.608696
-107.508249 301.757933 -1.214563
-107.317445 299.571665 -0.766920
-106.207559 301.217359 -1.069029
-107.211938 298.920724 -0.425847
-105.843791 299.272473 -0.050686
-108.010994 297.764667 -2.252131
-107.887089 296.426968 0.180431
-107.084857 294.851897 -0.755028
-107.319436 292.436739 -1.405964
-107.890773 292.397633 -2.394272
-107.593932 291.717036 -0.652091
-105.756660 289.099462 -0.940440
-108.602262 288.546148 -0.911237
-109.691046 286.802159 -0.683604
-107.120228 288.394124 0.748354
-109.184409 284.340237 -0.746167
-106.686986 283.600344 -1.914612
-109.026873 283.369747 0.100279
-108.781845 282.029049 -2.867769
-108.526185 281.054887 -1.429810
-109.510982 277.176069 0.992186
-109.436213 278.016430 0.002629
-107.238634 276.470800 -1.151063
-108.603573 276.759928 -0.795913
-109.750626 272.670077 -1.856681
-107.941342 272.736545 -1.245445
-109.526241 271.985641 -0.882598
-109.082938 271.973987 0.883689
-110.430416 269.745114 -1.400527
-109.075268 268.392407 -0.796598
-108.597452 267.551040 -0.265611
-109.470669 265.036719 -1.968956
-109.665287 266.305693 -1.294766
-109.992467 263.455135 -0.580084
-108.971030 263.340780 0.099038
-109.271031 260.176978 -0.931397
-107.826303 259.082440 -2.205912
-108.705717 256.644294 1.789547
-109.569642 256.688557 -0.114432
-108.836375 255.355374 0.061041
-106.947853 255.089801 1.130408
-109.449213 253.443058 -0.181477
-107.976267 253.304938 -0.539080
-108.643700 251.150825 -2.078877
-108.390926 249.292670 -1.207255
-107.009009 247.178249 -0.413263
-107.670851 248.291192 -0.277676
-106.927907 246.453206 -0.133347
-108.849192 243.135662 -0.144319
-108.183636 244.191326 0.501831
-107.715028 240.937503 0.273912
-108.424222 240.047136 -1.212067
-107.426142 240.806561 -0.233442
-107.608830 236.943142 0.337464
-107.805242 237.305392 -0.550745
-106.058567 235.869225 -0.243306
-106.278037 236.975924 0.709980
-106.701238 233.602014 -0.699740
-107.418333 231.893024 -0.944528
-105.661882 230.221144 1.165288
-105.388738 230.043681 -0.162714
-106.535633 229.139150 0.924304
-106.500235 226.065024 0.537149
-105.302458 225.322770 -0.904740
-106.308009 224.563459 -0.499373
-105.509025 223.366634 -0.938469
-105.274710 223.029838 -0.504323
-103.687279 222.213168 -1.786105
-104.097744 221.037531 -0.637158
-105.908414 219.281936 -0.213169
-105.319143 216.660745 -0.295066
-104.186715 216.413716 -0.290641
-104.828263 215.230147 0.323997
-103.821431 212.706081 -0.682462
-104.307683 213.472501 0.109502
-104.657899 212.790714 -1.325145
-101.169678 210.691044 -1.467584
-103.616950 209.911616 -0.615932
-102.309079 209.997428 -0.918833
-101.857396 208.505595 0.057073
-103.249490 206.409054 -1.373040
-99.956571 203.896920 2.765149
-99.580323 202.620616 -0.178625
-100.001751 203.016574 0.247214
-99.170842 200.807489 -0.564197
-100.462551 200.602739 0.164070
-99.508999 199.351703 -2.255085
-99.139271 197.464915 1.464439
-100.650479 197.613321 -0.135323
-98.303977 196.540204 0.347962
-98.023256 193.794588 -0.695056
-98.109806 191.638884 -0.250629
-100.068725 191.583650 -0.322512
-97.671922 190.052903 -1.636987
-95.038248 188.528710 -0.358094
-97.520003 187.332505 1.165227
-95.143565 186.953045 0.318471
-96.159073 183.434627 -0.429913
-95.617711 184.600372 0.081347
-93.386595 183.534336 -0.681884
-96.408942 182.507896 1.137530
-95.557424 181.292663 0.164489
-93.639980 180.181333 1.128125
-92.753899 177.823965 0.400223
-93.365327 175.958375 -1.123600
-92.898782 174.430194 -0.855505
-91.989457 173.131732 0.288963
-93.345550 172.124342 -0.081110
-91.630151 170.848428 -1.803927
-90.520206 170.329939 0.265952
-89.442248 168.665176 0.241826
-89.934937 167.932866 -1.820509
-90.563413 167.489275 -2.702540
-89.426268 165.854150 -0.334823
-89.266553 163.471159 -0.598100
-88.445791 161.443291 0.859895
-86.670715 160.779322 -1.636458
-88.198550 159.394410 0.255936
-88.303292 157.598079 0.256312
-85.977646 156.535816 -1.592944
-83.217370 156.609813 -0.527388
-85.262135 154.493585 0.609863
-85.599616 153.501865 -0.369434
-86.802391 154.018878 -1.186956
-86.348831 150.658130 -1.193810
-84.637222 150.228185 0.778743
-83.401507 148.024783 -0.154288
-83.437151 145.364018 0.375196
-84.890338 147.832904 -0.593396
-83.239444 143.814271 -0.811443
-80.400303 144.317171 -1.725578
-80.748823 143.241165 -0.453682
-81.561606 140.823496 1.796745
-82.280408 139.775468 -0.609740
-82.494002 140.491573 -1.370616
-80.455103 135.350402 -0.592926
-79.828152 134.935267 0.390063
-80.132996 135.709299 1.166006
-80.063809 133.415212 -0.012194
-78.432534 132.019993 -0.006109
-78.909514 130.909394 1.101048
-77.633646 130.286243 0.525522
-78.011234 128.572499 -1.275299
-76.205249 124.261597 -0.263395
-75.949698 124.473522 0.237663
-77.352367 124.142440 0.798297
-76.094098 121.272478 -1.113244
-74.896863 122.432292 1.619604
-73.805068 120.443291 2.377628
-75.081569 118.623977 -0.764156
-76.943215 119.877769 1.457647
-75.320955 116.846659 -0.044285
-74.885197 114.123226 -0.350708
-73.826656 114.173541 0.082968
-71.692623 113.063051 0.033045
-72.012537 112.723664 -0.749083
-72.224266 111.401322 -1.260919
-70.678661 111.088724 -0.858118
-71.371237 109.102381 -0.684126
-70.668166 107.307140 -1.605682
-70.313009 104.846264 0.806360
-71.027348 104.468971 1.243693
-69.479253 102.352701 -1.137079
-70.192796 102.626095 0.246110
-70.015874 99.742612 0.171712
-68.974821 101.866196 -0.077066
-66.597681 97.337994 -1.696733
-69.113248 98.373720 1.627386
-68.393271 95.517902 -1.293638
-69.039788 95.489418 0.103086
-66.797063 92.040939 1.522342
-66.927260 92.765843 -1.577257
-66.191566 91.193079 0.201571
-65.458517 90.183818 -1.243725
-65.025536 88.588279 0.143683
-64.718605 85.864433 -1.380514
-66.615693 86.738943 0.786017
-63.170177 85.011385 -2.162607
-64.615437 83.535686 0.121175
-63.424289 82.515612 0.013361
-62.651386 80.168167 1.006898
-62.810639 78.258293 -0.729320
-62.335194 79.362579 0.017035
-61.741191 75.775520 0.861197
-61.815261 75.702691 1.560276
-60.261939 72.952868 -1.689531
-60.401883 72.023883 0.730662
-59.899563 72.176078 -0.614321
-57.805996 73.626813 -0.176519
-58.761008 69.531719 -0.149137
-59.551355 67.124089 -1.018959
-57.919057 66.466246 -2.457497
-57.442741 65.604659 1.471772
-57.117443 62.946318 -2.100412
-57.772056 62.461715 1.078306
-56.663111 63.006958 -1.184162
-55.290121 61.381970 -1.871994
-54.495594 59.423566 0.541757
-56.284740 59.397359 -1.034721
-54.191008 57.737944 -0.823876
-52.604492 55.825675 0.804841
-55.720188 56.512470 -1.074937
-52.736783 52.083043 -0.471284
-52.585192 52.911047 -1.126356
-51.898654 51.737318 -0.794688
-50.969528 47.927132 -0.481859
-51.709244 47.343258 0.408037
-51.568529 46.823455 0.980167
-51.624204 45.940285 1.296954
-50.232026 45.313482 -1.001292
-50.127677 42.470535 -1.141744
-50.320539 41.152231 0.925613
-49.072056 38.981680 -0.695315
-50.948440 39.133601 0.595999
-49.373814 37.838396 1.451300
-51.078420 38.502996 -0.388656
-48.457954 35.467284 1.702129
-49.256072 34.856895 0.691868
-49.283444 32.784041 0.021377
-48.174850 31.644931 -0.177881
-46.291230 30.999293 1.249385
-47.593243 28.986029 2.095939
-46.877678 27.727444 -1.571400
-44.806749 27.622182 -0.080652
-45.673493 27.812321 -0.004657
-42.838887 25.889167 1.233835
-44.046513 24.682667 -0.420612
-44.156784 24.098427 -0.409683
-43.994905 23.806139 2.235246
-42.984750 23.427436 -0.458415
-42.788478 21.815421 -0.718560
-43.662720 21.245534 -0.792962
-44.209620 20.084989 1.384034
-42.101082 17.490059 -0.246699
-41.951364 18.208705 0.433154
-39.739583 14.756854 0.181430
-41.985973 13.706926 0.055351
-40.904522 14.474957 2.386410
-40.541084 14.201278 0.287713
-39.042923 14.652408 0.755176
-41.429332 10.928964 0.505468
-39.667528 11.344495 0.681794
-39.829453 9.272257 0.622863
-37.689665 10.206062 0.760267
-38.187879 8.039104 -0.275874
-39.658567 7.598244 -0.184076
-37.351782 6.511720 -0.560466
-36.288791 5.882464 0.400324
-37.439439 4.557488 1.488376
-36.858303 6.570619 -0.418228
-37.019514 4.452304 0.529399
-38.179235 3.946609 -1.158924
-35.912681 1.095342 -1.582620
-35.020498 2.147157 -0.718075
-34.113965 2.517352 1.145558
-35.030114 4.341544 -0.329207
-32.631888 1.144314 -1.380683
-33.390079 1.089201 -0.777511
-34.220764 0.312979 0.625566
-35.232459 1.022732 -0.218032
-33.488220 0.542570 0.249202
-30.376281 -0.263522 0.267818
-31.167573 -0.488378 -0.152064
-31.221934 -0.623490 0.108098
-29.738635 -0.347683 0.134681
-29.153327 -2.208184 0.675468
-28.148163 -0.860658 -0.334332
-28.343338 -1.076520 0.501694
-28.115930 -0.646843 -1.448604
-25.809533 -3.263232 2.129251
-27.521886 -0.864253 0.152924
-25.665706 -1.827401 0.856876
-25.588596 -2.812275 0.870957
-25.780867 -2.554380 3.266593
-24.368756 -0.787690 -0.353972
-22.282735 -1.246925 1.369085
-22.325483 0.124827 -0.339566
-21.289763 -1.587269 -0.861958
-21.213073 -1.638356 -0.165100
-17.836200 -2.601654 1.450725
-18.835974 -1.744273 -0.590276
-19.825579 -2.216342 -1.506879
-19.491849 -3.156642 1.629719
-17.313639 -0.869627 0.877803
-17.169061 -0.180138 -0.318778
-16.698040 -0.882379 -1.026012
-13.190637 -1.592437 0.439238
-14.474641 -0.702151 0.338836
-15.112849 -3.123304 -0.251054
-14.249775 -1.180371 1.533841
-14.380024 -3.021731 1.377943
-12.377306 -0.747002 0.164071
-12.296104 1.771525 0.448457
-14.240055 -2.256119 0.964717
-14.139362 -1.517202 0.726261
-10.590246 -0.399624 1.217544
-13.936295 -0.810581 1.063393
-11.188436 -3.482518 -0.415019
-12.274767 -3.788875 0.362625
-11.624504 0.832471 0.198133
-9.273239 -3.381014 -0.161300
-10.195959 -2.742609 -0.051245
-10.262928 -2.089100 2.227914
-9.392753 -1.398733 0.913724
-8.913775 -1.973160 0.052095
-9.118219 -0.743401 1.498278
-9.266442 -1.138919 0.174823
-8.762380 -2.385761 0.186832
-7.228843 -1.823189 0.502936
-9.772656 -2.227696 0.127719
-8.934021 -1.893783 -0.058515
-7.806642 -1.787386 -0.581982
-8.043106 -1.818075 1.559169
-7.155814 -2.544589 0.772273
-5.459187 -0.947738 0.921367
-6.153664 -0.393297 1.453816
-6.038776 -0.724306 -0.698327
-7.822605 -1.582025 0.461831
-6.535986 -0.843731 -1.452326
-6.217445 -2.081499 -1.213115
-3.840456 -2.862726 -0.157844
-4.104461 -0.753788 -0.672086
-4.000466 -0.992506 2.774984
-3.908888 -1.279026 -0.406635
-4.710021 -1.818830 1.825658
-3.591403 -0.265414 1.967571
-5.563925 0.653869 0.508377
-2.396805 -1.242238 -0.300397
-1.962331 2.209761 1.458994
-0.759236 -0.079018 -0.146553
-2.407254 -0.088906 -1.596559
-1.946880 0.148577 0.285503
-0.640330 1.444766 0.447096
-0.945334 -0.509513 -0.117316
-0.897696 2.377970 1.356629
1.406414 3.117889 0.302929
0.339332 2.096941 -1.084586
2.289394 3.241963 -0.837420
0.864674 3.090910 0.446878
3.148094 4.182363 -1.855348
2.313409 5.021892 0.167437
2.262030 6.008516 0.448183
3.284114 6.898400 -0.055604
3.203950 8.522805 0.927450
4.892937 9.044987 0.888867
5.409419 7.009000 0.549506
4.682352 10.980074 1.258823
4.635931 10.396969 0.485956
6.164473 9.812364 0.677704
5.888921 11.862170 -0.408444
5.988127 13.592321 -0.740910
6.014904 13.144806 -0.465349
6.532948 14.090454 -1.197685
6.882207 16.918386 0.778109
7.575550 16.083804 0.898659
9.748778 16.350866 1.318127
7.195135 16.324958 0.516006
10.004749 17.304136 0.616911
9.539191 18.870495 1.389230
11.516911 19.013322 -0.684517
10.644091 20.859282 -0.277634
12.591189 22.210671 0.790378
10.735237 23.929525 -2.437021
13.287563 24.603652 -0.055295
14.224130 24.616280 0.428956
13.745393 28.790798 1.709302
14.565824 25.624944 0.515454
13.557775 28.391735 0.523310
13.709360 28.590588 -0.465689
15.492469 28.678023 0.404823
16.550074 30.427219 -0.012317
16.461450 32.126136 -0.723173
17.024584 33.795394 0.970370
17.289808 34.077742 0.857502
18.460957 32.374044 -1.143719
19.235599 33.952900 0.813679
18.356703 35.428263 0.762690
19.386958 39.503245 -0.214960
21.157311 38.809729 -0.257870
21.000766 39.992792 0.435745
21.009661 39.897131 -0.421231
21.998781 41.242341 0.329097
22.015991 42.706043 -1.016065
23.570725 43.634379 0.207801
23.222759 44.729040 1.174938
23.844491 46.194647 1.764477
24.755845 46.401402 -0.700683
26.056685 47.314682 -0.045762
23.168883 48.882862 0.577804
23.962001 50.092777 -0.068932
28.689982 50.069298 -0.003156
25.702743 53.021053 0.059750
26.374067 53.461205 -0.951596
28.247112 55.547457 0.983142
28.833548 55.753948 2.119101
29.926569 56.345331 1.316435
28.354319 57.707950 -0.577715
29.453169 54.978237 0.843401
29.705313 60.198417 0.845813
32.011363 59.025167 1.501643
33.585468 61.995911 1.257680
32.183289 61.729444 1.231155
31.085336 62.971390 -1.289764
32.408539 65.058226 0.992827
33.682601 65.606860 -1.395417
33.828997 65.875893 -0.149981
35.320929 66.711353 -0.070021
33.155602 68.287654 -0.528291
35.890840 68.738992 0.686474
36.181293 72.370550 1.106212
35.002668 70.436463 0.689699
36.471854 69.835825 2.002370
38.630617 74.321681 0.051933
38.894552 74.189927 0.866867
38.050264 77.399885 -0.908776
40.705240 76.905803 0.167393
40.191420 78.677213 2.022417
40.843959 78.030725 0.717686
42.854998 81.248331 1.577006
42.393512 81.673313 1.832324
41.661546 80.587178 0.736576
41.861263 81.953769 -0.064319
45.672845 84.115873 0.997566
42.472846 83.105093 -0.192931
45.687148 86.354062 1.222588
45.492537 86.400446 2.014706
44.628414 89.369102 1.072513
44.031227 88.287125 -1.149044
