0.19991624 0.00335268 -0.34702072
0.36882618 0.39402915 -0.45920456
0.55348685 0.82576762 -0.54735766
0.75550876 1.29760740 -0.61379981
0.97607242 1.80823114 -0.66071970
1.21596787 2.35606590 -0.69017536
1.47565937 2.93935017 -0.70411132
1.75529056 3.55618327 -0.70439614
2.05473473 4.20457712 -0.69281636
2.37364599 4.88251752 -0.67110810
2.71144643 5.58799215 -0.64096450
3.06738480 6.31903133 -0.60406084
3.44055582 7.07373540 -0.56206090
3.82990586 7.85028498 -0.51662841
4.23427864 8.64696510 -0.46943839
4.65242177 9.46218419 -0.42217518
5.08280695 10.29442962 -0.37812799
5.52406622 11.14230121 -0.33902843
5.97541679 12.00442097 -0.30291340
6.43587373 12.87953344 -0.26741230
6.90408610 13.76593558 -0.23034920
7.37894608 14.66014926 -0.19301801
7.85871484 15.56143752 -0.15802603
8.34105423 16.46979274 -0.12609321
8.82501017 17.38330735 -0.09773740
9.31071614 18.30164394 -0.07126289
9.79755803 19.22554281 -0.04388196
10.28483413 20.15427190 -0.01654510
10.77271056 21.08455290 0.00794102
11.26138176 22.01468649 0.02859305
11.75082419 22.94496072 0.04494164
12.24058851 23.87596157 0.05701618
12.73052814 24.80679708 0.06694438
13.22144635 25.73583727 0.07983863
13.71348842 26.66263629 0.09914750
14.20585185 27.58696972 0.12180610
14.69733326 28.50735261 0.14266089
15.18716494 29.42400329 0.15732567
15.67473602 30.34198020 0.16600868
16.16119561 31.26117060 0.17499512
16.64769147 32.17916793 0.18819584
17.13330305 33.09903781 0.20427117
17.61685367 34.02131202 0.21856518
18.09729625 34.94155282 0.22968701
18.57368646 35.85945227 0.23817587
19.04555994 36.77706014 0.24370396
19.51369748 37.69441868 0.24619085
19.97794774 38.60784557 0.24638655
20.43709125 39.51656193 0.24254804
20.89175745 40.42189435 0.23734450
21.34441587 41.32030337 0.23606367
21.79517696 42.21283583 0.23651315
22.24107660 43.10199434 0.23741691
22.68120010 43.98720167 0.23441578
23.11732772 44.86687273 0.22936561
23.55108994 45.74046932 0.23014613
23.98340004 46.60792698 0.23691978
24.41315900 47.46934531 0.24445418
24.83932279 48.32530788 0.24948077
25.26287079 49.17467120 0.25218278
25.68482951 50.01760189 0.25356548
26.10640791 50.85453020 0.25744806
26.52894691 51.68322538 0.26376705
26.95015167 52.50606885 0.26646015
27.36778090 53.32550739 0.26350227
27.78073661 54.13920390 0.25504731
28.18817977 54.94556590 0.24345508
28.59088240 55.74446775 0.23551638
28.98796672 56.53509700 0.23558755
29.37732358 57.31512209 0.24180518
29.75814040 58.08329640 0.24763053
30.13131777 58.84019707 0.25143646
30.49763044 59.58549706 0.25642543
30.85755728 60.31881760 0.26267640
31.21090916 61.04075099 0.26719676
31.55749264 61.75248873 0.26990266
31.89785730 62.45379769 0.27293856
32.23186508 63.14289134 0.27589664
32.55742796 63.81881836 0.27616591
32.87242223 64.48094057 0.27340932
33.17807288 65.12806247 0.26963525
33.47487734 65.76108978 0.26646317
33.76222713 66.38129659 0.26826117
34.04066987 66.98587432 0.27975668
34.30979565 67.57315598 0.29378128
34.57004163 68.14417170 0.30251435
34.82333813 68.69934824 0.30754141
35.07077614 69.24139915 0.31225263
35.31252489 69.77356806 0.32110100
35.55018014 70.29416503 0.33359228
35.78770467 70.79765824 0.34695185
36.02631590 71.28393401 0.36253757
36.26384394 71.75826925 0.37748088
36.49934872 72.22324637 0.38670364
36.73519354 72.67683503 0.39229385
36.97534006 73.11347083 0.39670024
37.22118841 73.53008264 0.40106496
37.47292792 73.92807023 0.40658907
37.73210506 74.31020044 0.41196729
38.00097258 74.67690484 0.41547102
38.28072900 75.02735827 0.41576504
38.57173299 75.36006782 0.41328423
38.87366147 75.67251963 0.41003058
39.18554999 75.96342619 0.40629635
39.50676327 76.23136292 0.40098001
39.83707691 76.47496464 0.39349439
40.17582384 76.69356944 0.38304184
40.52173060 76.88632020 0.37158265
40.87366781 77.05259793 0.36272070
41.23194841 77.19307295 0.35688445
41.59692432 77.30930324 0.35160994
41.96735111 77.40215019 0.34434685
42.34105775 77.47116526 0.33508773
42.71651679 77.51530481 0.32528243
43.09307352 77.53679460 0.31638910
43.47143089 77.54146494 0.30846037
43.85078633 77.53075623 0.30040679
44.22771243 77.50077362 0.29168845
44.60125111 77.44900087 0.28369694
44.97286962 77.37839200 0.27702874
45.34796954 77.29706688 0.26927098
45.73187964 77.21119747 0.25955622
46.12407932 77.11829224 0.25128477
46.52001601 77.01046664 0.24627722
46.91770813 76.88549671 0.24243957
47.31888627 76.74536538 0.23404651
47.72657824 76.59379931 0.21557635
48.14624839 76.43430442 0.19584179
48.57866301 76.26461130 0.18972914
49.02091217 76.08228121 0.19528783
49.47162951 75.88738935 0.20170976
49.93064126 75.67965849 0.20452906
50.39896682 75.45909632 0.20387697
50.87853020 75.22650091 0.20126443
51.37071731 74.98179235 0.19798245
51.87593825 74.72486485 0.19406898
52.39546399 74.45635649 0.18895825
52.92913303 74.17554068 0.18383276
53.47489648 73.88127158 0.18008885
54.03315881 73.57518710 0.17721007
54.60530956 73.25903732 0.17457755
55.18984176 72.93227084 0.17183292
55.78571748 72.59426920 0.16873827
56.39464153 72.24653354 0.16519035
57.01829531 71.89100768 0.16092954
57.65637940 71.52763028 0.15679062
58.30922767 71.15638639 0.15373455
58.97759488 70.77850989 0.15094450
59.66096291 70.39485591 0.14805550
60.35827692 70.00688084 0.14402283
61.06729488 69.61607885 0.13859443
61.78524608 69.22312900 0.13321305
62.51136124 68.83029508 0.12654831
63.24519304 68.43801127 0.12005041
63.98315121 68.04471809 0.11844506
64.72216141 67.65048316 0.12488449
65.46112053 67.25662267 0.13558468
66.19998176 66.86390133 0.14647378
66.93889359 66.47233212 0.15750369
67.67742483 66.08257233 0.16773471
68.41576576 65.69477577 0.17681654
69.15348457 65.30851350 0.18544436
69.88966676 64.92324475 0.19514372
70.62298654 64.53726083 0.20630635
71.35215334 64.14927834 0.21827189
72.07589186 63.75982602 0.22957195
72.79323738 63.36840172 0.23848204
73.50336889 62.97384266 0.24450652
74.20491527 62.57551887 0.24929498
74.89791667 62.17278827 0.25606125
75.58226491 61.76585156 0.26423021
76.25684289 61.35512255 0.27117624
76.92147336 60.94103347 0.27708033
77.57601415 60.52373101 0.28245311
78.22001246 60.10340270 0.28713793
78.85245948 59.68046933 0.29148051
79.47254648 59.25598712 0.29671806
80.08082573 58.83143672 0.30288843
80.67709061 58.40705067 0.30920734
81.26126791 57.98305702 0.31585757
81.83358243 57.55977221 0.32308488
82.39401263 57.13832877 0.33070244
82.94294536 56.72102404 0.33752039
83.48098426 56.31043433 0.34259348
84.00830772 55.90840639 0.34633393
84.52366352 55.51568096 0.34928667
85.02575042 55.13321683 0.35188797
85.51502247 54.76324730 0.35442678
85.99206277 54.40771135 0.35695266
86.45604245 54.06780103 0.35948007
86.90682555 53.74546612 0.36300960
87.34544209 53.44273293 0.36690307
87.77377487 53.15827054 0.36949227
88.19588897 52.88878054 0.37094832
88.61663175 52.63274818 0.37314663
89.03790936 52.38930839 0.37666178
89.46007737 52.15911597 0.38124677
89.88426494 51.94466135 0.38771164
90.31155482 51.74863011 0.39628511
90.74257001 51.57292350 0.40530546
91.17688255 51.41905650 0.41241205
91.61371187 51.28864431 0.41680224
92.05144248 51.18158579 0.41927032
92.48848815 51.09829599 0.42064485
92.92517600 51.04269129 0.42076176
93.36238188 51.01775562 0.41962446
93.79985971 51.02483844 0.41803457
94.23588138 51.06332051 0.41776530
94.66872254 51.13049759 0.42072504
95.09753024 51.22602244 0.42835251
95.52092136 51.35188845 0.43903442
95.93777674 51.50855242 0.44986169
96.34797701 51.69565624 0.45896840
96.75151739 51.91241268 0.46686050
97.14806563 52.15688397 0.47337415
97.53722980 52.42899910 0.47734444
97.91868861 52.72707446 0.47584380
98.29422383 53.04417453 0.46791592
98.66712348 53.37569676 0.45914289
99.03709591 53.72369440 0.45382701
99.40324909 54.08845044 0.45046621
99.76773847 54.46762784 0.44417862
100.13336565 54.85926661 0.43480442
100.50089192 55.26161458 0.42493671
100.87298034 55.67227986 0.41826222
101.25391433 56.08908928 0.41681651
101.64397100 56.51214734 0.41507870
102.04284735 56.94132356 0.41033206
102.45039002 57.37805974 0.40845726
102.86622446 57.82497460 0.41256884
103.29160301 58.27869989 0.42054771
103.72883027 58.73385233 0.43058581
104.17753041 59.19197862 0.44038531
104.63483830 59.65710179 0.44671676
105.10087731 60.12742148 0.44767703
105.57562150 60.60246926 0.44484602
106.05697562 61.08598162 0.43790130
106.54455787 61.58142584 0.42780971
107.04142065 62.08785490 0.42143567
107.54880681 62.60331403 0.42270655
108.06441735 63.12823783 0.43088295
108.58541521 63.66207754 0.43685936
109.11074828 64.20626616 0.43429597
109.64260174 64.75864974 0.42647424
110.18301283 65.31614655 0.41746977
110.73187149 65.88137993 0.41220859
111.28871570 66.45473689 0.41166722
111.85286583 67.03557624 0.41498251
112.42226893 67.62543562 0.41967596
112.99563646 68.22332654 0.42083606
113.57249346 68.82732701 0.41931240
114.15198395 69.43781350 0.41671407
114.73269731 70.05676940 0.41105006
115.31703881 70.68039925 0.40391374
115.90587258 71.30693380 0.39837682
116.49777206 71.93783844 0.39712054
117.09420885 72.56842035 0.39788128
117.69410383 73.19588085 0.39480751
118.29744743 73.81973260 0.39266703
118.90466046 74.43961531 0.39561768
119.51234207 75.05712020 0.40056259
120.11688514 75.67436001 0.40533600
120.72080915 76.29111101 0.40738077
121.32505560 76.90674917 0.41110328
121.92606585 77.52069452 0.41494634
122.52334290 78.13140086 0.41171483
123.11947248 78.73602436 0.40502059
123.71595186 79.33967049 0.40262422
124.31321293 79.94721877 0.41487189
124.91133080 80.55445935 0.44164145
125.50485771 81.15965065 0.46003913
126.08894403 81.76196464 0.45406860
126.66729758 82.36148035 0.43441456
127.24537746 82.95884696 0.42117159
127.82348133 83.55299595 0.42571594
128.39813894 84.14580140 0.43631129
128.96796717 84.73854630 0.44157224
129.53409806 85.33173948 0.44533538
130.09242774 85.92957739 0.44619191
130.64409008 86.52967389 0.44530558
131.19466178 87.12752584 0.44884909
131.74338478 87.72417121 0.45454887
132.28849312 88.31938899 0.45660296
132.83056272 88.91160113 0.45602463
133.37020414 89.50106132 0.45436351
133.90569704 90.09147898 0.45327705
134.43581278 90.68548654 0.45668175
134.96174747 91.28290797 0.46146723
135.48312886 91.88512757 0.46185188
135.99850535 92.49152913 0.45364081
136.51104821 93.09825706 0.43710226
137.02384288 93.70549520 0.41719567
137.53540009 94.31845707 0.40173073
138.04396399 94.93969101 0.39740401
138.54759507 95.57074766 0.39981767
139.04822814 96.20809004 0.39960293
139.54890800 96.84763603 0.39578576
140.04649099 97.49329443 0.39358194
140.53880599 98.14792676 0.39786808
141.02672182 98.81020204 0.40736725
141.51129501 99.47645612 0.41383858
141.99250558 100.14564545 0.41505036
142.46850793 100.82000604 0.41164949
142.93793450 101.49900569 0.40306711
143.40211818 102.18120026 0.39263792
143.86317266 102.86649538 0.38128769
144.32364281 103.55345673 0.37351802
144.78302922 104.24259160 0.37131985
145.23914768 104.93475921 0.37260786
145.69286895 105.62659189 0.37266672
146.14393397 106.31581719 0.36218195
146.59552950 107.00203591 0.34082406
147.04521167 107.69216504 0.31843017
147.48656043 108.39426252 0.30687118
147.92307620 109.10506293 0.30309585
148.35762382 109.82189546 0.29381393
148.78877546 110.54579140 0.27822555
149.21553135 111.27425274 0.26185953
149.63724087 112.00737647 0.24305689
150.05812168 112.74379635 0.21952516
150.48129826 113.48225546 0.20176253
150.89693894 114.23058701 0.19625548
151.30143749 114.99002931 0.19579900
151.70174889 115.75149322 0.19035328
152.09862757 116.51017333 0.17244051
152.49114970 117.26839867 0.14488968
152.88107831 118.02917356 0.11846263
153.27480389 118.79101414 0.10128618
153.67388322 119.55398464 0.09187391
154.07025054 120.32069315 0.08371532
154.46204404 121.08916606 0.07202463
154.85008229 121.85861889 0.05716798
155.23661152 122.62568515 0.03710444
155.62568369 123.38693260 0.01471589
156.01397532 124.14882693 -0.00156998
156.39633731 124.91430921 -0.01026145
156.77333817 125.67804508 -0.01460251
157.14883930 126.43571242 -0.02312295
157.51998030 127.18864739 -0.04334264
157.88501744 127.93890821 -0.07136652
158.24870574 128.68544873 -0.09596484
158.61176739 129.42727474 -0.11699577
158.97296322 130.16363104 -0.14290786
159.33035550 130.89415390 -0.17503136
159.68429242 131.61657351 -0.21066675
160.03585582 132.32996895 -0.25029322
160.38265042 133.03619933 -0.29670785
160.72544243 133.73469158 -0.34412987
161.06610493 134.42430262 -0.38575416
161.40479159 135.10532476 -0.42169398
161.74165543 135.77805659 -0.45205414
162.07684504 136.44278738 -0.47693256
162.41049890 137.09980932 -0.49642917
162.74275031 137.74942437 -0.51063905
163.07371971 138.39192224 -0.51965385
163.40351344 139.02758828 -0.52356400
163.73223748 139.65670710 -0.52245511
164.05997232 140.27956056 -0.51640234
164.38679964 140.89641021 -0.50547275
164.71277214 141.50750673 -0.48973770
165.03793829 142.11308716 -0.46925181
165.36233697 142.71338729 -0.44406655
165.68598719 143.30861549 -0.41423905
166.00888759 143.89897147 -0.37980896
166.33430483 144.48313458 -0.33979978
166.66469810 145.05809768 -0.29348333
166.99705055 145.62438835 -0.24749228
167.32833953 146.18500597 -0.20890927
167.65886844 146.74225240 -0.17947614
167.98975452 147.29893494 -0.15725945
168.32250824 147.85421417 -0.13521683
168.65801204 148.40908077 -0.10866295
168.99230928 148.96580020 -0.08455476
169.32279128 149.52460527 -0.06987991
169.65387324 150.08425619 -0.05993888
169.99019956 150.64231454 -0.04774216
170.33098840 151.20153338 -0.02871378
170.67153672 151.76599458 -0.00338301
171.01044659 152.33629802 0.02684193
171.35267368 152.90757925 0.05869714
171.69822847 153.47747193 0.07935089
172.04032897 154.05189596 0.08355456
172.37822463 154.63178872 0.07751204
172.71946149 155.21319495 0.06574080
173.06715559 155.79785027 0.05642182
173.41790370 156.38661415 0.05772668
173.76827195 156.97690655 0.06481296
174.11553326 157.56871731 0.06978616
174.45836981 158.16057700 0.06803101
174.80015305 158.75045153 0.06255629
175.14316402 159.34023027 0.06112794
175.48289673 159.93212623 0.06358914
175.81782421 160.52412784 0.06759409
176.15036258 161.11281314 0.07034447
176.48067775 161.69728483 0.06849053
176.80749088 162.27787194 0.06192478
177.13090513 162.85453842 0.05398673
177.45031944 163.42686653 0.04946059
177.76495990 163.99384552 0.05263151
178.07620468 164.55201645 0.06392793
178.38220989 165.09841400 0.07656849
178.67797463 165.63302804 0.08464723
178.96194471 166.15589158 0.08831790
179.23738039 166.66389248 0.08849170
179.50523551 167.15468683 0.08475059
179.76091642 167.63016951 0.07794500
180.00233329 168.09382921 0.06920754
180.23049295 168.54886483 0.05875844
180.44719553 168.99702043 0.04922948
180.65195627 169.44167046 0.04321425
180.84153229 169.88681675 0.03908805
181.01672509 170.33127756 0.03697802
181.17756869 170.77256426 0.03450656
181.31810090 171.21099153 0.02850445
181.43593477 171.64763526 0.01978139
181.53329449 172.08306693 0.00957557
181.60756605 172.51676616 0.00093058
181.65638403 172.94671882 -0.00391084
181.67998190 173.37101082 -0.00431586
181.67979526 173.78918438 -0.00364746
181.65891746 174.20107513 -0.00531120
181.61692758 174.60666024 -0.00809336
181.55195933 175.00671654 -0.00797836
181.46329133 175.40098017 -0.00571025
181.35170632 175.78693075 -0.00612800
181.21937649 176.16278696 -0.01144589
181.06804070 176.52844110 -0.02064669
180.89890487 176.88411581 -0.03190914
180.71327713 177.23053205 -0.04738305
180.50984446 177.56891923 -0.06858640
180.28417860 177.90194976 -0.09407753
180.03090441 178.23068996 -0.12054556
179.74772363 178.55437001 -0.14348550
179.43705646 178.87298145 -0.16148458
179.10115287 179.18613799 -0.17731616
178.74165483 179.49292070 -0.19377571
178.35939950 179.79228739 -0.20967097
177.95441872 180.08382911 -0.22711953
177.52765933 180.36818882 -0.24789890
177.08224214 180.64702716 -0.26820154
176.61980605 180.92090638 -0.28567445
176.13953190 181.19003480 -0.30093692
175.64197922 181.45710242 -0.31569809
175.12779533 181.72471893 -0.33135680
174.59709894 181.99492177 -0.34710031
174.04997092 182.26935028 -0.36058072
173.48667794 182.54964307 -0.37247140
172.90715936 182.83733059 -0.38427102
172.31061081 183.13291100 -0.39554861
171.69717912 183.43743868 -0.40681343
171.06734287 183.75206659 -0.41916949
170.42034524 184.07701501 -0.43226767
169.75546355 184.41211725 -0.44500312
169.07281596 184.75725332 -0.45657280
168.37274279 185.11307424 -0.46627198
167.65645932 185.48052325 -0.47496821
166.92507387 185.85885591 -0.48367130
166.17935358 186.24643427 -0.49256179
165.42105890 186.64217569 -0.50147657
164.65261937 187.04526180 -0.51002807
163.87730476 187.45405132 -0.51705534
163.09885012 187.86628780 -0.52397882
162.32026203 188.27944093 -0.53400576
161.54250691 188.69191434 -0.54628891
160.76579792 189.10526713 -0.55868399
159.98942920 189.51993734 -0.56753953
159.21213839 189.93431415 -0.57075715
158.43444672 190.34705124 -0.57220652
157.65675993 190.75692402 -0.57852311
156.87916745 191.16428294 -0.59073976
156.10153945 191.56874821 -0.60527561
155.32328472 191.97020385 -0.62011047
154.54489993 192.37035391 -0.63357258
153.76679726 192.76875095 -0.64407459
152.98883874 193.16336336 -0.65216085
152.21216059 193.55457830 -0.65984835
151.43794675 193.94476386 -0.66668654
150.66618081 194.33441235 -0.66984143
149.89753221 194.72366698 -0.66829069
149.13337521 195.11405634 -0.66592175
148.37360664 195.50515018 -0.66430616
147.61824985 195.89620864 -0.66055955
146.86811102 196.28807710 -0.65579114
146.12316541 196.67945613 -0.65350773
145.38212414 197.06792029 -0.65188189
144.64566932 197.45619235 -0.65000579
143.91513598 197.84696554 -0.64677332
143.18808162 198.23667246 -0.64124889
142.46302902 198.62193035 -0.63723160
141.74163512 199.00337580 -0.63604169
141.02417806 199.38142282 -0.63761477
140.30962034 199.75598625 -0.64212222
139.59777020 200.12717119 -0.64690890
138.88839953 200.49422600 -0.64754454
138.18080570 200.85636854 -0.64439844
137.47473474 201.21339696 -0.64044255
136.77047997 201.56535297 -0.63515056
136.06847299 201.91187515 -0.62846145
135.36934682 202.25247385 -0.62273500
134.67443794 202.58717192 -0.61885199
133.98541745 202.91633962 -0.61665171
133.30368285 203.23999699 -0.61461838
132.63151368 203.55876907 -0.61046401
131.97112396 203.87227901 -0.60464833
131.32365879 204.17865305 -0.59863140
130.69000704 204.47738458 -0.59343377
130.07070942 204.76976317 -0.58878857
129.46531778 205.05650491 -0.58307829
128.87334881 205.33764814 -0.57608343
128.29542674 205.61358389 -0.56970386
127.73184327 205.88455817 -0.56534976
127.18262924 206.15177648 -0.56189067
126.64811134 206.41590532 -0.55830357
126.12794434 206.67569220 -0.55460174
125.62145468 206.92916136 -0.54958777
125.13018163 207.17634077 -0.54369068
124.65602696 207.41763390 -0.53841034
124.19917245 207.65277348 -0.53384358
123.75927343 207.88202333 -0.52990531
123.33574286 208.10499406 -0.52679052
122.92836745 208.32216685 -0.52429484
122.53631601 208.53302049 -0.52092861
122.15934090 208.73696444 -0.51628063
121.79854688 208.93520928 -0.51164835
121.45403644 209.12787730 -0.50821147
121.12564895 209.31435664 -0.50611261
120.81403439 209.49485233 -0.50458305
120.51898495 209.66901800 -0.50294811
120.24001827 209.83573710 -0.50123024
119.97874531 209.99380586 -0.49918916
119.73694445 210.14179369 -0.49658271
119.51552260 210.27883512 -0.49415585
119.31487529 210.40411375 -0.49256666
119.13633273 210.51699419 -0.49167044
118.98019004 210.61704303 -0.49092344
118.84437352 210.70357213 -0.48942872
118.72861634 210.77605100 -0.48682677
118.63360548 210.83431280 -0.48425588
118.55726779 210.88020625 -0.48330986
118.49495542 210.91706977 -0.48357608
118.44306024 210.94724135 -0.48351685
118.40007965 210.97143962 -0.48259728
118.36574575 210.98939241 -0.48084599
118.34035306 211.00117487 -0.47885983
118.32367722 211.00709506 -0.47704490
118.31496616 211.00723659 -0.47534647
118.31259784 211.00272316 -0.47359641
118.31141272 210.99727566 -0.47158530
118.30737879 210.99382126 -0.46930357
118.30208169 210.99156127 -0.46706688
118.29666433 210.98956664 -0.46510268
118.28992990 210.98821548 -0.46308523
118.28052732 210.98822048 -0.46116436
118.26760972 210.99038750 -0.45960855
118.25078238 210.99515073 -0.45781345
118.22992419 211.00255427 -0.45529868
118.20516400 211.01251543 -0.45225122
118.17653379 211.02496741 -0.44910279
118.14371461 211.04029787 -0.44613871
118.10482036 211.05998014 -0.44404345
118.05631313 211.08657969 -0.44297006
117.99518736 211.12258322 -0.44180084
117.91939698 211.16972443 -0.43968736
117.82792964 211.22869508 -0.43644204
117.72097921 211.29961103 -0.43247509
117.59892554 211.38273060 -0.42837084
117.46205161 211.47800628 -0.42422497
117.31100795 211.58543269 -0.42018173
117.14723869 211.70497167 -0.41619665
116.97265734 211.83656616 -0.41176499
116.79006410 211.98123884 -0.40399237
116.59995405 212.13796492 -0.39107695
116.40274138 212.30504371 -0.37820028
116.20261352 212.48387735 -0.36885452
116.00189577 212.67613463 -0.36118676
115.79964624 212.88172097 -0.35374721
115.59748305 213.10146763 -0.34495849
115.39669249 213.33627430 -0.33430120
115.19579224 213.58607804 -0.32302984
114.99679063 213.85186746 -0.31323742
114.80281158 214.13421402 -0.30693224
114.61769178 214.43431036 -0.30291810
114.44703420 214.75339107 -0.29762728
114.29243788 215.09031484 -0.29046297
114.15328928 215.44422967 -0.28558540
114.02993583 215.81550234 -0.28731301
113.92363662 216.20514279 -0.29480425
113.83677098 216.61520706 -0.30305909
113.77287713 217.04636547 -0.30806528
113.73752527 217.49691317 -0.30912282
113.73306596 217.96430593 -0.30765265
113.75767504 218.44749593 -0.30539373
113.80998987 218.94583289 -0.30515649
113.89032172 219.45781530 -0.31162598
113.99902360 219.98261786 -0.32410863
114.13605084 220.51986052 -0.33435848
114.30216594 221.06824623 -0.33937718
114.49606341 221.62609148 -0.34304766
114.71524879 222.19239688 -0.34778475
114.95843688 222.76640907 -0.35419805
115.22300006 223.34868510 -0.36175808
115.50543548 223.94065157 -0.36938303
115.80313547 224.54311544 -0.37753878
116.11454613 225.15627155 -0.38766250
116.43822953 225.78090142 -0.39917550
116.77345103 226.41731270 -0.41030655
117.11976065 227.06529280 -0.42031430
117.47544363 227.72599232 -0.42908795
117.83963010 228.40014325 -0.43713998
118.21225373 229.08759802 -0.44475087
118.59286428 229.78808283 -0.45286762
118.98082678 230.50095772 -0.46280987
119.37556523 231.22597014 -0.47501429
119.77608147 231.96395805 -0.48976847
120.18125682 232.71538009 -0.50470493
120.59148658 233.47967590 -0.51576135
121.00833976 234.25522095 -0.52123207
121.43222411 235.04091885 -0.51993743
121.86220983 235.83596016 -0.51714539
122.29801129 236.63857432 -0.52046597
122.73957418 237.44877467 -0.53217801
123.18604125 238.26874461 -0.55052410
123.63711569 239.09973052 -0.56765121
124.09280615 239.94213674 -0.57733427
124.55248586 240.79602843 -0.58019513
125.01606828 241.66114886 -0.57888800
125.48553347 242.53621705 -0.57559219
125.96071266 243.42003548 -0.57363175
126.44061529 244.31119439 -0.57852404
126.92555616 245.20844401 -0.59102503
127.41547726 246.11244929 -0.60623976
127.91086901 247.02355375 -0.61871439
128.41018794 247.94140672 -0.62576589
128.91166745 248.86519529 -0.62803957
129.41507640 249.79333399 -0.62824446
129.91880193 250.72450116 -0.62825136
130.42206055 251.65779669 -0.63275776
130.92535682 252.59390532 -0.64230896
131.42826725 253.53482630 -0.64817551
131.93138323 254.47964982 -0.64686946
132.43367718 255.42592904 -0.64084035
132.93329056 256.37187225 -0.63370145
133.42996412 257.31631144 -0.62808474
133.92332263 258.25848959 -0.62571935
134.41372702 259.19830386 -0.62771120
134.90277180 260.13532307 -0.63284087
135.39071683 261.06892251 -0.63855537
135.87698001 261.99925893 -0.64372454
136.36200524 262.92627003 -0.64679175
136.84540056 263.85030394 -0.64588994
137.32668682 264.77201112 -0.64147221
137.80565975 265.69107159 -0.63579718
138.28313520 266.60730186 -0.63238872
138.76018405 267.52159635 -0.63214068
139.23646404 268.43492712 -0.63255783
139.71217709 269.34720477 -0.63400130
140.18660391 270.25759713 -0.64061317
140.65958453 271.16630549 -0.65269218
141.13213200 272.07466422 -0.66514130
141.60421032 272.98339649 -0.67262436
142.07591249 273.89221597 -0.67604749
142.54793079 274.80109872 -0.67787650
143.02110989 275.71073426 -0.67660269
143.49596881 276.62164479 -0.67318936
143.97281971 277.53385021 -0.67041425
144.45120853 278.44803759 -0.67002773
144.93065323 279.36577612 -0.67216114
145.41243040 280.28693524 -0.67501870
145.89754098 281.21080026 -0.67675560
146.38595763 282.13710180 -0.67838436
146.87729339 283.06706931 -0.68054224
147.37134164 284.00065290 -0.68155598
147.86828896 284.93627908 -0.68122791
148.36694591 285.87518934 -0.68243857
148.86899849 286.81733174 -0.68076064
149.37515126 287.76213942 -0.67178797
149.88120009 288.71023148 -0.66129749
150.38609545 289.65932146 -0.65497039
150.89035017 290.60705590 -0.65285352
151.39265401 291.55364360 -0.65172681
151.89313511 292.49745237 -0.65169969
152.39201071 293.43807260 -0.65363663
152.88852000 294.37749538 -0.65562510
153.38360498 295.31563386 -0.65489433
153.87741722 296.25202839 -0.65043250
154.36948533 297.18657767 -0.64492717
154.85990862 298.11845905 -0.64076617
155.34791893 299.04662669 -0.63962731
155.83268564 299.97075090 -0.64241275
156.31449278 300.89055704 -0.64637367
156.79316367 301.80561288 -0.64644249
157.26767467 302.71482603 -0.64182033
157.73762585 303.61637914 -0.63618164
158.20207592 304.51021875 -0.63084567
158.66091649 305.39697728 -0.62683358
159.11490135 306.27649112 -0.62558389
159.56429947 307.14884606 -0.62668300
160.00918178 308.01367035 -0.62910250
160.44869098 308.87052152 -0.63016423
160.88261998 309.71865668 -0.62886130
161.31158997 310.55732160 -0.62594551
161.73582775 311.38620013 -0.62142449
162.15460469 312.20466823 -0.61727582
162.56742890 313.01137621 -0.61473444
162.97471292 313.80512996 -0.61341963
163.37648525 314.58579759 -0.61168840
163.77197751 315.35261743 -0.60766073
164.16058412 316.10387305 -0.60142823
164.54222676 316.83719857 -0.59515103
164.91523008 317.55167782 -0.59011257
165.27818682 318.24776501 -0.58537704
165.63143254 318.92432849 -0.58103541
165.97406426 319.58107849 -0.57753684
166.30439756 320.21930930 -0.57443563
166.62354548 320.83767008 -0.57261770
166.93151369 321.43504405 -0.57330114
167.22705621 322.01337841 -0.57491631
167.51119719 322.57380721 -0.57554097
167.78472095 323.11559465 -0.57536759
168.04677594 323.63773552 -0.57114227
168.29538157 324.14013182 -0.56185234
168.52946740 324.62282610 -0.55494206
168.74834876 325.08706058 -0.55435990
168.95203112 325.53444189 -0.55714306
169.14205570 325.96557446 -0.55939909
169.31909439 326.38163595 -0.55987440
169.48476873 326.78692470 -0.55888908
169.64134359 327.18695000 -0.55606946
169.78905815 327.58355926 -0.55156915
169.92808745 327.97614427 -0.54604864
170.05714623 328.36383227 -0.54092642
170.17248031 328.74650219 -0.53692114
170.27146814 329.12534878 -0.53344521
170.35267842 329.50236670 -0.53045261
170.41577902 329.87788687 -0.52813407
170.46244785 330.25057517 -0.52703683
170.49242011 330.62081043 -0.52666650
170.50329492 330.99169048 -0.52547649
170.49476591 331.36612737 -0.52394922
170.46803236 331.74579298 -0.52325045
170.42443847 332.13094279 -0.52355469
170.36379802 332.52005265 -0.52418755
170.28246548 332.91231030 -0.52265481
170.17554594 333.30854025 -0.51896384
170.04112522 333.70801593 -0.51981116
169.88009033 334.10885685 -0.52736127
169.69009022 334.50924659 -0.53581281
169.46517818 334.90629696 -0.54159528
169.20382019 335.29780845 -0.54567040
168.91043840 335.68317499 -0.55015785
168.58571057 336.06244683 -0.55322760
168.22158863 336.43272058 -0.55071966
167.81322908 336.78993246 -0.54321216
167.36574627 337.13375128 -0.53615653
166.88669845 337.46635279 -0.53602611
166.38062834 337.79037248 -0.53983202
165.84857433 338.10750135 -0.54142941
165.29468676 338.41824538 -0.54168230
164.72323654 338.72160763 -0.54210138
164.13527111 339.01739004 -0.54768238
163.53473565 339.30955976 -0.56201652
162.92569266 339.60329565 -0.57855076
162.30832326 339.90023107 -0.58446974
161.68190623 340.19958439 -0.57533618
161.04719803 340.50088628 -0.56046308
160.40357592 340.80383396 -0.54946486
159.75087142 341.10959076 -0.54372432
159.08895390 341.41964330 -0.54071600
158.41818315 341.73556495 -0.53839322
157.73990908 342.05928802 -0.53511312
157.05473026 342.39252849 -0.53114632
156.36255297 342.73615595 -0.52642719
155.66296550 343.08953860 -0.52000963
154.95730020 343.45326150 -0.51495526
154.24597591 343.82877004 -0.51579824
153.52822908 344.21657659 -0.52026621
152.80292152 344.61603956 -0.52225275
152.06997643 345.02537539 -0.52020520
151.33168553 345.44289062 -0.51680652
150.58979149 345.86574692 -0.51673373
149.84319760 346.29185751 -0.52048705
149.09123636 346.72140105 -0.52874253
148.33530870 347.15479814 -0.54066594
147.57677346 347.59257118 -0.54951140
146.81500407 348.03347642 -0.55372940
146.04977166 348.47598753 -0.55485846
145.28330841 348.91931212 -0.55449776
144.51456195 349.36103833 -0.55491403
143.74191591 349.79894872 -0.55547228
142.96657612 350.23343623 -0.55561666
142.18952314 350.66521754 -0.55574156
141.41181627 351.09444245 -0.55629015
140.63342833 351.52120530 -0.55730031
139.85436651 351.94615323 -0.55823924
139.07428744 352.37004052 -0.55914692
138.29061827 352.79314003 -0.55817622
137.50292234 353.21501070 -0.55523802
136.71167316 353.63521780 -0.55426309
135.91648186 354.05463882 -0.55857005
135.11947477 354.47357728 -0.56410615
134.32435961 354.89281778 -0.56620124
133.52759690 355.31260297 -0.56699415
132.72956148 355.73325184 -0.56799336
131.93692146 356.15673274 -0.56577685
131.14790314 356.58207343 -0.56535442
130.35997085 357.00785853 -0.57179917
129.57475232 357.43586820 -0.57849762
128.79488546 357.86775438 -0.58130001
128.02190522 358.30346392 -0.58246474
127.25635547 358.74278788 -0.58531570
126.49878795 359.18546462 -0.58990794
125.75065949 359.63163776 -0.59609099
125.01219566 360.08112183 -0.60301280
124.28299430 360.53344753 -0.61039590
123.56313266 360.98878820 -0.61862751
122.85307296 361.44744265 -0.62643354
122.15373229 361.90965998 -0.63217793
121.46528239 362.37564467 -0.63638513
120.78785603 362.84511627 -0.64002720
120.12162876 363.31760448 -0.64397566
119.46787804 363.79176599 -0.64945227
118.82687642 364.26451647 -0.65623449
118.19754684 364.73070559 -0.66355574
117.58053636 365.18569304 -0.67369699
116.97538267 365.62738807 -0.68581064
116.38035722 366.05553339 -0.69493729
115.79557059 366.46861337 -0.70166236
115.22045292 366.86530398 -0.70809078
114.65405696 367.24533622 -0.71456151
114.09508095 367.60773115 -0.72056165
113.54120288 367.95088578 -0.72278268
112.99092162 368.27279876 -0.72286549
112.44412667 368.57264449 -0.72546973
111.89986854 368.85516994 -0.73133259
111.35590870 369.12931923 -0.73989274
110.81207944 369.40075600 -0.74843004
110.26807167 369.67115141 -0.75525395
109.72281995 369.94012766 -0.76170022
109.17494824 370.20644004 -0.76884761
108.62406761 370.46935575 -0.77753607
108.07051010 370.72886647 -0.78750827
107.51506997 370.98529451 -0.79737520
106.95747385 371.23876907 -0.80657153
106.39498560 371.49161998 -0.81411464
105.82666963 371.74686762 -0.81976646
105.25361923 372.00466084 -0.82455552
104.67742889 372.26511081 -0.82847960
104.09692042 372.52822482 -0.83161482
103.50905123 372.79330954 -0.83573750
102.91312243 373.06042678 -0.84109675
102.31144105 373.33026154 -0.84561421
101.70623558 373.60333695 -0.84831087
101.09741618 373.87992354 -0.85075851
100.48234042 374.16128313 -0.85242372
99.86073356 374.44864433 -0.85269988
99.23409256 374.74267736 -0.85302601
98.60137988 375.04295383 -0.85468567
97.96142861 375.34839139 -0.86121525
97.31709996 375.65912675 -0.87398381
96.66761997 375.97551465 -0.89501195
96.00944832 376.30224355 -0.92484263
95.34667618 376.64461997 -0.94916109
94.67981454 377.00014903 -0.95270139
94.00686882 377.36639462 -0.94541255
93.33151617 377.74079971 -0.94977093
92.65234198 378.12228662 -0.97073868
91.96723545 378.51454817 -0.99949073
91.27678586 378.91942938 -1.02124774
90.57816484 379.33783317 -1.02474627
89.87235666 379.76841836 -1.01744481
89.16355023 380.20722326 -1.01493025
88.45413830 380.65227315 -1.02282436
87.74510388 381.10429247 -1.03295223
87.03520759 381.56542152 -1.03013813
86.32072988 382.03739531 -1.00974802
85.60142894 382.51831689 -0.98236625
84.87891560 383.00430787 -0.95998078
84.15365662 383.49301635 -0.95071705
83.42459849 383.98450055 -0.94934674
82.69039652 384.47905534 -0.94471612
81.95019170 384.97557282 -0.93345932
81.20098038 385.47325103 -0.91852936
80.44130779 385.97195026 -0.90551454
79.67185724 386.47146459 -0.89359763
78.89279965 386.97104182 -0.88024827
78.10399492 387.46961332 -0.87021282
77.30598393 387.96559649 -0.86573419
76.49931870 388.45939995 -0.85962205
75.68298505 388.95266772 -0.84389372
74.85636146 389.44601733 -0.82011708
74.01943833 389.93875135 -0.79753003
73.17152218 390.42996785 -0.78217231
72.31347920 390.91949217 -0.77336823
71.44830340 391.40695413 -0.76518353
70.57974292 391.89190622 -0.75234126
69.70904146 392.37463349 -0.73562885
68.83504821 392.85629230 -0.71600380
67.95916458 393.33685794 -0.69437998
67.08124512 393.81706518 -0.67465722
66.19750486 394.29796940 -0.66047415
65.30692346 394.77835115 -0.65561040
64.41104720 395.25885077 -0.65584779
63.51385070 395.73928821 -0.65454519
62.61888638 396.21938610 -0.64739751
61.72652941 396.70014500 -0.63494691
60.83653645 397.18030586 -0.62499076
59.94894056 397.65877026 -0.62036617
59.06457876 398.13612761 -0.61894547
58.18313570 398.61349809 -0.61951517
57.30569511 399.09077489 -0.62090990
56.43505788 399.56704070 -0.62344151
55.57167249 400.04162914 -0.62736628
54.71740502 400.51381372 -0.62968160
53.87302113 400.98450276 -0.63055649
53.03919033 401.45411006 -0.62903946
52.21927624 401.92065956 -0.62284805
51.41165940 402.38206765 -0.61643795
50.61271034 402.83714196 -0.61558511
49.82088114 403.28553067 -0.61998858
49.03726267 403.72572116 -0.62596018
48.26398499 404.15657634 -0.63086399
47.50125539 404.57791980 -0.63350046
46.74898233 404.98840801 -0.63341967
46.00633402 405.38461395 -0.63237313
45.27145381 405.76474596 -0.63433815
44.54242969 406.12982600 -0.64088160
43.82198262 406.47963484 -0.64547934
43.11479644 406.81202386 -0.64064312
42.41857197 407.12591237 -0.63300556
41.72769804 407.42337814 -0.62961284
41.04150729 407.70274630 -0.63213212
40.36324489 407.96134859 -0.64008760
39.69540956 408.20071131 -0.64761785
39.04109253 408.42113114 -0.65235533
38.40448088 408.62132129 -0.65298733
37.78731658 408.80132948 -0.65126613
37.18780383 408.96171550 -0.65344460
36.60441418 409.10169189 -0.66293202
36.03718924 409.22047378 -0.67875205
35.48651072 409.31824620 -0.69837178
34.95376205 409.39695429 -0.71998170
34.43978736 409.45850572 -0.74313312
33.94375980 409.50390758 -0.76737837
33.46398795 409.53268900 -0.79236699
32.99881206 409.54388535 -0.81872336
32.54708116 409.53688606 -0.84576322
32.10684573 409.51182496 -0.87224416
31.67619585 409.46909254 -0.89870029
31.25361888 409.40860915 -0.92562348
30.83790412 409.32869637 -0.95019911
30.42899903 409.22902409 -0.97213957
30.02744192 409.11062241 -0.99172350
29.63172065 408.97278279 -1.00854622
29.23970760 408.81484951 -1.02365928
28.85003475 408.63781141 -1.03691129
28.45987215 408.44224743 -1.04876067
28.06584558 408.22635932 -1.05807751
27.66881153 407.98705788 -1.06261005
27.27163903 407.72202484 -1.06109018
26.87157142 407.43220112 -1.05633291
26.46203392 407.11821077 -1.05142880
26.03974915 406.77938689 -1.04735436
25.60658443 406.41402053 -1.04217783
25.16455084 406.02011190 -1.03337496
24.71717138 405.59862521 -1.02353260
24.26875424 405.15031857 -1.01418472
23.82220410 404.67515172 -1.00657693
23.38073104 404.17283941 -1.00032568
22.94542544 403.64411806 -0.99406555
22.51744470 403.09332287 -0.99630930
22.09536108 402.52097734 -1.00551979
21.67492805 401.92419734 -1.00716655
21.25438740 401.30479009 -0.99933754
20.83609334 400.66677937 -0.99009270
20.41934516 400.01198663 -0.98268195
20.00075512 399.34079769 -0.97395247
19.58230147 398.65465982 -0.96473391
19.16684696 397.95552205 -0.95588166
18.75514074 397.24458918 -0.94568512
18.34564979 396.52258255 -0.93379026
17.93510313 395.78991331 -0.92124461
17.52168676 395.04731454 -0.91038141
17.10674343 394.29632405 -0.90123778
16.69116095 393.53822321 -0.89508772
16.27247233 392.77336022 -0.89041783
15.85088671 392.00274648 -0.88388850
15.42967340 391.22784912 -0.87297576
15.00952009 390.44885974 -0.85514570
14.58860444 389.66477930 -0.83472602
14.16762494 388.87513442 -0.81665823
13.74839606 388.08004362 -0.80157115
13.32961758 387.27874439 -0.78730211
12.91006523 386.47081964 -0.77239321
12.49082053 385.65695992 -0.75951626
12.07296929 384.83716335 -0.74808589
11.65532653 384.01071048 -0.73581813
11.23645061 383.17663293 -0.72841997
10.81517923 382.33464897 -0.72909513
10.39259018 381.48647145 -0.73383672
9.97107833 380.63297641 -0.73776108
9.54874705 379.77401183 -0.73711880
9.12540880 378.90985824 -0.73529516
8.70171690 378.04150216 -0.73558233
8.27501816 377.17052967 -0.73587807
7.84511851 376.29896336 -0.73647350
7.41376269 375.42803277 -0.73870156
6.98204941 374.55837948 -0.74111335
6.55064383 373.69085636 -0.74291766
6.12036895 372.82509147 -0.74546992
5.69140790 371.96102593 -0.75011963
5.26491910 371.09813885 -0.75654865
4.83987842 370.23634090 -0.76446709
4.41133431 369.37697572 -0.77189356
3.97868298 368.52056378 -0.77564736
3.54185865 367.66516317 -0.77715484
3.09820830 366.80894775 -0.78361626
2.64712952 365.95086581 -0.80055626
2.19279810 365.09050332 -0.81862681
1.73819944 364.23060145 -0.82901626
1.28004980 363.37361836 -0.83361465
0.81659194 362.51834117 -0.83473022
0.34988621 361.66253542 -0.83579228
-0.12024083 360.80583198 -0.83946682
-0.59335568 359.94779105 -0.84369054
-1.06680255 359.08872427 -0.84661592
-1.54132040 358.22980003 -0.84809845
-2.02007090 357.37029039 -0.84814109
-2.50187100 356.51006704 -0.85156454
-2.98359742 355.64912735 -0.85770330
-3.46866648 354.78976697 -0.85678293
-3.95650407 353.93200974 -0.85056231
-4.44602598 353.07257664 -0.84921980
-4.93929746 352.21279302 -0.85276088
-5.43277462 351.35329034 -0.85633427
-5.92498926 350.49444013 -0.85557973
-6.41769215 349.63718775 -0.84970678
-6.91266271 348.78105181 -0.84516768
-7.41340046 347.92826938 -0.84566311
-7.91795467 347.08081899 -0.84581022
-8.42189896 346.23726051 -0.84444645
-8.92560241 345.39742102 -0.84131714
-9.42489103 344.55664518 -0.84181252
-9.91846617 343.71137338 -0.84983401
-10.40934139 342.86561125 -0.85801975
-10.89872861 342.02274908 -0.85952093
-11.38760768 341.18313219 -0.85216343
-11.87413980 340.34342106 -0.84358410
-12.35671822 339.50038138 -0.84080871
-12.83520412 338.65236130 -0.84328694
-13.31035484 337.79988760 -0.84752604
-13.78161183 336.94253127 -0.85118484
-14.24832346 336.08150506 -0.85039300
-14.70955533 335.21587240 -0.84461624
-15.16792027 334.34402777 -0.84340038
-15.62639048 333.46665755 -0.85087403
-16.08365666 332.58133643 -0.85960619
-16.53847655 331.68668947 -0.86318435
-16.99217726 330.78505129 -0.86291927
-17.44733976 329.87810651 -0.86277411
-17.90514869 328.96707147 -0.86163914
-18.36667980 328.05284901 -0.86084736
-18.83193101 327.13474439 -0.86551233
-19.30003950 326.21383472 -0.87445830
-19.77063715 325.29133726 -0.88185830
-20.24364124 324.36812860 -0.88501128
-20.71777927 323.44776355 -0.88464222
-21.19367176 322.53271612 -0.88609960
-21.66916128 321.61791345 -0.89398151
-22.14547317 320.70207711 -0.90555924
-22.62374901 319.78791441 -0.91544082
-23.10041512 318.87643190 -0.91844016
-23.57558002 317.97012889 -0.90700233
-24.04983125 317.07076253 -0.88595895
-24.52511253 316.17781297 -0.87053924
-25.00239994 315.28862200 -0.86566922
-25.48268847 314.40057715 -0.86934528
-25.96566712 313.51288088 -0.87780742
-26.44853209 312.62776483 -0.88424695
-26.93009575 311.74894078 -0.88647621
-27.40949082 310.87658511 -0.88732012
-27.88612647 310.00985066 -0.88577773
-28.36046786 309.15089862 -0.88138496
-28.83298586 308.30030742 -0.87700957
-29.30397464 307.45776391 -0.87520374
-29.77270018 306.62393794 -0.87704234
-30.23776510 305.79904623 -0.87969994
-30.69809244 304.98339986 -0.87932351
-31.15446742 304.17727638 -0.87680195
-31.60836931 303.38097436 -0.87444792
-32.06028650 302.59319460 -0.87201634
-32.51201563 301.81458700 -0.87137019
-32.96463058 301.04888489 -0.87254269
-33.41390697 300.29197130 -0.87403722
-33.85778228 299.54624318 -0.87390305
-34.29826514 298.82148434 -0.87178574
-34.73477569 298.11203123 -0.87357680
-35.16353969 297.41202926 -0.87464448
-35.58076777 296.72423160 -0.86744832
-35.98762298 296.04811900 -0.85774349
-36.38708190 295.37881779 -0.85095411
-36.77957498 294.71368550 -0.84685202
-37.16516296 294.05533612 -0.84344779
-37.54411576 293.40615603 -0.83832118
-37.91749428 292.76604684 -0.83353023
-38.28585577 292.13444023 -0.82956489
-38.64848871 291.50904234 -0.82347635
-39.00464834 290.88889927 -0.81488048
-39.35368610 290.27598464 -0.80545498
-39.69485682 289.67097422 -0.79620093
-40.02685401 289.07363437 -0.78579283
-40.34983829 288.48342749 -0.77376000
-40.66433942 287.90044242 -0.76009574
-40.97018256 287.32608380 -0.74500202
-41.26696423 286.76077158 -0.72970659
-41.55437237 286.20279243 -0.71348701
-41.83195685 285.64959188 -0.69501192
-42.09322522 285.10118268 -0.67759374
-42.32943735 284.55949034 -0.66430929
-42.53771993 284.02530812 -0.65529055
-42.71843364 283.49741808 -0.65061215
-42.87185902 282.97580113 -0.64900378
-42.99782897 282.46217887 -0.64972729
-43.09673151 281.95805441 -0.65249087
-43.16990279 281.46351020 -0.65756007
-43.21760816 280.97677808 -0.66581078
-43.23516116 280.49480696 -0.67873112
-43.21687152 280.01620184 -0.69777221
-43.15996193 279.54213847 -0.72154373
-43.06380622 279.07422320 -0.74773465
-42.92965789 278.61344125 -0.77569941
-42.75882348 278.15825852 -0.80659002
-42.55402136 277.70850942 -0.84159869
-42.31963986 277.26744456 -0.88020173
-42.05790531 276.83654756 -0.91996986
-41.76996948 276.41560353 -0.95923767
-41.45777564 276.00393393 -0.99892941
-41.12194658 275.60005982 -1.03747648
-40.76295276 275.20285919 -1.06954452
-40.38306950 274.81222623 -1.09276566
-39.98671343 274.42957617 -1.10998323
-39.57848410 274.05604115 -1.12471452
-39.15897769 273.68962727 -1.13481879
-38.72619418 273.32769096 -1.13626121
-38.28024657 272.96880928 -1.13101336
-37.82374618 272.61161766 -1.12479366
-37.35776293 272.25485490 -1.11961820
-36.88118780 271.89738391 -1.11610853
-36.39038944 271.53508291 -1.11299002
-35.88003009 271.16345775 -1.10102927
-35.35028801 270.78220732 -1.07918717
-34.80413468 270.39137932 -1.05653781
-34.24131637 269.99007556 -1.03915853
-33.66150060 269.57807950 -1.03011230
-33.06539341 269.15616621 -1.02595654
-32.45171150 268.72636642 -1.02170340
-31.81840724 268.28905586 -1.01389436
-31.16479517 267.84271008 -0.99623273
-30.49363365 267.38816318 -0.97416249
-29.80840206 266.92698733 -0.95936209
-29.10911548 266.45990512 -0.95274887
-28.39553205 265.98850529 -0.95000433
-27.66848658 265.51457754 -0.94621357
-26.92849458 265.03850649 -0.93967836
-26.17653834 264.56141360 -0.93158502
-25.41205193 264.08412133 -0.92316260
-24.63338459 263.60628106 -0.91469169
-23.84246786 263.12941851 -0.90487326
-23.04211623 262.65412608 -0.89536427
-22.23387853 262.18042511 -0.88854464
-21.41774044 261.70813958 -0.88569401
-20.59572387 261.23868954 -0.88292101
-19.77198923 260.77431038 -0.87479053
-18.94847718 260.31376353 -0.86419020
-18.12615012 259.85593603 -0.85607422
-17.30524984 259.40221897 -0.85063569
-16.48677166 258.95481175 -0.84508992
-15.67228003 258.51402535 -0.83896364
-14.86250786 258.07995046 -0.83889285
-14.05789198 257.65388444 -0.84577801
-13.25819465 257.23689526 -0.84891995
-12.46263759 256.82876323 -0.84485477
-11.67286775 256.43111482 -0.83493867
-10.88883852 256.03984373 -0.82827022
-10.10966100 255.65099232 -0.82985027
-9.33620411 255.26964875 -0.83340734
-8.56886042 254.89720722 -0.83660109
-7.80960963 254.53185883 -0.83903265
-7.05899048 254.17286678 -0.84092615
-6.31632304 253.81889280 -0.84256288
-5.58309785 253.46902606 -0.84195109
-4.85900103 253.12271724 -0.83746293
-4.14175811 252.77844121 -0.83058429
-3.43497030 252.43617043 -0.82014511
-2.74305295 252.09654988 -0.80874683
-2.06574612 251.75820168 -0.80198533
-1.40329352 251.42015538 -0.79822914
-0.75624032 251.08169192 -0.79235499
-0.12391309 250.74066328 -0.78448702
0.49304751 250.39610463 -0.77907342
1.09386631 250.04751033 -0.77463622
1.67878224 249.69313732 -0.76607612
2.24744957 249.33331386 -0.75387151
2.80104778 248.97118061 -0.74167607
3.34413032 248.61053115 -0.73172064
3.88169055 248.25430814 -0.72282194
4.41661917 247.90340271 -0.71343402
4.95034378 247.55830646 -0.70317875
5.48422073 247.21799236 -0.69554018
6.01895452 246.88247390 -0.69051550
6.55517966 246.55267577 -0.68173438
7.09324422 246.22851876 -0.66654524
7.63184137 245.91080532 -0.64964334
8.17087049 245.60202768 -0.63879154
8.71223754 245.30451114 -0.63478581
9.25566272 245.01520877 -0.63515070
9.80177971 244.73192373 -0.63654715
10.35193085 244.45772590 -0.63785835
10.90416163 244.19366313 -0.64871532
11.45900099 243.93966783 -0.66822204
12.01772450 243.70127203 -0.67997613
12.57897287 243.48216999 -0.68383294
13.14087025 243.28155072 -0.68822194
13.70317829 243.09908615 -0.69323889
14.26754870 242.93472583 -0.69787029
14.83209213 242.79032764 -0.70325545
15.39342032 242.66910701 -0.70848219
15.95171284 242.57129916 -0.71084119
16.50609621 242.49517420 -0.71537736
17.05473534 242.44074861 -0.72570347
17.59708859 242.40928529 -0.73669514
18.13260952 242.40135996 -0.74614480
18.66012124 242.41550895 -0.75603090
19.17725622 242.45157701 -0.76862076
19.68318111 242.51100375 -0.78252530
20.17727074 242.59422838 -0.79507602
20.66061348 242.69915492 -0.80435781
21.13511709 242.82411913 -0.80626906
21.59636439 242.96915108 -0.80241494
22.03982791 243.13205381 -0.79857719
22.46570164 243.31023822 -0.79733235
22.87644171 243.50128952 -0.79956485
23.27204037 243.70491050 -0.80188715
23.64939803 243.92118790 -0.80197814
24.00796281 244.14857576 -0.80067308
24.34942540 244.38572630 -0.79874286
24.67529506 244.63185634 -0.79651385
24.98557349 244.88694610 -0.79404461
25.28093215 245.14963365 -0.79125074
25.56436405 245.41768577 -0.78895000
25.84152253 245.68905074 -0.78825197
26.11772735 245.96301058 -0.79030472
26.39312944 246.23943213 -0.79421668
26.66594200 246.51790597 -0.79524918
26.93474607 246.79817125 -0.79380276
27.20205808 247.07887893 -0.79327304
27.47249180 247.35867425 -0.79354907
27.74473868 247.63678989 -0.79324260
28.01774702 247.91170159 -0.79233744
28.29396078 248.18056525 -0.78987670
28.57258731 248.44194278 -0.78596887
28.85833711 248.69403476 -0.78018605
29.15872390 248.93055492 -0.77013293
29.47354420 249.14502354 -0.76134202
29.79509409 249.33825660 -0.75874388
30.11647891 249.51795186 -0.76125680
30.44000535 249.68981277 -0.77012519
30.77111647 249.85336768 -0.78306495
31.11632930 250.00182863 -0.79201733
31.47977970 250.12779546 -0.79122858
31.85615097 250.23117319 -0.78596452
32.23729618 250.31610474 -0.78366915
32.62206605 250.38276819 -0.78484163
33.01216642 250.42917306 -0.78870839
33.40738258 250.45600809 -0.79375945
33.80733454 250.46465786 -0.79951719
34.21307390 250.45564437 -0.80733565
34.62641339 250.43106454 -0.81713556
35.04885416 250.38937370 -0.82407167
35.48140859 250.32716904 -0.82506512
35.92386656 250.24585281 -0.82475191
36.37542207 250.14721189 -0.82858665
36.83587898 250.03178119 -0.83738626
37.30497406 249.90059155 -0.85000182
37.78291831 249.75526095 -0.86406836
38.27011025 249.59648778 -0.87712483
38.76705739 249.42390901 -0.88832811
39.27456853 249.23651261 -0.89629559
39.79333266 249.03236898 -0.90142298
40.32378383 248.81082061 -0.90532093
40.86544676 248.57436958 -0.90852927
41.41810444 248.32578400 -0.91045800
41.98204224 248.06710004 -0.91100737
42.55759300 247.79980362 -0.91219218
43.14486364 247.52342258 -0.91602851
43.74416516 247.23639875 -0.92249005
44.35579422 246.93832732 -0.93033157
44.97975093 246.62954786 -0.93867022
45.61665392 246.30996575 -0.94688916
46.26727259 245.97949909 -0.95499309
46.93172391 245.63811253 -0.96198077
47.60946741 245.28580837 -0.96595187
48.30015701 244.92234450 -0.96778469
49.00293536 244.54726478 -0.96955496
49.71616787 244.16134091 -0.97255395
50.43863624 243.76591218 -0.97586650
51.16927759 243.36086560 -0.97983036
51.90791112 242.94556344 -0.98468770
52.65546584 242.52019152 -0.98939065
53.41234453 242.08666578 -0.99393153
54.17922723 241.64690400 -0.99799651
54.95612644 241.20037132 -1.00293003
55.74296303 240.74699214 -1.00793730
56.54007149 240.28801744 -1.01080439
57.34706936 239.82312687 -1.01077721
58.16348154 239.35177669 -1.00809379
58.98922353 238.87477182 -1.00335575
59.82370684 238.39397698 -0.99667505
60.66563388 237.91136540 -0.99064095
61.51392525 237.42931280 -0.98747746
62.36796639 236.94979071 -0.98646426
63.22622054 236.47417748 -0.98610057
64.08734015 236.00389108 -0.98525428
64.95133750 235.53873964 -0.98291562
65.81781993 235.07829511 -0.97774997
66.68607318 234.62284595 -0.96910410
67.55626047 234.17172909 -0.95976227
68.42886331 233.72450439 -0.95208575
69.30300039 233.28202234 -0.94403107
70.17570328 232.84455943 -0.93888744
71.04534157 232.41487255 -0.94444145
71.91324239 231.99418924 -0.95656831
72.78139070 231.57829551 -0.96302852
73.65143246 231.16665826 -0.96129424
74.52286669 230.76248364 -0.95264088
75.39304348 230.36617966 -0.93972621
76.25883682 229.97534264 -0.93303199
77.11911653 229.58751174 -0.93551725
77.97592542 229.20428239 -0.93953000
78.83067627 228.82809181 -0.93937596
79.68236625 228.45946804 -0.93477714
80.52986903 228.09870587 -0.93019233
81.37256778 227.74451351 -0.92976182
82.21048419 227.39641878 -0.93164262
83.04402617 227.05472793 -0.93179016
83.87305084 226.71937228 -0.92972089
84.69654841 226.39072096 -0.92547690
85.51263504 226.06848651 -0.92051085
86.31884652 225.75203414 -0.91715396
87.11229968 225.44142386 -0.91554171
87.88970171 225.13782282 -0.91517714
88.64894028 224.84246972 -0.91547873
89.38841541 224.55433166 -0.91670070
90.10962159 224.27181685 -0.91864785
90.81803172 223.99452974 -0.92094407
91.51757051 223.72168907 -0.92362007
92.20945012 223.45161136 -0.92534606
92.89340956 223.18399592 -0.92654188
93.56936497 222.91947818 -0.92788625
94.23685027 222.65653104 -0.92832227
94.89432571 222.39339877 -0.92755598
95.54018072 222.13162061 -0.92585117
96.17180890 221.87315116 -0.92483058
96.78605291 221.61767507 -0.92630126
97.38097973 221.36525106 -0.92934944
97.95573947 221.11601145 -0.93134564
98.50920714 220.86951175 -0.93097810
99.04026887 220.62636312 -0.92897712
99.54830505 220.38633576 -0.92642188
100.03246360 220.14896655 -0.92393018
100.49337926 219.91421650 -0.92284364
100.93347725 219.68061408 -0.92335379
101.35494937 219.44697914 -0.92433213
101.75819278 219.21330608 -0.92537882
102.14275348 218.98057692 -0.92774674
102.50853951 218.74991692 -0.93141198
102.85544721 218.52084843 -0.93459060
103.18397885 218.29391981 -0.93650223
103.49466969 218.07010385 -0.93775173
103.78754000 217.84910043 -0.93948999
104.06171189 217.63045799 -0.94153006
104.31608939 217.41350505 -0.94342305
104.55192190 217.19882838 -0.94499045
104.77046273 216.98887326 -0.94604229
104.97133657 216.78645579 -0.94695555
105.15293367 216.59285024 -0.94881891
105.31406839 216.40819782 -0.95182350
105.45431752 216.23164373 -0.95521006
105.57265024 216.06250237 -0.95901544
105.67339314 215.90032793 -0.96391044
105.76563986 215.74228581 -0.96960508
105.85413556 215.58463529 -0.97282123
105.93985683 215.42704014 -0.97191346
106.02384944 215.27189585 -0.97026750
106.10586405 215.11923559 -0.97103865
106.18560479 214.96824491 -0.97437768
106.26364891 214.81914742 -0.97896112
106.33974511 214.67101994 -0.98348489
106.41515684 214.52244194 -0.98810375
106.49466312 214.37063488 -0.99402071
106.58282399 214.21119924 -1.00049257
106.68174417 214.04077339 -1.00499192
106.79162182 213.85756282 -1.00615364
106.91101775 213.66046988 -1.00457939
107.03805931 213.44887506 -1.00166922
107.17029975 213.22148059 -0.99839222
107.30558815 212.97690522 -0.99461821
107.44343482 212.71557930 -0.99051412
107.58346302 212.43705074 -0.98640242
107.72250116 212.13888475 -0.98179344
107.85532507 211.81875337 -0.97631625
107.97866621 211.47615197 -0.96978672
108.09069585 211.11191973 -0.96285079
108.18845577 210.72684553 -0.95696649
108.26912893 210.32187633 -0.95184428
108.33249872 209.89720168 -0.94469661
108.37653807 209.45218650 -0.93351110
108.39603312 208.98658227 -0.92075131
108.38723858 208.50126729 -0.90926305
108.34890025 207.99812967 -0.89796658
108.28457459 207.47753297 -0.88494079
108.19764933 206.93927945 -0.87025857
108.08528048 206.38485354 -0.85593713
107.94552918 205.81587641 -0.84358198
107.78119400 205.23326803 -0.83465272
107.59536899 204.63765342 -0.82882434
107.39095575 204.02893271 -0.82350104
107.17068953 203.40670485 -0.81865587
106.93432715 202.77136674 -0.81440430
106.67980613 202.12363800 -0.80873605
106.40725016 201.46421277 -0.80273775
106.11994316 200.79273640 -0.79744244
105.82109584 200.10798426 -0.79305720
105.51145867 199.40992056 -0.79024413
105.19136443 198.69861841 -0.78821853
104.86159518 197.97322281 -0.78660546
104.52297904 197.23314951 -0.78543436
104.17609806 196.47856813 -0.78491831
103.82102341 195.70959642 -0.78490185
103.45806291 194.92561091 -0.78492489
103.08696459 194.12677756 -0.78475015
102.70826014 193.31375768 -0.78401448
102.32204178 192.48728500 -0.78207180
101.92849973 191.64912997 -0.77740830
101.53026805 190.79996654 -0.76993732
101.12908280 189.93856699 -0.76180481
100.72448554 189.06392089 -0.75348195
100.31592307 188.17633737 -0.74366849
99.90275897 187.27624031 -0.73301750
99.48357706 186.36424945 -0.72364156
99.05792720 185.44120671 -0.71421198
98.62602435 184.50857774 -0.70277570
98.18861543 183.56804361 -0.69076081
97.74719628 182.61974114 -0.67994461
97.30204341 181.66362446 -0.67106279
96.85310396 180.70003850 -0.66242838
96.40014817 179.72926899 -0.65285547
95.94256054 178.75163834 -0.64358967
95.47969527 177.76805570 -0.63492170
95.01019460 176.77951777 -0.62674909
94.53431602 175.78569398 -0.61914461
94.05271010 174.78554161 -0.61165880
93.56538995 173.77852196 -0.60390948
93.07230670 172.76464617 -0.59721494
92.57288544 171.74423876 -0.59215242
92.06652819 170.71788357 -0.58773102
91.55267480 169.68605940 -0.58392078
91.03111721 168.64875358 -0.58035348
90.50119315 167.60528507 -0.57549293
89.96259230 166.55493948 -0.56936213
89.41597824 165.49754855 -0.56489623
88.86118472 164.43333306 -0.56412350
88.29820028 163.36220501 -0.56684797
87.72733245 162.28410628 -0.57199780
87.14791553 161.19940799 -0.57801714
86.55962074 160.10832567 -0.58288024
85.96273199 159.01131976 -0.58557605
85.35755620 157.90884043 -0.58686843
84.74508952 156.80062420 -0.58656041
84.12649546 155.68644205 -0.58435046
83.50269417 154.56592419 -0.57951353
82.87361716 153.43919982 -0.57263119
82.23933164 152.30776777 -0.56738484
81.60115914 151.17221394 -0.56615669
80.95915556 150.03206786 -0.56541610
80.31255292 148.88768927 -0.56070921
79.66168467 147.73933392 -0.55219042
79.00729836 146.58719930 -0.54164629
78.35037381 145.43265003 -0.53338269
77.69236611 144.27624716 -0.52905326
77.03380825 143.11738030 -0.52604457
76.37479784 141.95598407 -0.52232998
75.71556296 140.79220202 -0.51727877
75.05604857 139.62621101 -0.51059877
74.39670447 138.45949769 -0.50212310
73.73886405 137.29327584 -0.49339544
73.08278266 136.12755317 -0.48517804
72.42850314 134.96263847 -0.47748664
71.77710190 133.79868236 -0.47097295
71.12861741 132.63586974 -0.46492017
70.48311074 131.47469444 -0.45957533
69.84088080 130.31513364 -0.45449594
69.20180814 129.15748877 -0.44757383
68.56554944 128.00251698 -0.43965738
67.93251070 126.85019841 -0.43203584
67.30352234 125.70019427 -0.42423907
66.67843373 124.55194972 -0.41528809
66.05694288 123.40545319 -0.40650680
65.43843763 122.26272916 -0.40309359
64.82327507 121.12466171 -0.40705752
64.21221659 119.99009702 -0.41387398
63.60527246 118.85804533 -0.41898980
63.00227576 117.72864529 -0.42137632
62.40238144 116.60328108 -0.42250411
61.80519370 115.48338420 -0.42389324
61.21186408 114.37035974 -0.42636250
60.62429401 113.26588177 -0.43009689
60.04535888 112.17082611 -0.43256850
59.47578146 111.08629913 -0.43252328
58.91317840 110.01454063 -0.43073878
58.35766971 108.95730333 -0.42687628
57.81043090 107.91589619 -0.42209720
57.27047992 106.89210748 -0.41630729
56.73732601 105.88684578 -0.40896687
56.21191036 104.89972950 -0.40055043
55.69434585 103.92953901 -0.39175928
55.18379741 102.97472485 -0.38352131
54.67965781 102.03564518 -0.37543084
54.18307856 101.11436888 -0.36658101
53.69573164 100.21367045 -0.35708146
53.21879259 99.33531773 -0.34762286
52.75375533 98.48051072 -0.33863586
52.30088160 97.65021754 -0.33096027
51.86087332 96.84444154 -0.32551303
51.43422987 96.06315534 -0.32178640
51.02063475 95.30677059 -0.31955722
50.61978386 94.57499350 -0.31882658
50.23152424 93.86674821 -0.31948440
49.85544698 93.18151604 -0.32138953
49.49137234 92.51940575 -0.32575301
49.14064059 91.88026059 -0.33369834
48.80552656 91.26290960 -0.34332049
48.48822535 90.66594271 -0.35395628
48.19145391 90.08737316 -0.36512368
47.91718263 89.52506968 -0.37596273
47.66560368 88.97835767 -0.38773915
47.43783974 88.44626491 -0.40101589
47.23661957 87.92739029 -0.41519553
47.06356926 87.42038386 -0.43018405
46.91840968 86.92299450 -0.44496730
46.79926132 86.43247770 -0.45865377
46.70415934 85.94627816 -0.47155620
46.63485903 85.46271912 -0.48462316
46.59320845 84.98151473 -0.49807985
46.57799505 84.50360892 -0.51178756
46.58847116 84.02947643 -0.52566961
46.62494961 83.55891008 -0.54004434
46.68770915 83.09335431 -0.55360468
46.77519215 82.63470259 -0.56608116
46.88642415 82.18319211 -0.58014807
47.02310508 81.73946344 -0.59712708
47.18649463 81.30520384 -0.61580194
47.37656396 80.88068003 -0.63379938
47.59279467 80.46659563 -0.65050497
47.83404173 80.06577256 -0.66622428
48.09950131 79.68015875 -0.68067454
48.38683336 79.30930922 -0.69331217
48.69305323 78.95205889 -0.70569138
49.01950920 78.60980506 -0.71831179
49.36719569 78.28384401 -0.73048684
49.73084340 77.97022278 -0.74173760
50.10546992 77.66430009 -0.74890021
50.49191072 77.36527609 -0.74949470
50.89089651 77.07366780 -0.74714106
51.30140126 76.78853897 -0.75288253
51.72206777 76.50627107 -0.76456903
52.15144740 76.22296943 -0.76850584
52.58910884 75.93696175 -0.76227339
53.03616463 75.64915883 -0.75245922
53.49283388 75.35897446 -0.74581748
53.95780685 75.06303079 -0.74352179
54.43062801 74.75882591 -0.74273776
54.91185541 74.44534640 -0.74236606
55.40313380 74.12355830 -0.74304977
55.90567891 73.79409750 -0.74382953
56.41957095 73.45584894 -0.74398829
56.94497901 73.10809016 -0.74377912
57.48228551 72.75040477 -0.74379865
58.03206715 72.38251353 -0.74410117
58.59514340 72.00488091 -0.74458352
59.17266884 71.61889861 -0.74575259
59.76545666 71.22511015 -0.74708447
60.37450158 70.82409040 -0.74812124
61.00151290 70.41800570 -0.74995512
61.64779565 70.00873823 -0.75257068
62.31398295 69.59758312 -0.75691817
62.99916355 69.18485622 -0.76384054
63.70146961 68.77124017 -0.77099931
64.41967095 68.35953632 -0.77975052
65.15086689 67.95087518 -0.78864519
65.89199620 67.54584860 -0.79252554
66.64068475 67.14518891 -0.79124863
67.39282627 66.74643785 -0.78868604
68.14583634 66.34866539 -0.78711262
68.89856957 65.95101117 -0.78637420
69.64931714 65.55128330 -0.78688347
70.39684889 65.14864664 -0.78796464
71.14011261 64.74180260 -0.78842818
71.87813346 64.32927646 -0.78733992
72.60995291 63.91028232 -0.78512012
73.33426460 63.48475976 -0.78350293
74.05097468 63.05291293 -0.78435527
74.76114885 62.61439766 -0.78684071
75.46482007 62.16865707 -0.78845404
76.16212164 61.71602497 -0.78798786
76.85379297 61.25663859 -0.78675824
77.53995774 60.79012284 -0.78635865
78.22102612 60.31722955 -0.78596670
78.89918148 59.83977440 -0.78632669
79.57716634 59.35778197 -0.78752013
80.25694802 58.87018637 -0.78806466
80.94039146 58.37739518 -0.78676589
81.62912120 57.87977117 -0.78349045
82.32415759 57.37741094 -0.77909722
83.02641920 56.87100915 -0.77398477
83.73570753 56.36129381 -0.76884117
84.45111332 55.84923885 -0.76426202
85.17105029 55.33635989 -0.76105118
85.89263295 54.82305427 -0.75908119
86.61459453 54.30960379 -0.75781564
87.33621056 53.79536442 -0.75630081
88.05598541 53.27883992 -0.75318154
88.77179798 52.75811687 -0.74880537
89.48081303 52.23039352 -0.74478168
90.18099530 51.69285831 -0.74076163
90.87054973 51.14240382 -0.73358089
91.54744277 50.57870047 -0.72107689
92.21040005 50.00383924 -0.70671199
92.85983076 49.41828512 -0.69631464
93.49407770 48.82066999 -0.68933441
94.11214248 48.21074672 -0.68283877
94.71709145 47.59020336 -0.67691916
95.30805245 46.95852858 -0.66982214
95.88460578 46.31461770 -0.66444428
96.45201106 45.66049121 -0.66325715
97.01211831 44.99461636 -0.66070854
97.56627150 44.31629165 -0.65583591
98.11914306 43.63084970 -0.65284483
98.66968809 42.94018445 -0.65801811
99.21622027 42.24404211 -0.67426199
99.76335975 41.54329663 -0.69550100
100.31501695 40.83722562 -0.71038674
100.87239487 40.12467441 -0.71250395
101.43479678 39.40631393 -0.70690217
102.00098105 38.68312760 -0.70046671
102.56911840 37.95424169 -0.69679277
103.13794155 37.21897926 -0.69682839
103.70615301 36.47633849 -0.70069829
104.27220603 35.72383771 -0.70828461
104.83387910 34.95866642 -0.71523815
105.38879757 34.18032967 -0.71770396
105.93512598 33.38920690 -0.71878239
106.47175783 32.58456731 -0.72084565
107.00233624 31.76655385 -0.71638267
107.52923331 30.93589812 -0.70137164
108.05184053 30.09387789 -0.68340612
108.57121685 29.24396007 -0.66997829
109.08898503 28.38929356 -0.66062718
109.60668379 27.53252054 -0.65231859
110.12500593 26.67579560 -0.64225733
110.64244926 25.82002167 -0.63090246
111.15824657 24.96680682 -0.61995111
111.67251752 24.11619188 -0.60860997
112.18397944 23.26712121 -0.59703294
112.69146968 22.41876864 -0.58620883
113.19231979 21.57008181 -0.57572631
113.68124772 20.71968224 -0.56361493
114.15652077 19.86748234 -0.55401115
114.61994134 19.01491966 -0.54901792
115.07106736 18.16183868 -0.54562241
115.50779439 17.30754352 -0.54330609
115.92894128 16.45204377 -0.54154569
116.33461813 15.59510439 -0.54004086
116.72492810 14.73662942 -0.53737582
117.10020125 13.87682136 -0.53255942
117.46066989 13.01626088 -0.52683245
117.80549500 12.15563120 -0.52210648
118.13493309 11.29551110 -0.51936327
118.45006644 10.43673417 -0.51768661
118.75295441 9.58094541 -0.51559533
119.04711389 8.73044008 -0.51306309
119.33457897 7.88737314 -0.51099871
119.61574886 7.05425227 -0.50891776
119.89056059 6.23399980 -0.50578644
120.16051599 5.42976184 -0.50189653
120.42784059 4.64422457 -0.49766699
120.69292354 3.87860921 -0.49305980
120.95686727 3.13403235 -0.48848120
121.22148948 2.41183720 -0.48386804
121.48538892 1.71279636 -0.47895703
121.74645671 1.03715123 -0.47375384
122.00540361 0.38107732 -0.46925510
122.26395861 -0.26413691 -0.46638023
122.52306485 -0.90466069 -0.46363660
122.78036768 -1.54289796 -0.45985292
123.03426063 -2.18021389 -0.45581916
123.28604677 -2.81664662 -0.45159061
123.53619015 -3.45166815 -0.44466550
123.78316596 -4.08472826 -0.43354451
124.02654212 -4.71483283 -0.42324603
124.26721592 -5.34151616 -0.42075721
124.50569048 -5.96991763 -0.42698674
124.74323143 -6.60477112 -0.43684645
124.98079004 -7.24634117 -0.44418659
125.21843929 -7.89532514 -0.44576001
125.45653565 -8.55197147 -0.44673874
125.69492979 -9.21669242 -0.44901990
125.93479679 -9.88980321 -0.44932791
126.17783880 -10.57106373 -0.44605380
126.42465944 -11.25937190 -0.44354843
126.67690646 -11.95303857 -0.44453304
126.93626498 -12.65105962 -0.45263915
127.20752217 -13.35501387 -0.46860183
127.49012057 -14.06634382 -0.48640119
127.78206485 -14.78483814 -0.50271702
128.08552657 -15.51094160 -0.51743899
128.40003751 -16.24471612 -0.53757636
128.72220335 -16.98839296 -0.56012045
129.04961302 -17.74451991 -0.57610720
129.38087162 -18.51275607 -0.58375184
129.71645562 -19.29206057 -0.58677435
130.06059136 -20.08023061 -0.59012393
130.40953479 -20.87656399 -0.59703213
130.75830672 -21.68274444 -0.60777247
131.11079560 -22.49978047 -0.61877969
131.46718387 -23.32844319 -0.62664533
131.82423837 -24.16907286 -0.63114246
132.18349797 -25.02029036 -0.63732001
132.54743503 -25.88026085 -0.64850739
132.91456938 -26.74911471 -0.65988181
133.28364464 -27.62730851 -0.66983198
133.65300466 -28.51412090 -0.67950155
134.02270092 -29.40647078 -0.68657054
134.39235578 -30.30055338 -0.69310455
134.76169410 -31.19374240 -0.70612450
135.13322684 -32.08488435 -0.72662119
135.50633446 -32.97490597 -0.75033921
135.88094930 -33.86522032 -0.77116091
136.25711843 -34.75630962 -0.78556981
136.63215041 -35.64751337 -0.79357770
137.00528322 -36.53730205 -0.80279685
137.38178262 -37.42301916 -0.81672062
137.75932133 -38.30596238 -0.82489741
138.13365787 -39.18999218 -0.82745896
138.51542985 -40.07229448 -0.83034754
138.90286915 -40.95186147 -0.83283236
139.28729103 -41.83002740 -0.83573254
139.66766412 -42.70624728 -0.84284438
140.03939856 -43.58194576 -0.85238028
140.40788522 -44.45512155 -0.86184386
140.77796792 -45.32717063 -0.86960694
141.14342890 -46.19912508 -0.87314384
141.50466947 -47.06881263 -0.87626350
141.86099827 -47.93676239 -0.87623497
142.20827992 -48.80354834 -0.86486986
142.55340301 -49.66679811 -0.84844581
142.89825766 -50.52407750 -0.83468504
143.24044735 -51.37438780 -0.82427328
143.58435835 -52.21505860 -0.81768127
143.92812124 -53.04649082 -0.81198338
144.27070070 -53.87031945 -0.80300337
144.61144970 -54.68507384 -0.79106220
144.94457278 -55.48881436 -0.77588962
145.27013344 -56.27824738 -0.76312870
145.59016968 -57.04978022 -0.76039523
145.90145209 -57.80587335 -0.76133173
146.20137268 -58.54991499 -0.75316472
146.49206850 -59.27967321 -0.72955086
146.77393601 -59.99071218 -0.70199344
147.04854045 -60.67979992 -0.68497890
147.31478445 -61.34510406 -0.67998501
147.56745636 -61.98624643 -0.67903233
147.80803182 -62.60363012 -0.67697839
148.04169236 -63.19734290 -0.66913679
148.26797580 -63.76822629 -0.65562302
148.48853565 -64.31876267 -0.64199931
148.71118490 -64.85320808 -0.62990931
148.94182759 -65.37491550 -0.62163453
149.18304022 -65.88421823 -0.61584574
149.43771631 -66.38123357 -0.60985719
149.71123883 -66.86563639 -0.60603599
150.00724938 -67.33499553 -0.60485017
150.32371689 -67.78835452 -0.60493088
150.65806621 -68.22720051 -0.60521518
151.00833694 -68.65311623 -0.60629242
151.37895750 -69.06521950 -0.60888893
151.77317910 -69.46534575 -0.61184346
152.18697382 -69.85635926 -0.61181069
152.62182820 -70.23700321 -0.60749727
153.08122621 -70.60538766 -0.60149815
153.56234427 -70.96262933 -0.59873564
154.05867659 -71.31244266 -0.60391985
154.57193816 -71.65432820 -0.61036536
155.10421316 -71.98825937 -0.61407193
155.64976617 -72.31759575 -0.62196845
156.20438667 -72.64495804 -0.63453454
156.76612226 -72.97347450 -0.64713913
157.33336933 -73.30684019 -0.65998959
157.90632297 -73.64425689 -0.67364651
158.48485166 -73.98620126 -0.68585260
159.06733294 -74.33388643 -0.69572090
159.65148104 -74.68685332 -0.70657957
160.23527886 -75.04612915 -0.72090727
160.82087240 -75.41269379 -0.73696344
161.40970586 -75.78830536 -0.75007348
162.00244788 -76.17185284 -0.75642397
162.60089902 -76.56103135 -0.75466348
163.20154256 -76.95685093 -0.75254157
163.80201132 -77.36007006 -0.75983754
164.40299847 -77.77109816 -0.77237587
165.00289660 -78.19191650 -0.78376353
165.60221123 -78.62216340 -0.79139337
166.20568795 -79.05596974 -0.79539824
166.81672981 -79.48809817 -0.79931996
167.43180738 -79.92215919 -0.80306905
168.04654494 -80.36106631 -0.80699407
168.66367154 -80.80229719 -0.81072500
169.28896894 -81.24203424 -0.81424856
169.92150517 -81.68049350 -0.81927121
170.55535553 -82.12117394 -0.82181058
171.19027025 -82.56295760 -0.82672023
171.82619061 -83.00580738 -0.83573615
172.46175809 -83.45147434 -0.84302573
173.10206825 -83.89737755 -0.85065927
173.74768511 -84.34342768 -0.85421427
174.39638516 -84.79259948 -0.85121551
175.04801786 -85.24500863 -0.84924214
175.70319017 -85.69754315 -0.85282830
176.36073357 -86.15128717 -0.85607789
177.01891645 -86.61156144 -0.85586630
177.68103558 -87.07618837 -0.85068312
178.34631370 -87.54583151 -0.83812925
179.01266676 -88.02265990 -0.82813705
179.68196585 -88.50351567 -0.82293979
180.35600189 -88.98858526 -0.81396841
181.03400990 -89.47648596 -0.80499323
181.71386466 -89.96668850 -0.79874398
182.39404731 -90.45921643 -0.79339946
183.07380232 -90.95272592 -0.78744972
183.75321441 -91.44653104 -0.77903312
184.43385574 -91.93854007 -0.77083459
185.11496396 -92.43068503 -0.76713567
185.79659893 -92.92251729 -0.76568833
186.47781226 -93.41410678 -0.76143944
187.15772179 -93.90586188 -0.76039278
187.84142469 -94.39476496 -0.76302849
188.53012207 -94.88285343 -0.75650654
189.22205686 -95.37092535 -0.73530451
189.91525960 -95.85746919 -0.71357620
190.60762901 -96.34208425 -0.70772368
191.29961424 -96.82572100 -0.71521691
191.99350549 -97.30965773 -0.72359545
192.68931226 -97.79768626 -0.72423231
193.38477075 -98.29374812 -0.71734209
194.08224916 -98.79333631 -0.70969133
194.78226150 -99.29310920 -0.70727804
195.48404087 -99.79346115 -0.71139692
196.18977844 -100.29505381 -0.71853366
196.89931950 -100.80041738 -0.72254592
197.61389164 -101.30909082 -0.71724049
198.33427117 -101.81955070 -0.70867323
199.05915857 -102.32980332 -0.70410638
199.78765191 -102.83952555 -0.70433588
200.51890886 -103.35191071 -0.70543982
201.25327566 -103.86544145 -0.70239765
201.99140384 -104.37796957 -0.69894355
202.73325181 -104.89080638 -0.69845324
203.47716198 -105.40492341 -0.69532202
204.21874024 -105.92200626 -0.69120789
204.95799441 -106.44046895 -0.69405398
205.69617552 -106.95905773 -0.69885510
206.43492255 -107.47874892 -0.69842935
207.17818736 -107.99755499 -0.69022720
207.92175693 -108.51629608 -0.68470864
208.66242397 -109.03395405 -0.69201412
209.39971908 -109.55042195 -0.70692248
210.13260214 -110.06740513 -0.72022873
210.86149634 -110.58528538 -0.72917142
211.58739771 -111.10374805 -0.73607357
212.31303602 -111.61895929 -0.74086753
213.03569554 -112.13033993 -0.74270511
213.75507246 -112.63621059 -0.74676066
214.47348652 -113.13619169 -0.75952860
215.18961072 -113.63321550 -0.77122687
215.90476231 -114.12929369 -0.76900703
216.61639926 -114.62383940 -0.76059597
217.32041091 -115.11481578 -0.75890236
218.01901519 -115.60127774 -0.76544569
218.71499684 -116.08742780 -0.77038808
219.40665011 -116.57490461 -0.76300557
220.09200478 -117.05963954 -0.74994597
220.77011888 -117.53929075 -0.74321091
221.43929771 -118.01339094 -0.74377698
222.09700407 -118.48283608 -0.74499065
222.74421647 -118.94524773 -0.74240340
223.38227235 -119.40054411 -0.73717832
224.01019060 -119.84890501 -0.73079478
224.62917465 -120.28718317 -0.72169399
225.23764762 -120.71582580 -0.71519948
225.83187121 -121.13826529 -0.71812470
226.41374739 -121.55490162 -0.72463667
226.98634789 -121.96619462 -0.72674719
227.55036915 -122.37487711 -0.72177081
228.10443958 -122.78208191 -0.71231221
228.64572453 -123.18673042 -0.70184221
229.17366223 -123.58734163 -0.69121000
229.68800270 -123.98336121 -0.68050565
230.18847976 -124.37422488 -0.66981140
230.67482090 -124.75933722 -0.65920929
231.14674976 -125.13810476 -0.64877806
231.60398200 -125.50990960 -0.63859577
232.04623029 -125.87413154 -0.62873888
232.47319112 -126.23012590 -0.61928055
232.88455519 -126.57725935 -0.61029556
233.28002380 -126.91489280 -0.60185585
233.65928238 -127.24238061 -0.59403335
234.02200971 -127.55907330 -0.58690279
234.36785031 -127.86433450 -0.58054393
234.69642936 -128.15751687 -0.57503355
235.00736655 -128.43797024 -0.57045433
235.30027438 -128.70504622 -0.56688229
235.57572863 -128.95766344 -0.56323226
235.83463775 -129.19509190 -0.55939379
236.07755644 -129.41740896 -0.55694078
236.30732247 -129.62385300 -0.55561435
236.52699579 -129.81389543 -0.55411202
236.73662602 -129.98857290 -0.55173475
236.93636761 -130.14894164 -0.54791526
237.12951274 -130.29818359 -0.54246686
237.32048852 -130.44067233 -0.53481110
237.51233420 -130.57642804 -0.52644163
237.70536593 -130.70248592 -0.51929241
237.89891297 -130.81809601 -0.51238477
238.09454505 -130.92416096 -0.50371106
238.29381700 -131.02117644 -0.49241567
238.49553796 -131.10869088 -0.47904015
238.69878103 -131.18435290 -0.46445142
238.90548150 -131.24824747 -0.44981912
239.11767477 -131.30292075 -0.43479030
239.33771927 -131.34941853 -0.41944755
239.56815986 -131.38675528 -0.40403633
239.80972510 -131.41393404 -0.38662702
240.06150690 -131.43477300 -0.36949968
240.32501867 -131.44692637 -0.35448687
240.60344318 -131.44092309 -0.33769989
240.89506207 -131.41197631 -0.31774055
241.19715845 -131.35930458 -0.29845108
241.50908311 -131.28350430 -0.28299315
241.83001780 -131.18467355 -0.27116649
242.15924425 -131.06296238 -0.26274724
242.49615795 -130.91853997 -0.25752582
242.84026783 -130.75155960 -0.25531393
243.19118272 -130.56217858 -0.25589911
243.54861734 -130.35054446 -0.25906123
243.91239736 -130.11676875 -0.26461136
244.28244270 -129.86094925 -0.27233916
244.65876161 -129.58311309 -0.28203757
245.04142793 -129.28328055 -0.29350214
245.43062351 -128.96144658 -0.30654333
245.82658648 -128.61756840 -0.32096238
246.22963890 -128.25156311 -0.33658597
246.64014477 -127.86331210 -0.35322750
247.05859766 -127.45267192 -0.37070140
247.48260895 -127.01890085 -0.38669109
247.90768926 -126.55942769 -0.40018309
248.33323667 -126.07356612 -0.41282150
248.76262922 -125.56289849 -0.43320920
249.19795612 -125.02974402 -0.45660127
249.64105713 -124.47387423 -0.46254286
250.09184940 -123.89574220 -0.45363131
250.54634763 -123.29792593 -0.44865576
251.00191806 -122.67991829 -0.45783599
251.45931026 -122.04010511 -0.47586925
251.92271611 -121.37952083 -0.49116221
252.39491333 -120.69999048 -0.50121857
252.87560573 -120.00204869 -0.51034536
253.36654439 -119.28907530 -0.51837041
253.86732097 -118.56189709 -0.52582655
254.37374630 -117.81794016 -0.53469771
254.88889940 -117.06185877 -0.53919070
255.41379135 -116.29843737 -0.53809756
255.94334547 -115.52834312 -0.53874944
256.47633978 -114.75374845 -0.54595847
257.01316090 -113.97515618 -0.55615082
257.55422498 -113.18984936 -0.56324381
258.10061448 -112.39589128 -0.56900627
258.65285083 -111.59331288 -0.57006303
259.20919159 -110.78174537 -0.56311219
259.76887317 -109.96447642 -0.55992667
260.32853338 -109.14364286 -0.56628430
260.88598032 -108.31814433 -0.57923202
261.44516076 -107.48781519 -0.59327626
262.00657686 -106.65145059 -0.60188868
262.56767362 -105.80819430 -0.60219947
263.12989693 -104.95989942 -0.59893278
263.69203843 -104.10680109 -0.60014274
264.25170558 -103.24814047 -0.60678149
264.81113782 -102.38596958 -0.61686414
265.37023736 -101.52223140 -0.62474515
265.92774886 -100.65747071 -0.63147894
266.48374872 -99.79082675 -0.64808550
267.04130874 -98.92298915 -0.66754687
267.60186414 -98.05651228 -0.67509813
268.16366095 -97.19314349 -0.68043098
268.72595414 -96.33098821 -0.68916544
269.29228684 -95.46858319 -0.68780017
269.86224863 -94.60670413 -0.67805607
270.43262972 -93.74622703 -0.67100703
271.00634534 -92.88960756 -0.66895382
271.58295399 -92.03487376 -0.66927961
272.16331734 -91.18063370 -0.66474384
272.74986298 -90.32795177 -0.65542106
273.34366921 -89.47879402 -0.64920322
273.94476158 -88.63610484 -0.65080799
274.55192801 -87.79975151 -0.65976586
275.16533614 -86.96719216 -0.66982176
275.78129081 -86.13211127 -0.67452762
276.39744005 -85.29419997 -0.67301161
277.01267021 -84.45701807 -0.67622476
277.62490178 -83.62147065 -0.69049146
278.23583588 -82.78773181 -0.70893110
278.84943909 -81.95505210 -0.72128171
279.46708659 -81.12308302 -0.71798871
280.08385787 -80.29089019 -0.70631733
280.69879985 -79.46032974 -0.69917390
281.31224778 -78.63277517 -0.69852721
281.92430960 -77.80739031 -0.70260953
282.53587239 -76.98370611 -0.70612687
283.14852791 -76.16409190 -0.70380371
283.76283923 -75.34840748 -0.69983533
284.37626910 -74.53431215 -0.69822339
284.98902320 -73.72439126 -0.69941257
285.60055804 -72.91958020 -0.70529169
286.21075226 -72.11626676 -0.71064123
286.82072680 -71.31222695 -0.70602195
287.43133344 -70.50974655 -0.69683648
288.04154717 -69.71194968 -0.70045159
288.64909783 -68.91865995 -0.71847069
289.25436876 -68.12655610 -0.73761067
289.85922804 -67.33274993 -0.74395188
290.46538289 -66.53750805 -0.73352280
291.07350037 -65.74169177 -0.72012192
291.68330475 -64.94706791 -0.71516282
292.29522575 -64.15498887 -0.71964561
292.90953586 -63.36547930 -0.73171721
293.52557227 -62.57639835 -0.74673232
294.14317067 -61.78546173 -0.75788726
294.76645457 -60.99487627 -0.76260279
295.39506337 -60.20637460 -0.76609940
296.02696415 -59.42068815 -0.77113488
296.66749000 -58.64143005 -0.77553514
297.31535609 -57.86729318 -0.77552749
297.96626295 -57.09524393 -0.77796402
298.61952963 -56.32570234 -0.78387007
299.27451920 -55.55897223 -0.78563527
299.93258637 -54.79699504 -0.78802308
300.59501952 -54.04017185 -0.79121800
301.26188203 -53.28654845 -0.78819418
301.93212923 -52.53622328 -0.77915751
302.60441413 -51.79090143 -0.77174270
303.27707775 -51.04985146 -0.76783026
303.94809750 -50.31074022 -0.76364296
304.61497282 -49.57271792 -0.75858309
305.27662536 -48.83682616 -0.75525207
305.93369783 -48.10509734 -0.75676324
306.58656101 -47.37783623 -0.75995683
307.23521643 -46.65377070 -0.75990225
307.87972613 -45.93444200 -0.75329743
308.52143285 -45.22341199 -0.73993888
309.16032224 -44.52363087 -0.72980115
309.79288282 -43.83604248 -0.72873415
310.41445026 -43.16010809 -0.73416376
311.02436633 -42.49561133 -0.74573785
311.62754606 -41.84335140 -0.76029802
312.22655255 -41.20266981 -0.76688109
312.82061579 -40.57329883 -0.76466980
313.40919769 -39.95753590 -0.76487909
313.99223044 -39.35699153 -0.77196720
314.56883956 -38.77280256 -0.78252028
315.13791940 -38.20653514 -0.79275987
315.69951636 -37.65832880 -0.80157649
316.25257618 -37.12726792 -0.81005382
316.79558239 -36.61296122 -0.81737641
317.32819812 -36.11784039 -0.82181008
317.84998098 -35.64593957 -0.82641329
318.35895280 -35.19669137 -0.83548063
318.85390315 -34.76788238 -0.84779421
319.33522067 -34.35886447 -0.85775844
319.80365872 -33.96778346 -0.85884915
320.25949397 -33.59342704 -0.85237038
320.70329918 -33.23639454 -0.84849848
321.13510860 -32.89457046 -0.85159375
321.55355370 -32.55967989 -0.86025381
321.95981845 -32.22490550 -0.87588382
322.35807007 -31.88998397 -0.89397847
322.75211898 -31.55576883 -0.90492528
323.14092872 -31.22050028 -0.90975848
323.51712159 -30.87969964 -0.91408624
323.87574559 -30.53149059 -0.91728997
324.21918318 -30.17868620 -0.91969754
324.55021847 -29.82361813 -0.92591001
324.86612238 -29.46454838 -0.93743584
325.16186460 -29.09672864 -0.95418843
325.43677339 -28.71691765 -0.97231936
325.69268920 -28.32424401 -0.98748590
325.92752587 -27.91775332 -0.99840075
326.13787999 -27.49680291 -1.00466602
326.32271954 -27.06150594 -1.00737387
326.48183861 -26.61206234 -1.00696672
326.61499523 -26.14876441 -1.00389633
326.72188073 -25.67200484 -0.99859651
326.80221506 -25.18226173 -0.99151455
326.85568071 -24.68008184 -0.98308638
326.88189948 -24.16610555 -0.97377814
326.88046838 -23.64105359 -0.96404764
326.85103783 -23.10570947 -0.95434238
326.79322484 -22.56096503 -0.94511368
326.70666669 -22.00775893 -0.93678746
326.59099745 -21.44711877 -0.92982460
326.44582218 -20.88012769 -0.92469642
326.27077896 -20.30796901 -0.92179353
326.06550080 -19.73198586 -0.92150820
325.82965902 -19.15358918 -0.92428578
325.56256916 -18.57315073 -0.92490689
325.26593648 -17.98997041 -0.91548670
324.94621782 -17.40289777 -0.89697226
324.60993527 -16.81099870 -0.87500856
324.26138716 -16.21349542 -0.85659876
323.90321437 -15.60981334 -0.84489990
323.53688598 -14.99916396 -0.83643509
323.16570166 -14.37897360 -0.82901131
322.79198221 -13.74787911 -0.82309025
322.41399898 -13.10698102 -0.81647141
322.03120460 -12.45618707 -0.80802435
321.64456744 -11.79441069 -0.80146274
321.25393476 -11.12065622 -0.79605579
320.86032683 -10.43275770 -0.78690160
320.46354669 -9.73018163 -0.77552246
320.06162091 -9.01358630 -0.76240887
319.65596521 -8.28244626 -0.74887118
319.24793890 -7.53693830 -0.73785104
318.83660868 -6.77842022 -0.72806012
318.42114153 -6.00950250 -0.71929450
318.00013326 -5.23288763 -0.71065909
317.57411315 -4.44952571 -0.70152087
317.14536282 -3.65963519 -0.69003448
316.71593365 -2.86441271 -0.68205922
316.28769264 -2.06502973 -0.68242479
315.86131793 -1.26047090 -0.68467529
315.43685857 -0.45063361 -0.68072266
315.01529426 0.36291819 -0.66693320
314.59823927 1.17926551 -0.64832290
314.18733585 1.99765204 -0.63217140
313.78435188 2.81811557 -0.62060357
313.39187128 3.64231993 -0.61327006
313.01041613 4.47085869 -0.60615844
312.63904396 5.30217596 -0.59482175
312.27751373 6.13577763 -0.58067646
311.92816635 6.97236944 -0.56721065
311.59125062 7.81247967 -0.55492868
311.26283606 8.65650160 -0.54446528
310.94199833 9.50482952 -0.53609678
310.62774884 10.35877049 -0.52945410
310.31609609 11.21755393 -0.52509620
310.00355253 12.07881600 -0.52029611
309.68713564 12.94092358 -0.51623845
309.36637107 13.80405010 -0.51379252
309.04114841 14.66793866 -0.51132988
308.70665457 15.52946606 -0.50873319
308.36534236 16.38862300 -0.50826840
308.02280398 17.24673351 -0.50778083
307.67445533 18.10289377 -0.50499134
307.31818754 18.95716853 -0.49760300
306.95580573 19.81010962 -0.48103458
306.58832737 20.66100456 -0.46234268
306.21234707 21.50800498 -0.44796793
305.82540541 22.35044390 -0.43781357
305.43141062 23.18869213 -0.42977453
305.03146147 24.02285365 -0.42086348
304.62465754 24.85391994 -0.41170101
304.20931726 25.68192678 -0.40031349
303.78520236 26.50637369 -0.38441342
303.35473180 27.32693535 -0.36782297
302.91923311 28.14274997 -0.35339175
302.48136947 28.95571644 -0.34118174
302.04067281 29.76465167 -0.33080932
301.59653876 30.56908027 -0.32005587
301.15040825 31.37145281 -0.30807210
300.70091032 32.17253467 -0.29222325
300.24904241 32.97194409 -0.27027361
299.79772228 33.76861084 -0.24755755
299.34645227 34.56091024 -0.22873808
298.89650926 35.35136288 -0.20886204
298.44788657 36.14188728 -0.18322568
297.99926747 36.92923635 -0.15806613
297.55351250 37.71454940 -0.13720452
297.11027380 38.49793541 -0.11969760
296.66655257 39.27657640 -0.10570589
296.22056175 40.04884178 -0.09477399
295.77214078 40.81378092 -0.08548823
295.32052448 41.56878073 -0.07699906
294.86718061 42.31441895 -0.06608940
294.41487113 43.05332606 -0.04894286
293.96361071 43.78424192 -0.02941313
293.51203832 44.50364743 -0.01228054
293.06017838 45.21019070 0.00263440
292.61100094 45.90461377 0.01454627
292.16636821 46.58866672 0.02450590
291.72367393 47.26265284 0.04046662
291.28202320 47.92512336 0.06788382
290.84464928 48.57476835 0.09922460
290.41446526 49.20819034 0.12256553
289.99225318 49.82455091 0.13735351
289.57552183 50.42440757 0.14963517
289.16322032 51.00856641 0.16606166
288.75867356 51.57906053 0.18753900
288.36233802 52.13504459 0.20773225
287.97314596 52.67576532 0.22442441
287.59316144 53.20190357 0.24043186
287.22658364 53.71370564 0.25902211
286.87384903 54.20964519 0.27651477
286.53018100 54.68721400 0.28621862
286.19573961 55.14839299 0.29131555
285.87458803 55.59703621 0.30030165
285.56792969 56.03216822 0.31726408
285.27635112 56.45148513 0.33793537
285.00164703 56.85523054 0.35361928
284.74506448 57.24394245 0.36359670
284.50540381 57.61698177 0.37329827
284.28244795 57.97425123 0.38504846
284.07762810 58.31600205 0.39944463
283.89249023 58.64130012 0.41586364
283.72843232 58.94961739 0.43115790
283.58461449 59.24136397 0.44403621
283.45978442 59.51878874 0.45526667
283.35073899 59.78766013 0.46563330
283.25027521 60.05374076 0.47532761
283.15336524 60.31942077 0.48360699
283.05873754 60.58597368 0.49025244
282.96708020 60.85483718 0.49586041
282.88020117 61.12697558 0.50119215
282.79863507 61.40254503 0.50717026
282.72112931 61.68083309 0.51423584
282.64595598 61.96069947 0.52198193
282.57246848 62.24232636 0.53051371
282.50161134 62.52759614 0.53955048
282.43409365 62.82082091 0.54750958
282.36658851 63.12941182 0.55214999
282.29241542 63.45838662 0.55481905
282.20605049 63.80949281 0.55965703
282.10509459 64.18398959 0.56886591
281.99062926 64.58270356 0.58177956
281.86448792 65.00506677 0.59285572
281.72686351 65.44831586 0.59784055
281.57814992 65.91179216 0.59959146
281.42052942 66.39754624 0.60667097
281.25379408 66.90469833 0.62176167
281.07406506 67.42950787 0.63788333
280.87984924 67.96857667 0.65003682
280.67379188 68.51981252 0.65824301
280.45845815 69.08240696 0.66444315
280.23291068 69.65667222 0.67105532
279.99612125 70.24285730 0.67551230
279.74820226 70.83864075 0.67184016
279.48623772 71.44184255 0.66320660
279.20794207 72.05262707 0.65666611
278.91615615 72.67219628 0.64965376
278.61369703 73.30131168 0.63797895
278.30100982 73.93957171 0.62231212
277.97849351 74.58656287 0.60333053
277.64651316 75.24184067 0.58169575
277.30541443 75.90495431 0.55807590
276.95555488 76.57544058 0.53313397
276.59725526 77.25281240 0.50752774
276.23082765 77.93656603 0.48191296
275.85656660 78.62618904 0.45693656
275.47474993 79.32114062 0.43324839
275.08565568 80.02085722 0.41148639
274.68953776 80.72476319 0.39228965
274.28662707 81.43225139 0.37629516
273.87712670 82.14270555 0.36412442
273.46124128 82.85550126 0.35640156
273.03915505 83.56998559 0.35374398
272.61064648 84.28581719 0.35607215
272.17672060 85.00431318 0.36385194
271.73839464 85.72574671 0.37612496
271.29481037 86.44788876 0.38744880
270.84608906 87.16869611 0.39404978
270.39192698 87.88468435 0.39629693
269.93419678 88.59606517 0.39385655
269.47501032 89.30570121 0.39141252
269.01371743 90.01305294 0.39453371
268.55019330 90.71732980 0.40208441
268.08514443 91.41656222 0.40732978
267.61763893 92.10916958 0.40972351
267.14612534 92.79659980 0.41243423
266.67187998 93.48083449 0.41448007
266.19604929 94.16166797 0.41585239
265.71854983 94.83666375 0.41491039
265.23896018 95.50626214 0.41156369
264.75601037 96.17311698 0.41105975
264.26928651 96.83506432 0.41971028
263.78195865 97.48696070 0.43352114
263.29870008 98.12771763 0.44159916
262.82326457 98.76214421 0.44486000
262.35639448 99.39189593 0.45132901
261.89601781 100.01282871 0.46388003
261.44398687 100.62430427 0.47822529
261.00394677 101.22766813 0.48980349
260.57424896 101.81927025 0.50164125
260.15414475 102.39663111 0.51209517
259.74526781 102.96406121 0.52282962
259.34677699 103.52201184 0.53835914
258.95873648 104.06896532 0.55409451
258.57977255 104.60683240 0.56822059
258.20281124 105.13974157 0.58266311
257.82150544 105.66914688 0.59729603
257.43322998 106.19050939 0.61208509
257.03725200 106.70053205 0.63053056
256.63390677 107.19695663 0.65498043
256.22432603 107.67946081 0.68210816
255.80977637 108.14824446 0.70855597
255.39061065 108.60234348 0.73303188
254.96684474 109.04258664 0.75583746
254.53789360 109.46922359 0.77921460
254.10073553 109.88259315 0.80223733
253.65308149 110.28341854 0.82317566
253.19505935 110.67051854 0.84203817
252.72567661 111.04350404 0.86086627
252.24255096 111.40564831 0.88127348
251.74432299 111.76127388 0.90359419
251.23159358 112.10923041 0.92947207
250.70612351 112.44835817 0.95432968
250.16746839 112.78252315 0.97477769
249.61276315 113.11469476 0.99163422
249.04052753 113.44625398 1.00334615
248.44942627 113.77986775 1.01299696
247.83877612 114.11608101 1.02477490
247.21036069 114.45250081 1.03647154
246.56417871 114.78967990 1.04631285
245.89881206 115.12921864 1.05642589
245.21404675 115.47005612 1.06888690
244.51011102 115.81040876 1.08516473
243.78722908 116.15173922 1.10477629
243.04720592 116.49490469 1.12323816
242.29225782 116.83884387 1.13577788
241.52078098 117.18549727 1.14353488
240.72948114 117.53833707 1.15340565
239.91822079 117.89828771 1.17308073
239.08960499 118.26227143 1.20015136
238.24492458 118.62777718 1.22481134
237.38349268 118.99695860 1.24686189
236.50541333 119.37089651 1.26884538
235.61325015 119.74729274 1.28540435
234.70710042 120.12889257 1.29627562
233.78699370 120.51629780 1.30658064
232.85554673 120.90373311 1.32098933
231.91185332 121.29129560 1.34123118
230.95611847 121.67761645 1.37016277
229.99154886 122.05922891 1.40709690
229.01871514 122.44129330 1.44509690
228.04048823 122.82750221 1.47611766
227.06040390 123.21776148 1.49481846
226.07815980 123.61054067 1.50588553
225.09229258 124.00313948 1.52143351
224.10166113 124.39522968 1.55068619
223.10784399 124.78807309 1.58836311
222.11255460 125.18185482 1.62695880
221.11613888 125.57634532 1.66327045
220.12052690 125.97208796 1.69749749
219.12826483 126.37012049 1.72459571
218.13782869 126.77224420 1.74218255
217.14633367 127.17779597 1.76075773
216.15225779 127.58516996 1.78815808
215.15596654 127.99390628 1.82107550
214.16008999 128.40339609 1.85459510
213.16553160 128.81550256 1.88304910
212.17293856 129.23069698 1.90272447
211.18195431 129.64766487 1.92078933
210.19038341 130.06801230 1.94456037
209.19653074 130.49083450 1.97175115
208.20022399 130.91327433 2.00351509
207.20216660 131.33584127 2.04526894
206.20473288 131.75920996 2.08808889
205.21128544 132.18181273 2.12162248
204.22070037 132.60451865 2.14949394
203.23172333 133.02816765 2.17956318
202.24767231 133.44930351 2.20980557
201.26955447 133.86683670 2.23991461
200.29626326 134.28253028 2.27391112
199.33076447 134.69509328 2.30879713
198.37730101 135.10273696 2.33903961
197.43536660 135.50662913 2.36245728
196.50615235 135.90661790 2.38385815
195.59478347 136.30208101 2.40712886
194.70301789 136.69524455 2.42607789
193.83057239 137.08795951 2.43817201
192.97833080 137.48132619 2.45055482
192.14855621 137.87561785 2.46426285
191.34335610 138.27111303 2.47605231
190.56351917 138.66959760 2.48616150
189.80983821 139.07220504 2.49363093
189.08489964 139.47870093 2.49743578
188.38940937 139.89043169 2.49939810
187.72126103 140.30969904 2.49784986
187.07965564 140.73617164 2.48994971
186.46651220 141.16762731 2.47852726
185.88203249 141.60361824 2.46580361
185.32396045 142.04542565 2.44862385
184.79129223 142.49372133 2.42505547
184.28417789 142.94843279 2.39834906
183.80215040 143.40901721 2.37240141
183.34206139 143.87076342 2.34646273
182.90016778 144.32846992 2.31844117
182.47429375 144.78255986 2.28923825
182.06388156 145.23510811 2.25997995
181.66776829 145.68734503 2.22703502
181.28649504 146.13816276 2.18676280
180.92158187 146.58631529 2.14379169
180.57253510 147.03366300 2.10481561
180.23964095 147.48216103 2.07025264
179.92308055 147.93376594 2.03692217
179.62244096 148.39159944 2.00613508
179.33543537 148.85968674 1.97900259
179.06097052 149.33880337 1.95365619
178.80173761 149.82669182 1.93135726
178.55919484 150.32660722 1.91224085
178.33329500 150.84303918 1.89329170
178.12531964 151.37268117 1.87319777
177.93579279 151.91155527 1.84998016
177.76380113 152.46075984 1.82256460
177.61173606 153.02608828 1.79817189
177.48319687 153.61048941 1.78628833
177.37674617 154.20955261 1.78534199
177.29163882 154.82166927 1.78740924
177.22835525 155.44966285 1.78844332
177.18706252 156.09551201 1.78846882
177.16915912 156.75778443 1.78864002
177.17445725 157.43385484 1.78805272
177.20542710 158.12762206 1.78737732
177.26402619 158.84343263 1.78481728
177.34795541 159.57565516 1.78050996
177.45452587 160.31669926 1.77852135
177.58496866 161.06616800 1.78287354
177.74047181 161.82389685 1.79266335
177.91857773 162.58689627 1.79813175
178.11816419 163.35684286 1.79218722
178.33932129 164.13417010 1.77508176
178.57987101 164.91217865 1.75189080
178.83805609 165.68787914 1.73054415
179.11315205 166.46387551 1.71222130
179.40245141 167.23804303 1.69538851
179.70614609 168.00978766 1.68299484
180.02482264 168.78266986 1.67166813
180.35619486 169.55528060 1.65511838
180.69927235 170.32733350 1.63455626
181.05561643 171.10312656 1.61811752
181.42580816 171.88305736 1.61251605
181.80693234 172.66420133 1.61507454
182.19648213 173.44633797 1.61905789
182.59500932 174.22866519 1.62590116
183.00097589 175.01040943 1.63073358
183.41137279 175.79142111 1.62577562
183.82638505 176.57423777 1.61740913
184.24673736 177.36401371 1.60675078
184.67230221 178.16252138 1.59158700
185.10172055 178.96934125 1.57529107
185.53260037 179.78412179 1.56373631
185.96350752 180.60719050 1.56332705
186.39304151 181.43741369 1.56981698
186.82131909 182.27304007 1.57464506
187.24868108 183.11568397 1.57593957
187.67383188 183.96669276 1.57206604
188.09691995 184.82656796 1.56424453
188.51909927 185.69672042 1.55213828
188.93852652 186.57636068 1.53770242
189.35263724 187.46549624 1.53207178
189.76135496 188.36319229 1.54078028
190.16653276 189.26465061 1.55050974
190.57058816 190.16963536 1.54752778
190.97443499 191.08074941 1.53612317
191.37684411 191.99813434 1.52636984
191.77752731 192.92089916 1.52347686
192.17770284 193.84897860 1.52665778
192.57808421 194.78206713 1.53018830
192.97843154 195.71930994 1.53216178
193.37824623 196.66252817 1.53299787
193.77870769 197.61240323 1.52948051
194.18198750 198.56868596 1.52340056
194.58869531 199.53244405 1.51541653
194.99747850 200.50307094 1.50920932
195.40748094 201.47928775 1.51106047
195.81916101 202.46061085 1.51719479
196.23345682 203.44539107 1.52328840
196.64884949 204.43367768 1.53268154
197.06475795 205.42604812 1.54832480
197.48197105 206.42392705 1.56447499
197.90156162 207.42724611 1.56990065
198.32391210 208.43599218 1.56674324
198.74723090 209.44974507 1.56577440
199.17069632 210.46802517 1.57142269
199.59425745 211.49191933 1.57999231
200.01840465 212.52135890 1.58666091
200.44421357 213.55626886 1.59049314
200.87191350 214.59852867 1.59300210
201.30059839 215.64769005 1.59595668
201.72978849 216.69913155 1.60136917
202.15824821 217.75258834 1.61259509
202.58717003 218.80824257 1.62455766
203.01909151 219.86251723 1.63266577
203.45253816 220.91666156 1.63831715
203.88816764 221.97466835 1.64344120
204.32766056 223.03399952 1.64656365
204.76948941 224.09127827 1.64998417
205.21282596 225.14574387 1.65517813
205.65667187 226.19906630 1.65685783
206.10370696 227.24676246 1.66287709
206.55505867 228.29019094 1.66696944
207.00846607 229.33448306 1.65888649
207.46467070 230.37738046 1.64657112
207.92218132 231.41938199 1.63349934
208.37955473 232.45957876 1.62287232
208.83752405 233.49610113 1.62005412
209.29934220 234.52620211 1.62207750
209.76528128 235.55103115 1.61991472
210.23395384 236.56988229 1.61332037
210.70493174 237.57844544 1.61305995
211.17453119 238.58078885 1.62180456
211.64306214 239.57848462 1.62786290
212.11315098 240.56826033 1.62691868
212.58557516 241.54943161 1.62393758
213.06011438 242.52110901 1.62079020
213.53405880 243.48362689 1.61842808
214.00600404 244.43718749 1.61987341
214.47427974 245.38575730 1.62066839
214.93727779 246.33142458 1.61948289
215.39539301 247.27105025 1.62042721
215.84737724 248.20489048 1.62523746
216.29218368 249.13466562 1.62921912
216.73012558 250.05933629 1.62836827
217.16099560 250.97775694 1.62564450
217.58604438 251.89107291 1.61741900
218.00434090 252.80068744 1.60200150
218.41381257 253.70625506 1.58576975
218.81414438 254.60488223 1.57572656
219.20291986 255.49726373 1.57416740
219.58139179 256.38424682 1.57580003
219.95324404 257.26455293 1.57246698
220.32164424 258.13362413 1.56145583
220.68679306 258.98741828 1.54901742
221.04653683 259.82892724 1.53854796
221.40300891 260.65994593 1.52439691
221.75474132 261.48031767 1.50708047
222.09852630 262.28972518 1.49580766
222.43750355 263.08730231 1.48886927
222.77613041 263.87441507 1.47418560
223.11487597 264.65262227 1.45033719
223.45076792 265.42053543 1.42472205
223.78101198 266.17616768 1.40570339
224.10578298 266.91993225 1.39510989
224.42762939 267.65498843 1.38296084
224.74882907 268.38324408 1.36308942
225.07015882 269.10304744 1.34108714
225.39284960 269.81417574 1.32300371
225.71835859 270.52120129 1.30527226
226.04677039 271.22754700 1.28304032
226.37680643 271.93336656 1.26027601
226.70767677 272.63787402 1.24377478
227.04108432 273.34047368 1.23180293
227.37740119 274.04203326 1.21809660
227.71674161 274.74218799 1.20411626
228.05777631 275.44193662 1.19449942
228.39924459 276.14608557 1.18366749
228.74077899 276.85691774 1.16985796
229.07999285 277.57510236 1.15823179
229.41764430 278.30146353 1.15236818
229.75604126 279.03675688 1.15297607
230.09702322 279.78400406 1.15422106
230.44417483 280.54599578 1.14997435
230.79993819 281.32319269 1.13935091
231.16348571 282.11537218 1.12555393
231.53284644 282.92241739 1.11332222
231.90680697 283.73899835 1.10717294
232.28487257 284.55858045 1.10446326
232.66588356 285.37987002 1.09922044
233.04761825 286.20403985 1.09340556
233.42885808 287.03260419 1.09518568
233.81216817 287.86568981 1.10412207
234.20147141 288.70442679 1.11069161
234.59915564 289.55003746 1.11006478
235.00631640 290.40131751 1.10472060
235.42264347 291.25793563 1.09710229
235.84652510 292.11798630 1.08966527
236.27960456 292.97632231 1.08440638
236.72566372 293.83038107 1.08083954
237.18358693 294.68053590 1.07875752
237.64880804 295.52717956 1.07437861
238.12118529 296.36975464 1.06600170
238.60497624 297.20786910 1.05795020
239.09905816 298.04273428 1.05177793
239.59714690 298.87532554 1.04819918
240.09541189 299.70524725 1.04556759
240.59547906 300.53296239 1.04581287
241.09820529 301.36046178 1.05126308
241.59759107 302.18980483 1.05685707
242.09143372 303.02048345 1.05460165
242.58184773 303.85095720 1.04511830
243.06835595 304.68164400 1.03849086
243.54945592 305.51326952 1.04040243
244.02324912 306.34656761 1.04767492
244.48977598 307.18243836 1.05065006
244.94855539 308.02259591 1.04833820
245.39631843 308.86742473 1.04460457
245.83306763 309.71585955 1.04365842
246.26275002 310.56749307 1.05347371
246.68676081 311.42145812 1.06972875
247.10485903 312.27743768 1.08335778
247.51867537 313.13553062 1.09277056
247.92890345 313.99516184 1.09671981
248.33402961 314.85500623 1.09694446
248.73555271 315.71347271 1.09882361
249.13775701 316.57048609 1.10176629
249.54347623 317.42685966 1.10007466
249.95156594 318.28289276 1.09556635
250.35942798 319.14091054 1.09338497
250.76904965 320.00383433 1.09343447
251.18199174 320.87469842 1.09024270
251.59712800 321.75477659 1.08154949
252.01533129 322.64223695 1.07312829
252.43815796 323.53448351 1.07251830
252.86560778 324.42943842 1.07674266
253.29594664 325.32822874 1.07432878
253.72629137 326.23202167 1.06154205
254.15589546 327.13974122 1.04313405
254.58494570 328.04931670 1.02717067
255.01260431 328.96004184 1.01418251
255.43992345 329.87176581 0.99772605
255.86694152 330.78243193 0.97920989
256.29230394 331.68939386 0.96599629
256.71594900 332.59155373 0.95703153
257.13714904 333.48868080 0.94549476
257.55694483 334.38026162 0.92989942
257.97643076 335.26631433 0.90728145
258.39551450 336.14581742 0.87820469
258.81513403 337.01609862 0.84869269
259.23345723 337.87480733 0.82365967
259.64818323 338.72155093 0.80390955
260.05930068 339.55656150 0.78576307
260.46646202 340.37932976 0.77141403
260.87036014 341.19078388 0.76106973
261.27164245 341.99433429 0.74644025
261.67145627 342.79185920 0.72542065
262.07143753 343.58261551 0.70213894
262.47089181 344.36505485 0.68056136
262.86759823 345.13678487 0.66407284
263.26211641 345.89871830 0.65008540
263.65814768 346.65171332 0.63628112
264.05513591 347.39349565 0.62217386
264.45355232 348.12314871 0.60748664
264.85657550 348.84123384 0.59256803
265.26427961 349.54859891 0.57502676
265.67583092 350.24461888 0.55321296
266.09181965 350.92795903 0.52890170
266.51245356 351.59713278 0.50417349
266.93754138 352.25075144 0.48075483
267.36759616 352.88893424 0.46031707
267.80272437 353.51204236 0.44358174
268.24275929 354.12087664 0.42976861
268.68796402 354.71776547 0.41815099
269.13834568 355.30472341 0.40867117
269.59313404 355.88269976 0.39952769
270.05077059 356.45202226 0.38822781
270.50970106 357.01144154 0.37592471
270.96718835 357.55757326 0.36567261
271.42040431 358.08711500 0.35684082
271.86875589 358.59703260 0.34576886
272.31392494 359.08377599 0.33008258
272.75686429 359.54412581 0.31114562
273.19410890 359.97588932 0.29176216
273.62336470 360.37867471 0.27281590
274.04587116 360.75299241 0.25436605
274.46279869 361.09937047 0.23647707
274.87526234 361.41842549 0.21921531
275.28430718 361.71081577 0.20266257
275.69090744 361.97730060 0.18690902
276.09596203 362.21867618 0.17205728
276.50027672 362.43581818 0.15822136
276.90458937 362.62967244 0.14552937
277.30953451 362.80124944 0.13412438
277.71561709 362.95165903 0.12413988
278.12324727 363.08205555 0.11572621
278.53277241 363.19367143 0.10901328
278.94447143 363.28775914 0.10413554
279.35848723 363.36562119 0.10124383
279.77489472 363.42869606 0.10044191
280.19525449 363.47779639 0.10063148
280.61864428 363.51325296 0.09836826
281.04066956 363.53523078 0.09477806
281.45957798 363.54249527 0.09762796
281.87802435 363.53298347 0.10956858
282.30030584 363.50518748 0.12164836
282.72808937 363.46027905 0.12689696
283.15986495 363.40115442 0.12966597
283.59475001 363.32955674 0.13867053
284.03411472 363.24761090 0.15898649
284.48183748 363.15563210 0.18360715
284.94096358 363.05225015 0.20473915
285.41318971 362.93676526 0.22407431
285.90171982 362.80770888 0.24168351
286.40946022 362.66347013 0.25847626
286.93649954 362.50334591 0.27543059
287.48040335 362.32786981 0.28924694
288.04098673 362.13682162 0.29825641
288.61879312 361.92939482 0.30447454
289.21391993 361.70623377 0.31144719
289.82630002 361.46903922 0.31828340
290.45579871 361.21832601 0.32216517
291.10172501 360.95411448 0.32187518
291.76387823 360.67537535 0.32095878
292.44382201 360.38081739 0.32618590
293.14090746 360.07104391 0.33779639
293.85119941 359.74828771 0.34741536
294.57315515 359.41415619 0.34934362
295.30851922 359.06758672 0.34621342
296.05690907 358.70878244 0.34232830
296.81886534 358.33878146 0.33964474
297.59425900 357.95803623 0.33603812
298.38186025 357.56677285 0.32613257
299.18220367 357.16415521 0.31091472
299.99404631 356.74909466 0.29668372
300.81557248 356.32097075 0.29038411
301.64744732 355.88093510 0.29516882
302.48798708 355.43214618 0.30307322
303.33375804 354.97818776 0.30572448
304.18399563 354.52080068 0.30378231
305.03905739 354.05883691 0.29778791
305.89920246 353.58998077 0.29116262
306.76573557 353.11202348 0.28852771
307.63879618 352.62583789 0.28862048
308.51749309 352.13258241 0.28992307
309.40142668 351.63178372 0.29104805
310.29078507 351.12450118 0.29411641
311.18603587 350.61365775 0.29721238
312.08428077 350.10095656 0.29856692
312.98458584 349.58552577 0.30115738
313.88736133 349.06671565 0.30913849
314.78933079 348.54507161 0.32085345
315.69213597 348.02032128 0.33227307
316.59695176 347.49273710 0.34368359
317.50248172 346.96436811 0.35057776
318.40967559 346.43613688 0.35145504
319.31735544 345.90810266 0.34727374
320.22220169 345.38060849 0.34058546
321.12296144 344.85380669 0.33550020
322.01895269 344.32747766 0.33421015
322.90857116 343.80195293 0.33693790
323.79423762 343.27792922 0.34092769
324.67891267 342.75708924 0.34443136
325.56355767 342.24054117 0.34503072
326.44756276 341.72820228 0.34464057
327.32890221 341.22016865 0.34966811
328.20578389 340.71517212 0.36252444
329.07840057 340.21348363 0.38282248
329.94670162 339.71707252 0.40541683
330.80639714 339.22943158 0.41802543
331.65801224 338.75260026 0.41947571
332.50645107 338.28342385 0.41741963
333.35470866 337.82077212 0.41546179
334.20286570 337.36516489 0.41601943
335.04826369 336.91674129 0.41903622
335.89208847 336.47604280 0.42665811
336.73457191 336.04343403 0.43683609
337.57377284 335.61917607 0.44734758
338.41034465 335.20319744 0.45929670
339.24627137 334.79578090 0.46879437
340.08287854 334.39744839 0.47254625
340.92076991 334.00804806 0.47153074
341.76228088 333.62779981 0.46629664
342.61077489 333.25755939 0.45727650
343.46615945 332.89730464 0.44544277
344.32749768 332.54645936 0.43372059
345.19564498 332.20432885 0.42628621
346.06857561 331.87175859 0.42178114
346.94455653 331.55081998 0.41753276
347.82485818 331.24291705 0.40602731
348.70806474 330.94677943 0.38724456
349.59392144 330.66035238 0.37332833
350.48235313 330.38254503 0.36437531
351.37251009 330.11434047 0.35632823
352.26382690 329.85831317 0.34798611
353.15716508 329.61623485 0.33071895
354.05376741 329.38638065 0.30452155
354.95265953 329.16642056 0.28125581
355.85536053 328.95674775 0.26825550
356.76068843 328.75655868 0.26126776
357.66521957 328.56576379 0.24733799
358.57036464 328.38695469 0.22407730
359.47955918 328.22062189 0.19836931
360.39243811 328.06365560 0.17520569
361.30911940 327.91621915 0.15749783
362.22920713 327.77809816 0.14616359
363.14778669 327.64635928 0.13731736
364.06341613 327.52115860 0.12627876
364.97869783 327.40377620 0.11414098
365.89534440 327.29618335 0.09536388
366.80988813 327.19532437 0.06884206
367.71981202 327.09657689 0.04202228
368.62886205 327.00081098 0.01978340
369.53617799 326.90719696 0.00315981
370.43598935 326.81420092 -0.01233090
371.33037139 326.72462081 -0.03117672
372.22398062 326.64027922 -0.05560459
373.11525582 326.55890740 -0.07940449
374.00237850 326.47885449 -0.09383102
374.88600377 326.40140952 -0.10115857
375.76618666 326.32745333 -0.10884780
376.64218252 326.25617127 -0.11893150
377.51391483 326.18654061 -0.12892692
378.38087752 326.11755719 -0.13659978
379.24342834 326.05012159 -0.14242852
380.10073809 325.98513602 -0.14773884
380.95033115 325.92151701 -0.15614683
381.79284571 325.85791953 -0.16624261
382.63085371 325.79404937 -0.17243953
383.46366706 325.72873329 -0.17179657
384.28918660 325.66141293 -0.16454516
385.10597441 325.59300940 -0.15670093
385.91202390 325.52584213 -0.15756152
386.70607158 325.46319775 -0.16847237
387.48803843 325.40599363 -0.18230312
388.25715771 325.35317294 -0.19457449
389.01224598 325.30434511 -0.20295154
389.75293770 325.26013518 -0.20532410
390.47709430 325.22007927 -0.20516011
391.18244963 325.18301879 -0.20616543
391.86860291 325.14840632 -0.20664816
392.53456259 325.11621825 -0.20728361
393.17910903 325.08613183 -0.20862512
393.80253482 325.05793152 -0.20889974
394.40494707 325.03081138 -0.20784275
394.98579467 325.00325027 -0.20525531
395.54437660 324.97404320 -0.19975033
396.07887211 324.94292196 -0.19043579
396.58762717 324.91024294 -0.17960270
397.07118216 324.87655960 -0.17155584
397.53427892 324.84094065 -0.16700544
397.98378841 324.79876977 -0.16551174
398.42520425 324.74625420 -0.16775089
398.86250590 324.68218662 -0.17273086
399.29760597 324.60523170 -0.17790754
399.72908278 324.51293281 -0.18119555
400.15322091 324.40253817 -0.18288870
400.56973360 324.27449990 -0.18389503
400.97860833 324.12964374 -0.18084773
401.37836874 323.96838680 -0.17262667
401.77125829 323.79336566 -0.16371568
402.16092125 323.60665486 -0.15716699
402.54890337 323.40533032 -0.15456925
402.93405538 323.18327745 -0.15579044
403.31458239 322.93729664 -0.15895221
403.68966093 322.66704083 -0.16326667
404.06001422 322.37330459 -0.16677678
404.42756859 322.05710689 -0.16644350
404.79212718 321.71929760 -0.16254852
405.15067079 321.36029606 -0.15767996
405.49990498 320.97950176 -0.15376801
405.83844846 320.57512943 -0.15125606
406.16624410 320.14448056 -0.14993351
406.48185450 319.68515552 -0.15157976
406.78293593 319.19578343 -0.15764082
407.06608173 318.67585030 -0.16600159
407.32761666 318.12596599 -0.17386501
407.56535644 317.54778989 -0.17914414
407.77980411 316.94276580 -0.18151028
407.97368427 316.31191130 -0.18276622
408.14946146 315.65623668 -0.18377816
408.30970409 314.97655470 -0.18384224
408.45683841 314.27373122 -0.18320009
408.59252772 313.54824296 -0.18236341
408.71825040 312.80008245 -0.18125946
408.83533748 312.02902579 -0.17942536
408.94391170 311.23541001 -0.17595480
409.04454627 310.41957606 -0.17149017
409.13940547 309.58148889 -0.16641633
409.23033715 308.72151841 -0.16279224
409.31962616 307.83954027 -0.16343183
409.40859444 306.93453503 -0.16860946
409.49661778 306.00561837 -0.17459893
409.58287194 305.05211269 -0.17550478
409.66768179 304.07545399 -0.17231721
409.75195041 303.08059508 -0.17170950
409.83611899 302.07249486 -0.17596968
409.92143693 301.05331076 -0.18157744
410.00955374 300.02448592 -0.18556764
410.10217800 298.98813495 -0.18774895
410.20067498 297.94625347 -0.18814755
410.30582458 296.90013258 -0.18661717
410.41869305 295.85005420 -0.18344205
410.53933792 294.79664900 -0.17938011
410.66726073 293.74104661 -0.17572164
410.80251016 292.68381564 -0.17412686
410.94475477 291.62454424 -0.17492404
411.09285536 290.56280510 -0.17649898
411.24721827 289.49867160 -0.17794467
411.40848775 288.43297965 -0.18022363
411.57627581 287.36653083 -0.18280825
411.75055905 286.29950627 -0.18329329
411.93081065 285.23257517 -0.18089358
412.11658497 284.16693536 -0.17775380
412.30703777 283.10360697 -0.17668665
412.50137850 282.04269329 -0.17802432
412.69937388 280.98297798 -0.18067321
412.90000713 279.92412217 -0.18259318
413.10333601 278.86646214 -0.18267031
413.30859710 277.81063782 -0.18184501
413.51479273 276.75811192 -0.18085306
413.72251513 275.71000209 -0.17973340
413.93204282 274.66658485 -0.17880582
414.14261610 273.62730164 -0.17852961
414.35406637 272.59136200 -0.17635331
414.56700376 271.55868240 -0.17233422
414.78119352 270.53018724 -0.17152838
414.99580557 269.50651393 -0.17478978
415.21004902 268.48713246 -0.17984049
415.42429722 267.46853237 -0.18604090
415.63845386 266.44694556 -0.19228264
415.85162004 265.42136380 -0.19629544
416.06245769 264.39225921 -0.19881117
416.26915151 263.36005176 -0.20312675
416.47130760 262.32299973 -0.20791770
416.67002415 261.27972892 -0.20700501
416.86547513 260.23242425 -0.20242255
417.05716633 259.18314177 -0.20030269
417.24337808 258.13209084 -0.19725089
417.42096749 257.07982965 -0.18940922
417.58841203 256.02782987 -0.17958650
417.74580596 254.97741213 -0.17015461
417.89351985 253.92916446 -0.16117533
418.03191060 252.88363685 -0.15267541
418.16138662 251.84136381 -0.14467929
418.28237838 250.80287077 -0.13720652
418.39531850 249.76867637 -0.13027836
418.50066175 248.73927708 -0.12390534
418.59889887 247.71515753 -0.11809608
418.69051152 246.69680179 -0.11285670
418.77600781 245.68468441 -0.10819410
418.85592009 244.67926031 -0.10410674
418.93078943 243.68098316 -0.10059444
419.00117852 242.69031963 -0.09765823
419.06765459 241.70771789 -0.09528978
419.13079312 240.73363741 -0.09348502
419.19116704 239.76854511 -0.09223044
419.24938206 238.81291575 -0.09151530
419.30551855 237.86888013 -0.09127952
419.35994043 236.93955250 -0.09154137
419.41364042 236.02736836 -0.09182408
419.46580570 235.13425094 -0.09196314
419.51582362 234.26144988 -0.09298629
419.56330749 233.40891044 -0.09544816
419.60631441 232.57547563 -0.09917653
419.64293896 231.76002244 -0.10399648
419.67134580 230.96146629 -0.10971074
419.68974794 230.17877134 -0.11613061
419.69635755 229.41100567 -0.12308031
419.68936549 228.65736439 -0.13038922
419.66699351 227.91715199 -0.13787311
419.62749612 227.18985773 -0.14535470
419.56905231 226.47514754 -0.15267456
419.48988605 225.77288477 -0.15965047
419.38817173 225.08312850 -0.16613138
419.26205086 224.40623460 -0.17195724
419.10968059 223.74277290 -0.17698132
418.92916205 223.09357941 -0.18107058
418.71971250 222.46041069 -0.18415567
418.48068925 221.84623658 -0.18739894
418.21118524 221.25422228 -0.19331354
417.91084541 220.68712106 -0.20263285
417.57960942 220.14707853 -0.21300021
417.21861545 219.63572405 -0.22283343
416.83025884 219.15386874 -0.23178550
416.41625726 218.70264073 -0.23950548
415.97630844 218.28251301 -0.24678444
415.50921831 217.89255150 -0.25509212
415.01544197 217.53282988 -0.26489385
414.49702229 217.20375939 -0.27526707
413.95616176 216.90454952 -0.28634025
413.39496018 216.63409215 -0.29984505
412.81467373 216.39223368 -0.31584853
412.21649169 216.17786514 -0.33354220
411.60157490 215.98938383 -0.35165147
410.97051474 215.82550653 -0.36911193
410.32343696 215.68416632 -0.38659494
409.66016148 215.56360305 -0.40640621
408.98067238 215.46583713 -0.42945080
408.28450916 215.39350537 -0.45335573
407.57130500 215.34620245 -0.47679890
406.84161504 215.32524090 -0.50028088
406.09562132 215.33128903 -0.52333921
405.33333202 215.36303741 -0.54549277
404.55536947 215.42018543 -0.56661885
403.76257229 215.50195269 -0.58630765
402.95609287 215.60880724 -0.60499904
402.13675981 215.74196510 -0.62247691
401.30500227 215.90062137 -0.63841453
400.46084157 216.08325012 -0.65204205
399.60447198 216.28815451 -0.66432523
398.73682844 216.51325239 -0.67906621
397.85803051 216.75612951 -0.69830285
396.96756892 217.01678163 -0.72080543
396.06471852 217.29609101 -0.74163570
395.15082119 217.59557083 -0.75679573
394.22922801 217.91753286 -0.76838596
393.30116966 218.26097688 -0.78087780
392.36563800 218.62219773 -0.79479412
391.42069170 218.99780119 -0.80837044
390.46466206 219.38631024 -0.81718204
389.49744913 219.78693427 -0.81733137
388.51918915 220.19756325 -0.81155470
387.53066609 220.61601121 -0.80381080
386.53330660 221.04013255 -0.79758109
385.52756117 221.46772530 -0.79344645
384.51384136 221.89807494 -0.78858575
383.49373072 222.33059793 -0.78226371
382.46803227 222.76379411 -0.77623010
381.43657824 223.19723944 -0.76938690
380.40101656 223.63233152 -0.75903050
379.36262073 224.06887847 -0.74589577
378.32107522 224.50664775 -0.73267947
377.27558829 224.94574437 -0.71907330
376.22609589 225.38637996 -0.70410434
375.17315565 225.82980636 -0.69010665
374.11674496 226.27677625 -0.67630304
373.05673260 226.72676470 -0.66088887
371.99412187 227.17905947 -0.64401935
370.93068045 227.63246266 -0.62684021
369.86824958 228.08618323 -0.61260299
368.80821779 228.54173222 -0.59706421
367.75075771 228.99990004 -0.57654579
366.69752191 229.46243108 -0.55718041
365.64869316 229.92952909 -0.54147428
364.60208129 230.39789873 -0.52563269
363.55735026 230.86698514 -0.50869593
362.51516464 231.33771182 -0.49308609
361.47659845 231.81144132 -0.47865372
360.44190223 232.28905951 -0.46383480
359.41129684 232.77052856 -0.44908057
358.38484658 233.25553823 -0.43593373
357.36196721 233.74331077 -0.42417438
356.34257834 234.23363215 -0.41370293
355.32692986 234.72693387 -0.40351474
354.31555396 235.22402787 -0.39134182
353.30867015 235.72504252 -0.37667872
352.30588883 236.22923113 -0.36012193
351.30761907 236.73580728 -0.34375351
350.31426285 237.24370820 -0.32953433
349.32602019 237.75313822 -0.31631444
348.34220511 238.26409913 -0.30393450
347.36253783 238.77578642 -0.29192506
346.38809303 239.28845945 -0.27928613
345.41959451 239.80257562 -0.26669023
344.45751127 240.31812711 -0.25417194
343.50177861 240.83464548 -0.24161019
342.55227062 241.35119357 -0.22939742
341.60934421 241.86759662 -0.21738017
340.67401614 242.38344947 -0.20552860
339.74772090 242.89755148 -0.19450134
338.83266725 243.40990124 -0.18259297
337.93017819 243.92029158 -0.16745984
337.04113811 244.42683614 -0.14914385
336.16757152 244.92831199 -0.12976785
335.31091008 245.42335706 -0.11231066
334.47203389 245.90998759 -0.09706920
333.65257892 246.38804092 -0.08361076
332.85399798 246.85763573 -0.07161086
332.07671491 247.31758970 -0.05970175
331.32091163 247.76713008 -0.04795415
330.58670871 248.20639098 -0.03654072
329.87300639 248.63510388 -0.02571896
329.17710261 249.05130143 -0.01756987
328.49755913 249.45377266 -0.00915693
327.83442499 249.84259003 0.00170926
327.18760286 250.21646433 0.01130285
326.55628969 250.57318549 0.01770369
325.93957359 250.91093020 0.02132481
325.33828299 251.22879145 0.02440387
324.75425460 251.52575500 0.02887405
324.18900254 251.80067236 0.03447571
323.64392763 252.05263799 0.03979938
323.11888802 252.27957630 0.04349765
322.61182195 252.47832695 0.04516538
322.11959173 252.64758267 0.04512924
321.63883346 252.78762668 0.04395307
321.16707538 252.89792742 0.04286383
320.70093320 252.97885685 0.04210609
320.23777134 253.03195679 0.04152537
319.77783682 253.05679053 0.04217923
319.32208661 253.05029269 0.04475810
318.87222235 253.00906231 0.04646603
318.42976896 252.93288232 0.04541176
317.99502904 252.82508162 0.04464609
317.56865026 252.68728670 0.04487845
317.15221295 252.51743716 0.04449510
316.74579231 252.31361070 0.04285567
316.34741642 252.07831740 0.04167292
315.95535845 251.81466458 0.04161180
315.56937347 251.52155525 0.03778438
315.18984146 251.19877563 0.02832180
314.81649483 250.84707233 0.01556269
314.44935821 250.46656333 0.00108960
314.08722305 250.05924749 -0.01065506
313.72640729 249.63099160 -0.01599893
313.36463284 249.18639011 -0.01586578
313.00306543 248.72531652 -0.01343732
312.64440506 248.24527333 -0.01527893
312.28844015 247.74586841 -0.02260898
311.93119097 247.22903376 -0.02974144
311.56849086 246.69599046 -0.03436622
311.19853065 246.14735768 -0.03808953
310.82309725 245.58150901 -0.04059192
310.44317865 244.99738964 -0.04082697
310.05574785 244.39797843 -0.04088210
309.65830820 243.78514805 -0.04245600
309.25217212 243.15744232 -0.04379710
308.83920982 242.51342176 -0.04189488
308.42215499 241.85117379 -0.03824389
308.00144935 241.17096404 -0.03612149
307.57482966 240.47473687 -0.03339081
307.14351228 239.76132381 -0.02950579
306.70774754 239.03062862 -0.02591620
306.26489450 238.28467076 -0.02000115
305.81422846 237.52395208 -0.01070912
305.35780656 236.74729311 -0.00092567
304.89657227 235.95489715 0.00590650
304.43111596 235.14705833 0.00953619
303.96450920 234.32167879 0.01033236
303.49625437 233.47871987 0.00986839
303.02428179 232.62162099 0.00938882
302.54840474 231.75476222 0.00711110
302.06803774 230.88148112 0.00086506
301.58365635 230.00198048 -0.00389140
301.09513899 229.11575480 -0.00010047
300.60480554 228.22256403 0.00793499
300.11660367 227.32154811 0.01220253
299.62942856 226.41332956 0.01320254
299.14014317 225.50002184 0.01522307
298.64904873 224.58288154 0.01657416
298.15705627 223.66162720 0.01635828
297.66438978 222.73670846 0.01976521
297.17396404 221.80849512 0.02651203
296.68861447 220.87576568 0.03443936
296.20816731 219.93898778 0.04699861
295.73089762 219.00078831 0.05995617
295.25384964 218.06351890 0.06704294
294.77457920 217.12773857 0.07314001
294.29277825 216.19133786 0.08525084
293.81052983 215.25382941 0.10016279
293.33138099 214.31570257 0.11409393
292.85531366 213.37791167 0.12083748
292.38130843 212.44134905 0.12073125
291.90985477 211.50464763 0.12258611
291.43835748 210.56677676 0.12707899
290.96405417 209.62603112 0.13483121
290.48754942 208.68194170 0.13884937
290.00914030 207.73507932 0.13413737
289.52793101 206.78395837 0.12777878
289.04393543 205.82637277 0.12564272
288.55699902 204.86233877 0.12824965
288.06577540 203.89400539 0.13171035
287.57061658 202.92247338 0.12904583
287.07210332 201.94691087 0.12136497
286.57035875 200.96507527 0.11544173
286.06555176 199.97695048 0.11154470
285.55699051 198.98442810 0.10727527
285.04475217 197.98773784 0.10128598
284.52961230 196.98577553 0.09549001
284.01387055 195.97629011 0.09200551
283.49720355 194.95844807 0.09362506
282.97718485 193.93488070 0.09766226
282.45474714 192.90694568 0.09949069
281.92992187 191.87479597 0.09861326
281.40198125 190.83923846 0.09488436
280.87177115 189.80099222 0.08729519
280.33858418 188.75993146 0.07850937
279.80139655 187.71565918 0.07569478
279.26075474 186.66981855 0.07701437
278.71886540 185.62380813 0.07651045
278.17804819 184.57693727 0.07736021
277.63859603 183.52978846 0.08488958
277.10043622 182.48369148 0.09686882
276.56395197 181.43890989 0.10879341
276.03037849 180.39578517 0.11751245
275.50253279 179.35532005 0.12032158
274.98075500 178.31834898 0.11864748
274.46208263 177.28404447 0.12107326
273.94415827 176.25188879 0.13673981
273.42768463 175.22105602 0.15988860
272.91393885 174.19093766 0.17685760
272.40235590 173.16182914 0.18724465
271.89142541 172.13526780 0.19099329
271.38080740 171.11088477 0.18713466
270.86951438 170.08711130 0.18299791
270.35711681 169.06525000 0.18148442
269.84452872 168.04762465 0.17724923
269.33198769 167.03339965 0.17196424
268.82075420 166.02010895 0.17523595
268.31221750 165.00680644 0.18755580
267.80709396 163.99347132 0.19841344
267.30309517 162.98279036 0.20351365
266.79810994 161.97711743 0.20076147
266.29252810 160.97877218 0.18936261
265.78493950 159.99046942 0.17545605
265.27649037 159.00858516 0.16376276
264.77015380 158.02661499 0.16480936
264.26526850 157.04363267 0.18198686
263.76332126 156.06149664 0.20129472
263.26611374 155.08114574 0.20933013
262.77254980 154.10377650 0.20760954
262.28162323 153.13104504 0.20195685
261.79338344 152.16477582 0.19111963
261.30796473 151.20388837 0.17706870
260.82334166 150.24744067 0.16755330
260.33791767 149.29638796 0.16556595
259.85218953 148.35076754 0.17079904
259.36630401 147.41080368 0.18374994
258.88067798 146.47662276 0.20407256
258.39639783 145.54908452 0.22504668
257.91638543 144.62906289 0.23845735
257.44404572 143.71819432 0.24203792
256.98054375 142.81860359 0.23809954
256.52441682 141.93180899 0.23128076
256.07359876 141.05975441 0.22816923
255.62988152 140.20149931 0.23299910
255.19409201 139.35601469 0.24484670
254.76609469 138.52484608 0.26202796
254.34903226 137.70910550 0.27927144
253.94328607 136.90989852 0.28848766
253.54767352 136.12636435 0.29217718
253.16200078 135.35610559 0.29855772
252.78565210 134.59843508 0.31127057
252.41725206 133.85534594 0.32695036
252.05561584 133.12857816 0.34225191
251.70355684 132.41623743 0.35768320
251.36214500 131.71817881 0.37327401
251.02814195 131.03880863 0.38968291
250.70224071 130.38072510 0.40257072
250.38882378 129.74278094 0.40742593
250.08755157 129.12567294 0.40564242
249.79523872 128.53126118 0.40437968
249.51336354 127.95743632 0.41012367
249.24492419 127.40279021 0.41881827
248.98810717 126.86812278 0.42512365
248.73750978 126.35314867 0.43003389
248.49246787 125.85532782 0.43199761
248.25253735 125.37429108 0.42917259
248.01395754 124.91258449 0.42410955
247.77757314 124.46877808 0.42083890
247.54334866 124.04169788 0.42058207
247.30734006 123.63396118 0.42109828
247.06637156 123.24898968 0.42186117
246.81976333 122.88400982 0.42305716
246.56791015 122.53068200 0.42518524
246.30741966 122.18742549 0.42846449
246.03294229 121.85852937 0.43167471
245.74295874 121.54668467 0.43275754
245.43931210 121.25192710 0.43089298
245.12475708 120.97246547 0.42761961
244.80106366 120.70689413 0.42652474
244.46682881 120.45726769 0.42841758
244.12003144 120.22563367 0.42930424
243.75834263 120.00887500 0.42496029
243.37823480 119.80393887 0.41705852
242.97788559 119.61289855 0.41269734
242.55707932 119.43847393 0.41063654
242.11715446 119.28116819 0.40652055
241.65920644 119.14380087 0.39877180
241.18395983 119.03000623 0.38573715
240.69203691 118.94174374 0.37075115
240.18367861 118.87985558 0.35724106
239.66008430 118.84384760 0.34610603
239.12260631 118.83342716 0.33908042
238.57227654 118.84949555 0.33510776
238.01040318 118.89491017 0.32975574
237.43875522 118.97113858 0.32154999
236.85880430 119.07530860 0.31564417
236.27193813 119.20468675 0.31310762
235.67976542 119.35950190 0.30741907
235.08282775 119.54084846 0.29613792
234.48040929 119.74934963 0.28282454
233.87160577 119.98366147 0.27094688
233.25516046 120.23937665 0.26386427
232.63030548 120.51325821 0.26193700
231.99611214 120.80519468 0.25966271
231.35055327 121.11546802 0.25350509
230.69279092 121.44367588 0.24523679
230.02305100 121.78923028 0.23966636
229.33948335 122.14947252 0.23760380
228.64135439 122.52086099 0.23130523
227.93007258 122.90647715 0.22103320
227.20557042 123.30888917 0.21207159
226.46672513 123.72443126 0.20374579
225.71378162 124.15423125 0.19966981
224.94623720 124.59892879 0.20312627
224.16149929 125.05272685 0.21350644
223.35944866 125.51359063 0.22649499
222.54228081 125.98262408 0.23785350
221.71184832 126.45714454 0.24288695
220.87151568 126.93655794 0.23841261
220.02401363 127.42187553 0.22853140
219.16891433 127.91158369 0.22325520
218.30770224 128.40497994 0.22930856
217.44320274 128.90002959 0.23952046
216.57517116 129.39404530 0.24792462
215.70336180 129.88701429 0.25439408
214.82921344 130.37886676 0.26047305
213.95381727 130.86703484 0.26131282
213.07742867 131.35096108 0.25323585
212.19962891 131.83249514 0.24539658
211.32002597 132.31157193 0.24641733
210.43920855 132.78682908 0.25516644
209.55956386 133.25851073 0.26446871
208.68340670 133.72621702 0.26854082
207.81095503 134.18926228 0.26487621
206.94060987 134.64680474 0.25758597
206.07195898 135.10093072 0.25546912
205.20492136 135.55219483 0.25879750
204.33715617 135.99969872 0.26649559
203.47025612 136.44657120 0.28278507
202.60790902 136.89237301 0.30269055
201.74935549 137.33388873 0.31404209
200.89470475 137.77183983 0.31719324
200.04481939 138.20977165 0.32304374
199.19832525 138.64565379 0.33092993
198.35433180 139.07741186 0.33828440
197.51417371 139.50875055 0.34894085
196.67797008 139.93859527 0.36162576
195.84537167 140.36136222 0.37159077
195.01790729 140.77842164 0.37635970
194.19623972 141.19221952 0.37899068
193.38116158 141.60102931 0.38545845
192.57551891 142.00461795 0.39326764
191.78279389 142.40270158 0.39720670
191.00574329 142.79364800 0.40104089
190.24573346 143.17533085 0.40708554
189.50395749 143.54680083 0.41314570
188.78212572 143.90964098 0.41967431
188.08033672 144.26375394 0.42620587
187.39926231 144.60687638 0.43121782
186.74148213 144.93821149 0.43657534
186.10917293 145.25949276 0.44168855
185.50360309 145.57258678 0.44310369
184.92570592 145.87655438 0.44328733
184.37643920 146.16961111 0.44633623
183.85656529 146.45123172 0.44862413
183.36633216 146.72246928 0.44594442
182.90392433 146.98549603 0.44029636
182.46608225 147.24202471 0.43538211
182.04874500 147.49361228 0.43297062
181.64706389 147.74127950 0.43197139
181.25619110 147.98759347 0.43104769
180.87315617 148.23759371 0.43000562
180.49751056 148.49486070 0.43027487
180.13033976 148.76117994 0.43251705
179.77293363 149.03759111 0.43283113
179.42448505 149.32276615 0.42790215
179.08457943 149.61590808 0.42054438
178.75482621 149.91896278 0.41422492
178.43762750 150.23381640 0.40956895
178.13511881 150.56059316 0.40670098
177.84840692 150.89860971 0.40279224
177.57754841 151.24788387 0.39491628
177.31968633 151.61050709 0.38487796
177.07462614 151.99341431 0.37739643
176.84408730 152.40038640 0.37314170
176.62652794 152.82784728 0.36945122
176.42091623 153.27217606 0.36721871
176.23182426 153.73250735 0.36523750
176.06442742 154.20757612 0.36201298
175.91835705 154.69482896 0.35573779
175.79435472 155.19239069 0.34507445
175.69451527 155.69832912 0.32926985
175.62121246 156.21206485 0.31302958
175.57871025 156.73378823 0.29993960
175.56702233 157.26140912 0.29069480
175.57935609 157.79231306 0.28692210
175.60897703 158.32446880 0.28749528
175.65712609 158.85650328 0.28904606
175.72848522 159.38712879 0.28721294
175.82382426 159.91502416 0.28332586
175.94051173 160.43947756 0.27930188
176.07335698 160.96054284 0.27395149
176.22056462 161.47852491 0.26671777
176.38613803 161.99246388 0.26002182
176.57172852 162.50086991 0.25237078
176.77298446 163.00442709 0.24396140
176.98631261 163.50496881 0.23725754
177.21150604 164.00220662 0.23287825
177.44960955 164.49389863 0.23314116
177.69685016 164.98050978 0.23657071
177.94659081 165.46481574 0.23817709
178.19664618 165.94766174 0.23566910
178.44993944 166.42845612 0.22931556
178.70999695 166.90569880 0.22132525
178.97160701 167.38031159 0.21137395
179.22589371 167.85587329 0.19969168
179.46922330 168.33379923 0.18936850
179.70337469 168.81254980 0.17740551
179.92939356 169.29073933 0.16253989
180.14351127 169.76995496 0.15045055
180.33962830 170.25196631 0.14094699
180.51639986 170.73418052 0.13247268
180.67426794 171.21386249 0.12388235
180.80932350 171.69146940 0.11335582
180.91970332 172.16779431 0.10128799
181.00420119 172.64227585 0.08611526
181.05966607 173.11335622 0.06943697
181.08553010 173.58043487 0.05605459
181.08332639 174.04284828 0.04695960
181.05424664 174.49929134 0.03832628
180.99965396 174.95066841 0.03000467
180.91953283 175.39773248 0.02200634
180.81064922 175.83796212 0.01104842
180.67011753 176.26819617 -0.00371775
180.49838433 176.68650757 -0.02157897
180.30061489 177.09491212 -0.04383745
180.08084308 177.49719966 -0.07287584
179.83724661 177.89393405 -0.10525783
179.56412215 178.28160299 -0.13648318
179.25634213 178.65468964 -0.16443034
178.91565544 179.01150737 -0.18804696
178.54858433 179.35453349 -0.21119844
178.16005373 179.68598829 -0.23579933
177.75178306 180.00708066 -0.26072411
177.32301016 180.31673227 -0.28766685
176.87269278 180.61547483 -0.31585382
176.40191755 180.90649487 -0.34236031
175.91190779 181.19301974 -0.36617967
175.40436523 181.48014972 -0.38763612
174.88044124 181.77147037 -0.40833670
174.33856236 182.06666286 -0.42903148
173.77689070 182.36499507 -0.44814187
173.19602456 182.66894655 -0.46595668
172.59676845 182.98171093 -0.48318826
171.97943153 183.30522500 -0.49936445
171.34467685 183.64033609 -0.51538209
170.69271481 183.98693926 -0.53245752
170.02322187 184.34456269 -0.55058701
169.33586022 184.71222104 -0.56845821
168.63086777 185.08857509 -0.58427691
167.90960887 185.47446292 -0.59749013
167.17316742 185.87072733 -0.60974492
166.42225786 186.27654077 -0.62193261
165.65717274 186.69089570 -0.63424509
164.87728055 187.11319693 -0.64674941
164.08207309 187.54350740 -0.65804061
163.27113005 187.98083427 -0.66670516
162.44457721 188.42312589 -0.67589713
161.60307224 188.86904807 -0.68876006
160.74702038 189.31950039 -0.70389054
159.87585142 189.77512390 -0.71750284
158.98884529 190.23653512 -0.72506345
158.08665362 190.70450815 -0.72720777
157.17026771 191.17817518 -0.73259993
156.24043684 191.65651865 -0.74578234
155.29792962 192.13873932 -0.76269028
154.34339364 192.62445327 -0.77954887
153.37792928 193.11318471 -0.79325120
152.40440826 193.60272181 -0.80276280
151.42806914 194.09219829 -0.81002891
150.45258596 194.58249359 -0.81537199
149.47906709 195.07302423 -0.81618841
148.50811612 195.56429342 -0.81372534
147.53938091 196.05662059 -0.81053880
146.57215380 196.55029274 -0.80589710
145.60776290 197.04567813 -0.80259363
144.64655028 197.53845302 -0.80117376
143.68807273 198.02764596 -0.80057443
142.73173381 198.51436118 -0.79932388
141.77617618 198.99553786 -0.79678345
140.82324054 199.47033118 -0.79618429
139.87442883 199.93824789 -0.79952707
138.93016911 200.39890596 -0.80534387
137.99208758 200.85378252 -0.80785776
137.06151366 201.30364290 -0.80530791
136.13903684 201.74780824 -0.79909723
135.22601969 202.18520447 -0.79172504
134.32467425 202.61546927 -0.78697410
133.43681032 203.03825561 -0.78634779
132.56296148 203.45284220 -0.78817017
131.70438645 203.85990549 -0.78874556
130.86271006 204.25958898 -0.78716080
130.03860970 204.65081500 -0.78534121
129.23329748 205.03411030 -0.78307984
128.44818772 205.40986493 -0.77918256
127.68478368 205.77708955 -0.77509636
126.94406457 206.13445736 -0.77285646
126.22680496 206.48209799 -0.77267852
125.53336144 206.82027341 -0.77351826
124.86260843 207.14745723 -0.77337929
124.21452812 207.46290001 -0.77187584
123.59061586 207.76774021 -0.77008629
122.99178213 208.06260048 -0.76859393
122.41934088 208.34745615 -0.76800494
121.87482074 208.62197123 -0.76784963
121.35924294 208.88515795 -0.76679520
120.87372578 209.13757165 -0.76588293
120.41941594 209.38022382 -0.76697602
119.99711683 209.61287503 -0.77012531
119.60666143 209.83523786 -0.77437733
119.24701849 210.04673572 -0.77847436
118.91635570 210.24809421 -0.78225791
118.61194261 210.44069621 -0.78607419
118.33298772 210.62529609 -0.79021672
118.07987434 210.80276873 -0.79460944
117.85001465 210.97247146 -0.79777017
117.64056619 211.13410859 -0.79953791
117.44893698 211.28912681 -0.80185003
117.26859182 211.44059074 -0.80499435
117.09430996 211.59200834 -0.80782875
116.92478633 211.74454813 -0.80975834
116.75931174 211.89857799 -0.81141452
116.59817586 212.05470764 -0.81356156
116.44316025 212.21399684 -0.81476498
116.29539001 212.37723491 -0.81159019
116.15346046 212.54290279 -0.80366250
116.01680349 212.71030562 -0.79637330
115.88413675 212.88262963 -0.79460052
115.74995374 213.06550545 -0.79747172
115.61078040 213.26442691 -0.79972912
115.46652968 213.48235389 -0.79546452
115.31730218 213.72022839 -0.78468600
115.16254855 213.97741788 -0.77289843
115.00385220 214.25433588 -0.76345303
114.84557106 214.55278838 -0.75718883
114.69163848 214.87331782 -0.75246718
114.54780013 215.21724295 -0.74571438
114.41775533 215.58458549 -0.73737016
114.30179082 215.97344581 -0.73130752
114.20112873 216.38293869 -0.73181346
114.11766437 216.81410823 -0.73909538
114.05401961 217.26964085 -0.74855588
114.01404784 217.75144140 -0.75558644
114.00367488 218.25946325 -0.75850108
114.02660902 218.79193368 -0.75684943
114.08201688 219.34725713 -0.75418937
114.16958513 219.92439427 -0.75718330
114.28940817 220.52219773 -0.76731586
114.44233493 221.13977319 -0.77853576
114.63159424 221.77577476 -0.78564336
114.85913298 222.42763095 -0.79072838
115.12474592 223.09296633 -0.79746471
115.42625308 223.77119451 -0.80740323
115.75923323 224.46275996 -0.81874305
116.11871605 225.16832079 -0.83001496
116.50020376 225.88854971 -0.84201814
116.90044992 226.62397078 -0.85512928
117.31572943 227.37531031 -0.86893179
117.74309512 228.14321078 -0.88215609
118.18194876 228.92758400 -0.89361813
118.63187667 229.72802682 -0.90313628
119.09252104 230.54449346 -0.91171148
119.56303390 231.37689132 -0.92139558
120.04240989 232.22479308 -0.93355785
120.52987954 233.08807462 -0.94838718
121.02430704 233.96759844 -0.96358691
121.52540168 234.86488782 -0.97442634
122.03445146 235.78119283 -0.97638092
122.55284926 236.71671757 -0.97050099
123.08184012 237.66928460 -0.96558858
123.62132670 238.63603466 -0.97049286
124.16931165 239.61674687 -0.98518020
124.72434580 240.61277774 -0.99976741
125.28539165 241.62438758 -1.00468432
125.85182226 242.64908928 -0.99849154
126.42380695 243.68355036 -0.98607904
127.00094320 244.72634863 -0.97491264
127.58353393 245.77672872 -0.97357195
128.17193267 246.83459848 -0.98213852
128.76596577 247.90101674 -0.99276028
129.36582873 248.97683378 -0.99918988
129.97041825 250.06277974 -0.99817812
130.57926940 251.15712233 -0.99188511
131.19081852 252.25670703 -0.98517574
131.80475575 253.35888003 -0.98379733
132.42139950 254.46297576 -0.98612812
133.03987282 255.56984917 -0.98391781
133.66039183 256.67996819 -0.97522717
134.28315869 257.79441156 -0.96261541
134.90817818 258.91349849 -0.95084603
135.53567512 260.03583034 -0.94355340
136.16714022 261.15963158 -0.94124670
136.80330789 262.28386227 -0.94255969
137.44362513 263.40854257 -0.94441257
138.08867570 264.53415643 -0.94316942
138.73822761 265.66176887 -0.93562632
139.39144901 266.79197984 -0.92237188
140.04818473 267.92418396 -0.90908162
140.70811033 269.05887591 -0.89968822
141.37114199 270.19719011 -0.89228716
142.03654449 271.33791551 -0.88863103
142.70390089 272.47914031 -0.89195987
143.37299089 273.62124568 -0.89828620
144.04346137 274.76569312 -0.89949357
144.71531782 275.91274514 -0.89459828
145.38921115 277.06208257 -0.88477764
146.06444989 278.21423693 -0.87134495
146.74063637 279.36899962 -0.85913153
147.41639394 280.52611655 -0.85006786
148.09050275 281.68567977 -0.84373683
148.76291613 282.84726382 -0.83826979
149.43307702 284.01002859 -0.83269893
150.09956714 285.17434539 -0.82703469
150.76158495 286.33983088 -0.82074051
151.41897603 287.50475274 -0.81848428
152.07124000 288.66960190 -0.81789129
152.71873870 289.83483680 -0.81079764
153.36106914 291.00015499 -0.80066789
153.99797424 292.16472935 -0.79384880
154.62901267 293.32801154 -0.79040657
155.25529454 294.48909856 -0.78880729
155.87693037 295.64669201 -0.78905499
156.49209653 296.80162459 -0.78912978
157.10036102 297.95442097 -0.78605970
157.70127730 299.10480580 -0.77943380
158.29475748 300.25289709 -0.77138309
158.88058804 301.39713275 -0.76426910
159.45748654 302.53540084 -0.76097788
160.02455443 303.66564272 -0.75934758
160.58002775 304.78587704 -0.75391645
161.12339276 305.89400114 -0.74340199
161.65555381 306.98799502 -0.72993094
162.17593216 308.06621330 -0.71699768
162.68441969 309.12645890 -0.70723651
163.18078309 310.16732206 -0.70120065
163.66506167 311.18930041 -0.69774245
164.13832967 312.19462076 -0.69406871
164.60255290 313.18592046 -0.68782835
165.05886251 314.16474644 -0.67790881
165.50696186 315.13033826 -0.66563192
165.94751254 316.07954471 -0.65352414
166.38155853 317.01048699 -0.64175487
166.80891011 317.92293469 -0.62742373
167.22881464 318.81631963 -0.60950163
167.64221242 319.68938820 -0.59053168
168.04870407 320.54098913 -0.57231318
168.44678743 321.37099621 -0.55433867
168.83715934 322.17906175 -0.53687040
169.21792742 322.96487777 -0.51986626
169.58821745 323.72737192 -0.50325914
169.94879227 324.46560012 -0.48927916
170.29857472 325.18009421 -0.47713224
170.63869438 325.87108928 -0.46414292
170.96983956 326.53877638 -0.44603479
171.29044164 327.18305274 -0.42023975
171.59923398 327.80280757 -0.39458605
171.89591582 328.39684934 -0.37527879
172.17909672 328.96590044 -0.35852386
172.44678713 329.51112361 -0.34034140
172.69772568 330.03431625 -0.31958903
172.93292949 330.53885796 -0.29677680
173.15534544 331.02702054 -0.27318728
173.36570275 331.49992559 -0.24945267
173.56164411 331.96012078 -0.22616310
173.74100449 332.41162338 -0.20368841
173.90267126 332.85821222 -0.18170260
174.04290940 333.30349278 -0.16049605
174.15970058 333.74751388 -0.14131654
174.25103640 334.18971172 -0.12199623
174.31273725 334.63104278 -0.10146028
174.34251313 335.07172997 -0.08290160
174.33895139 335.51113855 -0.06792698
174.30274054 335.94744611 -0.05572658
174.23570510 336.37881985 -0.04513455
174.13886302 336.80613354 -0.03679804
174.00898327 337.22928406 -0.03307056
173.84123080 337.64643141 -0.03214141
173.63565970 338.05708821 -0.03027899
173.39811784 338.46119025 -0.02808395
173.13037808 338.85452830 -0.02670358
172.82706236 339.22943734 -0.02589329
172.48482552 339.58285242 -0.02802621
172.10370341 339.91541027 -0.03590277
171.68676851 340.22766422 -0.04408482
171.23663254 340.51670724 -0.04080884
170.75542723 340.78073550 -0.02231473
170.24865866 341.02364909 -0.00100499
169.72119097 341.24906111 0.00944394
169.17354775 341.45872621 0.01203676
168.60539655 341.65648185 0.01398794
168.01855540 341.84780529 0.01580261
167.41542822 342.03657401 0.01972160
166.79731345 342.22426664 0.02464889
166.16485210 342.41333983 0.02096128
165.51639718 342.60705514 0.00740879
164.84979766 342.80881284 -0.00332595
164.16386258 343.01972984 -0.00134645
163.45806608 343.23701924 0.00954080
162.73350831 343.46029581 0.01991462
161.99138215 343.69120636 0.02699678
161.23325050 343.93204272 0.03274133
160.46010794 344.18531416 0.03820060
159.67253709 344.45364906 0.04365708
158.87178238 344.73963328 0.04966036
158.05840177 345.04335393 0.05750007
157.23367673 345.36421235 0.06434419
156.39928910 345.70403601 0.06458947
155.55571982 346.06455152 0.06137780
154.70194972 346.44534487 0.06078801
153.83697754 346.84394073 0.06285507
152.96103678 347.25811323 0.06231375
152.07427443 347.68546151 0.05679879
151.17643762 348.12258197 0.04652959
150.26766418 348.56854403 0.03146903
149.34923627 349.02602797 0.01737643
148.42178881 349.49661620 0.00721113
147.48619769 349.97988297 0.00029030
146.54314726 350.47426056 -0.00480184
145.59319291 350.97785719 -0.01047514
144.63849338 351.49053958 -0.01591014
143.68088089 352.01279412 -0.02124204
142.72289435 352.54483568 -0.02787578
141.76551257 353.08453791 -0.03524842
140.80777968 353.63122151 -0.04401006
139.84751546 354.18412616 -0.05309746
138.88395968 354.74177851 -0.05933425
137.91890226 355.30371236 -0.06546055
136.95241009 355.86805447 -0.07699306
135.98653222 356.43419511 -0.09234489
135.02400476 357.00299342 -0.10618921
134.06312085 357.57642901 -0.12045307
133.10218429 358.15061639 -0.13133538
132.14316679 358.72173494 -0.14097634
131.18719607 359.29108059 -0.15566989
130.23208048 359.85781623 -0.16902525
129.27738276 360.42240448 -0.17791308
128.32484389 360.98585283 -0.18481418
127.37606162 361.54864110 -0.19212927
126.43177533 362.11079878 -0.20090976
125.49165414 362.67146956 -0.21185533
124.55561916 363.23039958 -0.22390143
123.62378287 363.78787964 -0.23438097
122.69631940 364.34349986 -0.24154924
121.77424199 364.89628356 -0.24567057
120.86024700 365.44459469 -0.24817405
119.95679998 365.98640564 -0.25169809
119.06563485 366.51978897 -0.25757138
118.18765289 367.04345044 -0.26544608
117.32268974 367.55640991 -0.27354613
116.46985379 368.05859277 -0.27790311
115.62956390 368.54813251 -0.27776511
114.80254633 369.02216428 -0.27546522
113.98907462 369.48057123 -0.27537872
113.18687715 369.92301990 -0.27579832
112.39094175 370.35275931 -0.27469736
111.59672570 370.77378628 -0.27406919
110.80088544 371.18583457 -0.27409134
110.00139679 371.58716853 -0.27489522
109.19699708 371.97488635 -0.27560969
108.38713730 372.34641718 -0.27888256
107.57079492 372.70002354 -0.28632372
106.74766089 373.03692050 -0.29552181
105.91479110 373.35867828 -0.30325219
105.06834716 373.66677556 -0.30709359
104.20853284 373.96553747 -0.30600742
103.33635716 374.25744706 -0.30245509
102.45208430 374.54320011 -0.30005661
101.55693526 374.82512126 -0.29891161
100.65283378 375.10620449 -0.29598795
99.73935575 375.38829344 -0.29012258
98.81536468 375.67292257 -0.28228340
97.87775835 375.96201776 -0.27087946
96.92376526 376.25848335 -0.26233434
95.95660493 376.56354030 -0.26366413
94.98172560 376.88117973 -0.28150189
93.99554271 377.21275834 -0.30639467
92.99387380 377.55754032 -0.31397609
91.98434590 377.91919782 -0.30960461
90.96941429 378.29573709 -0.31272507
89.94489207 378.68197789 -0.33061011
88.90820643 379.07643360 -0.34941455
87.85830561 379.48119953 -0.35356337
86.79913602 379.89722931 -0.34940729
85.73623531 380.32494524 -0.35120891
84.67251845 380.76734211 -0.35695397
83.60373392 381.22558974 -0.35173908
82.52615921 381.69763956 -0.33191509
81.44270904 382.18106223 -0.30717228
80.35810488 382.67387897 -0.29223398
79.27587458 383.17445274 -0.29033425
78.19660800 383.68169970 -0.29068745
77.12059702 384.19554271 -0.28660852
76.04675724 384.71581754 -0.27795238
74.97322618 385.24130528 -0.26691795
73.89902372 385.76925085 -0.25712829
72.82549868 386.29870355 -0.25291981
71.75397785 386.83100450 -0.25250687
70.68226486 387.36598732 -0.24443833
69.60646963 387.90151210 -0.22392090
68.52411514 388.43337597 -0.20117999
67.43498418 388.95759850 -0.18578653
66.34052689 389.47530831 -0.17590252
65.24266866 389.99059953 -0.16483232
64.14275711 390.50577944 -0.15037120
63.04117675 391.02218719 -0.13138911
61.93823761 391.54044864 -0.10931872
60.83437587 392.05856119 -0.09136706
59.72930274 392.57410872 -0.08386307
58.62455375 393.08875839 -0.08427441
57.52134413 393.60513332 -0.08176487
56.41818709 394.12362623 -0.06861158
55.31487285 394.64302206 -0.04889130
54.21290510 395.16151716 -0.03148920
53.11009592 395.67578238 -0.02002686
52.00450111 396.18315278 -0.01443252
50.89820762 396.68551457 -0.01193083
49.79138285 397.18246762 -0.01146581
48.68483362 397.67465162 -0.01070090
47.58006038 398.16460970 -0.00720646
46.47708057 398.65346158 0.00103017
45.37625471 399.14047644 0.01655695
44.27808054 399.62367740 0.03190873
43.18335773 400.10226685 0.04001851
42.09302832 400.57583201 0.04373888
41.00738158 401.04618963 0.04731610
39.92603950 401.51522971 0.05384655
38.85010476 401.98323728 0.06365702
37.78183352 402.44939959 0.07089225
36.72009767 402.91194188 0.07428411
35.66364510 403.37279250 0.08348794
34.60973519 403.83285520 0.10332322
33.55574628 404.28921582 0.12535014
32.50351654 404.74258663 0.14061620
31.45244088 405.19469833 0.15224297
30.40308472 405.64855530 0.17075139
29.35871281 406.10744291 0.19578238
28.32074809 406.57148991 0.21856703
27.28940939 407.04037754 0.23715173
26.26452171 407.51373416 0.25409314
25.24573230 407.99148238 0.27248155
24.23143397 408.47399918 0.29131631
23.22014468 408.96042809 0.30966655
22.21284022 409.45095661 0.33043572
21.20988386 409.94510910 0.34582736
20.21173470 410.44259770 0.35126732
19.22000166 410.94674959 0.35243114
18.22961066 411.45545097 0.35367811
17.23716150 411.96600393 0.35679506
16.24559179 412.47937925 0.35738816
15.25608538 412.99672691 0.35384880
14.26978989 413.52116936 0.34989884
13.28800849 414.05437854 0.34817297
12.31227790 414.59660417 0.34675750
11.34224190 415.14724277 0.34413990
10.37685726 415.70544761 0.34026347
9.41581588 416.26957112 0.33375106
8.45903713 416.83763242 0.32446245
7.50652350 417.40873618 0.31351504
6.55782768 417.98261436 0.30342736
5.61426736 418.55960075 0.29439473
4.67713203 419.13803866 0.28216060
3.74603952 419.71785388 0.26582231
2.82025769 420.30075110 0.25020421
1.89918004 420.88526662 0.23738046
0.98463180 421.47122971 0.22360188
0.07806575 422.05963731 0.20900804
-0.82090670 422.65050598 0.19725383
-1.71072664 423.24313935 0.18733727
-2.58969140 423.83580397 0.17520241
-3.45743838 424.42655046 0.15871732
-4.31251912 425.01411100 0.13932416
-5.15146875 425.59767503 0.11810762
-5.97205832 426.17642394 0.09596907
-6.77310288 426.74997800 0.07571086
-7.55430762 427.31687107 0.05797630
-8.31813679 427.87564745 0.04018565
-9.06823510 428.42792953 0.02153524
-9.80696144 428.97640532 0.00386207
-10.53358675 429.52081247 -0.01341409
-11.24625006 430.05606625 -0.03381514
-11.94499671 430.57801469 -0.05995563
-12.63108883 431.08841891 -0.08950878
-13.30653921 431.58979610 -0.10912190
-13.96813318 432.08173185 -0.11717245
-14.61289281 432.55968454 -0.12917777
-15.24156901 433.02050631 -0.15428094
-15.85160226 433.46758855 -0.18420134
-16.44112025 433.90221318 -0.20779811
-17.00989624 434.32159851 -0.22679986
-17.55806259 434.72480433 -0.25034788
-18.08487410 435.11486180 -0.27941816
-18.58900578 435.49580215 -0.30042997
-19.07190701 435.86792046 -0.30881958
-19.53654046 436.22886873 -0.31414878
-19.98448307 436.57691832 -0.32397271
-20.41751641 436.91168024 -0.33796452
-20.83870657 437.23296084 -0.35439420
-21.25110742 437.54116324 -0.37263192
-21.65712049 437.83752590 -0.39118440
-22.05825990 438.12277304 -0.40820662
-22.45536491 438.39615056 -0.42301980
-22.84992561 438.65619183 -0.43586007
-23.24342604 438.90220551 -0.44776594
-23.63498645 439.13396120 -0.46119739
-24.02401563 439.35146640 -0.47635560
-24.41167477 439.55611273 -0.49094379
-24.79972840 439.75271682 -0.50445504
-25.19113450 439.94598944 -0.51617336
-25.58909141 440.13722785 -0.52604369
-25.99473490 440.32670620 -0.53515860
-26.40649150 440.51445678 -0.54357921
-26.82308479 440.70057877 -0.55174077
-27.24434107 440.88524037 -0.55995976
-27.67045539 441.06876019 -0.56798083
-28.10145323 441.25201899 -0.57603605
-28.53828484 441.43707173 -0.58443095
-28.98241025 441.62790607 -0.59332925
-29.43280806 441.82818091 -0.60208999
-29.88687833 442.03950315 -0.60970477
-30.34244443 442.26156344 -0.61589047
-30.79905283 442.49246730 -0.62115742
-31.25542178 442.72998448 -0.62617248
-31.70848177 442.97278677 -0.63151653
-32.15824153 443.22004685 -0.63814727
-32.60568824 443.47101017 -0.64607654
-33.04804918 443.72628030 -0.65392398
-33.48214367 443.98598004 -0.66034745
-33.90768328 444.24894230 -0.66571095
-34.32523526 444.51457358 -0.67070662
-34.73689001 444.78310312 -0.67573608
-35.14294730 445.05369066 -0.68107201
-35.53913363 445.32386338 -0.68594136
-35.92255848 445.58971913 -0.69037417
-36.29484817 445.84711338 -0.69572354
-36.65845128 446.09276423 -0.70260110
-37.01337865 446.32441973 -0.71075736
-37.35745291 446.54106931 -0.72107286
-37.68849956 446.74509098 -0.73342977
-38.00751729 446.94183910 -0.74233580
-38.31760297 447.13373331 -0.74450538
-38.62256851 447.31931754 -0.74500954
-38.92396020 447.49663000 -0.74770424
-39.22078000 447.66443137 -0.75187330
-39.51348123 447.82137749 -0.75654737
-39.80259716 447.96629436 -0.76137241
-40.08781323 448.09866527 -0.76669375
-40.37068461 448.22183140 -0.77395182
-40.65474418 448.34022156 -0.78217988
-40.94226734 448.45458660 -0.78894927
-41.23322959 448.56408095 -0.79317729
-41.52804402 448.66746702 -0.79461594
-41.82682761 448.76319072 -0.79377784
-42.13045852 448.84939695 -0.79156033
-42.44186782 448.92458327 -0.78854983
-42.76332281 448.98732430 -0.78472941
-43.09552121 449.03566746 -0.78133228
-43.43786596 449.06889740 -0.77995055
-43.79128015 449.08632737 -0.78118213
-44.15639758 449.08539980 -0.77978993
-44.53437175 449.06311208 -0.77162219
-44.92819188 449.01566002 -0.75931082
-45.33978457 448.93984718 -0.74680082
-45.76912598 448.83399456 -0.73574488
-46.21481878 448.69733628 -0.72378286
-46.67709689 448.52738065 -0.71094422
-47.15725487 448.32030473 -0.69989227
-47.65631257 448.07351133 -0.69229772
-48.17376462 447.78544310 -0.68792795
-48.70779929 447.45567972 -0.68540759
-49.25636081 447.08471230 -0.68427300
-49.81657355 446.67434151 -0.68477475
-50.38632706 446.22601232 -0.68815467
-50.96492974 445.73885825 -0.69540597
-51.55057556 445.21365452 -0.70553300
-52.14187001 444.65243892 -0.71916026
-52.73865058 444.05592955 -0.73558808
-53.34036692 443.42472533 -0.75072387
-53.94674198 442.75891308 -0.76017676
-54.55852802 442.05777434 -0.76680586
-55.17579776 441.32065823 -0.77880390
-55.79801451 440.54937021 -0.79732161
-56.42493506 439.74676313 -0.82020950
-57.05595365 438.91685760 -0.84500737
-57.69041161 438.06766990 -0.86539019
-58.32727155 437.20466590 -0.87878296
-58.96622737 436.32897095 -0.88981176
-59.60777968 435.44095243 -0.90164388
-60.25193857 434.54024803 -0.91268512
-60.89729822 433.62730767 -0.92235052
-61.54242782 432.70293720 -0.93204539
-62.18603334 431.76758866 -0.94212945
-62.82643378 430.82197704 -0.95190431
-63.46298831 429.86776672 -0.96165833
-64.09562050 428.90646430 -0.97243206
-64.72531042 427.93888625 -0.98304775
-65.35325469 426.96552041 -0.99186263
-65.98062361 425.98579436 -0.99813311
-66.60948727 424.99996168 -1.00349101
-67.24045496 424.00966430 -1.00920721
-67.87177179 423.01486810 -1.01666298
-68.49921654 422.01536191 -1.03108580
-69.11977270 421.00982889 -1.05425076
-69.73248736 419.99695657 -1.07733391
-70.33756997 418.97871499 -1.08919917
-70.93631543 417.95742004 -1.08504042
-71.52937380 416.93363840 -1.07249676
-72.11729062 415.90639924 -1.06742299
-72.70025662 414.87404166 -1.07477659
-73.27868204 413.83724433 -1.08904207
-73.85312893 412.79748048 -1.10441702
-74.42410118 411.75438363 -1.11747792
-74.99237351 410.70770870 -1.12924796
-75.55807264 409.65727730 -1.14174183
-76.12050595 408.60429644 -1.15481080
-76.67981828 407.54922666 -1.16900138
-77.23607604 406.49198444 -1.18405816
-77.78958558 405.43274064 -1.19858565
-78.34106565 404.37075481 -1.21148035
-78.88970365 403.30745572 -1.22310293
-79.43423063 402.24409753 -1.23450545
-79.97457378 401.18036143 -1.24543440
-80.51160734 400.11598518 -1.25395254
-81.04475754 399.05103708 -1.26007726
-81.57391412 397.98462212 -1.26897575
-82.10063441 396.91584977 -1.27932797
-82.62581780 395.84521823 -1.28653383
-83.14883275 394.77342785 -1.29332880
-83.66963250 393.70080270 -1.30231545
-84.18889290 392.62741876 -1.31222047
-84.70657131 391.55346140 -1.32060099
-85.22210167 390.47959956 -1.32626074
-85.73488045 389.40618668 -1.32980563
-86.24460568 388.33343015 -1.33333734
-86.75131750 387.26121296 -1.33784313
-87.25544382 386.18820156 -1.34100106
-87.75690518 385.11358389 -1.34198904
-88.25545170 384.03688910 -1.34208421
-88.75031678 382.95900082 -1.34230661
-89.24056927 381.88081583 -1.34263836
-89.72596393 380.80194705 -1.34297885
-90.20648227 379.72206633 -1.34310507
-90.68228155 378.64081092 -1.34262610
-91.15314035 377.55740628 -1.34245531
-91.61883154 376.47164062 -1.34349393
-92.07936730 375.38342066 -1.34555539
-92.53411685 374.29260112 -1.34855856
-92.98262952 373.19923295 -1.35233078
-93.42460423 372.10345354 -1.35568521
-93.85972406 371.00602226 -1.35708798
-94.28761278 369.90701723 -1.35658662
-94.70751114 368.80623803 -1.35623660
-95.11928787 367.70315541 -1.35819894
-95.52292860 366.59748946 -1.36187553
-95.91873550 365.48897263 -1.36486081
-96.30689467 364.37736016 -1.36599469
-96.68732743 363.26241054 -1.36683654
-97.05987088 362.14386872 -1.37027848
-97.42425995 361.02143263 -1.37752959
-97.78085644 359.89478032 -1.38767998
-98.12986852 358.76495169 -1.39796419
-98.47106809 357.63318763 -1.40625270
-98.80457199 356.49963137 -1.41118071
-99.13111960 355.36364586 -1.41318828
-99.45137307 354.22355349 -1.41499068
-99.76481424 353.07856345 -1.41866740
-100.06946869 351.92950506 -1.42512357
-100.36320102 350.77636846 -1.43489447
-100.64483807 349.61934723 -1.44599314
-100.91459972 348.45816113 -1.45527166
-101.17416626 347.29133452 -1.46287422
-101.42459152 346.11900632 -1.47054596
-101.66700615 344.94144747 -1.47845403
-101.90186775 343.75814431 -1.48660197
-102.12743631 342.57020232 -1.49682985
-102.34318241 341.37846843 -1.50997651
-102.54904307 340.18390671 -1.52311017
-102.74573227 338.98671426 -1.53290134
-102.93369167 337.78777437 -1.53779954
-103.11358965 336.58752174 -1.53825015
-103.28612507 335.38531416 -1.54045204
-103.45149932 334.18134846 -1.54862410
-103.61102843 332.97535651 -1.55942129
-103.76474960 331.76800199 -1.56981936
-103.91256779 330.55986079 -1.57940420
-104.05502405 329.35129414 -1.58777417
-104.19316439 328.14242443 -1.59369390
-104.32888173 326.93246146 -1.59584828
-104.46254108 325.72152140 -1.59513712
-104.59327138 324.51012806 -1.59516214
-104.72095272 323.29785894 -1.59941462
-104.84563541 322.08441327 -1.60787119
-104.96723985 320.86965102 -1.61793670
-105.08574417 319.65370080 -1.62718443
-105.20130806 318.43707714 -1.63323489
-105.31370283 317.22105287 -1.63416454
-105.42273311 316.00623474 -1.63132051
-105.52800452 314.79263729 -1.62879930
-105.62909135 313.58031774 -1.62903055
-105.72606307 312.36975158 -1.63099533
-105.81995471 311.16108345 -1.63205645
-105.91148692 309.95477491 -1.63123674
-106.00081866 308.75127393 -1.62862133
-106.08783255 307.55015203 -1.62736874
-106.17244820 306.35015493 -1.63096905
-106.25607152 305.15106096 -1.63673015
-106.33967828 303.95369526 -1.63949798
-106.42295199 302.75828817 -1.63786466
-106.50572523 301.56479962 -1.63375972
-106.58839135 300.37280558 -1.62969692
-106.67166732 299.18128046 -1.62789863
-106.75576138 297.98970317 -1.62884869
-106.84053602 296.79823197 -1.63114837
-106.92525655 295.60710403 -1.63307394
-107.00842088 294.41691124 -1.63235664
-107.08907894 293.22811637 -1.62712849
-107.16732709 292.04039713 -1.61849484
-107.24440995 290.85246321 -1.60997252
-107.32101453 289.66232583 -1.60478052
-107.39678444 288.46870555 -1.60294509
-107.47155934 287.27247899 -1.60248257
-107.54501662 286.07451755 -1.60140962
-107.61653280 284.87444816 -1.59850877
-107.68559019 283.67199309 -1.59431075
-107.75234683 282.46725385 -1.58931595
-107.81656179 281.26078238 -1.58266289
-107.87683142 280.05353980 -1.57372818
-107.93189235 278.84567614 -1.56443841
-107.98135471 277.63691694 -1.55686810
-108.02588261 276.42708017 -1.55109272
-108.06596503 275.21614698 -1.54631837
-108.10169865 274.00407950 -1.54080466
-108.13349569 272.79070315 -1.53512179
-108.16132787 271.57621894 -1.53181561
-108.18522776 270.36174839 -1.52935732
-108.20576775 269.14868878 -1.52402893
-108.22293687 267.93731344 -1.51587670
-108.23633538 266.72699054 -1.50937461
-108.24473524 265.51941498 -1.50579282
-108.24817585 264.31587198 -1.50037908
-108.24566342 263.11646351 -1.49263586
-108.23660983 261.92130924 -1.48375969
-108.22126132 260.72975010 -1.46990681
-108.19868760 259.54031229 -1.45082845
-108.17029844 258.35211120 -1.43124421
-108.13834361 257.16686059 -1.41338379
-108.10367959 255.98651598 -1.39681340
-108.06554863 254.81085638 -1.37861700
-108.02205134 253.63732713 -1.35711477
-107.97140513 252.46366121 -1.33531766
-107.91404250 251.28822179 -1.31549210
-107.84978862 250.11094349 -1.29774854
-107.77811457 248.93244430 -1.27953882
-107.69826174 247.75301118 -1.25859343
-107.60848822 246.57298838 -1.23725229
-107.50955028 245.39213844 -1.21786384
-107.40197387 244.21103772 -1.19965375
-107.28724870 243.02986318 -1.18175742
-107.16692841 241.84771265 -1.16533854
-107.03974738 240.66451351 -1.15239095
-106.90378064 239.48044554 -1.13989431
-106.75765404 238.29482079 -1.12653269
-106.60209496 237.10702177 -1.11563159
-106.43945261 235.91779037 -1.10421315
-106.27020607 234.72849086 -1.08661478
-106.09219883 233.53907654 -1.06451126
-105.90484605 232.34812872 -1.04422620
-105.70846063 231.15478050 -1.02747441
-105.50411637 229.96023601 -1.01336076
-105.29466050 228.76627214 -0.99934651
-105.08138102 227.57363217 -0.98337386
-104.86287039 226.38245170 -0.96816410
-104.63760236 225.19223871 -0.95745211
-104.40561793 224.00266387 -0.95087973
-104.16967042 222.81442532 -0.94538636
-103.93146889 221.62827144 -0.93806645
-103.69120625 220.44368947 -0.93004173
-103.44803795 219.25958933 -0.92464541
-103.19888467 218.07538341 -0.92139632
-102.94318232 216.89120320 -0.91797848
-102.68139672 215.70785958 -0.91244174
-102.41425534 214.52639987 -0.90379496
-102.14283423 213.34648599 -0.89391592
-101.86695564 212.16737672 -0.88596221
-101.58640642 210.98832875 -0.87948157
-101.29994779 209.80888973 -0.87364614
-101.00719719 208.62886481 -0.87052272
-100.71141963 207.44832189 -0.86830527
-100.41402132 206.26721673 -0.86313406
-100.11453899 205.08455169 -0.85395889
-99.81129890 203.90016314 -0.84333900
-99.50121895 202.71419642 -0.83460004
-99.18431305 201.52656678 -0.82646165
-98.86244075 200.33712464 -0.81704749
-98.53724355 199.14516256 -0.80850591
-98.20906316 197.95077612 -0.80268758
-97.87779491 196.75486064 -0.79765034
-97.54339026 195.55761639 -0.79156386
-97.20679454 194.35856407 -0.78660320
-96.86987682 193.15693102 -0.78417112
-96.53156089 191.95264822 -0.78109858
-96.19036596 190.74639076 -0.77418015
-95.84688989 189.53861949 -0.76341902
-95.50191208 188.32909202 -0.75211626
-95.15772189 187.11734769 -0.74486729
-94.81490574 185.90339377 -0.74230183
-94.47093138 184.68757084 -0.73974993
-94.12440608 183.46995893 -0.73397909
-93.77419114 182.25037779 -0.72482229
-93.41986521 181.02882267 -0.71427385
-93.06252471 179.80555633 -0.70405751
-92.70283488 178.58060214 -0.69400619
-92.34202304 177.35417629 -0.68508518
-91.98179013 176.12686698 -0.67702924
-91.62144475 174.89817328 -0.66862179
-91.25982324 173.66751323 -0.66077117
-90.89703908 172.43546021 -0.65061967
-90.53401044 171.20309776 -0.63798740
-90.17150045 169.97041734 -0.62848109
-89.80940549 168.73698870 -0.62472286
-89.44593086 167.50192331 -0.62401434
-89.07747427 166.26405552 -0.62236889
-88.70186435 165.02282522 -0.61729210
-88.31947395 163.77850106 -0.60850051
-87.93409933 162.53291465 -0.59789206
-87.54952681 161.28636639 -0.58929402
-87.16540183 160.03823165 -0.58337364
-86.78016662 158.78879923 -0.57720473
-86.39450900 157.53900059 -0.57188852
-86.00896042 156.28888981 -0.57007562
-85.62281761 155.03799699 -0.56911449
-85.23502039 153.78575384 -0.56537818
-84.84464243 152.53129320 -0.55959525
-84.45298574 151.27498995 -0.55201622
-84.06016916 150.01776870 -0.54090886
-83.66566315 148.76084347 -0.52558809
-83.27045713 147.50506749 -0.50833545
-82.87517532 146.24993031 -0.49289790
-82.48184985 144.99588526 -0.48240244
-82.09203695 143.74477487 -0.47493968
-81.70492814 142.49708503 -0.46646888
-81.31988003 141.25241572 -0.45716294
-80.93699157 140.01050525 -0.44958050
-80.55522206 138.77024309 -0.44559749
-80.17355355 137.53073739 -0.44578835
-79.79153001 136.29240530 -0.44700014
-79.40846490 135.05525199 -0.44624747
-79.02388436 133.81912078 -0.44264225
-78.63845280 132.58451428 -0.43684799
-78.25268948 131.35113150 -0.43170120
-77.86767842 130.11895000 -0.42887051
-77.48403521 128.88802532 -0.42780115
-77.10032246 127.65728698 -0.42574516
-76.71605221 126.42575591 -0.41934738
-76.33163167 125.19320677 -0.40823364
-75.94755719 123.95957879 -0.39560259
-75.56491953 122.72502450 -0.38468018
-75.18431602 121.49021589 -0.37680944
-74.80517573 120.25506123 -0.37134483
-74.42752612 119.01904920 -0.36945658
-74.05112457 117.78215780 -0.37176981
-73.67446427 116.54427237 -0.37414010
-73.29739594 115.30573396 -0.37362391
-72.92019981 114.06687232 -0.37010958
-72.54220863 112.82744069 -0.36413221
-72.16350334 111.58757301 -0.35679008
-71.78449620 110.34747910 -0.34885759
-71.40543180 109.10629526 -0.34270643
-71.02612758 107.86336485 -0.33940191
-70.64590238 106.61900068 -0.33611900
-70.26430087 105.37265868 -0.33010360
-69.88159265 104.12408627 -0.32171058
-69.49798374 102.87514550 -0.31262689
-69.11340151 101.62770031 -0.30090353
-68.72871299 100.38206095 -0.28919740
-68.34428826 99.13634630 -0.28411213
-67.95917795 97.88793464 -0.28499226
-67.57287141 96.63677460 -0.28746258
-67.18491421 95.38472238 -0.28649362
-66.79501962 94.13307617 -0.28072969
-66.40332280 92.88143808 -0.27429691
-66.01016681 91.62884776 -0.27106425
-65.61683337 90.37512754 -0.27245425
-65.22334414 89.12103109 -0.27615719
-64.82851447 87.86773236 -0.27625623
-64.43146596 86.61606525 -0.26818970
-64.03164620 85.36382402 -0.25484295
-63.62995525 84.10944513 -0.24298146
-63.22704486 82.85198465 -0.23600808
-62.82243888 81.59150293 -0.23089385
-62.41630454 80.33017728 -0.22167050
-62.00926514 79.06934479 -0.20929333
-61.60113618 77.80885158 -0.19603073
-61.19115504 76.54738100 -0.18184840
-60.77949291 75.28429502 -0.17054948
-60.36750580 74.01947435 -0.16569150
-59.95524375 72.75403680 -0.16522835
-59.54168428 71.48943328 -0.16241175
-59.12645032 70.22579101 -0.15444334
-58.71018041 68.96199641 -0.14467524
-58.29389413 67.69782020 -0.13514975
-57.87877416 66.43531050 -0.12658994
-57.46575384 65.17507387 -0.12024473
-57.05500183 63.91670883 -0.11490346
-56.64640604 62.66077139 -0.10904680
-56.24002210 61.40648790 -0.10251387
-55.83595506 60.15363945 -0.09528276
-55.43411467 58.90182964 -0.08828218
-55.03471982 57.65021675 -0.08314683
-54.63793242 56.40015379 -0.08050853
-54.24390832 55.15321668 -0.07918693
-53.85241388 53.90907658 -0.07798737
-53.46316937 52.66674698 -0.07678934
-53.07607894 51.42587132 -0.07633355
-52.69116648 50.18657095 -0.07653187
-52.30837227 48.94959002 -0.07628282
-51.92690963 47.71636180 -0.07471626
-51.54637410 46.48705657 -0.07121729
-51.16641266 45.26164987 -0.06552208
-50.78695483 44.04106491 -0.06077088
-50.40861876 42.82411037 -0.06012489
-50.03135836 41.61482633 -0.06193654
-49.65535668 40.41286939 -0.06498191
-49.27949469 39.21367358 -0.06428517
-48.90209079 38.01979071 -0.05583401
-48.52436648 36.83312010 -0.04591745
-48.14791491 35.65478013 -0.03922329
-47.77310859 34.48556744 -0.03385915
-47.40019150 33.32569257 -0.02813441
-47.03002641 32.17581182 -0.02329215
-46.66397248 31.03716041 -0.02054479
-46.30272849 29.91064690 -0.01884210
-45.94671064 28.79686962 -0.01654841
-45.59630913 27.69603821 -0.01254178
-45.25209849 26.60919575 -0.00774153
-44.91390121 25.53735125 -0.00495180
-44.57853138 24.47948492 -0.00603694
-44.24173404 23.43444279 -0.00905638
-43.90135566 22.40179480 -0.01028115
-43.55909954 21.38110925 -0.00779182
-43.21774865 20.37327950 -0.00234997
-42.87944228 19.37994094 0.00390780
-42.54517764 18.40185894 0.01050589
-42.21487251 17.44013496 0.01825740
-41.88943826 16.49587279 0.02622054
-41.56871736 15.56906892 0.03383365
-41.25149889 14.65999742 0.04343790
-40.93759285 13.76875065 0.05570216
-40.62764060 12.89568316 0.06829938
-40.32161578 12.04035163 0.07944910
-40.01776343 11.20187945 0.08910882
-39.71362251 10.38089791 0.09832049
-39.40625857 9.57820708 0.10851995
-39.09271685 8.79428654 0.12023454
-38.77071072 8.02956220 0.13350156
-38.43876187 7.28494340 0.14760247
-38.09606559 6.56220864 0.16028508
-37.74084667 5.86226908 0.16989340
-37.37043475 5.18388422 0.17668371
-36.98206032 4.52746167 0.18221511
-36.57474399 3.89553944 0.18681862
-36.14984153 3.28963617 0.18904809
-35.70758244 2.71078795 0.18872718
-35.24736639 2.15979347 0.18703036
-34.76974618 1.63897326 0.18500617
-34.27491351 1.15123856 0.18324904
-33.76411579 0.69370660 0.17969269
-33.23890738 0.26302075 0.17331985
-32.69884023 -0.13767067 0.16677864
-32.14439864 -0.50510593 0.16048803
-31.57856315 -0.84005932 0.15246408
-31.00350573 -1.14263724 0.14226972
-30.42009476 -1.41159237 0.13113823
-29.83003788 -1.64786222 0.11800491
-29.23460814 -1.85316780 0.10497059
-28.63476244 -2.02736549 0.09510760
-28.03272583 -2.17000369 0.08799343
-27.43031343 -2.28138623 0.08452892
-26.82869770 -2.36433349 0.08305614
-26.22985346 -2.42144889 0.07963778
-25.63491857 -2.45299771 0.07271667
-25.04342568 -2.46114754 0.06388430
-24.45344430 -2.45124961 0.05554371
-23.86287375 -2.42937329 0.05077078
-23.27094359 -2.39947920 0.05108482
-22.67797832 -2.36422314 0.05490416
-22.08473288 -2.32552074 0.06006770
-21.49169679 -2.28499760 0.06555237
-20.89932728 -2.24436960 0.07089238
-20.30830227 -2.20452946 0.07594773
-19.71972019 -2.16562900 0.08058719
-19.13471474 -2.12856008 0.08459473
-18.55422256 -2.09479162 0.08868789
-17.97923791 -2.06607553 0.09333000
-17.41110495 -2.04421031 0.09821288
-16.85176069 -2.02823473 0.10311290
-16.30321652 -2.01590862 0.10777400
-15.76663847 -2.00760279 0.11204773
-15.24264504 -2.00492475 0.11660219
-14.73197984 -2.00744783 0.12231070
-14.23495291 -2.01424434 0.12963362
-13.75225951 -2.02502733 0.13743409
-13.28525483 -2.03834580 0.14424241
-12.83512332 -2.05301104 0.15018778
-12.40270446 -2.07007003 0.15603119
-11.98891280 -2.09130211 0.16202352
-11.59515612 -2.11695980 0.16786852
-11.22294546 -2.14513948 0.17242487
-10.87376543 -2.17408131 0.17585336
-10.54845570 -2.20363927 0.17867950
-10.24704479 -2.23391996 0.18057449
-9.96650036 -2.26510451 0.18219145
-9.69822181 -2.29584570 0.18385507
-9.43529949 -2.32500817 0.18647541
-9.17561277 -2.35164234 0.19039221
-8.91859792 -2.37345032 0.19490881
-8.66573131 -2.38956701 0.19931387
-8.41827575 -2.40025098 0.20304580
-8.17568513 -2.40639531 0.20675407
-7.93681919 -2.40844035 0.21120329
-7.70070157 -2.40525677 0.21630668
-7.46685228 -2.39529965 0.22196500
-7.23472315 -2.37760091 0.22771665
-6.99958604 -2.35294766 0.23196962
-6.75398011 -2.32146310 0.23402762
-6.49448378 -2.28032088 0.23694662
-6.22102690 -2.22682793 0.24151320
-5.93512679 -2.15831904 0.24781138
-5.63754809 -2.07529123 0.25902333
-5.32839377 -1.98101851 0.27380373
-5.00945403 -1.87582440 0.28613606
-4.68301733 -1.75678402 0.29375846
-4.35037010 -1.62108273 0.29895437
-4.01095962 -1.46796754 0.30322448
-3.66414184 -1.29826739 0.30788363
-3.30904308 -1.11278824 0.31042178
-2.94482025 -0.90911732 0.30931188
-2.57180694 -0.68323394 0.30859649
-2.19061042 -0.43198184 0.30981113
-1.80193992 -0.15371469 0.30985847
-1.40492741 0.15014806 0.30919897
-0.99876464 0.47769945 0.31129049
-0.58546666 0.83028078 0.31478210
-0.16807944 1.21070127 0.31633198
0.25028487 1.62174733 0.31414237
0.66717128 2.06593829 0.30776853
1.08166944 2.54409668 0.29905328
1.49465723 3.05434703 0.29045033
1.90687081 3.59432215 0.28485996
2.31752598 4.16332805 0.28280618
2.72547361 4.76051484 0.28118603
3.13074437 5.38465378 0.27940503
3.53377467 6.03528878 0.27799790
3.93506702 6.71105907 0.27731916
4.33465552 7.41058152 0.27802113
4.73237072 8.13290905 0.27811504
5.13171847 8.87445276 0.27544026
5.53825989 9.63020078 0.27181308
5.95347921 10.39896360 0.27077861
6.37491090 11.18282014 0.27309620
6.80131839 11.98081198 0.27434496
7.23338406 12.79124040 0.27305004
7.67111593 13.61415946 0.27145874
8.11366766 14.44887734 0.27335935
8.56139005 15.29233778 0.28009617
9.01246899 16.14380862 0.28709624
9.46496541 17.00481451 0.29248181
9.92082667 17.87455483 0.29736592
10.38075224 18.75402347 0.30165088
10.84307167 19.64568719 0.30766611
11.30765553 20.54976876 0.31617408
11.77556602 21.46562618 0.32367475
12.24622264 22.39327372 0.32867408
12.71859449 23.33167812 0.32976459
13.19303590 24.27881916 0.32584854
13.66941108 25.23402597 0.32134687
14.14846518 26.19653770 0.32169981
14.63004315 27.16587348 0.32698140
15.11246686 28.13988012 0.33315747
15.59525169 29.11563732 0.33271599
16.07623656 30.09660028 0.32459178
16.55678029 31.08526373 0.31596312
17.03916019 32.07994089 0.31285608
17.52299360 33.07925960 0.31585305
18.00846574 34.08122845 0.31947500
18.49647682 35.08494730 0.32079077
18.98771690 36.09182748 0.32299229
19.48027762 37.10272389 0.32480091
19.97440093 38.11550542 0.32480171
20.47065008 39.12969352 0.32164892
20.96941968 40.14542625 0.31761578
21.47348933 41.16102020 0.31804203
21.98192736 42.17766083 0.32144537
22.49234605 43.19634770 0.32416580
23.00598935 44.21632924 0.32338884
23.52390589 45.23622097 0.32397839
24.04609695 46.25787034 0.33132205
24.57234800 47.28242968 0.34148802
25.10128304 48.30941848 0.34886364
25.63213778 49.33936640 0.35273663
26.16652687 50.37215426 0.35534350
26.70605445 51.40660321 0.36002437
27.24876749 52.44394081 0.36305608
27.79222799 53.48530664 0.35804151
28.33689793 54.52835401 0.34696132
28.88531998 55.57449939 0.33782751
29.43773998 56.62469482 0.33790230
29.99270211 57.67623849 0.34614123
30.55011249 58.72810762 0.35773906
31.10928991 59.78014882 0.37041269
31.66901862 60.83219164 0.38149988
32.22882229 61.88545709 0.39062798
32.78876346 62.94040632 0.39949181
33.34652209 63.99616739 0.40636017
33.90047567 65.05160083 0.40772030
34.45215592 66.10630921 0.40657453
35.00251932 67.15995975 0.41505383
35.55156251 68.21073290 0.43362789
36.09819009 69.25818711 0.45158588
36.64288108 70.30564216 0.46943424
37.18643561 71.35259924 0.49338506
37.72635656 72.39827651 0.51785578
38.26065996 73.44330478 0.53524860
38.79063774 74.48643913 0.54645890
39.31630332 75.52847556 0.55294392
39.83644940 76.56932823 0.55543119
40.35160797 77.60826826 0.55440410
40.86339137 78.64437037 0.55626508
41.37310094 79.67636074 0.56639726
41.88161385 80.70605119 0.57888867
42.38935151 81.73339235 0.58809603
42.89613879 82.75582354 0.59301796
43.40212161 83.77494421 0.59317191
43.90807417 84.79308393 0.59122746
44.41407957 85.81039996 0.59092170
44.92029710 86.82672756 0.59438915
45.42777041 87.84244444 0.60214068
45.93637554 88.85776398 0.61336874
