0.19990599 0.00335924 -0.34700569
0.36879187 0.39393344 -0.45920151
0.55343118 0.82559248 -0.54736988
0.75543413 1.29737259 -0.61382980
0.97598107 1.80795364 -0.66076918
1.21586195 2.35576015 -0.69024534
1.47554100 2.93902826 -0.70420213
1.75516187 3.55585521 -0.70450755
2.05459787 4.20425108 -0.69294765
2.37350309 4.88220004 -0.67125814
2.71129963 5.58768839 -0.64113186
3.06723616 6.31874529 -0.60424380
3.44040732 7.07347017 -0.56225758
3.82975930 7.85004294 -0.51683678
4.23413569 8.64674818 -0.46965637
4.65228382 9.46199407 -0.42240063
5.08267482 10.29426886 -0.37835874
5.52394036 11.14217251 -0.33926236
5.97529805 12.00432508 -0.30314863
6.43576345 12.87946910 -0.26764720
6.90398589 13.76589988 -0.23058264
7.37885600 14.66013960 -0.19325045
7.85863443 15.56145278 -0.15825765
8.34098328 16.46983266 -0.12632335
8.82494778 17.38337175 -0.09796602
9.31066208 18.30173103 -0.07149000
9.79751349 19.22564897 -0.04410676
10.28479995 20.15439402 -0.01676683
10.77268547 21.08468923 0.00772123
11.26136369 22.01483557 0.02837311
11.75081132 22.94512130 0.04471976
12.24057951 23.87613251 0.05679125
12.73052220 24.80697606 0.06671484
13.22144389 25.73601863 0.07960164
13.71349098 26.66281243 0.09889991
14.20585998 27.58713542 0.12154499
14.69734523 28.50750643 0.14238309
15.18717760 29.42414688 0.15702873
15.67474821 30.34211550 0.16569372
16.16120820 31.26129560 0.17466309
16.64770568 32.17927810 0.18784595
17.13332061 33.09912994 0.20390465
17.61687476 34.02138624 0.21818403
18.09731880 34.94161060 0.22929113
18.57370844 35.85949529 0.23776536
19.04557991 36.77709055 0.24328038
19.51371402 37.69443851 0.24575563
19.97795850 38.60785656 0.24593917
20.43709303 39.51656730 0.24208803
20.89174874 40.42189568 0.23687197
21.34439613 41.32029858 0.23557590
21.79514541 42.21282410 0.23600803
22.24103300 43.10197660 0.23689507
22.68114247 43.98718153 0.23387812
23.11725459 44.86685226 0.22881153
23.55100311 45.74044593 0.22957409
23.98330170 46.60789778 0.23632796
24.41304951 47.46931063 0.24384152
24.83920168 48.32527017 0.24884731
25.26273763 49.17463254 0.25152793
25.68468470 50.01756352 0.25288865
26.10625395 50.85449102 0.25674874
26.52878583 51.68318393 0.26304333
26.94998371 52.50602742 0.26571283
27.36760629 53.32546991 0.26273486
27.78055513 54.13917443 0.25426297
28.18799196 54.94554739 0.24265674
28.59069202 55.74445934 0.23470669
28.98777948 56.53509571 0.23476925
29.37714381 57.31512643 0.24098091
29.75796921 58.08330830 0.24680286
30.13115587 58.84021900 0.25060803
30.49748018 59.58552956 0.25559855
30.85742119 60.31886095 0.26185329
31.21078863 61.04080691 0.26638028
31.55738947 61.75255890 0.26909668
31.89777447 62.45388243 0.27214689
32.23180502 63.14299104 0.27512258
32.55739168 63.81893502 0.27541362
32.87241049 64.48107664 0.27268396
33.17808720 65.12821889 0.26894086
33.47492025 65.76126637 0.26580410
33.76230363 66.38149092 0.26764284
34.04078665 66.98608130 0.27918302
34.30995521 67.57337400 0.29325580
34.57024256 68.14440266 0.30204105
34.82357963 68.69959260 0.30712383
35.07105936 69.24165514 0.31189552
35.31285342 69.77383139 0.32081110
35.55055643 70.29443111 0.33337491
35.78812806 70.79792288 0.34680764
36.02678572 71.28419195 0.36246662
36.26435852 71.75851692 0.37748735
36.49990386 72.22348272 0.38679384
36.73578483 72.67705739 0.39247219
36.97596239 73.11367455 0.39696640
37.22183587 73.53026238 0.40141627
37.47359473 73.92822029 0.40702350
37.73278491 74.31031590 0.41248385
38.00165808 74.67698185 0.41606833
38.28141177 75.02739407 0.41644105
38.57240426 75.36006012 0.41403606
38.87431256 75.67246597 0.41085419
39.18617215 75.96332505 0.40718730
39.50734734 76.23121454 0.40193317
39.83761377 76.47477068 0.39450374
40.17630476 76.69333324 0.38410093
40.52214800 76.88604527 0.37268462
40.87401581 77.05228689 0.36385830
41.23222245 77.19272898 0.35805051
41.59712090 77.30893154 0.35279792
41.96746781 77.40175813 0.34555060
42.34109338 77.47076084 0.33630073
42.71647144 77.51489549 0.32649729
43.09294891 77.53638693 0.31759945
43.47123066 77.54106500 0.30966306
43.85051525 77.53037041 0.30159924
44.22737556 77.50040852 0.29286511
44.60085382 77.44866171 0.28485006
44.97241815 77.37808263 0.27815210
45.34747167 77.29679110 0.27036397
45.73134399 77.21095816 0.26062291
46.12351356 77.11808961 0.25232762
46.51942632 77.01029969 0.24729269
46.91710040 76.88536531 0.24342174
47.31826739 76.74527205 0.23499054
47.72595629 76.59374906 0.21648032
48.14562936 76.43429600 0.19670739
48.57804863 76.26463414 0.19055704
49.02030392 76.08232597 0.19607645
49.47103126 75.88745309 0.20245701
49.93005776 75.67974077 0.20523259
50.39840248 75.45919641 0.20453473
50.87798878 75.22661693 0.20187557
51.37020186 74.98192155 0.19854664
51.87545156 74.72500444 0.19458607
52.39500873 74.45650409 0.18942893
52.92871123 74.17569335 0.18425728
53.47450953 73.88142579 0.18046612
54.03280819 73.57533978 0.17754008
54.60499689 73.25918596 0.17486185
55.18956869 72.93241343 0.17207227
55.78548573 72.59440408 0.16893272
56.39445280 72.24665946 0.16534157
57.01815126 71.89112393 0.16104111
57.65628119 71.52773610 0.15686611
58.30917591 71.15648099 0.15377777
58.97759010 70.77859354 0.15096031
59.66100540 70.39492959 0.14804911
60.35836690 70.00694664 0.14399997
61.06743221 69.61613937 0.13856085
61.78542969 69.22318632 0.13317385
62.51158992 68.83035242 0.12650948
63.24546462 68.43807142 0.12001784
63.98346168 68.04478122 0.11842222
64.72250540 67.65054766 0.12487350
65.46149361 67.25668913 0.13558780
66.20038061 66.86397281 0.14649349
66.93931463 66.47241185 0.15754245
67.67786441 66.08266409 0.16779510
68.41622000 65.69488366 0.17690116
69.15394901 65.30864122 0.18555525
69.89013613 64.92339496 0.19528204
70.62345540 64.53743570 0.20647160
71.35261646 64.14948001 0.21846218
72.07634427 63.76005699 0.22978499
72.79367474 63.36866493 0.23871472
73.50378721 62.97414079 0.24475457
74.20531011 62.57585289 0.24955310
74.89828267 62.17315685 0.25632361
75.58259705 61.76625311 0.26449094
76.25713730 61.35555617 0.27142915
76.92172630 60.94149753 0.27731924
77.57622202 60.52422295 0.28267173
78.22017208 60.10391935 0.28732974
78.85256791 59.68100646 0.29163862
79.47260054 59.25653900 0.29683572
80.08082239 58.83199721 0.30295981
80.67702775 58.40761354 0.30922652
81.26114407 57.98361541 0.31581860
81.83339679 57.56031876 0.32298199
82.39376502 57.13885584 0.33053050
82.94263620 56.72152451 0.33727576
83.48061434 56.31090166 0.34227432
84.00787802 55.90883373 0.34593961
84.52317564 55.51606062 0.34881657
85.02520659 55.13354039 0.35134162
85.51442523 54.76350638 0.35380507
85.99141519 54.40789793 0.35625781
86.45534849 54.06790699 0.35871479
86.90608953 53.74548306 0.36217765
87.34466906 53.44265369 0.36600960
87.77297224 53.15809031 0.36854195
88.19506704 52.88849688 0.36994457
88.61580270 52.63236070 0.37209242
89.03708701 52.38881831 0.37555949
89.45927646 52.15852608 0.38009871
89.88349996 51.94397597 0.38652107
90.31083959 51.74785549 0.39505632
90.74191774 51.57206872 0.40404330
91.17630557 51.41813323 0.41112166
91.61322124 51.28766576 0.41548913
92.05104871 51.18056530 0.41793954
92.48820060 51.09724689 0.41930142
92.92500048 51.04162822 0.41941229
93.36232080 51.01669454 0.41827663
93.79991281 51.02379536 0.41669645
94.23604694 51.06230978 0.41644472
94.66899857 51.12953152 0.41942860
95.09791306 51.22511168 0.42708664
95.52140332 51.35104270 0.43780686
95.93834673 51.50778082 0.44868086
96.34862123 51.69496705 0.45784281
96.75222057 51.91181191 0.46579865
97.14881175 52.15637515 0.47238424
97.53800081 52.42858348 0.47643522
97.91946510 52.72675182 0.47502380
98.29498990 53.04394371 0.46718989
98.66786848 53.37555376 0.45851213
99.03780974 53.72363069 0.45329420
99.40392102 54.08845565 0.45003514
99.76835756 54.46769401 0.44385153
100.13392303 54.85938659 0.43458155
100.50138215 55.26177934 0.42481713
100.87340279 55.67247970 0.41824218
101.25427217 56.08931620 0.41688857
101.64426516 56.51239626 0.41523527
102.04307828 56.94159056 0.41056580
102.45056133 57.37833792 0.40876191
102.86634022 57.82525546 0.41293995
103.29166956 58.27897758 0.42097831
103.72885808 58.73412451 0.43106460
104.17752774 59.19224455 0.44090217
104.63480826 59.65736052 0.44726580
105.10082379 60.12767378 0.44825171
105.57555003 60.60271567 0.44543995
106.05688808 61.08622139 0.43851171
106.54445325 61.58165778 0.42843610
107.04130297 62.08807787 0.42207521
107.54868405 62.60352666 0.42335463
108.06429601 63.12843730 0.43153676
108.58529595 63.66226295 0.43751788
109.11062562 64.20643897 0.43495986
109.64247398 64.75881250 0.42714176
110.18288351 65.31630245 0.41813635
110.73174354 65.88153012 0.41287084
111.28859144 66.45488203 0.41232230
111.85274679 67.03571700 0.41562788
112.42215241 67.62557177 0.42031132
112.99551706 68.22345893 0.42146174
113.57236770 68.82745588 0.41992840
114.15184798 69.43793772 0.41732141
114.73254278 70.05688725 0.41165171
115.31686233 70.68051179 0.40450952
115.90567396 71.30704228 0.39896507
116.49754999 71.93794165 0.39770071
117.09396640 72.56852062 0.39844963
117.69384417 73.19598218 0.39535950
118.29717670 73.81983779 0.39319789
118.90438729 74.43972674 0.39612233
119.51207078 75.05723725 0.40103872
120.11661543 75.67447821 0.40578452
120.72053932 76.29123108 0.40780150
121.32478690 76.90687201 0.41149521
121.92579942 77.52081667 0.41531004
122.52307833 78.13152116 0.41205037
123.11921583 78.73614486 0.40532555
123.71570506 79.33979319 0.40289735
124.31297541 79.94734321 0.41511369
124.91110857 80.55458568 0.44185101
125.50464758 81.15977819 0.46021809
126.08873587 81.76209008 0.45422112
126.66708697 82.36160311 0.43454283
127.24516976 82.95896924 0.42127475
127.82329023 83.55311694 0.42579225
128.39796877 84.14591820 0.43636153
128.96781418 84.73865744 0.44159840
129.53395992 85.33184439 0.44533895
130.09229380 85.92966828 0.44617788
130.64395526 86.52974486 0.44527733
131.19453351 87.12757992 0.44880512
131.74326788 87.72421092 0.45448813
132.28839028 88.31941538 0.45652530
132.83048114 88.91161643 0.45592919
133.37015223 89.50106885 0.45424914
133.90567734 90.09147828 0.45314479
134.43582535 90.68547366 0.45653424
134.96179122 91.28288230 0.46130640
135.48319662 91.88508914 0.46168037
135.99858909 92.49147581 0.45346215
136.51114907 93.09819353 0.43691695
137.02396533 93.70543158 0.41700201
137.53554264 94.31839816 0.40152904
138.04412419 94.93963594 0.39719636
138.54776417 95.57069201 0.39960785
139.04839948 96.20803596 0.39939240
139.54908394 96.84759278 0.39557258
140.04666827 97.49326243 0.39336692
140.53897789 98.14789989 0.39765407
141.02688395 98.81017635 0.40715620
141.51144627 99.47643179 0.41363087
141.99264597 100.14562283 0.41484603
142.46863239 100.81998039 0.41145030
142.93803912 101.49896863 0.40287573
143.40220541 102.18114603 0.39245581
143.86324608 102.86642348 0.38111462
144.32371332 103.55337268 0.37335125
144.78310794 104.24249943 0.37115680
145.23924204 104.93465782 0.37244759
145.69299230 105.62648372 0.37250708
146.14409925 106.31570579 0.36202063
146.59575079 107.00193423 0.34065647
147.04549067 107.69207784 0.31825480
147.48688431 108.39417463 0.30669269
147.92343879 109.10496989 0.30291586
148.35801622 109.82180290 0.29363162
148.78918450 110.54570081 0.27804155
149.21595482 111.27416190 0.26167532
149.63767425 112.00728125 0.24287480
150.05856238 112.74370577 0.21934447
150.48175406 113.48218706 0.20158036
150.89739640 114.23052635 0.19607714
151.30187271 114.98995086 0.19563274
151.70215884 115.75139429 0.19020147
152.09901863 116.51005398 0.17230430
152.49152154 117.26825541 0.14477102
152.88142666 118.02900766 0.11836247
153.27513351 118.79084785 0.10120070
153.67419609 119.55384578 0.09179798
154.07053406 120.32058238 0.08364933
154.46228795 121.08907808 0.07197028
154.85027768 121.85855113 0.05712653
155.23675901 122.62564327 0.03707567
155.62579629 123.38693662 0.01469713
156.01404570 124.14888424 -0.00157891
156.39634651 124.91440810 -0.01025730
156.77328333 125.67817602 -0.01458238
157.14872775 126.43588071 -0.02308618
157.51980918 127.18884768 -0.04328714
157.88477658 127.93912809 -0.07128921
158.24839270 128.68569326 -0.09586488
158.61138236 129.42755164 -0.11687297
158.97250442 130.16394367 -0.14276173
159.32982096 130.89449775 -0.17486076
159.68368953 131.61694518 -0.21047095
160.03519486 132.33036907 -0.25007212
160.38193244 133.03661846 -0.29646034
160.72467265 133.73512261 -0.34385527
161.06529560 134.42474508 -0.38545263
161.40395362 135.10577828 -0.42136579
161.74079847 135.77852076 -0.45169964
162.07597769 136.44326166 -0.47655220
162.40962882 137.10029294 -0.49602351
162.74188441 137.74991622 -0.51020874
163.07286432 138.39242081 -0.51919967
163.40267443 139.02809153 -0.52308682
163.73142046 139.65721242 -0.52195595
164.05918277 140.28006464 -0.51588233
164.38604304 140.89690901 -0.50493318
164.71205413 141.50799543 -0.48918000
165.03726481 142.11356005 -0.46867756
165.36171435 142.71383778 -0.44347751
165.68542225 143.30903606 -0.41363715
166.00838777 143.89935361 -0.37919631
166.33388616 144.48348481 -0.33918056
166.66439357 145.05843379 -0.29286368
166.99688910 145.62471409 -0.24687672
167.32833341 146.18531094 -0.20829979
167.65901891 146.74252753 -0.17887389
167.99005091 147.29917553 -0.15666526
168.32294930 147.85442086 -0.13463271
168.65859503 148.40925696 -0.10809123
168.99301689 148.96592978 -0.08399505
169.32360195 149.52465976 -0.06933040
169.65477550 150.08422920 -0.05940102
169.99119978 150.64222289 -0.04722146
170.33208119 151.20138871 -0.02821493
170.67269423 151.76578321 -0.00290695
171.01163678 152.33599957 0.02729514
171.35388961 152.90720285 0.05912295
171.69946876 153.47703076 0.07974407
172.04155522 154.05136658 0.08391545
172.37939653 154.63114308 0.07784169
172.72056376 155.21244937 0.06603456
173.06816695 155.79703968 0.05667303
173.41880187 156.38575453 0.05793066
173.76904609 156.97599671 0.06496676
174.11616697 157.56774307 0.06988856
174.45885201 158.15951891 0.06808152
174.80048545 158.74931346 0.06255239
175.14333939 159.33903286 0.06106581
175.48289232 159.93086542 0.06346727
175.81762689 160.52279348 0.06741191
176.14997768 161.11141381 0.07010046
176.48011302 161.69583357 0.06818322
176.80675013 162.27637754 0.06155313
177.12999213 162.85301543 0.05354960
177.44924064 163.42533151 0.04895699
177.76372802 163.99231639 0.05206094
178.07485356 164.55052611 0.06329060
178.38078919 165.09698565 0.07586672
178.67653050 165.63165374 0.08388543
178.96052177 166.15455845 0.08750150
179.23604355 166.66261630 0.08762775
179.50406478 167.15349554 0.08384820
179.75997784 167.62906556 0.07701392
180.00166746 168.09280717 0.06825602
180.23011627 168.54793238 0.05779219
180.44711073 168.99620666 0.04825249
180.65214013 169.44100941 0.04222697
180.84193043 169.88632262 0.03808683
181.01728963 170.33097616 0.03596041
181.17826784 170.77248331 0.03347288
181.31889855 171.21111485 0.02745486
181.43678521 171.64793357 0.01871437
181.53414604 172.08353289 0.00848810
181.60836947 172.51738014 -0.00018023
181.65710429 172.94744963 -0.00504520
181.68059785 173.37183247 -0.00547140
181.68028899 173.79007835 -0.00482171
181.65927239 174.20204281 -0.00650203
181.61712784 174.60770344 -0.00929907
181.55198369 175.00783109 -0.00919909
181.46312213 175.40215541 -0.00694562
181.35134850 175.78815326 -0.00737220
181.21885219 176.16405679 -0.01268881
181.06737588 176.52977512 -0.02187736
180.89812701 176.88554514 -0.03311641
180.71241156 177.23209406 -0.04855661
180.50891025 177.57063651 -0.06971785
180.28317657 177.90380962 -0.09516361
180.02983109 178.23264011 -0.12158429
179.74658733 178.55634726 -0.14447195
179.43587092 178.87494482 -0.16241300
179.09994059 179.18805720 -0.17817914
178.74045178 179.49477090 -0.19456289
178.35825690 179.79405155 -0.21036862
177.95339711 180.08548273 -0.22771188
177.52681907 180.36970882 -0.24837098
177.08163458 180.64842569 -0.26854232
176.61948332 180.92221361 -0.28587389
176.13954928 181.19126876 -0.30098455
175.64237102 181.45827879 -0.31558940
175.12857487 181.72585247 -0.33109311
174.59826398 181.99602641 -0.34668719
174.05150743 182.27044183 -0.36002683
173.48855803 182.55073357 -0.37178851
172.90934156 182.83842269 -0.38347342
172.31305070 183.13399484 -0.39465033
171.69982285 183.43849880 -0.40582981
171.07012541 183.75308374 -0.41811756
170.42320024 184.07795613 -0.43116336
169.75832757 184.41293701 -0.44386042
169.07562766 184.75790170 -0.45540433
168.37543413 185.11349827 -0.46509078
167.65895119 185.48067319 -0.47378881
166.92729371 185.85868389 -0.48250645
166.18124545 186.24589236 -0.49142075
165.42257760 186.64122738 -0.50036681
164.65372738 187.04389013 -0.50895632
163.87798183 187.45227002 -0.51602699
163.09909884 187.86414317 -0.52299741
162.32011026 188.27700210 -0.53307244
161.54199955 188.68925592 -0.54540286
160.76496088 189.10246246 -0.55784636
159.98828317 189.51704905 -0.56675161
159.21072186 189.93138600 -0.57001752
158.43281026 190.34412239 -0.57151235
157.65496374 190.75402572 -0.57787028
156.87726502 191.16144077 -0.59012442
156.09958817 191.56598439 -0.60469354
155.32134172 191.96752979 -0.61955718
154.54299890 192.36778342 -0.63304535
153.76497514 192.76629904 -0.64357078
152.98715526 193.16103823 -0.65167653
152.21066680 193.55239669 -0.65938043
151.43665965 193.94275347 -0.66623405
150.66510795 194.33259809 -0.66940402
149.89667542 194.72207900 -0.66786823
149.13271156 195.11273695 -0.66551504
148.37311470 195.50413591 -0.66391572
147.61791394 195.89553375 -0.66018537
146.86789975 196.28778259 -0.65543324
146.12306154 196.67957785 -0.65316544
145.38213997 197.06847294 -0.65155367
144.64577545 197.45719605 -0.64969026
143.91526118 197.84845429 -0.64646928
143.18820155 198.23864147 -0.64095521
142.46316528 198.62434900 -0.63694717
141.74179747 199.00623192 -0.63576506
141.02436749 199.38470291 -0.63734463
140.30983640 199.75965594 -0.64185787
139.59800750 200.13118661 -0.64665006
138.88865961 200.49853182 -0.64729160
138.18109988 200.86089198 -0.64415285
137.47507671 201.21805505 -0.64020647
136.77088049 201.57005895 -0.63492653
136.06894622 201.91654068 -0.62825258
135.36991414 202.25701347 -0.62254499
134.67511893 202.59151288 -0.61868433
133.98622365 202.92042625 -0.61650928
133.30462239 203.24378510 -0.61450376
132.63258063 203.56223914 -0.61037817
131.97231618 203.87543823 -0.60459166
131.32500260 204.18152023 -0.59860623
130.69153526 204.47998584 -0.59344287
130.07243087 204.77212425 -0.58883284
129.46722537 205.05863286 -0.58315835
128.87543146 205.33953309 -0.57620046
128.29766530 205.61522104 -0.56985794
127.73421245 205.88594201 -0.56554033
127.18507877 206.15289163 -0.56211481
126.65057494 206.41673239 -0.55855666
126.13037360 206.67619840 -0.55488202
125.62383060 206.92929287 -0.54989847
125.13248140 207.17606480 -0.54403301
124.65821864 207.41694878 -0.53878220
124.20122551 207.65167620 -0.53424313
123.76114936 207.88050040 -0.53033036
123.33740740 208.10301856 -0.52724040
122.92977445 208.31970445 -0.52476772
122.53742429 208.53001587 -0.52142493
122.16011742 208.73335569 -0.51680252
121.79893587 208.93095784 -0.51219291
121.45397976 209.12295099 -0.50877507
121.12509893 209.30872289 -0.50669328
120.81293728 209.48849247 -0.50517701
120.51729213 209.66191288 -0.50355240
120.23770259 209.82786498 -0.50184515
119.97580310 209.98518348 -0.49981521
119.73340072 210.13248157 -0.49722081
119.51142236 210.26892509 -0.49480705
119.31028372 210.39372014 -0.49323262
119.13133124 210.50627237 -0.49235163
118.97487263 210.60616902 -0.49161991
118.83885302 210.69269593 -0.49014375
118.72302237 210.76533588 -0.48756383
118.62807998 210.82395836 -0.48501671
118.55192475 210.87039226 -0.48409487
118.48984814 210.90789932 -0.48438558
118.43820070 210.93876120 -0.48435166
118.39547395 210.96368656 -0.48345846
118.36141626 210.98242098 -0.48173457
118.33633219 210.99507060 -0.47977613
118.32000315 211.00196309 -0.47798889
118.31168817 211.00318990 -0.47631817
118.30975404 210.99986280 -0.47459636
118.30897222 210.99560878 -0.47261640
118.30525928 210.99328563 -0.47037072
118.30023287 210.99215232 -0.46817434
118.29507226 210.99132706 -0.46625393
118.28858771 210.99118043 -0.46428363
118.27942763 210.99241160 -0.46241325
118.26674218 210.99582263 -0.46091153
118.25014356 211.00185433 -0.45917403
118.22952706 211.01056226 -0.45671980
118.20504052 211.02187773 -0.45373520
118.17673407 211.03574302 -0.45065120
118.14429628 211.05254409 -0.44775258
118.10582094 211.07370957 -0.44572251
118.05772333 211.10171660 -0.44471114
117.99695456 211.13897534 -0.44359748
117.92144321 211.18716331 -0.44152900
117.83017581 211.24693794 -0.43831342
117.72335747 211.31840812 -0.43435753
117.60137463 211.40182674 -0.43024270
117.46452599 211.49713677 -0.42606065
117.31347584 211.60433083 -0.42195269
117.14968348 211.72338798 -0.41787408
116.97507849 211.85427976 -0.41332155
116.79245596 211.99808180 -0.40540688
116.60235925 212.15375585 -0.39232443
116.40524165 212.31958052 -0.37925162
116.20524712 212.49704245 -0.36969292
116.00467125 212.68784404 -0.36180010
115.80259121 212.89182984 -0.35411415
115.60061634 213.10984146 -0.34505856
115.40001705 213.34277879 -0.33411302
115.19931481 213.59050005 -0.32251859
115.00048370 213.85402048 -0.31236978
114.80662381 214.13397347 -0.30568271
114.62154401 214.43163013 -0.30127126
114.45082845 214.74835210 -0.29558718
114.29611593 215.08301475 -0.28804029
114.15679788 215.43473349 -0.28278499
114.03318672 215.80387612 -0.28413487
113.92651330 216.19146411 -0.29124568
113.83911765 216.59958287 -0.29911594
113.77453526 217.02897734 -0.30374528
113.73839014 217.47810381 -0.30446983
113.73310325 217.94449092 -0.30273429
113.75687231 218.42703226 -0.30027028
113.80833671 218.92504347 -0.29988180
113.88782607 219.43705997 -0.30626265
113.99572114 219.96226517 -0.31872493
114.13203550 220.50023043 -0.32902422
114.29759026 221.04967357 -0.33417456
114.49111228 221.60889973 -0.33806196
114.71012572 222.17684852 -0.34309330
114.95336596 222.75273823 -0.34987590
115.21818603 223.33704187 -0.35786197
115.50103486 223.93106574 -0.36594078
115.79926811 224.53553852 -0.37455869
116.11131053 225.15062305 -0.38514367
116.43569187 225.77706038 -0.39710533
116.77166854 226.41513892 -0.40866780
117.11879424 227.06464493 -0.41909019
117.47530136 227.72668245 -0.42824733
117.84027846 228.40197391 -0.43664485
118.21365103 229.09039353 -0.44456583
118.59496254 229.79167755 -0.45295861
118.98358430 230.50519124 -0.46314496
119.37893532 231.23068413 -0.47556204
119.77996847 231.96897728 -0.49049090
120.18554585 232.72049597 -0.50555906
120.59609224 233.48470528 -0.51671149
121.01323867 234.26006683 -0.52225942
121.43743075 235.04552432 -0.52103186
121.86773491 235.84027222 -0.51829708
122.30389352 236.64257738 -0.52167110
122.74582799 237.45247971 -0.53343385
123.19257922 238.27213894 -0.55181912
123.64381467 239.10278887 -0.56897087
124.09953427 239.94484020 -0.57866511
124.55908764 240.79835190 -0.58152276
125.02236915 241.66308870 -0.58020004
125.49138843 242.53788677 -0.57688760
125.96600117 243.42156495 -0.57491241
126.44524664 244.31269318 -0.57979090
126.92947785 245.21005443 -0.59228268
127.41860288 246.11431946 -0.60749187
127.91309140 247.02586333 -0.61996596
128.41140653 247.94427134 -0.62701818
128.91180022 248.86865800 -0.62929010
129.41409358 249.79744209 -0.62949185
129.91671724 250.72923365 -0.62949180
130.41890631 251.66310523 -0.63398633
130.92111012 252.59977472 -0.64352194
131.42280230 253.54122005 -0.64936775
131.92460910 254.48656909 -0.64803764
132.42561192 255.43333041 -0.64198094
132.92402917 256.37962110 -0.63480896
133.41964744 257.32426367 -0.62915404
133.91211997 258.26648361 -0.62674542
134.40180288 259.20619850 -0.62868980
134.89030610 260.14306382 -0.63376986
135.37792106 261.07646854 -0.63943326
135.86405514 262.00653532 -0.64454937
136.34915459 262.93322457 -0.64756220
136.83280893 263.85685984 -0.64660447
137.31450218 264.77806097 -0.64212894
137.79404914 265.69649454 -0.63639426
138.27227411 266.61202184 -0.63292520
138.75019721 267.52559482 -0.63261651
139.22742646 268.43816055 -0.63297257
139.70417423 269.34963877 -0.63435488
140.17977401 270.25915428 -0.64090518
140.65406155 271.16689458 -0.65292214
141.12798075 272.07424694 -0.66530951
141.60146533 272.98192632 -0.67273107
142.07463070 273.88965013 -0.67609346
142.54817223 274.79743483 -0.67786355
143.02289831 275.70601787 -0.67653359
143.49929819 276.61595160 -0.67306748
143.97768232 277.52727606 -0.67024343
144.45755530 278.44064959 -0.66981088
144.93833808 279.35760962 -0.67189981
145.42131600 280.27810767 -0.67471627
145.90753541 281.20149629 -0.67641721
146.39698317 282.12750930 -0.67801520
146.88918632 283.05735240 -0.68014653
147.38393767 283.99096739 -0.68113761
147.88151660 284.92680231 -0.68079143
148.38063896 285.86602564 -0.68198708
148.88297941 286.80870874 -0.68029837
149.38926473 287.75434397 -0.67132003
149.89523515 288.70327564 -0.66082649
150.39997532 289.65316126 -0.65449796
150.90413489 290.60169850 -0.65238118
151.40636750 291.54901786 -0.65125640
151.90688804 292.49351230 -0.65123192
152.40591158 293.43480056 -0.65317232
152.90250502 294.37482943 -0.65516751
153.39757415 295.31359469 -0.65444556
153.89126142 296.25066370 -0.64999454
154.38307027 297.18591250 -0.64450278
154.87312299 298.11853844 -0.64035702
155.36069241 299.04745310 -0.63923572
155.84493554 299.97227784 -0.64204366
156.32610222 300.89277705 -0.64603083
156.80398003 301.80852738 -0.64613065
157.27757835 302.71837748 -0.64154704
157.74660548 303.62048958 -0.63595296
158.21008834 304.51474758 -0.63067411
158.66783250 305.40178100 -0.62673531
159.12056784 306.28148978 -0.62557128
159.56851057 307.15399079 -0.62676813
160.01171000 308.01893026 -0.62929694
160.44928224 308.87581852 -0.63048620
160.88102868 309.72391322 -0.62932894
161.30759394 310.56251910 -0.62657017
161.72919311 311.39135154 -0.62221470
162.14513488 312.20973740 -0.61824464
162.55501648 313.01630194 -0.61589351
162.95931328 313.80990348 -0.61477091
163.35802286 314.59043616 -0.61323219
163.75040025 315.35710545 -0.60940019
164.13596783 316.10817256 -0.60336121
164.51485444 316.84128534 -0.59725937
164.88547490 317.55541173 -0.59238661
165.24637732 318.25091872 -0.58782037
165.59799389 318.92673439 -0.58363407
165.93946056 319.58252170 -0.58027810
166.26899599 320.21946506 -0.57732678
166.58784801 320.83634073 -0.57563417
166.89614912 321.43206414 -0.57639930
167.19249549 322.00852189 -0.57807212
167.47781396 322.56699050 -0.57871843
167.75297874 323.10685096 -0.57850347
168.01722529 323.62711177 -0.57415867
168.26861292 324.12756857 -0.56467518
168.50618678 324.60814938 -0.55749099
168.72923390 325.07004573 -0.55655883
168.93762570 325.51495173 -0.55891944
169.13284473 325.94371687 -0.56065973
169.31548194 326.35765478 -0.56052177
169.48680737 326.76125606 -0.55886323
169.64861426 327.16028829 -0.55536642
169.80101059 327.55668220 -0.55020553
169.94426512 327.94990951 -0.54402451
170.07722236 328.33902692 -0.53822909
170.19619208 328.72362172 -0.53355197
170.29848004 329.10471295 -0.52943608
170.38250202 329.48421323 -0.52587518
170.44792484 329.86247526 -0.52306238
170.49657350 330.23837161 -0.52150451
170.52816874 330.61231596 -0.52071184
170.54003552 330.98724234 -0.51921191
170.53160989 331.36605070 -0.51755060
170.50394578 331.75053050 -0.51692625
170.45837020 332.14109401 -0.51751477
170.39485525 332.53624689 -0.51860671
170.30985239 332.93490166 -0.51769904
170.19842236 333.33740778 -0.51483034
170.05877952 333.74269384 -0.51667917
169.89201824 334.14891953 -0.52535762
169.69596928 334.55417001 -0.53502218
169.46501371 334.95503638 -0.54203804
169.19787979 335.34912156 -0.54730831
168.89906480 335.73618898 -0.55292394
168.56926439 336.11636007 -0.55704789
168.20080254 336.48596400 -0.55544944
167.78933521 336.84038248 -0.54860211
167.34005001 337.17963266 -0.54193577
166.86029914 337.50646531 -0.54196383
166.35437051 337.82398773 -0.54575098
165.82316286 338.13406410 -0.54718348
165.27081028 338.43755886 -0.54713345
164.70173143 338.73384298 -0.54708922
164.11704911 339.02266567 -0.55203772
163.52030461 339.30826743 -0.56565402
162.91502171 339.59631001 -0.58149450
162.30127345 339.88861579 -0.58677100
161.67849631 340.18433754 -0.57702222
161.04752520 340.48285334 -0.56154766
160.40779606 340.78355270 -0.54994545
159.75904656 341.08748391 -0.54360973
159.10102039 341.39608082 -0.54003163
158.43392857 341.71091451 -0.53718398
157.75891994 342.03401857 -0.53345294
157.07640108 342.36709636 -0.52912902
156.38618973 342.71093030 -0.52414966
155.68796691 343.06478997 -0.51755043
154.98296948 343.42931160 -0.51240107
154.27141200 343.80586467 -0.51324714
153.55247657 344.19482764 -0.51780964
152.82513535 344.59542924 -0.51996157
152.08952907 345.00584483 -0.51812691
151.34811518 345.42459202 -0.51498283
150.60293690 345.84897768 -0.51519066
149.85314938 346.27673109 -0.51922455
149.09804527 346.70787736 -0.52775595
148.33893791 347.14295742 -0.53996012
147.57711790 347.58265279 -0.54910049
146.81211183 348.02559260 -0.55361573
146.04386578 348.47016343 -0.55503377
145.27466939 348.91580456 -0.55496038
144.50377111 349.35991404 -0.55564885
143.72984789 349.80002013 -0.55645066
142.95402280 350.23661647 -0.55681812
142.17714864 350.67049010 -0.55715317
141.40023755 351.10187693 -0.55790423
140.62323613 351.53081104 -0.55911048
139.84605029 351.95788295 -0.56024023
139.06822221 352.38373836 -0.56133377
138.28715892 352.80823778 -0.56053869
137.50246645 353.23083181 -0.55776652
136.71464491 353.65110489 -0.55695128
135.92315632 354.06982189 -0.56141080
135.13004385 354.48752098 -0.56709538
134.33883328 354.90544275 -0.56933502
133.54595738 355.32326032 -0.57026786
132.75170732 355.74129226 -0.57139832
131.96235297 356.16238781 -0.56929187
131.17624782 356.58529322 -0.56896249
130.39105822 357.00820234 -0.57549137
129.60808438 357.43301715 -0.58224893
128.82964484 357.86167759 -0.58506587
128.05722206 358.29431994 -0.58619213
127.29134616 358.73078696 -0.58894618
126.53254980 359.17085511 -0.59337719
125.78220250 359.61483758 -0.59932134
125.04051191 360.06252724 -0.60592203
124.30711553 360.51335453 -0.61290275
123.58202369 360.96746586 -0.62064342
122.86561467 361.42516400 -0.62786033
122.15871351 361.88678232 -0.63290470
121.46143688 362.35252289 -0.63629353
120.77392763 362.82211519 -0.63899660
120.09641280 363.29510816 -0.64188620
119.43034886 363.77037760 -0.64618764
118.77648908 364.24491655 -0.65171186
118.13457576 364.71345770 -0.65776076
117.50601431 365.17157024 -0.66666398
116.89068069 365.61711740 -0.67759940
116.28687455 366.04951804 -0.68562008
115.69495259 366.46733541 -0.69132128
115.11459313 366.86925230 -0.69681955
114.54491836 367.25491201 -0.70245514
113.98482606 367.62320088 -0.70772505
113.43229778 367.97220039 -0.70934241
112.88623755 368.29980263 -0.70896052
112.34674565 368.60531828 -0.71122886
111.81211105 368.89336397 -0.71684026
111.27860250 369.17245574 -0.72517700
110.74509685 369.44821519 -0.73347998
110.21103040 369.72232081 -0.74004961
109.67546011 369.99431784 -0.74622451
109.13732002 370.26284266 -0.75309212
108.59640895 370.52719421 -0.76149253
108.05311144 370.78751348 -0.77116304
107.50821021 371.04433618 -0.78070975
106.96145823 371.29782243 -0.78956406
106.40978403 371.54983702 -0.79674983
105.85176077 371.80324773 -0.80203436
105.28848127 372.05846717 -0.80644679
104.72154743 372.31598813 -0.80998967
104.14985481 372.57568064 -0.81274149
103.57059255 372.83637574 -0.81647453
102.98312494 373.09808155 -0.82144280
102.38966269 373.36200866 -0.82558162
101.79235438 373.62920086 -0.82792349
101.19109519 373.89999916 -0.83004662
100.58310706 374.17523775 -0.83141701
99.96793593 374.45617910 -0.83144793
99.34694856 374.74388082 -0.83160349
98.71925347 375.03779943 -0.83315653
98.08395659 375.33670364 -0.83962667
97.44389019 375.64139071 -0.85241589
96.79826432 375.95212024 -0.87353943
96.14270553 376.27286715 -0.90358622
95.48030387 376.61002567 -0.92839138
94.81223762 376.96166812 -0.93266374
94.13700656 377.32489756 -0.92629201
93.45856387 377.69758298 -0.93175428
92.77572012 378.07834505 -0.95397466
92.08574963 378.47066966 -0.98419065
91.38901555 378.87692577 -1.00768207
90.68268699 379.29777226 -1.01317486
89.96792674 379.73198654 -1.00811492
89.24949565 380.17622411 -1.00806254
88.53008500 380.62895717 -1.01863227
87.81056790 381.09135816 -1.03169421
87.08942732 381.56566826 -1.03211149
86.36270807 382.05289317 -1.01522830
85.63047758 382.55080364 -0.99157164
84.89501047 383.05556810 -0.97305587
84.15714720 383.56469537 -0.96774157
83.41589444 384.07802956 -0.97037804
82.66996619 384.59566499 -0.96978186
81.91875842 385.11623305 -0.96254087
81.15944054 385.63802918 -0.95155082
80.39051845 386.16026428 -0.94236613
79.61267932 386.68266819 -0.93416275
78.82624334 387.20430058 -0.92440353
78.03123810 387.72377158 -0.91781005
77.22847898 388.23934645 -0.91661349
76.41842435 388.75132352 -0.91362755
75.59968817 389.26080165 -0.90086759
74.77148665 389.76794527 -0.87989372
73.93386853 390.27184509 -0.85994570
73.08626359 390.77124219 -0.84708830
72.22945370 391.26593820 -0.84065938
71.36639492 391.75601308 -0.83472924
70.50078938 392.24163848 -0.82403192
69.63366822 392.72320298 -0.80935016
68.76351950 393.20143047 -0.79162956
67.89163198 393.67650329 -0.77179226
67.01759687 394.14906593 -0.75372544
66.13738549 394.61923325 -0.74107231
65.25026063 395.08561517 -0.73765398
64.35744696 395.54914455 -0.73923159
63.46271658 396.01054939 -0.73913678
62.56945421 396.47037614 -0.73303409
61.67770669 396.92970933 -0.72144160
60.78755110 397.38745048 -0.71219465
59.89923461 397.84264562 -0.70815696
59.01333308 398.29610454 -0.70719672
58.12918628 398.74885593 -0.70809851
57.24777351 399.20110694 -0.70968787
56.37196715 399.65272941 -0.71225216
55.50230184 400.10321878 -0.71604559
54.64067414 400.55234988 -0.71804208
53.78754584 401.00122555 -0.71838954
52.94341112 401.45043148 -0.71611835
52.11196151 401.89890643 -0.70891133
51.29223010 402.34431041 -0.70126550
50.48108461 402.78465029 -0.69901799
49.67710231 403.21920003 -0.70189476
48.88167687 403.64674624 -0.70620316
48.09709787 404.06672834 -0.70927649
47.32357688 404.47901299 -0.70991270
46.56136066 404.88225798 -0.70767371
45.81051415 405.27293901 -0.70436318
45.06974825 405.64885990 -0.70401591
44.33692621 406.01047967 -0.70823455
43.61451648 406.35812318 -0.71044148
42.90735752 406.69075412 -0.70306739
42.21354441 407.00676643 -0.69281671
41.52714610 407.30669730 -0.68686137
40.84786906 407.58869107 -0.68691363
40.17938667 407.85089882 -0.69244671
39.52339145 408.09518054 -0.69750770
38.88255136 408.32245124 -0.69962573
38.26099348 408.53240235 -0.69735969
37.66022987 408.72541448 -0.69239830
37.07840097 408.90155174 -0.69104676
36.51415427 409.05957583 -0.69679113
35.96750392 409.19855111 -0.70866816
35.43846764 409.31851300 -0.72412421
34.92755179 409.42147434 -0.74123778
34.43480288 409.50933544 -0.75946359
33.95891170 409.58268404 -0.77836640
33.49814900 409.64047131 -0.79769484
33.05098431 409.68123336 -0.81818728
32.61621715 409.70392923 -0.83924904
32.19166153 409.70800930 -0.85975538
31.77518383 409.69326872 -0.88034389
31.36516545 409.65920012 -0.90157945
30.96048432 409.60366306 -0.92077269
30.56097757 409.52625650 -0.93762890
30.16674019 409.42809677 -0.95233642
29.77633403 409.30811331 -0.96462316
29.38785287 409.16517755 -0.97568972
28.99962765 408.99992804 -0.98545913
28.60877640 408.81228713 -0.99456033
28.21243100 408.59968441 -1.00214055
27.81204613 408.35940636 -1.00591848
27.41092269 408.09009288 -1.00440659
27.00637392 407.79220906 -1.00055644
26.59214459 407.46492986 -0.99786604
26.16539448 407.10697097 -0.99749116
25.72829178 406.71734359 -0.99729543
25.28321579 406.29481177 -0.99454118
24.83356545 405.84156437 -0.99145705
24.38351472 405.35980007 -0.98916948
23.93606330 404.85056608 -0.98863027
23.49448773 404.31473046 -0.98915183
23.05970091 403.75356025 -0.98922820
22.63232249 403.17195236 -0.99723419
22.21091485 402.57033273 -1.01165319
21.79149613 401.94494852 -1.01816344
21.37197960 401.29738140 -1.01491987
20.95420351 400.63244696 -1.00984997
20.53738196 399.95198282 -1.00621358
20.11819014 399.25569070 -1.00101355
19.69841492 398.54570799 -0.99498058
19.28055507 397.82488759 -0.98886364
18.86514926 397.09476685 -0.98093154
18.45072885 396.35577307 -0.97088940
18.03432269 395.60752186 -0.95990676
17.61428857 394.85029232 -0.95037964
17.19173414 394.08601960 -0.94234022
16.76744430 393.31622726 -0.93706474
16.33915129 392.54065712 -0.93311614
15.90690509 391.76040302 -0.92717097
15.47362066 390.97783651 -0.91667003
15.04006686 390.19337113 -0.89907786
14.60506543 389.40545927 -0.87873655
14.16972927 388.61374869 -0.86056977
13.73597751 387.81882334 -0.84518980
13.30293979 387.01961372 -0.83043929
12.86973481 386.21538040 -0.81486838
12.43742006 385.40701633 -0.80115732
12.00723714 384.59478528 -0.78871860
11.57840484 383.77765333 -0.77526710
11.14998511 382.95414632 -0.76651670
10.72109909 382.12353162 -0.76568693
10.29242980 381.28769804 -0.76880450
9.86613934 380.44806649 -0.77101581
9.44053046 379.60392345 -0.76857949
9.01542909 378.75532608 -0.76490542
8.59128345 377.90325193 -0.76330609
8.16520609 377.04839894 -0.76169217
7.73652272 376.19254789 -0.76037836
7.30662792 375.33722216 -0.76072561
6.87644732 374.48323245 -0.76129865
6.44641312 373.63151733 -0.76131877
6.01740007 372.78188174 -0.76215048
5.58960083 371.93426540 -0.76515290
5.16428426 371.08842568 -0.77001476
4.74047307 370.24399228 -0.77644497
4.31302865 369.40091720 -0.78244144
3.88120984 368.55953939 -0.78480811
3.44544374 367.71796962 -0.78496052
3.00361791 366.87375647 -0.79008996
2.55537620 366.02574625 -0.80572900
2.10487719 365.17464541 -0.82254882
1.65429896 364.32388050 -0.83175162
1.19982291 363.47497420 -0.83521306
0.74003641 362.62631111 -0.83523928
0.27749157 361.77629862 -0.83527141
-0.18792596 360.92454565 -0.83798565
-0.65570738 360.07074353 -0.84131215
-1.12339169 359.21589823 -0.84340650
-1.59204284 358.36096202 -0.84411816
-2.06455525 357.50441781 -0.84344641
-2.53979792 356.64645770 -0.84621447
-3.01479108 355.78788865 -0.85175953
-3.49344980 354.93004242 -0.85030428
-3.97525372 354.07305782 -0.84360581
-4.45832980 353.21402050 -0.84184717
-4.94503819 352.35362191 -0.84502838
-5.43209922 351.49332966 -0.84828556
-5.91820841 350.63383924 -0.84725201
-6.40530335 349.77560298 -0.84112276
-6.89497477 348.91768168 -0.83635069
-7.39117787 348.06132607 -0.83664266
-7.89256402 347.20890486 -0.83660432
-8.39450323 346.36012784 -0.83506262
-8.89733290 345.51469303 -0.83176816
-9.39584534 344.66913547 -0.83210852
-9.88790743 343.82031220 -0.83998866
-10.37749461 342.97129740 -0.84803923
-10.86670893 342.12502586 -0.84940274
-11.35666425 341.28154570 -0.84190483
-11.84478950 340.43807831 -0.83318292
-12.32877008 339.59191114 -0.83025696
-12.80815127 338.74144231 -0.83257471
-13.28387911 337.88695157 -0.83664180
-13.75539727 337.02814747 -0.84010982
-14.22246975 336.16635754 -0.83909582
-14.68403041 335.30092100 -0.83305276
-15.14219157 334.42968452 -0.83155059
-15.60000016 333.55261500 -0.83874526
-16.05569727 332.66768471 -0.84720160
-16.50781401 331.77389327 -0.85049819
-16.95820180 330.87322338 -0.84995696
-17.40972165 329.96674547 -0.84956397
-17.86379735 329.05539170 -0.84820322
-18.32162429 328.13983230 -0.84721999
-18.78293406 327.21946099 -0.85172096
-19.24709006 326.29560601 -0.86051848
-19.71399636 325.36961762 -0.86777970
-20.18370074 324.44243838 -0.87079894
-20.65570653 323.51788316 -0.87030236
-21.13109725 322.59824515 -0.87164313
-21.60644771 321.67916778 -0.87940814
-22.08253666 320.75915142 -0.89086418
-22.56099057 319.84058849 -0.90063136
-23.03842739 318.92537471 -0.90352483
-23.51537458 318.01596532 -0.89200086
-23.99270057 317.11393879 -0.87089139
-24.47209671 316.21828136 -0.85541514
-24.95377812 315.32617064 -0.85048757
-25.43797854 314.43482463 -0.85409378
-25.92405421 313.54355723 -0.86247102
-26.40963123 312.65519283 -0.86884279
-26.89427008 311.77359396 -0.87103706
-27.37707896 310.89907840 -0.87189274
-27.85717989 310.03092512 -0.87041621
-28.33541476 309.17106803 -0.86613307
-28.81232293 308.31990422 -0.86189741
-29.28808184 307.47698564 -0.86025316
-29.76206665 306.64306364 -0.86228416
-30.23281972 305.81860242 -0.86517256
-30.69920522 305.00407260 -0.86507587
-31.16197842 304.19950335 -0.86286024
-31.62259664 303.40476125 -0.86079784
-32.08114279 302.61839752 -0.85863813
-32.53946541 301.84058841 -0.85818937
-32.99936749 301.07467184 -0.85941453
-33.45567775 300.31753274 -0.86095244
-33.90679789 299.57188400 -0.86085490
-34.35677060 298.84671833 -0.85858321
-34.80382731 298.13662327 -0.86010118
-35.24274758 297.43660734 -0.86094441
-35.67013664 296.75001196 -0.85362046
-36.08709229 296.07604742 -0.84386134
-36.49549673 295.40926203 -0.83710298
-36.89510327 294.74685510 -0.83315140
-37.28640916 294.09121988 -0.82995387
-37.67006455 293.44447114 -0.82502461
-38.04709526 292.80619454 -0.82038050
-38.41788517 292.17560227 -0.81649832
-38.78112169 291.55042470 -0.81049898
-39.13581802 290.92975043 -0.80203896
-39.48180656 290.31553789 -0.79274743
-39.81853239 289.70846011 -0.78361538
-40.14463324 289.10836944 -0.77335332
-40.46013637 288.51453164 -0.76150472
-40.76558957 287.92675809 -0.74803019
-41.06115900 287.34627794 -0.73306519
-41.34661253 286.77342434 -0.71780420
-41.62131830 286.20641262 -0.70160070
-41.88434483 285.64261003 -0.68322134
-42.12952642 285.08331489 -0.66609218
-42.34889453 284.53216024 -0.65335635
-42.53989392 283.99035510 -0.64512213
-42.70273020 283.45648786 -0.64146802
-42.83776685 282.93029639 -0.64107760
-42.94531136 282.41332967 -0.64310131
-43.02618320 281.90684704 -0.64711680
-43.08185254 281.41057292 -0.65333066
-43.11241045 280.92266153 -0.66264445
-43.11284734 280.44102518 -0.67666742
-43.07750343 279.96539096 -0.69688296
-43.00406935 279.49731718 -0.72178517
-42.89237788 279.03832277 -0.74891464
-42.74400470 278.58903068 -0.77750381
-42.56009667 278.14771314 -0.80871616
-42.34342529 277.71369229 -0.84370776
-42.09902900 277.28925290 -0.88177272
-41.82949216 276.87528345 -0.92038346
-41.53599381 276.47126630 -0.95786462
-41.22040718 276.07621094 -0.99516117
-40.88312772 275.68847901 -1.03076549
-40.52448129 275.30663810 -1.05938889
-40.14675787 274.93004811 -1.07867696
-39.75462345 274.55943060 -1.09143950
-39.35285387 274.19525248 -1.10118470
-38.94170173 273.83540580 -1.10586304
-38.51874844 273.47755946 -1.10154628
-38.08383987 273.12043043 -1.09028915
-37.63927591 272.76251554 -1.07788424
-37.18585872 272.40253047 -1.06645830
-36.72229312 272.03966836 -1.05668703
-36.24425697 271.67056572 -1.04744688
-35.74570322 271.29148319 -1.02966220
-35.22677558 270.90214229 -1.00230940
-34.69035721 270.50249001 -0.97448812
-34.13602895 270.09201166 -0.95231947
-33.56340641 269.67076890 -0.93886786
-32.97332259 269.23938060 -0.93067582
-32.36488523 268.80000762 -0.92268498
-31.73614051 268.35338300 -0.91142644
-31.08612540 267.89804894 -0.89064999
-30.41766705 267.43464321 -0.86579663
-29.73442336 266.96457617 -0.84852461
-29.03648592 266.48872146 -0.83973905
-28.32387254 266.00872175 -0.83508907
-27.59767786 265.52621741 -0.82962986
-26.85846375 265.04161659 -0.82166485
-26.10737129 264.55606206 -0.81237006
-25.34398494 264.07065578 -0.80296433
-24.56660978 263.58552047 -0.79374187
-23.77741429 263.10201313 -0.78339855
-22.97926662 262.62045093 -0.77359786
-22.17370669 262.14081702 -0.76673553
-21.36069267 261.66314132 -0.76410396
-20.54246241 261.18866332 -0.76182306
-19.72349991 260.71905476 -0.75446922
-18.90554898 260.25295296 -0.74496810
-18.08939274 259.78925137 -0.73827918
-17.27553822 259.32942322 -0.73457127
-16.46535726 258.87560988 -0.73105409
-15.66049570 258.42800040 -0.72724191
-14.86171852 257.98665765 -0.72976323
-14.06969503 257.55292820 -0.73952156
-13.28443247 257.12809789 -0.74582397
-12.50516624 256.71220555 -0.74520292
-11.73377353 256.30672788 -0.73902930
-10.96955974 255.90762836 -0.73635910
-10.21102328 255.51120839 -0.74215084
-9.45982845 255.12252604 -0.75019167
-8.71655641 254.74304089 -0.75815631
-7.98285768 254.37076720 -0.76562298
-7.25908152 254.00496895 -0.77279459
-6.54431112 253.64450404 -0.77993279
-5.83983169 253.28834791 -0.78503126
-5.14518292 252.93610101 -0.78644866
-4.45780418 252.58661960 -0.78564219
-3.78114661 252.23943948 -0.78142074
-3.11957321 251.89457851 -0.77636996
-2.47249947 251.55065242 -0.77603822
-1.83990793 251.20675953 -0.77874323
-1.22206610 250.86221158 -0.77931734
-0.61787708 250.51499093 -0.77782275
-0.02774032 250.16397096 -0.77865414
0.54778396 249.80858954 -0.78027462
1.10937418 249.44723231 -0.77751762
1.65679212 249.08016681 -0.77082467
2.19086441 248.71058887 -0.76387542
2.71568374 248.34277549 -0.75898703
3.23597313 247.98029088 -0.75508382
3.75466735 247.62436332 -0.75065973
4.27329922 247.27562442 -0.74533766
4.79343682 246.93311927 -0.74259099
5.31595845 246.59688756 -0.74240190
5.84170920 246.26795031 -0.73840870
6.37130877 245.94623471 -0.72794051
6.90342685 245.63223901 -0.71563078
7.43762943 245.32825867 -0.70921914
7.97569319 245.03675139 -0.70954133
8.51797882 244.75461952 -0.71406186
9.06567800 244.47970887 -0.71941082
9.61992323 244.21519809 -0.72452183
10.17843549 243.96175333 -0.73893485
10.74186347 243.71932519 -0.76176422
11.31149276 243.49358561 -0.77666038
11.88560491 243.28797819 -0.78341171
12.46211980 243.10140292 -0.79034759
13.04077900 242.93344428 -0.79753701
13.62317769 242.78421643 -0.80401742
14.20709438 242.65527957 -0.81084531
14.78870616 242.54934200 -0.81696549
15.36810243 242.46655833 -0.81967152
15.94431283 242.40506674 -0.82399394
16.51519031 242.36462569 -0.83353082
17.08000042 242.34643443 -0.84316717
17.63797988 242.35099223 -0.85071003
18.18781693 242.37668441 -0.85814314
18.72691349 242.42307213 -0.86770192
19.25408282 242.49144286 -0.87801062
19.76845376 242.58211297 -0.88645537
20.27110994 242.69310733 -0.89118388
20.76395217 242.82297074 -0.88817921
21.24232896 242.97125287 -0.87905108
21.70169263 243.13528068 -0.86960535
22.14230186 243.31251690 -0.86248777
22.56665196 243.50085814 -0.85865907
22.97457443 243.70003328 -0.85479142
23.36278783 243.90982844 -0.84862339
23.73071977 244.12867507 -0.84105224
24.08002782 244.35543891 -0.83290258
24.41213654 244.58953540 -0.82454924
24.72691102 244.83095762 -0.81609622
25.02501696 245.07842858 -0.80749919
25.30955847 245.33005687 -0.79958310
25.58628823 245.58438623 -0.79342412
25.86050370 245.84125438 -0.79012769
26.13229485 246.10054942 -0.78882222
26.39980042 246.36168149 -0.78480155
26.66156640 246.62421326 -0.77850225
26.92028768 246.88701673 -0.77330870
27.18069089 247.14920697 -0.76902707
27.44149519 247.40986750 -0.76427149
27.70180058 247.66734993 -0.75905259
27.96432604 247.91907465 -0.75237399
28.22845127 248.16350566 -0.74436149
28.49907234 248.39930217 -0.73453393
28.78430476 248.62093246 -0.72040416
29.08470445 248.82191925 -0.70753076
29.39265770 249.00232352 -0.70094340
29.70063309 249.16913638 -0.69965380
30.01049078 249.32826053 -0.70489784
30.32778147 249.47972314 -0.71435735
30.65968711 249.61734769 -0.71993911
31.01111621 249.73416270 -0.71587061
31.37692434 249.82958702 -0.70745290
31.74875957 249.90700827 -0.70217178
32.12556824 249.96651740 -0.70052833
32.50934591 250.00631060 -0.70174303
32.89992329 250.02710002 -0.70429661
33.29688341 250.03025307 -0.70770643
33.70127790 250.01642018 -0.71332750
34.11476557 249.98783519 -0.72108056
34.53899789 249.94310094 -0.72612832
34.97525023 249.87891948 -0.72536174
35.42310272 249.79660478 -0.72339909
35.88154451 249.69785462 -0.72568859
36.35025122 249.58314647 -0.73301222
36.82878685 249.45344676 -0.74418648
37.31710690 249.31030965 -0.75684811
37.81544017 249.15442551 -0.76850467
38.32421175 248.98542334 -0.77830332
38.84419777 248.80228695 -0.78484820
39.37613495 248.60309998 -0.78853292
39.92041308 248.38719132 -0.79096250
40.47627161 248.15695582 -0.79265861
41.04315886 247.91505970 -0.79302613
41.62111848 247.66349122 -0.79195310
42.21031037 247.40372017 -0.79144656
42.81084379 247.13524503 -0.79352002
43.42310459 246.85647444 -0.79816302
44.04737708 246.56696477 -0.80413627
44.68359967 246.26698756 -0.81056954
45.33236652 245.95643721 -0.81685322
45.99444317 245.63523912 -0.82299957
46.66993657 245.30332497 -0.82802541
47.35830276 244.96061598 -0.83005276
48.05924063 244.60682523 -0.82999503
48.77201304 244.24142374 -0.82994224
49.49500692 243.86505737 -0.83120018
50.22695027 243.47894955 -0.83287769
50.96687673 243.08287105 -0.83534215
51.71472570 242.67614583 -0.83885133
52.47145935 242.25896219 -0.84235544
53.23737670 241.83322697 -0.84582305
54.01306125 241.40086322 -0.84892290
54.79860262 240.96136265 -0.85300595
55.59396760 240.51464416 -0.85727816
56.39943269 240.06197719 -0.85952011
57.21468601 239.60303925 -0.85899634
58.03933155 239.13731664 -0.85595698
58.87327728 238.66566111 -0.85100258
59.71584448 238.18996890 -0.84424236
60.56565999 237.71222903 -0.83826773
61.42153712 237.23483456 -0.83530394
62.28277534 236.75979045 -0.83463120
63.14778232 236.28844821 -0.83476403
64.01515084 235.82219268 -0.83458955
64.88490066 235.36088356 -0.83312503
65.75668439 234.90411093 -0.82902950
66.62977163 234.45215126 -0.82165333
67.50439617 234.00441796 -0.81378349
68.38107830 233.56054905 -0.80779230
69.25885555 233.12136827 -0.80161899
70.13472435 232.68703401 -0.79857196
71.00692371 232.26029984 -0.80643260
71.87669978 231.84251810 -0.82108445
72.74624946 231.42964508 -0.83028273
73.61725012 231.02132082 -0.83148843
74.48901583 230.62080229 -0.82597686
75.35888121 230.22837748 -0.81640040
76.22387232 229.84150968 -0.81323409
77.08300340 229.45772612 -0.81941796
77.93820868 229.07883981 -0.82730354
78.79075648 228.70745773 -0.83120352
79.63962185 228.34411121 -0.83083442
80.48368882 227.98911004 -0.83064352
81.32246894 227.64116885 -0.83477086
82.15604395 227.29988881 -0.84137147
82.98487518 226.96565264 -0.84639215
83.80887414 226.63841657 -0.84933325
84.62709095 226.31851828 -0.85021959
85.43774385 226.00555387 -0.85050032
86.23844112 225.69877738 -0.85246818
87.02635732 225.39808411 -0.85622800
87.79821483 225.10447593 -0.86128084
88.55188223 224.81906131 -0.86702172
89.28585582 224.54070454 -0.87366843
90.00173717 224.26785573 -0.88100580
90.70504350 224.00032469 -0.88865351
91.39976390 223.73744509 -0.89664233
92.08721811 223.47753810 -0.90361926
92.76717091 223.22022801 -0.90997882
93.43952217 222.96606865 -0.91638802
94.10390324 222.71345425 -0.92177113
94.75886228 222.46048505 -0.92580587
95.40273487 222.20854773 -0.92873090
96.03284041 221.95944559 -0.93213779
96.64601782 221.71269745 -0.93781599
97.24033218 221.46824679 -0.94483269
97.81493457 221.22616509 -0.95054284
98.36870846 220.98592434 -0.95364074
98.90047241 220.74805448 -0.95485701
99.40958596 220.51228733 -0.95527416
99.89518190 220.27811963 -0.95550534
100.35784893 220.04551834 -0.95692710
100.80004330 219.81311862 -0.95976337
101.22396676 219.57981121 -0.96291109
101.63000586 219.34561374 -0.96597822
102.01763671 219.11152025 -0.97022236
102.38670987 218.87867584 -0.97563712
102.73711592 218.64661494 -0.98045289
103.06932069 218.41591894 -0.98390373
103.38380270 218.18761900 -0.98661383
103.68060612 217.96143592 -0.98974130
103.95887503 217.73689278 -0.99310162
104.21753983 217.51330581 -0.99624957
104.45784255 217.29133197 -0.99900826
104.68098121 217.07347866 -1.00118601
104.88650727 216.86258684 -1.00314563
105.07279621 216.65990090 -1.00596875
105.23869970 216.46553305 -1.00983866
105.38384888 216.27861886 -1.01399967
105.50724700 216.09844995 -1.01849301
105.61324409 215.92469675 -1.02400254
105.71101815 215.75475461 -1.03026802
105.80543241 215.58499633 -1.03403023
105.89748459 215.41509803 -1.03363538
105.98811871 215.24749923 -1.03247270
106.07703725 215.08218616 -1.03371630
106.16389844 214.91833031 -1.03751632
106.24922741 214.75619106 -1.04254830
106.33272698 214.59485003 -1.04750895
106.41563703 214.43292803 -1.05256398
106.50276979 214.26776013 -1.05890621
106.59870044 214.09504229 -1.06579986
106.70555059 213.91146840 -1.07071154
106.82349976 213.71523851 -1.07227124
106.95107600 213.50525231 -1.07107392
107.08639365 213.28088926 -1.06852002
107.22698902 213.04085076 -1.06557816
107.37071865 212.78375753 -1.06210960
107.51706223 212.51009166 -1.05827848
107.66561520 212.21945805 -1.05440244
107.81323013 211.90944104 -1.04998466
107.95469511 211.57772398 -1.04465544
108.08673523 211.22384579 -1.03822671
108.20750856 210.84869357 -1.03133636
108.31400819 210.45312010 -1.02544122
108.40337780 210.03812665 -1.02025468
108.47535141 209.60401615 -1.01298053
108.52791304 209.15021703 -1.00158975
108.55586398 208.67649370 -0.98855247
108.55548493 208.18370916 -0.97672664
108.52550447 207.67381226 -0.96503876
108.46948810 207.14725917 -0.95155051
108.39083983 206.60393015 -0.93631728
108.28671555 206.04528738 -0.92138536
108.15517535 205.47293585 -0.90836576
107.99902102 204.88782031 -0.89871468
107.82134633 204.29060190 -0.89209498
107.62504838 203.68124472 -0.88589729
107.41285090 203.05936865 -0.88007973
107.18451276 202.42534714 -0.87476369
106.93795686 201.77988883 -0.86794946
106.67328125 201.12363229 -0.86073979
106.39374600 200.45621317 -0.85415387
106.10255256 199.77636040 -0.84838992
105.80043125 199.08399078 -0.84411427
105.48769883 198.37913698 -0.84054527
105.16511295 197.66086301 -0.83731298
104.83347586 196.92849944 -0.83445479
104.49334369 196.18213436 -0.83219533
104.14477675 195.42184604 -0.83038590
103.78804505 194.64694768 -0.82856680
103.42287857 193.85753639 -0.82651206
103.04976022 193.05422294 -0.82386821
102.66874652 192.23770967 -0.81999972
102.27997585 191.40971998 -0.81339563
101.88604199 190.57089383 -0.80394377
101.48870380 189.71997145 -0.79377441
101.08749570 188.85590258 -0.78335518
100.68183986 187.97896022 -0.77137506
100.27108584 187.08953563 -0.75848208
99.85381771 186.18821211 -0.74678685
99.42955264 185.27581072 -0.73495630
98.99847051 184.35379229 -0.72102804
98.56130014 183.42383401 -0.70641298
98.11952976 182.48604937 -0.69286546
97.67342924 181.54040474 -0.68112158
97.22292588 180.58724085 -0.66949049
96.76776550 179.62684392 -0.65678209
96.30733642 178.65950155 -0.64425318
95.84100802 177.68609856 -0.63220026
95.36746395 176.70762325 -0.62053808
94.88702506 175.72377364 -0.60935141
94.40040520 174.73350637 -0.59819436
93.90765622 173.73625553 -0.58668753
93.40880490 172.73204782 -0.57615055
92.90335542 171.72122415 -0.56717471
92.39076524 170.70439013 -0.55877280
91.87053455 169.68204342 -0.55092181
91.34251689 168.65419096 -0.54325954
90.80610127 167.62016949 -0.53425562
90.26102822 166.57927883 -0.52393832
89.70800504 165.53136789 -0.51524573
89.14689362 164.47665456 -0.51021874
88.57770996 163.41504093 -0.50866223
88.00078192 162.34645437 -0.50953383
87.41545560 161.27123358 -0.51130172
86.82139535 160.18953889 -0.51197133
86.21891906 159.10178686 -0.51054438
85.60834961 158.00837933 -0.50780580
84.99070477 156.90900338 -0.50359076
84.36714739 155.80335328 -0.49760706
83.73861987 154.69097956 -0.48913729
83.10504021 153.57193107 -0.47880754
82.46647133 152.44763074 -0.47031560
81.82423006 151.31857515 -0.46606982
81.17835914 150.18421050 -0.46255955
80.52808734 149.04479149 -0.45534963
79.87374994 147.90049672 -0.44462159
79.21610603 146.75150946 -0.43216003
78.55611063 145.59920245 -0.42225319
77.89520008 144.44412560 -0.41654921
77.23392269 143.28565797 -0.41242568
76.57237777 142.12372478 -0.40784850
75.91079108 140.95848429 -0.40217770
75.24910209 139.79013776 -0.39511040
74.58774338 138.62020225 -0.38646395
73.92803388 137.44995458 -0.37777008
73.27020560 136.27946810 -0.36977810
72.61427851 135.10911435 -0.36249215
71.96130070 133.93911319 -0.35655482
71.31128948 132.76971845 -0.35123941
70.66426065 131.60150239 -0.34678558
70.02048005 130.43451689 -0.34273971
69.37979380 129.26911762 -0.33699337
68.74184678 128.10614207 -0.33037270
68.10702522 126.94564525 -0.32415226
67.47613922 125.78735982 -0.31784635
66.84900842 124.63079457 -0.31046675
66.22531258 123.47599779 -0.30332321
65.60442461 122.32505145 -0.30160408
64.98668550 121.17890419 -0.30730010
64.37282998 120.03646627 -0.31587224
63.76283379 118.89680961 -0.32276194
63.15652045 117.76012494 -0.32693429
62.55303207 116.62784224 -0.32986047
61.95197198 115.50142801 -0.33306427
61.35450351 114.38230578 -0.33736347
60.76253706 113.27216788 -0.34294350
60.17894753 112.17191531 -0.34726696
59.60447339 111.08266747 -0.34907644
59.03676166 110.00667613 -0.34916011
58.47595949 108.94570059 -0.34718225
57.92327352 107.90104456 -0.34430218
57.37775267 106.87450242 -0.34042815
56.83894178 105.86696990 -0.33503342
56.30781552 104.87804933 -0.32859494
55.78451208 103.90651468 -0.32181977
55.26822148 102.95081141 -0.31562668
54.75836994 102.01129924 -0.30961326
54.25614145 101.09003923 -0.30288480
53.76325236 100.18979142 -0.29555974
53.28091467 99.31231150 -0.28834368
52.81067112 98.45878435 -0.28167232
52.35281937 97.63015513 -0.27639067
51.90809024 96.82640611 -0.27340999
51.47700929 96.04748706 -0.27221767
51.05928797 95.29378778 -0.27258754
50.65463638 94.56499110 -0.27450942
50.26291423 93.85999365 -0.27786291
49.88373340 93.17824295 -0.28250139
49.51692164 92.51980147 -0.28963218
49.16382732 91.88446426 -0.30037636
48.82671403 91.27101744 -0.31282529
48.50777421 90.67799536 -0.32629515
48.20971032 90.10335418 -0.34028944
47.93448454 89.54491695 -0.35395248
47.68226934 89.00198947 -0.36853878
47.45416579 88.47357508 -0.38460731
47.25289592 87.95824238 -0.40155305
47.08006918 87.45461867 -0.41926353
46.93536880 86.96044896 -0.43671697
46.81686465 86.47296257 -0.45300071
46.72257298 85.98957221 -0.46840983
46.65422221 85.50855302 -0.48389728
46.61363484 85.02958432 -0.49965653
46.59956659 84.55359417 -0.51555049
46.61124939 84.08105558 -0.53149971
46.64896471 83.61174911 -0.54781900
46.71297194 83.14711243 -0.56319335
46.80169952 82.68904383 -0.57734751
46.91414839 82.23779014 -0.59295011
47.05200231 81.79398642 -0.61131229
47.21650855 81.35931382 -0.63120997
47.40761139 80.93403784 -0.65027084
47.62477233 80.51887317 -0.66787944
47.86685171 80.11666344 -0.68433764
48.13304491 79.72937918 -0.69936493
48.42099949 79.35660954 -0.71242387
48.72771210 78.99722583 -0.72508800
49.05453115 78.65263832 -0.73786076
49.40245077 78.32415724 -0.75005961
49.76617343 78.00788665 -0.76123300
50.14068016 77.69924103 -0.76824284
50.52680141 77.39743998 -0.76861635
50.92528912 77.10302380 -0.76597764
51.33515422 76.81508443 -0.77138285
51.75503623 76.53004522 -0.78269438
52.18346558 76.24406129 -0.78621386
52.62000721 75.95548120 -0.77952817
53.06580942 75.66521832 -0.76922697
53.52111900 75.37269330 -0.76206856
53.98462662 75.07454579 -0.75922898
54.45587958 74.76829095 -0.75787509
54.93544941 74.45292262 -0.75690995
55.42500705 74.12940068 -0.75698185
55.92579032 73.79835888 -0.75713659
56.43788937 73.45868435 -0.75665928
56.96148517 73.10965296 -0.75580614
57.49697201 72.75084311 -0.75517740
58.04493867 72.38196809 -0.75483087
58.60621987 72.00348136 -0.75466877
59.18198919 71.61676092 -0.75520261
59.77307170 71.22233851 -0.75591273
60.38047353 70.82077494 -0.75634436
61.00592177 70.41421427 -0.75759568
61.65073724 70.00452027 -0.75965565
62.31556287 69.59297136 -0.76347743
62.99948890 69.17987866 -0.76990383
63.70065306 68.76592862 -0.77659529
64.41784100 68.35391881 -0.78490869
65.14815888 67.94498764 -0.79339296
65.88855054 67.53973823 -0.79688710
66.63664367 67.13890695 -0.79524598
67.38830901 66.74004970 -0.79233630
68.14095023 66.34224167 -0.79043013
68.89341210 65.94461933 -0.78937227
69.64396697 65.54499211 -0.78957399
70.39137566 65.14252328 -0.79035872
71.13457418 64.73591155 -0.79053675
71.87257494 64.32367956 -0.78917390
72.60441026 63.90503916 -0.78669058
73.32876872 63.47993142 -0.78482074
74.04555321 63.04855458 -0.78543151
74.75582388 62.61054972 -0.78768746
75.45960746 62.16535192 -0.78908402
76.15703656 61.71328722 -0.78841374
76.84884771 61.25448398 -0.78699294
77.53515809 60.78856333 -0.78641542
78.21638148 60.31627012 -0.78585816
78.89471021 59.83940179 -0.78606396
79.57288394 59.35796067 -0.78711450
80.25285996 58.87086315 -0.78752836
80.93650332 58.37849998 -0.78611066
81.62543857 57.88122074 -0.78272725
82.32068455 57.37911407 -0.77823643
83.02316310 56.87286742 -0.77303546
83.73267950 56.36321013 -0.76781092
84.44833024 55.85112231 -0.76315660
85.16853934 55.33813124 -0.75987383
85.89042411 54.82465421 -0.75783382
86.61271989 54.31098149 -0.75649926
87.33469801 53.79647341 -0.75491665
88.05485278 53.27964327 -0.75173208
88.77105019 52.75859409 -0.74729471
89.48043615 52.23054708 -0.74321640
90.18095696 51.69270578 -0.73915075
90.87079727 51.14197351 -0.73193621
91.54792327 50.57803401 -0.71940991
92.21107735 50.00299187 -0.70503131
92.86067334 49.41731646 -0.69462769
93.49504643 48.81965200 -0.68764893
94.11319924 48.20975684 -0.68116175
94.71821266 47.58929833 -0.67525563
95.30921311 46.95777120 -0.66817660
95.88577437 46.31407783 -0.66282139
96.45317178 45.66020388 -0.66166011
97.01324666 44.99459951 -0.65914169
97.56733891 44.31655414 -0.65430404
98.12015974 43.63137121 -0.65134859
98.67067740 42.94095888 -0.65655591
99.21720355 42.24507947 -0.67283177
99.76436601 41.54456955 -0.69410074
100.31607178 40.83867056 -0.70901575
100.87351613 40.12621524 -0.71116260
101.43600537 39.40788440 -0.70559014
102.00230318 38.68467636 -0.69918253
102.57057209 37.95573391 -0.69553516
103.13953855 37.22039013 -0.69559623
103.70789675 36.47765223 -0.69949091
104.27408064 35.72504922 -0.70710305
104.83584741 34.95978266 -0.71408553
105.39081766 34.18137086 -0.71658377
105.93715687 33.39020768 -0.71769800
106.47375116 32.58557043 -0.71980139
107.00424242 31.76756723 -0.71538326
107.53100529 30.93690685 -0.70042159
108.05343793 30.09487536 -0.68250920
108.57262211 29.24493591 -0.66913546
109.09020027 28.39022303 -0.65983664
109.60772641 27.53336290 -0.65157599
110.12590461 26.67650044 -0.64155630
110.64323547 25.82054788 -0.63023614
111.15895980 24.96711821 -0.61931141
111.67319306 24.11624862 -0.60798896
112.18464069 23.26689103 -0.59642443
112.69213014 22.41822689 -0.58560828
113.19298080 21.56922101 -0.57513199
113.68189554 20.71852970 -0.56302980
114.15713922 19.86608043 -0.55343993
114.62052189 19.01329811 -0.54846355
115.07159471 18.16002573 -0.54508899
115.50824400 17.30558079 -0.54280057
115.92928457 16.44997982 -0.54107659
116.33482084 15.59298598 -0.53961768
116.72495049 14.73450048 -0.53700893
117.10000067 13.87472227 -0.53225953
117.46020556 13.01423161 -0.52661020
117.80472965 12.15372005 -0.52197325
118.13383168 11.29376616 -0.51933015
118.44859640 10.43519577 -0.51776340
118.75109097 9.57963871 -0.51578860
119.04484662 8.72936649 -0.51337399
119.33191179 7.88652226 -0.51142454
119.61270159 7.05361277 -0.50945349
119.88717174 6.23356245 -0.50642493
120.15684606 5.42950966 -0.50262682
120.42396923 4.64412807 -0.49847404
120.68893900 3.87863943 -0.49392784
120.95286640 3.13415626 -0.48939313
121.21757925 2.41201236 -0.48480459
121.48168259 1.71299382 -0.47990068
121.74307085 1.03736079 -0.47468999
122.00243034 0.38128811 -0.47017161
122.26143105 -0.26394376 -0.46726897
122.52097334 -0.90450803 -0.46449245
122.77868756 -1.54278892 -0.46067453
123.03296184 -2.18013633 -0.45660749
123.28510295 -2.81659434 -0.45234557
123.53558100 -3.45163610 -0.44538632
123.78287867 -4.08469815 -0.43423130
124.02657969 -4.71477857 -0.42389880
124.26759447 -5.34141307 -0.42137508
124.50639505 -5.96974177 -0.42757006
124.74421525 -6.60450646 -0.43739617
124.98200611 -7.24597730 -0.44470317
125.21983927 -7.89485028 -0.44624404
125.45807711 -8.55137272 -0.44719073
125.69657338 -9.21595301 -0.44944041
125.93650459 -9.88891272 -0.44971714
126.17957895 -10.57002161 -0.44641121
126.42641358 -11.25817937 -0.44387311
126.67867308 -11.95170622 -0.44482342
126.93805399 -12.64960793 -0.45289330
127.20933608 -13.35349509 -0.46881724
127.49195398 -14.06480503 -0.48657573
127.78391660 -14.78331115 -0.50284923
128.08739498 -15.50947226 -0.51752769
128.40192314 -16.24334603 -0.53762096
128.72409327 -16.98713965 -0.56012109
129.05147823 -17.74338404 -0.57606481
129.38268697 -18.51172871 -0.58366802
129.71820404 -19.29113642 -0.58665106
130.06227140 -20.07943414 -0.58996321
130.41115002 -20.87589441 -0.59683587
130.75984887 -21.68216742 -0.60754260
131.11224890 -22.49928986 -0.61851827
131.46852642 -23.32803578 -0.62635447
131.82544492 -24.16872478 -0.63082438
132.18455132 -25.01998962 -0.63697682
132.54832889 -25.88001404 -0.64814088
132.91529446 -26.74892082 -0.65949395
133.28418610 -27.62716016 -0.66942505
133.65335005 -28.51400144 -0.67907818
134.02285565 -29.40636665 -0.68613277
134.39234848 -30.30045047 -0.69265381
134.76156933 -31.19362540 -0.70566155
135.13303378 -32.08475706 -0.72614591
135.50611151 -32.97477131 -0.74985193
135.88071967 -33.86508489 -0.77066256
136.25689685 -34.75618378 -0.78506176
136.63195174 -35.64739181 -0.79306228
137.00513155 -36.53717381 -0.80227593
137.38171685 -37.42290984 -0.81619218
137.75936193 -38.30588844 -0.82436082
138.13379503 -39.18994350 -0.82691695
138.51567086 -40.07233164 -0.82979466
138.90322294 -40.95203568 -0.83226378
139.28775381 -41.83033330 -0.83514962
139.66823405 -42.70667271 -0.84224928
140.04005845 -43.58245083 -0.85177983
140.40862450 -44.45570512 -0.86123973
140.77876056 -45.32786611 -0.86899797
141.14423523 -46.19992771 -0.87253546
141.50546301 -47.06971915 -0.87565976
141.86174149 -47.93776768 -0.87564146
142.20891842 -48.80462564 -0.86429721
142.55389995 -49.66796219 -0.84789618
142.89859602 -50.52535080 -0.83415721
143.24061321 -51.37577639 -0.82376819
143.58435149 -52.21659585 -0.81719304
143.92793127 -53.04819868 -0.81150897
144.27029748 -53.87221395 -0.80254221
144.61080905 -54.68716515 -0.79061441
144.94367892 -55.49107376 -0.77546269
145.26899615 -56.28064191 -0.76272901
145.58882918 -57.05228402 -0.76002521
145.89992136 -57.80844078 -0.76100033
146.19962241 -58.55248661 -0.75288707
146.49007195 -59.28220268 -0.72933877
146.77170970 -59.99314854 -0.70185707
147.04614155 -60.68209427 -0.68492553
147.31228296 -61.34719749 -0.68002385
147.56491221 -61.98804696 -0.67918128
147.80549468 -62.60505311 -0.67725419
148.03920479 -63.19833314 -0.66954943
148.26557635 -63.76872243 -0.65618412
148.48625724 -64.31870919 -0.64271893
148.70903841 -64.85259361 -0.63078690
148.93980855 -65.37376094 -0.62266167
149.18114255 -65.88255623 -0.61701076
149.43593191 -66.37911024 -0.61114492
149.70956700 -66.86312617 -0.60742474
150.00570721 -67.33219052 -0.60631456
150.32232804 -67.78533017 -0.60644930
150.65684690 -68.22401244 -0.60677054
151.00729735 -68.64980450 -0.60787101
151.37811702 -69.06184750 -0.61047359
151.77254805 -69.46199340 -0.61341453
152.18654557 -69.85307941 -0.61335355
152.62160577 -70.23385551 -0.60899727
153.08122978 -70.60245132 -0.60293888
153.56259483 -70.95996622 -0.60010403
154.05918027 -71.31007598 -0.60520855
154.57270272 -71.65229080 -0.61156678
155.10524748 -71.98659666 -0.61517781
155.65106764 -72.31632050 -0.62297473
156.20594192 -72.64405950 -0.63544034
156.76790134 -72.97293173 -0.64794522
157.33532515 -73.30662463 -0.66069805
157.90841803 -73.64434327 -0.67425973
158.48704943 -73.98656595 -0.68637327
159.06959401 -74.33449865 -0.69615239
159.65377406 -74.68767108 -0.70692592
160.23757112 -75.04710083 -0.72117308
160.82312883 -75.41378284 -0.73715308
161.41188391 -75.78948670 -0.75019143
162.00451422 -76.17310824 -0.75647464
162.60283674 -76.56235574 -0.75465071
163.20333244 -76.95821941 -0.75246979
163.80363306 -77.36144395 -0.75971161
164.40443110 -77.77244598 -0.77220091
165.00410905 -78.19320118 -0.78354552
165.60317586 -78.62335351 -0.79113825
166.20641192 -79.05706311 -0.79510968
166.81725094 -79.48911279 -0.79899946
167.43214331 -79.92309454 -0.80271934
168.04669688 -80.36189833 -0.80661906
168.66365484 -80.80301899 -0.81032763
169.28882017 -81.24267318 -0.81382991
169.92125922 -81.68107240 -0.81883221
170.55502684 -82.12168513 -0.82135365
171.18987888 -82.56339107 -0.82624729
171.82575601 -83.00615333 -0.83524908
172.46128883 -83.45171898 -0.84252714
173.10158629 -83.89753560 -0.85015013
173.74721162 -84.34352004 -0.85369536
174.39592366 -84.79263664 -0.85068920
175.04757074 -85.24499742 -0.84871091
175.70277636 -85.69749220 -0.85229276
176.36036455 -86.15120228 -0.85553919
177.01857336 -86.61144090 -0.85532853
177.68071027 -87.07604968 -0.85014901
178.34599337 -87.54568953 -0.83760201
179.01232743 -88.02251313 -0.82762124
179.68160015 -88.50337174 -0.82243793
180.35559951 -88.98846598 -0.81348263
181.03356778 -89.47640699 -0.80452465
181.71338235 -89.96665258 -0.79829348
182.39352331 -90.45921901 -0.79296796
183.07324131 -90.95275889 -0.78703734
183.75262370 -91.44658734 -0.77863940
184.43325344 -91.93861901 -0.77045737
185.11435841 -92.43077923 -0.76677360
185.79599973 -92.92262018 -0.76533988
186.47722710 -93.41420890 -0.76110351
187.15715686 -93.90594556 -0.76006878
187.84090117 -94.39483774 -0.76271319
188.52964751 -94.88293458 -0.75619764
189.22163316 -95.37102723 -0.73500070
189.91489917 -95.85758687 -0.71327595
190.60734975 -96.34219402 -0.70742564
191.29942866 -96.82580237 -0.71492004
191.99341677 -97.30970717 -0.72329892
192.68930297 -97.79770411 -0.72393752
193.38480420 -98.29372325 -0.71705319
194.08231209 -98.79326583 -0.70940981
194.78235825 -99.29298989 -0.70700357
195.48417409 -99.79328545 -0.71112933
196.18994670 -100.29482638 -0.71827242
196.89950771 -100.80014520 -0.72229166
197.61408520 -101.30878978 -0.71699321
198.33446390 -101.81923767 -0.70843192
199.05935506 -102.32948597 -0.70386911
199.78785829 -102.83920747 -0.70410063
200.51911542 -103.35159410 -0.70520663
201.25347810 -103.86513342 -0.70216603
201.99160829 -104.37767905 -0.69871193
202.73345907 -104.89054125 -0.69822087
203.47736685 -105.40468822 -0.69508936
204.21893043 -105.92178638 -0.69097743
204.95816640 -106.44024661 -0.69382705
205.69632962 -106.95882499 -0.69863197
206.43505239 -107.47851019 -0.69821029
207.17829376 -107.99733442 -0.69001001
207.92183988 -108.51609499 -0.68449285
208.66249013 -109.03375524 -0.69179982
209.39977368 -109.55021112 -0.70671017
210.13264003 -110.06717129 -0.72002051
210.86150953 -110.58502279 -0.72896989
211.58737951 -111.10345506 -0.73588098
212.31299432 -111.61864683 -0.74068253
213.03563952 -112.13001056 -0.74252659
213.75501863 -112.63586341 -0.74658611
214.47345422 -113.13583154 -0.75935440
215.18960375 -113.63285105 -0.77105213
215.90477158 -114.12895002 -0.76883207
216.61641971 -114.62352767 -0.76042157
217.32044879 -115.11452326 -0.75872900
218.01907987 -115.60100010 -0.76527216
218.71507809 -116.08718035 -0.77021576
219.40672693 -116.57470701 -0.76283806
220.09207237 -117.05950016 -0.74978415
220.77018444 -117.53920574 -0.74305394
221.43936962 -118.01335105 -0.74362434
222.09708410 -118.48283068 -0.74484360
222.74431146 -118.94527460 -0.74226050
223.38238894 -119.40060570 -0.73703743
224.01033433 -119.84900032 -0.73065441
224.62935940 -120.28731755 -0.72154936
225.23788709 -120.71599586 -0.71504681
225.83217040 -121.13845085 -0.71796504
226.41410646 -121.55509475 -0.72447075
226.98676112 -121.96640515 -0.72657499
227.55082054 -122.37512019 -0.72159482
228.10491027 -122.78236704 -0.71213685
228.64619963 -123.18705635 -0.70167234
229.17413073 -123.58770547 -0.69104946
229.68845442 -123.98375993 -0.68035804
230.18890536 -124.37465525 -0.66968013
230.67521185 -124.75979574 -0.65909752
231.14709834 -125.13858760 -0.64868874
231.60428130 -125.51041253 -0.63853164
232.04647425 -125.87464988 -0.62870248
232.47337451 -126.23065446 -0.61927422
232.88467369 -126.57779235 -0.61032141
233.28007400 -126.91542387 -0.60191580
233.65926186 -127.24290270 -0.59412912
234.02191711 -127.55957867 -0.58703587
234.36768538 -127.86481466 -0.58071558
234.69619310 -128.15796259 -0.57524480
235.00706130 -128.43837151 -0.57070593
235.29990392 -128.70539225 -0.56717472
235.57529853 -128.95794553 -0.56356482
235.83415525 -129.19530322 -0.55976477
236.07702973 -129.41754225 -0.55734829
236.30676134 -129.62390604 -0.55605457
236.52641073 -129.81387202 -0.55457932
236.73602586 -129.98847680 -0.55222449
236.93575966 -130.14877648 -0.54842378
237.12889986 -130.29795755 -0.54299186
237.31986735 -130.44039976 -0.53535216
237.51170288 -130.57612531 -0.52699752
237.70472855 -130.70216671 -0.51985977
237.89827521 -130.81777194 -0.51296012
238.09391145 -130.92384523 -0.50429148
238.29319192 -131.02088279 -0.49299859
238.49492706 -131.10842908 -0.47962328
238.69819351 -131.18412885 -0.46503142
238.90492716 -131.24806646 -0.45039279
239.11716095 -131.30278837 -0.43535639
239.33725260 -131.34934045 -0.42000598
239.56774808 -131.38673715 -0.40458704
239.80937693 -131.41398090 -0.38716997
240.06122764 -131.43488553 -0.37003757
240.32481487 -131.44710301 -0.35502168
240.60332780 -131.44116446 -0.33822895
240.89505002 -131.41228049 -0.31825870
241.19726257 -131.35966408 -0.29895291
241.50931312 -131.28390823 -0.28347422
241.83038121 -131.18510950 -0.27162307
242.15974642 -131.06341673 -0.26317630
242.49680226 -130.91899816 -0.25792496
242.84105574 -130.75200640 -0.25568131
243.19211390 -130.56259831 -0.25623347
243.54968974 -130.35092114 -0.25936184
243.91360730 -130.11708628 -0.26487798
244.28378489 -129.86119146 -0.27257205
244.66022921 -129.58326396 -0.28223746
245.04301263 -129.28332419 -0.29367017
245.43231543 -128.96136726 -0.30668103
245.82837426 -128.61735061 -0.32107169
246.23150960 -128.25119150 -0.33666911
246.64208394 -127.86277157 -0.35328702
247.06058904 -127.45194752 -0.37074017
247.48463534 -127.01797968 -0.38671064
247.90973074 -126.55830012 -0.40018197
248.33527012 -126.07222342 -0.41279772
248.76462592 -125.56132895 -0.43316290
249.19988973 -125.02793624 -0.45653439
249.64290960 -124.47182007 -0.46245836
250.09359986 -123.89343373 -0.45353209
250.54796574 -123.29535557 -0.44854261
251.00336580 -122.67707986 -0.45770738
251.46054859 -122.03699393 -0.47572297
251.92371123 -121.37613132 -0.49099809
252.39563271 -120.69631535 -0.50103807
252.87601333 -119.99808095 -0.51014963
253.36660713 -119.28480661 -0.51816207
253.86700503 -118.55732085 -0.52560766
254.37301136 -117.81305701 -0.53446673
254.88771451 -117.05666787 -0.53894872
255.41213315 -116.29293864 -0.53784733
255.94118788 -115.52254440 -0.53849080
256.47365831 -114.74766006 -0.54569085
257.00993459 -113.96879167 -0.55587361
257.55043182 -113.18322686 -0.56295487
258.09622902 -112.38902805 -0.56870296
258.64785076 -111.58622996 -0.56974235
259.20355816 -110.77447350 -0.56276979
259.76259053 -109.95704213 -0.55955834
260.32158975 -109.13607843 -0.56588412
260.87836678 -108.31049028 -0.57879117
261.43687614 -107.48010700 -0.59278831
261.99762642 -106.64372805 -0.60134639
262.55806781 -105.80050717 -0.60159258
263.11965223 -104.95229196 -0.59825318
263.68116993 -104.09931726 -0.59938083
264.24023077 -103.24083178 -0.60592422
264.79908829 -102.37888398 -0.61590188
265.35766348 -101.51542289 -0.62366911
265.91470774 -100.65099792 -0.63027902
266.47028747 -99.78474185 -0.64675043
267.02749255 -98.91734064 -0.66606972
267.58779342 -98.05135659 -0.67347532
268.14943440 -97.18853634 -0.67865713
268.71166208 -96.32698434 -0.68723192
269.27803998 -95.46523400 -0.68570237
269.84816304 -94.60406069 -0.67578862
270.41881117 -93.74434363 -0.66855910
270.99291108 -92.88852312 -0.66632033
271.57001476 -92.03462492 -0.66645346
272.15098750 -91.18124934 -0.66171723
272.73825655 -90.32944191 -0.65218979
273.33288953 -89.48115144 -0.64576394
273.93491160 -88.63931277 -0.64715706
274.54309646 -87.80379140 -0.65589588
275.15759692 -86.97203861 -0.66572262
275.77468299 -86.13774861 -0.67018280
276.39198750 -85.30061425 -0.66840068
277.00838977 -84.46419257 -0.67132630
277.62179596 -83.62938982 -0.68528141
278.23389925 -82.79636108 -0.70338591
278.84865327 -81.96432261 -0.71537916
279.46741908 -81.13290258 -0.71170688
280.08525737 -80.30118487 -0.69963299
280.70121123 -79.47102789 -0.69206279
281.31561306 -78.64379495 -0.69096387
281.92855549 -77.81863670 -0.69456872
282.54091094 -76.99506331 -0.69758371
283.15427233 -76.17541824 -0.69472969
283.76919427 -75.35955178 -0.69020197
284.38311896 -74.54513208 -0.68800617
284.99625928 -73.73473364 -0.68858302
285.60807063 -72.92928907 -0.69382044
286.21839821 -72.12517109 -0.69850472
286.82833348 -71.32012681 -0.69319978
287.43874250 -70.51643833 -0.68330382
288.04863356 -69.71726003 -0.68617910
288.65573639 -68.92242951 -0.70343105
289.26039885 -68.12859968 -0.72178235
289.86445879 -67.33285116 -0.72731688
290.46962491 -66.53543794 -0.71605928
291.07658621 -65.73724556 -0.70180430
291.68509356 -64.94006964 -0.69596373
292.29559467 -64.14527465 -0.69953405
292.90836861 -63.35289781 -0.71066174
293.52274272 -62.56081789 -0.72470343
294.13854567 -61.76677062 -0.73485784
294.75993051 -60.97295811 -0.73854443
295.38656644 -60.18114587 -0.74098403
296.01644176 -59.39211091 -0.74493797
296.65493680 -58.60945823 -0.74823999
297.30077757 -57.83192966 -0.74712012
297.94965865 -57.05655116 -0.74843137
298.60092628 -56.28378813 -0.75320362
299.25397664 -55.51400314 -0.75383227
299.91019825 -54.74915679 -0.75509207
300.57090725 -53.98968503 -0.75717766
301.23619007 -53.23370534 -0.75306252
301.90502959 -52.48137461 -0.74295671
302.57610354 -51.73442507 -0.73450549
303.24777173 -50.99218491 -0.72958339
303.91804325 -50.25241000 -0.72440537
304.58445776 -49.51431590 -0.71835531
305.24596438 -48.77898743 -0.71404682
305.90324181 -48.04847239 -0.71461820
306.55670165 -47.32312429 -0.71692054
307.20638537 -46.60172241 -0.71602920
307.85240131 -45.88585917 -0.70866642
308.49613009 -45.17909111 -0.69466741
309.13755806 -44.48429760 -0.68404457
309.77315706 -43.80240624 -0.68264853
310.39826151 -43.13292490 -0.68789151
311.01223003 -42.47562692 -0.69943359
311.61998869 -41.83122328 -0.71413246
312.22409945 -41.19902474 -0.72102844
312.82374288 -40.57869891 -0.71929489
313.41831411 -39.97241707 -0.72014959
314.00769026 -39.38168623 -0.72805147
314.59096700 -38.80757239 -0.73957558
315.16699467 -38.25155582 -0.75093546
315.73576369 -37.71367325 -0.76101236
316.29615373 -37.19291069 -0.77087670
316.84657809 -36.68878378 -0.77971025
317.38667620 -36.20360740 -0.78576259
317.91597677 -35.74132363 -0.79207364
318.43244249 -35.30129718 -0.80293450
318.93478194 -34.88122238 -0.81713922
319.42330752 -34.48031286 -0.82909945
319.89867872 -34.09657870 -0.83230061
320.36111718 -33.72873476 -0.82805945
320.81119952 -33.37737506 -0.82653915
321.24892786 -33.04039505 -0.83212859
321.67284307 -32.70950254 -0.84350479
322.08406917 -32.37785495 -0.86212037
322.48676875 -32.04511678 -0.88344374
322.88479966 -31.71205009 -0.89782142
323.27715532 -31.37692393 -0.90629620
323.65649037 -31.03540475 -0.91452837
324.01789573 -30.68569098 -0.92191583
324.36386213 -30.33059892 -0.92875073
324.69726258 -29.97248188 -0.93958325
325.01541039 -29.60968318 -0.95591498
325.31328644 -29.23754209 -0.97767511
325.59024127 -28.85284831 -1.00100484
325.84818219 -28.45473025 -1.02153702
326.08508746 -28.04232509 -1.03795027
326.29761717 -27.61510380 -1.04979979
326.48479663 -27.17330432 -1.05811794
326.64645524 -26.71719913 -1.06329233
326.78238872 -26.24715766 -1.06572560
326.89230813 -25.76365938 -1.06579621
326.97597645 -25.26726414 -1.06390478
327.03311497 -24.75857749 -1.06044011
327.06334277 -24.23829711 -1.05585459
327.06624814 -23.70717403 -1.05059405
327.04150117 -23.16600013 -1.04509102
326.98871178 -22.61566695 -1.03979187
326.90751500 -22.05708174 -1.03510948
326.79752688 -21.49122287 -1.03151012
326.65832487 -20.91911376 -1.02946479
326.48951276 -20.34187391 -1.02937424
326.29068813 -19.76076896 -1.03163958
326.06147810 -19.17713168 -1.03671527
325.80114135 -18.59122291 -1.03939862
325.51130317 -18.00217690 -1.03182698
325.19830951 -17.40867637 -1.01497638
324.86858021 -16.80967872 -0.99450653
324.52629738 -16.20433970 -0.97743650
324.17398757 -15.59205534 -0.96692215
323.81298879 -14.97197047 -0.95949604
323.44649879 -14.34140484 -0.95298655
323.07678996 -13.69896855 -0.94782764
322.70216463 -13.04579269 -0.94181266
322.32209391 -12.38183324 -0.93382799
321.93754076 -11.70608078 -0.92757257
321.54835359 -11.01762378 -0.92235902
321.15554657 -10.31436573 -0.91329637
320.75896254 -9.59592511 -0.90189366
320.35673392 -8.86314009 -0.88865361
319.95033275 -8.11563775 -0.87489518
319.54119726 -7.35375412 -0.86355855
319.12848721 -6.57903654 -0.85335797
318.71148726 -5.79427543 -0.84409236
318.28891747 -5.00237980 -0.83487941
317.86140701 -4.20446852 -0.82509808
317.43133868 -3.40091550 -0.81291938
317.00087497 -2.59302854 -0.80423634
316.57197110 -1.78202679 -0.80387434
316.14541564 -0.96701554 -0.80536004
315.72142082 -0.14807027 -0.80059644
315.30111293 0.67316234 -0.78596624
314.88618318 1.49581577 -0.76651475
314.47830672 2.31924262 -0.74954930
314.07930328 3.14354018 -0.73721858
313.69182288 3.97043164 -0.72918159
313.31649075 4.80052420 -0.72142320
312.95249866 5.63225989 -0.70949913
312.59962866 6.46523819 -0.69482475
312.26019948 7.30031766 -0.68090529
311.93446933 8.13810966 -0.66822350
311.61852407 8.97904561 -0.65738285
311.31138969 9.82360952 -0.64863911
311.01205632 10.67318113 -0.64159232
310.71648471 11.52703515 -0.63675488
310.42119909 12.38283280 -0.63137551
310.12318402 13.23901060 -0.62662123
309.82190782 14.09586099 -0.62335946
309.51718976 14.95321601 -0.61996892
309.20417046 15.80797437 -0.61630507
308.88518512 16.66024873 -0.61465189
308.56570254 17.51153953 -0.61289916
308.24104553 18.36093791 -0.60874212
307.90897331 19.20854063 -0.59986874
307.57113786 20.05498640 -0.58172093
307.22839001 20.89960058 -0.56136616
306.87718916 21.74047589 -0.54525298
306.51492365 22.57693457 -0.53331865
306.14531422 23.40943961 -0.52347967
305.76926409 24.23812869 -0.51277275
305.38567817 25.06397095 -0.50185315
304.99265933 25.88694440 -0.48879482
304.58974055 26.70649751 -0.47134849
304.17921916 27.52226675 -0.45334992
303.76230974 28.33334624 -0.43767636
303.34146732 29.14159698 -0.42439015
302.91608814 29.94573818 -0.41314708
302.48538772 30.74519406 -0.40176311
302.05059165 31.54235807 -0.38940219
301.61016515 32.33785299 -0.37345690
301.16498116 33.13119018 -0.35168243
300.71802512 33.92126104 -0.32936119
300.26894716 34.70632539 -0.31118684
299.81887709 35.48878295 -0.29220318
299.36769995 36.27042697 -0.26770542
298.91436850 37.04792791 -0.24400341
298.46186656 37.82241116 -0.22488178
298.00994273 38.59390395 -0.20940364
297.55582981 39.35946836 -0.19781299
297.09790395 40.11736486 -0.18970040
296.63614725 40.86658845 -0.18365136
296.16998707 41.60451687 -0.17884389
295.70097200 42.33174717 -0.17202799
295.23191337 43.05094198 -0.15931286
294.76304151 43.76092079 -0.14455350
294.29327160 44.45822178 -0.13255979
293.82277849 45.14155360 -0.12315200
293.35462872 45.81179905 -0.11709008
292.89074464 46.47084438 -0.11327153
292.42856138 47.11895936 -0.10373215
291.96729833 47.75473505 -0.08301125
291.51034377 48.37712298 -0.05862017
291.06083779 48.98295791 -0.04244518
290.61962979 49.57150801 -0.03498759
290.18425395 50.14331774 -0.03014982
289.75364927 50.69925167 -0.02123002
289.33108918 51.24154802 -0.00726601
288.91709218 51.76953712 0.00546134
288.51065646 52.28258548 0.01478168
288.11383340 52.78156526 0.02352654
287.73077005 53.26699447 0.03496558
287.36189417 53.73746335 0.04546615
287.00247140 54.19039596 0.04836938
286.65255324 54.62790810 0.04689017
286.31599174 55.05417775 0.04952130
285.99397254 55.46842786 0.06038986
285.68713162 55.86841776 0.07527899
285.39723077 56.25444603 0.08552341
285.12547663 56.62716020 0.09042321
284.87071330 56.98600283 0.09541294
284.63272477 57.33095128 0.10282695
284.41296121 57.66234444 0.11327325
284.21307596 57.97932830 0.12613850
284.03457235 58.28136796 0.13829150
283.87669691 58.56881682 0.14844154
283.73820190 58.84388872 0.15731727
283.61577229 59.11221766 0.16562438
283.50210068 59.37929431 0.17348625
283.39216562 59.64732125 0.18014854
283.28474882 59.91751669 0.18538734
283.18058443 60.19133290 0.18978809
283.08152021 60.46981296 0.19410215
282.98818681 60.75315535 0.19924387
282.89942681 61.04061892 0.20567633
282.81363196 61.33100560 0.21301020
282.73023537 61.62449267 0.22134824
282.65019026 61.92298691 0.23037098
282.57406614 62.23080708 0.23841796
282.49829343 62.55523249 0.24317674
282.41606905 62.90103913 0.24601124
282.32191762 63.26981253 0.25110003
282.21346672 63.66272464 0.26065550
282.09178849 64.08059740 0.27399716
281.95873758 64.52284147 0.28556417
281.81460619 64.98663089 0.29112314
281.65989776 65.47133448 0.29352584
281.49686125 65.97916529 0.30127253
281.32539244 66.50923608 0.31704822
281.14169577 67.05755411 0.33396603
280.94434716 67.62057417 0.34707879
280.73607958 68.19628593 0.35638499
280.51952154 68.78397238 0.36379424
280.29372857 69.38386538 0.37172305
280.05759331 69.99608423 0.37761156
279.81120903 70.61820109 0.37550686
279.55175252 71.24787233 0.36862807
279.27697877 71.88514481 0.36405620
278.98956608 72.53125447 0.35918289
278.69215376 73.18697039 0.34978248
278.38515338 73.85182548 0.33652523
278.06892431 74.52533831 0.32009220
277.74375972 75.20697254 0.30113800
277.40992925 75.89619116 0.28033574
277.06774730 76.59244524 0.25835259
276.71744564 77.29513886 0.23584392
276.35927304 78.00365960 0.21346258
275.99345509 78.71739931 0.19184240
275.62020493 79.43568898 0.17163170
275.23976279 80.15782912 0.15345136
274.85232581 80.88311684 0.13793077
274.45805606 81.61079927 0.12569325
274.05708382 82.34011085 0.11734052
273.64957692 83.07031480 0.11348529
273.23567150 83.80062538 0.11472496
272.81507696 84.53057355 0.12097702
272.38865645 85.26140098 0.13272285
271.95736697 85.99331347 0.14901659
271.52045979 86.72398081 0.16438590
271.07813048 87.45136252 0.17498468
270.63026278 88.17186866 0.18109495
270.17869267 88.88576341 0.18237171
269.72532250 89.59587169 0.18351805
269.26947137 90.30144804 0.19005399
268.81100283 91.00167791 0.20081237
268.35072812 91.69477006 0.20901364
267.88777189 92.37910693 0.21406820
267.42041807 93.05599766 0.21915731
266.94977780 93.72755699 0.22333891
266.47695471 94.39368510 0.22661191
266.00198837 95.05199268 0.22727417
265.52436240 95.70294553 0.22522759
265.04255456 96.34906965 0.22573934
264.55617868 96.98813149 0.23507378
264.06873984 97.61536748 0.24919790
263.58505899 98.23025522 0.25726320
263.10852351 98.83790262 0.26030068
262.63967433 99.44001195 0.26637706
262.17671818 100.03242696 0.27830471
261.72160749 100.61485483 0.29181291
261.27797187 101.18910790 0.30239949
260.84441394 101.75159004 0.31306710
260.42042796 102.29998033 0.32216063
260.00738589 102.83889925 0.33139352
259.60444240 103.36893652 0.34528493
259.21188319 103.88881732 0.35926870
258.82830900 104.40059824 0.37153378
258.44643573 104.90812494 0.38394351
258.05994221 105.41257816 0.39633123
257.66665623 105.90944107 0.40871584
257.26619018 106.39561558 0.42464960
256.85912625 106.86909986 0.44655625
256.44672000 107.32979992 0.47114327
256.03030427 107.77814036 0.49511270
255.61039161 108.21332658 0.51721937
255.18701931 108.63634423 0.53778384
254.75963966 109.04762742 0.55906162
254.32524573 109.44742572 0.58016521
253.88153282 109.83637190 0.59937693
253.42875957 110.21343808 0.61676282
252.96602839 110.57833619 0.63439542
252.49071047 110.93427286 0.65382283
252.00111584 111.28553666 0.67527294
251.49796295 111.63114042 0.70042451
250.98308792 111.96997036 0.72473503
250.45571292 112.30571454 0.74470758
249.91271344 112.64108713 0.76107989
249.35248362 112.97725937 0.77227136
248.77338477 113.31679094 0.78128653
248.17465188 113.66021710 0.79229423
247.55823099 114.00513838 0.80315666
246.92404689 114.35193515 0.81209054
246.27049711 114.70195862 0.82117634
245.59744489 115.05401692 0.83252917
244.90527831 115.40621999 0.84766211
244.19405729 115.75985569 0.86607173
243.46548615 116.11566636 0.88326405
242.72186195 116.47253698 0.89450265
241.96139660 116.83206968 0.90091444
241.18045556 117.19729080 0.90936607
240.37876996 117.56900406 0.92753684
239.55923860 117.94417864 0.95306993
238.72342826 118.32012940 0.97620565
237.87041829 118.69871806 0.99673742
237.00017271 119.08085641 1.01722303
236.11550771 119.46431935 1.03231599
235.21619634 119.85167123 1.04173632
234.30216249 120.24336138 1.05059106
233.37661463 120.63378206 1.06356581
232.43860438 121.02277159 1.08237574
231.48844590 121.40883635 1.10986332
230.52967148 121.78876184 1.14533095
229.56223464 122.16763233 1.18186011
228.58856402 122.54936663 1.21143500
227.61217051 122.93418633 1.22873259
226.63287810 123.32044675 1.23843075
225.64946001 123.70512424 1.25261794
224.66073503 124.08760155 1.28050798
223.66810118 124.46931539 1.31684210
222.67325151 124.85068767 1.35413142
221.67654816 125.23153687 1.38917500
220.67981443 125.61263224 1.42219723
219.68544162 125.99535909 1.44818310
218.69169652 126.38133992 1.46474286
217.69572854 126.76941283 1.48233794
216.69620915 127.15770870 1.50877185
215.69360127 127.54588082 1.54073000
214.69066387 127.93372897 1.57329946
213.68811766 128.32327770 1.60081367
212.68664733 128.71518361 1.61955743
211.68610688 129.10806833 1.63667212
210.68415495 129.50321351 1.65945335
209.67931185 129.89956549 1.68559676
208.67187964 130.29432606 1.71622487
207.66256495 130.68811422 1.75675364
206.65371936 131.08206186 1.79826404
205.64901132 131.47523148 1.83040159
204.64730362 131.86837447 1.85679928
203.64734912 132.26218184 1.88532276
202.65301848 132.65379835 1.91392853
201.66555703 133.04237301 1.94230458
200.68371154 133.42956118 1.97448630
199.71066912 133.81462253 2.00746571
198.75094051 134.19650055 2.03569556
197.80388869 134.57634539 2.05700761
196.87078519 134.95424972 2.07619713
195.95685285 135.33039112 2.09713738
195.06347978 135.70727543 2.11364074
194.19010512 136.08674689 2.12319396
193.33746404 136.47005985 2.13295829
192.50771616 136.85786697 2.14398919
191.70283531 137.25077108 2.15307271
190.92328322 137.65060910 2.16049857
190.16961160 138.05859986 2.16528474
189.44434552 138.47486412 2.16640091
188.74795947 138.90073201 2.16569516
188.07796288 139.33808097 2.16153784
187.43361073 139.78636795 2.15110870
186.81717095 140.24355717 2.13721557
186.22894599 140.70910339 2.12207775
185.66650020 141.18380683 2.10256775
185.12874620 141.66804918 2.07676523
184.61589775 142.16158752 2.04792678
184.12764870 142.66359619 2.01994220
183.66168870 143.16876342 1.99199636
183.21521007 143.67120294 1.96190679
182.78608294 144.17074435 1.93057179
182.37347342 144.66907392 1.89912644
181.97605368 145.16707078 1.86393742
181.59456070 145.66361346 1.82131672
181.23079840 146.15738012 1.77582593
180.88410161 146.64970962 1.73419216
180.55448859 147.14234817 1.69689322
180.24183244 147.63716134 1.66081429
179.94526662 148.13691270 1.62739233
179.66192704 148.64496638 1.59792592
179.39062302 149.16181140 1.57059857
179.13443239 149.68544650 1.54656302
178.89430230 150.21916142 1.52609961
178.66939118 150.76735154 1.50641799
178.46149202 151.32690962 1.48606022
178.27174045 151.89397559 1.46287051
178.09904128 152.46944101 1.43585603
177.94489877 153.05895341 1.41252562
177.81247963 153.66548299 1.40248845
177.70106755 154.28447858 1.40396119
177.61005836 154.91458692 1.40895127
177.53936810 155.55884794 1.41357185
177.48879538 156.21923401 1.41794592
177.45993763 156.89451724 1.42314192
177.45300192 157.58214696 1.42811615
177.46974478 158.28638469 1.43372109
177.51129887 159.01198680 1.43837008
177.57632097 159.75308564 1.44190880
177.66350260 160.50163570 1.44801064
177.77414806 161.25737418 1.46066264
177.90941971 162.02051326 1.47894150
178.06726932 162.78827181 1.49295751
178.24618458 163.56255813 1.49570304
178.44616679 164.34393861 1.48744202
178.66629556 165.12536947 1.47294956
178.90544430 165.90342475 1.46002094
179.16242874 166.68063456 1.44995205
179.43492290 167.45465996 1.44114521
179.72322067 168.22500108 1.43652914
180.02719908 168.99554585 1.43286987
180.34476486 169.76488693 1.42385341
180.67497722 170.53268351 1.41069112
181.01865218 171.30336391 1.40165507
181.37632625 172.07739256 1.40346668
181.74561180 172.85161690 1.41337817
182.12397532 173.62571222 1.42467936
182.51208369 174.39913694 1.43880334
182.90849298 175.17113831 1.45086718
183.31016284 175.94132838 1.45310256
183.71681401 176.71224364 1.45193860
184.12816506 177.48919780 1.44858649
184.54367739 178.27411170 1.44083983
184.96208287 179.06640275 1.43204903
185.38110337 179.86538858 1.42809283
185.79926406 180.67124688 1.43536053
186.21533806 181.48282386 1.44957573
186.62969584 182.29866738 1.46214362
187.04232058 183.12059212 1.47118734
187.45164920 183.94982250 1.47507195
187.85772809 184.78701826 1.47500022
188.26141895 185.63391966 1.47062433
188.66107267 186.48952572 1.46389344
189.05425118 187.35349014 1.46594490
189.44112029 188.22502231 1.48230331
189.82435819 189.09984814 1.49963820
190.20633968 189.97825854 1.50419882
190.58751991 190.86312244 1.50025839
190.96677960 191.75451035 1.49789555
191.34410732 192.65163506 1.50232464
191.72077780 193.55477302 1.51274189
192.09755142 194.46379839 1.52341615
192.47439940 195.37789288 1.53244696
192.85055732 196.29881530 1.54024152
193.22708052 197.22749330 1.54355807
193.60626055 198.16419554 1.54415977
193.98858634 199.11013123 1.54268172
194.37301533 200.06452469 1.54283017
194.75917189 201.02606620 1.55091005
195.14764751 201.99434701 1.56314157
195.53973521 202.96789197 1.57520225
195.93409066 203.94650324 1.59046331
196.33018944 204.93067791 1.61188242
196.72849891 205.92188941 1.63369096
197.12995016 206.92013638 1.64463778
197.53504237 207.92550054 1.64686124
197.94240458 208.93733971 1.65117980
198.35148198 209.95504917 1.66205104
198.76196507 210.97960367 1.67577660
199.17427509 212.01094935 1.68753923
199.58943144 213.04918042 1.69638830
200.00725238 214.09615351 1.70379936
200.42691505 215.15124928 1.71155378
200.84886002 216.20982832 1.72170224
201.27190593 217.27137623 1.73761409
201.69696575 218.33620210 1.75419059
202.12706099 219.40123049 1.76682055
202.56036508 220.46733094 1.77693298
202.99656282 221.53850977 1.78644117
203.43765674 222.61253390 1.79386394
203.88271847 223.68572912 1.80154295
204.33097129 224.75712769 1.81097202
204.78088219 225.82804823 1.81686326
205.23589274 226.89467324 1.82707662
205.69659719 227.95848038 1.83532489
206.15946942 229.02389880 1.83135066
206.62555527 230.08887949 1.82309840
207.09311130 231.15355942 1.81403587
207.56072298 232.21671695 1.80736216
208.02929661 233.27665943 1.80844318
208.50241315 234.33136387 1.81433655
208.97996671 235.38195471 1.81600024
209.46059157 236.42743158 1.81319228
209.94451074 237.46348170 1.81669077
210.42707764 238.49326166 1.82911314
210.90825223 239.51835173 1.83876444
211.39124764 240.53611090 1.84137642
211.87676423 241.54602726 1.84193509
212.36462423 242.54718134 1.84231473
212.85199570 243.53930040 1.84340471
213.33736584 244.52229317 1.84820670
213.81826857 245.49964672 1.85221144
214.29269311 246.47302496 1.85404689
214.76161215 247.43944487 1.85784852
215.22370831 248.39885892 1.86532388
215.67767789 249.35270213 1.87175034
216.12414670 250.29999108 1.87313227
216.56312061 251.23952304 1.87242671
216.99567981 252.17265526 1.86602639
217.42068594 253.10049369 1.85221577
217.83610985 254.02215259 1.83733040
218.24220641 254.93465532 1.82836763
218.63648147 255.83805033 1.82757546
219.02014505 256.73339404 1.82968432
219.39726406 257.62023545 1.82660948
219.77205824 258.49479491 1.81569540
220.14560258 259.35306676 1.80319680
220.51509692 260.19738439 1.79246948
220.88236934 261.02996604 1.77790586
221.24606785 261.85026670 1.75999147
221.60304539 262.65712451 1.74788302
221.95658609 263.45041278 1.73992226
222.31092305 264.23256767 1.72413164
222.66616760 265.00520226 1.69912590
223.01961231 265.76622016 1.67226135
223.36885264 266.51295956 1.65185713
223.71391863 267.24585038 1.63975139
224.05668480 267.96866588 1.62604097
224.39900149 268.68385235 1.60462200
224.74188937 269.38994842 1.58109977
225.08649259 270.08698631 1.56154978
225.43321480 270.77980314 1.54246412
225.78140707 271.47179767 1.51899700
226.12973693 272.16279362 1.49509863
226.47752948 272.85178770 1.47755035
226.82664523 273.53862278 1.46462959
227.17736728 274.22428272 1.45008975
227.52992116 274.90842783 1.43539109
227.88277162 275.59167012 1.42514853
228.23366660 276.27843543 1.41378304
228.58177922 276.97085607 1.39954388
228.92463004 277.66894931 1.38755705
229.26279643 278.37364159 1.38142156
229.59841627 279.08618090 1.38188426
229.93271458 279.80996811 1.38315853
230.26864917 280.54859770 1.37917520
230.60859358 281.30308869 1.36907946
230.95188036 282.07298181 1.35605451
231.29671376 282.85763863 1.34481500
231.64332491 283.65153803 1.33981330
231.99294513 284.44823573 1.33833340
232.34489256 285.24627213 1.33437741
232.69686577 286.04626595 1.32990842
233.04742790 286.84936208 1.33309898
233.39917321 287.65637434 1.34350181
233.75573356 288.46950709 1.35158360
234.11924934 289.29064756 1.35250592
234.49120424 290.11896444 1.34871903
234.87150884 290.95413397 1.34264884
235.25920555 291.79399075 1.33672537
235.65729197 292.63402155 1.33288132
236.07019364 293.47276439 1.33056101
236.49686927 294.31041101 1.32955803
236.93286932 295.14633167 1.32611977
237.37830902 295.98006915 1.31851796
237.83761387 296.81239120 1.31098793
238.30956369 297.64432810 1.30508728
238.78796807 298.47543780 1.30162791
239.26929517 299.30451306 1.29902845
239.75516059 300.13255608 1.29917366
240.24606117 300.96184857 1.30435677
240.73563508 301.79300529 1.30964501
241.22175246 302.62503770 1.30708484
241.70689504 303.45708804 1.29727294
242.19076993 304.28967139 1.29031252
242.67191028 305.12332886 1.29189897
243.14823725 305.95836717 1.29888292
243.61934907 306.79561653 1.30159863
244.08431883 307.63670785 1.29905150
244.53993929 308.48137215 1.29516832
244.98651515 309.32872337 1.29416754
245.42810038 310.17955772 1.30392015
245.86609804 311.03335062 1.32009264
246.30007591 311.88961508 1.33363977
246.73147920 312.74884591 1.34293555
247.16103015 313.61059519 1.34671547
247.58752824 314.47322422 1.34677003
248.01281819 315.33562414 1.34847050
248.44096383 316.19871979 1.35114870
248.87428970 317.06385807 1.34904893
249.31149500 317.93101776 1.34402529
249.74942690 318.80183236 1.34125323
250.18913570 319.67955910 1.34059124
250.63118634 320.56736245 1.33651639
251.07403479 321.46609020 1.32677667
251.51892197 322.37417204 1.31716985
251.96792368 323.28946419 1.31526360
252.42142389 324.20980358 1.31812012
252.87727922 325.13559819 1.31428728
253.33227385 326.06709847 1.30004179
253.78583066 327.00298694 1.28015319
254.23853011 327.94121447 1.26269733
254.68958897 328.88072461 1.24821752
255.13993029 329.82144296 1.23027635
255.58992326 330.76117663 1.21027239
256.03873262 331.69682938 1.19554985
256.48641424 332.62711741 1.18504162
256.93220404 333.55145812 1.17190097
257.37709626 334.46943417 1.15463627
257.82202270 335.38119547 1.13027744
258.26696508 336.28555637 1.09936811
258.71323496 337.17997629 1.06791642
259.15936460 338.06154104 1.04077525
259.60301877 338.92919752 1.01868238
260.04399726 339.78312440 0.99795635
260.48184167 340.62264420 0.98077432
260.91676986 341.44880384 0.96735225
261.34858861 342.26519037 0.94942575
261.77780332 343.07397268 0.92494807
262.20583445 343.87479258 0.89808875
262.63204049 344.66598294 0.87278173
263.05452895 345.44468526 0.85231416
263.47349898 346.21202060 0.83412353
263.89220949 346.96982523 0.81606057
264.31050050 347.71583155 0.79762305
264.72887127 348.44934286 0.77856576
265.15004252 349.17171993 0.75939154
265.57379905 349.88388549 0.73772780
265.99939281 350.58508976 0.71188291
266.42744106 351.27419119 0.68367364
266.85820635 351.94981291 0.65519611
267.29156122 352.61056660 0.62817756
267.72771673 353.25669948 0.60432466
268.16650167 353.88861865 0.58435323
268.60748561 354.50709402 0.56748555
269.05031436 355.11448463 0.55300020
269.49440407 355.71277648 0.54082961
269.93880914 356.30274066 0.52912420
270.38201507 356.88436322 0.51529994
270.82268314 357.45606703 0.50042091
271.25870563 358.01389357 0.48738968
271.68812067 358.55397997 0.47542010
272.11125673 359.07324316 0.46083211
272.53070431 359.56863442 0.44138243
272.94803446 360.03722147 0.41850142
273.36026782 360.47601302 0.39479517
273.76523758 360.88404532 0.37099178
274.16407133 361.26210052 0.34722055
274.55783201 361.61093400 0.32361046
274.94753515 361.93137790 0.30028323
275.33413975 362.22426897 0.27738321
275.71853680 362.49054135 0.25505387
276.10155008 362.73112483 0.23345112
276.48390501 362.94701892 0.21274015
276.86627196 363.13926900 0.19309616
277.24919986 363.30896403 0.17470879
277.63309086 363.45727919 0.15774361
278.01824464 363.58539426 0.14238157
278.40491143 363.69453692 0.12876352
278.79326475 363.78591882 0.11703359
279.18333589 363.86077272 0.10734923
279.57507416 363.92043639 0.09981896
279.97008724 363.96598414 0.09340862
280.36775164 363.99748142 0.08462744
280.76396009 364.01393531 0.07442161
281.15727545 364.01350629 0.07047214
281.55092524 363.99465943 0.07548994
281.94992338 363.95699330 0.08064287
282.35601959 363.90208177 0.07902951
282.76712700 363.83223299 0.07498301
283.18197534 363.74869055 0.07718676
283.60149994 363.65369137 0.09078476
284.02971474 363.54854912 0.10886709
284.47020871 363.43278453 0.12367981
284.92490133 363.30605815 0.13693146
285.39737273 363.16765382 0.14872340
285.89092198 363.01663488 0.15998295
286.40587855 362.85230376 0.17167068
286.93987872 362.67467206 0.18045197
287.49287381 362.48350155 0.18465115
288.06561414 362.27805292 0.18627668
288.65805035 362.05885622 0.18889502
289.26975446 361.82753518 0.19166006
289.90053094 361.58459258 0.19177836
290.54974498 361.32988466 0.18804484
291.21738503 361.06224172 0.18397818
291.90520440 360.78055568 0.18635752
292.61239997 360.48523513 0.19543779
293.33470108 360.17774641 0.20285793
294.07026335 359.85942042 0.20295871
294.82097431 359.52950320 0.19839728
295.58634780 359.18796659 0.19349370
296.36660520 358.83586168 0.19025349
297.16149485 358.47362292 0.18658151
297.96976887 358.10129350 0.17711162
298.79206539 357.71813366 0.16281313
299.62725265 357.32265347 0.14992796
300.47353261 356.91365703 0.14535845
301.33117184 356.49234158 0.15231088
302.19783774 356.06164794 0.16285350
303.06945420 355.62455135 0.16865104
303.94482775 355.18260944 0.17038778
304.82447694 354.73480697 0.16858194
305.70902653 354.27889911 0.16660754
306.60011356 353.81296730 0.16908972
307.49767095 353.33800995 0.17480793
308.40056179 352.85507550 0.18224521
309.30849284 352.36372393 0.18997456
310.22141214 351.86504794 0.20010647
311.13923869 351.36213328 0.21074153
312.05886160 350.85614383 0.22005680
312.97958367 350.34603510 0.23098085
313.90194322 349.83129953 0.24764318
314.82271706 349.31188505 0.26829826
315.74365169 348.78800869 0.28891225
316.66588468 348.26023458 0.30977480
317.58783299 347.73041965 0.32636356
318.51026651 347.19977923 0.33719560
319.43205003 346.66816552 0.34320750
320.34989954 346.13527012 0.34687388
321.26254581 345.60101485 0.35226172
322.16939342 345.06512253 0.36153881
323.06885258 344.52766574 0.37489677
323.96323800 343.98995237 0.38959387
324.85518205 343.45434827 0.40390484
325.74548824 342.92222418 0.41540230
326.63365924 342.39342064 0.42596485
327.51778721 341.86762536 0.44196611
328.39648080 341.34326533 0.46577562
329.27001637 340.82069809 0.49699418
330.13808438 340.30192180 0.53046947
330.99593614 339.78960033 0.55391002
331.84380354 339.28592888 0.56613627
332.68727830 338.78887084 0.57477871
333.52971984 338.29802746 0.58340419
334.37128465 337.81402470 0.59441896
335.20951819 337.33656892 0.60776653
336.04566790 336.86655387 0.62557009
336.88003522 336.40448557 0.64576216
337.71081237 335.95036195 0.66612706
338.53882010 335.50437315 0.68773769
339.36605494 335.06729049 0.70667289
340.19380545 334.63999760 0.71962469
341.02280520 334.22258331 0.72753808
341.85543526 333.81581917 0.73089450
342.69495325 333.42131482 0.73002593
343.54139646 333.03914211 0.72588233
344.39413469 332.66868374 0.72138548
345.25434418 332.30957455 0.72066578
346.11994560 331.96234005 0.72238289
346.98886692 331.62871404 0.72386120
347.86197912 331.31026601 0.71751171
348.73820110 331.00553678 0.70334274
349.61803352 330.71270298 0.69349890
350.50165001 330.43071673 0.68808483
351.38795710 330.16031788 0.68304943
352.27591061 329.90392812 0.67716659
353.16583135 329.66329544 0.66176716
354.05928802 329.43693754 0.63683125
354.95609947 329.22253119 0.61425865
355.85790669 329.02079465 0.60132124
356.76358180 328.83058465 0.59382935
357.66942026 328.65092132 0.57894777
358.57627211 328.48448062 0.55423013
359.48759875 328.33235187 0.52648321
360.40372242 328.19137068 0.50075206
361.32478242 328.06161897 0.47997030
362.25041195 327.94268725 0.46509458
363.17614217 327.83064884 0.45241152
364.10033820 327.72521072 0.43730200
365.02529529 327.62795899 0.42080197
365.95214347 327.54097501 0.39734366
366.87789570 327.46050919 0.36590681
367.80094716 327.38150128 0.33400030
368.72484305 327.30540733 0.30643618
369.64877023 327.23120520 0.28425963
370.56709956 327.15636023 0.26309490
371.48116351 327.08399092 0.23845503
372.39505260 327.01667700 0.20806150
373.30752499 326.95193551 0.17816486
374.21699419 326.88789458 0.15755663
375.12366560 326.82596823 0.14397847
376.02719678 326.76707769 0.12997887
376.92678338 326.71032275 0.11355334
377.82233712 326.65474164 0.09720905
378.71333786 326.59931759 0.08319619
379.59978257 326.54506456 0.07104231
380.48050911 326.49282187 0.05942320
381.35307101 326.44116399 0.04473354
382.21811638 326.38894766 0.02839943
383.07798295 326.33640479 0.01602794
383.93193274 326.28235074 0.01056293
384.77777588 326.22595216 0.01175873
385.61380602 326.16789486 0.01357199
386.43760920 326.11011720 0.00665028
387.24721991 326.05570215 -0.01041057
388.04208362 326.00564250 -0.03051637
388.82133378 325.95883385 -0.04920433
389.58363161 325.91474982 -0.06416806
390.32830729 325.87399529 -0.07333792
391.05327838 325.83577577 -0.08024142
391.75648411 325.79857812 -0.08862189
392.43750617 325.76184553 -0.09678829
393.09541362 325.72540946 -0.10543789
393.72904517 325.68879715 -0.11517001
394.33869535 325.65187872 -0.12421329
394.92462412 325.61390636 -0.13227755
395.48656271 325.57333316 -0.13913324
396.02409205 325.52893232 -0.14337038
396.53554626 325.48028783 -0.14409589
397.01941903 325.42756072 -0.14360855
397.47637388 325.37142069 -0.14618520
397.91132451 325.31174022 -0.15239237
398.33182818 325.24503817 -0.16158566
398.74397928 325.16843375 -0.17427176
399.15195639 325.08139906 -0.18937050
399.55791016 324.98299139 -0.20428794
399.96088383 324.87064585 -0.21689656
400.35774846 324.74116095 -0.22746988
400.74835543 324.59502082 -0.23691856
401.13269090 324.43315754 -0.24186506
401.50937700 324.25584526 -0.24119251
401.88042186 324.06597407 -0.23941669
402.24928817 323.86611727 -0.23961717
402.61800062 323.65363688 -0.24331863
402.98633280 323.42237659 -0.25027741
403.35295147 323.16902288 -0.25855316
403.71708541 322.89317380 -0.26736106
404.07932604 322.59581688 -0.27475927
404.44139561 322.27833313 -0.27772750
404.80291844 321.94156580 -0.27658400
405.16077622 321.58550440 -0.27394942
405.51169825 321.20910372 -0.27177464
405.85439935 320.81041201 -0.27048631
406.18901481 320.38674161 -0.26982358
406.51427292 319.93548072 -0.27153760
406.82785522 319.45490385 -0.27708636
407.12621474 318.94409764 -0.28442565
407.40538913 318.40321333 -0.29087098
407.66275001 317.83359277 -0.29446478
407.89836600 317.23664980 -0.29498955
408.11458442 316.61355477 -0.29429746
408.31348632 315.96544698 -0.29332081
408.49724577 315.29325513 -0.29140469
408.66795054 314.59791263 -0.28884982
408.82698067 313.87984797 -0.28621421
408.97560660 313.13896824 -0.28346715
409.11498074 312.37493995 -0.28017948
409.24499638 311.58790389 -0.27555158
409.36607380 310.77802482 -0.27026905
409.48026021 309.94526347 -0.26470068
409.58934610 309.09001535 -0.26091476
409.69568809 308.21223145 -0.26169710
409.80070074 307.31086050 -0.26731934
409.90372046 306.38476315 -0.27413588
410.00384626 305.43299168 -0.27632647
410.10134792 304.45688189 -0.27489507
410.19690213 303.46143034 -0.27647682
410.29062941 302.45158029 -0.28331642
410.38360680 301.42952041 -0.29186889
410.47739939 300.39679984 -0.29911826
410.57365558 299.35568575 -0.30482819
410.67375369 298.30831985 -0.30898607
410.77855073 297.25609365 -0.31143815
410.88932939 296.19943100 -0.31246976
411.00634967 295.13900957 -0.31285037
411.12928923 294.07591026 -0.31388255
411.25844064 293.01076377 -0.31722099
411.39378864 291.94316397 -0.32321322
411.53447827 290.87257108 -0.33027071
411.68112583 289.79910728 -0.33748264
411.83450579 288.72369524 -0.34577311
411.99435698 287.64711251 -0.35461206
412.16080040 286.56953018 -0.36160808
412.33336576 285.49159315 -0.36595895
412.51161295 284.41449809 -0.36977515
412.69469339 283.33924540 -0.37585194
412.88188293 282.26590186 -0.38450272
413.07312389 281.19326786 -0.39462611
413.26748700 280.12092991 -0.40416851
413.46501937 279.04926819 -0.41200041
413.66490952 277.97889963 -0.41903006
413.86602252 276.91124647 -0.42595364
414.06883255 275.84754910 -0.43277931
414.27357963 274.78815876 -0.43981364
414.47955642 273.73251076 -0.44748170
414.68665681 272.67987727 -0.45320910
414.89545717 271.63032757 -0.45704123
415.10561296 270.58484620 -0.46399618
415.31620966 269.54409575 -0.47489324
415.52650394 268.50758393 -0.48743501
415.73714142 267.47195446 -0.50094129
415.94834918 266.43356057 -0.51427369
416.15932482 265.39145955 -0.52513240
416.36867987 264.34609527 -0.53420857
416.57453995 263.29781087 -0.54475737
416.77668233 262.24500117 -0.55541572
416.97634732 261.18658630 -0.55996418
417.17352808 260.12487654 -0.56042610
417.36754974 259.06194401 -0.56292532
417.55668318 257.99802244 -0.56404592
417.73775698 256.93355483 -0.55989368
417.90912501 255.86998361 -0.55328448
418.07076536 254.80871254 -0.54659608
418.22302389 253.75048124 -0.53989876
418.36622404 252.69597115 -0.53321659
418.50074056 251.64584069 -0.52657219
418.62702210 250.60071888 -0.51997505
418.74544468 249.56122176 -0.51346816
418.85642790 248.52789652 -0.50706056
418.96049916 247.50125107 -0.50076958
419.05810752 246.48180170 -0.49461325
419.14976783 245.47002951 -0.48862485
419.23603626 244.46636280 -0.48281595
419.31746711 243.47121799 -0.47720994
419.39467085 242.48507472 -0.47185058
419.46824142 241.50833745 -0.46675333
419.53877831 240.54144031 -0.46195515
419.60684615 239.58484011 -0.45746383
419.67308131 238.63900156 -0.45329693
419.73741971 237.70598738 -0.44944218
419.79999724 236.78884980 -0.44598356
419.86168308 235.89006134 -0.44250241
419.92156814 235.01139548 -0.43885751
419.97900424 234.15394805 -0.43609445
420.03368591 233.31756181 -0.43477201
420.08383202 232.50085665 -0.43469379
420.12766090 231.70251191 -0.43565965
420.16347848 230.92124672 -0.43742200
420.18964624 230.15581165 -0.43975672
420.20448250 229.40508654 -0.44246651
420.20624684 228.66809360 -0.44536232
420.19323179 227.94395791 -0.44823208
420.16374861 227.23200343 -0.45087593
420.11599228 226.53173639 -0.45311537
420.04817608 225.84286247 -0.45475348
419.95845247 225.16528787 -0.45562449
419.84491176 224.49921433 -0.45555922
419.70563030 223.84506562 -0.45440579
419.53860385 223.20353624 -0.45202953
419.34284987 222.57632309 -0.44838150
419.11740876 221.96634557 -0.44465333
418.86101941 221.37668667 -0.44339628
418.57302102 220.81009038 -0.44538713
418.25312815 220.26873952 -0.44831101
417.90231078 219.75437412 -0.45063104
417.52280895 219.26802193 -0.45205951
417.11617631 218.81100653 -0.45230972
416.68202354 218.38381798 -0.45218721
416.21915298 217.98545336 -0.45314599
415.72798292 217.61603784 -0.45567253
415.21046571 217.27621569 -0.45888586
414.66880208 216.96542495 -0.46294388
414.10515204 216.68275026 -0.46959341
413.52073512 216.42817918 -0.47892049
412.91678534 216.20077329 -0.49013295
412.29459257 215.99912331 -0.50195935
411.65485563 215.82205873 -0.51332879
410.99784534 215.66754416 -0.52488197
410.32351407 215.53382521 -0.53892759
409.63169038 215.42293692 -0.55640812
408.92173038 215.33754506 -0.57499647
408.19330661 215.27724469 -0.59336879
407.44687774 215.24338531 -0.61204569
406.68258636 215.23665415 -0.63056921
405.90055825 215.25575516 -0.64843563
405.10148025 215.30041845 -0.66552521
404.28629315 215.36992098 -0.68143526
403.45618209 215.46480560 -0.69661556
402.61195480 215.58632101 -0.71086920
401.75419586 215.73367343 -0.72383642
400.88312165 215.90533880 -0.73471063
399.99911319 216.09960365 -0.74441135
399.10327333 216.31438679 -0.75670100
398.19593101 216.54723764 -0.77356935
397.27662253 216.79811965 -0.79376179
396.34462849 217.06790871 -0.81232315
395.40124142 217.35824415 -0.82526980
394.44963447 217.67164254 -0.83474343
393.49107681 218.00712318 -0.84520206
392.52481703 218.36088990 -0.85708414
391.54916423 218.72941509 -0.86857947
390.56258972 219.11113890 -0.87522742
389.56506816 219.50529956 -0.87311996
388.55685190 219.90975224 -0.86499388
387.53882676 220.32230447 -0.85479904
386.51252373 220.74085247 -0.84602097
385.47853131 221.16319666 -0.83923342
384.43734160 221.58866052 -0.83162193
383.39059390 222.01675433 -0.82247092
382.33919139 222.44600224 -0.81353258
381.28303077 222.87596966 -0.80370827
380.22373058 223.30817291 -0.79033420
379.16259910 223.74248795 -0.77416523
378.09934782 224.17863966 -0.75789901
377.03322633 224.61668450 -0.74122902
375.96420532 225.05683791 -0.72317991
374.89277477 225.50036056 -0.70610573
373.81892372 225.94799760 -0.68924255
372.74260714 226.39919337 -0.67078510
371.66491402 226.85327424 -0.65089916
370.58769701 227.30911112 -0.63076805
369.51283872 227.76598038 -0.61366170
368.44173226 228.22547087 -0.59536870
367.37459586 228.68836439 -0.57223085
366.31291890 229.15646464 -0.55041015
365.25687071 229.62996728 -0.53241543
364.20454258 230.10545770 -0.51439647
363.15567210 230.58236051 -0.49538254
362.11083206 231.06159258 -0.47781220
361.07101985 231.54453898 -0.46155986
360.03644566 232.03208770 -0.44506961
359.00731481 232.52418706 -0.42879451
357.98362710 233.02046324 -0.41427506
356.96480663 233.52003281 -0.40126736
355.95072561 234.02259983 -0.38966485
354.94153452 234.52853417 -0.37846893
353.93766119 235.03858803 -0.36540853
352.93922229 235.55279106 -0.34997420
351.94575913 236.07026945 -0.33275256
350.95759588 236.59015558 -0.31582684
349.97506110 237.11130007 -0.30115788
348.99823836 237.63380521 -0.28758890
348.02632564 238.15752077 -0.27495091
347.05897287 238.68150942 -0.26277002
346.09712561 239.20596804 -0.25004462
345.14136641 239.73128627 -0.23743570
344.19204634 240.25741034 -0.22497425
343.24901108 240.78378433 -0.21253450
342.31207926 241.30939732 -0.20051159
341.38150954 241.83402633 -0.18875168
340.45825320 242.35724957 -0.17721784
339.54371760 242.87788717 -0.16657719
338.64000921 243.39599400 -0.15509744
337.74836427 243.91136989 -0.14041771
336.86967425 244.42215849 -0.12258234
336.00596793 244.92724027 -0.10370362
335.15869988 245.42535074 -0.08675294
334.32878887 245.91455000 -0.07203063
333.51783138 246.39474655 -0.05907766
332.72722711 246.86612726 -0.04754564
331.95738941 247.32752328 -0.03606354
331.20849709 247.77818407 -0.02469808
330.48062874 248.21827746 -0.01360633
329.77266778 248.64751689 -0.00304954
329.08199937 249.06387093 0.00485196
328.40719136 249.46607529 0.01302000
327.74824543 249.85421733 0.02365692
327.10514493 250.22708680 0.03303290
326.47719645 250.58250744 0.03920606
325.86354520 250.91866377 0.04257277
325.26502224 251.23472726 0.04538299
324.68348209 251.52979114 0.04960250
324.12049339 251.80284598 0.05499185
323.57751236 252.05312012 0.06017012
323.05447343 252.27861470 0.06378538
322.54945120 252.47615648 0.06540352
322.05935230 252.64436922 0.06531992
321.58079253 252.78345264 0.06407162
321.11131013 252.89282322 0.06286132
320.64749670 252.97274363 0.06189835
320.18666343 253.02466586 0.06102293
319.72906175 253.04818525 0.06130750
319.27575787 253.04029281 0.06345307
318.82860762 252.99768310 0.06468765
318.38915733 252.92022755 0.06314047
317.95752912 252.81127786 0.06187667
317.53428335 252.67249783 0.06162132
317.12108658 252.50189622 0.06078367
316.71808923 252.29757515 0.05873136
316.32320160 252.06197343 0.05716459
315.93456435 251.79814171 0.05674081
315.55203091 251.50499262 0.05257805
315.17601209 251.18234248 0.04281940
314.80618816 250.83094310 0.02980739
314.44256423 250.45092694 0.01513149
314.08381123 250.04426037 0.00322622
313.72600257 249.61668496 -0.00227618
313.36671729 249.17272663 -0.00232221
313.00717787 248.71232011 -0.00007624
312.65026104 248.23308451 -0.00206763
312.29580650 247.73464118 -0.00951214
311.93972990 247.21879376 -0.01676233
311.57782600 246.68662869 -0.02154722
311.20831166 246.13871108 -0.02548676
310.83306048 245.57349747 -0.02823636
310.45312111 244.98998369 -0.02873321
310.06541385 244.39104847 -0.02909065
309.66742559 243.77848527 -0.03102550
309.26054032 243.15090128 -0.03276811
308.84668824 242.50693867 -0.03128647
308.42871401 241.84478504 -0.02804819
308.00710791 241.16472023 -0.02632549
307.57955900 240.46861216 -0.02399865
307.14735044 239.75533708 -0.02051049
306.71077553 239.02480287 -0.01730739
306.26713738 238.27893904 -0.01178641
305.81571893 237.51822080 -0.00290085
305.35865887 236.74152449 0.00647798
304.89693237 235.94907353 0.01291169
304.43114170 235.14117043 0.01615300
303.96444656 234.31581255 0.01658698
303.49636723 233.47293790 0.01578556
303.02473307 232.61590514 0.01497871
302.54923716 231.74907429 0.01237779
302.06920759 230.87574926 0.00580675
301.58511319 229.99614381 0.00072452
301.09684437 229.10974577 0.00418962
300.60675670 228.21637879 0.01190649
300.11886087 227.31529793 0.01587481
299.63204414 226.40708418 0.01659126
299.14310479 225.49374676 0.01833443
298.65232051 224.57654475 0.01941426
298.16062294 223.65522057 0.01893563
297.66821909 222.73022945 0.02208868
297.17801810 221.80202795 0.02859639
296.69290332 220.86947746 0.03630522
296.21268663 219.93303694 0.04866568
295.73557640 218.99527579 0.06143984
295.25856336 218.05845172 0.06835246
294.77918245 217.12305052 0.07428007
294.29717921 216.18695640 0.08622588
293.81465844 215.24974572 0.10098096
293.33515929 214.31201446 0.11476932
292.85864612 213.37471648 0.12138405
292.38407399 212.43871444 0.12116085
291.91195808 211.50266071 0.12291156
291.43973390 210.56545240 0.12730890
290.96468944 209.62530959 0.13497015
290.48745341 208.68178278 0.13890282
290.00831521 207.73545184 0.13411090
289.52641197 206.78481227 0.12767710
289.04181137 205.82766387 0.12547136
288.55435835 204.86402237 0.12801384
288.06265338 203.89599932 0.13141234
287.56702890 202.92470432 0.12868789
287.06808814 201.94932377 0.12095057
286.56600744 200.96762392 0.11497560
286.06095643 199.97959423 0.11103170
285.55219661 198.98710557 0.10671828
285.03980144 197.99038913 0.10068773
284.52457507 196.98836267 0.09485456
284.00887416 195.97883689 0.09134057
283.49239577 194.96096942 0.09293785
282.97265067 193.93732367 0.09695532
282.45054344 192.90927754 0.09876675
281.92610523 191.87698264 0.09787479
281.39859183 190.84122518 0.09413247
280.86883569 189.80274309 0.08653150
280.33613379 188.76139171 0.07773459
279.79946903 187.71674819 0.07490841
279.25935158 186.67046673 0.07621578
278.71796179 185.62399665 0.07570053
278.17763667 184.57670302 0.07654180
277.63865341 183.52917392 0.08406533
277.10091215 182.48273425 0.09604079
276.56479660 181.43765340 0.10796369
276.03153875 180.39430005 0.11668378
275.50393647 179.35374191 0.11949849
274.98231260 178.31681903 0.11783429
274.46372305 177.28263233 0.12027191
273.94582118 176.25060804 0.13595029
273.42933650 175.21993537 0.15911097
272.91557126 174.19003463 0.17609254
272.40395808 173.16118695 0.18649255
271.89295497 172.13489363 0.19025379
271.38223452 171.11077701 0.18640723
270.87084611 170.08724523 0.18228160
270.35833416 169.06558988 0.18077809
269.84556694 168.04815416 0.17655217
269.33280528 167.03410567 0.17127565
268.82136675 166.02100384 0.17455488
268.31266653 165.00793035 0.18688111
267.80742857 163.99487849 0.19774372
267.30331342 162.98448268 0.20284761
266.79816603 161.97904808 0.20009819
266.29233382 160.98089890 0.18870204
265.78435814 159.99271447 0.17479953
265.27546962 159.01088970 0.16311052
264.76878651 158.02897556 0.16415895
264.26367528 157.04602630 0.18133569
263.76158594 156.06393113 0.20064023
263.26430120 155.08366667 0.20866956
262.77070827 154.10640136 0.20694132
262.27977801 153.13376233 0.20128103
261.79152976 152.16757022 0.19043746
261.30612769 151.20674092 0.17638062
260.82157869 150.25028227 0.16686065
260.33627750 149.29911064 0.16487206
259.85072724 148.35326795 0.17010701
259.36507823 147.41297578 0.18306313
258.87975186 146.47836366 0.20339426
258.39581801 145.55031312 0.22438025
257.91617943 144.62975542 0.23780400
257.44421445 143.71838714 0.24139675
256.98105923 142.81834653 0.23747040
256.52523780 141.93111549 0.23066696
256.07466686 141.05858817 0.22757894
255.63116933 140.19984752 0.23243659
255.19559717 139.35387726 0.24431386
254.76779271 138.52221944 0.26152869
254.35087769 137.70604462 0.27880603
253.94520777 136.90647258 0.28805718
253.54962630 136.12261782 0.29178342
253.16400089 135.35206964 0.29819954
252.78774008 134.59412666 0.31094658
252.41943494 133.85076400 0.32666349
252.05787141 133.12370766 0.34200857
251.70589944 132.41111180 0.35748165
251.36459637 131.71285265 0.37310941
251.03065889 131.03328700 0.38956011
250.70473413 130.37503302 0.40249439
250.39121757 129.73702284 0.40738961
250.08976567 129.11995280 0.40563931
249.79718300 128.52563469 0.40440913
249.51499773 127.95198628 0.41017875
249.24622428 127.39765709 0.41888312
248.98902875 126.86343141 0.42518466
248.73801833 126.34895138 0.43008658
248.49256644 125.85167785 0.43203618
248.25223343 125.37124671 0.42918995
248.01322909 124.91015938 0.42410457
247.77643003 124.46701079 0.42080669
247.54182335 124.04063937 0.42051572
247.30542535 123.63361655 0.42099612
247.06401348 123.24933041 0.42172424
246.81695052 122.88501045 0.42288761
246.56475218 122.53233601 0.42498876
246.30405111 122.18969120 0.42825426
246.02943783 121.86130075 0.43147044
245.73935384 121.54984343 0.43257813
245.43564224 121.25538940 0.43075206
245.12108752 120.97619660 0.42752603
244.79748841 120.71089741 0.42648454
244.46341881 120.46153712 0.42843610
244.11682409 120.23013755 0.42938749
243.75540871 120.01355140 0.42512414
243.37569040 119.80868985 0.41733175
242.97583800 119.61762133 0.41310895
242.55559966 119.44306538 0.41121087
242.11629844 119.28553804 0.40727761
241.65899171 119.14787257 0.39972321
241.18435596 119.03371125 0.38688524
240.69299800 118.94502995 0.37209226
240.18515704 118.88268237 0.35876869
239.66204043 118.84619190 0.34781136
239.12500741 118.83528649 0.34095157
238.57507569 118.85087773 0.33712826
238.01350818 118.89582873 0.33189987
237.44205165 118.97162392 0.32378473
236.86222053 119.07541858 0.31793903
236.27543362 119.20449667 0.31543468
235.68327924 119.35909064 0.30974650
235.08627785 119.54029459 0.29843041
234.48371090 119.74872968 0.28504702
233.87469261 119.98304798 0.27306893
233.25801714 120.23883421 0.26586706
232.63294761 120.51284266 0.26380983
231.99854021 120.80493967 0.26139688
231.35275225 121.11537712 0.25509489
230.69474754 121.44374597 0.24667837
230.02476035 121.78946874 0.24095602
229.34096313 122.14986768 0.23874537
228.64263985 122.52137763 0.23230975
227.93116016 122.90709319 0.22190282
227.20643087 123.30958959 0.21280287
226.46735819 123.72518648 0.20434248
225.71417255 124.15501800 0.20013248
224.94636083 124.59972190 0.20345383
224.16137930 125.05347186 0.21370943
223.35911616 125.51422231 0.22658621
222.54174378 125.98308879 0.23784041
221.71112907 126.45739624 0.24277823
220.87063221 126.93657469 0.23821419
220.02296984 127.42166374 0.22824467
219.16772732 127.91115549 0.22288324
218.30639177 128.40436582 0.22885393
217.44179595 128.89927196 0.23898635
216.57370963 129.39317153 0.24731719
215.70188004 129.88604431 0.25371917
214.82773970 130.37782994 0.25973561
213.95239543 130.86595988 0.26051999
213.07610045 131.34986945 0.25239483
212.19841413 131.83140785 0.24451207
211.31893874 132.31050846 0.24549330
210.43826902 132.78580685 0.25420748
209.55878502 133.25755574 0.26347904
208.68280070 133.72536469 0.26752504
207.81053570 134.18854213 0.26383927
206.94039266 134.64622936 0.25653255
206.07193542 135.10050776 0.25440226
205.20507433 135.55192527 0.25771936
204.33747285 135.99955735 0.26540762
203.47069343 136.44654114 0.28168788
202.60842666 136.89245973 0.30158625
201.74994184 137.33408286 0.31293343
200.89534004 137.77212734 0.31608296
200.04544901 138.21014152 0.32193424
199.19890923 138.64607887 0.32982302
198.35484644 139.07785250 0.33718165
197.51456412 139.50917193 0.34784434
196.67818955 139.93895851 0.36053752
195.84541772 140.36162144 0.37051220
195.01776844 140.77853804 0.37529321
194.19588500 141.19215404 0.37793917
193.38057048 141.60074266 0.38442461
192.57467476 142.00408771 0.39225523
191.78168577 142.40192755 0.39622060
191.00437168 142.79264389 0.40008616
190.24411466 143.17411518 0.40616643
189.50211755 143.54539722 0.41226595
188.78008190 143.90808103 0.41883832
188.07810967 144.26206668 0.42541723
187.39689150 144.60509293 0.43047847
186.73901496 144.93637665 0.43588672
186.10664854 145.25766354 0.44105253
185.50105230 145.57082794 0.44252232
184.92316896 145.87493324 0.44276127
184.37397106 146.16819699 0.44586434
183.85422835 146.45009917 0.44820400
183.36418601 146.72169521 0.44557308
182.90201851 146.98514334 0.43997104
182.46445972 147.24213244 0.43510015
182.04744331 147.49419226 0.43272991
181.64611840 147.74231347 0.43177049
181.25562531 147.98903372 0.43088715
180.87296680 148.23937439 0.42988908
180.49767704 148.49691246 0.43020767
180.13083506 148.76343953 0.43250476
179.77372683 149.04000487 0.43287911
179.42555524 149.32527724 0.42801518
179.08591481 149.61845536 0.42072678
178.75640814 149.92149219 0.41448096
178.43942923 150.23628700 0.40990216
178.13711508 150.56297570 0.40711322
177.85057636 150.90088225 0.40328372
177.57986890 151.25002575 0.39548670
177.32212629 151.61248008 0.38552977
177.07711978 151.99517567 0.37813573
176.84654927 152.40190213 0.37397516
176.62889134 152.82907625 0.37038453
176.42313492 153.27307089 0.36825638
176.23385566 153.73304604 0.36638000
176.06623395 154.20776531 0.36325583
175.91991236 154.69467460 0.35707509
175.79564003 155.19190368 0.34649845
175.69551969 155.69753249 0.33076960
175.62193031 156.21099173 0.31459152
175.57913613 156.73249235 0.30154647
175.56716020 157.25994539 0.29232790
175.57922274 157.79070301 0.28856715
175.60859668 158.32270352 0.28914282
175.65652511 158.85458518 0.29068515
175.72769075 159.38508951 0.28882814
175.82286900 159.91290195 0.28490043
175.93943138 160.43730086 0.28082103
176.07218418 160.95832010 0.27540494
176.21932812 161.47626125 0.26809708
176.38487095 161.99018766 0.26131508
176.57046797 162.49862351 0.25356429
176.77176266 163.00223839 0.24504512
176.98515328 163.50285433 0.23822486
177.21043286 164.00018859 0.23372281
177.44865623 164.49201069 0.23385557
177.69604549 164.97877577 0.23715034
177.94594604 165.46323711 0.23862222
178.19616554 165.94623735 0.23598150
178.44962806 166.42720512 0.22949510
178.70986594 166.90466348 0.22136975
178.97166120 167.37951828 0.21128401
179.22612025 167.85531678 0.19947191
179.46960255 168.33346665 0.18902465
179.70388995 168.81244172 0.17694251
179.93003120 169.29086718 0.16196218
180.14425098 169.77032377 0.14976276
180.34043988 170.25256150 0.14015456
180.51726086 170.73498719 0.13158268
180.67516454 171.21487242 0.12290277
180.81023695 171.69266200 0.11229479
180.92060951 172.16914623 0.10015256
181.00507586 172.64376151 0.08491229
181.06048987 173.11494256 0.06817461
181.08628562 173.58209485 0.05474055
181.08399773 174.04456479 0.04560072
181.05482141 174.50104973 0.03692941
181.00011552 174.95246083 0.02857433
180.91986138 175.39955197 0.02054537
180.81083468 175.83978550 0.00956290
180.67016264 176.26998819 -0.00521741
180.49830035 176.68823577 -0.02307976
180.30040644 177.09656202 -0.04532951
180.08050174 177.49876861 -0.07435488
179.83676413 177.89541643 -0.10672009
179.56350655 178.28297688 -0.13791922
179.25562548 178.65591594 -0.16582205
178.91487943 179.01255461 -0.18937331
178.54778439 179.35538887 -0.21244184
178.15926022 179.68665452 -0.23694533
177.75102522 180.00756816 -0.26175984
177.32232454 180.31704583 -0.28857745
176.87211730 180.61561628 -0.31662470
176.40148165 180.90647416 -0.34298126
175.91163186 181.19285274 -0.36664508
175.40425341 181.47985791 -0.38794790
174.88048657 181.77107697 -0.40850195
174.33876115 182.06618389 -0.42905635
173.77724418 182.36444165 -0.44803078
173.19652669 182.66833102 -0.46571733
172.59740303 182.98104678 -0.48283268
171.98017683 183.30452673 -0.49890712
171.34550909 183.63961836 -0.51483832
170.69361139 183.98621465 -0.53184206
170.02416287 184.34384142 -0.54991333
169.33683037 184.71151249 -0.56773783
168.63185773 185.08789043 -0.58351914
167.91060698 185.47381729 -0.59670534
167.17415898 185.87013577 -0.60894451
166.42323119 186.27601771 -0.62112670
165.65811987 186.69045428 -0.63344216
164.87819562 187.11284563 -0.64595663
164.08295014 187.54325216 -0.65726479
163.27196672 187.98067876 -0.66595153
162.44537751 188.42306792 -0.67516827
161.60384371 188.86908150 -0.68805693
160.74776705 189.31961937 -0.70321518
159.87657499 189.77532173 -0.71685801
158.98954526 190.23680426 -0.72445252
158.08732545 190.70483951 -0.72663506
157.17090730 191.17855133 -0.73206895
156.24104165 191.65691714 -0.74529559
155.29849922 192.13914113 -0.76224954
154.34392794 192.62484172 -0.77915568
153.37842860 193.11354617 -0.79290709
152.40487924 193.60305023 -0.80246796
151.42851943 194.09250128 -0.80978355
150.45301793 194.58278797 -0.81517760
149.47948316 195.07332883 -0.81604636
148.50851459 195.56462447 -0.81363748
147.53975657 196.05698723 -0.81050727
146.57249800 196.55069799 -0.80592413
145.60806343 197.04612428 -0.80268147
144.64680843 197.53893922 -0.80132220
143.68829106 198.02816620 -0.80078254
142.73190828 198.51490369 -0.79959134
141.77631175 198.99608204 -0.79710887
140.82334358 199.47085802 -0.79656580
139.87450577 199.93873927 -0.79996275
138.93022546 200.39934178 -0.80583191
137.99212011 200.85414607 -0.80839674
137.06151396 201.30391883 -0.80589661
136.13899747 201.74797929 -0.79973444
135.22593624 202.18525464 -0.79240922
134.32454311 202.61538707 -0.78770318
133.43662814 203.03803318 -0.78711932
132.56272575 203.45247067 -0.78898174
131.70408963 203.85937781 -0.78959460
130.86234259 204.25890150 -0.78804449
130.03816578 204.64996427 -0.78625668
129.23276832 205.03309516 -0.78402390
128.44756184 205.40868752 -0.78015161
127.68405339 205.77575624 -0.77608635
126.94322765 206.13297726 -0.77386314
126.22585853 206.48048217 -0.77369731
125.53230121 206.81853337 -0.77454444
124.86143553 207.14559926 -0.77440878
124.21324691 207.46093007 -0.77290468
123.58922728 207.76567045 -0.77110974
122.99028579 208.06044715 -0.76960686
122.41773789 208.34524148 -0.76900193
121.87311474 208.61972441 -0.76882492
121.35744285 208.88291327 -0.76774302
120.87184046 209.13536961 -0.76679729
120.41745283 209.37811167 -0.76785072
119.99508660 209.61090532 -0.77095434
119.60457824 209.83346445 -0.77515514
119.24490140 210.04521033 -0.77919612
118.91422374 210.24686338 -0.78291948
118.60981236 210.43979751 -0.78667211
118.33087604 210.62476625 -0.79074809
118.07779800 210.80264841 -0.79507181
117.84799718 210.97279253 -0.79816177
117.63863672 211.13489284 -0.79985755
117.44712285 211.29038695 -0.80209670
117.26691176 211.44231276 -0.80516641
117.09277244 211.59415662 -0.80792375
116.92339997 211.74708216 -0.80977346
116.75808851 211.90145471 -0.81134669
116.59712995 212.05788553 -0.81340773
116.44230685 212.21744232 -0.81452271
116.29474776 212.38091886 -0.81125750
116.15306069 212.54678904 -0.80323671
116.01668315 212.71435469 -0.79585126
115.88432020 212.88679510 -0.79397756
115.75044477 213.06971347 -0.79673814
115.61156603 213.26858450 -0.79887114
115.46759274 213.48636412 -0.79446669
115.31862548 213.72399198 -0.78353140
115.16411690 213.98083109 -0.77156810
115.00564854 214.25730054 -0.76192789
114.84757188 214.55522467 -0.75545254
114.69382218 214.87516171 -0.75050660
114.55014512 215.21845466 -0.74352198
114.42024131 215.58514120 -0.73494226
114.30440331 215.97332280 -0.72864099
114.20385297 216.38212083 -0.72890658
114.12048051 216.81258781 -0.73594798
114.05690095 217.26742020 -0.74516972
114.01696433 217.74853941 -0.75196750
114.00659860 218.25592841 -0.75466405
114.02952109 218.78783424 -0.75281563
114.08490031 219.34266131 -0.74997990
114.17241701 219.91937551 -0.75281934
114.29216817 220.51683383 -0.76281950
114.44501552 221.13414544 -0.77393130
114.63420188 221.76998159 -0.78096154
114.86168328 222.42178716 -0.78600531
115.12726005 223.08719317 -0.79273854
115.42875141 223.76560714 -0.80270934
115.76173473 224.45745188 -0.81410984
116.12123632 225.16336048 -0.82546279
116.50275109 225.88398458 -0.83756013
116.90302648 226.61983313 -0.85077356
117.31833127 227.37161368 -0.86468094
117.74571367 228.13995364 -0.87800841
118.18457429 228.92476315 -0.88957191
118.63449949 229.72563960 -0.89919056
119.09512747 230.54253849 -0.90786592
119.56560502 231.37536598 -0.91764973
120.04492473 232.22369184 -0.92991122
120.53231496 233.08738947 -0.94483943
121.02663538 233.96731469 -0.96013681
121.52758969 234.86498794 -0.97107286
122.03646214 235.78166604 -0.97312551
122.55463994 236.71756366 -0.96734788
123.08336888 237.67051631 -0.96254593
123.62255679 238.63766912 -0.96757131
124.17020646 239.61878738 -0.98238861
124.72487163 240.61521059 -0.99711273
125.28552508 241.62718423 -1.00217294
125.85155769 242.65221381 -0.99613169
126.42315424 243.68696874 -0.98388242
126.99991173 244.73002640 -0.97289246
127.58212672 245.78063709 -0.97174343
128.17015331 246.83870764 -0.98051836
128.76382122 247.90528557 -0.99136498
129.36332919 248.98121309 -0.99803666
129.96757445 250.06720405 -0.99728304
130.57610338 251.16151925 -0.99126628
131.18737027 252.26099202 -0.98485325
131.80107834 253.36296701 -0.98379483
132.41755582 254.46677354 -0.98647164
133.03593543 255.57324456 -0.98463242
133.65643594 256.68284215 -0.97633914
134.27925182 257.79664424 -0.96415152
134.90438146 258.91497170 -0.95283399
135.53205862 260.03642839 -0.94602468
136.16379111 261.15924742 -0.94423923
136.80032778 262.28238979 -0.94611553
137.44112529 263.40586438 -0.94857451
138.08677423 264.53015407 -0.94798184
138.73704553 265.65631656 -0.94113334
139.39110598 266.78494588 -0.92861671
140.04879880 267.91544475 -0.91610952
140.70979145 269.04831301 -0.90754445
141.37400019 270.18468407 -0.90101715
142.04069949 271.32334780 -0.89828150
142.70948543 272.46239874 -0.90258017
143.38014645 273.60221958 -0.90992595
144.05233867 274.74426797 -0.91220194
144.72607134 275.88881838 -0.90842593
145.40200041 277.03557080 -0.89977611
146.07942846 278.18506717 -0.88756347
146.75795569 279.33710881 -0.87661965
147.43620291 280.49144758 -0.86886890
148.11294878 281.64818043 -0.86389442
148.78814913 282.80689882 -0.85982768
149.46125018 283.96677723 -0.85569897
150.13081849 285.12819283 -0.85151903
150.79603950 286.29078580 -0.84674811
151.45675061 287.45284234 -0.84605094
152.11242758 288.61488046 -0.84705058
152.76341200 289.77740003 -0.84158232
153.40927232 290.94012079 -0.83310707
154.04972072 292.10223378 -0.82796734
154.68428777 293.26321586 -0.82622640
155.31406461 294.42221059 -0.82634991
155.93912486 295.57796469 -0.82832671
156.55759568 296.73133219 -0.83013358
157.16898658 297.88288432 -0.82879717
157.77279600 299.03236687 -0.82389085
158.36889809 300.17993492 -0.81753934
158.95705491 301.32404412 -0.81208215
159.53598035 302.46256278 -0.81038070
160.10476172 303.59343621 -0.81024824
160.66159487 304.71467219 -0.80623624
161.20596306 305.82415125 -0.79705701
161.73878732 306.91983995 -0.78483347
162.25950726 308.00004620 -0.77305905
162.76802928 309.06253167 -0.76436857
163.26412488 310.10585039 -0.75931953
163.74780807 311.13047072 -0.75677554
164.22010538 312.13860507 -0.75395325
164.68293323 313.13288421 -0.74850617
165.13739106 314.11483859 -0.73932466
165.58318441 315.08367034 -0.72773501
166.02101697 316.03620070 -0.71625333
166.45195737 316.97053834 -0.70504971
166.87581180 317.88643723 -0.69123186
167.29184271 318.78330963 -0.67377814
167.70102849 319.65990277 -0.65522876
168.10301773 320.51504777 -0.63738908
168.49633155 321.34859663 -0.61976080
168.88169928 322.16020643 -0.60260494
169.25725980 322.94954335 -0.58588534
169.62218187 323.71552568 -0.56953471
169.97727844 324.45721798 -0.55577491
170.32149997 325.17513991 -0.54381087
170.65600943 325.86955813 -0.53095673
170.98152820 326.54068335 -0.51293533
171.29653194 327.18840759 -0.48717919
171.59982970 327.81160374 -0.46151282
171.89119475 328.40907689 -0.44213471
172.16927343 328.98154633 -0.42524346
172.43212523 329.53016236 -0.40685995
172.67852592 330.05673002 -0.38584311
172.90951521 330.56463638 -0.36270716
173.12806755 331.05620806 -0.33874946
173.33496840 331.53257451 -0.31458913
173.52787449 331.99626634 -0.29080537
173.70462193 332.45128696 -0.26775895
173.86410820 332.90140324 -0.24511188
174.00261470 333.35017048 -0.22312917
174.11816826 333.79760163 -0.20302928
174.20883757 334.24310540 -0.18261128
174.27048352 334.68757059 -0.16075806
174.30083795 335.13116571 -0.14063228
174.29852988 335.57320703 -0.12380728
174.26431736 336.01187193 -0.10945580
174.20008644 336.44532054 -0.09640658
174.10685292 336.87442673 -0.08529534
173.98136327 337.29899692 -0.07844786
173.81878596 337.71707756 -0.07401589
173.61915584 338.12817038 -0.06828575
173.38827162 338.53231658 -0.06190082
173.12791661 338.92531459 -0.05602549
172.83279555 339.29939509 -0.05038688
172.49956490 339.65141161 -0.04736186
172.12816329 339.98198747 -0.04977913
171.72159252 340.29174185 -0.05222837
171.28245589 340.57783933 -0.04295829
170.81284842 340.83853892 -0.01823241
170.31810414 341.07782285 0.00951596
169.80293226 341.29935985 0.02658192
169.26774370 341.50492615 0.03593961
168.71204784 341.69836498 0.04476877
168.13746572 341.88520061 0.05354012
167.54623408 342.06937803 0.06446875
166.93953250 342.25240878 0.07644856
166.31794084 342.43672839 0.07984137
165.67967498 342.62557546 0.07336683
165.02234936 342.82236170 0.06967057
164.34459927 343.02822600 0.07861697
163.64589677 343.24037069 0.09639344
162.92736308 343.45842996 0.11357881
162.19010545 343.68410097 0.12738582
161.43554547 343.91975459 0.13976346
160.66454208 344.16794982 0.15174506
159.87754894 344.43136010 0.16359186
159.07569155 344.71261939 0.17584343
158.25945516 345.01185857 0.18978434
157.43012098 345.32851394 0.20258824
156.58937436 345.66443063 0.20866263
155.73759048 346.02137874 0.21114241
154.87365453 346.39897705 0.21609377
153.99660235 346.79474731 0.22354294
153.10678189 347.20644333 0.22825030
152.20441763 347.63165289 0.22787118
151.28934249 348.06698659 0.22264221
150.36173529 348.51152722 0.21252583
149.42277971 348.96803461 0.20329103
148.47308758 349.43813907 0.19790046
147.51361600 349.92143067 0.19569282
146.54517090 350.41635345 0.19527620
145.56847367 350.92101357 0.19426480
144.58578239 351.43532432 0.19350679
143.59902922 351.95979431 0.19288165
142.61087235 352.49465621 0.19101036
141.62244823 353.03775814 0.18846898
140.63295093 353.58834896 0.18459822
139.64033329 354.14560822 0.18045497
138.64398462 354.70802039 0.17921450
137.64583728 355.27510650 0.17812790
136.64614378 355.84493879 0.17169991
135.64713046 356.41689179 0.16150430
134.65171431 356.99187018 0.15287122
133.65831426 357.57178044 0.14387146
132.66553447 358.15267140 0.13833404
131.67557965 358.73073027 0.13411034
130.68968870 359.30723974 0.12490252
129.70591367 359.88132507 0.11711158
128.72396160 360.45343292 0.11383504
127.74566641 361.02455930 0.11256469
126.77269535 361.59517544 0.11085763
125.80589407 362.16530642 0.10763476
124.84504616 362.73405587 0.10218529
123.89018928 363.30114344 0.09556597
122.94155336 363.86681217 0.09044341
121.99935635 364.43058766 0.08853335
121.06463879 364.99144240 0.08951312
120.14012864 365.54776824 0.09184201
119.22832582 366.09756214 0.09279642
118.33098907 366.63888512 0.09098183
117.44906876 367.17042515 0.08669804
116.58244751 367.69115797 0.08172593
115.73024959 368.20095203 0.08002294
114.89287948 368.69790335 0.08232732
114.07101459 369.17913683 0.08628062
113.26478969 369.64452170 0.08750243
112.47190326 370.09364364 0.08773570
111.68726678 370.52964340 0.08911449
110.90616322 370.95642252 0.08974525
110.12518160 371.37364718 0.08950366
109.34225428 371.77951899 0.08828378
108.55609896 372.17112436 0.08695059
107.76607172 372.54590939 0.08285443
106.97105688 372.90216314 0.07439232
106.17068144 373.24112293 0.06398695
105.36193769 373.56434286 0.05490611
104.54089845 373.87328352 0.04961586
103.70762376 374.17231371 0.04915862
102.86298101 374.46400271 0.05106829
102.00710955 374.74910594 0.05172441
101.14110415 375.03001094 0.05101804
100.26679009 375.30978124 0.05196584
99.38364400 375.59030221 0.05572669
98.49041784 375.87314041 0.06132974
97.58388744 376.16022156 0.07037092
96.66113043 376.45445415 0.07642456
95.72524738 376.75712986 0.07244796
94.78154492 377.07232698 0.05177779
93.82633425 377.40139380 0.02384881
92.85533770 377.74360444 0.01301145
91.87605346 378.10273374 0.01388612
90.89091822 378.47680833 0.00702658
89.89577191 378.86058957 -0.01485963
88.88795309 379.25262259 -0.03794515
87.86626472 379.65506095 -0.04668151
86.83462623 380.06890407 -0.04742029
85.79859367 380.49461690 -0.05441956
84.76098968 380.93526710 -0.06564110
83.71741737 381.39206026 -0.06621047
82.66411315 381.86296314 -0.05248687
81.60403641 382.34556119 -0.03412675
80.54201124 382.83789478 -0.02579055
79.48158025 383.33836190 -0.03067004
78.42323050 383.84595953 -0.03796048
77.36717778 384.36067892 -0.04096438
76.31230303 384.88235341 -0.03953604
75.25675980 385.40973742 -0.03587405
74.19960637 385.94006484 -0.03357362
73.14222331 386.47237870 -0.03693491
72.08588924 387.00805188 -0.04415720
71.02827371 387.54692606 -0.04379532
69.96544717 388.08680728 -0.03107484
68.89505547 388.62338918 -0.01621874
67.81699808 389.15258901 -0.00878723
66.73268047 389.67550215 -0.00691693
65.64390923 390.19618122 -0.00389582
64.55198472 390.71687388 0.00250498
63.45726686 391.23883804 0.01342798
62.36007416 391.76261489 0.02745064
61.26092737 392.28611282 0.03738856
60.15963286 392.80682999 0.03691694
59.05769138 393.32635466 0.02859325
57.95620044 393.84719108 0.02327970
56.85360564 394.36959132 0.02869269
55.74975951 394.89225914 0.04075443
54.64627774 395.41334448 0.05058933
53.54104589 395.92947253 0.05453593
52.43217070 396.43789978 0.05263781
51.32175880 396.94040082 0.04769132
50.21002189 397.43649957 0.04072525
49.09780616 397.92675181 0.03408676
47.98664623 398.41363517 0.03023277
46.87660916 398.89815406 0.03118165
45.76809663 399.37951745 0.03947573
44.66172984 399.85580348 0.04762441
43.55840690 400.32627112 0.04855207
42.45912273 400.79045848 0.04510591
41.36419712 401.25012039 0.04155148
40.27328918 401.70710291 0.04100260
39.18755291 402.16170186 0.04379321
38.10928984 402.61319543 0.04406210
37.03740933 403.05984032 0.04051567
35.97065743 403.50347292 0.04282270
34.90629499 403.94495929 0.05581741
33.84174376 404.38150916 0.07103360
32.77886472 404.81398248 0.07954180
31.71705200 405.24412051 0.08448805
30.65683928 405.67487353 0.09642174
29.60148302 406.10959660 0.11504202
28.55241083 406.54856969 0.13158037
27.50985067 406.99157252 0.14408973
26.47362454 407.43828102 0.15511981
25.44338835 407.88868554 0.16776107
24.41753648 408.34324270 0.18101495
23.39458989 408.80119331 0.19394857
22.37552636 409.26280065 0.20946848
21.36072442 409.72770281 0.21977602
20.35064282 410.19571376 0.22028752
19.34691320 410.67024721 0.21668331
18.34449307 411.14927059 0.21332711
17.34000193 411.63018399 0.21201341
16.33640361 412.11403153 0.20834006
15.33491272 412.60205694 0.20069207
14.33671275 413.09748282 0.19277633
13.34315214 413.60209274 0.18720845
12.35580361 414.11623156 0.18205877
11.37436484 414.63940287 0.17581652
10.39784928 415.17086905 0.16843110
9.42601828 415.70907000 0.15853644
8.45886001 416.25212940 0.14600954
7.49645610 416.79927037 0.13197471
6.53844586 417.35035555 0.11895646
5.58622714 417.90581405 0.10713407
4.64112783 418.46402408 0.09226385
3.70283091 419.02498155 0.07344302
2.77071545 419.59056474 0.05548422
1.84425864 420.15938230 0.04047686
0.92533640 420.73126228 0.02465335
0.01547927 421.30725354 0.00812648
-0.88560247 421.88747674 -0.00546220
-1.77631611 422.47126234 -0.01710883
-2.65495604 423.05685311 -0.03085863
-3.52113992 423.64227289 -0.04882432
-4.37339518 424.22629174 -0.06955107
-5.20823299 424.80810673 -0.09197855
-6.02341457 425.38690993 -0.11521103
-6.81772161 425.96238089 -0.13645697
-7.59087411 426.53303050 -0.15504102
-8.34538774 427.09733112 -0.17346598
-9.08497266 427.65684885 -0.19254941
-9.81200387 428.21425451 -0.21048190
-10.52581276 428.76921723 -0.22786061
-11.22466534 429.31651750 -0.24814516
-11.90872073 429.85189384 -0.27389109
-12.57929077 430.37708437 -0.30278733
-13.23834379 430.89473024 -0.32151168
-13.88274086 431.40433663 -0.32846111
-14.50975523 431.90104114 -0.33911924
-15.12031535 432.38150348 -0.36258890
-15.71187784 432.84909691 -0.39064464
-16.28257957 433.30510284 -0.41218630
-16.83230852 433.74661129 -0.42892489
-17.36133256 434.17249608 -0.44999916
-17.86894448 434.58565914 -0.47642728
-18.35381436 434.99011654 -0.49466968
-18.81744823 435.38610584 -0.50017309
-19.26289995 435.77115719 -0.50249159
-19.69184233 436.14343997 -0.50916825
-20.10612258 436.50250850 -0.51988433
-20.50886637 436.84813640 -0.53291490
-20.90316662 437.18070830 -0.54764817
-21.29145598 437.50144457 -0.56260770
-21.67528574 437.81104379 -0.57596404
-22.05555546 438.10871799 -0.58705182
-22.43379808 438.39300463 -0.59610792
-22.81150985 438.66321866 -0.60419305
-23.18782083 438.91910085 -0.61377678
-23.56216470 439.16065727 -0.62506339
-23.93570847 439.38930144 -0.63576692
-24.31015823 439.60982398 -0.64539208
-24.68841088 439.82697276 -0.65323990
-25.07367986 440.04210189 -0.65925929
-25.46711546 440.25550418 -0.66454862
-25.86717252 440.46719248 -0.66916369
-26.27259833 440.67723510 -0.67353014
-26.68325389 440.88579144 -0.67796060
-27.09934595 441.09318869 -0.68219663
-27.52090819 441.30030739 -0.68647260
-27.94888954 441.50922137 -0.69110465
-28.38471005 441.72392739 -0.69625749
-28.82731767 441.94806419 -0.70128020
-29.27413138 442.18318020 -0.70514020
-29.72301195 442.42890979 -0.70754454
-30.17359167 442.68332626 -0.70899871
-30.62467475 442.94418266 -0.71016953
-31.07327413 443.21005828 -0.71162018
-31.51946641 443.48011146 -0.71431989
-31.96430787 443.75361287 -0.71830340
-32.40510309 444.03105274 -0.72212633
-32.83875764 444.31239709 -0.72440120
-33.26503456 444.59635166 -0.72549134
-33.68454754 444.88218902 -0.72608652
-34.09942584 445.17005192 -0.72660848
-34.51002815 445.45896964 -0.72732682
-34.91214874 445.74623028 -0.72746747
-35.30293180 446.02771836 -0.72706726
-35.68403590 446.29922442 -0.72758206
-36.05791986 446.55745568 -0.72970358
-36.42456354 446.80009832 -0.73324527
-36.78172362 447.02603674 -0.73911411
-37.12706689 447.23753338 -0.74717917
-37.46138414 447.43985334 -0.75189810
-37.78762261 447.63544754 -0.74999783
-38.10948537 447.82304094 -0.74660745
-38.42843488 448.00078531 -0.74564576
-38.74338949 448.16743223 -0.74641587
-39.05473981 448.32169177 -0.74798292
-39.36293148 448.46243046 -0.75001187
-39.66755235 448.58917016 -0.75285729
-39.96996063 448.70535725 -0.75792049
-40.27346757 448.81555073 -0.76417379
-40.58022688 448.92057537 -0.76917429
-40.89013359 449.01962907 -0.77185756
-41.20353844 449.11154833 -0.77199186
-41.52050862 449.19484016 -0.77010844
-41.84189342 449.26773472 -0.76711946
-42.17059215 449.32887749 -0.76360926
-42.50883726 449.37693418 -0.75954031
-42.85732350 449.41001878 -0.75614934
-43.21542463 449.42745645 -0.75502093
-43.58405483 449.42863894 -0.75672792
-43.96380610 449.41106989 -0.75602073
-44.35583400 449.37182031 -0.74874831
-44.76320822 449.30726927 -0.73750037
-45.18793755 449.21436476 -0.72617866
-45.63001401 449.09152104 -0.71640821
-46.08800502 448.93801825 -0.70581025
-46.56219947 448.75145512 -0.69438077
-47.05400527 448.52813640 -0.68473189
-47.56451388 448.26557955 -0.67847993
-48.09324380 447.96229529 -0.67535645
-48.63838403 447.61789591 -0.67397215
-49.19786550 447.23288739 -0.67384796
-49.76877627 446.80906211 -0.67523645
-50.34899527 446.34787516 -0.67937429
-50.93788371 445.84850129 -0.68722604
-51.53360358 445.31173637 -0.69780238
-52.13472263 444.73960766 -0.71171946
-52.74106079 444.13287187 -0.72825076
-53.35202027 443.49215377 -0.74329405
-53.96729757 442.81758020 -0.75244222
-54.58771150 442.10843982 -0.75853196
-55.21346489 441.36403585 -0.76973460
-55.84402927 440.58615232 -0.78721271
-56.47909178 439.77763823 -0.80883280
-57.11793144 438.94250117 -0.83216326
-57.75962908 438.08876664 -0.85093510
-58.40300772 437.22187031 -0.86261744
-59.04781522 436.34287786 -0.87184902
-59.69460296 435.45212975 -0.88179780
-60.34340657 434.54922833 -0.89086884
-60.99282720 433.63454897 -0.89849930
-61.64144918 432.70879410 -0.90611680
-62.28799208 431.77232638 -0.91409478
-62.93077361 430.82575388 -0.92175484
-63.56913450 429.87066573 -0.92939511
-64.20298347 428.90850899 -0.93806150
-64.83329637 427.94008069 -0.94657154
-65.46127557 426.96584866 -0.95327703
-66.08814842 425.98521593 -0.95742204
-66.71601823 424.99846877 -0.96063042
-67.34550366 424.00723471 -0.96417503
-67.97490235 423.01140061 -0.96945070
-68.60008193 422.01060276 -0.98170925
-69.21812209 421.00341003 -1.00274343
-69.82812311 419.98844779 -1.02373756
-70.43024695 418.96765026 -1.03355669
-71.02576315 417.94333014 -1.02738988
-71.61538486 416.91605737 -1.01287755
-72.19978111 415.88489758 -1.00588007
-72.77924158 414.84817522 -1.01135796
-73.35416754 413.80653126 -1.02379561
-73.92510538 412.76140088 -1.03739190
-74.49259241 411.71239289 -1.04872616
-75.05743574 410.65926371 -1.05882554
-75.61978236 409.60181474 -1.06971346
-76.17891011 408.54119621 -1.08125038
-76.73493013 407.47787166 -1.09397057
-77.28788870 406.41175792 -1.10761423
-77.83806991 405.34303374 -1.12078427
-78.38619715 404.27098840 -1.13237459
-78.93139357 403.19704718 -1.14273832
-79.47233497 402.12245445 -1.15292254
-80.00893680 401.04691418 -1.16267167
-80.54206221 399.97022796 -1.17003982
-81.07112544 398.89248417 -1.17504589
-81.59605784 397.81284622 -1.18286250
-82.11844096 396.73052561 -1.19216988
-82.63914272 395.64609568 -1.19836176
-83.15751115 394.56030354 -1.20418075
-83.67351303 393.47353783 -1.21222113
-84.18780867 392.38597348 -1.22121136
-84.70035070 391.29788348 -1.22871489
-85.21055954 390.20999775 -1.23353546
-85.71782785 389.12273437 -1.23628166
-86.22185892 388.03637412 -1.23905831
-86.72270937 386.95088513 -1.24285300
-87.22086732 385.86505557 -1.24533778
-87.71628406 384.77818694 -1.24568209
-88.20875237 383.68989400 -1.24515956
-88.69750394 382.60114212 -1.24478821
-89.18160897 381.51292298 -1.24455720
-89.66090044 380.42493938 -1.24437284
-90.13541639 379.33697561 -1.24399679
-90.60536962 378.24879243 -1.24304331
-91.07059990 377.15972002 -1.24240539
-91.53093376 376.06963991 -1.24297985
-91.98643523 374.97858760 -1.24457462
-92.43652542 373.88649948 -1.24709863
-92.88081128 372.79351739 -1.25036459
-93.31903072 371.69984305 -1.25320033
-93.75086668 370.60631996 -1.25408845
-94.17594469 369.51305985 -1.25306988
-94.59354779 368.41980322 -1.25219452
-95.00362417 367.32593205 -1.25358365
-95.40619026 366.23116484 -1.25663371
-95.80157232 365.13522111 -1.25892638
-96.18998648 364.03783446 -1.25929956
-96.57137697 362.93869255 -1.25929496
-96.94559317 361.83741214 -1.26179646
-97.31238401 360.73359239 -1.26800282
-97.67208588 359.62681389 -1.27699551
-98.02486164 358.51806635 -1.28604569
-98.37041965 357.40848231 -1.29305465
-98.70885914 356.29809261 -1.29667600
-99.04088732 355.18613548 -1.29737029
-99.36716466 354.07078480 -1.29785867
-99.68716076 352.95106608 -1.30023593
-99.99881532 351.82760928 -1.30544006
-100.29994702 350.70019943 -1.31402884
-100.58933720 349.56886318 -1.32404630
-100.86716170 348.43319617 -1.33238470
-101.13510445 347.29164049 -1.33921073
-101.39415982 346.14422925 -1.34629521
-101.64540505 344.99113393 -1.35383222
-101.88927001 343.83174114 -1.36185060
-102.12395083 342.66699106 -1.37221198
-102.34887905 341.49760331 -1.38577814
-102.56386601 340.32440021 -1.39962207
-102.76955707 339.14746821 -1.41040783
-102.96627905 337.96757791 -1.41656960
-103.15460293 336.78512532 -1.41853777
-103.33518477 335.59951522 -1.42250053
-103.50819788 334.41091374 -1.43266541
-103.67490872 333.21905194 -1.44566867
-103.83528917 332.02455302 -1.45845543
-103.98919839 330.82798022 -1.47058625
-104.13712305 329.62972565 -1.48164550
-104.28008449 328.42995810 -1.49039167
-104.41997905 327.22796707 -1.49550464
-104.55714009 326.02393486 -1.49787788
-104.69070803 324.81844391 -1.50111104
-104.82059694 323.61114046 -1.50869511
-104.94687323 322.40177407 -1.52060654
-105.06945350 321.19024474 -1.53424767
-105.18832585 319.97673185 -1.54717818
-105.30364874 318.76180830 -1.55700511
-105.41518457 317.54679399 -1.56179414
-105.52276893 316.33236774 -1.56288400
-105.62606795 315.11860862 -1.56437041
-105.72472252 313.90563453 -1.56867156
-105.81883986 312.69397408 -1.57475686
-105.90949845 311.48384201 -1.57997749
-105.99745915 310.27576416 -1.58334070
-106.08292897 309.07022925 -1.58492268
-106.16587180 307.86683693 -1.58786896
-106.24628070 306.66435235 -1.59564205
-106.32561993 305.46260900 -1.60551762
-106.40488091 304.26246696 -1.61230819
-106.48378110 303.06416667 -1.61459954
-106.56219315 301.86766953 -1.61431759
-106.64052560 300.67254326 -1.61396470
-106.71955394 299.47778617 -1.61574647
-106.79949129 298.28286135 -1.62013759
-106.88021092 297.08791731 -1.62572176
-106.96099374 295.89316323 -1.63076133
-107.04032453 294.69912487 -1.63296839
-107.11721627 293.50619595 -1.63046131
-107.19177952 292.31407846 -1.62433287
-107.26530442 291.12150766 -1.61812284
-107.33852056 289.92651123 -1.61505943
-107.41110500 288.72782610 -1.61516024
-107.48286264 287.52638405 -1.61645039
-107.55344155 286.32307798 -1.61694514
-107.62224249 285.11755781 -1.61543319
-107.68877695 283.90954853 -1.61245481
-107.75319187 282.69913118 -1.60849219
-107.81522681 281.48683249 -1.60266690
-107.87339371 280.27357619 -1.59436389
-107.92639705 279.05949972 -1.58551977
-107.97384254 277.84438269 -1.57823279
-108.01643892 276.62806596 -1.57257059
-108.05465335 275.41052687 -1.56773965
-108.08861135 274.19173578 -1.56201090
-108.11873815 272.97151358 -1.55596778
-108.14499768 271.75009021 -1.55216533
-108.16738391 270.52863447 -1.54910267
-108.18645023 269.30852898 -1.54304436
-108.20218898 268.09005331 -1.53405129
-108.21424759 266.87253358 -1.52659021
-108.22138816 265.65762503 -1.52194417
-108.22366801 264.44661514 -1.51536912
-108.22010349 263.23963139 -1.50637368
-108.21012800 262.03681924 -1.49616973
-108.19405692 260.83752125 -1.48090180
-108.17101026 259.64026061 -1.46030748
-108.14241084 258.44419297 -1.43911762
-108.11048070 257.25111316 -1.41962454
-108.07599676 256.06304997 -1.40141766
-108.03814323 254.87987702 -1.38159417
-107.99508505 253.69903928 -1.35844859
-107.94504125 252.51829852 -1.33498839
-107.88847604 251.33605445 -1.31345807
-107.82514920 250.15228657 -1.29395318
-107.75443872 248.96765573 -1.27393215
-107.67550340 247.78247850 -1.25111349
-107.58653104 246.59708666 -1.22785021
-107.48828184 245.41129051 -1.20650394
-107.38126492 244.22572978 -1.18628663
-107.26693745 243.04065017 -1.16633557
-107.14692388 241.85519673 -1.14781149
-107.01999110 240.66930452 -1.13269738
-106.88421859 239.48314608 -1.11796946
-106.73823615 238.29597397 -1.10232412
-106.58283053 237.10717399 -1.08908663
-106.42040395 235.91755814 -1.07529260
-106.25145613 234.72851144 -1.05529066
-106.07383033 233.53988624 -1.03072311
-105.88698206 232.35017587 -1.00791518
-105.69122077 231.15851306 -0.98858237
-105.48757266 229.96611227 -0.97186868
-105.27880681 228.77479541 -0.95526168
-105.06620178 227.58532513 -0.93672590
-104.84834333 226.39775596 -0.91900436
-104.62374225 225.21144710 -0.90585647
-104.39243078 224.02601877 -0.89694492
-104.15715027 222.84217063 -0.88922952
-103.91959085 221.66061684 -0.87981350
-103.67994587 220.48075517 -0.86984389
-103.43740819 219.30137595 -0.86266973
-103.18891917 218.12173663 -0.85782349
-102.93391376 216.94183755 -0.85298952
-102.67284589 215.76241856 -0.84622362
-102.40642297 214.58445204 -0.83653372
-102.13571415 213.40753613 -0.82579515
-101.86060083 212.23084998 -0.81714159
-101.58088777 211.05364163 -0.81012165
-101.29537481 209.87542498 -0.80392379
-101.00368258 208.69598071 -0.80061356
-100.70905388 207.51544282 -0.79839488
-100.41290787 206.33383332 -0.79341210
-100.11478057 205.15016650 -0.78460414
-99.81298542 203.96429501 -0.77452239
-99.50439953 202.77635592 -0.76648337
-99.18900532 201.58631350 -0.75919296
-98.86862486 200.39410733 -0.75076410
-98.54488453 199.19912679 -0.74333616
-98.21808879 198.00152860 -0.73875148
-97.88809021 196.80225535 -0.73505798
-97.55481085 195.60155870 -0.73041400
-97.21918961 194.39902131 -0.72698233
-96.88309766 193.19393643 -0.72615141
-96.54544948 191.98623859 -0.72473963
-96.20474344 190.77660098 -0.71953439
-95.86156756 189.56552075 -0.71052845
-95.51671832 188.35278839 -0.70101180
-95.17251239 187.13800249 -0.69556488
-94.82954707 185.92119620 -0.69480819
-94.48528311 184.70267921 -0.69407108
-94.13833059 183.48251858 -0.69011820
-93.78756811 182.26051849 -0.68277854
-93.43259434 181.03666672 -0.67404157
-93.07451938 179.81124789 -0.66562415
-92.71402413 178.58429784 -0.65735339
-92.35234952 177.35605345 -0.65018889
-91.99120049 176.12713401 -0.64386081
-91.62990875 174.89702271 -0.63714912
-91.26733690 173.66510851 -0.63095924
-90.90359749 172.43196623 -0.62243204
-90.53959917 171.19869101 -0.61138677
-90.17612106 169.96527310 -0.60342756
-89.81308008 168.73126820 -0.60117446
-89.44870554 167.49575094 -0.60192747
-89.07942453 166.25748570 -0.60169900
-88.70308281 165.01586703 -0.59799393
-88.32005336 163.77116429 -0.59052832
-87.93410202 162.52527061 -0.58120023
-87.54901309 161.27854521 -0.57383515
-87.16444786 160.03034719 -0.56909901
-86.77884413 158.78092991 -0.56406620
-86.39287306 157.53122677 -0.55983879
-86.00706577 156.28128962 -0.55906771
-85.62072686 155.03062843 -0.55910169
-85.23280514 153.77864807 -0.55631440
-84.84238817 152.52445503 -0.55143507
-84.45076846 151.26843830 -0.54471510
-84.05804510 150.01151612 -0.53442355
-83.66366362 148.75488395 -0.51987663
-83.26859542 147.49940438 -0.50335655
-82.87347263 146.24457097 -0.48861077
-82.48031749 144.99086769 -0.47876627
-82.09065039 143.74015857 -0.47191380
-81.70365104 142.49290859 -0.46401362
-81.31868157 141.24870148 -0.45523987
-80.93584471 140.00727389 -0.44815226
-80.55411835 138.76749439 -0.44462857
-80.17249879 137.52845048 -0.44524509
-79.79051965 136.29054765 -0.44685018
-79.40749152 135.05377636 -0.44645999
-79.02294107 133.81796963 -0.44318794
-78.63752251 132.58364127 -0.43769818
-78.25176048 131.35050019 -0.43282828
-77.86673875 130.11854331 -0.43024745
-77.48307080 128.88783627 -0.42940182
-77.09933520 127.65728319 -0.42754594
-76.71505779 126.42589538 -0.42132665
-76.33064790 125.19345535 -0.41037089
-75.94660336 123.95991358 -0.39787816
-75.56401264 122.72544387 -0.38707474
-75.18346152 121.49073030 -0.37930396
-74.80437888 120.25567288 -0.37392163
-74.42679995 119.01976293 -0.37209918
-74.05048170 117.78297647 -0.37446294
-73.67391527 116.54517439 -0.37687057
-73.29694256 115.30669632 -0.37637960
-72.91983721 114.06787862 -0.37287910
-72.54193470 112.82846643 -0.36690566
-72.16331292 111.58859789 -0.35955835
-71.78437975 110.34849215 -0.35161198
-71.40539373 109.10729331 -0.34543904
-71.02618226 107.86434475 -0.34210583
-70.64605610 106.61995026 -0.33878825
-70.26456574 105.37356035 -0.33273323
-69.88198392 104.12492936 -0.32429601
-69.49848858 102.87592484 -0.31516334
-69.11397684 101.62841109 -0.30338627
-68.72931288 100.38271411 -0.29162144
-68.34489948 99.13696212 -0.28647299
-67.95982668 97.88852112 -0.28728702
-67.57358169 96.63733291 -0.28968897
-67.18567950 95.38524743 -0.28864969
-66.79581365 94.13355942 -0.28281376
-66.40412836 92.88187509 -0.27630757
-66.01098386 91.62924081 -0.27300021
-65.61766583 90.37549834 -0.27431362
-65.22418407 89.12140161 -0.27793804
-64.82933416 87.86810673 -0.27795741
-64.43222368 86.61643430 -0.26981081
-64.03233394 85.36417158 -0.25638476
-63.63059183 84.10976878 -0.24444489
-63.22766446 82.85229169 -0.23739411
-62.82307396 81.59179260 -0.23220386
-62.41695460 80.33044852 -0.22290542
-62.00991257 79.06960414 -0.21045356
-61.60176752 77.80910227 -0.19711700
-61.19177564 76.54761456 -0.18286247
-60.78011927 75.28450488 -0.17149345
-60.36815823 74.01967181 -0.16656708
-59.95592745 72.75423088 -0.16603702
-59.54238323 71.48961448 -0.16315512
-59.12714694 70.22594123 -0.15512340
-58.71087445 68.96210513 -0.14529446
-58.29459044 67.69788877 -0.13571051
-57.87945248 66.43535322 -0.12709334
-57.46638812 65.17511514 -0.12069143
-57.05557270 63.91677192 -0.11529442
-56.64688834 62.66087462 -0.10938290
-56.24040256 61.40664746 -0.10279674
-55.83622530 60.15387033 -0.09551445
-55.43427386 58.90214362 -0.08846536
-55.03478031 57.65062699 -0.08328500
-54.63789269 56.40067340 -0.08060448
-54.24375026 55.15385713 -0.07924255
-53.85212670 53.90984334 -0.07800514
-53.46275775 52.66763994 -0.07677284
-53.07555557 51.42688780 -0.07628694
-52.69054660 50.18770648 -0.07645944
-52.30766651 48.95083697 -0.07618840
-51.92611632 47.71770091 -0.07460240
-51.54549434 46.48846200 -0.07108641
-51.16545280 45.26309035 -0.06537656
-50.78591443 44.04251010 -0.06061228
-50.40751481 42.82553925 -0.05995621
-50.03016777 41.61621481 -0.06175706
-49.65406581 40.41419355 -0.06479155
-49.27814998 39.21489206 -0.06408779
-48.90071834 38.02083920 -0.05563024
-48.52297304 36.83395394 -0.04570707
-48.14649742 35.65537688 -0.03900620
-47.77166284 34.48590747 -0.03363504
-47.39871841 33.32575808 -0.02790331
-47.02852510 32.17559630 -0.02305467
-46.66243382 31.03667403 -0.02030227
-46.30114098 29.90990760 -0.01859642
-45.94506472 28.79589980 -0.01630215
-45.59460088 27.69486528 -0.01229869
-45.25031850 26.60785600 -0.00750612
-44.91203239 25.53588368 -0.00472844
-44.57657067 24.47790037 -0.00582735
-44.23969872 23.43271100 -0.00885810
-43.89927850 22.39986520 -0.01008965
-43.55702594 21.37895090 -0.00760602
-43.21571949 20.37089365 -0.00217309
-42.87748443 19.37735505 0.00406949
-42.54331492 18.39911464 0.01064431
-42.21312454 17.43727708 0.01836439
-41.88781719 16.49295981 0.02628609
-41.56723869 15.56616276 0.03384709
-41.25018387 14.65715271 0.04338971
-40.93646667 13.76602493 0.05558222
-40.62672424 12.89314552 0.06809542
-40.32093382 12.03807639 0.07914779
-40.01735095 11.19993023 0.08869894
-39.71351322 10.37932141 0.09779463
-39.40648404 9.57702933 0.10787539
-39.09330743 8.79351311 0.11947336
-38.77169506 8.02918450 0.13262930
-38.44016106 7.28494555 0.14662665
-38.09788294 6.56257288 0.15921373
-37.74307622 5.86296743 0.16873705
-37.37308291 5.18487119 0.17545740
-36.98513462 4.52867385 0.18093826
-36.57823308 3.89690974 0.18551109
-36.15372035 3.29111209 0.18772614
-35.71181865 2.71232207 0.18740569
-35.25192488 2.16133668 0.18572446
-34.77457674 1.64048308 0.18372879
-34.27994520 1.15267537 0.18201151
-33.76929767 0.69504026 0.17850505
-33.24421349 0.26423251 0.17219061
-32.70422504 -0.13660333 0.16571636
-32.14979226 -0.50420388 0.15950002
-31.58389797 -0.83932435 0.15155398
-31.00871349 -1.14205856 0.14143888
-30.42509843 -1.41115712 0.13038770
-29.83476419 -1.64755036 0.11733480
-29.23899686 -1.85295579 0.10438097
-28.63875340 -2.02722919 0.09459890
-28.03625136 -2.16991036 0.08756507
-27.43330492 -2.28129796 0.08418005
-26.83110036 -2.36421199 0.08278626
-26.23162197 -2.42124959 0.07944601
-25.63600254 -2.45267616 0.07260290
-25.04378551 -2.46067147 0.06384993
-24.45307317 -2.45060943 0.05559090
-23.86180189 -2.42858347 0.05090117
-23.26922165 -2.39856806 0.05129871
-22.67566588 -2.36322327 0.05520022
-22.08189302 -2.32446507 0.06044311
-21.48839478 -2.28392140 0.06600304
-20.89563141 -2.24331052 0.07141282
-20.30427864 -2.20352605 0.07653156
-19.71542803 -2.16471767 0.08122782
-19.13021152 -2.12777446 0.08528470
-18.54956815 -2.09416434 0.08941838
-17.97449653 -2.06563732 0.09409046
-17.40634568 -2.04398657 0.09899110
-16.84704047 -2.02824158 0.10389827
-16.29857283 -2.01615218 0.10855919
-15.76210623 -2.00808414 0.11282558
-15.23826454 -2.00564391 0.11736413
-14.72778466 -2.00840281 0.12304918
-14.23096741 -2.01543287 0.13034262
-13.74850388 -2.02644208 0.13810856
-13.28173875 -2.03996962 0.14487997
-12.83184741 -2.05481947 0.15078833
-12.39967384 -2.07203382 0.15659388
-11.98614199 -2.09338573 0.16254585
-11.59266062 -2.11911754 0.16834836
-11.22072995 -2.14731369 0.17286304
-10.87182464 -2.17620369 0.17625336
-10.54678388 -2.20563466 0.17904523
-10.24563794 -2.23570973 0.18090955
-9.96535657 -2.26662464 0.18249785
-9.69733318 -2.29707721 0.18413292
-9.43465356 -2.32596756 0.18672345
-9.17519413 -2.35235358 0.19060930
-8.91838141 -2.37393511 0.19509560
-8.66569041 -2.38983354 0.19947198
-8.41838917 -2.40029520 0.20317660
-8.17594028 -2.40621196 0.20685776
-7.93720995 -2.40802634 0.21127916
-7.70122019 -2.40460961 0.21635424
-7.46748747 -2.39441485 0.22198436
-7.23546328 -2.37647236 0.22770812
-7.00042857 -2.35158904 0.23193294
-6.75492819 -2.31992266 0.23396271
-6.49553134 -2.27866189 0.23685505
-6.22215943 -2.22511038 0.24139782
-5.93632169 -2.15659128 0.24767583
-5.63879164 -2.07359521 0.25887096
-5.32969398 -1.97939215 0.27363671
-5.01082404 -1.87429224 0.28595597
-4.68445998 -1.75535634 0.29356693
-4.35188000 -1.61976198 0.29875318
-4.01253318 -1.46675756 0.30301570
-3.66578482 -1.29717402 0.30766925
-3.31076847 -1.11182025 0.31020393
-2.94663282 -0.90828659 0.30909337
-2.57369816 -0.68255082 0.30838046
-2.19256125 -0.43145372 0.30960072
-1.80392539 -0.15334544 0.30965653
-1.40693278 0.15035017 0.30900863
-1.00078901 0.47772160 0.31111503
-0.58750449 0.83011893 0.31462374
-0.17011234 1.21036472 0.31619146
0.24828751 1.62125860 0.31401904
0.66525053 2.06532964 0.30766075
1.07986800 2.54340269 0.29895905
1.49300721 3.05359627 0.29036816
1.90539172 3.59353781 0.28478865
2.31623434 4.16253510 0.28274417
2.72438462 4.75974186 0.28113123
3.12986935 5.38392773 0.27935553
3.53312435 6.03463320 0.27795217
3.93464789 6.71049391 0.27727589
4.33446993 7.41012537 0.27797908
4.73242022 8.13258043 0.27807297
5.13199256 8.87425415 0.27539800
5.53872847 9.63010969 0.27177180
5.95410916 10.39895061 0.27073958
6.37568153 11.18286659 0.27306002
6.80220955 11.98090511 0.27431180
7.23437215 12.79136478 0.27301996
7.67218063 13.61429945 0.27143166
8.11478875 14.44902070 0.27333470
8.56253756 15.29247084 0.28007277
9.01361381 16.14392622 0.28707258
9.46608854 17.00492026 0.29245648
9.92190891 17.87464413 0.29733761
10.38178173 18.75408893 0.30161850
10.84405022 19.64572828 0.30762906
11.30858885 20.54978550 0.31613192
11.77645961 21.46561464 0.32362702
12.24708466 22.39323267 0.32862057
12.71943116 23.33161089 0.32970531
13.19384731 24.27872778 0.32578328
13.67019782 25.23391234 0.32127542
14.14922831 26.19639981 0.32162158
14.63078410 27.16570995 0.32689577
15.11317937 28.13969725 0.33306402
15.59591740 29.11544482 0.33261423
16.07685275 30.09641681 0.32448290
16.55735831 31.08510116 0.31584864
17.03970810 32.07980072 0.31273660
17.52351561 33.07914480 0.31572901
18.00895742 34.08114238 0.31934636
18.49693032 35.08489050 0.32065692
18.98813236 36.09179716 0.32285271
19.48065912 37.10272517 0.32465613
19.97474447 38.11554287 0.32465175
20.47095007 39.12976979 0.32149341
20.96967282 40.14554203 0.31745418
21.47368863 41.16116411 0.31787215
21.98207046 42.17782550 0.32126568
22.49243352 43.19653589 0.32397614
23.00601809 44.21653952 0.32318845
23.52387000 45.23644645 0.32376573
24.04600029 46.25810245 0.33109604
24.57219748 47.28266144 0.34124811
25.10108153 48.30964945 0.34861002
25.63189015 49.33959888 0.35247030
26.16623877 50.37238347 0.35506515
26.70572879 51.40681692 0.35973396
27.24841047 52.44413488 0.36275521
27.79184765 53.48548767 0.35773356
28.33649469 54.52852580 0.34664899
28.88490328 55.57465306 0.33751298
29.43732615 56.62481738 0.33758782
29.99229741 57.67632207 0.34582855
30.54971777 58.72814583 0.35742954
31.10890498 59.78013800 0.37010801
31.66864200 60.83213297 0.38120237
32.22845725 61.88535292 0.39034088
32.78841623 62.94025735 0.39921882
33.34619564 63.99598268 0.40610585
33.90016800 65.05139604 0.40748959
34.45186551 66.10609244 0.40637162
35.00224949 67.15972932 0.41488228
35.55131102 68.21048619 0.43349038
36.09794907 69.25792978 0.45148556
36.64265508 70.30537723 0.46937606
37.18623095 71.35232318 0.49337364
37.72617500 72.39799666 0.51789687
38.26050270 73.44303863 0.53534972
38.79050285 74.48619871 0.54662665
39.31619294 75.52827157 0.55318551
39.83636637 76.56917450 0.55575438
40.35155356 77.60817598 0.55481597
40.86336742 78.64434114 0.55677129
41.37310825 79.67638809 0.56700191
41.88165713 80.70612859 0.57959657
42.38943342 81.73351464 0.58891200
42.89625384 82.75598627 0.59394569
43.40227010 83.77514218 0.59421643
43.90826600 84.79330724 0.59239525
44.41432761 85.81063550 0.59221952
44.92061532 86.82695977 0.59582369
45.42817487 87.84265350 0.60371843
45.93688322 88.85793039 0.61509639
