-0.000008295 0.000009964 0.000000243
0.447121526 0.214794045 0.011805520
0.965778165 0.438929390 0.015068807
1.468851692 0.720124429 0.012343021
1.987802252 1.021407287 0.015265773
2.483904529 1.338201747 0.019954838
3.019635227 1.724440719 0.020828547
3.541449719 2.115993046 0.024338474
4.070252498 2.548637076 0.021156450
4.660093406 3.043458880 0.020327987
5.216173529 3.535905097 0.019821612
5.729223248 4.050490624 0.011801799
6.240865822 4.605097940 -0.000366248
6.780707142 5.175649786 -0.000590130
7.290348595 5.771352132 -0.006987983
7.805218664 6.404024226 -0.003620922
8.308200741 7.048275283 -0.012752104
8.835733519 7.754826811 -0.014879351
9.346465324 8.458390537 -0.016320738
9.864731609 9.198876969 -0.017323998
10.379795596 9.970857630 -0.010256982
10.875989493 10.739721573 0.000388647
11.357316485 11.526625552 0.006889947
11.811739247 12.325680981 0.006825315
12.277592919 13.152245471 0.011634238
12.740175204 13.994616213 0.016588365
13.189358386 14.855146832 0.024107504
13.638720904 15.740029652 0.038652663
14.094469113 16.648349755 0.043896861
14.533423514 17.541290867 0.038026580
14.963651811 18.421494456 0.035246695
15.367117470 19.310435000 0.031353381
15.794029414 20.201330751 0.032729150
16.223828234 21.122991371 0.040584107
16.638110946 22.018275669 0.054982208
17.041154357 22.947227237 0.062473651
17.448344881 23.848260494 0.068410879
17.842557429 24.766869162 0.069473089
18.222356117 25.671826222 0.075284067
18.629711878 26.649615945 0.080881480
19.010727483 27.564076814 0.094745173
19.410725826 28.536326560 0.096512622
19.802928397 29.476275735 0.100355092
20.212933290 30.458426121 0.110168697
20.598860976 31.432510250 0.125518270
21.015175571 32.429172576 0.112311202
21.378624383 33.639669480 0.106965112
21.744078672 34.695868068 0.105965262
22.081884887 35.855946271 0.093541968
22.401972726 37.005443840 0.096692697
22.750255344 37.962443334 0.104620132
23.074552521 39.116396880 0.123637320
23.410909112 40.210674660 0.138078221
23.752390791 41.182262600 0.138991483
24.091434683 42.215499361 0.148789442
24.414963592 43.317755661 0.156325016
24.767534875 44.320692453 0.174648062
25.099077062 45.247490043 0.179876707
25.450350621 46.161780408 0.189574825
25.809700456 47.120251550 0.198152277
26.151224484 48.037235322 0.213828075
26.518765050 48.972230819 0.221807068
26.875181989 49.897829190 0.235094060
27.233010473 50.840750944 0.225438035
27.587656724 51.759227225 0.223715797
27.957595266 52.674554310 0.210419354
28.311482011 53.571017484 0.208441126
28.660209472 54.442151645 0.202541421
29.011897194 55.311203766 0.214257167
29.348964550 56.123844887 0.222486901
29.681179088 56.942430946 0.225000652
30.021704924 57.748862134 0.227932274
30.338233293 58.534832357 0.232066122
30.659086963 59.299974494 0.239088040
30.984593796 60.058595588 0.245109306
31.300943530 60.814560283 0.250419895
31.614201321 61.592622716 0.246981944
31.935986026 62.350547708 0.250634587
32.228678378 63.059136340 0.248118370
32.522227116 63.755055463 0.234693108
32.815261391 64.424002228 0.233136131
33.104205030 65.114760625 0.234285397
33.378990351 65.772996845 0.234963807
33.654315307 66.396301470 0.251132554
33.923857983 67.008361006 0.251070143
34.190181196 67.577692317 0.258086965
34.436874094 68.145091215 0.272514525
34.678171345 68.677929029 0.278529274
34.911558200 69.219546937 0.282878111
35.148412329 69.747277778 0.288899857
35.383748350 70.243424211 0.304175228
35.623819588 70.738587533 0.323167967
35.850397418 71.212776918 0.340660626
36.063811186 71.654651920 0.340954608
36.293966854 72.087934505 0.328826487
36.534514888 72.522549003 0.327612338
36.779722130 72.938299935 0.332240823
37.015421177 73.342080415 0.347680361
37.268142232 73.738762338 0.353473208
37.505386352 74.108977787 0.352621138
37.757266644 74.429655479 0.347727051
38.024009498 74.769764855 0.349301076
38.356972190 75.114416823 0.344353597
38.674101384 75.431656892 0.342827813
39.006458457 75.734107185 0.341089478
39.353205666 76.000178765 0.338153713
39.708577411 76.263175126 0.319915874
40.088097317 76.496141281 0.314192323
40.472213763 76.684735757 0.314961729
40.872093701 76.865912570 0.313634300
41.267081452 77.024417260 0.310989574
41.671645695 77.138381008 0.306387323
42.082863043 77.225014317 0.301547304
42.497097806 77.283647377 0.296939123
42.902102941 77.337979009 0.292359385
43.307072721 77.372841000 0.287493005
43.715620377 77.371707907 0.278572699
44.132017472 77.348966231 0.263818491
44.543749859 77.282534212 0.265345664
44.933004204 77.200501562 0.268007334
45.339961491 77.151209348 0.274463767
45.724534543 77.088379959 0.269783962
46.131009324 77.010322037 0.257643551
46.522244780 76.881810996 0.242347389
46.926229950 76.752226751 0.237215804
47.326287948 76.591010771 0.220499864
47.731324931 76.452784852 0.204778740
48.164016258 76.280082886 0.204437552
48.616111553 76.097157426 0.207099779
49.053361117 75.911321958 0.217101380
49.510244500 75.710575837 0.212626338
49.980754879 75.488602274 0.210066314
50.443067083 75.259189532 0.209824802
50.907080439 75.025602437 0.203770971
51.411218468 74.765247014 0.195676742
51.912508830 74.538507088 0.189329870
52.417687154 74.270255870 0.185046713
52.964103209 73.981266517 0.179311722
53.492773449 73.691041759 0.175163482
54.051577748 73.400154455 0.174283074
54.612105347 73.086633360 0.168643683
55.185246921 72.772461073 0.168403456
55.770928752 72.439235355 0.177927689
56.392104767 72.073074062 0.182567491
57.030896861 71.724409787 0.180383351
57.675239031 71.369830117 0.184038568
58.334244599 71.005819575 0.185859528
59.018876437 70.638938811 0.182460134
59.725371048 70.263951961 0.181294771
60.469397427 69.891495537 0.179789930
61.172750744 69.533480083 0.174553426
61.905803073 69.160713275 0.175197561
62.633542731 68.793872642 0.169907894
63.353832657 68.420171517 0.168561702
64.070954395 68.069798741 0.172290678
64.796972089 67.713017916 0.178539097
65.518175775 67.340191012 0.195557243
66.247594963 66.965017359 0.211596311
66.942312546 66.606647702 0.225519326
67.670237430 66.240757946 0.236496155
68.388917571 65.866598780 0.242578685
69.088765796 65.504000711 0.251791582
69.791110119 65.146802082 0.262397511
70.488424998 64.773274283 0.273432584
71.203910508 64.392241594 0.284166396
71.894718345 64.025660721 0.294103752
72.591168838 63.619289578 0.294586795
73.270309350 63.221152751 0.297737265
73.938043633 62.827666706 0.297378201
74.614459412 62.415282133 0.301700391
75.301357167 62.000463618 0.297735308
75.960389607 61.600759953 0.295056136
76.619262793 61.176817184 0.287378833
77.255268466 60.737571139 0.287618785
77.895768822 60.313981024 0.279922579
78.505108699 59.883373639 0.272122646
79.133722496 59.441888532 0.274744131
79.778220155 58.987323092 0.267784082
80.399867591 58.543107091 0.267969748
81.000866745 58.094134207 0.270422149
81.591127714 57.666880747 0.272954780
82.155693305 57.244358255 0.279249131
82.699031744 56.830152823 0.274931292
83.238680888 56.421483637 0.276894965
83.753488602 56.037511149 0.273538827
84.267405542 55.633588137 0.277389124
84.780090158 55.236537819 0.280702214
85.284487676 54.845836703 0.280525435
85.772725559 54.482470108 0.286671828
86.228951719 54.137180197 0.283690915
86.689648961 53.811896799 0.289533196
87.129139807 53.495177793 0.288122501
87.572035211 53.197133070 0.302842106
88.029433946 52.898932021 0.307965400
88.477127458 52.621291581 0.311073569
88.924869295 52.357851699 0.314268343
89.380370426 52.106088491 0.314631658
89.841563827 51.893697801 0.329861098
90.319355085 51.683756010 0.340153016
90.785426123 51.505947944 0.348089570
91.256056187 51.339685414 0.357257706
91.721181996 51.213398705 0.354876301
92.184321095 51.109516272 0.366879889
92.646270382 51.031227746 0.372799270
93.110924699 50.994978698 0.373780365
93.568409475 50.988964072 0.375687619
94.008601249 51.021506785 0.375911544
94.478529009 51.070633774 0.395033736
94.899130741 51.144741961 0.401324675
95.320623845 51.258845938 0.421860877
95.732475962 51.401007955 0.440858348
96.145205440 51.582599927 0.453938325
96.554956377 51.783373668 0.463268830
96.954399876 52.015209486 0.474614338
97.340715121 52.281340459 0.483087431
97.720641259 52.568739109 0.490412733
98.089300042 52.881746583 0.484607872
98.450854179 53.197358673 0.467975556
98.814271820 53.534566425 0.465721896
99.161713542 53.861136645 0.464940168
99.516259673 54.201293407 0.470831842
99.865478935 54.571508434 0.460506295
100.220745933 54.965237462 0.461122059
100.585471341 55.351408972 0.448219771
100.961530679 55.757599506 0.452975172
101.337316457 56.159816613 0.442181386
101.751650937 56.579428970 0.436154976
102.169808236 57.003631556 0.433591596
102.580355109 57.441712841 0.437890881
103.012259018 57.892047940 0.436458126
103.471423190 58.355238167 0.446491520
103.934228335 58.820294118 0.453767012
104.412738208 59.281292453 0.459293538
104.888579531 59.736324306 0.457083246
105.362869162 60.189212984 0.457769634
105.841744333 60.652767497 0.460959933
106.323205013 61.123305106 0.454658377
106.823171584 61.602562950 0.450154459
107.325021770 62.091258656 0.441568688
107.838807416 62.584681803 0.449584835
108.348616427 63.097055214 0.458418457
108.861954897 63.615226906 0.458188160
109.378538662 64.159753478 0.452014418
109.908136424 64.704922469 0.433662968
110.454727883 65.268191821 0.416943724
111.011886269 65.843072945 0.419147627
111.556554673 66.421683382 0.413527964
112.120031354 67.023484059 0.414606983
112.687832733 67.621995634 0.400923598
113.256921141 68.235199310 0.393129570
113.815393472 68.849610783 0.389188733
114.395203895 69.478331548 0.376391982
114.952410255 70.089833123 0.368664537
115.519491643 70.695557890 0.370886425
116.100547222 71.339768267 0.358415905
116.692315015 71.987610418 0.349922266
117.289565721 72.603286077 0.352891413
117.868301370 73.213308875 0.342066489
118.459528526 73.808900593 0.346458743
119.053332309 74.408777672 0.352643389
119.644671596 75.018497486 0.365655566
120.226147214 75.626601171 0.378252021
120.820213962 76.236827683 0.386883187
121.408340819 76.847886596 0.386948657
122.002006969 77.445684601 0.377738586
122.586674953 78.026811264 0.364711666
123.194470159 78.619536134 0.374958688
123.789253589 79.226330525 0.390085386
124.390305541 79.829543601 0.411782890
124.987761984 80.430057878 0.429521418
125.567593913 81.022355548 0.411164871
126.142416876 81.620860125 0.396838189
126.726879950 82.215720834 0.368336514
127.315137478 82.803960818 0.373780639
127.890436345 83.396237219 0.389518911
128.463259762 83.987065196 0.391409082
129.035943707 84.589749362 0.396089954
129.579959566 85.177703378 0.410220753
130.118047297 85.752125538 0.408674590
130.673125501 86.347728636 0.411356727
131.233958898 86.935586470 0.417221374
131.784963623 87.512627905 0.418368721
132.324513459 88.091214550 0.417099417
132.877257017 88.675077275 0.412456368
133.415868121 89.266101409 0.415977114
133.961369392 89.879712882 0.418348341
134.509505838 90.492585443 0.423606695
135.053966478 91.111056033 0.429414941
135.588273175 91.743410542 0.413759049
136.138601754 92.392970193 0.384044248
136.696361309 93.030194086 0.357236945
137.235052120 93.658016539 0.333987109
137.772692329 94.279636334 0.305432977
138.275277808 94.905502651 0.307675263
138.768767436 95.539127515 0.302682305
139.246082224 96.154111088 0.297135395
139.745730188 96.794530581 0.298141731
140.248790014 97.444962718 0.313191370
140.741772203 98.093437791 0.324766762
141.218377063 98.769053719 0.336514226
141.702112617 99.436995661 0.330163876
142.185146199 100.102398169 0.333578911
142.656300589 100.766236620 0.329813189
143.131215952 101.468440680 0.329338708
143.597952185 102.154358872 0.317185255
144.058770830 102.833905805 0.302986881
144.519412205 103.513721387 0.309501212
144.991875450 104.223889416 0.311349988
145.466291076 104.942483177 0.313766797
145.921290783 105.630169306 0.292692386
146.389949840 106.314429764 0.276597103
146.850871154 106.989735797 0.270856975
147.286346865 107.681825567 0.262864948
147.726510009 108.375430615 0.260215293
148.178856589 109.081636422 0.263848417
148.622236438 109.780271360 0.251688913
149.043081432 110.461241911 0.250739782
149.467437711 111.166463034 0.238389766
149.890186446 111.871196458 0.207954177
150.328382790 112.596043676 0.203654239
150.750759334 113.339634051 0.217242875
151.159041329 114.101462230 0.222680118
151.556024561 114.836364213 0.224969973
151.945534425 115.581043138 0.212628931
152.338211043 116.311823817 0.206552776
152.705290823 117.036860122 0.192660611
153.090674710 117.784439997 0.173195913
153.500261772 118.534755272 0.170512776
153.891807977 119.285849452 0.183315989
154.277821947 120.041982621 0.174914443
154.666596796 120.801691025 0.151986724
155.059031986 121.557889981 0.129372345
155.447599072 122.285154198 0.107511726
155.838004569 123.013605321 0.099640477
156.230769301 123.766078592 0.109304648
156.605861179 124.504322272 0.121128247
156.989297361 125.234976934 0.122383476
157.379706258 125.976465477 0.123504747
157.736892745 126.663927371 0.119745914
158.097381060 127.384885139 0.111469452
158.442452030 128.094642611 0.116200341
158.799946817 128.824670445 0.122495538
159.167270622 129.548102928 0.127658512
159.508924798 130.252205524 0.121466899
159.876407100 130.967301232 0.113095282
160.219957937 131.672002390 0.107820684
160.568682426 132.391860054 0.100416838
160.937389185 133.148593236 0.085382048
161.309263852 133.904636271 0.090611592
161.659104082 134.608000983 0.069716016
162.002104497 135.280269022 0.049700600
162.316429995 135.910291522 0.028611802
162.637392895 136.561043600 0.021821935
162.950310201 137.193856162 0.009806402
163.254303632 137.808120976 0.009179819
163.556944892 138.408853164 0.001959734
163.846323285 138.999429825 0.008517876
164.137597482 139.601557518 0.005704543
164.422700231 140.192761287 0.012889396
164.727705491 140.763313152 -0.000906927
165.024726867 141.344927355 -0.003874192
165.322551034 141.911929127 -0.014214632
165.607364606 142.460421105 -0.017528691
165.908554784 143.012543630 -0.016333974
166.220100728 143.578379922 -0.004642137
166.546396497 144.153189043 0.007052665
166.863408394 144.691969206 0.024064104
167.171927808 145.232985410 0.034413671
167.496866663 145.800563293 0.033045640
167.816021540 146.354224413 0.034470414
168.129504940 146.925862447 0.035989450
168.446261322 147.480653858 0.050597850
168.748421796 148.022299356 0.052609500
169.061371548 148.586687875 0.043493101
169.378362352 149.139518768 0.034061354
169.673896766 149.684691905 0.037201701
169.986202347 150.224783298 0.054362341
170.284553576 150.800454873 0.057872078
170.613584176 151.401218076 0.063722501
170.934737066 151.966601358 0.072811352
171.239681291 152.526159103 0.081173803
171.534089321 153.106332248 0.072886838
171.827028175 153.690901048 0.052276045
172.142680290 154.284526964 0.036965323
172.470845304 154.905449532 0.033136956
172.783571494 155.527083051 0.043027632
173.099490416 156.141523324 0.046953786
173.390914728 156.731443047 0.037859476
173.696123441 157.345758791 0.021679721
174.026155997 157.979993656 0.014495230
174.341013541 158.594291336 0.012354888
174.649131392 159.208219354 0.009279797
174.970152112 159.821992024 0.008617632
175.272809401 160.420753948 0.006710129
175.557368198 160.993402333 -0.006440877
175.865432493 161.596886601 -0.006053029
176.145143963 162.173310823 -0.014410870
176.433778569 162.768620756 -0.013682222
176.715438529 163.351305691 -0.011785372
176.997843706 163.919668588 -0.004050180
177.279654344 164.498735226 0.006617687
177.533893808 165.054378059 0.005697269
177.781880679 165.602446495 -0.005287519
178.032522438 166.117510401 -0.008941620
178.279974451 166.624287458 -0.013699668
178.512369619 167.117078618 -0.015731037
178.723318538 167.601897620 -0.022255304
178.933842723 168.104636731 -0.028225568
179.128777027 168.574380031 -0.028667971
179.306178804 169.047404408 -0.026614593
179.475062648 169.508310287 -0.024851933
179.644809478 169.984807966 -0.014581301
179.802881171 170.473477410 -0.008579924
179.912098457 170.928710324 -0.014235024
180.006937880 171.382068188 -0.014954616
180.096570444 171.881828903 -0.018012033
180.174543038 172.397285161 -0.016595761
180.221106214 172.912969106 -0.010602058
180.238654908 173.413269939 -0.011579675
180.254277596 173.906699397 -0.007885547
180.246401347 174.406523887 -0.004665131
180.234142706 174.919454003 -0.004974452
180.171142275 175.407586952 -0.001959313
180.087057842 175.903630511 0.010471481
179.972561835 176.349511214 0.001833736
179.825825973 176.775496126 -0.008908282
179.663457231 177.173117636 -0.011332747
179.496851861 177.582337125 -0.010481208
179.324770837 177.973183082 -0.020732266
179.128170561 178.359925753 -0.040479250
178.892574141 178.744811955 -0.051125236
178.624214168 179.126214674 -0.067110104
178.337775445 179.503535862 -0.076737160
178.018764894 179.869950428 -0.085458604
177.686786863 180.180561709 -0.092134657
177.327491644 180.506320632 -0.098779112
176.942472479 180.833317982 -0.106992954
176.537138625 181.147306143 -0.123726130
176.098317017 181.455995233 -0.130737558
175.662334991 181.761538217 -0.137683469
175.220543513 182.032054378 -0.146905569
174.745629395 182.315292868 -0.160443702
174.231812504 182.606512536 -0.171185897
173.685864324 182.902385277 -0.182431363
173.173610076 183.174140730 -0.188443185
172.617259808 183.482984421 -0.196295006
172.043149137 183.782011508 -0.203042146
171.461701588 184.096747951 -0.208531628
170.845524347 184.415405085 -0.219294325
170.230746651 184.755559734 -0.220520541
169.597458542 185.102097463 -0.223460997
168.922398865 185.463849954 -0.227959112
168.257867514 185.806015882 -0.232583981
167.561677270 186.169514481 -0.243223912
166.840323306 186.564171785 -0.245700267
166.094513659 186.989256923 -0.259134974
165.329353767 187.407022459 -0.259627780
164.553772092 187.837638064 -0.260541903
163.789079269 188.255710057 -0.265318128
163.002023567 188.697569408 -0.272560591
162.235216528 189.109133443 -0.277090054
161.461190033 189.508117509 -0.268264047
160.679329489 189.916030298 -0.270193492
159.882032099 190.334530635 -0.281190521
159.077135239 190.760996892 -0.288947792
158.271718784 191.181009206 -0.288431800
157.448542367 191.595940474 -0.289866548
156.651375363 192.002741944 -0.296545156
155.863928883 192.424680379 -0.298281340
155.058123654 192.826220700 -0.310031435
154.257581082 193.208411795 -0.323439908
153.471744985 193.586924761 -0.336787979
152.661198139 193.967245149 -0.345249761
151.866141606 194.347963916 -0.349148713
151.058036185 194.726819756 -0.354710925
150.245300639 195.095643231 -0.357761089
149.457416476 195.461190068 -0.359884062
148.686487128 195.823555362 -0.356632068
147.903330393 196.200408795 -0.350983173
147.164935311 196.556041147 -0.349809811
146.393068873 196.926170854 -0.346432890
145.615873580 197.316909094 -0.343944868
144.842078237 197.711220094 -0.336282134
144.099106553 198.084960926 -0.335057709
143.329579505 198.457747876 -0.350652425
142.578205577 198.831090484 -0.354032047
141.813039762 199.211669087 -0.350396058
141.044921998 199.585907271 -0.348512225
140.282828077 199.952258796 -0.358138023
139.526844715 200.312236673 -0.359155676
138.791379175 200.661280493 -0.356747187
138.064959897 201.004429953 -0.366597626
137.351308753 201.335758433 -0.367356084
136.632612390 201.674850074 -0.366042265
135.904285504 202.006886925 -0.359169135
135.177902345 202.320498491 -0.360144706
134.455306363 202.642617544 -0.358417202
133.734313975 202.948420646 -0.343926604
133.015340584 203.247734174 -0.351980065
132.300830525 203.561015386 -0.355523622
131.587116920 203.859574613 -0.363329995
130.875836870 204.173997941 -0.368061602
130.167752292 204.485676615 -0.375056796
129.495472068 204.791138976 -0.373302363
128.844626488 205.081560220 -0.377027447
128.194476062 205.357655588 -0.382746313
127.574733811 205.643063367 -0.388032983
126.964495687 205.915605059 -0.388502087
126.358272253 206.196756070 -0.393599931
125.784431038 206.460430843 -0.396698329
125.202479095 206.729086718 -0.403678163
124.642937811 206.997307190 -0.411130544
124.098946175 207.263152965 -0.414435918
123.578676171 207.511525035 -0.412955768
123.071714183 207.756537423 -0.412018378
122.573635449 208.006505180 -0.408994870
122.108779260 208.233904799 -0.407209324
121.651033578 208.480594710 -0.413223109
121.217966150 208.703568013 -0.421222327
120.796672683 208.922227901 -0.420754724
120.378628374 209.141776098 -0.419557563
119.981595288 209.348691527 -0.418551828
119.604988068 209.549400330 -0.413855318
119.232120558 209.756902867 -0.419543262
118.874755089 209.954791042 -0.423453372
118.533837560 210.153843627 -0.424414302
118.226276760 210.341916521 -0.422837842
117.950611258 210.518851479 -0.422793415
117.659044662 210.704063416 -0.417842584
117.430461911 210.842629526 -0.418301797
117.205242475 210.977357915 -0.418586586
116.999429163 211.109038183 -0.421773603
116.829934836 211.221338569 -0.424713483
116.641567100 211.333699405 -0.423754103
116.476844302 211.421382845 -0.418177102
116.365455013 211.485939626 -0.418205564
116.254950761 211.537026329 -0.413559931
116.189749972 211.553167066 -0.407032193
116.163295516 211.566382814 -0.406638663
116.139756208 211.564627376 -0.400521876
116.112947194 211.575470726 -0.403379171
116.070130223 211.591248508 -0.406139153
116.042197856 211.585499939 -0.406926282
116.014513787 211.583421881 -0.403700673
116.000133055 211.586540224 -0.403269069
115.993356577 211.576439742 -0.412667413
115.998726687 211.554258792 -0.416734665
116.006553827 211.536687997 -0.411236585
116.004310803 211.535086206 -0.413984339
116.001140988 211.536030890 -0.416875861
115.998245536 211.523680222 -0.417816186
115.990606092 211.510486579 -0.420219060
115.969662810 211.499445360 -0.417781184
115.954087215 211.499092780 -0.419484960
115.928409309 211.502763893 -0.421610606
115.902297287 211.507551671 -0.420249838
115.858067691 211.504600252 -0.427122382
115.829420946 211.509288836 -0.433038616
115.804294207 211.506399485 -0.436185271
115.783655598 211.506461467 -0.438772641
115.732937565 211.525528707 -0.443385625
115.672159800 211.521523590 -0.445560936
115.596183357 211.552408399 -0.445062229
115.516619037 211.592017113 -0.437793993
115.416335278 211.634768975 -0.435873174
115.301090322 211.697735075 -0.428900016
115.181167068 211.766174162 -0.431362521
115.014885734 211.856378837 -0.428499128
114.847772522 211.949965303 -0.431764317
114.654289255 212.057884228 -0.433955763
114.468730343 212.191384015 -0.425692837
114.247225881 212.332978714 -0.422933828
114.027307623 212.466109855 -0.420972646
113.824089681 212.648549298 -0.419011896
113.619246466 212.824364960 -0.415914031
113.406617819 213.019697014 -0.416196010
113.196054562 213.202970299 -0.408548127
112.982496230 213.414577165 -0.401510147
112.757930788 213.664387898 -0.392809172
112.525529837 213.886935948 -0.391553355
112.280143437 214.137818406 -0.397572128
112.096509523 214.407604283 -0.409000356
111.928314657 214.688761237 -0.420420460
111.769143796 214.980427047 -0.426789359
111.600841463 215.303978345 -0.434671941
111.446639093 215.642669653 -0.454586859
111.317150180 216.025603130 -0.480817177
111.218156763 216.426933375 -0.496962406
111.143474744 216.865407286 -0.511808113
111.087042471 217.341345493 -0.518339968
111.079055267 217.847395677 -0.520628379
111.103772969 218.378576527 -0.523907005
111.167550213 218.862424630 -0.526360158
111.270068126 219.397069554 -0.536511524
111.392503641 219.930858081 -0.540560425
111.553026462 220.475237503 -0.544692774
111.749960233 221.032374977 -0.545537150
111.969752359 221.621030013 -0.551454980
112.225537052 222.202114701 -0.559634609
112.502197462 222.772198273 -0.569498033
112.782254715 223.330103184 -0.572911108
113.081193059 223.909264421 -0.579476300
113.398096200 224.488187438 -0.588448372
113.733229685 225.086277192 -0.596437118
114.069664509 225.664124151 -0.604258942
114.426649479 226.277346619 -0.614496971
114.794498889 226.897989588 -0.617101183
115.155309924 227.517788135 -0.623868439
115.534479089 228.155454704 -0.625567614
115.918506117 228.812577235 -0.629289322
116.303678818 229.463362853 -0.639325262
116.708555366 230.138894638 -0.650641893
117.118478411 230.813690515 -0.660916707
117.509706391 231.481575099 -0.675022138
117.928351115 232.204283697 -0.687876389
118.355047247 232.955484896 -0.693878173
118.784108692 233.697042761 -0.697261771
119.238612992 234.459947714 -0.691776130
119.689112096 235.214739977 -0.694193809
120.150892109 235.978310374 -0.702152544
120.616555260 236.751825515 -0.722982659
121.081303555 237.551700280 -0.745235410
121.542028353 238.344971986 -0.762676348
122.007585069 239.167106881 -0.764534035
122.479332205 240.025665537 -0.762023836
122.962995362 240.878048592 -0.757944511
123.460379550 241.742062541 -0.756282302
123.949159338 242.600106860 -0.757313576
124.444177930 243.456423654 -0.772554756
124.954208208 244.344689626 -0.789227968
125.471601368 245.256736542 -0.803086732
125.998945782 246.166820803 -0.805617344
126.523481101 247.085094835 -0.808603749
127.046749808 248.011195723 -0.807998621
127.566595797 248.947448318 -0.804122719
128.082011383 249.862882027 -0.812537893
128.603339672 250.781921183 -0.816551888
129.127500084 251.707120884 -0.817097791
129.632966398 252.639566388 -0.805867937
130.138185254 253.577226118 -0.792589512
130.644587238 254.509565437 -0.777150672
131.150653396 255.439543258 -0.766649702
131.645183179 256.380727110 -0.762235896
132.130805913 257.294597734 -0.765257534
132.622996528 258.242840890 -0.778919815
133.130937143 259.178641805 -0.784496850
133.626849287 260.116917121 -0.794430606
134.110628030 261.033815553 -0.797075586
134.592783306 261.947515094 -0.796566871
135.065174405 262.840628117 -0.793796656
135.539036013 263.758087557 -0.788407042
136.031625663 264.676221651 -0.782126296
136.500505930 265.584313871 -0.784713199
136.971143713 266.491731571 -0.788662072
137.450915165 267.408495568 -0.787071419
137.921188791 268.320423279 -0.787115891
138.389370847 269.213503672 -0.799100105
138.862853862 270.122638828 -0.809032121
139.336354993 271.025180747 -0.815049369
139.819234078 271.952500506 -0.811466765
140.303154423 272.880584717 -0.813869224
140.783497649 273.825249482 -0.819956390
141.269175983 274.726666906 -0.812973357
141.750421255 275.643952163 -0.804458215
142.215050943 276.537580942 -0.803242470
142.703981660 277.468245077 -0.803409849
143.193661663 278.380523702 -0.809520845
143.688502440 279.317497519 -0.808127850
144.210407451 280.279614107 -0.806231706
144.715308311 281.222418143 -0.811956340
145.249087093 282.232921289 -0.812634257
145.781282007 283.246369316 -0.807087974
146.306922470 284.236312806 -0.806027469
146.829491980 285.224945841 -0.806296965
147.347556574 286.196264134 -0.797642551
147.866915888 287.171510555 -0.780941230
148.407161730 288.158963240 -0.781534730
148.938269049 289.123153228 -0.781382714
149.471686677 290.123129262 -0.779290122
150.005125383 291.108379486 -0.781780156
150.543396895 292.096109440 -0.784978177
151.066284834 293.043955640 -0.784614117
151.579705194 293.987689342 -0.780434857
152.092593030 294.934987791 -0.782513120
152.599210923 295.878882716 -0.767607005
153.108265934 296.806184681 -0.758911238
153.629699799 297.768707450 -0.758273781
154.132500450 298.697204946 -0.756490948
154.632559632 299.623071239 -0.762566799
155.154583062 300.594598038 -0.763516673
155.652390156 301.528767098 -0.764277369
156.142987345 302.447468832 -0.764133728
156.636496894 303.374080852 -0.762283783
157.124997319 304.281872166 -0.771750296
157.591104554 305.161472060 -0.787322510
158.040131316 306.017061216 -0.794097732
158.478751893 306.883825138 -0.790880057
158.904019356 307.724230157 -0.797238977
159.317442444 308.551854374 -0.795204549
159.727531628 309.363842410 -0.789878370
160.145342851 310.180285094 -0.786659101
160.564916094 311.007232484 -0.784647053
160.976002900 311.819554271 -0.779924858
161.389974179 312.636489083 -0.783731212
161.792876344 313.429535975 -0.790363375
162.176230388 314.194353674 -0.787113710
162.546990277 314.942074692 -0.786371671
162.904549201 315.662725477 -0.789710765
163.272903386 316.381582612 -0.786213623
163.646580971 317.076139623 -0.794568179
164.007637491 317.770760756 -0.793543870
164.347622231 318.437267646 -0.789987363
164.689134965 319.084190322 -0.795659193
165.012838474 319.729142369 -0.803320574
165.333628066 320.336058349 -0.812676698
165.641583130 320.922763725 -0.815218813
165.941186106 321.498485376 -0.821985537
166.233753046 322.045321059 -0.837144591
166.516019149 322.592977866 -0.846016937
166.775771063 323.098538731 -0.843007410
167.032308131 323.605967556 -0.847845959
167.278932102 324.070483357 -0.855900013
167.519607339 324.556976106 -0.855396262
167.740571044 325.019761098 -0.859204616
167.933002830 325.431405507 -0.860992254
168.106738426 325.841363102 -0.857263055
168.278974282 326.252101383 -0.853889592
168.421494906 326.650577154 -0.848096183
168.594010150 327.083485760 -0.841222831
168.753673294 327.509322068 -0.828616073
168.895526708 327.972670055 -0.819813474
168.999224638 328.385130238 -0.805902650
169.088277134 328.797058521 -0.799311077
169.173818595 329.232540278 -0.786540778
169.220461749 329.659096484 -0.780036285
169.262302566 330.146022198 -0.766785314
169.280888672 330.624460783 -0.749000988
169.276648321 331.083782105 -0.727032205
169.247676442 331.548163981 -0.712669204
169.205487939 332.035050778 -0.706837658
169.142690481 332.526813297 -0.702928773
169.067662858 333.021045017 -0.689523075
168.961261810 333.529331195 -0.674562642
168.822576150 334.047515382 -0.667429678
168.657994718 334.568951141 -0.667778180
168.457776289 335.088036997 -0.664038796
168.215489091 335.599537447 -0.655076704
167.922703616 336.093148903 -0.649968867
167.630813013 336.585000302 -0.654099773
167.315272859 337.061395943 -0.649291912
166.932798361 337.520381167 -0.626192988
166.536261748 337.951602705 -0.606742799
166.082772179 338.377187268 -0.589495151
165.623712532 338.803312228 -0.571384278
165.131448732 339.202027126 -0.568725631
164.641269081 339.594542218 -0.556856308
164.149621376 339.943254818 -0.546034845
163.631396799 340.276318978 -0.542670547
163.108921797 340.571887004 -0.540598423
162.566710529 340.886215184 -0.549738758
161.986401651 341.211037703 -0.561969495
161.408216628 341.535207087 -0.568045155
160.806352309 341.857246883 -0.559573587
160.209716609 342.192654941 -0.537464154
159.587612865 342.536642016 -0.518295431
158.979031488 342.853875330 -0.504889828
158.346511056 343.183103802 -0.501316691
157.697348357 343.514135436 -0.496036508
157.038194974 343.863667099 -0.491278407
156.350218754 344.227959291 -0.485669733
155.637232895 344.614044499 -0.478746816
154.899980784 345.009912009 -0.470985787
154.214430759 345.396825035 -0.473513748
153.468438695 345.799850271 -0.475869331
152.718637844 346.217132473 -0.486585825
151.940642420 346.655054979 -0.493202669
151.134121035 347.108828856 -0.490804848
150.361070171 347.543782274 -0.488812850
149.596002861 347.977313524 -0.491629553
148.829653533 348.397975853 -0.492404653
148.071886156 348.831473260 -0.491646027
147.311435492 349.259760538 -0.497358592
146.545108157 349.702439699 -0.505216339
145.776368741 350.139318959 -0.504458355
144.995998858 350.580291155 -0.495168719
144.226375464 351.029681100 -0.488089337
143.454423715 351.479128215 -0.477180350
142.679155777 351.913501282 -0.467577533
141.913408442 352.340227737 -0.460962507
141.153320654 352.770244256 -0.452442424
140.381418326 353.211228722 -0.449602140
139.578755822 353.666603716 -0.446116649
138.783314766 354.122844761 -0.450527545
137.981612377 354.592943950 -0.454523388
137.178203679 355.042346426 -0.457840627
136.355752675 355.513181780 -0.451569247
135.545052943 355.948069145 -0.445558862
134.758064196 356.365198037 -0.447479685
133.974403070 356.781268853 -0.467911803
133.186229784 357.214520131 -0.474352310
132.386477207 357.645539698 -0.472494165
131.567976502 358.065231243 -0.481684189
130.763429924 358.483624861 -0.476070901
129.961399715 358.903275745 -0.483523169
129.161214138 359.314199898 -0.486408169
128.365444535 359.737119844 -0.499751464
127.578919364 360.163976554 -0.496133757
126.780565820 360.594317451 -0.491287125
125.977004161 361.033114414 -0.483963103
125.201602594 361.455193568 -0.480634068
124.429405535 361.880918757 -0.476514371
123.676105199 362.303452580 -0.480618832
122.913141955 362.738340969 -0.475996542
122.154785713 363.170969241 -0.473197378
121.395116159 363.607849983 -0.469822724
120.657479322 364.040761419 -0.463675919
119.924343104 364.487421674 -0.459552018
119.187246225 364.932748679 -0.450316555
118.435838003 365.385866697 -0.446092614
117.703033690 365.835387954 -0.451007468
116.988672330 366.287334586 -0.441883651
116.296599347 366.723881707 -0.435286695
115.622514347 367.147377440 -0.435093273
114.932029222 367.564742095 -0.440810274
114.280792180 367.990306019 -0.440265023
113.656347760 368.389550722 -0.437456110
113.027389158 368.792253790 -0.431950107
112.411662074 369.184028947 -0.429345693
111.820596940 369.567935951 -0.426093182
111.236145579 369.939345931 -0.420076367
110.673166142 370.301697214 -0.401832270
110.137760495 370.636713656 -0.394586042
109.626148519 370.955885032 -0.387818845
109.119672745 371.257400320 -0.387423284
108.598523958 371.565221986 -0.383072225
108.101427293 371.852551600 -0.380132078
107.584631695 372.143737276 -0.376715247
107.099530314 372.407877292 -0.367278905
106.613226130 372.682154520 -0.366014637
106.119562634 372.960337800 -0.361102264
105.606660499 373.229317340 -0.362090199
105.095472285 373.507324767 -0.360747800
104.578176238 373.767575804 -0.354548906
104.058523129 374.022404445 -0.344813267
103.509554814 374.284082108 -0.339660680
102.985017005 374.537627503 -0.330849081
102.460018589 374.787921441 -0.314567963
101.916305971 375.040620742 -0.302286574
101.362725286 375.299043137 -0.290784520
100.800471015 375.553282222 -0.289748904
100.220352504 375.809187647 -0.281321548
99.652284576 376.065581424 -0.274405288
99.067060098 376.321589988 -0.259613256
98.449199883 376.590168476 -0.242058783
97.857674059 376.846056251 -0.224008968
97.232106299 377.110005360 -0.205416347
96.611123898 377.381867365 -0.194623569
95.949189995 377.684264120 -0.199011158
95.295340795 377.955740937 -0.201634113
94.633633026 378.253463120 -0.219129764
93.925398649 378.570408763 -0.242491929
93.207455804 378.908828750 -0.232780396
92.477434078 379.220462233 -0.221234582
91.733504925 379.575581699 -0.215060719
91.019130469 379.909596118 -0.239076778
90.263020385 380.279582708 -0.261114353
89.480521966 380.650639244 -0.284309349
88.710428331 381.022664769 -0.285696212
87.893190418 381.405858105 -0.277313026
87.071869964 381.800957238 -0.282120001
86.265038853 382.190819954 -0.297565396
85.457522895 382.589226775 -0.308896938
84.621848496 383.035206607 -0.319722338
83.764837121 383.486187133 -0.309636224
82.900694671 383.960124469 -0.291057980
82.055687997 384.415621161 -0.279147933
81.241919753 384.861932106 -0.277562021
80.413131952 385.306601155 -0.280145975
79.580201074 385.766843909 -0.282929339
78.738534811 386.228439432 -0.274717296
77.896969797 386.687209256 -0.262574479
77.065899722 387.142883532 -0.261075002
76.227097027 387.586863416 -0.256394621
75.354461790 388.026881184 -0.251224627
74.512629942 388.470161306 -0.256593947
73.635589573 388.928412895 -0.260776154
72.771473838 389.393809379 -0.262393486
71.897212818 389.851891530 -0.254754829
71.033770787 390.302534167 -0.245749392
70.175943043 390.755809443 -0.234428695
69.297556948 391.193223665 -0.223453366
68.413898706 391.639867943 -0.227364328
67.537799610 392.078070391 -0.236444021
66.688942194 392.507650655 -0.235716072
65.826564675 392.942726071 -0.224996781
64.970661341 393.363888803 -0.221366195
64.078726818 393.808896367 -0.209446375
63.212037743 394.243443208 -0.203733855
62.346676439 394.676648844 -0.206668403
61.488236161 395.092266231 -0.218912497
60.631088652 395.509116445 -0.233062183
59.758714764 395.929328061 -0.260659066
58.879402799 396.350040629 -0.268829599
57.988010581 396.778597997 -0.266779946
57.114547187 397.176129221 -0.264797287
56.246724367 397.586766855 -0.267299913
55.385373821 397.990555648 -0.278740312
54.558756288 398.373051333 -0.286187970
53.724740782 398.749592953 -0.291524899
52.881007689 399.142957696 -0.298290184
52.022101330 399.553907708 -0.306133488
51.175064703 399.950847108 -0.312677122
50.325593542 400.339987658 -0.302949204
49.455320568 400.735914846 -0.302439022
48.601247945 401.132555949 -0.297400516
47.772810680 401.506064669 -0.299384039
46.957606120 401.869546968 -0.294001592
46.157272276 402.221743684 -0.300066831
45.372028313 402.561775769 -0.304735019
44.603914193 402.907341840 -0.308394773
43.854858940 403.232407138 -0.306841668
43.083755118 403.564577466 -0.306414223
42.350480143 403.896372559 -0.305228612
41.645432878 404.212779169 -0.297353094
40.942955583 404.525768096 -0.294462700
40.260034957 404.825277183 -0.304333570
39.578227814 405.120803319 -0.299663384
38.900838641 405.424813650 -0.285780899
38.266969452 405.698605191 -0.278265785
37.657441123 405.963177608 -0.279190794
37.043509717 406.217380811 -0.284813894
36.459616631 406.434031047 -0.294408798
35.898184621 406.645271992 -0.293642545
35.320740686 406.864047939 -0.291945875
34.764969906 407.088463332 -0.285594437
34.212783610 407.302203346 -0.281208061
33.664887518 407.496044002 -0.281314637
33.158337978 407.682526065 -0.282392835
32.618359195 407.869774310 -0.281558077
32.079690482 408.041367930 -0.280641284
31.551796658 408.205454454 -0.276712813
31.022060995 408.332270615 -0.279574927
30.514536079 408.446954313 -0.278195229
30.009922036 408.534486596 -0.273366868
29.482989095 408.585025383 -0.278386062
28.938575541 408.573531890 -0.266537239
28.400745879 408.530055591 -0.264560313
27.872967109 408.457029031 -0.264024150
27.372316139 408.385460324 -0.270147766
26.870525487 408.275994124 -0.264939713
26.376594267 408.156391338 -0.263988611
25.900055898 407.991107079 -0.260151990
25.458026023 407.805773140 -0.263595422
25.040547128 407.610394345 -0.263827900
24.612384510 407.374077155 -0.268790508
24.194153382 407.123807391 -0.275518338
23.806896916 406.832620822 -0.287919411
23.419163273 406.522437739 -0.290577150
23.035023194 406.194040383 -0.287222261
22.659970743 405.830714966 -0.287234765
22.262615311 405.427176585 -0.292891756
21.899838973 405.004695190 -0.308163832
21.538908477 404.546070415 -0.319082793
21.217909418 404.064077630 -0.335407798
20.889183334 403.552538671 -0.348681508
20.564843764 403.027511398 -0.357976155
20.241427464 402.483551722 -0.372301387
19.910585004 401.921644945 -0.378518522
19.588327621 401.362949633 -0.390196021
19.259131806 400.789985046 -0.405911398
18.936223562 400.196510811 -0.420249984
18.630595174 399.596299056 -0.413060470
18.319786268 398.980883129 -0.414011367
18.011359364 398.367342172 -0.410989196
17.695954062 397.727881054 -0.405561433
17.375977633 397.031196602 -0.407680501
17.050431284 396.358277902 -0.405879180
16.741695356 395.694511625 -0.410147530
16.412453008 395.003501365 -0.403307068
16.082305945 394.288527506 -0.401702894
15.760207444 393.565463193 -0.403137510
15.437654259 392.832477182 -0.403878574
15.098124289 392.099636563 -0.408210251
14.769270264 391.358725823 -0.410609092
14.420922415 390.589572535 -0.413248773
14.088517749 389.851616494 -0.416067155
13.728273198 389.043060803 -0.413099950
13.357599971 388.238588394 -0.399348853
13.000778120 387.414664303 -0.397668023
12.634029228 386.604915149 -0.397107325
12.263044109 385.777117069 -0.401073330
11.867824299 384.894098897 -0.376230223
11.418812225 383.948025873 -0.379759851
11.040530248 383.099481724 -0.370050573
10.640876354 382.230912477 -0.366670584
10.200437608 381.324878557 -0.376480257
9.792048343 380.481269496 -0.388929388
9.372907542 379.616366121 -0.406649430
8.963603581 378.784536640 -0.417422873
8.552382189 377.939229112 -0.419575513
8.123119226 377.102194225 -0.429168666
7.699790719 376.287758384 -0.435239133
7.302091996 375.477273974 -0.433830025
6.890676863 374.662532976 -0.433312214
6.484395894 373.842989009 -0.435144709
6.073105021 372.994022918 -0.442470799
5.658312666 372.152029706 -0.444138420
5.217726774 371.313350963 -0.449132155
4.774315273 370.457096201 -0.462582768
4.303010482 369.603912760 -0.479382834
3.859289629 368.783154635 -0.477203649
3.413336666 367.955396873 -0.482695951
2.961634540 367.130515745 -0.487471887
2.508894910 366.283211324 -0.491215577
2.068515058 365.451344590 -0.482574551
1.637687947 364.639986201 -0.487878414
1.212989324 363.820110792 -0.501619243
0.775741398 363.007332126 -0.513888447
0.343915315 362.173579458 -0.501564053
-0.089220933 361.330307754 -0.501978671
-0.519028777 360.521867383 -0.493948058
-0.927790205 359.715672082 -0.488472144
-1.347918832 358.890536962 -0.493488947
-1.779142788 358.081561687 -0.493692386
-2.210848772 357.239677125 -0.497648002
-2.638160105 356.395613366 -0.500437184
-3.074839965 355.556010998 -0.515701917
-3.529432061 354.714243195 -0.542233624
-3.992638539 353.876438702 -0.553077966
-4.466755129 353.006215773 -0.566817168
-4.911932624 352.167291126 -0.572832144
-5.360690541 351.344351368 -0.596073518
-5.810904466 350.519757201 -0.610674906
-6.274537056 349.688920559 -0.620429393
-6.722211090 348.872833281 -0.629592810
-7.172459802 348.033427139 -0.629902620
-7.594920014 347.227168785 -0.626682864
-7.994814787 346.423278226 -0.635555358
-8.414825605 345.599529188 -0.633946431
-8.831756248 344.773502450 -0.624468633
-9.255584890 343.962669399 -0.614460058
-9.672079313 343.163085731 -0.606750437
-10.095387443 342.324777086 -0.617844461
-10.524834476 341.475868420 -0.617182542
-10.934384720 340.610704235 -0.616418276
-11.354344865 339.748979192 -0.606630076
-11.801837293 338.848859733 -0.609871955
-12.262508489 337.947057755 -0.624524013
-12.696520948 337.071561446 -0.632403866
-13.139415618 336.220445776 -0.645044613
-13.585502123 335.368899465 -0.640935623
-14.033784373 334.482562282 -0.648609787
-14.497584729 333.617057543 -0.648134548
-14.928750800 332.772939377 -0.649860215
-15.382331604 331.905266672 -0.660168336
-15.817863781 331.062111879 -0.666836455
-16.286859950 330.215748656 -0.663394292
-16.738871870 329.353695803 -0.660624667
-17.188491647 328.471083754 -0.661768250
-17.639019347 327.551292431 -0.663541174
-18.090520229 326.679379551 -0.673492426
-18.529251809 325.796097045 -0.697810639
-18.971589963 324.915649590 -0.712850978
-19.435543830 323.998726894 -0.727577389
-19.866283770 323.109207823 -0.725739986
-20.307832025 322.217922646 -0.742546368
-20.760004140 321.298707789 -0.760070679
-21.231764764 320.373308331 -0.793409382
-21.680683543 319.495941361 -0.808727557
-22.108541102 318.637409085 -0.806378692
-22.559373319 317.758201756 -0.783768980
-22.979415105 316.898167864 -0.747929523
-23.407778157 316.001270629 -0.731009971
-23.845841222 315.103104383 -0.728812724
-24.283055163 314.216721092 -0.736717402
-24.709752805 313.320354390 -0.740088071
-25.181191189 312.387860940 -0.752267716
-25.645537489 311.457915419 -0.765824074
-26.114487202 310.547239277 -0.763026297
-26.551853605 309.687599191 -0.757628508
-27.004200536 308.805253436 -0.740129192
-27.481315710 307.886450184 -0.725134503
-27.933439350 306.999284745 -0.725807772
-28.364704158 306.131562824 -0.735238068
-28.791913203 305.265819359 -0.741151504
-29.226251406 304.435456652 -0.742872827
-29.654905439 303.590690995 -0.738994912
-30.093427789 302.745003647 -0.742317718
-30.542910426 301.914999267 -0.742957653
-30.970545921 301.117643681 -0.723471183
-31.354423560 300.330865733 -0.727700003
-31.782955222 299.535353911 -0.737010289
-32.178338009 298.764023533 -0.717053594
-32.521370287 297.992286480 -0.704753744
-32.881831975 297.250616776 -0.714558066
-33.276911906 296.540847884 -0.728281657
-33.670478921 295.810176900 -0.706561128
-34.025845071 295.080258333 -0.699008917
-34.390092359 294.380604631 -0.692826675
-34.748197277 293.695302598 -0.692139164
-35.150224448 293.023311585 -0.692158669
-35.534063724 292.370610160 -0.691175519
-35.904206114 291.725652339 -0.686123795
-36.255988896 291.126786750 -0.688774114
-36.598263006 290.530051443 -0.685454326
-36.948497601 289.962571867 -0.680961083
-37.273524411 289.411163726 -0.680034540
-37.584304272 288.864037901 -0.671761022
-37.858358760 288.344857946 -0.672242996
-38.143758911 287.835862239 -0.666688730
-38.421677872 287.337259836 -0.662042703
-38.675940455 286.896129971 -0.653265549
-38.910166930 286.494666126 -0.650934653
-39.116422321 286.064591916 -0.651662074
-39.314847779 285.676635816 -0.647535399
-39.521670772 285.268452708 -0.644399774
-39.712167795 284.861978228 -0.641480248
-39.899511098 284.467622693 -0.641226646
-40.051874124 284.102704458 -0.644782587
-40.212549182 283.722843184 -0.648326003
-40.340600941 283.346844293 -0.647514177
-40.440622570 282.981097315 -0.645069624
-40.536425022 282.608282774 -0.649204856
-40.600952683 282.231863273 -0.653971255
-40.653837626 281.841194244 -0.671029830
-40.690686747 281.431312695 -0.680064401
-40.722526555 281.010808054 -0.690238547
-40.712138006 280.591841592 -0.694279745
-40.690439831 280.145360197 -0.701491930
-40.658808883 279.691953239 -0.708960819
-40.597489500 279.226683363 -0.715443896
-40.513877653 278.747529791 -0.720679441
-40.386494374 278.280981892 -0.727024926
-40.232137035 277.765384692 -0.709562606
-40.034114184 277.264639891 -0.736891409
-39.806851019 276.752477307 -0.761905492
-39.551152465 276.251277925 -0.773920394
-39.256423059 275.763092501 -0.785408158
-38.897169869 275.269805730 -0.794580866
-38.532096787 274.819432316 -0.799492430
-38.118645836 274.373054376 -0.813587656
-37.663334625 273.962058172 -0.826494087
-37.192902527 273.548564567 -0.840725882
-36.719853821 273.134311686 -0.845504226
-36.196981680 272.742027015 -0.865916160
-35.685889871 272.367227610 -0.890033034
-35.145405967 271.994613377 -0.913506239
-34.559499112 271.591747557 -0.933640687
-33.977516005 271.182545387 -0.930964649
-33.373164253 270.800412395 -0.936511990
-32.798838178 270.412566800 -0.934579291
-32.120846628 270.007302896 -0.946603931
-31.507379956 269.619173609 -0.955039757
-30.905995990 269.220635053 -0.972363144
-30.250828640 268.809664444 -0.974243636
-29.578696989 268.402665262 -0.972479767
-28.910246546 268.002692761 -0.954545985
-28.243539632 267.595972857 -0.948967007
-27.556632043 267.185370285 -0.951977109
-26.863454999 266.741963634 -0.960079518
-26.188071163 266.317301907 -0.961060211
-25.509409691 265.910917302 -0.957985514
-24.823473867 265.508855006 -0.942053144
-24.147025176 265.108959305 -0.940325840
-23.448151363 264.682438222 -0.937425248
-22.722645250 264.241127959 -0.938966141
-21.987071847 263.803045296 -0.927405808
-21.258304205 263.368756074 -0.921941866
-20.526610917 262.911632864 -0.927427235
-19.793268559 262.481362343 -0.929561102
-19.045245910 262.038856965 -0.918351175
-18.271344138 261.593116772 -0.908632717
-17.486431784 261.175099364 -0.904482450
-16.745414220 260.744422935 -0.899985348
-15.940874122 260.321942254 -0.899527831
-15.177245457 259.896771170 -0.899151459
-14.425310499 259.490060455 -0.895548846
-13.661127626 259.098006870 -0.896127236
-12.901117784 258.701458208 -0.915931516
-12.118610657 258.283299723 -0.910542045
-11.340240864 257.904904403 -0.888248549
-10.596253976 257.522800540 -0.879910326
-9.843522087 257.136756177 -0.881120123
-9.095083907 256.780466978 -0.879818706
-8.339817167 256.375084829 -0.872955056
-7.547239137 255.997359924 -0.864509224
-6.814282586 255.613987221 -0.864499358
-6.073845917 255.222950405 -0.873573502
-5.328583656 254.855529532 -0.870892608
-4.605904298 254.483164165 -0.870927987
-3.874020115 254.110250838 -0.876693278
-3.162245917 253.699628537 -0.865253743
-2.459762368 253.337303682 -0.855962670
-1.761063451 252.980175624 -0.854003258
-1.081340635 252.646674084 -0.854275722
-0.401391005 252.293700780 -0.861112398
0.211759324 251.939907842 -0.859448081
0.856319043 251.570287416 -0.863101568
1.481394113 251.215980561 -0.869875692
2.061047502 250.856976903 -0.867895856
2.656201151 250.545874317 -0.860380808
3.211738927 250.225537483 -0.861880089
3.763080534 249.924834747 -0.871737618
4.264083203 249.574746327 -0.867304237
4.799718660 249.249083577 -0.871971302
5.276010957 248.929136576 -0.870995293
5.806414245 248.631253182 -0.878775756
6.282485379 248.308774243 -0.882212080
6.795458917 247.989907455 -0.887923042
7.288155420 247.688222593 -0.892537565
7.763300284 247.344728154 -0.877548414
8.225793261 247.013785335 -0.863971333
8.720213797 246.698870845 -0.882502194
9.184097390 246.382265480 -0.894893798
9.679279012 246.093888792 -0.908873121
10.123053772 245.780276797 -0.909304803
10.587317754 245.472472473 -0.917471899
11.077854240 245.174158180 -0.935732279
11.540295293 244.907755764 -0.950745062
12.017491920 244.640964175 -0.951130055
12.499805962 244.370905766 -0.942370799
13.005130750 244.126698189 -0.950969341
13.470132713 243.893631759 -0.963384706
13.973421039 243.671453825 -0.959098687
14.496753828 243.530709821 -0.960099877
15.000603052 243.369088092 -0.962191349
15.511602567 243.236766895 -0.958633766
16.006747128 243.177099012 -0.961161765
16.486664335 243.102696124 -0.966699792
16.981617462 243.061765259 -0.975610682
17.437616665 243.024766659 -0.983599535
17.931116828 243.006286939 -0.987634996
18.424917363 243.010314686 -0.997879139
18.917760557 243.059993050 -1.004706245
19.362241658 243.142388228 -1.005402403
19.811980983 243.219641062 -1.002980099
20.285067115 243.320462768 -0.991874502
20.728307117 243.457171579 -0.978892017
21.180242066 243.658308125 -0.981667100
21.618408282 243.887443694 -0.982614167
22.047950710 244.075035980 -0.987136573
22.437645915 244.305962241 -0.989112759
22.862668056 244.592217308 -0.978722841
23.241916722 244.873718990 -0.983693158
23.651058231 245.194238010 -0.985986357
24.036191368 245.532113527 -0.987330146
24.408605646 245.892916841 -0.984286123
24.738527181 246.266420582 -0.983867020
25.065275230 246.622143543 -0.991876911
25.378529953 247.014520631 -1.004962956
25.700348619 247.360712993 -1.014683427
26.045276618 247.722644679 -1.016177852
26.377913388 248.093601807 -1.020632448
26.710597621 248.487140142 -1.037534085
27.025298400 248.859713382 -1.042502254
27.344074729 249.241061835 -1.049094563
27.658200848 249.604503613 -1.054435699
27.980856868 249.958898743 -1.061611519
28.288945206 250.310542164 -1.066473827
28.622253262 250.621621123 -1.070750197
28.971950321 250.935334579 -1.083430178
29.297733148 251.203949421 -1.068302700
29.621027361 251.473118652 -1.062638231
29.951128831 251.708437396 -1.054976380
30.268371538 251.999810617 -1.080340311
30.565603637 252.253549977 -1.111825786
30.914495055 252.472924239 -1.148791476
31.240702113 252.633430339 -1.175161728
31.567658671 252.756561306 -1.177627905
31.887998318 252.844758249 -1.185593771
32.219080172 252.902755850 -1.202969769
32.555868018 252.914280224 -1.216422023
32.874287402 252.936217656 -1.235178791
33.209910176 252.947356265 -1.253010017
33.530867252 252.929175557 -1.277767083
33.892832574 252.908584935 -1.292368370
34.267186823 252.884189962 -1.308053015
34.704184067 252.800115215 -1.302319460
35.139675156 252.684600762 -1.305601600
35.574091840 252.542453282 -1.311000788
36.006489811 252.423273921 -1.320699674
36.458320523 252.277534892 -1.330658905
36.912806666 252.129687725 -1.354694964
37.411253911 251.945894413 -1.366396893
37.898088003 251.759868026 -1.390777966
38.343407701 251.565725844 -1.406558242
38.773601784 251.386771687 -1.406416037
39.230172136 251.165877692 -1.412620760
39.786155271 250.893640908 -1.414192575
40.333451445 250.616839034 -1.412833405
40.901834925 250.316884787 -1.409783543
41.504752574 250.038475506 -1.413367291
42.096044394 249.769938533 -1.428632899
42.669880682 249.498344159 -1.435848819
43.242955118 249.221152174 -1.441496670
43.818039896 248.949208903 -1.450755557
44.461757987 248.641850870 -1.458054317
45.094712855 248.325865834 -1.471849392
45.747358951 248.000884270 -1.483419507
46.404821850 247.664466047 -1.480229635
47.094658544 247.324676803 -1.490198131
47.796834225 246.955832112 -1.478376955
48.484055243 246.574721229 -1.477850472
49.155220906 246.191476530 -1.476351207
49.844784008 245.806124199 -1.472743021
50.508407623 245.419165047 -1.473801788
51.202698297 245.035479282 -1.477072671
51.940943230 244.630961718 -1.465163515
52.656481090 244.256400427 -1.468551781
53.394145236 243.886744026 -1.455883063
54.130817061 243.480376823 -1.458207176
54.884464862 243.085772026 -1.447846541
55.625718494 242.662367639 -1.440245499
56.375052307 242.253884261 -1.440874850
57.151791724 241.835703485 -1.442553065
57.934121409 241.384850766 -1.439786789
58.753355773 240.916822817 -1.430359541
59.523519785 240.468890703 -1.428823728
60.287518470 240.040576244 -1.426518814
61.102117361 239.624806520 -1.430514575
61.908354638 239.191030592 -1.427653205
62.717526075 238.755168497 -1.429932211
63.502537173 238.332120259 -1.430054261
64.310259325 237.897530851 -1.425141063
65.145236905 237.467609515 -1.431499560
65.926542263 237.051324771 -1.423707191
66.747031265 236.632859873 -1.427802601
67.506594762 236.207993387 -1.419277714
68.264598295 235.808715465 -1.416731415
69.015810422 235.403338777 -1.420934090
69.779165318 235.005761256 -1.430389147
70.551773284 234.601472542 -1.429674912
71.283674971 234.199398410 -1.409443499
72.057389357 233.801853930 -1.392541086
72.761455286 233.403744097 -1.381212411
73.481613328 233.032357823 -1.366555036
74.195411123 232.637256695 -1.361376633
74.930329309 232.239999315 -1.350236586
75.663781913 231.841215450 -1.331880888
76.393759332 231.460379456 -1.318761715
77.111652376 231.079168126 -1.311152125
77.843836806 230.709098638 -1.307639379
78.558358333 230.315457591 -1.310022649
79.309129939 229.925741940 -1.314999782
80.082060896 229.529807338 -1.304301825
80.837310991 229.137815583 -1.301484437
81.566947865 228.748138708 -1.289990402
82.276970941 228.381758018 -1.288446006
82.952375191 228.034615983 -1.276586723
83.618747083 227.694430309 -1.274522545
84.273497551 227.367656390 -1.269544342
84.918178124 227.055298155 -1.268225180
85.555665738 226.742706818 -1.265284477
86.192594517 226.433486961 -1.257781169
86.835870275 226.116271345 -1.259214120
87.477837978 225.809533646 -1.250883946
88.091753101 225.514391611 -1.241577426
88.729907754 225.221928947 -1.244235561
89.357009170 224.927831748 -1.246239396
89.967051819 224.637207947 -1.239525501
90.570195838 224.353232335 -1.245317133
91.161275712 224.059380994 -1.245799056
91.761252430 223.784744607 -1.253895156
92.343836568 223.505402663 -1.257404835
92.892984827 223.247901171 -1.263817380
93.400145807 223.016811838 -1.262468959
93.887030197 222.775934040 -1.267875210
94.371721403 222.541899567 -1.265593071
94.856853874 222.312282972 -1.265537699
95.308214446 222.092786882 -1.270855387
95.750512491 221.866990135 -1.273238982
96.180305756 221.648606709 -1.273976502
96.576784216 221.454220226 -1.277698257
96.965098555 221.258985990 -1.287249778
97.348153553 221.049629791 -1.289531963
97.707475744 220.860829782 -1.289504741
98.059835152 220.664792052 -1.288346472
98.376241761 220.486820201 -1.288051740
98.671678754 220.306249109 -1.296197664
98.965738019 220.121611875 -1.293029762
99.286333061 219.888753418 -1.295717292
99.553920106 219.698021898 -1.285873399
99.789658183 219.519784497 -1.272834516
100.031891993 219.358610381 -1.270807074
100.255648762 219.230001370 -1.271534014
100.447007498 219.102584783 -1.276725630
100.620752707 218.982844526 -1.281271530
100.783863312 218.868432079 -1.285299014
100.940711207 218.757197226 -1.286844173
101.093828363 218.623871249 -1.283320597
101.214727542 218.500806744 -1.279626714
101.357130782 218.373313014 -1.271945787
101.473547401 218.241354222 -1.265050983
101.593111347 218.136870990 -1.264650025
101.727661234 218.019175916 -1.270196706
101.850562749 217.913735072 -1.273326349
101.979065073 217.783073379 -1.272236945
102.113899563 217.644278557 -1.279955332
102.275404767 217.482736953 -1.289648556
102.439712820 217.338391973 -1.294402662
102.588743917 217.194187191 -1.294462376
102.745956814 216.999331349 -1.297174131
102.901955937 216.771215885 -1.305691868
103.077814561 216.547134909 -1.305924914
103.254810468 216.304245496 -1.305917013
103.450570210 216.048759655 -1.302406063
103.644286665 215.725956991 -1.311480044
103.836713167 215.362189963 -1.314564804
104.005460208 214.974283654 -1.323334377
104.154982444 214.584196929 -1.338240474
104.274147973 214.168499938 -1.333371335
104.389755886 213.728947085 -1.334280331
104.488089669 213.260417876 -1.323498607
104.555517027 212.763521038 -1.299810225
104.626336718 212.271978390 -1.281337323
104.654526764 211.749371864 -1.257725274
104.640576095 211.201735524 -1.235023415
104.595594287 210.634783858 -1.210618334
104.511365233 210.066062830 -1.174681973
104.402424107 209.461136267 -1.139336451
104.262892882 208.835815681 -1.104752053
104.093325451 208.212480966 -1.076053082
103.899284921 207.565761050 -1.051186237
103.684803376 206.934436234 -1.033276622
103.432749153 206.304581435 -1.010700939
103.171842849 205.654289557 -1.000238448
102.894993589 205.000567458 -0.996865618
102.581319321 204.322991778 -0.991611106
102.254276966 203.643605421 -0.979891765
101.908697913 202.945229821 -0.967269031
101.552430327 202.246549165 -0.961885368
101.181141732 201.532761561 -0.957863220
100.803651667 200.804131742 -0.957030422
100.416557724 200.072893399 -0.946776269
100.017128646 199.311875127 -0.939893310
99.615320993 198.540195345 -0.936060462
99.205169820 197.751898691 -0.931809470
98.782003481 196.944202090 -0.926866255
98.372763526 196.143594144 -0.923218834
97.922904634 195.265905428 -0.910437518
97.479335283 194.389890237 -0.903632340
97.052025468 193.519236998 -0.899764905
96.597250270 192.606742741 -0.892009012
96.186362083 191.705562678 -0.885290820
95.746697704 190.778502487 -0.887122691
95.312190598 189.812790390 -0.875223910
94.873832869 188.837160500 -0.883172782
94.427773942 187.850541352 -0.880996148
93.972982404 186.858692252 -0.876696891
93.495635704 185.847903722 -0.867900713
93.026192704 184.834026981 -0.856640525
92.557457068 183.827401289 -0.849059892
92.097546364 182.823192616 -0.837616302
91.635068681 181.798444038 -0.826896675
91.165257658 180.763674338 -0.821263772
90.712892635 179.739960711 -0.816773903
90.265801563 178.729720410 -0.811050788
89.805074543 177.696828430 -0.808096480
89.342200794 176.679634880 -0.793351720
88.882029993 175.670107543 -0.777483360
88.421869839 174.651491696 -0.760319591
87.955227642 173.628966020 -0.733605687
87.484942580 172.597392810 -0.721410490
86.977394412 171.548641312 -0.704191248
86.466301527 170.505730181 -0.694763134
85.940088749 169.465125919 -0.691837153
85.413548032 168.412472985 -0.688658870
84.875102986 167.369892072 -0.679715264
84.330701784 166.302930384 -0.662686092
83.783112433 165.240652128 -0.654490305
83.245793537 164.197771503 -0.663948213
82.720291581 163.152521910 -0.671234545
82.179136304 162.076293537 -0.678873659
81.640778877 160.999202303 -0.686132072
81.063997547 159.909506859 -0.692267977
80.481196744 158.812291755 -0.690569181
79.899077278 157.725105360 -0.694852242
79.327826187 156.632523354 -0.693435202
78.735941070 155.522492883 -0.689749610
78.140131318 154.426333697 -0.686048439
77.526075332 153.279652868 -0.681899998
76.920803430 152.128841333 -0.692589625
76.321017056 150.983018725 -0.697240619
75.731865278 149.831548189 -0.688535298
75.102424865 148.645594129 -0.682738461
74.509119174 147.470603145 -0.672279796
73.914207919 146.282965293 -0.649490668
73.326512032 145.110711833 -0.650191092
72.746469222 143.946637589 -0.661589266
72.155167011 142.760531398 -0.669651062
71.553066153 141.590106250 -0.674090298
70.961521024 140.411539024 -0.668175247
70.390323119 139.248915939 -0.669786699
69.830260552 138.099582842 -0.656338566
69.255079646 136.941899902 -0.645740648
68.666980834 135.781741841 -0.647730145
68.094088452 134.656896212 -0.655372986
67.483795233 133.481226752 -0.663638998
66.855493038 132.280386419 -0.666768901
66.247422955 131.136367050 -0.668514570
65.664696042 130.012122788 -0.666098205
65.086098339 128.881467420 -0.667107704
64.510019209 127.742350658 -0.664132513
63.941267585 126.620932721 -0.670864728
63.358088399 125.492423499 -0.680547924
62.784370524 124.363142769 -0.683464572
62.214277479 123.238994549 -0.690232604
61.640947422 122.123617586 -0.709521480
61.080676828 120.980632958 -0.730245960
60.520169993 119.858162956 -0.746013545
59.972273153 118.742896406 -0.745920601
59.425674255 117.615813842 -0.751818228
58.882802352 116.483194943 -0.752662859
58.369706033 115.378355442 -0.747410669
57.860929842 114.276217588 -0.754117778
57.368753295 113.178303988 -0.755988318
56.855697748 112.054186290 -0.750289519
56.353180922 110.953474830 -0.735880501
55.863600519 109.889681623 -0.720153687
55.390358120 108.848851097 -0.707909760
54.897834396 107.793323191 -0.688913686
54.437799620 106.786384596 -0.665398061
53.983017165 105.787157272 -0.649263864
53.508238302 104.788118031 -0.636553907
53.054853420 103.817342122 -0.621470941
52.609372593 102.855320502 -0.598107577
52.176820693 101.935447932 -0.575372432
51.737734616 101.011484012 -0.542279967
51.308172062 100.120298436 -0.519037980
50.921817185 99.284237974 -0.489429575
50.516070031 98.427061538 -0.460207068
50.126764870 97.622269160 -0.442324745
49.741554333 96.825515050 -0.421975960
49.349683253 96.053958323 -0.410469480
48.972143676 95.294920473 -0.398900966
48.623242538 94.570968932 -0.377000890
48.263619767 93.852424567 -0.366922352
47.919986059 93.167905248 -0.350599993
47.601253413 92.530232556 -0.340254520
47.275399712 91.870048947 -0.327230078
46.966034201 91.254355215 -0.320782597
46.667257077 90.660812198 -0.307995284
46.387386840 90.053194758 -0.289859806
46.134667028 89.473119519 -0.273987959
45.896501127 88.899059693 -0.263905789
45.686550718 88.347586654 -0.247873475
45.485283763 87.796970426 -0.226236204
45.323891476 87.273115655 -0.204604168
45.195204764 86.743392402 -0.182959893
45.059635942 86.215738271 -0.164795130
44.955062586 85.698023069 -0.145775304
44.877159044 85.180306677 -0.126905716
44.816622717 84.668584981 -0.120663503
44.794932121 84.175113042 -0.115199866
44.790024320 83.709931523 -0.108969194
44.823558661 83.243071390 -0.113398973
44.869122228 82.774985236 -0.107176633
44.938081712 82.307379862 -0.103925573
45.040282338 81.851599083 -0.101130443
45.167453219 81.433433422 -0.096404126
45.343001403 80.924282343 -0.057040178
45.524265677 80.539941600 -0.061196924
45.727968424 80.165515802 -0.069099060
45.965781460 79.760959072 -0.068094028
46.234156438 79.362487672 -0.076223648
46.510713355 79.011454328 -0.080149769
46.806689076 78.668759418 -0.084185505
47.131339010 78.365581306 -0.086545506
47.472090729 78.058809321 -0.105711339
47.843456254 77.745882249 -0.110758591
48.232660064 77.460922390 -0.112632308
48.648837542 77.152475632 -0.102665860
49.047817760 76.879261606 -0.115476471
49.466435171 76.590309040 -0.140558027
49.910269060 76.303355485 -0.159814853
50.379218203 76.008034828 -0.158968291
50.846831580 75.722448453 -0.152619797
51.313340454 75.439926515 -0.157960484
51.820811895 75.126025065 -0.176811541
52.338820999 74.804620017 -0.190586638
52.871984762 74.488021627 -0.200339381
53.399111018 74.168395570 -0.207466614
53.941682780 73.836442563 -0.218183903
54.477093596 73.506385105 -0.228504008
55.034433517 73.171638294 -0.230684632
55.602993137 72.823818051 -0.230026035
56.190113445 72.471872403 -0.238309522
56.784495001 72.099129306 -0.240614565
57.384848337 71.739553877 -0.237885663
58.030726006 71.354826875 -0.241993122
58.709928077 70.951878724 -0.245081590
59.393653415 70.552001516 -0.250714514
60.096788154 70.150929364 -0.262967582
60.822555051 69.753333106 -0.270018129
61.566402783 69.363017050 -0.282752509
62.340012893 68.967448959 -0.294130833
63.116428631 68.579760691 -0.304418364
63.877384109 68.218510641 -0.325869196
64.656436709 67.854213607 -0.327415946
65.420645514 67.491411261 -0.325421874
66.206499239 67.124464466 -0.322020100
66.968205233 66.782366298 -0.316265395
67.755829794 66.428005232 -0.319914617
68.524549580 66.067967759 -0.319319814
69.294277395 65.716332907 -0.318500810
70.033369919 65.363461264 -0.316678563
70.771399335 64.998205644 -0.322686321
71.516667005 64.610168082 -0.319733520
72.253778934 64.215571331 -0.318126379
72.983048670 63.808253920 -0.316778926
73.715311470 63.391718278 -0.327628541
74.446431225 62.958618928 -0.336467047
75.175646273 62.516895958 -0.346782119
75.914691000 62.078386805 -0.356346033
76.654507464 61.621192001 -0.369509696
77.387706193 61.144109845 -0.381225477
78.105156769 60.662325530 -0.391265818
78.823550266 60.169927312 -0.404098403
79.552336399 59.673814019 -0.415651447
80.257907391 59.192630994 -0.426441373
80.992730229 58.693716126 -0.446945956
81.730257851 58.194017466 -0.471193027
82.453114076 57.699778371 -0.486039499
83.197673397 57.192757693 -0.485838179
83.944196563 56.698307808 -0.490093718
84.675654378 56.199863931 -0.482469051
85.393826213 55.730751181 -0.489989732
86.130447404 55.240450152 -0.494231777
86.859448477 54.751450891 -0.501288213
87.582850205 54.255146318 -0.505426060
88.316707673 53.759956048 -0.511110198
89.037593786 53.261486056 -0.505296276
89.751924169 52.758644135 -0.509126099
90.470371584 52.219227061 -0.504004565
91.169634518 51.670178582 -0.495313092
91.850592837 51.111048889 -0.485554294
92.520088324 50.538702631 -0.473835514
93.142848441 49.961318656 -0.474493968
93.747198308 49.368210807 -0.462848339
94.359105962 48.768423312 -0.466330923
94.947672078 48.144432179 -0.461778372
95.529061190 47.500617945 -0.452382703
96.097441171 46.859605047 -0.452724516
96.652847555 46.194160896 -0.454572448
97.192711973 45.523796385 -0.439608078
97.761302402 44.822760565 -0.429267918
98.318117967 44.137469962 -0.436346738
98.864218612 43.455032475 -0.451277588
99.399482218 42.771937918 -0.468734306
99.943357012 42.084631442 -0.480772427
100.494861612 41.392251889 -0.482381360
101.067262523 40.686342045 -0.471329279
101.654358107 39.973888411 -0.474969910
102.242134246 39.235383649 -0.464889765
102.815448030 38.525807632 -0.467152310
103.390094586 37.796427734 -0.470125578
103.949033611 37.057747884 -0.480678103
104.510100624 36.294651364 -0.501802688
105.088637779 35.502634243 -0.511064413
105.650179993 34.693514908 -0.522375681
106.216987352 33.855377136 -0.546688631
106.742320476 33.046552168 -0.562001104
107.260427154 32.229321009 -0.559731601
107.783487646 31.398850738 -0.555554759
108.298887809 30.565756867 -0.548069452
108.817518120 29.727448577 -0.544893407
109.330337900 28.885293636 -0.541295135
109.833424531 28.048524520 -0.536651523
110.344791242 27.218051069 -0.528654703
110.855914471 26.403321478 -0.521730598
111.377103966 25.577024569 -0.521230132
111.902422908 24.746855798 -0.517555555
112.416058323 23.911373473 -0.513500978
112.915262993 23.081036589 -0.503774923
113.412145657 22.250611978 -0.498176732
113.869099589 21.436762632 -0.479674240
114.342301173 20.579323747 -0.472569346
114.793322199 19.731332187 -0.474601692
115.246378606 18.878241545 -0.475818645
115.684358793 18.022836863 -0.477405638
116.107342424 17.156641302 -0.477979971
116.521804263 16.278321596 -0.486424195
116.902186882 15.407629289 -0.484014367
117.268774282 14.535685758 -0.479155034
117.643471429 13.631975123 -0.483978485
117.994804902 12.737212386 -0.485343592
118.319335668 11.858731490 -0.487722962
118.624288699 11.009762467 -0.476781551
118.922115091 10.152446982 -0.469919062
119.208820632 9.320340437 -0.458977300
119.500433327 8.456256632 -0.446371628
119.787727001 7.626646232 -0.440547291
120.066897770 6.790820829 -0.431876614
120.341902234 5.988044050 -0.428385083
120.618345278 5.190404056 -0.430653654
120.886028633 4.435245878 -0.431844576
121.152733075 3.722587683 -0.424645672
121.417814292 3.021617996 -0.426653903
121.669025786 2.364046713 -0.421443936
121.924995471 1.712630617 -0.410050374
122.179430465 1.062550729 -0.407119258
122.417291136 0.450216935 -0.401985682
122.646491544 -0.148741859 -0.400925491
122.889769452 -0.761466395 -0.389225177
123.123673743 -1.376528227 -0.386181600
123.355828680 -1.997668852 -0.374966582
123.605315489 -2.631941838 -0.367348386
123.844105352 -3.259353468 -0.347678576
124.062021979 -3.851424953 -0.347074808
124.283446083 -4.463932298 -0.350431807
124.504245166 -5.065771555 -0.363112167
124.719815775 -5.692408958 -0.363395446
124.947864198 -6.322181759 -0.374226735
125.163816385 -6.985477043 -0.366054164
125.389179407 -7.647431299 -0.376211939
125.605546970 -8.303280960 -0.372325837
125.804308444 -8.994587197 -0.370911297
126.045438924 -9.693149631 -0.357799484
126.287302729 -10.395024185 -0.361943243
126.520074679 -11.072112085 -0.359822519
126.790408883 -11.762968524 -0.370955864
127.075145249 -12.452425733 -0.385123165
127.362846071 -13.155619177 -0.394687896
127.641606025 -13.876007551 -0.405317811
127.944860816 -14.590039477 -0.409643900
128.240841616 -15.303630451 -0.430167550
128.558626883 -16.058193258 -0.443924402
128.875722478 -16.814286672 -0.459425880
129.191662811 -17.571497451 -0.456101818
129.540111096 -18.376013975 -0.431086669
129.884783702 -19.159580155 -0.451245577
130.235345980 -19.952988101 -0.455190471
130.573051011 -20.765593272 -0.463154637
130.929635556 -21.607151575 -0.475428654
131.282752582 -22.452505703 -0.466924561
131.641215945 -23.296147842 -0.458792910
132.012059421 -24.149839779 -0.467101177
132.389057688 -25.036618834 -0.476197773
132.758511374 -25.896845052 -0.495082605
133.124905433 -26.775592618 -0.499072497
133.644484527 -28.043285510 -0.505889793
134.013384481 -28.922580336 -0.514304652
134.391229124 -29.817503558 -0.511804709
134.752561565 -30.696937447 -0.530171255
135.125615880 -31.574763465 -0.543692076
135.510134556 -32.478371694 -0.565823779
135.884375308 -33.374512650 -0.578857090
136.256449175 -34.271564826 -0.597907537
136.629745619 -35.170846829 -0.596450165
137.002485570 -36.047825073 -0.603595997
137.382359894 -36.932842162 -0.632935971
137.743681595 -37.804923503 -0.624115335
138.133614161 -38.687731651 -0.623290487
138.551991265 -39.554341763 -0.619720346
138.935923942 -40.428449296 -0.618264048
139.335979670 -41.334134966 -0.630997902
139.722226373 -42.221048668 -0.637710120
140.109391509 -43.095208259 -0.641317646
140.507540460 -43.969922489 -0.672292459
140.878258283 -44.836190191 -0.698817535
141.237878503 -45.693796561 -0.712851275
141.603553403 -46.557465133 -0.738775406
141.961677346 -47.386844119 -0.736034974
142.332833141 -48.237554832 -0.728469106
142.696161806 -49.092316348 -0.725508090
143.056608267 -49.942422589 -0.718464855
143.423578924 -50.788215352 -0.724489211
143.782882759 -51.624785283 -0.728417793
144.132063667 -52.439544173 -0.731597885
144.483913556 -53.252104647 -0.727889686
144.824214408 -54.049359916 -0.716110155
145.163986755 -54.843032174 -0.706449895
145.499119569 -55.632377123 -0.721627669
145.821558084 -56.404936665 -0.731638256
146.129308219 -57.165584662 -0.734978991
146.412570352 -57.935811772 -0.713037657
146.692742932 -58.682467204 -0.671132439
146.975050171 -59.390449350 -0.660894789
147.246062548 -60.101638514 -0.655840850
147.483892800 -60.779939488 -0.666126228
147.708663953 -61.429372972 -0.655018976
147.940852821 -62.049274471 -0.658300041
148.178136879 -62.645969319 -0.643769848
148.395009071 -63.234734084 -0.631545127
148.611167073 -63.792222948 -0.610220798
148.813911201 -64.353680488 -0.599959347
149.025915258 -64.880734954 -0.583281162
149.257167662 -65.399870569 -0.570995316
149.502244560 -65.900121818 -0.550201511
149.764414057 -66.381307569 -0.542015398
150.042741897 -66.836144368 -0.528381581
150.343864624 -67.290057417 -0.525345723
150.660940885 -67.729471385 -0.514436506
150.996491037 -68.149906657 -0.506245462
151.360007114 -68.560147946 -0.499856733
151.746528252 -68.956831536 -0.494728697
152.143185610 -69.338260850 -0.490611476
152.578179762 -69.715930598 -0.468315379
153.023443850 -70.059553843 -0.459947444
153.489784958 -70.399877559 -0.471750850
153.956729931 -70.728967850 -0.464451740
154.454925546 -71.054071545 -0.459777196
154.992873094 -71.370989236 -0.471426200
155.526089516 -71.690334845 -0.484110633
156.077237684 -72.006136871 -0.493988575
156.625396431 -72.335068838 -0.505041625
157.187135593 -72.664707433 -0.512442435
157.752492693 -72.987566398 -0.529362655
158.305681043 -73.332067052 -0.538963282
158.869885751 -73.687163949 -0.538517719
159.444898612 -74.052747291 -0.555435868
160.015513077 -74.416569638 -0.570344274
160.609689361 -74.808571821 -0.586235099
161.220549842 -75.210257838 -0.609284198
161.824148194 -75.615499396 -0.609625643
162.444181205 -76.024184270 -0.619321153
163.042948877 -76.431602115 -0.611753160
163.653278036 -76.861975471 -0.622660808
164.244598850 -77.277474965 -0.632481499
164.832970100 -77.696585664 -0.629064903
165.450506086 -78.127353132 -0.614321492
166.067806858 -78.543566715 -0.606809550
166.698573289 -78.964040854 -0.608599125
167.296140027 -79.389307570 -0.603145901
167.908766697 -79.833199052 -0.596442295
168.540099471 -80.268243763 -0.583210010
169.253816023 -80.762043003 -0.592338697
169.950421710 -81.271101602 -0.666379384
170.649992078 -81.772803342 -0.706320571
171.321545870 -82.231252194 -0.722206618
171.933557523 -82.647560333 -0.740426840
172.538287394 -83.063173819 -0.752839676
173.166062912 -83.486518129 -0.766509970
173.817010415 -83.936197952 -0.770551937
174.454628448 -84.381648666 -0.766257776
175.067345412 -84.804365975 -0.766846906
175.745010781 -85.262926030 -0.786734770
176.377074434 -85.705696749 -0.789090157
177.045240585 -86.155021660 -0.800172031
177.723055806 -86.609397170 -0.791980312
178.421666833 -87.081879855 -0.798313610
179.111936267 -87.586310688 -0.799134904
179.809908767 -88.089327044 -0.792002012
180.485262261 -88.570048317 -0.778642797
181.166574876 -89.045281965 -0.779732926
181.833339003 -89.524710745 -0.794007150
182.508088664 -90.018737847 -0.795506242
183.180195915 -90.508057814 -0.793174750
183.873135482 -91.020696008 -0.790571356
184.576869402 -91.525302476 -0.784505024
185.275881560 -92.016793266 -0.783564862
185.981162426 -92.524242707 -0.786052972
186.676180255 -93.025379660 -0.797849596
187.375839216 -93.517906554 -0.809522317
188.067281831 -93.996783250 -0.833899186
188.757119708 -94.475870996 -0.826674696
189.435417791 -94.950108429 -0.825709592
190.119861950 -95.434513196 -0.842099595
190.814477499 -95.914013795 -0.872306400
191.524621882 -96.404350144 -0.904361900
192.235311849 -96.888782719 -0.920170735
192.934378226 -97.399563444 -0.928803542
193.626985233 -97.885910291 -0.933766675
194.329561866 -98.385037966 -0.951971152
195.085745604 -98.915144370 -0.998553721
195.803081621 -99.423212910 -1.032351326
196.518875887 -99.936015394 -1.045609591
197.228142078 -100.430178738 -1.053879938
197.944454849 -100.931388238 -1.059221160
198.669744753 -101.429436982 -1.067832635
199.394670146 -101.918300607 -1.088293367
200.111195815 -102.408732218 -1.109907992
200.833255154 -102.900800327 -1.128802625
201.587805302 -103.426958126 -1.145699155
202.358634910 -103.966000363 -1.169767473
203.108646024 -104.488400153 -1.200935898
203.856040191 -105.009557219 -1.200558030
204.654815903 -105.579278405 -1.218046897
205.425640718 -106.136972169 -1.275559056
206.181849050 -106.687313468 -1.291805906
206.925660312 -107.219347823 -1.303313470
207.666151067 -107.731251345 -1.329522408
208.404158768 -108.250671574 -1.376688590
209.138438084 -108.766029569 -1.416800819
209.848388907 -109.292872992 -1.448882694
210.532849204 -109.784898095 -1.474172436
211.249201733 -110.316356626 -1.481363478
211.984786946 -110.852476357 -1.492232090
212.691857998 -111.366093615 -1.496330479
213.389164955 -111.859386172 -1.504485105
214.094028097 -112.367902011 -1.519003570
214.788834088 -112.880249588 -1.528213995
215.515666021 -113.392798311 -1.531204521
216.197141561 -113.886289083 -1.532878858
216.867173233 -114.359054371 -1.533963653
217.536442633 -114.824498341 -1.536344410
218.215123714 -115.297519397 -1.554108314
218.900288116 -115.781999794 -1.550840247
219.581062792 -116.252256909 -1.536705675
220.253082225 -116.733690271 -1.523436583
220.924443059 -117.203836307 -1.522451762
221.574529246 -117.661542246 -1.511909547
222.206319589 -118.108781699 -1.497761291
222.854314020 -118.551550347 -1.484268653
223.474457182 -118.979266084 -1.471377533
224.102009100 -119.415200867 -1.452440378
224.722493661 -119.842392560 -1.442233117
225.300869348 -120.244207626 -1.424061763
225.909241541 -120.657810774 -1.409042774
226.489521940 -121.077438034 -1.397424048
227.088933431 -121.499373779 -1.371340459
227.661899113 -121.908690226 -1.339991133
228.239009483 -122.329361675 -1.296585468
228.811904905 -122.743716654 -1.264172462
229.370801421 -123.139203151 -1.227250341
229.917591244 -123.530838613 -1.188287207
230.429026042 -123.907169940 -1.150543406
230.956979736 -124.311180088 -1.090212611
231.425688148 -124.690958293 -1.037580564
231.897545874 -125.087687818 -0.973926431
232.352407197 -125.475770618 -0.907961674
232.795527194 -125.833392768 -0.866292278
233.222626024 -126.202696568 -0.802254154
233.636119834 -126.570754649 -0.738714628
234.039002470 -126.923824562 -0.679769838
234.416465340 -127.265831950 -0.619193473
234.777278366 -127.605884794 -0.553491688
235.123838086 -127.936239257 -0.474630203
235.433183694 -128.223442782 -0.423501131
235.738874102 -128.517329950 -0.360035808
236.006928718 -128.772530756 -0.317744326
236.278176244 -129.027531489 -0.262600028
236.519839233 -129.254832713 -0.216769482
236.770572857 -129.482684214 -0.166637449
237.003516291 -129.697370501 -0.125036580
237.228027266 -129.884334405 -0.074436681
237.439256683 -130.057403165 -0.038152922
237.634591007 -130.222941593 -0.003300604
237.833920639 -130.385217503 0.040622356
238.041204896 -130.530825750 0.080237914
238.249873102 -130.666485812 0.122086555
238.464595317 -130.802630478 0.166548304
238.676701335 -130.928293246 0.210213559
238.875369299 -131.041430563 0.249632288
239.084712827 -131.140071281 0.304700367
239.305382250 -131.242138736 0.325654838
239.536743585 -131.334830683 0.328425047
239.779985545 -131.437933983 0.275898963
240.032854172 -131.515766240 0.244797336
240.303409906 -131.587391324 0.221990496
240.590253313 -131.650286654 0.209810881
240.861102421 -131.720778710 0.227841649
241.148955878 -131.747620123 0.252352309
241.435103165 -131.744860484 0.283136406
241.740117577 -131.698432384 0.294843459
242.040033165 -131.636742227 0.319501348
242.346503106 -131.577698169 0.345457143
242.655188446 -131.490432700 0.393342959
242.950671305 -131.382978719 0.432701536
243.264175590 -131.224697309 0.477993955
243.580231377 -131.026797451 0.510507264
243.908923465 -130.813673618 0.538299480
244.237301463 -130.584918966 0.568881124
244.572282053 -130.316955274 0.596821296
244.922819145 -130.029246718 0.612623344
245.284268334 -129.712718378 0.620517599
245.652440662 -129.368097610 0.639354174
246.022336515 -128.980270049 0.659010143
246.368332068 -128.552686616 0.702793862
246.726583441 -128.098348554 0.750447842
247.088965530 -127.631102869 0.787103887
247.456318873 -127.137117981 0.803611313
247.835563271 -126.593555916 0.805963113
248.197902057 -126.075539861 0.797905430
248.586414995 -125.543678540 0.769478038
248.985629617 -124.989410603 0.739082460
249.399199740 -124.413075422 0.705284712
249.806917957 -123.781157804 0.651937664
250.216001469 -123.146858850 0.599643932
250.610125084 -122.532445786 0.555871278
251.032573796 -121.906506478 0.481536990
251.462208820 -121.269557508 0.408833261
251.900404111 -120.606954165 0.336345025
252.359795269 -119.918412489 0.266334309
252.816521727 -119.234493727 0.207936872
253.298296029 -118.498657800 0.144278774
253.802851358 -117.751818168 0.078986518
254.304864022 -117.003682648 0.010416951
254.807498795 -116.216616875 -0.049151798
255.306767187 -115.432958729 -0.102358338
255.817538367 -114.648348364 -0.148690076
256.340000150 -113.852331828 -0.191624533
256.822130840 -113.075083145 -0.223274419
257.336674119 -112.262605827 -0.263256644
257.842783700 -111.458033434 -0.307474885
258.360797019 -110.604217734 -0.343995861
258.861257573 -109.772860885 -0.376711354
259.388818773 -108.925859726 -0.421714536
259.926627641 -108.076159454 -0.453679388
260.460053443 -107.230043914 -0.489291376
260.980126784 -106.386330215 -0.520586093
261.496676996 -105.553256255 -0.562372820
261.985530574 -104.731596520 -0.611869177
262.511693090 -103.886987133 -0.666658240
262.993616029 -103.049066730 -0.681832970
263.505021311 -102.220533516 -0.709553525
264.021919380 -101.388141559 -0.743355068
264.536761674 -100.552213453 -0.768067064
265.040687046 -99.738354009 -0.779312654
265.583491555 -98.902961836 -0.782887233
266.108378874 -98.065039543 -0.788903816
266.628031715 -97.233769091 -0.807885769
267.173764996 -96.368892577 -0.823469052
267.729234543 -95.493586912 -0.833962669
268.267393188 -94.603386437 -0.866230494
268.822951934 -93.727191669 -0.879283768
269.379623323 -92.828989182 -0.888207223
269.895085697 -91.971334690 -0.879667575
270.425471383 -91.102802370 -0.874404189
270.968727595 -90.237699586 -0.883390043
271.510032119 -89.356414844 -0.873328574
272.036306007 -88.459851627 -0.857553675
272.555203341 -87.657622318 -0.853541865
273.055941916 -86.801893307 -0.839566693
273.563214113 -85.933542325 -0.814986269
274.067257284 -85.085087208 -0.801714051
274.554389314 -84.257969446 -0.815192813
275.068478281 -83.426360670 -0.823071482
275.571347899 -82.603717983 -0.830648392
276.092135115 -81.798281309 -0.824973155
276.635779724 -80.935032473 -0.846319234
277.182900668 -80.075880044 -0.860924218
277.726118598 -79.231787843 -0.884478646
278.271836451 -78.400224146 -0.886600937
278.831145110 -77.560686971 -0.876962252
279.368238686 -76.736406137 -0.866444597
279.935835927 -75.875726263 -0.859501680
280.467656141 -75.028690701 -0.827469460
281.014465339 -74.199420913 -0.801835478
281.556652889 -73.367802032 -0.795180742
282.093969316 -72.570635707 -0.777806921
282.631244776 -71.761343785 -0.767626764
283.170808397 -70.919696930 -0.777545105
283.705807258 -70.073899301 -0.778506894
284.237346932 -69.254147035 -0.800126467
284.770907521 -68.477554132 -0.780018857
285.289245832 -67.651983547 -0.747643968
285.839190156 -66.846230112 -0.747035650
286.419476166 -66.003073899 -0.770981508
286.975622578 -65.179011453 -0.804535763
287.549549875 -64.332784524 -0.831351331
288.112873363 -63.487684518 -0.854533799
288.679482897 -62.666821908 -0.877099913
289.239015607 -61.833000662 -0.896402436
289.797751610 -61.015445525 -0.896606161
290.362308814 -60.177334767 -0.919574561
290.923410094 -59.352588183 -0.967285937
291.451625306 -58.576506497 -1.003112996
292.007584655 -57.765289100 -1.063082016
292.565982250 -56.964096613 -1.122852643
293.126993562 -56.150022346 -1.183701512
293.652246538 -55.380815461 -1.244949569
294.168848495 -54.620568774 -1.298126029
294.697195011 -53.838799242 -1.359661893
295.237363755 -53.070912702 -1.430033769
295.751698690 -52.318538687 -1.511495886
296.272052296 -51.532750987 -1.600714475
296.790392325 -50.771256328 -1.712674336
297.290762079 -50.036397180 -1.819972788
297.816839667 -49.291437964 -1.929631317
298.377900155 -48.529345509 -2.040605261
298.895018008 -47.826564592 -2.148691718
299.416774074 -47.107018242 -2.252614737
299.940553084 -46.388601869 -2.345676870
300.453084883 -45.697316870 -2.450432784
300.996773077 -44.991716296 -2.554428634
301.590507864 -44.259709115 -2.656850195
302.145657079 -43.581388206 -2.756882563
302.710591570 -42.881547044 -2.853938504
303.182371034 -42.232390856 -2.973513327
303.725882132 -41.590171804 -3.047226783
304.214987715 -40.990308501 -3.116931924
304.700372528 -40.490059500 -3.157793026
305.253887300 -39.893043835 -3.220884408
305.818284696 -39.281139689 -3.275715329
306.317855103 -38.735756555 -3.334048216
306.812298857 -38.179459608 -3.410064430
307.328896960 -37.620383945 -3.480930020
307.843894637 -37.079635840 -3.551611062
308.326095747 -36.566664130 -3.620761615
308.821837573 -36.053294899 -3.699396619
309.293727599 -35.540300215 -3.779703111
309.775759828 -35.046367676 -3.860553631
310.206583168 -34.587132295 -3.940686933
310.626249958 -34.144851469 -4.015605516
311.046301921 -33.710274572 -4.086539266
311.460421559 -33.295228181 -4.160664236
311.886060929 -32.878743361 -4.234815740
312.291193786 -32.467044108 -4.305468928
312.657113017 -32.094467853 -4.398560517
313.012052135 -31.730796998 -4.488969970
313.370547805 -31.376598976 -4.545248406
313.720362646 -31.025010185 -4.600550120
314.120110345 -30.628000545 -4.654007372
314.512955860 -30.259411494 -4.715127664
314.920802871 -29.891733404 -4.784662241
315.342341375 -29.542986873 -4.802674483
315.756623291 -29.186728874 -4.801221786
316.168566515 -28.837688181 -4.807965639
316.555369067 -28.495724356 -4.804559234
316.949018131 -28.159894275 -4.781583089
317.356968799 -27.821075692 -4.695647030
317.745021650 -27.495438870 -4.608879871
318.138110141 -27.169917245 -4.534747259
318.508158885 -26.819113442 -4.441915504
318.856974722 -26.461853513 -4.332848216
319.138842628 -26.079908947 -4.223592863
319.414563908 -25.700059154 -4.094419516
319.664837816 -25.315606910 -3.939100835
319.925775240 -24.939839734 -3.751300307
320.085151991 -24.516718455 -3.620729175
320.220203851 -24.134378546 -3.386418502
320.336427885 -23.766903987 -3.115649251
320.401115657 -23.361653361 -2.810176475
320.383591083 -22.947718375 -2.509517515
320.302086825 -22.434892720 -2.304059848
320.205591698 -21.961662868 -2.020689523
320.031349097 -21.484462482 -1.768942573
319.826794528 -20.985851388 -1.545026490
319.552776650 -20.452431101 -1.352631471
319.266446861 -19.892841046 -1.197140228
318.939576377 -19.346777223 -1.061370145
318.550118048 -18.760265129 -0.881200858
318.165105995 -18.229297550 -0.705987880
317.739939071 -17.687463753 -0.535694059
317.303257043 -17.123018661 -0.384446420
316.860157771 -16.548244085 -0.239277648
316.416816256 -15.953115003 -0.114099376
315.969681650 -15.333846761 -0.007780683
315.509216243 -14.705575017 0.105384593
315.050917224 -14.071678028 0.206128016
314.581094132 -13.402100094 0.299316680
314.115153259 -12.720156999 0.384672536
313.666156527 -12.051250399 0.446104979
313.180656602 -11.325801341 0.527795485
312.734689537 -10.641877447 0.596467293
312.253844180 -9.912070964 0.667190227
311.781898942 -9.180152594 0.748551380
311.302882797 -8.436868296 0.809400826
310.856221658 -7.700874891 0.871343206
310.374875897 -6.915489320 0.913436141
309.880300321 -6.109127285 0.961151340
309.411077578 -5.317036724 0.993775873
308.929976449 -4.509691003 1.020380537
308.443343949 -3.717899874 1.014507944
307.976513567 -2.902747354 1.017569241
307.522764302 -2.077777102 1.024128586
307.028436235 -1.192104976 1.022466131
306.538431157 -0.355329708 1.023857943
306.065471176 0.470035829 1.031835843
305.594731449 1.314457075 1.031071587
305.141559736 2.161696215 1.032325007
304.701049481 3.002285225 1.035479622
304.261113289 3.814108467 1.049088591
303.804863743 4.647863719 1.076656425
303.357557231 5.485423271 1.111223347
302.932845094 6.324496784 1.143725911
302.491188196 7.159417290 1.185738055
302.064779305 7.996597970 1.242802695
301.633776996 8.852487773 1.298372458
301.200346504 9.710631750 1.363128129
300.764433514 10.568391391 1.422346682
300.321417302 11.441585070 1.462678707
299.876297493 12.322643087 1.479292117
299.449236482 13.184423246 1.497138266
299.017188797 14.058968432 1.544609124
298.570946786 14.933313418 1.565733411
298.144605462 15.800678088 1.556331504
297.724388153 16.673462219 1.552252107
297.254147035 17.518570979 1.559935344
296.812364553 18.404412992 1.526388843
296.365202799 19.278716949 1.496161610
295.924279569 20.117496163 1.471533846
295.494008135 20.970020158 1.443812198
295.053743909 21.857192705 1.392379955
294.630645707 22.744790280 1.308161908
294.203630140 23.637436835 1.233360006
293.783417295 24.523433838 1.160791626
293.343680487 25.417997630 1.091187386
292.916598764 26.277659367 1.037802426
292.485381078 27.164133216 0.936632188
292.077947594 28.038431647 0.829807911
291.688248643 28.922037204 0.742517993
291.300581458 29.786707599 0.640330928
290.918560013 30.663501697 0.521464609
290.535045031 31.518576755 0.423036834
290.151946671 32.389434582 0.314840784
289.773269362 33.247100672 0.213350414
289.388064852 34.081927604 0.130569664
289.022689095 34.942264519 0.044381284
288.647998064 35.781060315 -0.031045298
288.261716134 36.646800396 -0.131061320
287.868221643 37.485218462 -0.217445140
287.487515109 38.331237305 -0.292976585
287.132559447 39.155734179 -0.378589854
286.770803281 39.989783036 -0.458771694
286.411777737 40.796277154 -0.530110233
286.047029697 41.628475206 -0.605072704
285.702677612 42.438001940 -0.687929185
285.348910862 43.272090992 -0.790932884
284.994715202 44.096218084 -0.873537035
284.665319668 44.886203753 -0.975001812
284.332162946 45.674789023 -1.059714455
284.000842398 46.458311477 -1.143447920
283.682578625 47.213875320 -1.238801473
283.376845973 47.962283428 -1.307129358
283.065918613 48.695153916 -1.381545089
282.761569284 49.401572830 -1.475220221
282.468421839 50.092626906 -1.559352568
282.191970204 50.770794244 -1.641223222
281.916776647 51.435292473 -1.716677727
281.646395040 52.084572711 -1.792686858
281.391714876 52.748255903 -1.871850818
281.143708216 53.392822872 -1.949358331
280.890760097 54.031188293 -2.025173504
280.661880597 54.627462724 -2.103369887
280.432645050 55.254626519 -2.188108497
280.214195337 55.847906786 -2.257138743
279.999193310 56.379299780 -2.308673194
279.802696117 56.907993207 -2.379661580
279.621786625 57.430609906 -2.436696173
279.461692313 57.910813056 -2.501473299
279.291010294 58.373597416 -2.560212068
279.114366490 58.852374319 -2.611460695
278.965691390 59.257944805 -2.667085768
278.820899209 59.653336723 -2.704979096
278.687422608 60.044224855 -2.735553729
278.563366736 60.398903992 -2.781266142
278.441441410 60.737590242 -2.811555283
278.327083911 61.071559977 -2.843672433
278.208455849 61.408272968 -2.885025115
278.135343082 61.636723424 -2.911062221
278.081152824 61.852363336 -2.932619023
278.020392357 62.038288496 -2.946677110
277.959380167 62.230070615 -2.953834763
277.898997112 62.434566374 -2.961196238
277.833693669 62.639367524 -2.963959314
277.784708081 62.822928364 -2.956195256
277.721376269 63.015906370 -2.957441770
277.640095461 63.218834063 -2.952201742
277.577947192 63.398784321 -2.956165382
277.542731190 63.549059655 -2.962007211
277.493002110 63.742190625 -2.972487216
277.425244636 63.936001013 -2.968032239
277.371283014 64.131006651 -2.957830037
277.303423947 64.322606684 -2.945431694
277.217100306 64.549689256 -2.938161784
277.124251727 64.773440880 -2.931646993
277.007053667 65.033895110 -2.927733481
276.862537737 65.321852892 -2.927719939
276.724338004 65.621800879 -2.923825181
276.581820836 65.953418310 -2.909735045
276.407136125 66.289498773 -2.879948593
276.226133480 66.658040293 -2.851215203
276.046703220 67.046045410 -2.847123047
275.810679211 67.423610933 -2.834892596
275.585883651 67.832211654 -2.829434213
275.387534558 68.261989076 -2.821854761
275.198533184 68.710739294 -2.799184107
274.948881434 69.154386802 -2.777850852
274.681728312 69.609431576 -2.748700540
274.462895539 70.080573235 -2.730549890
274.216395554 70.574873933 -2.701587945
273.987266721 71.086254125 -2.670054409
273.746030208 71.627422874 -2.646298095
273.505831914 72.163107759 -2.630284735
273.261400317 72.708383641 -2.610676591
272.997234948 73.293128344 -2.606721396
272.734630795 73.864824668 -2.598901321
272.469813494 74.457238076 -2.591613824
272.224033090 75.058439545 -2.562056193
271.961576329 75.693056305 -2.566194183
271.704944844 76.354711346 -2.561889987
271.431122113 77.018745918 -2.545900539
271.154434457 77.656696724 -2.548698488
270.865959216 78.326159679 -2.541959375
270.585267272 79.021338635 -2.538230279
270.306153532 79.727052292 -2.529035065
270.017309239 80.391372715 -2.535440319
269.718659936 81.082327853 -2.540842424
269.406472962 81.784561836 -2.549786993
269.087725398 82.470289618 -2.554506986
268.733726497 83.207805016 -2.579631317
268.398910067 83.907705302 -2.598558479
268.046603344 84.657237955 -2.624179588
267.685541535 85.388890822 -2.646272780
267.320517739 86.115620042 -2.669284509
266.957288725 86.838300317 -2.681667952
266.582458565 87.547583172 -2.705912691
266.178225802 88.287576336 -2.752384258
265.777344194 89.009441629 -2.809104157
265.382460657 89.718582322 -2.847978311
264.982657010 90.442435283 -2.890031677
264.571181414 91.161252747 -2.926965330
264.148840272 91.842036263 -2.961714649
263.716967268 92.530006264 -3.029294947
263.304974670 93.195814750 -3.080652958
262.919124781 93.842566654 -3.110329370
262.471496915 94.494292729 -3.163176199
262.010453130 95.185397563 -3.240611611
261.572321994 95.839080408 -3.330557991
261.117392040 96.480963032 -3.404310200
260.671815664 97.094028349 -3.450763856
260.224151577 97.681779058 -3.528852295
259.773128476 98.274789893 -3.600744730
259.328859644 98.841122022 -3.678272559
258.896209943 99.386327614 -3.764476130
258.486527833 99.918382301 -3.837977123
258.063394090 100.449585913 -3.902275055
257.645161989 100.963157722 -3.970798573
257.248156961 101.457016961 -4.037251130
256.865941020 101.896939429 -4.093661867
256.475397133 102.331818819 -4.154303573
256.101438006 102.745987030 -4.209780036
255.720439457 103.203132132 -4.281290669
255.338037428 103.635277126 -4.348640427
254.973672984 104.062303955 -4.413716919
254.621620587 104.484216696 -4.464356164
254.295729378 104.882546687 -4.491092413
253.954853767 105.307802460 -4.527366448
253.612025316 105.733538943 -4.537854604
253.268775389 106.126661747 -4.540244086
252.910305128 106.517787452 -4.534448674
252.557243669 106.886533568 -4.517895307
252.179312778 107.271027786 -4.482203963
251.798627160 107.665663577 -4.429785897
251.408211134 108.069738466 -4.357691528
251.035785545 108.475103329 -4.277456875
250.650953827 108.888206446 -4.188195624
250.260177473 109.327357672 -4.066123069
249.878820402 109.741479029 -3.952101192
249.455621643 110.184428997 -3.817399570
249.023195259 110.614731791 -3.667949374
248.597315132 111.032683647 -3.517562006
248.132467316 111.470895233 -3.376460758
247.637439961 111.936474668 -3.245437938
247.136577085 112.401737480 -3.082009475
246.621327650 112.864627544 -2.930189634
246.077898127 113.329483642 -2.791673097
245.521616859 113.803595304 -2.656482092
244.939097320 114.301570519 -2.493294696
244.348341096 114.782636289 -2.348044715
243.762097731 115.259315127 -2.194250723
243.149659175 115.725796848 -2.047278519
242.530485839 116.205103763 -1.890711300
241.872883654 116.689953790 -1.730693777
241.179626864 117.194437703 -1.599630800
240.490566280 117.713710187 -1.457109151
239.752373551 118.240091453 -1.312061413
239.010320777 118.771916734 -1.171182562
238.272661857 119.285823429 -1.027384509
237.508521798 119.802222810 -0.889061187
236.726651749 120.303924315 -0.759690795
235.936900638 120.813608126 -0.651402227
235.172370614 121.328913875 -0.546068846
234.360272563 121.841536295 -0.454547695
233.565884952 122.375824761 -0.351619241
232.752962989 122.922269413 -0.248472720
231.904210546 123.469224633 -0.147150077
231.035793228 124.015555894 -0.060822308
230.177248764 124.523744132 0.044122342
229.289879455 125.038018320 0.139483890
228.387286931 125.556273834 0.222133376
227.500695453 126.072574825 0.307338346
226.590519891 126.601520028 0.403060660
225.681674849 127.131567199 0.500195500
224.804822483 127.634099808 0.575461228
223.906326095 128.162699315 0.653022830
223.009448142 128.672356498 0.720529705
222.136344978 129.152313154 0.786724582
221.239473851 129.651006011 0.847827722
220.370045985 130.141125802 0.925001052
219.497535922 130.652535604 0.979883726
218.598719789 131.152816158 1.061421354
217.697078029 131.640496777 1.124718263
216.837970539 132.093818193 1.191067700
215.977523395 132.544541335 1.240276201
215.093662586 133.004393576 1.297915959
214.228677974 133.471598414 1.347608884
213.349828333 133.935609605 1.403732505
212.470785185 134.423845596 1.461541151
211.586806337 134.892694962 1.532219787
210.711023978 135.360385281 1.596780092
209.821594320 135.799721720 1.659672976
208.977017295 136.237736990 1.715201442
208.112426014 136.679433997 1.765600525
207.248912640 137.116164887 1.841472737
206.375069486 137.556276525 1.897387612
205.501377054 138.004952190 1.962302473
204.640386293 138.423524271 2.029108790
203.764550330 138.848364115 2.096782678
202.930010288 139.253788569 2.163731801
202.088979857 139.661792235 2.239507351
201.240658838 140.079425030 2.304762368
200.404974946 140.469270017 2.385377091
199.611532133 140.839291661 2.452719498
198.835133783 141.213071971 2.518771545
198.042294730 141.582162410 2.596802712
197.272698830 141.947497578 2.677186594
196.511347586 142.322866382 2.744679970
195.781247662 142.677812906 2.817450471
195.052375947 143.027656692 2.895263807
194.379344786 143.360701803 2.948542163
193.708612881 143.660679008 3.018732518
193.068528193 143.962044424 3.080925977
192.433000396 144.257979351 3.143431189
191.819170571 144.556906235 3.191057562
191.201118467 144.841663996 3.228386765
190.616123470 145.129668067 3.252150611
190.036046173 145.411891428 3.282827262
189.296761305 145.746880753 3.401032597
188.742401251 146.041557555 3.412575968
188.202448495 146.325938057 3.415744517
187.676980235 146.622662886 3.401314611
187.137740266 146.930917563 3.377030490
186.550342948 147.286362831 3.340157781
185.969502452 147.656116961 3.294814636
185.421360778 148.030822332 3.229703533
184.891305356 148.412556855 3.178682475
184.383514035 148.823342502 3.118717742
183.888597276 149.255168147 3.046199458
183.409890525 149.712235652 2.966185063
182.966700040 150.182759107 2.879840320
182.564538164 150.687916562 2.775969247
182.178493380 151.214409567 2.660117621
181.838522799 151.774344175 2.525193207
181.555562781 152.296590706 2.410649158
181.296496111 152.857420638 2.287549580
181.063886712 153.407417063 2.165320271
180.867338412 153.986773372 2.025609199
180.727374846 154.591474995 1.903206448
180.620548939 155.230212082 1.788597687
180.542636458 155.901351097 1.672436995
180.484717721 156.563970847 1.568904283
180.477589613 157.227590646 1.463790028
180.491604437 157.886541010 1.379945186
180.559149152 158.591377361 1.294524879
180.640103026 159.289279583 1.198928737
180.789658771 160.017703909 1.124968825
180.955042064 160.712111260 1.036289160
181.150145268 161.393185548 0.944220532
181.363189285 162.081114629 0.870863937
181.593280944 162.771313820 0.798858813
181.842781586 163.486035696 0.717236695
182.097601057 164.198144806 0.635045706
182.375674880 164.883378788 0.549073246
182.656018775 165.589385099 0.461277105
182.935398163 166.291491316 0.389620481
183.226132393 167.005257957 0.315683429
183.517494095 167.693853858 0.255317973
183.824451870 168.449917767 0.196639741
184.128295172 169.203644465 0.138378783
184.449360298 169.925696872 0.091008772
184.731689490 170.627225800 0.049272584
185.023664537 171.347361234 0.003618078
185.358262196 172.100743711 -0.018140233
185.672333726 172.854008117 -0.035277969
186.004147748 173.613417033 -0.038164063
186.344683162 174.418787326 -0.045236920
186.677525129 175.207794470 -0.046327678
187.008384548 176.024888672 -0.056173106
187.345180204 176.806680275 -0.073339354
187.660496892 177.609667269 -0.083846676
188.011975597 178.432965898 -0.103256758
188.360949302 179.252493882 -0.120936385
188.712243183 180.100073220 -0.131536492
189.066097227 180.949946673 -0.129753021
189.433554723 181.814527089 -0.113218114
189.813720859 182.704678837 -0.097786191
190.207438072 183.608865886 -0.101558003
190.605116353 184.521167073 -0.095033901
190.995980459 185.406602861 -0.097643251
191.404664915 186.322801366 -0.096207120
191.801492084 187.221606702 -0.106379176
192.215980648 188.172478159 -0.111788354
192.640732268 189.124853755 -0.094491565
193.074130510 190.086834762 -0.067625275
193.506602011 191.069329618 -0.051943186
193.919234868 192.026021404 -0.057800143
194.348770682 192.988431753 -0.055358334
194.787375606 193.955273488 -0.047148287
195.231130552 194.927435414 -0.028313542
195.671387771 195.918495233 -0.007488838
196.108019645 196.911577030 0.009997731
196.556048282 197.911583991 0.021922954
196.985302442 198.887155100 0.029890878
197.433237609 199.878022877 0.033576787
197.882409552 200.866671071 0.039582632
198.333982761 201.857319310 0.045340450
198.775219237 202.813931975 0.057172124
199.231361363 203.785175167 0.072625799
199.669226306 204.728826277 0.082639051
200.118861205 205.702331548 0.096954609
200.568464862 206.670299791 0.112241515
201.006898791 207.653058110 0.130865463
201.444438253 208.619016006 0.144922079
201.892257698 209.602367502 0.150272028
202.319647621 210.555839494 0.150755472
202.758272656 211.493501600 0.160748740
203.194337658 212.393282205 0.171682305
203.636336179 213.322139208 0.184461577
204.081392633 214.246330063 0.191578004
204.543134367 215.213872199 0.196452457
204.998881182 216.166772864 0.203033197
205.455559437 217.124040324 0.211833447
205.909192771 218.068578245 0.215395411
206.360066255 219.008107374 0.231956169
206.807568997 219.922401544 0.237092473
207.254081015 220.864338372 0.243029954
207.717899993 221.784646151 0.239176631
208.156005339 222.669464491 0.234973318
208.583706560 223.548444294 0.236389984
209.000514217 224.461848651 0.240805857
209.453303146 225.357940247 0.243091936
209.893681388 226.284596427 0.254237604
210.340118732 227.233986758 0.246815006
210.769587598 228.159519191 0.234012647
211.209522439 229.107269436 0.225914920
211.657299948 230.069987409 0.215902642
212.083722106 230.990163254 0.204691552
212.506496616 231.906495114 0.196898542
212.925269539 232.814106109 0.202576902
213.327273281 233.711420257 0.193710967
213.753656616 234.642236111 0.183383085
214.165272642 235.562668609 0.188222949
214.566293024 236.482990833 0.196805791
214.965556526 237.388593476 0.207317020
215.349997023 238.291588581 0.206435080
215.737221526 239.201995401 0.198987212
216.108027130 240.110445639 0.200202115
216.477772461 241.026750180 0.211810975
216.849139466 241.934297676 0.192776431
217.233167261 242.844133610 0.193411409
217.620986515 243.761025535 0.181436062
218.011717098 244.653955191 0.183018137
218.416964942 245.575900852 0.174148973
218.826315761 246.493595573 0.180609333
219.253986890 247.410251281 0.176750497
219.672709339 248.357536759 0.175859405
220.125045590 249.313238840 0.158435790
220.552941380 250.229904700 0.135669752
220.987404514 251.156648871 0.109593422
221.446627577 252.108280562 0.082361443
221.895092646 253.020874286 0.054260278
222.352199946 253.965645226 0.056819546
222.799711701 254.847642473 0.059824733
223.243109156 255.709752834 0.062589017
223.706873842 256.638069256 0.058136489
224.185335054 257.575768737 0.062573886
224.661940718 258.509998041 0.063244028
225.135125030 259.435533733 0.056491501
225.607313162 260.340397916 0.047739107
226.071761522 261.198368067 0.058373129
226.541468382 262.085898393 0.053822463
227.009551529 262.952168870 0.043306042
227.453913819 263.797144174 0.028239811
227.920105577 264.674545169 0.023809961
228.376770980 265.528904638 0.023418437
228.836890049 266.391536632 0.024703149
229.292849383 267.235061972 0.027463019
229.758420896 268.120858454 0.019092631
230.217701587 268.991682602 0.002175583
230.679455185 269.859351923 0.002698494
231.128365264 270.700071026 -0.010972153
231.578375465 271.523107742 -0.029820264
232.031281513 272.369104751 -0.043842691
232.452875325 273.162894810 -0.047963569
232.887012544 273.973911076 -0.056924495
233.311311208 274.765373399 -0.070356232
233.723316702 275.553054279 -0.074573278
234.147505638 276.318774368 -0.078765307
234.562786583 277.066114852 -0.098418478
234.973832994 277.804674490 -0.109297886
235.389799723 278.529431248 -0.118435760
235.815103930 279.258285190 -0.111067457
236.227677247 279.931565447 -0.116854185
236.620361768 280.601586334 -0.116423454
237.002747037 281.244936432 -0.128565629
237.371876376 281.847809509 -0.147561521
237.740532490 282.476142927 -0.164470071
238.104225544 283.068831174 -0.174349211
238.463425797 283.653401653 -0.176257884
238.823179626 284.245533990 -0.182906993
239.184188719 284.842458301 -0.196664956
239.544208789 285.430368981 -0.205237491
239.894304835 286.004114045 -0.190870182
240.253582189 286.588544195 -0.184197950
240.586068579 287.153688455 -0.182147011
240.909719749 287.726445011 -0.186935561
241.229683153 288.307099957 -0.191993342
241.550139999 288.895016217 -0.197637537
241.845369200 289.461618598 -0.191260339
242.128278378 290.049070244 -0.187635584
242.398599725 290.662426102 -0.175428402
242.703058762 291.290179081 -0.177770758
242.986668601 291.914818394 -0.174615516
243.274317040 292.574814944 -0.174582718
243.536081748 293.236948511 -0.170345383
243.819628621 293.928125569 -0.171348753
244.102387025 294.643949051 -0.172645625
244.390482306 295.359073530 -0.151376013
244.698350184 296.101434498 -0.135203055
245.014992094 296.836501661 -0.141049847
245.350429863 297.570606212 -0.146899019
245.689557880 298.332901331 -0.143986119
246.022307822 299.136972905 -0.150755352
246.390347895 299.937520783 -0.145087224
246.758520700 300.710782025 -0.131875536
247.173447666 301.521885284 -0.128200335
247.605931765 302.320938565 -0.136764233
248.047066490 303.146674695 -0.145529298
248.497874382 303.976551577 -0.147404475
248.957911328 304.810536897 -0.133239658
249.428466729 305.665974647 -0.110309894
249.914624017 306.514258017 -0.094434402
250.393438206 307.353999739 -0.080468415
250.887665193 308.209982158 -0.073515866
251.386158898 309.076828058 -0.072213254
251.902222253 309.958898080 -0.072835787
252.421442380 310.853463173 -0.069936261
252.941047479 311.749553149 -0.070350267
253.467148057 312.665393109 -0.074686566
253.998224071 313.609895554 -0.097606433
254.499631598 314.508661801 -0.094738744
255.032535256 315.459867611 -0.100172999
255.547770186 316.386737255 -0.096116077
256.048813219 317.313685383 -0.094221014
256.573497356 318.265942327 -0.075580185
257.069914075 319.209381648 -0.052762183
257.559305879 320.144106958 -0.047490457
258.052909160 321.097659329 -0.043297161
258.559206477 322.067374938 -0.043786962
259.054611636 323.033873279 -0.049202474
259.541982299 323.987859865 -0.054566391
260.022640254 324.918647892 -0.049352450
260.486388170 325.855409250 -0.050880312
260.967134468 326.780426414 -0.054685530
261.443876179 327.727309339 -0.052388529
261.942658407 328.674389268 -0.046292330
262.408643229 329.600311607 -0.042630364
262.864616526 330.516570226 -0.045993510
263.344975851 331.435358855 -0.058151273
263.807433119 332.341070317 -0.055759156
264.275687693 333.231477535 -0.057449866
264.760923959 334.154782356 -0.061330485
265.247187071 335.041919519 -0.049475507
265.713994044 335.906823478 -0.032472588
266.183625424 336.788647926 -0.011305580
266.634556609 337.633329053 0.003546640
267.087685589 338.467273281 0.033207367
267.524253873 339.297466645 0.037660755
267.960870522 340.125469257 0.040247298
268.377673310 340.952888142 0.042802581
268.798718962 341.744344482 0.046635201
269.200648313 342.553887461 0.053847585
269.620542037 343.350618986 0.053575333
270.027472542 344.151351007 0.054595811
270.419839286 344.938025210 0.048094217
270.798393561 345.724236366 0.038394644
271.166053062 346.502360818 0.038877181
271.533603310 347.286340409 0.027172816
271.889602520 348.044188633 0.019191832
272.227376344 348.808717516 0.008990339
272.549719509 349.516049270 -0.001730521
272.875826461 350.209435319 -0.005522165
273.173268714 350.887050447 0.000299892
273.460830090 351.527460565 0.005360224
273.733537598 352.175423757 0.013780373
273.985425729 352.795289608 0.029043595
274.220121437 353.364895414 0.028770357
274.434842651 353.933012303 0.031476860
274.633290979 354.470056664 0.033395582
274.825951973 354.975153079 0.045022715
275.026668377 355.451506714 0.050711256
275.222489031 355.927184043 0.054055799
275.421139479 356.384912291 0.060921827
275.639337493 356.824594683 0.064210913
275.869379908 357.238812890 0.062805715
276.119633551 357.635573366 0.074149114
276.404397717 358.022180129 0.084889425
276.688566282 358.390692099 0.083197800
276.996879528 358.722645323 0.077929438
277.320799927 359.056604729 0.082205699
277.662558651 359.367336910 0.083557809
278.033311470 359.655839146 0.086154861
278.405430983 359.900504814 0.092079983
278.786742357 360.158896034 0.100827217
279.186236115 360.380717402 0.110217757
279.550301189 360.509243164 0.113104573
279.934265949 360.633025839 0.134326887
280.335580100 360.747777568 0.132774221
280.741004453 360.859852878 0.143715169
281.164693439 360.928871524 0.138357021
281.541112036 360.953244790 0.157900215
281.913958182 360.934510032 0.110716110
282.347970333 360.948781588 0.083751057
282.793325691 360.911673445 0.068292590
283.251765532 360.823524510 0.071794266
283.715791718 360.710342237 0.077907654
284.186513140 360.577492958 0.078279321
284.682666970 360.421313741 0.052911073
285.170513347 360.248760252 0.039735823
285.662962339 360.014804140 0.046944692
286.138047670 359.821630129 0.061452722
286.653927619 359.566187447 0.054931970
287.184000145 359.298493402 0.047853560
287.719279113 359.034509327 0.037639213
288.270701280 358.757510041 0.034138970
288.815532549 358.463983918 0.033618791
289.374538527 358.176452494 0.032805352
289.949120417 357.880633732 0.026604797
290.554363486 357.585847783 0.015945706
291.146398886 357.278740275 0.007776075
291.766182925 356.973040983 0.012530728
292.381069931 356.658876837 0.002371160
293.007094803 356.351282215 -0.004562819
293.671607788 356.035692183 -0.015128463
294.341662028 355.704532902 -0.022173152
295.031408456 355.377051481 -0.017977494
295.734912854 355.028791562 -0.020989245
296.443917213 354.681885717 -0.031533649
297.181359353 354.316992644 -0.048108230
297.944441393 353.941470728 -0.062038345
298.710369464 353.563704558 -0.071192394
299.484082318 353.176718472 -0.076736444
300.280240061 352.776703444 -0.090467171
301.048135602 352.392187710 -0.106646011
301.826867540 351.991110644 -0.103532716
302.622741608 351.604192089 -0.104573350
303.408983415 351.224208916 -0.098456267
304.233842336 350.817487922 -0.088918304
305.046401704 350.402845401 -0.089092902
305.855034746 349.990014409 -0.096468623
306.684015457 349.561487625 -0.106249824
307.535837294 349.113490502 -0.121861084
308.370543686 348.668044427 -0.126160148
309.228865965 348.231786178 -0.141781030
310.070872312 347.803425400 -0.152639206
310.923730722 347.360715716 -0.162563582
311.795497369 346.918925576 -0.168954543
312.772481348 346.425546620 -0.155122627
313.677444861 345.975116233 -0.134016550
314.509241616 345.541065956 -0.119492211
315.305679955 345.122052880 -0.101293327
316.146701714 344.677606724 -0.067232327
316.988347971 344.238206247 -0.054958177
317.823814211 343.794105311 -0.057453331
318.663424474 343.348937996 -0.042034843
319.516168909 342.894792731 -0.026981267
320.403290887 342.484427675 -0.041027562
321.261910622 342.037582353 -0.049428374
322.130865862 341.579926412 -0.050272960
323.019350954 341.122105922 -0.054139856
323.901748081 340.656349966 -0.048211070
324.802985132 340.195270202 -0.057145012
325.668303461 339.751965548 -0.068914109
326.505260636 339.312662710 -0.078061448
327.357143125 338.867680519 -0.086597093
328.184054459 338.439754635 -0.077333376
329.033779016 338.002559322 -0.076561652
329.865687924 337.567311001 -0.066716612
330.726793134 337.131266242 -0.033410972
331.543829817 336.702484847 -0.025656603
332.349421803 336.279071818 -0.023248203
333.176147446 335.846406023 -0.030074582
333.991451945 335.421437368 -0.029874331
334.803747072 335.005655688 -0.037861819
335.605097945 334.595449961 -0.020206518
336.407446387 334.183532012 0.002469353
337.207364921 333.787866732 0.020160337
338.014963562 333.377158899 0.040535545
338.823570645 332.965466659 0.053904719
339.641609440 332.547331361 0.062360579
340.445558074 332.137465010 0.075956626
341.274804985 331.732756292 0.085253752
342.079144955 331.347753737 0.097317050
342.881771377 330.974167557 0.101911084
343.704848648 330.619414364 0.101194037
344.538847256 330.254389036 0.099924369
345.357747575 329.899748347 0.105569867
346.211773980 329.559859775 0.104232658
347.061020724 329.222110612 0.105986690
347.893538850 328.908685596 0.102850989
348.738368144 328.604423992 0.097751782
349.539615281 328.323088568 0.088204529
350.381344217 328.024224305 0.090913958
351.195181430 327.748625955 0.103926077
352.037317295 327.475243921 0.114478832
352.842918880 327.215115043 0.128907577
353.645581688 326.961614632 0.121998736
354.447782122 326.705332827 0.118837854
355.248171740 326.473950668 0.118830211
356.054592291 326.244810744 0.141576896
356.856747259 326.033031962 0.161352016
357.675142024 325.824505360 0.166687545
358.469082445 325.622579566 0.164242431
359.292829841 325.427716478 0.163301182
360.117961221 325.246781453 0.167212533
360.941149293 325.073171484 0.168221486
361.778149108 324.896969237 0.163229730
362.655642496 324.732555678 0.162216095
363.487369808 324.576635972 0.161235345
364.289409590 324.439943061 0.160504202
365.125805035 324.295624376 0.144140608
365.935663011 324.159726153 0.139475486
366.767587190 324.040500108 0.143530694
367.581432777 323.931325262 0.147014044
368.411342224 323.816594789 0.155537211
369.188339620 323.717886099 0.167009906
369.981038230 323.618372305 0.165379654
370.780990919 323.519101036 0.175015268
371.604443290 323.426308435 0.186066765
372.412800514 323.346754213 0.210338181
373.212179526 323.276116095 0.225343715
374.002129604 323.215441408 0.240545139
374.779343570 323.155124916 0.254893470
375.574254696 323.106235768 0.270383621
376.342264975 323.067348546 0.290177496
377.101956861 323.033409495 0.307099914
377.872922666 323.012206140 0.321340466
378.635803860 322.980742692 0.336604869
379.395786677 322.953610519 0.352231446
380.187286678 322.940611788 0.365122373
380.960286253 322.932490456 0.389334960
381.750886145 322.923520816 0.415078861
382.515373005 322.932645086 0.435781469
383.275935699 322.940852227 0.441973081
383.999807346 322.960662269 0.443127629
384.724553844 322.989398534 0.446214889
385.437240858 323.020299172 0.450024929
386.140694222 323.064595250 0.458194308
386.837269802 323.107867426 0.466057421
387.517021779 323.153901097 0.475417606
388.165886175 323.195750884 0.482615783
388.784673953 323.252713227 0.487265190
389.381034258 323.292094776 0.488522486
389.960965174 323.336559348 0.496458132
390.518271082 323.373484851 0.499507547
391.059919809 323.414745246 0.503826618
391.581031746 323.441652331 0.514973619
392.082963659 323.459190141 0.526290546
392.560002984 323.465298567 0.538145618
393.000045829 323.471812293 0.545982739
393.430753462 323.465348870 0.555264079
393.854551001 323.457329115 0.552776362
394.244696653 323.440513081 0.558598728
394.645983078 323.419918741 0.556451540
395.029284139 323.390320004 0.558311588
395.444252262 323.342443767 0.552684586
395.834316927 323.293301578 0.549873877
396.234055803 323.227426254 0.539999242
396.624930692 323.148785441 0.539505359
397.007672261 323.044885803 0.552413153
397.393684029 322.941044480 0.563589335
397.762779153 322.820064890 0.575776892
398.128867839 322.701337373 0.578645582
398.494886084 322.548264658 0.568129217
398.875610269 322.379850818 0.563359368
399.239155640 322.180403994 0.559043776
399.597378253 321.963343044 0.554708542
399.977181817 321.731174088 0.563451731
400.360169584 321.481105978 0.573540719
400.744499372 321.211825110 0.582692000
401.115379729 320.897429765 0.586830306
401.497987731 320.555298822 0.581722422
401.848307554 320.197186530 0.582789033
402.192784387 319.821725358 0.582088668
402.524478392 319.396446394 0.576294541
402.843681346 318.910771700 0.559427980
403.155514473 318.412578645 0.548152982
403.457608986 317.870362990 0.530363482
403.732772649 317.276065529 0.519062193
403.992707616 316.637779395 0.510566966
404.215579602 315.967451960 0.497848903
404.429575480 315.262852618 0.484752218
404.612393003 314.581462865 0.475739001
404.762797141 313.883299219 0.466905281
404.923005069 313.144381320 0.456181187
405.076039445 312.366144265 0.446416810
405.211649690 311.579544652 0.439432689
405.340188896 310.785013284 0.432682584
405.486945145 309.960560915 0.418527396
405.631937470 309.085932476 0.407302345
405.769945858 308.200009332 0.394062962
405.907350792 307.325119325 0.375992069
406.037507112 306.420302369 0.363243289
406.184343407 305.496062193 0.349184465
406.325339409 304.532206589 0.348765413
406.464920306 303.573655854 0.347173572
406.617421059 302.625341261 0.330537368
406.756454824 301.653386443 0.326611742
406.872108727 300.668223157 0.319507780
407.009591589 299.683772617 0.311613252
407.162232672 298.703014140 0.308151493
407.297736433 297.739904601 0.300563843
407.439569308 296.745622643 0.298821905
407.574887758 295.736304922 0.294765549
407.713458531 294.770851955 0.297353927
407.823060509 293.798101088 0.289795420
407.897525516 292.820303071 0.275034670
407.992394542 291.853762274 0.269432440
408.094627671 290.843895794 0.261503357
408.189582104 289.877593453 0.248162346
408.288620409 288.881149276 0.241113321
408.396136387 287.885124246 0.228965748
408.511885695 286.895851051 0.224738164
408.616819329 285.870494453 0.216851222
408.725024299 284.874252250 0.207738439
408.829364917 283.871273150 0.192614102
408.927451168 282.847242489 0.181879849
409.035610009 281.859799355 0.175141277
409.132247748 280.902194396 0.174934800
409.242770150 279.981100331 0.170710055
409.357225884 279.035248783 0.174691672
409.461471404 278.077313850 0.180790568
409.574847978 277.140711052 0.182512785
409.676438103 276.258562133 0.183208878
409.775004090 275.286707117 0.182049077
409.890524610 274.300243497 0.193844402
409.989326364 273.361431049 0.196020131
410.082643747 272.407509835 0.185901027
410.198106914 271.468422251 0.172659911
410.310676408 270.495230487 0.159004824
410.430041603 269.494194160 0.141649689
410.549402271 268.507720681 0.126311161
410.679713013 267.511366508 0.119517433
410.811562126 266.525114344 0.110676530
410.950153081 265.502488081 0.097596368
411.088594173 264.500382009 0.093364006
411.238255322 263.463454319 0.095011585
411.393242871 262.415536610 0.086992655
411.560148039 261.372506141 0.069637498
411.713695722 260.316534672 0.063825633
411.868575798 259.275653713 0.069830665
412.017256118 258.222342053 0.072492996
412.154744911 257.213539266 0.079516265
412.306616960 256.181076854 0.078894737
412.441796802 255.100202252 0.080264777
412.594678934 254.050191630 0.075263607
412.753198456 253.041563862 0.066819201
412.911506385 251.996718116 0.063158147
413.074527920 250.948495167 0.054796559
413.239105596 249.930375563 0.050823411
413.397635534 248.910481359 0.043314909
413.559828375 247.840932380 0.038292487
413.728041187 246.816439500 0.036583254
413.921574524 245.769201330 0.032179074
414.084121768 244.748208362 0.034346957
414.263550103 243.745067384 0.037833468
414.433087730 242.724259171 0.038048925
414.608012303 241.737021280 0.039717176
414.774767904 240.764509784 0.042300055
414.939852571 239.793937859 0.045095567
415.095746411 238.852971669 0.042145715
415.249234806 237.939255236 0.042376488
415.385457351 237.053059624 0.053245935
415.524075379 236.194937304 0.046898468
415.660624482 235.362277734 0.052438909
415.791306645 234.539700786 0.047274387
415.918319135 233.756968300 0.047948472
416.015688828 232.981929727 0.049330279
416.111242866 232.238928446 0.057123605
416.180242535 231.526634228 0.062923274
416.247821557 230.827138743 0.066901767
416.298798422 230.111207407 0.071502017
416.328913858 229.438234528 0.073321600
416.350054983 228.815728184 0.081402429
416.342037529 228.171048336 0.085051934
416.313528480 227.508192679 0.088969077
416.253677201 226.867905890 0.095513144
416.169945549 226.218384156 0.104106724
416.049897122 225.598766371 0.106513702
415.896770075 224.987354525 0.113556902
415.716095314 224.406072560 0.116439564
415.500515932 223.854703150 0.111888726
415.245075184 223.331308920 0.112531522
414.948665483 222.840398299 0.107184158
414.636060061 222.376934598 0.110339256
414.300048220 221.943975854 0.104020467
413.928337819 221.553744956 0.108350359
413.528975140 221.220697909 0.109099602
413.103567971 220.901867077 0.109091332
412.647535015 220.575532471 0.109745663
412.156873564 220.310464041 0.114350845
411.668428795 220.075641197 0.112699361
411.168897402 219.849571561 0.110293235
410.637895074 219.634951615 0.104471033
410.102134736 219.469257571 0.092983533
409.527346037 219.300182805 0.084479792
408.975849353 219.183385123 0.073223287
408.383848772 219.057091916 0.059977294
407.769120773 218.972437341 0.038101175
407.148295883 218.895982250 0.017714255
406.488024236 218.832716851 -0.001440109
405.814826927 218.794318084 -0.022529052
405.137303455 218.820895544 -0.043293004
404.456623468 218.850649944 -0.052494708
403.734955363 218.913099996 -0.068951675
403.032462147 218.993151834 -0.077875995
402.317251474 219.095629097 -0.083980760
401.579161223 219.227638522 -0.102947966
400.821608708 219.381239816 -0.102000901
400.025363995 219.568331966 -0.105941337
399.229071624 219.749253121 -0.110089098
398.423904688 219.959809838 -0.117755835
397.600060220 220.170111102 -0.132500425
396.757256017 220.418025518 -0.144752850
395.909257721 220.676300915 -0.155347063
395.050173940 220.958387004 -0.170278146
394.203726168 221.263495653 -0.181348431
393.369800836 221.570047622 -0.188951523
392.531623746 221.900585162 -0.199701543
391.679236961 222.233541511 -0.205498093
390.782456850 222.586823036 -0.210086003
389.880468171 222.950779436 -0.210077053
388.988594199 223.306293579 -0.201671664
388.030339485 223.708029613 -0.203208165
387.134764399 224.078925907 -0.192407804
386.208496713 224.473317496 -0.186116755
385.267780071 224.871877332 -0.182481210
384.320002593 225.282609479 -0.174803151
383.377763450 225.683807257 -0.158172106
382.432100285 226.089579633 -0.147165936
381.465852294 226.513691389 -0.138869663
380.505024618 226.931578654 -0.123531732
379.552709182 227.333257097 -0.117415463
378.598128479 227.750037414 -0.107410296
377.620327512 228.184801253 -0.087358989
376.635569767 228.636445799 -0.075788337
375.664024312 229.079280719 -0.067019947
374.683161754 229.536323143 -0.055020332
373.677467741 230.012886802 -0.043447517
372.680597450 230.492008633 -0.034332825
371.652301982 230.972834175 -0.022972688
370.624089716 231.462908034 -0.013276185
369.623567996 231.936492666 0.001703380
368.622994774 232.425123561 0.005441012
367.597090548 232.927197445 0.017392218
366.601684892 233.427182658 0.027844481
365.610003614 233.926982182 0.035078553
364.617717130 234.415135689 0.045184850
363.610042355 234.931684711 0.053470012
362.567699630 235.460646504 0.058789060
361.532452500 235.989958291 0.065956436
360.493357217 236.523965804 0.063906230
359.467008821 237.048544778 0.069896459
358.418034651 237.571202886 0.080516944
357.422268616 238.066180613 0.077950102
356.444211244 238.560492018 0.084808292
355.441036532 239.069215230 0.082415224
354.503672176 239.560634625 0.090070701
353.570906566 240.040183113 0.091814101
352.658267149 240.524765908 0.094202940
351.715017562 241.003247555 0.089799498
350.761742335 241.480486879 0.085670296
349.806966373 241.964390433 0.073592442
348.858621688 242.434920632 0.062988828
347.935857178 242.912507761 0.053649047
346.971025304 243.404126372 0.056666709
346.043893101 243.869981001 0.061058201
345.119371523 244.347155882 0.060467533
344.218716769 244.803549703 0.060278977
343.268246155 245.308685303 0.055837757
342.349758872 245.792073577 0.057723708
341.403606381 246.291600194 0.045566937
340.480266468 246.777663339 0.052225487
339.525217741 247.283392265 0.064974948
338.601661614 247.772844878 0.077807146
337.721710277 248.240908344 0.075287065
336.819784375 248.726498733 0.071576565
335.968386359 249.174404420 0.072094185
335.132205381 249.633264494 0.068306819
334.355983616 250.063028020 0.069869847
333.606855174 250.480089689 0.077589090
332.872759821 250.903645714 0.083948621
332.131921466 251.314237280 0.089826973
331.427471091 251.713335154 0.089007180
330.725102643 252.106073738 0.092207662
330.022250540 252.492650041 0.098151012
329.344480347 252.862570716 0.101856664
328.699725255 253.214078109 0.102670218
328.053695538 253.542071941 0.101528567
327.425417066 253.864834413 0.094123197
326.803427129 254.163691528 0.095399759
326.184559321 254.452310834 0.097247110
325.593526709 254.721410536 0.095940149
325.022861905 254.967702723 0.092593326
324.480684531 255.197787907 0.090462451
323.941494498 255.390924399 0.089306168
323.433631218 255.551775038 0.086768604
322.904368040 255.686770921 0.083456015
322.397696130 255.798251112 0.078894512
321.895595796 255.890217260 0.078166723
321.390695308 255.953196310 0.078998064
320.897322056 255.984488386 0.080799137
320.429376083 255.968517543 0.085610958
319.972158516 255.908996739 0.084505853
319.523558420 255.820962677 0.076900121
319.080566520 255.700666936 0.075893781
318.654502943 255.539181003 0.080068901
318.230206827 255.338256306 0.075563300
317.814634344 255.100418555 0.073026055
317.426542289 254.845095349 0.075716504
317.027707737 254.548501260 0.076743675
316.624401379 254.214169112 0.067555607
316.230264953 253.845179691 0.058977498
315.864830267 253.449015649 0.044807573
315.491305413 253.034837526 0.034326403
315.123748160 252.586544334 0.024122113
314.773965253 252.139088561 0.024161537
314.423830775 251.673900039 0.027410865
314.073659120 251.198161510 0.031493172
313.735026663 250.696987108 0.021867118
313.388761090 250.176943729 0.010078740
313.042158305 249.641176760 -0.000606655
312.687871414 249.092930334 -0.000844683
312.336373155 248.534557443 -0.002694938
311.966492555 247.938555210 -0.007740157
311.600670995 247.342826982 -0.013869730
311.225252910 246.726011423 -0.028837841
310.841446775 246.107368415 -0.033657101
310.443228740 245.451995710 -0.033460511
310.051283628 244.787938066 -0.035052828
309.648390208 244.087704361 -0.039541717
309.248957302 243.382115525 -0.038402988
308.845623690 242.673093087 -0.042625845
308.443088775 241.956554009 -0.036759952
308.032601373 241.222757872 -0.032686159
307.619006292 240.481037348 -0.021494552
307.189474470 239.707429576 -0.010973789
306.756716471 238.918972790 0.006820465
306.316682843 238.114426375 0.012023474
305.887204918 237.314137824 0.021260124
305.452574445 236.468053022 0.026776567
305.019004148 235.618579083 0.026949470
304.570580046 234.740212274 0.030027421
304.111064711 233.865458381 0.017483517
303.642851781 232.955844932 0.005812580
303.181033872 232.041507879 -0.000367559
302.687279655 231.093832065 -0.003826533
302.210237828 230.156359462 -0.004928974
301.720046913 229.196105727 -0.020837702
301.241681537 228.237815779 -0.029149566
300.731171091 227.241860614 -0.030905795
300.234018679 226.262375461 -0.042233922
299.744818559 225.300850870 -0.048765002
299.247311200 224.333577851 -0.028453542
298.772560020 223.393065372 -0.017079057
298.310177264 222.449531960 -0.004058703
297.832779375 221.492020701 0.000644611
297.374234929 220.544819987 0.010055723
296.885667477 219.574825674 0.012567226
296.391898170 218.612923491 0.020231873
295.891616132 217.651577003 0.032656642
295.401045142 216.696365962 0.048124733
294.906987472 215.727910465 0.045795588
294.434716889 214.789208732 0.044640208
293.969065489 213.875317506 0.044667435
293.499673206 212.940291003 0.038581630
293.020302625 211.993823609 0.050452048
292.534673119 211.043474429 0.055986074
292.073147153 210.109472722 0.054650800
291.585189123 209.142003982 0.052806460
291.087405036 208.135386669 0.053556781
290.578794546 207.117655489 0.049774126
290.040434759 206.076317175 0.053986859
289.503121794 205.057030655 0.050662341
288.972896460 204.035884053 0.038097090
288.442876566 203.013786356 0.023220959
287.906938623 201.992426155 0.021107180
287.382499228 200.990633874 0.022262842
286.847329587 199.976358447 0.030884169
286.335820877 198.982561413 0.026182072
285.811639962 197.972808782 0.031094205
285.291874198 196.953353042 0.040803313
284.768959157 195.928433423 0.045631771
284.223745008 194.872597903 0.056487100
283.695396878 193.844434469 0.057742399
283.157601831 192.822601000 0.056232723
282.622123553 191.806591298 0.049014654
282.098023446 190.808331457 0.036454623
281.587251789 189.854134865 0.033178668
281.084229011 188.912031349 0.029722916
280.548331999 187.915439603 0.029106529
280.015367988 186.922929147 0.026621553
279.497476695 185.939335249 0.032505555
278.985143164 184.965082212 0.045428481
278.426597847 183.925247642 0.056365941
277.873976013 182.897547671 0.061354227
277.316243904 181.857789348 0.063087099
276.788641700 180.856095624 0.051596402
276.272420233 179.855722921 0.051614722
275.730770712 178.808494906 0.055266052
275.200717283 177.774871073 0.071969663
274.678121398 176.752828160 0.090656896
274.128633836 175.690656850 0.096798385
273.579858056 174.631551607 0.094702698
273.025693470 173.565149493 0.084356167
272.480599437 172.501408604 0.078479791
271.927742504 171.429591801 0.076956986
271.404695008 170.390703512 0.073869132
270.883108338 169.365899945 0.077071442
270.367278371 168.337437470 0.086009719
269.838313580 167.313903470 0.103269653
269.311101661 166.269879867 0.118475210
268.782284703 165.219013380 0.124164433
268.266375210 164.199101703 0.128668686
267.745635669 163.171408405 0.118596962
267.225137247 162.160646716 0.105862530
266.708819698 161.168583860 0.109427598
266.205840581 160.193788766 0.106584981
265.701256000 159.211533550 0.123807052
265.173099827 158.183171036 0.143326153
264.648311637 157.151292131 0.151292861
264.155714193 156.160017564 0.146335549
263.653309015 155.166873720 0.136927422
263.133910743 154.139214736 0.122561592
262.645647122 153.158443229 0.084959940
262.162701079 152.195251062 0.059940890
261.684911933 151.248199200 0.041581670
261.235152933 150.324508263 0.034727246
260.765667135 149.394799877 0.033324783
260.288736025 148.453496842 0.051657560
259.815088429 147.535676529 0.064613918
259.354903548 146.608057930 0.075546462
258.900274735 145.695108013 0.073085445
258.445094310 144.795333596 0.065921959
258.009577388 143.917017539 0.044751131
257.575616158 143.030892340 0.038554495
257.134964545 142.129866412 0.033016119
256.699103830 141.215740277 0.035368154
256.264891777 140.315353642 0.045045477
255.847456701 139.432203410 0.060184895
255.405558658 138.541028185 0.086482604
255.012143593 137.714966053 0.075825618
254.659310016 136.954924851 0.077343925
254.306888786 136.189286509 0.078149527
253.958168769 135.428873261 0.087507520
253.598765380 134.643725125 0.089680459
253.264546362 133.912816801 0.094276304
252.936622684 133.184192148 0.106725797
252.615607625 132.473881173 0.114877080
252.314570304 131.804990106 0.122644958
252.024586554 131.157590151 0.130743501
251.742530639 130.522203605 0.125308251
251.470621292 129.889972346 0.113525268
251.221065188 129.308215328 0.123938862
250.986876582 128.709595274 0.133859314
250.747088733 128.123531567 0.140179383
250.515842365 127.557175472 0.132237603
250.283963574 127.012709234 0.132158145
250.057678993 126.490444772 0.119299277
249.828022067 125.978565204 0.107803201
249.606969828 125.494624622 0.102063956
249.375100517 125.002146314 0.089560642
249.147660275 124.558431534 0.079613176
248.936831685 124.153944612 0.076678996
248.692099571 123.749811561 0.082533053
248.475807742 123.370034819 0.086140596
248.221077816 123.006378576 0.093516285
247.960270691 122.635196762 0.090080970
247.690705694 122.295615758 0.098710320
247.402651708 121.970517859 0.105705700
247.117129818 121.657508417 0.114599739
246.828746423 121.354878283 0.116153970
246.525995936 121.085661407 0.121093178
246.215996572 120.819828280 0.122672159
245.883097749 120.580873896 0.120822663
245.539464047 120.371599093 0.112701038
245.152353564 120.159518214 0.105541179
244.769812185 119.985531234 0.102079145
244.378921193 119.811731369 0.089517764
243.988264314 119.658947344 0.080944449
243.555997947 119.547662304 0.068679009
243.104758559 119.471834491 0.041864043
242.639142361 119.419689667 0.028000071
242.155137205 119.386147521 0.010795581
241.667505654 119.389388879 0.005857062
241.186293392 119.411082097 0.008805190
240.678521638 119.454625529 0.001074653
240.150665635 119.547377715 -0.005231967
239.633160005 119.660023381 -0.005287077
239.088856788 119.791523236 0.000110392
238.537046080 119.940843421 0.005507017
237.973122554 120.122026692 0.000367647
237.387576807 120.314183980 -0.011696957
236.840008393 120.535978456 -0.020619226
236.249611356 120.756635503 -0.026880365
235.659182822 121.014455504 -0.024292608
235.057883099 121.287893972 -0.012565751
234.437321918 121.585747359 -0.015732235
233.803463892 121.902502881 -0.020628537
233.158259056 122.220672742 -0.019418190
232.490030711 122.543150106 -0.015770080
231.810279278 122.892647128 -0.025127395
231.141101103 123.241895589 -0.037464354
230.423481896 123.619570023 -0.042009266
229.708945411 124.027999402 -0.038672627
228.966224786 124.446577508 -0.038581938
228.226149555 124.862737302 -0.028918226
227.441491975 125.291392541 0.000414009
226.648196607 125.731929170 0.022627472
225.840585124 126.186360050 0.037808448
225.005624984 126.647956951 0.052340639
224.165803857 127.111812771 0.037742706
223.309649277 127.575304914 0.031702573
222.431099626 128.068978843 0.018053656
221.531409910 128.559685883 0.031940903
220.614476835 129.051614763 0.030866525
219.705736491 129.531024657 0.045804915
218.792869156 130.022811292 0.051504264
217.880321379 130.510749006 0.070131919
216.982738191 130.982520423 0.064309302
216.077511110 131.464720868 0.066764840
215.207169887 131.912207734 0.064094984
214.328829465 132.371599099 0.075847311
213.452616443 132.830854618 0.091105950
212.547690380 133.288090375 0.105088316
211.650586643 133.744777923 0.115459011
210.776620732 134.182937245 0.124918599
209.886771662 134.604645252 0.117820925
209.022776058 135.033868222 0.124259952
208.140529903 135.466995457 0.127773605
207.278556061 135.897193331 0.150713563
206.389428712 136.322221723 0.158263213
205.506658965 136.758554505 0.185327935
204.632678394 137.177528293 0.203209613
203.727676178 137.608319975 0.200765374
202.824357333 138.053962434 0.194226678
201.929700761 138.476114175 0.194876739
201.036037376 138.894449396 0.186442689
200.186423253 139.294387242 0.184896820
199.304842959 139.718068313 0.188251841
198.449328286 140.127100723 0.200734898
197.567163961 140.532998474 0.196653574
196.687773407 140.940093677 0.199041445
195.839924266 141.341451821 0.202102276
194.978853833 141.745525482 0.207738320
194.122698174 142.151417047 0.205990560
193.301794956 142.521913817 0.200970501
192.527435377 142.882102449 0.209100370
191.721240789 143.249123906 0.214472213
190.927259846 143.609076103 0.222114031
190.172116955 143.974067716 0.230762356
189.439233357 144.307259959 0.244323444
188.710869188 144.642373925 0.248599676
188.037933051 144.966188450 0.258416219
187.393459461 145.271790890 0.260063995
186.774527474 145.572954819 0.266811442
186.159565610 145.861768274 0.274647434
185.612618279 146.120983919 0.277856392
185.085926654 146.373309918 0.282034961
184.570782700 146.632901313 0.274149125
184.094935040 146.878595049 0.266618658
183.614992076 147.138641581 0.270281786
183.176185861 147.380387505 0.274204746
182.746869987 147.616048179 0.267321416
182.321683344 147.861114233 0.265164975
181.895600394 148.098032304 0.261825605
181.500288851 148.342432815 0.259763175
181.104223746 148.616925521 0.256601251
180.690733331 148.888514372 0.255845573
180.304043546 149.174007733 0.247748398
179.931447661 149.472837571 0.248835830
179.581030624 149.773414780 0.236697997
179.224231384 150.124155211 0.233258640
178.880158474 150.497575355 0.228378620
178.549526579 150.863280887 0.218977552
178.241544035 151.249979713 0.207720718
177.942882033 151.638805195 0.193987474
177.670217721 152.074266899 0.188632648
177.406389875 152.517034715 0.184245916
177.155084945 152.989726114 0.192000305
176.914238904 153.468553864 0.192041534
176.697833357 153.940957622 0.195773196
176.523559434 154.433552199 0.196288783
176.370208079 154.939159815 0.188736703
176.234538591 155.447129950 0.178017691
176.132205897 155.965734531 0.155437577
176.059203402 156.478426737 0.142150873
176.020929494 157.007581833 0.138398181
176.001013726 157.558732456 0.143357121
176.005672850 158.093352682 0.149522657
176.019459701 158.619039661 0.163121109
176.049120785 159.142941893 0.157438497
176.120090284 159.682262180 0.158687268
176.216886339 160.214379020 0.164718250
176.329604323 160.732495519 0.172964841
176.446249469 161.239981014 0.173721049
176.583298512 161.741476637 0.163850727
176.738721348 162.223862271 0.169088855
176.910027576 162.707781076 0.161308546
177.092661146 163.185975849 0.159010499
177.278993471 163.658946074 0.159416938
177.504628272 164.148945895 0.162047618
177.737916552 164.644732473 0.171304476
177.960748024 165.123844136 0.180156770
178.188207813 165.594202568 0.188093409
178.419411476 166.069990806 0.181082488
178.664672525 166.540542099 0.167642985
178.914453199 167.011879914 0.161964485
179.149567029 167.483249118 0.160347056
179.364491450 167.938403392 0.154093505
179.591491682 168.392546101 0.143052436
179.806299201 168.846284788 0.132330784
179.996814215 169.328399513 0.131245549
180.176911462 169.799928581 0.133879525
180.349608869 170.284287574 0.137151848
180.496998785 170.749980638 0.141367612
180.634834927 171.245905010 0.147479834
180.750995125 171.716113695 0.153860071
180.829282652 172.176537906 0.152919656
180.875772806 172.631679662 0.154005536
180.918003296 173.067718305 0.150558499
180.922435140 173.504790286 0.147517063
180.891252075 173.941309899 0.132646021
180.851595232 174.395262570 0.123431047
180.757491623 174.795374245 0.118135513
180.655027469 175.203174817 0.110581301
180.507280756 175.603234708 0.098220379
180.325033895 175.968623123 0.087058998
180.137608736 176.325764509 0.058454177
179.938191988 176.658947833 0.034376586
179.722297852 177.008299444 -0.000946563
179.460307542 177.341508243 -0.015326386
179.151919722 177.640798964 -0.039768482
178.804953624 177.942734004 -0.054255009
178.435757944 178.190662138 -0.084248339
178.051428574 178.452400934 -0.102141891
177.618444672 178.754384136 -0.123201816
177.173696385 179.028610188 -0.147699667
176.697412632 179.297749507 -0.180254303
176.238900031 179.538117177 -0.199180229
175.763497842 179.772447176 -0.227282754
175.281884164 180.014127669 -0.246474968
174.772694287 180.266602350 -0.269450319
174.232445085 180.512102967 -0.285825422
173.701462199 180.754214957 -0.293585291
173.132089929 181.000274589 -0.309552109
172.527104404 181.268462646 -0.328061414
171.905156417 181.559919438 -0.341751392
171.278053130 181.869168538 -0.356553644
170.639522697 182.177272003 -0.368248065
169.980425299 182.491377202 -0.381504741
169.306601714 182.809430740 -0.398998032
168.615311370 183.139537184 -0.412104117
167.908761709 183.489692366 -0.430358914
167.187115331 183.835664070 -0.445915400
166.427106482 184.204457411 -0.465659423
165.660917632 184.592503638 -0.480433231
164.899023426 184.957743996 -0.490251171
164.104438442 185.352572735 -0.504789343
163.302791578 185.742298919 -0.517904077
162.471446040 186.141856017 -0.527139933
161.629157067 186.547023752 -0.532333500
160.777141167 186.950224203 -0.550376581
159.918343582 187.364517046 -0.571821990
159.034716552 187.770046321 -0.581643720
158.128058669 188.194153245 -0.590436125
157.224327895 188.640781080 -0.604366043
156.302715460 189.074894772 -0.610824265
155.342671378 189.517611595 -0.634380264
154.386747593 189.969527516 -0.656845386
153.415371464 190.427596412 -0.679947196
152.432205778 190.882569592 -0.685667587
151.444354356 191.350772675 -0.699232338
150.481891866 191.795638740 -0.708508337
149.507242072 192.248341042 -0.720493819
148.533908703 192.717418987 -0.728180205
147.573868669 193.188684010 -0.735305204
146.639090483 193.659383244 -0.741130678
145.647615735 194.170520983 -0.742887856
144.693024511 194.665678672 -0.743086569
143.732560547 195.158732316 -0.756449680
142.760301343 195.647277346 -0.771693585
141.766067488 196.155020456 -0.782255184
140.774404503 196.649879260 -0.810084672
139.830667325 197.138000494 -0.821920172
138.883102818 197.650917647 -0.842280964
137.956219797 198.160041292 -0.852416751
137.061530354 198.656481819 -0.853347344
136.157083756 199.145598120 -0.852241341
135.262926544 199.625760385 -0.840147783
134.357462249 200.123682391 -0.837628628
133.487550584 200.608525916 -0.840991807
132.618599043 201.110539831 -0.847574849
131.764872089 201.592357533 -0.854784162
130.927263056 202.072563545 -0.853051690
130.114598180 202.571271439 -0.846806764
129.320726082 203.051567415 -0.856665788
128.540922023 203.515975436 -0.862738377
127.796488106 203.962975619 -0.863156241
127.084230635 204.398396464 -0.865201818
126.377560386 204.842009651 -0.862797112
125.699426520 205.270291746 -0.866281221
125.036161367 205.681975566 -0.860629610
124.399022342 206.072029748 -0.861362868
123.785906039 206.457728698 -0.863872594
123.199780721 206.822684603 -0.862856093
122.638682479 207.179425734 -0.874685582
122.095036204 207.526165688 -0.875999289
121.572367988 207.854913130 -0.872261210
121.092662330 208.169181517 -0.870906929
120.638056276 208.470833256 -0.876140776
120.245046232 208.735314309 -0.876650296
119.835149509 209.013311895 -0.877124527
119.465419085 209.279756827 -0.874961251
119.113375965 209.523947061 -0.876126655
118.819437249 209.750636582 -0.870936353
118.525804662 209.978192354 -0.880283400
118.245337395 210.196838543 -0.872267890
118.014858343 210.394039698 -0.867404841
117.783883447 210.594623709 -0.862626350
117.593786084 210.770704983 -0.866086729
117.395517820 210.951734404 -0.866361827
117.192999013 211.129505855 -0.865378890
117.009633170 211.292286398 -0.866491281
116.816129571 211.462783976 -0.866190528
116.663952967 211.603502471 -0.863873555
116.502754953 211.774626264 -0.860260113
116.342256346 211.954311459 -0.856006981
116.175255252 212.135671990 -0.841335634
116.002975991 212.318377899 -0.832094804
115.837436073 212.473876213 -0.829096494
115.685163519 212.643490738 -0.834617080
115.503099968 212.856092688 -0.836153392
115.322893060 213.073391119 -0.836821345
115.153298037 213.315078063 -0.825998584
114.969182298 213.563983779 -0.812115095
114.773861748 213.866942799 -0.804600232
114.584901005 214.141312858 -0.798586773
114.395491087 214.439834772 -0.798396596
114.225527169 214.796201434 -0.798461769
114.082910951 215.167032757 -0.791272524
113.939877515 215.566898751 -0.783663499
113.811606189 215.984596535 -0.787582964
113.690099883 216.421014713 -0.795374702
113.604379368 216.870183760 -0.809572312
113.539419701 217.347080134 -0.818308620
113.501721723 217.842599318 -0.829230909
113.508814029 218.393442692 -0.827059746
113.553726544 218.962889825 -0.820916758
113.628248263 219.521703263 -0.824389104
113.721985971 220.095365003 -0.830468742
113.847685172 220.691326938 -0.847710716
114.016143932 221.304185927 -0.856072615
114.221993935 221.929913704 -0.857815486
114.463331524 222.560821599 -0.863648757
114.750768313 223.208499032 -0.868281574
115.059355156 223.858448356 -0.866009345
115.405820289 224.512776392 -0.867610679
115.754390025 225.161378244 -0.873296023
116.133561399 225.847684782 -0.882172796
116.513989998 226.527145555 -0.890210876
116.911525248 227.249568575 -0.904829352
117.295408632 227.952183725 -0.913956798
117.706676568 228.688675384 -0.920791194
118.131924134 229.433873853 -0.923797027
118.558058325 230.183669402 -0.928271648
119.000243019 230.956613746 -0.942756094
119.434738279 231.732498708 -0.953377313
119.886308051 232.529781935 -0.968120018
120.337773011 233.361899036 -0.980929734
120.801659033 234.219816612 -0.986858368
121.271156981 235.088151928 -0.984733721
121.760528549 235.996751394 -0.985377728
122.264341307 236.908659488 -1.000665618
122.769052302 237.830799295 -1.022927016
123.295829275 238.803690207 -1.045653021
123.807701712 239.768385655 -1.055078607
124.336976197 240.780464673 -1.047995806
124.885157610 241.833208924 -1.042809058
125.426288108 242.867556955 -1.029969060
125.968210908 243.887767875 -1.038706322
126.539211298 244.923693945 -1.057280291
127.109147330 245.990199473 -1.083743628
127.691116945 247.054051021 -1.099410976
128.273008092 248.134132481 -1.101095615
128.854925411 249.231746896 -1.094522865
129.434960069 250.355954991 -1.088816518
130.013893864 251.489887128 -1.090071909
130.592376622 252.606435731 -1.097975407
131.149165311 253.705848794 -1.105879842
131.694692565 254.790738901 -1.102088471
132.229653405 255.861127234 -1.095125503
132.779692583 256.970540596 -1.083481496
133.318898565 258.048698713 -1.084475002
133.866643197 259.145922024 -1.087621946
134.442234153 260.308009177 -1.090918198
135.003142060 261.402789237 -1.098378954
135.552105361 262.513523844 -1.099042238
136.105624904 263.611650502 -1.088626533
136.659392147 264.736147737 -1.090996584
137.212911171 265.856418966 -1.080743539
137.785661106 266.985136686 -1.069121007
138.330070356 268.102367166 -1.061597392
138.874895657 269.193000349 -1.048468083
139.410916389 270.290145078 -1.037253218
139.932975902 271.369847762 -1.034774195
140.463989294 272.473922865 -1.034402779
140.986665443 273.575816879 -1.030604124
141.499583936 274.674686891 -1.015316252
141.987036338 275.731411221 -1.002223940
142.430615042 276.834698073 -0.946803093
142.917236470 277.900038628 -0.931338941
143.320992378 279.085293226 -1.027433182
143.830152116 280.236694675 -1.034063308
144.339997035 281.373071149 -1.046191218
144.816158238 282.472807430 -1.050181608
145.288418683 283.647353445 -1.066207909
145.803792614 284.800724725 -1.061167776
146.301382425 285.949927742 -1.069377252
146.617343474 287.010394735 -1.050480225
147.128061723 288.156963167 -1.040652309
147.651510419 289.273092188 -1.020982019
148.177087329 290.415786634 -1.010426809
148.709222770 291.516730249 -1.000504675
149.221252055 292.613642244 -0.977783900
149.548907129 293.637068653 -0.976779331
150.077569013 294.744515697 -0.958727927
150.602294413 295.864124267 -0.938013006
151.130588873 296.943350583 -0.921934503
151.645344259 298.021664673 -0.888950420
152.176214423 299.090340683 -0.871852851
152.672673792 300.189331514 -0.873351267
153.378011016 301.379750009 -0.841218089
153.801744115 302.432573839 -0.813313846
154.314240738 303.485445701 -0.816092628
154.839527299 304.544402195 -0.801891129
155.343143797 305.563225677 -0.810972239
155.952627308 306.499586894 -0.931981863
156.426895059 307.482427273 -0.937559231
156.888802138 308.442461225 -0.922514728
157.334618588 309.349760735 -0.921264397
157.795413206 310.267178286 -0.916738059
158.240911146 311.172121861 -0.904707842
158.698951666 312.093480815 -0.898573160
159.154962854 313.014076406 -0.887530847
159.536026429 313.878395742 -0.880570425
159.969895056 314.724204272 -0.862478002
160.377665533 315.539860216 -0.838701568
160.825054266 316.366680391 -0.825657512
161.274083791 317.182713841 -0.820973294
161.696033774 317.954765809 -0.814581194
162.128132093 318.728501674 -0.807171569
162.540001047 319.436637961 -0.809026989
162.948254370 320.137329301 -0.796311354
163.338847173 320.821194000 -0.801678494
163.716411673 321.488410899 -0.807745515
164.072325886 322.144015299 -0.796204886
164.471884149 322.805401226 -0.786958540
164.841413946 323.428923124 -0.767947262
165.190356595 324.008054007 -0.759265335
165.525443315 324.543972547 -0.753667615
165.851559899 325.086759719 -0.755291599
166.129767170 325.576068104 -0.751839438
166.402472514 326.047166677 -0.744587254
166.687013216 326.532329982 -0.736476753
166.937521862 326.973190687 -0.724219196
167.183254819 327.421914226 -0.707079223
167.425900753 327.856301084 -0.699633507
167.659082860 328.284065082 -0.694164170
167.880177549 328.770690641 -0.682272166
168.074073107 329.224459176 -0.683051738
168.234030870 329.708014304 -0.665447259
168.360018516 330.180210497 -0.647902960
168.475751616 330.595068915 -0.636614379
168.542115247 331.040545887 -0.646240416
168.624213764 331.499075041 -0.654272324
168.661855842 332.004899765 -0.671819969
168.691816096 332.428975868 -0.661711344
168.649386467 332.883962454 -0.674708146
168.583511427 333.330284605 -0.688366116
168.466388069 333.754231963 -0.704151579
168.346430504 334.197354930 -0.742541915
168.174328678 334.624944802 -0.745059232
167.964690509 335.032942400 -0.759313478
167.712608239 335.406771071 -0.769407382
167.419238804 335.759235865 -0.795090158
167.092386098 336.109953555 -0.823556854
166.744175718 336.436592995 -0.825443172
166.348886689 336.747518261 -0.816961406
165.922910701 337.062180931 -0.808148509
165.478388722 337.343950995 -0.816010375
165.023531511 337.594102851 -0.832145046
164.545639453 337.835358427 -0.840208686
164.047018341 338.077634040 -0.851368459
163.515690451 338.315456199 -0.864427414
162.977070625 338.566225410 -0.858523376
162.398265193 338.817749594 -0.871286441
161.800814513 339.077579765 -0.898990279
161.167794796 339.368421431 -0.927806527
160.537476489 339.658535856 -0.926263518
159.882837203 339.956410679 -0.914918492
159.215971052 340.253905714 -0.904170133
158.567913027 340.551056359 -0.897499149
157.900422769 340.858533090 -0.895550276
157.193478865 341.189732034 -0.892636367
156.446365195 341.545057944 -0.902770086
155.695204172 341.904867963 -0.905945582
154.921550045 342.303058841 -0.921222135
154.169612269 342.692541124 -0.930694684
153.391655803 343.091561455 -0.952755771
152.574970382 343.541604857 -0.976328717
151.755220156 343.990029428 -0.988705893
150.914145020 344.467372131 -1.000127533
150.106408501 344.913762737 -1.013640447
149.308673138 345.364221372 -1.031990600
148.509005951 345.808650777 -1.044490998
147.660165687 346.274808847 -1.061837165
146.814434396 346.745161218 -1.087818922
145.951068864 347.219143991 -1.102383262
145.097277835 347.693594496 -1.105102339
144.224444798 348.167291449 -1.114338399
143.343005742 348.638429681 -1.115327186
142.444624182 349.128951898 -1.122042272
141.528558068 349.621922357 -1.129816074
140.608596125 350.120744852 -1.140763131
139.683735087 350.619541813 -1.155964071
138.723481455 351.132638905 -1.176957920
137.747840154 351.656690279 -1.197665241
136.755465595 352.172259971 -1.218609638
135.770321435 352.685483063 -1.237022313
134.797761652 353.172310144 -1.255990232
133.821187089 353.657433900 -1.281056424
132.834367745 354.148029063 -1.302721542
131.842201716 354.641023907 -1.317327853
130.859381689 355.121054871 -1.334893599
129.897690717 355.596833832 -1.346804913
128.935069150 356.070012526 -1.362603663
127.911969439 356.576352033 -1.382151745
126.938708883 357.060373703 -1.394625550
125.947361475 357.538053272 -1.413031800
124.932257901 358.001090048 -1.423972687
123.967900818 358.482568973 -1.438352096
123.015850117 358.952361558 -1.456471040
122.047361131 359.444314966 -1.463687299
121.113155132 359.910471595 -1.468067711
120.155761427 360.384578184 -1.474699658
119.182040760 360.869598262 -1.474995604
118.247262016 361.366265062 -1.455535978
117.279163568 361.751176027 -1.249569126
116.364629641 362.248608897 -1.255655148
115.539401332 362.704567256 -1.257996629
114.716409876 363.162872204 -1.266836856
113.887403310 363.611361739 -1.287805727
113.090058316 364.066434009 -1.291528796
112.378412407 364.532229984 -1.291024861
111.654959343 365.015952015 -1.269014910
110.936656803 365.461973925 -1.254170387
110.206368418 365.881161209 -1.256223113
109.445056502 366.306872682 -1.262996954
108.717015715 366.714754090 -1.259877452
107.988549400 367.137692317 -1.263755671
107.276736145 367.534400426 -1.258599203
106.536962795 367.936139595 -1.250256080
105.791309864 368.322685549 -1.252468186
105.042758210 368.709793563 -1.246565218
104.339519663 369.053096950 -1.243458399
103.597428805 369.399932235 -1.231474904
102.820045181 369.751375915 -1.230362269
102.054715208 370.097426745 -1.210443074
101.269824871 370.446363637 -1.194104901
100.484025533 370.812769595 -1.188104104
99.667227182 371.177631335 -1.177747826
98.853885424 371.548479799 -1.166950315
98.017818674 371.928203468 -1.151746184
97.191792296 372.312256392 -1.139723594
96.319556739 372.694549254 -1.131299391
95.468303265 373.100396259 -1.131844490
94.598153670 373.524819271 -1.150644556
93.702697459 373.956121343 -1.187833865
92.777871705 374.402740670 -1.197263670
91.848627266 374.889417582 -1.204978546
90.883952866 375.402851600 -1.214885257
89.928481380 375.904993167 -1.236224894
88.961307039 376.432490858 -1.252623878
87.995464034 376.948863181 -1.250131694
87.007030359 377.491132606 -1.249398002
86.015132434 378.031109097 -1.258187705
85.011340511 378.591419014 -1.263355145
83.977115431 379.183355185 -1.267456013
82.944830761 379.791962107 -1.253577238
81.898973446 380.413797930 -1.228723247
80.872747172 381.023065666 -1.216531653
79.868387439 381.613215567 -1.219433896
78.825788067 382.228495237 -1.221561858
77.783965623 382.863585342 -1.213610610
76.787328436 383.466594477 -1.206699159
75.768150820 384.074964080 -1.195844444
74.754252231 384.691100242 -1.187343109
73.725203457 385.302688067 -1.181701159
72.691761699 385.924141344 -1.181996680
71.676368223 386.548847963 -1.180923838
70.624560390 387.177067249 -1.156611677
69.565793545 387.814860378 -1.141378863
68.503327218 388.432929331 -1.132123180
67.465790360 389.017869903 -1.131895295
66.410829777 389.623832341 -1.125964010
65.364850534 390.204389692 -1.112108042
64.344236908 390.772781662 -1.102816886
63.298347494 391.366345056 -1.090068881
62.261262638 391.955362888 -1.078334066
61.226353764 392.543604616 -1.077088637
60.183121354 393.132169248 -1.093243399
59.126367025 393.729595382 -1.101646061
58.078169452 394.327266206 -1.115274390
57.031252897 394.918642564 -1.109220836
55.991103467 395.518652285 -1.105767926
54.945494316 396.116108320 -1.105084587
53.946116400 396.689725921 -1.103235217
52.914656121 397.265118109 -1.102790206
51.882497006 397.827287964 -1.107466793
50.879847365 398.383656312 -1.113425294
49.873924342 398.937733305 -1.101611470
48.828552298 399.510565165 -1.097836957
47.775135665 400.097825914 -1.093998986
46.759605630 400.649077557 -1.083993786
45.737716843 401.190702407 -1.074188207
44.713662797 401.751421832 -1.073065125
43.746891405 402.268688122 -1.082388154
42.796827372 402.782480283 -1.077056616
41.849284711 403.298043567 -1.079222982
40.915695842 403.808184955 -1.073829678
39.967716064 404.308986208 -1.073405538
39.023684435 404.813622064 -1.072666032
38.058009560 405.328233155 -1.056649356
37.066841764 405.842886215 -1.054175097
36.134404899 406.327101560 -1.048995632
35.196330103 406.819189722 -1.047583526
34.232922138 407.308003341 -1.048742982
33.261692354 407.811324776 -1.038610306
32.286510421 408.332536246 -1.038802302
31.329783172 408.827531996 -1.036303777
30.372850422 409.348923434 -1.035475313
29.427829565 409.856948841 -1.026839040
28.478738019 410.364967538 -1.017688825
27.522088177 410.915618426 -0.990087858
26.562004369 411.445880473 -0.970819539
25.577644904 411.983545092 -0.949793712
24.601979595 412.539482441 -0.952167995
23.622530509 413.094896715 -0.946968847
22.641519239 413.607517520 -0.944364233
21.688951635 414.144712953 -0.945784905
20.748021682 414.664978974 -0.939740813
19.769893456 415.223275451 -0.944555786
18.793815111 415.782537064 -0.950642497
17.844741128 416.313653934 -0.954734634
16.880892908 416.861457164 -0.955933353
15.894639413 417.412910687 -0.950920914
14.940477521 417.967023893 -0.948100912
13.979878388 418.518817527 -0.946062710
13.016011568 419.082288054 -0.943491695
12.049541537 419.626803907 -0.940648766
11.075547920 420.192701858 -0.940810116
10.106288537 420.763254821 -0.931167281
9.139198886 421.330106802 -0.928071655
8.187415237 421.892424237 -0.926477092
7.221316105 422.465378847 -0.930224046
6.229317706 423.042860551 -0.930351480
5.241611175 423.620190484 -0.933881983
4.265300527 424.206137511 -0.943384626
3.293721111 424.797637932 -0.950252962
2.317719343 425.376694412 -0.955457371
1.341027078 425.962676477 -0.958201886
0.387554341 426.539365158 -0.963492982
-0.535883682 427.099278897 -0.970148077
-1.438280588 427.663614181 -0.967879832
-2.325810216 428.218129751 -0.963730704
-3.196643766 428.777437745 -0.962824147
-4.040132290 429.332833823 -0.958894152
-4.870817243 429.885634190 -0.958981719
-5.683086559 430.436891774 -0.951523897
-6.501469417 430.991479920 -0.954871804
-7.324560028 431.553139980 -0.958499415
-8.119650431 432.091061542 -0.968239580
-8.894784835 432.629157741 -0.979259435
-9.643229375 433.145977669 -0.987866717
-10.381196319 433.656819511 -0.978427793
-11.098383485 434.157666584 -0.964300749
-11.789763164 434.643967581 -0.950279114
-12.443434266 435.105756479 -0.954431160
-13.082734017 435.561473721 -0.967656565
-13.715236935 436.020910656 -0.968808970
-14.303504767 436.455504868 -0.966052500
-14.859771076 436.890896667 -0.968054973
-15.402824848 437.308248010 -0.980369898
-15.920172280 437.721857175 -0.976405243
-16.396890228 438.153762233 -0.962782829
-16.869201268 438.584323885 -0.941188468
-17.307675435 439.005524026 -0.928142485
-17.731850969 439.421944927 -0.921368263
-18.159974222 439.825832218 -0.915702139
-18.550050511 440.219728128 -0.913667294
-18.937673693 440.604881628 -0.914113785
-19.316430260 440.978083273 -0.911058377
-19.673731724 441.336862398 -0.908462647
-20.017071024 441.679969655 -0.903368946
-20.344485045 441.998370240 -0.889395762
-20.668254387 442.300523077 -0.887218688
-20.984415546 442.583111153 -0.881844927
-21.293185965 442.868196685 -0.883324751
-21.593328698 443.146814191 -0.881120722
-21.883528954 443.406313056 -0.871744589
-22.176672085 443.654651166 -0.870621637
-22.484194301 443.903756971 -0.862661430
-22.796389788 444.160741495 -0.860382472
-23.096541869 444.383166258 -0.857621293
-23.406435539 444.610644218 -0.851571634
-23.716067804 444.823677758 -0.851301534
-24.021593666 445.027094183 -0.849096920
-24.324441191 445.211922893 -0.840941094
-24.657399249 445.411185485 -0.832389030
-24.984976543 445.606681886 -0.829579123
-25.330263269 445.796809895 -0.827419986
-25.681943071 446.004733741 -0.819138310
-26.041993398 446.209334840 -0.810786816
-26.393736670 446.405252966 -0.804188503
-26.738354589 446.594026322 -0.794008283
-27.102714497 446.800344646 -0.788093266
-27.435577171 447.002305782 -0.784926028
-27.802447562 447.214568500 -0.780087028
-28.153611615 447.443826276 -0.774639387
-28.494790538 447.658577806 -0.770383301
-28.821882324 447.866607363 -0.757421974
-29.174529824 448.102785693 -0.744102920
-29.516336636 448.330912293 -0.741488542
-29.861521726 448.574575219 -0.738654938
-30.187359028 448.829237931 -0.730180251
-30.491027630 449.074551164 -0.723234584
-30.789481956 449.320428573 -0.718738119
-31.061358277 449.551094942 -0.716189022
-31.328787402 449.778299076 -0.713529057
-31.581355420 449.985363582 -0.718758089
-31.799394429 450.205051600 -0.720863170
-32.020150555 450.427024850 -0.713393725
-32.223163918 450.637340561 -0.694475715
-32.465587805 450.847037202 -0.680411496
-32.697177567 451.045199517 -0.666611972
-32.916777547 451.229857731 -0.654425806
-33.136317501 451.409474062 -0.648789378
-33.386529051 451.601558474 -0.642676012
-33.637381670 451.774575153 -0.638490564
-33.901422712 451.956471040 -0.629444258
-34.177011738 452.133843575 -0.618649283
-34.461454306 452.294045018 -0.613611528
-34.761912808 452.445309009 -0.612576641
-35.071648329 452.606908323 -0.622937964
-35.390098712 452.748697551 -0.619601671
-35.706250329 452.879257368 -0.616791987
-36.042360073 452.966744969 -0.604289422
-36.386425245 453.022935701 -0.614611180
-36.737360040 453.070139366 -0.638775067
-37.122200422 453.080853089 -0.645571720
-37.518157638 453.037688771 -0.661617129
-37.905862497 452.980124247 -0.660558170
-38.321096039 452.908931368 -0.652798652
-38.739863276 452.819160005 -0.641076583
-39.166665291 452.707482875 -0.646673003
-39.611678157 452.565352096 -0.639115611
-40.057311791 452.395799699 -0.630075474
-40.505346415 452.211011928 -0.614801334
-40.949624274 451.986416832 -0.612811456
-41.413506456 451.727604471 -0.609873415
-41.889713432 451.412204537 -0.610100182
-42.364547328 451.049675973 -0.612002644
-42.857498701 450.645507194 -0.609272514
-43.351378745 450.222611531 -0.612204795
-43.848459149 449.743426630 -0.619840392
-44.341436056 449.257357432 -0.632563291
-44.860110924 448.760706324 -0.636859622
-45.362071115 448.223698822 -0.650602578
-45.870776467 447.650612216 -0.655818386
-46.382726537 447.040698241 -0.649370213
-46.903332606 446.391689448 -0.639867549
-47.414369747 445.718652876 -0.645546167
-47.902482422 445.004871004 -0.645444099
-48.408630427 444.266985447 -0.647519553
-48.906596442 443.503581163 -0.663007292
-49.408185628 442.744142936 -0.680785009
-49.948269651 441.950578513 -0.683533978
-50.482135688 441.136814338 -0.674956416
-51.038177572 440.295639120 -0.675340046
-51.595188126 439.451464245 -0.674807760
-52.175200770 438.600430916 -0.671711365
-52.764110244 437.720616875 -0.672840979
-53.368366137 436.811210562 -0.671694710
-53.980876829 435.875136096 -0.679829798
-54.582256287 434.966084117 -0.683396830
-55.190437767 434.052794602 -0.690241898
-55.841792083 433.100647519 -0.700286063
-56.476734636 432.146509287 -0.716704631
-57.115614808 431.185545356 -0.729406201
-57.777207802 430.200523192 -0.728944697
-58.466706188 429.196643947 -0.733596049
-59.150134811 428.148446004 -0.739571538
-59.835335953 427.147335394 -0.749475469
-60.527922393 426.146245037 -0.771212176
-61.190043223 425.166012878 -0.790928903
-61.843031526 424.163702050 -0.802905347
-62.495918793 423.173491676 -0.788522820
-63.164499720 422.172590735 -0.764582282
-63.836872586 421.143161183 -0.754708410
-64.488058578 420.128964377 -0.746578306
-65.154338214 419.113585401 -0.755233623
-65.819285031 418.092132623 -0.759964578
-66.466690309 417.091122688 -0.772924527
-67.089179182 416.109795434 -0.771888144
-67.709040613 415.119828090 -0.780948513
-68.329816645 414.126356693 -0.777881491
-68.941775117 413.154567847 -0.775862547
-69.554539354 412.158470902 -0.771276165
-70.154736498 411.186249210 -0.772715967
-70.763688059 410.188989977 -0.769351861
-71.371053734 409.168448601 -0.769395183
-71.964771601 408.173361072 -0.765636384
-72.571401824 407.155970695 -0.769472495
-73.179620439 406.101369915 -0.770372113
-73.793573281 405.066642870 -0.781916259
-74.387242405 404.028458195 -0.779179849
-74.967309631 402.987995223 -0.779263402
-75.584288397 401.931571567 -0.791134446
-76.173990827 400.879462554 -0.795286414
-76.763092468 399.848840091 -0.798331850
-77.329218832 398.828088811 -0.800596059
-77.884813258 397.813920584 -0.807047791
-78.431008663 396.824786471 -0.802659171
-78.985828189 395.820068727 -0.790284210
-79.569247797 394.785332714 -0.787924566
-80.124689156 393.793591588 -0.783499644
-80.697091502 392.768521308 -0.777161798
-81.233703313 391.792378186 -0.771570942
-81.784770203 390.791095009 -0.760356801
-82.322479880 389.784058587 -0.764276663
-82.859144670 388.781625464 -0.756460301
-83.378988443 387.796818070 -0.756057846
-83.945731230 386.752219560 -0.739482254
-84.519279002 385.665004483 -0.734869699
-85.092753805 384.560549836 -0.726145795
-85.649304175 383.463884098 -0.723937922
-86.210272819 382.339932269 -0.725722123
-86.756520945 381.230945158 -0.725729307
-87.262363590 380.138641706 -0.725572881
-87.773366855 379.040838902 -0.727902871
-88.283031278 377.921167448 -0.725632077
-88.776441640 376.808636492 -0.725415069
-89.259436897 375.701021103 -0.728152563
-89.746629297 374.551023601 -0.726118520
-90.225868610 373.388914863 -0.726393510
-90.669792752 372.244067790 -0.716756902
-91.131603842 371.095847943 -0.716535726
-91.589286394 369.917429808 -0.712856270
-92.033470249 368.743376018 -0.711630323
-92.478201895 367.546204323 -0.710583629
-92.904017838 366.371936838 -0.715936263
-93.314972996 365.208533514 -0.722611364
-93.713473137 364.049034898 -0.721329998
-94.102895651 362.879887543 -0.718382060
-94.493200909 361.724692396 -0.715638351
-94.873559707 360.549968218 -0.705713485
-95.245012823 359.374581899 -0.695733205
-95.603629886 358.174698287 -0.700561820
-95.953491987 356.947820785 -0.697069402
-96.302221915 355.710653649 -0.706913355
-96.662165346 354.498514066 -0.701139387
-97.007248407 353.271270862 -0.703072781
-97.327260567 352.071623888 -0.695709641
-97.637873670 350.849360857 -0.689301217
-97.947422290 349.592461370 -0.694743757
-98.240155873 348.353629045 -0.699817125
-98.525668143 347.173862327 -0.703107446
-98.799284789 345.980714331 -0.705601706
-99.069718332 344.779713768 -0.713823988
-99.340264747 343.569142317 -0.705527767
-99.597291387 342.373198266 -0.703750611
-99.855325239 341.153458681 -0.700802018
-100.115600361 339.918524200 -0.694213978
-100.366572182 338.688822858 -0.693281970
-100.596578033 337.481865309 -0.697967898
-100.816431719 336.289430177 -0.702003473
-101.031774539 335.061025545 -0.702291279
-101.227982541 333.847323345 -0.697538107
-101.431404991 332.615386977 -0.702683003
-101.629374648 331.383695005 -0.705193253
-101.831473146 330.172677806 -0.713087704
-102.010388293 328.968239330 -0.720827081
-102.202026003 327.724408427 -0.737777401
-102.395984626 326.493338685 -0.751703689
-102.577720214 325.316642220 -0.760489161
-102.749519401 324.110752695 -0.771774773
-102.914680189 322.891151988 -0.770774982
-103.080093707 321.674104506 -0.763426217
-103.242618002 320.459129731 -0.753876686
-103.411997497 319.233519449 -0.751608764
-103.592511155 317.993851453 -0.757136816
-103.770507777 316.776925109 -0.767757286
-103.956929364 315.554512456 -0.779882062
-104.136065309 314.314395849 -0.792458031
-104.328228825 313.059665752 -0.804828966
-104.525821054 311.855872133 -0.813840884
-104.724839906 310.605031042 -0.829810405
-104.923830270 309.357970223 -0.824925852
-105.113817683 308.142044833 -0.825373521
-105.297563212 306.923330994 -0.828484233
-105.470865044 305.666550913 -0.825564929
-105.639741271 304.453893397 -0.838150406
-105.817238732 303.188930200 -0.833065332
-106.002376606 301.955855738 -0.832439758
-106.182875695 300.660728499 -0.839111381
-106.362036108 299.393252297 -0.840600413
-106.526138295 298.138582772 -0.834716396
-106.706833255 296.878555891 -0.819823650
-106.872749207 295.620202380 -0.807520452
-107.033308150 294.371252026 -0.797970960
-107.183069959 293.148261380 -0.796927177
-107.344922905 291.900527299 -0.798352680
-107.494334682 290.671882869 -0.793510733
-107.609459334 289.477479673 -0.788983973
-107.727248020 288.287823251 -0.773369473
-107.844836604 287.080281989 -0.772598024
-107.955725063 285.881271810 -0.762573419
-108.068009624 284.683189814 -0.751107307
-108.168349537 283.482491252 -0.740423181
-108.255868015 282.265791627 -0.731979604
-108.349768052 281.080381190 -0.724779857
-108.427288213 279.897191874 -0.718800040
-108.504849879 278.700304571 -0.720448948
-108.587756704 277.501443331 -0.714950016
-108.667845342 276.293939006 -0.719864625
-108.751679264 275.068023797 -0.718392107
-108.796880273 273.868697154 -0.717475990
-108.840920242 272.685685889 -0.716333686
-108.895638238 271.445883680 -0.716283625
-108.953669272 270.248594201 -0.721606338
-109.016213905 269.019564130 -0.729396785
-109.068687293 267.801170790 -0.732729505
-109.121628435 266.613319829 -0.727148710
-109.170800040 265.403404742 -0.724093730
-109.214524312 264.184904687 -0.721686041
-109.242115173 262.969869562 -0.708128497
-109.280800527 261.696266402 -0.692224841
-109.277786844 260.475061374 -0.673665235
-109.282025876 259.230952922 -0.657279191
-109.273839372 258.003301651 -0.644774593
-109.269585289 256.783347010 -0.633126575
-109.240883150 255.544425964 -0.618212818
-109.242295497 254.251614420 -0.605711372
-109.204106639 253.014100358 -0.590574063
-109.189060402 251.782433635 -0.577062004
-109.168282032 250.499731279 -0.569907950
-109.156894683 249.270816742 -0.550403595
-109.113526977 248.068811674 -0.541415844
-109.059019611 246.875446223 -0.520677275
-108.993771864 245.654891922 -0.506085596
-108.921854838 244.411763450 -0.490980977
-108.877614994 243.223764012 -0.481841413
-108.812172006 242.007903771 -0.464175077
-108.733078926 240.819649335 -0.442745087
-108.639249927 239.659852398 -0.435212614
-108.530016755 238.470296992 -0.418349017
-108.424233114 237.288736259 -0.391826859
-108.304224759 236.077071978 -0.380130533
-108.164471592 234.895006611 -0.366972143
-108.024028324 233.673486305 -0.351412261
-107.870086010 232.478040642 -0.334627954
-107.693329483 231.270456893 -0.317560740
-107.519414181 230.060985054 -0.296390946
-107.333158091 228.849883868 -0.285722891
-107.131438281 227.637619879 -0.266694335
-106.941011403 226.443282224 -0.254473466
-106.723924009 225.235000587 -0.238793541
-106.487923176 224.043851316 -0.224895094
-106.237334642 222.852215343 -0.213432369
-105.981156878 221.657030384 -0.206122829
-105.710454837 220.416977615 -0.202199460
-105.462897010 219.229058727 -0.192028752
-105.200667441 218.011078427 -0.174082427
-104.928481464 216.811439643 -0.159679991
-104.641245330 215.599082619 -0.158416703
-104.343427627 214.363371346 -0.157795961
-104.044908134 213.117917285 -0.150691185
-103.739816310 211.888673117 -0.156832386
-103.422289008 210.650099838 -0.163575813
-103.074491651 209.389866894 -0.172286504
-102.750560604 208.167385015 -0.168738695
-102.385296928 206.906999684 -0.168913837
-102.030754558 205.660206303 -0.179486215
-101.668064393 204.432730833 -0.190385337
-101.327832440 203.175791716 -0.189639961
-100.979306182 201.920025557 -0.184692715
-100.633721724 200.690455103 -0.185478322
-100.285799429 199.456330919 -0.182817049
-99.941120549 198.232788294 -0.180777264
-99.589672621 197.021320357 -0.183142731
-99.226548627 195.783592889 -0.197259483
-98.876703793 194.563621243 -0.202905908
-98.526335100 193.337165000 -0.200886075
-98.172263048 192.116802494 -0.195055281
-97.808075761 190.907004363 -0.196245725
-97.442292565 189.709924803 -0.192375905
-97.045380819 188.518352229 -0.195700936
-96.655747897 187.304748999 -0.200241291
-96.264218084 186.089032682 -0.201918639
-95.891699572 184.873129712 -0.202994215
-95.485753382 183.643054816 -0.200372652
-95.071627855 182.391387075 -0.190118470
-94.653690494 181.121568179 -0.191789959
-94.211116149 179.847085986 -0.192550175
-93.783061461 178.597422867 -0.202943207
-93.306941640 177.306954666 -0.205142605
-92.864157203 176.027358622 -0.207730826
-92.428720142 174.743540821 -0.200131398
-92.002227673 173.477906877 -0.190366801
-91.564822800 172.195213429 -0.194374634
-91.123673809 170.914666696 -0.196415030
-90.718428946 169.639705060 -0.212245681
-90.321885636 168.381008663 -0.233753814
-89.913838759 167.098934946 -0.246469725
-89.500136539 165.796996688 -0.246445913
-89.106625455 164.562577527 -0.242146241
-88.721326670 163.288632017 -0.238041346
-88.336505051 162.035792802 -0.245660659
-87.936176022 160.775759895 -0.252904053
-87.537565012 159.517134166 -0.254069460
-87.147794311 158.269456157 -0.258804941
-86.749521758 157.026798123 -0.261960204
-86.359635952 155.769659895 -0.269913709
-85.975897148 154.512175293 -0.267373493
-85.591830847 153.272467637 -0.257496627
-85.204418834 152.019450044 -0.253324353
-84.811178322 150.768828309 -0.244582868
-84.435815573 149.513650166 -0.233556869
-84.056948547 148.268666272 -0.228683035
-83.672550383 147.031639495 -0.216988912
-83.276104126 145.775284605 -0.203681553
-82.899930463 144.559046511 -0.202083065
-82.509906155 143.363999201 -0.194200399
-82.133996844 142.099299136 -0.184710217
-81.766190629 140.881325048 -0.177475207
-81.376755278 139.646182586 -0.173980018
-80.981146235 138.383654556 -0.184261404
-80.591365796 137.106548757 -0.180747470
-80.196561501 135.864021809 -0.181610657
-79.814119264 134.634505869 -0.179665485
-79.415150974 133.377679270 -0.176199229
-79.013755410 132.085105815 -0.182087640
-78.608353699 130.803020401 -0.179797567
-78.230953875 129.526455461 -0.181503251
-77.830928137 128.285369056 -0.176945483
-77.438364280 127.044906894 -0.160682083
-77.049096914 125.808377645 -0.148153454
-76.651858624 124.568060050 -0.137236844
-76.258004364 123.319233802 -0.123582688
-75.875530101 122.080291392 -0.123377420
-75.465901673 120.831606507 -0.118476417
-75.078117855 119.590936771 -0.115574795
-74.672779436 118.342565642 -0.119715062
-74.252620100 117.125700624 -0.119519764
-73.847350224 115.890331259 -0.121096453
-73.456888507 114.674075639 -0.120627143
-73.062638888 113.445055912 -0.113180843
-72.670425923 112.225578320 -0.105716763
-72.282536133 110.975908325 -0.103501309
-71.894885134 109.721772919 -0.114100572
-71.495406419 108.468657457 -0.114621532
-71.111886555 107.192349820 -0.121386549
-70.716722572 105.927948414 -0.113195849
-70.334874555 104.662691870 -0.104151714
-69.964073361 103.419272552 -0.098859602
-69.561210317 102.143034351 -0.082660472
-69.174164084 100.919091753 -0.085138082
-68.782950293 99.657400698 -0.076715547
-68.406571867 98.372633890 -0.083443811
-68.020908764 97.080414365 -0.095994809
-67.634765977 95.817528432 -0.097517795
-67.254120555 94.558974816 -0.098034534
-66.877166770 93.279073428 -0.092507562
-66.502672173 92.021830858 -0.088654472
-66.131529702 90.755969687 -0.097584490
-65.754850290 89.472881149 -0.106889191
-65.363902556 88.166611963 -0.096116938
-64.998115451 86.905949539 -0.089518228
-64.631412593 85.582686328 -0.081481062
-64.276833612 84.295042352 -0.075770924
-63.915956026 83.001993027 -0.077900801
-63.570486414 81.698405452 -0.072335364
-63.226232403 80.402503680 -0.055672395
-62.890138737 79.095629972 -0.044650960
-62.547045335 77.785447178 -0.038411076
-62.193244410 76.448018979 -0.031506970
-61.861855573 75.107378701 -0.033968872
-61.552033955 73.811064802 -0.035624133
-61.232407718 72.523991215 -0.036517907
-60.918095704 71.243483096 -0.035391612
-60.601022261 69.958152782 -0.024280227
-60.283077231 68.649092480 -0.016883839
-59.940576143 67.340748703 0.010815166
-59.633257989 66.021724749 0.022446055
-59.355979102 64.746105414 0.033039194
-59.071284224 63.482501108 0.037261680
-58.799329219 62.225913125 0.031333886
-58.513182474 60.933541559 0.045975599
-58.214898448 59.671610397 0.059725260
-57.950003082 58.411344092 0.068272779
-57.646913027 57.170772579 0.051561459
-57.354748182 55.887966203 0.010755673
-57.032129505 54.605511075 0.003376197
-56.708975483 53.303347443 0.001939717
-56.416915317 52.023554526 -0.017873952
-56.131275969 50.741370082 -0.028127465
-55.819361958 49.495437452 -0.044762328
-55.527190782 48.218342555 -0.050376869
-55.264032665 47.005787436 -0.046234116
-54.921196333 45.725603763 -0.082753447
-54.552714401 44.439313003 -0.085307592
-54.245738005 43.194385009 -0.095148716
-53.933990045 41.930100990 -0.094717115
-53.627061792 40.693104597 -0.101616208
-53.302894836 39.475927359 -0.099676913
-52.935679228 38.282536988 -0.068037997
-52.639504517 37.074195133 -0.075765809
-52.347088533 35.882326206 -0.081797525
-52.018101265 34.672744951 -0.079026975
-51.703549947 33.452158594 -0.087438592
-51.390451547 32.264520765 -0.093966310
-51.079191537 31.103237984 -0.110707587
-50.751550162 29.953629741 -0.124031324
-50.428703552 28.817540405 -0.146085848
-50.101991932 27.691415891 -0.156775476
-49.770054685 26.577189540 -0.159813165
-49.423843895 25.471081432 -0.173745233
-49.086087372 24.387105298 -0.191434100
-48.751793015 23.335416349 -0.199724576
-48.413906253 22.289061830 -0.218807263
-48.072055428 21.240667724 -0.221329004
-47.750332077 20.243388533 -0.231731946
-47.423887517 19.254347081 -0.236421364
-47.119070182 18.288310510 -0.236829971
-46.800768984 17.332908616 -0.236303589
-46.501810113 16.412610170 -0.244301449
-46.209132796 15.494042056 -0.248227520
-45.909202872 14.585925384 -0.267275842
-45.614556517 13.715216464 -0.267111009
-45.285074230 12.875908588 -0.266856031
-44.973122271 12.025334922 -0.274009607
-44.669056509 11.186674577 -0.281565945
-44.383626951 10.385123412 -0.293904202
-44.086191090 9.624882017 -0.304377094
-43.779590544 8.882970755 -0.314716440
-43.456456926 8.118251300 -0.321149052
-43.137911103 7.386051109 -0.326802464
-42.814473632 6.658916300 -0.332174062
-42.469397253 5.972121364 -0.342272417
-42.103222075 5.301247163 -0.358739221
-41.731674142 4.645442959 -0.362816661
-41.353525708 4.005068077 -0.365440409
-40.916413860 3.365972944 -0.377333431
-40.432608899 2.735429925 -0.392837431
-39.924998407 2.097149554 -0.402441713
-39.399988977 1.515206778 -0.404225827
-38.858058261 0.959772154 -0.401516688
-38.309374745 0.421973936 -0.388487107
-37.735367011 -0.067988059 -0.391587188
-37.170571328 -0.440418029 -0.353784681
-36.551814703 -0.868826188 -0.344906002
-35.923072239 -1.256895102 -0.336808917
-35.280346484 -1.612361642 -0.340250401
-34.627616978 -1.932461945 -0.335019884
-33.953871247 -2.220219614 -0.337204372
-33.261272614 -2.459416505 -0.319591037
-32.555493194 -2.671483056 -0.311215738
-31.828653565 -2.811076188 -0.297801206
-31.085664196 -2.928763870 -0.286730986
-30.342954244 -3.007609154 -0.272341649
-29.599283703 -3.085114223 -0.254057398
-28.864857146 -3.107866062 -0.243621030
-28.165609110 -3.103538619 -0.225241563
-27.478037954 -3.086242858 -0.209506951
-26.812236090 -3.037056090 -0.193922504
-26.135521043 -2.994147089 -0.177731987
-25.472516391 -2.940119464 -0.159157992
-24.809634564 -2.888402191 -0.135771164
-24.159909596 -2.825905936 -0.112150946
-23.514001291 -2.773762812 -0.089769772
-22.863810766 -2.706877730 -0.071672992
-22.218598457 -2.646016433 -0.050600660
-21.594960393 -2.575575073 -0.035412620
-20.962838643 -2.500586878 -0.021087967
-20.347589512 -2.447847845 -0.004793648
-19.729166840 -2.401970426 0.015555391
-19.104458170 -2.354482913 0.032886216
-18.493612694 -2.284151774 0.054875952
-17.905317770 -2.213873915 0.079184980
-17.327277084 -2.159008365 0.093411395
-16.786930503 -2.131728060 0.115480765
-16.250188218 -2.108450740 0.127237831
-15.721878878 -2.086159033 0.147489741
-15.188504376 -2.072338451 0.163356179
-14.712284570 -2.039921284 0.177849565
-14.247430277 -1.988292746 0.185412922
-13.806010993 -1.978695997 0.199327118
-13.367319558 -1.973345452 0.208791236
-12.950748188 -1.959912075 0.223071480
-12.590460633 -1.977369809 0.231251752
-12.240902910 -1.961601333 0.239721735
-11.899460951 -1.964032299 0.247957666
-11.589472096 -1.944267483 0.254243927
-11.275868405 -1.939457822 0.252869282
-10.936105258 -1.906354404 0.256192796
-10.641576204 -1.935414277 0.259512053
-10.361654272 -1.960019856 0.267283013
-10.083273595 -1.955000410 0.274561402
-9.798048854 -1.943960641 0.277727737
-9.527724813 -1.942268348 0.277743886
-9.256963180 -1.927005645 0.280899940
-9.010679010 -1.935806124 0.287682348
-8.762870648 -1.928408134 0.296129840
-8.508519632 -1.903556626 0.299091153
-8.253292452 -1.892018686 0.296456322
-7.988975648 -1.871830864 0.294834516
-7.691745499 -1.820144847 0.296278675
-7.398649218 -1.770460351 0.309010527
-7.103629653 -1.692042182 0.323190568
-6.801240801 -1.610069474 0.336724115
-6.478524615 -1.510478357 0.343269544
-6.122787574 -1.428741634 0.354746812
-5.797742140 -1.346083106 0.370680588
-5.450347501 -1.189609616 0.385081647
-5.084918386 -1.019796779 0.391308404
-4.729239181 -0.877808591 0.396157135
-4.341660971 -0.704111282 0.400260230
-3.981069767 -0.555633335 0.397119203
-3.594739820 -0.370028009 0.397834465
-3.228163542 -0.152720517 0.409456133
-2.820736757 0.092316452 0.417356067
-2.405136988 0.396442469 0.424762537
-1.989389935 0.684743303 0.424001241
-1.581005443 1.008571593 0.425989906
-1.169254678 1.352369030 0.437332841
-0.724418639 1.741317640 0.462933678
-0.299083486 2.141538855 0.465994668
0.091764994 2.583828324 0.464470913
0.472225943 3.026721696 0.458340848
0.876805531 3.508152420 0.456399910
1.193647328 4.088833129 0.496386144
1.575156026 4.623870843 0.501022087
1.968780266 5.211372495 0.504092898
2.330153080 5.830765698 0.507095824
2.717643434 6.455089496 0.505637827
3.087670211 7.117535431 0.505978378
3.474825009 7.811803828 0.505258842
3.856703177 8.514990532 0.500743419
4.240994882 9.238363914 0.491037694
4.631308794 9.943428841 0.490966142
5.026597402 10.681755238 0.489760767
5.444608921 11.476383388 0.500059351
5.860109143 12.263552297 0.497507345
6.286660727 13.063154905 0.498073440
6.722216172 13.864866220 0.499648641
7.178007812 14.691464589 0.508835465
7.636878866 15.532175393 0.515275258
8.101013623 16.426479031 0.518598996
8.567780694 17.328628826 0.518566880
9.050482582 18.266732611 0.518721639
9.526486661 19.180262970 0.519529668
10.007850740 20.103729959 0.530793201
10.508898761 21.057981205 0.530916277
11.012945597 22.039148968 0.540042448
11.494107298 22.982846545 0.548720540
11.971752464 23.910860351 0.551094345
12.454779229 24.868323504 0.531533428
12.939561954 25.813893481 0.532679822
13.433369183 26.770835890 0.537497412
13.923286820 27.746185733 0.539069741
14.416160324 28.704209685 0.541839933
14.901455989 29.627571485 0.542503747
15.391807092 30.595827344 0.533640749
15.891286867 31.577109222 0.529392341
16.383120706 32.543987716 0.531962556
16.863485303 33.530453671 0.526653287
17.371215961 34.520726854 0.521067788
17.891944149 35.519679930 0.513684943
18.427232714 36.568600271 0.499155251
18.967823603 37.594293188 0.471201890
19.514147797 38.623638560 0.455119575
20.055047727 39.658782855 0.442544286
20.593873904 40.667467112 0.438047951
21.107500683 41.652729777 0.444611876
21.626114346 42.653790942 0.447920704
22.117970916 43.611568078 0.438746518
22.646460721 44.591115794 0.440141204
23.173845922 45.598271093 0.443594671
23.707458436 46.590454808 0.455584151
24.256705473 47.603644224 0.465103485
24.816899464 48.630849329 0.473110068
25.359139191 49.665759257 0.478788293
25.920785614 50.739684801 0.487129176
26.480167027 51.805641176 0.498093704
27.033534724 52.844237099 0.493023303
27.579738255 53.931551574 0.481999808
28.144785854 55.019092052 0.469101334
28.702402595 56.102430352 0.463938981
29.245148625 57.156641269 0.474358990
29.782903962 58.225092197 0.486458574
30.326941911 59.292715141 0.500134899
30.872027884 60.331886344 0.511484471
31.403260499 61.364750490 0.514134920
31.934572855 62.388935343 0.515239958
32.473419771 63.422791887 0.510589485
33.017445565 64.473917743 0.504477066
33.559712711 65.510363044 0.492197138
34.098958193 66.570135084 0.494701885
34.643605642 67.622563568 0.507554983
35.185233924 68.672334026 0.533273198
35.694022051 69.678466611 0.541709694
36.215608959 70.685043608 0.555729962
36.745847140 71.687403659 0.582572294
37.259221674 72.703436523 0.598730701
37.761749687 73.708553858 0.605889757
38.256428205 74.706051706 0.615861911
38.736281095 75.681160808 0.610586385
39.243657903 76.667859117 0.606569468
39.733823834 77.651000348 0.591167255
40.216387340 78.627277390 0.603056439
40.718815498 79.599276638 0.617526793
41.224779744 80.575381210 0.624295916
41.733514174 81.543122083 0.632719474
42.260060986 82.531823040 0.635024363
42.769811280 83.494295102 0.633117405
43.284405515 84.475878610 0.624767613
43.792738881 85.440112380 0.627434022
44.310182213 86.400803267 0.623650442
44.814815832 87.365906960 0.627411724
45.338136221 88.329847441 0.634377835
