-0.00001006 0.00001054 0.00000093
0.38028605 0.32964786 0.03366701
0.79436356 0.68049513 0.04871071
1.21232658 1.07472993 0.06542916
1.64352421 1.49571254 0.07512397
2.06599896 1.94700080 0.08762458
2.51219875 2.44328697 0.08931171
2.96113494 2.96000261 0.08847456
3.41407552 3.51216482 0.08658418
3.90443561 4.11909647 0.08001697
4.37413129 4.73046093 0.06681493
4.82274333 5.35172379 0.05402687
5.26925327 6.01448145 0.03960452
5.73739933 6.70324585 0.03140281
6.19117610 7.40898497 0.01171876
6.64503656 8.13389110 0.00814595
7.08737636 8.86493245 -0.00436843
7.54767235 9.66400674 -0.02273071
7.99111074 10.43793026 -0.02615562
8.43915026 11.25470580 -0.03156986
8.89696763 12.11027016 -0.03804118
9.33527863 12.93598401 -0.04262142
9.77014199 13.79478310 -0.04611344
10.19951554 14.64985137 -0.04577586
10.62912813 15.52127291 -0.04583468
11.04868768 16.38749098 -0.03917059
11.46645340 17.28452884 -0.03168557
11.88407426 18.16905690 -0.02105101
12.31034060 19.10510971 -0.01881884
12.73612788 20.03511515 -0.01879893
13.15682937 20.95283023 -0.02035727
13.56780313 21.89342823 -0.02935794
13.99054695 22.80151925 -0.03353705
14.41763611 23.71746113 -0.03886577
14.84500971 24.64655016 -0.02719539
15.27028429 25.59276794 -0.02217841
15.70093937 26.51474899 -0.01570291
16.13091698 27.46795981 -0.01241370
16.56004636 28.40806064 -0.01124849
16.98409101 29.35930598 -0.00240390
17.40841619 30.30150517 0.02064428
17.83764678 31.27749092 0.02880342
18.26672639 32.24145831 0.03602453
18.69887142 33.22168859 0.06146334
19.12318055 34.19195398 0.08562017
19.55370621 35.16433655 0.08300949
19.98778621 36.12184766 0.08183860
20.41470790 37.06513977 0.08177513
20.82948916 38.02526634 0.07136994
21.24371140 38.96737865 0.07395085
21.65468991 39.88679969 0.08691514
22.06578147 40.84153812 0.10347535
22.47791750 41.77053914 0.11383223
22.88741036 42.68080447 0.11759561
23.29908003 43.60210854 0.12489568
23.70804470 44.51071103 0.13437687
24.12376808 45.41494621 0.15127479
24.53954787 46.30332721 0.16327360
24.95188799 47.20215738 0.17279928
25.36752264 48.10887968 0.18726062
25.77335525 49.00819745 0.19809351
26.19883601 49.90176216 0.21031362
26.61667286 50.78267938 0.22359307
27.02374242 51.71527819 0.22530747
27.42914798 52.60947321 0.22480408
27.83035907 53.50737087 0.21052400
28.22055247 54.37329603 0.20333678
28.60632201 55.22968338 0.19540083
28.99325346 56.06327909 0.21240249
29.36872949 56.87612945 0.21739243
29.74530338 57.69890621 0.22434572
30.13047270 58.48890445 0.22596037
30.48001185 59.26968688 0.22647676
30.83091540 60.02551395 0.23234244
31.18372476 60.77871924 0.24028682
31.53804654 61.52030854 0.24885243
31.87039894 62.25513063 0.25891825
32.20314917 62.99032665 0.26766851
32.52091578 63.68645323 0.26202306
32.83335770 64.36732355 0.25407892
33.14098006 65.01896194 0.25214683
33.43895536 65.67518144 0.25281463
33.72993001 66.30299089 0.26300957
34.01359888 66.90722132 0.28752708
34.28867783 67.49603555 0.29461721
34.56071472 68.05996844 0.30565187
34.81615686 68.61488705 0.30947551
35.06317835 69.14611494 0.31760290
35.30143121 69.66658469 0.32726763
35.54045690 70.17097918 0.33540817
35.78351025 70.65709692 0.35319506
36.02137507 71.13156354 0.37053725
36.25122085 71.59546638 0.37433705
36.47463015 72.04374980 0.38278286
36.70701625 72.47616936 0.37224407
36.94733295 72.90106177 0.36608596
37.19000518 73.30717918 0.37099861
37.43591070 73.70364134 0.37684174
37.69057275 74.08854475 0.37750478
37.95463978 74.46046738 0.37997731
38.23720627 74.80922266 0.38062567
38.52977933 75.15554927 0.37859662
38.84407938 75.49293260 0.37585630
39.14294491 75.80118359 0.37443031
39.45933792 76.09851222 0.38183355
39.78326067 76.36352972 0.37715242
40.11141112 76.61135875 0.36072752
40.45898287 76.83270534 0.35116220
40.82102310 77.02111120 0.34825383
41.18569226 77.19875665 0.34196655
41.54995723 77.33744736 0.33898397
41.91928733 77.44438706 0.33838229
42.29795395 77.52607132 0.33357533
42.68426362 77.58105524 0.32533511
43.06285857 77.62384674 0.31521723
43.43478219 77.64973118 0.31034268
43.80178867 77.64322569 0.30309923
44.17896792 77.61598379 0.29218135
44.56105198 77.55450922 0.29021839
44.92585293 77.47590525 0.28824324
45.30146903 77.40834543 0.28379015
45.67464489 77.33262305 0.27647069
46.05347810 77.23623655 0.26746805
46.42870591 77.11227699 0.25807564
46.83081579 76.97927903 0.25069031
47.20237168 76.82214106 0.23017446
47.65331146 76.66965790 0.20626709
48.03903885 76.50491310 0.20199297
48.47755029 76.32324948 0.20701575
48.93090662 76.12686279 0.21504798
49.41471304 75.91204942 0.21045892
49.91622341 75.67784322 0.20256219
50.36657638 75.43768271 0.20142897
50.84781811 75.18934681 0.18721384
51.34324711 74.92572404 0.18251825
51.85335265 74.66660664 0.16937738
52.36823850 74.39150773 0.15979931
52.93692045 74.08675866 0.15299452
53.46414317 73.78540029 0.15235936
54.01185731 73.47894730 0.14740003
54.56568240 73.15818327 0.15943988
55.12052534 72.82828866 0.15413906
55.73090453 72.48604220 0.15606707
56.34014709 72.12706176 0.15081474
56.98223504 71.77272755 0.15542562
57.62973012 71.40784602 0.15477714
58.30827726 71.03279618 0.15176021
58.98488280 70.66171727 0.14704315
59.69688618 70.28210191 0.15104759
60.44416405 69.91052757 0.15273199
61.16360068 69.53494133 0.14229746
61.86345859 69.15727992 0.13928606
62.57818610 68.78242263 0.13253319
63.29692710 68.40005938 0.12275464
64.03811067 68.02823570 0.12285947
64.76679002 67.65571426 0.14024475
65.49740017 67.27996596 0.15659310
66.24452583 66.90500366 0.16960636
66.96026220 66.53800040 0.18171181
67.68460696 66.16455761 0.19703230
68.40792476 65.79344714 0.20402314
69.11580009 65.42386570 0.21474308
69.83211822 65.05440388 0.21897241
70.52839540 64.68309297 0.22679159
71.23840576 64.30351218 0.23612415
71.95078814 63.92474671 0.24243009
72.63682247 63.53154961 0.24992090
73.32690457 63.13350111 0.24797297
73.99424658 62.74856405 0.24440665
74.67016216 62.35229708 0.24917198
75.34104348 61.94628257 0.25053067
76.00116834 61.54178806 0.25099586
76.65621936 61.13534224 0.24853412
77.29963591 60.70761461 0.25396607
77.94201290 60.28181069 0.24652367
78.56099075 59.85863092 0.24881071
79.19020693 59.42303444 0.25469539
79.81511459 58.98199908 0.25450267
80.42317993 58.54600233 0.26587105
81.02517336 58.10492943 0.27547412
81.61833988 57.67422074 0.28217339
82.18224853 57.25090672 0.29576415
82.75681951 56.81276137 0.29394346
83.31691645 56.38994865 0.30160827
83.86073218 55.97809325 0.30013131
84.40605011 55.56488225 0.30110735
84.92913604 55.16790798 0.30452169
85.44476858 54.77857015 0.30833104
85.96000844 54.39986331 0.31299316
86.41675455 54.05929656 0.31476506
86.87299973 53.72751970 0.31427978
87.31852469 53.41532785 0.31381876
87.75536825 53.11804099 0.32636950
88.19602763 52.82294904 0.33490456
88.65044057 52.53840889 0.33630001
89.09148065 52.27753776 0.33873016
89.52743890 52.02778749 0.34428622
89.97747846 51.79824623 0.35854276
90.43338050 51.58526946 0.37002101
90.88622654 51.39428035 0.37503460
91.34513492 51.21662686 0.38112219
91.80333633 51.07135451 0.38128539
92.25642591 50.95865851 0.39238936
92.70726064 50.87017310 0.39630347
93.15860096 50.81882548 0.38482293
93.60376438 50.81197583 0.38087447
94.03331160 50.83928055 0.38189423
94.50102359 50.88048895 0.41051657
94.89114240 50.94745963 0.41779033
95.29177668 51.05201838 0.43696111
95.68444348 51.18373392 0.45660577
96.08074091 51.34749665 0.46390529
96.47234146 51.53430379 0.47655477
96.86556851 51.75855230 0.48361971
97.25603075 52.02992335 0.48747131
97.62226736 52.30739872 0.49065627
97.98471868 52.61934297 0.48155006
98.33791481 52.92313649 0.46657451
98.69865172 53.25765685 0.46226501
99.04959205 53.59399520 0.45926718
99.39637756 53.95135654 0.45507000
99.75129438 54.33428086 0.44343468
100.11630901 54.73894947 0.43652765
100.46761963 55.12226876 0.42167278
100.84019526 55.54651741 0.42343098
101.22042300 55.97334425 0.41482356
101.61793574 56.40011224 0.40500080
102.01941031 56.82975327 0.39625593
102.42518104 57.27088084 0.39622599
102.83816251 57.71746461 0.39579375
103.27208737 58.16745991 0.40981537
103.72450977 58.63789023 0.41473703
104.19029931 59.10331128 0.42148390
104.65923148 59.57939240 0.42090923
105.14880954 60.05707374 0.42243596
105.61627899 60.52211902 0.42030380
106.11396789 61.00704835 0.41020024
106.62957623 61.51463073 0.39798584
107.13186941 62.00502974 0.39543044
107.65488599 62.52022935 0.41061338
108.18229933 63.04505304 0.42513850
108.69411815 63.56179236 0.42732813
109.22041957 64.10606921 0.42061306
109.75111015 64.64887334 0.40549467
110.29320802 65.20236260 0.39729462
110.84660753 65.77805031 0.39776676
111.40475624 66.35485257 0.40599207
111.96540972 66.94297869 0.41609210
112.52935439 67.54084815 0.40829203
113.11524800 68.17639741 0.40236583
113.68700572 68.79996485 0.40274287
114.25779371 69.40753030 0.40301463
114.83126348 70.03059862 0.40065939
115.40657408 70.64488191 0.39915638
115.99552143 71.30986598 0.39605269
116.58690585 71.96924689 0.40160994
117.17759801 72.58521109 0.40169223
117.77683651 73.21621113 0.38992716
118.37883674 73.83460105 0.38996735
118.98462888 74.45125870 0.39166894
119.58682941 75.06681261 0.39010091
120.17583372 75.66820793 0.39498969
120.77629444 76.27831475 0.40127849
121.37742806 76.88546959 0.40541298
121.99021547 77.49693476 0.39233482
122.60276500 78.09931467 0.37497595
123.21790723 78.69259725 0.36602656
123.82194328 79.30584885 0.37891023
124.42345269 79.90245908 0.41055569
125.02731314 80.51955457 0.44191662
125.60835616 81.11244308 0.43660342
126.18916971 81.70785419 0.40576378
126.76828881 82.28470601 0.38181792
127.35232334 82.86599255 0.38669578
127.93155940 83.46450111 0.39865406
128.50548338 84.04600861 0.40351198
129.07339188 84.61928511 0.40826791
129.62706597 85.20428660 0.41528099
130.18187446 85.79045435 0.41037747
130.73826961 86.38389088 0.41397690
131.29906257 86.98186521 0.42043203
131.85565012 87.57073051 0.41910649
132.41034591 88.15924246 0.41854434
132.96828879 88.74246646 0.41113467
133.50786830 89.33328011 0.41356533
134.04723376 89.92915079 0.41041017
134.59212740 90.53324986 0.41832350
135.12715344 91.14277470 0.42768641
135.66009527 91.75998661 0.42194156
136.18538267 92.37851247 0.40164637
136.72127557 92.98653408 0.37779132
137.25166009 93.59574140 0.35652967
137.78057585 94.21835678 0.33754128
138.28870910 94.84648308 0.34049490
138.79536180 95.48522760 0.33605728
139.29048054 96.10957208 0.33065129
139.79640892 96.75709676 0.32899238
140.30300374 97.40254855 0.33281421
140.79565428 98.04742224 0.34910019
141.28340875 98.72426105 0.35282771
141.77534325 99.38195601 0.34661752
142.25999665 100.04627562 0.34887522
142.73303509 100.72543834 0.34721334
143.21384768 101.42382302 0.33652197
143.68424589 102.10877410 0.32559059
144.15028655 102.78683250 0.31084342
144.61271256 103.46561656 0.30854086
145.07594895 104.16978669 0.31177709
145.53810856 104.88381921 0.32160073
145.99599749 105.56948775 0.31023497
146.45481404 106.25587984 0.29700074
146.91991142 106.95638328 0.27123461
147.36612293 107.65163292 0.25891199
147.81232807 108.36862212 0.26275576
148.26247246 109.07752499 0.26512802
148.70105305 109.77520572 0.25554384
149.12946910 110.47211521 0.25213063
149.55834770 111.18130573 0.23773404
149.98288674 111.89402743 0.21641508
150.41001881 112.61369916 0.20686908
150.82895506 113.35456384 0.21029273
151.23707295 114.11194585 0.21600128
151.63258082 114.81568927 0.22401516
152.02744230 115.56451110 0.21838770
152.41848185 116.31039666 0.19932348
152.79883245 117.04891447 0.17498159
153.18196606 117.79940862 0.16438050
153.58299670 118.52822822 0.16413318
153.96746903 119.30414252 0.17144221
154.35480310 120.04521428 0.17545118
154.74449922 120.79653239 0.16591711
155.13705222 121.54577006 0.14524350
155.53344977 122.28914513 0.12438836
155.93097649 123.02941504 0.11053462
156.31828195 123.78227409 0.11229133
156.69469889 124.52538000 0.12466016
157.08331262 125.25959596 0.12742568
157.47279630 125.99396065 0.11467555
157.84339130 126.70200524 0.09612030
158.20829947 127.42112931 0.08101843
158.56721845 128.15065538 0.07850265
158.92312388 128.86249475 0.07882982
159.29847016 129.59559049 0.07206553
159.63106749 130.28059297 0.06975020
160.02050113 131.01483366 0.04383824
160.37488907 131.73332298 0.03023544
160.71720844 132.47085177 0.01870335
161.06340204 133.18293373 0.00661607
161.40622120 133.88294368 0.00634796
161.74143451 134.55632541 -0.00707745
162.06989269 135.21151897 -0.02760073
162.39378035 135.83440748 -0.04624252
162.71578928 136.48436520 -0.05106278
163.01896715 137.12182406 -0.05691826
163.32242795 137.74599599 -0.06125341
163.61830307 138.34647296 -0.07098353
163.90755489 138.93867123 -0.06879518
164.19442204 139.53276951 -0.06303086
164.48738942 140.11552945 -0.05217471
164.78823916 140.69784294 -0.05510673
165.08555146 141.30015213 -0.05344406
165.38387071 141.86373631 -0.05691172
165.67957046 142.42497536 -0.06507028
165.98093452 142.94909644 -0.05499399
166.28726318 143.51032166 -0.03907023
166.59763339 144.06623590 -0.01718074
166.91223300 144.61420749 0.00122794
167.22972349 145.14468210 0.00369495
167.55024425 145.71256923 0.00883078
167.87191034 146.25622425 0.01398295
168.18859222 146.80921650 0.02171854
168.51041226 147.36398685 0.03417311
168.82550713 147.89704804 0.03532407
169.13763611 148.45282375 0.02996311
169.45049070 148.99920570 0.02652788
169.76444773 149.54554942 0.02127329
170.08167641 150.06834635 0.02949199
170.39590599 150.64944770 0.03908781
170.72201871 151.20656785 0.06288147
171.04360172 151.77857893 0.08085022
171.36677552 152.35638233 0.08384898
171.68066430 152.94619416 0.07840703
171.99800470 153.53235871 0.05708145
172.33081690 154.10085776 0.04582264
172.66259501 154.69302822 0.04693919
172.98617992 155.28562076 0.05558531
173.30483945 155.87466913 0.06310368
173.61545429 156.47029108 0.06032401
173.93934697 157.05798057 0.04505011
174.27483290 157.64663875 0.03896550
174.60804061 158.25506307 0.03075743
174.93254046 158.84275522 0.02896384
175.26395675 159.44352792 0.02900107
175.58049258 160.01579894 0.02490460
175.88623110 160.57512728 0.00574493
176.19323428 161.15663561 -0.00112749
176.49034233 161.72991901 -0.01170043
176.79200002 162.31664742 -0.01595275
177.08741890 162.90561001 -0.00880660
177.37998194 163.44345018 -0.00031945
177.66810978 163.97871804 0.00667421
177.93621762 164.49781414 0.01286900
178.19209676 165.02713491 0.01000909
178.45944886 165.50263858 0.01856713
178.71561430 165.99889000 0.01912471
178.95120464 166.47454665 0.02253600
179.17381867 166.92827785 0.01519189
179.38472132 167.41102551 0.01803226
179.58539327 167.85660032 0.01412140
179.76889885 168.31793187 0.01850546
179.95108935 168.73891973 0.02342644
180.12141704 169.18481624 0.02815270
180.27601382 169.63473468 0.02951116
180.39609347 170.07925413 0.01878943
180.50820385 170.51637697 0.01187921
180.60710263 170.95922485 0.01046103
180.68273565 171.38761395 0.00861185
180.72949329 171.80560472 0.01197721
180.75102219 172.22402512 0.01244468
180.76295468 172.63699708 0.01486677
180.74933780 173.05339075 0.01898967
180.72435793 173.47839134 0.01278902
180.65634545 173.88913597 0.01032926
180.56271854 174.30346279 0.02169218
180.43596621 174.67505412 0.01470872
180.28383387 175.01706329 -0.00455483
180.12799093 175.32527843 -0.00506912
179.96412532 175.64512956 -0.00255420
179.78892094 175.93656168 -0.01295236
179.59533382 176.21581347 -0.03898603
179.36304861 176.52422156 -0.05008766
179.10012848 176.81779194 -0.06876227
178.80768463 177.12283700 -0.08133068
178.48507802 177.44129142 -0.08546155
178.14603841 177.68953156 -0.09019814
177.76679048 178.00717527 -0.09214131
177.35623783 178.32288512 -0.10227116
176.92992109 178.60057927 -0.12046666
176.48591932 178.86555588 -0.12998524
176.03839543 179.11670495 -0.14493710
175.56462713 179.36187601 -0.15948657
175.08668651 179.61466419 -0.18694017
174.58536579 179.85659873 -0.19536731
174.06808524 180.10124685 -0.20096195
173.55979805 180.33300168 -0.20437249
173.02664118 180.58665456 -0.21176774
172.47014469 180.83043581 -0.22378922
171.90301322 181.09211460 -0.23342113
171.31335600 181.35626543 -0.23863405
170.69225232 181.68062676 -0.23529405
170.05650683 181.99903428 -0.23722470
169.41244884 182.30049913 -0.23951518
168.76639017 182.59932342 -0.22906997
168.08748542 182.93629367 -0.23437411
167.36932755 183.32603638 -0.24236649
166.63330353 183.74064522 -0.25779405
165.90235405 184.13909318 -0.26048416
165.12155587 184.62928908 -0.27615922
164.36551030 185.08330243 -0.28243370
163.57557692 185.60087274 -0.30135009
162.81873927 186.03789333 -0.30967916
162.05561756 186.47064925 -0.30114830
161.26950678 186.92562292 -0.30286721
160.48629380 187.36403822 -0.31562709
159.72605604 187.77457111 -0.33127672
158.92098450 188.23255274 -0.32876269
158.10309924 188.69048382 -0.32912083
157.30904587 189.13224717 -0.32733182
156.49554787 189.61878078 -0.32854381
155.70556785 190.03446322 -0.33955704
154.91790911 190.44123949 -0.35117444
154.12259119 190.87503944 -0.36184451
153.32345163 191.30088829 -0.36557925
152.54533368 191.70333807 -0.36629868
151.75073105 192.12715005 -0.37600458
150.96582291 192.51976766 -0.38470400
150.15933783 192.94749097 -0.38550533
149.39389781 193.34066848 -0.38035651
148.64065297 193.74269558 -0.37341691
147.90459873 194.12796507 -0.37446640
147.14346384 194.54113238 -0.36178902
146.38385232 194.96629479 -0.35370208
145.63247912 195.38370098 -0.34859965
144.90564646 195.77911045 -0.34746127
144.17482282 196.16092150 -0.35192638
143.44824868 196.55160458 -0.35215842
142.72666551 196.94292162 -0.34342443
141.99465414 197.32810972 -0.33793204
141.26568675 197.71366068 -0.33761042
140.54403625 198.09268612 -0.33411923
139.82255977 198.47171124 -0.33429686
139.10704385 198.83744388 -0.34330976
138.40058456 199.19848355 -0.34050366
137.68571879 199.56829802 -0.33896738
136.95974503 199.94204346 -0.33498917
136.25492547 200.28594188 -0.33872118
135.53219036 200.65955125 -0.33757466
134.80441984 201.00505306 -0.32723626
134.10039724 201.32775785 -0.34141576
133.39112829 201.66115049 -0.35295264
132.68133786 201.99285750 -0.36659982
131.96558877 202.34135239 -0.37395501
131.26755627 202.67050349 -0.38010936
130.59915759 202.99232402 -0.38538674
129.93565713 203.31657655 -0.39288862
129.28446327 203.62842539 -0.39482507
128.65195469 203.94262149 -0.39551068
128.03274808 204.24961226 -0.39637271
127.41940135 204.55499870 -0.39869990
126.82529589 204.85153650 -0.40325735
126.23618756 205.13519400 -0.40524942
125.66236637 205.41852427 -0.41220516
125.10129708 205.70046683 -0.41520032
124.55859091 205.97059421 -0.41592260
124.03118976 206.23701473 -0.40545145
123.51375875 206.50352751 -0.40623248
123.02453031 206.75053864 -0.41123460
122.55468479 207.00753892 -0.41549306
122.09654222 207.25198837 -0.41987840
121.65666911 207.48642860 -0.41314265
121.22305574 207.71926893 -0.40826352
120.80877010 207.94302564 -0.40559594
120.41824810 208.16150985 -0.40221371
120.04018306 208.37614118 -0.40436177
119.67256013 208.57672207 -0.40045451
119.32933353 208.77633394 -0.40390016
119.01492966 208.97135021 -0.40055182
118.72661154 209.17179824 -0.39964871
118.43673976 209.35964792 -0.39695166
118.17548497 209.52139977 -0.39791748
117.92649443 209.68201097 -0.40458486
117.69844882 209.81877077 -0.40437998
117.50014733 209.94913641 -0.40967123
117.30999763 210.06462377 -0.41385883
117.13365780 210.15807468 -0.41208163
116.98532650 210.22585741 -0.41153837
116.85306602 210.28357236 -0.41629929
116.75795276 210.30627757 -0.41202340
116.69268423 210.33231641 -0.41047928
116.63330686 210.35087039 -0.40774152
116.57986115 210.36406810 -0.40369782
116.52632562 210.38299608 -0.40485795
116.48954308 210.38247429 -0.40427992
116.45771523 210.37998762 -0.40264047
116.43585590 210.37499815 -0.40113609
116.41913288 210.36597495 -0.40210568
116.40415023 210.35069462 -0.40446921
116.38698097 210.34169046 -0.40352685
116.36915393 210.33933625 -0.40163432
116.35134205 210.33840554 -0.40336756
116.33379598 210.33582620 -0.40271393
116.31045548 210.33357949 -0.39958150
116.28005349 210.33103547 -0.39936966
116.24939519 210.33069807 -0.39671271
116.21526079 210.32959342 -0.39636567
116.17908792 210.32887182 -0.39480922
116.13622941 210.32843651 -0.39669351
116.09595498 210.33285649 -0.39940197
116.05679441 210.34041164 -0.40386811
116.01399117 210.35081784 -0.41553702
115.94915922 210.37721116 -0.41353768
115.86753901 210.39667068 -0.41408007
115.76365222 210.44024774 -0.41054794
115.65017429 210.49890088 -0.39446592
115.51303078 210.56848580 -0.38968370
115.36211844 210.64621575 -0.38050699
115.20080764 210.73291038 -0.37981630
115.01479981 210.82880021 -0.37558184
114.81721641 210.94008886 -0.37995115
114.61112171 211.06518357 -0.38040673
114.39636963 211.20406434 -0.37405005
114.16813199 211.35603018 -0.37317328
113.93467935 211.51464202 -0.37833008
113.70615148 211.69533398 -0.37819881
113.47214541 211.89071358 -0.37868394
113.23648971 212.09483472 -0.37656172
112.99877912 212.30553927 -0.37459885
112.76568096 212.53173169 -0.36783656
112.53840786 212.77849021 -0.36040640
112.30983249 213.02712091 -0.36064878
112.08187987 213.29669890 -0.35703345
111.89042488 213.58525173 -0.36370977
111.71654445 213.89146529 -0.37006311
111.55275079 214.20902714 -0.37793487
111.39158038 214.55371625 -0.39130960
111.25003075 214.91204902 -0.41500775
111.12484410 215.30679710 -0.44058591
111.02650488 215.71403306 -0.45457217
110.95349928 216.15424828 -0.46511301
110.90273206 216.63243234 -0.46721429
110.89212357 217.13474268 -0.46729543
110.91416544 217.65031027 -0.47668566
110.97432202 218.13807664 -0.48497740
111.07065782 218.65154494 -0.50171433
111.18571502 219.17689933 -0.50762088
111.33956478 219.72112814 -0.51377353
111.52521315 220.26571474 -0.51679095
111.72936588 220.86325935 -0.52608818
111.96803561 221.45869704 -0.53306587
112.23491455 222.03712766 -0.53571966
112.51790059 222.60806970 -0.53545094
112.81972240 223.19148019 -0.53339544
113.14040367 223.77700098 -0.54053631
113.48037985 224.36686815 -0.53892187
113.82509145 224.97145404 -0.54298918
114.17994828 225.61548093 -0.55356689
114.55110175 226.28160086 -0.56390099
114.93749147 226.91681468 -0.56884800
115.33157092 227.58442116 -0.56727821
115.73407900 228.25482493 -0.57091285
116.13955854 228.93832195 -0.58409316
116.55660163 229.64278375 -0.58122689
116.97446355 230.32863906 -0.59095336
117.39553323 231.04562462 -0.60547422
117.82541518 231.79227783 -0.61688189
118.25623995 232.60399563 -0.63893820
118.69526170 233.36179892 -0.63690653
119.14349871 234.11560899 -0.62949949
119.59694621 234.88011884 -0.63410045
120.06523793 235.66029419 -0.64452308
120.53130030 236.44024258 -0.67550410
120.99864681 237.23358491 -0.71012424
121.46778982 238.02431757 -0.72774366
121.94697428 238.84704731 -0.74193271
122.42525618 239.71463212 -0.74506332
122.91131128 240.59993938 -0.74734700
123.41410022 241.46320585 -0.74863740
123.91455129 242.34033446 -0.75741751
124.42249604 243.20786943 -0.77499385
124.93451373 244.10961456 -0.79791136
125.45119952 245.00703443 -0.81186766
125.97153328 245.89349558 -0.82594772
126.49664593 246.81269194 -0.83594441
127.02171505 247.75607456 -0.83800600
127.54530624 248.74652706 -0.83803089
128.06647175 249.68128499 -0.84472857
128.59138103 250.59762215 -0.85682612
129.11281075 251.54948610 -0.86663822
129.63014862 252.48239707 -0.85826064
130.14836479 253.42866441 -0.83841466
130.65994357 254.35410687 -0.82682715
131.17001782 255.29061177 -0.81708485
131.68121555 256.25794883 -0.82064207
132.19620715 257.19250344 -0.83543586
132.70142048 258.22412702 -0.85825171
133.21957426 259.14915983 -0.86225984
133.72010041 260.09681999 -0.88209934
134.21549650 261.03214791 -0.89569626
134.70874929 261.95513970 -0.89811509
135.20099133 262.88847671 -0.91524375
135.69487736 263.82854900 -0.91181283
136.20295129 264.71334587 -0.91294923
136.69875532 265.62052184 -0.92606129
137.18805174 266.53872885 -0.93067193
137.68094075 267.45469763 -0.93841790
138.17013525 268.39522323 -0.95702776
138.65414834 269.29793188 -0.98024749
139.13269169 270.22838762 -0.99452975
139.62340142 271.14153423 -1.00920298
140.11238066 272.08280825 -1.01352693
140.59192272 273.02627224 -1.03098559
141.08873409 273.96091547 -1.03366629
141.58511777 274.86204246 -1.03514973
142.07893963 275.79187958 -1.03556356
142.57404636 276.74166925 -1.04274567
143.07030688 277.69758775 -1.05252753
143.58147672 278.63045584 -1.06262765
144.08061785 279.58616103 -1.06904162
144.60048181 280.54136366 -1.07616239
145.10504195 281.49975535 -1.08811909
145.61271540 282.45195754 -1.09725169
146.11956413 283.42924680 -1.11107460
146.62840734 284.38677448 -1.12346301
147.13964088 285.33498791 -1.13657435
147.65574379 286.32501024 -1.13715262
148.17937294 287.30954337 -1.13334556
148.71604438 288.28760433 -1.13527030
149.24988153 289.24941749 -1.13702672
149.76313820 290.22719266 -1.14121795
150.27830868 291.17428202 -1.14962830
150.79725571 292.11468830 -1.15517853
151.31722553 293.06891730 -1.16596328
151.83962514 294.01441824 -1.16626628
152.36224181 294.95410736 -1.16586208
152.86770421 295.88371299 -1.15495638
153.37885373 296.81296618 -1.14851341
153.89567950 297.74040305 -1.14606897
154.40389660 298.66521612 -1.13894090
154.91588815 299.57942178 -1.14079114
155.41112727 300.49019736 -1.14192504
155.90179985 301.39555601 -1.13096424
156.38829743 302.30078167 -1.12506896
156.87376476 303.19977671 -1.11360476
157.36180837 304.09758441 -1.11132783
157.83408912 304.97607232 -1.11643887
158.30010315 305.84765915 -1.12148849
158.75315465 306.71551794 -1.12110820
159.19360050 307.59556212 -1.13368259
159.62735534 308.44457972 -1.13003169
160.06556431 309.30059994 -1.11622798
160.49949981 310.15664833 -1.09534432
160.94321674 311.01058508 -1.07099302
161.37849649 311.84323867 -1.03433264
161.80931476 312.67124407 -1.01731614
162.23354582 313.47030254 -1.01217283
162.64755188 314.24068333 -1.00594468
163.03318946 315.01143490 -0.99550362
163.41864412 315.75183111 -0.98643204
163.80674067 316.47089206 -0.97327339
164.19597148 317.18334868 -0.95378240
164.57217490 317.85970422 -0.94165833
164.93801079 318.51483648 -0.92802604
165.29458805 319.16303961 -0.91200488
165.63182586 319.80025693 -0.90588005
165.96456234 320.41043545 -0.89669713
166.29417240 321.00324418 -0.87211505
166.61321974 321.57709462 -0.86704433
166.92664555 322.12150384 -0.87044817
167.22846387 322.66463215 -0.86750067
167.49427704 323.17124152 -0.87508504
167.76444229 323.66916297 -0.89711820
168.02514261 324.12880930 -0.93089677
168.27847108 324.60534518 -0.94126082
168.51957736 325.06548770 -0.95371310
168.73587729 325.48804504 -0.96612956
168.92849185 325.90584008 -0.97234462
169.12887467 326.31667840 -0.95573646
169.29541244 326.71960898 -0.94465469
169.48774711 327.15806666 -0.91547900
169.66820880 327.57349973 -0.87471099
169.83214338 328.00953908 -0.83979016
169.94990521 328.42171147 -0.81096195
170.05823746 328.83881324 -0.79017717
170.16779968 329.27047933 -0.74326277
170.24559739 329.66799664 -0.71388273
170.32500261 330.08206631 -0.67177584
170.37712020 330.48446549 -0.62808243
170.40471100 330.85344422 -0.58303907
170.41550791 331.21465765 -0.54388807
170.40749905 331.59823908 -0.50400171
170.39018478 331.97896556 -0.45908866
170.36470096 332.34765059 -0.40627508
170.30440229 332.72157544 -0.35497811
170.22970701 333.11770291 -0.29638514
170.13495028 333.51843235 -0.24747169
170.00605139 333.91343645 -0.19924157
169.81834955 334.29816331 -0.15126733
169.58458510 334.66745629 -0.13209528
169.37396638 335.01046645 -0.10518976
169.13542265 335.32904722 -0.07491177
168.81751825 335.60825689 -0.05633078
168.50998057 335.84992411 -0.05788430
168.14031581 336.11192803 -0.07215558
167.76638456 336.39605372 -0.07485616
167.36424694 336.66908171 -0.11365433
166.96106433 336.96360481 -0.13653291
166.52102931 337.25760205 -0.16634238
166.06085752 337.56942248 -0.22460084
165.57563308 337.86011392 -0.29718238
165.07243968 338.15566013 -0.37116235
164.50756088 338.44814063 -0.46741349
163.94382135 338.71097547 -0.55613565
163.35692891 338.96875540 -0.64420223
162.76200895 339.22781683 -0.71254892
162.12875032 339.50602876 -0.78530481
161.51086103 339.75230835 -0.86631646
160.86933033 340.00114571 -0.95322237
160.20123635 340.26158623 -1.03701687
159.51748430 340.57292711 -1.10090182
158.80840195 340.89679045 -1.16635194
158.05300650 341.23539030 -1.23503023
157.27205994 341.59588935 -1.29746809
156.54742984 341.94017686 -1.34255645
155.77629688 342.31612755 -1.40469348
154.99038972 342.70317916 -1.45741919
154.16629015 343.12161457 -1.50306581
153.30730259 343.52823914 -1.55585434
152.49023552 343.91205344 -1.60138094
151.67594702 344.30436117 -1.63473742
150.87274748 344.68160412 -1.67606638
150.07006569 345.06127740 -1.69953520
149.26760617 345.45079271 -1.72933149
148.45986402 345.84998737 -1.74845726
147.64055431 346.24376743 -1.77197073
146.81052893 346.62799926 -1.79135075
145.97572465 347.03446394 -1.80527453
145.14519975 347.45280473 -1.81197538
144.31177992 347.87094320 -1.84182928
143.48596091 348.28454993 -1.87222615
142.64845223 348.69731950 -1.90565942
141.81016837 349.12159379 -1.92631285
140.93302823 349.57024725 -1.94407232
140.07772665 350.02658685 -1.93803897
139.21171368 350.48774225 -1.92088617
138.35556635 350.96046499 -1.90699390
137.46561860 351.42309968 -1.89743965
136.60573353 351.87015326 -1.91000912
135.77320850 352.30972933 -1.91838873
134.97115277 352.76388301 -1.90967057
134.13903037 353.21415844 -1.89163192
133.29669158 353.66971310 -1.87363304
132.45017485 354.14481047 -1.86681128
131.61301014 354.60307636 -1.86031386
130.78016385 355.07321753 -1.84688852
129.95407593 355.54202029 -1.83533171
129.13116505 356.02073617 -1.79915357
128.29787912 356.48986705 -1.76388679
127.45116728 356.96374497 -1.73138185
126.59762368 357.42674222 -1.70203806
125.76910592 357.88905490 -1.66077879
124.93910881 358.34747931 -1.62560576
124.12634026 358.79313814 -1.57892580
123.30012634 359.23526098 -1.54098175
122.48687763 359.67108944 -1.50500023
121.67564985 360.11468013 -1.46244952
120.89083109 360.53611734 -1.41897482
120.10201589 360.95421440 -1.36055268
119.31477774 361.38345566 -1.31619466
118.51582696 361.81707261 -1.27466729
117.73827094 362.24082503 -1.22839927
116.96994184 362.64845031 -1.17949252
116.23488605 363.04910271 -1.13021714
115.52823259 363.44437112 -1.07366812
114.81863048 363.84631259 -1.02599411
114.12902984 364.21615831 -0.96949365
113.46892985 364.57879787 -0.91092175
112.80606195 364.93646124 -0.86547284
112.16208279 365.28792829 -0.82010766
111.53920733 365.62511161 -0.77258594
110.93125120 365.95695540 -0.72683371
110.34618986 366.27318731 -0.69121232
109.80572910 366.57787497 -0.65771571
109.29014722 366.86444142 -0.63124236
108.79510154 367.14849418 -0.60385126
108.28681379 367.43386457 -0.58008422
107.80414563 367.70310720 -0.56426697
107.31146426 367.97761921 -0.54618627
106.85589746 368.23474561 -0.52821609
106.39626713 368.48145291 -0.50400918
105.93076099 368.72266841 -0.48693096
105.46327613 368.98282322 -0.46997791
104.98953865 369.23144284 -0.44665509
104.52559814 369.48965787 -0.42637753
104.06252615 369.74845447 -0.40658585
103.57084573 370.02386034 -0.38053718
103.09017537 370.28091809 -0.35674291
102.60568565 370.53748224 -0.34069217
102.10192799 370.80498260 -0.32262355
101.58189894 371.07583004 -0.30703043
101.05379336 371.35272069 -0.28427501
100.51058704 371.64143751 -0.27256396
99.97075766 371.91784008 -0.26428157
99.41966169 372.20907633 -0.26833356
98.83829476 372.51896435 -0.28023819
98.27859892 372.81530098 -0.29775333
97.69368870 373.13527729 -0.32068442
97.10275834 373.44673445 -0.34512273
96.46108101 373.77110666 -0.36603784
95.84884090 374.10705228 -0.38513389
95.20975910 374.43255279 -0.40077625
94.53035389 374.78554904 -0.41655664
93.84026741 375.14799900 -0.47497882
93.16764206 375.53715007 -0.52987735
92.45505446 375.92102785 -0.59687713
91.76780677 376.28130463 -0.63480801
91.03552108 376.65895395 -0.68166609
90.28975516 377.05942415 -0.72471832
89.56303577 377.46272477 -0.79131805
88.81016276 377.90861523 -0.86444277
88.04657341 378.35291193 -0.93207617
87.29370104 378.78604322 -0.98719693
86.53719210 379.22236685 -1.04592479
85.73637394 379.66470131 -1.12084994
84.93398499 380.13831004 -1.20916465
84.11333428 380.62234748 -1.31219603
83.32094167 381.09883092 -1.40390088
82.55403491 381.55113813 -1.48614439
81.77817077 382.01351518 -1.55486077
80.99134802 382.47570429 -1.62770505
80.20200099 382.95311781 -1.70335016
79.41882818 383.43660356 -1.77607949
78.64202485 383.90800882 -1.83915247
77.86662694 384.39077290 -1.89044862
77.07223774 384.89873078 -1.92505603
76.28836985 385.37877560 -1.96569482
75.46882284 385.87891488 -2.00328209
74.65331440 386.37010032 -2.04823317
73.83934219 386.87558565 -2.08612411
73.04085480 387.37648873 -2.11960427
72.24275555 387.87615322 -2.15664514
71.43591244 388.38897185 -2.17100841
70.60959080 388.89017700 -2.18199772
69.78666667 389.37989720 -2.18369067
68.98746398 389.86054937 -2.19103220
68.17942563 390.35455844 -2.19791516
67.37553387 390.83866674 -2.19275463
66.53547558 391.34764688 -2.19332385
65.71107017 391.83691470 -2.19210601
64.87876059 392.31698562 -2.18781837
64.04800838 392.78180846 -2.16938702
63.21198366 393.24006345 -2.15009409
62.35220713 393.69093161 -2.12429598
61.49145688 394.15926913 -2.09838177
60.61914492 394.64102120 -2.07404633
59.76945891 395.10871584 -2.03018584
58.91142284 395.56963387 -1.99922871
58.05157102 396.01534391 -1.96398339
57.22347506 396.44306971 -1.92478007
56.38730288 396.87134203 -1.87726466
55.53143531 397.30385936 -1.84134416
54.65329344 397.74372233 -1.81316646
53.78604398 398.17342204 -1.77684284
52.92186478 398.61384805 -1.73357819
52.03439555 399.05073102 -1.69025211
51.15810193 399.48999996 -1.65545418
50.30569115 399.90561975 -1.61311985
49.46536454 400.31750124 -1.56571442
48.62776343 400.70921831 -1.51945176
47.80392310 401.08828477 -1.47014103
46.99013141 401.46281495 -1.43420318
46.19835815 401.82630632 -1.39061947
45.38457125 402.19709507 -1.34630806
44.60253538 402.55814147 -1.31810383
43.84937235 402.90757628 -1.28854984
43.09597304 403.24894573 -1.26274750
42.35696769 403.56751366 -1.24231111
41.62577176 403.89506205 -1.21607243
40.90110685 404.23418881 -1.19586618
40.21722774 404.54210806 -1.17449698
39.55213807 404.83122649 -1.16347303
38.88271496 405.10896200 -1.15013466
38.24385911 405.35379271 -1.12639710
37.62962540 405.59775916 -1.10519458
37.00036832 405.84989479 -1.08754060
36.39194027 406.10505987 -1.08215796
35.78666277 406.34998631 -1.07574659
35.18598959 406.57618350 -1.06693243
34.62172013 406.78834081 -1.07114463
34.02655106 407.00530585 -1.07145315
33.43225353 407.20932836 -1.06876033
32.84725822 407.40632362 -1.06927061
32.25792460 407.56838552 -1.05787673
31.68929481 407.71902437 -1.04949915
31.12252758 407.84804930 -1.03167233
30.54145380 407.95499055 -1.01640860
29.96114411 408.03943696 -0.97605557
29.37856630 408.08724380 -0.93926612
28.80753614 408.11029544 -0.90015700
28.24224667 408.11484579 -0.87101415
27.68008012 408.07753925 -0.81704843
27.13457290 408.02070129 -0.77220286
26.61416206 407.90771634 -0.70987442
26.12515699 407.77005990 -0.65933705
25.66539627 407.62095214 -0.61897266
25.19811176 407.42199413 -0.57090935
24.72755270 407.20525418 -0.52724208
24.29687821 406.93877427 -0.49434372
23.86652513 406.65532127 -0.45301343
23.43752521 406.35255522 -0.41446898
23.01804087 406.01360201 -0.37674851
22.59737393 405.63710250 -0.34104515
22.20009241 405.23352366 -0.32491684
21.81552276 404.79726211 -0.30710739
21.46480304 404.32584627 -0.30661737
21.11480442 403.82522627 -0.30319318
20.77330928 403.31121538 -0.30152266
20.43008668 402.77085258 -0.30247658
20.08408179 402.21423452 -0.29233991
19.74189708 401.65502699 -0.29298106
19.40186068 401.08276700 -0.30174722
19.06067167 400.48602736 -0.30765597
18.73728458 399.88617085 -0.29988836
18.41719852 399.26801678 -0.29779780
18.09613290 398.64600398 -0.28503901
17.77084247 397.99709004 -0.27526141
17.45143973 397.31287603 -0.26113392
17.11958714 396.63128987 -0.25072762
16.79608078 395.95427403 -0.24605299
16.45991763 395.26053235 -0.23195729
16.12129781 394.53441231 -0.21893462
15.78244486 393.77708513 -0.20261642
15.44044718 393.02484185 -0.19956401
15.09454596 392.26397409 -0.20036992
14.74230771 391.48997447 -0.20407510
14.38859789 390.69645885 -0.20962364
14.03523685 389.91218247 -0.21463168
13.65936629 389.07898870 -0.21440357
13.27088654 388.24823430 -0.20460754
12.90616364 387.41563201 -0.20407392
12.54018542 386.59941841 -0.19883343
12.17017956 385.79164145 -0.19414002
11.77253576 384.92269318 -0.18420078
11.37494244 384.04668698 -0.18369180
10.98174375 383.18390901 -0.17131625
10.57958428 382.31666055 -0.16536071
10.15754524 381.44114794 -0.16687750
9.75276781 380.59210280 -0.18116711
9.33789515 379.72769731 -0.20316731
8.93553076 378.89203420 -0.21722462
8.52006715 378.03607005 -0.22800033
8.10052062 377.19270032 -0.23997618
7.68235918 376.35608643 -0.24952833
7.27410631 375.52486220 -0.26118989
6.86246753 374.69438474 -0.27071475
6.44700515 373.86161231 -0.27836827
6.05079289 373.02857039 -0.29242405
5.64593786 372.19984994 -0.29265075
5.22743003 371.35260177 -0.29542176
4.80662503 370.51157350 -0.30524220
4.35820615 369.65344398 -0.31571946
3.90624619 368.80880546 -0.31087604
3.45785745 367.96449237 -0.33423966
3.01811098 367.12800147 -0.34727879
2.56582350 366.28203509 -0.34702023
2.12585221 365.44704270 -0.35218694
1.68366777 364.61176785 -0.37146428
1.24175470 363.77567900 -0.39731162
0.81210427 362.95672402 -0.41811336
0.37436514 362.11197184 -0.42457636
-0.06629575 361.27199073 -0.43180104
-0.49454042 360.45262688 -0.43248036
-0.93010492 359.62152922 -0.43850784
-1.36563650 358.77800490 -0.45224405
-1.79598345 357.95564223 -0.45631352
-2.23988812 357.12223609 -0.46681854
-2.67055550 356.29404237 -0.47554055
-3.10284884 355.47856889 -0.48423496
-3.54961927 354.64830857 -0.50954369
-3.99177359 353.83328264 -0.51763758
-4.44111238 353.00956518 -0.51689439
-4.87611637 352.19859393 -0.52374341
-5.30780884 351.39533419 -0.53874678
-5.74148214 350.58125851 -0.55688552
-6.18975864 349.77253070 -0.56880062
-6.63299040 348.95680329 -0.57383585
-7.07797638 348.13089519 -0.57760592
-7.49835947 347.31270796 -0.58457801
-7.90547459 346.50191770 -0.60548510
-8.33442258 345.66800609 -0.61460998
-8.75180409 344.83523351 -0.62229755
-9.16156864 344.02141966 -0.62545703
-9.58743383 343.19178733 -0.63770844
-10.02108518 342.35300867 -0.65852941
-10.44875119 341.50965488 -0.67301313
-10.85694910 340.64951304 -0.67643760
-11.25985021 339.80414640 -0.67576077
-11.67414764 338.94157858 -0.68420312
-12.11134261 338.07867614 -0.69425533
-12.54103102 337.20529000 -0.71119242
-12.99223223 336.33986035 -0.71687672
-13.42714026 335.48252419 -0.72102400
-13.86944290 334.59061705 -0.73248312
-14.35313197 333.70006399 -0.72331459
-14.78417190 332.83737265 -0.72583442
-15.23775518 331.94497647 -0.74756045
-15.68359278 331.06017305 -0.75377915
-16.18365936 330.16072783 -0.75860747
-16.67868846 329.25333388 -0.76724044
-17.13569769 328.37003301 -0.77798850
-17.61494621 327.45271421 -0.78500004
-18.06530809 326.56228800 -0.80671527
-18.53342322 325.66237382 -0.83435803
-18.99645249 324.76716095 -0.84387215
-19.46484310 323.86993020 -0.85408423
-19.92172288 322.96485980 -0.84783648
-20.36362875 322.06422108 -0.86048327
-20.79054750 321.17486123 -0.87536880
-21.25381867 320.26980584 -0.91198361
-21.71519331 319.36702019 -0.94237612
-22.13905656 318.49026940 -0.95501153
-22.59943779 317.58707478 -0.96091677
-23.01094654 316.69622129 -0.95044071
-23.46220772 315.77658231 -0.93598181
-23.88655776 314.87938978 -0.93785448
-24.31770662 313.98672349 -0.94803736
-24.73348805 313.09748553 -0.95911868
-25.18496547 312.18227783 -0.97595548
-25.62223763 311.28320934 -0.99870503
-26.06785793 310.38280289 -0.99680574
-26.50914888 309.51043077 -0.99324322
-26.94899920 308.62510469 -0.96723816
-27.39698527 307.71902969 -0.95241199
-27.82663503 306.84131724 -0.94728052
-28.26164926 305.96663681 -0.95557164
-28.68498823 305.09886089 -0.96244852
-29.11415387 304.25309921 -0.95689253
-29.53807050 303.40872256 -0.94947338
-29.95147783 302.57542066 -0.93486303
-30.37806425 301.75169977 -0.92777889
-30.81174630 300.94209378 -0.90504167
-31.21447241 300.14965127 -0.90312993
-31.64737922 299.35190287 -0.90646915
-32.05089093 298.58321991 -0.89277729
-32.42124521 297.81486250 -0.88922314
-32.79665684 297.06233157 -0.88488479
-33.18663358 296.34479263 -0.88508144
-33.56814305 295.63587588 -0.86758587
-33.92076279 294.91873419 -0.85549162
-34.28129708 294.21722067 -0.83990938
-34.64161172 293.53999798 -0.83735614
-35.05041798 292.85556317 -0.82699371
-35.43811824 292.19300708 -0.80766670
-35.81183689 291.54306678 -0.79151373
-36.16903063 290.93570658 -0.77811627
-36.51649081 290.34647583 -0.76954644
-36.86633714 289.78661447 -0.75396522
-37.20313758 289.24507829 -0.74757839
-37.52386364 288.71076158 -0.73330205
-37.81143280 288.20315329 -0.73287217
-38.09427662 287.70542759 -0.72073532
-38.37003058 287.21459720 -0.70682334
-38.62141797 286.78081549 -0.69945019
-38.86156495 286.38034932 -0.70059987
-39.07959388 285.95061736 -0.70341852
-39.28745332 285.56148132 -0.71171120
-39.50117337 285.15103472 -0.70618545
-39.70232826 284.74992916 -0.70323007
-39.90653227 284.35899322 -0.69553227
-40.07126098 284.00862009 -0.71001913
-40.25127184 283.64315181 -0.70781902
-40.38927254 283.28627486 -0.70378499
-40.49492543 282.93596636 -0.70110385
-40.59526565 282.57140032 -0.69014945
-40.65964270 282.19740505 -0.68428333
-40.72838319 281.79508664 -0.68077781
-40.77447458 281.37964475 -0.66182459
-40.81286116 280.96025054 -0.62708785
-40.80496120 280.54966242 -0.60407875
-40.78236664 280.11021440 -0.56309151
-40.76124901 279.65679179 -0.51358097
-40.69454665 279.21165200 -0.45769610
-40.60585842 278.76105200 -0.38820362
-40.47713208 278.32143462 -0.33497800
-40.31420218 277.83424162 -0.26111802
-40.11895437 277.32124385 -0.19640671
-39.90379232 276.80491880 -0.13666724
-39.64995372 276.29504682 -0.07510334
-39.35366785 275.80253604 -0.03866252
-38.96935083 275.29665645 -0.02142955
-38.61200917 274.85359516 -0.01716654
-38.20931270 274.40542161 -0.02758940
-37.77602298 273.98833779 -0.08150030
-37.32883001 273.58239987 -0.13528336
-36.84342832 273.18801115 -0.18259511
-36.32999548 272.79408616 -0.27274429
-35.82292372 272.40876235 -0.35870235
-35.27896959 272.00483942 -0.44653338
-34.69671739 271.56097460 -0.52062195
-34.09921566 271.14457408 -0.57695893
-33.49024619 270.74706861 -0.66879054
-32.90057241 270.36309244 -0.71641131
-32.23024233 269.91328983 -0.81185807
-31.60128759 269.51639241 -0.88589689
-30.96724713 269.10550808 -0.92379705
-30.28300336 268.69197152 -0.97207943
-29.59661487 268.26568634 -1.02460089
-28.90136867 267.87330011 -1.09236226
-28.19959047 267.47243957 -1.14624238
-27.51206766 267.03506453 -1.16651380
-26.81194903 266.58845362 -1.15259943
-26.11719494 266.15695469 -1.13085347
-25.42549817 265.74666791 -1.12066192
-24.70649608 265.37430952 -1.12987160
-23.99651744 264.99187974 -1.13834934
-23.25529200 264.59349471 -1.11446619
-22.52238938 264.16482768 -1.08640627
-21.76819134 263.73841509 -1.06159641
-21.02322350 263.31769617 -1.06065580
-20.25494015 262.90306318 -1.04282368
-19.49746044 262.52083263 -1.06444337
-18.72301369 262.13319797 -1.05728367
-17.93162966 261.72086459 -1.03572861
-17.18544710 261.27550745 -1.02048499
-16.43745963 260.86621975 -0.98194313
-15.65526379 260.40162578 -0.99784273
-14.87919356 259.96031651 -1.00345569
-14.11388102 259.54588015 -1.04001401
-13.34287966 259.12407900 -1.10012900
-12.60061381 258.66954949 -1.12137910
-11.83169919 258.22074720 -1.15782050
-11.08171375 257.79616272 -1.25237180
-10.35671786 257.38626208 -1.28075260
-9.61652365 256.95469505 -1.29918791
-8.89819910 256.52194247 -1.31122900
-8.13390529 256.09286772 -1.25997667
-7.35935555 255.64537941 -1.24089199
-6.61742571 255.21595976 -1.19929973
-5.88433595 254.76355235 -1.13538697
-5.17243373 254.28705816 -1.08299407
-4.44716380 253.83674899 -1.03779458
-3.70878059 253.37461601 -1.01265269
-2.94826497 252.96387825 -0.96762704
-2.23561755 252.53169306 -0.94098721
-1.52114582 252.10164575 -0.89159398
-0.83713905 251.68262095 -0.85244538
-0.11380858 251.28538939 -0.80193274
0.54416973 250.94395439 -0.78788576
1.22017006 250.58776243 -0.79148698
1.88531705 250.24294772 -0.81957919
2.52771284 249.95386652 -0.86389473
3.12503908 249.63203600 -0.90002627
3.70828234 249.36845339 -0.92527817
4.29487352 249.10443003 -0.92663392
4.86056469 248.90191888 -0.99918427
5.41241057 248.66575643 -1.12066792
5.91606894 248.48328770 -1.27375109
6.45831002 248.24558409 -1.40194654
6.98083007 248.06587080 -1.57713023
7.54031773 247.85815745 -1.75603598
8.05878344 247.66909190 -1.93148758
8.57507140 247.52185796 -2.14972019
9.07106952 247.37826869 -2.37011317
9.60096018 247.23104961 -2.55000116
10.10726388 247.10987778 -2.74838182
10.62400159 246.95260633 -2.92659385
11.10914588 246.84070738 -3.14982260
11.61065547 246.72428455 -3.36225657
12.13567277 246.59581854 -3.56122959
12.61431670 246.47318483 -3.74439697
13.10659993 246.33993923 -3.93850781
13.60634756 246.19826146 -4.14112715
14.11416147 246.06352092 -4.31495821
14.58474352 245.96054505 -4.49083976
15.08116151 245.82478186 -4.65907251
15.57010740 245.66784397 -4.74142887
16.05010240 245.53971707 -4.85578470
16.53293682 245.41151991 -4.94155904
16.99025572 245.27960974 -4.95135867
17.46254455 245.17637691 -4.99169300
17.92818379 245.07964570 -4.99714815
18.36921393 245.00697391 -5.01966061
18.85451444 244.91184604 -5.01464550
19.32863727 244.84237574 -4.98896695
19.79369732 244.77669413 -4.91341548
20.19518000 244.74558155 -4.81009575
20.61744834 244.70721586 -4.72928807
21.06581495 244.65957812 -4.62135109
21.48397805 244.64907101 -4.46483763
21.88780901 244.67561324 -4.24671013
22.27475727 244.72275828 -4.01685168
22.67327175 244.77801192 -3.84016308
23.01095409 244.86354264 -3.63998494
23.38404646 244.95722740 -3.37363198
23.71564352 245.08815848 -3.13734106
24.07961901 245.23487961 -2.85450576
24.41722189 245.40645375 -2.56588564
24.74153358 245.59978471 -2.25994421
25.02175259 245.81985474 -1.95739182
25.30839312 246.04644612 -1.67981902
25.57974321 246.30519050 -1.37885139
25.86619757 246.54582050 -1.12132164
26.17254336 246.79462861 -0.84448279
26.46713609 247.05683658 -0.56389112
26.76095650 247.34487752 -0.27202908
27.04315327 247.60497821 0.01588754
27.32901057 247.88003756 0.30317986
27.61497534 248.14104979 0.58202615
27.91356092 248.39257142 0.86104909
28.19635919 248.64439995 1.13163628
28.49679143 248.88106343 1.37348336
28.81132759 249.12148575 1.60856528
29.10774281 249.33179439 1.81105686
29.42332431 249.52616101 2.02784867
29.74607754 249.70473161 2.22743026
30.07047268 249.91797564 2.42993044
30.38368999 250.10367058 2.60636780
30.74017849 250.28198853 2.76917208
31.08077824 250.42543845 2.88061402
31.42291001 250.52852605 2.97279836
31.74940729 250.61839987 3.03218762
32.09702437 250.69613296 3.08564131
32.44648300 250.73707421 3.12121578
32.78781248 250.77781422 3.15956187
33.14699423 250.81229456 3.18704556
33.49404865 250.82896470 3.18176415
33.86991143 250.82787524 3.18778411
34.25758886 250.82799347 3.18494922
34.67308116 250.78288022 3.17370190
35.09202672 250.72553875 3.13832185
35.52938614 250.65254268 3.08519225
35.95545378 250.57777649 3.03570984
36.40983937 250.49158206 2.97266781
36.87768837 250.39830957 2.90397557
37.37281825 250.27483160 2.82471997
37.86311157 250.15756642 2.74119861
38.33724887 250.02688717 2.64411898
38.81099866 249.88530081 2.56474482
39.30876176 249.72723245 2.46041469
39.85424408 249.54266423 2.35542766
40.39741421 249.35004985 2.25098922
40.95920183 249.13969126 2.14481445
41.54179283 248.92590010 2.04170445
42.14347186 248.71912254 1.93437389
42.73389556 248.50385399 1.83682473
43.33094447 248.28015804 1.72852137
43.93426909 248.04574504 1.62255375
44.58744535 247.80353253 1.52043066
45.22902617 247.54683984 1.41857898
45.88780289 247.29191026 1.31806138
46.54349392 247.02282372 1.21930404
47.24258572 246.74398721 1.11875860
47.95772985 246.44036701 1.02709744
48.67249073 246.13110599 0.92114106
49.37950819 245.81763478 0.81921319
50.11521697 245.49607172 0.72474620
50.83605600 245.16482207 0.62161723
51.56255341 244.83622525 0.51903036
52.35358953 244.48712727 0.43012239
53.09052147 244.15841777 0.34008223
53.86870424 243.81414339 0.25663017
54.66736065 243.45515084 0.16429580
55.45539710 243.09838560 0.08447757
56.20826153 242.73515446 -0.00320486
56.99346348 242.37034682 -0.08955010
57.78752573 242.00364800 -0.17166836
58.56606710 241.62405275 -0.25357120
59.38376263 241.22990740 -0.33173275
60.18686596 240.84418566 -0.41713785
60.97931201 240.46444059 -0.49012288
61.80706996 240.09047453 -0.55511425
62.60782449 239.71775202 -0.61283904
63.42351047 239.34570660 -0.67886474
64.21780130 238.97070119 -0.73893141
65.04060634 238.59233274 -0.78833326
65.88641696 238.19892502 -0.85268750
66.67864600 237.81947021 -0.90063282
67.51671057 237.43564836 -0.95071999
68.30335076 237.04952621 -0.99183241
69.12221706 236.66747773 -1.03743553
69.90315772 236.30290963 -1.09585750
70.70333651 235.93993761 -1.15067877
71.46940704 235.58144750 -1.18803312
72.23512758 235.21696177 -1.21235069
73.02181158 234.84628009 -1.22981519
73.77317869 234.48513028 -1.25205120
74.51971416 234.14140167 -1.27444121
75.26940655 233.78484853 -1.30908361
76.02148929 233.42410085 -1.33464340
76.77020779 233.06482430 -1.34434985
77.52165835 232.70495354 -1.34683813
78.27183437 232.35373313 -1.35819427
79.04159110 232.00903507 -1.36541139
79.77756696 231.65971030 -1.38104355
80.53360624 231.31420218 -1.39520450
81.31267536 230.94235298 -1.38195077
82.05454298 230.59641580 -1.37996374
82.79508570 230.25232799 -1.37901583
83.52835579 229.92152637 -1.37988235
84.22280681 229.60144134 -1.37404091
84.92023106 229.29684642 -1.37755289
85.58682833 228.99612531 -1.37081734
86.23215635 228.71022711 -1.37334739
86.90978535 228.42456046 -1.36357590
87.56902160 228.13626057 -1.35936396
88.22617003 227.84871349 -1.34994195
88.86846056 227.57014140 -1.33998421
89.45915240 227.29347404 -1.32736905
90.12123969 227.02293179 -1.31951474
90.74510834 226.74907671 -1.31229631
91.36346414 226.47002820 -1.29805829
92.00601114 226.19662724 -1.28918045
92.59938768 225.92333476 -1.27430839
93.20417264 225.66152266 -1.26635361
93.78727183 225.39805789 -1.26372019
94.33492819 225.14646741 -1.25929058
94.88096769 224.91237576 -1.24261278
95.38735415 224.67497740 -1.23174953
95.89265001 224.44912819 -1.21441194
96.34961168 224.22450561 -1.20446393
96.78179858 224.00785653 -1.19595114
97.21495994 223.78529448 -1.18860798
97.63111463 223.57538243 -1.18149847
98.02640467 223.37460746 -1.17124865
98.41008556 223.16594676 -1.17272727
98.77098849 222.96369989 -1.16681319
99.11942651 222.77370273 -1.15912286
99.45214528 222.58451785 -1.14848727
99.76520233 222.40254693 -1.14629588
100.06995472 222.22798685 -1.14428735
100.34200332 222.05044683 -1.13696029
100.62869914 221.85490889 -1.13745841
100.87742609 221.68593305 -1.13145009
101.10214243 221.52461270 -1.12176264
101.30651828 221.38114130 -1.11021415
101.52600015 221.25029964 -1.10428896
101.69901251 221.12670517 -1.09964098
101.85784387 221.01637163 -1.09832616
102.00113096 220.91047975 -1.09626735
102.13824702 220.80556859 -1.09598828
102.27857573 220.69027415 -1.09514234
102.39359959 220.57501730 -1.08439783
102.51595682 220.46323310 -1.07240658
102.63144028 220.34154261 -1.06398563
102.73775215 220.23161285 -1.05855256
102.85608773 220.11927625 -1.05445115
102.97882651 220.00050825 -1.05080437
103.10283019 219.85956688 -1.03880523
103.22897535 219.72069341 -1.02235994
103.36299255 219.58038041 -1.02324901
103.50370345 219.42097608 -1.01794350
103.64686162 219.24527893 -1.01309405
103.80340465 219.02676011 -1.01691094
103.97239364 218.78652905 -1.06584514
104.13954931 218.55267084 -1.06906656
104.30523381 218.30610881 -1.07328230
104.48979963 218.03050750 -1.07400179
104.66878266 217.71684146 -1.12080304
104.82085222 217.38547427 -1.15138671
104.95623044 217.03935832 -1.17898507
105.07580365 216.68688056 -1.22065558
105.16854369 216.31894617 -1.23580391
105.26937619 215.94124893 -1.25676630
105.34683134 215.50655638 -1.28121323
105.39690695 215.05603547 -1.29289851
105.44813052 214.60875373 -1.30588797
105.45828172 214.12280080 -1.31616835
105.42512128 213.61047927 -1.33101501
105.37083999 213.09392336 -1.35058631
105.27172354 212.57380553 -1.36311894
105.14064147 212.00396978 -1.37494725
104.98747043 211.42520845 -1.38426184
104.80599269 210.85304208 -1.39817247
104.58795535 210.25127639 -1.42243408
104.33249760 209.63567792 -1.45275799
104.05733977 209.02141046 -1.47719660
103.75761860 208.37564832 -1.50327191
103.44223130 207.72472851 -1.53477067
103.10078728 207.06851838 -1.56576995
102.74173593 206.40887440 -1.59944305
102.36801459 205.72015643 -1.62124056
101.99189851 205.02775798 -1.64829181
101.60013756 204.32222789 -1.68090971
101.18335033 203.58760848 -1.71379931
100.76056641 202.85190662 -1.73324205
100.32739764 202.08382915 -1.76370096
99.88024090 201.29767660 -1.79114027
99.43566022 200.51838998 -1.81483915
98.97091078 199.70605798 -1.83675344
98.51039766 198.89414238 -1.85334174
98.01796464 198.03617356 -1.87584960
97.51695836 197.16076096 -1.89555495
97.03772297 196.29172167 -1.90718694
96.53805697 195.40214989 -1.92191554
96.08014242 194.52186400 -1.91864973
95.58639739 193.60194720 -1.92518087
95.08248522 192.64890816 -1.91766939
94.58891486 191.69497915 -1.92889313
94.09629862 190.73066578 -1.93078597
93.59492359 189.75338380 -1.93174912
93.07086963 188.76017637 -1.92605840
92.54893778 187.74630098 -1.91490083
92.03099623 186.72890028 -1.90632603
91.52654397 185.71604048 -1.89454281
91.02201560 184.69597359 -1.88761726
90.50534096 183.65496461 -1.88121253
89.99470923 182.62176613 -1.87017885
89.50921799 181.60304593 -1.85574825
89.00214609 180.56333233 -1.84212795
88.49867498 179.51357362 -1.82034569
87.98094442 178.45943429 -1.80135929
87.48007825 177.41436751 -1.77532624
86.99142715 176.38187266 -1.73937507
86.48537807 175.32823663 -1.71828825
85.96147533 174.26726992 -1.69259834
85.43033770 173.18728867 -1.67130162
84.89650996 172.11173071 -1.65065520
84.37677565 171.02955924 -1.63312990
83.83791981 169.94858416 -1.61135467
83.28634706 168.85419920 -1.58341177
82.73245278 167.76116002 -1.55807457
82.17316148 166.65576524 -1.55281740
81.63805979 165.57263367 -1.54270630
81.09097305 164.46858950 -1.52942258
80.53783451 163.35037488 -1.51441848
79.93836416 162.20055448 -1.49427283
79.36064035 161.06265118 -1.47224831
78.78779283 159.92646925 -1.45758477
78.23044996 158.79502673 -1.43671954
77.64400841 157.64268211 -1.41220395
77.06241089 156.50258514 -1.39399541
76.47127258 155.34538520 -1.36983744
75.89035201 154.18009878 -1.35722151
75.30404747 153.01625628 -1.33698099
74.70407330 151.84078086 -1.31143710
74.08907844 150.65335404 -1.28037736
73.51791475 149.48828779 -1.24819725
72.92972343 148.28987615 -1.19468374
72.35342956 147.10852707 -1.16750767
71.77664068 145.93143823 -1.15103297
71.20835906 144.75271052 -1.12872514
70.61760390 143.56950323 -1.10563663
70.03984847 142.38419328 -1.07325215
69.46860255 141.21666855 -1.05233842
68.89973830 140.03306705 -1.01742797
68.32802511 138.84770374 -0.98402654
67.75115553 137.67260971 -0.96167631
67.18461492 136.50547861 -0.94156518
66.60195245 135.30184414 -0.92019211
66.00962729 134.08338865 -0.89741339
65.42741704 132.89708256 -0.87364788
64.86705879 131.73232415 -0.84478476
64.30863784 130.56084737 -0.81736881
63.75957077 129.39400572 -0.79122992
63.21353682 128.22953128 -0.77030553
62.66118600 127.06222037 -0.75656816
62.11583949 125.89898845 -0.73425419
61.56602277 124.73343333 -0.70991196
61.01900679 123.57588077 -0.70447751
60.47574235 122.40321970 -0.70362030
59.92247963 121.24103824 -0.69128435
59.38783322 120.08835042 -0.66705030
58.85362498 118.92343288 -0.65621393
58.30698279 117.75737784 -0.63955419
57.78361557 116.61879516 -0.62807247
57.27265338 115.48775015 -0.61884581
56.77317895 114.36701822 -0.60665345
56.25741900 113.22730709 -0.59442963
55.75254764 112.11096348 -0.56703940
55.25389965 111.01742108 -0.54353722
54.76572174 109.94264182 -0.52694481
54.26850166 108.87041668 -0.50313330
53.80348556 107.84135219 -0.47020280
53.33707654 106.82651796 -0.44838964
52.86843020 105.81549331 -0.42338818
52.40927844 104.82874571 -0.40102120
51.95514058 103.85342752 -0.37809336
51.51270176 102.91135538 -0.36005961
51.06605657 101.97737397 -0.33137927
50.62725840 101.07054600 -0.31441596
50.23294858 100.21140104 -0.28231000
49.82380890 99.34597088 -0.25291921
49.43208989 98.50511530 -0.24139847
49.05490422 97.69054241 -0.22194519
48.64648681 96.87135252 -0.21317136
48.26557251 96.08793875 -0.20395265
47.90294993 95.34018063 -0.18368697
47.52637229 94.59741627 -0.17710960
47.17925595 93.90066726 -0.16510999
46.85084967 93.23305613 -0.15446339
46.51250494 92.55045837 -0.14433460
46.18703705 91.91011949 -0.14192440
45.88104920 91.28945456 -0.12984313
45.59335614 90.67180798 -0.11631686
45.31887411 90.07069294 -0.10271039
45.06062855 89.47664675 -0.09069306
44.84568374 88.89897612 -0.08151275
44.63530871 88.33040150 -0.07284767
44.44570562 87.77474600 -0.05919541
44.29863823 87.23215308 -0.04883380
44.15111225 86.68662524 -0.04394558
44.03973858 86.14634134 -0.03544098
43.96196652 85.61877422 -0.02698862
43.90447717 85.09818038 -0.03094631
43.87954529 84.59447144 -0.03551961
43.88725388 84.09643108 -0.04005331
43.91563720 83.60499165 -0.06086437
43.97401922 83.11268841 -0.06591122
44.05207430 82.61977759 -0.07365075
44.17608389 82.14512801 -0.07534824
44.32203443 81.68603251 -0.07277636
44.51055850 81.19085460 -0.01322966
44.71752920 80.76790978 -0.02524139
44.94871189 80.34843684 -0.04533520
45.18260119 79.96582182 -0.05504025
45.44513380 79.58658872 -0.07210732
45.71918335 79.23490394 -0.08700552
46.02491923 78.88668292 -0.10396010
46.35858652 78.56264679 -0.12224329
46.71562579 78.24411617 -0.14370856
47.11319038 77.90695435 -0.15833678
47.51234808 77.59964719 -0.16496693
47.96140109 77.28437857 -0.16424696
48.39904775 76.99368762 -0.17816488
48.85942366 76.68915119 -0.20485444
49.31961824 76.40492158 -0.21693499
49.82867509 76.09862971 -0.21864132
50.34477372 75.80678357 -0.21557721
50.81074517 75.53595428 -0.22917781
51.33887495 75.23972625 -0.24437065
51.85397157 74.93272084 -0.25048293
52.39422910 74.62312428 -0.25310292
52.94864573 74.30126902 -0.25305262
53.49971645 73.96800341 -0.25038253
54.06093254 73.63698446 -0.25895611
54.64562387 73.29112027 -0.26095748
55.23972630 72.93345713 -0.26141606
55.85357008 72.57699693 -0.26075320
56.46441878 72.20766458 -0.25658825
57.09632307 71.82321130 -0.26056192
57.75158727 71.43328006 -0.26515765
58.43551498 71.03402931 -0.26299740
59.13003430 70.62253936 -0.27459673
59.84627053 70.21256420 -0.28642283
60.56920105 69.81238696 -0.29744057
61.34996685 69.40574499 -0.31330714
62.09164162 68.99630937 -0.32444418
62.86153266 68.59810163 -0.33583142
63.61932327 68.20327530 -0.35451561
64.40150780 67.81506231 -0.36532447
65.13807416 67.42735885 -0.36607153
65.90772591 67.05151866 -0.36518668
66.69102229 66.68599727 -0.36678010
67.52275580 66.32478980 -0.36836392
68.30895402 65.95653122 -0.36898378
69.12926925 65.59643569 -0.36280670
69.89161061 65.22688321 -0.36468840
70.66686623 64.85471914 -0.37950793
71.40940194 64.47139778 -0.36984733
72.16500082 64.08166837 -0.36705586
72.89813486 63.67645605 -0.36554019
73.62774123 63.27603079 -0.36943605
74.36761673 62.86317653 -0.38585278
75.09761173 62.44066423 -0.39925446
75.82974596 62.02239313 -0.40408898
76.55194742 61.59304079 -0.41082753
77.26026423 61.14987323 -0.42359844
77.96775591 60.69803314 -0.43529068
78.67619247 60.23250049 -0.44415788
79.40236283 59.74742794 -0.44092343
80.10084450 59.28622154 -0.44525126
80.82381725 58.80465005 -0.45642578
81.57354194 58.32237352 -0.47064950
82.28809366 57.83637617 -0.47795517
83.03665436 57.34259177 -0.47406943
83.77822513 56.84773865 -0.47565577
84.47412512 56.35636534 -0.46802108
85.21869642 55.86164827 -0.46873670
85.94159386 55.37597497 -0.47090723
86.68161893 54.88270966 -0.47344953
87.40334699 54.38324628 -0.47198568
88.13791461 53.88446526 -0.46746369
88.86915293 53.36557960 -0.46468665
89.61181867 52.84906310 -0.46411636
90.31660702 52.32114670 -0.46160826
91.01727275 51.77292181 -0.44999845
91.69532011 51.21730199 -0.43697556
92.39126608 50.63436846 -0.42819117
93.03420486 50.05555578 -0.42303272
93.66863681 49.45607768 -0.41443581
94.29737658 48.84968407 -0.41313732
94.90533570 48.22785705 -0.40742591
95.49320279 47.59140649 -0.40305883
96.06042321 46.95291248 -0.40618737
96.64151061 46.28884156 -0.41817644
97.18228141 45.62857494 -0.40981089
97.76763515 44.92091369 -0.41137895
98.32856265 44.22892954 -0.42139834
98.86014562 43.54508458 -0.44280285
99.39215228 42.86357271 -0.47228223
99.94282052 42.17515852 -0.50100716
100.48130040 41.48732543 -0.50599056
101.06585594 40.77993371 -0.50679843
101.64092298 40.07018817 -0.51042774
102.21945748 39.34353513 -0.50410355
102.78672169 38.62426171 -0.51101578
103.36733746 37.88735386 -0.52301875
103.95784394 37.12113394 -0.53766842
104.52876026 36.35247686 -0.55891885
105.13800378 35.52567008 -0.57014575
105.68630390 34.69661767 -0.58027363
106.22218967 33.88745027 -0.58537712
106.73668895 33.08772367 -0.59765884
107.24750691 32.28621625 -0.58720884
107.75558090 31.47045274 -0.57263158
108.26539468 30.64992579 -0.56036503
108.77279793 29.81211655 -0.55493841
109.27431693 28.97572653 -0.55633798
109.77813943 28.13400188 -0.55135257
110.28765424 27.29919311 -0.54088088
110.77909958 26.48192615 -0.53162919
111.30646064 25.64705521 -0.52223723
111.82160617 24.81815328 -0.51056047
112.34943307 23.96412079 -0.51382225
112.84262393 23.14523846 -0.50081398
113.33815154 22.31166095 -0.49035707
113.80907323 21.48417896 -0.47536397
114.27723701 20.64033951 -0.47136516
114.74516173 19.78978989 -0.46763387
115.20250736 18.94014667 -0.46837301
115.65907475 18.07424502 -0.46279190
116.06382385 17.22688683 -0.46357102
116.48166319 16.35561672 -0.46608127
116.85682775 15.49302560 -0.45743062
117.23138912 14.62529553 -0.44730916
117.59764327 13.74821432 -0.45036920
117.94923056 12.87512519 -0.44800743
118.28711671 11.99882454 -0.45029793
118.61208763 11.13153430 -0.44065818
118.92695892 10.23560189 -0.43295019
119.22528651 9.36991629 -0.41873060
119.51318502 8.49838572 -0.40876071
119.79327241 7.66313641 -0.40842509
120.07193306 6.84081009 -0.40632076
120.34306162 6.02435468 -0.40027602
120.61361770 5.23650032 -0.39961665
120.87960711 4.48546890 -0.39473004
121.14836874 3.77235935 -0.38116036
121.42010212 3.05071954 -0.37723799
121.67965496 2.37357658 -0.36757583
121.93524728 1.72200162 -0.36670974
122.21234761 1.05358231 -0.36330420
122.46302114 0.42790816 -0.35788634
122.67674304 -0.18391039 -0.35289666
122.92937312 -0.81696463 -0.35017720
123.16945489 -1.43797793 -0.34275165
123.40568095 -2.05718778 -0.33918209
123.65157768 -2.68923755 -0.33023613
123.89865566 -3.32168335 -0.31445968
124.12161828 -3.92244132 -0.31576834
124.34886906 -4.54538457 -0.32629619
124.57704528 -5.17211298 -0.34433891
124.80199503 -5.81743570 -0.36247120
125.03475530 -6.45965781 -0.36675592
125.28630946 -7.14839320 -0.37103662
125.50105942 -7.79520800 -0.37306539
125.72362195 -8.44486004 -0.37577154
125.94343944 -9.12981606 -0.37728277
126.18776273 -9.83997845 -0.37111232
126.44045834 -10.55272933 -0.37825354
126.67442526 -11.22217060 -0.37633735
126.94210424 -11.92587041 -0.39328028
127.22097399 -12.62427527 -0.41025131
127.51027513 -13.34912171 -0.42404430
127.80754430 -14.08228569 -0.43378687
128.11644746 -14.80731210 -0.44239482
128.41817173 -15.53105819 -0.46643033
128.73460907 -16.27668291 -0.48595033
129.04489142 -17.02530405 -0.49297874
129.35296140 -17.77494098 -0.48583789
129.70306129 -18.56937469 -0.47467767
130.04793999 -19.35572588 -0.48795399
130.39282750 -20.14668517 -0.48334964
130.73168100 -20.95532017 -0.48457788
131.09028907 -21.79761420 -0.49335811
131.45888857 -22.65724720 -0.48902895
131.81865897 -23.49983905 -0.48071920
132.19032762 -24.36269189 -0.49363847
132.55788175 -25.22545353 -0.49744003
132.91353731 -26.08393210 -0.50852805
133.28258650 -26.96566488 -0.51050100
133.69052851 -27.95434101 -0.50627496
134.05918030 -28.84058932 -0.50636503
134.42535767 -29.72384625 -0.50578510
134.80949671 -30.62326868 -0.52549852
135.17794634 -31.50432818 -0.54750749
135.56399498 -32.41321848 -0.57144655
135.93627115 -33.31075310 -0.58308135
136.31133961 -34.21562260 -0.59323754
136.67158681 -35.10260242 -0.59272800
137.04136356 -35.98583048 -0.59975958
137.40894274 -36.86531092 -0.61153466
137.77799782 -37.75428862 -0.61656903
138.16385702 -38.63005928 -0.61281208
138.56411733 -39.50543781 -0.61714080
138.94944653 -40.38290524 -0.61548511
139.34619997 -41.27268013 -0.62319900
139.72481394 -42.14391887 -0.63137102
140.09741482 -42.99742102 -0.63749540
140.48993355 -43.88504600 -0.65930596
140.85866725 -44.75802315 -0.67569799
141.22510284 -45.62905524 -0.68794855
141.59182308 -46.50068206 -0.70943340
141.95403688 -47.34564983 -0.70470071
142.32887255 -48.21758231 -0.70311533
142.69752141 -49.08925688 -0.69700645
143.06002841 -49.95188249 -0.69161760
143.42546470 -50.81541171 -0.70469338
143.78389991 -51.66817271 -0.70465380
144.13495935 -52.49760674 -0.70793800
144.49117790 -53.32707609 -0.70628864
144.83325286 -54.13415165 -0.69482397
145.17601854 -54.93535425 -0.68756263
145.50445576 -55.71728532 -0.69717866
145.82296161 -56.48670964 -0.71368180
146.10932754 -57.23095173 -0.71663082
146.39646282 -57.97673632 -0.69661700
146.68049532 -58.70334730 -0.66566873
146.95862335 -59.40390870 -0.65141443
147.22603210 -60.08653108 -0.65078996
147.46218864 -60.75067396 -0.66078461
147.69624186 -61.38790140 -0.66223453
147.93080539 -62.00841631 -0.66357301
148.15817804 -62.60734931 -0.65682582
148.37182827 -63.19377723 -0.64844707
148.57447005 -63.73900230 -0.62988897
148.77802078 -64.30110993 -0.62411465
148.98914538 -64.82605587 -0.61475775
149.21446301 -65.34801266 -0.60912334
149.45837431 -65.85617523 -0.60028629
149.72164270 -66.34691614 -0.59609902
149.99831988 -66.81118858 -0.59003168
150.29901098 -67.26711482 -0.58028687
150.62110150 -67.71156955 -0.57158108
150.95847191 -68.14144026 -0.56494213
151.31492744 -68.55438625 -0.55526867
151.70174959 -68.96150916 -0.55825331
152.09689161 -69.35243455 -0.55307063
152.53646480 -69.73560526 -0.53389962
152.98063548 -70.09146406 -0.52189216
153.45238755 -70.44334875 -0.52974508
153.91486830 -70.78148110 -0.52740174
154.41192405 -71.11568567 -0.52198581
154.96054164 -71.44265992 -0.53358209
155.47472843 -71.76143755 -0.54099413
156.01707905 -72.08214608 -0.54913355
156.54988419 -72.40816580 -0.55725347
157.09774786 -72.73753638 -0.56559423
157.67827424 -73.06788851 -0.57537639
158.22815538 -73.40843253 -0.57577802
158.80014488 -73.75554095 -0.57276204
159.37927510 -74.11141307 -0.58146102
159.93507158 -74.46479999 -0.59360765
160.52974773 -74.83683577 -0.61332324
161.12451745 -75.22011512 -0.62162476
161.71040184 -75.60164306 -0.60745783
162.39063847 -76.00559395 -0.61419648
163.00548692 -76.40544855 -0.61032771
163.60696372 -76.81505540 -0.62197746
164.19511186 -77.22699589 -0.62476547
164.77044885 -77.63504861 -0.61765375
165.42697404 -78.07668913 -0.61337714
166.05542025 -78.50347374 -0.60460176
166.71547963 -78.93898424 -0.60325748
167.29193101 -79.35825048 -0.59859813
167.89014725 -79.79023237 -0.59422323
168.54347215 -80.24013674 -0.58851880
169.19218581 -80.68628672 -0.59179591
169.78892411 -81.12201226 -0.60508483
170.58710328 -81.61794380 -0.63930910
171.22788356 -82.05886737 -0.64519869
171.82823453 -82.47241145 -0.65877529
172.42702682 -82.89817565 -0.67096295
173.05676882 -83.33975701 -0.68038008
173.72957745 -83.82882504 -0.68626992
174.37722482 -84.29076123 -0.68708455
174.97683851 -84.71065145 -0.68249683
175.69046994 -85.19250584 -0.70121649
176.30679692 -85.63593780 -0.70742214
176.97792016 -86.09933259 -0.71291384
177.57861135 -86.53721301 -0.70113804
178.30348139 -87.02212483 -0.69808241
179.00833878 -87.52063344 -0.70479950
179.76537189 -88.02777625 -0.70386750
180.44079778 -88.51072597 -0.69283576
181.14916854 -89.00059519 -0.69001011
181.82690047 -89.48931020 -0.69681745
182.50039005 -89.98578990 -0.68942707
183.17953402 -90.47703548 -0.68691487
183.88595422 -90.97857790 -0.68868117
184.58417395 -91.48028132 -0.68344252
185.28245684 -91.97312281 -0.67931845
185.98345779 -92.47444322 -0.67015544
186.68521488 -92.98135298 -0.67514672
187.39378686 -93.48171422 -0.69229402
188.07551363 -93.96378134 -0.70580130
188.77526147 -94.44799932 -0.68468657
189.46978041 -94.93454788 -0.66348295
190.15598527 -95.41289199 -0.65773558
190.84766147 -95.88577185 -0.67152702
191.54147992 -96.36510218 -0.68394624
192.22300866 -96.84581439 -0.68127812
192.89169714 -97.34256766 -0.67284653
193.59416856 -97.83291524 -0.65462979
194.29271574 -98.32548616 -0.64831378
194.99815119 -98.83490466 -0.65341288
195.70230673 -99.33605710 -0.66509726
196.42394268 -99.86189363 -0.67223109
197.11567746 -100.36127779 -0.66362669
197.83696009 -100.87110032 -0.65365951
198.56034906 -101.38398810 -0.65105666
199.27188630 -101.88094351 -0.65305368
199.99397948 -102.39246792 -0.65822388
200.71339173 -102.89529167 -0.66162415
201.43987336 -103.41388324 -0.66132362
202.18596374 -103.94134104 -0.66486429
202.93135621 -104.46942384 -0.66419533
203.66129234 -104.98817069 -0.64913623
204.41184531 -105.52439181 -0.64619026
205.16084551 -106.05539234 -0.66769888
205.88147377 -106.58540845 -0.66384783
206.63724251 -107.11221801 -0.65774876
207.36178518 -107.62672697 -0.64194337
208.09868970 -108.14417282 -0.64124747
208.85157468 -108.66744288 -0.65177077
209.57098066 -109.18774309 -0.66391388
210.27165312 -109.70107968 -0.67316380
211.00928088 -110.23200629 -0.67709595
211.73416076 -110.75702700 -0.66861226
212.46713626 -111.27960346 -0.65947853
213.17802277 -111.79203262 -0.64779798
213.87791941 -112.30479983 -0.64912878
214.58518445 -112.82988665 -0.64738930
215.29101502 -113.33847488 -0.63769589
215.98816497 -113.84049786 -0.62384208
216.68672789 -114.33706477 -0.60744514
217.37868114 -114.81672502 -0.61057204
218.08276911 -115.30650755 -0.62053275
218.77843674 -115.79823174 -0.61185180
219.46999251 -116.28344150 -0.59225396
220.14535933 -116.76481332 -0.57296704
220.80221215 -117.23712637 -0.56501509
221.46035486 -117.70755595 -0.56587232
222.11866654 -118.16479525 -0.57037385
222.78511991 -118.61607556 -0.56349796
223.41500540 -119.05203079 -0.55812977
224.04944006 -119.48701512 -0.54208844
224.65443431 -119.90980339 -0.53254799
225.25004322 -120.32519224 -0.53265981
225.87017065 -120.73768463 -0.53728698
226.43868460 -121.14531371 -0.54135379
227.00404326 -121.54754010 -0.53361643
227.58181374 -121.94692286 -0.52638942
228.13615684 -122.34537066 -0.51949512
228.68463474 -122.73993917 -0.51162057
229.21742441 -123.12305715 -0.50593228
229.73434377 -123.50282072 -0.50403619
230.23677006 -123.87366308 -0.49967987
230.75103115 -124.25920175 -0.49101774
231.22546012 -124.63334474 -0.48075000
231.69172302 -125.01173741 -0.47219460
232.15257113 -125.39735981 -0.46157252
232.59440903 -125.75412521 -0.45531525
233.02486950 -126.12165110 -0.45629111
233.44521098 -126.49771139 -0.45403052
233.84130498 -126.84655375 -0.45102722
234.22085319 -127.17949866 -0.44720422
234.58247129 -127.50657446 -0.44119064
234.92548615 -127.82699736 -0.43084483
235.24150777 -128.13536994 -0.43156465
235.54601468 -128.40770881 -0.41936917
235.82971903 -128.66402689 -0.41706451
236.10502251 -128.89399657 -0.41211614
236.34651413 -129.11823115 -0.41041095
236.58447667 -129.33666368 -0.40359998
236.81263853 -129.53164261 -0.40645473
237.03238178 -129.71335238 -0.39636690
237.23665015 -129.88356426 -0.40233741
237.43199835 -130.05076329 -0.39280577
237.62624716 -130.21489803 -0.38941434
237.82782659 -130.35740560 -0.39243756
238.02456013 -130.49181390 -0.39176953
238.22364450 -130.62704213 -0.39385999
238.42290370 -130.74811365 -0.39140029
238.62034396 -130.86347423 -0.39200099
238.82526637 -130.96889437 -0.38271283
239.02967959 -131.06581275 -0.38901197
239.24701366 -131.15396592 -0.38621914
239.46408306 -131.23544502 -0.38699786
239.69456269 -131.30180778 -0.38778981
239.94597141 -131.36192118 -0.38805479
240.21609180 -131.41717887 -0.39574622
240.49227226 -131.48273748 -0.39633569
240.78383757 -131.51373767 -0.39862327
241.08254845 -131.51712318 -0.39179846
241.36805699 -131.47700442 -0.40150942
241.66116713 -131.41958799 -0.40394221
241.96926004 -131.35608936 -0.41582449
242.29058744 -131.28297508 -0.41657805
242.61088654 -131.19025274 -0.41830896
242.95756379 -131.05612952 -0.41808738
243.30661225 -130.88551050 -0.40293978
243.65373055 -130.69230593 -0.40716812
244.00417387 -130.48187420 -0.41425910
244.36998717 -130.23486384 -0.41188785
244.74298218 -129.95536414 -0.42780717
245.11622094 -129.64750695 -0.44241750
245.50909857 -129.32091053 -0.44554246
245.91258354 -128.96683189 -0.44739968
246.32241111 -128.58365283 -0.44804796
246.73456912 -128.17259706 -0.45172379
247.15047237 -127.73707153 -0.46561154
247.56730521 -127.27483869 -0.47611074
247.98086307 -126.78308014 -0.46201764
248.38595192 -126.26663191 -0.46208757
248.79321503 -125.73672191 -0.47868666
249.20554526 -125.17050834 -0.50460436
249.62180946 -124.57254088 -0.51587695
250.00758732 -123.95495434 -0.49472989
250.42192338 -123.32406613 -0.46699613
250.84293895 -122.69287682 -0.44271951
251.24390944 -122.00732739 -0.44562980
251.66824456 -121.32589312 -0.43618575
252.10044881 -120.62064492 -0.44544020
252.54374719 -119.89648333 -0.46217354
252.99954019 -119.16896773 -0.47377006
253.46450536 -118.40617466 -0.46513288
253.94486311 -117.57974995 -0.50975421
254.42048236 -116.74652285 -0.54889981
254.94759955 -115.95612514 -0.55674509
255.46899756 -115.23354600 -0.55063090
255.97300197 -114.44362654 -0.56671625
256.48595947 -113.65979707 -0.60761572
257.01847611 -112.96473253 -0.57441685
257.54179176 -112.15727017 -0.58518438
258.05691230 -111.34748495 -0.59872458
258.59237959 -110.51271135 -0.59110988
259.11447989 -109.70511876 -0.58503242
259.63047719 -108.87053541 -0.59674068
260.18901757 -108.02142942 -0.61732477
260.70641057 -107.19742533 -0.63724061
261.22944269 -106.38887564 -0.64873005
261.74953278 -105.56733443 -0.65993473
262.24018248 -104.76823865 -0.63600079
262.77514475 -103.90996155 -0.64679089
263.36320568 -103.18398295 -0.59415714
263.90277658 -102.25276358 -0.64917808
264.45588462 -101.40613899 -0.67966133
265.00512571 -100.55377401 -0.68762737
265.55132022 -99.73324218 -0.71429425
266.08429885 -98.85321703 -0.76303276
266.60728782 -98.05030506 -0.79264928
267.14297059 -97.23192044 -0.77664097
267.69137934 -96.39008025 -0.80446586
268.24695889 -95.54794272 -0.82508637
268.81608084 -94.62616927 -0.82101814
269.38175439 -93.74724759 -0.83997990
269.94791528 -92.85725734 -0.84707239
270.50465363 -91.98258274 -0.88185369
271.10377320 -91.13901523 -0.91724057
271.64417317 -90.25210498 -0.93212559
272.38247022 -89.36997550 -0.89577462
273.11841701 -88.49523188 -0.87122341
273.55954025 -87.73298602 -0.88188662
274.12200135 -86.94330817 -0.89308706
274.67196556 -86.16112904 -0.90290541
275.18686872 -85.40431341 -0.91170146
275.67728315 -84.66012245 -0.88709759
276.16155893 -83.89005018 -0.88323601
276.70567026 -83.06633775 -0.90634929
277.21348451 -82.21046305 -0.87765858
277.72260126 -81.40300796 -0.86019811
278.23146045 -80.59663354 -0.84312569
278.78054048 -79.75697569 -0.84372364
279.31812587 -78.97373845 -0.83671941
279.84840557 -78.07645973 -0.83988317
280.40752352 -77.24788814 -0.86892037
280.93757505 -76.43032811 -0.85632298
281.47462306 -75.65861862 -0.85702797
281.98769809 -74.87975717 -0.87196082
282.52229497 -74.06266240 -0.87067083
283.04387568 -73.19642332 -0.89504766
283.56659274 -72.34473761 -0.90020134
284.08922717 -71.56242134 -0.90595996
284.69332646 -70.75100327 -0.90579800
285.24206933 -69.94332699 -0.86386814
285.72634577 -69.15503331 -0.91027206
286.42503102 -68.39098401 -0.93948912
286.98763768 -67.57403780 -0.95179919
287.52649466 -66.77498544 -0.95736014
288.08157762 -65.98331961 -0.93577138
288.64471411 -65.13014088 -0.90038430
289.22321800 -64.34239996 -0.87572846
289.78469356 -63.49651323 -0.86937281
290.35511919 -62.67912752 -0.87786598
290.92552353 -61.86402429 -0.89108447
291.50177282 -61.04328716 -0.89068819
292.07951928 -60.22935215 -0.87447849
292.61453300 -59.51982843 -0.88558059
293.18876766 -58.75410947 -0.87991885
293.77302161 -57.97702291 -0.88040922
294.34240854 -57.24711408 -0.87919222
294.89782844 -56.55232357 -0.88188349
295.43236382 -55.88497869 -0.88729087
295.98510518 -55.20227702 -0.89256323
296.53035364 -54.51844810 -0.89464150
297.07450162 -53.86761012 -0.89185507
297.65480604 -53.20095715 -0.89253968
298.24519148 -52.48914051 -0.88413519
298.81967969 -51.80032200 -0.87565960
299.31489660 -51.07543692 -0.88111227
299.88606405 -50.33500409 -0.88111412
300.45091924 -49.62917192 -0.86893460
301.02151898 -48.95966668 -0.86715349
301.59650280 -48.25055552 -0.87306982
302.15549809 -47.55614743 -0.87529625
302.71293410 -46.86715219 -0.86929563
303.25906058 -46.18232604 -0.86380498
303.79217312 -45.48670277 -0.84678168
304.32626396 -44.77158676 -0.84963712
304.78470206 -44.17634785 -0.84121999
305.27742822 -43.47260312 -0.84174953
305.78637339 -42.88931281 -0.84078530
306.18124699 -42.34826983 -0.83513765
306.64017956 -41.74594359 -0.82875065
307.11323621 -41.08049983 -0.83214714
307.53120255 -40.55213820 -0.83465286
307.97418739 -40.03650393 -0.84137568
308.42092867 -39.48457778 -0.84301123
308.85902501 -38.91972939 -0.82634472
309.27722204 -38.42728892 -0.82628203
309.71767095 -37.91910347 -0.81141444
310.15441294 -37.44815106 -0.81740846
310.59415653 -36.96319670 -0.79942113
310.99733691 -36.53795328 -0.79449421
311.38181370 -36.12800586 -0.79489817
311.76259201 -35.72466553 -0.79542975
312.13374955 -35.33838831 -0.78644678
312.51412990 -34.94303469 -0.77316888
312.88609633 -34.56961941 -0.77283498
313.23994844 -34.24876360 -0.76251073
313.58245222 -33.94570108 -0.75894169
313.89286307 -33.62828426 -0.76060447
314.20662669 -33.31581322 -0.76939737
314.56101043 -32.95513122 -0.78272317
314.90756583 -32.61249664 -0.78283702
315.26769661 -32.26824907 -0.77452875
315.58878693 -31.88758615 -0.75819960
315.90097926 -31.49950816 -0.75333604
316.21644123 -31.12213755 -0.74596194
316.51032269 -30.75863768 -0.75320920
316.79252663 -30.38069580 -0.75620772
317.03879734 -29.95287652 -0.76459819
317.26797658 -29.53675911 -0.77289748
317.51043343 -29.12961138 -0.77870805
317.70873985 -28.68315841 -0.77453982
317.88301665 -28.22355944 -0.76445460
318.00105814 -27.76786067 -0.76029379
318.11910905 -27.27136103 -0.75271531
318.20271454 -26.78874562 -0.75976904
318.27728693 -26.26128931 -0.75747401
318.29555941 -25.77253109 -0.77385726
318.29953619 -25.26526390 -0.76890203
318.27471387 -24.73966972 -0.76818498
318.20889295 -24.17433658 -0.77221951
318.08795449 -23.61428655 -0.77230821
317.93976187 -23.05323569 -0.79850608
317.78576732 -22.47189114 -0.81229586
317.57801753 -21.92392642 -0.81279238
317.35846977 -21.35996506 -0.81951161
317.07655669 -20.78951795 -0.83096044
316.78109315 -20.22650011 -0.84749058
316.44857349 -19.68044150 -0.85974971
316.05942262 -19.08394379 -0.87598044
315.67215973 -18.52258675 -0.87589735
315.24285437 -17.94607186 -0.86982005
314.79335952 -17.36358272 -0.87229544
314.33771999 -16.77394729 -0.87022355
313.87178669 -16.17501682 -0.88403473
313.39399574 -15.56385821 -0.90439861
312.91308402 -14.93203012 -0.91211577
312.43240038 -14.29697021 -0.92011673
311.93215619 -13.63321146 -0.93744035
311.43223379 -12.95901408 -0.95613284
310.94266042 -12.30823271 -0.97988824
310.42757225 -11.59128980 -0.99758757
309.95472564 -10.91710837 -1.01276106
309.44906189 -10.19339460 -1.01846040
308.96302711 -9.46178589 -1.01725000
308.46229837 -8.72769432 -1.01766828
307.99416760 -8.00099172 -1.02598933
307.47753428 -7.23157523 -1.03738688
306.95902934 -6.43263941 -1.03782339
306.45592422 -5.65267357 -1.04502798
305.94528663 -4.85543182 -1.04722785
305.42021861 -4.07563980 -1.04380689
304.91203955 -3.28325065 -1.05718060
304.42152333 -2.49082390 -1.06721340
303.88337841 -1.63738808 -1.08278945
303.37707080 -0.81870520 -1.07054632
302.89167112 -0.00331318 -1.06224161
302.39969348 0.82999554 -1.05945697
301.92550674 1.66407553 -1.06273747
301.46491141 2.49429415 -1.07286418
301.02894973 3.29616029 -1.06690129
300.59353979 4.13139746 -1.05439809
300.17214231 4.97376320 -1.04242959
299.75959508 5.81033969 -1.04958168
299.36049579 6.66235824 -1.03502080
298.98329567 7.51072912 -1.03410434
298.60136760 8.37686154 -1.03741634
298.23309952 9.25496754 -1.03564568
297.86157407 10.13482556 -1.03205037
297.46943228 11.02729995 -1.02942374
297.06063675 11.92644453 -1.02965937
296.66773592 12.80526361 -1.03960279
296.30239581 13.71267605 -1.04968847
295.91358401 14.61502086 -1.04781929
295.50849730 15.49431916 -1.06006633
295.11528456 16.37836585 -1.07304440
294.73208084 17.26953297 -1.05162224
294.30597071 18.16623304 -1.04872317
293.88993863 19.05179137 -1.03834924
293.49628041 19.90930997 -1.01855838
293.09535913 20.77383714 -1.01283619
292.66591656 21.66226287 -1.00784236
292.20768607 22.53000988 -1.01291148
291.75975775 23.40838730 -1.01925286
291.31750873 24.28146150 -1.02320602
290.87451770 25.16902581 -1.01657541
290.45772057 26.03728250 -1.01247701
289.99707303 26.91026098 -1.00321680
289.53426012 27.75912162 -1.00681740
289.08646364 28.61179435 -1.03256885
288.63217449 29.44549046 -1.04156517
288.16117057 30.28593550 -1.05286879
287.71896913 31.11995318 -1.05995297
287.26513901 31.96638558 -1.06783602
286.82309758 32.80718632 -1.06990376
286.41183951 33.64478883 -1.05974792
285.97872458 34.48207718 -1.07720671
285.57053786 35.31510533 -1.08066855
285.13592306 36.17095344 -1.07352568
284.72838190 37.01910946 -1.05383841
284.33132196 37.87113610 -1.04863623
283.93266126 38.69055320 -1.04869664
283.53813322 39.52777485 -1.04795086
283.16253389 40.34965996 -1.04512508
282.77539554 41.19489418 -1.04599013
282.38854891 42.00871007 -1.05055880
281.98123125 42.84423340 -1.04213455
281.59572409 43.68112165 -1.03597905
281.20546559 44.47263604 -1.02435628
280.82903523 45.26482173 -1.01775690
280.45771751 46.05054882 -1.00764213
280.08901533 46.80504268 -0.99741075
279.74073906 47.55082250 -1.00757085
279.39374999 48.28355098 -1.00371190
279.04888286 48.98790736 -0.97920783
278.71571335 49.67850543 -0.96145010
278.38423956 50.35176559 -0.94901945
278.06465178 51.01652417 -0.93991006
277.74416657 51.66885947 -0.93245679
277.41478397 52.32150186 -0.93126047
277.09587764 52.95966318 -0.92476380
276.78642230 53.59884838 -0.91098329
276.49872231 54.19048800 -0.89748390
276.18713425 54.80188447 -0.88865083
275.90230392 55.38610929 -0.88584833
275.66832889 55.92293121 -0.87336860
275.41767945 56.44471163 -0.85327457
275.17332623 56.95678799 -0.84786038
274.93783392 57.42334806 -0.83686022
274.73376563 57.88268414 -0.81791147
274.52936526 58.36189978 -0.80297900
274.36194310 58.76900988 -0.78092912
274.21192126 59.16682987 -0.77055945
274.06432477 59.55470106 -0.76552116
273.92072310 59.90405734 -0.74757034
273.79078012 60.24387042 -0.74201838
273.66014276 60.56575205 -0.72899248
273.52502653 60.89006350 -0.70425099
273.43172734 61.10152300 -0.68889761
273.33912316 61.29068492 -0.68058871
273.27434256 61.45679322 -0.66816365
273.21542129 61.63187206 -0.65815702
273.15441757 61.81714738 -0.64314777
273.09610194 62.01159749 -0.63546501
273.04921008 62.17813410 -0.63523359
272.99911280 62.36084898 -0.62951514
272.95778124 62.55381773 -0.62765455
272.91977656 62.71850928 -0.61341521
272.88474231 62.84309026 -0.59875910
272.83070278 63.00839968 -0.57611530
272.79360133 63.19085095 -0.56373993
272.74528609 63.36694793 -0.56226771
272.71220873 63.54928093 -0.55668680
272.66802879 63.76900280 -0.54257672
272.63570950 63.98148621 -0.52582450
272.59155690 64.24083298 -0.50542412
272.54781985 64.53438361 -0.47766453
272.49598988 64.83733936 -0.45283037
272.42942283 65.16683526 -0.43687300
272.39012886 65.52509559 -0.42895001
272.33494039 65.91006356 -0.41408572
272.26107161 66.30910814 -0.37609594
272.23563610 66.73762559 -0.34060217
272.18040128 67.17779426 -0.30272596
272.09659807 67.61713520 -0.26951098
271.99035184 68.06177483 -0.25597911
271.92698671 68.54702268 -0.24329750
271.86571922 69.04965518 -0.23323891
271.75679035 69.53315532 -0.21542097
271.65316635 70.05647632 -0.21089967
271.52377266 70.57935892 -0.20950921
271.38091123 71.13132016 -0.20511795
271.23582606 71.67861888 -0.19271523
271.08043250 72.23461858 -0.18545214
270.90384905 72.82360307 -0.16591692
270.73306187 73.40460910 -0.15372249
270.54205601 73.99570265 -0.14181409
270.32209225 74.57698883 -0.14937802
270.08760966 75.19219517 -0.12486840
269.81764286 75.82007907 -0.10473412
269.55062409 76.46135693 -0.10080528
269.30154073 77.08941641 -0.08216629
269.02571685 77.74438495 -0.07177900
268.71908141 78.40839279 -0.05317481
268.39943843 79.06836549 -0.03435295
268.11484073 79.70908946 -0.01380705
267.81325787 80.35890637 0.00610201
267.50055871 81.02659647 0.02839945
267.19646311 81.68085396 0.04531093
266.86689861 82.39652181 0.08160989
266.54516944 83.06873816 0.11105870
266.18481568 83.78021440 0.15113920
265.82988338 84.48500088 0.18112978
265.47097930 85.18666123 0.20797316
265.10231421 85.88434641 0.21816785
264.74357211 86.57596464 0.23133545
264.37120104 87.30812084 0.26270744
264.00531492 88.02956552 0.29935249
263.62504916 88.72522647 0.32076471
263.22365079 89.42738712 0.35011049
262.81656411 90.12757898 0.37097982
262.42921713 90.80694658 0.38166815
262.03710526 91.49965603 0.41765772
261.63950378 92.15109517 0.44478168
261.23141249 92.76575684 0.46223547
260.83558163 93.43240822 0.47251486
260.41582042 94.12703769 0.50204845
260.00946332 94.78761152 0.55076475
259.59987521 95.44477211 0.57412978
259.18650314 96.06372986 0.57817059
258.80136971 96.67931873 0.59919008
258.40145915 97.28739233 0.61617371
258.01594532 97.87818532 0.63404312
257.64324220 98.45226462 0.65597125
257.26123846 98.99393235 0.67835234
256.86634599 99.53703065 0.68947449
256.47915592 100.07008129 0.70150761
256.09384365 100.57321891 0.71948551
255.74441199 101.03183818 0.71736490
255.39429875 101.49165741 0.70780940
255.05494927 101.91933949 0.69698556
254.67783046 102.37238415 0.70821348
254.31265319 102.81688790 0.70728861
253.94665380 103.24020499 0.71823914
253.57067034 103.64051855 0.72578353
253.19870765 103.99108337 0.72717728
252.80009054 104.36644387 0.74337958
252.37672889 104.72163730 0.74862106
251.95504294 105.06016915 0.75318889
251.50367407 105.38186706 0.75142871
251.06670694 105.67442915 0.75035261
250.58072812 105.98846611 0.74413664
250.06973177 106.28386496 0.74523273
249.54957038 106.57057017 0.72635173
249.03530903 106.84303088 0.71880054
248.50270349 107.11637271 0.70772009
247.92718763 107.36776454 0.70094278
247.38000402 107.60562714 0.69333686
246.77979141 107.86216948 0.67701827
246.17781800 108.10051765 0.64105176
245.58137612 108.32967055 0.61142913
244.95993166 108.58969061 0.57563956
244.31898699 108.88298703 0.55332238
243.66036262 109.14526127 0.52652919
243.00221656 109.42275179 0.50013132
242.33598499 109.72601678 0.46760140
241.65707695 110.03998172 0.44434482
240.92277632 110.35558721 0.42152961
240.20736682 110.68246335 0.39166552
239.48780714 110.99635995 0.36954192
238.76653435 111.32523984 0.33216050
238.02899491 111.64604585 0.30530950
237.25883943 111.98760290 0.26194226
236.47538691 112.37569585 0.22866599
235.66869915 112.76067143 0.21409302
234.82925201 113.17353972 0.18170350
233.98565211 113.59470844 0.16131436
233.15504699 114.00212613 0.13387686
232.30969431 114.42519998 0.10552281
231.46584692 114.86112048 0.05820021
230.62469316 115.31898918 0.02043008
229.80385084 115.76223493 0.00973739
228.95872170 116.24276004 -0.02623229
228.10401969 116.70819762 -0.02378722
227.22932113 117.18917224 -0.01683993
226.33184230 117.68765576 -0.02056927
225.42976519 118.21180059 -0.03123012
224.54305010 118.69742591 -0.06516543
223.63989757 119.20884546 -0.10287851
222.73242288 119.74548048 -0.13939694
221.83525151 120.26392052 -0.16413882
220.90768308 120.78738694 -0.18435675
219.97884843 121.31649173 -0.19841554
219.10457430 121.83163340 -0.21975769
218.19841307 122.36411371 -0.22864578
217.30565449 122.89906411 -0.24927600
216.44583477 123.41138504 -0.28128271
215.56033097 123.95313250 -0.30624929
214.69128623 124.46439889 -0.31706945
213.82834643 125.00574190 -0.30592471
212.93001125 125.53858585 -0.30900502
212.04521801 126.08475181 -0.32432299
211.20592421 126.59681486 -0.34008794
210.37530819 127.12887621 -0.35765681
209.52173028 127.66776753 -0.37470971
208.68364070 128.21346749 -0.37399291
207.83032125 128.76524732 -0.37666386
206.96987507 129.33113893 -0.35211733
206.10523969 129.87737063 -0.34077309
205.25096425 130.43433280 -0.32489640
204.39365195 130.98954167 -0.33869720
203.58346810 131.52867341 -0.33185876
202.75948374 132.08628883 -0.32759253
201.92061930 132.62574661 -0.31621561
201.08805237 133.19134185 -0.31028351
200.24619248 133.75860356 -0.29365663
199.42401123 134.30533267 -0.29583018
198.58763917 134.86435684 -0.29456606
197.79274327 135.39760774 -0.29073460
196.98796758 135.93057992 -0.28302782
196.18331038 136.48500516 -0.27286906
195.38532202 137.00923710 -0.27097781
194.63590825 137.51800172 -0.27159739
193.90580529 138.02618066 -0.26045394
193.15180178 138.52925301 -0.25872427
192.41473657 139.02245000 -0.24656037
191.69262981 139.53470556 -0.22936977
190.99621710 140.01579678 -0.21122757
190.30104203 140.49331073 -0.19203582
189.67060319 140.95532611 -0.17452462
189.03511188 141.38312992 -0.17151179
188.43107274 141.80826133 -0.16097107
187.82894122 142.22705711 -0.15240505
187.25234135 142.64940198 -0.13935497
186.67572349 143.07142170 -0.14127810
186.13525939 143.49616571 -0.13912497
185.59395660 143.90990334 -0.13336409
184.83997748 144.36088970 -0.10128918
184.33128620 144.79064074 -0.08861767
183.84209196 145.20855226 -0.08442915
183.37398464 145.64188360 -0.07999887
182.90971577 146.08580961 -0.07897326
182.46911466 146.54214452 -0.06932345
182.03356278 147.01253101 -0.06739187
181.63586319 147.49896792 -0.06151229
181.25070120 147.97138985 -0.05493598
180.87505010 148.46751301 -0.03769123
180.50720544 148.98742436 -0.02814852
180.16064917 149.52945710 -0.02189465
179.85227955 150.06878615 -0.01061233
179.59821680 150.63708769 0.00542116
179.35862791 151.22219669 0.00348068
179.15888025 151.82905936 0.01697187
178.98797522 152.40785745 0.02842063
178.85298737 153.01052471 0.04924411
178.73788117 153.59848495 0.04878838
178.66247126 154.22206350 0.03422251
178.63866366 154.84190225 0.03946077
178.64264760 155.48603316 0.06240769
178.66753747 156.15366902 0.08483574
178.69722301 156.80915135 0.09939564
178.77596662 157.45933244 0.11040869
178.85513684 158.08498981 0.12787644
178.99712673 158.76797018 0.14646186
179.14430155 159.43886780 0.14482521
179.36391436 160.12448428 0.16494509
179.58595522 160.80642140 0.17782160
179.83558612 161.47323706 0.18621545
180.09559271 162.14796711 0.21187321
180.36857169 162.83212086 0.24292827
180.66145951 163.54081789 0.26360724
180.95757658 164.24829013 0.27837460
181.27245161 164.92812896 0.28346691
181.59132217 165.63783729 0.27801333
181.90476706 166.34165427 0.28100088
182.23371824 167.05173706 0.27916941
182.55093647 167.73460072 0.28504545
182.88904705 168.49286400 0.29628610
183.22781830 169.25163693 0.29690629
183.58240351 169.97463815 0.30358401
183.90164311 170.69326515 0.30308312
184.22154410 171.43102284 0.30107777
184.57974175 172.19300928 0.32389932
184.91801212 172.94943830 0.34692988
185.27428616 173.71245033 0.37508933
185.63843966 174.52938290 0.39720985
185.99853270 175.31381846 0.42258108
186.36579930 176.13659474 0.43267015
186.73145354 176.89578761 0.43452356
187.09142408 177.69151946 0.43592632
187.47471598 178.49405907 0.42508216
187.85744199 179.33272462 0.41073322
188.23513667 180.18034814 0.40262782
188.62726855 181.06141731 0.41589540
189.03756697 181.94225568 0.43851456
189.43632208 182.82489995 0.45104733
189.85593242 183.75049769 0.45729643
190.27790806 184.65150961 0.45557333
190.70597436 185.54851692 0.45896154
191.13900428 186.46692542 0.46521935
191.56822277 187.39027927 0.45164183
192.00549768 188.32716009 0.44245789
192.44642389 189.27785019 0.46163685
192.89021586 190.22087949 0.47860019
193.33552698 191.17608929 0.48366329
193.75753774 192.13407515 0.47154432
194.20322381 193.09292809 0.46701784
194.65087263 194.05564003 0.45995760
195.09999195 195.01963481 0.47010102
195.54267063 195.98315477 0.47449968
195.99061496 196.96112021 0.47000135
196.43659429 197.94129306 0.46869372
196.88359252 198.92562061 0.47039906
197.34181705 199.89875050 0.45770401
197.79220488 200.87408376 0.44645490
198.24796903 201.82480875 0.42710949
198.70505710 202.77487247 0.42151952
199.16918425 203.73787209 0.42498713
199.62305741 204.69248753 0.42173806
200.07932967 205.65858143 0.42425086
200.53361403 206.61143457 0.43423701
200.98451852 207.58379816 0.44436721
201.42972549 208.55672242 0.44117791
201.87168955 209.52562096 0.42103449
202.31888881 210.48066619 0.40621845
202.76687280 211.42967562 0.40330982
203.21753690 212.36915865 0.40139664
203.66658534 213.31779574 0.39703342
204.11684598 214.26553475 0.39753127
204.56722948 215.23883808 0.39270742
205.02164103 216.19675266 0.38227997
205.47560500 217.16287306 0.37531924
205.93088929 218.10038019 0.37211047
206.38504045 219.04537622 0.38223419
206.84007556 219.97777804 0.38680041
207.28761824 220.92504580 0.38204317
207.74957339 221.84159817 0.37600207
208.20305857 222.75185212 0.36436029
208.64854382 223.65692080 0.35896596
209.08823182 224.60416082 0.35620257
209.53332822 225.49828382 0.34414379
209.98417169 226.41953178 0.34421420
210.42847730 227.36036440 0.33410675
210.86233202 228.30159116 0.31805843
211.28953526 229.21196237 0.30184421
211.72656043 230.16306855 0.28366687
212.15744841 231.08029360 0.26182416
212.58622277 231.95501154 0.25031235
213.01421582 232.85849998 0.25008076
213.43081330 233.75958132 0.23838313
213.85193358 234.68056703 0.21671069
214.26275321 235.57704277 0.21217849
214.67328376 236.49531981 0.21679890
215.07827181 237.43294539 0.22819080
215.47153839 238.34038470 0.22693353
215.86290808 239.25360439 0.21647087
216.23438775 240.14896669 0.21493083
216.60774448 241.04911044 0.21284563
216.98263909 241.97031354 0.20268888
217.37116778 242.90091106 0.19578390
217.76121753 243.81013655 0.18546330
218.14001149 244.70784966 0.18270407
218.53342678 245.61796768 0.17952769
218.95028908 246.53716256 0.17508782
219.35286727 247.43794130 0.17023724
219.75734270 248.36024960 0.15737476
220.17684102 249.29355996 0.15328373
220.59090819 250.21335539 0.13391278
221.01381459 251.12711672 0.10852663
221.44735510 252.04814623 0.09297092
221.89006823 252.95073909 0.08254946
222.34825357 253.88380482 0.08185954
222.80451826 254.78797765 0.07479744
223.25688600 255.66827422 0.06817058
223.71490985 256.57964848 0.06237198
224.17396854 257.49074372 0.07082267
224.63519904 258.40383412 0.07358511
225.09909534 259.31223300 0.06613815
225.56757971 260.23599897 0.06522817
226.04979583 261.12859826 0.07491928
226.52799723 262.04401342 0.07021625
227.00396065 262.93782191 0.05502698
227.46927998 263.83748176 0.02769526
227.94386341 264.71612174 0.01381622
228.41534377 265.61001670 0.00544503
228.88949459 266.48865933 0.00328414
229.36249536 267.34587548 -0.00200690
229.83710168 268.21165941 -0.02295267
230.30382352 269.06839311 -0.03830261
230.76616703 269.95217315 -0.03970895
231.21695113 270.80992494 -0.04715037
231.66858348 271.62905187 -0.06148193
232.11522749 272.46540543 -0.06790736
232.54816173 273.27068844 -0.07267875
232.98354767 274.07516697 -0.09128076
233.40899980 274.85706357 -0.09955387
233.82730403 275.63928423 -0.10144823
234.24368744 276.40961183 -0.10158275
234.65831107 277.16242616 -0.11085191
235.06530853 277.89897054 -0.11815154
235.47957429 278.60867840 -0.11884024
235.88943638 279.32656758 -0.11247830
236.29284263 280.00567146 -0.11048156
236.68612438 280.67019503 -0.10508578
237.06980069 281.31889708 -0.11830542
237.44960104 281.93275987 -0.13715726
237.81835320 282.53985133 -0.15109736
238.18251717 283.13123295 -0.15599900
238.53953412 283.72434610 -0.16161215
238.89122572 284.31122743 -0.16622935
239.24801569 284.89274306 -0.17340950
239.60524140 285.47018997 -0.17802850
239.95714370 286.04420882 -0.16677466
240.30883249 286.61497364 -0.15910936
240.64141669 287.18479655 -0.15181672
240.96405032 287.75081176 -0.15752246
241.27998568 288.31957400 -0.16473230
241.59441898 288.89504665 -0.16998613
241.90126387 289.46254817 -0.16891329
242.19228396 290.05325784 -0.17295136
242.47167579 290.66249214 -0.16274117
242.76344232 291.28870927 -0.16244072
243.05053017 291.91327983 -0.16383002
243.33459418 292.57192739 -0.16661778
243.60990574 293.24776627 -0.16479081
243.88726726 293.94363191 -0.16999911
244.17852132 294.63965568 -0.16823275
244.46722414 295.34270011 -0.16126232
244.76861674 296.08214481 -0.14797783
245.07084849 296.81365618 -0.14514870
245.39796237 297.55038376 -0.15175461
245.73532019 298.32206310 -0.15726537
246.07314375 299.10127502 -0.17082134
246.43020020 299.89664243 -0.17045909
246.79930217 300.68222854 -0.15506095
247.19002003 301.49107194 -0.15121212
247.59508219 302.28717003 -0.15455141
248.02030236 303.11637766 -0.16419122
248.45511807 303.93558733 -0.17088467
248.90420412 304.76419259 -0.16266916
249.36820696 305.61648085 -0.14592599
249.84619821 306.46665745 -0.13796460
250.33590528 307.33003481 -0.12770843
250.83415182 308.19488826 -0.12937359
251.33871515 309.08076920 -0.12599418
251.85617729 309.97867479 -0.12642509
252.37955722 310.88202147 -0.11665159
252.90229967 311.81255256 -0.11460993
253.42783300 312.73643857 -0.11141066
253.96474166 313.70290261 -0.11518951
254.48669123 314.59305829 -0.11399919
255.02403917 315.54933875 -0.11359879
255.54864173 316.47373670 -0.10934342
256.05983295 317.42141251 -0.11515516
256.57846830 318.34270199 -0.09621222
257.08945295 319.29959584 -0.07711095
257.58930158 320.24267316 -0.06710494
258.08960927 321.19714411 -0.06322735
258.59312510 322.14878910 -0.06780624
259.08879057 323.10190270 -0.07534866
259.58017465 324.04641747 -0.07198070
260.06868881 324.98572285 -0.07107671
260.55559615 325.91219385 -0.07624558
261.04731421 326.84003785 -0.07531391
261.53272647 327.78907187 -0.06285980
262.02347974 328.72302607 -0.04979816
262.51239208 329.66051950 -0.04233855
262.99305406 330.59245832 -0.03938762
263.47491966 331.51655826 -0.04773250
263.95502040 332.43623829 -0.05173878
264.43768335 333.33720823 -0.06246262
264.92568603 334.26023127 -0.05952475
265.40601754 335.15582511 -0.05093059
265.87510649 336.07495943 -0.02994518
266.34920235 336.97797656 -0.01830210
266.80717033 337.86557011 -0.01528836
267.26888551 338.70639395 0.04960390
267.70239611 339.53754008 0.04429909
268.14467289 340.31870357 0.03556452
268.56894478 341.18093279 0.03078159
268.99333863 341.96160571 0.03535439
269.39032387 342.76212394 0.04441679
269.78609658 343.54865332 0.04325748
270.15926385 344.30512862 0.04577195
270.56852572 345.04566088 0.03086713
270.94756356 345.78910320 0.03223589
271.29400842 346.62796271 0.05262215
271.65766037 347.39114568 0.04796744
272.00059529 348.15070052 0.04472346
272.33043079 348.90049046 0.05333785
272.64284555 349.59715924 0.04674167
273.01080486 350.28874705 0.04518193
273.29935522 350.95210859 0.05032410
273.58937884 351.58133841 0.04740599
273.84072520 352.27008632 0.03896500
274.09499648 352.90532251 0.05350901
274.34525162 353.46088484 0.02891640
274.57015127 354.03903472 0.03429041
274.76229493 354.57012914 0.03811907
274.95703310 355.07675595 0.04935306
275.14210701 355.53349174 0.05627806
275.32770908 355.99569321 0.05965135
275.51930041 356.43933844 0.06528855
275.73129317 356.86405777 0.06830498
275.95339459 357.25776447 0.06812282
276.19417626 357.64274108 0.07752908
276.49057357 358.03127409 0.08416035
276.76818941 358.41304183 0.07979589
277.08290409 358.75827764 0.07593372
277.40157148 359.09316406 0.08128452
277.76012506 359.40711010 0.07779095
278.14170525 359.71099147 0.06637388
278.55288273 359.97875767 0.06388295
278.93134437 360.25314840 0.06658090
279.33532021 360.49415250 0.08257859
279.66416688 360.55288246 0.09389172
279.99160218 360.58196556 0.12859951
280.40886955 360.72917449 0.13758537
280.79779374 360.84053580 0.14664714
281.27382348 360.97725538 0.11036094
281.55524150 360.93752697 0.15479367
281.83960447 360.81513721 0.03035787
282.26584619 360.83966766 -0.00642788
282.72242746 360.81471235 -0.01963705
283.20809386 360.75641422 -0.02541782
283.67107311 360.65942967 -0.02157474
284.12045943 360.53130651 -0.01486860
284.64696731 360.40123929 -0.04527326
285.11789837 360.26640347 -0.03804167
285.61718745 360.00904392 -0.00273840
286.01492777 359.98998245 0.01586754
286.56696747 359.76710213 0.02598437
287.14028714 359.52339529 0.02574133
287.68183558 359.26658413 0.02348881
288.34413471 359.01656783 0.00763724
288.88965580 358.71726410 0.04036677
289.43792131 358.44398698 0.07891281
289.98051679 358.15165508 0.08229147
290.60540961 357.84973386 0.07111930
291.21743644 357.52367965 0.05389869
291.80940229 357.19432114 0.05597867
292.39947707 356.85697094 0.04361935
293.01953926 356.53255718 0.03326701
293.67523560 356.20249146 0.01779501
294.33148468 355.85447196 0.00919054
295.01195654 355.51358052 0.01660965
295.69945063 355.14768207 0.01778138
296.41925361 354.78964158 0.00472342
297.14362423 354.41087938 -0.00893891
297.90114982 354.02686980 -0.02127602
298.65697590 353.63781625 -0.02750976
299.42845508 353.24807442 -0.02931657
300.21760221 352.84356957 -0.03927153
300.98282869 352.45226618 -0.05491653
301.74722792 352.03686389 -0.04012759
302.53967035 351.64191377 -0.04007363
303.32325576 351.25477173 -0.03015124
304.14642069 350.84219358 -0.01321300
304.95740270 350.42128697 -0.00431411
305.76957853 350.00667122 -0.00272335
306.59688195 349.57217065 -0.00573633
307.44633729 349.12119348 -0.01573126
308.30110684 348.68046858 -0.01049893
309.15110608 348.24907660 -0.02551514
310.00103476 347.80563675 -0.04051884
310.85429020 347.36660153 -0.04959161
311.72065012 346.92203716 -0.05642761
312.64263810 346.44454719 -0.04470141
313.50083285 345.99472873 0.00141393
314.34941658 345.58201475 0.00367456
315.14002783 345.16235391 0.01990062
315.97822100 344.71498056 0.04954077
316.80881429 344.27660248 0.05843370
317.62807558 343.83735530 0.05584465
318.44682165 343.39849253 0.07247637
319.26701020 342.95673636 0.08440881
320.10938002 342.52593043 0.07659440
320.94568588 342.07790773 0.06532651
321.78959130 341.61786499 0.06283897
322.70191086 341.17284142 0.05195317
323.55050567 340.70560030 0.05638436
324.41958304 340.24254707 0.04607456
325.24276057 339.79965245 0.03416885
326.04258298 339.35562535 0.02161222
326.86699309 338.90235806 0.00489941
327.65232655 338.47259512 0.00867740
328.48041167 338.01808901 -0.00181817
329.30972364 337.56181623 -0.00768937
330.16655292 337.10192938 -0.01108587
330.97703055 336.65393672 -0.02133280
331.78644147 336.20109230 -0.04600133
332.61500025 335.75454196 -0.07564408
333.42224521 335.30647617 -0.10572992
334.26781297 334.86891165 -0.14350729
335.06021217 334.43055024 -0.18031266
335.83311022 333.99113255 -0.19343574
336.61052033 333.56196300 -0.21612954
337.38574272 333.13093444 -0.24036728
338.14777360 332.69451433 -0.26270257
338.93892124 332.26883694 -0.29283268
339.70164787 331.84416143 -0.32824811
340.47426296 331.42816809 -0.36934694
341.23719287 331.02458295 -0.40661657
341.96851965 330.62715520 -0.45727690
342.73784340 330.24823511 -0.52014169
343.47831168 329.87052629 -0.58166523
344.20818075 329.50087849 -0.64147742
344.96993264 329.14254156 -0.70225726
345.72985184 328.79211767 -0.76396870
346.48349508 328.45804087 -0.83673045
347.24667037 328.13512886 -0.92458439
347.98097225 327.81691109 -1.00750430
348.71847576 327.49069486 -1.08785418
349.44071629 327.18196637 -1.16925681
350.15527695 326.87376265 -1.25481122
350.87109673 326.57565698 -1.34218536
351.58125391 326.28486763 -1.43984001
352.29058030 325.99835282 -1.53724945
353.04056764 325.73605547 -1.62721428
353.77245803 325.48838446 -1.70553518
354.48266366 325.24425289 -1.78544961
355.23410455 325.00730452 -1.87625328
355.96638035 324.78486040 -1.96410555
356.72361117 324.56756934 -2.04970072
357.47423796 324.35291840 -2.13470257
358.22195451 324.16253968 -2.21633717
358.96711215 323.97462977 -2.28826967
359.75177735 323.80915939 -2.36690172
360.50459180 323.64283133 -2.44404119
361.25052781 323.49048963 -2.51610086
362.00708257 323.33886314 -2.59562028
362.76835184 323.20321682 -2.67027649
363.52275269 323.07255808 -2.73184346
364.27912933 322.95559303 -2.78834552
365.04909092 322.84174894 -2.83258644
365.80037020 322.73838006 -2.87958881
366.54640215 322.63832582 -2.92671866
367.29536677 322.54721415 -2.97685808
368.04887280 322.46695791 -3.00650151
368.79131377 322.38648108 -3.01278179
369.52503043 322.31545014 -3.03078861
370.26908756 322.26317301 -3.05032733
371.00895406 322.22845717 -3.06654119
371.75578064 322.19373040 -3.07861112
372.49498934 322.17398094 -3.08562187
373.22830010 322.15614983 -3.08999011
373.96246051 322.15401878 -3.09433577
374.71108624 322.15446138 -3.07584315
375.43952697 322.16045734 -3.07076537
376.17768168 322.17844481 -3.06274825
376.91186347 322.20273646 -3.04124716
377.65141532 322.22913340 -3.01699664
378.37006147 322.26886574 -2.99785886
379.07887979 322.31028810 -2.99084247
379.76957042 322.36220491 -2.98584821
380.45598037 322.43221079 -2.97659389
381.12395486 322.49853144 -2.96527198
381.78221726 322.56706380 -2.93785592
382.43106782 322.65002313 -2.91568470
383.06351190 322.74699404 -2.89224489
383.67617213 322.83513374 -2.86705895
384.26444174 322.93199508 -2.84207085
384.82735339 323.01024989 -2.81935902
385.37662750 323.10278394 -2.79681755
385.90328376 323.18446407 -2.76508533
386.40819430 323.25688706 -2.73209194
386.89941401 323.32746209 -2.69984851
387.35940292 323.39129904 -2.65588951
387.80038811 323.44056461 -2.61715973
388.21320640 323.47302629 -2.58407743
388.60432376 323.49110521 -2.54513936
388.98960022 323.51665444 -2.51572386
389.36594424 323.52724815 -2.48960260
389.75053685 323.53644592 -2.46917909
390.13072748 323.53482619 -2.44634370
390.52123049 323.52149469 -2.42663565
390.89984316 323.49574732 -2.40299133
391.28177637 323.44567247 -2.38152436
391.65587489 323.38848933 -2.34857177
392.02252428 323.31647611 -2.30654627
392.38058726 323.23904729 -2.25960894
392.73064662 323.14723685 -2.21683945
393.08172444 323.04937148 -2.18367995
393.43454740 322.92656036 -2.16535978
393.79705084 322.78464182 -2.13491451
394.16135386 322.61969295 -2.09884886
394.52123084 322.42719268 -2.07019383
394.89443481 322.22389117 -2.02386776
395.26679829 322.00142189 -1.97843231
395.64622752 321.76073194 -1.92882384
396.01636111 321.48726747 -1.87984726
396.38621692 321.18880155 -1.83870236
396.74401359 320.86818227 -1.79123492
397.09210380 320.52845751 -1.74577542
397.43051826 320.15283904 -1.70238076
397.76707689 319.72360941 -1.66425435
398.09385302 319.26777372 -1.62334859
398.41376698 318.76538143 -1.58500062
398.71484249 318.22033895 -1.54134255
399.01230715 317.62431016 -1.49546679
399.27893154 316.99837362 -1.45354565
399.54161054 316.34251280 -1.41274358
399.79867844 315.66473859 -1.36312609
400.05159140 314.95514679 -1.32135360
400.28850893 314.23421163 -1.27549297
400.53347811 313.46244537 -1.22880446
400.77279192 312.66257948 -1.18816458
401.00519822 311.84667169 -1.13935201
401.24216776 311.03821926 -1.08453554
401.49467965 310.14395627 -1.03919747
401.74471710 309.24335623 -0.99535996
401.99760519 308.32918590 -0.95918725
402.25644168 307.36868119 -0.92470109
402.50915887 306.41463578 -0.88316856
402.78496310 305.41556360 -0.82763427
403.03870236 304.44694902 -0.77277135
403.31319240 303.43729643 -0.73095889
403.55815594 302.46897626 -0.67951320
403.80345749 301.49150298 -0.63173084
404.07537516 300.45383677 -0.58834745
404.33162435 299.45889462 -0.54166641
404.59427703 298.42911498 -0.50361394
404.87010641 297.38162750 -0.46084752
405.14305590 296.33600884 -0.41751938
405.41170898 295.31469758 -0.37197979
405.67231521 294.28686101 -0.32741833
405.86560223 293.26825271 -0.28793680
406.06812431 292.23310087 -0.25153979
406.26848086 291.17936665 -0.21632445
406.47015463 290.14197687 -0.18765266
406.66645417 289.12900997 -0.15631664
406.85912068 288.11305774 -0.13441620
407.06172522 287.09113701 -0.10481633
407.25449953 286.08213475 -0.07287913
407.44144705 285.06497131 -0.04817623
407.63496496 284.02756925 -0.03530809
407.82019348 283.02453166 -0.01837219
408.00548452 282.00096956 -0.00097166
408.17508876 281.03682434 0.02210283
408.34910072 280.05077813 0.04096940
408.52139836 279.06978942 0.06199464
408.68639631 278.09546816 0.07914308
408.85230913 277.10912132 0.09092851
409.00848570 276.17885430 0.10501257
409.16328391 275.17875942 0.11103880
409.32636008 274.19611493 0.12580764
409.47694210 273.23236900 0.14015071
409.62522194 272.24340052 0.13776246
409.78067232 271.28996921 0.13857331
409.93365912 270.30765766 0.13322696
410.09413572 269.29579666 0.12221255
410.25342223 268.29102854 0.11731409
410.42595738 267.29844818 0.11745971
410.59322396 266.32450874 0.12329644
410.76221726 265.30067511 0.11230294
410.94011111 264.31152391 0.11366009
411.12978254 263.28411022 0.12430375
411.30662623 262.25709615 0.12384121
411.49312298 261.22216972 0.11838358
411.67734351 260.15864080 0.11332463
411.85685698 259.12941986 0.12721650
412.03989368 258.07286071 0.13561155
412.21010134 257.04908773 0.15071852
412.39193679 256.00351689 0.15428074
412.56160110 254.95603244 0.16573897
412.73455290 253.91871837 0.16710950
412.91381372 252.88435417 0.16917484
413.08764546 251.85402349 0.17070637
413.26874744 250.80974795 0.16665444
413.44544219 249.78402807 0.16694227
413.62854325 248.75568230 0.16181938
413.79981901 247.71356830 0.15512956
413.97256029 246.69714564 0.14720747
414.16576946 245.69024183 0.13818455
414.33300864 244.67918630 0.13574211
414.51252503 243.68841319 0.13092022
414.68450578 242.69152036 0.12199267
414.86084121 241.70924817 0.11622642
415.03106831 240.69701876 0.10763638
415.19671757 239.75202713 0.10936327
415.35786130 238.81477240 0.10871372
415.51721049 237.89253014 0.10430072
415.64440216 237.03450658 0.12409431
415.78928217 236.16775112 0.12530510
415.92899000 235.33490459 0.13937563
416.06710356 234.49857668 0.13517897
416.18839624 233.69949068 0.13015831
416.30120481 232.91355688 0.12950296
416.39430570 232.15850218 0.12930337
416.46697746 231.42961853 0.13383142
416.53336012 230.73131811 0.14040304
416.58163437 230.03678468 0.14020000
416.60821646 229.35963556 0.13897099
416.61994298 228.71254003 0.14051515
416.60592494 228.06135960 0.14400198
416.56642838 227.42410049 0.14402150
416.49350786 226.78603641 0.14385962
416.39048344 226.14519665 0.15001475
416.25575749 225.51679887 0.14694976
416.07920850 224.91047126 0.15195369
415.87662403 224.32230312 0.14899135
415.65293165 223.75468866 0.13750104
415.39505027 223.22224432 0.13621365
415.09754427 222.71263880 0.12731242
414.77603193 222.22188595 0.12622965
414.41246489 221.76643267 0.11224362
414.01063391 221.34356332 0.11233078
413.59493567 220.98686147 0.11021870
413.14966616 220.65143355 0.10773272
412.67047887 220.32085418 0.10413601
412.16484868 220.03763849 0.10623247
411.64510606 219.79083222 0.09904367
411.10452660 219.55739275 0.09189241
410.53901106 219.34537163 0.07898535
409.96400529 219.17585739 0.06252822
409.36995910 219.02163873 0.04828929
408.77441614 218.89534341 0.03079801
408.16398070 218.78598159 0.01613107
407.53313322 218.70565448 0.00088605
406.88659580 218.64645006 -0.01627668
406.22097099 218.60221137 -0.03434795
405.54965219 218.57984055 -0.05527078
404.86621467 218.59942756 -0.07454488
404.17018430 218.63853459 -0.08181214
403.44527148 218.70140491 -0.10334549
402.71480934 218.78781878 -0.11332788
401.97425639 218.89385525 -0.11054611
401.20944885 219.03334413 -0.11862646
400.43502344 219.20070127 -0.12021732
399.62439838 219.41027432 -0.11690094
398.81048555 219.62024193 -0.11927985
398.00203040 219.83766054 -0.12994469
397.16949386 220.08796484 -0.14696572
396.32923364 220.33977505 -0.15828225
395.48221616 220.60361081 -0.16695428
394.59768073 220.91829874 -0.18431200
393.73865208 221.22359963 -0.19073804
392.87317649 221.55890836 -0.19641879
391.99639881 221.90544818 -0.20499590
391.08755124 222.28082284 -0.21379538
390.15950976 222.67037641 -0.22352236
389.24315174 223.06705105 -0.22427093
388.30953816 223.47239833 -0.21116116
387.34208237 223.89848152 -0.20493213
386.40100947 224.30794583 -0.19156952
385.43818668 224.74625725 -0.18802270
384.45383184 225.18328372 -0.18495289
383.48478552 225.61386035 -0.17593641
382.50728287 226.04713392 -0.15463177
381.52543186 226.47426415 -0.13854623
380.54163496 226.92744826 -0.13277805
379.54634106 227.37792804 -0.11619557
378.57111629 227.80987393 -0.11125114
377.59103572 228.25442117 -0.10723171
376.59690155 228.71444644 -0.08843592
375.58496129 229.18525817 -0.07484184
374.58549824 229.65557928 -0.06663024
373.58286192 230.13272083 -0.05479934
372.56462008 230.63194414 -0.03948401
371.54591718 231.13356996 -0.03176403
370.52639341 231.62520268 -0.02259178
369.50342067 232.13544863 -0.01851609
368.50907461 232.60796681 -0.00676743
367.51770959 233.10171092 -0.00531801
366.50848524 233.60400075 -0.00057516
365.50844405 234.10596642 0.00550855
364.50005531 234.62604738 0.00414732
363.50424577 235.11032434 0.02031845
362.52258578 235.61100572 0.03132657
361.51092149 236.13342543 0.04188287
360.51403290 236.64478721 0.04794517
359.51044589 237.17270608 0.05071611
358.53679318 237.67165200 0.06022516
357.53922157 238.18107705 0.07095326
356.57107411 238.66568925 0.06897414
355.61370345 239.14425239 0.08424457
354.64476850 239.64476620 0.07935318
353.68334802 240.15899093 0.08742618
352.73083705 240.65920411 0.09185986
351.78630888 241.17124457 0.08528303
350.84418396 241.66797470 0.07631653
349.90428403 242.15283605 0.07615989
348.95224171 242.65494664 0.05515492
348.01579505 243.14231019 0.04460473
347.08596837 243.65035866 0.03643579
346.13756115 244.13707003 0.03495655
345.20725933 244.60644524 0.03213960
344.26862766 245.09707403 0.02191722
343.34377404 245.57182434 0.02816350
342.41250183 246.07188362 0.03401858
341.49925793 246.54859823 0.03538643
340.57302861 247.04164382 0.03608750
339.67249961 247.51566132 0.04032167
338.77054523 247.99888553 0.05913276
337.88404513 248.47484467 0.07609396
337.00495044 248.94141980 0.07974640
336.14824789 249.41057118 0.07808483
335.31847756 249.83709872 0.08026425
334.50957855 250.27609571 0.07617541
333.72369546 250.70051445 0.07746689
332.95745280 251.12630173 0.08166475
332.20784286 251.54250069 0.08936336
331.47268639 251.94163478 0.09478258
330.74899532 252.34129939 0.09325176
330.04804453 252.73076999 0.09779216
329.34988187 253.11342478 0.10349549
328.67212344 253.47513012 0.10793422
328.01963820 253.82412920 0.11036954
327.36729747 254.15148512 0.10880546
326.73712313 254.46814930 0.10116240
326.11304893 254.75701130 0.10252025
325.50347847 255.02756274 0.10197419
324.92243494 255.27864454 0.10366786
324.35253335 255.50448522 0.10654809
323.80291050 255.70608965 0.10377068
323.27373873 255.87786153 0.10312657
322.77063572 256.02149507 0.09562522
322.25957330 256.12986089 0.09727032
321.76751547 256.21880767 0.09235044
321.28466774 256.28757038 0.09153884
320.79235897 256.32244307 0.09460435
320.31582476 256.32206008 0.09774630
319.86767827 256.27745585 0.10070569
319.42875504 256.19274688 0.09591056
318.99220465 256.08502624 0.08989570
318.57734142 255.94733705 0.09144015
318.17126021 255.77648868 0.09091475
317.76593537 255.57104088 0.08665225
317.37522001 255.33220908 0.08321396
317.01185655 255.07978851 0.08745820
316.62529601 254.78515698 0.08635709
316.22953562 254.45034289 0.07309556
315.83649227 254.07712523 0.05724728
315.47599005 253.68127910 0.03631279
315.11971452 253.26728491 0.02015390
314.75714444 252.81697991 0.00823814
314.42355223 252.37118845 0.01198912
314.10019801 251.91241185 0.01989125
313.73470858 251.41018101 0.01459114
313.42636761 250.91320623 0.00829898
313.07484618 250.38492039 -0.00765088
312.73792976 249.83549151 -0.01627500
312.39210703 249.27794403 -0.01795192
312.06993672 248.72338644 -0.02080920
311.71081213 248.12142304 -0.02171476
311.37257481 247.52005237 -0.02498836
311.01183171 246.90388553 -0.03093732
310.64062913 246.27682284 -0.03116574
310.27129412 245.62670315 -0.02936626
309.89542249 244.95619521 -0.02525549
309.49705918 244.26005927 -0.03192523
309.10406125 243.54537089 -0.03476510
308.68903859 242.81469142 -0.03336858
308.29039139 242.07088017 -0.02734042
307.87215742 241.30193241 -0.03056026
307.45829179 240.53457337 -0.02179494
307.03286595 239.74160462 -0.01431283
306.60024254 238.93118506 0.00313307
306.15284003 238.09930929 -0.00131682
305.72645031 237.26825244 -0.00083071
305.29772017 236.40941849 0.00032089
304.86891258 235.54648355 0.00323745
304.41844388 234.65572488 -0.00133309
303.96411831 233.76606949 -0.01356285
303.51296262 232.86701286 -0.02930943
303.05219367 231.95264352 -0.02930092
302.56820085 231.01787677 -0.02461940
302.09524333 230.08820956 -0.02193737
301.59610994 229.12419047 -0.03001087
301.13683054 228.19715574 -0.03199261
300.65605120 227.24705271 -0.02619027
300.17214954 226.29669832 -0.03234899
299.67386997 225.33718565 -0.03353601
299.19583163 224.40294398 -0.01365998
298.72151144 223.46433563 -0.00474618
298.25603867 222.51722507 0.01274524
297.78304011 221.56412422 0.02820353
297.32394246 220.62321241 0.03488485
296.84840308 219.66430359 0.03311001
296.35433408 218.70299294 0.04552359
295.85800709 217.73292694 0.05996724
295.36327946 216.77408699 0.07301694
294.86710004 215.80449041 0.07454635
294.39592670 214.87097735 0.07370742
293.91619067 213.92941192 0.07260222
293.43795867 212.98952288 0.06871751
292.97431276 212.05279579 0.08098928
292.46844138 211.08561918 0.08539256
291.98400127 210.13489790 0.07759186
291.49945376 209.17844888 0.06745342
290.98918493 208.18020317 0.06909068
290.46118572 207.18511445 0.07438066
289.91391851 206.17646374 0.07863431
289.38003152 205.18750499 0.07610626
288.86226183 204.19979096 0.06982137
288.33282058 203.20560805 0.05134670
287.79622742 202.20161948 0.04706323
287.27643719 201.21536571 0.04516929
286.74660548 200.21697052 0.04977651
286.24381557 199.22562524 0.03941143
285.72258406 198.22328390 0.03562035
285.20031972 197.20201453 0.04177898
284.69200618 196.19040691 0.04330711
284.17760004 195.17560173 0.05182181
283.67401816 194.16660035 0.05377308
283.15672086 193.15448840 0.05244744
282.64419847 192.14755116 0.04422390
282.11391202 191.12546190 0.02721789
281.57625258 190.10962708 0.01585357
281.02507014 189.07329102 0.01179888
280.45053635 187.99799050 0.00573714
279.90560075 186.95596136 0.00376937
279.36365932 185.91564055 0.00800046
278.78651603 184.85403823 0.01155084
278.25476143 183.82412423 0.02409777
277.73177891 182.80895017 0.03253450
277.15779978 181.74470432 0.03297359
276.62376930 180.72028831 0.02131535
276.07652943 179.67605182 0.01423520
275.55724996 178.64157846 0.01942755
275.02775265 177.59619866 0.04453962
274.50378497 176.56377064 0.06322740
273.97343917 175.52726145 0.07594861
273.44503798 174.49022742 0.08066736
272.92268725 173.46003517 0.07369705
272.40527427 172.43113457 0.07091100
271.86715385 171.38844577 0.06995950
271.36473866 170.36590854 0.06319838
270.84431238 169.34415025 0.05694539
270.32702755 168.31989469 0.05916018
269.79654922 167.29468281 0.07399422
269.27002860 166.24956936 0.09410814
268.73923053 165.20116256 0.10356579
268.22908767 164.18743068 0.11026542
267.72267159 163.17850872 0.09902610
267.21965247 162.18997623 0.08317311
266.70384356 161.18721069 0.08043240
266.19283374 160.18729479 0.08015832
265.68767270 159.18145096 0.10148352
265.18369612 158.19208669 0.13533554
264.68338941 157.18688024 0.15018165
264.18744008 156.18633503 0.14895934
263.70608604 155.20943024 0.14268185
263.20314222 154.19600929 0.12510404
262.72809584 153.21817803 0.08739577
262.24112681 152.23742185 0.07743970
261.77500032 151.28244208 0.07651780
261.31609206 150.32456408 0.06555382
260.83618957 149.36152662 0.06840372
260.35082844 148.39804028 0.08207253
259.87911155 147.44454098 0.09933744
259.40831164 146.48778485 0.10333913
258.95488297 145.55475749 0.10137170
258.51147646 144.64100204 0.08920594
258.07059952 143.72887108 0.06831814
257.65235586 142.84575959 0.06075030
257.19547276 141.92478216 0.05573772
256.78964705 141.05018958 0.06301248
256.37904934 140.17328572 0.07355286
255.97299452 139.30114254 0.08738759
255.55634492 138.44401693 0.09768368
255.19660858 137.62961232 0.08926596
254.83311060 136.83813901 0.08164205
254.45765267 136.04392849 0.07220791
254.09939287 135.26146949 0.07524508
253.74016730 134.47605413 0.07492382
253.39820068 133.72928796 0.07610321
253.05850351 132.98604279 0.08516506
252.73457329 132.26570489 0.08823393
252.41179215 131.56703168 0.09320802
252.11717572 130.89232386 0.09453117
251.84942392 130.23866059 0.09124299
251.60045990 129.60367888 0.08552340
251.36174352 128.99830181 0.09503283
251.14014271 128.39517209 0.09983435
250.91550391 127.80680273 0.10933212
250.69563493 127.22950840 0.11000297
250.47921774 126.67857581 0.10667192
250.26406675 126.13591864 0.10293300
250.04304675 125.61571044 0.10101685
249.83536048 125.11652403 0.09069966
249.61218227 124.61630980 0.07382139
249.40488853 124.14962171 0.06610838
249.19492936 123.71715373 0.06287279
248.96449403 123.30582548 0.06409549
248.73624719 122.91565786 0.06685341
248.47406883 122.53574361 0.07211137
248.22217271 122.14969603 0.07248289
247.96065849 121.79834102 0.09040567
247.67319749 121.46720207 0.09685698
247.38308473 121.14815917 0.10462838
247.08915175 120.84082352 0.10687534
246.78369676 120.55230650 0.10956453
246.46597272 120.27678153 0.11716228
246.12864577 120.01434376 0.11480540
245.77525123 119.77826930 0.11135135
245.38504068 119.53791064 0.10812786
244.99382426 119.33514186 0.10757547
244.59270639 119.13687889 0.09885719
244.20733010 118.96113121 0.09332279
243.77004331 118.82462068 0.08405942
243.32588844 118.73522543 0.05728993
242.86598156 118.66919871 0.04748727
242.37190053 118.61134269 0.03152413
241.87415712 118.58557631 0.02497701
241.38162966 118.57003234 0.02525475
240.87287094 118.59549963 0.01401248
240.33682891 118.65888837 0.00598683
239.81026788 118.73372990 0.00011860
239.25248123 118.84235066 -0.00067118
238.68932496 118.96755912 0.00314413
238.12290265 119.12407568 -0.00158360
237.53649713 119.31272698 -0.00771948
236.96149474 119.51920206 -0.02148339
236.36371727 119.75165337 -0.03313206
235.74748736 120.02871145 -0.03917888
235.11636252 120.32085627 -0.03608529
234.47700631 120.63476105 -0.03791692
233.82472915 120.95461643 -0.04110775
233.15744048 121.29967006 -0.03816635
232.47020050 121.65595786 -0.03182935
231.75833498 122.04283898 -0.04146707
231.03782084 122.43278898 -0.04899488
230.31475172 122.83421906 -0.05275405
229.57387404 123.26724370 -0.05979370
228.81978371 123.70548928 -0.05921007
228.06570629 124.14601240 -0.05716572
227.29667867 124.58838163 -0.04662751
226.50332606 125.04477548 -0.03259801
225.68855915 125.50946733 -0.02045752
224.86466788 125.98869244 -0.01159422
224.01049831 126.48231200 -0.02334988
223.15681974 126.97696246 -0.03491289
222.30695085 127.46519607 -0.04492165
221.43058526 127.96041363 -0.03661529
220.53116007 128.47387235 -0.03957321
219.63842184 128.96676685 -0.02373412
218.74133588 129.47384971 -0.01677222
217.84926511 129.97430582 0.00414522
216.97199232 130.45627616 -0.00204841
216.08609421 130.95529100 0.00235789
215.23715733 131.41867266 0.00236366
214.37847227 131.89636441 0.01675710
213.51941569 132.37853092 0.03289528
212.63016527 132.85482573 0.04774340
211.75077709 133.33277319 0.05919094
210.89232507 133.79458770 0.06974136
210.01278439 134.24719976 0.06283135
209.14893970 134.70952525 0.06779169
208.25914384 135.17216669 0.06993339
207.38782375 135.63496180 0.08796961
206.49341534 136.09069533 0.10034418
205.60900872 136.55050791 0.12934641
204.71774250 136.98110215 0.15305350
203.80649300 137.44283952 0.15673058
202.88273381 137.91375855 0.14850417
201.93420556 138.33008909 0.14943432
201.02199472 138.75623216 0.12506017
200.14626427 139.17391086 0.11141602
199.25622768 139.62182979 0.10117264
198.40803207 140.05048966 0.10085585
197.53821486 140.46874183 0.08904683
196.66897233 140.87503912 0.08051464
195.81140974 141.32331471 0.08290852
194.93303343 141.78181086 0.09681118
194.05428806 142.24095553 0.10646749
193.20512342 142.65828933 0.10607890
192.37988428 143.07122463 0.11870778
191.50607176 143.47804496 0.13112830
190.65558087 143.87001747 0.14540678
189.84024269 144.26435745 0.15940101
189.08164330 144.62538879 0.17935352
188.32696105 144.99672939 0.18802311
187.62722955 145.35247134 0.20728057
186.95933460 145.68858661 0.21431045
186.33241829 146.00950997 0.22523511
185.71265733 146.32350540 0.23962404
185.14819801 146.61137173 0.24854833
184.60848836 146.89198453 0.25709142
184.08902236 147.16922467 0.25207015
183.60845698 147.42969240 0.24792941
183.13003807 147.70691946 0.25624945
182.69286074 147.96746943 0.26147912
182.27072422 148.22008742 0.25400740
181.85624415 148.47942610 0.25492585
181.44201898 148.73026653 0.25535761
181.05852084 148.98724761 0.25604646
180.67638121 149.27341968 0.25483425
180.27773463 149.55697153 0.25596101
179.90551971 149.85315797 0.24894197
179.54731540 150.16183158 0.25095409
179.21089196 150.47029522 0.23967490
178.88492588 150.79882526 0.23493978
178.57817621 151.14734674 0.22613067
178.27361219 151.48385849 0.21944424
177.98933862 151.84312247 0.21268696
177.71102252 152.19759350 0.19394013
177.45834973 152.60724735 0.18942132
177.21088898 153.02151180 0.18418011
176.97870864 153.46637973 0.19361389
176.75042161 153.91701334 0.19309641
176.54357142 154.35988010 0.19521595
176.37844592 154.82430243 0.19738648
176.23182755 155.30527035 0.19015949
176.10210813 155.78179119 0.18110506
176.00332071 156.27955638 0.15885765
175.93050677 156.77285940 0.14552430
175.89530175 157.27667886 0.13980461
175.87304071 157.80715973 0.14455356
175.87718549 158.31677872 0.15214536
175.88594280 158.81304109 0.16665490
175.90640398 159.29607115 0.15998453
175.97507527 159.80369546 0.15875915
176.06975072 160.31006994 0.16518885
176.18221923 160.81088314 0.17334218
176.29878192 161.30147833 0.17311415
176.43634572 161.78686715 0.16225868
176.59298539 162.24872433 0.16474216
176.76520369 162.70681241 0.15455023
176.94950018 163.16118824 0.14872770
177.14042295 163.61327959 0.14518178
177.36570311 164.06679817 0.14609692
177.59886829 164.53400962 0.15498771
177.83251501 164.96942432 0.16167011
178.06977311 165.40124114 0.16245293
178.31628096 165.84351122 0.15562367
178.57311324 166.29540709 0.14610076
178.83161382 166.74605315 0.14185537
179.08218093 167.20776676 0.13518067
179.32203065 167.66103855 0.12257511
179.55803356 168.10632404 0.10985298
179.78838578 168.52193658 0.09713526
180.00105615 168.96642741 0.09294342
180.19708718 169.42109685 0.08864040
180.37380691 169.89036548 0.08563197
180.53165194 170.35441337 0.08270319
180.68566020 170.82463016 0.07718669
180.82321953 171.28440251 0.07824352
180.92211474 171.72476729 0.06897952
180.99806663 172.15281316 0.06509728
181.05677170 172.57060003 0.05597099
181.08773568 172.98967419 0.05489130
181.09115194 173.42018002 0.02867256
181.07969392 173.85482167 0.01918753
181.02196027 174.25279777 0.01620372
180.95972275 174.66005442 0.00246055
180.84943633 175.05796505 -0.00704530
180.70082421 175.39448446 -0.02526313
180.55132432 175.72240003 -0.04555877
180.39161480 176.01281698 -0.06479603
180.20160233 176.35272773 -0.09457339
179.96808508 176.70041159 -0.10592673
179.69630108 176.99484698 -0.13145162
179.37405277 177.29808030 -0.13670789
179.03028686 177.53322739 -0.15974730
178.65927977 177.80977446 -0.16769701
178.22601102 178.16617713 -0.17268850
177.77770101 178.45784118 -0.19451978
177.30854881 178.74231572 -0.22346529
176.82772121 178.99920142 -0.24305254
176.32736546 179.24367225 -0.26740566
175.81459402 179.49166079 -0.29842939
175.29024401 179.75653534 -0.31517112
174.74930168 180.01438911 -0.32518317
174.19734791 180.27196833 -0.33777269
173.61507457 180.53528473 -0.35356270
173.01497449 180.80544669 -0.36869473
172.39235382 181.09085421 -0.37812472
171.74490382 181.44422233 -0.38185540
171.09306357 181.76684053 -0.38631395
170.41812551 182.11903345 -0.39893793
169.74299945 182.44927558 -0.40769365
169.03245175 182.80443495 -0.41032704
168.30630429 183.17535386 -0.42635850
167.57693151 183.52455465 -0.43515657
166.82470444 183.90742616 -0.44933328
166.04114453 184.35499823 -0.46707913
165.29272139 184.70097685 -0.47129267
164.45708864 185.18506959 -0.48868652
163.64763095 185.58412362 -0.49375067
162.78825846 186.05478279 -0.49663755
161.90431434 186.51254982 -0.49895473
161.04311076 186.94849207 -0.52177477
160.14443489 187.39916317 -0.52941838
159.25694072 187.84055293 -0.54260186
158.37176456 188.29044554 -0.53898855
157.46666864 188.78607508 -0.54666039
156.54014375 189.27899417 -0.54908302
155.59001003 189.78781129 -0.57380372
154.64406921 190.30107703 -0.59030687
153.68524242 190.81907620 -0.60923038
152.70305729 191.33286556 -0.60973081
151.73950689 191.84341561 -0.61273372
150.78226478 192.34869425 -0.60861481
149.81866850 192.85734986 -0.60632874
148.86333750 193.36846675 -0.59943866
147.91148440 193.87975211 -0.59458920
146.97797481 194.38465870 -0.58672299
146.02086761 194.94419109 -0.57060380
145.07732955 195.48978260 -0.56183880
144.11904594 196.02339619 -0.55931397
143.16290521 196.55266883 -0.55430015
142.20502501 197.08303229 -0.55206132
141.24386213 197.61014673 -0.55321053
140.31493745 198.11208159 -0.55238479
139.36070773 198.65582099 -0.56674680
138.42301868 199.18173835 -0.57322614
137.49903021 199.70638671 -0.57517716
136.58006728 200.22150415 -0.57714496
135.67373219 200.71517841 -0.56924503
134.75544069 201.23400573 -0.57175180
133.87819334 201.72215030 -0.57423330
132.99828843 202.20765446 -0.58205893
132.13472428 202.67847926 -0.59937291
131.29781775 203.13171798 -0.60575267
130.46785067 203.60032530 -0.61897342
129.64489368 204.07017295 -0.63530666
128.86895457 204.51165804 -0.64476592
128.10416633 204.94691153 -0.65171039
127.36313744 205.39214699 -0.66561185
126.63841498 205.80827267 -0.67173926
125.93330999 206.21479452 -0.68917760
125.24325677 206.60853762 -0.69301371
124.58633110 206.98241644 -0.70283850
123.95379105 207.36037225 -0.70966521
123.34485012 207.70375623 -0.71753996
122.76540570 208.04957859 -0.73379123
122.21824583 208.37019348 -0.73353859
121.69477206 208.67310480 -0.73075968
121.21414167 208.96655018 -0.73030842
120.76074291 209.24637809 -0.73685920
120.34560063 209.50509087 -0.74403961
119.94357800 209.75377348 -0.75490862
119.57958385 209.99136521 -0.75510983
119.24112563 210.20896035 -0.76247814
118.93533463 210.41781864 -0.76597844
118.64874948 210.61459425 -0.77681329
118.38439286 210.80879908 -0.77889591
118.15022387 210.98686656 -0.77998988
117.93390047 211.16718711 -0.77661100
117.74497408 211.31395580 -0.78606534
117.55959033 211.46475396 -0.78455977
117.37739534 211.62107544 -0.78605084
117.19142181 211.77795936 -0.78988734
117.00778726 211.93364634 -0.79646853
116.83484912 212.08026264 -0.78828662
116.66432027 212.23722381 -0.78515466
116.49867317 212.39380590 -0.77867410
116.33189120 212.54901178 -0.77163897
116.16688725 212.71004369 -0.76781590
116.00194770 212.86382156 -0.76503541
115.83698872 213.02612786 -0.77405707
115.65501004 213.21474272 -0.78556237
115.45598512 213.38088551 -0.79119867
115.26385857 213.60494931 -0.78608686
115.06253217 213.84558999 -0.77720060
114.85006950 214.11887153 -0.77808443
114.63524041 214.40502276 -0.76962490
114.43697813 214.70307334 -0.76577440
114.26115723 215.03338444 -0.76921762
114.10457287 215.36990470 -0.76886753
113.94939287 215.73464258 -0.76852549
113.80672344 216.12090016 -0.78452444
113.67506340 216.52635235 -0.80061499
113.56770016 216.95076485 -0.82780353
113.48219127 217.39960398 -0.84510609
113.42811846 217.87180859 -0.86348736
113.41013718 218.39271098 -0.86977580
113.42573236 218.93495007 -0.87186434
113.47703458 219.46875802 -0.88256834
113.56026636 220.02132486 -0.89792099
113.67380062 220.58989805 -0.91994298
113.83033144 221.17793900 -0.92962524
114.02437048 221.78259752 -0.93568980
114.25615037 222.40275391 -0.94164468
114.53194224 223.03402867 -0.94739743
114.82852333 223.66335110 -0.94296365
115.16237193 224.31841239 -0.94227281
115.51386299 224.97176195 -0.93948224
115.89479380 225.66160742 -0.94136162
116.27812373 226.34739416 -0.94509994
116.67059704 227.10682151 -0.94748646
117.06873966 227.83488418 -0.96018837
117.48287244 228.55993304 -0.96201633
117.91814255 229.30894744 -0.95524446
118.35850033 230.06683120 -0.94877985
118.81947339 230.87970080 -0.96291118
119.28375585 231.71827541 -0.97289249
119.75671576 232.53253410 -0.98806892
120.22954945 233.40088300 -0.99571886
120.71322444 234.27090757 -1.00544581
121.20619441 235.14909834 -0.99966092
121.70415448 236.07481145 -0.99144186
122.22115920 236.99747621 -1.00499224
122.74118929 237.92685720 -1.03027496
123.27867444 238.88739252 -1.05817898
123.81132299 239.88321277 -1.07150642
124.35044337 240.92895971 -1.06604909
124.89850238 241.95699323 -1.06230133
125.44696461 242.98674298 -1.05164268
125.99764339 244.01032439 -1.05496834
126.56542756 245.01341272 -1.07036755
127.14144607 246.05264022 -1.09467366
127.71930778 247.12129902 -1.11474698
128.29952098 248.19125310 -1.11451055
128.87566635 249.30556517 -1.11218233
129.46528307 250.41704926 -1.11064800
130.04518461 251.54550726 -1.11405040
130.62853254 252.65311644 -1.12765570
131.19634725 253.76861035 -1.14783111
131.76338259 254.85493377 -1.15343211
132.33300329 255.96568795 -1.16091330
132.90355956 257.11491030 -1.16432595
133.46741890 258.21719966 -1.17626349
134.03929761 259.32781056 -1.17699991
134.61380450 260.49692395 -1.18316471
135.18965052 261.57858436 -1.19715867
135.75155144 262.70145687 -1.20977204
136.32705313 263.79951138 -1.20708751
136.89606972 264.91004961 -1.23110850
137.46951705 266.01142431 -1.22064647
138.05041132 267.10928004 -1.22079804
138.61600541 268.21656821 -1.21784435
139.19601343 269.31229075 -1.21751967
139.77196021 270.41186877 -1.21633716
140.32569088 271.49546429 -1.22092258
140.88777514 272.59931148 -1.23359349
141.44954065 273.70447782 -1.24183616
141.99419803 274.78920655 -1.23087898
142.46724413 275.75794317 -1.25472774
142.89213878 276.86407925 -1.19242963
143.37143821 277.84711967 -1.21881783
143.76948297 279.10144939 -1.42998543
144.32859732 280.27363034 -1.45842679
144.85335141 281.33811830 -1.52958361
145.34699491 282.36336626 -1.59691658
145.84895401 283.61376712 -1.65677408
146.42276543 284.76850568 -1.67636173
146.99157908 285.96747945 -1.72719268
147.18253022 286.98100143 -1.77060205
147.75500956 288.09156683 -1.80104055
148.35207525 289.18125905 -1.79582958
148.93163915 290.33844789 -1.80123393
149.55727238 291.41709219 -1.78925636
150.10782091 292.43300852 -1.85041740
150.38379262 293.42260383 -1.92761247
150.97822104 294.52565653 -1.91234996
151.55850056 295.69722852 -1.91388628
152.16339636 296.74829544 -1.91302594
152.73404817 297.82060203 -1.89628663
153.30680488 298.85982702 -1.97037848
153.86884139 299.92325816 -2.05660390
154.88157258 301.26730542 -1.94881186
155.28137746 302.32137564 -1.95139973
155.84118822 303.38998417 -1.96812660
156.42237484 304.45067416 -2.03515562
156.96695510 305.47954136 -2.12041166
157.56994324 306.42715220 -2.23997202
158.09724983 307.40448606 -2.29302188
158.62657177 308.38584211 -2.26059724
159.13094565 309.32903829 -2.33855220
159.64696724 310.28634051 -2.40343987
160.15735223 311.22465063 -2.39123915
160.67143038 312.18511447 -2.41326341
161.17319985 313.12336351 -2.40949961
161.61884963 314.03185962 -2.43614577
162.11065478 314.91728787 -2.42700536
162.57563540 315.76885809 -2.40119728
163.07945136 316.62966523 -2.36445214
163.57959844 317.47978781 -2.31155372
164.03896708 318.30024710 -2.24923684
164.50207963 319.11665492 -2.15378723
164.95705139 319.86688253 -2.07776530
165.38688679 320.58780783 -1.94988394
165.80022985 321.28598945 -1.82283059
166.19038792 321.96398552 -1.67620442
166.54863890 322.61534931 -1.50404217
166.93462155 323.26279357 -1.28674713
167.29159594 323.86414661 -1.06763993
167.62656312 324.41960790 -0.85640439
167.95472682 324.93505342 -0.65007134
168.26386949 325.44911713 -0.42695580
168.52486818 325.91547148 -0.22825639
168.77419999 326.36068930 -0.01587741
169.02103765 326.80483307 0.22705770
169.23933562 327.19160777 0.45334885
169.43148577 327.55642601 0.69761320
169.61603390 327.88790432 0.92949661
169.78290962 328.20108144 1.16487342
169.90866603 328.53961147 1.44732503
170.01202095 328.84899878 1.70260277
170.05838754 329.15925318 1.97254873
170.07345796 329.45178859 2.20638029
170.06449647 329.71669804 2.40691157
170.00542725 329.99432274 2.59214846
169.94215515 330.27492867 2.81618871
169.82000134 330.55325088 3.01612505
169.68794093 330.81200238 3.20018759
169.49281205 331.07681444 3.34967353
169.28224751 331.34792244 3.47240776
169.04221994 331.61583982 3.54628925
168.79312172 331.89630119 3.65607990
168.49184897 332.14917322 3.70668947
168.18383330 332.41614439 3.71692239
167.86002332 332.68355415 3.67019983
167.53247774 332.96504610 3.57810251
167.17927760 333.26406560 3.47359500
166.81290881 333.52852576 3.33144218
166.41958816 333.81319817 3.15167925
166.01347685 334.11508496 2.94995334
165.61713788 334.42346209 2.73248844
165.22864417 334.74046692 2.48947204
164.82614852 335.07122726 2.24872081
164.41187613 335.41015995 2.01399715
163.98509003 335.77305239 1.76387470
163.53500632 336.12371614 1.51122097
163.06425685 336.51786890 1.25477731
162.57749004 336.93512768 1.01319695
162.03705524 337.37737198 0.78637718
161.48745174 337.80079049 0.54405635
160.90869938 338.23849198 0.29906616
160.32080438 338.67624564 0.05342162
159.73511957 339.10744386 -0.16504971
159.12612202 339.55826792 -0.36646665
158.47094572 340.03036576 -0.56677874
157.77700983 340.53250351 -0.74633753
157.07104361 341.02756521 -0.91967379
156.31784330 341.52583561 -1.06741269
155.57569903 342.00722466 -1.20695237
154.81237638 342.51454092 -1.30605215
153.99182271 343.02940015 -1.37890542
153.16904613 343.54172022 -1.43367997
152.31478129 344.05114875 -1.49337833
151.46819253 344.56711643 -1.54369121
150.61346248 345.07992618 -1.57652062
149.75212470 345.59968678 -1.60698569
148.87926780 346.13820523 -1.62165160
147.99755470 346.66118873 -1.63682072
147.09782434 347.18797298 -1.64553387
146.19799981 347.71027968 -1.64803710
145.29213428 348.23957391 -1.66107997
144.39182543 348.76341362 -1.67081136
143.44939135 349.28931389 -1.67451387
142.50385066 349.81689219 -1.67535927
141.54561477 350.34220404 -1.67832093
140.58635533 350.86419165 -1.66314138
139.61475393 351.38611061 -1.63997497
138.63031425 351.91284884 -1.61445980
137.66248156 352.45068889 -1.59237858
136.68157433 352.98049866 -1.56100295
135.73741601 353.50296395 -1.52817059
134.78774663 354.03213517 -1.48480283
133.82936551 354.55938290 -1.44238938
132.87818415 355.09020351 -1.39915360
131.90280929 355.61904604 -1.35938258
130.95307905 356.14636345 -1.31965875
130.01496112 356.66897283 -1.27710233
129.00805265 357.20285463 -1.22894082
128.04615545 357.72205062 -1.18096001
127.08627853 358.25576696 -1.13400356
126.16209761 358.80725162 -1.09308002
125.20719496 359.31661065 -1.03584904
124.27509740 359.83294717 -0.97392023
123.33114902 360.34303317 -0.92609174
122.41600259 360.85343382 -0.87831902
121.48614765 361.37537282 -0.83002350
120.57053225 361.88993727 -0.79586708
119.67198063 362.35378361 -0.81573500
118.94959478 363.09380557 -1.25771042
118.05713884 363.56635373 -1.22044597
117.35566713 363.96169772 -1.09729585
116.51041547 364.39017285 -1.05062807
115.66275634 364.82650610 -0.99276022
114.82070325 365.24294672 -0.95964505
114.13459296 365.35137818 -0.96155689
113.32067634 365.44089290 -1.10803509
112.69341404 365.63920597 -1.18830288
111.99542608 366.02118707 -1.16225405
111.34016894 366.42461245 -1.13832161
110.62668592 366.85324269 -1.15723879
109.85083617 367.23100294 -1.17158978
109.13922171 367.61867972 -1.20375734
108.43164821 368.03973779 -1.23336664
107.74057750 368.46382656 -1.26448189
107.12787200 368.86298705 -1.32885621
106.52773789 369.27243267 -1.38983112
105.88300265 369.70816751 -1.46668191
105.22071302 370.18450983 -1.52823931
104.67472913 370.62725786 -1.68767767
104.08591989 371.10914138 -1.82782971
103.50790719 371.58421190 -2.01325670
102.94505764 372.07142710 -2.27704948
102.22327308 372.58670739 -2.36286222
101.53793303 373.11440292 -2.57117997
100.80351115 373.64514116 -2.73068758
100.05825068 374.19934816 -2.90434433
99.28228262 374.76370358 -3.15413451
98.47520557 375.34511722 -3.43664416
97.52886423 375.93876019 -3.56040348
96.54915677 376.41260732 -3.41106151
95.60666542 376.87655068 -3.36552171
94.58868230 377.37107991 -3.31655139
93.55932016 377.84917793 -3.22671041
92.52813267 378.33234097 -3.14383766
91.51334810 378.85099667 -3.05767317
90.45514181 379.35980788 -2.95934971
89.38869489 379.85846321 -2.84674867
88.31347478 380.34636342 -2.76546256
87.20089684 380.83877683 -2.66872193
86.07487537 381.34845845 -2.59880046
84.96822610 381.87223826 -2.54314499
83.85345502 382.35754083 -2.45655077
82.75497665 382.84133149 -2.39408458
81.64709683 383.33776649 -2.33073058
80.51382124 383.83192825 -2.30366532
79.40363662 384.31558736 -2.26474454
78.30717938 384.80091112 -2.20056944
77.19968912 385.29912685 -2.16813918
76.09497434 385.80089956 -2.11249201
74.98727062 386.27239086 -2.05924839
73.86856630 386.75152128 -2.02017620
72.74396353 387.25225578 -1.98145248
71.64127614 387.73212070 -1.92420189
70.54726865 388.20294417 -1.84502042
69.44447032 388.67468117 -1.75922765
68.33653827 389.14520320 -1.67632876
67.25827516 389.61967524 -1.57330466
66.16510297 390.10083709 -1.48279893
65.06693110 390.58967584 -1.38997499
63.94722175 391.06943946 -1.30934516
62.76658771 391.55920234 -1.24359188
61.63904655 392.01554542 -1.15244701
60.48123405 392.49298374 -1.06708473
59.36377469 392.96423271 -0.98910963
58.19981306 393.45851458 -0.92097296
57.12907808 393.93654227 -0.83673297
55.99459469 394.42192439 -0.78126199
54.87930865 394.90106364 -0.71680516
53.77815792 395.38011020 -0.65643006
52.67992969 395.84418754 -0.57135688
51.58271086 396.32528793 -0.51043053
50.50827995 396.79101421 -0.44776642
49.42711488 397.27086176 -0.38452883
48.36461317 397.74873896 -0.32488256
47.34111746 398.21877051 -0.25248024
46.29689052 398.69468734 -0.18183159
45.22665063 399.17314719 -0.13828631
44.18707347 399.62347093 -0.08797967
43.16943882 400.07855168 -0.04208656
42.14754310 400.54257542 -0.00102218
41.14688987 401.01235166 0.03497540
40.13533106 401.47545614 0.06764169
39.13923323 401.93691498 0.10234612
38.13888017 402.41249421 0.13819467
37.15007055 402.88237749 0.18302058
36.15960275 403.35254581 0.22466598
35.17270313 403.82155983 0.25675522
34.17258786 404.28639056 0.29272028
33.19650639 404.76447513 0.34225239
32.20020290 405.25197093 0.36492807
31.21513803 405.74214227 0.38942874
30.24128192 406.23623841 0.39968591
29.26297554 406.72403141 0.41831682
28.29389087 407.23055607 0.43650684
27.30800678 407.74984535 0.43527718
26.33744535 408.26478636 0.45384569
25.36061147 408.78555519 0.46307393
24.36930698 409.31002631 0.45890802
23.37988599 409.83724639 0.46088138
22.42626556 410.34371837 0.48447839
21.45251990 410.86262784 0.49017278
20.46978801 411.40062260 0.49725271
19.46951023 411.94734662 0.49122100
18.46981023 412.48352444 0.47951997
17.48064126 413.02868364 0.47369242
16.51221800 413.56787043 0.47037462
15.54046549 414.12942867 0.47370999
14.55690269 414.68712075 0.46153113
13.58318492 415.25686725 0.44944991
12.60194896 415.82305681 0.44467817
11.61736573 416.39029316 0.43343418
10.64155360 416.96328498 0.42355914
9.66202193 417.54695357 0.41125567
8.68716090 418.13121097 0.39825666
7.72270757 418.70511182 0.38577189
6.75421100 419.28852585 0.36946655
5.79180898 419.87653377 0.36527260
4.83892955 420.46662953 0.36561800
3.89096348 421.05458216 0.36041262
2.95214498 421.64558050 0.34964184
2.01092246 422.23809281 0.34975791
1.07328854 422.83986406 0.34669992
0.14522198 423.42786587 0.33965682
-0.77057350 424.02233362 0.32317292
-1.66204635 424.61148792 0.30993032
-2.53479840 425.19722236 0.29843584
-3.40840315 425.78896844 0.27029083
-4.25973291 426.37755227 0.23527632
-5.07517338 426.95577759 0.20377573
-5.87965474 427.53531592 0.17444210
-6.69304922 428.11404953 0.14422788
-7.48105265 428.69017283 0.12052962
-8.24762995 429.25539410 0.09612587
-9.00360763 429.81108346 0.06239570
-9.73393475 430.34201507 0.02946492
-10.45227099 430.87266987 0.01306685
-11.14260730 431.41246701 0.01133123
-11.80869263 431.93461856 0.01408600
-12.47219832 432.43126401 0.01543209
-13.10961414 432.91184027 0.00424742
-13.72715921 433.39070209 -0.01312921
-14.31503146 433.87129906 -0.02728432
-14.87834151 434.33318773 -0.06332426
-15.41319739 434.77510122 -0.10753053
-15.92324885 435.21977250 -0.14693481
-16.39898482 435.66818293 -0.18873059
-16.85697898 436.12236454 -0.23330781
-17.29334157 436.56653528 -0.28704072
-17.72067441 436.98693170 -0.35071669
-18.12955079 437.39731482 -0.40330060
-18.52477904 437.80097268 -0.47132479
-18.90976227 438.20583263 -0.53648677
-19.26289197 438.58865904 -0.57859958
-19.62200890 438.96627512 -0.63239532
-19.97187757 439.33575192 -0.69298292
-20.28314893 439.66758744 -0.71570360
-20.62367654 440.01770416 -0.77947682
-20.90233430 440.28553913 -0.77913267
-21.19969796 440.58147960 -0.80760299
-21.48888974 440.87028380 -0.83475866
-21.75742801 441.12538170 -0.83352932
-22.03817726 441.37653906 -0.83657594
-22.31770425 441.61968960 -0.83203584
-22.62591397 441.89519442 -0.85366163
-22.92868480 442.15604064 -0.86424350
-23.24483544 442.43653596 -0.87912299
-23.56456936 442.70558899 -0.88685496
-23.86700245 442.93909547 -0.88302506
-24.15619124 443.14748066 -0.86444913
-24.46582443 443.37355849 -0.84093118
-24.77946737 443.58378756 -0.82196443
-25.10940947 443.80083686 -0.79876687
-25.44555548 444.03968737 -0.77644401
-25.78831479 444.27276683 -0.75131659
-26.13836377 444.50728392 -0.73395438
-26.47441321 444.73647533 -0.70634604
-26.82026627 444.96287133 -0.68752781
-27.15683259 445.20431422 -0.67670499
-27.49980048 445.44739251 -0.65174824
-27.83084801 445.69711099 -0.63812837
-28.15603057 445.94932024 -0.62661732
-28.47277486 446.19883251 -0.61997367
-28.79420353 446.46093630 -0.61197719
-29.11233450 446.72412199 -0.61978931
-29.43471406 446.97734442 -0.61635939
-29.73088169 447.25174639 -0.62177405
-30.01322356 447.52537373 -0.63162028
-30.28423938 447.79070137 -0.64329690
-30.53561883 448.04021533 -0.65450569
-30.77967431 448.28953258 -0.67349106
-31.00779387 448.51863312 -0.70256263
-31.22752404 448.74177009 -0.75311839
-31.44107688 448.98123179 -0.77230972
-31.64004421 449.22246658 -0.78697635
-31.85108545 449.44640186 -0.79785256
-32.05956288 449.67278375 -0.80293279
-32.27844377 449.88490152 -0.83016278
-32.49287064 450.09277742 -0.85544224
-32.70455396 450.31830411 -0.88529651
-32.93014741 450.53023311 -0.90830719
-33.16382352 450.74312336 -0.92474496
-33.40907313 450.96952413 -0.94393268
-33.66958112 451.18116503 -0.96193061
-33.93539882 451.37694363 -0.97642161
-34.22357917 451.57433285 -1.02692648
-34.51867012 451.77150562 -1.04431927
-34.81919543 451.95958341 -1.06396209
-35.13799313 452.13623192 -1.06921924
-35.47850829 452.27375861 -1.07808712
-35.83912152 452.41489363 -1.12417090
-36.21878291 452.51715524 -1.13157015
-36.62331200 452.58037252 -1.15296212
-37.02556399 452.63805791 -1.14401358
-37.44899856 452.67615013 -1.13128474
-37.88618892 452.67454975 -1.10840951
-38.33683955 452.64252603 -1.09057134
-38.80574309 452.57762532 -1.05676591
-39.26218306 452.48503589 -1.01679091
-39.73819735 452.36104414 -0.96975474
-40.19611466 452.20282454 -0.94270878
-40.69685261 451.99967909 -0.90628651
-41.22011111 451.74612439 -0.86634547
-41.73988191 451.44584381 -0.82647361
-42.27047190 451.09715755 -0.77887116
-42.83145910 450.71609782 -0.73414940
-43.37613841 450.28719590 -0.69493753
-43.91961179 449.83083179 -0.66053496
-44.48282892 449.34292979 -0.62695947
-45.01869278 448.82669019 -0.60119237
-45.56163973 448.27814307 -0.56763900
-46.11216082 447.69142245 -0.52603812
-46.66303157 447.07369451 -0.48075373
-47.20597780 446.41569039 -0.45025401
-47.74023685 445.71056599 -0.41665537
-48.27850675 444.97851771 -0.38264184
-48.82309710 444.19254625 -0.36302783
-49.37261469 443.38999336 -0.34842959
-49.92646015 442.56771994 -0.31820971
-50.48473565 441.71185090 -0.27915212
-51.07036190 440.81993928 -0.26222976
-51.66426081 439.95393657 -0.23936561
-52.27761202 439.06329880 -0.21699327
-52.90245922 438.14542751 -0.19332595
-53.54197875 437.20951879 -0.18339086
-54.16700950 436.27488952 -0.17663193
-54.79020941 435.35340044 -0.16445683
-55.42389181 434.41853201 -0.16354149
-56.06773899 433.46543500 -0.16850418
-56.72526426 432.49384225 -0.18145706
-57.37747704 431.51972973 -0.18816893
-58.03765201 430.53208329 -0.18462842
-58.71200643 429.50595801 -0.18767764
-59.37859918 428.47620796 -0.18979881
-60.06115724 427.46299297 -0.19630925
-60.74361287 426.44657623 -0.22707780
-61.41995663 425.40554341 -0.26106999
-62.08428963 424.34071884 -0.28545071
-62.76544825 423.29804720 -0.29090992
-63.43052020 422.27125541 -0.26859901
-64.11624298 421.21169891 -0.25878257
-64.77439019 420.18053299 -0.25364755
-65.42606180 419.16021063 -0.26088833
-66.07597173 418.13266394 -0.27271275
-66.73784485 417.10649166 -0.28406807
-67.35230493 416.09769925 -0.29924107
-67.98444580 415.07759345 -0.31673169
-68.61566482 414.05622284 -0.32479447
-69.24331748 413.02372642 -0.33757330
-69.84940064 412.00882955 -0.34494331
-70.43093741 411.01661857 -0.36239471
-71.01198255 410.00938026 -0.38817881
-71.57808578 408.99332591 -0.40490451
-72.16747499 407.93841910 -0.39564787
-72.74381623 406.91206471 -0.41644790
-73.32913539 405.86071118 -0.43711768
-73.90074571 404.83277481 -0.46039020
-74.45398428 403.81142589 -0.47135848
-74.98217049 402.81287803 -0.47932279
-75.56079970 401.79030828 -0.51489289
-76.13338832 400.73746076 -0.54097443
-76.69875445 399.71379937 -0.55654517
-77.26665428 398.68722326 -0.57222389
-77.84130477 397.64509875 -0.59171958
-78.38577052 396.62862724 -0.59231295
-78.93487369 395.60689762 -0.58858781
-79.50706105 394.56015908 -0.60071106
-80.09001673 393.52756114 -0.60516933
-80.66124974 392.47798383 -0.62007230
-81.20496380 391.46098225 -0.63669213
-81.75262823 390.42996775 -0.63947325
-82.28749844 389.40542441 -0.65214096
-82.82861963 388.36701935 -0.65307025
-83.35160106 387.35360764 -0.65138396
-83.89886188 386.33250187 -0.63411630
-84.44838292 385.26041351 -0.63539968
-84.99842855 384.18378897 -0.63065494
-85.53842765 383.10873182 -0.63268205
-86.08206012 382.01080678 -0.64142564
-86.61925100 380.92289590 -0.64746634
-87.12297320 379.84775657 -0.65401483
-87.63068197 378.76566631 -0.66396809
-88.14020956 377.66194320 -0.67038560
-88.63844759 376.56246698 -0.67594551
-89.13345421 375.46891439 -0.68218559
-89.62920664 374.33448239 -0.68255368
-90.11891816 373.18065820 -0.68644755
-90.57582268 372.04034674 -0.68315236
-91.05146795 370.90410408 -0.68735871
-91.52293836 369.73296412 -0.68609814
-91.97625627 368.56686085 -0.68837445
-92.43421251 367.37381289 -0.69024823
-92.87183258 366.20998847 -0.70050727
-93.29457024 365.06913192 -0.70666255
-93.70763303 363.92506063 -0.70750407
-94.10837542 362.78608460 -0.70592127
-94.51342590 361.65532147 -0.70626750
-94.90345540 360.50635050 -0.69719390
-95.28780654 359.35369103 -0.68850794
-95.65032451 358.17760521 -0.69265069
-96.00474364 356.96730883 -0.69057880
-96.35685948 355.74828023 -0.70225097
-96.72312889 354.55964488 -0.69987732
-97.06894747 353.35628615 -0.70296659
-97.38832800 352.18141234 -0.69779038
-97.69705556 350.98603973 -0.69321107
-98.00283424 349.75322550 -0.69939697
-98.29292268 348.53679394 -0.70519638
-98.57407954 347.37093483 -0.70729122
-98.84457582 346.18513640 -0.71638273
-99.11285612 344.99306994 -0.72565276
-99.38563832 343.77623059 -0.71785617
-99.64339716 342.59014790 -0.71743872
-99.89591013 341.38402838 -0.71623020
-100.14949057 340.15692516 -0.71417743
-100.39824445 338.94799295 -0.71359924
-100.62978857 337.75252054 -0.71455249
-100.85220403 336.55461128 -0.72345783
-101.06076909 335.33311245 -0.72606500
-101.26323175 334.11950354 -0.72030437
-101.46768843 332.89859082 -0.72601972
-101.65548962 331.69070530 -0.72588364
-101.85016262 330.47556601 -0.73043444
-102.03176611 329.28236100 -0.73663500
-102.21764723 328.04383916 -0.74881714
-102.39887153 326.82389530 -0.76290272
-102.56697155 325.64369158 -0.77062121
-102.72323749 324.45246699 -0.77853579
-102.87462710 323.25102407 -0.77660879
-103.03154205 322.03905696 -0.77336963
-103.16974280 320.85972644 -0.76444193
-103.32126620 319.66106532 -0.76188658
-103.48314920 318.44468727 -0.76872454
-103.63884451 317.25349013 -0.77966264
-103.80397393 316.03672508 -0.79327699
-103.94961309 314.80552672 -0.81103634
-104.11530971 313.55775331 -0.82510515
-104.30000163 312.34286464 -0.83478851
-104.48712117 311.09497653 -0.85789161
-104.66438033 309.85778278 -0.84953686
-104.83846856 308.64171393 -0.84796199
-105.00528768 307.43373518 -0.84373675
-105.15709572 306.20527763 -0.83485015
-105.29659437 305.05492112 -0.84476478
-105.45707640 303.82720807 -0.83122096
-105.62245237 302.62745543 -0.82750157
-105.78852446 301.34901996 -0.82702122
-105.95864559 300.11736621 -0.81900680
-106.11399433 298.90567292 -0.80305653
-106.27734552 297.66578435 -0.78257657
-106.44023566 296.42671404 -0.76027341
-106.59632797 295.19807292 -0.74608873
-106.74492719 293.97388953 -0.74607795
-106.90080829 292.70567027 -0.75178300
-107.04156213 291.49278069 -0.74571237
-107.16645677 290.29641113 -0.73909173
-107.28720641 289.10513113 -0.72174005
-107.40002590 287.89559049 -0.71227329
-107.51553471 286.71112081 -0.69374286
-107.62428120 285.51449003 -0.68070674
-107.72849903 284.31962222 -0.66652957
-107.82523384 283.11425304 -0.65523675
-107.92802980 281.92366978 -0.64579866
-108.01686823 280.75250752 -0.63980939
-108.10794537 279.57118031 -0.65016360
-108.19561320 278.39109356 -0.64270996
-108.27891493 277.18796194 -0.64728576
-108.37552713 275.96303028 -0.64903119
-108.42563239 274.78613901 -0.64780422
-108.48100590 273.60687771 -0.65274334
-108.53762216 272.38107776 -0.65435683
-108.59475263 271.18623494 -0.66479305
-108.65492078 269.95819923 -0.68037654
-108.69828838 268.75309408 -0.68021961
-108.73799868 267.56145122 -0.68014098
-108.78169901 266.33381204 -0.67490985
-108.81062548 265.13959717 -0.67170303
-108.82370173 263.96302517 -0.65508487
-108.85007564 262.69361800 -0.64508691
-108.83873762 261.51077216 -0.62804262
-108.83686581 260.27739047 -0.60889009
-108.81449802 259.08054760 -0.60556368
-108.79597712 257.88809993 -0.59366634
-108.76108190 256.65787843 -0.57971680
-108.75664858 255.36006386 -0.57530127
-108.69180099 254.17505133 -0.56007538
-108.66814196 252.91046861 -0.55016210
-108.62753645 251.63522153 -0.55288969
-108.60189532 250.39614481 -0.53908045
-108.56370246 249.14470574 -0.52738137
-108.51225297 247.96479556 -0.50382008
-108.44892009 246.71181042 -0.48763392
-108.38919855 245.43291319 -0.47466230
-108.33333738 244.20372436 -0.46659672
-108.25660310 242.96432776 -0.45796877
-108.17879325 241.76410855 -0.44391424
-108.08410779 240.57515915 -0.43670746
-107.97814893 239.37050259 -0.42245220
-107.87805049 238.18767552 -0.39289530
-107.75871270 236.97532145 -0.38596947
-107.62774481 235.77946326 -0.37314031
-107.50155677 234.56109641 -0.36307477
-107.36639241 233.37413418 -0.35054642
-107.20439661 232.15388180 -0.33901351
-107.05048892 230.94778791 -0.31892744
-106.88611335 229.74519036 -0.31085223
-106.70796762 228.51974622 -0.29528249
-106.54412810 227.33865592 -0.27861371
-106.35624258 226.12999846 -0.26399330
-106.14453669 224.92528778 -0.24732333
-105.92705756 223.71134602 -0.23216471
-105.71955643 222.50507195 -0.22412163
-105.48972401 221.26253175 -0.21856227
-105.26298919 220.03393947 -0.21705211
-105.03937030 218.80596571 -0.19773780
-104.80094095 217.59290171 -0.18112550
-104.54682537 216.35632146 -0.17892650
-104.28036499 215.08794531 -0.18139011
-104.01359660 213.84141062 -0.17714703
-103.71761215 212.56199169 -0.18663977
-103.39967118 211.26527100 -0.20170500
-103.06302368 209.94137175 -0.21498545
-102.76328225 208.69484328 -0.21330352
-102.40635221 207.36353797 -0.21840119
-102.05728513 206.04168930 -0.23056072
-101.70274282 204.76788247 -0.24303841
-101.38310652 203.50960297 -0.23901033
-101.06368098 202.22736473 -0.23193335
-100.74072234 200.97655577 -0.22889209
-100.41279668 199.71961697 -0.22460200
-100.08143687 198.48330431 -0.21566620
-99.75131182 197.26666649 -0.20825426
-99.39754562 196.00033909 -0.21961730
-99.05082629 194.74924882 -0.22128191
-98.69466272 193.48166117 -0.21631167
-98.33730895 192.23682026 -0.20628228
-97.97050929 191.00040254 -0.20555889
-97.59967737 189.76524435 -0.20543489
-97.18678794 188.53511143 -0.20078837
-96.79570618 187.29028453 -0.20415708
-96.39270592 186.04346857 -0.20512641
-96.03003704 184.82386889 -0.20459207
-95.62038076 183.58685601 -0.19772350
-95.21319413 182.34810095 -0.18620931
-94.80683789 181.10263001 -0.18839844
-94.37920070 179.85557748 -0.18864651
-93.96527008 178.63305494 -0.20059503
-93.50708057 177.37139179 -0.20246435
-93.07584899 176.11423536 -0.20512093
-92.63515393 174.84056293 -0.19049162
-92.20277062 173.57929739 -0.17675050
-91.75034361 172.28378908 -0.17923481
-91.28391699 170.99993928 -0.17272689
-90.86793803 169.72822076 -0.18436851
-90.46353643 168.46861152 -0.20384710
-90.04564156 167.19031915 -0.22430468
-89.60385843 165.89241269 -0.22339512
-89.20287786 164.63914935 -0.22132452
-88.80167440 163.35714257 -0.22271352
-88.40597527 162.09118578 -0.23308040
-88.00597019 160.83393534 -0.24174708
-87.60461499 159.59168522 -0.23639268
-87.21038993 158.34288985 -0.24235651
-86.81071422 157.10361969 -0.24358695
-86.40935741 155.85131743 -0.25162063
-86.02214919 154.59422940 -0.25002366
-85.63133641 153.35816951 -0.24165251
-85.24538328 152.10608181 -0.23956019
-84.85479130 150.85555153 -0.22762320
-84.48148760 149.60254945 -0.21924214
-84.10109715 148.35088908 -0.22158938
-83.72414664 147.11094115 -0.21236897
-83.32265122 145.84903702 -0.20098986
-82.93097986 144.60077026 -0.20326393
-82.53554355 143.36073739 -0.19807729
-82.16301235 142.10811468 -0.18095391
-81.78103278 140.87286835 -0.17587366
-81.36582267 139.61240509 -0.17170308
-80.96377246 138.34985879 -0.18277305
-80.56711086 137.07071208 -0.17845068
-80.17311775 135.82716542 -0.17835502
-79.78796021 134.58078874 -0.17657201
-79.39154740 133.32364600 -0.17503725
-78.98977598 132.05356378 -0.17955538
-78.58377996 130.76954377 -0.17595225
-78.20864293 129.45262811 -0.18105888
-77.81051457 128.21139172 -0.17802714
-77.42393311 126.96813336 -0.16357261
-77.03347857 125.73650237 -0.15086102
-76.64451586 124.47761651 -0.14337982
-76.25459329 123.23202489 -0.12582090
-75.87377534 121.97290805 -0.12744162
-75.47093011 120.72758329 -0.11805880
-75.08178305 119.47079678 -0.11356688
-74.67921658 118.22848068 -0.11654972
-74.25891464 117.01548808 -0.10871889
-73.86532356 115.78907690 -0.10870053
-73.47861430 114.55933348 -0.10561084
-73.08874743 113.31613993 -0.09603972
-72.70249225 112.09697269 -0.09179289
-72.32823238 110.84646667 -0.09123745
-71.95156625 109.59128453 -0.10391943
-71.56287461 108.36171303 -0.10318025
-71.19406992 107.08517545 -0.11136839
-70.81484663 105.83132309 -0.09951978
-70.45735562 104.57769663 -0.09013841
-70.09394378 103.33967636 -0.08471726
-69.71526089 102.07584452 -0.06820061
-69.33785007 100.85075438 -0.07097104
-68.95935985 99.59578768 -0.05689630
-68.58034295 98.29450345 -0.07159345
-68.19955256 97.00328743 -0.08696183
-67.82951399 95.74609978 -0.08668914
-67.45736404 94.49706702 -0.08505423
-67.09319749 93.23718665 -0.07997802
-66.72920742 91.97936069 -0.07447500
-66.36495188 90.71342695 -0.08758446
-65.98521634 89.43509406 -0.09930485
-65.59521845 88.12933042 -0.09065783
-65.23465739 86.87546851 -0.08089836
-64.86674224 85.56586712 -0.07669652
-64.51043039 84.28862642 -0.06991331
-64.14375536 82.99964641 -0.07535678
-63.79308274 81.70504793 -0.07730525
-63.44887845 80.43197350 -0.05711583
-63.11533343 79.15779219 -0.04137382
-62.77229622 77.86963186 -0.03556663
-62.40727271 76.55978185 -0.02769599
-62.07067225 75.25382920 -0.02721336
-61.74894917 73.97841224 -0.02222936
-61.41691971 72.70844211 -0.02287889
-61.08515519 71.44719061 -0.02133080
-60.74244927 70.17410151 -0.01137139
-60.39309411 68.89232758 -0.00861696
-59.98277832 67.58787849 0.02417287
-59.63022615 66.28078447 0.03420683
-59.42886222 65.11521590 0.04996713
-59.09694124 63.87365058 0.05245452
-58.86322085 62.68121800 0.04972774
-58.64517267 61.49016799 0.07464519
-58.32943953 60.27931194 0.10156120
-58.06270680 59.19601347 0.12458588
-57.73798194 58.13231823 0.11517134
-57.38164465 56.91180701 0.02969705
-56.97524291 55.71926460 0.01937289
-56.57515350 54.49337730 0.01343044
-56.19761849 53.37053341 -0.01981879
-55.81697720 52.30357634 -0.05007185
-55.39927454 51.13583041 -0.08481213
-55.02280934 49.96818772 -0.09934228
-54.65624342 48.93155841 -0.11828430
-54.18354753 47.75332419 -0.19724301
-53.75280848 46.70377719 -0.21454571
-53.33017957 45.67289796 -0.24339073
-52.89786240 44.62250255 -0.26332792
-52.47578429 43.45870631 -0.28563571
-52.06503373 42.39292325 -0.30322440
-51.54976176 41.36550529 -0.24680374
-51.15713307 40.35085732 -0.27458274
-50.76040737 39.35689105 -0.30595384
-50.30144550 38.22357049 -0.31658828
-49.89765193 37.14931898 -0.34832357
-49.49990808 36.13205349 -0.37788420
-49.10755465 35.08584395 -0.41893231
-48.70299550 34.09339794 -0.45584659
-48.32073555 33.03102721 -0.50384244
-47.93468817 32.07216837 -0.53774576
-47.57389552 31.02689067 -0.55607500
-47.17651325 29.99601152 -0.59208352
-46.80125640 29.06138594 -0.63090358
-46.44005724 28.15165396 -0.67004745
-46.07410491 27.24935719 -0.70967018
-45.69749976 26.32521386 -0.73272363
-45.33692808 25.42767211 -0.76567879
-44.98580182 24.55010040 -0.78946230
-44.65372357 23.67627638 -0.80794367
-44.29752897 22.79391393 -0.82582214
-43.96255814 21.94066605 -0.85092752
-43.63471390 21.07481635 -0.86637491
-43.30894777 20.23692474 -0.89621903
-42.98658358 19.41945945 -0.90279293
-42.62987751 18.63543223 -0.90329257
-42.27761153 17.84284453 -0.90723390
-41.93055770 17.05527443 -0.91143772
-41.61325045 16.28609018 -0.92253121
-41.27855208 15.56740698 -0.93036971
-40.94318586 14.85565663 -0.93782915
-40.59332688 14.11677013 -0.94095419
-40.23671331 13.41636685 -0.94244788
-39.87999029 12.71457712 -0.93977798
-39.50486931 12.04683865 -0.94137175
-39.11245526 11.39045055 -0.94824160
-38.72117104 10.74162772 -0.93947219
-38.33232202 10.10394205 -0.93007369
-37.91143959 9.47313018 -0.92443953
-37.46295458 8.83152394 -0.91320424
-37.00310336 8.20499866 -0.90584164
-36.53347233 7.62783902 -0.89306468
-36.05450965 7.07149667 -0.87820753
-35.56256132 6.52360356 -0.85579751
-35.04058467 6.01977068 -0.84024955
-34.50597642 5.54853723 -0.81161397
-33.95115321 5.08035676 -0.78830004
-33.38749188 4.64275290 -0.76181941
-32.82425816 4.23543438 -0.73837607
-32.25578291 3.85841467 -0.70973049
-31.66127124 3.47733127 -0.69027996
-31.04761667 3.14198814 -0.65784678
-30.43395704 2.82811917 -0.63335937
-29.79869572 2.58348186 -0.60100330
-29.16522386 2.36572667 -0.57749868
-28.50744522 2.16771686 -0.54951376
-27.87272170 1.95836201 -0.50752226
-27.22939774 1.80839120 -0.48201824
-26.59451576 1.66936880 -0.44994614
-25.96025251 1.53808986 -0.42007191
-25.32345893 1.43922969 -0.38894154
-24.67288472 1.32647842 -0.35595155
-24.03540398 1.22451590 -0.32052888
-23.39755640 1.11639022 -0.27976316
-22.77407163 1.01882787 -0.24086037
-22.15842022 0.90848815 -0.20377982
-21.53742561 0.80937643 -0.17010778
-20.92460361 0.70187769 -0.13427128
-20.33240234 0.60694488 -0.10541026
-19.73110910 0.51355098 -0.07793388
-19.15147442 0.39920689 -0.04988929
-18.56984858 0.28005100 -0.01803872
-17.98186209 0.16477346 0.01088927
-17.40504877 0.07299605 0.04420026
-16.84817883 -0.00811269 0.07758628
-16.30320725 -0.10132744 0.10056730
-15.78915102 -0.20892869 0.13160376
-15.27828977 -0.31825630 0.15225141
-14.77399599 -0.42682718 0.18156683
-14.26013596 -0.54128461 0.20699681
-13.80267613 -0.62689132 0.22975724
-13.35491802 -0.68561411 0.24592379
-12.93396166 -0.78548522 0.26572523
-12.51387777 -0.88857808 0.28243997
-12.11397077 -0.97912570 0.30361146
-11.77090093 -1.09320586 0.31654888
-11.43795001 -1.15860344 0.32879296
-11.11239726 -1.24460270 0.33894702
-10.81875958 -1.29425892 0.34653540
-10.52420250 -1.35985173 0.34213813
-10.20355660 -1.39667772 0.34378139
-9.93087862 -1.48673479 0.34422553
-9.67314110 -1.56706804 0.34920228
-9.41402023 -1.60990293 0.35395484
-9.14664031 -1.64410321 0.35450126
-8.89518669 -1.68260285 0.35084091
-8.64186117 -1.70330533 0.35027147
-8.41538087 -1.74429920 0.35326896
-8.18595995 -1.76619098 0.35835761
-7.94748694 -1.76793023 0.35786286
-7.70911432 -1.78112528 0.35168847
-7.46080819 -1.78404070 0.34657381
-7.17874938 -1.75592547 0.34466875
-6.89853750 -1.72888890 0.35357068
-6.61127921 -1.68123950 0.37001893
-6.31118411 -1.61919812 0.38507852
-5.99596167 -1.54697665 0.38723178
-5.66538406 -1.47009954 0.40281743
-5.38595812 -1.35347325 0.43167534
-5.02978364 -1.20938553 0.43709773
-4.66830113 -1.07067159 0.43956675
-4.31734370 -0.94237955 0.44505374
-3.93591776 -0.78093347 0.44262821
-3.59779795 -0.65251242 0.43152458
-3.22135795 -0.48205890 0.42677630
-2.85796149 -0.26773292 0.43339194
-2.45203063 -0.02515907 0.43698283
-2.02954010 0.28175115 0.44381314
-1.63299493 0.56054889 0.43876222
-1.22396197 0.88856193 0.43627919
-0.80958573 1.23979827 0.44269058
-0.36789350 1.62351286 0.47056130
0.06053378 2.03219143 0.46872227
0.45626335 2.48657186 0.46201564
0.84013473 2.94588677 0.45179983
1.24946401 3.44824955 0.45024678
1.54882973 4.06437535 0.49607339
1.92664162 4.62041141 0.50094301
2.31495298 5.23139759 0.50545709
2.69409216 5.86877979 0.51635811
3.07684760 6.51920032 0.52484532
3.43516033 7.20828739 0.53058080
3.80781819 7.93445674 0.54420732
4.18137399 8.68067465 0.54620685
4.55932602 9.43824431 0.54000495
4.84295282 10.18971624 0.53165021
5.18372602 10.90662265 0.54523387
5.49066223 11.76918890 0.57575459
5.91016476 12.55063900 0.58898644
6.33323277 13.36186128 0.60521533
6.75080804 14.14210897 0.60675086
7.18752909 14.95773298 0.61545780
7.63387421 15.76952783 0.62153753
8.08356712 16.63806426 0.62169080
8.53602184 17.51663757 0.61812746
9.00587879 18.43095019 0.61296884
9.47358347 19.31226218 0.60581445
9.94429583 20.21076815 0.60966123
10.43477432 21.14031666 0.60415583
10.92935584 22.09023369 0.60546366
11.40177939 23.00634760 0.60678107
11.86768100 23.90760449 0.60241456
12.33748767 24.83563156 0.57573982
12.82128641 25.76301550 0.56882067
13.31888209 26.71740648 0.56392545
13.81412166 27.69529768 0.56047243
14.31075803 28.65260145 0.55389161
14.80460548 29.57412146 0.54907431
15.28751699 30.51071948 0.53284536
15.78185971 31.48298803 0.52271563
16.27944873 32.43392511 0.51755938
16.76755937 33.43375252 0.50501850
17.27632143 34.43163557 0.49438230
17.79765371 35.41063994 0.48107480
18.32740973 36.44984677 0.46495523
18.87097617 37.45295583 0.43303580
19.41215274 38.45048632 0.41338735
19.93800360 39.46037656 0.40003219
20.46640617 40.47194180 0.40074683
20.99022869 41.48695748 0.42024032
21.51670013 42.49661093 0.42219979
22.04083119 43.52289941 0.41592724
22.58395071 44.52587521 0.41847393
23.11999927 45.54072567 0.42185957
23.66877941 46.55376301 0.43598492
24.21424225 47.57323231 0.45238400
24.76825197 48.59151203 0.46644667
25.31511440 49.62972966 0.47831961
25.87325331 50.69236181 0.49367514
26.42679271 51.74196377 0.51492841
26.98196095 52.79358887 0.51255286
27.52528496 53.87213569 0.50153373
28.08227526 54.92856003 0.48629969
28.63747651 56.01299872 0.48450271
29.18777462 57.05703423 0.49765471
29.73302972 58.12774313 0.50848186
30.28692631 59.19488273 0.52075839
30.83940442 60.25660749 0.53421246
31.39715608 61.32076610 0.53336012
31.94825177 62.36870431 0.53482007
32.50492555 63.42727301 0.54496486
33.05971561 64.47423279 0.54186490
33.61534581 65.52599772 0.53086504
34.16958237 66.56926203 0.53339800
34.72865841 67.61142011 0.55526334
35.27520370 68.65724044 0.58046401
35.81616948 69.70201336 0.59721043
36.35709366 70.73672850 0.62820918
36.90955059 71.76590898 0.65127708
37.44777571 72.80089694 0.65128954
37.97321219 73.82767865 0.65747925
38.49661275 74.84899698 0.64841535
39.02219604 75.85617194 0.62372668
39.57126038 76.86715507 0.58701530
40.10267221 77.87001351 0.55825087
40.61969569 78.87698020 0.56556986
41.15168919 79.89146189 0.57116197
41.68382687 80.93255057 0.58910198
42.21790021 81.95859348 0.60194431
42.75575547 82.96387377 0.59957739
43.29976735 83.95513840 0.59767118
43.84235927 84.96046553 0.59120475
44.37999696 85.96221668 0.59970578
44.92187044 86.97815279 0.59725353
45.46082406 87.98086150 0.60704159
46.02069122 88.99043318 0.61610715
