0.19991650 0.00335299 -0.34702769
0.36886381 0.39401658 -0.45918303
0.55355560 0.82574524 -0.54731009
0.75560314 1.29757771 -0.61372839
0.97618765 1.80819617 -0.66062641
1.21609971 2.35602730 -0.69006201
1.47580412 2.93930922 -0.70397956
1.75544495 3.55614099 -0.70424749
2.05489588 4.20453433 -0.69265225
2.37381132 4.88247488 -0.67092987
2.71161367 5.58795018 -0.64077343
3.06755186 6.31899047 -0.60385812
3.44072084 7.07369607 -0.56184768
3.83006706 7.85024756 -0.51640578
4.23443440 8.64692998 -0.46920739
4.65257048 9.46215179 -0.42193681
5.08294685 10.29440054 -0.37788315
5.52419553 11.14227609 -0.33877800
5.97553425 12.00440018 -0.30265832
6.43597866 12.87951702 -0.26715355
6.90417841 13.76592323 -0.23008779
7.37902587 14.66014072 -0.19275520
7.85878196 15.56143269 -0.15776290
8.34110847 16.46979140 -0.12583045
8.82505147 17.38330927 -0.09747574
9.31074478 18.30164877 -0.07100310
9.79757469 19.22554988 -0.04362465
10.28483945 20.15428061 -0.01629083
10.77270501 21.08456298 0.00819139
11.26136581 22.01469784 0.02883849
11.75079822 22.94497336 0.04518121
12.24055282 23.87597551 0.05724911
12.73048344 24.80681223 0.06716985
13.22139434 25.73585316 0.08005549
13.71343137 26.66265223 0.09935453
14.20579151 27.58698527 0.12200218
14.69727062 28.50736769 0.14284506
15.18710017 29.42401817 0.15749720
15.67466879 30.34199508 0.16616751
16.16112655 31.26118525 0.17514103
16.64762204 32.17918192 0.18832821
17.13323412 33.09905072 0.20438975
17.61678526 34.02132376 0.21866998
18.09722846 34.94156333 0.22977788
18.57361944 35.85946137 0.23825280
19.04549350 36.77706766 0.24376727
19.51363136 37.69442460 0.24624076
19.97788202 38.60784982 0.24642307
20.43702572 39.51656454 0.24257133
20.89169211 40.42189525 0.23735473
21.34435182 41.32030241 0.23606034
21.79511477 42.21283306 0.23649584
22.24101633 43.10198972 0.23738589
22.68114107 43.98719542 0.23437145
23.11726962 44.86686514 0.22930800
23.55103368 45.74046034 0.23007493
23.98334652 46.60791667 0.23683453
24.41310819 47.46933401 0.24435464
24.83927404 48.32529613 0.24936700
25.26282352 49.17465962 0.25205470
25.68478327 50.01759120 0.25342290
26.10636278 50.85452099 0.25729071
26.52890314 51.68321841 0.26359433
26.95010835 52.50606507 0.26627210
27.36773660 53.32550772 0.26329954
27.78069012 54.13920920 0.25483069
28.18813041 54.94557685 0.24322544
28.59083065 55.74448478 0.23527446
28.98791386 56.53512024 0.23533414
29.37727080 57.31515165 0.24154129
29.75808795 58.08333262 0.24735729
30.13126563 58.84024044 0.25115494
30.49757915 59.58554793 0.25613658
30.85750748 60.31887631 0.26238116
31.21086097 61.04081796 0.26689616
31.55744610 61.75256431 0.26959790
31.89781289 62.45388209 0.27263080
32.23182333 63.14298470 0.27558704
32.55738905 63.81892072 0.27585606
32.87238635 64.48105175 0.27310121
33.17804063 65.12818216 0.26933062
33.47484952 65.76121753 0.26616371
33.76220522 66.38143156 0.26796871
34.04065632 66.98601532 0.27947281
34.30979171 67.57330200 0.29350765
34.57004709 68.14432195 0.30225263
34.82335295 68.69950178 0.30729304
35.07080060 69.24155472 0.31201907
35.31255975 69.77372399 0.32088392
35.55022606 70.29431957 0.33339302
35.78776203 70.79780983 0.34677078
36.02638516 71.28408090 0.36237492
36.26392463 71.75840955 0.37733769
36.49943926 72.22337831 0.38658141
36.73529257 72.67695671 0.39219364
36.97544671 73.11358034 0.39662215
37.22130192 73.53017802 0.40100863
37.47304742 73.92814946 0.40655426
37.73222915 74.31026170 0.41195380
38.00109937 74.67694668 0.41547845
38.28085629 75.02737953 0.41579284
38.57185854 75.36006754 0.41333174
38.87378328 75.67249693 0.41009705
39.18566611 75.96338045 0.40638107
39.50687158 76.23129395 0.40108221
39.83717531 76.47487266 0.39361319
40.17591023 76.69345516 0.38317630
40.52180327 76.88618449 0.37173183
40.87372571 77.05244168 0.36288365
41.23199078 77.19289739 0.35706013
41.59695036 77.30911016 0.35179733
41.96736006 77.40194191 0.34454507
42.34104924 77.47094427 0.33529595
42.71649098 77.51507356 0.32549972
43.09303104 77.53655543 0.31661476
43.47137265 77.54122023 0.30869422
43.85071346 77.53050848 0.30064880
44.22762639 77.50052527 0.29193817
44.60115375 77.44875407 0.28395344
44.97276299 77.37814867 0.27729126
45.34785561 77.29682916 0.26953959
45.73176039 77.21096746 0.25983164
46.12395697 77.11807132 0.25156734
46.51989291 77.01025568 0.24656613
46.91758645 76.88529673 0.24273354
47.31876784 76.74517813 0.23434437
47.72646457 76.59362728 0.21587738
48.14614113 76.43414845 0.19614569
48.57856399 76.26446957 0.19003514
49.02082298 76.08215208 0.19559479
49.47155129 75.88727290 0.20201652
49.93057490 75.67955548 0.20483446
50.39891299 75.45900740 0.20417983
50.87848942 75.22642638 0.20156377
51.37068991 74.98173223 0.19827727
51.87592437 74.72481909 0.19435830
52.39546359 74.45632506 0.18924120
52.92914587 74.17552331 0.18410833
53.47492214 73.88126776 0.18035582
54.03319677 73.57519634 0.17746748
54.60535921 73.25905918 0.17482476
55.18990237 72.93230496 0.17206920
55.78578822 72.59431521 0.16896272
56.39472152 72.24659104 0.16540240
57.01838363 71.89107620 0.16112902
57.65647503 71.52770917 0.15697732
58.30932952 71.15647477 0.15390829
58.97770182 70.77860695 0.15110530
59.66107380 70.39496082 0.14820349
60.35839066 70.00699297 0.14415839
61.06741042 69.61619758 0.13871813
61.78536241 69.22325349 0.13332552
62.51147745 68.83042470 0.12665055
63.24530826 68.43814508 0.12014339
63.98326459 68.04485437 0.11852930
64.72227215 67.65061963 0.12496039
65.46122796 67.25675777 0.13565279
66.20008532 66.86403427 0.14653475
66.93899275 66.47246209 0.15755814
67.67751910 66.08269871 0.16778334
68.41585470 65.69489801 0.17686004
69.15356770 65.30863093 0.18548328
69.88974359 64.92335645 0.19517841
70.62305652 64.53736590 0.20633678
71.35221588 64.14937605 0.21829774
72.07594640 63.75991603 0.22959293
72.79328335 63.36848404 0.23849774
73.50340570 62.97391750 0.24451625
74.20494234 62.57558618 0.24929790
74.89793345 62.17284746 0.25605630
75.58227091 61.76590213 0.26421634
76.25683768 61.35516457 0.27115242
76.92145659 60.94106699 0.27704555
77.57598552 60.52375600 0.28240635
78.21997173 60.10341917 0.28707811
78.85240649 59.68047730 0.29140655
79.47248116 59.25598641 0.29662899
80.08074811 58.83142710 0.30278349
80.67700080 58.40703210 0.30908572
81.26116605 57.98302941 0.31571843
81.83346872 57.55973544 0.32292738
82.39388738 57.13828279 0.33052591
82.94280908 56.72096901 0.33732457
83.48083769 56.31037061 0.34237857
84.00815176 55.90833429 0.34610047
84.52349916 55.51560087 0.34903528
85.02557876 55.13312924 0.35161939
85.51484485 54.76315274 0.35414207
85.99188074 54.40761038 0.35665322
86.45585771 54.06769444 0.35916742
86.90663999 53.74535470 0.36268555
87.34525781 53.44261764 0.36656973
87.77359382 53.15815266 0.36915140
88.19571276 52.88866112 0.37060103
88.61646176 52.63262766 0.37279361
89.03774679 52.38918710 0.37630343
89.45992335 52.15899443 0.38088347
89.88412071 51.94454000 0.38734404
90.31142167 51.74850939 0.39591421
90.74244919 51.57280421 0.40493246
91.17677512 51.41893999 0.41203831
91.61361877 51.28853225 0.41642932
92.05136433 51.18148000 0.41889969
92.48842533 51.09819839 0.42027798
92.92512904 51.04260376 0.42040058
93.36235136 51.01767980 0.41927117
93.79984613 51.02477576 0.41769140
94.23588498 51.06327214 0.41743431
94.66874305 51.13046444 0.42040789
95.09756726 51.22600505 0.42805072
95.52097456 51.35188740 0.43874979
95.93784557 51.50856846 0.44959614
96.34806068 51.69568995 0.45872381
96.75161508 51.91246417 0.46663870
97.14817627 52.15695305 0.47317682
97.53735237 52.42908544 0.47717332
97.91882167 52.72717777 0.47570050
98.29436483 53.04429413 0.46780125
98.66726996 53.37583082 0.45905685
99.03724665 53.72384085 0.45376975
99.40340305 54.08860762 0.45043806
99.76789386 54.46779419 0.44417957
100.13352058 54.85944030 0.43483398
100.50104480 55.26179379 0.42499423
100.87312987 55.67246240 0.41834649
101.25405928 56.08927231 0.41692560
101.64410963 56.51232851 0.41521059
102.04297770 56.94150103 0.41048482
102.45051155 57.37823189 0.40862902
102.86633792 57.82514021 0.41275784
103.29170822 58.27885777 0.42075191
103.72892567 58.73400104 0.43080276
104.17761458 59.19211707 0.44061272
104.63491045 59.65722981 0.44695297
105.10093597 60.12753904 0.44792047
105.57566542 60.60257645 0.44509524
106.05700457 61.08607917 0.43815527
106.54457283 61.58151461 0.42806754
107.04142351 62.08793490 0.42169593
107.54879969 62.60338486 0.42296757
108.06440247 63.12829968 0.43114345
108.58539328 63.66213134 0.43711861
109.11071948 64.20631309 0.43455356
109.64256622 64.75869025 0.42672940
110.18297058 65.31618033 0.41772136
110.73182419 65.88140656 0.41245542
111.28866543 66.45475591 0.41190814
111.85281443 67.03558722 0.41521649
112.42221845 67.62543862 0.41990240
112.99558794 68.22332191 0.42105461
113.57244758 68.82731511 0.41952284
114.15194191 69.43779486 0.41691639
114.73266079 70.05674497 0.41124458
115.31700858 70.68036899 0.40410026
115.90584948 71.30689731 0.39855490
116.49775805 71.93779568 0.39728989
117.09420392 72.56837064 0.39804120
117.69410602 73.19582386 0.39495742
118.29745551 73.81966786 0.39280629
118.90467389 74.43954203 0.39574555
119.51236042 75.05703878 0.40067898
120.11690848 75.67427217 0.40544153
120.72083705 76.29101739 0.40747567
121.32508829 76.90664988 0.41118757
121.92610306 77.52059100 0.41502066
122.52338241 78.13129478 0.41177987
123.11951154 78.73591616 0.40507647
123.71599130 79.33955973 0.40267082
124.31325755 79.94710448 0.41490901
124.91138361 80.55434041 0.44166879
125.50491674 81.15952871 0.46005748
126.08900392 81.76184379 0.45407983
126.66735493 82.36136271 0.43441989
127.24543272 82.95873170 0.42117105
127.82353644 83.55288172 0.42570930
128.39819453 84.14568870 0.43629896
128.96802227 84.73843646 0.44155490
129.53415258 85.33163312 0.44531350
130.09248328 85.92947708 0.44616676
130.64414717 86.52958151 0.44527811
131.19471966 87.12744030 0.44881906
131.74344268 87.72409175 0.45451614
132.28854897 88.31931590 0.45656769
132.83061360 88.91153430 0.45598688
133.37024739 89.50100026 0.45432320
133.90573210 90.09142401 0.45323450
134.43584104 90.68543847 0.45663753
134.96176958 91.28286693 0.46142173
135.48314516 91.88509402 0.46180568
135.99851502 92.49150442 0.45359477
136.51104814 93.09824074 0.43705669
137.02383075 93.70548496 0.41715033
137.53537775 94.31845131 0.40168560
138.04393579 94.93968898 0.39735936
138.54756553 95.57074992 0.39977406
139.04819813 96.20809616 0.39956052
139.54887574 96.84764371 0.39574406
140.04645788 97.49330324 0.39354096
140.53877599 98.14793750 0.39782814
141.02669784 98.81021502 0.40732851
141.51127637 99.47647105 0.41380100
141.99249055 100.14566211 0.41501392
142.46849632 100.82002540 0.41161449
142.93792565 101.49902970 0.40303407
143.40211095 102.18123001 0.39260716
143.86316594 102.86653063 0.38125913
144.32363515 103.55349550 0.37349108
144.78301985 104.24263233 0.37129391
145.23913611 104.93480189 0.37258263
145.69285159 105.62663591 0.37264184
146.14390417 106.31586215 0.36215716
146.59548024 107.00207904 0.34079868
147.04514251 107.69220539 0.31840387
147.48647872 108.39430382 0.30684457
147.92298652 109.10510628 0.30306903
148.35752693 109.82193968 0.29378662
148.78867294 110.54583636 0.27819778
149.21542384 111.27429906 0.26183158
149.63712902 112.00742530 0.24302924
150.05800489 112.74384545 0.21949765
150.48117679 113.48230016 0.20173449
150.89682072 114.23063068 0.19622774
151.30133066 114.99007820 0.19577297
151.70165281 115.75154780 0.19032943
152.09853664 116.51023344 0.17241924
152.49106097 117.26846496 0.14487156
152.88099348 118.02924540 0.11844782
153.27472506 118.79108551 0.10127359
153.67381267 119.55404818 0.09186204
154.07019206 120.32074846 0.08370408
154.46199917 121.08921434 0.07201436
154.85005230 121.85866072 0.05715902
155.23659457 122.62571908 0.03709677
155.62567569 123.38695358 0.01470878
156.01398012 124.14883316 -0.00157681
156.39636219 124.91430372 -0.01026730
156.77338517 125.67803035 -0.01460664
157.14890504 126.43568719 -0.02312526
157.52006147 127.18861301 -0.04334238
157.88511379 127.93886784 -0.07136262
158.24881875 128.68540124 -0.09595725
158.61189786 129.42721834 -0.11698465
158.97310967 130.16356500 -0.14289312
159.33051604 130.89407947 -0.17501248
159.68446365 131.61649164 -0.21064321
160.03603344 132.32987957 -0.25026474
160.38283150 133.03610484 -0.29667363
160.72562488 133.73459385 -0.34408933
161.06628703 134.42420184 -0.38570713
161.40497193 135.10522104 -0.42164032
161.74183282 135.77794999 -0.45199375
162.07701853 136.44267794 -0.47686539
162.41066769 137.09969710 -0.49635520
162.74291374 137.74930946 -0.51055831
163.07387721 138.39180484 -0.51956639
163.40366449 139.02746867 -0.52346991
163.73238161 139.65658572 -0.52235453
164.06010902 140.27943805 -0.51629543
164.38692839 140.89628738 -0.50535973
164.71289232 141.50738467 -0.48961882
165.03804921 142.11296720 -0.46912736
165.36243782 142.71327107 -0.44393686
165.68607700 143.30850498 -0.41410450
166.00896525 143.89886896 -0.37966997
166.33436742 144.48303877 -0.33965740
166.66473869 145.05800461 -0.29333892
166.99706115 145.62429763 -0.24734652
167.32831404 146.18492077 -0.20876226
167.65880296 146.74217562 -0.17932800
167.98964883 147.29886844 -0.15711065
168.32236207 147.85415842 -0.13506803
168.65782714 148.40903552 -0.10851505
168.99208883 148.96576989 -0.08440803
169.32253736 149.52459736 -0.06973412
169.65358704 150.08427253 -0.05979462
169.98988026 150.64235113 -0.04760091
170.33063972 151.20158734 -0.02857716
170.67116797 151.76606919 -0.00325210
171.01006778 152.33639806 0.02696630
171.35228758 152.90770201 0.05881350
171.69783230 153.47761360 0.07945802
172.03992748 154.05206160 0.08365240
172.37782531 154.63198436 0.07760070
172.71906725 155.21341554 0.06581902
173.06677378 155.79808598 0.05648753
173.41754489 156.38685971 0.05777838
173.76794236 156.97716092 0.06484993
174.11523788 157.56898267 0.06980835
174.45811085 158.16085681 0.06803874
174.79993067 158.75074350 0.06254918
175.14298340 159.34052793 0.06110506
175.48276690 159.93242926 0.06355056
175.81775109 160.52443745 0.06754023
176.15034660 161.11312602 0.07027513
176.48071758 161.69759663 0.06840543
176.80758613 162.27817948 0.06182392
177.13105656 162.85483727 0.05386997
177.45052880 163.42715202 0.04932776
177.76522877 163.99411290 0.05248240
178.07652948 164.55225764 0.06376152
178.38258063 165.09862347 0.07638389
178.67838001 165.63320814 0.08444484
178.96237366 166.15604625 0.08809847
179.23781689 166.66401904 0.08825462
179.50565942 167.15478004 0.08449453
179.76131104 167.63023085 0.07767003
180.00268821 168.09386251 0.06891475
180.23080341 168.54887107 0.05844905
180.44746054 168.99699578 0.04890437
180.65218159 169.44161029 0.04287500
180.84173038 169.88672132 0.03873788
181.01690637 170.33114439 0.03661967
181.17773846 170.77239018 0.03414220
181.31826413 171.21078377 0.02813792
181.43609866 171.64740409 0.01941731
181.53346764 172.08281707 0.00921796
181.60775692 172.51650532 0.00058379
181.65659792 172.94645744 -0.00424257
181.68022063 173.37075763 -0.00462911
181.68005887 173.78894525 -0.00393965
181.65920482 174.20084992 -0.00558089
181.61723770 174.60644832 -0.00833930
181.55229365 175.00651884 -0.00819887
181.46365049 175.40079855 -0.00590376
181.35208468 175.78676630 -0.00629404
181.21976407 176.16263657 -0.01158513
181.06842720 176.52829733 -0.02076030
180.89928038 176.88396783 -0.03199862
180.71363244 177.23036673 -0.04745001
180.51017225 177.56872652 -0.06863197
180.28447697 177.90172848 -0.09410144
180.03117375 178.23044946 -0.12054667
179.74796280 178.55412353 -0.14346291
179.43726387 178.87273724 -0.16143801
179.10132511 179.18590105 -0.17724602
178.74178551 179.49269413 -0.19368309
178.35947919 179.79207299 -0.20955760
177.95443605 180.08363021 -0.22698749
177.52760327 180.36800819 -0.24775039
177.08210446 180.64686040 -0.26803857
176.61957865 180.92074575 -0.28549912
176.13920597 181.18987574 -0.30075148
175.64155103 181.45694069 -0.31550428
175.12726616 181.72455035 -0.33115583
174.59647379 181.99474286 -0.34689310
174.04925748 182.26915813 -0.36036800
173.48588691 182.54943564 -0.37225369
172.90630433 182.83710778 -0.38404870
172.30970571 183.13267607 -0.39532223
171.69623978 183.43719613 -0.40658350
171.06638741 183.75182155 -0.41893647
170.41939170 184.07677615 -0.43203229
169.75452894 184.41189663 -0.44476646
169.07191640 184.75706441 -0.45633617
168.37189569 185.11293147 -0.46603678
167.65568446 185.48043988 -0.47473579
166.92438913 185.85884440 -0.48344310
166.17877249 186.24650701 -0.49233947
165.42059207 186.64234229 -0.50126171
164.65227524 187.04552721 -0.50982204
163.87708728 187.45441340 -0.51685915
163.09875743 187.86673593 -0.52379298
162.32028600 188.27995789 -0.53383033
161.54263508 188.69248183 -0.54612376
160.76602235 189.10586782 -0.55852903
159.98974311 189.52055768 -0.56739479
159.21253068 189.93494588 -0.57062283
158.43490344 190.34768591 -0.57208260
157.65726505 190.75755284 -0.57840929
156.87970669 191.16489810 -0.59063569
156.10209763 191.56934389 -0.60518082
155.32384679 191.97077748 -0.62002454
154.54545661 192.37090285 -0.63349528
153.76733855 192.76927273 -0.64400562
152.98934924 193.16385702 -0.65209966
152.21262710 193.55504007 -0.65979442
151.43836437 193.94518740 -0.66663976
150.66654696 194.33479286 -0.66980192
149.89784566 194.72399872 -0.66825867
149.13364081 195.11432926 -0.66589783
148.37382888 195.50535511 -0.66429092
147.61843178 195.89633789 -0.66055350
146.86825946 196.28812096 -0.65579503
146.12328381 196.67940497 -0.65352201
145.38220879 197.06777027 -0.65190636
144.64572656 197.45593853 -0.65004108
143.91518215 197.84659986 -0.64682096
143.18812179 198.23619667 -0.64130932
142.46305731 198.62135125 -0.63730412
141.74164852 199.00269526 -0.63612585
141.02417575 199.38064303 -0.63771026
140.30960194 199.75511436 -0.64222865
139.59773662 200.12621750 -0.64702595
138.88835008 200.49320503 -0.64767157
138.18073751 200.85529889 -0.64453445
137.47464460 201.21229871 -0.64058640
136.77036556 201.56424726 -0.63530111
136.06833134 201.91078350 -0.62861738
135.36917340 202.25141633 -0.62289474
134.67422883 202.58616522 -0.61901406
133.98517076 202.91539636 -0.61681503
133.30339758 203.23912750 -0.61478206
132.63119219 203.55797845 -0.61062788
131.97076776 203.87156577 -0.60481234
131.32326258 204.17801252 -0.59879452
130.68956403 204.47680998 -0.59359477
130.07021861 204.76924782 -0.58894719
129.46478208 205.05604709 -0.58323465
128.87277213 205.33725025 -0.57623764
128.29481492 205.61324643 -0.56985640
127.73120360 205.88428132 -0.56550140
127.18197500 206.15156307 -0.56204319
126.64745958 206.41575940 -0.55845942
126.12730783 206.67562102 -0.55476229
125.62083914 206.92917769 -0.54975253
125.12959362 207.17645213 -0.54385964
124.65547506 207.41783985 -0.53858436
124.19866486 207.65307386 -0.53402341
123.75882019 207.88242046 -0.53009186
123.33535292 208.10549343 -0.52698417
122.92805251 208.32277571 -0.52449640
122.53608654 208.53375164 -0.52113812
122.15920530 208.73783239 -0.51649748
121.79851883 208.93622245 -0.51187343
121.45412999 209.12904226 -0.50844585
121.12587553 209.31568003 -0.50635671
120.81440664 209.49633772 -0.50483770
120.51951408 209.67066938 -0.50321373
120.24071019 209.83755913 -0.50150606
119.97960001 209.99579426 -0.49947383
119.73795473 210.14393395 -0.49687423
119.51667621 210.28110516 -0.49445181
119.31615491 210.40648607 -0.49286413
119.13771691 210.51943169 -0.49196647
118.98165405 210.61950403 -0.49121493
118.84588808 210.70602161 -0.48971153
118.73014800 210.77845112 -0.48709645
118.63511761 210.83661684 -0.48450823
118.55873039 210.88237171 -0.48354155
118.49635314 210.91907253 -0.48378486
118.44438767 210.94907119 -0.48370109
118.40133282 210.97308901 -0.48275548
118.36691673 210.99084975 -0.48097649
118.34143147 211.00242117 -0.47896103
118.32465130 211.00810666 -0.47711532
118.31582156 211.00798814 -0.47538454
118.31332300 211.00319231 -0.47360070
118.31201291 210.99746229 -0.47155499
118.30787191 210.99374169 -0.46923826
118.30247797 210.99121821 -0.46696596
118.29696542 210.98895169 -0.46496530
118.29013598 210.98732224 -0.46291057
118.28063904 210.98704577 -0.46095169
118.26762868 210.98892898 -0.45935719
118.25070885 210.99340472 -0.45752276
118.22975485 211.00051463 -0.45496803
118.20489136 211.01017268 -0.45187995
118.17614638 211.02230979 -0.44869027
118.14319963 211.03731389 -0.44568440
118.10417037 211.05666849 -0.44354735
118.05553260 211.08295967 -0.44243335
117.99429188 211.11869231 -0.44122595
117.91840894 211.16561340 -0.43907792
117.82687234 211.22442269 -0.43580273
117.71987377 211.29523736 -0.43181124
117.59779195 211.37831661 -0.42768833
117.46090655 211.47361490 -0.42353043
117.30986517 211.58112706 -0.41948227
117.14610855 211.70081057 -0.41549937
116.97154653 211.83260148 -0.41107660
116.78898072 211.97751047 -0.40331857
116.59889509 212.13451624 -0.39042385
116.40169407 212.30192121 -0.37757429
116.20157443 212.48110588 -0.36825969
116.00086836 212.67373111 -0.36062655
115.79862964 212.87971673 -0.35322688
115.59647825 213.09989149 -0.34448324
115.39570387 213.33515467 -0.33387655
115.19482290 213.58546119 -0.32266388
114.99585067 213.85179237 -0.31293804
114.80191535 214.13470416 -0.30670572
114.61685916 214.43537071 -0.30276891
114.44628857 214.75499727 -0.29755625
114.29179237 215.09243891 -0.29046922
114.15275432 215.44685054 -0.28566892
114.02952846 215.81859786 -0.28747478
113.92337967 216.20868851 -0.29504612
113.83669642 216.61917274 -0.30338391
113.77301711 217.05070464 -0.30847386
113.73789791 217.50154250 -0.30960817
113.73367154 217.96912589 -0.30820226
113.75850819 218.45242148 -0.30599635
113.81104406 218.95078749 -0.30580199
113.89158476 219.46271412 -0.31230204
114.00047693 219.98737517 -0.32480168
114.13766450 220.52440406 -0.33505486
114.30389718 221.07250160 -0.34006064
114.49786146 221.62998734 -0.34370105
114.71705875 222.19587660 -0.34839236
114.96019964 222.76942309 -0.35474457
115.22466233 223.35120378 -0.36223209
115.50695696 223.94267335 -0.36977922
115.80448549 224.54465684 -0.37785590
116.11569947 225.15735619 -0.38790113
116.43916958 225.78156198 -0.39933869
116.77416457 226.41758606 -0.41039836
117.12023437 227.06521580 -0.42033865
117.47567745 227.72561202 -0.42905169
117.83963403 228.39950830 -0.43705139
118.21203985 229.08675150 -0.44461760
118.59244611 229.78706502 -0.45269692
118.98021616 230.49980737 -0.46260832
119.37477524 231.22472509 -0.47478818
119.77513682 231.96265951 -0.48952533
120.18018788 232.71407659 -0.50445320
120.59031814 233.47840989 -0.51550801
121.00708217 234.25401482 -0.52098095
121.43087900 235.03978561 -0.51969062
121.86077787 235.83491180 -0.51690470
122.29648365 236.63761422 -0.52023168
122.73794671 237.44789979 -0.53195003
123.18433430 238.26795663 -0.55030403
123.63536065 239.09903362 -0.56744126
124.09103841 239.94153330 -0.57713654
124.55074601 240.79552207 -0.58001182
125.01440019 241.66073807 -0.57872097
125.48397238 242.53587318 -0.57544141
125.95928669 243.41972631 -0.57349656
126.43934372 244.31089283 -0.57840369
126.92444875 245.20811564 -0.59091804
127.41455312 246.11205808 -0.60614486
127.91015354 247.02305613 -0.61863022
128.40970624 247.94077411 -0.62569155
128.91144047 248.86441629 -0.62797459
129.41511186 249.79239671 -0.62818815
129.91909721 250.72341007 -0.62820313
130.42260722 251.65656289 -0.63271704
130.92615886 252.59253184 -0.64227505
131.42935554 253.53332021 -0.64814795
131.93278133 254.47800963 -0.64684767
132.43538271 255.42416457 -0.64082368
132.93528271 256.37001525 -0.63368922
133.43221057 257.31439631 -0.62807618
133.92578399 258.25655507 -0.62571357
134.41636448 259.19638396 -0.62770728
134.90554266 260.13343172 -0.63283796
135.39357175 261.06707073 -0.63855266
135.87987274 261.99746561 -0.64372118
136.36488928 262.92454880 -0.64678698
136.84823455 263.84867403 -0.64588302
137.32943805 264.77049861 -0.64146239
137.80829051 265.68970593 -0.63578371
138.28560429 266.60610228 -0.63237096
138.76246133 267.52056830 -0.63211817
139.23853195 268.43408143 -0.63253014
139.71401547 269.34655030 -0.63396804
140.18817938 270.25715329 -0.64057385
140.66086472 271.16609490 -0.65264633
141.13310184 272.07469650 -0.66508871
141.60486356 272.98368283 -0.67256498
142.07623738 273.89276691 -0.67598139
142.54791372 274.80191555 -0.67780387
143.02074574 275.71180682 -0.67652386
143.49525880 276.62295571 -0.67310479
143.97176437 277.53537750 -0.67032441
144.44981766 278.44976563 -0.66993314
144.92895940 279.36769579 -0.67206246
145.41046396 280.28901841 -0.67491661
145.89532172 281.21300363 -0.67665078
146.38350167 282.13938152 -0.67827751
146.87463679 283.06938630 -0.68043415
147.36852120 284.00297001 -0.68144753
147.86531981 284.93855506 -0.68111995
148.36386486 285.87739911 -0.68233192
148.86584524 286.81942142 -0.68065649
149.37196117 287.76404146 -0.67168772
149.87802219 288.71194172 -0.66120177
150.38294639 289.66085018 -0.65487976
150.88721437 290.60840289 -0.65276881
151.38952607 291.55482634 -0.65164833
151.88998924 292.49848339 -0.65162809
152.38882106 293.43895786 -0.65357268
152.88530166 294.37824928 -0.65556866
153.38038144 295.31625119 -0.65484591
153.87421414 296.25249750 -0.65039274
154.36633355 297.18689196 -0.64489640
154.85683267 298.11860756 -0.64074500
155.34493376 299.04660875 -0.63961589
155.82980927 299.97057698 -0.64241032
156.31175163 300.89022801 -0.64637982
156.79059391 301.80512679 -0.64645663
157.26530576 302.71419478 -0.64184092
157.73546127 303.61562053 -0.63620736
158.20012679 304.50936464 -0.63087340
158.65921353 305.39605918 -0.62685930
159.11347969 306.27552549 -0.62560469
159.56320629 307.14784139 -0.62669616
160.00846938 308.01263049 -0.62910548
160.44841927 308.86946051 -0.63015275
160.88284725 309.71758826 -0.62883109
161.31236826 310.55624597 -0.62589425
161.73721152 311.38510985 -0.62135070
162.15663976 312.20356756 -0.61717677
162.57014048 313.01027606 -0.61460760
162.97811133 313.80402965 -0.61326496
163.38058823 314.58468976 -0.61150646
163.77679851 315.35150226 -0.60745129
164.16610736 316.10275722 -0.60119210
164.54838789 316.83608814 -0.59489262
164.92194505 317.55060672 -0.58983370
165.28538333 318.24678665 -0.58507595
165.63901535 318.92348371 -0.58071452
165.98192975 319.58041961 -0.57719789
166.31246604 320.21891291 -0.57407512
166.63170449 320.83758536 -0.57223988
166.93962087 321.43531467 -0.57291462
167.23500698 322.01406021 -0.57452486
167.51890841 322.57492219 -0.57515176
167.79208733 323.11713949 -0.57499454
168.05367312 323.63970501 -0.57080240
168.30167774 324.14254618 -0.56156099
168.53500317 324.62573455 -0.55471525
168.75297064 325.09052458 -0.55421229
168.95561639 325.53850149 -0.55708875
169.14449330 325.97021297 -0.55945804
169.32029051 326.38680499 -0.56006816
169.48470779 326.79252775 -0.55923183
169.64011519 327.19282545 -0.55656427
169.78678070 327.58952511 -0.55221486
169.92485614 327.98200182 -0.54684829
170.05302639 328.36940113 -0.54188549
170.16752569 328.75167014 -0.53804002
170.26575126 329.13004310 -0.53471622
170.34630753 329.50653144 -0.53185857
170.40886178 329.88146091 -0.52965747
170.45505458 330.25345177 -0.52867063
170.48462363 330.62287441 -0.52840286
170.49523331 330.99286024 -0.52728998
170.48663610 331.36632001 -0.52580034
170.46006236 331.74489595 -0.52509348
170.41685769 332.12880674 -0.52534488
170.35679889 332.51652314 -0.52588834
170.27622236 332.90729721 -0.52422986
170.17024989 333.30206124 -0.52036710
170.03694096 333.70016814 -0.52099900
169.87713393 334.09973024 -0.52830218
169.68843899 334.49895660 -0.53648383
169.46484278 334.89508342 -0.54198463
169.20475419 335.28595972 -0.54577848
168.91257303 335.67089469 -0.54999406
168.58897315 336.04992229 -0.55280364
168.22583412 336.42032139 -0.55005872
167.81820688 336.77816268 -0.54235772
167.37118389 337.12303470 -0.53515926
166.89236202 337.45697644 -0.53493156
166.38633687 337.78251170 -0.53867668
165.85417815 338.10129101 -0.54024399
165.30003472 338.41373777 -0.54049761
164.72813784 338.71877289 -0.54095487
164.13951765 339.01621071 -0.54661337
163.53820689 339.30994859 -0.56104738
162.92838463 339.60504790 -0.57768197
162.31025524 339.90310069 -0.58369646
161.68306234 340.20334457 -0.57465848
161.04754465 340.50534444 -0.55988348
160.40306890 340.80886683 -0.54898837
159.74948913 341.11509979 -0.54335305
159.08670407 341.42554093 -0.54044826
158.41510730 341.74176248 -0.53822316
157.73609262 342.06567079 -0.53502889
157.05030201 342.39898159 -0.53113190
156.35766284 342.74258308 -0.52646571
155.65774327 343.09586805 -0.52008799
154.95189562 343.45940738 -0.51505865
154.24058574 343.83465900 -0.51590930
153.52306457 344.22216561 -0.52036879
152.79817124 344.62131894 -0.52233496
152.06577967 345.03034906 -0.52025997
151.32813931 345.44751630 -0.51682812
150.58692070 345.86995316 -0.51671966
149.84097263 346.29561927 -0.52043983
149.08963934 346.72472746 -0.52866530
148.33433972 347.15766938 -0.54055991
147.57644624 347.59493149 -0.54937600
146.81530015 348.03530227 -0.55356630
146.05063442 348.47727800 -0.55467124
145.28466403 348.92001388 -0.55428862
144.51627184 349.36114648 -0.55468737
143.74378022 349.79852213 -0.55523461
142.96841303 350.23250927 -0.55537278
142.19117973 350.66380590 -0.55549475
141.41314986 351.09254107 -0.55604263
140.63430478 351.51882237 -0.55705381
139.85467750 351.94330798 -0.55799527
139.07395460 352.36677473 -0.55890687
138.28957836 352.78958965 -0.55794196
137.50110658 353.21133734 -0.55501093
136.70900734 353.63157827 -0.55404363
135.91292918 354.05121191 -0.55835879
135.11501644 354.47048774 -0.56390358
134.31901312 354.89008403 -0.56600919
133.52139950 355.31037247 -0.56681348
132.72257141 355.73167038 -0.56782609
131.92927362 356.15573832 -0.56563061
131.13970944 356.58167000 -0.56523490
130.35130544 357.00814252 -0.57170887
129.56576731 357.43690382 -0.57844393
128.78580427 357.86953532 -0.58129650
128.01296028 358.30593971 -0.58252763
127.24778147 358.74589591 -0.58546269
126.49082511 359.18913410 -0.59015833
125.74356614 359.63575848 -0.59646784
125.00623692 360.08558965 -0.60354028
124.27843013 360.53818328 -0.61109754
123.56023986 360.99371850 -0.61952856
122.85214936 361.45249333 -0.62756176
122.15509619 361.91473733 -0.63356417
121.46926432 362.38065580 -0.63806209
120.79478285 362.84996711 -0.64202762
120.13181433 363.32219927 -0.64633175
119.48158883 363.79596453 -0.65219495
118.84426709 364.26817415 -0.65938489
118.21858767 364.73372458 -0.66711476
117.60501687 365.18794825 -0.67765161
117.00301494 365.62877561 -0.69014061
116.41085464 366.05602895 -0.69961894
115.82858489 366.46818285 -0.70666871
115.25557421 366.86391876 -0.71339110
114.69085638 367.24299094 -0.72012402
114.13308181 367.60445751 -0.72635127
113.57986216 367.94679760 -0.72875790
113.02959968 368.26804351 -0.72898070
112.48212382 368.56734115 -0.73168125
111.93665301 368.84944736 -0.73761089
111.39129023 369.12336576 -0.74622775
110.84607554 369.39474477 -0.75482468
110.30074616 369.66524414 -0.76171448
109.75420057 369.93450250 -0.76823297
109.20498439 370.20130672 -0.77545786
108.65265667 370.46491268 -0.78422958
108.09752411 370.72527199 -0.79429252
107.54036792 370.98264976 -0.80425902
106.98089764 371.23715920 -0.81356606
106.41645576 371.49121636 -0.82123067
105.84621342 371.74785212 -0.82701374
105.27124917 372.00714401 -0.83194242
104.69313818 372.26910356 -0.83601121
104.11068135 372.53375884 -0.83929643
103.52079255 372.80051908 -0.84357755
102.92275437 373.06944711 -0.84910246
102.31887461 373.34109176 -0.85378496
101.71138359 373.61584353 -0.85664108
101.10019457 373.89394782 -0.85923986
100.48270974 374.17675145 -0.86104747
99.85869589 374.46546309 -0.86145076
99.22967604 374.76065767 -0.86188115
98.59459375 375.06193190 -0.86362362
97.95223990 375.36825352 -0.87022073
97.30547836 375.67961398 -0.88303179
96.65355640 375.99639746 -0.90407824
95.99315828 376.32343852 -0.93388631
95.32858229 376.66576135 -0.95810154
94.66018535 377.02075652 -0.96146933
93.98589236 377.38612561 -0.95395585
93.30932121 377.75925038 -0.95804135
92.62902962 378.13914205 -0.97869648
91.94307152 378.52952714 -1.00707831
91.25209686 378.93212912 -1.02839524
90.55330939 379.34791547 -1.03138397
89.84766073 379.77553861 -1.02350942
89.13919073 380.21092762 -1.02037201
88.43021729 380.65202623 -1.02760043
87.72175621 381.09946907 -1.03701068
87.01265886 381.55538532 -1.03341662
86.29928945 382.02168086 -1.01218185
85.58133111 382.49654892 -0.98390063
84.86022343 382.97612926 -0.96057823
84.13634084 383.45812381 -0.95035574
83.40862951 383.94266312 -0.94800937
82.67575137 384.43011141 -0.94238883
81.93680072 384.91944634 -0.93013574
81.18875653 385.41008788 -0.91420773
80.43018297 385.90205046 -0.90019699
79.66175685 386.39515389 -0.88728887
78.88361740 386.88870227 -0.87295521
78.09558263 387.38170478 -0.86194546
77.29812393 387.87262324 -0.85650343
76.49181840 388.36190583 -0.84943940
75.67575321 388.85132754 -0.83277322
74.84935112 389.34160259 -0.80807512
74.01257905 389.83207485 -0.78458252
73.16471328 390.32192099 -0.76832880
72.30663322 390.81097614 -0.75863743
71.44132409 391.29878092 -0.74957484
70.57252040 391.78475660 -0.73586383
69.70151095 392.26915523 -0.71829530
68.82724186 392.75321624 -0.69783196
67.95114001 393.23685676 -0.67538942
67.07312470 393.72081620 -0.65487208
66.18950326 394.20635029 -0.63992074
65.29919981 394.69227226 -0.63430169
64.40383043 395.17914713 -0.63380148
63.50739473 395.66658691 -0.63178511
62.61346256 396.15411859 -0.62395372
61.72248786 396.64269848 -0.61085644
60.83414880 397.13101827 -0.60027999
59.94843174 397.61793958 -0.59505262
59.06623796 398.10397977 -0.59304744
58.18733833 398.59026344 -0.59305694
57.31283308 399.07659952 -0.59392047
56.44548101 399.56188128 -0.59595785
55.58570414 400.04539693 -0.59942788
54.73534711 400.52629233 -0.60133609
53.89523276 401.00540377 -0.60186089
53.06605898 401.48307584 -0.60005952
52.25107790 401.95710769 -0.59365670
51.44851466 402.42546624 -0.58710019
50.65463876 402.88713003 -0.58615126
49.86787497 403.34180397 -0.59050539
49.08922394 403.78787932 -0.59647999
48.32074629 404.22405499 -0.60145132
47.56263586 404.65010738 -0.60422454
46.81470962 405.06466859 -0.60435358
46.07592716 405.46434393 -0.60358661
45.34431104 405.84743972 -0.60589410
44.61801376 406.21507871 -0.61283576
43.89978838 406.56687077 -0.61790371
43.19423957 406.90037710 -0.61363348
42.49900100 407.21466028 -0.60664099
41.80858633 407.51216312 -0.60393933
41.12224674 407.79127377 -0.60718900
40.44309282 408.04915449 -0.61592915
39.77378414 408.28721109 -0.62431379
39.11747711 408.50558060 -0.62999344
38.47833012 408.70275860 -0.63167850
37.85811828 408.87872937 -0.63112618
37.25507586 409.03420056 -0.63457005
36.66764501 409.16851941 -0.64539857
36.09587053 409.28095058 -0.66262551
35.54021122 409.37170914 -0.68371797
35.00224058 409.44271135 -0.70687820
34.48297781 409.49585919 -0.73166917
33.98171481 409.53225739 -0.75763393
33.49678473 409.55158566 -0.78439734
33.02651338 409.55302058 -0.81255353
32.56977340 409.53606680 -0.84139218
32.12469017 409.50102381 -0.86964670
31.68942827 409.44843218 -0.89782935
31.26252362 409.37832609 -0.92642144
30.84276413 409.28915064 -0.95258412
30.43013508 409.18060571 -0.97603212
30.02528290 409.05370558 -0.99706761
29.62670778 408.90784954 -1.01525795
29.23226161 408.74251721 -1.03162449
28.84067235 408.55878929 -1.04600896
28.44916544 408.35741708 -1.05883677
28.05429707 408.13682231 -1.06891475
27.65679623 407.89387948 -1.07398163
27.25941775 407.62609609 -1.07280306
26.85942743 407.33454179 -1.06816240
26.45025879 407.02020082 -1.06305427
26.02857396 406.68257986 -1.05840694
25.59615839 406.31983696 -1.05232381
25.15492326 405.92983309 -1.04231696
24.70837932 405.51325565 -1.03105613
24.26081682 405.07053112 -1.02017225
23.81508173 404.60137773 -1.01097859
23.37433025 404.10525635 -1.00316410
22.93967838 403.58278045 -0.99540144
22.51237846 403.03811038 -0.99625386
22.09101701 402.47179112 -1.00418408
21.67134513 401.88118202 -1.00459634
21.25169075 401.26813156 -0.99556828
20.83448486 400.63643416 -0.98520766
20.41904045 399.98788673 -0.97676618
20.00198641 399.32303029 -0.96705108
19.58531185 398.64313508 -0.95692319
19.17192000 397.94991662 -0.94727419
18.76258942 397.24448859 -0.93640436
18.35577666 396.52762998 -0.92394670
17.94815931 395.79992844 -0.91091292
17.53788560 395.06220528 -0.89961745
17.12632070 394.31588260 -0.89010288
16.71435076 393.56216552 -0.88364472
16.29947157 392.80153008 -0.87870589
15.88191078 392.03496006 -0.87194647
15.46496730 391.26369621 -0.86085635
15.04928757 390.48787533 -0.84290178
14.63290725 389.70663542 -0.82240109
14.21641227 388.91947286 -0.80429887
13.80156569 388.12639176 -0.78922958
13.38697117 387.32670267 -0.77502845
12.97132853 386.52006143 -0.76023572
12.55571124 385.70709811 -0.74752265
12.14115371 384.88774451 -0.73630498
11.72638682 384.06135194 -0.72430121
11.30987476 383.22707596 -0.71721719
10.89040598 382.38473901 -0.71825404
10.46913243 381.53598916 -0.72339687
10.04847403 380.68156032 -0.72775424
9.62650021 379.82142201 -0.72757637
9.20302605 378.95590069 -0.72624246
8.77874768 378.08597194 -0.72703885
8.35108940 377.21340577 -0.72786086
7.91996896 376.34025568 -0.72899241
7.48719431 375.46766968 -0.73175608
7.05389055 374.59624071 -0.73469805
6.62076801 373.72679205 -0.73702265
6.18863235 372.85891859 -0.74008100
5.75766570 371.99256539 -0.74521949
5.32898924 371.12715573 -0.75211636
4.90158529 370.26266718 -0.76048231
4.47059805 369.40075319 -0.76834444
4.03546598 368.54197365 -0.77252641
3.59602202 367.68440009 -0.77445850
3.14953161 366.82637644 -0.78134943
2.69535999 365.96689335 -0.79872009
2.23765672 365.10528876 -0.81721417
1.77957379 364.24412482 -0.82801103
1.31799614 363.38605188 -0.83300567
0.85112337 362.52996544 -0.83450624
0.38090040 361.67351042 -0.83593929
-0.09284374 360.81632931 -0.83996794
-0.56968228 359.95795707 -0.84452936
-1.04692596 359.09854434 -0.84777502
-1.52521837 358.23929858 -0.84956097
-2.00773941 357.37967557 -0.84988700
-2.49329904 356.51947374 -0.85357222
-2.97876003 355.65850293 -0.85995099
-3.46737838 354.79924473 -0.85924341
-3.95857149 353.94169127 -0.85320850
-4.45145185 353.08250758 -0.85202452
-4.94799941 352.22313909 -0.85569447
-5.44463425 351.36401451 -0.85937076
-5.93986261 350.50541969 -0.85869450
-6.43537997 349.64839856 -0.85287274
-6.93299924 348.79257714 -0.84835575
-7.43609491 347.94039046 -0.84883775
-7.94259180 347.09370345 -0.84894066
-8.44814872 346.25082850 -0.84751200
-8.95313848 345.41162187 -0.84429735
-9.45366027 344.57120779 -0.84469660
-9.94861871 343.72596897 -0.85261539
-10.44077380 342.88008002 -0.86068893
-10.93111648 342.03700097 -0.86206862
-11.42058401 341.19714597 -0.85458062
-11.90752549 340.35709410 -0.84586573
-12.39050798 339.51353572 -0.84295802
-12.86945700 338.66482814 -0.84531149
-13.34507279 337.81155742 -0.84943558
-13.81679318 336.95327349 -0.85299399
-14.28387304 336.09116019 -0.85212295
-14.74540976 335.22423522 -0.84629384
-15.20411939 334.35103853 -0.84504408
-15.66293872 333.47241842 -0.85249379
-16.12065844 332.58588689 -0.86121425
-16.57608924 331.69000603 -0.86479631
-17.03043465 330.78717628 -0.86454846
-17.48620125 329.87921255 -0.86442821
-17.94451216 328.96739414 -0.86333108
-18.40641468 328.05267077 -0.86258403
-18.87197509 327.13433659 -0.86730231
-19.34029015 326.21340842 -0.87631520
-19.81093330 325.29106805 -0.88379810
-20.28379691 324.36817119 -0.88705149
-20.75745507 323.44818599 -0.88680322
-21.23243447 322.53360547 -0.88840120
-21.70688003 321.61923829 -0.89644603
-22.18210924 320.70386243 -0.90820715
-22.65915153 319.79023097 -0.91828856
-23.13442090 318.87914276 -0.92150723
-23.60793491 317.97308049 -0.91030545
-24.08022470 317.07381885 -0.88951353
-24.55328857 316.18094231 -0.87436101
-25.02826971 315.29183920 -0.86977542
-25.50632320 314.40394201 -0.87375628
-25.98721515 313.51642758 -0.88254416
-26.46806766 312.63137526 -0.88932209
-26.94754558 311.75242802 -0.89189386
-27.42480026 310.87972898 -0.89308036
-27.89930527 310.01240704 -0.89187993
-28.37143890 309.15265727 -0.88782767
-28.84165109 308.30109259 -0.88379432
-29.31025688 307.45743496 -0.88233401
-29.77650086 306.62233842 -0.88451907
-30.23900159 305.79596990 -0.88752173
-30.69669506 304.97860990 -0.88748596
-31.15036012 304.17059454 -0.88530571
-31.60146475 303.37232144 -0.88330193
-32.05057555 302.58253940 -0.88123277
-32.49946412 301.80200201 -0.88097246
-32.94903358 301.03450892 -0.88256229
-33.39528037 300.27576441 -0.88448292
-33.83605084 299.52809277 -0.88478086
-34.27290429 298.80139261 -0.88312798
-34.70551863 298.08999362 -0.88540751
-35.13044355 297.38790979 -0.88695984
-35.54382182 296.69776769 -0.88023191
-35.94682700 296.01911668 -0.87098174
-36.34264971 295.34724746 -0.86463430
-36.73185749 294.67957701 -0.86095316
-37.11441719 294.01875983 -0.85795914
-37.49051541 293.36723578 -0.85324293
-37.86121819 292.72498163 -0.84886770
-38.22711550 292.09148647 -0.84532694
-38.58762643 291.46447955 -0.83965810
-38.94206350 290.84301296 -0.83146898
-39.28968791 290.22905921 -0.82244590
-39.62972759 289.62329819 -0.81359111
-39.96090265 289.02549222 -0.80357171
-40.28340834 288.43515524 -0.79191551
-40.59777663 287.85243880 -0.77862459
-40.90377375 287.27878658 -0.76391672
-41.20097287 286.71463910 -0.74902835
-41.48913843 286.15831530 -0.73322185
-41.76793197 285.60729365 -0.71514446
-42.03083766 285.06131812 -0.69806974
-42.26901085 284.52194913 -0.68503900
-42.47953732 283.98988758 -0.67618401
-42.66281673 283.46395764 -0.67157894
-42.81911462 282.94418987 -0.66996185
-42.94817199 282.43233057 -0.67061544
-43.05029086 281.92991982 -0.67327844
-43.12677659 281.43710499 -0.67823175
-43.17793070 280.95213517 -0.68634603
-43.19915534 280.47177067 -0.69906997
-43.18478386 279.99438369 -0.71783152
-43.13195420 279.52105562 -0.74125958
-43.03994171 279.05339436 -0.76707590
-42.90991987 278.59244318 -0.79466715
-42.74321197 278.13669830 -0.82518711
-42.54249722 277.68607905 -0.85984622
-42.31199991 277.24400153 -0.89817350
-42.05384732 276.81204379 -0.93777059
-41.76916678 276.39003551 -0.97698115
-41.45989208 275.97734857 -1.01673077
-41.12667583 275.57252573 -1.05544173
-40.76999999 275.17449176 -1.08777549
-40.39211214 274.78322802 -1.11136854
-39.99735041 274.40026519 -1.12907833
-39.59025243 274.02684982 -1.14443029
-39.17147305 273.66100110 -1.15526874
-38.73909606 273.30000166 -1.15753825
-38.29329304 272.94239534 -1.15319091
-37.83673516 272.58684542 -1.14792980
-37.37054687 272.23209199 -1.14375075
-36.89366977 271.87692801 -1.14126163
-36.40263286 271.51708540 -1.13915653
-35.89226573 271.14791565 -1.12816654
-35.36275319 270.76911011 -1.10725696
-34.81708024 270.38074826 -1.08550082
-34.25503579 269.98186606 -1.06897138
-33.67630219 269.57220045 -1.06073050
-33.08155641 269.15255353 -1.05734044
-32.46943963 268.72492279 -1.05382418
-31.83789298 268.28961304 -1.04672247
-31.18628887 267.84509322 -1.02973137
-30.51736326 267.39224996 -1.00829411
-29.83455155 266.93270596 -0.99409129
-29.13785583 266.46715552 -0.98804293
-28.42698084 265.99716972 -0.98583550
-27.70270199 265.52456451 -0.98256050
-26.96551730 265.04971954 -0.97652059
-26.21636787 264.57375287 -0.96890448
-25.45465439 264.09743650 -0.96094322
-24.67873235 263.62033453 -0.95291610
-23.89046912 263.14400365 -0.94352467
-23.09265098 262.66909359 -0.93442386
-22.28681059 262.19563945 -0.92798951
-21.47292738 261.72342397 -0.92549910
-20.65295348 261.25389400 -0.92305559
-19.83094871 260.78938812 -0.91521503
-19.00887411 260.32870398 -0.90485597
-18.18771531 259.87073538 -0.89692680
-17.36764355 259.41685546 -0.89162078
-16.54955392 258.96926951 -0.88614778
-15.73496913 258.52831555 -0.88003118
-14.92461165 258.09409690 -0.87990419
-14.11885500 257.66790093 -0.88666175
-13.31736655 257.25074812 -0.88960308
-12.51934328 256.84237211 -0.88526568
-11.72637512 256.44442976 -0.87499623
-10.93856180 256.05282035 -0.86790012
-10.15514677 255.66355165 -0.86898785
-9.37681337 255.28170742 -0.87197118
-8.60390608 254.90866755 -0.87450357
-7.83846704 254.54266884 -0.87618163
-7.08108598 254.18298444 -0.87723141
-6.33114706 253.82824942 -0.87794008
-5.59018816 253.47758478 -0.87631394
-4.85793844 253.13042148 -0.87072926
-4.13220979 252.78516978 -0.86268248
-3.41664238 252.44189358 -0.85099870
-2.71567582 252.10136591 -0.83827113
-2.02914839 251.76221888 -0.83010836
-1.35737321 251.42348081 -0.82489101
-0.70095948 251.08443714 -0.81750620
-0.05934199 250.74292645 -0.80809345
0.56676445 250.39802227 -0.80111230
1.17652419 250.04923997 -0.79509823
1.77007678 249.69482589 -0.78496747
2.34703495 249.33512656 -0.77120822
2.90862779 248.97326995 -0.75747488
3.45947411 248.61295568 -0.74599016
4.00459759 248.25701259 -0.73555869
4.54686457 247.90627747 -0.72463047
5.08766914 247.56122553 -0.71282969
5.62831512 247.22082373 -0.70364285
6.16946146 246.88508984 -0.69707153
6.71168779 246.55494755 -0.68674682
7.25527638 246.23032829 -0.67002121
7.79891862 245.91208686 -0.65160002
8.34256004 245.60273770 -0.63925402
8.88810652 245.30457300 -0.63377167
9.43512985 245.01456317 -0.63268828
9.98412770 244.73051019 -0.63266903
10.53645822 244.45545701 -0.63258821
11.09023274 244.19050663 -0.64209635
11.64593886 243.93558825 -0.66029356
12.20479771 243.69621894 -0.67076949
12.76550778 243.47613267 -0.67339594
13.32624723 243.27455857 -0.67662243
13.88677612 243.09118146 -0.68054842
14.44874613 242.92591766 -0.68414567
15.01033640 242.78067174 -0.68857303
15.56824665 242.65875029 -0.69295292
16.12266854 242.56040378 -0.69457649
16.67276699 242.48391551 -0.69848877
17.21678237 242.42933951 -0.70830960
17.75420596 242.39795275 -0.71891266
18.28453695 242.39034041 -0.72808619
18.80664132 242.40506630 -0.73780799
19.31822118 242.44202478 -0.75035212
19.81852775 242.50267667 -0.76432683
20.30699825 242.58748094 -0.77705140
20.78473720 242.69431369 -0.78659358
21.25367020 242.82146825 -0.78883019
21.70945580 242.96906113 -0.78536693
22.14760534 243.13498052 -0.78198305
22.56832317 243.31662100 -0.78123784
22.97407290 243.51150227 -0.78399639
23.36489504 243.71931536 -0.78685716
23.73774728 243.94019873 -0.78748550
24.09210066 244.17260052 -0.78670199
24.42966586 244.41511961 -0.78526551
24.75198147 244.66692136 -0.78349181
25.05909064 244.92797067 -0.78142982
25.35167569 245.19687766 -0.77898740
25.63271323 245.47133022 -0.77698353
25.90783678 245.74914832 -0.77654112
26.18237010 246.02949235 -0.77882410
26.45648501 246.31221065 -0.78293961
26.72842416 246.59691308 -0.78414408
26.99678357 246.88336543 -0.78283207
27.26405099 247.17016804 -0.78240927
27.53482193 247.45586736 -0.78278709
27.80779384 247.73971877 -0.78257574
28.08189522 248.02021926 -0.78175629
28.35952205 248.29446912 -0.77938812
28.63985636 248.56104722 -0.77557851
28.92757409 248.81806033 -0.76992278
29.23006937 249.05907072 -0.76006765
29.54698305 249.27761354 -0.75154730
29.87059942 249.47466436 -0.74926221
30.19416211 249.65805478 -0.75208806
30.52006300 249.83344520 -0.76126778
30.85372092 250.00026255 -0.77453444
31.20152624 250.15159633 -0.78385771
31.56746445 250.27995710 -0.78350909
31.94617590 250.38535855 -0.77873981
32.32954930 250.47210496 -0.77696628
32.71641172 250.54039224 -0.77868521
33.10839928 250.58818925 -0.78313088
33.50528186 250.61617574 -0.78879446
33.90668129 250.62573931 -0.79519712
34.31364210 250.61738051 -0.80369344
34.72800433 250.59317063 -0.81420413
35.15124075 250.55153750 -0.82188667
35.58430759 250.48906528 -0.82367144
36.02702580 250.40718692 -0.82419349
36.47862495 250.30772768 -0.82890455
36.93893271 250.19124861 -0.83862334
37.40772162 250.05880592 -0.85220440
37.88526022 249.91204680 -0.86727600
38.37198619 249.75168967 -0.88137824
38.86842560 249.57739390 -0.89366589
39.37539539 249.38816852 -0.90275547
39.89357505 249.18210241 -0.90903841
40.42340408 248.95855921 -0.91412177
40.96446458 248.72007754 -0.91854469
41.51660509 248.46945819 -0.92171502
42.08015876 248.20875658 -0.92353323
42.65548823 247.93947054 -0.92601228
43.24268890 247.66114661 -0.93116795
43.84204476 247.37224196 -0.93896984
44.45384266 247.07236132 -0.94816948
45.07808139 246.76185572 -0.95788187
45.71536146 246.44062933 -0.96748696
46.36642774 246.10859562 -0.97698734
47.03138072 245.76571511 -0.98537843
47.70966223 245.41199532 -0.99075370
48.40089837 245.04719026 -0.99398282
49.10418538 244.67084228 -0.99713920
49.81786802 244.28373250 -1.00151333
50.54072571 243.88721357 -1.00618130
51.27166211 243.48118453 -1.01147341
52.01045598 243.06500158 -1.01762496
52.75801046 242.63883255 -1.02358320
53.51474388 242.20457663 -1.02934249
54.28134813 241.76413123 -1.03458818
55.05781361 241.31693928 -1.04066129
55.84404036 240.86290622 -1.04676506
56.64036418 240.40325657 -1.05068270
57.44637712 239.93765030 -1.05165479
58.26157972 239.46551887 -1.04991655
59.08588432 238.98763830 -1.04606646
59.91871761 238.50585059 -1.04021372
60.75880062 238.02211580 -1.03494442
61.60508046 237.53879705 -1.03247789
62.45695750 237.05784560 -1.03208929
63.31290326 236.58063461 -1.03227269
64.17158111 236.10858623 -1.03188910
65.03300281 235.64149834 -1.02992132
65.89676404 235.17894296 -1.02504005
66.76215686 234.72122137 -1.01659324
67.62933832 234.26767159 -1.00736677
68.49879080 233.81785445 -0.99972062
69.36965468 233.37263961 -0.99161669
70.23898394 232.93235629 -0.98634743
71.10520659 232.49979493 -0.99170142
71.96967122 232.07616659 -1.00355071
72.83429665 231.65722437 -1.00965914
73.70072706 231.24241297 -1.00750095
74.56852643 230.83495016 -0.99835278
75.43506944 230.43529620 -0.98487887
76.29722102 230.04110829 -0.97756896
77.15383229 229.64995306 -0.97938964
78.00698346 229.26338876 -0.98268675
78.85813780 228.88382825 -0.98176398
79.70631763 228.51181750 -0.97634710
80.55041522 228.14766141 -0.97089951
81.38980176 227.79007889 -0.96956229
82.22450136 227.43859292 -0.97049347
83.05492812 227.09350453 -0.96965205
83.88094283 226.75474853 -0.96655837
84.70154110 226.42271066 -0.96125834
85.51483238 226.09713743 -0.95520505
86.31834828 225.77742880 -0.95073517
87.10920810 225.46369085 -0.94798744
87.88413533 225.15713969 -0.94646534
88.64103725 224.85904927 -0.94559026
89.37830016 224.56841335 -0.94562057
90.09739853 224.28362455 -0.94636465
90.80380155 224.00422466 -0.94745612
91.50142337 223.72939197 -0.94893171
92.19145661 223.45743576 -0.94946924
92.87363824 223.18806676 -0.94949613
93.54789313 222.92193515 -0.94969354
94.21373277 222.65752936 -0.94900669
94.86959571 222.39312674 -0.94714397
95.51389064 222.13029893 -0.94437359
96.14403378 221.87103601 -0.94232265
96.75686900 221.61506173 -0.94279422
97.35046822 221.36246160 -0.94487699
97.92399023 221.11337805 -0.94594301
98.47631249 220.86738129 -0.94467644
99.00634399 220.62509569 -0.94180478
99.51347166 220.38629030 -0.93840455
99.99684923 220.15050254 -0.93509236
100.45712450 219.91767744 -0.93320162
100.89671526 219.68629762 -0.93292076
101.31781482 219.45514451 -0.93311957
101.72082974 219.22419085 -0.93339615
102.10532721 218.99440439 -0.93499981
102.47123697 218.76689132 -0.93790092
102.81846323 218.54115538 -0.94031237
103.14752315 218.31771959 -0.94144946
103.45896994 218.09752517 -0.94191126
103.75281312 217.88025419 -0.94284708
104.02816753 217.66545016 -0.94406805
104.28392716 217.45243452 -0.94512309
104.52134116 217.24175771 -0.94583588
104.74167866 217.03583102 -0.94601682
104.94458495 216.83745161 -0.94604197
105.12844609 216.64790053 -0.94699588
105.29204667 216.46732928 -0.94906877
105.43492810 216.29488183 -0.95150323
105.55602969 216.12987890 -0.95433583
105.65964941 215.97182860 -0.95824187
105.75482353 215.81780361 -0.96294657
105.84622727 215.66400373 -0.96518351
105.93480763 215.51007784 -0.96331426
106.02162184 215.35841110 -0.96071822
106.10641055 215.20905208 -0.96054801
106.18886094 215.06119134 -0.96295583
106.26954081 214.91504121 -0.96661733
106.34818355 214.76967824 -0.97023048
106.42602892 214.62367138 -0.97394979
106.50781690 214.47420153 -0.97898090
106.59806352 214.31682966 -0.98458183
106.69883216 214.14817165 -0.98822824
106.81029734 213.96643448 -0.98855620
106.93100647 213.77053627 -0.98616971
107.05907554 213.55987818 -0.98247010
107.19204636 213.33318364 -0.97843081
107.32774920 213.08908890 -0.97392779
107.46569474 212.82802355 -0.96912600
107.60550254 212.54953379 -0.96434796
107.74397393 212.25120344 -0.95911528
107.87586256 211.93073592 -0.95307135
107.99789286 211.58764102 -0.94603964
108.10823958 211.22276564 -0.93866892
108.20396210 210.83690767 -0.93242130
108.28225563 210.43102141 -0.92701008
108.34290869 210.00527386 -0.91964747
108.38388512 209.55902903 -0.90832835
108.39997520 209.09207034 -0.89552545
108.38744501 208.60530410 -0.88408732
108.34505497 208.10061259 -0.87292974
108.27636202 207.57832211 -0.86012189
108.18475536 207.03820446 -0.84572854
108.06741064 206.48176727 -0.83175895
107.92240921 205.91065089 -0.81982060
107.75256487 205.32575776 -0.81136626
107.56098380 204.72769233 -0.80606643
107.35057615 204.11632460 -0.80132085
107.12409067 203.49123671 -0.79709990
106.88130393 202.85283132 -0.79351633
106.62018133 202.20183420 -0.78856018
106.34088782 201.53896090 -0.78330914
106.04674299 200.86385186 -0.77879248
105.74098738 200.17528283 -0.77521509
105.42441090 199.47323461 -0.77323471
105.09738699 198.75779443 -0.77206328
104.76073698 198.02813470 -0.77132132
104.41532978 197.28369876 -0.77103382
104.06179057 196.52468731 -0.77140815
103.70022435 195.75123248 -0.77228629
103.33097332 194.96272948 -0.77320643
102.95382222 194.15936555 -0.77392740
102.56934302 193.34181779 -0.77408459
102.17766568 192.51083335 -0.77302910
101.77902644 191.66819970 -0.76924755
101.37609546 190.81459523 -0.76266778
100.97060347 189.94879818 -0.75544308
100.56209940 189.06981506 -0.74804425
100.15005112 188.17797182 -0.73917089
99.73383345 187.27370781 -0.72947592
99.31203517 186.35766031 -0.72107140
98.88423515 185.43068109 -0.71262682
98.45067732 184.49423751 -0.70219211
98.01212321 183.55000978 -0.69120324
97.57007188 182.59813558 -0.68144694
97.12480375 181.63857094 -0.67366090
96.67628100 180.67166638 -0.66615996
96.22428698 179.69771415 -0.65775903
95.76820288 178.71705005 -0.64970012
95.30737211 177.73059423 -0.64227168
94.84041906 176.73935328 -0.63536410
94.36756455 175.74298561 -0.62904718
93.88942030 174.74044057 -0.62287123
93.40596448 173.73117904 -0.61645275
92.91710238 172.71520313 -0.61111030
92.42220952 171.69282707 -0.60741497
91.92065052 170.66462355 -0.60437447
91.41182326 169.63106037 -0.60195722
90.89547400 168.59211216 -0.59979375
90.37089787 167.54708862 -0.59634633
89.83773855 166.49526525 -0.59163630
89.29661949 165.43645902 -0.58859923
88.74734079 164.37088632 -0.58926070
88.18985915 163.29845669 -0.59342664
87.62445132 162.21911154 -0.60001225
87.05042560 161.13323263 -0.60745228
86.46743222 160.04105306 -0.61370895
85.87571915 158.94304489 -0.61776608
85.27556543 157.83967106 -0.62037844
84.66793259 156.73067779 -0.62133333
84.05395995 155.61586103 -0.62032727
83.43453678 154.49487615 -0.61662985
82.80957545 153.36788026 -0.61081363
82.17913654 152.23639454 -0.60655585
81.54453087 151.10102961 -0.60622956
80.90578801 149.96134255 -0.60629958
80.26211419 148.81772939 -0.60231009
79.61382626 147.67046850 -0.59440836
78.96165692 146.51975777 -0.58438018
78.30660191 145.36695248 -0.57653871
77.65012163 144.21260978 -0.57253719
76.99272487 143.05611513 -0.56976721
76.33449581 141.89739915 -0.56620850
75.67565788 140.73659210 -0.56123633
75.01615658 139.57385734 -0.55456675
74.35646211 138.41066003 -0.54603602
73.69793145 137.24817842 -0.53718909
73.04084226 136.08638840 -0.52879228
72.38526028 134.92556859 -0.52086658
71.73229124 133.76583294 -0.51406411
71.08199981 132.60733600 -0.50767157
70.43448956 131.45053701 -0.50193846
69.79009705 130.29537730 -0.49642661
69.14873246 129.14213639 -0.48902890
68.51008785 127.99154491 -0.48059897
67.87460500 126.84355633 -0.47242956
67.24314702 125.69780428 -0.46405397
66.61559680 124.55371102 -0.45449711
65.99168575 123.41124683 -0.44508620
65.37084162 122.27242220 -0.44102049
64.75345567 121.13810047 -0.44431266
64.14031886 120.00709990 -0.45044061
63.53147040 118.87840360 -0.45485820
62.92677011 117.75213161 -0.45654021
62.32540107 116.62965670 -0.45695693
61.72698659 115.51240281 -0.45762593
61.13268291 114.40177436 -0.45936759
60.54439725 113.29944089 -0.46236839
59.96501300 112.20626626 -0.46410606
59.39524801 111.12335961 -0.46333077
58.83270763 110.05297355 -0.46081616
58.27749932 108.99686722 -0.45622491
57.73078230 107.95635631 -0.45072143
57.19155836 106.93323743 -0.44421255
56.65931429 105.92843553 -0.43615337
56.13496467 104.94158123 -0.42701885
55.61859664 103.97146353 -0.41750880
55.10934845 103.01654365 -0.40855456
54.60659002 102.07718758 -0.39974944
54.11145356 101.15546699 -0.39018322
53.62559352 100.25416068 -0.37996183
53.15016780 99.37504118 -0.36977109
52.68664849 98.51931199 -0.36003941
52.23528250 97.68795153 -0.35160570
51.79675687 96.88097081 -0.34538773
51.37155863 96.09835115 -0.34087901
50.95936027 95.34051418 -0.33785695
50.55985258 94.60717544 -0.33632711
50.17287669 93.89726914 -0.33618289
49.79801596 93.21029130 -0.33728426
49.43509145 92.54636679 -0.34084342
49.08544415 91.90535426 -0.34798329
48.75135133 91.28609401 -0.35679763
48.43500898 90.68719067 -0.36662718
48.13913814 90.10667216 -0.37699365
47.86571015 89.54241781 -0.38703201
47.61492591 88.99375963 -0.39800938
47.38791900 88.45973134 -0.41048629
47.18741494 87.93893459 -0.42386772
47.01504071 87.43002271 -0.43806330
46.87052466 86.93074688 -0.45205910
46.75199761 86.43837427 -0.46496838
46.65749395 85.95036432 -0.47710670
46.58877259 85.46505188 -0.48942063
46.54768810 84.98215890 -0.50214185
46.53303624 84.50263840 -0.51513353
46.54407765 84.02697347 -0.52832176
46.58113098 83.55496431 -0.54202616
46.64448233 83.08806070 -0.55494293
46.73257861 82.62816578 -0.56680635
46.84445270 82.17552145 -0.58029461
46.98180853 81.73077207 -0.59673411
47.14591019 81.29561076 -0.61491264
47.33673615 80.87031209 -0.63245658
47.55377532 80.45558484 -0.64875222
47.79588351 80.05425039 -0.66410882
48.06225900 79.66825493 -0.67824368
48.35056218 79.29715144 -0.69061269
48.65781051 78.93977089 -0.70276426
48.98535481 78.59750760 -0.71519750
49.33418881 78.27165252 -0.72722523
49.69904658 77.95824883 -0.73836074
50.07494632 77.65264879 -0.74543238
50.46272544 77.35404629 -0.74595751
50.86310959 77.06294499 -0.74355780
51.27505506 76.77839311 -0.74927200
51.69719302 76.49675994 -0.76094463
52.12806373 76.21414068 -0.76488261
52.56722944 75.92885642 -0.75866402
53.01579378 75.64180713 -0.74887625
53.47396652 75.35239662 -0.74227237
53.94043032 75.05723893 -0.74002515
54.41472170 74.75382383 -0.73930011
54.89739176 74.44112946 -0.73899738
55.39007889 74.12011542 -0.73975855
55.89399273 73.79141078 -0.74062324
56.40920817 73.45389388 -0.74087368
56.93588987 73.10683667 -0.74076228
57.47441681 72.74981794 -0.74088488
58.02536272 72.38255430 -0.74129506
58.58954354 72.00550694 -0.74188782
59.16811141 71.62006491 -0.74316815
59.76187735 71.22676920 -0.74461070
60.37183422 70.82619276 -0.74575611
60.99969064 70.42050216 -0.74769362
61.64675073 70.01157943 -0.75040545
62.31364800 69.60072045 -0.75484033
62.99947198 69.18824295 -0.76184142
63.70235462 68.77482904 -0.76907080
64.42106683 68.36328313 -0.77788336
65.15270788 67.95473672 -0.78683102
65.89421574 67.54978057 -0.79075757
66.64321829 67.14914943 -0.78952101
67.39561518 66.75038895 -0.78699647
68.14882662 66.35257286 -0.78546048
68.90171082 65.95484386 -0.78475964
69.65256368 65.55501298 -0.78530815
70.40015869 65.15224771 -0.78643075
71.14344754 64.74525196 -0.78693848
71.88145958 64.33255357 -0.78589758
72.61324049 63.91336954 -0.78372838
73.33748804 63.48764224 -0.78216479
74.05411223 63.05557915 -0.78307314
74.76418221 62.61683936 -0.78561629
75.46773406 62.17086789 -0.78728866
76.16490371 61.71800068 -0.78688227
76.85643355 61.25837782 -0.78571265
77.54245053 60.79162636 -0.78537290
78.22336634 60.31849993 -0.78504013
78.90136498 59.84081781 -0.78545796
79.57919091 59.35860856 -0.78670751
80.25881410 58.87080928 -0.78730625
80.94210057 58.37783049 -0.78605964
81.63067574 57.88003760 -0.78283417
82.32556094 57.37752924 -0.77848866
83.02767475 56.87100184 -0.77342160
83.73681844 56.36118383 -0.76832100
84.45208202 55.84904870 -0.76378241
85.17187759 55.33611060 -0.76060958
85.89331917 54.82276369 -0.75867503
86.61513949 54.30928836 -0.75744234
87.33661466 53.79503963 -0.75595783
88.05625066 53.27851928 -0.75286646
88.77192863 52.75781089 -0.74851590
89.48081671 52.23010865 -0.74451576
90.18088313 51.69259780 -0.74051743
90.87033684 51.14216776 -0.73335694
91.54714447 50.57848531 -0.72087198
92.21002853 50.00363898 -0.70652507
92.85939745 49.41809364 -0.69614475
93.49359566 48.82047779 -0.68918096
94.11162452 48.21054165 -0.68270146
94.71654724 47.58997693 -0.67679757
95.30749175 46.95826968 -0.66971625
95.88403979 46.31431381 -0.66435435
96.45144734 45.66013742 -0.66318294
97.01156565 44.99420946 -0.66064994
97.56573910 44.31582970 -0.65579286
98.11863109 43.63033825 -0.65281615
98.66919380 42.93962719 -0.65800265
99.21574109 42.24343955 -0.67425891
99.76288979 41.54265626 -0.69550868
100.31454877 40.83656034 -0.71040306
100.87192132 40.12399842 -0.71252685
101.43431004 39.40564075 -0.70692978
102.00047252 38.68246940 -0.70049735
102.56858181 37.95360780 -0.69682523
103.13737215 37.21837697 -0.69686181
103.70554818 36.47577296 -0.70073217
104.27156837 35.72331141 -0.70831905
104.83321642 34.95817733 -0.71527404
105.38811863 34.17987099 -0.71774277
105.93444039 33.38876867 -0.71882589
106.47107824 32.58413793 -0.72089587
107.00167467 31.76612934 -0.71644092
107.52860074 30.93547985 -0.70143869
108.05124793 30.09346718 -0.68348271
108.57067018 29.24356176 -0.67006467
109.08848444 28.38891684 -0.66072311
109.60622416 27.53217885 -0.65242345
110.12457809 26.67550485 -0.64237037
110.64204324 25.81979542 -0.63102314
111.15785016 24.96665800 -0.62007904
111.67211965 24.11613472 -0.60874479
112.18357296 23.26716794 -0.59717448
112.69105101 22.41892965 -0.58635702
113.19188953 21.57036185 -0.57588125
113.68081152 20.72007389 -0.56377685
114.15608641 19.86797418 -0.55418024
114.61951484 19.01550501 -0.54919422
115.07065687 18.16251020 -0.54580578
115.50741162 17.30828872 -0.54349616
115.92859970 16.45284714 -0.54174188
116.33433360 15.59595050 -0.54024239
116.72471856 14.73750289 -0.53758174
117.10008586 13.87770729 -0.53276869
117.46066773 13.01714428 -0.52704393
117.80562464 12.15649387 -0.52231884
118.13521274 11.29633457 -0.51957508
118.45051325 10.43750198 -0.51789648
118.75358211 9.58164594 -0.51580206
119.04793043 8.73107054 -0.51326594
119.33558654 7.88793537 -0.51119715
119.61694275 7.05474808 -0.50911130
119.89192761 6.23442966 -0.50597452
120.16203327 5.43012940 -0.50207869
120.42947657 4.64453887 -0.49784286
120.69464206 3.87887917 -0.49322886
120.95862756 3.13426906 -0.48864276
121.22324525 2.41205608 -0.48402134
121.48708993 1.71300723 -0.47910082
121.74805012 1.03735608 -0.47388638
122.00684669 0.38127912 -0.46937469
122.26523441 -0.26393088 -0.46648577
122.52417453 -0.90444151 -0.46372746
122.78131849 -1.54266588 -0.45992861
123.03506247 -2.17997583 -0.45587928
123.28670776 -2.81640684 -0.45163490
123.53671454 -3.45143126 -0.44469363
123.78355392 -4.08450589 -0.43355609
124.02678831 -4.71463885 -0.42324044
124.26731150 -5.34136164 -0.42073367
124.50564235 -5.96981317 -0.42694542
124.74306029 -6.60472533 -0.43678848
124.98051439 -7.24636213 -0.44411320
125.21807727 -7.89542294 -0.44567276
125.45610498 -8.55215508 -0.44663928
125.69444783 -9.21697230 -0.44891017
125.93427902 -9.89018771 -0.44920973
126.17729717 -10.57155665 -0.44592854
126.42410091 -11.25997450 -0.44341692
126.67633030 -11.95374599 -0.44439496
126.93566587 -12.65186003 -0.45249316
127.20689910 -13.35587718 -0.46844522
127.48947416 -14.06724436 -0.48623184
127.78139196 -14.78575910 -0.50253334
128.08482431 -15.51185771 -0.51723863
128.39930485 -16.24560133 -0.53735711
128.72144599 -16.98923566 -0.55988236
129.04884239 -17.74532097 -0.57585237
129.38009655 -18.51352251 -0.58348303
129.71568223 -19.29279571 -0.58649381
130.05981888 -20.08091805 -0.58983121
130.40876131 -20.87720132 -0.59672819
130.75753809 -21.68334933 -0.60746105
131.11004110 -22.50035449 -0.61846309
131.46645559 -23.32898737 -0.62632597
131.82355104 -24.16960121 -0.63082426
132.18286385 -25.02080760 -0.63700574
132.54686125 -25.88075864 -0.64819817
132.91406337 -26.74959134 -0.65957935
133.28321713 -27.62776689 -0.66953865
133.65266573 -28.51456977 -0.67922011
134.02244799 -29.40691769 -0.68630300
134.39217179 -30.30100578 -0.69285208
134.76155427 -31.19420592 -0.70588786
135.13310343 -32.08535128 -0.72640017
135.50620517 -32.97537067 -0.75013410
135.88079955 -33.86567672 -0.77097245
136.25693785 -34.75675021 -0.78539902
136.63192854 -35.64794168 -0.79342610
137.00500626 -36.53772261 -0.80266598
137.38142721 -37.42340846 -0.81661112
137.75887261 -38.30630741 -0.82481025
138.13312326 -39.19029890 -0.82739574
138.51480620 -40.07251323 -0.83030960
138.90215175 -40.95194977 -0.83282091
139.28648536 -41.82998485 -0.83574897
139.66677609 -42.70607739 -0.84288984
140.03844531 -43.58167441 -0.85245533
140.40687738 -44.45474542 -0.86194993
140.77692765 -45.32665995 -0.86974620
141.14238823 -46.19848174 -0.87331714
141.50365204 -47.06803585 -0.87647204
141.86003555 -47.93585466 -0.87647947
142.20741348 -48.80253368 -0.86514964
142.55266313 -49.66566376 -0.84876290
142.89766228 -50.52280142 -0.83504217
143.24001223 -51.37296161 -0.82467210
143.58408757 -52.21345052 -0.81812563
143.92802607 -53.04468059 -0.81247599
144.27080731 -53.86829379 -0.80354644
144.61177914 -54.68282506 -0.79165728
144.94513871 -55.48636998 -0.77653431
145.27092951 -56.27563691 -0.76381998
145.59116605 -57.04702388 -0.76113063
145.90264016 -57.80301376 -0.76210604
146.20277563 -58.54701504 -0.75397065
146.49370349 -59.27678834 -0.73038175
146.77578656 -59.98789778 -0.70284125
147.05056009 -60.67710312 -0.68583508
147.31691518 -61.34258264 -0.68083843
147.56964522 -61.98399666 -0.67986614
147.81023277 -62.60174586 -0.67777606
148.04386358 -63.19589350 -0.66988525
148.27007992 -63.76728911 -0.65630814
148.49054488 -64.31840722 -0.64260853
148.71309526 -64.85345851 -0.63043815
148.94365249 -65.37576143 -0.62208459
149.18479412 -65.88563746 -0.61622019
149.43941402 -66.38319042 -0.61016078
149.71288789 -66.86806153 -0.60627665
150.00883728 -67.33779806 -0.60503583
150.32522189 -67.79146004 -0.60506604
150.65947255 -68.23055453 -0.60530243
151.00963421 -68.65667869 -0.60633329
151.38012335 -69.06892106 -0.60888592
151.77419894 -69.46909687 -0.61180176
152.18784881 -69.86010124 -0.61173441
152.62254574 -70.24066813 -0.60738901
153.08175258 -70.60888047 -0.60135932
153.56264538 -70.96586941 -0.59856620
154.05873676 -71.31538984 -0.60371940
154.57173458 -71.65693453 -0.61013262
155.10371825 -71.99046392 -0.61380549
155.64896925 -72.31937093 -0.62166759
156.20329058 -72.64630462 -0.63419929
156.76474894 -72.97440981 -0.64677153
157.33176350 -73.30739123 -0.65959433
157.90451863 -73.64444648 -0.67322721
158.48288237 -73.98605271 -0.68541284
159.06523738 -74.33343377 -0.69526488
159.64929088 -74.68614335 -0.70611085
160.23303071 -75.04522023 -0.72043013
160.81860731 -75.41162652 -0.73648238
161.40747518 -75.78711004 -0.74959392
162.00029081 -76.17055473 -0.75595011
162.59883348 -76.55963963 -0.75419725
163.19959485 -76.95539590 -0.75208614
163.80021490 -77.35859264 -0.75939690
164.40138798 -77.76963427 -0.77195390
165.00152064 -78.19051740 -0.78336569
165.60111389 -78.62087569 -0.79102459
166.20486289 -79.05479786 -0.79505835
166.81612676 -79.48701364 -0.79900457
167.43140690 -79.92116154 -0.80277683
168.04635285 -80.36019054 -0.80672672
168.66367177 -80.80155283 -0.81048193
169.28911174 -81.24137815 -0.81402528
169.92174385 -81.67988785 -0.81906361
170.55567410 -82.12063323 -0.82161820
171.19064507 -82.56249487 -0.82654224
171.82659933 -83.00543395 -0.83557166
172.46219336 -83.45121476 -0.84287502
173.10250047 -83.89720728 -0.85052002
173.74808369 -84.34331732 -0.85408399
174.39674779 -84.79253947 -0.85109359
175.04834682 -85.24498680 -0.84912811
175.70346077 -85.69753877 -0.85272043
176.36093135 -86.15129184 -0.85597512
177.01907859 -86.61158322 -0.85576989
177.68117909 -87.07620343 -0.85059290
178.34646334 -87.54582388 -0.83804553
179.01287207 -88.02263034 -0.82806138
179.68224715 -88.50344572 -0.82287231
180.35638075 -88.98844118 -0.81390898
181.03449582 -89.47624053 -0.80494137
181.71446344 -89.96633513 -0.79869944
182.39476530 -90.45876491 -0.79336226
183.07463270 -90.95219522 -0.78741956
183.75414331 -91.44594089 -0.77900941
184.43484837 -91.93789424 -0.77081568
185.11600651 -92.42999468 -0.76712070
185.79767237 -92.92179499 -0.76567627
186.47889771 -93.41337849 -0.76142952
187.15880569 -93.90516180 -0.76038453
187.84246109 -94.39407441 -0.76301943
188.53108475 -94.88214750 -0.75649496
189.22292731 -95.37020151 -0.73528943
189.91600516 -95.85674126 -0.71355627
190.60821529 -96.34138261 -0.70769759
191.30001670 -96.82507324 -0.71518368
191.99371177 -97.30907314 -0.72355441
192.68935118 -97.79717918 -0.72418484
193.38471596 -98.29335879 -0.71729202
194.08212520 -98.79307596 -0.70963992
194.78205666 -99.29298120 -0.70722478
195.48374844 -99.79347709 -0.71134155
196.18939923 -100.29520219 -0.71847597
196.89888343 -100.80069128 -0.72248709
197.61342333 -101.30947165 -0.71718137
198.33377909 -101.82000703 -0.70861386
199.05862943 -102.33031401 -0.70404592
199.78706962 -102.84007817 -0.70427339
200.51829583 -103.35250281 -0.70537605
201.25263671 -103.86606665 -0.70233277
201.99071979 -104.37860978 -0.69887684
202.73252073 -104.89143981 -0.69838462
203.47639542 -105.40554743 -0.69525197
204.21797223 -105.92266816 -0.69113741
204.95724147 -106.44120996 -0.69398351
205.69544089 -106.95990172 -0.69878462
206.43422391 -107.47969737 -0.69835923
207.17751994 -107.99855637 -0.69015778
207.92112783 -108.51734524 -0.68463993
208.66182887 -109.03508032 -0.69194592
209.39915542 -109.55165674 -0.70685432
210.13209300 -110.06878802 -0.72016014
210.86107316 -110.58684525 -0.72910186
211.58709011 -111.10549535 -0.73600289
212.31282694 -111.62086338 -0.74079692
213.03556372 -112.13239870 -0.74263517
213.75497562 -112.63842069 -0.74669279
214.47337755 -113.13851539 -0.75946521
215.18948718 -113.63562077 -0.77116909
215.90465591 -114.13171693 -0.76895572
216.61633376 -114.62624774 -0.76055136
217.32038039 -115.11723179 -0.75886408
218.01900241 -115.60368838 -0.76541531
218.71504849 -116.08976701 -0.77036515
219.40684324 -116.57711214 -0.76298765
220.09236009 -117.06168106 -0.74993320
220.77062013 -117.54114994 -0.74320537
221.43992365 -118.01506935 -0.74378031
222.09775166 -118.48435613 -0.74500205
222.74505405 -118.94660660 -0.74242590
223.38316777 -119.40171568 -0.73721608
224.01111461 -119.84987258 -0.73085149
224.63005613 -120.28790532 -0.72177904
225.23841936 -120.71628603 -0.71532063
225.83251142 -121.13850537 -0.71828168
226.41424577 -121.55492226 -0.72483031
226.98670850 -121.96593519 -0.72698008
227.55063980 -122.37425776 -0.72204162
228.10468451 -122.78104327 -0.71261640
228.64599211 -123.18525735 -0.70217443
229.17398134 -123.58542653 -0.69156672
229.68839690 -123.98099890 -0.68088374
230.18896726 -124.37141331 -0.67020816
230.67541446 -124.75607827 -0.65962231
231.14745667 -125.13440503 -0.64920520
231.60480398 -125.50578130 -0.63903507
232.04716345 -125.86959332 -0.62918845
232.47422587 -126.22520382 -0.61973847
232.88567620 -126.57198777 -0.61075968
233.28120994 -126.90931536 -0.60232369
233.66050665 -127.23655118 -0.59450192
234.02323915 -127.55305698 -0.58736837
234.36904601 -127.85820858 -0.58100188
234.69754634 -128.15137185 -0.57547807
235.00835376 -128.43191077 -0.57087822
235.30107463 -128.69919207 -0.56727669
235.57627360 -128.95213359 -0.56358856
235.83485212 -129.19000136 -0.55970350
236.07736792 -129.41287699 -0.55719378
236.30665126 -129.61996507 -0.55580394
236.52576032 -129.81069874 -0.55423518
236.73476791 -129.98612570 -0.55178513
236.93385214 -130.14731210 -0.54788364
237.12636297 -130.29739820 -0.54234692
237.31680630 -130.44069723 -0.53460213
237.50822461 -130.57719222 -0.52614856
237.70088686 -130.70392701 -0.51892065
237.89411860 -130.82017520 -0.51193727
238.08951614 -130.92682579 -0.50319338
238.28865130 -131.02436079 -0.49183637
238.49033141 -131.11236136 -0.47840358
238.69359374 -131.18850413 -0.46375761
238.90037883 -131.25285218 -0.44907249
239.11277371 -131.30792783 -0.43400161
239.33316116 -131.35474642 -0.41863480
239.56407503 -131.39228851 -0.40322413
239.80623886 -131.41955572 -0.38584133
240.05881148 -131.44038816 -0.36876766
240.32326520 -131.45242037 -0.35383792
240.60263329 -131.44613849 -0.33716282
240.89512242 -131.41679590 -0.31733175
241.19799350 -131.36366184 -0.29817583
241.51060134 -131.28734646 -0.28285440
241.83213403 -131.18796859 -0.27116372
242.16188020 -131.06569644 -0.26287690
242.49924257 -130.92071481 -0.25778187
242.84373733 -130.75319004 -0.25568834
243.19498043 -130.56329007 -0.25638232
243.55269335 -130.35117061 -0.25964262
243.91670799 -130.11694904 -0.26527968
244.28694977 -129.86072668 -0.27308297
244.66343164 -129.58253200 -0.28284563
245.04623119 -129.28238439 -0.29436380
245.43553294 -128.96027584 -0.30744892
245.83157665 -128.61615853 -0.32190355
246.23468477 -128.24994243 -0.33755607
246.64522053 -127.86149985 -0.35422187
247.06367549 -127.45067621 -0.37171776
247.48765597 -127.01677781 -0.38771626
247.91262518 -126.55732086 -0.40118102
248.33795761 -126.07162489 -0.41375328
248.76702126 -125.56118863 -0.43405384
249.20196686 -125.02829086 -0.45735139
249.64471036 -124.47268990 -0.46319974
250.09516043 -123.89483149 -0.45419721
250.54929745 -123.29734390 -0.44912035
251.00442737 -122.67975624 -0.45817791
251.46127782 -122.04044076 -0.47606884
251.92409713 -121.38035339 -0.49121835
252.39569739 -120.70125870 -0.50114349
252.87576395 -120.00368731 -0.51015057
253.36610589 -119.29097553 -0.51807719
253.86631639 -118.56395337 -0.52545522
254.37212941 -117.82012955 -0.53425101
254.88672879 -117.06408942 -0.53868544
255.41121785 -116.30058993 -0.53755807
255.94049822 -115.53039617 -0.53818393
256.47336808 -114.75569673 -0.54537284
257.01022190 -113.97698182 -0.55555209
257.55141914 -113.19152344 -0.56263804
258.09797991 -112.39735199 -0.56840078
258.65042004 -111.59448169 -0.56946635
259.20698496 -110.78257644 -0.56252862
259.76694688 -109.96492822 -0.55936010
260.32696763 -109.14374228 -0.56573274
260.88482365 -108.31796484 -0.57868869
261.44445264 -107.48733477 -0.59274156
262.00632389 -106.65063226 -0.60136386
262.56785075 -105.80705747 -0.60168168
263.13050119 -104.95842634 -0.59842131
263.69304780 -104.10500052 -0.59963567
264.25306391 -103.24607831 -0.60627390
264.81282558 -102.38365861 -0.61635358
265.37227194 -101.51968957 -0.62422953
265.93014550 -100.65474803 -0.63095524
266.48648213 -99.78797389 -0.64755075
267.04435780 -98.91998818 -0.66699911
267.60526222 -98.05331937 -0.67453655
268.16747028 -97.18976202 -0.67985488
268.73017606 -96.32744595 -0.68857339
269.29687148 -95.46483243 -0.68718930
269.86715534 -94.60271582 -0.67742417
270.43783244 -93.74205740 -0.67035308
271.01187122 -92.88524638 -0.66827753
271.58877237 -92.03033424 -0.66857963
272.16935292 -91.17592252 -0.66401736
272.75606197 -90.32301916 -0.65466471
273.35003041 -89.47355868 -0.64841485
273.95135990 -88.63048229 -0.64998843
274.55883298 -87.79368872 -0.65891700
275.17254468 -86.96064041 -0.66894271
275.78862502 -86.12512822 -0.67361449
276.40471150 -85.28690654 -0.67206256
277.01979296 -84.44955040 -0.67524318
277.63182085 -83.61401349 -0.68948404
278.24249347 -82.78042785 -0.70790372
278.85574591 -81.94794109 -0.72023633
279.47293352 -81.11617239 -0.71692638
280.08911913 -80.28430903 -0.70524365
280.70341513 -79.45421440 -0.69809698
281.31619837 -78.62724265 -0.69745657
281.92755316 -77.80254893 -0.70155451
282.53835118 -76.97963641 -0.70509628
283.15024827 -76.16082500 -0.70280702
283.76381085 -75.34594824 -0.69888205
284.37644331 -74.53273071 -0.69732456
284.98842782 -73.72374266 -0.69858032
285.59925426 -72.91992982 -0.70453961
286.20869932 -72.11768351 -0.70998152
286.81781987 -71.31474609 -0.70546583
287.42754473 -70.51337271 -0.69639529
288.03695601 -69.71671047 -0.70013788
288.64378951 -68.92464936 -0.71829809
289.24833267 -68.13386073 -0.73759210
289.85237285 -67.34140233 -0.74409986
290.45763186 -66.54748764 -0.73385071
291.06481160 -65.75295650 -0.72064458
291.67369972 -64.95958003 -0.71589492
292.28477357 -64.16869744 -0.72060192
292.89831262 -63.38032375 -0.73291252
293.51359615 -62.59233647 -0.74818121
294.13039548 -61.80245670 -0.75960393
294.75290185 -61.01276364 -0.76460187
295.38080827 -60.22499812 -0.76839538
296.01210572 -59.43994791 -0.77374065
296.65223885 -58.66105560 -0.77846198
297.29987620 -57.88704908 -0.77878623
297.95061810 -57.11502478 -0.78156466
298.60378637 -56.34541836 -0.78782151
299.25873656 -55.57854509 -0.78994626
299.91686706 -54.81629375 -0.79269793
300.57945444 -54.05901535 -0.79625730
301.24646697 -53.30474034 -0.79359725
301.91683256 -52.55358879 -0.78492229
302.58923968 -51.80730102 -0.77786526
303.26197663 -51.06519076 -0.77430809
303.93290552 -50.32497706 -0.77047734
304.59946549 -49.58588432 -0.76578315
305.26058360 -48.84898361 -0.76282941
305.91694394 -48.11627768 -0.76472779
306.56888588 -47.38804587 -0.76831965
307.21632343 -46.66300249 -0.76867782
307.85932428 -45.94267340 -0.76249930
308.49931508 -45.23055881 -0.74956860
309.13639698 -44.52961436 -0.73985548
309.76709248 -43.84089681 -0.73922224
310.38669397 -43.16400820 -0.74511546
310.99451031 -42.49874813 -0.75718568
311.59544509 -41.84573577 -0.77224547
312.19196594 -41.20419258 -0.77931792
312.78329171 -40.57386710 -0.77758835
313.36902870 -39.95709176 -0.77826469
313.94920055 -39.35548151 -0.78579632
314.52296567 -38.77018711 -0.79676847
315.08926942 -38.20278956 -0.80740040
315.64818370 -37.65341673 -0.81657795
316.19865928 -37.12118704 -0.82538862
316.73919747 -36.60575010 -0.83301748
317.26957968 -36.10953625 -0.83771655
317.78955238 -35.63659537 -0.84252454
318.29717330 -35.18643965 -0.85173899
318.79118960 -34.75688763 -0.86414162
319.27199361 -34.34724769 -0.87412658
319.74029930 -33.95560563 -0.87516291
320.19638261 -33.58073470 -0.86854670
320.64089583 -33.22324386 -0.86444222
321.07383758 -32.88101893 -0.86720795
321.49356874 -32.54581869 -0.87546915
321.90105418 -32.21078119 -0.89065537
322.30046971 -31.87544596 -0.90825821
322.69566230 -31.54045231 -0.91866020
323.08554957 -31.20406000 -0.92290318
323.46261112 -30.86207051 -0.92661839
323.82184486 -30.51276460 -0.92919229
324.16574700 -30.15884531 -0.93093109
324.49720859 -29.80255267 -0.93642753
324.81345417 -29.44224486 -0.94719868
325.10929744 -29.07334981 -0.96318242
325.38396888 -28.69261262 -0.98055156
325.63929738 -28.29905062 -0.99497271
325.87318001 -27.89176293 -1.00516314
326.08220858 -27.47022035 -1.01072409
326.26536869 -27.03456553 -1.01274655
326.42248757 -26.58500633 -1.01167230
326.55335675 -26.12184592 -1.00795065
326.65770792 -25.64548650 -1.00201403
326.73529541 -25.15642030 -0.99430436
326.78583876 -24.65521442 -0.98525437
326.80901173 -24.14253223 -0.97531385
326.80446961 -23.61912151 -0.96492524
326.77190191 -23.08580585 -0.95452120
326.71097558 -22.54351747 -0.94453659
326.62138082 -21.99323946 -0.93538065
326.50280866 -21.43604466 -0.92749708
326.35492602 -20.87306306 -0.92133965
326.17743794 -20.30552454 -0.91728103
325.97004913 -19.73481812 -0.91569643
325.73250807 -19.16240011 -0.91701093
325.46419507 -18.58866698 -0.91598917
325.16684968 -18.01283197 -0.90475633
324.84689253 -17.43350437 -0.88429948
324.51078408 -16.84952371 -0.86030581
324.16276313 -16.25998327 -0.83980608
323.80544066 -15.66421697 -0.82597682
323.44028738 -15.06135554 -0.81535425
323.07050642 -14.44867876 -0.80577882
322.69835117 -13.82472544 -0.79773828
322.32214748 -13.19065503 -0.78901658
321.94133906 -12.54638647 -0.77847990
321.55681229 -11.89080468 -0.76985892
321.16835822 -11.22290464 -0.76242116
320.77690785 -10.54043574 -0.75128071
320.38220394 -9.84286194 -0.73796525
319.98226687 -9.13091358 -0.72294952
319.57844689 -8.40398928 -0.70755341
319.17205798 -7.66220030 -0.69472501
318.76220506 -6.90692358 -0.68316420
318.34814411 -6.14080157 -0.67265113
317.92856084 -5.36657972 -0.66226740
317.50399259 -4.58517321 -0.65137673
317.07668914 -3.79667488 -0.63814186
316.64869481 -3.00221844 -0.62842048
316.22187309 -2.20291967 -0.62704159
315.79682337 -1.39770263 -0.62755907
315.37354939 -0.58641931 -0.62188685
314.95305953 0.22942040 -0.60638300
314.53695732 1.04892420 -0.58605826
314.12687773 1.87134112 -0.56818617
313.72454532 2.69675270 -0.55489000
313.33242002 3.52692252 -0.54582479
312.95095932 4.36245018 -0.53698073
312.57925948 5.20171558 -0.52390353
312.21707853 6.04416309 -0.50800705
311.86669825 6.89055610 -0.49277680
311.52831446 7.74138923 -0.47872075
311.19795594 8.59680944 -0.46647761
310.87466214 9.45711447 -0.45632547
310.55735451 10.32351244 -0.44790040
310.24206924 11.19497986 -0.44177199
309.92541832 12.06893191 -0.43522191
309.60449097 12.94352951 -0.42944423
309.27878509 13.81886148 -0.42531172
308.94818693 14.69461277 -0.42119875
308.60804204 15.56736712 -0.41701150
308.26079735 16.43720275 -0.41501153
307.91195102 17.30568738 -0.41302309
307.55695867 18.17163654 -0.40879441
307.19370089 19.03495816 -0.40004190
306.82393590 19.89624775 -0.38218135
306.44875334 20.75483926 -0.36227003
306.06488434 21.60869895 -0.34677264
305.66991832 22.45700097 -0.33560409
305.26774281 23.30029447 -0.32664332
304.85945204 24.13870910 -0.31689741
304.44410866 24.97317243 -0.30698765
304.02004754 25.80362096 -0.29494242
303.58707929 26.62954204 -0.27847064
303.14767047 27.45077217 -0.26138100
302.70322624 28.26654871 -0.24651452
302.25632656 29.07893405 -0.23391103
301.80659307 29.88673961 -0.22318787
301.35347249 30.68946732 -0.21212636
300.89829634 31.48965957 -0.19985924
300.43967205 32.28801822 -0.18375155
299.97863649 33.08423569 -0.16156512
299.51819222 33.87744780 -0.13863173
299.05795115 34.66604244 -0.11961652
298.59905252 35.45262115 -0.09955496
298.14138780 36.23910981 -0.07373665
297.68383812 37.02222915 -0.04840406
297.22920353 37.80331004 -0.02736956
296.77713153 38.58245876 -0.00968851
296.32478667 39.35670716 0.00447337
295.87047828 40.12434169 0.01556942
295.41409981 40.88441712 0.02501284
294.95504016 41.63428383 0.03365063
294.49473236 42.37460578 0.04470312
294.03577709 43.10817330 0.06199181
293.57826735 43.83373662 0.08166234
293.12105533 44.54771092 0.09892971
292.66424964 45.24874774 0.11397314
292.21077672 45.93776370 0.12601285
291.76239590 46.61660919 0.13610104
291.31649203 47.28542016 0.15218756
290.87226016 47.94268650 0.17972451
290.43301511 48.58729099 0.21117839
290.00187530 49.21602305 0.23461939
289.57968132 49.82808987 0.24948761
289.16391817 50.42388706 0.26182334
288.75349800 51.00414064 0.27827241
288.35162919 51.57106946 0.29973923
287.95882777 52.12385110 0.31988162
287.57407879 52.66165790 0.33647706
287.19940844 53.18527701 0.35234127
286.83900316 53.69518988 0.37074313
286.49340546 54.18989732 0.38799240
286.15800962 54.66660680 0.39738872
285.83286305 55.12728698 0.40211174
285.52179775 55.57600001 0.41066226
285.22608120 56.01182261 0.42712025
284.94644198 56.43249523 0.44720808
284.68465694 56.83838761 0.46222608
284.44193973 57.23010877 0.47145262
284.21711968 57.60692595 0.48031764
284.00997651 57.96871724 0.49114522
283.82190897 58.31581752 0.50453346
283.65449815 58.64738878 0.51985862
283.50915186 58.96300106 0.53397314
283.38498237 59.26301497 0.54558659
283.28058106 59.54959047 0.55547750
283.19236819 59.82828103 0.56444795
283.11277153 60.10438248 0.57270208
283.03660850 60.37995249 0.57949736
282.96251163 60.65617059 0.58461734
282.89105872 60.93450186 0.58866462
282.82397840 61.21600687 0.59240704
282.76177579 61.50085617 0.59677157
282.70323464 61.78824319 0.60219454
282.64669165 62.07690682 0.60826418
282.59147706 62.36697042 0.61508811
282.53840174 62.66036152 0.62239964
282.48789866 62.96142375 0.62864323
282.43617378 63.27733421 0.63160803
282.37623021 63.61265477 0.63264904
282.30242640 63.96874337 0.63590394
282.21227775 64.34668264 0.64357896
282.10681134 64.74736527 0.65501903
281.98790244 65.17036494 0.66468994
281.85593199 65.61295470 0.66833090
281.71132676 66.07448651 0.66880265
281.55611689 66.55710930 0.67468724
281.39015058 67.05992591 0.68866782
281.20982425 67.57899171 0.70373979
281.01389291 68.11085616 0.71488888
280.80514406 68.65361569 0.72213597
280.58619626 69.20663695 0.72742604
280.35610960 69.77019305 0.73318207
280.11386553 70.34450966 0.73684053
279.85975627 70.92732660 0.73241682
279.59102877 71.51630561 0.72306728
279.30540109 72.11148175 0.71584149
279.00565819 72.71428557 0.70817739
278.69459111 73.32572329 0.69588384
278.37268484 73.94547519 0.67962711
278.04038351 74.57321148 0.66007791
277.69810438 75.20857864 0.63789453
277.34624676 75.85121674 0.61373911
276.98521206 76.50075397 0.58826940
276.61537151 77.15679862 0.56213876
276.23708549 77.81894358 0.53599864
275.85069737 78.48677175 0.51049369
275.45653418 79.15984174 0.48627017
275.05491825 79.83769136 0.46396587
274.64615032 80.51984483 0.44421913
274.23051085 81.20579771 0.42766708
273.80825503 81.89503529 0.41493406
273.37963452 82.58702870 0.40664640
272.94488313 83.28122218 0.40342564
272.50380934 83.97733515 0.40519312
272.05733794 84.67682387 0.41239725
271.60646464 85.38008798 0.42407153
271.15046360 86.08485698 0.43479632
270.68958061 86.78911103 0.44082591
270.22372908 87.48941157 0.44257610
269.75476178 88.18613014 0.43970869
269.28460984 88.88236508 0.43687058
268.81266463 89.57765521 0.43964342
268.33885248 90.27122764 0.44690515
267.86399461 90.96108034 0.45194696
267.38725984 91.64558402 0.45424621
266.90701880 92.32614068 0.45695198
266.42442207 93.00479444 0.45904956
265.94062916 93.68141095 0.46052774
265.45570579 94.35352844 0.45978189
264.96920843 95.02155035 0.45671594
264.47970945 95.68811010 0.45654075
263.98693813 96.35109691 0.46559747
263.49436648 97.00549233 0.47995388
263.00670386 97.65032043 0.48871859
262.52739431 98.29059762 0.49273046
262.05707877 98.92809807 0.49998631
261.59393043 99.55854545 0.51341507
261.13981908 100.18130995 0.52873320
260.69827700 100.79784649 0.54135517
260.26786875 101.40438977 0.55434661
259.84797598 101.99834024 0.56608947
259.43994285 102.58404967 0.57819731
259.04287811 103.16189472 0.59517603
258.65691255 103.73025322 0.61244687
258.28052863 104.29085662 0.62817488
257.90638538 104.84733999 0.64425124
257.52802566 105.40070122 0.66053316
257.14306902 105.94618144 0.67700709
256.75094210 106.48039455 0.69718420
256.35207996 107.00105109 0.72341179
255.94760671 107.50781635 0.75235697
255.53875338 108.00089010 0.78064884
255.12590363 108.47926933 0.80698923
254.70899387 108.94372814 0.83166668
254.28739324 109.39442932 0.85691233
253.85804898 109.83147870 0.88177812
253.41861823 110.25541661 0.90451615
252.96927743 110.66502875 0.92512716
252.50902697 111.05982873 0.94564074
252.03527474 111.44291374 0.96765260
251.54639187 111.81849037 0.99148572
251.04302148 112.18542426 1.01878209
250.52699904 112.54265097 1.04496873
249.99765875 112.89400375 1.06665381
249.45195523 113.24227922 1.08464198
248.88832880 113.58877394 1.09737111
248.30527891 113.93608161 1.10791955
247.70206854 114.28471348 1.12047218
247.08062395 114.63240465 1.13282628
246.44091868 114.97972960 1.14320690
245.78143521 115.32823189 1.15373510
245.10200733 115.67686717 1.16648302
244.40295191 116.02389254 1.18292095
243.68441675 116.37080839 1.20256442
242.94818085 116.71860101 1.22093800
242.19654536 117.06636033 1.23327885
241.42779815 117.41596380 1.24071341
240.63842840 117.77073319 1.25011382
239.82822076 118.13162389 1.26917208
238.99996894 118.49573236 1.29549483
238.15515979 118.86063818 1.31928678
237.29301033 119.22848520 1.34034093
236.41357731 119.60039236 1.36119397
235.51957876 119.97421589 1.37651059
234.61099459 120.35272521 1.38602784
233.68783026 120.73656111 1.39487394
232.75301570 121.12012922 1.40774963
231.80566920 121.50350527 1.42639073
230.84609781 121.88536441 1.45366568
229.87772795 122.26243173 1.48891596
228.90091545 122.63988511 1.52519099
227.91838326 123.02154831 1.55443954
226.93370861 123.40750738 1.57132881
225.94669770 123.79624183 1.58055278
224.95605448 124.18503310 1.59423793
223.96068903 124.57354133 1.62161196
222.96215794 124.96309215 1.65739315
221.96220215 125.35392771 1.69407667
220.96121762 125.74582172 1.72846517
219.96114639 126.13940600 1.76075569
218.96451217 126.53582045 1.78590086
217.96973781 126.93677099 1.80152158
216.97403529 127.34148704 1.81813320
215.97601709 127.74830458 1.84358922
214.97609423 128.15675184 1.87458841
213.97693561 128.56631253 1.90621618
212.97935865 128.97885517 1.93280491
211.98399083 129.39484161 1.95064461
210.99058533 129.81293532 1.96691571
209.99691837 130.23462205 1.98895065
209.00134421 130.65888268 2.01447839
208.00384084 131.08281522 2.04466432
207.00511460 131.50692607 2.08492877
206.00746868 131.93194754 2.12634268
205.01427845 132.35641475 2.15854291
204.02438813 132.78109519 2.18516237
203.03652664 133.20670752 2.21407209
202.05414399 133.62989564 2.24323103
201.07827890 134.04954769 2.27233004
200.10774204 134.46729703 2.30540037
199.14552342 134.88190825 2.33942278
198.19589791 135.29172332 2.36883818
197.25828058 135.69781585 2.39146939
196.33386334 136.09997229 2.41211804
195.42778065 136.49769444 2.43464764
194.54165516 136.89324568 2.45287653
193.67510244 137.28839271 2.46428504
192.82896820 137.68412934 2.47602302
192.00550385 138.08073739 2.48911888
191.20679272 138.47854271 2.50032254
190.43354553 138.87929582 2.50988558
189.68650357 139.28411093 2.51686247
188.96825896 139.69281489 2.52022251
188.27945859 140.10671273 2.52180249
187.61789768 140.52799323 2.51996737
186.98277745 140.95628998 2.51187320
186.37610024 141.38939099 2.50031962
185.79807865 141.82679370 2.48752364
185.24639196 142.26970595 2.47035162
184.71999468 142.71876452 2.44688692
184.21902465 143.17384359 2.42038452
183.74302380 143.63431680 2.39472846
183.28901121 144.09536046 2.36910286
182.85342107 144.55166470 2.34134515
182.43402893 145.00357085 2.31236557
182.03017110 145.45314747 2.28332959
181.64060988 145.90166181 2.25063439
181.26590039 146.34810296 2.21062567
180.90757838 146.79126120 2.16791914
180.56504851 147.23293213 2.12923517
180.23849452 147.67511722 2.09501346
179.92800439 148.11986248 2.06209422
179.63302321 148.57030300 2.03181830
179.35109629 149.03041144 2.00532852
179.08109042 149.50099361 1.98075529
178.82576735 149.97993457 1.95933475
178.58645333 150.47058823 1.94122268
178.36294902 150.97752569 1.92343199
178.15667075 151.49755503 1.90461353
177.96830461 152.02678715 1.88274593
177.79691267 152.56634110 1.85674677
177.64467581 153.12209868 1.83386316
177.51509332 153.69713165 1.82358951
177.40691484 154.28703483 1.82431140
177.31948753 154.89026360 1.82808303
177.25321766 155.50972109 1.83085528
177.20823114 156.14743010 1.83264713
177.18600723 156.80204454 1.83459330
177.18648564 157.47096989 1.83576520
177.21203080 158.15822019 1.83682607
177.26448476 158.86824254 1.83597554
177.34179387 159.59535377 1.83332522
177.44158022 160.33187664 1.83291454
177.56513594 161.07746127 1.83875028
177.71369158 161.83199688 1.84991361
177.88490746 162.59243201 1.85663540
178.07762061 163.36041735 1.85181871
178.29194247 164.13639066 1.83570431
178.52597651 164.91357686 1.81335637
178.77813468 165.68892789 1.79270440
179.04764780 166.46502420 1.77492929
179.33191071 167.23965979 1.75850390
179.63118235 168.01225358 1.74637181
179.94595013 168.78639294 1.73515737
180.27396919 169.56060769 1.71857807
180.61429223 170.33458782 1.69784785
180.96842380 171.11267534 1.68109248
181.33699832 171.89529101 1.67502374
181.71719583 172.67942729 1.67698219
182.10649231 173.46479401 1.68024872
182.50549223 174.25060804 1.68625381
182.91266167 175.03604987 1.69013950
183.32495603 175.82088803 1.68415197
183.74254496 176.60767383 1.67467461
184.16602669 177.40158669 1.66282231
184.59521826 178.20439726 1.64638696
185.02880729 179.01565568 1.62875560
185.46446243 179.83494914 1.61582207
185.90079262 180.66257183 1.61400383
186.33639304 181.49734869 1.61906676
186.77135855 182.33752175 1.62245178
187.20596673 183.18471638 1.62228442
187.63886872 184.04024591 1.61694125
188.07019275 184.90460879 1.60763836
188.50104198 185.77923697 1.59403316
188.92958751 186.66328792 1.57809433
189.35331660 187.55669445 1.57097378
189.77218039 188.45850967 1.57820629
190.18804037 189.36397707 1.58646185
190.60320779 190.27291296 1.58199437
191.01852783 191.18792823 1.56908849
191.43278750 192.10912398 1.55782535
191.84570469 193.03558713 1.55341617
192.25845065 193.96726421 1.55507011
192.67168699 194.90386396 1.55706007
193.08515060 195.84452394 1.55747950
193.49825234 196.79104288 1.55675292
193.91209462 197.74412217 1.55166342
194.32880493 198.70354638 1.54400070
194.74891769 199.67038355 1.53442609
195.17103938 200.64398112 1.52662440
195.59428274 201.62302038 1.52687899
196.01906058 202.60702100 1.53141723
196.44628613 203.59434905 1.53591498
196.87438087 204.58500753 1.54371169
197.30269138 205.57954164 1.55776029
197.73193938 206.57938882 1.57232398
198.16318442 207.58451030 1.57617675
198.59675553 208.59487962 1.57146331
199.03078205 209.61000201 1.56894875
199.46438257 210.62935548 1.57305786
199.89745756 211.65402157 1.58009800
200.33048098 212.68393869 1.58524805
200.76450406 213.71904261 1.58757696
201.19969300 214.76120504 1.58861207
201.63511858 215.80994609 1.59012032
202.07034227 216.86062580 1.59409967
202.50409289 217.91294450 1.60390025
202.93758202 218.96711914 1.61445600
203.37342013 220.01962573 1.62118276
203.81010289 221.07169092 1.62547143
204.24821665 222.12731245 1.62926741
204.68948750 223.18399152 1.63110122
205.13242244 224.23832990 1.63325341
205.57619523 225.28955653 1.63719222
206.01982802 226.33935243 1.63763076
206.46601515 227.38324997 1.64242876
206.91592932 228.42264975 1.64533437
207.36733035 229.46269002 1.63610270
207.82095701 230.50110577 1.62267846
208.27530875 231.53837593 1.60853406
208.72895773 232.57357338 1.59686291
209.18265066 233.60483175 1.59303078
209.63971690 234.62945356 1.59408292
210.10049387 235.64862226 1.59099886
210.56363121 236.66162539 1.58352486
211.02872659 237.66414169 1.58241691
211.49207704 238.66021404 1.59033852
211.95405871 239.65144961 1.59560459
212.41737350 240.63461913 1.59390475
212.88282199 241.60905227 1.59020659
213.35021993 242.57386945 1.58638035
213.81688649 243.52939975 1.58337443
214.28143650 244.47584522 1.58420873
214.74221026 245.41718527 1.58442754
215.19761058 246.35552077 1.58270170
215.64807447 247.28773392 1.58314110
216.09237638 248.21409946 1.58748350
216.52948716 249.13635479 1.59103590
216.95974960 250.05349417 1.58979832
217.38298203 250.96440429 1.58673431
217.80043972 251.87026085 1.57821482
218.21118540 252.77249384 1.56255073
218.61315049 253.67079713 1.54612079
219.00603627 254.56232578 1.53593486
219.38742416 255.44781136 1.53428778
219.75855861 256.32813052 1.53588661
220.12312878 257.20203198 1.53257668
220.48431314 258.06499314 1.52165966
220.84232233 258.91302945 1.50939962
221.19500313 259.74917471 1.49918602
221.54448454 260.57523594 1.48536165
221.88930529 261.39108787 1.46844743
222.22627627 262.19647907 1.45765503
222.55855519 262.99056028 1.45127697
222.89060075 263.77466069 1.43721675
223.22290237 264.55035294 1.41404111
223.55252827 265.31630169 1.38915527
223.87672821 266.07058364 1.37093452
224.19571168 266.81363568 1.36120378
224.51203826 267.54856668 1.34995401
224.82800067 268.27725603 1.33099681
225.14442508 268.99809082 1.30992776
225.46259358 269.71088664 1.29278933
225.78398763 270.42019197 1.27597541
226.10870983 271.12940509 1.25461691
226.43552579 271.83870866 1.23268505
226.76370041 272.54735764 1.21698246
227.09494583 273.25473563 1.20577576
227.42962599 273.96166686 1.19279349
227.76787570 274.66778407 1.17949822
228.10840469 275.37410640 1.17053082
228.44995723 276.08539877 1.16029495
228.79217783 276.80392165 1.14701846
229.13271434 277.53036733 1.13587611
229.47234611 278.26555572 1.13043985
229.81338291 279.01021027 1.13140678
230.15763589 279.76728680 1.13292127
230.50866095 280.53950237 1.12882987
230.86887917 281.32726630 1.11823874
231.23745556 282.13033816 1.10436489
231.61241342 282.94858877 1.09196318
231.99248250 283.77667064 1.08557894
232.37707507 284.60800490 1.08259528
232.76496411 285.44124802 1.07704942
233.15389819 286.27754542 1.07090792
233.54264993 287.11838435 1.07234059
233.93373684 287.96381766 1.08090704
234.33102991 288.81488508 1.08708362
234.73687119 289.67273475 1.08604254
235.15230375 290.53610030 1.08026650
235.57696879 291.40460595 1.07220311
236.00918582 292.27631306 1.06431058
236.45049356 293.14601406 1.05857812
236.90459576 294.01106575 1.05452720
237.37032478 294.87180988 1.05195315
237.84307570 295.72865775 1.04707202
238.32265129 296.58101517 1.03818640
238.81323743 297.42838953 1.02963510
239.31366846 298.27195978 1.02297792
239.81762246 299.11272370 1.01891184
240.32122979 299.95030220 1.01577323
240.82607271 300.78509195 1.01550403
241.33298333 301.61902841 1.02045033
241.83598867 302.45423930 1.02553219
242.33290534 303.29026525 1.02274408
242.82581050 304.12551310 1.01270633
243.31415850 304.96031406 1.00550020
243.79641195 305.79534328 1.00681261
244.27069800 306.63135927 1.01346605
244.73712804 307.46931672 1.01581348
245.19525857 308.31092410 1.01287913
245.64181832 309.15656183 1.00851874
246.07679183 310.00512012 1.00693812
246.50409556 310.85606375 1.01613407
246.92516164 311.70853749 1.03178633
247.33982287 312.56229856 1.04482805
247.74974776 313.41743606 1.05368009
248.15565310 314.27339497 1.05709996
248.55603081 315.12887374 1.05681367
248.95236573 315.98224000 1.05819633
249.34897321 316.83338421 1.06067313
249.74875859 317.68314178 1.05856357
250.15061778 318.53184528 1.05368230
250.55201180 319.38185313 1.05117965
250.95501519 320.23608616 1.05098061
251.36128685 321.09762072 1.04763439
251.76975950 321.96779234 1.03888688
252.18129450 322.84476323 1.03049623
252.59742418 323.72591701 1.02998699
253.01814012 324.60923128 1.03436859
253.44176184 325.49595625 1.03217038
253.86544721 326.38736750 1.01965698
254.28845367 327.28243269 1.00157227
254.71094630 328.17910314 0.98597397
255.13209438 329.07673865 0.97338710
255.55296307 329.97523599 0.95736543
255.97357484 330.87259741 0.93931530
256.39254542 331.76625157 0.92659902
256.80980779 332.65516310 0.91816148
257.22463954 333.53917306 0.90718592
257.63808255 334.41780260 0.89218716
258.05124194 335.29109382 0.87020228
258.46402330 336.15807841 0.84179903
258.87734054 337.01611828 0.81300684
259.28934606 337.86295119 0.78874987
259.69775347 338.69826392 0.76983915
260.10257044 339.52230834 0.75259438
260.50346723 340.33461694 0.73921043
260.90118478 341.13611887 0.72989163
261.29643883 341.93019000 0.71633524
261.69043514 342.71867868 0.69642090
262.08484501 343.50083376 0.67427241
262.47899431 344.27513746 0.65386239
262.87066240 345.03925784 0.63859351
263.26045148 345.79408299 0.62586956
263.65210253 346.54038195 0.61334416
264.04504269 347.27588374 0.60053845
264.43975467 347.99964874 0.58717401
264.83946749 348.71217989 0.57357688
265.24429095 349.41431243 0.55734995
265.65339646 350.10543307 0.53685235
266.06738931 350.78420429 0.51385819
266.48649385 351.44914442 0.49045302
266.91053307 352.09887854 0.46836926
267.34005990 352.73351758 0.44927148
267.77521533 353.35341578 0.43388020
268.21585809 353.95936683 0.42140859
268.66230453 354.55367693 0.41111748
269.11461655 355.13834597 0.40293982
269.57203294 355.71431854 0.39507574
270.03298502 356.28193186 0.38504300
270.49589794 356.83995424 0.37400959
270.95798436 357.38505663 0.36506074
271.41632954 357.91397665 0.35759793
271.87023103 358.42366674 0.34797190
272.32125876 358.91051114 0.33379804
272.77029027 359.37124943 0.31643399
273.21381041 359.80375046 0.29870651
273.64950198 360.20765316 0.28151066
274.07859004 360.58340965 0.26488502
274.50222944 360.93149401 0.24887423
274.92151636 361.25246700 0.23352590
275.33747518 361.54693503 0.21890269
275.75105707 361.81559983 0.20507599
276.16313657 362.05920530 0.19213038
276.57449624 362.27857334 0.18016231
276.98584681 362.47459741 0.16928302
277.39779999 362.64823667 0.15961803
277.81084666 362.80054522 0.15128890
278.22538406 362.93262925 0.14443349
278.64174060 363.04567627 0.13917707
279.06017571 363.14090506 0.13565053
279.48081698 363.21959065 0.13400214
279.90372451 363.28314749 0.13433650
280.33042044 363.33233450 0.13555131
280.75993230 363.36750515 0.13420562
281.18781800 363.38893264 0.13143144
281.61224441 363.39540315 0.13499279
282.03575509 363.38477266 0.14753221
282.46255857 363.35545172 0.16009167
282.89431320 363.30859482 0.16570291
283.32955012 363.24713542 0.16872517
283.76738742 363.17282990 0.17788029
284.20920919 363.08776437 0.19825039
284.65888310 362.99218263 0.22283764
285.11940407 362.88466612 0.24385441
285.59242512 362.76448425 0.26299726
286.08108757 362.63010704 0.28034396
286.58823116 362.47987182 0.29681195
287.11390823 362.31310567 0.31338191
287.65569837 362.13045250 0.32675093
288.21340816 361.93173875 0.33525314
288.78754622 361.71618919 0.34090901
289.37821678 361.48449720 0.34726702
289.98540763 361.23841728 0.35343641
290.60901087 360.97851851 0.35659883
291.24834138 360.70489338 0.35553308
291.90317717 360.41658686 0.35379296
292.57504216 360.11234714 0.35815839
293.26332797 359.79285864 0.36886883
293.96420464 359.46049094 0.37753144
294.67621490 359.11692736 0.37843576
295.40109090 358.76113253 0.37422327
296.13847551 358.39340738 0.36919497
296.88897426 358.01484999 0.36530209
297.65250958 357.62596316 0.36041649
298.42790036 357.22702630 0.34915895
299.21569841 356.81725418 0.33252591
300.01468420 356.39569813 0.31683072
300.82308481 355.96190880 0.30902592
301.64166048 355.51709626 0.31225090
302.46886367 355.06442395 0.31851350
303.30140010 354.60751812 0.31940734
304.13861123 354.14817360 0.31557488
304.98087919 353.68525938 0.30757071
305.82847127 353.21651106 0.29884343
306.68269876 352.73973967 0.29402716
307.54377208 352.25579291 0.29184374
308.41087623 351.76582693 0.29076542
309.28363879 351.26934837 0.28941347
310.16232516 350.76741482 0.28989985
311.04749632 350.26287586 0.29028300
311.93631524 349.75745926 0.28879901
312.82785860 349.25030974 0.28844241
313.72256230 348.74075146 0.29337606
314.61716537 348.22935539 0.30196719
315.51328383 347.71570603 0.31018204
316.41210874 347.19998427 0.31830126
317.31237245 346.68418053 0.32181620
318.21504638 346.16910809 0.31921643
319.11896252 345.65480076 0.31147252
320.02082672 345.14164029 0.30116508
320.91941775 344.62976121 0.29241871
321.81405392 344.11889066 0.28743549
322.70312878 343.60933164 0.28645179
323.58904356 343.10162125 0.28669788
324.47477486 342.59727124 0.28640737
325.36126804 342.09729267 0.28316455
326.24788046 341.60155656 0.27890016
327.13256743 341.11015154 0.28003910
328.01345909 340.62180910 0.28901009
328.89069164 340.13673891 0.30543212
329.76419361 339.65686868 0.32416983
330.62967785 339.18579884 0.33297144
331.48766661 338.72550710 0.33067696
332.34292449 338.27262171 0.32492167
333.19834586 337.82585625 0.31931166
334.05396029 337.38566784 0.31627241
334.90704225 336.95222896 0.31575812
335.75872540 336.52597909 0.31992253
336.60918965 336.10724226 0.32672566
337.45644091 335.69629882 0.33394975
338.30107093 335.29300161 0.34270604
339.14502397 334.89755524 0.34911547
339.98959861 334.51041980 0.34989227
340.83535008 334.13137771 0.34602399
341.68457479 333.76053789 0.33807828
342.54061840 333.39861157 0.32651838
343.40334677 333.04553661 0.31232452
344.27175058 332.70070600 0.29842062
345.14660349 332.36332729 0.28898944
346.02588287 332.03428913 0.28267766
346.90790541 331.71573009 0.27683424
347.79400750 331.40908260 0.26397838
348.68271133 331.11311446 0.24407580
349.57359657 330.82565397 0.22925493
350.46654126 330.54561653 0.21959760
351.36073806 330.27407270 0.21104857
352.25569499 330.01364312 0.20242776
353.15237935 329.76618246 0.18512518
354.05196875 329.52995827 0.15912204
354.95331232 329.30260664 0.13625134
355.85786774 329.08446027 0.12385807
356.76445511 328.87484053 0.11766782
357.66975061 328.67391508 0.10469545
358.57525423 328.48430947 0.08258070
359.48435542 328.30642600 0.05822074
360.39655305 328.13720093 0.03657098
361.31194702 327.97684936 0.02053084
362.23013208 327.82523863 0.01100089
363.14614995 327.67967336 0.00402974
364.05861518 327.54045226 -0.00508687
364.97016694 327.40884657 -0.01523677
365.88263396 327.28685806 -0.03194806
366.79248513 327.17160837 -0.05635957
367.69703409 327.05860009 -0.08105476
368.60003697 326.94863972 -0.10113149
369.50063326 326.84097057 -0.11556173
370.39307104 326.73427047 -0.12886603
371.27957573 326.63130028 -0.14552996
372.16490825 326.53377053 -0.16775941
373.04745044 326.43949509 -0.18935701
373.92533780 326.34691032 -0.20159132
374.79932560 326.25730072 -0.20674200
375.66957547 326.17154357 -0.21227424
376.53537713 326.08885552 -0.22022713
377.39666843 326.00822957 -0.22812142
378.25296062 325.92868915 -0.23372463
379.10469679 325.85112023 -0.23751791
379.95113419 325.77643820 -0.24083064
380.78982619 325.70362282 -0.24728172
381.62142779 325.63130982 -0.25545741
382.44856416 325.55913537 -0.25976992
383.27058212 325.48594912 -0.25727623
384.08543164 325.41124815 -0.24820243
384.89175773 325.33597677 -0.23856089
385.68765799 325.26248891 -0.23764569
386.47204747 325.19409370 -0.24680353
387.24498220 325.13171905 -0.25889614
388.00576336 325.07433700 -0.26943196
388.75328805 325.02158958 -0.27606368
389.48729734 324.97410665 -0.27666862
390.20567926 324.93146828 -0.27468910
390.90616385 324.89256465 -0.27380572
391.58839371 324.85684717 -0.27231539
392.25140507 324.82430493 -0.27087797
392.89399880 324.79463037 -0.27002746
393.51650329 324.76758206 -0.26798505
394.11902366 324.74232958 -0.26448466
394.70097984 324.71734267 -0.25932278
395.26164492 324.69140667 -0.25110709
395.79919361 324.66426844 -0.23893301
396.31195003 324.63629784 -0.22508107
396.80041679 324.60799844 -0.21386538
397.26928812 324.57826496 -0.20604892
397.72528319 324.54225503 -0.20125774
398.17375575 324.49598930 -0.20022574
398.61863755 324.43811751 -0.20200001
399.06178575 324.36721982 -0.20405774
399.50167996 324.28085647 -0.20431590
399.93447627 324.17636188 -0.20305525
400.35983009 324.05416636 -0.20118793
400.77771285 323.91506019 -0.19535603
401.18660349 323.75947688 -0.18443923
401.58874575 323.58997977 -0.17292817
401.98777450 323.40852559 -0.16388772
402.38509920 323.21212937 -0.15892729
402.77935496 322.99468967 -0.15793603
403.16862573 322.75302851 -0.15904516
403.55204602 322.48680524 -0.16146848
403.93033224 322.19676732 -0.16325151
404.30541690 321.88385151 -0.16135913
404.67710525 321.54890425 -0.15606667
405.04237047 321.19243204 -0.14995267
405.39788755 320.81392925 -0.14494287
405.74222463 320.41164921 -0.14148587
406.07525143 319.98289717 -0.13938504
406.39546771 319.52532474 -0.14042797
406.70049899 319.03764186 -0.14606138
406.98694307 318.51942551 -0.15416086
407.25116181 317.97138751 -0.16191294
407.49103824 317.39525654 -0.16721214
407.70714476 316.79248316 -0.16970983
407.90226168 316.16404916 -0.17119864
408.07891229 315.51093394 -0.17253086
408.23972425 314.83392088 -0.17299078
408.38717657 314.13385640 -0.17280650
408.52297652 313.41122041 -0.17247746
408.64863068 312.66601671 -0.17191982
408.76549320 311.89803828 -0.17066151
408.87372326 311.10765816 -0.16777649
408.97392048 310.29524622 -0.16389481
409.06826532 309.46075750 -0.15939825
409.15861620 308.60454496 -0.15633771
409.24724364 307.72645645 -0.15752465
409.33544387 306.82546999 -0.16322870
409.42258611 305.90074712 -0.16970833
409.50784428 304.95165895 -0.17105454
409.59156143 303.97965141 -0.16825275
409.67471982 302.98965477 -0.16797985
409.75785128 301.98661816 -0.17252934
409.84223863 300.97267565 -0.17837973
409.92954595 299.94923153 -0.18256829
410.02150217 298.91835214 -0.18490368
410.11947980 297.88198756 -0.18541143
410.22425087 296.84139537 -0.18394022
410.33684355 295.79681598 -0.18076699
410.45728393 294.74886192 -0.17664313
410.58505212 293.69866460 -0.17285245
410.72015839 292.64677036 -0.17105223
410.86221278 291.59275693 -0.17156255
411.01002171 290.53621616 -0.17276172
411.16395869 289.47720408 -0.17374053
411.32465575 288.41653145 -0.17546555
411.49171361 287.35499831 -0.17740610
411.66508269 286.29277832 -0.17715129
411.84424166 285.23053681 -0.17391990
412.02876432 284.16946938 -0.16986305
412.21782886 283.11060141 -0.16779703
412.41064585 282.05404110 -0.16805900
412.60695246 280.99856425 -0.16955990
412.80572442 279.94384019 -0.17026452
413.00703487 278.89019392 -0.16906443
413.21014920 277.83827285 -0.16690539
413.41411871 276.78955125 -0.16452911
413.61957934 275.74511675 -0.16197894
413.82683241 274.70523108 -0.15957711
414.03512081 273.66934413 -0.15779079
414.24427341 272.63665228 -0.15407494
414.45491973 271.60704228 -0.14848866
414.66686059 270.58144180 -0.14609424
414.87929559 269.56049416 -0.14775108
415.09143163 268.54366909 -0.15118722
415.30357640 267.52743385 -0.15577751
415.51555700 266.50800706 -0.16042635
415.72645983 265.48437980 -0.16287090
415.93496631 264.45704576 -0.16384871
416.13927983 263.42646239 -0.16666199
416.33897048 262.39087649 -0.16999608
416.53510846 261.34885596 -0.16768198
416.72791699 260.30257229 -0.16175239
416.91694693 259.25409752 -0.15833844
417.10048689 258.20365408 -0.15404795
417.27540925 257.15184732 -0.14502650
417.44022186 256.10017589 -0.13407825
417.59504539 255.04995524 -0.12357279
417.74025416 254.00175169 -0.11356876
417.87621154 252.95609894 -0.10409429
418.00332911 251.91351634 -0.09517473
418.12203465 250.87451637 -0.08683127
418.23276331 249.83960620 -0.07908347
418.33596953 248.80927549 -0.07194249
418.43213431 247.78400580 -0.06541626
418.52173533 246.76427768 -0.05950995
418.60527222 245.75056455 -0.05422822
418.68326486 244.74332539 -0.04956853
418.75624210 243.74301888 -0.04552855
418.82474998 242.75011229 -0.04210518
418.88934024 241.76506052 -0.03928784
418.95057266 240.78832752 -0.03706817
419.00900709 239.82038370 -0.03543023
419.06522953 238.86170671 -0.03435946
419.11934149 237.91444196 -0.03378928
419.17175043 236.98171401 -0.03372786
419.22346670 236.06594739 -0.03368868
419.27368908 235.16910035 -0.03350619
419.32180311 234.29245676 -0.03420774
419.36738909 233.43598713 -0.03635011
419.40844970 232.59859315 -0.03977094
419.44303462 231.77920383 -0.04430553
419.46925826 230.97678656 -0.04977341
419.48528445 230.19035898 -0.05599984
419.48928548 229.41903714 -0.06282048
419.47942229 228.66205993 -0.07007543
419.45388679 227.91877642 -0.07759382
419.41090937 227.18871623 -0.08521042
419.34865598 226.47158348 -0.09277716
419.26534748 225.76727841 -0.10012119
419.15916138 225.07589482 -0.10710081
419.02825284 224.39782205 -0.11356334
418.87080254 223.73366043 -0.11936762
418.68494983 223.08427431 -0.12438407
418.46997442 222.45142372 -0.12853724
418.22533072 221.83807637 -0.13298217
417.95022484 221.24740119 -0.14021742
417.64439988 220.68213749 -0.15095899
417.30787386 220.14440265 -0.16283096
416.94184953 219.63577750 -0.17422891
416.54878728 219.15699338 -0.18477696
416.13047576 218.70911114 -0.19409635
415.68666745 218.29258478 -0.20296311
415.21619995 217.90648930 -0.21284097
414.71957355 217.55086919 -0.22418040
414.19888223 217.22606299 -0.23604090
413.65635699 216.93120952 -0.24853868
413.09410127 216.66514261 -0.26339872
412.51339991 216.42766315 -0.28068002
411.91544675 216.21761345 -0.29957078
411.30138776 216.03333815 -0.31879714
410.67180354 215.87352433 -0.33729753
410.02679201 215.73609724 -0.35575205
409.36614490 215.61930165 -0.37646936
408.68990189 215.52515421 -0.40034372
407.99767186 215.45628396 -0.42498553
407.28908787 215.41228795 -0.44907335
406.56473828 215.39447005 -0.47310258
405.82482349 215.40349500 -0.49661137
405.06931875 215.43805296 -0.51912563
404.29882088 215.49783912 -0.54052157
403.51413279 215.58206283 -0.56039033
402.71638580 215.69117553 -0.57917190
401.90640065 215.82639172 -0.59664801
401.08454652 215.98691373 -0.61250443
400.25077134 216.17122835 -0.62598439
399.40519323 216.37765764 -0.63807021
398.54867431 216.60413592 -0.65257968
397.68125375 216.84827604 -0.67156771
396.80239122 217.11010029 -0.69381366
395.91135004 217.39051491 -0.71438782
395.00947286 217.69101716 -0.72929497
394.10014296 218.01387226 -0.74063328
393.18455801 218.35809292 -0.75288206
392.26161704 218.72002413 -0.76658707
391.32928947 219.09633771 -0.77999636
390.38584968 219.48560964 -0.78869572
389.43115927 219.88707141 -0.78879378
388.46530773 220.29863814 -0.78303139
387.48903639 220.71813074 -0.77536966
386.50372840 221.14339752 -0.76928729
385.50977856 221.57225138 -0.76536576
384.50755905 222.00398292 -0.76078245
383.49862331 222.43798849 -0.75479621
382.48373435 222.87275783 -0.74915312
381.46269408 223.30787201 -0.74275619
380.43714672 223.74469382 -0.73289297
379.40834715 224.18300079 -0.72029231
378.37596659 224.62256108 -0.70765166
377.33919372 225.06347997 -0.69466417
376.29794687 225.50595405 -0.68035948
375.25280255 225.95120697 -0.66706884
374.20373112 226.39997254 -0.65401404
373.15056611 226.85171053 -0.63939323
372.09428170 227.30566220 -0.62335716
371.03662162 227.76057824 -0.60703615
369.97942061 228.21561464 -0.59367183
368.92406368 228.67222746 -0.57900839
367.87071081 229.13117734 -0.55936214
366.82107876 229.59416661 -0.54085183
365.77536321 230.06137380 -0.52597860
364.73129397 230.52951867 -0.51096694
363.68852142 230.99803185 -0.49485872
362.64774842 231.46781838 -0.48006730
361.61008140 231.94021291 -0.46643098
360.57579165 232.41608341 -0.45237947
359.54511525 232.89538513 -0.43836155
358.51815027 233.37782328 -0.42591949
357.49432449 233.86264696 -0.41483975
356.47358468 234.34966374 -0.40502366
355.45622071 234.83932041 -0.39546215
354.44280729 235.33245082 -0.38388860
353.43360314 235.82921729 -0.36979982
352.42824609 236.32891935 -0.35379952
351.42718304 236.83081562 -0.33797011
350.43084189 237.33388657 -0.32427290
349.43946115 237.83838066 -0.31155874
348.45239785 238.34436890 -0.29967175
347.46939597 238.85110586 -0.28814316
346.49156793 239.35888994 -0.27597306
345.51967860 239.86822095 -0.26383740
344.55423307 240.37912195 -0.25177173
343.59519416 240.89116717 -0.23965613
342.64244922 241.40345911 -0.22788131
341.69638110 241.91585409 -0.21629367
340.75802418 242.42796385 -0.20486339
339.82881758 242.93859180 -0.19424568
338.91099453 243.44773421 -0.18273928
338.00590009 243.95519450 -0.16800233
337.11441344 244.45909159 -0.15007392
336.23855558 244.95817474 -0.13107816
335.37974779 245.45105450 -0.11399367
334.53885621 245.93574026 -0.09911201
333.71752609 246.41204978 -0.08600611
332.91722531 246.88008105 -0.07435707
332.13837157 247.33864983 -0.06279368
331.38113821 247.78697489 -0.05138413
330.64565515 248.22517219 -0.04030428
329.93082265 248.65297138 -0.02980838
329.23390454 249.06841619 -0.02196355
328.55345224 249.47030422 -0.01382922
327.88952130 249.85869391 -0.00322018
327.24198270 250.23225822 0.00613962
326.60999154 250.58876617 0.01233661
325.99260971 250.92638179 0.01578788
325.39065590 251.24416822 0.01872797
324.80595384 251.54106552 0.02308325
324.23999669 251.81588335 0.02858724
323.69416138 252.06767300 0.03382251
323.16827819 252.29433520 0.03744321
322.66024204 252.49271798 0.03905204
322.16690039 252.66153845 0.03898194
321.68490023 252.80110927 0.03780141
321.21177208 252.91091529 0.03674186
320.74414745 252.99136720 0.03605463
320.27941710 253.04403843 0.03558221
319.81783393 253.06848486 0.03637601
319.36032832 253.06162761 0.03912485
318.90856537 253.02003802 0.04102679
318.46407650 252.94347260 0.04018402
318.02723130 252.83525366 0.03964210
317.59871654 252.69699907 0.04010444
317.18009470 252.52663204 0.03995052
316.77142565 252.32222649 0.03853689
316.37078580 252.08631905 0.03757752
315.97650007 251.82203818 0.03773671
315.58829964 251.52828567 0.03412404
315.20656051 251.20483991 0.02486651
314.83103720 250.85244732 0.01230062
314.46176496 250.47122319 -0.00199400
314.09757878 250.06317933 -0.01357439
313.73487968 249.63422248 -0.01875867
313.37143744 249.18896729 -0.01846574
313.00839877 248.72726535 -0.01588290
312.64840363 248.24657776 -0.01758613
312.29122355 247.74650929 -0.02479421
311.93291413 247.22903247 -0.03180867
311.56932276 246.69541220 -0.03630728
311.19863179 246.14628360 -0.03989196
310.82259789 245.57999252 -0.04225082
310.44218768 244.99546724 -0.04234247
310.05439110 244.39571766 -0.04224689
309.65671662 243.78264097 -0.04365754
309.25045136 243.15476021 -0.04482799
308.83744359 242.51060957 -0.04275413
308.42038808 241.84824332 -0.03893847
307.99970925 241.16792134 -0.03665979
307.57315841 240.47161407 -0.03377650
307.14192762 239.75813928 -0.02974594
306.70625128 239.02739950 -0.02601907
306.26350563 238.28144459 -0.01997015
305.81296185 237.52078653 -0.01054681
305.35664852 236.74422548 -0.00063845
304.89549662 235.95195654 0.00631043
304.43009084 235.14426909 0.01004829
303.96347083 234.31903267 0.01094017
303.49513119 233.47621515 0.01056014
303.02303482 232.61928056 0.01015629
302.54703413 231.75261243 0.00794760
302.06657189 230.87955667 0.00176547
301.58212259 230.00031068 -0.00293227
301.09355692 229.11436980 0.00091240
300.60318201 228.22147020 0.00899522
300.11492451 227.32071076 0.01330135
299.62768119 226.41272609 0.01433241
299.13833513 225.49966296 0.01637879
298.64719508 224.58277528 0.01775087
298.15516426 223.66177205 0.01755093
297.66246956 222.73709939 0.02096911
297.17202644 221.80909615 0.02772198
296.68665348 220.87651173 0.03564961
296.20617994 219.93981544 0.04820396
295.72890540 219.00165281 0.06115262
295.25189541 218.06440710 0.06822784
294.77271119 217.12866137 0.07431150
294.29102312 216.19230764 0.08640702
293.80890752 215.25483678 0.10130161
293.32991494 214.31670143 0.11521319
292.85403600 213.37885654 0.12193555
292.38026022 212.44220443 0.12180711
291.90906428 211.50537070 0.12363865
291.43784264 210.56735019 0.12810731
290.96381575 209.62646417 0.13583450
290.48758281 208.68223810 0.13982678
290.00944585 207.73524058 0.13508830
289.52849484 206.78399291 0.12870255
289.04472260 205.82628749 0.12653821
288.55797476 204.86214135 0.12911586
288.06692555 203.89371723 0.13254704
287.57193692 202.92211368 0.12985309
287.07358135 201.94649322 0.12214280
286.57196058 200.96461078 0.11618978
286.06724323 199.97644897 0.11226270
285.55875509 198.98390703 0.10796351
285.04657532 197.98721477 0.10194490
284.53146853 196.98526098 0.09611985
284.01571308 195.97577365 0.09260606
283.49897724 194.95792300 0.09419601
282.97885837 193.93436443 0.09820383
282.45630089 192.90644873 0.10000335
281.93133663 191.87432974 0.09909750
281.40324386 190.83882192 0.09534083
280.87287359 189.80063779 0.08772465
280.33951593 188.75965858 0.07891251
279.80214197 187.71549677 0.07607214
279.26131184 186.66979159 0.07736658
278.71924371 185.62392342 0.07683836
278.17824937 184.57718199 0.07766476
277.63862516 183.53014792 0.08517167
277.10030907 182.48415269 0.09712941
276.56368596 181.43945782 0.10903347
276.02999336 180.39639506 0.11773312
275.50205600 179.35594369 0.12052447
274.98021966 178.31893611 0.11883427
274.46151225 177.28457101 0.12124501
273.94356907 176.25235118 0.13689702
273.42708550 175.22144539 0.16003177
272.91333509 174.19123467 0.17698748
272.40175401 173.16201969 0.18736195
271.89084373 172.13535073 0.19109835
271.38026024 171.11086217 0.18722779
270.86899989 170.08699399 0.18307909
270.35664164 169.06505265 0.18155344
269.84411846 168.04735444 0.17730601
269.33165880 167.03306256 0.17200873
268.82049820 166.01970199 0.17526846
268.31201602 165.00631640 0.18757705
267.80693004 163.99287960 0.19842438
267.30297270 162.98209718 0.20351412
266.79805011 161.97634061 0.20075024
266.29256818 160.97792751 0.18933831
265.78513252 159.98958550 0.17541620
265.27685609 159.00768394 0.16370573
264.77065359 158.02569858 0.16473567
264.26585204 157.04271048 0.18189674
263.76395734 156.06056624 0.20118897
263.26678340 155.08019042 0.20921053
262.77323976 154.10278988 0.20747708
262.28232648 153.13003131 0.20181161
261.79410474 152.16374039 0.19096127
261.30869687 151.20283807 0.17689714
260.82406230 150.24640119 0.16736708
260.33860660 149.29539953 0.16536198
259.85282418 148.34986862 0.17057434
259.36686009 147.41003374 0.18350135
258.88112947 146.47602003 0.20379706
258.39672748 145.54867892 0.22474176
257.91658625 144.62886255 0.23812275
257.44412136 143.71818440 0.24167578
256.98050771 142.81876397 0.23771230
256.52428577 141.93213323 0.23086885
256.07339323 141.06025485 0.22773016
255.62960816 140.20217947 0.23253249
255.19374806 139.35687342 0.24435342
254.76568639 138.52588349 0.26150820
254.34857579 137.71029925 0.27872849
253.94281077 136.91122084 0.28792501
253.54719759 136.12779701 0.29159777
253.16151497 135.35763567 0.29796558
252.78513600 134.60005516 0.31066960
252.41669953 133.85705550 0.32634229
252.05503336 133.13038205 0.34163668
251.70293607 132.41812191 0.35706528
251.36147435 131.72012202 0.37265964
251.02743485 131.04080784 0.38907322
250.70153031 130.38276983 0.40196742
250.38813978 129.74483000 0.40683733
250.08692462 129.12768555 0.40507700
249.79470030 128.53321563 0.40384216
249.51292247 127.95930075 0.40962197
249.24458458 127.40451058 0.41836537
248.98788384 126.86965155 0.42473096
248.73741367 126.35446737 0.42970685
248.49249602 125.85641819 0.43174186
248.25268617 125.37513335 0.42899414
248.01423459 124.91317694 0.42401034
247.77797180 124.46910974 0.42082273
247.54385323 124.04175334 0.42065350
247.30795241 123.63374342 0.42125788
247.06711332 123.24851519 0.42210692
246.82063962 122.88329416 0.42338655
246.56887785 122.52973369 0.42559524
246.30842627 122.18626719 0.42894807
246.03396086 121.85720910 0.43221988
245.74397958 121.54525468 0.43335199
245.44032620 121.25042512 0.43152748
245.12574300 120.97090913 0.42828841
244.80198719 120.70528558 0.42722436
244.46766524 120.45561233 0.42914430
244.12077158 120.22394607 0.43005331
243.75896537 120.00718096 0.42572287
243.37870011 119.80227886 0.41782006
242.97815476 119.61131557 0.41344252
242.55712877 119.43700988 0.41135157
242.11696793 119.27985787 0.40719391
241.65878341 119.14267197 0.39939530
241.18331963 119.02908167 0.38630588
240.69120372 118.94103947 0.37126230
240.18267561 118.87938278 0.35769269
239.65893021 118.84360979 0.34649737
239.12131562 118.83341924 0.33941211
238.57086905 118.84970740 0.33538221
238.00891797 118.89532765 0.32997856
237.43724017 118.97173977 0.32172962
236.85728724 119.07606170 0.31578896
236.27043266 119.20555312 0.31322575
235.67829436 119.36043937 0.30752052
235.08142285 119.54181439 0.29623361
234.47910254 119.75030388 0.28292461
233.87042051 119.98456750 0.27105950
233.25409769 120.24020341 0.26399393
232.62935288 120.51397947 0.26208575
231.99526492 120.80579231 0.25983172
231.34981415 121.11593624 0.25369382
230.69216209 121.44401325 0.24544388
230.02253103 121.78943353 0.23989055
229.33906135 122.14954786 0.23784154
228.64101283 122.52082226 0.23155131
227.92981152 122.90633292 0.22128489
227.20540140 123.30864769 0.21232728
226.46664727 123.72410750 0.20400215
225.71380072 124.15383948 0.19992415
224.94636389 124.59848612 0.20337613
224.16172275 125.05226387 0.21374666
223.35975512 125.51314112 0.22672024
222.54266721 125.98221480 0.23806016
221.71230530 126.45679674 0.24307199
220.87203597 126.93628047 0.23857441
220.02459630 127.42166634 0.22866969
219.16955227 127.91144319 0.22336936
218.30838702 128.40490341 0.22939828
217.44392249 128.90000321 0.23958594
216.57590742 129.39405908 0.24796587
215.70409933 129.88706148 0.25441109
214.82993982 130.37893679 0.26046616
213.95451285 130.86711481 0.26128255
213.07807487 131.35103938 0.25318284
212.20021720 131.83256459 0.24532133
211.32055028 132.31163013 0.24632029
210.43965998 132.78687373 0.25504812
209.55993698 133.25853161 0.26432957
208.68369656 133.72619630 0.26838132
207.81115591 134.18918340 0.26469693
206.94071511 134.64666093 0.25738782
206.07197301 135.10072157 0.25525248
205.20485262 135.55192303 0.25856262
204.33701103 135.99937885 0.26624321
203.47005531 136.44621564 0.28251465
202.60767188 136.89198084 0.30240111
201.74908780 137.33346030 0.31373399
200.89441616 137.77137782 0.31686659
200.04453597 138.20928247 0.32269700
199.19806587 138.64515149 0.33056275
198.35410736 139.07691543 0.33789756
197.51401026 139.50827851 0.34853301
196.67788958 139.93816767 0.36119622
195.84537441 140.36100051 0.37114204
195.01799812 140.77814266 0.37589336
194.19643312 141.19204192 0.37850690
193.38146650 141.60097501 0.38495838
192.57594255 142.00469937 0.39275221
191.78334079 142.40291748 0.39667655
191.00641203 142.79399215 0.40049754
190.24651458 143.17579596 0.40653206
189.50483670 143.54737600 0.41258608
188.78309328 143.91031155 0.41911156
188.08138127 144.26450646 0.42564349
187.40036300 144.60769564 0.43066148
186.74261407 144.93907631 0.43603163
186.11031564 145.26037528 0.44116311
185.50474063 145.57345327 0.44260119
184.92681754 145.87737099 0.44281381
184.37749643 146.17034503 0.44589983
183.85753603 146.45184533 0.44823413
183.36718606 146.72292126 0.44560991
182.90463654 146.98575327 0.44002521
182.46663174 147.24206839 0.43518120
182.04911395 147.49343875 0.43284580
181.64723609 147.74090037 0.43192772
181.25615711 147.98703519 0.43108801
180.87292134 148.23689209 0.43012861
180.49708991 148.49405384 0.43047641
180.12975203 148.76030259 0.43279195
179.77219951 149.03667043 0.43317377
179.42361947 149.32182903 0.42830809
179.08359234 149.61498474 0.42100996
178.75373134 149.91808085 0.41474543
178.43644271 150.23299606 0.41013876
178.13386068 150.55984775 0.40731497
177.84708901 150.89794676 0.40344613
177.57618367 151.24730847 0.39560586
177.31829285 151.61003480 0.38559678
177.07324184 151.99306496 0.37813260
176.84276093 152.40017499 0.37388074
176.62529686 152.82779173 0.37018110
176.41980577 153.27229834 0.36792995
176.23085694 153.73281444 0.36592230
176.06362196 154.20805800 0.36266549
175.91772466 154.69547563 0.35635383
175.79390136 155.19318907 0.34565116
175.69424153 155.69925924 0.32980583
175.62111711 156.21310286 0.31352377
175.57879295 156.73489969 0.30039092
175.56727750 157.26255958 0.29110307
175.57977136 157.79348916 0.28728778
175.60953553 158.32567577 0.28781922
175.65780856 158.85773913 0.28932974
175.72927035 159.38837312 0.28745837
175.82468840 159.91625329 0.28353530
175.94143083 160.44067486 0.27947738
176.07430890 160.96170427 0.27409464
176.22152997 161.47964885 0.26682955
176.38709651 161.99353508 0.26010278
176.57265702 162.50186444 0.25242140
176.77386374 163.00533061 0.24398167
176.98713091 163.50577502 0.23724661
177.21225256 164.00290610 0.23283492
177.45026892 164.49447529 0.23306418
177.69740980 164.98095400 0.23645901
177.94704695 165.46513192 0.23803003
178.19699848 165.94785587 0.23548622
178.45018718 166.42852098 0.22909557
178.71013673 166.90561221 0.22106581
178.97163930 167.38006214 0.21107393
179.22583083 167.85547087 0.19935242
179.46908375 168.33325936 0.18899259
179.70317259 168.81187847 0.17699493
179.92913952 169.28993492 0.16209608
180.14322328 169.76902104 0.14997658
180.33933037 170.25091994 0.14044847
180.51610872 170.73303858 0.13195499
180.67399262 171.21263675 0.12334987
180.80907441 171.69017964 0.11281442
180.91949397 172.16646181 0.10074441
181.00404339 172.64092251 0.08557628
181.05956806 173.11200903 0.06890958
181.08550042 173.57911699 0.05554542
181.08337224 174.04157494 0.04647403
181.05437033 174.49807370 0.03786819
180.99986055 174.94951134 0.02957765
180.91982965 175.39663896 0.02161408
180.81103510 175.83694483 0.01069396
180.67058158 176.26727542 -0.00403255
180.49890990 176.68570086 -0.02185382
180.30119049 177.09422163 -0.04407260
180.08146732 177.49661653 -0.07307075
179.83792007 177.89345253 -0.10541143
179.56483531 178.28123164 -0.13659547
179.25706848 178.65445142 -0.16450389
178.91636252 179.01141987 -0.18808616
178.54924507 179.35459770 -0.21120785
178.16064593 179.68619227 -0.23578344
177.75228676 180.00740745 -0.26068734
177.32340023 180.31716925 -0.28761452
176.87294389 180.61601309 -0.31579124
176.40201225 180.90712161 -0.34229152
175.91183640 181.19371901 -0.36610740
175.40413150 181.48090160 -0.38756081
174.88005781 181.77225344 -0.40825727
174.33803877 182.06746207 -0.42894755
173.77623206 182.36580144 -0.44805392
173.19524164 182.66975055 -0.46586433
172.59587994 182.98250212 -0.48308987
171.97846024 183.30599297 -0.49925782
171.34364661 183.64107002 -0.51526490
170.69164776 183.98762958 -0.53232786
170.02213726 184.34520216 -0.55044359
169.33477266 184.71280432 -0.56830057
168.62978617 185.08909679 -0.58410543
167.90854372 185.47491464 -0.59730486
167.17213151 185.87109952 -0.60954557
166.42126098 186.27682367 -0.62171928
165.65622110 186.69108050 -0.63401837
164.87637822 187.11327880 -0.64651044
164.08122399 187.54348470 -0.65779075
163.27033469 187.98070839 -0.66644630
162.44383045 188.42290092 -0.67563181
161.60236580 188.86872911 -0.68849105
160.74634927 189.31909318 -0.70362031
159.87521268 189.77463768 -0.71723391
158.98823799 190.23598331 -0.72479847
158.08608070 190.70390493 -0.72694912
157.16973219 191.17753560 -0.73234992
156.23994056 191.65585874 -0.74554319
155.29747242 192.13807496 -0.76246408
154.34297489 192.62380090 -0.77933760
153.37754794 193.11256016 -0.79305669
152.40405729 193.60213444 -0.80258648
151.42774057 194.09164277 -0.80987160
150.45227681 194.58195530 -0.81523425
149.47877424 195.07248847 -0.81607079
148.50784045 195.56374678 -0.81362856
147.53912678 196.05605425 -0.81046377
146.57192884 196.54970424 -0.80584498
145.60757832 197.04506330 -0.80256574
144.64640408 197.53781030 -0.80117020
143.68796160 198.02697946 -0.80059502
142.73166073 198.51368181 -0.79936865
141.77613528 198.99486562 -0.79685098
140.82322471 199.46968204 -0.79627285
139.87443095 199.93763537 -0.79963465
138.93018295 200.39834673 -0.80546826
137.99211522 200.85329445 -0.80799776
137.06156227 201.30324400 -0.80546303
136.13911265 201.74751743 -0.79926666
135.22612607 202.18503758 -0.79190755
134.32481389 202.61543471 -0.78716862
133.43698567 203.03835713 -0.78655342
132.56317403 203.45308602 -0.78838553
131.70464254 203.86029910 -0.78897024
130.86301796 204.26013736 -0.78739494
130.03897402 204.65152157 -0.78558424
129.23372581 205.03497647 -0.78333203
128.44869028 205.41088997 -0.77944499
127.68536695 205.77826741 -0.77536958
126.94472956 206.13577779 -0.77313996
126.22755334 206.48354876 -0.77297209
125.53419636 206.82184295 -0.77382195
124.86352745 207.14914127 -0.77369107
124.21552564 207.46469524 -0.77219273
123.59168996 207.76963637 -0.77040679
122.99293247 208.06458283 -0.76891726
122.42056574 208.34950356 -0.76833045
121.87611590 208.62405602 -0.76817643
121.36059881 208.88724852 -0.76712123
120.87513299 209.13962927 -0.76620656
120.42086676 209.38220123 -0.76729646
119.99860026 209.61471951 -0.77044111
119.60816294 209.83689622 -0.77468607
119.24851861 210.04815812 -0.77877219
118.91783522 210.24923629 -0.78254071
118.61338520 210.44152265 -0.78633817
118.33437714 210.62577206 -0.79045806
118.08119491 210.80285510 -0.79482454
117.85124434 210.97213938 -0.79795399
117.64167793 211.13333961 -0.79968435
117.44990632 211.28790997 -0.80195372
117.26940445 211.43894244 -0.80505240
117.09496368 211.58996809 -0.80784129
116.92528002 211.74216042 -0.80972636
116.75964170 211.89588870 -0.81133916
116.59833687 212.05175958 -0.81344419
116.44314718 212.21082465 -0.81460714
116.29519566 212.37387011 -0.81139348
116.15306520 212.53938360 -0.80342729
116.01618122 212.70666829 -0.79609914
115.88327413 212.87891272 -0.79428987
115.74886028 213.06177585 -0.79713423
115.60948576 213.26077402 -0.79938093
115.46507041 213.47887393 -0.79512471
115.31571489 213.71701870 -0.78437482
115.16086536 213.97457560 -0.77263626
115.00210511 214.25194908 -0.76325990
114.84379747 214.55092404 -0.75708356
114.68987295 214.87202629 -0.75246630
114.54607706 215.21655026 -0.74583114
114.41610553 215.58450010 -0.73761470
114.30023483 215.97397315 -0.73168770
114.19968286 216.38407554 -0.73233494
114.11634759 216.81584327 -0.73976300
114.05285786 217.27195560 -0.74937459
114.01307018 217.75430366 -0.75655931
114.00290605 218.26281237 -0.75962488
114.02606163 218.79569100 -0.75811487
114.08169723 219.35134580 -0.75558596
114.16950007 219.92873269 -0.75869948
114.28955911 220.52670287 -0.76893839
114.44271147 221.14436464 -0.78024927
114.63217264 221.78035990 -0.78742723
114.85987755 222.43210300 -0.79255677
115.12561224 223.09721417 -0.79930904
115.42719634 223.77511632 -0.80923665
115.76021113 224.46628030 -0.82054395
116.11969085 225.17139345 -0.83176774
116.50114518 225.89115219 -0.84371256
116.90133392 226.62609743 -0.85675884
117.31653878 227.37697604 -0.87049424
117.74381823 228.14444706 -0.88365238
118.18257546 228.92842460 -0.89504929
118.63239701 229.72850494 -0.90450269
119.09292851 230.54464011 -0.91301316
119.56332601 231.37673748 -0.92263256
120.04258509 232.22437149 -0.93472995
120.52993804 233.08741957 -0.94949407
121.02425468 233.96675053 -0.96462926
121.52525250 234.86389048 -0.97540568
122.03422574 235.78008145 -0.97729795
122.55257166 236.71551441 -0.97135467
123.08152932 237.66799321 -0.96637417
123.62099071 238.63464940 -0.97120252
124.16895853 239.61527352 -0.98580673
124.72398675 240.61123771 -1.00030511
125.28503373 241.62281476 -1.00512780
125.85145589 242.64752122 -0.99883344
126.42340476 243.68201821 -0.98630886
127.00047510 244.72487947 -0.97501855
127.58297240 245.77533983 -0.97354071
128.17125158 246.83330344 -0.98195597
128.76514355 247.89983487 -0.99241259
129.36484818 248.97578603 -0.99866317
129.96926781 250.06189664 -0.99745920
130.57792829 251.15643570 -0.99095949
131.18924794 252.25625663 -0.98402725
131.80290299 253.35870351 -0.98240781
132.41920892 254.46310872 -0.98447828
133.03729352 255.57033866 -0.98198897
133.65737925 256.68085987 -0.97300037
134.27968133 257.79574673 -0.96007184
134.90421331 258.91531422 -0.94796669
135.53119435 260.03815838 -0.94031794
136.16210516 261.16249001 -0.93763292
136.79767619 262.28726216 -0.93854441
137.43735862 263.41249914 -0.93997246
138.08174514 264.53867903 -0.93828129
138.73061712 265.66686713 -0.93026732
139.38315337 266.79766669 -0.91651952
140.03919924 267.93046755 -0.90271297
140.69844015 269.06576144 -0.89278056
141.36080657 270.20468043 -0.88481788
142.02555730 271.34601464 -0.88057703
142.69226312 272.48785111 -0.88329728
143.36071123 273.63056780 -0.88899161
144.03056485 274.77562606 -0.88954361
144.70183334 275.92328088 -0.88397010
145.37516483 277.07320012 -0.87344998
146.04987386 278.22591301 -0.85929793
146.72555814 279.38121005 -0.84634621
147.40083561 280.53884422 -0.83652474
148.07448521 281.69891141 -0.82941837
148.74645534 282.86097850 -0.82316024
149.41617967 284.02420224 -0.81678508
150.08224430 285.18895983 -0.81030344
150.74384639 286.35486314 -0.80318165
151.40081695 287.52017482 -0.80009129
152.05266510 288.68537689 -0.79866002
152.69976620 289.85090438 -0.79072697
153.34171857 291.01645233 -0.77975878
153.97826267 292.18119236 -0.77210452
154.60896367 293.34456985 -0.76783357
155.23493302 294.50565780 -0.76541591
155.85628141 295.66314379 -0.76486182
156.47120903 296.81786170 -0.76415237
157.07930490 297.97032200 -0.76031773
157.68013610 299.12024395 -0.75295317
158.27362354 300.26773540 -0.74419341
158.85954716 301.41122939 -0.73640860
159.43660749 302.54862923 -0.73249479
160.00389423 303.67787994 -0.73029901
160.55964251 304.79701274 -0.72435439
161.10332376 305.90393354 -0.71338050
161.63582035 306.99662615 -0.69950716
162.15653107 308.07345843 -0.68622871
162.66532809 309.13224611 -0.67617820
163.16196661 310.17158982 -0.66990612
163.64649872 311.19199129 -0.66625933
164.12003189 312.19566746 -0.66243875
164.58456830 313.18523774 -0.65608935
165.04126148 314.16224127 -0.64609599
165.48980960 315.12593050 -0.63377769
165.93083927 316.07315911 -0.62166527
166.36537669 317.00204464 -0.60993000
166.79323763 317.91236078 -0.59566810
167.21366374 318.80354975 -0.57784736
167.62757326 319.67435353 -0.55901217
168.03455077 320.52363019 -0.54096120
168.43308924 321.35127123 -0.52318195
168.82387777 322.15692269 -0.50593822
169.20501710 322.94029866 -0.48918364
169.57561666 323.70033660 -0.47285074
169.93641995 324.43608816 -0.45917322
170.28635083 325.14809894 -0.44735486
170.62653991 325.83658717 -0.43472342
170.95767829 326.50173326 -0.41700382
171.27819297 327.14345292 -0.39162577
171.58678109 327.76066370 -0.36641695
171.88310748 328.35219081 -0.34758414
172.16578792 328.91877615 -0.33133181
172.43283983 329.46161105 -0.31367525
172.68301447 329.98251142 -0.29346725
172.91735465 330.48485973 -0.27121658
173.13882299 330.97089918 -0.24820488
173.34814720 331.44175623 -0.22507029
173.54299410 331.90001697 -0.20240200
173.72123699 332.34973478 -0.18056975
173.88180160 332.79471290 -0.15924988
174.02099042 333.23861658 -0.13873396
174.13677199 333.68152931 -0.12027381
174.22712334 334.12292551 -0.10170707
174.28786962 334.56382183 -0.08196380
174.31671279 335.00448225 -0.06424187
174.31222714 335.44429722 -0.05015160
174.27507276 335.88143916 -0.03888837
174.20705008 336.31405758 -0.02929102
174.10919049 336.74301505 -0.02201105
173.97826641 337.16825493 -0.01940224
173.80943441 337.58800617 -0.01965223
173.60276459 338.00177499 -0.01902296
173.36412261 338.40940692 -0.01811714
173.09524579 338.80666383 -0.01807888
172.79067612 339.18594805 -0.01865420
172.44704995 339.54423506 -0.02220608
172.06443937 339.88215314 -0.03152742
171.64596914 340.20019826 -0.04118168
171.19427711 340.49540707 -0.03941328
170.71150872 340.76592041 -0.02246158
170.20321818 341.01555343 -0.00273794
169.67430466 341.24785303 0.00607571
169.12535064 341.46454356 0.00698971
168.55612365 341.66943742 0.00723011
167.96854326 341.86796346 0.00730961
167.36509640 342.06393633 0.00947200
166.74711985 342.25879552 0.01262035
166.11525627 342.45499385 0.00713597
165.46790858 342.65579530 -0.00821378
164.80304344 342.86456878 -0.02072539
164.11953913 343.08239129 -0.02048993
163.41682268 343.30646884 -0.01132014
162.69594652 343.53640366 -0.00264337
161.95811264 343.77380805 0.00276195
161.20492321 344.02091587 0.00685082
160.43740798 344.28019379 0.01068261
159.65618221 344.55423230 0.01455079
158.86251144 344.84557911 0.01900954
158.05694384 345.15428531 0.02534582
157.24072127 345.47972953 0.03071914
156.41550177 345.82372821 0.02952650
155.58177801 346.18796236 0.02491563
154.73852355 346.57197767 0.02296326
153.88467798 346.97329496 0.02369926
153.02039977 347.38970186 0.02184332
152.14576946 347.81879902 0.01501555
151.26045665 348.25717103 0.00341576
150.36455186 348.70387499 -0.01299723
149.45934304 349.16152759 -0.02845365
148.54544314 349.63167416 -0.03998757
147.62367060 350.11387933 -0.04828764
146.69463756 350.60657483 -0.05478255
145.75881709 351.10787906 -0.06189578
144.81830480 351.61763484 -0.06881170
143.87488238 352.13632849 -0.07566177
142.93103577 352.66417562 -0.08384887
141.98765828 353.19907180 -0.09281802
141.04372684 353.74039227 -0.10322387
140.09699515 354.28742960 -0.11401482
139.14661865 354.83874346 -0.12202401
138.19434087 355.39389746 -0.12998473
137.24018171 355.95107943 -0.14342234
136.28612083 356.50969765 -0.16073826
135.33481921 357.07060390 -0.17658924
134.38455576 357.63584831 -0.19290739
133.43350989 358.20160782 -0.20591180
132.48357939 358.76408671 -0.21773563
131.53591089 359.32462271 -0.23466197
130.58821609 359.88244082 -0.25031640
129.64002374 360.43805310 -0.26156353
128.69308987 360.99249548 -0.27086561
127.74902942 361.54627569 -0.28060421
126.80858466 362.09945677 -0.29181924
125.87141959 362.65123099 -0.30520712
124.93744871 363.20139075 -0.31970022
124.00677538 363.75027635 -0.33262892
123.07957772 364.29752670 -0.34224022
122.15688642 364.84219970 -0.34878233
121.24141488 365.38266097 -0.35364963
120.33565212 365.91688144 -0.35944852
119.44135110 366.44294439 -0.36748264
118.55942827 366.95957925 -0.37738759
117.68973015 367.46584702 -0.38738372
116.83139100 367.96173057 -0.39350214
115.98485544 368.44539017 -0.39497599
115.15087551 368.91396241 -0.39411729
114.32978906 369.36732523 -0.39529826
113.51935572 369.80519880 -0.39681781
112.71462702 370.23091161 -0.39669011
111.91114985 370.64850935 -0.39694754
111.10561293 371.05776893 -0.39777401
110.29600499 371.45698388 -0.39929125
109.48106002 371.84326805 -0.40060539
108.66024665 372.21403374 -0.40434696
107.83256704 372.56752370 -0.41211634
106.99774525 372.90494718 -0.42151140
106.15287255 373.22789769 -0.42932146
105.29415143 373.53787867 -0.43313761
104.42185113 373.83918772 -0.43193656
103.53702978 374.13423801 -0.42819357
102.63998254 374.42366842 -0.42553529
101.73198039 374.70975375 -0.42407095
100.81499637 374.99544074 -0.42077902
99.88864542 375.28254222 -0.41450243
98.95182483 375.57256275 -0.40621096
98.00147676 375.86742672 -0.39431709
97.03487823 376.17001263 -0.38524969
96.05527468 376.48146600 -0.38601967
95.06816549 376.80568587 -0.40326263
94.07000792 377.14404917 -0.42751583
93.05666091 377.49585941 -0.43439864
92.03579640 377.86467938 -0.42927117
91.00983242 378.24844955 -0.43157369
89.97452645 378.64200670 -0.44856168
88.92732424 379.04385770 -0.46637848
87.86723370 379.45607032 -0.46943845
86.79820302 379.87953391 -0.46409044
85.72575369 380.31459809 -0.46459627
84.65284436 380.76418772 -0.46895191
83.57527805 381.22945217 -0.46224271
82.48933069 381.70833284 -0.44081553
81.39787856 382.19835828 -0.41437437
80.30559383 382.69750837 -0.39766273
79.21598771 383.20409555 -0.39392925
78.12967835 383.71696348 -0.39239505
77.04698593 384.23597792 -0.38637785
75.96683666 384.76095782 -0.37573153
74.88735899 385.29068660 -0.36265643
73.80754591 385.82241192 -0.35078448
72.72873290 386.35517392 -0.34446533
71.65227577 386.89027796 -0.34191469
70.57603017 387.42752732 -0.33167903
69.49610798 387.96480614 -0.30896202
68.40996400 388.49798948 -0.28400056
67.31731543 389.02316262 -0.26637933
66.21963640 389.54145374 -0.25426355
65.11892273 390.05694185 -0.24095035
64.01655547 390.57194406 -0.22423494
62.91293856 391.08782747 -0.20298570
61.80838387 391.60525248 -0.17863487
60.70327941 392.12227117 -0.15840461
59.59729321 392.63652445 -0.14863626
58.49198948 393.14969278 -0.14680405
57.38865338 393.66440551 -0.14207817
56.28582679 394.18109184 -0.12673543
55.18326918 394.69858055 -0.10485245
54.08242898 395.21509910 -0.08532158
52.98106541 395.72736145 -0.07175755
51.87719380 396.23274487 -0.06408424
50.77289997 396.73315396 -0.05952688
49.66832432 397.22821767 -0.05702312
48.56425505 397.71860146 -0.05423580
47.46218796 398.20686474 -0.04873732
46.36211820 398.69416664 -0.03851321
45.26436910 399.17980535 -0.02101159
44.16937041 399.66181041 -0.00368973
43.07787115 400.13938725 0.00639043
41.99077591 400.61214443 0.01208629
40.90835892 401.08192691 0.01764305
39.83022631 401.55065741 0.02615590
38.75745098 402.01862856 0.03795372
37.69225903 402.48500473 0.04718827
36.63348374 402.94802906 0.05260117
35.57986235 403.40968381 0.06384872
34.52863753 403.87092869 0.08573356
33.47715793 404.32885062 0.10981999
32.42726774 404.78412103 0.12714790
31.37836947 405.23849734 0.14083330
30.33103973 405.69502865 0.16138642
29.28857103 406.15697512 0.18843525
28.25240079 406.62441845 0.21321152
27.22275233 407.09702892 0.23376159
26.19945154 407.57444595 0.25264395
25.18214133 408.05659685 0.27294706
24.16922000 408.54385417 0.29366589
23.15920101 409.03535618 0.31387013
22.15306021 409.53127388 0.33646255
21.15116666 410.03108241 0.35364953
20.15398839 410.53445421 0.36086225
19.16315397 411.04469576 0.36377080
18.17356500 411.55972668 0.36673317
17.18180131 412.07685660 0.37153845
16.19081670 412.59699830 0.37379604
15.20180811 413.12126036 0.37189809
14.21594672 413.65273525 0.36956412
13.23454600 414.19305748 0.36943155
12.25914969 414.74242812 0.36959286
11.28939035 415.30020604 0.36853505
10.32420814 415.86552083 0.36619972
9.36327182 416.43669305 0.36120904
8.40647268 417.01170724 0.35342228
7.45379253 417.58963381 0.34395284
6.50476559 418.17016983 0.33531452
5.56069735 418.75360672 0.32770422
4.62286103 419.33825304 0.31686327
3.69086424 419.92400818 0.30188583
2.76396799 420.51253778 0.28759279
1.84153873 421.10236062 0.27605375
0.92539593 421.69327780 0.26352175
0.01698938 422.28625369 0.25013907
-0.88408548 422.88128089 0.23956051
-1.77627780 423.47763695 0.23078228
-2.65789481 424.07357196 0.21974596
-3.52858908 424.66713119 0.20431354
-4.38692474 425.25702141 0.18592324
-5.22944484 425.84239652 0.16566265
-6.05392492 426.42240895 0.14443269
-6.85918492 426.99665252 0.12503506
-7.64493490 427.56366012 0.10810459
-8.41363645 428.12201079 0.09104489
-9.16889994 428.67337152 0.07305532
-9.91305029 429.22045739 0.05597696
-10.64534594 429.76301346 0.03923391
-11.36394229 430.29596756 0.01929142
-12.06889773 430.81519228 -0.00647638
-12.76144361 431.32246752 -0.03573914
-13.44356584 431.82031050 -0.05513708
-14.11203233 432.30829825 -0.06304617
-14.76385829 432.78192859 -0.07499068
-15.39978740 433.23810302 -0.10011971
-16.01720976 433.68020069 -0.13014443
-16.61421737 434.10949239 -0.15392014
-17.19057140 434.52322454 -0.17317967
-17.74638014 434.92049585 -0.19706628
-18.28084713 435.30436291 -0.22655069
-18.79257569 435.67885908 -0.24805261
-19.28297688 436.04431349 -0.25700652
-19.75501636 436.39842870 -0.26297162
-20.21026579 436.73951016 -0.27350430
-20.65048015 437.06720417 -0.28827196
-21.07869399 437.38135773 -0.30553699
-21.49793170 437.68241019 -0.32465864
-21.91055969 437.97163365 -0.34413390
-22.31805829 438.24977566 -0.36211109
-22.72124643 438.51610052 -0.37790557
-23.12161206 438.76915472 -0.39174878
-23.52064223 439.00825959 -0.40466737
-23.91746147 439.23318132 -0.41912041
-24.31147178 439.44392318 -0.43530907
-24.70381229 439.64188437 -0.45093091
-25.09621505 439.83190706 -0.46547491
-25.49160626 440.01872704 -0.47821643
-25.89317294 440.20366528 -0.48908866
-26.30205435 440.38700688 -0.49917709
-26.71667527 440.56877884 -0.50854686
-27.13575888 440.74907732 -0.51763689
-27.55912777 440.92807290 -0.52676287
-27.98697308 441.10608588 -0.53566783
-28.41931020 441.28399783 -0.54458066
-28.85707915 441.46386500 -0.55380863
-29.30171556 441.64967889 -0.56351546
-29.75217120 441.84508837 -0.57306966
-30.20582676 442.05168168 -0.58147820
-30.66050381 442.26913289 -0.58846602
-31.11575408 442.49554016 -0.59454432
-31.57030553 442.72865525 -0.60038186
-32.02109156 442.96712924 -0.60657074
-32.46812352 443.21012600 -0.61406678
-32.91238838 443.45688691 -0.62287478
-33.35109873 443.70800181 -0.63163280
-33.78106233 443.96358355 -0.63901466
-34.20200468 444.22247679 -0.64538341
-34.61450204 444.48411052 -0.65142918
-35.02064838 444.74874098 -0.65754463
-35.42075235 445.01554844 -0.66400174
-35.81056420 445.28205984 -0.67003343
-36.18723917 445.54438065 -0.67567121
-36.55245346 445.79838981 -0.68224576
-36.90870106 446.04082605 -0.69034887
-37.25603537 446.26944706 -0.69971887
-37.59231607 446.48324311 -0.71123250
-37.91539125 446.68459470 -0.72477557
-38.22625747 446.87888444 -0.73486176
-38.52802524 447.06855898 -0.73819899
-38.82455264 447.25217320 -0.73984268
-39.11742906 447.42776826 -0.74363571
-39.40568763 447.59410996 -0.74885655
-39.68980915 447.74986307 -0.75452748
-39.97035494 447.89386350 -0.76028793
-40.24703362 448.02559914 -0.76647983
-40.52140955 448.14841730 -0.77454968
-40.79701606 448.26676723 -0.78354193
-41.07614320 448.38141893 -0.79103010
-41.35878903 448.49152828 -0.79592448
-41.64538800 448.59585277 -0.79797008
-41.93608213 448.69284201 -0.79767300
-42.23176940 448.78064160 -0.79592348
-42.53539809 448.85775399 -0.79330290
-42.84925229 448.92276542 -0.78979463
-43.17404496 448.97371941 -0.78662717
-43.50919038 449.00988982 -0.78539322
-43.85561193 449.03057695 -0.78669561
-44.21396446 449.03321941 -0.78529685
-44.58541810 449.01480859 -0.77704232
-44.97297310 448.97151703 -0.76456701
-45.37856279 448.90012056 -0.75182202
-45.80216831 448.79890702 -0.74046720
-46.24240219 448.66707966 -0.72815001
-46.69950155 448.50211639 -0.71490854
-47.17476485 448.30016309 -0.70341643
-47.66921432 448.05859141 -0.69535822
-48.18234648 447.77581032 -0.69051409
-48.71234934 447.45136264 -0.68752051
-49.25716322 447.08570171 -0.68592495
-49.81390397 446.68058813 -0.68598652
-50.38045170 446.23743384 -0.68895642
-50.95611316 445.75534333 -0.69583987
-51.53908459 445.23505625 -0.70564497
-52.12796606 444.67859200 -0.71900594
-52.72259706 444.08664537 -0.73523621
-53.32243225 443.45979281 -0.75024970
-53.92719990 442.79809488 -0.75966436
-54.53765193 442.10083157 -0.76634763
-55.15384956 441.36736170 -0.77850071
-55.77524609 440.59948300 -0.79727340
-56.40159430 439.80003695 -0.82051320
-57.03229185 438.97302795 -0.84575092
-57.66668251 438.12644548 -0.86664136
-58.30372168 437.26573672 -0.88059351
-58.94309189 436.39203752 -0.89222665
-59.58528879 435.50572127 -0.90470541
-60.23032905 434.60642350 -0.91643441
-60.87680883 433.69459150 -0.92682116
-61.52329454 432.77103843 -0.93726305
-62.16849111 431.83622122 -0.94811218
-62.81071370 430.89086211 -0.95866100
-63.44931300 429.93663720 -0.96918900
-64.08420183 428.97506809 -0.98072915
-64.71635487 428.00698226 -0.99210039
-65.34695929 427.03288483 -1.00165552
-65.97716326 426.05221668 -1.00865393
-66.60901070 425.06525090 -1.01472765
-67.24308435 424.07364676 -1.02114369
-67.87760288 423.07738506 -1.02927935
-68.50831653 422.07627111 -1.04435782
-69.13218239 421.06900182 -1.06815322
-69.74822281 420.05426939 -1.09184287
-70.35661494 419.03404876 -1.10428841
-70.95861263 418.01067394 -1.10068187
-71.55483333 416.98473594 -1.08866099
-72.14580651 415.95528406 -1.08408094
-72.73170339 414.92067584 -1.09190036
-73.31290164 413.88160300 -1.10660384
-73.88992584 412.83955512 -1.12238754
-74.46324951 411.79418006 -1.13582784
-75.03362620 410.74524469 -1.14794682
-75.60116927 409.69258907 -1.16075573
-76.16517178 408.63744431 -1.17410387
-76.72578016 407.58028091 -1.18854495
-77.28306036 406.52102687 -1.20382761
-77.83731466 405.45986514 -1.21855857
-78.38926034 404.39606665 -1.23163486
-78.93809159 403.33106546 -1.24342461
-79.48254500 402.26611892 -1.25498820
-80.02255293 401.20091340 -1.26607566
-80.55899095 400.13519092 -1.27475222
-81.09129075 399.06902263 -1.28103943
-81.61935517 398.00150542 -1.29010468
-82.14474341 396.93175101 -1.30062543
-82.66835158 395.86026370 -1.30800368
-83.18956178 394.78773785 -1.31497903
-83.70833572 393.71449170 -1.32415899
-84.22536652 392.64059828 -1.33426934
-84.74061759 391.56624165 -1.34286761
-85.25353272 390.49208585 -1.34875971
-85.76352594 389.41847886 -1.35255271
-86.27031587 388.34561891 -1.35634851
-86.77396107 387.27338224 -1.36113401
-87.27490229 386.20042966 -1.36458505
-87.77307947 385.12593895 -1.36587943
-88.26825943 384.04942903 -1.36629413
-88.75969291 382.97177085 -1.36685213
-89.24646526 381.89384690 -1.36753695
-89.72834009 380.81526150 -1.36824570
-90.20531122 379.73567551 -1.36875797
-90.67755099 378.65471230 -1.36867862
-91.14485463 377.57158041 -1.36892216
-91.60700735 376.48605234 -1.37038849
-92.06403377 375.39801417 -1.37289074
-92.51531528 374.30730433 -1.37634752
-92.96041108 373.21395670 -1.38058710
-93.39903245 372.11809686 -1.38442003
-93.83087763 371.02046999 -1.38631062
-94.25558595 369.92114291 -1.38630617
-94.67240318 368.81991348 -1.38646139
-95.08120087 367.71625413 -1.38893961
-95.48197493 366.60988124 -1.39314228
-95.87504026 365.50052719 -1.39666492
-96.26059306 364.38794713 -1.39834660
-96.63855653 363.27189711 -1.39974903
-97.00876783 362.15212638 -1.40376472
-97.37096396 361.02833486 -1.41160329
-97.72551682 359.90020735 -1.42235790
-98.07264564 358.76878322 -1.43325832
-98.41213404 357.63530979 -1.44217113
-98.74410145 356.49993648 -1.44772780
-99.06929171 355.36203565 -1.45036573
-99.38836578 354.21994009 -1.45279919
-99.70080059 353.07287150 -1.45710269
-100.00462726 351.92166711 -1.46417097
-100.29771385 350.76632595 -1.47452950
-100.57889499 349.60705035 -1.48618338
-100.84840748 348.44356905 -1.49597778
-101.10793746 347.27441482 -1.50405555
-101.35854557 346.09973804 -1.51215999
-101.60136788 344.91982038 -1.52045622
-101.83686855 343.73415582 -1.52894430
-102.06330490 342.54386059 -1.53945694
-102.28014489 341.34979223 -1.55282798
-102.48734199 340.15292854 -1.56612435
-102.68562149 338.95347940 -1.57601871
-102.87543618 337.75234166 -1.58096350
-103.05746038 336.54995226 -1.58140785
-103.23238582 335.34566308 -1.58355408
-103.40039800 334.13967790 -1.59162312
-103.56281749 332.93173193 -1.60227516
-103.71968237 331.72249228 -1.61249048
-103.87088999 330.51253655 -1.62185923
-104.01697906 329.30221927 -1.62997763
-104.15899037 328.09165728 -1.63561080
-104.29880960 326.88005318 -1.63744416
-104.43679771 325.66751228 -1.63637635
-104.57205882 324.45454466 -1.63600617
-104.70445085 323.24071665 -1.63982304
-104.83400659 322.02571799 -1.64780160
-104.96063057 320.80939658 -1.65734507
-105.08427825 319.59186736 -1.66602656
-105.20508449 318.37363430 -1.67146741
-105.32279286 317.15595886 -1.67174449
-105.43717694 315.93943728 -1.66820506
-105.54781271 314.72408127 -1.66494343
-105.65423392 313.50993590 -1.66439591
-105.75647116 312.29746591 -1.66554598
-105.85551897 311.08680565 -1.66575891
-105.95205840 309.87840953 -1.66405798
-106.04620827 308.67272250 -1.66052799
-106.13781635 307.46931967 -1.65833197
-106.22678314 306.26695404 -1.66097378
-106.31447642 305.06540938 -1.66576825
-106.40182901 303.86551928 -1.66756957
-106.48849315 302.66752157 -1.66497775
-106.57428425 301.47139792 -1.65992241
-106.65959508 300.27675404 -1.65492093
-106.74513753 299.08258942 -1.65219760
-106.83111545 297.88841268 -1.65223907
-106.91737863 296.69441118 -1.65365218
-107.00317725 295.50085278 -1.65472075
-107.08699727 294.30836453 -1.65318797
-107.16788418 293.11744680 -1.64719481
-107.24593814 291.92779787 -1.63784995
-107.32241744 290.73814631 -1.62866116
-107.39802592 289.54651985 -1.62284031
-107.47241094 288.35165635 -1.62041654
-107.54541488 287.15443510 -1.61940590
-107.61671990 285.95573510 -1.61782813
-107.68570514 284.75518675 -1.61446542
-107.75186311 283.55251232 -1.60984725
-107.81536961 282.34781859 -1.60447629
-107.87599677 281.14166387 -1.59749593
-107.93236822 279.93500793 -1.58828574
-107.98325314 278.72799206 -1.57877358
-108.02829430 277.52032608 -1.57102951
-108.06817788 276.31182289 -1.56512597
-108.10342178 275.10246248 -1.56026567
-108.13414746 273.89220533 -1.55470520
-108.16079815 272.68087106 -1.54901059
-108.18338126 271.46864411 -1.54572545
-108.20196270 270.25663632 -1.54331855
-108.21714451 269.04624854 -1.53807535
-108.22894897 267.83774410 -1.53003914
-108.23700509 266.63047709 -1.52368198
-108.24011394 265.42613218 -1.52027336
-108.23834352 264.22599578 -1.51506085
-108.23073364 263.03014942 -1.50754241
-108.21672533 261.83869090 -1.49890902
-108.19659399 260.65095945 -1.48531691
-108.16943623 259.46546948 -1.46651381
-108.13667930 258.28131869 -1.44721901
-108.10059103 257.10020486 -1.42966329
-108.06205370 255.92406893 -1.41341461
-108.02034296 254.75267219 -1.39555358
-107.97358202 253.58344626 -1.37439451
-107.91999892 252.41410486 -1.35294168
-107.86003313 251.24299522 -1.33346344
-107.79352470 250.07003615 -1.31607099
-107.71996641 248.89582989 -1.29821473
-107.63861785 247.72064847 -1.27762541
-107.54773732 246.54482124 -1.25663625
-107.44806204 245.36809400 -1.23759629
-107.34010857 244.19102477 -1.21973597
-107.22536069 243.01377567 -1.20219476
-107.10534367 241.83543187 -1.18614136
-106.97876306 240.65590572 -1.17356756
-106.84367980 239.47536132 -1.16144922
-106.69870455 238.29310659 -1.14846560
-106.54452726 237.10851684 -1.13794459
-106.38346985 235.92232027 -1.12691082
-106.21598983 234.73586680 -1.10970069
-106.03990472 233.54910799 -1.08799068
-105.85459494 232.36063237 -1.06810578
-105.66035612 231.16956076 -1.05176063
-105.45824587 229.97708537 -1.03805429
-105.25110112 228.78497177 -1.02444458
-105.04018492 227.59394898 -1.00886957
-104.82406835 226.40414923 -0.99404617
-104.60119839 225.21509537 -0.98370516
-104.37159689 224.02645838 -0.97748528
-104.13799641 222.83893426 -0.97231859
-103.90208611 221.65327224 -0.96529714
-103.66404672 220.46897645 -0.95753377
-103.42302050 219.28497797 -0.95235740
-103.17591436 218.10070235 -0.94928471
-102.92215199 216.91630454 -0.94600014
-102.66218779 215.73261031 -0.94054996
-102.39674093 214.55068708 -0.93193972
-102.12688740 213.37022157 -0.92204600
-101.85244356 212.19049617 -0.91403031
-101.57319208 211.01078042 -0.90744108
-101.28788823 209.83063430 -0.90145093
-100.99615261 208.64987971 -0.89812778
-100.70125350 207.46859598 -0.89565919
-100.40459172 206.28673938 -0.89018355
-100.10570996 205.10331914 -0.88065457
-99.80294545 203.91817410 -0.86963588
-99.49323725 202.73145189 -0.86045982
-99.17661286 201.54306780 -0.85184990
-98.85494722 200.35287154 -0.84193037
-98.52989906 199.16015252 -0.83285002
-98.20182867 197.96500543 -0.82646112
-97.87064270 196.76832366 -0.82082397
-97.53630466 195.57030397 -0.81411126
-97.19977308 194.37046725 -0.80850050
-96.86292671 193.16804813 -0.80539704
-96.52469270 191.96298473 -0.80163760
-96.18359261 190.75595668 -0.79402100
-95.84022788 189.54742878 -0.78255339
-95.49538021 188.33716216 -0.77053873
-95.15134029 187.12469722 -0.76257525
-94.80869450 185.91004353 -0.75929544
-94.46491069 184.69354625 -0.75603183
-94.11859532 183.47528935 -0.74955411
-93.76860839 182.25509503 -0.73969722
-93.41452698 181.03295951 -0.72845731
-93.05744573 179.80914592 -0.71755975
-92.69802795 178.58367852 -0.70683904
-92.33749823 177.35677330 -0.69726135
-91.97755465 176.12901808 -0.68856227
-91.61750288 174.89991271 -0.67952619
-91.25617680 173.66887484 -0.67106232
-90.89368699 172.43647836 -0.66031391
-90.53094952 171.20380594 -0.64710197
-90.16872664 169.97084570 -0.63703344
-89.80691314 168.73716537 -0.63273056
-89.44371189 167.50187661 -0.63149527
-89.07551774 166.26381448 -0.62934162
-88.70015719 165.02241867 -0.62377564
-88.31800246 163.77795615 -0.61451368
-87.93285019 162.53225538 -0.60345315
-87.54848748 161.28561337 -0.59442033
-87.16455915 160.03740372 -0.58808228
-86.77950617 158.78791490 -0.58151321
-86.39401678 157.53807642 -0.57581432
-86.00862322 156.28794017 -0.57363596
-85.62262124 155.03703542 -0.57232657
-85.23494949 153.78479339 -0.56825931
-84.84468188 152.53034560 -0.56216271
-84.45312105 151.27406518 -0.55428668
-84.06038601 150.01687569 -0.54289877
-83.66594798 148.75999019 -0.52731386
-83.27079799 147.50426031 -0.50981282
-82.87556195 146.24917406 -0.49414194
-82.48227379 144.99518298 -0.48342711
-82.09249050 143.74412835 -0.47575810
-81.70540336 142.49649566 -0.46709395
-81.32036962 141.25188424 -0.45760726
-80.93748957 140.01003155 -0.44985618
-80.55572331 138.76982665 -0.44571640
-80.17405342 137.53037741 -0.44576215
-79.79202386 136.29210057 -0.44684014
-79.40894800 135.05500104 -0.44596467
-79.02435235 133.81892186 -0.44224731
-78.63890227 132.58436508 -0.43635092
-78.25311811 131.35102936 -0.43111142
-77.86808480 130.11889169 -0.42819671
-77.48441835 128.88800722 -0.42705145
-77.10068087 127.65730574 -0.42492761
-76.71638382 126.42580811 -0.41846980
-76.33193466 125.19328879 -0.40730338
-75.94783071 123.95968702 -0.39462650
-75.56516374 122.72515519 -0.38366447
-75.18453187 121.49036520 -0.37575975
-74.80536423 120.25522559 -0.37026652
-74.42768855 119.01922522 -0.36835464
-74.05126249 117.78234235 -0.37064894
-73.67457860 116.54446275 -0.37300501
-73.29748733 115.30592750 -0.37247903
-72.92026910 114.06706645 -0.36895900
-72.54225672 112.82763329 -0.36297989
-72.16353144 111.58776221 -0.35563968
-71.78450578 110.34766310 -0.34771239
-71.40542443 109.10647251 -0.34156945
-71.02610478 107.86353411 -0.33827595
-70.64586532 106.61916096 -0.33500667
-70.26425004 105.37280910 -0.32900738
-69.88152847 104.12422607 -0.32063268
-69.49790759 102.87527408 -0.31156910
-69.11331511 101.62781710 -0.29986728
-68.72861860 100.38216534 -0.28818374
-68.34418842 99.13643815 -0.28312193
-67.95907404 97.88801417 -0.28402653
-67.57276402 96.63684200 -0.28652222
-67.18480378 95.38477770 -0.28557930
-66.79490679 94.13311954 -0.27984189
-66.40320867 92.88146995 -0.27343596
-66.01005263 91.62886882 -0.27023034
-65.61672049 90.37513813 -0.27164722
-65.22323380 89.12103138 -0.27537663
-64.82840736 87.86772251 -0.27550176
-64.43136233 86.61604541 -0.26746096
-64.03154578 85.36379490 -0.25413988
-63.62985810 84.10940771 -0.24230397
-63.22695112 82.85194001 -0.23535599
-62.82234817 81.59145212 -0.23026700
-62.41621638 80.33012071 -0.22106843
-62.00917967 79.06928277 -0.20871532
-61.60105377 77.80878472 -0.19547610
-61.19107542 76.54731029 -0.18131672
-60.77941606 75.28422178 -0.17004038
-60.36743213 74.01939974 -0.16520438
-59.95517378 72.75396175 -0.16476251
-59.54161803 71.48935848 -0.16196652
-59.12638737 70.22571699 -0.15401817
-58.71012026 68.96192387 -0.14426969
-58.29383644 67.69774964 -0.13476328
-57.87871948 66.43524203 -0.12622165
-57.46570311 65.17500737 -0.11989356
-57.05495556 63.91664400 -0.11456841
-56.64636472 62.66070787 -0.10872690
-56.23998579 61.40642533 -0.10220832
-55.83592365 60.15357747 -0.09499091
-55.43408799 58.90176812 -0.08800351
-55.03469747 57.65015571 -0.08288100
-54.63791468 56.40009331 -0.08025510
-54.24389593 55.15315668 -0.07894532
-53.85240721 53.90901698 -0.07775721
-53.46316826 52.66668786 -0.07657053
-53.07608312 51.42581296 -0.07612615
-52.69117560 50.18651364 -0.07633601
-52.30838608 48.94953400 -0.07609862
-51.92692828 47.71630759 -0.07454384
-51.54639763 46.48700484 -0.07105686
-51.16644090 45.26160143 -0.06537399
-50.78698834 44.04102109 -0.06063541
-50.40865781 42.82407266 -0.06000246
-50.03140470 41.61479603 -0.06182709
-49.65541152 40.41284756 -0.06488548
-49.27955627 39.21366111 -0.06420275
-48.90215772 38.01978866 -0.05576655
-48.52443885 36.83312984 -0.04586559
-48.14799372 35.65480295 -0.03918729
-47.77319467 34.48560414 -0.03383919
-47.40028526 33.32574348 -0.02813064
-47.03012844 32.17587703 -0.02330457
-46.66408382 31.03723945 -0.02057307
-46.30285013 29.91073871 -0.01888574
-45.94684331 28.79697259 -0.01660683
-45.59645313 27.69615023 -0.01261436
-45.25225446 26.60931445 -0.00782746
-44.91407034 25.53747468 -0.00505017
-44.57871438 24.47961276 -0.00614750
-44.24193048 23.43457623 -0.00917979
-43.90156400 22.40193520 -0.01041855
-43.55931734 21.38125668 -0.00794425
-43.21797359 20.37343269 -0.00251790
-42.87967271 19.38009784 0.00372455
-42.54541191 18.40201693 0.01030787
-42.21510893 17.44029118 0.01804542
-41.88967538 16.49602391 0.02599589
-41.56895340 15.56921164 0.03359762
-41.25173140 14.66012835 0.04319169
-40.93781892 13.76886616 0.05544700
-40.62785753 12.89577958 0.06803674
-40.32182067 12.04042546 0.07918041
-40.01795265 11.20192784 0.08883509
-39.71379225 10.38091871 0.09804247
-39.40640482 9.57819904 0.10823804
-39.09283547 8.79424950 0.11994873
-38.77079757 8.02949684 0.13321157
-38.43881317 7.28485109 0.14730798
-38.09607873 6.56209143 0.15998608
-37.74081969 5.86213007 0.16958981
-37.37036504 5.18372757 0.17637472
-36.98194515 4.52729237 0.18189950
-36.57458182 3.89536275 0.18649557
-36.14963193 3.28945691 0.18871744
-35.70732566 2.71061077 0.18838908
-35.24706302 2.15962294 0.18668498
-34.76939795 1.63881338 0.18465430
-34.27452376 1.15109304 0.18289210
-33.76368722 0.69357895 0.17933171
-33.23844165 0.26291391 0.17295539
-32.69834035 -0.13775410 0.16641176
-32.14386956 -0.50516364 0.16012051
-31.57801038 -0.84009007 0.15209816
-31.00293534 -1.14264073 0.14190800
-30.41951373 -1.41156892 0.13078361
-29.82945354 -1.64781275 0.11766031
-29.23402707 -1.85309413 0.10463867
-28.63419120 -2.02727033 0.09479103
-28.03217199 -2.16989067 0.08769522
-27.42978485 -2.28125990 0.08425214
-26.82820187 -2.36419856 0.08280342
-26.22939805 -2.42131033 0.07941154
-25.63451214 -2.45286068 0.07251927
-25.04307593 -2.46101682 0.06371737
-24.45315610 -2.45112886 0.05540747
-23.86264858 -2.42926481 0.05066398
-23.27078090 -2.39938435 0.05100537
-22.67787687 -2.36414255 0.05484961
-22.08469121 -2.32545441 0.06003548
-21.49171311 -2.28494490 0.06553985
-20.89939926 -2.24432927 0.07089685
-20.30842742 -2.20449977 0.07596655
-19.71989622 -2.16560803 0.08061794
-19.13493915 -2.12854579 0.08463512
-18.55449208 -2.09478178 0.08873577
-17.97954834 -2.06606781 0.09338333
-17.41145122 -2.04420248 0.09826982
-16.85213839 -2.02822508 0.10317203
-16.30362267 -2.01589614 0.10783434
-15.76706991 -2.00758667 0.11210851
-15.24309752 -2.00490425 0.11666272
-14.73244917 -2.00742238 0.12237043
-14.23543533 -2.01421337 0.12969211
-13.75275152 -2.02499054 0.13749106
-13.28575397 -2.03830364 0.14429792
-12.83562771 -2.05296469 0.15024217
-12.40321131 -2.07002131 0.15608499
-11.98941801 -2.09125358 0.16207739
-11.59565528 -2.11691509 0.16792342
-11.22343536 -2.14510341 0.17248213
-10.87424374 -2.17406004 0.17591474
-10.54891991 -2.20363985 0.17874696
-10.24749220 -2.23394994 0.18065010
-9.96692784 -2.26516998 0.18227678
-9.69862692 -2.29594763 0.18395035
-9.43568018 -2.32514360 0.18657981
-9.17596733 -2.35180743 0.19050468
-8.91892605 -2.37364134 0.19502846
-8.66603314 -2.38978170 0.19944027
-8.41855103 -2.40048850 0.20317886
-8.17593260 -2.40665509 0.20689358
-7.93703684 -2.40872173 0.21134887
-7.70088781 -2.40555902 0.21645791
-7.46700630 -2.39562232 0.22212166
-7.23484458 -2.37794372 0.22787856
-6.99967393 -2.35330738 0.23213568
-6.75403324 -2.32183168 0.23419524
-6.49450188 -2.28068874 0.23711284
-6.22101103 -2.22718604 0.24167540
-5.93507940 -2.15865997 0.24796764
-5.63746999 -2.07560898 0.25917179
-5.32828307 -1.98130736 0.27394203
-5.00930949 -1.87607952 0.28626222
-4.68283984 -1.75700228 0.29387153
-4.35016144 -1.62126268 0.29905414
-4.01072112 -1.46810785 0.30331075
-3.66387319 -1.29836674 0.30795581
-3.30874353 -1.11284456 0.31047884
-2.94449072 -0.90912787 0.30935287
-2.57144963 -0.68319709 0.30862108
-2.19022897 -0.43189683 0.30981959
-1.80153975 -0.15358102 0.30985146
-1.40451222 0.15033134 0.30917654
-0.99833501 0.47793328 0.31125202
-0.58502430 0.83056458 0.31472778
-0.16762911 1.21103233 0.31626341
0.25073575 1.62212057 0.31406266
0.66761324 2.06634656 0.30768202
1.08209312 2.54453175 0.29896464
1.49505574 3.05480108 0.29036352
1.90724031 3.59478766 0.28477819
2.31786332 4.16379690 0.28273272
2.72577502 4.76097845 0.28112433
3.13100662 5.38510387 0.27935830
3.53399475 6.03571764 0.27796899
3.93524284 6.71145968 0.27731046
4.33478596 7.41094712 0.27803477
4.73245419 8.13323322 0.27815304
5.13175520 8.87473279 0.27550298
5.53825469 9.63043934 0.27189837
5.95343865 10.39916503 0.27088365
6.37483931 11.18298698 0.27321920
6.80121880 11.98094636 0.27448455
7.23325993 12.79134563 0.27320454
7.67097083 13.61423909 0.27162647
8.11350644 14.44893431 0.27353886
8.56122037 15.29237556 0.28028573
9.01229709 16.14382935 0.28729470
9.46479480 17.00481867 0.29268879
9.92066140 17.87454483 0.29758047
10.38059473 18.75400246 0.30187195
10.84292189 19.64565649 0.30789337
11.30751288 20.54972950 0.31640731
11.77542882 21.46558070 0.32391348
12.24608814 22.39322377 0.32891809
12.71845999 23.33162440 0.33001401
13.19289990 24.27876272 0.32610336
13.66927344 25.23396743 0.32160711
14.14832747 26.19647811 0.32196523
14.62990694 27.16581369 0.32725177
15.11233445 28.13981934 0.33343287
15.59512615 29.11557460 0.33299656
16.07611642 30.09653226 0.32487850
16.55666263 31.08518796 0.31625688
17.03904497 32.07985692 0.31315708
17.52288197 33.07916645 0.31616145
18.00835946 34.08112565 0.31979071
18.49637761 35.08483553 0.32111341
18.98762521 36.09170790 0.32332143
19.48019234 37.10259550 0.32513660
19.97432282 38.11536754 0.32514375
20.47057986 39.12954620 0.32199689
20.96935815 40.14526977 0.31796912
21.47344019 41.16085764 0.31839937
21.98189238 42.17749429 0.32180554
22.49232490 43.19617677 0.32452818
23.00598187 44.21615529 0.32375245
23.52391442 45.23604624 0.32434181
24.04612246 46.25769660 0.33168394
24.57238917 47.28225888 0.34184710
25.10133792 48.30925151 0.34921884
25.63220346 49.33920335 0.35308706
26.16660084 50.37199712 0.35568796
26.70613616 51.40645581 0.36036122
27.24885401 52.44380503 0.36338413
27.79231362 53.48518206 0.35836013
28.33698020 54.52824076 0.34726951
28.88539586 55.57440027 0.33812384
29.43780634 56.62461239 0.33818517
29.99275909 57.67617379 0.34640880
30.55016064 58.72806230 0.35798922
31.10932948 59.78012411 0.37064331
31.66904953 60.83218767 0.38170892
32.22884260 61.88547362 0.39081349
32.78877077 62.94044333 0.39965180
33.34651475 63.99622206 0.40649281
33.90045295 65.05166871 0.40782380
34.45211802 66.10638795 0.40664665
35.00246873 67.16004743 0.41509194
35.55150432 68.21082781 0.43362897
36.09812833 69.25828725 0.45154688
36.64281511 70.30574642 0.46935230
37.18636638 71.35270730 0.49325701
37.72628528 72.39838519 0.51767868
38.26058579 73.44340893 0.53501986
38.79056172 74.48653552 0.54617556
39.31622557 75.52856098 0.55260297
39.83637031 76.56939777 0.55502965
40.35152914 77.60831786 0.55393868
40.86331679 78.64439793 0.55573198
41.37303741 79.67636579 0.56579213
41.88156471 80.70603526 0.57820710
42.38931953 81.73335827 0.58733346
42.89613055 82.75577412 0.59216964
43.40214130 83.77488268 0.59223323
43.90812291 84.79301465 0.59019392
44.41415890 85.81032725 0.58978875
44.92040928 86.82665597 0.59315217
45.42791732 87.84238028 0.60079485
45.93655873 88.85771356 0.61190923
