-0.00001379 0.00001510 0.00000099
0.40493256 0.28310702 0.02389164
0.86131523 0.58281182 0.03347839
1.31233762 0.93321078 0.04091337
1.77775264 1.30816974 0.04694031
2.22763052 1.70731815 0.05502387
2.70839479 2.16383953 0.05544044
3.18391240 2.63452808 0.05551244
3.66436687 3.14418514 0.05169103
4.19272790 3.71318329 0.04603172
4.69421894 4.28383931 0.03697303
5.16396791 4.87058413 0.02511553
5.63129107 5.49872787 0.01039621
6.12301371 6.14887357 0.00406216
6.59268829 6.82001947 -0.01078967
7.06443055 7.51906260 -0.01246959
7.52422400 8.22702809 -0.02463143
8.00421209 9.00080322 -0.03677407
8.46741526 9.75991012 -0.04048452
8.93600527 10.55931961 -0.04504559
9.40778745 11.39434169 -0.04610686
9.86093213 12.21175343 -0.04427954
10.30475750 13.05520939 -0.04363236
10.73594787 13.89838251 -0.04376642
11.17250875 14.76337468 -0.04185195
11.60331559 15.63172448 -0.03633198
12.02490583 16.52733018 -0.02876495
12.44911062 17.42482353 -0.01608045
12.88029709 18.36057442 -0.01234860
13.30232570 19.28783351 -0.01470306
13.71682461 20.20440572 -0.01630841
14.11483904 21.13500544 -0.02235928
14.53140196 22.04858904 -0.02360818
14.95290723 22.97934104 -0.02223266
15.36734311 23.90413321 -0.00872434
15.77559291 24.85375240 -0.00144439
16.18923657 25.77729878 0.00573083
16.59616102 26.72547973 0.00909234
16.99594562 27.66122795 0.01378921
17.40691372 28.63578953 0.02236888
17.80567136 29.57546300 0.04239556
18.21507881 30.56217878 0.04914653
18.62085190 31.52728838 0.05635876
19.03742519 32.51857069 0.07576750
19.43943508 33.49885706 0.09741584
19.86004097 34.48860752 0.09112751
20.29219241 35.48562168 0.08561491
20.70354083 36.43860930 0.08512927
21.10342495 37.42578377 0.07308961
21.49594521 38.37872092 0.07498113
21.88343733 39.30756695 0.08664499
22.27462278 40.26942215 0.10405771
22.66828125 41.21319919 0.11666645
23.05531683 42.13286011 0.11990621
23.44585006 43.05527430 0.12880528
23.82917403 43.97054177 0.13630050
24.22769971 44.88732037 0.15428119
24.61352488 45.78415596 0.16402023
25.00703930 46.68650929 0.17441922
25.40698121 47.60719809 0.18672393
25.79299233 48.51381585 0.20076844
26.20216315 49.42521910 0.21189408
26.60218083 50.32505532 0.22622223
26.99634193 51.26057304 0.22299924
27.38750183 52.16437216 0.22272599
27.78391898 53.06807079 0.20945655
28.16621113 53.94636345 0.20547627
28.54299999 54.80877297 0.19912622
28.92160274 55.65819113 0.21408067
29.28620619 56.47017969 0.22141005
29.64839940 57.29025144 0.22685588
30.01890960 58.08809773 0.22989091
30.35899053 58.86988852 0.23295163
30.70173825 59.62946957 0.23998280
31.04767002 60.38504354 0.24747042
31.38952933 61.13381735 0.25497570
31.71930142 61.89073010 0.25880317
32.05328920 62.63720368 0.26550739
32.36451139 63.33973449 0.26212332
32.67318961 64.02813282 0.25177958
32.97923110 64.68870762 0.25029787
33.27875271 65.36282339 0.25164178
33.56719073 66.00662703 0.25748289
33.85201513 66.62093772 0.27815312
34.12960795 67.22209224 0.28199222
34.40364253 67.78922123 0.29114059
34.65960578 68.35116064 0.30065815
34.90831135 68.88392501 0.30782591
35.14885434 69.41612511 0.31508861
35.39155917 69.93335956 0.32249517
35.63520283 70.42555652 0.33924775
35.87891533 70.91156123 0.35768772
36.11168696 71.38182024 0.36881263
36.33416777 71.82815903 0.37328318
36.56966528 72.26235044 0.36206978
36.81452523 72.69358942 0.35861526
37.06286308 73.10609413 0.36349745
37.30792978 73.50793328 0.37448543
37.56601984 73.90054341 0.37797928
37.82004041 74.27322882 0.37901027
38.09082414 74.60953218 0.37691814
38.37103972 74.95275853 0.37702223
38.67709870 75.27949654 0.37188307
38.96673488 75.58051090 0.37018770
39.27243144 75.86903594 0.36866500
39.59271048 76.12346641 0.36514560
39.92207132 76.37615442 0.34658804
40.27604408 76.60048693 0.33998523
40.63571464 76.78269438 0.33973406
41.01111159 76.95874261 0.33731299
41.38243465 77.11273300 0.33392775
41.76345040 77.22415557 0.32862346
42.15170117 77.30951477 0.32278876
42.54370710 77.36811790 0.31693867
42.92702400 77.42308715 0.31123565
43.31031385 77.45977616 0.30562177
43.69694694 77.46163077 0.29593472
44.09179825 77.44285349 0.28049969
44.48289084 77.38176441 0.28084046
44.85410595 77.30535032 0.28211559
45.24686817 77.25119062 0.28363129
45.62698837 77.18463874 0.27736053
46.02224715 77.09933605 0.26628320
46.40761872 76.97469618 0.25317087
46.81250489 76.84507746 0.24642266
47.20076285 76.68720216 0.22722011
47.63023586 76.54345923 0.20715848
48.04217630 76.37562942 0.20419271
48.48975240 76.19436577 0.20752018
48.93693837 76.00439401 0.21626414
49.40901378 75.79779436 0.21142247
49.89667465 75.57080020 0.20594235
50.35516618 75.33684496 0.20481205
50.82948703 75.09677859 0.19443485
51.33120692 74.83542464 0.18752392
51.83857937 74.59346945 0.17759560
52.35017866 74.32240076 0.17042611
52.90911440 74.02637902 0.16388734
53.43863992 73.73114400 0.16117826
53.99356187 73.43304524 0.15808321
54.55222312 73.11639116 0.16078692
55.11789769 72.79489672 0.15783420
55.71698644 72.45769802 0.16351977
56.33371687 72.09529975 0.16311185
56.97536117 71.74411219 0.16407362
57.62245229 71.38467809 0.16544247
58.29215613 71.01549800 0.16476829
58.97397921 70.64659744 0.16058012
59.68422062 70.26950911 0.16186184
60.43077071 69.89774902 0.16191596
61.14294586 69.53141371 0.15416534
61.86082071 69.15649878 0.15289151
62.58301441 68.78614876 0.14673480
63.30342929 68.40848999 0.14112796
64.03286546 68.04811174 0.14312393
64.76075578 67.68413105 0.15478433
65.48708629 67.31041592 0.17154245
66.22584711 66.93580141 0.18622026
66.93143259 66.57370151 0.19936465
67.65824517 66.20471097 0.21250024
68.37975436 65.83256292 0.21906675
69.08405847 65.46723838 0.22907667
69.79370695 65.10475586 0.23668044
70.49107761 64.73300621 0.24623268
71.20443937 64.35341972 0.25638532
71.90618951 63.98162082 0.26466827
72.59818579 63.58242226 0.26862168
73.28322762 63.18513847 0.26927944
73.95142782 62.79667611 0.26741609
74.62830333 62.39296974 0.27209801
75.30811616 61.98323148 0.27083073
75.96835090 61.58189995 0.26980466
76.62613436 61.16710179 0.26477997
77.26654195 60.73397058 0.26767344
77.90878329 60.30984349 0.26017214
78.52365186 59.88323345 0.25737393
79.15350027 59.44499771 0.26172231
79.78950418 58.99737068 0.25817577
80.40558370 58.55737928 0.26390359
81.00817203 58.11241953 0.26999070
81.60091400 57.68358821 0.27468728
82.16624278 57.26064671 0.28464169
82.72583457 56.83471756 0.28163928
83.27647928 56.41898820 0.28645461
83.80641640 56.02120126 0.28404807
84.33669340 55.61244521 0.28655698
84.85557001 55.21511669 0.28993397
85.36651860 54.82466771 0.29168900
85.86890755 54.45339976 0.29713767
86.32642358 54.10992248 0.29648902
86.78595664 53.78098891 0.29922226
87.22931100 53.46590457 0.29828204
87.67019961 53.16767796 0.31189059
88.12035096 52.87039360 0.31856289
88.57213571 52.58877497 0.32075238
89.01740280 52.32590122 0.32349832
89.46407909 52.07429363 0.32625062
89.92027230 51.85288262 0.34089115
90.38804712 51.64034688 0.35121177
90.84483217 51.45801228 0.35743346
91.30645493 51.28672003 0.36502497
91.76325987 51.15454305 0.36152301
92.21822354 51.04506273 0.37237048
92.67215091 50.96078195 0.37720396
93.12898974 50.91792350 0.37647105
93.57893593 50.90602544 0.37723264
94.01199596 50.93222018 0.37683918
94.47551805 50.97450522 0.39588895
94.88812984 51.04169093 0.40176451
95.30247548 51.14857697 0.42175398
95.70743538 51.28325190 0.44034215
96.11355847 51.45669178 0.45263605
96.51672151 51.64927682 0.46163727
96.91024183 51.87298824 0.47226966
97.29112067 52.13130514 0.47996184
97.66471185 52.40982262 0.48649508
98.02728519 52.71395081 0.47986390
98.38251093 53.01974209 0.46259881
98.74185293 53.35067021 0.45946643
99.09062575 53.68088770 0.45772100
99.44168011 54.02903143 0.45898251
99.79403441 54.40600155 0.44803875
100.15419646 54.80560067 0.44508383
100.51275125 55.19133067 0.43123671
100.88734949 55.60733937 0.43452323
101.26554738 56.02260461 0.42481248
101.67192707 56.44690755 0.41693113
102.08216704 56.87504141 0.41132198
102.49054156 57.31590348 0.41353406
102.91340089 57.76576371 0.41271010
103.36041995 58.22398931 0.42485910
103.81831916 58.69307658 0.43115581
104.29086275 59.15763456 0.43748527
104.76359873 59.62425692 0.43624387
105.24558100 60.09046727 0.43743455
105.71927278 60.55603264 0.43803196
106.20896310 61.03478109 0.42986628
106.71690801 61.52893853 0.42159146
107.21939267 62.01960423 0.41598563
107.73803163 62.52470564 0.42776175
108.25678391 63.04420842 0.43969049
108.76990082 63.56266686 0.44094662
109.29165605 64.10806782 0.43465079
109.82226070 64.65305619 0.41785314
110.36711530 65.21256493 0.40521630
110.92288027 65.78877083 0.40659018
111.47450150 66.36745557 0.40784548
112.03707454 66.96350746 0.41348096
112.60343949 67.56252945 0.40276458
113.18098970 68.18744861 0.39599282
113.74615140 68.80706395 0.39426358
114.32189888 69.42633168 0.38786500
114.88722233 70.04429273 0.38276634
115.45851550 70.65496959 0.38322131
116.04358384 71.31002555 0.37546822
116.63539171 71.96415231 0.37405504
117.22984547 72.58050078 0.37597706
117.81900572 73.20127460 0.36504312
118.41610520 73.80862608 0.36761298
119.01656625 74.41751876 0.37187620
119.61391407 75.03078379 0.37811455
120.19957374 75.63631597 0.38735375
120.79726272 76.24725333 0.39524702
121.39202756 76.85717744 0.39788806
121.99520206 77.46231282 0.38720927
122.59383785 78.05447120 0.37234419
123.20565380 78.64849249 0.37319120
123.80547104 79.25904595 0.38718578
124.40737881 79.86006420 0.41422597
125.00853742 80.46955943 0.43948673
125.58952368 81.06333633 0.42799781
126.16751032 81.66128399 0.40561575
126.74552800 82.24510021 0.37765775
127.33189815 82.83093609 0.38237010
127.90936757 83.42718086 0.39622058
128.48279702 84.01433103 0.39957347
129.05294204 84.60318588 0.40417615
129.60115793 85.19002628 0.41507211
130.14688325 85.77019404 0.41229057
130.70209322 86.36454567 0.41579435
131.26263269 86.95720219 0.42238535
131.81620586 87.54036891 0.42280048
132.36302291 88.12450492 0.42207103
132.91814371 88.70838415 0.41614232
133.45756271 89.29928137 0.41917678
134.00097239 89.90416342 0.41910716
134.54825252 90.51267085 0.42629908
135.08876885 91.12672223 0.43445994
135.62325953 91.75197338 0.42422759
136.16243398 92.38702996 0.39951271
136.70998262 93.01075839 0.37427412
137.24498026 93.63010423 0.35227808
137.77854154 94.25228359 0.32860008
138.28401719 94.87899358 0.33145501
138.78368086 95.51474319 0.32708488
139.26984917 96.13445992 0.32154735
139.77297852 96.77869636 0.32095123
140.27820598 97.42748711 0.33018428
140.77135405 98.07499025 0.34383971
141.25373860 98.75220492 0.35129231
141.74162945 99.41599385 0.34465286
142.22553095 100.08185037 0.34700571
142.69754544 100.75386313 0.34357061
143.17524848 101.45402598 0.33758610
143.64392058 102.13937952 0.32529460
144.10695431 102.81855562 0.31018651
144.56843494 103.49792008 0.31203470
145.03616127 104.20537247 0.31427994
145.50467085 104.92200480 0.32032665
145.96039454 105.60885556 0.30376833
146.42362548 106.29362051 0.28856645
146.88526020 106.98070563 0.27255042
147.32476697 107.67363748 0.26154073
147.76639946 108.37790256 0.26124995
148.21610008 109.08446887 0.26343275
148.65630791 109.78211073 0.25179856
149.08045082 110.47010634 0.24875539
149.50654898 111.17691192 0.23438164
149.92993573 111.88525313 0.20739951
150.36282442 112.60771218 0.19920992
150.78338150 113.34993780 0.20685659
151.19124964 114.10944790 0.21180161
151.58775806 114.82983705 0.21634791
151.97988971 115.57696374 0.20651911
152.37170616 116.31426979 0.19331260
152.74559929 117.04605558 0.17323892
153.13026128 117.79536702 0.15713048
153.53590714 118.53610429 0.15469073
153.92463065 119.29988793 0.16404340
154.31171560 120.05105331 0.16106094
154.70123069 120.80920343 0.14407600
155.09310117 121.56364405 0.12189246
155.48448632 122.29959181 0.10027495
155.87737099 123.03387665 0.08933254
156.26745502 123.78653157 0.09499086
156.64240680 124.52702068 0.10682951
157.02586694 125.25954184 0.10882903
157.41429406 125.99867505 0.10362226
157.77576478 126.69527618 0.09368771
158.13760167 127.41497224 0.08204924
158.48984500 128.13548038 0.08301012
158.84849461 128.85808028 0.08630110
159.22207222 129.58656641 0.08556030
159.56154503 130.28214944 0.08077129
159.94151760 131.00700263 0.06333211
160.29262050 131.71935478 0.05297647
160.64160567 132.44906747 0.04291661
161.00470631 133.18546862 0.02937981
161.36638580 133.91528912 0.03219483
161.71296862 134.60466399 0.01562914
162.05284504 135.26926241 -0.00414825
162.37398828 135.89591821 -0.02352281
162.69726190 136.54609443 -0.02911096
163.00818721 137.18020818 -0.03777967
163.31383866 137.79793153 -0.04007228
163.61588353 138.39661824 -0.04802673
163.90859469 138.98645625 -0.04326557
164.20157083 139.58343190 -0.04182133
164.49318742 140.16898817 -0.03254611
164.79843104 140.74335529 -0.04068908
165.09816088 141.33386183 -0.04107140
165.39921702 141.89850380 -0.04784522
165.69239646 142.45244782 -0.05321049
165.99663841 142.98985316 -0.04725978
166.30941175 143.55276137 -0.03310409
166.63185511 144.11753566 -0.01605827
166.95125336 144.65972832 0.00198137
167.26758470 145.19460185 0.00864549
167.59439954 145.76098869 0.01054479
167.91828976 146.30628598 0.01430776
168.23793265 146.86577253 0.01930289
168.56103178 147.41704919 0.03285483
168.87390045 147.95107875 0.03452602
169.19155883 148.50792739 0.02737394
169.51206292 149.05466092 0.02097033
169.82285199 149.59767817 0.02032124
170.14304504 150.12579746 0.03366751
170.45431036 150.70006797 0.04100166
170.78856798 151.27557511 0.05623235
171.11728193 151.84029751 0.07005696
171.43802878 152.40430352 0.07585789
171.74880904 152.98384897 0.06870161
172.06090234 153.56342630 0.04751366
172.39213014 154.13972253 0.03385216
172.72997743 154.74135553 0.03224682
173.05661199 155.34360911 0.04154355
173.38337348 155.94005569 0.04749160
173.69314698 156.52686279 0.04140011
174.01634702 157.12318181 0.02556661
174.35801404 157.72930491 0.01905369
174.68975565 158.33370300 0.01428599
175.01400736 158.92823055 0.01178012
175.34830812 159.52942199 0.01140835
175.66734975 160.10965360 0.00830403
175.97200817 160.66984547 -0.00790362
176.29016118 161.25453448 -0.01127960
176.58872859 161.82160035 -0.02048340
176.89412672 162.40390308 -0.02207288
177.19294136 162.98140641 -0.01747957
177.49086328 163.52678762 -0.00904635
177.78640559 164.07613856 -0.00023081
178.05802941 164.60621117 0.00197697
178.32052610 165.13668833 -0.00560892
178.58932467 165.62371543 -0.00398466
178.85099647 166.11655827 -0.00688627
179.09464342 166.59049273 -0.00662471
179.32113465 167.04978638 -0.01380690
179.54195770 167.53204473 -0.01603559
179.74950361 167.97897736 -0.01869288
179.93994798 168.43432891 -0.01640916
180.12438394 168.86378894 -0.01411513
180.30185366 169.31231799 -0.00749918
180.46606914 169.76860283 -0.00442024
180.58820573 170.20559113 -0.01282688
180.69833113 170.63665380 -0.01679235
180.79483422 171.08308606 -0.01893027
180.86888825 171.51673419 -0.01551247
180.91004847 171.94854544 -0.00725643
180.92451808 172.36313954 -0.00733090
180.93182125 172.76819758 -0.00528940
180.91719922 173.17823016 -0.00309747
180.89820325 173.60193835 -0.00309066
180.83067502 174.00260101 0.00059877
180.74344802 174.41410919 0.01392075
180.62687326 174.77597758 0.00979167
180.48948261 175.12127730 0.00026327
180.33700948 175.43767488 -0.00383376
180.18050625 175.76398488 -0.00518821
180.02091373 176.07258791 -0.01625909
179.83893467 176.37610508 -0.03551855
179.61504681 176.68018744 -0.04502930
179.36161795 176.98306068 -0.06210035
179.08849165 177.29623313 -0.07310158
178.77913232 177.61093373 -0.08188889
178.45435559 177.87573853 -0.08857945
178.09842942 178.17454553 -0.09403046
177.71246136 178.47761062 -0.10391478
177.30711941 178.75877989 -0.12257457
176.87409110 179.03284586 -0.13232457
176.43988321 179.29874286 -0.14442389
175.98966652 179.54392871 -0.15756608
175.51966709 179.79917121 -0.17848430
175.01741785 180.05394299 -0.18877004
174.49066524 180.31326560 -0.19811158
173.98536156 180.55568685 -0.20385404
173.44431078 180.82793229 -0.21234109
172.88258212 181.09125615 -0.22240966
172.31199071 181.37177089 -0.23089489
171.71270303 181.65537985 -0.24014503
171.09910555 181.97961645 -0.24050193
170.46929754 182.30426851 -0.24428126
169.81308527 182.62894510 -0.24917226
169.16090162 182.94221907 -0.24788177
168.47621137 183.28320870 -0.25720912
167.75972090 183.66561835 -0.26366391
167.02141609 184.07690865 -0.27916571
166.27567828 184.47652513 -0.28169229
165.50041730 184.92685932 -0.29021466
164.74158902 185.35411415 -0.29592617
163.95568075 185.82264071 -0.30843103
163.19556009 186.23834004 -0.31460591
162.42916687 186.64620299 -0.30592523
161.64787261 187.07031528 -0.30791874
160.85983790 187.49250206 -0.31961750
160.07806845 187.90594469 -0.33125001
159.27492071 188.33946405 -0.32953164
158.45682429 188.77033802 -0.33003634
157.66315394 189.18963717 -0.33277655
156.86338264 189.63824409 -0.33494384
156.06620780 190.04325144 -0.34696722
155.27268924 190.43434504 -0.36029424
154.48245419 190.83656960 -0.37322750
153.67751020 191.23686553 -0.37999949
152.88914243 191.62573454 -0.38321009
152.08624218 192.02445799 -0.39178838
151.28583334 192.40359066 -0.39859525
150.48686624 192.79683223 -0.40123513
149.71629389 193.17234281 -0.39841959
148.94453571 193.55993340 -0.39340653
148.20453506 193.92886399 -0.39446906
147.43477028 194.31905621 -0.38763732
146.66272889 194.72604890 -0.38353599
145.89623896 195.13192096 -0.37820016
145.15689703 195.51448338 -0.37812148
144.40184928 195.89112790 -0.38863675
143.65989457 196.27315959 -0.39149789
142.91124499 196.65915691 -0.38607474
142.15629197 197.03950860 -0.38299612
141.40671764 197.41613585 -0.38840646
140.66377630 197.78702795 -0.38742807
139.93093579 198.15106219 -0.38650464
139.20520615 198.50603820 -0.39652521
138.49031562 198.85368676 -0.39614377
137.76884194 199.21054407 -0.39489247
137.03720272 199.56584747 -0.38898921
136.31606778 199.89889767 -0.39081470
135.58963872 200.24980353 -0.38832270
134.86221674 200.57863215 -0.37448118
134.14914655 200.89091055 -0.38424186
133.43617973 201.21458987 -0.39055608
132.72420051 201.52862284 -0.40000540
132.01095366 201.85933977 -0.40527936
131.30833661 202.17943439 -0.41112065
130.63657233 202.49181591 -0.41203186
129.97747415 202.79811797 -0.41677790
129.32455343 203.09157839 -0.41989627
128.69586931 203.39046327 -0.42219941
128.07815852 203.67880358 -0.42187099
127.46503617 203.97020311 -0.42443417
126.87763140 204.24784788 -0.42690216
126.28845885 204.52192068 -0.42965068
125.71680468 204.79406866 -0.43524954
125.16012834 205.06257881 -0.43694742
124.62633053 205.31708161 -0.43539201
124.10553712 205.56835790 -0.42863851
123.59337013 205.82245613 -0.42655643
123.11165954 206.05507071 -0.42690275
122.64191790 206.30122165 -0.43004655
122.19045113 206.53054944 -0.43493392
121.75489313 206.75469484 -0.43001380
121.32650283 206.97852214 -0.42586124
120.91765244 207.19114513 -0.42306135
120.53090024 207.39847016 -0.41794111
120.15207866 207.60885149 -0.42040590
119.78588547 207.80744761 -0.41959388
119.43897552 208.00617072 -0.42062348
119.12254484 208.19714708 -0.41741407
118.83533515 208.38560414 -0.41682834
118.54010507 208.57288343 -0.41249929
118.29128248 208.72364415 -0.41316307
118.05040832 208.87222059 -0.41659590
117.82977090 209.00851272 -0.41847933
117.64263780 209.13331688 -0.42312802
117.45091726 209.25136717 -0.42519808
117.27954251 209.34763563 -0.42177891
117.14987677 209.42129305 -0.42258980
117.02941704 209.48522315 -0.42319314
116.94895139 209.51482157 -0.41948810
116.90299446 209.54403483 -0.41993201
116.86510672 209.56314889 -0.41704847
116.82687027 209.58470021 -0.41779451
116.78114142 209.61164544 -0.42066774
116.75015862 209.61988783 -0.42190384
116.72173993 209.62770579 -0.42105008
116.70432846 209.63627180 -0.42190288
116.69333644 209.63597158 -0.42871940
116.68964682 209.62634682 -0.43387689
116.68735318 209.62139571 -0.43272802
116.67953788 209.62774670 -0.43486393
116.67082941 209.63485862 -0.43903575
116.66285142 209.63556549 -0.44142275
116.65119845 209.63609235 -0.44403269
116.63050392 209.63840901 -0.44520700
116.61301419 209.64826437 -0.44677503
116.58777153 209.66220327 -0.44953865
116.56255233 209.67602853 -0.45026923
116.52495529 209.68604964 -0.45640909
116.49628919 209.70294182 -0.46224486
116.46823608 209.71813190 -0.46750215
116.44101329 209.73649129 -0.47594710
116.38715330 209.77274791 -0.47818425
116.32121114 209.79464091 -0.48075185
116.23733162 209.84602803 -0.47895572
116.14755848 209.90795764 -0.46729689
116.03580705 209.97742685 -0.46307348
115.91003213 210.06223541 -0.45372029
115.77689042 210.15499157 -0.45316720
115.60778992 210.26427528 -0.44683697
115.43185153 210.38292767 -0.44688558
115.23835004 210.51657190 -0.44376617
115.04537509 210.66886273 -0.43210977
114.82728374 210.83378142 -0.42442976
114.60810790 210.99692795 -0.42036625
114.39857344 211.19629406 -0.41394315
114.18507128 211.39929668 -0.40714147
113.96659990 211.61836762 -0.40013875
113.74697469 211.83441892 -0.38907011
113.52936780 212.07215714 -0.37519423
113.31033471 212.34129594 -0.35992920
113.08779451 212.59836481 -0.35188881
112.85581677 212.88335250 -0.34484648
112.67073954 213.19042068 -0.34364402
112.50323966 213.50591904 -0.34161811
112.34429625 213.83606871 -0.33759810
112.18511635 214.19465957 -0.33676966
112.04808207 214.56959953 -0.34435898
111.93406104 214.98092613 -0.35730145
111.84849709 215.40788515 -0.36128561
111.78331296 215.86288030 -0.36511710
111.73374946 216.35030746 -0.36032602
111.72749679 216.86257653 -0.35374378
111.75193662 217.39593596 -0.35229106
111.80902748 217.88944959 -0.35385347
111.89871965 218.43661277 -0.36363588
112.00791124 218.98344740 -0.36663596
112.15382686 219.54058221 -0.36949600
112.33644850 220.10988620 -0.36941763
112.53865189 220.71591105 -0.37429235
112.77517827 221.32013402 -0.38175272
113.03584182 221.90962304 -0.38985773
113.30747731 222.49026408 -0.39343747
113.59638817 223.08761927 -0.39802833
113.90273247 223.68689007 -0.40845373
114.22853861 224.29868590 -0.41453319
114.55685332 224.90698249 -0.42344590
114.89934916 225.55229513 -0.43640999
115.25552966 226.21210042 -0.44548080
115.61641745 226.85576087 -0.45462768
115.98956806 227.52460143 -0.45774485
116.36923410 228.20491447 -0.46402245
116.75132883 228.88917121 -0.47780892
117.15005904 229.59683824 -0.48399746
117.55240159 230.29476486 -0.49614476
117.94683238 231.00406602 -0.51160854
118.35935386 231.75494091 -0.52450291
118.77421981 232.55112625 -0.53723180
119.19592894 233.31618480 -0.53846588
119.63602372 234.09017057 -0.53248361
120.07625639 234.86512374 -0.53598641
120.52965500 235.65130965 -0.54582675
120.98169596 236.44242880 -0.57124150
121.43429566 237.25443108 -0.59826200
121.88740031 238.06043886 -0.61433433
122.34852853 238.89648953 -0.61957302
122.81284492 239.77275169 -0.61564412
123.28738381 240.65479365 -0.61061847
123.77643685 241.53212475 -0.60737760
124.25950847 242.41231381 -0.60841258
124.75023108 243.28743422 -0.62212850
125.25160484 244.19457314 -0.63893472
125.76020257 245.11123053 -0.64983920
126.27750681 246.02163933 -0.65610640
126.79561576 246.95091058 -0.65944480
127.31456145 247.89630191 -0.65569188
127.83039923 248.86856286 -0.64751511
128.34229470 249.80387639 -0.64987842
128.85940555 250.73013801 -0.65368721
129.37756317 251.67809365 -0.65296732
129.88406546 252.61863403 -0.63715520
130.39200238 253.56751337 -0.61383397
130.89789629 254.50365946 -0.59273660
131.40298340 255.44251079 -0.57422415
131.90183191 256.40216332 -0.56193234
132.39677849 257.33149700 -0.55962526
132.89001929 258.32513009 -0.56255809
133.40028429 259.26166946 -0.55636387
133.89553836 260.21138079 -0.55761228
134.38324516 261.14377194 -0.55185030
134.86969896 262.06600216 -0.53932806
135.35022922 262.98295305 -0.53150301
135.83328800 263.91503666 -0.51162597
136.33330688 264.82086202 -0.49555334
136.81458820 265.73211518 -0.48839415
137.29326491 266.64765543 -0.47663261
137.77982765 267.56758554 -0.46306509
138.25911137 268.49766457 -0.45414424
138.73553663 269.40030719 -0.45427363
139.21174709 270.32392065 -0.44750327
139.69216721 271.23259444 -0.43984772
140.17953496 272.16932736 -0.42083600
140.66016382 273.10040271 -0.40990569
141.15011576 274.04376559 -0.39461200
141.64365840 274.94808675 -0.37394079
142.13357489 275.87509746 -0.35043225
142.61424357 276.79997776 -0.33319161
143.10583714 277.74602632 -0.31804195
143.60496345 278.67314044 -0.30795553
144.10174400 279.62295947 -0.29071963
144.62017376 280.58256819 -0.27513279
145.12035943 281.52846023 -0.26521003
145.62649271 282.47754214 -0.25384035
146.13046322 283.43047141 -0.23668946
146.63243238 284.37001388 -0.22359300
147.13231748 285.30949536 -0.21296692
147.64960880 286.28893870 -0.19074124
148.17406743 287.27552180 -0.16266264
148.71569474 288.26526404 -0.14688919
149.24839746 289.23275918 -0.13089583
149.76681216 290.20908122 -0.11410915
150.27609836 291.14864734 -0.10087632
150.78883211 292.09614978 -0.09003265
151.30806610 293.05109964 -0.07918056
151.82805249 294.00558696 -0.06223874
152.34708855 294.95813153 -0.04928448
152.84948224 295.89082886 -0.02340620
153.35610724 296.81800503 -0.00437367
153.87293148 297.76418116 0.00544726
154.37915433 298.69597191 0.01860026
154.88198456 299.62110797 0.02130431
155.38125987 300.55025668 0.02487068
155.87407680 301.46758593 0.03182993
156.35827882 302.37554622 0.03547778
156.84925237 303.29056205 0.04111235
157.33962826 304.20346994 0.03368352
157.80946318 305.09196852 0.01930071
158.26709935 305.96453682 0.00809940
158.71073025 306.83326792 0.00412741
159.14564020 307.70148584 -0.01403683
159.57264193 308.54631722 -0.02220359
160.00035568 309.38556419 -0.02741796
160.43035022 310.22859241 -0.03418068
160.86444057 311.07376570 -0.04546879
161.29128376 311.90192511 -0.05247855
161.71539414 312.72891714 -0.07354796
162.12761036 313.52803083 -0.09584839
162.52517843 314.30123549 -0.11237900
162.90554577 315.06351200 -0.12985759
163.27641563 315.79652514 -0.15476996
163.65600720 316.52285819 -0.17775503
164.03870466 317.23020982 -0.21190262
164.40970289 317.92616933 -0.23779011
164.76289316 318.59591238 -0.26050970
165.11296091 319.24912346 -0.29976772
165.44399695 319.89814170 -0.33756974
165.77058172 320.51088642 -0.38707640
166.08912971 321.10531337 -0.42959056
166.39635182 321.68479356 -0.48252472
166.69632872 322.23462716 -0.53684671
166.98713626 322.78604733 -0.58659380
167.25406939 323.29810130 -0.62115682
167.51692946 323.80835768 -0.67181086
167.77094930 324.27600223 -0.71521372
168.02069436 324.76850081 -0.75530259
168.25067263 325.23744218 -0.79700305
168.45404986 325.65611774 -0.82642120
168.63830708 326.07512965 -0.84845301
168.82259340 326.49118957 -0.88196540
168.97680290 326.89588707 -0.90501356
169.16067395 327.33603708 -0.94984831
169.33501649 327.76626879 -0.99247182
169.48928638 328.23133945 -1.05100556
169.60466160 328.65006000 -1.08922055
169.70580488 329.06724848 -1.13228692
169.80651347 329.50613555 -1.18340524
169.86668603 329.91585568 -1.23238899
169.93009550 330.34676159 -1.29343612
169.96843509 330.77720921 -1.34874708
169.97716113 331.18156933 -1.38837220
169.95702745 331.58711307 -1.44229759
169.92640547 332.00297176 -1.51942929
169.87575550 332.41938674 -1.59700024
169.81657508 332.83105135 -1.66996014
169.72800806 333.25748895 -1.74921985
169.60699621 333.68263006 -1.83762310
169.45735608 334.10660330 -1.93229664
169.28243920 334.52659548 -2.01095206
169.06718843 334.94927077 -2.07761573
168.78357884 335.35740103 -2.13092956
168.51621343 335.73994178 -2.20408810
168.23538912 336.11163358 -2.25597587
167.88646917 336.49145446 -2.25830661
167.55129351 336.83194327 -2.25111419
167.14473266 337.17468454 -2.21593109
166.74493896 337.51653145 -2.20396385
166.31101433 337.83300576 -2.17188335
165.88743319 338.15534422 -2.14576226
165.43259048 338.48665709 -2.11055457
164.95192313 338.80363656 -2.05741801
164.46197494 339.10041805 -1.98552303
163.93954971 339.40318482 -1.93211877
163.36958575 339.71186869 -1.87086500
162.80213829 340.01671573 -1.81444319
162.22016142 340.33280361 -1.74114491
161.64371014 340.66930962 -1.68034731
161.04033243 341.01176628 -1.61649133
160.45512117 341.32298332 -1.54727333
159.83888399 341.63280402 -1.48090638
159.21007211 341.94724402 -1.41079070
158.56702986 342.28075353 -1.35243674
157.89169553 342.63058116 -1.29430867
157.18430841 342.99510083 -1.24233505
156.45508618 343.37550606 -1.18839324
155.77088668 343.72052666 -1.16296597
155.02596780 344.09438411 -1.12185554
154.27108959 344.46286838 -1.09347540
153.48348854 344.85642405 -1.06766889
152.66744359 345.26830128 -1.04282772
151.89040937 345.65655915 -1.02351863
151.12542562 346.03260313 -1.00823839
150.37949087 346.39785704 -0.98311497
149.62348395 346.77153251 -0.97479685
148.85968574 347.14094595 -0.96253332
148.08480166 347.51299490 -0.96145744
147.31372726 347.89161712 -0.95387094
146.53469635 348.28265517 -0.94400210
145.76031225 348.67300156 -0.94647931
144.98639165 349.07053255 -0.95111257
144.21255978 349.46587862 -0.93970179
143.44994337 349.85034929 -0.92556384
142.68940016 350.23343950 -0.91609109
141.90698518 350.62087065 -0.91268527
141.09358065 351.02680526 -0.90493038
140.28541736 351.42321124 -0.89958846
139.46455231 351.82630400 -0.90309061
138.65425113 352.23292748 -0.88973415
137.81515361 352.65673028 -0.88733223
137.01088386 353.07305505 -0.85749145
136.23724128 353.46720626 -0.82147337
135.45120101 353.84971205 -0.78514376
134.65835844 354.24490727 -0.76250598
133.86039823 354.65658555 -0.73347460
133.05347994 355.07259681 -0.67976407
132.26171332 355.49451167 -0.63856678
131.46396300 355.90567221 -0.59313270
130.67485768 356.32615534 -0.54429734
129.87769534 356.73472672 -0.50073188
129.09195574 357.15421698 -0.47051551
128.29990364 357.57831526 -0.43279940
127.49070158 358.00745743 -0.40241951
126.71764535 358.42062673 -0.36842822
125.94216099 358.83346518 -0.33554563
125.17989341 359.22535991 -0.30057167
124.40338230 359.62790995 -0.27453769
123.62526600 360.02625955 -0.24659425
122.84441871 360.42959528 -0.22133734
122.07591447 360.82174050 -0.20352207
121.30478289 361.20431946 -0.19503069
120.53625043 361.59700778 -0.18486215
119.74680646 361.99380078 -0.16788006
118.96781773 362.37193856 -0.14479718
118.20700764 362.74482691 -0.14245569
117.47079544 363.10604364 -0.13836012
116.75609426 363.45748806 -0.12869903
116.03275235 363.81853591 -0.10307835
115.32933890 364.14816487 -0.10032200
114.67130472 364.47009363 -0.09420767
114.00573686 364.79239042 -0.08961544
113.35644717 365.10712386 -0.08122211
112.73239663 365.40378188 -0.07809400
112.12464387 365.70277231 -0.07512923
111.54128504 365.99230696 -0.08770516
110.99413916 366.26562622 -0.08731728
110.47521293 366.52239998 -0.08699063
109.97486510 366.78000527 -0.07646521
109.46012021 367.04342054 -0.07285529
108.98159125 367.29160152 -0.06757823
108.48569978 367.55202386 -0.06533594
108.03673564 367.80037813 -0.07461205
107.57560085 368.03722430 -0.08067808
107.10699321 368.27356918 -0.09580853
106.63428012 368.52910654 -0.10534081
106.15439552 368.77685889 -0.12462536
105.68686395 369.03598835 -0.15372085
105.22310883 369.29657930 -0.19366694
104.73342735 369.57511581 -0.23654602
104.26588038 369.83469373 -0.28007695
103.79828121 370.09204935 -0.32844643
103.31540383 370.36187888 -0.37018344
102.81926749 370.63288849 -0.40863382
102.32317306 370.91139082 -0.43523306
101.81268558 371.20174400 -0.46878784
101.30797044 371.47853250 -0.49906315
100.79009134 371.76627678 -0.53732387
100.24012728 372.07263454 -0.57856487
99.71877947 372.36090633 -0.62062688
99.16613747 372.67130937 -0.66300796
98.61139797 372.97280333 -0.69483899
98.00912170 373.29439127 -0.70873877
97.43637133 373.62494604 -0.73134997
96.83895765 373.94856697 -0.73525623
96.19653276 374.30166522 -0.73168596
95.52345630 374.64253008 -0.75272731
94.86475127 375.00912675 -0.78583414
94.16319580 375.36128956 -0.80167357
93.50765586 375.71496416 -0.79048458
92.79163816 376.08242714 -0.77321213
92.05999636 376.47522102 -0.75673392
91.33172735 376.84983679 -0.75670764
90.55747532 377.25445531 -0.76860222
89.77547957 377.66331432 -0.76288207
89.01250950 378.06884224 -0.74781999
88.24110900 378.47365817 -0.72802212
87.41264061 378.88025322 -0.68857095
86.56016548 379.29327601 -0.66469070
85.68015017 379.70033217 -0.63686913
84.83044914 380.10516741 -0.60874004
84.01290260 380.49569054 -0.56688688
83.18838204 380.90311897 -0.52709494
82.34858911 381.31071027 -0.47351632
81.49891149 381.72124442 -0.42923622
80.64895660 382.13163533 -0.38549683
79.81030770 382.54269260 -0.32986115
78.97579433 382.96230036 -0.28668952
78.11444935 383.41157772 -0.25297488
77.27593797 383.84582306 -0.19514232
76.40241459 384.30088153 -0.13789567
75.53167173 384.74515853 -0.06890416
74.65285996 385.19479498 -0.00975784
73.79040464 385.63624094 0.04569878
72.92494891 386.07209020 0.10949118
72.05085236 386.52831806 0.15433168
71.17425792 386.99811276 0.21671025
70.30622114 387.47037466 0.28183893
69.46195137 387.91932653 0.34591471
68.59109419 388.36842238 0.41220371
67.73832275 388.82417215 0.47152157
66.83547221 389.29335288 0.53776805
65.96062320 389.75245136 0.60962328
65.09207618 390.21718713 0.68521138
64.24285452 390.68581115 0.74991804
63.39095184 391.15721895 0.82112868
62.53019042 391.65311959 0.89493110
61.65203977 392.13642429 0.96277841
60.75237481 392.61791521 1.03297146
59.87708352 393.08740488 1.08171560
59.00037485 393.56008128 1.14616570
58.13492567 394.03812944 1.20944125
57.30188653 394.49150742 1.26903413
56.46098775 394.94632726 1.31792875
55.60397412 395.41164586 1.37945015
54.72509469 395.89294140 1.45286190
53.85673929 396.36625861 1.51660243
52.97993776 396.82489577 1.56777851
52.08082185 397.30801946 1.61502450
51.19316837 397.78286049 1.66736678
50.33298985 398.24748820 1.70829328
49.47995956 398.69788029 1.74677750
48.64937899 399.14723980 1.77859818
47.82921091 399.58588034 1.80459665
47.01904464 400.02203981 1.84068474
46.22461186 400.43975719 1.86416630
45.40660681 400.87503271 1.87916844
44.61813759 401.29767781 1.90904727
43.84797582 401.69859002 1.93937356
43.08302784 402.10401532 1.95972154
42.34400258 402.50831431 1.96999246
41.59473244 402.90334189 1.97540138
40.83789871 403.29990203 1.98771434
40.12807481 403.66701782 1.99123176
39.44371690 404.02755255 1.99241389
38.75879928 404.39122667 1.97297846
38.11038532 404.72252373 1.93530490
37.47242010 405.03704214 1.90448051
36.81912703 405.36426693 1.86146897
36.17835676 405.68653786 1.83067372
35.54503735 406.00313999 1.78696596
34.92164914 406.30320711 1.72006110
34.33299037 406.58571677 1.67044238
33.71893490 406.88000582 1.58894188
33.11152544 407.15894553 1.49036921
32.51299750 407.42452024 1.38767095
31.92841788 407.65884978 1.25366636
31.36130218 407.87227747 1.12510429
30.80170693 408.05515280 0.98185806
30.25130654 408.22366770 0.81273503
29.69327655 408.34971558 0.63124405
29.15582924 408.44232078 0.42594228
28.63055074 408.50201706 0.22405662
28.12197953 408.54263412 0.01257675
27.61262640 408.52490478 -0.22102676
27.12689489 408.48368827 -0.45422450
26.65738470 408.36597916 -0.68051857
26.21422772 408.22001170 -0.89171179
25.79338326 408.05749960 -1.08134629
25.37956740 407.83139719 -1.28296481
24.96945320 407.57871750 -1.49823462
24.59644646 407.27307720 -1.67286806
24.21901668 406.94100945 -1.84465373
23.84654751 406.58349886 -2.01247248
23.48442226 406.18724753 -2.16753817
23.12644469 405.75546049 -2.29763360
22.78885574 405.29598332 -2.40563966
22.45013228 404.80975645 -2.48474594
22.13128344 404.28869339 -2.52536584
21.80616291 403.74144771 -2.55104341
21.48800108 403.18497120 -2.56321567
21.16792585 402.60762644 -2.56249009
20.84050540 402.00992527 -2.56386907
20.52636126 401.41751782 -2.55629315
20.21532030 400.80914931 -2.54799525
19.90115499 400.18636233 -2.52409327
19.56754898 399.57344215 -2.47912236
19.23948707 398.94391640 -2.43311326
18.91284265 398.31781985 -2.38823748
18.57948944 397.66798265 -2.33991035
18.23438005 396.97266600 -2.27366699
17.89642420 396.29214837 -2.22146013
17.56828990 395.62400768 -2.15849594
17.22455140 394.93183910 -2.10715777
16.87749558 394.21523829 -2.04872349
16.52330061 393.48880945 -1.97934927
16.17099891 392.75903785 -1.90842126
15.81872285 392.02354787 -1.84409375
15.46068358 391.28496584 -1.77167369
15.09269339 390.52051338 -1.70098141
14.73181061 389.78652963 -1.62948391
14.33944234 388.98847281 -1.55933477
13.93885079 388.19492259 -1.50351887
13.53872083 387.39577669 -1.42721748
13.14692294 386.60438539 -1.36569196
12.75404394 385.80629919 -1.30542492
12.31791898 384.95894239 -1.25133871
11.88137054 384.06273120 -1.19790832
11.45771052 383.23758309 -1.14421997
11.03383588 382.39756764 -1.09505003
10.60811439 381.51750217 -1.05446745
10.20899153 380.69000637 -1.01254480
9.80307471 379.84095138 -0.96866498
9.40958719 379.03554904 -0.93430313
8.99734764 378.21138524 -0.90237272
8.59906135 377.38959896 -0.88226219
8.19997856 376.57170650 -0.86769156
7.79361181 375.77222159 -0.84484147
7.38572802 374.96508827 -0.82958361
6.97357656 374.15690070 -0.81326289
6.54943075 373.33911436 -0.78552337
6.12253386 372.52513755 -0.77197632
5.69773899 371.69306371 -0.76916371
5.27229376 370.85299483 -0.76179425
4.85193797 369.98966842 -0.76982907
4.43088274 369.15608733 -0.79074982
4.01594535 368.31676299 -0.79834457
3.59941184 367.48270111 -0.81220101
3.16877488 366.63539202 -0.83129442
2.73855002 365.80701406 -0.85132538
2.32082313 364.98413692 -0.86199015
1.90107053 364.15855469 -0.86417647
1.48694776 363.34107536 -0.87363461
1.04465650 362.51313146 -0.89405448
0.60399865 361.67973233 -0.90991876
0.17607605 360.87090473 -0.93608521
-0.25722444 360.06350824 -0.95454795
-0.69631782 359.23960635 -0.96494141
-1.12354501 358.42599835 -0.98772517
-1.56269809 357.59219091 -1.00397567
-2.00599749 356.76597997 -1.01860810
-2.43734026 355.93880744 -1.03165800
-2.86194352 355.09123427 -1.03694078
-3.28463641 354.25060072 -1.05944294
-3.71971194 353.39004663 -1.08343642
-4.14866022 352.56022311 -1.10341885
-4.56322577 351.73461170 -1.11318507
-4.98238420 350.90427564 -1.12434500
-5.39575040 350.06297665 -1.14376906
-5.81138960 349.23265924 -1.16306770
-6.24004416 348.39082588 -1.18421520
-6.66575717 347.58197463 -1.20060858
-7.09333181 346.78828230 -1.19931832
-7.52801240 345.96621615 -1.21014780
-7.96727504 345.14972879 -1.22284889
-8.39216168 344.34316572 -1.23860501
-8.81376629 343.53176469 -1.24778969
-9.24674559 342.69828869 -1.23996995
-9.68612801 341.86061965 -1.23880582
-10.14929755 341.02920792 -1.23741617
-10.60314025 340.20089590 -1.24222309
-11.06534577 339.33943471 -1.23482975
-11.51549253 338.46248761 -1.21966720
-11.96774427 337.60509318 -1.20134027
-12.39641220 336.74532479 -1.18525033
-12.82530123 335.89321756 -1.17594562
-13.27771108 335.01692760 -1.15350395
-13.70327268 334.12495175 -1.14259008
-14.13278014 333.28161949 -1.12251348
-14.56970193 332.40536689 -1.08502631
-15.00013546 331.54856107 -1.05417157
-15.41125967 330.65180938 -1.02299742
-15.83846553 329.75671971 -0.98644540
-16.27641722 328.87803819 -0.94485309
-16.73780089 327.96819684 -0.90717301
-17.17897162 327.09130173 -0.86218723
-17.63021280 326.20719101 -0.80898348
-18.07890175 325.32516263 -0.77088900
-18.53657376 324.41806665 -0.73488652
-18.99749711 323.53326413 -0.72077626
-19.46257912 322.65165056 -0.69157596
-19.93748155 321.76555045 -0.66443997
-20.41041606 320.85356533 -0.61559192
-20.86878854 319.96602392 -0.58063606
-21.32258449 319.11212785 -0.56917580
-21.77636212 318.21932557 -0.56735319
-22.23604886 317.36361784 -0.59011194
-22.71134688 316.47007408 -0.60277884
-23.18821643 315.59096053 -0.60373738
-23.66100075 314.71602638 -0.59456206
-24.14405753 313.84827867 -0.59266843
-24.63358369 312.93158914 -0.57469427
-25.12409569 312.02913802 -0.55617424
-25.59735455 311.12306604 -0.55185030
-26.04987331 310.25542567 -0.54869429
-26.50647333 309.36686165 -0.56039901
-26.98022713 308.44904534 -0.56363189
-27.44825199 307.56904021 -0.55800237
-27.91563960 306.70387073 -0.54418470
-28.38480782 305.84668911 -0.53361797
-28.82605570 305.00076777 -0.51983477
-29.27519439 304.15172784 -0.51340662
-29.72047309 303.30534041 -0.50207802
-30.15235947 302.45773377 -0.48008709
-30.56332715 301.62970501 -0.46814080
-30.99454847 300.84402270 -0.45602510
-31.41701799 300.02746302 -0.41672833
-31.82168056 299.24327458 -0.40803398
-32.25414904 298.49483935 -0.41973113
-32.66864939 297.75552451 -0.39678308
-33.05098555 297.02133972 -0.34311702
-33.42707311 296.26744548 -0.31763152
-33.82227183 295.53977276 -0.30342673
-34.19208909 294.82450116 -0.27147808
-34.56037400 294.12929327 -0.23104287
-34.89932369 293.41472446 -0.15172989
-35.23072415 292.72248764 -0.07454635
-35.55783062 292.04280026 -0.00350737
-35.86627827 291.40948166 0.07686992
-36.17234304 290.78282481 0.15200843
-36.45312742 290.17117580 0.24854289
-36.73380093 289.58834107 0.33817085
-37.00609624 289.01186633 0.41933213
-37.27417661 288.48087989 0.48797666
-37.51986988 287.94470288 0.57102825
-37.75698750 287.41830462 0.65722781
-37.95890902 286.94956911 0.74586926
-38.14568068 286.52466684 0.83829713
-38.35009102 286.08459698 0.90268475
-38.52437228 285.67904451 0.97872125
-38.69957132 285.25021560 1.06399012
-38.86935679 284.82889244 1.14116652
-39.03107100 284.41688482 1.22881753
-39.17671112 284.04706227 1.29773564
-39.31995417 283.65947798 1.38147523
-39.44639954 283.28245628 1.43986410
-39.55339701 282.92105309 1.48146188
-39.65863642 282.54518548 1.53223531
-39.74510038 282.17899410 1.55312774
-39.84455514 281.79177092 1.57385937
-39.92163720 281.38441263 1.57622786
-39.98667729 280.96724350 1.59449109
-40.02149902 280.56236760 1.57105804
-40.05015495 280.12701656 1.55193929
-40.06368597 279.68905041 1.53745338
-40.04712847 279.24149545 1.50480873
-40.01071222 278.77880365 1.47196221
-39.94280553 278.33450911 1.41208831
-39.85451413 277.85259849 1.33261275
-39.74781185 277.35530087 1.23255534
-39.61456279 276.87384071 1.12801882
-39.43651020 276.38077761 1.00798631
-39.22293520 275.90774471 0.87494923
-38.94494539 275.40835615 0.68261896
-38.65457113 274.98191523 0.53060767
-38.32753899 274.54240677 0.35158437
-37.95628144 274.13322138 0.14547487
-37.56525605 273.71763719 -0.05103833
-37.14735953 273.29032203 -0.22823920
-36.69183603 272.88890536 -0.43423381
-36.23372562 272.50378806 -0.62115586
-35.74045461 272.11737377 -0.80962594
-35.20082386 271.69347961 -1.00630368
-34.63506864 271.26268927 -1.16860295
-34.05135171 270.86379033 -1.33569995
-33.48517002 270.46228162 -1.45463280
-32.82618471 270.03379102 -1.63590299
-32.21365535 269.63115126 -1.76181167
-31.60478905 269.21236780 -1.87310667
-30.94276666 268.78714392 -1.97888674
-30.26006232 268.36503810 -2.08032669
-29.56737579 267.95806962 -2.15663627
-28.87587848 267.54185258 -2.22846201
-28.17046258 267.11535830 -2.30281857
-27.45649872 266.65464699 -2.36264527
-26.76818478 266.21658254 -2.40083985
-26.06776838 265.80165364 -2.43124163
-25.34857022 265.40079526 -2.44320397
-24.64547641 264.99884110 -2.45857081
-23.91843320 264.56790917 -2.46455966
-23.16749620 264.11888621 -2.47596500
-22.39843540 263.67525296 -2.47324944
-21.64112002 263.24118454 -2.46857293
-20.88536057 262.78232383 -2.46218235
-20.12770995 262.36111554 -2.44896207
-19.35994590 261.92581157 -2.42052845
-18.56016774 261.48302403 -2.39756444
-17.76081494 261.06770975 -2.38779845
-17.00630757 260.63920489 -2.35622010
-16.18602363 260.22254083 -2.34836873
-15.39908912 259.79921357 -2.32777655
-14.63275022 259.40182845 -2.30124766
-13.84858012 259.01788317 -2.28228078
-13.08051162 258.62308979 -2.28137151
-12.28665968 258.21572936 -2.25178007
-11.48905279 257.85833371 -2.21228883
-10.73226850 257.48918686 -2.17916927
-9.96867343 257.11198713 -2.15166144
-9.21090757 256.76960101 -2.12917866
-8.44385165 256.37146412 -2.08554836
-7.63655352 256.00925181 -2.05235963
-6.89463362 255.63497122 -2.01916444
-6.14266921 255.24561864 -1.99511804
-5.38726619 254.89003415 -1.96778206
-4.65372395 254.52867851 -1.93329078
-3.90660485 254.16570591 -1.90665436
-3.17399821 253.76531291 -1.84401941
-2.45016707 253.41385950 -1.79632682
-1.72648776 253.06330059 -1.76017717
-1.02818017 252.74072482 -1.72838834
-0.32956462 252.39647192 -1.69759875
0.29652385 252.05056823 -1.64901918
0.95769059 251.68931577 -1.60146306
1.60323623 251.33788912 -1.56308765
2.19518219 250.98464356 -1.50965268
2.81547688 250.68838640 -1.46916270
3.39412022 250.37654749 -1.43213431
3.96510893 250.08848132 -1.40607979
4.48344832 249.74650747 -1.34599664
5.03250478 249.42562844 -1.30211368
5.50567094 249.11341449 -1.25472659
6.04126940 248.82543156 -1.22824136
6.51981451 248.51008697 -1.18448073
7.04512067 248.19412176 -1.14718566
7.54333449 247.90118376 -1.11286292
8.02903819 247.56748318 -1.04238591
8.49492095 247.24790714 -0.97752836
8.99054497 246.93924072 -0.95099919
9.45484316 246.62798211 -0.91439568
9.96035002 246.34966310 -0.89127190
10.40523180 246.04516244 -0.84247337
10.86848558 245.74304330 -0.80342615
11.36356347 245.44824969 -0.77877747
11.82304866 245.19354207 -0.75975425
12.30132230 244.93326144 -0.72144015
12.79737728 244.67014278 -0.67464825
13.30821238 244.42824785 -0.65179717
13.77319924 244.19457889 -0.63216569
14.27679639 243.97660491 -0.59707667
14.80293831 243.84592821 -0.58982473
15.30670080 243.68787922 -0.57709429
15.82180564 243.55709036 -0.56543111
16.33233801 243.51125778 -0.57516863
16.83710975 243.43195189 -0.58365257
17.34104009 243.39028730 -0.60038827
17.81109506 243.34013182 -0.61563353
18.33789243 243.31079602 -0.62450417
18.84747414 243.30352711 -0.64885328
19.35843788 243.35149699 -0.67572046
19.80516281 243.44353319 -0.71567926
20.27185936 243.51254698 -0.73444724
20.77357290 243.60545121 -0.74302921
21.24920504 243.75520351 -0.76758170
21.71274684 243.97291487 -0.81546586
22.16192073 244.20734865 -0.86219159
22.60813140 244.39013251 -0.90490779
22.98947339 244.61186328 -0.94700487
23.42341203 244.89719103 -0.98566062
23.80106449 245.16537429 -1.03645419
24.21977720 245.47855573 -1.09103201
24.60984752 245.80837345 -1.14370308
24.99204452 246.16172889 -1.19457394
25.32234684 246.52804480 -1.24860422
25.65149321 246.87413161 -1.30928748
25.96881880 247.26319314 -1.37834528
26.29360245 247.60277811 -1.43557907
26.64421381 247.96057454 -1.48678612
26.98168120 248.32951263 -1.54113892
27.32107729 248.72270732 -1.61292057
27.64202221 249.09623214 -1.66668204
27.96578752 249.47853024 -1.72347744
28.28635315 249.83975194 -1.77435284
28.61672192 250.18991236 -1.82556467
28.93082043 250.54038804 -1.87463537
29.26859320 250.85109472 -1.91647444
29.62137735 251.16283087 -1.96645712
29.94818004 251.43158004 -1.97885108
30.27885159 251.69775493 -2.00524248
30.61911995 251.92444516 -2.02465395
30.95247409 252.18824029 -2.06984411
31.27179956 252.41120903 -2.12013346
31.64008816 252.60795701 -2.17125003
31.99766129 252.75542110 -2.21107600
32.36176785 252.86512658 -2.21146544
32.68979056 252.93692276 -2.20585782
33.04038871 252.99013266 -2.21881796
33.39314584 253.00399795 -2.22143191
33.73236699 253.03447331 -2.23109968
34.09667445 253.04505222 -2.23730274
34.42900587 253.01473354 -2.24915010
34.79901071 252.98338879 -2.25210635
35.17486173 252.95227959 -2.26421050
35.60222183 252.86996062 -2.25141286
36.02547202 252.75742038 -2.24368078
36.45287606 252.61822907 -2.23696867
36.87327831 252.49188029 -2.23555472
37.31603078 252.34157655 -2.23410924
37.76561434 252.18461642 -2.24414622
38.25304331 251.99256032 -2.23968565
38.73136309 251.79941713 -2.24518847
39.17497907 251.59600473 -2.24333070
39.60935030 251.40901021 -2.22571861
40.06696081 251.18411115 -2.21508755
40.60388713 250.91951973 -2.19709585
41.13513605 250.65050684 -2.17601081
41.68656738 250.36058728 -2.14948158
42.26750267 250.08154475 -2.13215961
42.84974846 249.80612495 -2.12843184
43.42004798 249.53071330 -2.11650595
43.99401301 249.24704601 -2.10687648
44.57182413 248.96409085 -2.09908379
45.21201746 248.65529916 -2.09156624
45.84117382 248.33963921 -2.08351253
46.48919725 248.01892692 -2.07725030
47.13992904 247.68543354 -2.05705174
47.82614160 247.34304607 -2.04769756
48.52621627 246.98050306 -2.01759167
49.21671336 246.60691404 -1.99703078
49.89569644 246.23431531 -1.97419571
50.59609609 245.85714962 -1.94875482
51.27820113 245.47098501 -1.92693930
51.98025116 245.08616774 -1.90977861
52.73682930 244.68509588 -1.88044444
53.45472143 244.30800061 -1.86496385
54.20557762 243.92643224 -1.83947488
54.96190144 243.51458156 -1.82250271
55.72691243 243.11666299 -1.79890823
56.46637248 242.69782849 -1.77748233
57.22691932 242.28938468 -1.76361880
58.00830840 241.87370193 -1.75202261
58.78996254 241.43301749 -1.73612228
59.60697478 240.97980025 -1.71303373
60.38737955 240.53741525 -1.70046280
61.16038346 240.11464793 -1.68481888
61.97792588 239.69931356 -1.67485347
62.78130922 239.27719834 -1.65949088
63.58831759 238.85068754 -1.65208689
64.37194010 238.43000312 -1.63968766
65.18261908 238.00393402 -1.62418837
66.01666481 237.56997322 -1.61922585
66.79936900 237.15642513 -1.60039084
67.62338574 236.73835013 -1.59304223
68.39283597 236.31971269 -1.57212858
69.17581958 235.91182688 -1.56274395
69.93641231 235.50497387 -1.56418490
70.71237180 235.10360020 -1.57230300
71.48421114 234.70659530 -1.56802525
72.23349868 234.31434015 -1.54601863
73.01539872 233.92311002 -1.52429763
73.74281348 233.53442377 -1.50621007
74.47555589 233.16672123 -1.49298472
75.20431444 232.77975016 -1.48733004
75.94447678 232.39331753 -1.47600365
76.68480224 232.01024904 -1.45623149
77.42542808 231.63755552 -1.43680620
78.15808379 231.26654153 -1.42643485
78.90901341 230.90520249 -1.42144739
79.63437120 230.52900844 -1.41824836
80.38735731 230.15568666 -1.42046222
81.16355147 229.77399602 -1.40053869
81.91084989 229.40223319 -1.39256838
82.64317890 229.03269341 -1.38128642
83.36249681 228.67863455 -1.38014012
84.04630567 228.34121984 -1.37075250
84.72420208 228.01124901 -1.37583820
85.38305718 227.69214830 -1.37338297
86.02571525 227.38443585 -1.37888653
86.68131885 227.07884627 -1.38194447
87.32714713 226.77206093 -1.38297982
87.97553315 226.46216280 -1.38712098
88.61750856 226.16106362 -1.38748022
89.22204705 225.86854016 -1.38312650
89.87066736 225.57645324 -1.39421879
90.49461850 225.28227297 -1.40158475
91.10932209 224.98933656 -1.39832440
91.73142245 224.70169099 -1.40732084
92.32421443 224.40991258 -1.40601593
92.92546374 224.13037275 -1.41514848
93.50597267 223.84785400 -1.42196806
94.05178901 223.58342132 -1.42884132
94.57494594 223.34289148 -1.43028090
95.06912525 223.09521052 -1.43334900
95.56148381 222.85990097 -1.43186620
96.02973151 222.62786794 -1.43186926
96.46743217 222.40404219 -1.43418112
96.89882179 222.17448572 -1.43537752
97.31654151 221.95378529 -1.43701842
97.70713043 221.75151729 -1.43999270
98.08809493 221.54243777 -1.44843869
98.45553237 221.33121649 -1.44932672
98.80639894 221.13786738 -1.45033772
99.14618416 220.94002285 -1.44907206
99.45786632 220.75525838 -1.45075151
99.75367865 220.57360275 -1.45879688
100.03569494 220.39021810 -1.45484021
100.33776425 220.17352581 -1.45609172
100.59381649 219.99300666 -1.44965611
100.82198645 219.82326173 -1.44002622
101.04470413 219.67332227 -1.43609012
101.26416163 219.54455440 -1.43958990
101.44491996 219.41979121 -1.44572819
101.60835140 219.30546914 -1.45239342
101.75692149 219.19777346 -1.45793056
101.90168844 219.09368592 -1.46411248
102.04656136 218.97496905 -1.46695750
102.16384279 218.86373797 -1.46396106
102.29635764 218.75233395 -1.45963713
102.41205876 218.63312434 -1.45542854
102.52415585 218.53402235 -1.45708474
102.65034063 218.42532313 -1.46349836
102.77302702 218.31971864 -1.46833140
102.90086202 218.19225951 -1.46445982
103.03351181 218.06090298 -1.46429955
103.18312687 217.91457081 -1.47432702
103.33831822 217.77092004 -1.48052273
103.48529199 217.61773485 -1.48062514
103.64311950 217.41974103 -1.48435436
103.80379449 217.18711684 -1.50883672
103.97586106 216.96361393 -1.50951714
104.14723269 216.72335853 -1.50929450
104.33800680 216.46312979 -1.50484752
104.52028428 216.15014857 -1.52344959
104.69154394 215.80628054 -1.53000805
104.84270380 215.45282070 -1.53620499
104.98048217 215.10321032 -1.54988987
105.08853416 214.72825454 -1.54244426
105.19965324 214.32680431 -1.54204434
105.28908955 213.89408012 -1.53414863
105.34712991 213.43416717 -1.51207339
105.40325051 212.97414182 -1.49454375
105.42616717 212.48101750 -1.47138436
105.40362453 211.96221774 -1.44913267
105.35000698 211.42261886 -1.42545960
105.25497340 210.88295954 -1.39026030
105.13428826 210.30876806 -1.35618749
104.98396302 209.71310903 -1.31853416
104.79538366 209.11224523 -1.28579203
104.58135196 208.49039580 -1.25684653
104.34623700 207.87048294 -1.23502858
104.08057556 207.24909846 -1.20527615
103.79828546 206.60057376 -1.17980974
103.49995115 205.94809003 -1.16013079
103.16956780 205.27977632 -1.13835469
102.82350064 204.60917021 -1.11479679
102.46105761 203.91533091 -1.08496092
102.09409886 203.22013368 -1.06244545
101.71021091 202.50896281 -1.04372806
101.31048407 201.77448921 -1.02656890
100.90484678 201.03787674 -1.00008804
100.48711439 200.27105207 -0.98045706
100.06045645 199.49048470 -0.96161793
99.63000230 198.70633735 -0.94181869
99.18368946 197.89645751 -0.92055323
98.74564881 197.08975484 -0.89915368
98.26965133 196.22231953 -0.87529623
97.79266268 195.34936153 -0.85420049
97.33108309 194.48189379 -0.83213281
96.84458805 193.58438525 -0.80809670
96.39212596 192.69435862 -0.77770740
95.91129387 191.77527503 -0.75899535
95.42659326 190.81843024 -0.72697209
94.94846512 189.86264391 -0.71796270
94.46498971 188.89926933 -0.70105995
93.97344494 187.91843330 -0.68446722
93.46072825 186.92458601 -0.66037257
92.95636451 185.92075443 -0.63702722
92.46080457 184.91334550 -0.61575081
91.96647181 183.90215301 -0.59325327
91.47472665 182.87978479 -0.57229604
90.97515971 181.84321836 -0.55527161
90.48642793 180.81733142 -0.53881039
90.01077681 179.80661062 -0.52012554
89.52053630 178.77633035 -0.50455930
89.03596467 177.74323302 -0.48118245
88.54537737 176.71154514 -0.45905505
88.06110920 175.68163498 -0.43623313
87.57959681 174.65404390 -0.40666646
87.09152537 173.61064478 -0.39037333
86.57851009 172.55106966 -0.36992423
86.06988490 171.48428135 -0.35797550
85.55054345 170.41587470 -0.35100593
85.03729932 169.33772276 -0.34564871
84.51290850 168.26591512 -0.33799333
83.97792709 167.18095815 -0.32072157
83.43700846 166.09378661 -0.31000518
82.90006212 165.01821631 -0.31432330
82.37139075 163.94553851 -0.31589347
81.82492758 162.84698066 -0.31978214
81.28278908 161.74618480 -0.32269331
80.71050093 160.62513109 -0.32449140
80.13504604 159.49640826 -0.32207733
79.57358092 158.37555042 -0.32549209
79.01899536 157.25823703 -0.32355720
78.44604815 156.12940990 -0.32001171
77.87785608 155.01275267 -0.31580791
77.28590829 153.85788876 -0.31200749
76.70620397 152.70621886 -0.31947268
76.12082156 151.56066975 -0.32233198
75.53401745 150.40914831 -0.31587656
74.92496423 149.23472007 -0.31405186
74.35063383 148.07892068 -0.30556109
73.76310994 146.90676271 -0.28470861
73.18477441 145.74884984 -0.28194338
72.61424226 144.60330080 -0.28992380
72.03309971 143.43125928 -0.29385794
71.43852514 142.26986271 -0.29597856
70.85726444 141.10268334 -0.29027677
70.28709849 139.95706894 -0.29042912
69.72779981 138.81892232 -0.27468806
69.15750051 137.66675536 -0.26193375
68.57646540 136.51132685 -0.25686447
68.00878119 135.37632073 -0.25769263
67.41536779 134.18554857 -0.25755310
66.80960226 132.97285534 -0.25371163
66.22305665 131.81063458 -0.24977508
65.65409225 130.66732927 -0.24274863
65.09176563 129.51751926 -0.24035856
64.52813454 128.36668603 -0.23706288
63.96949437 127.23135017 -0.24467218
63.40336883 126.09393967 -0.25422425
62.84221210 124.95123549 -0.25483112
62.27455287 123.80531898 -0.25815017
61.70918614 122.67569427 -0.27332328
61.15008818 121.52598668 -0.28928960
60.58920346 120.39687016 -0.29915455
60.04421785 119.27660247 -0.29375949
59.49769502 118.15011633 -0.29646453
58.94678376 117.02359430 -0.29583491
58.41452409 115.92369454 -0.29483826
57.88379667 114.81996640 -0.30409294
57.36069618 113.72312882 -0.31227910
56.82662979 112.60210880 -0.31480233
56.30118309 111.50431427 -0.30921118
55.78579062 110.44304027 -0.30326039
55.28577645 109.39996601 -0.30299756
54.77094661 108.35090122 -0.29690946
54.28595059 107.35153652 -0.28547195
53.80748243 106.36189459 -0.28142747
53.31640981 105.37282119 -0.27877034
52.84343305 104.41158565 -0.27533121
52.37780313 103.46582498 -0.26818642
51.92766820 102.56245046 -0.26043689
51.47221261 101.65837142 -0.24260714
51.02549461 100.78767262 -0.23440772
50.62359207 99.96986651 -0.21639559
50.20489353 99.13804544 -0.19925863
49.79707478 98.33021164 -0.19465008
49.39778531 97.53435292 -0.18519104
48.98010901 96.74786399 -0.18486423
48.58399727 95.98459896 -0.18388189
48.20968892 95.25757425 -0.17283061
47.82188119 94.53612665 -0.17403862
47.45912651 93.85271776 -0.16929860
47.11939035 93.20791195 -0.16776051
46.77087291 92.54346894 -0.16560485
46.43888964 91.92150604 -0.17015554
46.12269733 91.31943936 -0.16650388
45.82481454 90.71152983 -0.15947461
45.54739093 90.12584333 -0.15319607
45.28548691 89.54630827 -0.15051492
45.05958235 88.98637019 -0.14557248
44.83944606 88.42942172 -0.13884471
44.65568223 87.89912849 -0.13178405
44.51830077 87.37007604 -0.12698932
44.37534415 86.84295135 -0.12560343
44.27030100 86.32765719 -0.11811161
44.19455790 85.80506704 -0.10944425
44.14062958 85.28579555 -0.11168058
44.12136615 84.78531250 -0.11384523
44.12645077 84.30137770 -0.11433372
44.16752367 83.82302616 -0.12641572
44.22371657 83.34019835 -0.12792659
44.30473313 82.85709261 -0.13322122
44.41784021 82.38309189 -0.13613400
44.55940847 81.93558534 -0.13507845
44.75172410 81.40029901 -0.09856445
44.95622562 80.98244995 -0.10741224
45.18368398 80.57439310 -0.11880731
45.41742882 80.16984959 -0.12360458
45.68120412 79.77013310 -0.13653470
45.95482373 79.40882650 -0.14585488
46.25446081 79.05287424 -0.15590253
46.58372323 78.72868749 -0.16504208
46.93271464 78.40609037 -0.18431715
47.31688924 78.07085101 -0.19269628
47.71115195 77.76567990 -0.19505357
48.14336188 77.44316528 -0.18823965
48.56153091 77.15137051 -0.20023793
49.00136982 76.84551381 -0.22471367
49.45421338 76.55110587 -0.23910268
49.94348040 76.24082176 -0.23795992
50.43594175 75.94269995 -0.23128668
50.90383042 75.65726000 -0.23881034
51.42281706 75.34349141 -0.25428135
51.94121750 75.02149829 -0.26284404
52.48024196 74.70022610 -0.26779559
53.02353858 74.37109456 -0.26980829
53.57286370 74.03134949 -0.27276400
54.12346091 73.69378773 -0.28081225
54.69732703 73.34748629 -0.28115515
55.28063842 72.98926375 -0.27948154
55.88314486 72.62958504 -0.28184076
56.48750998 72.25360221 -0.27976155
57.10548748 71.87735928 -0.27902398
57.75833702 71.48549565 -0.28202832
58.44123013 71.07955451 -0.28102831
59.13077856 70.66997120 -0.28793122
59.84132351 70.26099590 -0.29835493
60.56731383 69.85864365 -0.30530098
61.32967944 69.45629771 -0.31754701
62.08840716 69.05001902 -0.32667828
62.86182945 68.65288148 -0.33537650
63.62177898 68.27175920 -0.35338687
64.40250256 67.89244983 -0.35733756
65.15405947 67.51559575 -0.35422326
65.93214831 67.14224415 -0.34991729
66.70599878 66.78530277 -0.34616120
67.51635514 66.42414383 -0.34741376
68.29518685 66.05688727 -0.34626192
69.09099818 65.69816302 -0.34169852
69.84319020 65.33492182 -0.34092981
70.60078597 64.96432470 -0.35037755
71.34668156 64.57657089 -0.34371068
72.09475128 64.18163634 -0.34083825
72.82832687 63.77274523 -0.33911863
73.56082151 63.36235771 -0.34638649
74.29715438 62.93764631 -0.35875631
75.02759697 62.50339731 -0.37047804
75.76410911 62.07332441 -0.37706924
76.49731135 61.62749096 -0.38676741
77.22157890 61.16460759 -0.39879129
77.93631511 60.69485522 -0.40988672
78.65201990 60.21392854 -0.42114125
79.38063268 59.72158086 -0.42603272
80.08467950 59.24794313 -0.43379153
80.81590568 58.75550995 -0.44967297
81.56154140 58.26228638 -0.46903959
82.28201214 57.77055062 -0.48020720
83.03012944 57.26922367 -0.47812836
83.77576029 56.77407409 -0.48072626
84.49193010 56.27876915 -0.47288439
85.22537397 55.79719398 -0.47647186
85.95845172 55.30870893 -0.47888211
86.69505954 54.81766674 -0.48270314
87.41963047 54.32048205 -0.48313298
88.15548504 53.82460229 -0.48251702
88.88334631 53.31721513 -0.47721019
89.61362872 52.80863441 -0.47811181
90.32774200 52.27530400 -0.47371889
91.03054007 51.72691022 -0.46291402
91.71626464 51.16866666 -0.45104155
92.40266326 50.59127511 -0.43952638
93.04593880 50.00863997 -0.43919078
93.67157972 49.41053864 -0.42741498
94.30304705 48.80624670 -0.42960851
94.91082798 48.17761102 -0.42475021
95.50485401 47.53579868 -0.41621302
96.07837779 46.89724439 -0.41767256
96.64981719 46.23458365 -0.42456898
97.19317194 45.57099450 -0.41313072
97.77239974 44.86878229 -0.40863191
98.33348320 44.18190852 -0.41715888
98.87551449 43.50011413 -0.43571225
99.41156757 42.81860999 -0.45982022
99.96033072 42.13143537 -0.48078772
100.50690244 41.44213513 -0.48489121
101.08627552 40.73585718 -0.47983290
101.66898531 40.02484750 -0.48346784
102.25379132 39.29186924 -0.47518568
102.82573919 38.57764909 -0.47959157
103.40477676 37.84477788 -0.48692161
103.98039981 37.09306277 -0.49942444
104.54784953 36.32792020 -0.52070548
105.14215372 35.51967596 -0.53076304
105.69790981 34.70156922 -0.54156625
106.25010030 33.87792137 -0.55676675
106.77113269 33.07324826 -0.57117417
107.28571868 32.26358978 -0.56535411
107.80278036 31.43928168 -0.55686588
108.31911513 30.60908689 -0.54816659
108.83424367 29.77196087 -0.54426683
109.34577106 28.93280292 -0.54216048
109.85162479 28.09708246 -0.53803036
110.36257368 27.26582144 -0.52936479
110.86464036 26.45020619 -0.52130368
111.38825138 25.61980943 -0.51633012
111.90805420 24.79011948 -0.50835896
112.42782053 23.94562607 -0.50745546
112.92356885 23.12068098 -0.49571755
113.41943365 22.28873460 -0.48741606
113.88263309 21.46803892 -0.47043449
114.35381687 20.61738406 -0.46476788
114.81152544 19.76973483 -0.46477982
115.26613720 18.91989312 -0.46612474
115.71217938 18.05996671 -0.46450924
116.12645294 17.20250206 -0.46538569
116.54184454 16.32806858 -0.47188578
116.91941620 15.46179516 -0.46772523
117.28888060 14.59164532 -0.46093653
117.65895066 13.70009820 -0.46535450
118.00966345 12.81504385 -0.46547180
118.33972355 11.93699124 -0.46856515
118.65328068 11.07836652 -0.45896901
118.95823529 10.20159436 -0.45243153
119.24931056 9.35251800 -0.44062788
119.53785329 8.48400616 -0.43006261
119.82043845 7.65098622 -0.42755251
120.09801219 6.82087022 -0.42276603
120.36996401 6.01090126 -0.41860662
120.64250753 5.21730936 -0.41990026
120.90834098 4.46341950 -0.41841969
121.17499528 3.74978513 -0.40820564
121.44237749 3.03813347 -0.40735946
121.69667802 2.37043737 -0.39992201
121.95154151 1.71834967 -0.39346132
122.21617357 1.05887849 -0.39020133
122.45953301 0.43974016 -0.38489220
122.68058569 -0.16570513 -0.38190236
122.92770409 -0.78858997 -0.37452855
123.16400235 -1.40673288 -0.36940379
123.39747395 -2.02703072 -0.36189138
123.64461212 -2.66005555 -0.35334989
123.88662039 -3.28995051 -0.33534800
124.10644175 -3.88618730 -0.33555047
124.33017599 -4.50358651 -0.34240950
124.55403190 -5.11701883 -0.35775504
124.77348523 -5.75235517 -0.36674794
125.00337736 -6.38802412 -0.37450289
125.23588473 -7.06366334 -0.37264002
125.45557634 -7.71810122 -0.37901860
125.67425112 -8.37083435 -0.37858880
125.88239844 -9.05895402 -0.37906749
126.12412806 -9.76312203 -0.36916304
126.37041191 -10.47021583 -0.37456275
126.60287326 -11.14348779 -0.37238297
126.87107456 -11.84042164 -0.38591877
127.15210685 -12.53414292 -0.40099484
127.43959683 -13.24773456 -0.41213843
127.72638600 -13.97422946 -0.42208914
128.03142444 -14.69350594 -0.42803248
128.32940068 -15.41183885 -0.45005462
128.64567950 -16.16191055 -0.46635158
128.95867898 -16.91418610 -0.47742905
129.26984453 -17.66759819 -0.47182269
129.61787785 -18.46725985 -0.45290438
129.96195485 -19.25205851 -0.46901395
130.30888274 -20.04420830 -0.46816726
130.64627591 -20.85481791 -0.47249267
131.00299342 -21.69668412 -0.48268095
131.36256808 -22.54905162 -0.47573487
131.72053605 -23.39228984 -0.46692555
132.09082339 -24.25049653 -0.47675957
132.46237935 -25.12594771 -0.48287208
132.82430332 -25.98527763 -0.49750038
133.19081692 -26.86557480 -0.50008215
133.65531433 -28.00005853 -0.50125053
134.02302315 -28.88287044 -0.50514226
134.39411546 -29.77238841 -0.50295479
134.76547305 -30.66132047 -0.52156748
135.13525398 -31.54049714 -0.53887255
135.51946764 -32.44630065 -0.56171105
135.89154574 -33.34284322 -0.57379480
136.26382352 -34.24328396 -0.58817342
136.62931976 -35.13639364 -0.58671708
136.99919153 -36.01608237 -0.59326766
137.37167566 -36.89803983 -0.61353803
137.73481835 -37.77793351 -0.61067868
138.12107553 -38.65731886 -0.60766902
138.52915963 -39.52799062 -0.60665549
138.91199002 -40.40456546 -0.60424306
139.30886606 -41.30354294 -0.61383993
139.68994207 -42.18354281 -0.62043636
140.06964242 -43.05007127 -0.62452197
140.46532987 -43.93159702 -0.65180173
140.83516078 -44.80308409 -0.67516815
141.19656416 -45.66799896 -0.68885983
141.56327048 -46.53832174 -0.71447703
141.92347825 -47.37676841 -0.71246386
142.29680246 -48.23667915 -0.70614711
142.66266586 -49.09996508 -0.70412282
143.02546330 -49.95816716 -0.69835419
143.39398124 -50.81185466 -0.70652428
143.75578231 -51.65655923 -0.71162239
144.10765726 -52.47928406 -0.71635755
144.46166503 -53.29923232 -0.71448220
144.80234328 -54.10025872 -0.70425242
145.14275545 -54.89601454 -0.69715404
145.47424746 -55.68018402 -0.71127251
145.79428269 -56.44956097 -0.72614904
146.09095066 -57.20033698 -0.73128932
146.37492201 -57.95707009 -0.71222168
146.65584555 -58.69346012 -0.67672097
146.93524592 -59.39573050 -0.66601423
147.20385159 -60.09172705 -0.66489061
147.44283484 -60.76788827 -0.67778116
147.67129513 -61.41459580 -0.67316618
147.90459478 -62.03425830 -0.67806888
148.13808314 -62.63128819 -0.66854407
148.35465328 -63.22025164 -0.65981727
148.56469992 -63.77160797 -0.64183714
148.76947439 -64.33773818 -0.63482744
148.98326370 -64.86895349 -0.62117967
149.21600039 -65.39215840 -0.61172510
149.46250889 -65.89657930 -0.59382437
149.72625975 -66.38154650 -0.58785579
150.00576754 -66.84015156 -0.57628738
150.30812740 -67.29720733 -0.57455547
150.62647610 -67.74011148 -0.56531177
150.96306078 -68.16426577 -0.55850186
151.32706983 -68.57790683 -0.55298640
151.71443381 -68.97848956 -0.54899651
152.11179030 -69.36391465 -0.54544969
152.54738243 -69.74587859 -0.52352875
152.99323371 -70.09404490 -0.51466144
153.46087897 -70.43863674 -0.52582809
153.92822092 -70.77243370 -0.51849127
154.42716243 -71.10247931 -0.51315311
154.96689188 -71.42428363 -0.52357114
155.49203372 -71.74332225 -0.53287516
156.03845854 -72.06061053 -0.54042427
156.57732657 -72.38644491 -0.54842516
157.13061952 -72.71427502 -0.55456106
157.70158951 -73.03887405 -0.56616235
158.25163862 -73.37986417 -0.57001921
158.81799615 -73.72961668 -0.56696034
159.39365925 -74.08873641 -0.57859773
159.95583639 -74.44578411 -0.59116432
160.54914692 -74.82651933 -0.60797190
161.15131053 -75.21783688 -0.62295943
161.74531157 -75.61066323 -0.61526808
162.39335497 -76.01599114 -0.62211029
162.99879174 -76.41893932 -0.61516098
163.60413711 -76.83851633 -0.62567898
164.19319744 -77.25151378 -0.63155729
164.77451993 -77.66478443 -0.62586337
165.40974333 -78.10041688 -0.61533289
166.03148406 -78.52138197 -0.60629804
166.67551818 -78.94869063 -0.60546132
167.26212762 -79.37089066 -0.59977396
167.86701070 -79.80897713 -0.59363986
168.50802665 -80.25111239 -0.58314898
169.18994860 -80.72176516 -0.58845092
169.83825839 -81.19483932 -0.63254724
170.58451626 -81.69362049 -0.66820580
171.24063173 -82.14396328 -0.67794465
171.85946919 -82.57119290 -0.69626097
172.47141442 -82.99741402 -0.70846525
173.10695773 -83.43087967 -0.72090187
173.76670722 -83.89111979 -0.72338950
174.41262788 -84.34518623 -0.71710715
175.03292293 -84.77480467 -0.71462585
175.72096423 -85.24077245 -0.73049838
176.35368408 -85.68639753 -0.73057861
177.02442260 -86.14160936 -0.73619823
177.66567678 -86.58770349 -0.72348664
178.37713589 -87.06552104 -0.72194171
179.07459643 -87.56655501 -0.72252670
179.79959787 -88.07143519 -0.71426375
180.47634284 -88.55385642 -0.69743223
181.16884645 -89.03520740 -0.69139749
181.84287616 -89.51918869 -0.69571177
182.52207682 -90.01621002 -0.68728699
183.19862806 -90.50676794 -0.67874027
183.89817520 -91.01354973 -0.67357162
184.59937931 -91.51625262 -0.66307827
185.29819222 -92.00778427 -0.65547029
186.00150217 -92.51161917 -0.64718139
186.69994154 -93.01469846 -0.65043089
187.40406830 -93.51001545 -0.65922890
188.09103315 -93.98940779 -0.67277807
188.78517475 -94.47044345 -0.65259043
189.47071024 -94.95005583 -0.63518236
190.15572985 -95.43084781 -0.63389674
190.84874235 -95.90620582 -0.64901584
191.55195315 -96.39067763 -0.66363690
192.24791592 -96.87260932 -0.66298811
192.93167718 -97.37622732 -0.65580235
193.62790581 -97.86417931 -0.64144256
194.32777426 -98.35994150 -0.63881026
195.05886927 -98.87957437 -0.65647406
195.76885074 -99.38394544 -0.67096327
196.48614599 -99.90278671 -0.67244360
197.18537917 -100.39959716 -0.66378070
197.90197114 -100.90458828 -0.65047292
198.62463069 -101.40933982 -0.64273987
199.34159513 -101.90207145 -0.64440884
200.05925776 -102.40264780 -0.64832195
200.77836897 -102.89990956 -0.64953888
201.51770980 -103.42259053 -0.64773893
202.27505026 -103.95600878 -0.65128406
203.02133397 -104.48090981 -0.65687195
203.75848475 -105.00092019 -0.63848525
204.53244941 -105.55448013 -0.63528780
205.29132359 -106.09871724 -0.66501714
206.02852464 -106.63928426 -0.66114840
206.77601792 -107.16876641 -0.65384807
207.50583987 -107.67978407 -0.64351720
208.23446137 -108.19309219 -0.64300942
208.96951310 -108.70788836 -0.64963654
209.67941407 -109.22997505 -0.65854976
210.36922271 -109.73150894 -0.66726160
211.09302544 -110.26219460 -0.66450304
211.82068353 -110.79252016 -0.65812538
212.53719466 -111.30984585 -0.64764225
213.23834099 -111.81190199 -0.63887723
213.93794485 -112.32173249 -0.64052855
214.63587857 -112.83951325 -0.63886060
215.34962081 -113.34960085 -0.63072057
216.03539339 -113.84640986 -0.61948970
216.71542121 -114.32937963 -0.60556512
217.39238158 -114.80054902 -0.60335179
218.07956205 -115.27969646 -0.61290977
218.76640646 -115.76659715 -0.60469961
219.44907932 -116.24325255 -0.58602791
220.11934704 -116.72363869 -0.56911737
220.78006430 -117.19352372 -0.56525540
221.43064472 -117.65620389 -0.56113781
222.07206149 -118.10704492 -0.55756135
222.72562530 -118.55273431 -0.55028616
223.34706154 -118.98315365 -0.54417324
223.97461617 -119.41742646 -0.53182062
224.58399417 -119.84071797 -0.52815206
225.16749561 -120.24761074 -0.52431013
225.77813115 -120.65880810 -0.52777629
226.34904671 -121.07053135 -0.53402701
226.92885008 -121.48149475 -0.53011821
227.50121595 -121.88484992 -0.52391285
228.06509429 -122.29419161 -0.51482965
228.62333828 -122.69753012 -0.51274757
229.16725066 -123.08574619 -0.51006019
229.69723225 -123.47011785 -0.50979422
230.20191946 -123.84209928 -0.50825587
230.72216333 -124.23653486 -0.49912772
231.19231509 -124.61243672 -0.48973247
231.66078684 -124.99949039 -0.47993866
232.11800462 -125.38562185 -0.46875724
232.55777137 -125.73988761 -0.46981863
232.98569584 -126.10701280 -0.46717900
233.40147548 -126.47738583 -0.46484251
233.79960763 -126.82620463 -0.46513450
234.17697523 -127.16184737 -0.46353893
234.53774305 -127.49398353 -0.45942641
234.88391025 -127.81920898 -0.44723326
235.19508899 -128.11424027 -0.44770236
235.50056227 -128.39643257 -0.43902308
235.77462655 -128.64955195 -0.43869782
236.04800778 -128.89106783 -0.43405233
236.28915648 -129.11512783 -0.43053179
236.53351413 -129.33685065 -0.42664824
236.76316453 -129.53972669 -0.42958741
236.98632271 -129.72370301 -0.41948295
237.19322867 -129.89332417 -0.42217796
237.38769622 -130.05787423 -0.41655940
237.58499969 -130.22035509 -0.41236329
237.78913436 -130.36304979 -0.41445452
237.99197135 -130.49704247 -0.41489771
238.19903745 -130.63151752 -0.41905512
238.40525328 -130.75401019 -0.41942216
238.60326932 -130.86699265 -0.42094736
238.81347544 -130.97043012 -0.41334452
239.02460359 -131.06565154 -0.41642574
239.24556515 -131.14844250 -0.41134510
239.46226681 -131.22239681 -0.41148308
239.69587845 -131.27876072 -0.41323874
239.95013203 -131.33163563 -0.41304695
240.22218648 -131.37840779 -0.42349765
240.49333520 -131.44533452 -0.42203747
240.78590300 -131.47433935 -0.42063208
241.08230395 -131.47981166 -0.41222948
241.38681084 -131.43437621 -0.41780135
241.69448070 -131.38160875 -0.41605899
242.00413948 -131.32858800 -0.43069783
242.33377821 -131.26143654 -0.43220714
242.65078507 -131.17215582 -0.43017231
242.99596153 -131.03896601 -0.42295473
243.34272282 -130.86259992 -0.41186675
243.69464775 -130.66459025 -0.41427260
244.05119785 -130.45161124 -0.41887604
244.42121168 -130.20383207 -0.41731434
244.79000206 -129.92534880 -0.42802146
245.16418238 -129.61452269 -0.44183131
245.55874294 -129.28710617 -0.45298278
245.96515137 -128.92112580 -0.45547962
246.37197588 -128.53432714 -0.45244668
246.78463533 -128.11983103 -0.45631365
247.19800070 -127.68399719 -0.46562685
247.61013775 -127.21819431 -0.47054967
248.02835568 -126.71348547 -0.45722846
248.42788428 -126.20581485 -0.45426299
248.82664533 -125.67372847 -0.46770696
249.23333055 -125.11222503 -0.48587233
249.64658623 -124.52263998 -0.49699025
250.04972109 -123.89991314 -0.47508427
250.46737314 -123.26930517 -0.45231539
250.88361689 -122.65056480 -0.43267686
251.28371741 -121.98729980 -0.43655358
251.69923976 -121.31847864 -0.43634589
252.12604727 -120.62761184 -0.44230403
252.56684666 -119.91409425 -0.45431919
253.01672686 -119.20227942 -0.46527423
253.48563906 -118.44866865 -0.46243542
253.96525472 -117.65173037 -0.49265049
254.44071700 -116.84960647 -0.52079194
254.95782623 -116.06132720 -0.52446566
255.47164327 -115.31248377 -0.52253059
255.97786769 -114.52506508 -0.53551264
256.49388084 -113.73504922 -0.56693795
257.01570529 -113.00843390 -0.55034161
257.53807667 -112.20822813 -0.56493740
258.05335069 -111.40873372 -0.57434109
258.60396231 -110.57701860 -0.57316397
259.14224164 -109.77005124 -0.56987398
259.68128065 -108.92991990 -0.57909167
260.23268518 -108.08423410 -0.60123168
260.77333362 -107.24278090 -0.61967226
261.31391667 -106.41130753 -0.62803625
261.83928662 -105.58287586 -0.63333253
262.34937792 -104.77117771 -0.61902588
262.87752971 -103.91326789 -0.61911456
263.42952325 -103.12013822 -0.60355261
263.96322324 -102.24062519 -0.62911321
264.50417556 -101.39381630 -0.64436579
265.04697261 -100.54638609 -0.64848230
265.58417147 -99.72794722 -0.66590684
266.12240987 -98.86712849 -0.70550264
266.66275707 -98.03444602 -0.72891290
267.19611311 -97.20386029 -0.73326728
267.75181136 -96.33818556 -0.75008687
268.31389058 -95.46012858 -0.76970631
268.88013805 -94.55315859 -0.75961468
269.44036705 -93.66815697 -0.77545430
270.00966792 -92.76861077 -0.78459257
270.56408591 -91.89866895 -0.80516451
271.14726505 -91.04113126 -0.82883697
271.69488255 -90.15687868 -0.83957736
272.34775445 -89.27895351 -0.83011452
272.99653411 -88.40963206 -0.82429923
273.51099804 -87.59642538 -0.84713052
274.07505828 -86.78396948 -0.85472335
274.64864024 -85.95599527 -0.87234086
275.20112837 -85.13942463 -0.88639214
275.72725081 -84.33771915 -0.87024318
276.25186055 -83.51327043 -0.87254042
276.79002361 -82.68695440 -0.88265248
277.30116098 -81.84181359 -0.87332078
277.84445667 -80.97652053 -0.85940107
278.38593081 -80.11105354 -0.84858963
278.92647996 -79.25263241 -0.83848148
279.45859301 -78.42662366 -0.83474019
279.98775182 -77.53554082 -0.83971655
280.52872430 -76.69224909 -0.85283697
281.07943141 -75.81375676 -0.84871644
281.63567333 -74.97918016 -0.85913589
282.17207084 -74.13699391 -0.87448878
282.71055964 -73.29849346 -0.87357075
283.23019820 -72.44647720 -0.89249874
283.75828778 -71.60012344 -0.89905490
284.31420459 -70.75455342 -0.89052769
284.90221400 -69.91883116 -0.88691539
285.45407489 -69.09261031 -0.86171402
285.96187704 -68.28012203 -0.88516056
286.58786388 -67.47584457 -0.90684667
287.13737787 -66.64622762 -0.91674069
287.69758823 -65.78431856 -0.90936512
288.25516699 -64.95267783 -0.88954837
288.82336092 -64.08691308 -0.86820812
289.40333236 -63.26102103 -0.85769357
289.96433239 -62.40938639 -0.85793045
290.53760100 -61.57382239 -0.87005917
291.10503225 -60.73962270 -0.89152230
291.68519951 -59.90120503 -0.89796527
292.26470582 -59.07100534 -0.88718428
292.81146444 -58.30269342 -0.89299455
293.39026446 -57.50633774 -0.88955963
293.97002050 -56.70716895 -0.88608058
294.55838291 -55.90776176 -0.87729051
295.11720558 -55.16446661 -0.86962309
295.67321796 -54.43205138 -0.86944760
296.24795648 -53.68593831 -0.87114778
296.81428090 -52.93888648 -0.86969428
297.37884376 -52.22472214 -0.86497706
297.98002906 -51.49452719 -0.86493840
298.57093811 -50.77236374 -0.85282947
299.14386245 -50.07746562 -0.84469647
299.69489226 -49.35718774 -0.83966851
300.27689855 -48.60478226 -0.83381575
300.83242284 -47.90296532 -0.82199007
301.39832737 -47.20880498 -0.81891959
301.96578357 -46.49763080 -0.82530715
302.51945489 -45.80618537 -0.82328554
303.07784656 -45.10064735 -0.81938562
303.64719373 -44.34764978 -0.80690357
304.18509945 -43.64077734 -0.79177931
304.73298261 -42.91833649 -0.79058862
305.21664189 -42.25972743 -0.77960524
305.71974935 -41.56559326 -0.77841787
306.21306943 -40.95949485 -0.78625972
306.67850385 -40.32776150 -0.77679831
307.15947360 -39.68717753 -0.76986324
307.65452065 -39.02303499 -0.77217464
308.10100076 -38.43879866 -0.77109981
308.57117509 -37.86716125 -0.77357482
309.04703085 -37.28688753 -0.77592537
309.51402530 -36.70883082 -0.76688869
309.95614826 -36.17984530 -0.76300761
310.41487397 -35.64157925 -0.75012676
310.87933375 -35.12740652 -0.75286234
311.33750324 -34.61295017 -0.73962080
311.76538357 -34.15433454 -0.73790233
312.18010319 -33.71766113 -0.73782596
312.58906645 -33.28047845 -0.73947908
312.98892913 -32.85920128 -0.73070248
313.39966413 -32.43350920 -0.71741586
313.80132746 -32.03385081 -0.71652359
314.18777124 -31.68571692 -0.70671385
314.56331065 -31.35567036 -0.70079638
314.91439063 -30.99766170 -0.69989815
315.26486193 -30.65529614 -0.70891798
315.66305856 -30.26274741 -0.72141488
316.05139849 -29.89571954 -0.72042959
316.45630857 -29.53008704 -0.71383476
316.82511520 -29.12321734 -0.69606206
317.18786389 -28.71394138 -0.69340469
317.55506049 -28.31826154 -0.68585222
317.90639380 -27.94081833 -0.68806427
318.24141315 -27.55109162 -0.68979352
318.54429918 -27.11051694 -0.69466215
318.82802904 -26.67912542 -0.69890927
319.12331181 -26.26456298 -0.69932414
319.37982442 -25.80859902 -0.69295652
319.61516882 -25.34110820 -0.67853095
319.79353017 -24.87803821 -0.66919413
319.97746179 -24.37082982 -0.65491298
320.12396684 -23.88105413 -0.65477120
320.26596641 -23.34599009 -0.64490960
320.35075093 -22.84924392 -0.65360220
320.42397585 -22.33724180 -0.63768610
320.46566711 -21.80701402 -0.63270610
320.46922463 -21.23517194 -0.62979636
320.41826461 -20.66731623 -0.62130892
320.34140314 -20.09918194 -0.63870975
320.25738771 -19.51209888 -0.64548230
320.11790725 -18.95932965 -0.63845917
319.96890626 -18.38884483 -0.63799575
319.75600864 -17.81147395 -0.64056159
319.52813491 -17.24418163 -0.64831680
319.26244951 -16.69349275 -0.65133712
318.94584651 -16.09685009 -0.65581823
318.62832016 -15.53718251 -0.64582510
318.26962678 -14.95932114 -0.63014539
317.89021300 -14.37415937 -0.62242093
317.50519612 -13.78393131 -0.60932901
317.10910170 -13.18438327 -0.61450692
316.70273764 -12.57326219 -0.62549945
316.29517136 -11.94351250 -0.62152602
315.88778064 -11.31373978 -0.62136982
315.46005086 -10.65623053 -0.63050432
315.03255420 -9.99135024 -0.64049924
314.61367816 -9.34583334 -0.65515439
314.16342146 -8.62382221 -0.66930620
313.75987711 -7.96008888 -0.67746623
313.31953389 -7.24544466 -0.67836804
312.89714635 -6.52127332 -0.67206707
312.45980205 -5.79488353 -0.66246347
312.05092223 -5.07810389 -0.66490570
311.59273794 -4.31734947 -0.67075326
311.13025927 -3.52855842 -0.66547222
310.68150827 -2.75885595 -0.66487419
310.22620694 -1.97923930 -0.66346263
309.76090955 -1.20160884 -0.65876642
309.30816962 -0.42515513 -0.66845166
308.87364102 0.36187389 -0.67458341
308.38987232 1.21461138 -0.68615705
307.94252801 2.02964130 -0.66930872
307.51349995 2.83968682 -0.65919581
307.07555039 3.65917501 -0.65458967
306.65617709 4.48563160 -0.65646303
306.24555290 5.30407715 -0.66368506
305.86357917 6.10456853 -0.65579104
305.48579973 6.94170908 -0.63941792
305.11868811 7.78000088 -0.62540888
304.75476950 8.60738493 -0.62692131
304.40520292 9.45108796 -0.60946904
304.07524370 10.29975836 -0.60609413
303.74060818 11.16654045 -0.60921682
303.41827093 12.04360649 -0.60738745
303.08910686 12.91649506 -0.60322851
302.73766285 13.79898166 -0.60133136
302.36714922 14.68701795 -0.60471454
302.01159747 15.55240482 -0.61565955
301.68259347 16.44563773 -0.62356858
301.32691482 17.32964242 -0.61927850
300.95660489 18.18845061 -0.63035725
300.59302901 19.05561966 -0.63812730
300.22241603 19.92986058 -0.64250737
299.82141477 20.79602990 -0.63365154
299.42290009 21.66887299 -0.62100838
299.04643769 22.51794690 -0.60191684
298.65947646 23.36750047 -0.59599545
298.24001820 24.24234352 -0.59182780
297.79141239 25.09636968 -0.59822587
297.35591531 25.96166859 -0.60663605
296.90668709 26.81774294 -0.60590188
296.44682666 27.70169327 -0.60191437
296.00597341 28.56948859 -0.60304267
295.54651375 29.43507041 -0.60422056
295.07351277 30.27216589 -0.60746542
294.61960400 31.11220831 -0.63160628
294.15355938 31.92904822 -0.64212618
293.67062383 32.74982408 -0.65685151
293.21112195 33.56347326 -0.66327265
292.74382032 34.38594553 -0.67037667
292.28165209 35.20048448 -0.67408456
291.84537636 36.00238309 -0.66338925
291.39038287 36.81452099 -0.67878515
290.95404079 37.61721368 -0.67870436
290.49916967 38.44418471 -0.67178799
290.05829292 39.26498803 -0.65758739
289.63284444 40.08539676 -0.65452301
289.20614183 40.86820062 -0.65774843
288.77882359 41.66594438 -0.65980448
288.36850660 42.45014732 -0.66083587
287.94584944 43.25073295 -0.66458086
287.52521892 44.01902896 -0.67156175
287.08241450 44.80971765 -0.66360856
286.65451915 45.60413874 -0.66293117
286.22402513 46.35768988 -0.65781720
285.80747197 47.11247310 -0.65888259
285.39530734 47.86048062 -0.65398435
284.98516965 48.58087485 -0.65433840
284.59703620 49.29132572 -0.66948448
284.21669617 49.99280984 -0.67173705
283.83837057 50.66829296 -0.65505806
283.47263039 51.32797033 -0.64655088
283.11037929 51.96527494 -0.64446397
282.77107122 52.60234673 -0.65274109
282.40279452 53.22855879 -0.65598242
282.04834020 53.83996428 -0.66357026
281.70332832 54.44067386 -0.66972918
281.35914711 55.04111079 -0.66624044
281.03486179 55.59647786 -0.66176289
280.69393660 56.18051092 -0.66805736
280.38061780 56.73685594 -0.67538617
280.11502369 57.24579754 -0.67364392
279.83462495 57.73983884 -0.66624891
279.56024785 58.22384204 -0.67145968
279.30195618 58.66155714 -0.67782611
279.06642405 59.09641096 -0.67355600
278.82616746 59.55144684 -0.67404556
278.61488045 59.94636378 -0.65865573
278.42705354 60.33020776 -0.65563295
278.23930128 60.70413378 -0.65653389
278.07085704 61.05261024 -0.64927804
277.91572677 61.39025313 -0.64889481
277.75504930 61.71821041 -0.64288776
277.59336773 62.05408045 -0.62653398
277.48918058 62.27824624 -0.61982640
277.38886397 62.48729041 -0.62049033
277.31044870 62.67984182 -0.62210875
277.23375562 62.87898117 -0.62188607
277.16247522 63.09359975 -0.61643949
277.08894845 63.31478402 -0.61884287
277.02203757 63.51164490 -0.62660485
276.95491290 63.72701132 -0.63046859
276.89223261 63.96655964 -0.63756049
276.83717865 64.17394768 -0.62981603
276.78437881 64.34559237 -0.62352622
276.71148848 64.55263745 -0.61287663
276.65015676 64.77679949 -0.61112810
276.58266162 64.99081156 -0.62007278
276.53191307 65.21414137 -0.62571262
276.46639203 65.47734158 -0.62272034
276.40314777 65.74044825 -0.62099954
276.33536826 66.05022755 -0.61486513
276.26701299 66.39835508 -0.60406942
276.18541803 66.75608195 -0.59601216
276.08844147 67.13997315 -0.59497534
276.01365216 67.55219794 -0.60301090
275.92442748 67.99707257 -0.60880117
275.81251252 68.44865211 -0.58892980
275.75486061 68.93735202 -0.57288319
275.66173344 69.44061157 -0.55777088
275.53818094 69.94004449 -0.53919132
275.39357820 70.44705079 -0.53925476
275.29967954 70.99760554 -0.54154860
275.20535588 71.56709471 -0.54795117
275.06261580 72.11253730 -0.54253023
274.92450211 72.69898743 -0.54911715
274.75958711 73.28460822 -0.55984828
274.57762864 73.89791452 -0.57232112
274.39935514 74.50534209 -0.57110271
274.21317315 75.12244751 -0.57522832
274.00681931 75.77066774 -0.56515938
273.80953176 76.41442835 -0.56407453
273.59597810 77.07188232 -0.56420611
273.35173484 77.71371668 -0.58140271
273.09943783 78.39186448 -0.56497004
272.81619052 79.08709056 -0.55340157
272.54007507 79.78953894 -0.56066781
272.28096958 80.47785667 -0.55084292
272.00073748 81.19284967 -0.54978173
271.69204703 81.91729153 -0.54113674
271.37603367 82.63990794 -0.53509969
271.08728743 83.34635302 -0.52935858
270.77751189 84.07337734 -0.52410507
270.46304328 84.81534401 -0.51858821
270.15659967 85.54564986 -0.51921631
269.83099896 86.33995564 -0.50346999
269.51505299 87.08638549 -0.49166376
269.17123002 87.88198303 -0.47071519
268.82836417 88.66774993 -0.46177710
268.48768207 89.44808748 -0.45157465
268.13924127 90.22468821 -0.45740209
267.80511456 90.99324787 -0.46020543
267.46331792 91.80978506 -0.44575118
267.13021123 92.61376508 -0.42735298
266.78627921 93.38638908 -0.42166511
266.42529158 94.16861976 -0.40612916
266.06342671 94.94820270 -0.39757747
265.72634203 95.70547439 -0.39882897
265.38591166 96.47773522 -0.37442440
265.03882831 97.21340113 -0.35650908
264.69020422 97.92833844 -0.34828745
264.35460484 98.67671356 -0.34934100
264.00377082 99.45071823 -0.33646184
263.66089972 100.19454218 -0.29598196
263.31462704 100.93801652 -0.28304762
262.96471629 101.64135990 -0.28544464
262.64551798 102.34164604 -0.27122450
262.31086237 103.03713210 -0.25963163
261.99280390 103.71429310 -0.24650210
261.68862031 104.36876845 -0.22887187
261.37429122 104.99127421 -0.20814013
261.04901974 105.61454440 -0.19808905
260.73424702 106.22659290 -0.18630736
260.41886272 106.80867477 -0.16666854
260.13649187 107.34086097 -0.16791481
259.85070860 107.87508466 -0.17494959
259.57054954 108.37673493 -0.18185646
259.25592534 108.90554512 -0.16481555
258.95476410 109.42250077 -0.15965093
258.65500284 109.91597506 -0.14094923
258.34415708 110.38454739 -0.12515670
258.03327945 110.80065800 -0.11465038
257.70014477 111.24480887 -0.08893595
257.34143454 111.67026203 -0.07247818
256.98754513 112.07909031 -0.05609920
256.60047515 112.46890437 -0.04364802
256.22659561 112.82829919 -0.02941988
255.80440811 113.21202467 -0.01674887
255.35661730 113.57691244 0.00319910
254.89773608 113.92878342 0.00468874
254.44620001 114.26334265 0.01778951
253.97257267 114.59566318 0.02932263
253.45537791 114.90546459 0.04785384
252.96311926 115.19704344 0.06341410
252.41410369 115.51438579 0.07269967
251.85823811 115.80912026 0.06309163
251.30582977 116.09501206 0.06080519
250.72474479 116.41016757 0.05251141
250.11451287 116.76460532 0.05745493
249.47850741 117.08758488 0.05473987
248.84350554 117.42432785 0.05262242
248.19924390 117.78782616 0.04384923
247.54563412 118.15794826 0.04536574
246.83761965 118.52774068 0.04846726
246.14902775 118.90477770 0.04261737
245.45640344 119.26847600 0.04615015
244.75806912 119.64354160 0.03411991
244.04546141 120.00556423 0.03436972
243.29888049 120.38305468 0.01885366
242.54153432 120.80414339 0.01332982
241.75933334 121.22463767 0.02644872
240.93952155 121.66408090 0.02283499
240.11110996 122.11058735 0.03250841
239.29336524 122.53592931 0.03504398
238.46358250 122.97384083 0.03642313
237.63084297 123.41982734 0.01656465
236.79675887 123.88325223 0.00595398
235.98512539 124.32521019 0.02289210
235.14506025 124.80129848 0.01250904
234.29283592 125.25857578 0.04180078
233.41757560 125.72749237 0.07473918
232.51685886 126.20926614 0.09747914
231.60812120 126.70995737 0.11255646
230.71441963 127.16480810 0.10405109
229.80026609 127.63931208 0.09192216
228.88036497 128.13573676 0.07983431
227.96936798 128.60786926 0.08046956
227.02504196 129.07769319 0.08586353
226.07716290 129.54821220 0.09679935
225.18419598 129.99920256 0.09736251
224.25375055 130.45817608 0.11159754
223.33285603 130.91622360 0.11261409
222.44330696 131.34683246 0.10078148
221.52237722 131.79876345 0.09549603
220.61940845 132.21538663 0.10377453
219.71958277 132.65847609 0.13335189
218.78235677 133.08659496 0.14808894
217.85510642 133.52195563 0.14866220
216.97896338 133.92389169 0.14788977
216.10841722 134.34210946 0.14379022
215.21102181 134.75975527 0.13896310
214.32826481 135.18180755 0.15058288
213.42612854 135.60270488 0.15882171
212.51460450 136.03283447 0.19325134
211.60137370 136.43614944 0.21302500
210.69521478 136.84699190 0.23598068
209.78461603 137.25065428 0.22803680
208.92267959 137.64001371 0.23939037
208.04350813 138.04281344 0.24727199
207.15335415 138.42086735 0.26107230
206.26381246 138.82354014 0.26889577
205.36137197 139.22242850 0.28766996
204.47968833 139.59951744 0.28699898
203.57949965 139.98440007 0.28911013
202.72419895 140.34739729 0.29350559
201.85881142 140.70434689 0.30029826
200.98927163 141.08121629 0.30877763
200.13005968 141.42706622 0.30836949
199.32258519 141.76191272 0.30475150
198.53242766 142.09809340 0.31278705
197.71753615 142.42128574 0.31020564
196.91986411 142.73713231 0.31843332
196.13397350 143.07334358 0.33033306
195.37851841 143.38144456 0.34231741
194.62504749 143.68792207 0.35479210
193.93943463 143.98837259 0.36532986
193.25520585 144.25325276 0.36156933
192.60378949 144.52054680 0.36431052
191.95496152 144.78033533 0.36504895
191.33022179 145.04819333 0.37108001
190.70509556 145.31546625 0.36206765
190.11340426 145.59118414 0.35555952
189.52267409 145.85619462 0.35293251
188.70723835 146.12107715 0.37766981
188.14609879 146.40865731 0.38108594
187.60615261 146.68885160 0.37542154
187.08622854 146.99020811 0.36892425
186.57194802 147.30270621 0.35897214
186.06605996 147.63778152 0.35339562
185.56155900 147.98826176 0.33981296
185.09184620 148.36324887 0.33022294
184.63898508 148.72747478 0.32028548
184.18605673 149.11962721 0.32105569
183.73851063 149.53878944 0.31365637
183.31093099 149.98391231 0.30175040
182.92351503 150.43289562 0.29537477
182.58662421 150.92142812 0.29524447
182.26397299 151.43498862 0.27684802
181.97479994 151.97745183 0.27769581
181.71809501 152.49980503 0.27584306
181.48965573 153.05534182 0.28265384
181.28623511 153.59817922 0.26687418
181.12000220 154.18374890 0.23609967
181.00618603 154.76827204 0.22778406
180.91756731 155.38527330 0.23838666
180.85124219 156.03250948 0.25168381
180.79341900 156.67103045 0.25652296
180.78535794 157.31445140 0.25709215
180.78290487 157.93162275 0.26640120
180.83992809 158.61170834 0.27478259
180.90650145 159.27209371 0.26292399
181.04643014 159.95761471 0.27377536
181.18977309 160.64411327 0.28175286
181.36620645 161.31927003 0.28551212
181.55547170 162.00158018 0.30447257
181.76093269 162.69503355 0.32855020
181.99103450 163.41499872 0.34026581
182.22663074 164.12900751 0.34444236
182.48647336 164.81793347 0.34244367
182.75132484 165.52895606 0.33240415
183.01167382 166.23936651 0.33305184
183.28734696 166.95456969 0.32814484
183.55963419 167.64673048 0.33174771
183.85230268 168.40330229 0.33712927
184.14135049 169.15856639 0.33607566
184.44823368 169.88467370 0.34227002
184.71561138 170.58724071 0.34159761
184.99066360 171.30662474 0.33466187
185.30870377 172.06079776 0.35559564
185.60580153 172.81244580 0.37329322
185.92243544 173.57439330 0.40312818
186.25047212 174.38689738 0.42646979
186.57357555 175.17924002 0.45152708
186.90027073 176.00249802 0.46315603
187.23373798 176.78188499 0.46405528
187.55029727 177.58662047 0.46469272
187.90176098 178.40720534 0.45619309
188.25276508 179.24079102 0.44519962
188.60364368 180.09287227 0.43938543
188.96131803 180.96017843 0.44748137
189.33488865 181.83781501 0.46789191
189.71224537 182.73105381 0.48253456
190.10823871 183.65295489 0.48409720
190.50733169 184.56695088 0.48599024
190.90737923 185.46387450 0.48357537
191.31979610 186.38636784 0.48402494
191.72645999 187.30143052 0.46795479
192.14689004 188.24987243 0.45546352
192.57340578 189.20566892 0.46844338
193.00612278 190.16192883 0.48594442
193.44094956 191.13443104 0.49072936
193.85696542 192.09447487 0.47482140
194.29283305 193.05693728 0.46656250
194.73423234 194.02473069 0.46060547
195.17845736 194.99582736 0.46827851
195.61785439 195.97615659 0.47342250
196.05848073 196.96457928 0.47204484
196.50447317 197.95605677 0.46906473
196.94170661 198.93896473 0.46588122
197.39415925 199.92255742 0.45373048
197.84303660 200.90500577 0.44305113
198.29628768 201.87805830 0.42862525
198.74406149 202.83308225 0.42400080
199.20301559 203.80159718 0.42618568
199.64861327 204.75211344 0.42215520
200.10113670 205.72289546 0.42281398
200.55298811 206.68514661 0.42820907
200.99710845 207.66413008 0.43471984
201.43630849 208.63065030 0.43245836
201.87341608 209.58972817 0.41622038
202.30612797 210.53585449 0.40035958
202.74895188 211.47958299 0.39756200
203.19182684 212.39948893 0.39692620
203.63675868 213.33852942 0.39577393
204.08395753 214.27464093 0.39467067
204.54065417 215.24545066 0.38969968
204.99578895 216.20140161 0.38318791
205.45148204 217.16335162 0.37938994
205.90696233 218.10546274 0.37534736
206.35991230 219.04956089 0.38469353
206.81127839 219.97266838 0.38609020
207.25667433 220.91312231 0.38260039
207.71910428 221.82980444 0.37505940
208.16542887 222.72768433 0.36453174
208.60216541 223.61997836 0.35980074
209.03059059 224.55125452 0.35639353
209.48018183 225.44789261 0.34995733
209.92570109 226.37383449 0.35297273
210.37226517 227.32033441 0.34140000
210.80611310 228.25548319 0.32369444
211.23181716 229.17040902 0.30771327
211.66770771 230.11243958 0.29001116
212.09760812 231.03241133 0.27078417
212.52467504 231.93038740 0.25860945
212.94841147 232.83769756 0.25916567
213.35905053 233.73857932 0.24628908
213.78465507 234.66576945 0.22796907
214.19684711 235.57632139 0.22555343
214.60322111 236.49761106 0.22922173
215.00575148 237.42027622 0.23741679
215.39571978 238.32697029 0.23326197
215.78654979 239.23998390 0.22110642
216.15888215 240.14375432 0.21707077
216.53139863 241.05462134 0.21809104
216.90639662 241.96992497 0.19951770
217.29377401 242.89137324 0.19327676
217.68442746 243.80624680 0.17894502
218.07075871 244.70394048 0.17580255
218.47219163 245.62298415 0.16735587
218.88638075 246.54449859 0.16681257
219.30355170 247.45639183 0.16134622
219.71706095 248.39468721 0.15257335
220.15565260 249.34238394 0.14068611
220.57916028 250.26291205 0.11836027
221.01044312 251.18575202 0.09134626
221.45891474 252.12338418 0.06850989
221.90650544 253.03327407 0.04851983
222.36441027 253.97505150 0.04902521
222.81721154 254.87178863 0.04764719
223.25707690 255.72937565 0.04814667
223.70088723 256.61867233 0.04357062
224.15687357 257.51524218 0.04878173
224.61136759 258.40854486 0.05001716
225.07307773 259.31382287 0.04337828
225.53906664 260.21873015 0.03814520
226.01073429 261.09627776 0.04958585
226.48487049 262.00141484 0.04577323
226.95749848 262.88473162 0.03404613
227.41312869 263.75969585 0.01328428
227.88415904 264.64138554 0.00469349
228.34820903 265.51777643 0.00103833
228.81531406 266.39117196 0.00145116
229.27981509 267.24436560 0.00134562
229.75082239 268.12337622 -0.01273566
230.21497810 268.99000047 -0.02849745
230.67752522 269.86791749 -0.02850052
231.12851124 270.71920546 -0.03877852
231.58064399 271.54228272 -0.05474048
232.03167674 272.38566645 -0.06487860
232.45943149 273.18691385 -0.06915903
232.89519968 273.99661061 -0.08231877
233.32125549 274.78534243 -0.09291417
233.73701168 275.57229265 -0.09608602
234.15815705 276.34187991 -0.09758693
234.57442709 277.09308698 -0.11150870
234.98459306 277.83231504 -0.12007682
235.40061350 278.55133796 -0.12394370
235.81895715 279.27681553 -0.11562437
236.22817508 279.95482384 -0.11538386
236.62212506 280.62411786 -0.11095537
237.00666649 281.27160298 -0.12206590
237.38279256 281.88108256 -0.13916495
237.75330911 282.50033603 -0.15337573
238.11870820 283.09365780 -0.15910057
238.47801791 283.68372365 -0.16109701
238.83515625 284.27450424 -0.16518328
239.19567690 284.86490945 -0.17409848
239.55570205 285.44871505 -0.17884367
239.90721705 286.02387557 -0.16403964
240.26367405 286.60267635 -0.15466628
240.59723202 287.17090601 -0.14854985
240.92182446 287.74091503 -0.15277007
241.24131121 288.31620466 -0.15813246
241.56037287 288.89838919 -0.16296100
241.86234139 289.46591379 -0.15890801
242.15049830 290.05529713 -0.15949018
242.42619421 290.66716975 -0.14959120
242.72593266 291.29433209 -0.15114508
243.01242636 291.91925147 -0.15132157
243.29963151 292.57883005 -0.15444567
243.56898775 293.24800013 -0.15399594
243.85053214 293.94179544 -0.15959700
244.13827045 294.64840942 -0.16214956
244.42672292 295.35845584 -0.15044624
244.73150344 296.10019158 -0.13794123
245.04178360 296.83402541 -0.14132577
245.37384777 297.56994302 -0.14877974
245.71249021 298.33752964 -0.15173282
246.04839171 299.13007796 -0.16452075
246.41135922 299.92897048 -0.16288070
246.77989972 300.70931878 -0.14946312
247.18321093 301.52001935 -0.14569408
247.60291365 302.31805477 -0.15112450
248.03691998 303.14594053 -0.16009705
248.48041774 303.97121042 -0.16392687
248.93504676 304.80336459 -0.15191269
249.40200532 305.65825269 -0.13112451
249.88405798 306.50832829 -0.11744402
250.36791941 307.36036874 -0.10373367
250.86418626 308.22173849 -0.09924878
251.36581904 309.09856070 -0.09556059
251.88294894 309.98900989 -0.09435070
252.40452491 310.88881606 -0.08634343
252.92623026 311.80277231 -0.08385204
253.45270822 312.72327275 -0.08301938
253.98776001 313.67890974 -0.09552455
254.49971164 314.57472405 -0.09213768
255.03584862 315.52969093 -0.09322339
255.55569214 316.45479601 -0.08794526
256.06152568 317.38996885 -0.08902898
256.57808185 318.31465270 -0.07185324
257.07930506 319.26190347 -0.05115560
257.57272807 320.19929848 -0.04410819
258.06901118 321.15294883 -0.04045452
258.57195694 322.10858024 -0.04377154
259.06534972 323.06351406 -0.05159524
259.55354769 324.01167700 -0.05417191
260.03751177 324.94764858 -0.05139341
260.51194491 325.88046779 -0.05554290
260.99788484 326.80824098 -0.05731410
261.47851698 327.75762208 -0.05071742
261.97314739 328.70011843 -0.04097978
262.44988490 329.63318785 -0.03559432
262.91738506 330.55800989 -0.03633834
263.39831036 331.47930045 -0.04699617
263.86897708 332.39292036 -0.04805636
264.34407668 333.28953076 -0.05405171
264.83054167 334.21377394 -0.05469616
265.31352061 335.10619676 -0.04398003
265.78070277 335.99896851 -0.02480827
266.25155275 336.89074967 -0.00800402
266.70537283 337.75739393 0.00138634
267.16153974 338.59615070 0.04868674
267.59629081 339.42653144 0.04833570
268.03584374 340.23430747 0.04579420
268.45594295 341.07553137 0.04450390
268.87891978 341.86277887 0.04863793
269.28044707 342.66658009 0.05517766
269.69685154 343.45713824 0.05433838
270.10101395 344.24758717 0.05508610
270.50117326 345.01790513 0.04523373
270.88151604 345.78781011 0.03888264
271.24184926 346.58921943 0.04515962
271.61001604 347.36571167 0.03430305
271.96185095 348.12504982 0.02650246
272.29953491 348.88438938 0.01950979
272.62176609 349.58716777 0.00760349
272.96096416 350.27906449 0.00261385
273.25750429 350.95196408 0.00578452
273.54726066 351.58881189 0.00591802
273.81112127 352.25504088 0.00430186
274.06459331 352.88104453 0.01650130
274.30474054 353.44484837 0.00654996
274.52339211 354.01743012 0.00735950
274.72153166 354.54978930 0.00626190
274.91454911 355.05413988 0.01490846
275.11293517 355.52702273 0.01819560
275.30698960 355.99408797 0.01771466
275.50085590 356.44678799 0.02173138
275.71516295 356.88300740 0.02271028
275.94169736 357.29498235 0.01944287
276.18311884 357.68453874 0.02936789
276.45754065 358.07009881 0.03672415
276.72792657 358.43820121 0.03205680
277.02927345 358.77286907 0.02618940
277.34437071 359.10543310 0.03011645
277.68628753 359.41439938 0.02988130
278.05730745 359.70389897 0.02851819
278.44187536 359.95106470 0.03281288
278.82117557 360.20665259 0.04081592
279.22311139 360.42641062 0.05402916
279.57457751 360.51871821 0.06152563
279.93768313 360.59560101 0.08925488
280.34794945 360.71130340 0.09319976
280.74951672 360.81212100 0.10455833
281.19626038 360.89600605 0.08892363
281.53823937 360.88882969 0.11828171
281.88536557 360.83243154 0.04816695
282.31868838 360.84437387 0.01894305
282.76931968 360.80698518 0.00554922
283.23830154 360.72586491 0.00776235
283.70381425 360.61643967 0.01471264
284.16905386 360.48562888 0.01876096
284.67917836 360.34047612 -0.00684859
285.16278075 360.18578194 -0.01022853
285.66000102 359.94760395 0.00854142
286.10183885 359.83828556 0.02625922
286.63774148 359.60204730 0.03044162
287.19176514 359.34896775 0.02917479
287.73137231 359.09067328 0.02527153
288.34217285 358.82924152 0.01743532
288.88799058 358.53498652 0.03419231
289.44186427 358.25627615 0.05576057
290.00329881 357.96343495 0.05508585
290.61141262 357.66771446 0.04515195
291.21250567 357.35278871 0.03425487
291.82585965 357.04336720 0.03921173
292.43489630 356.72532892 0.02899493
293.05744297 356.41365996 0.02163018
293.71769153 356.09437982 0.01040989
294.38163594 355.75995366 0.00377785
295.06534888 355.42865300 0.00886343
295.76466323 355.07658252 0.00775898
296.46904372 354.72643645 -0.00038045
297.20317896 354.35844216 -0.01592422
297.96078351 353.97965399 -0.02808169
298.72407311 353.59920740 -0.03627117
299.49611076 353.21099737 -0.04032928
300.29104450 352.80891124 -0.05310606
301.05538945 352.42256503 -0.06869446
301.83980343 352.02460490 -0.07453064
302.63423791 351.63558756 -0.07522526
303.41928687 351.25386789 -0.06761111
304.24289302 350.84514119 -0.05541404
305.05490587 350.42848570 -0.05162649
305.86295356 350.01375186 -0.05563834
306.69150064 349.58329111 -0.06237311
307.54377021 349.13320601 -0.07529968
308.38657934 348.68752763 -0.07357936
309.24056010 348.25127172 -0.08678542
310.08602685 347.81306069 -0.09753983
310.93869479 347.36987473 -0.10476886
311.80840694 346.92449674 -0.10909528
312.77313196 346.43132237 -0.09278782
313.66489373 345.97816077 -0.06226693
314.50356017 345.54973064 -0.04985751
315.29671622 345.13108780 -0.03248473
316.12928022 344.68336842 0.00291631
316.95658005 344.24583429 0.01059527
317.78261612 343.80700452 0.00599538
318.61101457 343.36869057 0.01859089
319.44214558 342.92801468 0.02576661
320.29178275 342.48621145 0.01698753
321.14687082 342.03893080 0.00104647
322.01618454 341.57925353 -0.00631464
322.91738197 341.12722330 -0.01442559
323.79561204 340.65913995 -0.01457708
324.69527277 340.19594213 -0.02928256
325.55877811 339.75058002 -0.04647033
326.39178018 339.31114026 -0.06169188
327.24407836 338.86559218 -0.07365108
328.06819342 338.43626159 -0.06962774
328.91944459 337.99725023 -0.06796533
329.76293687 337.55951650 -0.05706533
330.63520071 337.12014868 -0.03270885
331.46268673 336.68912202 -0.02575496
332.28507680 336.25910223 -0.02671101
333.12694672 335.82856686 -0.03408811
333.95120341 335.40180539 -0.03690319
334.79777114 334.98444683 -0.04554139
335.61318205 334.56925322 -0.04096684
336.41990469 334.15273478 -0.02185698
337.22866327 333.74979561 -0.00882812
338.04149582 333.33851400 0.00564037
338.84979954 332.92415287 0.01820095
339.67866324 332.51258481 0.02652428
340.48768180 332.10532954 0.03529002
341.31590914 331.70547507 0.04033359
342.12754061 331.32197921 0.04967026
342.92748911 330.94635313 0.04909715
343.75562834 330.59123860 0.04244618
344.58425728 330.22887771 0.03701850
345.39909203 329.87683147 0.03741197
346.24452837 329.53978235 0.03557121
347.09141819 329.20713401 0.03654355
347.92588375 328.89619110 0.03124149
348.77693335 328.59526086 0.02065446
349.59036423 328.30904865 0.01027474
350.42831733 328.01009007 0.00905835
351.25215649 327.73146368 0.01600727
352.09010165 327.45465351 0.02079357
352.90300984 327.18916856 0.02502584
353.71171726 326.93062104 0.01308745
354.51891312 326.67228741 0.00284577
355.34299889 326.43821383 -0.00107256
356.16127462 326.21175323 0.01126841
356.96596730 325.99442995 0.01938160
357.80054373 325.78275838 0.01654222
358.61217756 325.58058522 0.00943908
359.45011788 325.38474475 0.00382057
360.28775402 325.19726460 0.00076503
361.11947550 325.02341397 -0.00387888
361.95709381 324.84833862 -0.00843678
362.83414149 324.68904736 -0.01447327
363.67365768 324.53219090 -0.02142497
364.49006165 324.39153009 -0.02825791
365.32858532 324.24705758 -0.04826991
366.15399450 324.11353250 -0.06138017
366.98736740 323.98962001 -0.06576604
367.81141902 323.87656330 -0.06981664
368.64840846 323.76143945 -0.06683277
369.44791131 323.65899373 -0.06535072
370.25225259 323.55739268 -0.07243374
371.06186136 323.45961286 -0.07689543
371.88438600 323.36921546 -0.07296244
372.69332942 323.28437404 -0.05298304
373.49320234 323.20847208 -0.04508374
374.29298759 323.14554470 -0.03957655
375.08285028 323.08994883 -0.03436840
375.88425245 323.03958517 -0.02819966
376.66701430 323.00139202 -0.01891143
377.44180487 322.96637690 -0.01154590
378.22293076 322.94529721 -0.00726630
379.00557767 322.91915861 0.00675012
379.77581691 322.89729902 0.01251610
380.56636216 322.88744096 0.01672092
381.34491702 322.88331064 0.03202714
382.13520105 322.87902118 0.04787781
382.90108598 322.89025828 0.05738865
383.65923235 322.90208136 0.05236779
384.38874315 322.92457876 0.04315411
385.11578565 322.95980669 0.03612245
385.82750916 322.99432551 0.02953171
386.52944574 323.03575264 0.03198767
387.22267286 323.08378700 0.03109328
387.89910680 323.13950919 0.03076158
388.54921543 323.18856334 0.02976591
389.17099478 323.25029049 0.02681291
389.76835833 323.29430537 0.02091390
390.35011510 323.34853555 0.01823865
390.90866329 323.39353872 0.01713289
391.44745765 323.43680058 0.01718639
391.96832466 323.47252484 0.02029192
392.46309042 323.50086694 0.02916539
392.93496116 323.51738020 0.03581339
393.37331514 323.52638202 0.03788161
393.79547982 323.52235787 0.04337124
394.21096321 323.52070836 0.03833129
394.60362918 323.50745588 0.03603023
395.00505873 323.49193092 0.02628433
395.39349966 323.46670478 0.01964089
395.80230999 323.42570036 0.00721054
396.19204483 323.37796061 -0.00182108
396.58577425 323.31028352 -0.01602804
396.97090042 323.23311667 -0.01928960
397.34773112 323.13615616 -0.01132051
397.71643228 323.03986296 -0.00202019
398.06706507 322.92896307 0.00692381
398.41526581 322.81616747 0.00664198
398.76101262 322.67428164 -0.00761807
399.12179945 322.51529279 -0.01410123
399.47125092 322.32924273 -0.01791834
399.81383172 322.12158272 -0.02461616
400.17252669 321.89989327 -0.01654136
400.52668612 321.66415037 -0.00646281
400.88676363 321.40757429 0.00418162
401.22543486 321.11617850 0.01199867
401.57359632 320.79905944 0.01204965
401.89505412 320.46240538 0.01782317
402.20650856 320.11180276 0.02296475
402.50570354 319.71496266 0.02337555
402.78920022 319.25751114 0.01415996
403.06473044 318.78649997 0.01134488
403.32673544 318.27143463 0.00279278
403.56448352 317.70729429 0.00145597
403.79039029 317.10072680 0.00330392
403.98082892 316.46499875 0.00082154
404.16462098 315.79405849 -0.00276204
404.33712007 315.12087379 -0.00120822
404.49175821 314.42095849 -0.00318925
404.64183122 313.69637302 -0.00346521
404.78940182 312.92618789 -0.00330458
404.92316560 312.13862082 -0.00469324
405.04825223 311.33949537 -0.00151833
405.18399247 310.52781028 0.00128387
405.32163084 309.64850990 -0.00011917
405.45307479 308.75984884 -0.00303096
405.58445862 307.87011294 -0.01228449
405.71190360 306.94220233 -0.02006223
405.84549808 306.00763122 -0.02428890
405.98509942 305.03027384 -0.01496698
406.11420637 304.07082805 -0.00517389
406.25695214 303.09717560 -0.01013111
406.38032688 302.13300532 -0.00203621
406.49111492 301.15791209 0.00328260
406.62326519 300.15379451 0.00508150
406.75859065 299.17252760 0.01204008
406.88640225 298.18317313 0.01262217
407.02356777 297.17009489 0.01908446
407.15755961 296.15045698 0.02522276
407.29558682 295.15776362 0.03700301
407.42304057 294.15821633 0.04395875
407.51100361 293.16554920 0.04645829
407.61175937 292.16569454 0.05238761
407.71722530 291.13343736 0.05745895
407.82188657 290.13024271 0.05715791
407.92947733 289.12291576 0.06256836
408.04138503 288.11382738 0.06132907
408.16381627 287.10397414 0.06827961
408.28333004 286.08709980 0.07546013
408.39955241 285.07791575 0.07891270
408.51701326 284.05389124 0.07378883
408.63283890 283.04067757 0.07370798
408.75303944 282.03387728 0.07587412
408.86212358 281.06776724 0.08487670
408.98129300 280.11025776 0.08968630
409.10322068 279.14148510 0.10025109
409.21789717 278.16966965 0.11057700
409.33873100 277.20328120 0.11610636
409.45114792 276.29061799 0.12259013
409.56175738 275.30487341 0.12473573
409.68632778 274.31443810 0.13786147
409.79743975 273.35715810 0.14599246
409.90497152 272.38035843 0.13981742
410.02977989 271.43335215 0.13328872
410.15182521 270.44878856 0.12403735
410.28147089 269.43624460 0.11007218
410.41163739 268.43455965 0.10025147
410.55510600 267.43239739 0.09740761
410.69790955 266.44796548 0.09620025
410.84500668 265.41999653 0.08494528
410.99732396 264.41956524 0.08414177
411.16128088 263.38384766 0.09079147
411.32279439 262.35212970 0.08701336
411.49542925 261.31285693 0.07573256
411.66016114 260.24926092 0.07121843
411.82486782 259.20740157 0.08203483
411.98822463 258.14634913 0.08852984
412.14014061 257.12595294 0.10055635
412.30520847 256.08288158 0.10297599
412.45598590 255.01439357 0.11042276
412.61866600 253.96467881 0.10957240
412.78742909 252.93809502 0.10694693
412.95356138 251.89725941 0.10647304
413.12587771 250.84695981 0.10074480
413.29752877 249.81991313 0.09929698
413.46873986 248.79274388 0.09322893
413.63639068 247.73457669 0.08765275
413.80795486 246.71443501 0.08315591
414.00354365 245.68231521 0.07630693
414.16682294 244.68570109 0.07563913
414.34716209 243.69698610 0.07522527
414.51665301 242.70360298 0.07173693
414.69355540 241.72006754 0.06957523
414.86282113 240.73542626 0.06695377
415.02908322 239.78206852 0.06775889
415.18774509 238.84815561 0.06424592
415.34510356 237.93068901 0.06178236
415.47987923 237.05896793 0.07415643
415.62318604 236.19214922 0.07095839
415.76345074 235.35568127 0.07984749
415.89992930 234.52137544 0.07472613
416.02653851 233.72638138 0.07212618
416.13373352 232.94202634 0.07205450
416.23059551 232.18951282 0.07556543
416.30368394 231.46527913 0.08049006
416.37289780 230.76282280 0.08532221
416.42468606 230.05370159 0.08722698
416.45476531 229.37578819 0.08725370
416.47282672 228.74083815 0.09186987
416.46218861 228.10029707 0.09420121
416.42876781 227.45642719 0.09519171
416.36302792 226.83240920 0.09900892
416.27236845 226.19740629 0.10514117
416.14467881 225.58881886 0.10524004
415.98299060 224.98660083 0.11029113
415.79310738 224.41149254 0.11116233
415.56835771 223.86344444 0.10474976
415.30354061 223.34131788 0.10401793
414.99703407 222.84886344 0.09743389
414.67326924 222.38107742 0.09932444
414.32403698 221.94189082 0.09161269
413.93792261 221.54265894 0.09494071
413.52362898 221.19904693 0.09495141
413.08151333 220.86821495 0.09420158
412.60688935 220.52888121 0.09388659
412.09606643 220.24841584 0.09784606
411.58414620 219.99757373 0.09527854
411.05814071 219.75494994 0.09185343
410.49839642 219.52379372 0.08480377
409.93057421 219.34146897 0.07223672
409.33713018 219.16612508 0.06173157
408.75783436 219.03417346 0.04811035
408.15045604 218.90546488 0.03468055
407.51997455 218.81221372 0.01656564
406.87791638 218.73359450 -0.00172415
406.20495895 218.66920122 -0.01974753
405.52124037 218.62859410 -0.04016447
404.82963697 218.64177324 -0.05948255
404.12974338 218.66593649 -0.06708051
403.39386770 218.71818780 -0.08521207
402.66458707 218.79106504 -0.09389109
401.92333384 218.88496182 -0.09490838
401.15791438 219.01016310 -0.10782848
400.37711548 219.16001011 -0.10740794
399.55824005 219.34735948 -0.10705992
398.73752668 219.53198436 -0.10955040
397.91452106 219.73569610 -0.11774467
397.06981201 219.95531742 -0.13281213
396.21137067 220.19530246 -0.14382941
395.34676257 220.44668946 -0.15281864
394.45771583 220.73493122 -0.16820479
393.58751899 221.03107793 -0.17615665
392.72046068 221.34291636 -0.18207440
391.84569178 221.67294757 -0.19104897
390.94798135 222.01830121 -0.19773226
390.01790333 222.38130371 -0.20430884
389.09083984 222.75375539 -0.20415461
388.16077544 223.12649807 -0.19284039
387.18002116 223.53321529 -0.18980693
386.24490608 223.91663702 -0.17705682
385.28331799 224.32632478 -0.17134203
384.30460692 224.73779440 -0.16730700
383.32972016 225.15309105 -0.15831785
382.35397609 225.56506152 -0.13885478
381.37438193 225.97684717 -0.12482885
380.38935414 226.41021662 -0.11715502
379.39844479 226.83977144 -0.10090186
378.42850385 227.25127866 -0.09495387
377.45256977 227.67755093 -0.08722768
376.45320165 228.12169264 -0.06760824
375.44054457 228.58020326 -0.05482836
374.44102037 229.03433493 -0.04611088
373.43960335 229.49866479 -0.03389768
372.42060753 229.98268067 -0.02065109
371.40298945 230.47048510 -0.01192877
370.36985508 230.95453924 -0.00126875
369.34306837 231.44806390 0.00667196
368.34148674 231.91930678 0.02034720
367.35918002 232.40103100 0.02341504
366.35138745 232.89486438 0.03397874
365.34788476 233.39390897 0.04203687
364.33608456 233.90404278 0.04462308
363.33282792 234.39081586 0.05712266
362.33844948 234.89808348 0.06544949
361.32174570 235.41391817 0.06982787
360.31361856 235.92824126 0.07543702
359.30290752 236.44687826 0.07183141
358.30722454 236.95430058 0.07594845
357.29055863 237.45986877 0.08431773
356.31595983 237.94396740 0.08026982
355.35433613 238.42796887 0.08815226
354.38869963 238.91989606 0.08272414
353.43836773 239.42274321 0.08981992
352.49280878 239.91463925 0.09230513
351.56062151 240.41625350 0.08997109
350.61975045 240.90478059 0.08306199
349.67877836 241.38584677 0.07974651
348.72871938 241.88047760 0.06331059
347.79176716 242.36015450 0.05214381
346.86923696 242.85530405 0.04297219
345.93653692 243.34075841 0.04321907
345.01612877 243.81114463 0.04418506
344.08848198 244.30010871 0.03909145
343.17802266 244.77197906 0.04219733
342.23984699 245.28174995 0.04300828
341.32754723 245.76929878 0.04497003
340.39588905 246.27329550 0.03922851
339.50778749 246.75341020 0.04444921
338.61051148 247.24389086 0.05557422
337.73539714 247.72228088 0.06775986
336.86733035 248.19537855 0.06803379
336.01571188 248.66975328 0.06346634
335.19947990 249.10938040 0.06394090
334.41296362 249.55575008 0.05888814
333.64221057 249.99032618 0.06084289
332.89505566 250.41928519 0.06738769
332.16421199 250.84734735 0.07495630
331.43723910 251.26073246 0.08105264
330.73520160 251.66858822 0.08040140
330.04510413 252.06877003 0.08479146
329.35719907 252.46247036 0.09122069
328.69171266 252.83788056 0.09593425
328.05585579 253.19770675 0.09814818
327.41963916 253.53521416 0.09736160
326.80369508 253.86494591 0.09037079
326.19408276 254.16909177 0.09230401
325.59334138 254.45927523 0.09364090
325.02101193 254.72994907 0.09439467
324.46475476 254.97675501 0.09464458
323.93330660 255.20355724 0.09275289
323.41336885 255.39702726 0.09242728
322.92452383 255.55865872 0.08837369
322.42952976 255.68380773 0.08643041
321.95492279 255.78479462 0.08308598
321.48321909 255.86562399 0.08367649
321.00653725 255.91675082 0.08601155
320.53985756 255.93540803 0.08928608
320.09782536 255.91099757 0.09528900
319.66533318 255.84686783 0.09512204
319.24007901 255.75766688 0.08854640
318.81996571 255.63930071 0.08846273
318.41499437 255.48259793 0.09303639
318.01041159 255.28891831 0.08897365
317.61351442 255.06048258 0.08662765
317.24305221 254.81626457 0.08943370
316.86013571 254.53229226 0.09019203
316.47144199 254.21186109 0.08038369
316.09082383 253.85762887 0.07078999
315.73842445 253.47725847 0.05534433
315.37810686 253.07973580 0.04340812
315.02296895 252.64861454 0.03161968
314.68065192 252.21035025 0.03217975
314.34165970 251.75461680 0.03664607
313.98187249 251.27115626 0.03551397
313.65552602 250.77609226 0.02682625
313.30450196 250.25605584 0.01232381
312.96025785 249.71704725 0.00192916
312.60763114 249.16679543 0.00035440
312.26805153 248.61208887 -0.00253086
311.90099198 248.01474097 -0.00615089
311.54635873 247.41716710 -0.01143795
311.17592468 246.80126678 -0.02255477
310.79606289 246.17880567 -0.02561477
310.40971779 245.52579448 -0.02504977
310.02336148 244.85814918 -0.02416743
309.62046973 244.15920045 -0.03002409
309.22197842 243.44810718 -0.03116133
308.81084431 242.72727374 -0.03302417
308.40815968 241.99576097 -0.02736666
307.99199337 241.24286890 -0.02707425
307.57650455 240.48630309 -0.01724936
307.14727568 239.70060002 -0.00828009
306.71303860 238.89845877 0.00933904
306.26792055 238.07740734 0.00983218
305.83880541 237.25905151 0.01483401
305.40577778 236.40319619 0.01820490
304.97355679 235.54359793 0.01964923
304.52317295 234.65538967 0.01909416
304.06488728 233.76889393 0.00664175
303.60401480 232.86035298 -0.00718704
303.14155122 231.94133981 -0.01063566
302.65110845 230.99505704 -0.01019788
302.17439709 230.05591788 -0.00943901
301.67909635 229.08992148 -0.02196310
301.20815258 228.14123126 -0.02730224
300.70994571 227.16161371 -0.02541665
300.21769011 226.19154136 -0.03484960
299.72705374 225.23239249 -0.04072769
299.24107659 224.28488095 -0.02399109
298.76770822 223.34471177 -0.01451864
298.30283375 222.39485093 0.00005007
297.82781116 221.43783449 0.00835319
297.36914671 220.49095362 0.01623239
296.88871008 219.53052452 0.01626555
296.39495366 218.56693538 0.02524950
295.89402878 217.59516942 0.03846866
295.39807340 216.63071806 0.05286970
294.89897419 215.65393801 0.05256860
294.42343426 214.71095052 0.05146255
293.94636699 213.77612204 0.05076924
293.46773162 212.83141588 0.04550788
292.99038668 211.88224844 0.05738135
292.48893789 210.91640700 0.06236669
292.00986318 209.96708183 0.05788180
291.51615028 208.99749137 0.05184714
291.00462897 207.98809491 0.05256514
290.47784423 206.97364943 0.05281678
289.93557770 205.95082679 0.05681042
289.40442037 204.95992916 0.05324227
288.88174487 203.96764386 0.04070844
288.35967961 202.97450070 0.02543246
287.83296294 201.98199247 0.02309397
287.31969761 201.00935814 0.02410594
286.79720917 200.02468717 0.03259378
286.28573504 199.03283397 0.02622482
285.75896340 198.02563300 0.02821321
285.23623418 197.00754235 0.03710148
284.71999885 195.99477866 0.04149069
284.19520239 194.97272585 0.05328153
283.68275014 193.96749721 0.05547052
283.16133011 192.96731207 0.05478168
282.64241399 191.97101977 0.04799138
282.11465826 190.96415883 0.03400223
281.58722034 189.97904967 0.02742534
281.05105104 188.98159501 0.02373674
280.49464359 187.94865554 0.02119773
279.94599349 186.92248616 0.01904728
279.40674450 185.90205035 0.02414699
278.85416459 184.87710431 0.03273515
278.32547703 183.87118200 0.04542270
277.80154387 182.87740044 0.05185365
277.24687352 181.84215082 0.05368218
276.72992353 180.85303777 0.04227631
276.19881257 179.83521143 0.03977961
275.66363304 178.79335605 0.04393971
275.12793859 177.75041392 0.06427520
274.60140119 176.72319341 0.08333850
274.06505408 175.68237977 0.09107308
273.53437921 174.65288908 0.08964896
272.99850493 173.61745455 0.07935473
272.47072826 172.58413273 0.07321726
271.93375002 171.54191425 0.07101752
271.42617972 170.53103153 0.06673082
270.90599277 169.51359749 0.06694482
270.39118451 168.49301843 0.07346335
269.86057103 167.47110363 0.08943970
269.32708446 166.41979000 0.10632733
268.78897110 165.35971726 0.11334833
268.26910965 164.33407504 0.11833592
267.76302762 163.33089729 0.10631407
267.25725710 162.34444425 0.09126091
266.74163637 161.34996926 0.09229588
266.23023327 160.35613065 0.09071219
265.72096433 159.35573799 0.10999687
265.20818320 158.35081678 0.13100492
264.69837719 157.34100045 0.13988174
264.20435229 156.34445315 0.13670054
263.71455331 155.36651472 0.12741671
263.21046716 154.35994188 0.11184348
262.72512266 153.37308663 0.07463473
262.23522364 152.39048794 0.05743989
261.75881399 151.42933029 0.04778895
261.30031999 150.47858576 0.03945083
260.82184590 149.52323168 0.04052216
260.33697568 148.56183207 0.05714087
259.86034236 147.61766246 0.07280442
259.39116813 146.66712051 0.08110663
258.93313432 145.73556230 0.07948640
258.47950972 144.82009463 0.07018334
258.03716892 143.91691401 0.04919864
257.60661514 143.02421574 0.04215380
257.15369420 142.10621949 0.03660984
256.72740946 141.20335343 0.04108769
256.29938274 140.30726346 0.05125638
255.88206157 139.42305909 0.06605917
255.44657030 138.54247995 0.08487347
255.06334791 137.71658607 0.07513301
254.69969765 136.93600360 0.07198320
254.33045914 136.15112995 0.06765200
253.97085770 135.37532823 0.07398501
253.60493629 134.58622057 0.07481073
253.26089141 133.84546201 0.07741866
252.92074592 133.10703615 0.08773695
252.59161517 132.38963619 0.09312247
252.27394027 131.70549963 0.09899633
251.97576395 131.04477932 0.10382546
251.69391266 130.40074619 0.09888775
251.42493959 129.76787663 0.08890811
251.17263074 129.17731711 0.09856329
250.93639265 128.57866676 0.10577576
250.69592270 127.99389406 0.11348667
250.46164312 127.42575255 0.10924894
250.22991631 126.88171651 0.10792880
250.00227491 126.35525021 0.09849177
249.77074655 125.84426877 0.09125170
249.54957858 125.35838993 0.08266465
249.31501928 124.86775291 0.06810541
249.09126886 124.41830820 0.05887554
248.87512921 124.00621891 0.05542890
248.63201005 123.60397786 0.05829061
248.40489263 123.22442016 0.06083073
248.14450756 122.86206479 0.06574994
247.88349632 122.49218170 0.06184465
247.60772642 122.15799765 0.06805515
247.31841390 121.83959577 0.06975003
247.02442733 121.53416737 0.07558711
246.72526883 121.23867680 0.07737147
246.40606000 120.97448209 0.08260389
246.07881657 120.70880588 0.08531431
245.72872351 120.47009662 0.08548993
245.37074475 120.25390034 0.08263019
244.97587120 120.03285001 0.08016962
244.58177065 119.84484365 0.08358811
244.18203789 119.65343376 0.07878715
243.79368965 119.47416767 0.07597001
243.34882100 119.34579618 0.07260831
242.90144226 119.26195414 0.04819446
242.43295003 119.19640576 0.04487274
241.92037542 119.13842147 0.03411439
241.41279316 119.11950599 0.03132322
240.91159563 119.09886982 0.03191388
240.39124058 119.11702404 0.02208246
239.85068302 119.18843040 0.01134916
239.31759482 119.27828557 0.00996941
238.76034073 119.39265475 0.01140664
238.20137504 119.52765484 0.01441156
237.63609961 119.70001787 0.00781580
237.05032351 119.89167328 -0.00334011
236.49062627 120.11046629 -0.01574615
235.89845534 120.34115952 -0.02565169
235.29965246 120.61291421 -0.02788625
234.68779785 120.90038410 -0.02075010
234.06035985 121.21509547 -0.02391389
233.42051965 121.54383034 -0.02844688
232.76750723 121.88574986 -0.02713598
232.09341966 122.23578732 -0.02251496
231.40130710 122.61315654 -0.03262088
230.71082593 122.99240776 -0.04354112
229.99430593 123.39142138 -0.04885663
229.27079906 123.82163031 -0.05220507
228.52656756 124.26024067 -0.05375069
227.78462082 124.69892552 -0.04909859
227.01206684 125.14627574 -0.02969878
226.22343848 125.60650127 -0.01229996
225.41806590 126.07806468 0.00065362
224.59362294 126.55949780 0.01220687
223.75372488 127.04808439 -0.00202424
222.90681436 127.53555146 -0.01110231
222.04629020 128.04372305 -0.02642314
221.16258457 128.55118008 -0.01586052
220.26019916 129.06089192 -0.01957168
219.36349246 129.55660542 -0.00627537
218.47075114 130.06008024 -0.00406853
217.58174584 130.55684516 0.01255940
216.70763842 131.03051864 0.00008054
215.82217393 131.52424485 0.00050268
214.97399732 131.98013412 -0.00322486
214.11849872 132.44226378 0.00934873
213.26233830 132.90598098 0.02412070
212.37623287 133.36709351 0.03630384
211.50358198 133.82400249 0.04575866
210.65112445 134.26792231 0.05584691
209.77945974 134.69106985 0.04852866
208.93707796 135.12442670 0.05502611
208.07361941 135.56004457 0.05932626
207.22511221 135.99616103 0.08289575
206.34977494 136.42516640 0.09114713
205.48138852 136.86397754 0.12055750
204.61675545 137.28470680 0.14076309
203.72280865 137.71729226 0.14004609
202.82448770 138.16515739 0.13236264
201.92888796 138.57714539 0.13300937
201.03930788 138.99025139 0.12036754
200.19349852 139.38679569 0.11567237
199.31428898 139.80943366 0.11573725
198.46600297 140.21654930 0.12636647
197.58914084 140.61902823 0.12018347
196.71165160 141.01931166 0.12118592
195.86362751 141.42580918 0.12574451
194.99762424 141.83806810 0.13392602
194.13558017 142.25325873 0.13628913
193.30821423 142.62724808 0.13513265
192.53388419 142.99039117 0.14658718
191.71129915 143.36293094 0.15543054
190.90176583 143.72749819 0.16767264
190.13069046 144.09935878 0.17945267
189.39080386 144.43626688 0.19685405
188.65312800 144.77985195 0.20253215
187.97446014 145.11386688 0.21645347
187.32632148 145.42610358 0.22002845
186.70542662 145.73447238 0.22742971
186.08352005 146.03472131 0.23859244
185.53025664 146.30014223 0.24457556
184.99710729 146.56082959 0.25091121
184.47488727 146.83163745 0.24489409
183.99312033 147.08629983 0.23929140
183.50521120 147.35942670 0.24303792
183.06140689 147.61191724 0.25109026
182.62791199 147.85997352 0.24994604
182.19846686 148.11703267 0.25212560
181.76732736 148.36579649 0.24910434
181.37048199 148.62247562 0.24917099
180.97057971 148.91165508 0.24873553
180.55105895 149.19749901 0.24974718
180.16100181 149.49917881 0.24446137
179.78598274 149.81501394 0.24886874
179.43469739 150.12840151 0.23754203
179.09100244 150.46418083 0.23108722
178.77175050 150.82206663 0.21942882
178.45066908 151.16498456 0.21456273
178.15033593 151.53120404 0.21217186
177.85616787 151.88667590 0.19104729
177.58984976 152.30345312 0.18885734
177.32788598 152.71964013 0.18341633
177.09001328 153.16524248 0.19579522
176.85048097 153.61224368 0.19389992
176.63163003 154.04654786 0.19240116
176.45790147 154.50519483 0.19666701
176.30238084 154.98316625 0.19013157
176.16640684 155.44351371 0.18318419
176.06063475 155.94035962 0.16020581
175.97863810 156.43387691 0.14566627
175.93770799 156.93356738 0.13672961
175.90669446 157.46397678 0.13910020
175.90428818 157.97220179 0.14514075
175.90465494 158.46562740 0.15787435
175.91433486 158.94058928 0.14801041
175.97834031 159.44758949 0.14265861
176.06877288 159.95640423 0.14835922
176.17711703 160.46705318 0.15746464
176.29040610 160.96291690 0.15654982
176.42597742 161.45575408 0.14385233
176.57968395 161.92976599 0.14761022
176.74969979 162.40427175 0.13698384
176.93087992 162.86862468 0.13236142
177.11644163 163.32810990 0.13058255
177.34339429 163.80544312 0.13045942
177.57950242 164.28660780 0.13688413
177.80588794 164.74901464 0.14289209
178.03726168 165.20258157 0.14807274
178.27447293 165.66268658 0.13886667
178.52576684 166.12192734 0.12483401
178.78091154 166.58176851 0.11848636
179.02466055 167.04624169 0.11343725
179.25334914 167.49839626 0.10342839
179.48711495 167.94528435 0.09075927
179.71274823 168.37830024 0.07819490
179.91862115 168.83981984 0.07462767
180.11155887 169.30013917 0.07367487
180.29234799 169.77429658 0.07325028
180.45047156 170.23652498 0.07311905
180.60113248 170.71622119 0.07274315
180.73197039 171.17705264 0.07514901
180.82638552 171.62596110 0.07013038
180.88992419 172.06776814 0.07001683
180.94238759 172.50265890 0.06385077
180.95987263 172.93074457 0.06303561
180.94918746 173.35912002 0.04836768
180.93339142 173.80862084 0.04217554
180.87774875 174.22027224 0.04129904
180.80376409 174.63711399 0.03950037
180.68353092 175.04045762 0.03414845
180.52936808 175.41127659 0.02883703
180.36926122 175.77599436 0.00842414
180.19815280 176.11548942 -0.00763244
180.00906716 176.47785339 -0.03333898
179.77398806 176.82991235 -0.03761366
179.49695538 177.14355797 -0.05125129
179.17528296 177.46344715 -0.05315731
178.82983744 177.72874790 -0.07092450
178.47381450 178.00991211 -0.07671595
178.07076164 178.33116040 -0.08572503
177.65883421 178.61611425 -0.09757448
177.21169548 178.90086091 -0.11777117
176.75925052 179.15408502 -0.13091493
176.28203188 179.39814065 -0.15274450
175.79293151 179.64748006 -0.17315356
175.28401166 179.91198476 -0.18836910
174.74986299 180.16993992 -0.19682758
174.21501755 180.42599398 -0.20208090
173.64684872 180.68881355 -0.21307204
173.05173706 180.96704878 -0.22481833
172.43712696 181.26513915 -0.23116788
171.80744316 181.60355498 -0.23485515
171.16975402 181.92702237 -0.23727317
170.51068135 182.26774044 -0.24448353
169.84346477 182.60095776 -0.25191163
169.15025719 182.95266072 -0.25391786
168.44164187 183.32214464 -0.26494133
167.72371095 183.67971467 -0.27100402
166.97425471 184.06624867 -0.28187488
166.20761566 184.49345677 -0.29155264
165.45920255 184.86261618 -0.29252640
164.65304620 185.31091227 -0.30188954
163.85988679 185.71510215 -0.30585606
163.02146030 186.16186562 -0.30579553
162.16488211 186.60443308 -0.30382904
161.31484888 187.03601345 -0.31897355
160.44435692 187.48001250 -0.32871230
159.56749950 187.91591227 -0.33448744
158.68027981 188.36726027 -0.33167808
157.78439984 188.85072242 -0.33681756
156.86912478 189.32899761 -0.33615075
155.92846365 189.81813585 -0.35501616
154.98908397 190.31540613 -0.36979679
154.03347637 190.81772843 -0.38672408
153.05767516 191.31651978 -0.38489186
152.09599572 191.81891277 -0.38961661
151.14496873 192.30889376 -0.38706749
150.18368230 192.80557977 -0.38667983
149.22584560 193.31459768 -0.38243869
148.27509052 193.82374977 -0.37922781
147.34640954 194.32697941 -0.37343418
146.37683549 194.87716120 -0.36214949
145.43234594 195.41301743 -0.35403663
144.47869682 195.94065472 -0.35594238
143.52530752 196.45724240 -0.35729157
142.55024016 196.98740268 -0.35798250
141.57288183 197.50784506 -0.37009735
140.63473494 198.01060134 -0.37330287
139.68493364 198.52647743 -0.39147686
138.75300608 199.03067653 -0.40052749
137.83861334 199.53134111 -0.40345266
136.91938473 200.02869953 -0.40494413
136.01564953 200.50642342 -0.39540871
135.09709158 201.00556968 -0.39635960
134.21994425 201.47952541 -0.40140068
133.33899896 201.95777660 -0.41280624
132.48007660 202.41748070 -0.43143439
131.63017220 202.87423642 -0.44042141
130.79846383 203.33047757 -0.45339591
129.97372375 203.79399641 -0.47404175
129.17903063 204.23247958 -0.48948452
128.40978461 204.65834738 -0.50190375
127.66897056 205.08395211 -0.51859360
126.93844370 205.49508984 -0.53032975
126.23388165 205.89609210 -0.55009790
125.54295341 206.28235071 -0.55833534
124.88408458 206.64739663 -0.57279421
124.25032416 207.01027848 -0.58697625
123.64128354 207.34681772 -0.59925825
123.05916377 207.68175997 -0.62196063
122.50106672 208.00040106 -0.63115670
121.96532540 208.30222519 -0.63693059
121.47256778 208.59360358 -0.64509834
121.00630104 208.87275842 -0.65963996
120.59092389 209.12367853 -0.67107004
120.17281294 209.37715035 -0.68488419
119.79431620 209.62045939 -0.69173731
119.43763091 209.84360060 -0.70345996
119.12678673 210.05407439 -0.70879539
118.82654349 210.25953566 -0.72534406
118.54403607 210.46001870 -0.72844967
118.30209858 210.64284609 -0.73180296
118.06792833 210.82803696 -0.73304241
117.86870244 210.98550835 -0.74343375
117.66677816 211.14781454 -0.74704309
117.46466108 211.31172251 -0.75158663
117.27159564 211.46859645 -0.75764503
117.07487289 211.62951335 -0.76456042
116.90468881 211.77156669 -0.76211826
116.73088489 211.93477025 -0.76210441
116.56001520 212.10273890 -0.76026036
116.38543946 212.27142967 -0.75305136
116.20959477 212.44395183 -0.75040324
116.03826268 212.59938828 -0.75105551
115.87433534 212.76665778 -0.76179720
115.68662358 212.96873613 -0.77341775
115.49189714 213.16265728 -0.78199692
115.30563245 213.39788246 -0.77971012
115.10763156 213.64497875 -0.77477933
114.89837697 213.93565955 -0.77932573
114.69207843 214.21787070 -0.77988828
114.49371910 214.51771714 -0.78640165
114.31386707 214.85958985 -0.79815061
114.15660230 215.20911851 -0.80440828
113.99877769 215.58867459 -0.81142529
113.85631817 215.98721013 -0.83025301
113.72127566 216.40527422 -0.85322103
113.62218537 216.83766923 -0.88145888
113.54360578 217.29869168 -0.90396271
113.49297949 217.77941449 -0.92784904
113.48547847 218.31648320 -0.93808299
113.51563780 218.87314345 -0.94291716
113.57735412 219.41925157 -0.95536143
113.65964538 219.98033731 -0.97009899
113.77492126 220.56301322 -0.99469615
113.93286147 221.16301264 -1.00827390
114.12822750 221.77615446 -1.01365660
114.36010308 222.39448415 -1.02089696
114.63836924 223.02876267 -1.02456444
114.93798389 223.66519702 -1.01992102
115.27700348 224.32459622 -1.01657418
115.62597443 224.98292428 -1.01414894
116.00548125 225.67882164 -1.01513656
116.38713849 226.36939876 -1.01655870
116.78211687 227.11782469 -1.02158313
117.17315227 227.84079857 -1.02890047
117.58591021 228.57991605 -1.02936581
118.01577609 229.33536319 -1.02331261
118.44867903 230.09745856 -1.01849619
118.90038546 230.89783531 -1.02910015
119.34942894 231.71228529 -1.03661370
119.81198408 232.52586902 -1.04847991
120.27391361 233.38372670 -1.05743997
120.74712446 234.25580700 -1.06400841
121.22675113 235.13732843 -1.05903854
121.71881479 236.06244073 -1.05493768
122.22857753 236.98780417 -1.06828397
122.74068186 237.92122169 -1.09171736
123.27152334 238.89400580 -1.11741019
123.79167028 239.88088506 -1.13084295
124.32185297 240.91485294 -1.12800232
124.85878110 241.94595430 -1.12557760
125.39726785 242.98029733 -1.11768994
125.94014771 244.00640407 -1.12832899
126.50486631 245.02577742 -1.14840603
127.06769633 246.07022114 -1.17905215
127.64555621 247.13764075 -1.20074040
128.22340864 248.21763620 -1.20728954
128.79810396 249.32141969 -1.20950920
129.37440116 250.43810013 -1.21387188
129.94421744 251.55365925 -1.22583172
130.51509114 252.65098274 -1.24436725
131.07018211 253.74625694 -1.26701981
131.61679256 254.82573740 -1.27828386
132.16178792 255.91132049 -1.28989389
132.71896742 257.04197112 -1.29950058
133.26799442 258.13374591 -1.31938020
133.82349420 259.23644449 -1.33674461
134.39423467 260.38036017 -1.35891845
134.95253142 261.45586107 -1.38326552
135.50008504 262.54892188 -1.40458091
136.05312430 263.62973468 -1.41414223
136.61494787 264.74448982 -1.44319158
137.17601792 265.85236023 -1.45378680
137.75440756 266.96449031 -1.46482510
138.30693327 268.06384903 -1.48201642
138.86423965 269.13815499 -1.49295830
139.41620139 270.22150716 -1.50805085
139.95683716 271.28960855 -1.53295334
140.50972154 272.38147003 -1.56127567
141.05854067 273.46970782 -1.58609844
141.60150473 274.55398873 -1.60024103
142.12209960 275.58842668 -1.63154125
142.59282536 276.67976439 -1.61452797
143.12428277 277.72126702 -1.64585164
143.58374021 278.89258778 -1.80181815
144.13730936 280.02760446 -1.84277678
144.70590271 281.12994323 -1.90346279
145.24811800 282.20629812 -1.95997723
145.77081280 283.38235868 -2.02377966
146.33344763 284.50922269 -2.05710078
146.88732070 285.63953066 -2.10642565
147.27670538 286.68460169 -2.14903719
147.84359964 287.79243489 -2.17992993
148.42332870 288.87984442 -2.19660758
148.99792122 290.01472031 -2.21084356
149.58920657 291.09307124 -2.21484899
150.15169728 292.15402666 -2.24004143
150.58540455 293.17050923 -2.28631951
151.16055702 294.26448766 -2.27736689
151.72831629 295.38714297 -2.27147243
152.30510700 296.44470249 -2.26057659
152.85943470 297.50604094 -2.23675279
153.42361066 298.52563021 -2.24971814
153.98058186 299.56738482 -2.26721179
154.77834872 300.78131774 -2.17051441
155.26255574 301.81802843 -2.15703662
155.80782454 302.86186458 -2.13627240
156.37140239 303.88867380 -2.12104461
156.89507193 304.88058091 -2.11770449
157.41860789 305.80823434 -2.10820963
157.91148327 306.74716324 -2.07390314
158.39999506 307.69195854 -2.00020297
158.86797574 308.59002059 -1.96609395
159.34562375 309.49896356 -1.91554581
159.80405212 310.39599183 -1.83713639
160.26710945 311.29670200 -1.76104341
160.73015384 312.18912625 -1.67091194
161.17467649 313.05473344 -1.57896445
161.60567722 313.88431677 -1.46117314
162.02340401 314.69180804 -1.33973150
162.45834187 315.50075636 -1.19174357
162.89289141 316.30087247 -1.03324221
163.29296020 317.05817864 -0.86767978
163.69593329 317.81746158 -0.68021606
164.08441428 318.51092173 -0.50023197
164.45411731 319.18453020 -0.29117646
164.81164093 319.83997725 -0.08934478
165.15055978 320.47612186 0.12227321
165.46811361 321.08871760 0.35461922
165.80530099 321.70999383 0.62336020
166.11131763 322.28538096 0.89665774
166.39687928 322.81750405 1.15431670
166.66890651 323.30618838 1.40306376
166.93279703 323.79676324 1.66454456
167.14954771 324.23223052 1.90005448
167.35463421 324.64862013 2.14267097
167.56202953 325.07241827 2.40945321
167.74245253 325.44402599 2.65925509
167.90650818 325.81059054 2.92714989
168.06515635 326.16065156 3.19029814
168.21312020 326.49515882 3.45933404
168.33177980 326.87493090 3.76657371
168.43318969 327.22847468 4.04409212
168.48336073 327.58983398 4.33318277
168.50352000 327.92938486 4.58473315
168.49698184 328.24440214 4.80795452
168.44541953 328.57235647 5.01662356
168.40415915 328.92302085 5.25957449
168.30830053 329.26668253 5.47791815
168.20802937 329.60972003 5.68509340
168.04695297 329.94841333 5.86679814
167.87302055 330.29368331 6.01680968
167.66808596 330.62602248 6.12171621
167.47149147 330.98880316 6.25912281
167.21314686 331.30844895 6.35495855
166.94830954 331.63219626 6.41017314
166.66123809 331.94112577 6.41213254
166.36920776 332.24996984 6.36658060
166.05556576 332.57631141 6.30692689
165.72476686 332.86030574 6.22726289
165.36639680 333.15073535 6.10627244
164.99324891 333.44874163 5.95157753
164.63030409 333.74606144 5.77899604
164.27072539 334.04028528 5.57613081
163.90214766 334.34968439 5.36496631
163.52796754 334.66838560 5.15222423
163.14138746 335.00104552 4.91361334
162.73626552 335.32186566 4.68354504
162.31342504 335.68160911 4.42669103
161.88591203 336.06608427 4.16808326
161.41486109 336.48436649 3.91396421
160.93629532 336.87186674 3.65411624
160.43158232 337.26948061 3.38483794
159.92340031 337.66647829 3.10938920
159.42894515 338.05768082 2.85468669
158.91394526 338.46928187 2.59342205
158.35710821 338.90695882 2.32462018
157.76646004 339.37994823 2.05541464
157.16096075 339.85009708 1.78628087
156.51528736 340.34286082 1.53831955
155.88575559 340.81265790 1.30035268
155.22539651 341.30958806 1.06673624
154.49660761 341.83143514 0.85599596
153.75021799 342.34888560 0.65225318
152.96096249 342.87008889 0.45953182
152.19424555 343.38321033 0.26834776
151.42278215 343.89696161 0.09387316
150.64587101 344.40985412 -0.08199009
149.83674562 344.95118986 -0.25680185
149.01924522 345.48610991 -0.41802215
148.18056625 346.02492055 -0.57865210
147.33830057 346.55334070 -0.73337394
146.48232247 347.08694655 -0.89194078
145.62060319 347.61657370 -1.05015287
144.72660080 348.15433518 -1.19472024
143.81640129 348.69954253 -1.33594308
142.89157125 349.24394385 -1.46783410
141.96398427 349.79220339 -1.58598806
141.01277574 350.35439558 -1.69551199
140.04462107 350.91962296 -1.79686322
139.07357238 351.49425499 -1.90463416
138.10480763 352.05512272 -1.99895669
137.16104206 352.61060652 -2.09320551
136.21544305 353.17126955 -2.17621004
135.25661487 353.73286922 -2.25357059
134.28447677 354.30206455 -2.33392237
133.30801379 354.86833907 -2.40805507
132.34434373 355.42335354 -2.48048013
131.38552731 355.97680346 -2.54649682
130.36217594 356.55770346 -2.60126114
129.38123413 357.11158442 -2.65290586
128.39724989 357.67917665 -2.70766498
127.42926537 358.25293631 -2.77432881
126.45538344 358.79731911 -2.80828879
125.50053852 359.34075318 -2.83934002
124.52241995 359.87687794 -2.86965264
123.57195291 360.40682906 -2.90283199
122.60261118 360.95084504 -2.93410543
121.63706870 361.47978284 -2.96763662
120.66894525 361.96511517 -3.00650679
119.72974082 362.43732506 -3.35987859
118.77235635 362.93532762 -3.36552004
117.86694192 363.39290485 -3.35632877
116.97410171 363.85087460 -3.34197694
116.07999535 364.32440018 -3.32055491
115.18969792 364.76554825 -3.30446031
114.37342342 365.06344652 -3.24623674
113.48855068 365.30622056 -3.21882088
112.67313854 365.64069596 -3.21405583
111.85602634 366.04825623 -3.20353276
111.02394474 366.47781721 -3.19577068
110.21817453 366.89111439 -3.20555634
109.38849468 367.28370490 -3.18787099
108.60226315 367.67293102 -3.19370808
107.80570308 368.08809213 -3.20775042
107.02354673 368.51232503 -3.22086509
106.23258032 368.93571667 -3.23772181
105.49895734 369.34914472 -3.25672914
104.74080274 369.78452797 -3.28885108
103.97682164 370.25058483 -3.32049692
103.21608333 370.70089444 -3.36310973
102.44996965 371.17599131 -3.40006869
101.67099212 371.64280744 -3.42137074
100.87552445 372.13262008 -3.44073255
100.08059058 372.62536837 -3.45407129
99.26702267 373.12487722 -3.46963209
98.45512319 373.61835154 -3.47475237
97.63023565 374.14356104 -3.47217892
96.79561031 374.64484664 -3.45219231
95.94334926 375.15061940 -3.40670591
95.10780196 375.67184723 -3.44694597
94.22306854 376.18788320 -3.38452899
93.30672010 376.67137957 -3.35404704
92.34370245 377.17995732 -3.31455231
91.39209347 377.68487875 -3.24732263
90.41582448 378.18912665 -3.18494204
89.45953766 378.70846107 -3.14586139
88.47945925 379.22106884 -3.10463563
87.50237527 379.73426938 -3.05361958
86.50358548 380.24126167 -3.01986769
85.47264187 380.75423219 -2.97725982
84.42801123 381.26658175 -2.96630048
83.37925839 381.78756774 -2.96682563
82.37112319 382.27688584 -2.95465036
81.37385427 382.76808652 -2.93923680
80.34097321 383.27800892 -2.92463986
79.28212554 383.78030841 -2.92969313
78.25267904 384.27587884 -2.93094301
77.22709820 384.78780980 -2.92666218
76.19361664 385.29015221 -2.93972183
75.16551615 385.80617799 -2.94287238
74.13982735 386.30610664 -2.93739431
73.11948553 386.79527737 -2.94246143
72.09752559 387.31053966 -2.95805476
71.09899586 387.81283004 -2.96185780
70.10527439 388.32784263 -2.94654545
69.12110578 388.84484180 -2.91823573
68.13346061 389.36122894 -2.89364963
67.16693957 389.89172144 -2.86225883
66.20627308 390.41269895 -2.83235871
65.22959049 390.94289717 -2.80460166
64.25165886 391.46250232 -2.77329330
63.25210799 391.97739752 -2.73635509
62.28091855 392.47716536 -2.67448164
61.28794853 392.99135731 -2.61544565
60.31075827 393.49466404 -2.55919981
59.31976046 394.01333508 -2.50991375
58.37299894 394.51935035 -2.46410165
57.39325232 395.02566582 -2.41795288
56.44185359 395.51910813 -2.37065004
55.49210484 396.01743437 -2.31577341
54.54085186 396.51819524 -2.24213948
53.58871276 397.01209441 -2.18580310
52.65602534 397.50458399 -2.12919053
51.69887253 398.00984789 -2.06833354
50.75302004 398.50762118 -2.00942676
49.84715216 398.99798737 -1.94774170
48.92784611 399.49683931 -1.87952143
47.98789726 399.98456359 -1.82128904
47.07696210 400.44696916 -1.75330353
46.17568915 400.91257662 -1.69733140
45.26586514 401.37785173 -1.64393180
44.36889608 401.84377743 -1.59911434
43.46196072 402.30886922 -1.54327832
42.56004322 402.77131415 -1.49012530
41.65551375 403.24940194 -1.44104317
40.74406739 403.72860706 -1.37829744
39.84851002 404.19838099 -1.31978849
38.94352532 404.66594424 -1.26530163
38.02151678 405.14054407 -1.19762118
37.10552133 405.63111587 -1.13619836
36.16402957 406.11829637 -1.08913040
35.24072593 406.60376665 -1.03707678
34.30895277 407.08763466 -1.00310837
33.38586484 407.57126101 -0.96177648
32.46136405 408.06568077 -0.92406600
31.51493419 408.57291447 -0.91381975
30.58187859 409.07892936 -0.88536904
29.63142129 409.59670209 -0.85723098
28.66080496 410.10333015 -0.84009820
27.68724208 410.61955580 -0.82001268
26.75338971 411.12184031 -0.77165789
25.79615630 411.62812335 -0.74685490
24.84288627 412.14505130 -0.72004055
23.85147776 412.67159721 -0.70281277
22.85823476 413.19323720 -0.68553874
21.88684035 413.71412333 -0.66284203
20.91793592 414.23929148 -0.64398936
19.94040160 414.78444606 -0.62126020
18.95980406 415.32258030 -0.61073802
17.98286462 415.86746435 -0.59992090
17.00180557 416.41500390 -0.58940533
16.01658203 416.96542835 -0.56930563
15.03097623 417.51991513 -0.55795409
14.04421302 418.08664952 -0.55114162
13.05452320 418.65385149 -0.54207361
12.07555025 419.21412316 -0.53317446
11.09176703 419.77814279 -0.52766185
10.09354117 420.36107733 -0.51098445
9.09809105 420.94660342 -0.49320601
8.10428267 421.52890404 -0.48321587
7.11779940 422.11179336 -0.48109712
6.13656686 422.69670881 -0.46526808
5.15257590 423.29065536 -0.45202416
4.18514971 423.87493904 -0.44035478
3.23770990 424.45037463 -0.43147657
2.31142350 425.02764555 -0.43091103
1.39578707 425.60477067 -0.42862620
0.48121694 426.18079188 -0.43969698
-0.40906570 426.75052520 -0.45934696
-1.27645265 427.31178911 -0.48034183
-2.12843323 427.87597010 -0.50448900
-2.99297888 428.44059179 -0.52693047
-3.84770239 429.00934769 -0.54907052
-4.67769968 429.56158423 -0.56893984
-5.49549544 430.10558482 -0.59692713
-6.28519991 430.63097232 -0.62038897
-7.05631894 431.16428201 -0.63467340
-7.80070552 431.70127250 -0.64624305
-8.51908561 432.22412809 -0.65522085
-9.22092460 432.71593895 -0.66284599
-9.90677736 433.19168173 -0.67823719
-10.57784996 433.67181789 -0.69853416
-11.21081372 434.14158292 -0.72104402
-11.82196542 434.59391527 -0.76221598
-12.41420418 435.02528234 -0.80446272
-12.97788800 435.46071726 -0.84903473
-13.50825193 435.90138293 -0.91427039
-14.02532882 436.34747509 -0.98103872
-14.51904777 436.77723733 -1.05902738
-15.00333913 437.18954914 -1.14179783
-15.47674224 437.59528757 -1.21364751
-15.92798531 437.98644899 -1.29954037
-16.37157548 438.37492541 -1.38250215
-16.79004759 438.75207455 -1.45210173
-17.20090341 439.11793683 -1.52561137
-17.59862887 439.47316465 -1.59905033
-17.96042811 439.80732688 -1.64762080
-18.33980468 440.13563669 -1.71143261
-18.67472239 440.42452501 -1.73762900
-19.02054967 440.72124507 -1.78235960
-19.35644367 441.01248728 -1.82534704
-19.67043414 441.28453993 -1.84787319
-19.99257360 441.54759406 -1.86832423
-20.31757086 441.81160006 -1.87909495
-20.66365602 442.09021994 -1.90475822
-20.99701972 442.34835499 -1.91575591
-21.34140428 442.61942911 -1.92700459
-21.68673042 442.87796119 -1.93051259
-22.01924230 443.11651408 -1.92491203
-22.33952497 443.33810650 -1.90468764
-22.68392305 443.57717964 -1.87816493
-23.02969096 443.80418129 -1.85408821
-23.39075099 444.03377110 -1.82082462
-23.75818302 444.28315369 -1.79025995
-24.13219668 444.52906555 -1.75378952
-24.50690779 444.77000075 -1.71993197
-24.86966301 445.00591381 -1.68037322
-25.24943705 445.24762801 -1.64516141
-25.61226506 445.49054253 -1.62223229
-25.99249838 445.74230058 -1.58560718
-26.36240045 446.00256694 -1.56317849
-26.72475166 446.25611373 -1.54057046
-27.07492466 446.50620873 -1.51863575
-27.44047540 446.77642695 -1.49642062
-27.80318140 447.03894561 -1.48551371
-28.16852944 447.30377055 -1.47067273
-28.51334046 447.58300891 -1.46705233
-28.84151291 447.85494918 -1.46925934
-29.16240105 448.12227262 -1.47506428
-29.46177642 448.37306217 -1.48479151
-29.75587907 448.62164058 -1.49846749
-30.03726279 448.84811457 -1.52001175
-30.30018561 449.07594390 -1.56084032
-30.55545134 449.31489293 -1.58330210
-30.79194457 449.55008810 -1.60169451
-31.05193074 449.77861752 -1.61093404
-31.30414149 450.00147850 -1.61753608
-31.55742745 450.20953622 -1.63421382
-31.80872908 450.41141770 -1.65213833
-32.07382829 450.62882144 -1.66923886
-32.34336847 450.82996211 -1.67805174
-32.62103333 451.03797132 -1.68007511
-32.90959224 451.24891532 -1.67845057
-33.20941193 451.44456111 -1.67232665
-33.51976516 451.62985572 -1.65795929
-33.85086743 451.81976336 -1.66195996
-34.18039814 452.00134564 -1.63847203
-34.51335470 452.17348354 -1.61388176
-34.86314719 452.32137092 -1.56381809
-35.22915278 452.44085780 -1.52249554
-35.62271656 452.55679015 -1.48795474
-36.03695143 452.64593350 -1.42530732
-36.46970777 452.69762554 -1.36418179
-36.89755237 452.73727506 -1.28189000
-37.34368956 452.74926449 -1.18587753
-37.79553316 452.73405197 -1.07972046
-38.25723576 452.68289909 -0.98327008
-38.73533446 452.59735965 -0.86783709
-39.21238062 452.47427119 -0.75047820
-39.69009117 452.32477962 -0.62865201
-40.16763378 452.13107506 -0.52491586
-40.67111395 451.89685080 -0.41341083
-41.18874669 451.60218738 -0.30220772
-41.70554844 451.25658368 -0.19674322
-42.23626671 450.86528269 -0.08480215
-42.77149963 450.44951260 0.01631294
-43.30594642 449.97822224 0.10579755
-43.83703923 449.49015829 0.18203182
-44.38426340 448.98041814 0.26241299
-44.91375245 448.43651212 0.31839573
-45.44632401 447.85639914 0.37709053
-45.98124365 447.23701403 0.43881397
-46.51856763 446.58150143 0.49798642
-47.05316035 445.89626714 0.53183990
-47.57295424 445.16752067 0.55358495
-48.10354163 444.41462652 0.57104351
-48.63819160 443.62760099 0.56407912
-49.17880433 442.83425155 0.55142692
-49.73348992 442.00957641 0.55347749
-50.28351971 441.15883177 0.55662935
-50.86309034 440.28207475 0.54930997
-51.44369395 439.41291173 0.54568468
-52.04351449 438.52597835 0.54332163
-52.65468425 437.61175034 0.53660064
-53.28310307 436.67408878 0.52546199
-53.91274693 435.72435126 0.50399599
-54.53265820 434.79314098 0.48847532
-55.16373565 433.85470817 0.46792777
-55.81473084 432.89921533 0.44800496
-56.47069490 431.92964767 0.41672625
-57.12606122 430.95082625 0.39017260
-57.78980935 429.94987547 0.37625937
-58.47636971 428.92458450 0.35792636
-59.14497163 427.90366532 0.33562644
-59.83091561 426.89261851 0.31774020
-60.52907885 425.88563554 0.28844625
-61.20602810 424.88828009 0.25172939
-61.87447995 423.86246250 0.21052463
-62.53816697 422.84193604 0.20065401
-63.19328392 421.81757090 0.20685285
-63.86313478 420.76889007 0.19835687
-64.51568051 419.73810854 0.18507618
-65.17977890 418.71537120 0.16425435
-65.83894068 417.69318337 0.14132831
-66.49994218 416.67504396 0.11636229
-67.12996273 415.67054396 0.08668679
-67.77060137 414.65667299 0.05462948
-68.40460866 413.63848300 0.03045623
-69.03380347 412.62913255 0.00489683
-69.65039256 411.61678960 -0.02210131
-70.24902538 410.63778806 -0.05562757
-70.85434990 409.63702363 -0.09058096
-71.44376173 408.63938984 -0.12828123
-72.03701804 407.61326088 -0.15408761
-72.63554866 406.60462260 -0.18515915
-73.22384756 405.58107968 -0.23309760
-73.82448181 404.56918603 -0.26824819
-74.39910265 403.55286939 -0.30366621
-74.96118174 402.54780182 -0.34810018
-75.54290614 401.53799717 -0.38206582
-76.12294229 400.50937568 -0.41919805
-76.69180017 399.50573142 -0.43958579
-77.26322629 398.48422777 -0.46346682
-77.84059826 397.45485284 -0.48842402
-78.39099558 396.44510202 -0.50438040
-78.93890910 395.42789377 -0.51535309
-79.50411517 394.39943698 -0.52312981
-80.06836710 393.37781655 -0.52282938
-80.63118114 392.34295968 -0.52624185
-81.16686963 391.34785417 -0.53396798
-81.70338668 390.33091638 -0.53322350
-82.24590788 389.30853059 -0.54460418
-82.78224070 388.27499285 -0.54365248
-83.30164103 387.27106305 -0.54713426
-83.82516390 386.24733428 -0.53681328
-84.35756239 385.19934738 -0.53719013
-84.89261968 384.12445290 -0.53248078
-85.42337408 383.05996466 -0.53114085
-85.96270775 381.96285843 -0.53240530
-86.49444051 380.88291615 -0.53028648
-86.99250031 379.83028970 -0.54496943
-87.49920328 378.76866266 -0.54702667
-88.00489861 377.67141546 -0.54811337
-88.50284621 376.58372618 -0.54693402
-88.99782972 375.49790233 -0.54267166
-89.48622451 374.37565775 -0.54604022
-89.98262565 373.22010430 -0.55583137
-90.44938734 372.08514201 -0.58031186
-90.92427899 370.95554158 -0.57609656
-91.39306073 369.78818679 -0.57928011
-91.85057217 368.62832977 -0.59129495
-92.31128189 367.43714170 -0.59743783
-92.75796030 366.27958374 -0.60501495
-93.17905040 365.14798186 -0.60521516
-93.58877942 364.00626499 -0.60577009
-93.98123925 362.87533243 -0.60319332
-94.37086096 361.74445780 -0.58401319
-94.74256096 360.59359780 -0.57373370
-95.10925358 359.43386995 -0.55418679
-95.47481968 358.26094986 -0.56168213
-95.83976622 357.03948479 -0.57643428
-96.21179421 355.80743864 -0.58977479
-96.55980488 354.59865956 -0.56337878
-96.90012609 353.37634545 -0.55695376
-97.21681047 352.17848575 -0.55935575
-97.52838897 350.97070772 -0.56629417
-97.85310626 349.71125304 -0.57920136
-98.15547729 348.47794761 -0.59864838
-98.44082466 347.30912792 -0.59860826
-98.71165932 346.12723039 -0.60804049
-98.98945429 344.93400994 -0.61858956
-99.24682263 343.72700973 -0.62360707
-99.50126541 342.53153599 -0.63479898
-99.75282997 341.31429552 -0.64364762
-99.99867753 340.08273169 -0.64604245
-100.24024189 338.85945174 -0.65064697
-100.47369619 337.65917697 -0.66415564
-100.69591429 336.46970755 -0.67256568
-100.91380167 335.24636987 -0.68708244
-101.11867461 334.04208769 -0.71184320
-101.33219985 332.81606362 -0.73211529
-101.53742931 331.58967026 -0.75397069
-101.73520569 330.38700942 -0.75979781
-101.92748505 329.18794488 -0.78537905
-102.13102528 327.94667239 -0.80222912
-102.33483015 326.71821591 -0.82219596
-102.52645614 325.53759859 -0.84280414
-102.71607303 324.32560620 -0.86691632
-102.89592696 323.10103098 -0.90216937
-103.07276601 321.87800626 -0.93512546
-103.24181567 320.67270214 -0.97107590
-103.42062078 319.45838326 -1.00174427
-103.60747463 318.22938656 -1.02122246
-103.78896297 317.01433373 -1.03504255
-103.96977877 315.79313439 -1.03849590
-104.14967027 314.55286541 -1.05184652
-104.33329073 313.30296911 -1.04794870
-104.51210890 312.10318140 -1.02483329
-104.69886326 310.86153410 -0.99813532
-104.85813506 309.62195491 -0.97081780
-105.01606514 308.42019897 -0.94538424
-105.17620722 307.22109991 -0.91855596
-105.32876336 305.98472431 -0.90476336
-105.49264727 304.79940608 -0.88335150
-105.64830383 303.55876523 -0.85948421
-105.80082598 302.34926919 -0.81978329
-105.96692246 301.06940359 -0.78280739
-106.12455664 299.81656088 -0.74356529
-106.27596981 298.57878647 -0.71275715
-106.41144988 297.32697751 -0.66415360
-106.54268463 296.07298353 -0.61653550
-106.67334211 294.82931742 -0.56997393
-106.80685310 293.61235753 -0.52482647
-106.94444180 292.35903520 -0.47217750
-107.06865127 291.12702294 -0.42470890
-107.18891029 289.91282691 -0.39201908
-107.29116743 288.71604790 -0.36097754
-107.40399804 287.50386893 -0.32723628
-107.49896919 286.30949015 -0.29159332
-107.58864491 285.11526766 -0.25258214
-107.67320420 283.91912513 -0.21681816
-107.76103959 282.70932260 -0.18508374
-107.84121212 281.53254963 -0.14704196
-107.92021342 280.35716125 -0.11331401
-108.00377345 279.16967509 -0.07352378
-108.07080159 277.97886175 -0.02912901
-108.14137459 276.77598694 0.02143980
-108.19510755 275.55505577 0.08166511
-108.25659584 274.36257391 0.11060922
-108.31096649 273.18585835 0.13709622
-108.35930621 271.95325861 0.17620251
-108.40769621 270.76538689 0.22310882
-108.44496608 269.54046355 0.28153028
-108.47007106 268.33329154 0.33113815
-108.48374648 267.14749648 0.37420896
-108.49192083 265.93893830 0.42243033
-108.49845102 264.73045882 0.46566399
-108.49299001 263.53269877 0.49006934
-108.46729546 262.27588811 0.53251569
-108.44777663 261.07492411 0.54983164
-108.41583710 259.84795334 0.57601459
-108.38627316 258.63916112 0.59627895
-108.34793039 257.43676763 0.62223716
-108.30436009 256.21325084 0.63616623
-108.23722283 254.93562544 0.68049907
-108.18462150 253.71972243 0.68823190
-108.10734651 252.48789135 0.72048526
-108.03029222 251.23500003 0.75026061
-107.92739515 250.02770694 0.78888418
-107.82802547 248.80944190 0.81898576
-107.71559470 247.63369618 0.83714434
-107.60268162 246.41366615 0.85599367
-107.47629900 245.18289682 0.87651351
-107.33905918 244.00543445 0.91129157
-107.19797943 242.80205126 0.92766337
-107.04847516 241.61937363 0.94028615
-106.90390978 240.46048967 0.95092600
-106.74564697 239.28634047 0.95258374
-106.56447640 238.12461215 0.95743440
-106.38378742 236.93854383 0.96593390
-106.21048961 235.77882653 0.96718641
-106.01305844 234.58941747 0.97553415
-105.81602785 233.42544080 0.97432827
-105.62068317 232.24996243 0.96404904
-105.40821554 231.07420611 0.95531896
-105.19112270 229.89175889 0.94975441
-104.96544770 228.70548185 0.93309803
-104.72781108 227.54134203 0.92973790
-104.49190963 226.36301490 0.91538832
-104.26356382 225.19163352 0.88840343
-104.03163677 224.02523676 0.86116879
-103.78794754 222.85758619 0.84419027
-103.53350983 221.64048860 0.82954093
-103.27173135 220.44607115 0.81386565
-102.99535207 219.25794142 0.79121916
-102.72672874 218.08441364 0.76713635
-102.45831727 216.89302348 0.75132965
-102.18014860 215.67598509 0.73762070
-101.88588878 214.45088733 0.72433704
-101.60165006 213.23318758 0.71908639
-101.31287866 211.99996710 0.71334262
-101.02758048 210.73650782 0.70087481
-100.72437823 209.51970504 0.69128334
-100.43164733 208.24769972 0.67010633
-100.13453207 206.99155477 0.66448795
-99.84795764 205.75403630 0.65304257
-99.51554296 204.50701002 0.65000698
-99.17963107 203.25784565 0.64021479
-98.85250023 202.03068558 0.63541967
-98.51690634 200.79883306 0.63054308
-98.17875198 199.58035169 0.62729338
-97.84905122 198.37041744 0.62594557
-97.51686067 197.12961463 0.63591603
-97.17425839 195.91241875 0.64208030
-96.82099219 194.69055817 0.64171471
-96.46722132 193.47448638 0.63505751
-96.12454978 192.26231744 0.62926772
-95.77945936 191.04074922 0.61828886
-95.46362961 189.82734679 0.59855637
-95.12682691 188.59962620 0.58503729
-94.78566595 187.36919596 0.56764361
-94.42329321 186.15398880 0.55660264
-94.06841265 184.93062403 0.53735181
-93.69438568 183.70994812 0.51916655
-93.32393929 182.45108515 0.50082098
-92.95974160 181.18956308 0.47286567
-92.59600389 179.92949757 0.45924827
-92.23216700 178.65730096 0.43222884
-91.85180416 177.37595611 0.41143642
-91.46569385 176.07753930 0.38072813
-91.08947399 174.79164742 0.34221016
-90.71806208 173.48111108 0.31447150
-90.35126742 172.16970660 0.28334229
-89.96092040 170.88247214 0.27340683
-89.57298938 169.61310179 0.27011904
-89.18013397 168.31880018 0.25755001
-88.77997836 167.00530082 0.23156804
-88.39885427 165.75889019 0.20261803
-87.99041027 164.48467213 0.17653432
-87.59494200 163.22739382 0.16103298
-87.20848097 161.95675661 0.14296919
-86.82183106 160.68931528 0.11844673
-86.43439060 159.43476667 0.09836449
-86.05698316 158.18017564 0.07521376
-85.66606099 156.91816591 0.05770589
-85.26865111 155.66002379 0.02978396
-84.88170331 154.41702191 -0.00636978
-84.49025731 153.16157833 -0.03748614
-84.10475560 151.90530280 -0.07472513
-83.70214978 150.65603360 -0.11400320
-83.30814656 149.41279999 -0.14835170
-82.92265516 148.17402632 -0.19138251
-82.53263162 146.89576149 -0.23686256
-82.14485403 145.64700050 -0.27089579
-81.77916237 144.41735877 -0.31340784
-81.37026460 143.16117412 -0.35326688
-80.97533281 141.92564475 -0.38139120
-80.58868779 140.66115919 -0.39899457
-80.19250235 139.40108304 -0.39720615
-79.78196982 138.13317557 -0.40340457
-79.39278128 136.89269064 -0.39829004
-78.99868129 135.67001614 -0.39067239
-78.60117442 134.41767921 -0.37801733
-78.18391734 133.13719174 -0.35153042
-77.77424019 131.86229664 -0.32763495
-77.34158968 130.60699748 -0.29844381
-76.94902154 129.37074271 -0.26769512
-76.55108998 128.13904794 -0.24580613
-76.15232427 126.91326873 -0.21724422
-75.75596156 125.67949329 -0.18287435
-75.35319355 124.44161257 -0.14959414
-74.94374624 123.21800928 -0.10228140
-74.55206017 121.97196456 -0.05299509
-74.14696803 120.74322387 -0.00396272
-73.75153813 119.49981688 0.05666373
-73.38741903 118.27287319 0.11871058
-73.00133947 117.03893439 0.17924048
-72.61574094 115.82644582 0.23557617
-72.22924170 114.59951393 0.28567755
-71.84879921 113.38094113 0.33589323
-71.44899885 112.13878305 0.38742208
-71.04566546 110.89240050 0.45021635
-70.65882124 109.63855507 0.50576296
-70.24759087 108.37143907 0.55939970
-69.86058250 107.10453383 0.60148589
-69.46684014 105.84171873 0.63682525
-69.07984127 104.60002039 0.67222700
-68.70841296 103.31049340 0.70275563
-68.35140301 102.07164097 0.74819938
-67.98693357 100.79488812 0.77844552
-67.59883405 99.50367166 0.81308096
-67.21818885 98.19969028 0.85230523
-66.86309986 96.91635579 0.88118100
-66.51331269 95.63610976 0.90432401
-66.15929477 94.33618625 0.91429307
-65.82070505 93.05275874 0.92388170
-65.47702904 91.76157634 0.93871683
-65.13613463 90.44924975 0.94978035
-64.81091530 89.10433890 0.94135350
-64.49494584 87.80853931 0.92720182
-64.15810717 86.45461334 0.89750293
-63.83654238 85.13448199 0.86456537
-63.52075571 83.80461059 0.83457603
-63.19942408 82.46979574 0.78308398
-62.89693849 81.13935735 0.71564191
-62.58846468 79.80098172 0.64027514
-62.28977314 78.45567157 0.56460371
-61.99428416 77.08213101 0.48306206
-61.68148577 75.71744185 0.38988563
-61.37326515 74.39881362 0.28804151
-61.07325884 73.08380618 0.18701641
-60.77779897 71.77321784 0.07595886
-60.48757406 70.44775674 -0.04696308
-60.19209242 69.10796222 -0.17530560
-59.93002966 67.74747125 -0.31151862
-59.62359594 66.39530774 -0.46392117
-59.36072921 65.07523137 -0.63582681
-59.05742604 63.80188623 -0.80379570
-58.76580558 62.52188068 -0.99444141
-58.46878439 61.22972107 -1.20295904
-58.16603761 59.96344977 -1.39417131
-57.85015183 58.70538426 -1.59969229
-57.53071568 57.47154612 -1.77764988
-57.12393169 56.23119015 -1.96263268
-56.74876495 54.98063275 -2.16062374
-56.35646834 53.72489829 -2.37466770
-55.94692359 52.51032576 -2.60812217
-55.53010511 51.30847038 -2.85913300
-55.11372002 50.11696299 -3.06651616
-54.67589775 48.92120617 -3.32451666
-54.24483244 47.77057900 -3.59244715
-53.79638788 46.57493820 -3.82754643
-53.36450675 45.40811181 -4.10069315
-52.91730103 44.25828597 -4.37261503
-52.45304857 43.09131391 -4.66247907
-51.98001282 41.94426810 -4.93333988
-51.49210533 40.79363800 -5.25463472
-51.07274011 39.65859015 -5.51478226
-50.59223349 38.58073640 -5.82286827
-50.10652952 37.51366236 -6.12758058
-49.62033811 36.42582920 -6.42443939
-49.11469472 35.35585552 -6.73654212
-48.60974076 34.31131477 -7.05145949
-48.09984374 33.29285630 -7.35443320
-47.59721332 32.28088575 -7.64895498
-47.08192470 31.28741755 -7.94788700
-46.56983776 30.30457227 -8.26214814
-46.06556398 29.32345834 -8.56677536
-45.55169421 28.34706187 -8.85664134
-45.04258338 27.41493442 -9.15144595
-44.53414263 26.51409618 -9.44781103
-44.02243139 25.61587207 -9.73913891
-43.50780280 24.69874327 -10.04528145
-42.99828644 23.82428110 -10.34093549
-42.50172698 22.97288931 -10.63583170
-42.00573777 22.14103044 -10.94548369
-41.50452160 21.29165213 -11.24205759
-41.00906940 20.48583327 -11.53299077
-40.51777561 19.68390294 -11.82883253
-40.02087132 18.90488456 -12.10982950
-39.54942917 18.13774919 -12.38742903
-39.07868353 17.38165203 -12.63325095
-38.59968562 16.62962489 -12.88258196
-38.12154946 15.89213323 -13.13231635
-37.65901508 15.19650820 -13.37494917
-37.20936705 14.52414983 -13.59007515
-36.76962782 13.86313924 -13.78713477
-36.31301641 13.17323523 -13.99116448
-35.87051871 12.51936627 -14.16765418
-35.42916953 11.86652461 -14.33883586
-34.99385505 11.22995424 -14.47676775
-34.55318992 10.59777540 -14.59267103
-34.12753055 9.96772060 -14.69910705
-33.70808111 9.35270222 -14.79285221
-33.28211626 8.73039310 -14.85037251
-32.84305725 8.08249801 -14.88693058
-32.40223195 7.45169641 -14.89540390
-31.97942657 6.85554097 -14.86215879
-31.55868126 6.27561480 -14.80874121
-31.13476927 5.69525784 -14.73421480
-30.70895846 5.14452626 -14.60579182
-30.28501354 4.60315611 -14.44699774
-29.85468709 4.07591061 -14.26237282
-29.42921857 3.57406499 -14.04913988
-29.00909563 3.10565666 -13.81591093
-28.59566957 2.66467778 -13.55663682
-28.15247658 2.22242913 -13.27638686
-27.71934936 1.81351625 -12.94917460
-27.28075646 1.43545329 -12.61113946
-26.85350647 1.11194107 -12.21980552
-26.42116906 0.82701315 -11.82061766
-25.97501554 0.55787900 -11.38877692
-25.54209620 0.28694446 -10.97735633
-25.10218276 0.08289579 -10.53735122
-24.66712982 -0.10475948 -10.09927069
-24.22484887 -0.27585386 -9.66151970
-23.78323415 -0.41071310 -9.20833188
-23.32220642 -0.55455805 -8.75297955
-22.86750407 -0.67924455 -8.30562850
-22.40669159 -0.80490472 -7.85986743
-21.94998036 -0.90973108 -7.42570815
-21.48641631 -1.01626912 -7.00712496
-21.01274720 -1.10419564 -6.58395174
-20.53675126 -1.19227609 -6.17210043
-20.06766228 -1.25746610 -5.77695139
-19.58417992 -1.31526458 -5.37864582
-19.10516086 -1.38649375 -5.00857003
-18.61979910 -1.46122738 -4.64205297
-18.12424860 -1.52918122 -4.27441877
-17.63809298 -1.57219209 -3.90707607
-17.16406250 -1.60391909 -3.56011608
-16.68557772 -1.63628556 -3.23955136
-16.23286736 -1.68930443 -2.95780632
-15.77298568 -1.73422429 -2.69023879
-15.32098311 -1.78088185 -2.42637965
-14.85310879 -1.83269017 -2.16912346
-14.43428875 -1.85319570 -1.94567419
-14.02121856 -1.84301396 -1.72787663
-13.62194209 -1.87355393 -1.54156469
-13.21800668 -1.90734424 -1.36183364
-12.83303875 -1.93061758 -1.18988518
-12.49066657 -1.97396998 -1.07159412
-12.15908739 -1.97539835 -0.94806151
-11.82682972 -1.99753110 -0.83720443
-11.52410491 -1.98630699 -0.73908978
-11.20898336 -1.98968125 -0.65590458
-10.87244341 -1.96479132 -0.55004009
-10.57384687 -2.00266955 -0.49241704
-10.29132080 -2.03770081 -0.44115971
-10.01155621 -2.03681032 -0.38499663
-9.72146756 -2.03001286 -0.33180311
-9.44256611 -2.02959199 -0.29576217
-9.16464947 -2.01389026 -0.25670767
-8.91113389 -2.02349665 -0.23429618
-8.65749075 -2.01616049 -0.20864274
-8.39320404 -1.98826830 -0.18419281
-8.12555795 -1.97463315 -0.17106301
-7.84928505 -1.95249411 -0.15412380
-7.54254328 -1.89741324 -0.11778992
-7.24885268 -1.84594754 -0.07518819
-6.95593823 -1.76675161 -0.02520944
-6.65787755 -1.68600038 0.03417068
-6.33669996 -1.58651932 0.08761179
-5.99021976 -1.50283750 0.15578848
-5.68550239 -1.40669645 0.22233749
-5.34251546 -1.24919669 0.29529184
-4.98158507 -1.08120269 0.36285466
-4.62723259 -0.93678041 0.41497410
-4.24018929 -0.75929023 0.47562835
-3.87682950 -0.60547418 0.51765064
-3.49008798 -0.41526937 0.57123451
-3.12393484 -0.19206609 0.62083799
-2.71744928 0.05969405 0.68091313
-2.30966706 0.36090392 0.74354060
-1.89598866 0.65707027 0.80673546
-1.48783458 0.99036435 0.86120279
-1.07791451 1.34503869 0.92535702
-0.63945510 1.75080058 1.01210688
-0.21460519 2.16193832 1.07663753
0.17541945 2.61691571 1.12456161
0.55827864 3.07292870 1.16495196
0.95791400 3.56989340 1.21963099
1.33307248 4.12827350 1.28258679
1.70855364 4.67716193 1.33090906
2.09593760 5.28181525 1.37822852
2.45518769 5.92001253 1.43409793
2.83807773 6.56298006 1.47703766
3.20224701 7.24456494 1.50976439
3.57940905 7.96270077 1.55616156
3.95320598 8.69676009 1.60006633
4.33154281 9.44790246 1.63774157
4.66111149 10.18414120 1.67074935
5.02199747 10.91768582 1.71720329
5.37976950 11.75622083 1.77172418
5.79039111 12.55063480 1.82228250
6.20894678 13.36586168 1.86914744
6.63746853 14.16853081 1.90211172
7.08614624 14.99256124 1.94377115
7.53850938 15.83449002 1.97217020
7.99900539 16.72580819 1.99215361
8.46388738 17.63771587 2.00310897
8.94730608 18.58125699 2.01214661
9.42355879 19.50257870 2.01439986
9.90526612 20.43061108 2.02459458
10.40676972 21.39003413 2.02086185
10.90902825 22.36337552 2.01803945
11.38498656 23.30235486 2.00952098
11.85365587 24.22130681 1.99149962
12.32582079 25.14538800 1.95169918
12.80850615 26.08444848 1.92748076
13.30437426 27.04576240 1.90481618
13.79762388 28.02575664 1.87276959
14.29118357 28.98057126 1.84294956
14.77349851 29.89745409 1.80991081
15.25196996 30.84077183 1.76045158
15.74904246 31.80318395 1.71497611
16.24504716 32.76462291 1.67207821
16.73227389 33.75292169 1.61678102
17.24362530 34.73452149 1.56541851
17.76836830 35.71904077 1.51219982
18.31117501 36.76302953 1.44797272
18.86595031 37.77636378 1.36932308
19.41749061 38.78905840 1.30135085
19.94930316 39.78253983 1.24149404
20.47573432 40.77044693 1.19841888
20.98739303 41.75651794 1.16686995
21.50014368 42.74402592 1.12913825
22.00873819 43.72507126 1.08099923
22.54720218 44.71745634 1.04933246
23.07701317 45.72321982 1.01701425
23.61719332 46.72700721 0.99831437
24.15456954 47.72213508 0.97975997
24.70368551 48.73012131 0.96159903
25.23725914 49.74556949 0.93734665
25.78989516 50.79936024 0.91581750
26.34008803 51.84492127 0.89896185
26.89612519 52.88202925 0.86931923
27.44039681 53.94503968 0.82694340
28.00386884 55.00627091 0.78829841
28.55931971 56.06571225 0.75734288
29.10038432 57.10290626 0.74381381
29.63415701 58.14761926 0.72935781
30.17451171 59.19066431 0.71919156
30.72495479 60.23806776 0.71130993
31.27578816 61.29216739 0.69208059
31.82311201 62.33390936 0.67498813
32.37531191 63.38059900 0.65958949
32.92871476 64.42451143 0.63810768
33.48337359 65.46218243 0.61160818
34.02665971 66.49709744 0.59647347
34.57512105 67.53337442 0.59623996
35.11721638 68.57387534 0.60599890
35.64535470 69.60333352 0.60169990
36.17761304 70.62788314 0.60934273
36.71830060 71.64798889 0.62304709
37.24739623 72.67680648 0.61627340
37.76545257 73.69599715 0.60673524
38.27923375 74.70755391 0.59125650
38.78928383 75.69878761 0.56156600
39.32494449 76.69700691 0.53132232
39.84407745 77.68852174 0.49603925
40.34601465 78.68197710 0.48948675
40.86480216 79.67767926 0.48716092
41.38520164 80.68784715 0.48570804
41.90788873 81.68647327 0.48446489
42.44347662 82.68427975 0.47479448
42.97370205 83.66137682 0.46398922
43.50713408 84.65418160 0.44594181
44.03195651 85.63677891 0.44038259
44.56504747 86.62335388 0.42713338
45.08930405 87.60926584 0.42180889
45.63250769 88.59788230 0.42105954
