0.001384 0.003885 -0.001459
0.020058 0.131598 -0.087865
0.050473 0.291599 -0.147798
0.094594 0.483445 -0.183514
0.154121 0.706657 -0.197265
0.230496 0.960725 -0.191293
0.324911 1.245123 -0.167820
0.438320 1.559308 -0.129047
0.571444 1.902734 -0.077147
0.724788 2.274852 -0.014265
0.898642 2.675121 0.057488
1.093098 3.103006 0.136032
1.308062 3.557999 0.219319
1.543262 4.039605 0.305329
1.798253 4.547352 0.392074
2.072431 5.080788 0.477589
2.364759 5.639301 0.558383
2.674386 6.222419 0.632543
3.001230 6.829957 0.701839
3.345017 7.461848 0.768478
3.705054 8.117515 0.834617
4.080561 8.794078 0.899255
4.469962 9.491114 0.959829
4.871147 10.209066 1.015644
5.283335 10.946395 1.066400
5.706957 11.703352 1.113678
6.141745 12.481333 1.160060
6.586954 13.279596 1.204713
7.042459 14.094497 1.245325
7.508287 14.924150 1.281154
7.984251 15.768628 1.311685
8.469728 16.628306 1.336904
8.964528 17.502376 1.359067
9.469594 18.389623 1.383420
9.985028 19.289712 1.413469
10.509412 20.201530 1.446329
11.040726 21.122407 1.477253
11.577484 22.051477 1.501970
12.118798 22.993255 1.520110
12.665808 23.947802 1.537900
13.219412 24.912556 1.559524
13.778263 25.889792 1.583424
14.340506 26.878962 1.605047
14.904462 27.874943 1.623570
15.468794 28.876918 1.639641
16.032674 29.886301 1.652776
16.596490 30.902495 1.662891
17.159585 31.921304 1.671027
17.720295 32.941314 1.675547
18.279015 33.963395 1.678985
18.837830 34.983673 1.686761
19.396509 36.002489 1.696608
19.951886 37.021907 1.707138
20.502679 38.040730 1.714005
21.050331 39.056887 1.719082
21.596259 40.069596 1.730222
22.141131 41.078331 1.747548
22.683614 42.082729 1.765789
23.222503 43.083007 1.781629
23.758543 44.077667 1.795241
24.292603 45.066533 1.807602
24.825750 46.049740 1.822496
25.359039 47.024719 1.839848
25.890265 47.993734 1.853525
26.417271 48.959170 1.861441
26.938691 49.918614 1.863718
27.453451 50.870391 1.862676
27.962153 51.814161 1.865075
28.463734 52.749050 1.875230
28.955852 53.672793 1.891227
29.437621 54.584152 1.906490
29.909941 55.483564 1.919391
30.373477 56.370567 1.933119
30.828622 57.244703 1.947747
31.275260 58.106581 1.960271
31.713288 58.957375 1.970608
32.143196 59.796758 1.980898
32.564665 60.622946 1.990707
32.975551 61.435205 1.997382
33.373648 62.233089 2.000542
33.760000 63.015220 2.002183
34.135176 63.782388 2.003940
34.498637 64.535822 2.010181
34.850553 65.272546 2.025588
35.190411 65.990986 2.042949
35.518842 66.692157 2.054451
35.837769 67.376144 2.061695
36.148538 68.045367 2.068119
36.451624 68.702843 2.078228
36.748407 69.346618 2.091493
37.042173 69.970675 2.105044
37.334104 70.574635 2.120238
37.622742 71.163984 2.134290
37.907553 71.741436 2.142164
38.190613 72.304549 2.145906
38.475099 72.847164 2.147854
38.761985 73.365973 2.149076
39.051657 73.862258 2.150804
39.346040 74.338552 2.151804
39.647457 74.794996 2.150364
39.957017 75.230628 2.145136
40.274887 75.643929 2.136537
40.600423 76.032442 2.126517
40.932508 76.395082 2.115356
41.270347 76.730618 2.101951
41.613551 77.037821 2.085712
41.961406 77.316241 2.065864
42.312569 77.565286 2.044392
42.665884 77.784569 2.024947
43.021813 77.974814 2.008012
43.380985 78.137669 1.991195
43.742341 78.274336 1.972010
44.103710 78.384856 1.950510
44.463466 78.468576 1.928195
44.821392 78.527914 1.906597
45.179205 78.568624 1.885837
45.536392 78.592395 1.864887
45.888957 78.596089 1.843260
46.235578 78.577464 1.822381
46.578241 78.539246 1.802860
46.923688 78.488562 1.782234
47.278270 78.430580 1.759571
47.641129 78.362912 1.738265
48.006423 78.278617 1.720216
48.371758 78.175879 1.703379
48.739081 78.056383 1.682014
49.111941 77.923263 1.650562
49.496551 77.778859 1.617728
49.893536 77.620688 1.598380
50.299514 77.446901 1.590631
50.712901 77.257893 1.583712
51.133348 77.053424 1.573165
51.561824 76.833268 1.559087
52.000376 76.597773 1.542941
52.450323 76.346558 1.525970
52.912008 76.079408 1.508202
53.386756 75.796667 1.489031
53.874243 75.497623 1.469641
54.372224 75.181580 1.451470
54.881397 74.850042 1.433992
55.403451 74.504439 1.416557
55.936759 74.144573 1.398844
56.480141 73.770095 1.380637
57.035577 73.382140 1.361809
57.605122 72.982271 1.342060
58.188458 72.570538 1.322241
58.785905 72.146905 1.303315
59.398444 71.712468 1.284454
60.025716 71.268259 1.265313
60.666985 70.816017 1.244875
61.320385 70.357815 1.222936
61.983389 69.895084 1.201004
62.655740 69.430311 1.177746
63.337111 68.964161 1.154630
64.023719 68.496139 1.136476
64.712626 68.027213 1.126496
65.402983 67.559033 1.120913
66.094815 67.092442 1.115655
66.788220 66.627555 1.110672
67.482889 66.165234 1.105023
68.178996 65.705691 1.098349
68.875970 65.248754 1.091359
69.572745 64.794275 1.085596
70.267539 64.341081 1.081506
70.958682 63.888368 1.078465
71.644969 63.437070 1.074999
72.325233 62.987020 1.069405
72.998270 62.537399 1.061209
73.662502 62.088088 1.052074
74.317728 61.638609 1.045215
74.963791 61.189244 1.040046
75.599568 60.740687 1.033923
76.224878 60.293455 1.027005
76.839499 59.847758 1.019778
77.442913 59.403902 1.012066
78.034117 58.962590 1.004186
78.612480 58.525081 0.997332
79.178793 58.092625 0.991498
79.732757 57.665456 0.985871
80.274193 57.243781 0.980602
80.803239 56.827802 0.975910
81.320037 56.418548 0.971583
81.825481 56.018009 0.966378
82.320778 55.628370 0.959315
82.806529 55.251263 0.950781
83.281639 54.887669 0.941278
83.745056 54.538799 0.931208
84.197779 54.206531 0.920852
84.640870 53.892417 0.910254
85.073827 53.597725 0.899417
85.497040 53.324245 0.889343
85.912083 53.073465 0.879421
86.320318 52.843406 0.868031
86.724515 52.629549 0.855443
87.128709 52.428821 0.843643
87.534371 52.239675 0.833256
87.941999 52.062484 0.824048
88.353393 51.899118 0.816881
88.770380 51.751642 0.812047
89.194169 51.621540 0.807940
89.624887 51.510270 0.802218
90.062315 51.419526 0.794092
90.504852 51.349663 0.784315
90.951096 51.301546 0.773692
91.402631 51.278715 0.762130
91.861266 51.283673 0.749702
92.327178 51.317768 0.737223
92.798447 51.381004 0.726411
93.272435 51.471446 0.719084
93.748125 51.589120 0.716644
94.224930 51.736450 0.717436
94.702014 51.914347 0.718497
95.179172 52.122617 0.717923
95.656069 52.360654 0.716171
96.131683 52.626874 0.713010
96.605625 52.921477 0.707220
97.077087 53.243105 0.695803
97.545282 53.584768 0.677798
98.011317 53.941176 0.658880
98.475371 54.314526 0.643322
98.936736 54.705487 0.629553
99.396787 55.111150 0.612775
99.857378 55.528763 0.592951
100.318397 55.956521 0.572696
100.781200 56.391335 0.555836
101.248822 56.829691 0.544648
101.721834 57.271535 0.533638
102.200021 57.716826 0.520074
102.683440 58.167083 0.509826
103.172528 58.624927 0.505988
103.667303 59.086701 0.506508
104.167996 59.546486 0.509697
104.674996 60.005761 0.513246
105.187373 60.469196 0.513774
105.704689 60.934969 0.509369
106.226698 61.402613 0.501598
106.752955 61.876309 0.490036
107.284443 62.359341 0.475641
107.823295 62.849677 0.465426
108.369759 63.345024 0.463357
108.922010 63.846614 0.468556
109.477807 64.354877 0.471761
110.037170 64.871412 0.466581
110.601179 65.393399 0.456389
111.170369 65.917245 0.445329
111.745565 66.445472 0.438316
112.326585 66.978637 0.436285
112.912732 67.516429 0.438317
113.503007 68.061071 0.441823
114.096209 68.612135 0.441821
114.691245 69.168113 0.439118
115.287600 69.729755 0.435274
115.885053 70.299446 0.428226
116.484329 70.872785 0.419665
117.085536 71.447919 0.412700
117.688057 72.026870 0.409949
118.291511 72.604768 0.409223
118.894095 73.179466 0.404644
119.495567 73.750669 0.400977
120.096168 74.317995 0.402379
120.693707 74.884310 0.405615
121.286017 75.453048 0.408376
121.875450 76.022897 0.408178
122.462583 76.592991 0.409457
123.044077 77.164315 0.410544
123.619060 77.735547 0.404243
124.188605 78.303064 0.394251
124.756191 78.870941 0.388303
125.324197 79.443552 0.396696
125.890888 80.017073 0.419327
126.451119 80.591878 0.433161
127.000524 81.169049 0.422062
127.542261 81.747186 0.396778
128.081135 82.324757 0.377516
128.616738 82.900810 0.375633
129.147061 83.478305 0.379271
129.671681 84.058737 0.376976
130.191787 84.642022 0.372592
130.705712 85.233661 0.364584
131.213371 85.830938 0.354137
131.717550 86.427264 0.347559
132.218123 87.023763 0.342546
132.713536 87.620900 0.333249
133.203556 88.216911 0.320675
133.688830 88.811649 0.306371
134.169569 89.409104 0.291965
134.645886 90.012109 0.281338
135.118831 90.619849 0.271389
135.588845 91.233604 0.256328
136.054438 91.853451 0.231922
136.516553 92.474431 0.198469
136.977879 93.095216 0.160983
137.439479 93.721072 0.127264
137.900928 94.355060 0.103993
138.361358 94.999430 0.086751
138.820899 95.650095 0.066179
139.280242 96.301994 0.041335
139.738474 96.960080 0.017419
140.195028 97.627918 -0.000708
140.650051 98.303900 -0.014312
141.102818 98.984296 -0.031629
141.552840 99.668180 -0.054880
141.999638 100.358396 -0.083404
142.441796 101.055142 -0.117769
142.879706 101.756466 -0.154609
143.315147 102.461183 -0.192945
143.749542 103.166716 -0.228235
144.182727 103.873711 -0.258454
144.613337 104.583971 -0.285679
145.040531 105.294115 -0.314622
145.463126 106.002313 -0.354581
145.883710 106.706528 -0.405830
146.303706 107.413858 -0.458440
146.721712 108.134405 -0.500475
147.139174 108.863516 -0.534957
147.557429 109.597450 -0.575146
147.975921 110.337804 -0.621792
148.392560 111.082914 -0.669353
148.806989 111.833209 -0.719446
149.222203 112.585279 -0.774317
149.640259 113.336319 -0.823435
150.057082 114.098123 -0.860193
150.470460 114.873703 -0.891729
150.881593 115.651726 -0.928111
151.288673 116.427800 -0.976795
151.692291 117.204376 -1.034875
152.095693 117.982969 -1.091525
152.503616 118.758828 -1.138609
152.917546 119.531196 -1.177565
153.332234 120.306719 -1.214772
153.745158 121.084830 -1.254936
154.156735 121.864492 -1.297638
154.567114 122.641711 -1.344882
154.977991 123.411431 -1.393764
155.390454 124.180870 -1.435766
155.802060 124.955349 -1.469270
156.210471 125.730181 -1.497436
156.616507 126.499717 -1.528762
157.018582 127.266752 -1.570637
157.416659 128.034000 -1.619082
157.814544 128.797952 -1.662897
158.212453 129.557417 -1.701880
158.608891 130.312538 -1.744367
159.002184 131.064166 -1.791573
159.391564 131.810274 -1.840720
159.777494 132.549530 -1.892247
160.159084 133.284867 -1.948884
160.536911 134.015408 -2.004830
160.912127 134.739159 -2.053284
161.285066 135.456274 -2.094340
161.656031 136.166909 -2.128092
162.025291 136.871220 -2.154636
162.393082 137.569357 -2.174063
162.759610 138.261471 -2.186468
163.125044 138.947707 -2.191942
163.489524 139.628209 -2.190579
163.853155 140.303115 -2.182471
164.216008 140.972561 -2.167711
164.578124 141.636676 -2.146390
164.939507 142.295586 -2.118599
165.300133 142.949409 -2.084429
165.659942 143.598261 -2.043973
166.018842 144.242249 -1.997315
166.376707 144.881474 -1.944545
166.735102 145.512835 -1.884783
167.093897 146.132356 -1.817387
167.450666 146.742245 -1.748992
167.804498 147.346676 -1.686704
168.156790 147.947183 -1.632331
168.509918 148.545165 -1.584000
168.864384 149.138784 -1.534761
169.221314 149.728043 -1.479981
169.578805 150.317127 -1.426603
169.934783 150.907797 -1.381637
170.291794 151.496090 -1.340513
170.651788 152.076875 -1.296398
171.015697 152.652467 -1.244706
171.382278 153.228798 -1.185877
171.750714 153.807001 -1.121342
172.121732 154.380057 -1.054633
172.493895 154.946333 -0.998703
172.865679 155.514676 -0.958562
173.236975 156.085844 -0.928021
173.610988 156.651565 -0.902885
173.991055 157.210566 -0.875009
174.374935 157.765009 -0.836195
174.758374 158.315053 -0.791385
175.139332 158.862538 -0.748455
175.515867 159.407175 -0.712114
175.889117 159.944786 -0.679607
176.261844 160.474607 -0.643187
176.631998 161.000967 -0.602812
176.997093 161.523206 -0.560956
177.356721 162.037081 -0.520749
177.710434 162.541783 -0.485655
178.057412 163.038161 -0.455768
178.397562 163.525606 -0.427825
178.729968 164.003579 -0.397124
179.053170 164.471234 -0.359504
179.365790 164.924791 -0.314917
179.664538 165.363614 -0.270358
179.945719 165.791350 -0.231569
180.208102 166.208845 -0.198400
180.451902 166.611376 -0.170414
180.676157 166.996447 -0.148340
180.878601 167.368287 -0.131023
181.059916 167.730599 -0.116979
181.222923 168.084905 -0.105773
181.369974 168.430862 -0.094736
181.502857 168.770875 -0.080961
181.621915 169.110109 -0.065540
181.726889 169.447048 -0.048522
181.816176 169.780056 -0.032542
181.885764 170.113708 -0.020431
181.934633 170.450285 -0.011161
181.964775 170.788497 -0.003561
181.973877 171.129425 0.005469
181.958812 171.473001 0.018070
181.918462 171.817641 0.034671
181.853727 172.162420 0.051829
181.766905 172.505507 0.066004
181.657682 172.847073 0.078449
181.525157 173.188575 0.093348
181.368707 173.530505 0.109991
181.187343 173.871198 0.123274
180.981450 174.208231 0.130698
180.752178 174.540309 0.133185
180.500486 174.866654 0.132507
180.227903 175.187226 0.126558
179.934471 175.504151 0.114047
179.618969 175.822458 0.096940
179.278352 176.146549 0.078933
178.910355 176.477254 0.064559
178.516648 176.812894 0.055099
178.098651 177.152106 0.047652
177.656989 177.493610 0.039273
177.191481 177.836194 0.031010
176.701973 178.179986 0.020732
176.189685 178.525125 0.006701
175.657862 178.870248 -0.007279
175.107993 179.214478 -0.018884
174.539764 179.558799 -0.028664
173.955651 179.904933 -0.038086
173.358143 180.254448 -0.048323
172.748891 180.608690 -0.058394
172.129161 180.968635 -0.065816
171.500470 181.335406 -0.071140
170.864063 181.710374 -0.075731
170.219873 182.094596 -0.079094
169.568909 182.488861 -0.081672
168.912491 182.893810 -0.084519
168.250384 183.310311 -0.087251
167.582067 183.738881 -0.088775
166.907601 184.179461 -0.088321
166.227806 184.632340 -0.085186
165.544337 185.097438 -0.080241
164.857494 185.573710 -0.074612
164.166645 186.059731 -0.068644
163.472198 186.553644 -0.062340
162.775194 187.053234 -0.055474
162.076542 187.555065 -0.047125
161.376995 188.055140 -0.038988
160.676683 188.549968 -0.034518
159.975080 189.037991 -0.032996
159.273654 189.520114 -0.032196
158.572410 189.997218 -0.028424
157.869460 190.469447 -0.019609
157.164306 190.936049 -0.009678
156.456522 191.396550 -0.005311
155.746648 191.851407 -0.007517
155.034505 192.300611 -0.012707
154.319878 192.744767 -0.018837
153.604695 193.184732 -0.024196
152.889124 193.620170 -0.027198
152.171736 194.050306 -0.028412
151.453808 194.474829 -0.029861
150.738273 194.894495 -0.031093
150.025875 195.309851 -0.029263
149.317457 195.720727 -0.023371
148.615315 196.127280 -0.017352
147.919339 196.529664 -0.012772
147.229328 196.927710 -0.006749
146.546722 197.321548 -0.000434
145.870638 197.710765 0.002699
145.198715 198.095333 0.004561
144.533886 198.476512 0.005954
143.879455 198.855027 0.007866
143.231410 199.231169 0.011413
142.586219 199.604496 0.012966
141.945512 199.974240 0.011145
141.310034 200.340658 0.006004
140.679354 200.704827 -0.002612
140.053814 201.067259 -0.012056
139.433117 201.428086 -0.017856
138.816396 201.787691 -0.020313
138.203348 202.146320 -0.022368
137.594373 202.503985 -0.023493
136.989575 202.860338 -0.023596
136.388846 203.214701 -0.024980
135.792985 203.566120 -0.028522
135.203316 203.913583 -0.034086
134.620794 204.256158 -0.040150
134.047400 204.592499 -0.044476
133.484002 204.920677 -0.047472
132.929556 205.238836 -0.050416
132.384054 205.546045 -0.054254
131.848935 205.842660 -0.058809
131.324734 206.129654 -0.062514
130.811277 206.407608 -0.065136
130.309067 206.676213 -0.068576
129.818347 206.935380 -0.074235
129.340241 207.185859 -0.081080
128.875544 207.427847 -0.088130
128.422954 207.661135 -0.095251
127.980470 207.885508 -0.101035
127.548769 208.099717 -0.105861
127.128951 208.302293 -0.111197
126.720778 208.493014 -0.117066
126.324221 208.672385 -0.123379
125.938526 208.840794 -0.130267
125.563900 208.998747 -0.137543
125.199473 209.146905 -0.143655
124.844469 209.285298 -0.148113
124.500204 209.413497 -0.152265
124.166576 209.531440 -0.157256
123.842760 209.639042 -0.163142
123.529096 209.735914 -0.169124
123.225040 209.822172 -0.174478
122.929173 209.897787 -0.179103
122.640934 209.960850 -0.182567
122.359633 210.009191 -0.184403
122.084625 210.041594 -0.185221
121.815067 210.057335 -0.185567
121.550718 210.054980 -0.185160
121.291089 210.034165 -0.183382
121.034454 209.996572 -0.179350
120.779986 209.942276 -0.172653
120.527488 209.870533 -0.164361
120.277406 209.783897 -0.156286
120.030588 209.688016 -0.148482
119.787489 209.587266 -0.139755
119.547928 209.483374 -0.129688
119.311301 209.376502 -0.118301
119.077520 209.266383 -0.106163
118.846500 209.153338 -0.093702
118.617759 209.038130 -0.080914
118.391427 208.922727 -0.067786
118.168665 208.813386 -0.054637
117.950361 208.714987 -0.041883
117.736138 208.625822 -0.029693
117.525307 208.544533 -0.018175
117.317521 208.472484 -0.007109
117.112681 208.411283 0.003220
116.910964 208.362125 0.012429
116.712376 208.325728 0.021047
116.516655 208.302422 0.029519
116.323499 208.292233 0.037642
116.132593 208.295283 0.044956
115.943919 208.312207 0.051105
115.757934 208.345453 0.055148
115.575574 208.399433 0.056472
115.397893 208.478187 0.055765
115.225584 208.584576 0.053546
115.058727 208.720093 0.049806
114.897292 208.884839 0.044077
114.741442 209.078782 0.035727
114.591008 209.301935 0.024608
114.445986 209.553969 0.010564
114.306562 209.833820 -0.006261
114.173052 210.140045 -0.025207
114.046964 210.471020 -0.043119
113.927168 210.826527 -0.058207
113.812118 211.205263 -0.075598
113.704295 211.603535 -0.098206
113.605660 212.020215 -0.123905
113.515551 212.456683 -0.151457
113.434917 212.912199 -0.179089
113.364728 213.386190 -0.206129
113.304336 213.880126 -0.234100
113.255136 214.392316 -0.264750
113.218450 214.919880 -0.299529
113.196182 215.459942 -0.336568
113.190604 216.008365 -0.371325
113.200787 216.563609 -0.402919
113.225805 217.125448 -0.435544
113.266187 217.693004 -0.473360
113.322986 218.265609 -0.515271
113.398269 218.842554 -0.555866
113.493116 219.421454 -0.590477
113.606982 219.996769 -0.617313
113.737880 220.565395 -0.637323
113.884325 221.128485 -0.652578
114.045439 221.686623 -0.666102
114.220040 222.238220 -0.682442
114.407273 222.782838 -0.700853
114.606138 223.321965 -0.713270
114.815272 223.855083 -0.716626
115.032973 224.382222 -0.715020
115.257877 224.904992 -0.711345
115.489018 225.424233 -0.706463
115.726409 225.942558 -0.700360
115.970749 226.463711 -0.692641
116.222432 226.990142 -0.684262
116.481544 227.522952 -0.676920
116.748667 228.063621 -0.670301
117.024014 228.613072 -0.662790
117.307410 229.171649 -0.653733
117.599849 229.741032 -0.643314
117.902101 230.321886 -0.632168
118.214225 230.913975 -0.620564
118.536109 231.517297 -0.609504
118.867271 232.131891 -0.600382
119.207588 232.757966 -0.593717
119.557939 233.396323 -0.589945
119.918701 234.048274 -0.586904
120.289431 234.713763 -0.580498
120.668852 235.391048 -0.568757
121.056055 236.079481 -0.550420
121.450404 236.778705 -0.530803
121.850426 237.487264 -0.517435
122.256300 238.204585 -0.512538
122.670147 238.931790 -0.514483
123.093114 239.670232 -0.515527
123.525607 240.420592 -0.509490
123.967774 241.183088 -0.497037
124.419552 241.957082 -0.480777
124.880049 242.739871 -0.462548
125.348241 243.530731 -0.445631
125.822822 244.329463 -0.435598
126.302719 245.135249 -0.433125
126.788671 245.948561 -0.433353
127.281183 246.769353 -0.430795
127.779920 247.599131 -0.422959
128.284119 248.439146 -0.410688
128.792360 249.288830 -0.396667
129.303402 250.149110 -0.382900
129.816447 251.019838 -0.374121
130.332390 251.900125 -0.370791
130.853418 252.791081 -0.364276
131.378861 253.692016 -0.351022
131.906374 254.603160 -0.333487
132.434206 255.525529 -0.315384
132.961320 256.458696 -0.299295
133.487074 257.402459 -0.286922
134.011497 258.355971 -0.279295
134.534362 259.317338 -0.275029
135.055201 260.286070 -0.271517
135.574268 261.262417 -0.267650
136.091623 262.245598 -0.261814
136.607723 263.235652 -0.252150
137.123279 264.232569 -0.239124
137.637965 265.235942 -0.224956
138.151581 266.244319 -0.213102
138.665048 267.256110 -0.204413
139.179422 268.271262 -0.196420
139.694605 269.289069 -0.189476
140.209677 270.309652 -0.187723
140.724810 271.332684 -0.191465
141.241428 272.356725 -0.195629
141.760347 273.381326 -0.194903
142.281237 274.405873 -0.190197
142.803981 275.429140 -0.183990
143.329233 276.449741 -0.174812
143.857429 277.466638 -0.163664
144.388467 278.479047 -0.153357
144.922942 279.486921 -0.145671
145.462365 280.490168 -0.140788
146.006504 281.486969 -0.136980
146.554536 282.475795 -0.132463
147.106068 283.456233 -0.128276
147.662254 284.428142 -0.125104
148.222978 285.391160 -0.121305
148.786578 286.344702 -0.116706
149.354234 287.289552 -0.114180
149.925731 288.223225 -0.109470
150.500411 289.144245 -0.098265
151.079030 290.056688 -0.086064
151.659235 290.961769 -0.078452
152.238543 291.858728 -0.075506
152.817214 292.748140 -0.073952
153.393509 293.629614 -0.073914
153.966916 294.502631 -0.076311
154.539407 295.367162 -0.079235
155.110728 296.221590 -0.080080
155.680322 297.065295 -0.077892
156.248008 297.898690 -0.075332
156.812847 298.721682 -0.074806
157.373781 299.535026 -0.077913
157.930450 300.339386 -0.085475
158.482409 301.133862 -0.094843
159.029100 301.917734 -0.100996
159.569426 302.691763 -0.103036
160.101504 303.456811 -0.104564
160.625252 304.213760 -0.106798
161.141161 304.962573 -0.110783
161.648801 305.702546 -0.118088
162.148012 306.433157 -0.128385
162.638199 307.154081 -0.140709
163.118777 307.865647 -0.152325
163.588806 308.567847 -0.162256
164.047229 309.260153 -0.171396
164.493442 309.942242 -0.179843
164.926732 310.615089 -0.189490
165.345634 311.279456 -0.201542
165.748612 311.934948 -0.215753
166.135180 312.581148 -0.230572
166.504336 313.218479 -0.244101
166.854157 313.847703 -0.256438
167.182103 314.469554 -0.269819
167.487298 315.085892 -0.285311
167.770066 315.697679 -0.301814
168.028906 316.304651 -0.319599
168.263399 316.907645 -0.339036
168.474772 317.507752 -0.359417
168.661223 318.104152 -0.381967
168.821425 318.697092 -0.407995
168.957087 319.286839 -0.435736
169.068630 319.871562 -0.463566
169.154878 320.450445 -0.491958
169.214401 321.023584 -0.517701
169.247106 321.592386 -0.539479
169.253687 322.159108 -0.564375
169.235617 322.724646 -0.596094
169.193904 323.287691 -0.631745
169.128143 323.845485 -0.667940
169.038973 324.396535 -0.703620
168.930005 324.938032 -0.739312
168.805790 325.466095 -0.774960
168.667864 325.979764 -0.810723
168.515494 326.478877 -0.847374
168.348147 326.964935 -0.886032
168.166538 327.441404 -0.926462
167.972249 327.910078 -0.967355
167.767473 328.371562 -1.008176
167.552571 328.825945 -1.049010
167.325893 329.272021 -1.090910
167.087788 329.709700 -1.133317
166.841641 330.139915 -1.173904
166.590425 330.562227 -1.212868
166.335647 330.975330 -1.251541
166.077297 331.377970 -1.290421
165.813946 331.770659 -1.328879
165.545529 332.156517 -1.363561
165.274224 332.539987 -1.393107
165.000845 332.924841 -1.423470
164.723779 333.311542 -1.457062
164.441323 333.701693 -1.487788
164.152016 334.101154 -1.510830
163.854438 334.512588 -1.526866
163.547192 334.932911 -1.539119
163.229999 335.361479 -1.545991
162.901911 335.806176 -1.541711
162.560620 336.273359 -1.525973
162.205126 336.760005 -1.505345
161.836211 337.260197 -1.487820
161.454602 337.768787 -1.471405
161.060703 338.283564 -1.450299
160.653795 338.801219 -1.426254
160.231777 339.318938 -1.401780
159.794765 339.837201 -1.381992
159.345676 340.352162 -1.370906
158.887073 340.857710 -1.362548
158.418482 341.351499 -1.344282
157.938669 341.834258 -1.311641
157.448261 342.307395 -1.273876
156.948563 342.773498 -1.240272
156.440898 343.232940 -1.212011
155.926379 343.685383 -1.186442
155.406138 344.130052 -1.161437
154.881385 344.565212 -1.135407
154.353708 344.990125 -1.108521
153.824119 345.404969 -1.080574
153.292240 345.810609 -1.050591
152.758831 346.206336 -1.021705
152.225938 346.592101 -0.998289
151.694291 346.968523 -0.977926
151.163192 347.336580 -0.954471
150.631143 347.697187 -0.926524
150.096433 348.049496 -0.897170
149.556736 348.393701 -0.871463
149.010935 348.731998 -0.849932
148.459887 349.065410 -0.833115
147.903805 349.392840 -0.820295
147.342336 349.712760 -0.804872
146.774803 350.026585 -0.785297
146.200413 350.335688 -0.763145
145.618149 350.638904 -0.740236
145.026780 350.938729 -0.718823
144.425207 351.237959 -0.698246
143.813688 351.535801 -0.677991
143.192917 351.831567 -0.658450
142.563000 352.124750 -0.640089
141.924352 352.415848 -0.622916
141.277822 352.705087 -0.606342
140.624527 352.992991 -0.590341
139.965860 353.282260 -0.572930
139.301922 353.573911 -0.554020
138.632683 353.868180 -0.537578
137.959591 354.165540 -0.526879
137.282214 354.464428 -0.517903
136.599966 354.761641 -0.505972
135.914906 355.060780 -0.493192
135.227555 355.361858 -0.481029
134.537266 355.658569 -0.465924
133.844351 355.953250 -0.452924
133.149014 356.249123 -0.447163
132.452363 356.544727 -0.441899
131.755034 356.837697 -0.432825
131.056728 357.127065 -0.422144
130.357405 357.412781 -0.413128
129.656927 357.694901 -0.405786
128.955125 357.972542 -0.399895
128.251985 358.246144 -0.394607
127.547448 358.516766 -0.389659
126.841863 358.784708 -0.385418
126.135494 359.050113 -0.380564
125.428382 359.312677 -0.373405
124.720767 359.572611 -0.364411
124.012539 359.830242 -0.354563
123.303350 360.085966 -0.344728
122.591607 360.339481 -0.336000
121.874512 360.592218 -0.328217
121.148094 360.847677 -0.320881
120.407957 361.107255 -0.316299
119.652579 361.372569 -0.313692
118.882731 361.645963 -0.308286
118.097184 361.927971 -0.300653
117.295029 362.219374 -0.292926
116.476525 362.520966 -0.285528
115.641412 362.834174 -0.278075
114.789390 363.161784 -0.267498
113.919255 363.505428 -0.255589
113.030205 363.864696 -0.246943
112.126881 364.237890 -0.242227
111.218295 364.622699 -0.240871
110.309677 365.016618 -0.240039
109.402688 365.418832 -0.237989
108.497423 365.829757 -0.236101
107.593248 366.250556 -0.235493
106.689675 366.681292 -0.236975
105.786534 367.121133 -0.240205
104.883792 367.568829 -0.243706
103.981742 368.024020 -0.246856
103.083724 368.487644 -0.248825
102.192886 368.958716 -0.249388
101.308901 369.435627 -0.249511
100.431102 369.916382 -0.249103
99.559915 370.401527 -0.248245
98.695862 370.893510 -0.248759
97.839142 371.392487 -0.250840
96.989236 371.895708 -0.252326
96.145440 372.400503 -0.252213
95.307809 372.906302 -0.252050
94.478374 373.414498 -0.251314
93.658099 373.924389 -0.249373
92.846588 374.433858 -0.247646
92.043608 374.943668 -0.247407
91.248325 375.455065 -0.252133
90.459241 375.965159 -0.263252
89.676649 376.474281 -0.282801
88.905959 376.983367 -0.311218
88.149675 377.485786 -0.334301
87.404669 377.981414 -0.336828
86.669321 378.473241 -0.328732
85.939799 378.959621 -0.332658
85.215499 379.442323 -0.353458
84.500037 379.921058 -0.382207
83.793909 380.393673 -0.404126
83.098313 380.861601 -0.407775
82.411522 381.324644 -0.400695
81.728500 381.781290 -0.398750
81.046394 382.230345 -0.407746
80.364821 382.669986 -0.419544
79.685268 383.099491 -0.418864
79.010429 383.521207 -0.400761
78.339121 383.936742 -0.375801
77.667760 384.346932 -0.356135
76.994473 384.752742 -0.349981
76.319502 385.154820 -0.352038
75.643222 385.553630 -0.351106
74.964983 385.950162 -0.343805
74.285670 386.347613 -0.332837
73.606332 386.747656 -0.323672
72.926769 387.149764 -0.315562
72.246503 387.553978 -0.305992
71.565144 387.961181 -0.299727
70.881531 388.371678 -0.299065
70.195982 388.784449 -0.296872
69.510627 389.199333 -0.285123
68.826738 389.616849 -0.265360
68.144228 390.037905 -0.246818
67.462987 390.463911 -0.235467
66.782870 390.894122 -0.230704
66.102676 391.325703 -0.226783
65.420880 391.755194 -0.218629
64.737617 392.181438 -0.207109
64.054703 392.605144 -0.193162
63.371877 393.025163 -0.177756
62.690102 393.441624 -0.164822
62.012007 393.857853 -0.157886
61.336999 394.275559 -0.160640
60.665337 394.692946 -0.168974
59.995633 395.106168 -0.176395
59.326614 395.511923 -0.178731
58.659304 395.909601 -0.176573
57.992658 396.300376 -0.177640
57.325810 396.684796 -0.184701
56.659321 397.061804 -0.195657
55.994718 397.431285 -0.209346
55.331889 397.792212 -0.224634
54.669283 398.142347 -0.241854
54.006530 398.481543 -0.261245
53.342802 398.808196 -0.279797
52.679080 399.121328 -0.297779
52.015976 399.420191 -0.314291
51.350993 399.702319 -0.326935
50.682868 399.970270 -0.339952
50.011804 400.228169 -0.358959
49.338471 400.477640 -0.383597
48.661831 400.718131 -0.410043
47.980806 400.947926 -0.435559
47.295847 401.166872 -0.458906
46.606401 401.375529 -0.479459
45.910033 401.575839 -0.498520
45.205928 401.770277 -0.519782
44.496245 401.960344 -0.544886
43.781580 402.143200 -0.567281
43.060310 402.314681 -0.579149
42.332143 402.477391 -0.586818
41.600805 402.636105 -0.597597
40.865667 402.791814 -0.612802
40.124396 402.942047 -0.631406
39.379886 403.083485 -0.647866
38.633125 403.212748 -0.659842
37.883221 403.325838 -0.665682
37.130662 403.420846 -0.667034
36.376344 403.499369 -0.670169
35.620454 403.562947 -0.678239
34.863712 403.611371 -0.690154
34.108046 403.643731 -0.703601
33.356632 403.657650 -0.717452
32.612340 403.651309 -0.731968
31.877604 403.624778 -0.747193
31.153604 403.579354 -0.762888
30.440732 403.516437 -0.779517
29.739947 403.436756 -0.796419
29.053198 403.341594 -0.812709
28.381990 403.232230 -0.829261
27.727165 403.109651 -0.846767
27.089218 402.974563 -0.862213
26.468555 402.826565 -0.875444
25.866349 402.664416 -0.887300
25.282824 402.489199 -0.897246
24.717777 402.302793 -0.906128
24.172613 402.105891 -0.914241
23.648337 401.900800 -0.922226
23.144421 401.690646 -0.928274
22.658568 401.474443 -0.929151
22.188178 401.249251 -0.922905
21.733278 401.017477 -0.912332
21.294246 400.785362 -0.900081
20.870231 400.555977 -0.886512
20.459330 400.327093 -0.869247
20.059393 400.096282 -0.845284
19.668868 399.859875 -0.817586
19.286089 399.613345 -0.788155
18.909048 399.353594 -0.758403
18.535882 399.077023 -0.728222
18.166359 398.781835 -0.696702
17.800737 398.467238 -0.673386
17.438896 398.133863 -0.656819
17.081475 397.783427 -0.631829
16.729562 397.416690 -0.596817
16.383267 397.031894 -0.560821
16.042327 396.629733 -0.527263
15.707051 396.212638 -0.492624
15.377103 395.778454 -0.458254
15.052522 395.324152 -0.425727
14.733520 394.848433 -0.393692
14.419923 394.352551 -0.361628
14.111234 393.839844 -0.329956
13.806991 393.312452 -0.300662
13.507474 392.768926 -0.274165
13.212648 392.208595 -0.251933
12.922211 391.633728 -0.232012
12.636529 391.043629 -0.211203
12.355942 390.434693 -0.187619
12.079788 389.806043 -0.158796
11.805925 389.160553 -0.128490
11.532509 388.498681 -0.101544
11.258585 387.819011 -0.078813
10.982616 387.122833 -0.057853
10.703386 386.411480 -0.036976
10.420559 385.684573 -0.018977
10.133197 384.941336 -0.003408
9.839840 384.183041 0.012211
9.538779 383.412312 0.022465
9.229072 382.631173 0.024383
8.911796 381.838377 0.021810
8.587162 381.031407 0.019315
8.254434 380.212107 0.020870
7.913467 379.381543 0.023153
7.564831 378.539884 0.022878
7.209453 377.690047 0.022481
6.848926 376.832809 0.021781
6.484205 375.967118 0.019396
6.115538 375.092243 0.016698
5.743513 374.207958 0.014482
5.367736 373.313969 0.011367
4.988031 372.410657 0.006004
4.603774 371.497234 -0.001348
4.214634 370.575055 -0.010321
3.821346 369.649403 -0.018531
3.424090 368.721066 -0.022764
3.020911 367.790387 -0.024601
2.610094 366.860583 -0.031232
2.190841 365.932701 -0.048190
1.762594 365.002430 -0.066378
1.327837 364.067087 -0.076933
0.888670 363.130722 -0.081514
0.443854 362.195367 -0.082435
-0.008266 361.259079 -0.083336
-0.467794 360.322427 -0.086945
-0.935070 359.385220 -0.091208
-1.409276 358.445172 -0.094289
-1.889101 357.503531 -0.095974
-2.375570 356.563654 -0.096238
-2.868037 355.624741 -0.099906
-3.365612 354.684065 -0.106284
-3.866782 353.745800 -0.105524
-4.370965 352.809850 -0.099369
-4.880493 351.874904 -0.098093
-5.394116 350.943775 -0.101726
-5.910248 350.013726 -0.105369
-6.427929 349.083997 -0.104661
-6.946338 348.156990 -0.098901
-7.465933 347.234639 -0.094641
-7.985046 346.321241 -0.095721
-8.500925 345.416015 -0.096770
-9.013476 344.514702 -0.096468
-9.522608 343.618040 -0.094655
-10.031299 342.720771 -0.096475
-10.542240 341.820807 -0.105733
-11.051919 340.922764 -0.115317
-11.556814 340.029425 -0.118601
-12.056279 339.142256 -0.113530
-12.552557 338.258346 -0.107549
-13.047865 337.374906 -0.107509
-13.543121 336.491552 -0.112799
-14.037442 335.609519 -0.120066
-14.530359 334.728418 -0.126975
-15.019754 333.848364 -0.129826
-15.505589 332.968186 -0.128013
-15.990370 332.089163 -0.131096
-16.474364 331.213999 -0.143354
-16.958438 330.340972 -0.157115
-17.442609 329.468639 -0.165812
-17.925059 328.598839 -0.171040
-18.405319 327.734053 -0.176970
-18.882543 326.875616 -0.182602
-19.356421 326.024475 -0.189259
-19.828017 325.179697 -0.201947
-20.295937 324.340564 -0.219509
-20.758514 323.507056 -0.236237
-21.214886 322.679126 -0.249474
-21.661628 321.856635 -0.260188
-22.097426 321.040615 -0.273875
-22.526413 320.226322 -0.294711
-22.950454 319.414008 -0.319792
-23.367714 318.605700 -0.343877
-23.775901 317.798394 -0.361825
-24.173025 316.993131 -0.366158
-24.558630 316.190841 -0.361721
-24.935399 315.392544 -0.363596
-25.306907 314.597500 -0.376536
-25.676425 313.805172 -0.398400
-26.045034 313.014729 -0.425383
-26.409973 312.224765 -0.450719
-26.768182 311.436080 -0.472235
-27.119824 310.648018 -0.492725
-27.466031 309.859610 -0.511172
-27.805994 309.072438 -0.527054
-28.140197 308.287272 -0.543199
-28.469698 307.504362 -0.562107
-28.794237 306.723611 -0.584813
-29.113662 305.944126 -0.608370
-29.427951 305.165412 -0.628838
-29.737918 304.388441 -0.647093
-30.044750 303.614860 -0.665473
-30.350396 302.844549 -0.683808
-30.655811 302.079606 -0.704029
-30.959137 301.323360 -0.726033
-31.261750 300.570220 -0.748300
-31.561138 299.820456 -0.768642
-31.851226 299.081967 -0.786324
-32.135961 298.351091 -0.807465
-32.418427 297.621815 -0.827425
-32.695141 296.893643 -0.838156
-32.966909 296.167423 -0.845429
-33.239105 295.442653 -0.855056
-33.514229 294.718505 -0.866932
-33.790649 293.997352 -0.878868
-34.067014 293.281660 -0.888319
-34.343897 292.572673 -0.897374
-34.621996 291.871010 -0.906566
-34.902759 291.175489 -0.912918
-35.186317 290.485588 -0.915966
-35.470486 289.802779 -0.917245
-35.754066 289.127695 -0.917672
-36.036290 288.460182 -0.915822
-36.317532 287.800773 -0.911311
-36.597896 287.150695 -0.904319
-36.875975 286.511631 -0.895166
-37.150788 285.884312 -0.885153
-37.423065 285.268211 -0.873577
-37.693964 284.662218 -0.859081
-37.958089 284.062372 -0.844063
-38.207038 283.464644 -0.830423
-38.437660 282.868549 -0.818089
-38.650469 282.274240 -0.807294
-38.845098 281.682894 -0.797015
-39.019616 281.096604 -0.786841
-39.172628 280.517558 -0.776958
-39.304387 279.947314 -0.768071
-39.415413 279.385222 -0.761130
-39.503241 278.826470 -0.756784
-39.563502 278.266897 -0.755728
-39.592429 277.706609 -0.756688
-39.587717 277.147561 -0.757915
-39.548915 276.592007 -0.759487
-39.477209 276.039739 -0.762764
-39.374140 275.492449 -0.769564
-39.240579 274.955671 -0.780837
-39.076756 274.432773 -0.795068
-38.883105 273.924852 -0.810971
-38.661086 273.432449 -0.829770
-38.411591 272.955194 -0.849900
-38.135025 272.493779 -0.866155
-37.832861 272.050030 -0.876572
-37.507712 271.626851 -0.884719
-37.162638 271.226752 -0.894717
-36.798954 270.848740 -0.904129
-36.416129 270.490206 -0.908271
-36.015033 270.149357 -0.908717
-35.598805 269.824918 -0.910931
-35.169100 269.515635 -0.916602
-34.725597 269.219390 -0.925961
-34.267379 268.930614 -0.936651
-33.791884 268.644004 -0.938366
-33.299346 268.358976 -0.930045
-32.792715 268.074819 -0.920791
-32.272522 267.788912 -0.916396
-31.738773 267.499697 -0.919862
-31.191580 267.208036 -0.927972
-30.628626 266.915060 -0.936083
-30.047947 266.619780 -0.940732
-29.449601 266.320559 -0.935407
-28.835815 266.017930 -0.925633
-28.209345 265.712673 -0.923255
-27.570058 265.404419 -0.929214
-26.916914 265.094041 -0.939396
-26.249795 264.783018 -0.949043
-25.569103 264.471190 -0.956467
-24.875360 264.159004 -0.962895
-24.167860 263.846013 -0.969572
-23.445486 263.530188 -0.976685
-22.709308 263.212998 -0.982969
-21.961684 262.895355 -0.990052
-21.204083 262.577054 -1.000240
-20.436685 262.257037 -1.014761
-19.660649 261.936639 -1.029653
-18.878635 261.618888 -1.039389
-18.092994 261.302732 -1.046738
-17.305177 260.986875 -1.056580
-16.514770 260.671910 -1.069051
-15.721648 260.359444 -1.081242
-14.926993 260.049712 -1.092606
-14.131482 259.742776 -1.109705
-13.334920 259.439360 -1.133330
-12.536328 259.139115 -1.152705
-11.735014 258.840776 -1.164371
-10.931745 258.546028 -1.169446
-10.128340 258.251332 -1.177223
-9.325649 257.952730 -1.192931
-8.522264 257.654437 -1.209944
-7.717950 257.357409 -1.225800
-6.915311 257.060537 -1.240089
-6.115291 256.763273 -1.253046
-5.317898 256.464060 -1.265063
-4.524968 256.162472 -1.274117
-3.736476 255.857820 -1.278599
-2.951068 255.548081 -1.280144
-2.172269 255.234535 -1.277413
-1.404171 254.919718 -1.272738
-0.647346 254.602889 -1.271817
0.097442 254.283287 -1.273103
0.829260 253.960327 -1.271524
1.547761 253.632055 -1.267376
2.251731 253.298407 -1.265149
2.940055 252.959364 -1.263421
3.612114 252.613253 -1.257249
4.267381 252.260880 -1.247131
4.907707 251.905382 -1.236628
5.538340 251.549421 -1.227899
6.164598 251.194569 -1.219699
6.789106 250.841173 -1.210490
7.412953 250.489684 -1.199925
8.036774 250.139307 -1.191537
8.660768 249.790285 -1.185372
9.285151 249.443608 -1.175058
9.909611 249.099445 -1.157958
10.532732 248.759348 -1.138798
11.154834 248.426174 -1.125325
11.777792 248.101862 -1.118229
12.399800 247.783797 -1.115166
13.020094 247.469938 -1.112847
13.640164 247.163083 -1.110061
14.258564 246.864961 -1.116557
14.875230 246.575559 -1.131432
15.491067 246.300138 -1.138187
16.105230 246.042783 -1.136766
16.715997 245.803255 -1.135779
17.322735 245.581414 -1.135379
17.926649 245.376919 -1.134435
18.526210 245.192097 -1.134259
19.118605 245.031000 -1.134247
19.703661 244.893947 -1.131705
20.280499 244.779452 -1.131765
20.847651 244.687950 -1.138179
21.404360 244.620857 -1.145880
21.950036 244.578885 -1.152701
22.483524 244.560871 -1.160719
23.002804 244.567153 -1.172402
23.507392 244.599366 -1.186399
23.996729 244.658129 -1.200036
24.471536 244.741151 -1.211277
24.933233 244.846417 -1.215810
25.377960 244.974718 -1.215531
25.801660 245.124645 -1.216460
26.204503 245.293470 -1.221056
26.588867 245.478168 -1.229920
26.954848 245.678289 -1.239563
27.299716 245.894287 -1.247702
27.623156 246.124573 -1.255049
27.927042 246.367298 -1.262160
28.213199 246.621178 -1.269152
28.482100 246.886011 -1.275962
28.734572 247.160180 -1.282387
28.973611 247.440780 -1.289084
29.204849 247.724707 -1.296961
29.433861 248.010222 -1.307050
29.661191 248.296994 -1.318443
29.885397 248.584729 -1.326454
30.105528 248.873317 -1.331505
30.324354 249.160998 -1.337005
30.546682 249.445639 -1.342880
30.771586 249.726624 -1.347789
30.998275 250.002599 -1.351769
31.229207 250.270341 -1.353972
31.463837 250.528595 -1.354538
31.707023 250.774941 -1.353192
31.965774 251.002124 -1.347808
32.239259 251.203933 -1.343984
32.520221 251.382425 -1.346484
32.803214 251.546286 -1.353973
33.091469 251.701049 -1.367762
33.390605 251.845758 -1.385762
33.706706 251.973118 -1.400147
34.043323 252.075537 -1.405293
34.395120 252.153857 -1.406263
34.754385 252.213433 -1.410201
35.120031 252.254827 -1.417522
35.493515 252.276104 -1.427448
35.874724 252.278211 -1.438447
36.263417 252.262836 -1.450016
36.660603 252.230618 -1.463523
37.068260 252.183742 -1.478981
37.487857 252.120946 -1.491510
37.920097 252.039147 -1.497925
38.364669 251.939955 -1.502860
38.820654 251.825360 -1.511755
39.287792 251.696201 -1.525417
39.765866 251.553891 -1.542713
40.255239 251.400480 -1.561312
40.756348 251.237043 -1.578792
41.269562 251.063540 -1.594256
41.795487 250.879291 -1.606245
42.334479 250.682590 -1.615002
42.886635 250.472922 -1.622056
43.451510 250.253013 -1.628035
44.028889 250.025870 -1.632499
44.619014 249.793656 -1.635457
45.222070 249.557851 -1.638982
45.837799 249.318030 -1.645058
46.466065 249.072718 -1.653573
47.106820 248.821607 -1.663241
47.759704 248.565061 -1.673226
48.424862 248.302947 -1.682899
49.102582 248.035093 -1.692268
49.792545 247.761389 -1.700353
50.493831 247.481872 -1.705242
51.205666 247.196030 -1.707822
51.926848 246.903068 -1.710136
52.655527 246.603520 -1.713551
53.390318 246.298583 -1.717221
54.129893 245.987938 -1.721499
54.873786 245.670639 -1.726595
55.622689 245.346542 -1.731443
56.376993 245.017180 -1.736110
57.137359 244.684072 -1.740331
57.903693 244.346231 -1.745432
58.675727 244.003178 -1.750641
59.453684 243.655751 -1.753752
60.236971 243.303176 -1.753991
61.024973 242.944403 -1.751602
61.817560 242.579744 -1.747188
62.614192 242.210584 -1.740881
63.413721 241.838440 -1.735301
64.215248 241.465272 -1.732675
65.018176 241.092608 -1.732269
65.820944 240.721448 -1.732590
66.622215 240.352869 -1.732491
67.421964 239.986269 -1.730915
68.219728 239.620852 -1.726541
69.014843 239.256630 -1.718715
69.807608 238.892702 -1.710212
70.598675 238.528409 -1.703356
71.387292 238.164373 -1.696106
72.170816 237.800970 -1.691814
72.948249 237.441136 -1.698190
73.721036 237.085709 -1.710989
74.490708 236.729753 -1.718078
75.259030 236.372418 -1.716891
76.026079 236.016896 -1.708576
76.789631 235.663854 -1.695830
77.546996 235.311519 -1.689281
78.297289 234.957654 -1.692004
79.042885 234.603385 -1.696229
79.785664 234.250861 -1.696133
80.525061 233.900737 -1.691428
81.260390 233.553624 -1.686571
81.991326 233.208551 -1.685734
82.718240 232.865100 -1.687088
83.441918 232.523570 -1.686582
84.162585 232.184072 -1.683750
84.879589 231.847247 -1.678620
85.591320 231.513206 -1.672619
86.295564 231.181748 -1.668061
86.989738 230.853373 -1.665018
87.670909 230.529682 -1.662862
88.337334 230.212303 -1.660922
88.987582 229.900553 -1.659422
89.623303 229.592990 -1.658227
90.250164 229.289200 -1.657171
90.872236 228.988393 -1.656489
91.490861 228.689065 -1.654931
92.105847 228.391162 -1.652942
92.717203 228.095603 -1.651199
93.324430 227.801109 -1.648631
93.925913 227.506273 -1.644890
94.520091 227.212957 -1.640205
95.104344 226.923450 -1.636131
95.675382 226.637773 -1.634348
96.231210 226.356279 -1.633927
96.770985 226.079319 -1.632238
97.293485 225.806674 -1.627946
97.797499 225.539149 -1.621775
98.282192 225.276609 -1.614816
98.746507 225.018681 -1.607692
99.190870 224.765325 -1.601779
99.617425 224.514929 -1.597342
100.028151 224.266231 -1.593328
100.423227 224.019173 -1.589388
100.802010 223.774680 -1.586822
101.164233 223.533805 -1.585640
101.509602 223.296029 -1.584093
101.838430 223.061797 -1.581430
102.151069 222.831925 -1.578295
102.447248 222.605991 -1.575859
102.725832 222.383507 -1.573953
102.985490 222.163719 -1.572139
103.227271 221.946974 -1.570314
103.452350 221.735493 -1.568341
103.660271 221.531947 -1.566629
103.849281 221.337547 -1.566275
104.017945 221.152394 -1.567484
104.165620 220.975587 -1.569464
104.291142 220.806407 -1.572208
104.398716 220.644175 -1.576351
104.497195 220.485673 -1.581579
104.591034 220.326921 -1.584583
104.681111 220.167505 -1.583719
104.768539 220.009728 -1.582351
104.853063 219.853629 -1.583611
104.934352 219.698381 -1.587642
105.012967 219.544142 -1.593106
105.088631 219.389975 -1.598688
105.162535 219.234408 -1.604514
105.239337 219.074506 -1.611750
105.323455 218.905734 -1.619606
105.416826 218.724662 -1.625533
105.519547 218.529517 -1.628149
105.630118 218.319257 -1.628055
105.746598 218.093339 -1.626644
105.866494 217.850539 -1.624894
105.987553 217.589554 -1.622689
106.109252 217.310827 -1.620182
106.231170 217.013921 -1.617682
106.349995 216.696487 -1.614731
106.460390 216.356318 -1.611003
106.559014 215.992978 -1.606341
106.644008 215.607353 -1.601398
106.712427 215.200283 -1.597657
106.761443 214.772776 -1.594846
106.790794 214.325004 -1.590173
106.798373 213.856377 -1.581649
106.778954 213.366774 -1.571784
106.728808 212.857191 -1.563447
106.646686 212.329532 -1.555551
106.536104 211.784101 -1.546119
106.400431 211.220638 -1.535173
106.236879 210.640715 -1.524713
106.043575 210.046028 -1.516358
105.823358 209.437426 -1.511532
105.579348 208.815468 -1.509886
105.314483 208.179923 -1.508781
105.031514 207.530282 -1.508166
104.730314 206.866857 -1.508154
104.408960 206.190274 -1.506751
104.067772 205.501201 -1.505012
103.710231 204.799161 -1.503957
103.339719 204.082861 -1.503782
102.957189 203.352209 -1.505140
102.563156 202.607227 -1.507246
102.158595 201.847060 -1.509722
101.744531 201.071141 -1.512592
101.321747 200.279678 -1.516053
100.890481 199.472773 -1.519942
100.451257 198.649848 -1.523806
100.003986 197.811141 -1.527383
99.549394 196.957380 -1.530292
99.087748 196.089348 -1.531861
98.619439 195.208898 -1.530559
98.147269 194.316803 -1.526358
97.673016 193.411946 -1.521444
97.196349 192.493462 -1.516308
96.716870 191.561776 -1.509601
96.234059 190.617449 -1.501970
95.746638 189.661235 -1.495532
95.254420 188.694086 -1.488937
94.757855 187.717531 -1.480235
94.257868 186.733362 -1.470891
93.756105 185.741876 -1.462729
93.253007 184.743152 -1.456491
92.748754 183.737715 -1.450496
92.243345 182.726033 -1.443552
91.736290 181.708629 -1.436877
91.227037 180.686600 -1.430738
90.714303 179.661120 -1.424980
90.198360 178.631966 -1.419658
89.679883 177.598230 -1.414319
89.158917 176.559513 -1.408563
88.635348 175.515905 -1.403704
88.108505 174.467770 -1.400260
87.577808 173.415722 -1.397221
87.042641 172.360221 -1.394541
86.502823 171.301246 -1.391857
85.957727 170.238115 -1.387607
85.406987 169.170051 -1.381780
84.851201 168.096791 -1.377324
84.290107 167.018411 -1.376291
83.723707 165.934686 -1.378506
83.152340 164.845428 -1.382879
82.575413 163.750932 -1.387809
81.992694 162.651368 -1.391235
81.404464 161.547118 -1.392158
80.810962 160.438518 -1.391330
80.213131 159.325203 -1.388553
79.612100 158.206891 -1.383573
79.008721 157.083155 -1.375698
78.402825 155.954058 -1.365475
77.794227 154.821030 -1.356588
77.184043 153.684641 -1.351454
76.572316 152.544381 -1.346545
75.958232 151.400598 -1.337384
75.341893 150.253526 -1.324130
74.723753 149.103303 -1.308604
74.104489 147.951232 -1.295174
73.485305 146.797840 -1.285554
72.866541 145.642438 -1.277197
72.248110 144.484922 -1.268076
71.630001 143.325401 -1.257595
71.011944 142.164033 -1.245496
70.394234 141.002280 -1.231611
69.778023 139.841266 -1.217525
69.163408 138.680952 -1.203990
68.550248 137.521581 -1.191014
67.939498 136.363239 -1.179228
67.331091 135.206074 -1.167894
66.725048 134.050526 -1.157232
66.121612 132.896528 -1.146790
65.520595 131.744389 -1.134429
64.921561 130.594845 -1.120994
64.324902 129.447901 -1.107774
63.731417 128.303223 -1.094299
63.140988 127.160294 -1.079586
62.553345 126.019137 -1.064912
61.967925 124.881744 -1.055456
61.385168 123.749046 -1.053176
60.806018 122.619892 -1.053547
60.230627 121.493259 -1.052059
59.659029 120.369266 -1.047695
59.090496 119.249275 -1.041938
58.524714 118.134709 -1.036308
57.962839 117.027044 -1.031646
57.406846 115.927957 -1.028165
56.859697 114.838335 -1.023346
56.322133 113.759291 -1.015945
55.791689 112.692957 -1.006728
55.268415 111.641046 -0.995355
54.753420 110.604812 -0.982973
54.245633 109.585929 -0.969464
53.744448 108.585250 -0.954235
53.250703 107.602292 -0.937689
52.764443 106.635654 -0.920441
52.284764 105.683596 -0.903397
51.810885 104.746219 -0.886089
51.343790 103.825383 -0.867513
50.884918 102.923664 -0.847687
50.435248 102.042630 -0.827189
49.996028 101.183287 -0.806361
49.567350 100.346482 -0.785966
49.149773 99.532075 -0.766905
48.743682 98.739967 -0.748660
48.348656 97.970473 -0.730986
47.964375 97.223227 -0.713932
47.590657 96.497126 -0.697434
47.227019 95.791669 -0.681376
46.873302 95.107103 -0.666975
46.530859 94.443401 -0.655374
46.202051 93.799467 -0.644714
45.889130 93.174046 -0.634450
45.594916 92.565322 -0.624210
45.321466 91.971285 -0.613197
45.069081 91.391372 -0.602755
44.839013 90.824721 -0.593510
44.634048 90.270034 -0.584965
44.455905 89.726054 -0.577152
44.304469 89.190559 -0.569174
44.178054 88.660851 -0.560283
44.074826 88.134463 -0.550917
43.996687 87.609871 -0.542115
43.945622 87.086919 -0.534232
43.920581 86.566616 -0.527163
43.920931 86.049451 -0.520876
43.947211 85.535262 -0.515792
43.999926 85.025630 -0.510660
44.077774 84.522448 -0.505243
44.180007 84.026018 -0.502248
44.308516 83.537058 -0.503096
44.464788 83.057311 -0.506633
44.649114 82.587117 -0.510499
44.861206 82.127143 -0.514139
45.100150 81.680231 -0.517857
45.365405 81.248401 -0.521432
45.654900 80.831246 -0.524357
45.965918 80.427671 -0.528118
46.299989 80.039165 -0.533318
46.658399 79.667205 -0.539348
47.036140 79.307848 -0.545501
47.428630 78.956544 -0.548374
47.836935 78.612691 -0.545492
48.261664 78.276912 -0.540513
48.701296 77.948263 -0.544375
49.154521 77.623249 -0.554785
49.620326 77.298251 -0.557929
50.098262 76.971780 -0.551288
50.588957 76.644846 -0.541446
51.092143 76.316889 -0.535079
51.606269 75.984656 -0.533177
52.130664 75.645762 -0.532747
52.665557 75.299372 -0.532629
53.212163 74.946563 -0.533471
53.771310 74.587991 -0.534282
54.342722 74.222559 -0.534293
54.926238 73.849562 -0.533726
55.521944 73.468565 -0.533146
56.130068 73.079341 -0.532605
56.751195 72.682353 -0.532047
57.386202 72.279013 -0.531986
58.035632 71.869858 -0.531934
58.700284 71.455450 -0.531380
59.381638 71.037860 -0.531434
60.080774 70.618893 -0.532045
60.798203 70.199792 -0.534153
61.532940 69.780663 -0.538590
62.282997 69.362006 -0.543041
63.046998 68.946458 -0.548893
63.822012 68.534932 -0.554746
64.604856 68.127843 -0.555479
65.393152 67.725714 -0.550997
66.183007 67.325832 -0.545155
66.971969 66.927069 -0.540226
67.758965 66.528388 -0.536092
68.542411 66.127480 -0.533180
69.321159 65.723410 -0.530804
70.094292 65.314799 -0.527801
70.860937 64.900132 -0.523267
71.620292 64.478596 -0.517629
72.371224 64.050075 -0.512620
73.113828 63.614736 -0.510114
73.849336 63.172226 -0.509273
74.577943 62.721945 -0.507589
75.299950 62.264175 -0.503842
76.016183 61.799014 -0.499339
76.726846 61.326023 -0.495654
77.432420 60.846025 -0.491979
78.135075 60.360877 -0.489059
78.837582 59.870673 -0.486972
79.541925 59.374420 -0.484247
80.249985 58.872556 -0.479702
80.963358 58.365544 -0.473204
81.683071 57.853555 -0.465615
82.410028 57.337408 -0.457335
83.144013 56.817939 -0.449063
83.884141 56.296201 -0.441409
84.628820 55.773831 -0.435189
85.375212 55.251335 -0.430285
86.122043 54.729111 -0.426159
86.868584 54.206653 -0.421856
87.613353 53.682570 -0.415995
88.354175 53.155026 -0.408889
89.088192 52.621306 -0.402108
89.813356 52.078717 -0.395246
90.527832 51.524282 -0.385098
91.229524 50.957740 -0.369505
91.917071 50.381165 -0.351982
92.590736 49.794979 -0.338382
93.248805 49.197813 -0.328135
93.890197 48.589490 -0.318315
94.517827 47.971770 -0.309069
95.130716 47.344136 -0.298648
95.728372 46.705430 -0.289952
96.315940 46.057630 -0.285482
96.895172 45.399267 -0.279676
97.467293 44.729573 -0.271570
98.036837 44.053762 -0.265451
98.602702 43.373527 -0.267651
99.163161 42.688468 -0.281095
99.722702 41.999502 -0.299692
100.285087 41.305978 -0.312083
100.851437 40.606721 -0.311845
101.421090 39.902218 -0.304047
101.992877 39.193307 -0.295609
102.565014 38.478946 -0.290151
103.136275 37.758333 -0.288640
103.705447 37.030387 -0.291220
104.271060 36.292547 -0.297787
104.830956 35.541962 -0.304008
105.382806 34.778066 -0.306056
105.924850 34.001152 -0.307054
106.456114 33.210425 -0.309400
106.980319 32.406036 -0.305577
107.499932 31.588698 -0.291565
108.014499 30.759629 -0.274963
108.525186 29.922272 -0.263265
109.033708 29.079770 -0.256012
109.541715 28.234760 -0.250188
110.050021 27.389377 -0.243015
110.557262 26.544509 -0.234938
111.062802 25.701746 -0.227646
111.566895 24.861117 -0.220338
112.068394 24.021558 -0.213157
112.566243 23.182231 -0.207064
113.057893 22.342051 -0.201605
113.538190 21.499606 -0.194738
114.005441 20.654793 -0.190560
114.461492 19.809084 -0.191190
114.906034 18.962334 -0.193596
115.337058 18.113846 -0.197205
115.753459 17.263639 -0.201463
116.155382 16.411493 -0.206048
116.543005 15.557328 -0.209532
116.916693 14.701358 -0.210902
117.276682 13.844185 -0.211371
117.622110 12.986499 -0.212816
117.953218 12.128902 -0.216204
118.271096 11.272253 -0.220625
118.577841 10.418212 -0.224622
118.876957 9.569119 -0.228221
119.170441 8.727141 -0.232357
119.458669 7.894804 -0.236543
119.741575 7.075059 -0.239724
120.020635 6.271077 -0.242213
120.298030 5.485569 -0.244454
120.574113 4.719775 -0.246410
120.849936 3.974813 -0.248497
121.127270 3.252028 -0.250671
121.404665 2.552178 -0.252632
121.679963 1.875496 -0.254343
121.953795 1.218141 -0.256796
122.227826 0.571389 -0.260915
122.502967 -0.070948 -0.265208
122.776806 -0.711290 -0.268472
123.047643 -1.351024 -0.271480
123.316681 -1.990201 -0.274308
123.584321 -2.628284 -0.274465
123.848972 -3.264714 -0.270438
124.110064 -3.898478 -0.267241
124.368360 -4.529102 -0.271862
124.624284 -5.161726 -0.285219
124.879078 -5.801067 -0.302228
125.133645 -6.447370 -0.316733
125.387998 -7.101317 -0.325492
125.642377 -7.763135 -0.333662
125.896544 -8.433231 -0.343139
126.151590 -9.111872 -0.350640
126.409134 -9.798790 -0.354556
126.669706 -10.492858 -0.359235
126.934888 -11.192381 -0.367394
127.206319 -11.896333 -0.382666
127.488751 -12.606284 -0.405770
127.781590 -13.323644 -0.430670
128.082810 -14.048174 -0.454045
128.394561 -14.780310 -0.475764
128.716375 -15.520127 -0.502828
129.044845 -16.269832 -0.532209
129.377536 -17.031929 -0.554923
129.713038 -17.806062 -0.569170
130.051846 -18.591213 -0.578657
130.398206 -19.385214 -0.588331
130.748382 -20.187369 -0.601440
131.097395 -20.999371 -0.618264
131.449126 -21.822244 -0.635238
131.803765 -22.656768 -0.648954
132.158079 -23.503271 -0.659184
132.513636 -24.360412 -0.670980
132.872944 -25.226386 -0.687671
133.234535 -26.101301 -0.704441
133.597173 -26.985617 -0.719680
133.959233 -27.878625 -0.734524
134.320805 -28.777239 -0.746659
134.681565 -29.677671 -0.758157
135.041274 -30.577314 -0.776046
135.402467 -31.475029 -0.801323
135.764548 -32.371712 -0.829730
136.127480 -33.268742 -0.855151
136.491344 -34.166564 -0.874075
136.853508 -35.064478 -0.886511
137.213246 -35.960946 -0.900081
137.575897 -36.853335 -0.918315
137.939218 -37.742855 -0.930758
138.298997 -38.633289 -0.937522
138.665930 -39.521903 -0.944624
139.038324 -40.407637 -0.951342
139.407522 -41.291709 -0.958451
139.772526 -42.173538 -0.969749
140.128787 -43.054458 -0.983415
140.481790 -43.932475 -0.997015
140.836445 -44.808986 -1.008940
141.186606 -45.684911 -1.016613
141.532715 -46.558091 -1.023859
141.874164 -47.429001 -1.027942
142.206939 -48.298080 -1.020631
142.537936 -49.163055 -1.008293
142.869014 -50.021558 -0.998687
143.197802 -50.872566 -0.992493
143.528722 -51.713433 -0.990245
143.859937 -52.544503 -0.989004
144.190433 -53.367348 -0.984576
144.519581 -54.180514 -0.977289
144.841602 -54.981999 -0.966839
145.156535 -55.768567 -0.958890
145.466377 -56.536738 -0.961118
145.767931 -57.288909 -0.967121
146.058666 -58.028378 -0.964077
146.340818 -58.752941 -0.945681
146.614719 -59.458299 -0.923471
146.881831 -60.141386 -0.911965
147.141052 -60.800428 -0.912631
147.387251 -61.435008 -0.917418
147.621945 -62.045607 -0.921185
147.850344 -62.632456 -0.919280
148.071963 -63.196463 -0.911791
148.288365 -63.740237 -0.904276
148.507276 -64.268240 -0.898445
148.734536 -64.783999 -0.896624
148.972740 -65.287952 -0.897503
149.224818 -65.780328 -0.898414
149.496162 -66.260952 -0.901766
149.790480 -66.727518 -0.908055
150.105799 -67.179080 -0.915884
150.439542 -67.617096 -0.924148
150.789724 -68.043122 -0.933404
151.160803 -68.456346 -0.944414
151.556037 -68.858624 -0.956038
151.971409 -69.252701 -0.964885
152.408481 -69.637308 -0.969664
152.870783 -70.010562 -0.972999
153.355463 -70.373481 -0.979772
153.855956 -70.729594 -0.994596
154.374110 -71.078350 -1.010795
154.912094 -71.419665 -1.024388
155.464079 -71.756737 -1.042210
156.025837 -72.091994 -1.064666
156.595420 -72.428393 -1.087059
157.171153 -72.769495 -1.109521
157.753243 -73.114413 -1.132603
158.341572 -73.463515 -1.154023
158.934483 -73.817874 -1.172843
159.529631 -74.176953 -1.192350
160.124908 -74.541719 -1.214977
160.722393 -74.913123 -1.238969
161.323485 -75.292826 -1.259630
161.928830 -75.679651 -1.273146
162.540222 -76.071279 -1.278203
163.153980 -76.468756 -1.282500
163.767579 -76.872921 -1.295772
164.381679 -77.284154 -1.313823
164.994621 -77.704336 -1.330203
165.606877 -78.133106 -1.342295
166.223291 -78.564740 -1.350333
166.847313 -78.994190 -1.357927
167.475310 -79.425038 -1.364915
168.102825 -79.860149 -1.371574
168.732626 -80.297140 -1.377566
169.370578 -80.732396 -1.382937
170.015746 -81.166204 -1.389381
170.662161 -81.601961 -1.392855
171.309575 -82.038667 -1.398213
171.957937 -82.476375 -1.407190
172.605881 -82.916816 -1.413935
173.258565 -83.357628 -1.420553
173.916581 -83.798768 -1.422633
174.577654 -84.243200 -1.417674
175.241615 -84.691138 -1.413255
175.909144 -85.139561 -1.413937
176.579066 -85.589539 -1.413823
177.249515 -86.046374 -1.409770
177.923838 -86.508004 -1.400297
178.601225 -86.975096 -1.383016
179.279455 -87.449814 -1.367858
179.960446 -87.929080 -1.357082
180.645991 -88.413114 -1.342146
181.335309 -88.900528 -1.326841
182.026238 -89.390733 -1.313910
182.717214 -89.883685 -1.301550
183.407442 -90.378002 -1.288265
184.096953 -90.872969 -1.272212
184.787290 -91.366528 -1.256100
185.477552 -91.860571 -1.244230
186.167716 -92.354611 -1.234370
186.856729 -92.848642 -1.221477
187.543620 -93.343062 -1.211567
188.233488 -93.834993 -1.205136
188.927322 -94.326438 -1.189339
189.623223 -94.818095 -1.158672
190.319279 -95.308435 -1.127318
191.013445 -95.797062 -1.111701
191.706071 -96.284910 -1.109291
192.399243 -96.773275 -1.107613
193.092706 -97.265900 -1.098027
193.784003 -97.766665 -1.080755
194.475683 -98.271203 -1.062565
195.168399 -98.776237 -1.049474
195.861369 -99.282150 -1.042788
196.556718 -99.789683 -1.038979
197.254148 -100.301360 -1.031901
197.954872 -100.816763 -1.015355
198.659817 -101.334449 -0.995391
199.367886 -101.852422 -0.979297
200.078268 -102.370345 -0.967878
200.790032 -102.891380 -0.957206
201.503657 -103.414013 -0.942253
202.220001 -103.936163 -0.926743
202.939098 -104.459173 -0.914048
203.659338 -104.983959 -0.898565
204.376370 -105.512040 -0.881958
205.090406 -106.041877 -0.872172
205.802888 -106.572281 -0.864198
206.515522 -107.104317 -0.850850
207.232486 -107.636196 -0.829595
207.949629 -108.168588 -0.810868
208.663859 -108.700374 -0.804788
209.374851 -109.231433 -0.806115
210.081681 -109.763435 -0.805618
210.784900 -110.296801 -0.800516
211.485622 -110.831275 -0.793123
212.186883 -111.363166 -0.783385
212.886141 -111.891774 -0.770404
213.583240 -112.415413 -0.759346
214.280532 -112.933801 -0.756726
214.976822 -113.449780 -0.752729
215.673654 -113.965384 -0.734514
216.368484 -114.479883 -0.709750
217.057180 -114.991030 -0.691262
217.742061 -115.497947 -0.680608
218.425945 -116.004897 -0.667969
219.107327 -116.513326 -0.642568
219.784341 -117.019009 -0.611014
220.455948 -117.519502 -0.585293
221.120464 -118.014160 -0.566348
221.775444 -118.503589 -0.547461
222.422068 -118.985324 -0.524229
223.061623 -119.459236 -0.497848
223.693057 -119.925340 -0.469784
224.317724 -120.380421 -0.438545
224.933879 -120.824786 -0.409436
225.537410 -121.261628 -0.389177
226.130239 -121.691277 -0.371986
226.715473 -122.114145 -0.349951
227.293615 -122.532881 -0.320379
227.863112 -122.948475 -0.285858
228.421054 -123.359665 -0.249859
228.966865 -123.764907 -0.213277
229.500220 -124.163599 -0.176239
230.020787 -124.555141 -0.138875
230.528229 -124.938932 -0.101314
231.022202 -125.314376 -0.063685
231.502359 -125.680875 -0.026115
231.968341 -126.037831 0.011266
232.419787 -126.384649 0.048332
232.856328 -126.720730 0.084953
233.277588 -127.045478 0.120999
233.683184 -127.358295 0.156342
234.072727 -127.658583 0.190851
234.445821 -127.945745 0.224397
234.802063 -128.219181 0.256847
235.141043 -128.478292 0.288070
235.462343 -128.722479 0.317933
235.766529 -128.950764 0.347472
236.054470 -129.162570 0.376746
236.326628 -129.358119 0.404139
236.585778 -129.536931 0.429879
236.834894 -129.698770 0.455249
237.073861 -129.844776 0.480916
237.302665 -129.976118 0.507420
237.524310 -130.096291 0.534959
237.742815 -130.210050 0.564139
237.961164 -130.317735 0.593463
238.179828 -130.416498 0.620980
238.398122 -130.505615 0.647629
238.617443 -130.586160 0.675404
238.839235 -130.658773 0.705136
239.062291 -130.722963 0.736224
239.285819 -130.776314 0.767743
239.511707 -130.819071 0.798503
239.741747 -130.853912 0.828845
239.978172 -130.882007 0.858692
240.223538 -130.902524 0.887806
240.478569 -130.914416 0.918095
240.742092 -130.921345 0.947240
241.015775 -130.920980 0.973402
241.303348 -130.903972 1.000434
241.603388 -130.865276 1.029622
241.913280 -130.803806 1.057014
242.232355 -130.720012 1.079408
242.559734 -130.613786 1.096957
242.894652 -130.485078 1.109820
243.236457 -130.333885 1.118170
243.584610 -130.160238 1.122186
243.938684 -129.964196 1.122059
244.298358 -129.745836 1.117984
244.663420 -129.505246 1.110167
245.033760 -129.242521 1.098819
245.409370 -128.957757 1.084162
245.790338 -128.651047 1.066421
246.176851 -128.322478 1.045828
246.569185 -127.972132 1.022621
246.967712 -127.600082 0.997040
247.372887 -127.206393 0.969330
247.785258 -126.791123 0.939736
248.202532 -126.353473 0.910545
248.620558 -125.890652 0.882713
249.038999 -125.402094 0.854649
249.461439 -124.889858 0.817931
249.889825 -124.356597 0.777427
250.325673 -123.802411 0.753716
250.769097 -123.227899 0.744275
251.216506 -122.635301 0.730295
251.665713 -122.023928 0.701599
252.117695 -121.392319 0.663616
252.576455 -120.742041 0.628068
253.044664 -120.075194 0.597545
253.522165 -119.392258 0.567766
254.010479 -118.696762 0.538927
254.509200 -117.989451 0.510499
255.014570 -117.267254 0.480495
255.529213 -116.535131 0.454757
256.053722 -115.797887 0.434482
256.583185 -115.055558 0.412285
257.116337 -114.310114 0.383354
257.653597 -113.562089 0.351280
258.195731 -112.808875 0.322202
258.744212 -112.048627 0.294364
259.299642 -111.281436 0.271182
259.860490 -110.506839 0.255966
260.425834 -109.727946 0.236974
260.992247 -108.946427 0.208425
261.557770 -108.160884 0.173279
262.126434 -107.371516 0.137014
262.698978 -106.577039 0.106165
263.273032 -105.776128 0.083611
263.849777 -104.970656 0.064661
264.427951 -104.160587 0.041255
265.005206 -103.344657 0.012437
265.583411 -102.524968 -0.019807
266.162064 -101.703164 -0.049828
266.739739 -100.879385 -0.078702
267.316471 -100.052710 -0.117418
267.894912 -99.223802 -0.158917
268.475748 -98.394888 -0.188357
269.056831 -97.567383 -0.215375
269.637452 -96.739183 -0.245601
270.220795 -95.908702 -0.265471
270.806047 -95.076510 -0.276703
271.389765 -94.243117 -0.290387
271.974181 -93.411211 -0.308631
272.558753 -92.578534 -0.328852
273.143979 -91.743470 -0.343804
273.731924 -90.907309 -0.353414
274.323519 -90.072355 -0.365436
274.918438 -89.241600 -0.384459
275.515523 -88.414637 -0.410047
276.115050 -87.588643 -0.436035
276.714130 -86.756528 -0.456337
277.310561 -85.917548 -0.470182
277.903288 -85.075452 -0.488381
278.490455 -84.231114 -0.517290
279.073749 -83.384704 -0.549949
279.657253 -82.535699 -0.575983
280.242434 -81.683632 -0.585799
280.825095 -80.827304 -0.586774
281.404620 -79.969105 -0.591808
281.981568 -79.110739 -0.602758
282.556522 -78.251525 -0.617863
283.130741 -77.391217 -0.631806
283.705750 -76.532484 -0.639230
284.282520 -75.675708 -0.644295
284.859188 -74.818555 -0.651053
285.435921 -73.963909 -0.659893
286.012241 -73.112930 -0.672668
286.588809 -72.262231 -0.684231
287.167398 -71.409998 -0.685186
287.748558 -70.559024 -0.680944
288.330632 -69.712647 -0.688881
288.911340 -68.870695 -0.710647
289.491720 -68.030195 -0.733039
290.074175 -67.189013 -0.742208
290.660314 -66.348067 -0.734214
291.250319 -65.508511 -0.722858
291.843314 -64.672248 -0.719603
292.439209 -63.840912 -0.725533
293.038027 -63.014811 -0.738849
293.639250 -62.192017 -0.754902
294.242752 -61.370574 -0.766861
294.851830 -60.553544 -0.772219
295.465525 -59.742564 -0.776281
296.081489 -58.938036 -0.781827
296.703971 -58.144623 -0.786703
297.331668 -57.360942 -0.787077
297.960832 -56.583062 -0.789736
298.590517 -55.811201 -0.795681
299.219808 -55.045561 -0.797245
299.849753 -54.288063 -0.799196
300.481573 -53.539090 -0.801654
301.115579 -52.796554 -0.797522
301.750830 -52.059956 -0.787034
302.385938 -51.330279 -0.777858
303.019536 -50.606030 -0.771913
303.650110 -49.884102 -0.765424
304.275428 -49.162804 -0.757904
304.894425 -48.442533 -0.751998
305.507539 -47.725060 -0.750776
306.115205 -47.010453 -0.751100
306.717720 -46.297209 -0.748018
307.315030 -45.586550 -0.738191
307.907992 -44.882069 -0.721358
308.496206 -44.186698 -0.707394
309.076295 -43.500713 -0.702167
309.643976 -42.822568 -0.703148
310.198760 -42.151885 -0.709993
310.745471 -41.490412 -0.719559
311.286974 -40.837922 -0.720920
311.822794 -40.194135 -0.713308
312.352119 -39.561603 -0.707946
312.874744 -38.942214 -0.709308
313.389763 -38.337128 -0.714049
313.896048 -37.747997 -0.718425
314.393784 -37.175300 -0.721399
314.882192 -36.618293 -0.724137
315.360007 -36.076642 -0.725850
315.826436 -35.553060 -0.724896
316.280242 -35.051737 -0.724433
316.719552 -34.571994 -0.728803
317.143678 -34.111705 -0.736770
317.553295 -33.670757 -0.742725
317.949716 -33.247918 -0.740145
318.333406 -32.842227 -0.730327
318.704534 -32.454303 -0.723517
319.063431 -32.082053 -0.724044
319.410467 -31.717208 -0.730296
319.748134 -31.353377 -0.743562
320.080517 -30.991346 -0.759455
320.411136 -30.633048 -0.768499
320.739177 -30.276525 -0.771672
321.058151 -29.915613 -0.774336
321.363413 -29.547395 -0.775709
321.656390 -29.175111 -0.776219
321.939002 -28.801529 -0.780598
322.208736 -28.424217 -0.790298
322.461527 -28.037420 -0.805049
322.697218 -27.637905 -0.820934
322.917513 -27.225332 -0.833622
323.120315 -26.798246 -0.841839
323.302177 -26.355157 -0.845224
323.461801 -25.895785 -0.844939
323.598682 -25.420199 -0.841505
323.712252 -24.928529 -0.835446
323.801880 -24.420975 -0.827292
323.866883 -23.897810 -0.817570
323.906529 -23.359386 -0.806811
323.920049 -22.806137 -0.795547
323.906637 -22.238587 -0.784307
323.865465 -21.657350 -0.773622
323.795685 -21.063136 -0.764022
323.696440 -20.456751 -0.756035
323.566870 -19.839101 -0.750190
323.406123 -19.211194 -0.747013
323.213357 -18.574137 -0.747032
322.987756 -17.929140 -0.750773
322.728529 -17.277516 -0.758763
322.434523 -16.619674 -0.765831
322.107010 -15.955737 -0.764034
321.752562 -15.286265 -0.753980
321.378036 -14.611778 -0.740969
320.988244 -13.932369 -0.731739
320.586173 -13.248002 -0.729286
320.173385 -12.558404 -0.730020
319.753746 -11.862019 -0.731463
319.330017 -11.158064 -0.733910
318.900276 -10.447130 -0.735286
318.464123 -9.728916 -0.734468
318.023151 -9.002385 -0.735078
317.577633 -8.266426 -0.736308
317.129098 -7.519251 -0.733113
316.677756 -6.760027 -0.727012
316.221729 -5.988600 -0.718589
315.762753 -5.204608 -0.709084
315.302384 -4.408277 -0.701399
314.839459 -3.600516 -0.694345
314.372564 -2.783459 -0.687862
313.899681 -1.959117 -0.681171
313.421098 -1.128405 -0.673693
312.938933 -0.292041 -0.663551
312.455055 0.548500 -0.656598
311.971121 1.391782 -0.657668
311.487881 2.238586 -0.660298
311.005148 3.089036 -0.656434
310.523289 3.941411 -0.642477
310.043760 4.794504 -0.623438
309.568162 5.647196 -0.606579
309.098298 6.499038 -0.594012
308.637213 7.350848 -0.585295
308.185564 8.202946 -0.576435
307.741916 9.054112 -0.563056
307.306049 9.903924 -0.546613
306.880619 10.752305 -0.530550
306.466170 11.599652 -0.515388
306.059235 12.447552 -0.501859
305.659231 13.296618 -0.490278
305.265772 14.148369 -0.480303
304.875011 15.003330 -0.472593
304.483005 15.860347 -0.464529
304.086587 16.718836 -0.457362
303.685539 17.579090 -0.451969
303.279832 18.440856 -0.446720
302.864121 19.302805 -0.441568
302.440941 20.164132 -0.438778
302.016257 21.024186 -0.436125
301.585715 21.883658 -0.431356
301.147654 22.743268 -0.422157
300.704241 23.602839 -0.403966
300.256464 24.461402 -0.383857
299.800735 25.318476 -0.368241
299.334782 26.174269 -0.356984
298.862701 27.027731 -0.348024
298.385873 27.878527 -0.338371
297.904078 28.727927 -0.328610
297.416120 29.576581 -0.316705
296.921987 30.424133 -0.300333
296.424030 31.269515 -0.283357
295.923391 32.111534 -0.268633
295.423544 32.951039 -0.256298
294.923914 33.787167 -0.245926
294.424143 34.619703 -0.235276
293.926795 35.450416 -0.223552
293.431285 36.280547 -0.208070
292.938757 37.109396 -0.186635
292.451495 37.934959 -0.164713
291.968394 38.756025 -0.146911
291.492073 39.574432 -0.128383
291.023711 40.391969 -0.104453
290.560653 41.206241 -0.081226
290.105905 42.017261 -0.062692
289.659366 42.825306 -0.047888
289.217263 43.629021 -0.036746
288.777429 44.427673 -0.028669
288.339497 45.220507 -0.022211
287.901816 46.005476 -0.016416
287.466207 46.782547 -0.008163
287.036513 47.553047 0.006138
286.611984 48.315874 0.022681
286.189606 49.068429 0.036866
285.768820 49.809506 0.048913
285.352518 50.538585 0.057857
284.943106 51.256503 0.064603
284.538765 51.964629 0.077241
284.138306 52.662044 0.101312
283.743484 53.346226 0.129156
283.354585 54.012907 0.148804
282.971759 54.661014 0.159687
282.593162 55.292151 0.167964
282.218369 55.907507 0.180322
281.851076 56.507471 0.197466
281.490728 57.091090 0.213080
281.135649 57.658164 0.225039
280.787841 58.208390 0.236077
280.451019 58.740102 0.249317
280.124424 59.251737 0.261116
279.802056 59.743221 0.265035
279.484737 60.216248 0.264236
279.177789 60.672384 0.267042
278.881566 61.110211 0.277556
278.594999 61.527423 0.291567
278.319159 61.923393 0.300380
278.054977 62.298013 0.303288
277.800765 62.651319 0.305797
277.555885 62.983347 0.310286
277.321260 63.293662 0.317381
277.097315 63.580728 0.326510
276.884530 63.843422 0.334579
276.681891 64.082539 0.340337
276.488940 64.300655 0.344602
276.305290 64.504389 0.348168
276.127113 64.702334 0.351181
275.950843 64.899044 0.352839
275.775630 65.096262 0.352916
275.602398 65.294888 0.352046
275.432804 65.494824 0.351057
275.266979 65.695920 0.350912
275.103113 65.898182 0.352016
274.938799 66.101503 0.353903
274.773224 66.306351 0.356673
274.607857 66.513816 0.360137
274.445353 66.727138 0.362863
274.286653 66.954294 0.362658
274.128476 67.203044 0.360693
273.966678 67.477796 0.360895
273.799633 67.780882 0.365394
273.628621 68.112383 0.373628
273.455112 68.470782 0.380176
273.277960 68.853617 0.380745
273.096879 69.260113 0.378223
272.914233 69.690759 0.381378
272.729187 70.144923 0.392882
272.536944 70.621612 0.405441
272.334776 71.118815 0.413888
272.123737 71.633287 0.418344
271.905413 72.162893 0.420890
271.679184 72.708417 0.423938
271.444684 73.270637 0.424922
271.201203 73.847558 0.417800
270.945088 74.439111 0.405512
270.674328 75.046776 0.394993
270.392311 75.669818 0.383887
270.102287 76.307169 0.368196
269.804593 76.958234 0.348608
269.499564 77.622417 0.325811
269.187529 78.299112 0.300488
268.868814 78.987705 0.273318
268.543736 79.687576 0.244974
268.212605 80.398094 0.216129
267.875722 81.118620 0.187447
267.533377 81.848502 0.159591
267.185847 82.587077 0.133221
266.833394 83.333668 0.108989
266.476267 84.087584 0.087546
266.114695 84.848120 0.069537
265.748892 85.614555 0.055604
265.379048 86.386151 0.046382
265.005335 87.162155 0.042505
264.627822 87.942304 0.043905
264.248591 88.726754 0.051074
263.869027 89.514896 0.063055
263.487402 90.305587 0.074399
263.102796 91.097129 0.081323
262.712996 91.886993 0.084189
262.319846 92.673883 0.082615
261.927270 93.458131 0.081254
261.534869 94.239395 0.085690
261.142309 95.016970 0.094781
260.748802 95.788912 0.101737
260.352814 96.554479 0.106027
259.954563 97.315388 0.110878
259.556512 98.071895 0.115231
259.159501 98.822754 0.118981
258.761834 99.566102 0.120449
258.363659 100.302240 0.119549
257.966320 101.033330 0.121603
257.568322 101.757484 0.132881
257.167984 102.468816 0.149052
256.767234 103.163621 0.158826
256.372149 103.842078 0.162830
255.984721 104.503889 0.168964
255.600488 105.147246 0.180124
255.219867 105.770368 0.191802
254.845897 106.371524 0.199104
254.474648 106.948980 0.205018
254.103429 107.501544 0.207837
253.736330 108.030381 0.209137
253.372982 108.535760 0.213439
253.011785 109.016837 0.216055
252.652906 109.475839 0.215333
252.294736 109.920402 0.214000
251.934048 110.356179 0.212560
251.565330 110.782228 0.210960
251.185258 111.196606 0.212525
250.791935 111.597350 0.219367
250.385388 111.983711 0.228001
249.966134 112.355182 0.234912
249.533234 112.711069 0.238666
249.086967 113.051859 0.239564
248.626782 113.377967 0.239851
248.150800 113.692180 0.238839
247.657918 113.997057 0.235008
247.146903 114.291941 0.228216
246.616487 114.577345 0.220497
246.067655 114.857052 0.213868
245.502890 115.134758 0.209090
244.921287 115.409352 0.207620
244.322778 115.679444 0.204653
243.710244 115.948129 0.197157
243.084414 116.219538 0.186388
242.445567 116.496049 0.171005
241.795049 116.780108 0.154372
241.132726 117.072397 0.140721
240.457557 117.370650 0.127507
239.770058 117.675618 0.112984
239.070771 117.989420 0.099475
238.358600 118.311829 0.088933
237.632059 118.641960 0.082637
236.892580 118.980706 0.080180
236.142047 119.327639 0.077053
235.380894 119.681018 0.068276
234.610065 120.043387 0.055189
233.830821 120.419036 0.045056
233.043692 120.808233 0.045610
232.247436 121.207712 0.054043
231.441036 121.616128 0.060325
230.626298 122.035308 0.064408
229.804316 122.465674 0.068867
228.974591 122.904487 0.068089
228.139876 123.353016 0.061982
227.300746 123.811325 0.055708
226.453145 124.274505 0.053458
225.596982 124.743450 0.057023
224.731278 125.217409 0.069194
223.854497 125.692216 0.089005
222.972139 126.169920 0.109787
222.089241 126.649884 0.123591
221.207534 127.129188 0.124945
220.325636 127.607374 0.118481
219.440538 128.084309 0.116252
218.551686 128.560652 0.127514
217.661282 129.035762 0.146998
216.770525 129.508614 0.167155
215.879650 129.979081 0.184802
214.990097 130.445673 0.200106
214.103988 130.906668 0.207981
213.222810 131.364351 0.206161
212.345325 131.821039 0.205269
211.469884 132.277648 0.213206
210.596443 132.734061 0.226687
209.725476 133.188045 0.240757
208.859237 133.639721 0.249749
207.998552 134.089030 0.249975
207.142494 134.536169 0.248653
206.292467 134.984005 0.253149
205.447411 135.434393 0.261244
204.604875 135.887289 0.274187
203.766018 136.342730 0.297383
202.932060 136.799110 0.321914
202.102164 137.253288 0.337533
201.277315 137.707273 0.347816
200.458604 138.163390 0.360588
199.643550 138.618298 0.374113
198.831527 139.071590 0.388185
198.024436 139.525759 0.406698
197.221605 139.978342 0.426893
196.421964 140.425362 0.443634
195.626585 140.868247 0.454660
194.835938 141.307126 0.464925
194.050722 141.738167 0.478792
193.273123 142.160292 0.490182
192.504823 142.574711 0.496475
191.747636 142.982479 0.504823
191.002363 143.382408 0.516549
190.269481 143.772912 0.528746
189.551034 144.154354 0.541641
188.848314 144.526792 0.554370
188.161495 144.888336 0.566423
187.492340 145.239591 0.579605
186.842903 145.583329 0.591718
186.212704 145.920555 0.599905
185.600256 146.250571 0.607571
185.005582 146.574388 0.616986
184.429638 146.894364 0.624467
183.873047 147.211832 0.627845
183.336416 147.528139 0.630283
182.819931 147.845354 0.635413
182.318950 148.166884 0.642335
181.828182 148.496393 0.648755
181.348430 148.836948 0.654812
180.882299 149.190089 0.661029
180.430850 149.556566 0.663343
179.992834 149.935438 0.658501
179.568166 150.327085 0.651362
179.160070 150.734358 0.647714
178.770901 151.157514 0.647578
178.402367 151.595695 0.647591
178.058092 152.049861 0.648258
177.742456 152.522544 0.649176
177.456127 153.014279 0.648044
177.197222 153.523105 0.647161
176.969014 154.047448 0.646521
176.775443 154.585976 0.642545
176.612932 155.137224 0.634940
176.477127 155.700327 0.622651
176.368809 156.275567 0.604213
176.294658 156.862101 0.586294
176.258805 157.458867 0.578546
176.256425 158.066994 0.579765
176.284231 158.684638 0.582650
176.343874 159.309363 0.583258
176.436831 159.940329 0.581535
176.561290 160.576354 0.579335
176.714000 161.217329 0.576217
176.897927 161.859925 0.573287
177.116102 162.500441 0.569156
177.362630 163.141503 0.564039
177.630326 163.787697 0.561894
177.918357 164.438490 0.567111
178.225400 165.091974 0.579294
178.546773 165.747939 0.588783
178.882549 166.404658 0.588465
179.232277 167.061485 0.578637
179.589639 167.722828 0.564019
179.952103 168.392465 0.552014
180.321576 169.070187 0.543538
180.695592 169.758159 0.536573
181.072911 170.456470 0.534123
181.455618 171.162242 0.533056
181.841681 171.876057 0.526805
182.230359 172.598606 0.516412
182.624873 173.328209 0.510261
183.024913 174.064938 0.515140
183.427667 174.811301 0.527861
183.832666 175.567796 0.541397
184.238211 176.333873 0.557280
184.643293 177.109828 0.570488
185.048015 177.896602 0.572904
185.454130 178.693593 0.571053
185.865521 179.497825 0.566514
186.283262 180.307773 0.557250
186.706897 181.124734 0.546475
187.136494 181.951161 0.539811
187.572394 182.788382 0.543542
188.013798 183.636950 0.553288
188.458805 184.495849 0.560511
188.908413 185.363235 0.563577
189.364141 186.238916 0.560910
189.826008 187.122122 0.553804
190.294408 188.010631 0.542191
190.769227 188.906093 0.527878
191.251049 189.811303 0.521812
191.738701 190.726784 0.529479
192.227548 191.651695 0.537378
192.716622 192.582462 0.531978
193.207352 193.516942 0.517816
193.699957 194.456445 0.504915
194.193512 195.401710 0.498403
194.687253 196.351304 0.497546
195.180760 197.304038 0.496645
195.673529 198.260041 0.493740
196.167294 199.218381 0.489382
196.662114 200.177188 0.480440
197.156391 201.134616 0.468732
197.650551 202.089280 0.454987
198.144698 203.042502 0.442834
198.638018 203.995733 0.438459
199.130010 204.948466 0.438080
199.619022 205.900555 0.437288
200.105919 206.852994 0.439426
200.591376 207.805749 0.447493
201.076241 208.756864 0.455846
201.560255 209.705001 0.453268
202.043056 210.649763 0.441907
202.525090 211.592922 0.432532
203.006444 212.535361 0.429559
203.488197 213.476101 0.429367
203.970243 214.414537 0.427133
204.451902 215.349758 0.421910
204.934343 216.280071 0.415309
205.417914 217.206276 0.409121
205.899825 218.131859 0.405206
206.380830 219.057676 0.406952
206.860491 219.982512 0.409292
207.334851 220.907070 0.407515
207.805934 221.831155 0.403081
208.275935 222.751102 0.398004
208.742133 223.667507 0.390739
209.203641 224.583691 0.383575
209.660758 225.500560 0.378013
210.115594 226.417193 0.368828
210.563317 227.335213 0.363826
211.004075 228.252640 0.356730
211.443100 229.166657 0.337389
211.878429 230.078266 0.313753
212.311664 230.987624 0.289358
212.743551 231.895970 0.267469
213.172522 232.804003 0.253473
213.594503 233.712000 0.244393
214.010113 234.618841 0.231193
214.420275 235.525666 0.213711
214.823113 236.435617 0.202857
215.224032 237.346760 0.201283
215.623789 238.257822 0.197276
216.018591 239.170159 0.186590
216.407517 240.083425 0.174207
216.790422 240.998102 0.162068
217.169948 241.914827 0.151216
217.547542 242.833581 0.144729
217.926632 243.751560 0.137995
218.309737 244.667360 0.129631
218.695149 245.582894 0.123923
219.084190 246.497910 0.122632
219.478626 247.411297 0.120995
219.877831 248.323750 0.115092
220.281584 249.235695 0.107969
220.689302 250.145550 0.095861
221.102531 251.052161 0.076998
221.523157 251.955584 0.057825
221.950464 252.857433 0.045592
222.387064 253.757259 0.042583
222.832226 254.654011 0.043389
223.282127 255.548108 0.039865
223.732333 256.442725 0.029681
224.181397 257.340522 0.019470
224.632424 258.238726 0.012345
225.084056 259.135452 0.002399
225.537689 260.030984 -0.009783
225.996291 260.925203 -0.014913
226.456612 261.818074 -0.014717
226.914798 262.708518 -0.021551
227.370793 263.595026 -0.037066
227.826963 264.478691 -0.053656
228.285359 265.360981 -0.062683
228.745811 266.241226 -0.062394
229.206606 267.117164 -0.063203
229.665945 267.987352 -0.071571
230.122482 268.852643 -0.081787
230.574727 269.712448 -0.087877
231.022109 270.562751 -0.093980
231.465156 271.401099 -0.105263
231.904901 272.227426 -0.117711
232.341672 273.042261 -0.124407
232.773614 273.846558 -0.127011
233.200555 274.640572 -0.131798
233.622215 275.425076 -0.137219
234.039853 276.199394 -0.138614
234.455418 276.960063 -0.141804
234.869539 277.705665 -0.148616
235.284466 278.436018 -0.153737
235.699436 279.150697 -0.153570
236.112222 279.849453 -0.147390
236.521458 280.530287 -0.141107
236.923972 281.191261 -0.140909
237.317447 281.832661 -0.147596
237.702706 282.455520 -0.157750
238.081749 283.060871 -0.166426
238.455742 283.654954 -0.168881
238.825277 284.245274 -0.167611
239.191839 284.834061 -0.168535
239.557989 285.421115 -0.169642
239.925259 286.005994 -0.162716
240.291444 286.589521 -0.148170
240.652896 287.171224 -0.135426
241.007517 287.750651 -0.129219
241.354605 288.330053 -0.127100
241.694857 288.910737 -0.126638
242.030414 289.495497 -0.125542
242.360411 290.090512 -0.122226
242.681660 290.699367 -0.117326
242.995673 291.322317 -0.111104
243.307222 291.958861 -0.107441
243.616844 292.610041 -0.108140
243.920914 293.277761 -0.108886
244.220808 293.961404 -0.108077
244.522970 294.659826 -0.105135
244.831427 295.373119 -0.101910
245.144830 296.101694 -0.096414
245.462346 296.844332 -0.086082
245.789416 297.597669 -0.075862
246.127931 298.360993 -0.073815
246.476144 299.136385 -0.079486
246.835034 299.924809 -0.082858
247.206248 300.726113 -0.078217
247.591268 301.538782 -0.068612
247.989243 302.360586 -0.063423
248.400071 303.189542 -0.063348
248.826877 304.024929 -0.064508
249.269888 304.868147 -0.062823
249.725537 305.721363 -0.050322
250.192221 306.584901 -0.031331
250.669541 307.457518 -0.014812
251.155546 308.339015 -0.002247
251.649373 309.229568 0.005139
252.152573 310.129786 0.008988
252.664013 311.041741 0.014532
253.179261 311.966212 0.021233
253.694825 312.902205 0.023571
254.211299 313.848693 0.023449
254.730034 314.802539 0.026273
255.247684 315.761032 0.032196
255.761151 316.720780 0.035971
256.270499 317.679369 0.035445
256.775032 318.638452 0.036192
257.273693 319.600584 0.045566
257.766785 320.566702 0.060491
258.255098 321.533778 0.069578
258.740399 322.498589 0.069150
259.223146 323.460984 0.063911
259.703252 324.421961 0.061875
260.181201 325.380740 0.063538
260.655801 326.336862 0.062378
261.127262 327.290982 0.059823
261.597052 328.243428 0.063354
262.065220 329.193957 0.071923
262.532382 330.141563 0.078722
262.997433 331.086048 0.082226
263.459120 332.026994 0.079382
263.917451 332.963972 0.070791
264.371895 333.897942 0.062682
264.824233 334.828172 0.060202
265.276094 335.752504 0.064157
265.727246 336.669971 0.070777
266.177535 337.579219 0.082179
266.625425 338.478619 0.098242
267.069133 339.365997 0.109976
267.506561 340.239735 0.114722
267.935787 341.099520 0.116461
268.357310 341.944395 0.119206
268.773446 342.773288 0.126607
269.183229 343.585373 0.135728
269.583146 344.381610 0.143943
269.974716 345.162686 0.151202
270.357888 345.928794 0.157353
270.729479 346.680398 0.162476
271.089146 347.416739 0.163882
271.438045 348.137457 0.160026
271.776089 348.842662 0.152886
272.103566 349.532250 0.144792
272.421121 350.205890 0.137685
272.728030 350.862609 0.133004
273.023947 351.501328 0.131209
273.308753 352.120985 0.131160
273.581105 352.719758 0.131291
273.839927 353.295743 0.130752
274.085717 353.847901 0.127366
274.320071 354.375394 0.118455
274.545078 354.877262 0.105278
274.764793 355.352534 0.091448
274.983934 355.801357 0.077117
275.205877 356.226187 0.059786
275.432553 356.630928 0.038639
275.665737 357.017464 0.016097
275.909593 357.383502 -0.005132
276.166501 357.727066 -0.024579
276.435858 358.048341 -0.042297
276.717107 358.347473 -0.058349
277.009731 358.624563 -0.072814
277.313259 358.879666 -0.085778
277.627258 359.112790 -0.097342
277.951335 359.323892 -0.107614
278.285133 359.512874 -0.116717
278.628324 359.679582 -0.124782
278.980611 359.823804 -0.131952
279.341716 359.945262 -0.138384
279.711381 360.043614 -0.144245
280.089355 360.118451 -0.149715
280.475391 360.169292 -0.154988
280.869237 360.195586 -0.160274
281.270624 360.196709 -0.165796
281.678873 360.173907 -0.172396
282.095188 360.127702 -0.183594
282.523009 360.054567 -0.199515
282.965207 359.951578 -0.213050
283.422705 359.821361 -0.220593
283.894815 359.671314 -0.229203
284.380235 359.504722 -0.245267
284.878326 359.317856 -0.265576
285.389166 359.106805 -0.282360
285.911128 358.870422 -0.290699
286.442050 358.614216 -0.296206
286.981556 358.344240 -0.305239
287.529902 358.062322 -0.315611
288.087033 357.772342 -0.326245
288.653203 357.477814 -0.335308
289.229394 357.179526 -0.341777
289.816593 356.876705 -0.349526
290.415206 356.570322 -0.360208
291.025974 356.261229 -0.371700
291.648705 355.948817 -0.380632
292.281998 355.632866 -0.388006
292.925345 355.314199 -0.396635
293.579027 354.993012 -0.407870
294.244255 354.669351 -0.418247
294.921760 354.344143 -0.420750
295.611266 354.017035 -0.415310
296.312118 353.685951 -0.411052
297.023160 353.350533 -0.413933
297.744447 353.012711 -0.420939
298.476038 352.671700 -0.427923
299.216639 352.327637 -0.432879
299.965543 351.981150 -0.437894
300.722605 351.632613 -0.448458
301.488078 351.283278 -0.463425
302.263484 350.932085 -0.476703
303.050159 350.577238 -0.481671
303.846557 350.218981 -0.475112
304.650046 349.856316 -0.465204
305.458421 349.486519 -0.460807
306.270187 349.108731 -0.461367
307.085937 348.724392 -0.466180
307.907397 348.335080 -0.471658
308.735824 347.943116 -0.472956
309.570135 347.549184 -0.471301
310.409462 347.152928 -0.468292
311.254220 346.755108 -0.465280
312.103250 346.356049 -0.460127
312.953624 345.955856 -0.454732
313.804920 345.552108 -0.451043
314.658294 345.144880 -0.446103
315.514183 344.735387 -0.435677
316.373413 344.321242 -0.421524
317.235604 343.905006 -0.407582
318.100093 343.488365 -0.393483
318.965575 343.070139 -0.383766
319.830934 342.651591 -0.379895
320.696699 342.232272 -0.380911
321.563995 341.809661 -0.384240
322.433368 341.383233 -0.385741
323.305511 340.953152 -0.383182
324.180926 340.518448 -0.376296
325.058291 340.081673 -0.367836
325.935206 339.645519 -0.359546
326.810512 339.210911 -0.353803
327.684869 338.777855 -0.348652
328.559438 338.345127 -0.337609
329.436415 337.912015 -0.318232
330.315819 337.478956 -0.290887
331.195941 337.045309 -0.260576
332.074757 336.605449 -0.239118
332.950454 336.159426 -0.227544
333.825079 335.713658 -0.218634
334.699302 335.271851 -0.208992
335.573121 334.834339 -0.196176
336.447639 334.398797 -0.180086
337.322515 333.966608 -0.158617
338.197550 333.537950 -0.133777
339.073340 333.110973 -0.107652
339.950198 332.686658 -0.079195
340.827303 332.266706 -0.052369
341.703834 331.852177 -0.030499
342.580155 331.444027 -0.012686
343.455720 331.044688 0.001476
344.329100 330.657420 0.012276
345.200720 330.282470 0.020656
346.071957 329.919595 0.029477
346.943937 329.570463 0.042713
347.816515 329.233045 0.059246
348.688062 328.905089 0.076805
349.556231 328.586921 0.088046
350.422671 328.277757 0.092885
351.290680 327.979454 0.103075
352.161286 327.692480 0.118521
353.033212 327.415521 0.135346
353.903862 327.147483 0.152686
354.770287 326.887953 0.162078
355.633599 326.638706 0.163132
356.497089 326.400911 0.167347
357.360303 326.176950 0.181790
358.223499 325.965482 0.202268
359.086077 325.761789 0.216270
359.944515 325.566473 0.221527
360.797509 325.383709 0.224450
361.647947 325.214574 0.229655
362.495190 325.059615 0.239932
363.338900 324.918707 0.256150
364.182095 324.787312 0.274723
365.023938 324.663474 0.291123
365.861879 324.549640 0.306144
366.692693 324.446406 0.314117
367.519249 324.351002 0.314213
368.345885 324.263019 0.313894
369.170152 324.186657 0.317494
369.992174 324.121500 0.326104
370.813811 324.061762 0.335991
371.631207 324.008422 0.342351
372.440929 323.965445 0.342249
373.244418 323.932699 0.341978
374.042384 323.910016 0.350383
374.832697 323.897551 0.364977
375.614120 323.894203 0.378256
376.386915 323.899140 0.388251
377.151113 323.912825 0.397375
377.906795 323.935224 0.407876
378.652305 323.966427 0.419072
379.386294 324.005220 0.429620
380.109900 324.048803 0.436316
380.823432 324.098076 0.440492
381.525358 324.156189 0.447212
382.215785 324.222829 0.459484
382.894905 324.295750 0.477383
383.562197 324.372360 0.495014
384.216457 324.448895 0.503132
384.854243 324.523161 0.499994
385.472871 324.595464 0.492341
386.072060 324.665347 0.484667
386.651315 324.731550 0.479313
387.209078 324.793358 0.478152
387.746200 324.847887 0.477992
388.264298 324.892164 0.475528
388.763143 324.925417 0.472393
389.242580 324.945964 0.467867
389.702780 324.951931 0.461426
390.143146 324.943037 0.454641
390.564038 324.918767 0.447728
390.966652 324.878004 0.441041
391.351671 324.819442 0.436038
391.719165 324.740488 0.433549
392.069329 324.638523 0.431130
392.402385 324.513074 0.424207
392.718655 324.368136 0.411885
393.021477 324.210295 0.395253
393.313821 324.044702 0.374306
393.595958 323.874640 0.350171
393.868213 323.701239 0.325585
394.132540 323.522428 0.303112
394.392081 323.333973 0.283044
394.646632 323.134634 0.264331
394.894567 322.923176 0.249920
395.135398 322.697117 0.240648
395.367345 322.457838 0.231524
395.588678 322.208133 0.219195
395.802424 321.949326 0.202907
396.014635 321.680326 0.184222
396.228271 321.398930 0.165610
396.443644 321.103671 0.147813
396.659522 320.794359 0.132531
396.874026 320.471877 0.122561
397.086541 320.135469 0.117380
397.297844 319.782043 0.114081
397.509597 319.408324 0.110589
397.723971 319.012950 0.106743
397.943677 318.595913 0.103334
398.171830 318.156144 0.099027
398.410606 317.691531 0.092424
398.660767 317.198348 0.085253
398.921898 316.672376 0.079585
399.192514 316.110858 0.076726
399.471308 315.514009 0.076675
399.757472 314.884622 0.077734
400.050052 314.225121 0.079104
400.347921 313.537836 0.081571
400.650126 312.825094 0.084993
400.956279 312.088596 0.088971
401.266369 311.329840 0.093756
401.580554 310.550174 0.100008
401.898611 309.749628 0.108579
402.220536 308.928917 0.118851
402.546373 308.090348 0.130716
402.876158 307.236113 0.142334
403.210474 306.369005 0.151265
403.550460 305.490666 0.157585
403.896822 304.600262 0.165032
404.249799 303.696422 0.179384
404.608537 302.779555 0.199440
404.969611 301.850846 0.217881
405.328964 300.910376 0.231640
405.684205 299.958658 0.243967
406.033672 298.996842 0.257745
406.375461 298.026409 0.273062
406.707906 297.048547 0.289788
407.030118 296.064003 0.308025
407.342183 295.074057 0.327641
407.644108 294.079006 0.347878
407.935573 293.078578 0.367328
408.216736 292.073197 0.384339
408.488630 291.062984 0.398695
408.752232 290.047083 0.412016
409.007746 289.026175 0.425274
409.254748 288.001224 0.437501
409.492958 286.972079 0.449183
409.722436 285.938935 0.462765
409.943032 284.901628 0.478995
410.154259 283.860181 0.495637
410.355939 282.814345 0.509829
410.548549 281.763995 0.521233
410.733608 280.709756 0.531067
410.911967 279.651295 0.541380
411.083535 278.589235 0.553252
411.248247 277.523484 0.565747
411.405316 276.453522 0.578041
411.553841 275.380467 0.590073
411.693787 274.305352 0.601538
411.826202 273.228437 0.612007
411.952101 272.150667 0.624052
412.071686 271.073551 0.637616
412.184542 269.997426 0.647608
412.290579 268.922200 0.653170
412.390720 267.848241 0.656594
412.488450 266.777861 0.658473
412.587624 265.713052 0.659878
412.689655 264.654360 0.663050
412.794686 263.601290 0.667275
412.903077 262.552696 0.669337
413.016785 261.509822 0.670472
413.136906 260.475737 0.676588
413.261473 259.450691 0.685596
413.388849 258.433840 0.691412
413.519452 257.424911 0.697530
413.653790 256.422258 0.708124
413.791044 255.424545 0.720625
413.930003 254.432019 0.732672
414.070059 253.445726 0.744126
414.210582 252.466715 0.754844
414.350926 251.496032 0.764673
414.490425 250.534722 0.773455
414.628394 249.583827 0.781021
414.764133 248.644388 0.787197
414.896917 247.717442 0.791798
415.026007 246.804024 0.794630
415.150646 245.905161 0.795493
415.270061 245.021873 0.794176
415.383462 244.155172 0.790460
415.490043 243.306060 0.784118
415.588983 242.475530 0.774912
415.679446 241.664563 0.762599
415.760581 240.874128 0.746926
415.831524 240.105179 0.727631
415.890039 239.357629 0.704767
415.932866 238.631247 0.678306
415.957167 237.926709 0.648464
415.961234 237.243161 0.615645
415.943962 236.579768 0.579017
415.905387 235.936508 0.538036
415.847120 235.312639 0.493245
415.770742 234.707483 0.445191
415.677793 234.120401 0.394424
415.569756 233.550782 0.341509
415.448040 232.998018 0.287021
415.313966 232.461493 0.231555
415.168753 231.940565 0.175728
415.013498 231.434555 0.120181
414.849164 230.942731 0.065586
414.676555 230.464305 0.012641
414.496303 229.998421 -0.037923
414.308845 229.544154 -0.085344
414.114397 229.100508 -0.128830
413.912938 228.666423 -0.167566
413.703252 228.241288 -0.201062
413.482988 227.823692 -0.229817
413.249798 227.411303 -0.255448
413.001425 227.003176 -0.278209
412.735857 226.600079 -0.295724
412.451101 226.203566 -0.306872
412.145440 225.816045 -0.312300
411.817195 225.439200 -0.312316
411.466254 225.072780 -0.307493
411.094169 224.716059 -0.298850
410.700841 224.369571 -0.287035
410.285104 224.035563 -0.272109
409.846849 223.716361 -0.255325
409.386407 223.413488 -0.239339
408.903534 223.128136 -0.224811
408.398829 222.862207 -0.211754
407.873346 222.617939 -0.199824
407.328106 222.396802 -0.188548
406.765116 222.199378 -0.178915
406.186355 222.025074 -0.173135
405.590364 221.872302 -0.171564
404.975200 221.740326 -0.171285
404.341564 221.629251 -0.170929
403.688349 221.538210 -0.170750
403.015183 221.466719 -0.170118
402.323517 221.415019 -0.168664
401.613648 221.383075 -0.166337
400.886158 221.371339 -0.162992
400.140465 221.379445 -0.159113
399.375467 221.406611 -0.154292
398.592006 221.452712 -0.148275
397.791727 221.517826 -0.140392
396.976358 221.601530 -0.131666
396.147518 221.703093 -0.126078
395.307490 221.822036 -0.125759
394.456814 221.957396 -0.129172
393.595277 222.108851 -0.131092
392.720989 222.276919 -0.127730
391.830305 222.461028 -0.121412
390.923517 222.659991 -0.116657
390.004296 222.873784 -0.114141
389.076556 223.102272 -0.112036
388.142433 223.345252 -0.105756
387.202532 223.603062 -0.091507
386.258505 223.875132 -0.072178
385.311736 224.161184 -0.051946
384.363138 224.461614 -0.034645
383.414183 224.776816 -0.021075
382.465241 225.107145 -0.008500
381.515902 225.453293 0.003590
380.567083 225.815474 0.013322
379.619485 226.193056 0.021926
378.671288 226.585998 0.032069
377.722183 226.994250 0.042953
376.773018 227.416382 0.052054
375.824676 227.850904 0.059877
374.877567 228.296925 0.067526
373.930867 228.752760 0.072895
372.984650 229.217151 0.076903
372.040099 229.689766 0.081341
371.097749 230.171006 0.085966
370.157834 230.662048 0.089502
369.220174 231.163626 0.088610
368.283587 231.675260 0.087686
367.348247 232.196062 0.090554
366.412081 232.724558 0.091340
365.475366 233.259727 0.087649
364.542835 233.801862 0.082994
363.615819 234.350379 0.078320
362.693590 234.904064 0.071371
361.775013 235.461740 0.062510
360.860006 236.022071 0.053421
359.948883 236.584275 0.043701
359.042067 237.147650 0.031821
358.140934 237.711389 0.017896
357.246053 238.274590 0.002010
356.357412 238.836022 -0.014781
355.474634 239.394205 -0.030156
354.597836 239.948014 -0.043623
353.727972 240.496639 -0.055933
352.865092 241.039866 -0.069163
352.009496 241.577683 -0.085276
351.161250 242.108679 -0.103165
350.321035 242.631159 -0.122870
349.489790 243.144233 -0.144053
348.666805 243.646813 -0.165659
347.851285 244.137631 -0.188364
347.042993 244.615643 -0.212246
346.242372 245.079755 -0.237351
345.450054 245.529407 -0.264198
344.665920 245.963529 -0.292769
343.889374 246.381696 -0.322927
343.119774 246.784429 -0.355093
342.355490 247.171032 -0.387288
341.595775 247.540404 -0.417103
340.840681 247.893175 -0.444334
340.088653 248.230607 -0.470526
339.338537 248.554073 -0.498109
338.590274 248.864481 -0.526971
337.842380 249.161456 -0.556371
337.093333 249.444323 -0.585806
336.343325 249.712695 -0.613794
335.592374 249.966268 -0.640349
334.840027 250.204102 -0.665770
334.087107 250.425172 -0.690674
333.336410 250.629963 -0.717402
332.589922 250.817192 -0.743507
331.847564 250.985336 -0.767134
331.109218 251.136155 -0.791480
330.376044 251.271379 -0.817970
329.649274 251.391569 -0.845974
328.928429 251.496511 -0.872962
328.212092 251.586481 -0.896451
327.498914 251.662667 -0.915957
326.787361 251.726455 -0.932170
326.077677 251.779777 -0.945677
325.372460 251.824554 -0.956337
324.674603 251.860541 -0.964158
323.986701 251.885988 -0.969518
323.310907 251.899859 -0.971673
322.649775 251.900498 -0.971279
322.004739 251.885645 -0.969621
321.375321 251.855124 -0.965503
320.761137 251.811397 -0.956936
320.160794 251.758870 -0.944829
319.572143 251.698807 -0.930383
318.993481 251.627038 -0.911923
318.423061 251.541910 -0.889241
317.859108 251.446161 -0.862735
317.301299 251.341754 -0.832206
316.750272 251.225316 -0.797391
316.206159 251.093508 -0.759156
315.668452 250.949344 -0.721535
315.136006 250.793962 -0.686044
314.608282 250.625866 -0.650812
314.084535 250.444461 -0.614400
313.564907 250.246120 -0.573624
313.051305 250.023726 -0.527713
312.544386 249.773473 -0.479420
312.042375 249.497242 -0.431360
311.542299 249.200595 -0.388295
311.043873 248.884729 -0.351107
310.550234 248.545464 -0.315520
310.064861 248.180696 -0.279966
309.589091 247.790770 -0.246110
309.120900 247.377871 -0.212795
308.659047 246.943322 -0.178439
308.205879 246.485473 -0.146007
307.763329 246.003660 -0.117640
307.329845 245.499457 -0.090892
306.903332 244.973979 -0.062193
306.480950 244.430476 -0.032039
306.062076 243.870614 -0.003388
305.648637 243.292450 0.025263
305.239237 242.697677 0.054991
304.833484 242.087593 0.084623
304.433693 241.460067 0.116181
304.040424 240.815024 0.150704
303.651576 240.155171 0.185897
303.266074 239.482006 0.218553
302.883166 238.795932 0.248405
302.499576 238.099423 0.276424
302.115605 237.392773 0.304236
301.733234 236.672968 0.332273
301.352716 235.936900 0.357750
300.974725 235.182509 0.377838
300.598553 234.408833 0.397886
300.224007 233.615276 0.424992
299.848740 232.803612 0.455030
299.468821 231.976904 0.480301
299.085231 231.135117 0.501295
298.701045 230.276114 0.521959
298.316042 229.399646 0.540445
297.929204 228.506684 0.555953
297.540067 227.596251 0.573534
297.145709 226.668189 0.592737
296.743159 225.724294 0.611559
296.332497 224.764039 0.633390
295.915925 223.786462 0.653768
295.496926 222.791472 0.666429
295.077779 221.778643 0.676320
294.658093 220.749434 0.690806
294.235783 219.705022 0.706724
293.807537 218.645401 0.720115
293.373771 217.571073 0.724798
292.935670 216.481880 0.721154
292.492100 215.378292 0.718100
292.045290 214.262415 0.716692
291.597381 213.137115 0.717986
291.147881 212.004120 0.715127
290.696836 210.864054 0.703150
290.244414 209.718455 0.689305
289.789775 208.569488 0.679689
289.333032 207.417824 0.674847
288.876261 206.262873 0.670858
288.419724 205.104723 0.660684
287.962633 203.944607 0.645470
287.503958 202.784794 0.632101
287.043607 201.625912 0.620848
286.583048 200.467242 0.609269
286.122430 199.309266 0.596021
285.660674 198.153330 0.583007
285.194886 197.001232 0.572293
284.725113 195.854479 0.566680
284.254793 194.712297 0.563514
283.783822 193.573807 0.558112
283.312379 192.439521 0.549949
282.841557 191.309653 0.538864
282.371032 190.183842 0.523812
281.901462 189.063160 0.507425
281.433643 187.949134 0.496835
280.967956 186.840610 0.490210
280.503271 185.735786 0.481609
280.037343 184.634885 0.474177
279.570313 183.537978 0.473253
279.103022 182.444348 0.476647
278.635449 181.353868 0.479861
278.166834 180.265902 0.479775
277.695374 179.178455 0.473806
277.221330 178.091146 0.463442
276.746940 177.007199 0.457093
276.274029 175.929368 0.463735
275.801608 174.858001 0.477592
275.328284 173.792252 0.485046
274.854703 172.732559 0.485654
274.383003 171.678825 0.479374
273.913262 170.631832 0.465152
273.445409 169.594537 0.450055
272.980520 168.566802 0.437004
272.519164 167.546069 0.420911
272.060621 166.533494 0.403331
271.602363 165.531803 0.393633
271.142631 164.541410 0.392253
270.680778 163.561056 0.388764
270.220188 162.589964 0.378945
269.763920 161.627784 0.360753
269.313078 160.672867 0.333648
268.870355 159.725408 0.303841
268.432381 158.788575 0.275640
267.992370 157.867337 0.258890
267.549958 156.963790 0.256708
267.105275 156.073812 0.255580
266.657652 155.193753 0.242512
266.208504 154.324080 0.219016
265.759415 153.465626 0.190934
265.311479 152.617208 0.157262
264.863581 151.780173 0.119755
264.416044 150.958324 0.085650
263.970332 150.153012 0.057820
263.525863 149.364136 0.035976
263.082373 148.591857 0.020618
262.639373 147.836017 0.011432
262.196760 147.094259 0.002055
261.753345 146.362520 -0.015125
261.307990 145.637007 -0.041691
260.861184 144.916182 -0.074901
260.414488 144.201357 -0.110140
259.970018 143.494496 -0.140879
259.525306 142.795878 -0.162958
259.078744 142.105532 -0.177387
258.631386 141.422472 -0.185575
258.182278 140.742659 -0.192120
257.732435 140.063637 -0.204680
257.281308 139.387459 -0.221145
256.825950 138.717421 -0.234042
256.365378 138.055210 -0.240073
255.901924 137.400230 -0.242288
255.437597 136.751877 -0.243754
254.968824 136.108966 -0.244106
254.494455 135.470727 -0.243263
254.019400 134.837761 -0.239999
253.545641 134.207289 -0.237898
253.070165 133.575265 -0.241155
252.593182 132.941926 -0.248311
252.116425 132.310520 -0.252340
251.635932 131.682028 -0.247339
251.149276 131.053640 -0.237299
250.658502 130.425413 -0.227378
250.165370 129.802320 -0.217185
249.667872 129.185657 -0.208919
249.165781 128.575560 -0.204494
248.662114 127.974682 -0.201147
248.154027 127.383525 -0.195320
247.639799 126.802752 -0.186157
247.123443 126.234404 -0.175459
246.608971 125.679894 -0.163095
246.093719 125.140857 -0.149685
245.569578 124.620023 -0.136981
245.035984 124.121009 -0.125468
244.498690 123.646902 -0.115547
243.960739 123.197754 -0.108551
243.421281 122.771670 -0.105129
242.876981 122.366870 -0.104118
242.324767 121.982647 -0.102358
241.766496 121.619738 -0.098602
241.205420 121.278738 -0.096237
240.640235 120.962062 -0.100359
240.068616 120.674136 -0.110497
239.491023 120.417146 -0.119406
238.910116 120.190351 -0.127542
238.326905 119.991676 -0.138843
237.743968 119.819138 -0.153949
237.164810 119.670917 -0.173373
236.590195 119.546458 -0.193335
236.019966 119.445855 -0.210299
235.453160 119.368222 -0.223456
234.888806 119.312571 -0.231127
234.327866 119.277590 -0.234007
233.773962 119.260871 -0.235486
233.228606 119.260248 -0.236470
232.687716 119.275492 -0.232657
232.148384 119.305859 -0.223635
231.612313 119.348869 -0.215502
231.081278 119.403465 -0.210288
230.555449 119.470641 -0.204467
230.033187 119.551829 -0.195090
229.510024 119.649178 -0.180063
228.983219 119.763810 -0.159856
228.454338 119.895892 -0.139859
227.925037 120.046874 -0.123570
227.394995 120.217673 -0.109385
226.862981 120.408459 -0.092697
226.326827 120.621219 -0.073368
225.785096 120.856060 -0.059684
225.241017 121.111157 -0.050597
224.696509 121.386665 -0.040371
224.148640 121.683698 -0.030386
223.598345 122.002061 -0.016820
223.046188 122.342277 0.003717
222.487218 122.706943 0.029533
221.920630 123.095708 0.056120
221.348574 123.505822 0.079724
220.769499 123.934983 0.095529
220.183708 124.379434 0.100599
219.592120 124.836498 0.099392
218.992551 125.307050 0.101663
218.384124 125.789813 0.114156
217.766346 126.281337 0.129777
217.137897 126.781313 0.142391
216.499436 127.289828 0.151938
215.851470 127.805401 0.160127
215.192556 128.326494 0.162050
214.523138 128.852553 0.154090
213.845032 129.384500 0.145555
213.158298 129.923125 0.145086
212.462405 130.467684 0.151570
211.758885 131.015475 0.158050
211.048474 131.563911 0.158928
210.331267 132.112660 0.151735
209.606776 132.663508 0.140514
208.877421 133.217693 0.134097
208.144351 133.775489 0.132802
207.407044 134.339239 0.135407
206.669373 134.908191 0.146238
205.931978 135.478523 0.160560
205.192099 136.049960 0.166215
204.451014 136.622714 0.163546
203.712957 137.197418 0.163405
202.976172 137.775249 0.165085
202.238891 138.356778 0.166003
201.505536 138.941875 0.169917
200.775454 139.530348 0.175597
200.043373 140.121321 0.178531
199.311243 140.713595 0.176267
198.582099 141.307471 0.171758
197.855043 141.902541 0.171096
197.130742 142.495994 0.172013
196.409849 143.084128 0.169599
195.692008 143.664446 0.167917
194.975988 144.235495 0.169530
194.261383 144.795866 0.172433
193.550529 145.344519 0.177087
192.843640 145.881446 0.183044
192.138939 146.405393 0.189034
191.436805 146.913990 0.197185
190.739765 147.405713 0.206936
190.050029 147.879662 0.214802
189.367419 148.335051 0.223393
188.691087 148.770995 0.237028
188.020794 149.186307 0.252230
187.357561 149.580713 0.264751
186.703168 149.956924 0.276211
186.058540 150.319069 0.289843
185.423985 150.671756 0.306909
184.798763 151.019820 0.325820
184.183491 151.368616 0.344585
183.581787 151.722770 0.362244
182.996908 152.084280 0.379798
182.430958 152.453021 0.397801
181.885132 152.827903 0.412368
181.357673 153.208888 0.420277
180.847887 153.596504 0.424352
180.358418 153.990585 0.427941
179.892038 154.389900 0.431645
179.449801 154.792703 0.435742
179.031430 155.197498 0.437589
178.636825 155.604015 0.434278
178.266773 156.016036 0.427133
177.927716 156.437428 0.420052
177.623823 156.868508 0.413428
177.351019 157.308829 0.404899
177.105653 157.757849 0.395677
176.889014 158.211033 0.385012
176.702325 158.663083 0.371956
176.543069 159.112925 0.354979
176.409894 159.558856 0.333008
176.302128 159.997984 0.305654
176.220756 160.428404 0.277812
176.168313 160.846804 0.253296
176.143070 161.252044 0.233004
176.139417 161.648603 0.218409
176.152049 162.040827 0.208209
176.180211 162.426320 0.199263
176.224970 162.799678 0.187595
176.285633 163.159310 0.174670
176.360229 163.506818 0.162318
176.445864 163.846068 0.149117
176.541704 164.178208 0.134404
176.649151 164.499041 0.120778
176.767705 164.805744 0.106880
176.895388 165.101741 0.092714
177.031656 165.390574 0.080509
177.176012 165.671650 0.070866
177.327125 165.942273 0.066192
177.482979 166.205086 0.064929
177.641630 166.466269 0.061909
177.802204 166.727366 0.054807
177.965741 166.984999 0.043894
178.132950 167.234764 0.031369
178.301224 167.480724 0.016930
178.467844 167.731420 0.000892
178.631519 167.989878 -0.013574
178.791807 168.253137 -0.029486
178.947946 168.518857 -0.048127
179.098613 168.790132 -0.063668
179.241088 169.072183 -0.076032
179.372205 169.363814 -0.086776
179.489818 169.662372 -0.097126
179.591490 169.970612 -0.108714
179.676333 170.289849 -0.121020
179.742842 170.620149 -0.135573
179.787454 170.962191 -0.150713
179.808976 171.315081 -0.161674
179.807592 171.676606 -0.167626
179.782871 172.044842 -0.172573
179.736105 172.418922 -0.176715
179.667565 172.798937 -0.180029
179.573003 173.185490 -0.185866
179.447888 173.578273 -0.195249
179.290839 173.975200 -0.207753
179.106661 174.373716 -0.224862
178.900713 174.773466 -0.248881
178.671790 175.175532 -0.276312
178.412995 175.580838 -0.302797
178.116462 175.988745 -0.326609
177.781948 176.396502 -0.347072
177.415740 176.801503 -0.368193
177.022784 177.201907 -0.391961
176.604925 177.597119 -0.417269
176.160753 177.987018 -0.445947
175.689689 178.372546 -0.477154
175.194423 178.754822 -0.507710
174.677860 179.135181 -0.536316
174.144602 179.516164 -0.562793
173.597883 179.899805 -0.588367
173.036247 180.287081 -0.613762
172.457658 180.678596 -0.637448
171.864138 181.075855 -0.659470
171.258355 181.480818 -0.680204
170.641735 181.894741 -0.698981
170.015324 182.318031 -0.716634
169.379235 182.750748 -0.734402
168.732901 183.192885 -0.752342
168.075350 183.643942 -0.769273
167.405815 184.102729 -0.783579
166.725869 184.569096 -0.794678
166.037000 185.043328 -0.804163
165.339299 185.524638 -0.813037
164.632396 186.012306 -0.821615
163.915466 186.506518 -0.830018
163.188164 187.007755 -0.836837
162.449555 187.515640 -0.840761
161.698650 188.029031 -0.845139
160.935344 188.547024 -0.853233
160.160564 189.070203 -0.863584
159.374242 189.599413 -0.872358
158.576157 190.135550 -0.874975
157.767454 190.679190 -0.872025
156.948778 191.229965 -0.872246
156.120371 191.787259 -0.880259
155.282395 192.350044 -0.892086
154.435195 192.917745 -0.904003
153.579473 193.489520 -0.912948
152.716347 194.062208 -0.918036
151.849715 194.632453 -0.921313
150.983258 195.199164 -0.923089
150.117712 195.761554 -0.920782
149.254086 196.320145 -0.915616
148.392516 196.875923 -0.910109
147.532788 197.429951 -0.903524
146.676387 197.982223 -0.898643
145.821213 198.529469 -0.896084
144.966464 199.071534 -0.894797
144.112439 199.610043 -0.893274
143.256392 200.143673 -0.890879
142.399479 200.671057 -0.890828
141.542765 201.191301 -0.895086
140.686511 201.704240 -0.902148
139.833036 202.210587 -0.906218
138.983990 202.710624 -0.905505
138.139588 203.203810 -0.901363
137.300466 203.688782 -0.896225
136.468344 204.164256 -0.893814
135.644647 204.629223 -0.895565
134.829551 205.083155 -0.899735
134.024626 205.526369 -0.902596
133.231443 205.958453 -0.903170
132.450074 206.378385 -0.903289
131.681947 206.786280 -0.902710
130.928591 207.182074 -0.900201
130.190839 207.564358 -0.897105
129.468904 207.931681 -0.895338
128.763631 208.284007 -0.895071
128.075602 208.621698 -0.895241
127.403206 208.944426 -0.893747
126.746150 209.251852 -0.890130
126.106393 209.544350 -0.885481
125.485122 209.822183 -0.880373
124.883500 210.084840 -0.875356
124.302740 210.331497 -0.869881
123.743275 210.561058 -0.862504
123.206370 210.773543 -0.854247
122.693525 210.969270 -0.846987
122.205338 211.147784 -0.840702
121.741536 211.309136 -0.834387
121.300947 211.453580 -0.826739
120.882338 211.582787 -0.817669
120.483982 211.699406 -0.807666
120.105513 211.804577 -0.797075
119.747631 211.898995 -0.785852
119.407694 211.983588 -0.772523
119.082963 212.059591 -0.756973
118.771749 212.129447 -0.741314
118.469694 212.199032 -0.726275
118.173755 212.274078 -0.711156
117.883135 212.356316 -0.695502
117.597154 212.446402 -0.680011
117.316110 212.544724 -0.665483
117.041801 212.651548 -0.650477
116.775269 212.767358 -0.631566
116.514271 212.891558 -0.608336
116.257761 213.023388 -0.586138
116.005918 213.165888 -0.570126
115.756219 213.326708 -0.560131
115.507744 213.512798 -0.551479
115.261333 213.727332 -0.538502
115.017206 213.971132 -0.521267
114.774457 214.243425 -0.505272
114.534537 214.543588 -0.493757
114.301943 214.871143 -0.487356
114.080141 215.224915 -0.484168
113.874516 215.603794 -0.480264
113.688214 216.006098 -0.475775
113.520620 216.429702 -0.474408
113.372470 216.872917 -0.480246
113.245798 217.335844 -0.493399
113.143803 217.820119 -0.509227
113.070423 218.326191 -0.522926
113.030731 218.851609 -0.532320
113.027119 219.393252 -0.536543
113.058237 219.949797 -0.539112
113.123609 220.519943 -0.546623
113.222806 221.102543 -0.560479
113.355842 221.697006 -0.574540
113.524704 222.301250 -0.583269
113.730127 222.912001 -0.588434
113.971110 223.526937 -0.593554
114.245543 224.146374 -0.600335
114.549574 224.772814 -0.607389
114.878964 225.409150 -0.613727
115.230046 226.057872 -0.620576
115.600159 226.720837 -0.628633
115.986285 227.400310 -0.637845
116.386060 228.098228 -0.647211
116.798903 228.814912 -0.655589
117.224394 229.550168 -0.662796
117.662349 230.303977 -0.669827
118.112150 231.076379 -0.678788
118.572844 231.867197 -0.691080
119.043757 232.676522 -0.706940
119.524143 233.505637 -0.724182
120.014212 234.356277 -0.738194
120.515492 235.229195 -0.744399
121.029371 236.123773 -0.743676
121.556478 237.036606 -0.744523
122.095944 237.964238 -0.755557
122.645830 238.907033 -0.776823
123.204898 239.867235 -0.798587
123.771872 240.845809 -0.811308
124.345119 241.840528 -0.813421
124.923680 242.847719 -0.809581
125.506926 243.865531 -0.807147
126.095206 244.892434 -0.814593
126.688774 245.927980 -0.831930
127.287516 246.973410 -0.851291
127.891655 248.029457 -0.866432
128.500249 249.097060 -0.874147
129.112239 250.174392 -0.876510
129.725155 251.258657 -0.878350
130.337941 252.347089 -0.885360
130.950551 253.438772 -0.895895
131.562057 254.534808 -0.901753
132.172716 255.635410 -0.900999
132.783200 256.741191 -0.896185
133.393832 257.852184 -0.892064
134.004457 258.966750 -0.892268
134.615819 260.082519 -0.897242
135.228211 261.198202 -0.905564
135.841014 262.313957 -0.914238
136.454869 263.430042 -0.919620
137.069903 264.547435 -0.918549
137.685646 265.666870 -0.911668
138.302056 266.787598 -0.904708
138.919280 267.910020 -0.901649
139.537645 269.035128 -0.900598
140.156249 270.161875 -0.903379
140.774226 271.288414 -0.913317
141.391598 272.414979 -0.926424
142.008528 273.542717 -0.934609
142.625397 274.671592 -0.936907
143.243097 275.800713 -0.934460
143.861548 276.930488 -0.928565
144.480720 278.060664 -0.924029
145.099662 279.191164 -0.922811
145.717665 280.322187 -0.924464
146.334972 281.453022 -0.927121
146.951216 282.582777 -0.929829
147.565673 283.712037 -0.932540
148.177956 284.840411 -0.934709
148.787729 285.966273 -0.941028
149.395220 287.089981 -0.949099
150.001597 288.211535 -0.950772
150.606791 289.330765 -0.949530
151.210515 290.447164 -0.951784
151.812531 291.560411 -0.957614
152.413902 292.669250 -0.965556
153.014614 293.772403 -0.975695
153.613537 294.871263 -0.985943
154.210805 295.966422 -0.993325
154.806149 297.057852 -0.997460
155.399563 298.145845 -1.000499
155.990353 299.229180 -1.004856
156.576573 300.306495 -1.013418
157.156878 301.376245 -1.024023
157.729296 302.437158 -1.031127
158.292740 303.487589 -1.033447
158.847208 304.525558 -1.033142
159.391405 305.549998 -1.033665
159.924239 306.559129 -1.037656
160.444856 307.551849 -1.045733
160.953356 308.528801 -1.056762
161.451478 309.491875 -1.068009
161.941864 310.443010 -1.077231
162.425971 311.383333 -1.083390
162.903155 312.312245 -1.087785
163.372840 313.226574 -1.092999
163.835266 314.124186 -1.099211
164.290067 315.004803 -1.103493
164.736108 315.867965 -1.104794
165.173613 316.711988 -1.105671
165.601511 317.535741 -1.107881
166.018130 318.339293 -1.110871
166.423796 319.121902 -1.114885
166.816450 319.883640 -1.119831
167.194907 320.623511 -1.125644
167.559481 321.340279 -1.134565
167.909284 322.034447 -1.145764
168.245596 322.705663 -1.156581
168.569277 323.353545 -1.162775
168.878915 323.978139 -1.161787
169.172979 324.578758 -1.161368
169.450881 325.154314 -1.167720
169.711598 325.705499 -1.176957
169.953761 326.233539 -1.185024
170.176801 326.740311 -1.190707
170.382712 327.228539 -1.194449
170.575010 327.699566 -1.197579
170.754796 328.154139 -1.200681
170.920529 328.595289 -1.204147
171.071165 329.027364 -1.208111
171.206601 329.454277 -1.212066
171.324034 329.880468 -1.216043
171.421474 330.306591 -1.221230
171.496758 330.732520 -1.225418
171.546036 331.160293 -1.227346
171.566999 331.590877 -1.230142
171.557986 332.024208 -1.235433
171.519157 332.458446 -1.242517
171.451802 332.891533 -1.250364
171.357026 333.324276 -1.259661
171.231587 333.757628 -1.272684
171.070362 334.191101 -1.287575
170.873339 334.624228 -1.300598
170.646116 335.055716 -1.312506
170.389376 335.481283 -1.324587
170.096030 335.894846 -1.336640
169.761946 336.294388 -1.351005
169.387155 336.680676 -1.370452
168.974726 337.053448 -1.389607
168.526576 337.408995 -1.396860
168.044205 337.744927 -1.388531
167.533594 338.064107 -1.377017
166.999991 338.369245 -1.375987
166.444216 338.661735 -1.382460
165.866734 338.944956 -1.389178
165.270369 339.223675 -1.395554
164.658199 339.500894 -1.399273
164.031722 339.777616 -1.401441
163.391916 340.056286 -1.411629
162.737774 340.340219 -1.431001
162.067736 340.632458 -1.446740
161.380716 340.933644 -1.448934
160.675539 341.241028 -1.441545
159.953075 341.554114 -1.434056
159.214713 341.874056 -1.429212
158.462266 342.202424 -1.424969
157.697018 342.541105 -1.420185
156.919878 342.892221 -1.414444
156.132335 343.257783 -1.407079
155.334788 343.637430 -1.396816
154.528214 344.030277 -1.386574
153.714469 344.437947 -1.381843
152.894156 344.861571 -1.379387
152.066004 345.300262 -1.373213
151.228523 345.751549 -1.363441
150.381577 346.213409 -1.355503
149.524916 346.683490 -1.351950
148.657671 347.158319 -1.352833
147.779784 347.636845 -1.358256
146.892781 348.120970 -1.362288
145.997399 348.611841 -1.361867
145.094351 349.108962 -1.357718
144.184018 349.610805 -1.351387
143.266596 350.115660 -1.345432
142.344068 350.623129 -1.339053
141.418237 351.133637 -1.332343
140.491602 351.647364 -1.326678
139.564767 352.162324 -1.321641
138.636644 352.678339 -1.317947
137.704921 353.195186 -1.314622
136.768562 353.711672 -1.308605
135.829337 354.227622 -1.302630
134.887206 354.741845 -1.302311
133.944103 355.253822 -1.306053
133.002740 355.764236 -1.308460
132.061727 356.275765 -1.311411
131.118884 356.785096 -1.311284
130.175811 357.288701 -1.310329
129.233981 357.788383 -1.314771
128.291091 358.283841 -1.318274
127.346848 358.775973 -1.317685
126.403273 359.266101 -1.315437
125.462214 359.755023 -1.313898
124.524587 360.243139 -1.314113
123.590165 360.730085 -1.316793
122.659037 361.216057 -1.320892
121.731537 361.701793 -1.323759
120.808031 362.187326 -1.323658
119.889691 362.672024 -1.320848
118.979300 363.154398 -1.316730
118.079375 363.632548 -1.313909
117.191721 364.104755 -1.313680
116.317372 364.570030 -1.315678
115.456336 365.027822 -1.318119
114.608023 365.478605 -1.317039
113.772980 365.920840 -1.311638
112.951905 366.351803 -1.304158
112.145204 366.771471 -1.299002
111.350781 367.179973 -1.294445
110.564056 367.581215 -1.288566
109.780850 367.979533 -1.283499
108.997932 368.375032 -1.279343
108.213265 368.766186 -1.276087
107.425523 369.150249 -1.272664
106.634051 369.524551 -1.271570
105.837811 369.887246 -1.274307
105.036646 370.239576 -1.278571
104.227795 370.583271 -1.281144
103.407486 370.919955 -1.279613
102.576053 371.253755 -1.273137
101.734460 371.586676 -1.264333
100.882813 371.918963 -1.256885
100.022354 372.252605 -1.251028
99.155048 372.590314 -1.243888
98.280407 372.933708 -1.234369
97.397144 373.284028 -1.223466
96.502095 373.643036 -1.209623
95.592370 374.013223 -1.199324
94.670990 374.395221 -1.199617
93.743364 374.792465 -1.217233
92.805910 375.206270 -1.242664
91.854517 375.636078 -1.251438
90.896754 376.084958 -1.248932
89.934799 376.550279 -1.254535
88.964216 377.026581 -1.275396
87.982376 377.512068 -1.297615
86.988277 378.008477 -1.305556
85.985812 378.516323 -1.305516
84.980452 379.035667 -1.311705
83.975149 379.569057 -1.322066
82.965696 380.117020 -1.321607
81.948369 380.677060 -1.306644
80.926004 381.246502 -1.286895
79.903279 381.823371 -1.277100
78.883735 382.405809 -1.280509
77.868055 382.992032 -1.286340
76.856644 383.581462 -1.287875
75.848451 384.173596 -1.284938
74.841689 384.767007 -1.279732
73.835449 385.358871 -1.275917
72.831122 385.948291 -1.277863
71.830085 386.536421 -1.283726
70.830313 387.122459 -1.282048
69.828015 387.703963 -1.268088
68.820731 388.277192 -1.252230
67.808259 388.838717 -1.244183
66.792058 389.389711 -1.242056
65.774025 389.934176 -1.238952
64.755423 390.474528 -1.232565
63.736547 391.012283 -1.221679
62.717603 391.548340 -1.207676
61.698939 392.081235 -1.197849
60.680254 392.609036 -1.198632
59.662975 393.133608 -1.207438
58.648227 393.657511 -1.213362
57.634428 394.181076 -1.208677
56.621288 394.703455 -1.197459
55.610242 395.223400 -1.188616
54.599140 395.737763 -1.185825
53.586023 396.243993 -1.189056
52.572687 396.744272 -1.195458
51.559142 397.238379 -1.203922
50.545936 397.727162 -1.212065
49.534184 398.213393 -1.217375
48.523578 398.698372 -1.217797
47.514273 399.181538 -1.210757
46.506761 399.661155 -1.203693
45.501802 400.136679 -1.203635
44.500109 400.607887 -1.207684
43.501605 401.076695 -1.211562
42.505552 401.545092 -1.212151
41.512876 402.013556 -1.209083
40.525921 402.481573 -1.208138
39.543658 402.947360 -1.210577
38.564382 403.412817 -1.206754
37.585103 403.878703 -1.191966
36.603692 404.341928 -1.174700
35.622173 404.803426 -1.163875
34.639786 405.264974 -1.156355
33.656525 405.729744 -1.141633
32.675375 406.201397 -1.119947
31.697989 406.680231 -1.100025
30.724730 407.166058 -1.083780
29.755468 407.658586 -1.068656
28.789823 408.157768 -1.051573
27.826194 408.663758 -1.033571
26.863224 409.175532 -1.015597
25.901809 409.693343 -0.994732
24.942549 410.216639 -0.978748
23.986059 410.745083 -0.972186
23.033409 411.282104 -0.969344
22.079709 411.824927 -0.965959
21.121896 412.370368 -0.960300
20.162878 412.919652 -0.956675
19.203721 413.473919 -0.956656
18.245076 414.036296 -0.956485
17.287937 414.608468 -0.953474
16.333826 415.190747 -0.949473
15.382469 415.782317 -0.945992
14.432858 416.382087 -0.943111
13.484924 416.988233 -0.942226
12.538813 417.598643 -0.943480
11.594586 418.212305 -0.945801
10.651726 418.828712 -0.946717
9.711404 419.448272 -0.946009
8.775209 420.069494 -0.947929
7.842747 420.692132 -0.953415
6.912854 421.317542 -0.957675
5.985054 421.944047 -0.958693
5.061211 422.571729 -0.960184
4.142531 423.201692 -0.961977
3.228470 423.833715 -0.960443
2.320664 424.467297 -0.956573
1.421158 425.101019 -0.954412
0.530666 425.733003 -0.956131
-0.349224 426.362151 -0.960288
-1.215011 426.988209 -0.965719
-2.064380 427.610680 -0.971481
-2.896179 428.229273 -0.974760
-3.709848 428.842551 -0.974959
-4.507435 429.448674 -0.974807
-5.292752 430.048555 -0.975201
-6.068651 430.644312 -0.974350
-6.834327 431.235807 -0.972814
-7.586805 431.818531 -0.974205
-8.325194 432.388484 -0.981269
-9.051083 432.947051 -0.991714
-9.767246 433.495848 -0.992217
-10.470424 434.035080 -0.981098
-11.156213 434.561488 -0.973907
-11.824339 435.072215 -0.979917
-12.473064 435.570862 -0.990687
-13.100877 436.058712 -0.995054
-13.706655 436.533228 -0.994869
-14.289874 436.993855 -0.999355
-14.850206 437.443826 -1.009426
-15.387223 437.886939 -1.011436
-15.902232 438.323077 -1.000902
-16.397194 438.749675 -0.987549
-16.872887 439.165008 -0.979080
-17.330700 439.568348 -0.975241
-17.773270 439.958758 -0.974387
-18.203384 440.335879 -0.975928
-18.623445 440.700293 -0.978358
-19.034845 441.052237 -0.979844
-19.437976 441.390715 -0.979761
-19.833697 441.713871 -0.978444
-20.223113 442.020611 -0.976964
-20.605180 442.310964 -0.977803
-20.979172 442.585007 -0.981181
-21.346415 442.843571 -0.984764
-21.709804 443.090710 -0.987842
-22.073364 443.329967 -0.989495
-22.440430 443.561552 -0.989613
-22.812120 443.785294 -0.989269
-23.186869 444.001556 -0.988540
-23.563386 444.210635 -0.987855
-23.941520 444.412597 -0.987529
-24.321455 444.607564 -0.987292
-24.703402 444.796256 -0.987335
-25.088866 444.980221 -0.987896
-25.480385 445.162632 -0.988901
-25.878052 445.347111 -0.989505
-26.279840 445.535781 -0.988632
-26.683585 445.728876 -0.986029
-27.088282 445.924665 -0.982341
-27.492043 446.121372 -0.978387
-27.891570 446.318685 -0.974847
-28.286652 446.515819 -0.972736
-28.678022 446.711703 -0.972120
-29.063286 446.907722 -0.971601
-29.439535 447.104995 -0.969832
-29.806253 447.302611 -0.967245
-30.163946 447.500004 -0.964568
-30.514822 447.696851 -0.962192
-30.859065 447.892460 -0.960434
-31.192033 448.086138 -0.958591
-31.509943 448.275468 -0.956833
-31.813169 448.456348 -0.956668
-32.103150 448.625165 -0.958819
-32.379427 448.780098 -0.963043
-32.639958 448.921405 -0.970090
-32.883924 449.052497 -0.979628
-33.114704 449.178319 -0.985926
-33.336632 449.300460 -0.985651
-33.553158 449.416893 -0.983921
-33.765450 449.525920 -0.984636
-33.972715 449.627411 -0.986946
-34.175575 449.720650 -0.989819
-34.374720 449.805025 -0.992804
-34.570318 449.880903 -0.996129
-34.765727 449.951420 -1.001368
-34.966704 450.019964 -1.007914
-35.176550 450.087015 -1.013550
-35.395770 450.152438 -1.017164
-35.625028 450.215503 -1.018482
-35.864562 450.275299 -1.017937
-36.115076 450.330270 -1.016368
-36.379285 450.378286 -1.014490
-36.659387 450.417567 -1.012395
-36.955731 450.446359 -1.011209
-37.267937 450.464491 -1.012450
-37.597041 450.471166 -1.016789
-37.943902 450.464354 -1.018883
-38.309448 450.441287 -1.014441
-38.694815 450.397114 -1.005971
-39.100150 450.327866 -0.997248
-39.524845 450.231843 -0.989755
-39.968075 450.109026 -0.980991
-40.429152 449.956959 -0.970747
-40.907245 449.771251 -0.961379
-41.401865 449.548812 -0.954381
-41.911920 449.288236 -0.949351
-42.435911 448.989772 -0.944777
-42.972300 448.654482 -0.940074
-43.519324 448.284965 -0.935416
-44.075519 447.883131 -0.932017
-44.639532 447.448176 -0.930731
-45.210232 446.981343 -0.930494
-45.787111 446.484734 -0.932091
-46.370275 445.958682 -0.935015
-46.960064 445.403747 -0.935332
-47.556754 444.819853 -0.928789
-48.159671 444.205566 -0.918300
-48.766515 443.559810 -0.911954
-49.377047 442.884024 -0.911074
-49.992440 442.180405 -0.913889
-50.614285 441.452210 -0.918341
-51.246972 440.705937 -0.918865
-51.892457 439.946189 -0.913241
-52.549724 439.173683 -0.906010
-53.218131 438.388121 -0.900335
-53.896887 437.588746 -0.894532
-54.584386 436.776406 -0.887811
-55.278830 435.952283 -0.881343
-55.978474 435.117179 -0.875314
-56.681547 434.272383 -0.868814
-57.387530 433.419316 -0.862094
-58.096178 432.558952 -0.856190
-58.807862 431.690935 -0.850023
-59.522928 430.814524 -0.842051
-60.240820 429.928234 -0.831626
-60.962082 429.030838 -0.820541
-61.687161 428.123039 -0.810103
-62.413682 427.205952 -0.801553
-63.137304 426.282467 -0.799824
-63.853980 425.353785 -0.806592
-64.561419 424.419002 -0.813142
-65.260348 423.478635 -0.808374
-65.952385 422.533181 -0.787522
-66.637623 421.583209 -0.758263
-67.315271 420.628794 -0.736582
-67.983683 419.669066 -0.727600
-68.642784 418.703914 -0.725853
-69.293199 417.733566 -0.725562
-69.934261 416.757257 -0.723417
-70.565803 415.774403 -0.720532
-71.187439 414.785044 -0.718958
-71.799318 413.790582 -0.718462
-72.401643 412.791296 -0.719613
-72.994221 411.787181 -0.722187
-73.577197 410.778069 -0.724828
-74.150360 409.762923 -0.726524
-74.714391 408.743289 -0.727516
-75.269609 407.721066 -0.728734
-75.815849 406.696169 -0.729971
-76.353483 405.667669 -0.729358
-76.882445 404.636151 -0.726890
-77.402445 403.601610 -0.727767
-77.913905 402.562241 -0.730784
-78.417747 401.517392 -0.731305
-78.914648 400.468218 -0.731992
-79.405317 399.415140 -0.735400
-79.890520 398.357526 -0.740254
-80.370686 397.295369 -0.744089
-80.846379 396.229375 -0.745608
-81.318035 395.160202 -0.745332
-81.786168 394.088222 -0.745305
-82.251191 393.013319 -0.746492
-82.712528 391.934195 -0.746642
-83.169836 390.850310 -0.744957
-83.623009 389.761628 -0.742697
-84.072859 388.669173 -0.740784
-84.520108 387.574037 -0.739092
-84.964685 386.476110 -0.737496
-85.406661 385.375085 -0.735782
-85.846138 384.270447 -0.733553
-86.282637 383.161919 -0.731731
-86.716162 382.049501 -0.731191
-87.146875 380.932928 -0.731745
-87.574628 379.812505 -0.733259
-87.999503 378.688461 -0.735518
-88.421751 377.560824 -0.737300
-88.842173 376.429827 -0.737028
-89.260895 375.295638 -0.734713
-89.677590 374.158893 -0.732327
-90.091845 373.019563 -0.732020
-90.503557 371.877325 -0.733196
-90.912779 370.731389 -0.733505
-91.319484 369.581219 -0.731814
-91.723441 368.426847 -0.729677
-92.124350 367.268549 -0.729955
-92.521847 366.106522 -0.733827
-92.915798 364.940145 -0.740443
-93.307314 363.769153 -0.747050
-93.697564 362.593832 -0.751484
-94.086709 361.413953 -0.752379
-94.474292 360.228666 -0.750245
-94.858743 359.037240 -0.747865
-95.239035 357.840298 -0.747230
-95.615354 356.640113 -0.748968
-95.987049 355.438953 -0.753337
-96.353950 354.237917 -0.758227
-96.715758 353.036514 -0.760522
-97.071241 351.833011 -0.760584
-97.420605 350.626797 -0.760277
-97.764151 349.417106 -0.759894
-98.101258 348.203656 -0.759507
-98.432501 346.988849 -0.760757
-98.758422 345.773764 -0.764423
-99.079750 344.558644 -0.767579
-99.396535 343.342851 -0.767000
-99.709479 342.126276 -0.761189
-100.018835 340.908725 -0.750665
-100.323924 339.690310 -0.741718
-100.624809 338.471608 -0.738586
-100.921006 337.251395 -0.738079
-101.212811 336.029879 -0.737208
-101.500490 334.807600 -0.735569
-101.784117 333.584400 -0.732793
-102.063513 332.359596 -0.727706
-102.337611 331.131592 -0.719135
-102.606253 329.900460 -0.707991
-102.869754 328.667742 -0.697795
-103.127618 327.434129 -0.692052
-103.379222 326.200006 -0.690776
-103.624051 324.965766 -0.691384
-103.861855 323.731736 -0.691420
-104.092857 322.498062 -0.688497
-104.318029 321.265262 -0.680633
-104.537991 320.033863 -0.669134
-104.753019 318.804633 -0.658073
-104.963323 317.578345 -0.649903
-105.169242 316.355127 -0.643569
-105.370583 315.134060 -0.636506
-105.567626 313.914519 -0.627691
-105.760790 312.696471 -0.617170
-105.949899 311.480234 -0.608136
-106.133996 310.266096 -0.604207
-106.312527 309.052741 -0.602786
-106.485839 307.839103 -0.598729
-106.654089 306.625476 -0.590633
-106.817453 305.412022 -0.580410
-106.975715 304.198343 -0.570616
-107.127974 302.983837 -0.563565
-107.273790 301.768267 -0.559789
-107.413296 300.551629 -0.557892
-107.546808 299.334480 -0.556128
-107.675115 298.118015 -0.552162
-107.798826 296.902864 -0.544078
-107.917759 295.688841 -0.533010
-108.030713 294.474889 -0.522573
-108.135892 293.260670 -0.516120
-108.232194 292.046670 -0.513752
-108.320370 290.832627 -0.513423
-108.401228 289.618408 -0.513091
-108.474505 288.404528 -0.511529
-108.540143 287.191408 -0.509251
-108.598262 285.978697 -0.506761
-108.649431 284.766252 -0.503162
-108.694939 283.554889 -0.497697
-108.735446 282.345618 -0.492205
-108.770945 281.138763 -0.488736
-108.801052 279.933568 -0.487414
-108.825519 278.729334 -0.487477
-108.844123 277.525722 -0.487198
-108.856552 276.322238 -0.487177
-108.863116 275.118767 -0.489941
-108.864633 273.914605 -0.493908
-108.861810 272.708321 -0.495357
-108.854778 271.499637 -0.494316
-108.843365 270.289239 -0.495251
-108.829586 269.077460 -0.499229
-108.814072 267.863336 -0.501454
-108.797121 266.647528 -0.501335
-108.779009 265.430447 -0.499999
-108.758568 264.211798 -0.493680
-108.734709 262.992946 -0.482128
-108.706263 261.773213 -0.470217
-108.673733 260.549870 -0.460278
-108.638196 259.321134 -0.451859
-108.599315 258.087540 -0.442006
-108.555432 256.851841 -0.429009
-108.505585 255.616862 -0.415811
-108.448235 254.383201 -0.404809
-108.383296 253.151047 -0.396102
-108.311161 251.920397 -0.387071
-108.232115 250.691618 -0.375367
-108.147531 249.466142 -0.363098
-108.056992 248.243663 -0.352679
-107.960547 247.023439 -0.343363
-107.857351 245.804160 -0.334438
-107.745912 244.585234 -0.327270
-107.627086 243.367953 -0.323700
-107.501793 242.153691 -0.320499
-107.370183 240.943942 -0.316230
-107.231785 239.738755 -0.314294
-107.085495 238.535779 -0.311923
-106.931524 237.333608 -0.303448
-106.771458 236.134091 -0.290288
-106.605432 234.938921 -0.278716
-106.432889 233.748542 -0.270499
-106.254069 232.561359 -0.264748
-106.068292 231.373974 -0.259119
-105.875178 230.184901 -0.251630
-105.676217 228.995232 -0.244786
-105.472717 227.806570 -0.242113
-105.264556 226.619072 -0.243240
-105.050233 225.430131 -0.245339
-104.829021 224.237842 -0.245665
-104.600767 223.042382 -0.245312
-104.365912 221.845156 -0.247506
-104.126476 220.648583 -0.251440
-103.883046 219.452689 -0.254726
-103.635955 218.256306 -0.255420
-103.385573 217.057941 -0.252563
-103.131338 215.857012 -0.248124
-102.873457 214.654153 -0.245237
-102.611842 213.449857 -0.243431
-102.347351 212.245032 -0.241757
-102.080595 211.039977 -0.242226
-101.809184 209.832305 -0.243334
-101.531941 208.620809 -0.241355
-101.248757 207.406335 -0.235192
-100.961239 206.190004 -0.227256
-100.672299 204.973515 -0.220605
-100.381954 203.756667 -0.214013
-100.088606 202.538194 -0.205797
-99.790795 201.317762 -0.198242
-99.488548 200.095076 -0.193237
-99.182522 198.869265 -0.188870
-98.872922 197.640035 -0.183344
-98.559019 196.407373 -0.178923
-98.239152 195.170981 -0.177167
-97.914319 193.931263 -0.174883
-97.586246 192.688292 -0.168807
-97.254895 191.441427 -0.159016
-96.919844 190.190848 -0.148833
-96.579274 188.936344 -0.142989
-96.232902 187.677929 -0.142148
-95.883069 186.416486 -0.141469
-95.531113 185.152659 -0.137609
-95.178190 183.887422 -0.130292
-94.824936 182.621443 -0.121464
-94.470704 181.354443 -0.112890
-94.115146 180.086543 -0.104385
-93.757456 178.817486 -0.096955
-93.396490 177.546446 -0.090379
-93.032816 176.274446 -0.083421
-92.667417 175.002839 -0.076950
-92.300448 173.731298 -0.068105
-91.931544 172.458767 -0.056745
-91.560197 171.185347 -0.048483
-91.186492 169.911761 -0.045902
-90.811769 168.639620 -0.046232
-90.438959 167.371378 -0.045355
-90.069920 166.108397 -0.040697
-89.704375 164.850424 -0.031966
-89.339337 163.594687 -0.021169
-88.971389 162.339898 -0.012249
-88.600722 161.086896 -0.005876
-88.228842 159.835865 0.000916
-87.855416 158.585765 0.007051
-87.480089 157.336433 0.009881
-87.103385 156.088465 0.012067
-86.726198 154.842624 0.017264
-86.349326 153.599849 0.024744
-85.971700 152.359415 0.034196
-85.593447 151.120294 0.047339
-85.215388 149.881311 0.064851
-84.836824 148.641339 0.084423
-84.457160 147.400722 0.102288
-84.074512 146.158628 0.115259
-83.687600 144.912956 0.125180
-83.297224 143.663284 0.136079
-82.903949 142.410065 0.147773
-82.507669 141.153513 0.157678
-82.109307 139.894806 0.163936
-81.709799 138.634883 0.165993
-81.309589 137.373271 0.167006
-80.909294 136.109924 0.169946
-80.509369 134.844937 0.175706
-80.109165 133.577686 0.183587
-79.708187 132.308431 0.190727
-79.305347 131.037116 0.195407
-78.900037 129.763634 0.198146
-78.493621 128.489021 0.201720
-78.086552 127.214169 0.209491
-77.678412 125.939223 0.221803
-77.268766 124.664239 0.235425
-76.856571 123.389070 0.247094
-76.441228 122.113036 0.255435
-76.023312 120.836134 0.261099
-75.602847 119.558839 0.262889
-75.180107 118.281110 0.260179
-74.756544 117.002782 0.257116
-74.332216 115.723349 0.256620
-73.906823 114.442414 0.258780
-73.481056 113.160058 0.263065
-73.054821 111.876071 0.268361
-72.627675 110.590208 0.273864
-72.199485 109.303349 0.277227
-71.770523 108.016085 0.277403
-71.341344 106.727862 0.277223
-70.912421 105.439037 0.279458
-70.483511 104.149876 0.283753
-70.054106 102.858614 0.288370
-69.623865 101.563369 0.295205
-69.191900 100.264132 0.301581
-68.758349 98.963038 0.300962
-68.324689 97.662519 0.294101
-67.891355 96.362496 0.285390
-67.458264 95.061060 0.279823
-67.025382 93.756974 0.278739
-66.592783 92.450883 0.278041
-66.160519 91.144038 0.273885
-65.727507 89.837162 0.264853
-65.293538 88.529687 0.253252
-64.859353 87.220277 0.245018
-64.425523 85.908020 0.244737
-63.993407 84.595071 0.249585
-63.562889 83.283474 0.252820
-63.133867 81.974555 0.251050
-62.706888 80.668338 0.247317
-62.281146 79.363111 0.247588
-61.855759 78.058129 0.250919
-61.431165 76.753738 0.255053
-61.008760 75.451141 0.260027
-60.588868 74.151219 0.262041
-60.170527 72.854848 0.257519
-59.753489 71.561367 0.248527
-59.338360 70.269509 0.241854
-58.925723 68.979404 0.240301
-58.515750 67.692586 0.240465
-58.107900 66.410010 0.240290
-57.700471 65.130746 0.239129
-57.292645 63.855045 0.235743
-56.884787 62.583827 0.231309
-56.477067 61.317052 0.227364
-56.070156 60.055883 0.224001
-55.664391 58.801031 0.221208
-55.260382 57.553208 0.217989
-54.858666 56.313622 0.212604
-54.458719 55.081683 0.204489
-54.059988 53.856762 0.194915
-53.663264 52.639659 0.184992
-53.269691 51.431614 0.174683
-52.879879 50.233369 0.163144
-52.494128 49.045449 0.150405
-52.112475 47.867947 0.137563
-51.735125 46.699981 0.125600
-51.362683 45.541890 0.115070
-50.995779 44.394164 0.106164
-50.633977 43.256272 0.095827
-50.277575 42.129731 0.080641
-49.924476 41.012309 0.062827
-49.575175 39.905174 0.043417
-49.234140 38.812469 0.026468
-48.901640 37.732480 0.016332
-48.575133 36.664245 0.007057
-48.252429 35.607863 -0.005900
-47.933083 34.564010 -0.020642
-47.617091 33.533666 -0.035579
-47.303400 32.517413 -0.051931
-46.990165 31.515766 -0.070801
-46.676463 30.529476 -0.091110
-46.361840 29.559454 -0.111273
-46.046066 28.606773 -0.130300
-45.727919 27.671654 -0.149000
-45.406490 26.753349 -0.169946
-45.084442 25.850395 -0.194996
-44.765626 24.961431 -0.222219
-44.452109 24.086565 -0.247978
-44.143197 23.228321 -0.270792
-43.836183 22.388572 -0.291583
-43.528089 21.567927 -0.312357
-43.217488 20.767052 -0.333609
-42.903493 19.985921 -0.354383
-42.584371 19.224820 -0.375553
-42.259928 18.483900 -0.397732
-41.930674 17.763073 -0.418531
-41.596448 17.062662 -0.437344
-41.256047 16.382692 -0.456509
-40.909370 15.723195 -0.477922
-40.557819 15.083492 -0.501615
-40.202055 14.461782 -0.526095
-39.842856 13.855866 -0.549350
-39.481141 13.263395 -0.570287
-39.117408 12.682437 -0.588397
-38.751225 12.111227 -0.603916
-38.380919 11.547688 -0.618494
-38.006103 10.989498 -0.633210
-37.628820 10.435096 -0.647579
-37.249845 9.882383 -0.659499
-36.867104 9.329423 -0.667955
-36.478118 8.776250 -0.674338
-36.081497 8.222480 -0.678682
-35.676592 7.667498 -0.679617
-35.260887 7.110957 -0.675833
-34.831488 6.551819 -0.666290
-34.390030 5.991690 -0.653778
-33.938560 5.432872 -0.640209
-33.474509 4.874162 -0.622391
-32.994659 4.314545 -0.599449
-32.498227 3.756218 -0.574001
-31.984331 3.200786 -0.546897
-31.451583 2.648543 -0.516869
-30.900101 2.100811 -0.485392
-30.331192 1.559476 -0.450905
-29.744689 1.025679 -0.410518
-29.139412 0.500782 -0.364885
-28.515166 -0.013664 -0.313413
-27.874143 -0.516375 -0.258279
-27.217854 -1.005868 -0.203960
-26.546171 -1.481718 -0.152101
-25.861620 -1.943767 -0.101326
-25.170282 -2.392126 -0.049747
-24.479059 -2.826821 0.005085
-23.792282 -3.247630 0.064218
-23.112367 -3.654269 0.125722
-22.440832 -4.046356 0.187163
-21.779130 -4.423633 0.247301
-21.128860 -4.785749 0.305432
-20.490824 -5.132304 0.361264
-19.864997 -5.462683 0.414577
-19.252049 -5.776035 0.464962
-18.653386 -6.071396 0.512846
-18.070648 -6.347724 0.558374
-17.505339 -6.603713 0.600895
-16.956203 -6.838071 0.640183
-16.420750 -7.049648 0.676156
-15.899222 -7.237502 0.708538
-15.393278 -7.400834 0.737718
-14.902612 -7.539068 0.764580
-14.426454 -7.652176 0.789689
-13.964383 -7.739768 0.811914
-13.514664 -7.801017 0.829885
-13.076040 -7.834984 0.843783
-12.649588 -7.840613 0.854120
-12.237035 -7.816706 0.860799
-11.838479 -7.761853 0.863347
-11.451807 -7.674929 0.860733
-11.075231 -7.554625 0.853181
-10.708690 -7.399977 0.841104
-10.352395 -7.210875 0.824110
-10.007128 -6.990109 0.803068
-9.672734 -6.746152 0.779300
-9.349073 -6.485709 0.754511
-9.035509 -6.210775 0.729360
-8.729775 -5.922042 0.703505
-8.430841 -5.618045 0.676175
-8.138854 -5.297409 0.646605
-7.854906 -4.960407 0.615351
-7.579698 -4.607939 0.583217
-7.312259 -4.240938 0.550358
-7.051165 -3.859858 0.516918
-6.795518 -3.465265 0.482628
-6.546173 -3.061957 0.446373
-6.303493 -2.657359 0.408341
-6.065195 -2.254496 0.372330
-5.828718 -1.853320 0.339478
-5.591400 -1.452274 0.310039
-5.354165 -1.050192 0.286982
-5.120090 -0.647194 0.268537
-4.888707 -0.242281 0.248526
-4.656866 0.166567 0.224828
-4.422153 0.580942 0.199909
-4.184066 1.000452 0.175410
-3.943617 1.424491 0.152598
-3.701243 1.851774 0.129003
-3.454307 2.281329 0.103537
-3.199414 2.714103 0.080668
-2.933662 3.151024 0.062254
-2.655006 3.592545 0.045374
-2.364804 4.037673 0.030381
-2.065299 4.485742 0.020508
-1.755075 4.938701 0.014362
-1.431130 5.399516 0.008654
-1.090719 5.871415 0.001608
-0.731515 6.357125 -0.007186
-0.353023 6.857863 -0.015926
0.042738 7.372781 -0.022348
0.453192 7.901129 -0.023824
0.877548 8.443684 -0.020033
1.315296 9.001220 -0.014282
1.765401 9.573544 -0.007329
2.227504 10.160304 0.001321
2.700401 10.760894 0.011893
3.182757 11.375205 0.024849
3.673979 12.003172 0.038067
4.171640 12.640583 0.049367
4.671867 13.281265 0.060589
5.173555 13.923949 0.075261
5.678348 14.571689 0.094064
6.185819 15.225224 0.112386
6.694876 15.883533 0.128662
7.205537 16.546960 0.145112
7.716765 17.216659 0.165312
8.225800 17.891814 0.190366
8.732256 18.573748 0.215458
9.237570 19.264728 0.238633
9.741605 19.962956 0.261147
10.245759 20.668221 0.283048
10.751967 21.383249 0.306607
11.260586 22.108512 0.332565
11.771904 22.842689 0.357518
12.286183 23.586405 0.379915
12.802524 24.340381 0.398162
13.319489 25.103721 0.411102
13.836297 25.876957 0.423062
14.352339 26.659867 0.439489
14.867406 27.452621 0.460407
15.379530 28.255782 0.481529
15.886624 29.068140 0.495258
16.391499 29.892946 0.500363
16.896737 30.730748 0.504196
17.401459 31.579601 0.512978
17.904496 32.439542 0.527228
18.404662 33.309144 0.541522
18.901917 34.187026 0.553072
19.397929 35.073566 0.565153
19.893047 35.970775 0.576279
20.385760 36.877482 0.585094
20.876184 37.792883 0.590353
21.364806 38.716993 0.594374
21.851362 39.647254 0.602823
22.336865 40.584890 0.614109
22.821590 41.532081 0.624307
23.305790 42.487089 0.630796
23.788880 43.448919 0.638578
24.272679 44.419068 0.652954
24.758518 45.397817 0.669968
25.245725 46.385541 0.683895
25.734713 47.383099 0.693926
26.226427 48.389340 0.702441
26.720907 49.402706 0.712979
27.218554 50.425124 0.721557
27.719450 51.458544 0.721498
28.222062 52.501643 0.714929
28.729217 53.553966 0.709950
29.242187 54.616672 0.713718
29.758215 55.689491 0.725229
30.276657 56.771449 0.739755
30.797301 57.862799 0.754967
31.319577 58.964189 0.768107
31.844506 60.076670 0.778648
32.372810 61.200667 0.788227
32.902654 62.337420 0.794993
33.432319 63.487199 0.795414
33.962667 64.648865 0.792632
34.494591 65.822871 0.798785
35.026857 67.008201 0.814519
35.558281 68.204211 0.829164
36.091994 69.412563 0.842908
36.628492 70.633046 0.862016
37.165514 71.866497 0.880841
37.702124 73.113940 0.891641
38.238287 74.373687 0.895518
38.774749 75.646369 0.893835
39.310756 76.932883 0.887253
39.846161 78.232352 0.876369
40.381670 79.543643 0.867738
40.917497 80.865493 0.866927
41.455363 82.197679 0.867911
41.995308 83.539120 0.865124
42.535341 84.888066 0.857841
43.076754 86.245359 0.845400
43.621945 87.612256 0.830209
44.171298 88.989164 0.815961
44.724936 90.376042 0.804802
45.283908 91.772415 0.797244
45.848274 93.178388 0.792457
