-0.00001579 0.00001741 0.00000100
0.41511820 0.26364290 0.02080266
0.88675460 0.54210817 0.02866197
1.35045023 0.87292781 0.03334637
1.82893284 1.22725536 0.03831797
2.29004342 1.60366898 0.04520081
2.78424737 2.04058531 0.04534861
3.27104456 2.48953249 0.04584155
3.76327316 2.97810467 0.04167531
4.30672280 3.52684884 0.03659345
4.82159991 4.07630030 0.02903511
5.30185421 4.64346061 0.01760549
5.77992539 5.25176575 0.00295864
6.28339774 5.88060318 -0.00254996
6.76279692 6.53151846 -0.01588023
7.24506345 7.21266067 -0.01690246
7.71540132 7.90343099 -0.02889610
8.20713049 8.65910873 -0.03918391
8.68205667 9.40308028 -0.04294976
9.16300452 10.18646837 -0.04727574
9.64566234 11.00437051 -0.04691036
10.10973079 11.80823640 -0.04342994
10.56319645 12.63606381 -0.04185856
10.99460236 13.47534690 -0.04181210
11.43172820 14.33870767 -0.03912384
11.86866053 15.20141866 -0.03393728
12.29695195 16.08729430 -0.02668618
12.72359966 16.98503274 -0.01355570
13.15689699 17.91815413 -0.00949601
13.57638620 18.84600476 -0.01223241
13.98605661 19.76596555 -0.01360706
14.37897611 20.69612808 -0.01899130
14.79202621 21.61167306 -0.01949823
15.21144463 22.54415169 -0.01664786
15.62292425 23.46465177 -0.00290559
16.02757024 24.41104911 0.00451352
16.43758432 25.33071018 0.01147012
16.83948962 26.27342683 0.01438570
17.23121986 27.20808292 0.01956361
17.63863978 28.18565478 0.02765455
18.03155366 29.12052781 0.04639145
18.43794638 30.10251373 0.05195624
18.83718950 31.06869523 0.05875875
19.25082866 32.05820446 0.07599875
19.64538479 33.04575564 0.09694300
20.06029562 34.04486583 0.08992683
20.47802284 35.07000079 0.08575414
20.87876405 36.04467234 0.08587063
21.26671711 37.05759762 0.07457547
21.64756041 38.03911133 0.07738833
22.02635890 38.97986789 0.08891091
22.40656186 39.96969525 0.10702803
22.79028876 40.93733504 0.12024510
23.16880563 41.87145590 0.12359159
23.55068507 42.81476223 0.13299755
23.92583040 43.75635257 0.14137124
24.31635650 44.69065405 0.15985993
24.69332466 45.59815818 0.16944376
25.07933689 46.50789703 0.18002240
25.47220165 47.43982514 0.19223481
25.85007550 48.34640551 0.20669129
26.25194536 49.26176098 0.21725532
26.64424876 50.16536875 0.23146901
27.03189321 51.09829079 0.22640222
27.41649668 52.00579979 0.22594156
27.80847774 52.91246434 0.21274708
28.18563584 53.79427650 0.20931454
28.55684751 54.65554150 0.20306076
28.93000307 55.50741116 0.21707845
29.28848184 56.31638096 0.22468101
29.64355253 57.13304301 0.22926089
30.00676339 57.93072555 0.23228152
30.34121437 58.71129583 0.23566732
30.67861010 59.47019681 0.24267558
31.01947785 60.22455962 0.24967880
31.35460516 60.97361516 0.25650135
31.68035889 61.73525267 0.25812613
32.01146418 62.48360188 0.26385913
32.31767001 63.18661792 0.26071790
32.62221857 63.87607727 0.24935808
32.92473092 64.53813361 0.24772400
33.22150771 65.21640658 0.24891749
33.50614014 65.86387310 0.25312575
33.78832923 66.48027283 0.27233560
34.06368956 67.08422335 0.27489215
34.33548823 67.65159512 0.28323388
34.58877295 68.21488165 0.29410765
34.83526981 68.74745599 0.30076147
35.07373384 69.28240326 0.30702892
35.31477165 69.80276270 0.31390781
35.55596670 70.29617356 0.33008018
35.79870815 70.78500776 0.34855255
36.02972480 71.25659258 0.36148562
36.24949585 71.70181647 0.36454956
36.48344235 72.13600098 0.35288871
36.72712938 72.56857775 0.34994304
36.97466484 72.98243067 0.35456313
37.21707217 73.38529460 0.36674277
37.47373309 73.77961094 0.37075697
37.72291827 74.15215803 0.37107314
37.99112953 74.48724005 0.36821549
38.27076793 74.83233030 0.36837351
38.58238468 75.16502792 0.36334563
38.87781488 75.47146459 0.36161730
39.18935223 75.76521914 0.36068787
39.51505965 76.02467892 0.35718980
39.84948736 76.28103256 0.33887894
40.20814931 76.50895513 0.33229559
40.57311640 76.69508517 0.33217378
40.95286611 76.87450969 0.32982937
41.32876604 77.03045321 0.32682859
41.71408854 77.14430479 0.32229288
42.10676783 77.23191892 0.31704397
42.50344698 77.29253517 0.31160130
42.89141812 77.34868682 0.30613265
43.27888135 77.38640841 0.30110803
43.66916168 77.38923676 0.29218894
44.06777660 77.37122491 0.27770854
44.46320081 77.31123893 0.27862192
44.83868218 77.23557020 0.28041169
45.23533098 77.18309018 0.28287592
45.61813061 77.11814206 0.27711212
46.01740035 77.03532594 0.26596291
46.40541215 76.91088435 0.25224585
46.81122286 76.78245112 0.24592389
47.20379060 76.62482742 0.22733896
47.62670817 76.48400967 0.20850052
48.04574719 76.31591192 0.20616416
48.49553926 76.13538983 0.20918492
48.94058171 75.94788820 0.21825150
49.40894337 75.74429340 0.21346713
49.89231140 75.52005727 0.20882057
50.35282184 75.28864593 0.20788946
50.82487380 75.05171225 0.19877489
51.32816348 74.79186215 0.19144459
51.83448359 74.55568882 0.18257893
52.34493846 74.28664878 0.17626663
52.90089598 73.99400398 0.16997162
53.43092662 73.70145059 0.16683873
53.98775981 73.40671182 0.16443433
54.54770378 73.09219111 0.16464486
55.11634833 72.77406825 0.16254396
55.71210301 72.43925648 0.16944705
56.33090772 72.07688056 0.17060519
56.97236546 71.72761177 0.17066262
57.61928055 71.37077178 0.17275966
58.28639593 71.00428390 0.17288097
58.96967831 70.63708525 0.16896133
59.67937623 70.26176360 0.16954031
60.42572024 69.89096663 0.16917130
61.13573533 69.52825335 0.16221554
61.85866936 69.15508838 0.16151734
62.58295290 68.78687838 0.15561287
63.30374170 68.41149201 0.15125708
64.02982162 68.05519188 0.15376988
64.75745749 67.69443465 0.16381057
65.48254683 67.32205791 0.18064912
66.21875953 66.94834366 0.19572296
66.92127254 66.58839312 0.20907734
67.64861806 66.22139267 0.22150359
68.36943904 65.84963899 0.22785312
69.07252719 65.48613949 0.23754399
69.78007364 65.12623106 0.24597255
70.47755362 64.75488616 0.25587674
71.19167715 64.37580205 0.26609636
71.89019986 64.00646657 0.27475905
72.58369242 63.60596081 0.27752151
73.26707778 63.20925540 0.27876364
73.93528680 62.82008093 0.27718664
74.61220700 62.41453119 0.28159677
75.29436482 62.00400053 0.27933160
75.95443554 61.60383983 0.27761814
76.61279192 61.18691249 0.27159308
77.25214610 60.75249821 0.27349029
77.89415122 60.32908121 0.26571441
78.50765948 59.90173842 0.26119473
79.13750280 59.46297652 0.26481655
79.77649264 59.01368327 0.26002616
80.39469229 58.57278480 0.26386624
80.99726308 58.12694292 0.26866147
81.58970789 57.69889490 0.27251045
82.15527414 57.27632896 0.28117069
82.71040608 56.85416178 0.27758871
83.25818946 56.44074769 0.28135942
83.78400914 56.04727106 0.27848475
84.30983414 55.64006062 0.28123012
84.82736135 55.24287220 0.28441400
85.33685750 54.85234701 0.28541066
85.83548817 54.48343327 0.29090827
86.29315599 54.13932466 0.28940379
86.75358996 53.81138376 0.29291799
87.19632136 53.49564743 0.29169098
87.63838707 53.19729643 0.30547912
88.09130572 52.89952199 0.31151300
88.54242252 52.61886450 0.31381554
88.98901556 52.35554285 0.31653727
89.43886376 52.10355380 0.31844255
89.89709641 51.88347758 0.33328071
90.36728938 51.67107626 0.34382987
90.82632602 51.48838840 0.35047890
91.29022842 51.31696198 0.35846208
91.74953034 51.18428182 0.35568879
92.20670473 51.07500193 0.36702672
92.66272162 50.99092024 0.37226361
93.12144854 50.94805683 0.37129568
93.57327837 50.93710402 0.37221968
94.00826442 50.96404618 0.37239372
94.47417512 51.00700139 0.39257884
94.88740141 51.07495267 0.39898881
95.30290037 51.18253373 0.41939610
95.70909111 51.31793146 0.43853503
96.11660388 51.49172984 0.45100959
96.52103060 51.68501820 0.46076804
96.91655053 51.90993668 0.47169981
97.30007340 52.17038102 0.47969788
97.67518766 52.45018997 0.48656931
98.03976815 52.75631124 0.48035230
98.39688527 53.06356805 0.46380623
98.75806926 53.39593707 0.46115783
99.10781540 53.72606180 0.45982492
99.46054948 54.07331597 0.46210577
99.81311851 54.44908484 0.45147901
100.17246677 54.84699745 0.44966001
100.53339907 55.23285789 0.43617300
100.90893305 55.64592170 0.43997678
101.28688316 56.05728063 0.43000775
101.69614245 56.48024185 0.42273424
102.10923887 56.90728883 0.41807941
102.51871443 57.34741217 0.42096820
102.94474550 57.79752970 0.42001793
103.39586783 58.25738822 0.43157982
103.85565879 58.72536600 0.43821845
104.33041657 59.18894672 0.44434070
104.80448022 59.65213203 0.44282879
105.28448645 60.11433592 0.44385573
105.76010581 60.57932667 0.44520447
106.24761372 61.05559272 0.43754737
106.75342980 61.54520366 0.43034397
107.25599772 62.03524654 0.42376395
107.77340955 62.53674916 0.43437036
108.28966455 63.05403923 0.44534357
108.80305284 63.57235495 0.44612529
109.32338654 64.11744358 0.43980311
109.85380127 64.66245132 0.42241738
110.39926541 65.22307323 0.40840539
110.95550696 65.79882403 0.40990980
111.50503055 66.37744106 0.40898539
112.06787377 66.97517815 0.41315369
112.63461352 67.57396701 0.40144000
113.20947145 68.19525255 0.39427195
113.77244260 68.81319026 0.39179894
114.34923653 69.43522960 0.38337382
114.91185981 70.05112496 0.37739226
115.48161230 70.66016727 0.37830471
116.06515915 71.31179512 0.36909125
116.65663908 71.96385180 0.36552537
117.25166906 72.57977376 0.36779553
117.83743977 73.19707082 0.35696218
118.43262798 73.80072497 0.36008262
119.03101731 74.40688058 0.36490349
119.62640821 75.01898005 0.37319459
120.21051322 75.62519987 0.38351354
120.80680391 76.23589772 0.39167389
121.39911486 76.84614734 0.39364752
121.99890393 77.44902600 0.38344223
122.59292031 78.03782713 0.36913201
123.20313437 78.63164640 0.37269074
123.80110331 79.24103898 0.38688935
124.40248712 79.84294609 0.41230414
125.00226824 80.44991608 0.43540794
125.58256527 81.04364221 0.42184502
126.16017439 81.64324288 0.40124079
126.73977548 82.23091061 0.37347773
127.32715249 82.81915018 0.37838876
127.90425595 83.41556649 0.39280952
128.47785367 84.00490999 0.39597992
129.04840184 84.59797052 0.40065443
129.59519594 85.18566039 0.41258729
130.13859984 85.76471747 0.41037305
130.69330238 86.35953250 0.41389658
131.25344176 86.95078040 0.42052213
131.80568436 87.53215611 0.42141644
132.34974099 88.11487063 0.42065748
132.90353311 88.69881849 0.41518618
133.44237999 89.28966475 0.41843913
133.98638017 89.89710738 0.41926480
134.53379456 90.50688698 0.42620968
135.07535139 91.12225856 0.43397466
135.60972009 91.74986604 0.42240125
136.15227783 92.38975392 0.39643030
136.70256056 93.01809913 0.37083965
137.23827931 93.64045603 0.34870817
137.77259420 94.26261132 0.32368813
138.27675867 94.88894113 0.32650669
138.77401382 95.52401799 0.32214894
139.25719628 96.14252549 0.31660169
139.75899498 96.78585085 0.31634287
140.26328967 97.43554933 0.32713554
140.75605964 98.08374008 0.34000260
141.23638310 98.76096806 0.34852049
141.72257026 99.42641156 0.34174528
142.20576132 100.09258804 0.34411426
142.67702513 100.76241147 0.34017997
143.15340056 101.46288656 0.33559962
143.62115897 102.14814810 0.32299983
144.08294601 102.82740346 0.30785038
144.54382982 103.50664314 0.31087617
145.01250818 104.21473620 0.31277200
145.48253072 104.93178797 0.31764089
145.93730261 105.61865100 0.29952955
146.40147304 106.30262223 0.28379508
146.86183595 106.98549016 0.27064559
147.29911650 107.67736202 0.26012734
147.73946217 108.37834375 0.25882250
148.18909700 109.08482118 0.26103040
148.62964197 109.78274974 0.24897054
149.05280045 110.46897098 0.24608684
149.47821181 111.17557250 0.23183166
149.90112931 111.88282983 0.20350383
150.33536332 112.60575511 0.19577697
150.75614488 113.34791338 0.20470083
151.16368148 114.10761013 0.20942807
151.56021883 114.83229190 0.21292053
151.95132404 115.57847309 0.20191290
152.34319957 116.31306619 0.19045556
152.71518653 117.04268578 0.17179701
153.10009125 117.79117664 0.15432297
153.50687182 118.53478251 0.15139269
153.89670821 119.29464169 0.16142370
154.28361525 120.04813092 0.15652927
154.67298633 120.80766650 0.13753928
155.06455094 121.56304408 0.11514858
155.45447473 122.29638000 0.09360180
155.84607552 123.02854916 0.08381966
156.23698774 123.78091152 0.09087152
156.61227042 124.52160748 0.10307691
156.99559140 125.25465380 0.10539052
157.38432002 125.99514251 0.10183761
157.74547630 126.69160922 0.09338268
158.10767369 127.41253731 0.08269081
158.45864570 128.13104689 0.08481772
158.81807408 128.85605556 0.08913749
159.19124562 129.58308008 0.09025317
159.53257106 130.28115075 0.08513754
159.90998776 131.00315643 0.07025996
160.26020799 131.71357044 0.06111727
160.61107035 132.44065111 0.05182839
160.97895002 133.18364059 0.03816823
161.34598306 133.92161921 0.04204778
161.69576876 134.61521810 0.02465347
162.03827345 135.28210612 0.00504740
162.35881489 135.90980723 -0.01444542
162.68230235 136.56057480 -0.02008193
162.99476260 137.19434539 -0.02923798
163.30080655 137.81121805 -0.03104334
163.60442483 138.40921493 -0.03851738
163.89801092 138.99817515 -0.03306213
164.19254978 139.59563065 -0.03280155
164.48372148 140.18149858 -0.02406252
164.79010006 140.75312581 -0.03389292
165.09039544 141.33976765 -0.03504106
165.39209073 141.90421553 -0.04295164
165.68439013 142.45557775 -0.04766938
165.98929033 142.99627697 -0.04310515
166.30371529 143.55916015 -0.02970469
166.62936989 144.12597246 -0.01435298
166.94990304 144.66600590 0.00329428
167.26561118 145.20164357 0.01090933
167.59382357 145.76713560 0.01163628
167.91790273 146.31248328 0.01475901
168.23787320 146.87343227 0.01875225
168.56077567 147.42334598 0.03240520
168.87237515 147.95731345 0.03401504
169.19086720 148.51417457 0.02618734
169.51273582 149.06076240 0.01881448
169.82174156 149.60257770 0.01938431
170.14187508 150.13199057 0.03402743
170.45124734 150.70429490 0.04055404
170.78663919 151.28490759 0.05306532
171.11616142 151.84741884 0.06546464
171.43491668 152.40734231 0.07191599
171.74336187 152.98383351 0.06425749
172.05241541 153.56153486 0.04314178
172.38152955 154.14004477 0.02883411
172.71934589 154.74440242 0.02645617
173.04503897 155.34941169 0.03590040
173.37222565 155.94800350 0.04137356
173.67979329 156.53230593 0.03439097
174.00067952 157.13116556 0.01852707
174.34188669 157.74243216 0.01204803
174.67096399 158.34587006 0.00839998
174.99282267 158.94253640 0.00580821
175.32553570 159.54409033 0.00543269
175.64284609 160.12683723 0.00277628
175.94470342 160.68753272 -0.01238147
176.26345026 161.27348580 -0.01449285
176.55981217 161.83911490 -0.02301044
176.86353404 162.42053790 -0.02356972
177.16050249 162.99514978 -0.01945760
177.45709555 163.54309038 -0.01085628
177.75180316 164.09688170 -0.00134165
178.02144076 164.63050299 -0.00004370
178.28274900 165.16175511 -0.00870057
178.54891585 165.65256040 -0.00883210
178.80898925 166.14492994 -0.01243500
179.05178698 166.61895205 -0.01275324
179.27616875 167.08042557 -0.01955358
179.49646462 167.56318574 -0.02283950
179.70259887 168.01118007 -0.02474896
179.89162799 168.46558366 -0.02263826
180.07331897 168.89826188 -0.02068625
180.24940989 169.34864590 -0.01311552
180.41282312 169.80786218 -0.00911702
180.53255269 170.24493455 -0.01650317
180.63992747 170.67707535 -0.01942958
180.73495834 171.12680997 -0.02104245
180.80875501 171.56413056 -0.01749400
180.85002998 171.99892078 -0.00907374
180.86483940 172.41759317 -0.00864446
180.87243518 172.82695699 -0.00611552
180.85792023 173.24112852 -0.00331217
180.83858734 173.66861667 -0.00319998
180.77119577 174.07351705 0.00058077
180.68371375 174.48871335 0.01432450
180.56673965 174.85469350 0.01048400
180.42867474 175.20321836 0.00077278
180.27632503 175.52247410 -0.00266902
180.11963276 175.85173908 -0.00331373
179.95924922 176.16259426 -0.01390506
179.77666981 176.46787271 -0.03316550
179.55233598 176.77552585 -0.04228121
179.29829945 177.08107500 -0.05891088
179.02430322 177.39706577 -0.06933626
178.71447999 177.71454059 -0.07749546
178.38998544 177.98349797 -0.08366520
178.03470234 178.28345845 -0.08857638
177.65040590 178.58729330 -0.09754206
177.24662685 178.87111778 -0.11534090
176.81411807 179.14873943 -0.12411571
176.38152666 179.41973877 -0.13440364
175.93593763 179.66615638 -0.14604623
175.46658417 179.92314019 -0.16400475
174.96271290 180.18246395 -0.17358120
174.43205437 180.44669616 -0.18270521
173.92657455 180.69272418 -0.18784943
173.38244423 180.97068840 -0.19528066
172.81857720 181.23983101 -0.20341965
172.24655384 181.52573524 -0.21017141
171.64430362 181.81491920 -0.21909823
171.03288797 182.13907258 -0.21894981
170.40504858 182.46543942 -0.22167745
169.74587838 182.79658133 -0.22564080
169.09270606 183.11369979 -0.22530942
168.40739997 183.45574455 -0.23408228
167.69261174 183.83608248 -0.23829581
166.95522980 184.24632871 -0.25197414
166.20699738 184.64616823 -0.25263942
165.43395120 185.08752449 -0.25762603
164.67476007 185.51010748 -0.26138087
163.89112713 185.96749800 -0.27043747
163.13142490 186.37861729 -0.27422289
162.36637518 186.77994440 -0.26352343
161.58852070 187.19610584 -0.26351041
160.80232003 187.61352826 -0.27279132
160.01784028 188.02744742 -0.28111297
159.21892329 188.45370015 -0.27749886
158.40427178 188.87680583 -0.27594967
157.61439565 189.28951909 -0.27787230
156.82257518 189.72721629 -0.27819695
156.02721626 190.12905890 -0.28833124
155.23594057 190.51559599 -0.30002016
154.45127219 190.90858331 -0.31148440
153.64876589 191.30129846 -0.31703479
152.86159453 191.68612041 -0.31889332
152.06046564 192.07749728 -0.32507884
151.25963846 192.45250325 -0.32927668
150.46701940 192.83594100 -0.33042591
149.69897717 193.20631514 -0.32625322
148.92587190 193.58970256 -0.31981601
148.18861986 193.95392815 -0.31898067
147.42019914 194.33757476 -0.31196638
146.64833822 194.73944644 -0.30718804
145.88108868 195.14207630 -0.30001058
145.14176971 195.52117840 -0.29857278
144.38343155 195.89678343 -0.30932167
143.64061585 196.27712664 -0.31150728
142.88790573 196.66237577 -0.30581322
142.13012494 197.04239334 -0.30241094
141.37843268 197.41768598 -0.30856794
140.63311156 197.78768104 -0.30750719
139.90069047 198.14906272 -0.30563535
139.17565577 198.50266850 -0.31536136
138.46180511 198.84831819 -0.31521722
137.74188746 199.20343234 -0.31382017
137.01196660 199.55556895 -0.30738914
136.28929503 199.88766340 -0.30876821
135.56499861 200.23442439 -0.30628580
134.84058897 200.56096507 -0.29199049
134.12796464 200.87273713 -0.30119420
133.41696895 201.19624416 -0.30695948
132.70740357 201.50791443 -0.31643347
131.99775590 201.83632927 -0.32258287
131.29655126 202.15661910 -0.33000476
130.62653289 202.46905127 -0.33141376
129.97128880 202.77301959 -0.33729438
129.32011145 203.06405395 -0.34283457
128.69468231 203.36136123 -0.34784288
128.07954249 203.64714511 -0.34960088
127.46862016 203.93731878 -0.35496144
126.88535110 204.21233749 -0.35957771
126.29824630 204.48640675 -0.36563700
125.72943931 204.75800503 -0.37409196
125.17626731 205.02528270 -0.37884360
124.64723840 205.27781591 -0.38008184
124.13037939 205.52718615 -0.37798833
123.62173923 205.78008380 -0.37893173
123.14414308 206.01081229 -0.38159817
122.67645706 206.25595863 -0.38833246
122.22893648 206.48296903 -0.39721148
121.79619852 206.70615047 -0.39664996
121.37099488 206.92927359 -0.39675141
120.96537382 207.14047928 -0.39786246
120.58090628 207.34633016 -0.39607893
120.20305582 207.55704799 -0.40263075
119.83817033 207.75661011 -0.40664264
119.49095202 207.95648524 -0.41087847
119.17426606 208.14768904 -0.41126828
118.88771238 208.33398733 -0.41394876
118.59079408 208.52236025 -0.41268703
118.34506507 208.67116030 -0.41566969
118.10569411 208.81742832 -0.42055321
117.88592021 208.95468463 -0.42504990
117.70054273 209.07888424 -0.43078742
117.50671667 209.19857200 -0.43367889
117.33481390 209.29653749 -0.43058468
117.20841420 209.37267392 -0.43137211
117.08925803 209.43906347 -0.43012079
117.01060066 209.47128241 -0.42455472
116.96778821 209.50190250 -0.42264110
116.93361160 209.52164267 -0.41641649
116.89750299 209.54588681 -0.41531660
116.85187766 209.57529962 -0.41577202
116.82032896 209.58615085 -0.41395580
116.79068174 209.59696866 -0.40968198
116.77245557 209.60935055 -0.40723835
116.76137993 209.61131292 -0.41139345
116.75922724 209.60304178 -0.41260114
116.75940327 209.59902150 -0.40660948
116.75286634 209.60748301 -0.40547246
116.74528014 209.61640787 -0.40595433
116.73857247 209.61751776 -0.40464934
116.72889345 209.61823775 -0.40438726
116.70963589 209.62127553 -0.40174941
116.69442265 209.63326108 -0.40027000
116.67032282 209.65059319 -0.40005304
116.64691281 209.66764431 -0.39753504
116.60972401 209.67949164 -0.40137984
116.58329957 209.69871610 -0.40434175
116.55733954 209.71476851 -0.40603454
116.53364473 209.73393187 -0.40973003
116.48176201 209.77152419 -0.41091679
116.41928187 209.79255260 -0.41198848
116.33991342 209.84458058 -0.41003023
116.25532043 209.90597207 -0.39947524
116.14952992 209.97361751 -0.39641932
116.02940295 210.05863726 -0.38908354
115.90321186 210.15098185 -0.39120504
115.73753854 210.26186404 -0.38919275
115.56668641 210.38009931 -0.39359281
115.37536367 210.51348470 -0.39641709
115.18674985 210.66700766 -0.39077299
114.96978368 210.83267866 -0.39050572
114.75321329 210.99399291 -0.39330191
114.54753961 211.19552245 -0.39525353
114.33836979 211.39741925 -0.39705978
114.12321055 211.61730158 -0.40031839
113.90689650 211.83139062 -0.39861397
113.69123003 212.06944471 -0.39529989
113.47180875 212.34187529 -0.39134907
113.24860525 212.60202549 -0.39444573
113.01586186 212.89057623 -0.39991441
112.83008301 213.20190359 -0.40954719
112.66186359 213.52236536 -0.41800205
112.50224784 213.85735889 -0.42489738
112.34274590 214.22063858 -0.43601916
112.20559624 214.59991581 -0.45522025
112.09124153 215.01549896 -0.47956059
112.00479350 215.44680673 -0.49402245
111.93905545 215.90656047 -0.50808563
111.88890321 216.39937846 -0.51386565
111.88174555 216.91716576 -0.51655241
111.90563627 217.45545126 -0.52382876
111.96273229 217.95472604 -0.53133976
112.05310696 218.50569357 -0.54711611
112.16257725 219.05745929 -0.55508729
112.30888268 219.62023577 -0.56146147
112.49136901 220.19435186 -0.56352377
112.69371954 220.80448721 -0.57073571
112.93066301 221.41057294 -0.57893939
113.19130896 222.00206005 -0.58643922
113.46120064 222.58232105 -0.58875720
113.74790006 223.17968548 -0.59248085
114.05175606 223.77795582 -0.60034014
114.37451829 224.39099786 -0.60443570
114.69948304 224.99523919 -0.61045924
115.04018281 225.63565689 -0.62069089
115.39353850 226.28860155 -0.62580088
115.74833315 226.92958279 -0.63177154
116.11626149 227.59399688 -0.63255623
116.49019991 228.27220611 -0.63641481
116.86701001 228.95138938 -0.64757627
117.26113306 229.65507276 -0.65372177
117.65999035 230.35129769 -0.66343943
118.04811014 231.05300213 -0.67782733
118.45673266 231.79986032 -0.69072694
118.86843093 232.58638697 -0.70304486
119.28525388 233.34896410 -0.70576537
119.72218072 234.12471655 -0.70019926
120.15912086 234.89923308 -0.70400866
120.60972774 235.68429045 -0.71407124
121.06103533 236.47576446 -0.73960298
121.51264062 237.28888639 -0.76806693
121.96315860 238.09547724 -0.78701016
122.41995454 238.93171815 -0.79514974
122.88035032 239.80791071 -0.79752754
123.35097439 240.68511840 -0.79881193
123.83558049 241.56240667 -0.80169816
124.31436875 242.44061531 -0.80953537
124.80233847 243.31459466 -0.83049536
125.30333155 244.22155621 -0.85561025
125.81096257 245.13950929 -0.87627801
126.32778925 246.05168694 -0.89057082
126.84431681 246.97959614 -0.90435658
127.36171356 247.92436803 -0.91307462
127.87569562 248.89323418 -0.91990979
128.38640020 249.82789982 -0.93680396
128.90305111 250.75591665 -0.95394146
129.42088527 251.70193620 -0.96844948
129.92393418 252.64304254 -0.97023662
130.42802332 253.59212255 -0.96673576
130.93118483 254.53011098 -0.96444959
131.43307045 255.46627444 -0.96613140
131.92727011 256.41966587 -0.97532962
132.41704111 257.34354079 -0.99327026
132.90833571 258.32364626 -1.02176347
133.41604381 259.25904567 -1.03800911
133.91017204 260.20369317 -1.06318908
134.39521428 261.12987692 -1.08156442
134.87887792 262.04800211 -1.09443162
135.35620827 262.95714032 -1.11080029
135.83466470 263.88346540 -1.11914992
136.33150903 264.79142934 -1.12789570
136.80822246 265.69829096 -1.14766349
137.28401355 266.60999041 -1.16561094
137.76912736 267.52924597 -1.18106665
138.24679801 268.45485412 -1.20218966
138.72306138 269.35457288 -1.23174493
139.19958194 270.27454118 -1.25738350
139.67978788 271.18176586 -1.28136450
140.16664250 272.11638671 -1.29580216
140.64896763 273.04670643 -1.31899092
141.13703524 273.98803951 -1.33965432
141.62968057 274.89155364 -1.35080220
142.11804702 275.81542046 -1.36172541
142.59651536 276.73326374 -1.38010690
143.08714108 277.67218100 -1.40066519
143.58572363 278.59550125 -1.42532294
144.08201783 279.53879134 -1.44459145
144.60225672 280.49844428 -1.46502806
145.10524101 281.44332180 -1.49273131
145.61675424 282.39928401 -1.51981128
146.12563564 283.36078539 -1.54265791
146.63314633 284.30820917 -1.56847226
147.13921057 285.25470891 -1.59728682
147.65855614 286.23430818 -1.61364559
148.18297644 287.21943832 -1.62145930
148.72597736 288.20687030 -1.63893080
149.26020151 289.17473443 -1.65586572
149.78220840 290.15622703 -1.67535819
150.29644493 291.10323349 -1.69731543
150.81437203 292.05716230 -1.72079469
151.33606332 293.01237212 -1.74090710
151.85577609 293.96568148 -1.75255571
152.37529302 294.91835848 -1.76792078
152.87874608 295.85559643 -1.77216682
153.38588270 296.78503827 -1.77806338
153.90487243 297.73532952 -1.79050318
154.41125301 298.66865333 -1.79715195
154.91483206 299.59580116 -1.81087060
155.41746012 300.53197931 -1.82440489
155.91166394 301.45443229 -1.83003978
156.39733206 302.36753726 -1.83595763
156.88839989 303.28705793 -1.83351549
157.37884827 304.20135339 -1.83567702
157.84827656 305.08886084 -1.84273152
158.30468426 305.96184849 -1.84542944
158.74674418 306.83430608 -1.84022147
159.18082115 307.70049670 -1.84166375
159.60269178 308.54157340 -1.82753046
160.02481534 309.37857681 -1.80856699
160.44917429 310.21836076 -1.78430053
160.87591485 311.06015756 -1.75649807
161.29303465 311.88329588 -1.72042386
161.71079541 312.70766903 -1.69453314
162.11863994 313.50973093 -1.67866438
162.50730674 314.28220572 -1.65108608
162.88083004 315.04277681 -1.62337697
163.24299793 315.77216224 -1.59505532
163.61255964 316.49585418 -1.55462521
163.98780686 317.19901363 -1.51872556
164.34889941 317.89465572 -1.47675437
164.68972709 318.56256492 -1.43335393
165.03168480 319.21424019 -1.39119442
165.35484342 319.86345587 -1.35295681
165.67525418 320.47596549 -1.31173677
165.98332671 321.06788545 -1.26153488
166.28273411 321.64781047 -1.21601207
166.57634916 322.19915365 -1.18067026
166.85826746 322.75064490 -1.13685161
167.11452277 323.25845864 -1.08840190
167.36860801 323.76847701 -1.04161289
167.61473484 324.23612379 -1.00516860
167.85257749 324.72740403 -0.95029568
168.07151588 325.19602636 -0.90271009
168.26269519 325.61194706 -0.86411144
168.43213739 326.02656834 -0.81828343
168.60057612 326.43963096 -0.76311276
168.73771143 326.83958935 -0.71121615
168.90402334 327.27461487 -0.63485473
169.05760492 327.69858139 -0.54953918
169.19235588 328.16123387 -0.45524836
169.28636603 328.57039427 -0.37327013
169.36902246 328.98238488 -0.29828513
169.44712701 329.41823246 -0.20734204
169.48933797 329.84131316 -0.14515821
169.53360818 330.29817664 -0.07733614
169.54865837 330.75079508 -0.00323255
169.53087110 331.17395581 0.06608252
169.49053112 331.60651890 0.13238791
169.44459685 332.05651028 0.20792232
169.37665258 332.50425110 0.29104553
169.29396788 332.93898096 0.38486398
169.17971504 333.38420642 0.48911332
169.04043206 333.83888790 0.58966332
168.87714175 334.29837811 0.68744394
168.68043542 334.74268952 0.78649342
168.43692334 335.18101527 0.88693447
168.13653351 335.61917014 0.95461230
167.85949781 336.04298365 1.03093321
167.55741601 336.43868958 1.10696273
167.16826416 336.81461362 1.16599278
166.79630467 337.14995353 1.20789218
166.35721093 337.50103031 1.21786289
165.93108725 337.85978424 1.24349641
165.48270960 338.21022705 1.23383659
165.04039447 338.55508883 1.23883036
164.56621210 338.89233361 1.24209436
164.07966157 339.22773625 1.21268791
163.58793559 339.54186316 1.16498221
163.07491628 339.87981154 1.12749944
162.52111119 340.23170635 1.08252995
161.96482032 340.57368273 1.04824205
161.38355185 340.90530434 1.00604706
160.79425899 341.22978873 0.98923660
160.18270184 341.56617078 0.96788595
159.59427295 341.88654669 0.93721136
158.98399864 342.22324514 0.90529637
158.35958188 342.56550373 0.87363527
157.72276943 342.92289855 0.85374567
157.05389771 343.29382557 0.83585836
156.35656401 343.68003133 0.82717716
155.63368792 344.07715251 0.82038383
154.96920097 344.45475744 0.83472933
154.24668901 344.86155600 0.83451457
153.52143126 345.27783437 0.84877927
152.76080075 345.71067353 0.86944527
151.96430517 346.14676432 0.89674036
151.20845644 346.55790767 0.92698249
150.46783997 346.96674875 0.96474878
149.74291601 347.35841505 0.99478302
149.00656571 347.75251616 1.04210215
148.26966476 348.15452744 1.08533419
147.52585946 348.56201032 1.13971020
146.77719892 348.96336241 1.19060357
146.01021091 349.36163939 1.23910285
145.25312714 349.75677178 1.29858708
144.49521694 350.15115353 1.35641237
143.73979744 350.54726178 1.39976961
142.99875344 350.93927189 1.44256120
142.25773064 351.32532568 1.49137528
141.50004048 351.72475534 1.54827666
140.70797075 352.14361842 1.60549898
139.92955917 352.56664790 1.66655186
139.13546185 352.99021447 1.73584016
138.35029261 353.42128157 1.79121784
137.52771115 353.85114193 1.85441158
136.73731211 354.27274693 1.89096111
135.98100475 354.68457560 1.92646051
135.22953720 355.11257099 1.97595950
134.45578906 355.52983298 2.02319889
133.66719896 355.95216202 2.05396335
132.87321482 356.39616191 2.07137507
132.08329126 356.81972949 2.08191913
131.29396404 357.25248056 2.10101899
130.50321802 357.68162854 2.10573733
129.70991234 358.11503020 2.12561159
128.90753793 358.53029520 2.13643340
128.09614893 358.95233358 2.13866334
127.25804201 359.37190210 2.13907017
126.45234136 359.78005537 2.13592234
125.63820648 360.18295012 2.12589250
124.83982871 360.57878742 2.12131484
124.01683386 360.96733024 2.10359743
123.19059848 361.35505669 2.08091951
122.35612797 361.74367211 2.05022433
121.52986654 362.11641031 2.01325494
120.69671594 362.47858048 1.97731862
119.85898364 362.84130158 1.92116437
118.99619524 363.21329524 1.85596457
118.14479432 363.57864931 1.79144887
117.29972756 363.91884986 1.71134571
116.47678039 364.24945756 1.62241288
115.67509069 364.57571934 1.52515977
114.86244176 364.91833244 1.41113018
114.06174724 365.22089812 1.29636957
113.29810348 365.51627364 1.16733982
112.52245583 365.80794572 1.02072849
111.76042735 366.09488683 0.86349622
111.02000877 366.36273583 0.69823949
110.30464912 366.63121268 0.52362160
109.62101688 366.88039577 0.33895765
108.98565333 367.12461674 0.16544937
108.38775201 367.35524725 -0.00184100
107.81702836 367.59454728 -0.16471831
107.23676812 367.83751739 -0.33220192
106.70029402 368.06916478 -0.49108787
106.15123659 368.31457598 -0.65272771
105.65473466 368.54645582 -0.81644059
105.15181089 368.77387943 -0.96422487
104.64601889 369.00035550 -1.11339803
104.14115441 369.25028159 -1.25729099
103.63336408 369.49425679 -1.39759692
103.14279066 369.74974876 -1.54105526
102.66078280 370.00789934 -1.68360596
102.15644529 370.28793536 -1.82084325
101.67975335 370.55096275 -1.95157948
101.20770724 370.81293738 -2.08451925
100.72404051 371.09090272 -2.21075042
100.23025460 371.37263849 -2.33109874
99.73842671 371.66481829 -2.43558333
99.23571727 371.97128933 -2.54379471
98.74009056 372.26622697 -2.64225570
98.23446233 372.57503778 -2.74444407
97.69896712 372.90602122 -2.84751251
97.19351242 373.22079252 -2.94199434
96.65686213 373.56072904 -3.03323380
96.11562473 373.89157651 -3.11055568
95.52224728 374.24090912 -3.17273547
94.95810234 374.60114995 -3.22598812
94.36370430 374.95044469 -3.26723618
93.72100680 375.32743491 -3.29981632
93.05729970 375.70731024 -3.36348971
92.40872940 376.11566450 -3.41406996
91.71473045 376.50790248 -3.46957364
91.05269828 376.88245995 -3.48248365
90.32923293 377.27259006 -3.50330146
89.58807956 377.68547892 -3.51188992
88.85910379 378.09466155 -3.53903301
88.08901755 378.54253013 -3.56893821
87.30368744 378.98346750 -3.58538660
86.53154865 379.41184705 -3.58810888
85.75070881 379.83865031 -3.59216540
84.91156253 380.26692583 -3.61106075
84.05910489 380.71879075 -3.64264096
83.18534219 381.17403341 -3.69063788
82.33777664 381.62064202 -3.72482674
81.51515441 382.04063119 -3.75269741
80.68311242 382.47474838 -3.77033454
79.83181752 382.90492611 -3.79237303
78.97978421 383.35004351 -3.82121376
78.12997142 383.79768163 -3.85215161
77.28346907 384.23276825 -3.87741659
76.44472583 384.68169688 -3.89434886
75.57885041 385.16042048 -3.89867370
74.72550273 385.60626646 -3.90834958
73.83862606 386.07638488 -3.91798804
72.95158680 386.53624045 -3.93817847
72.06456466 387.01142826 -3.95747087
71.19504428 387.48214407 -3.97540242
70.32352269 387.94933667 -4.00264759
69.44719153 388.43895969 -4.01069904
68.55415579 388.91684812 -4.01578101
67.66346317 389.38780607 -4.01736528
66.80568466 389.84685341 -4.02715179
65.93030354 390.32337610 -4.04927379
65.06593377 390.79192140 -4.05549237
64.16047184 391.28961502 -4.07443341
63.27781563 391.76557159 -4.09366369
62.39448034 392.23333685 -4.10961771
61.52109111 392.69122298 -4.11159388
60.63964251 393.14534361 -4.11925608
59.73766881 393.59676007 -4.11565260
58.84114052 394.06834711 -4.11781610
57.93392343 394.55515928 -4.12849592
57.05066831 395.03278833 -4.12582216
56.16422033 395.50293866 -4.13145135
55.28150575 395.96006311 -4.13045611
54.43950720 396.39962509 -4.12917645
53.59731546 396.84677309 -4.11696413
52.73769842 397.29858796 -4.11451989
51.85197522 397.75849408 -4.12239741
50.98195623 398.21402602 -4.12254583
50.12435612 398.68293073 -4.11300079
49.23305613 399.16135537 -4.10010465
48.35312693 399.63029908 -4.09507096
47.50409976 400.08087172 -4.07172623
46.67063001 400.52852265 -4.04876184
45.84567480 400.95178383 -4.02354660
45.04018589 401.36946111 -3.98838791
44.24611501 401.78051940 -3.96023671
43.47889277 402.18294297 -3.91785728
42.69155920 402.60096103 -3.86114188
41.92977670 402.99992014 -3.82238905
41.20049913 403.39013187 -3.77974334
40.46454689 403.77106518 -3.73412298
39.74423507 404.12911786 -3.67977010
39.03432260 404.49883425 -3.61117721
38.32959996 404.88144601 -3.54115983
37.66969731 405.22509664 -3.46563789
37.02619463 405.54834905 -3.39239374
36.37814547 405.86589263 -3.29923376
35.76568546 406.14495252 -3.19208313
35.17696742 406.41870107 -3.08598422
34.57488064 406.70309917 -2.96414729
33.99008179 406.98571370 -2.85218376
33.41143474 407.25751955 -2.72830352
32.84401957 407.50900843 -2.58130885
32.30702022 407.73866249 -2.45632392
31.75126581 407.98037462 -2.29369174
31.20662849 408.20576689 -2.11262462
30.67825844 408.41950468 -1.92427940
30.16127414 408.59538809 -1.70866597
29.66424054 408.75021480 -1.49954046
29.16006201 408.86362737 -1.28817777
28.61787923 408.93339178 -1.08014814
28.07217250 408.95132343 -0.86160643
27.53418222 408.91858696 -0.62745143
27.03523691 408.86283385 -0.40383929
26.55605947 408.79167739 -0.18763469
26.11078872 408.67523505 0.05525517
25.68373561 408.53919094 0.28693043
25.29544941 408.33561020 0.51015669
24.92539580 408.10797035 0.70758465
24.57393960 407.86889047 0.87624748
24.23339210 407.56945524 1.04990162
23.89937201 407.24563609 1.23241846
23.57049185 406.87582547 1.35863993
23.25973426 406.48157116 1.48387735
22.95370929 406.06392070 1.60041381
22.65115417 405.61150461 1.69848892
22.35265208 405.12607204 1.76721006
22.04185305 404.62139438 1.80548259
21.73618936 404.09205368 1.81220285
21.40989961 403.54095444 1.77430856
21.08421905 402.96522020 1.71958530
20.75451287 402.38582796 1.65084820
20.45081575 401.78887266 1.59515195
20.16705347 401.16882827 1.55502035
19.88510704 400.56100172 1.51263259
19.60097418 399.94002941 1.47672524
19.30923133 399.30880234 1.42405591
19.03098133 398.67815152 1.34386682
18.74113387 398.03617988 1.26451031
18.45605403 397.39758716 1.18297317
18.16294136 396.73583855 1.09512466
17.84024118 396.03189458 0.98963333
17.53018153 395.34356015 0.89652358
17.21476947 394.67491387 0.79678102
16.90066045 393.97354100 0.69880091
16.57058036 393.25419761 0.59606117
16.22998107 392.53073045 0.48361956
15.88295206 391.80512701 0.37051116
15.53405969 391.07434912 0.26726663
15.17756321 390.34370035 0.15445645
14.80902893 389.58541443 0.04398762
14.45087725 388.86079714 -0.06685170
14.06530658 388.06731414 -0.18477034
13.69150533 387.27030287 -0.30083187
13.29357385 386.47517489 -0.42372532
12.90530358 385.68572496 -0.53229248
12.50797357 384.88945288 -0.63849712
12.09643881 384.03295428 -0.76253497
11.65191361 383.13289909 -0.86485934
11.23886493 382.30715158 -0.97859057
10.81538783 381.46861913 -1.08378510
10.37395814 380.59699824 -1.17124720
9.95054319 379.78017628 -1.24812553
9.51088093 378.94568514 -1.31807841
9.09321759 378.14866954 -1.38728399
8.66528889 377.33051078 -1.45932043
8.24452081 376.51624576 -1.51306215
7.82910774 375.70510556 -1.56056314
7.40826254 374.91208796 -1.61756923
6.98693613 374.11015950 -1.66612506
6.55889788 373.30829822 -1.71222040
6.11021437 372.49748259 -1.75656693
5.67013916 371.68546525 -1.79946797
5.23191893 370.85629249 -1.82684011
4.78205721 370.02187816 -1.84406947
4.33840222 369.16507696 -1.84254989
3.91224178 368.33238985 -1.85249791
3.47299775 367.50205604 -1.84637914
3.03800775 366.67305591 -1.83834341
2.59404129 365.82794845 -1.83193325
2.15571126 364.99973323 -1.82921035
1.71808524 364.18700148 -1.80919901
1.26825685 363.37512897 -1.77997515
0.82965379 362.56658157 -1.74550616
0.38012777 361.74066628 -1.73037505
-0.07594212 360.91208765 -1.70279565
-0.50929698 360.10446811 -1.67583555
-0.95228975 359.30512831 -1.64539810
-1.40778562 358.49166206 -1.60176649
-1.84392187 357.68288002 -1.55586033
-2.29908687 356.85607794 -1.50295892
-2.75687036 356.03482837 -1.44951876
-3.20628566 355.21378130 -1.38121262
-3.65416811 354.37831831 -1.29217047
-4.08818777 353.54220835 -1.21306632
-4.53357982 352.68539419 -1.13083106
-4.96992213 351.86073310 -1.05186502
-5.39517140 351.04514278 -0.95524564
-5.82001938 350.22495920 -0.85982801
-6.23407947 349.39082991 -0.76606737
-6.64503724 348.57062149 -0.67504846
-7.06537693 347.73731970 -0.58887174
-7.47772398 346.94014367 -0.50588683
-7.89520998 346.16232384 -0.41469326
-8.31311490 345.35447013 -0.33297024
-8.73187290 344.55021210 -0.25875741
-9.13309064 343.75350687 -0.18824173
-9.52964777 342.95814386 -0.11430392
-9.94266843 342.14060199 -0.02503445
-10.35866458 341.31515105 0.05276336
-10.79702738 340.49498497 0.12433130
-11.22426307 339.67443732 0.18676683
-11.66138623 338.81711604 0.26025081
-12.08701705 337.94549188 0.34027261
-12.51179277 337.09803573 0.41519870
-12.91095556 336.25043857 0.48515122
-13.31074005 335.40655988 0.54042822
-13.73420288 334.53746655 0.60503731
-14.13196597 333.65657263 0.65178565
-14.53305746 332.82074129 0.70172838
-14.93836577 331.95122367 0.76212399
-15.33873078 331.10199889 0.81051148
-15.72175351 330.21603219 0.84501916
-16.12183147 329.32971637 0.88172696
-16.53412266 328.45243083 0.92120367
-16.97072408 327.54536502 0.96033885
-17.37946964 326.66870446 1.00258701
-17.79422486 325.78490338 1.05582522
-18.20922897 324.90388312 1.09398708
-18.63603677 323.99366667 1.12847437
-19.07167908 323.11280670 1.14851670
-19.50260023 322.22794203 1.18272247
-19.94391731 321.33350300 1.21736888
-20.37427029 320.40907202 1.26121895
-20.79532804 319.51597532 1.28926692
-21.22273032 318.65913607 1.30324692
-21.65984195 317.76794841 1.29595811
-22.11259145 316.91734292 1.28219188
-22.57753836 316.02719051 1.27491818
-23.03495117 315.14136925 1.27895945
-23.48235172 314.25751181 1.28741469
-23.94301390 313.37978073 1.29770115
-24.40478193 312.44796016 1.30221362
-24.86609355 311.52553170 1.30935071
-25.32517296 310.61018615 1.29194572
-25.76678435 309.73886312 1.27166719
-26.22748476 308.85172574 1.23519644
-26.70110739 307.92971675 1.19905812
-27.15795143 307.03963432 1.17595476
-27.60416362 306.16236382 1.16307602
-28.05679690 305.29259641 1.14851969
-28.48890702 304.43995903 1.11388871
-28.93284576 303.58518302 1.07850182
-29.37261842 302.72889958 1.03937302
-29.79923411 301.87308516 0.98708469
-30.22582917 301.04965980 0.92007270
-30.64836589 300.25455442 0.88949650
-31.05864808 299.42549928 0.83464323
-31.48335269 298.64354015 0.77194765
-31.92256066 297.89255426 0.74638695
-32.32336501 297.13938919 0.71123335
-32.69050208 296.38853138 0.64363594
-33.09493370 295.63757518 0.55632742
-33.49883117 294.90429668 0.50236315
-33.87692967 294.18707786 0.42871686
-34.24622268 293.48439672 0.35560545
-34.59158418 292.76939137 0.23779872
-34.92933536 292.07620246 0.12358132
-35.26839281 291.39892445 0.01077257
-35.57691887 290.76376532 -0.10164229
-35.89225913 290.13903963 -0.21554887
-36.18691498 289.53065601 -0.35221857
-36.47525257 288.94782593 -0.47446423
-36.76848493 288.37667328 -0.59351655
-37.04234211 287.84313782 -0.68822756
-37.30824793 287.31160066 -0.80573549
-37.56451440 286.79106696 -0.92505734
-37.79325274 286.33269129 -1.04843007
-37.99467706 285.91469394 -1.16867793
-38.20914943 285.47862586 -1.25606861
-38.40243835 285.08329353 -1.35872309
-38.59869645 284.66407905 -1.46756980
-38.79200125 284.25323427 -1.56648917
-38.97206964 283.85118035 -1.67320736
-39.13050075 283.48793488 -1.75826134
-39.28934433 283.10680135 -1.85381042
-39.44292933 282.73880850 -1.92275233
-39.58443456 282.38986697 -1.98083313
-39.71205969 282.02281374 -2.05648827
-39.82235028 281.66861744 -2.11083890
-39.91105905 281.28368916 -2.16786840
-40.00207950 280.88807722 -2.20699964
-40.07779768 280.48093241 -2.26097039
-40.13219547 280.08949558 -2.27312909
-40.16872804 279.66391276 -2.29100798
-40.18827319 279.23630453 -2.31679544
-40.18819227 278.80131210 -2.32021608
-40.17008295 278.35148014 -2.32247988
-40.11183622 277.91784435 -2.30038310
-40.02343855 277.44503022 -2.26535448
-39.89111319 276.95374432 -2.22511209
-39.72519244 276.47799245 -2.18789334
-39.53291962 275.99396471 -2.12893100
-39.29818990 275.53041210 -2.06516010
-38.99194724 275.03950708 -1.94857483
-38.68171821 274.62210865 -1.86546168
-38.32256937 274.19177684 -1.76230403
-37.91201341 273.79187771 -1.63560096
-37.48486392 273.38652737 -1.51610229
-37.04647448 272.96972431 -1.40432453
-36.54818537 272.58038699 -1.28867379
-36.05091675 272.20883921 -1.18571707
-35.52881684 271.83770539 -1.06943124
-34.96652539 271.43031364 -0.93934882
-34.41090404 271.01115675 -0.79930482
-33.82798877 270.62491313 -0.66685341
-33.27679971 270.23501607 -0.56045676
-32.61155284 269.82278395 -0.42406217
-32.00286430 269.43406302 -0.32874465
-31.39087701 269.03318926 -0.25791576
-30.74162498 268.62059261 -0.16378233
-30.07280574 268.21092522 -0.06930606
-29.40817856 267.80901079 0.02803511
-28.73450787 267.40198410 0.10309840
-28.03707577 266.98971065 0.17157672
-27.32909319 266.54323715 0.22554325
-26.65061447 266.11985565 0.26363530
-25.96292088 265.71612538 0.30805111
-25.26722953 265.31782645 0.36400050
-24.57691809 264.92523688 0.39281365
-23.86317262 264.50343135 0.41958065
-23.11884932 264.06532779 0.44085298
-22.36407365 263.62696845 0.47287550
-21.61878227 263.19852249 0.49170985
-20.86715820 262.75042352 0.48506974
-20.11815190 262.33329300 0.49009248
-19.36340072 261.89892211 0.50014984
-18.57278242 261.45962087 0.51201375
-17.77702708 261.05150598 0.52347678
-17.02833458 260.62892454 0.51631832
-16.21088754 260.22056030 0.51673314
-15.42806680 259.80524126 0.50408528
-14.66891029 259.41214043 0.49295558
-13.88993608 259.03296798 0.48262195
-13.11759370 258.65566511 0.44679731
-12.32887631 258.25096333 0.43195766
-11.54329268 257.88386890 0.44491175
-10.79043214 257.51666578 0.43150494
-10.02943241 257.14533055 0.41018185
-9.27411887 256.80909698 0.39770184
-8.51079493 256.41590440 0.37819234
-7.70855576 256.05660116 0.37715634
-6.96923443 255.69071651 0.35097069
-6.21453569 255.31426347 0.31244346
-5.46029875 254.96418948 0.29486215
-4.73040635 254.60739342 0.27191415
-3.98611771 254.25137454 0.24212455
-3.26086337 253.84669902 0.21990359
-2.54336978 253.49154463 0.20486446
-1.82300574 253.14352590 0.18042200
-1.12813251 252.82318738 0.15748328
-0.43381414 252.48445090 0.12179715
0.18879687 252.13889939 0.08429176
0.84882196 251.77782814 0.04675379
1.49456503 251.43146673 0.00319497
2.08368902 251.07767045 -0.03998677
2.70270133 250.77576630 -0.06017674
3.28254815 250.46269714 -0.10117896
3.85289880 250.17532506 -0.14183619
4.37057167 249.82659883 -0.18783345
4.92275926 249.50313268 -0.22624050
5.39821221 249.18938844 -0.27055655
5.93695629 248.90438772 -0.31018469
6.41763278 248.58996461 -0.35708703
6.94552585 248.27632164 -0.40148851
7.44735392 247.98482139 -0.44269407
7.93438362 247.63936854 -0.47436051
8.40194480 247.31042493 -0.50796641
8.90345771 247.00772704 -0.56622537
9.37251998 246.69902129 -0.62235271
9.88388428 246.42494774 -0.66946373
10.33183754 246.11807540 -0.71534806
10.79918314 245.81705940 -0.76687414
11.29987106 245.52798623 -0.82389576
11.76476086 245.27899943 -0.87377581
12.24584599 245.01551565 -0.90744143
12.74441708 244.74535062 -0.93306435
13.26000791 244.50410259 -0.97020867
13.73001283 244.27275656 -1.01334401
14.23566565 244.04856777 -1.03232990
14.76502463 243.91536184 -1.03866212
15.27226568 243.75577305 -1.05530623
15.78978895 243.62130987 -1.06292650
16.30188868 243.57411941 -1.05930913
16.80763778 243.49621074 -1.07185177
17.31401930 243.45630413 -1.07666757
17.78525676 243.40915258 -1.09048685
18.31202946 243.37789629 -1.08655448
18.82343486 243.37358065 -1.09067685
19.33513441 243.42174900 -1.07906412
19.78340800 243.51720739 -1.07037619
20.25009173 243.58360129 -1.05072097
20.75058030 243.66853750 -1.01203457
21.22565378 243.81345188 -0.97221914
21.69021989 244.03083695 -0.93264443
22.14119506 244.26430116 -0.88796885
22.58899794 244.44819620 -0.86003159
22.97229030 244.66967427 -0.82336207
23.40745190 244.94980628 -0.76096454
23.78775146 245.21832590 -0.72055692
24.20879004 245.53068674 -0.66900104
24.60185674 245.85849746 -0.61271314
24.98704651 246.20829359 -0.55026198
25.32041919 246.57202843 -0.49116068
25.65306364 246.91884111 -0.44609051
25.97455858 247.30991054 -0.39743753
26.30315175 247.64991714 -0.35325799
26.65758087 248.00529948 -0.29810613
26.99893743 248.37258679 -0.24449587
27.34343597 248.76872749 -0.20194919
27.66771561 249.14084549 -0.14905814
27.99490543 249.52248065 -0.09753593
28.31840034 249.88148194 -0.04697486
28.65128299 250.22969670 -0.00052513
28.96796825 250.57860978 0.04638316
29.30971613 250.88584803 0.08946156
29.66730502 251.19725780 0.12416022
29.99663778 251.45634875 0.18253729
30.32784825 251.71755348 0.22791933
30.66918265 251.93756626 0.26891952
31.00544968 252.20192336 0.29160634
31.32800255 252.42844542 0.29879513
31.69904690 252.62979230 0.29962075
32.05840055 252.78052341 0.29693662
32.42250394 252.88484778 0.32179936
32.75107092 252.95175673 0.34084471
33.10271808 253.00503108 0.33981490
33.45594298 253.01760006 0.34032226
33.79620311 253.04723453 0.33844207
34.16098420 253.05696498 0.33528553
34.49478429 253.02891851 0.31603978
34.86546760 252.99695049 0.30788707
35.24194656 252.96776459 0.29163236
35.67202741 252.88087415 0.29006257
36.09790606 252.76526265 0.27609123
36.52614385 252.62367295 0.25617686
36.94845150 252.49781864 0.23503983
37.39223492 252.34795965 0.20900725
37.84190699 252.19515304 0.17154064
38.33175823 252.00331908 0.14195787
38.81208679 251.81224855 0.10209264
39.25324375 251.61117290 0.06737668
39.68182274 251.42506208 0.05105938
40.13443036 251.20211719 0.02229360
40.67385316 250.93461058 -0.00523165
41.20655819 250.66235921 -0.02997346
41.75949250 250.36741611 -0.05350610
42.34458520 250.08830101 -0.08036207
42.92727630 249.81667714 -0.11822013
43.49692659 249.54300672 -0.14770064
44.06993503 249.26304713 -0.17811064
44.64611184 248.98633783 -0.20989149
45.28789670 248.67971820 -0.24382210
45.91881129 248.36735037 -0.28016322
46.56835874 248.04914361 -0.31761671
47.22105065 247.71462499 -0.34192707
47.90862327 247.37430428 -0.37708379
48.60825340 247.00842853 -0.39391996
49.29705381 246.63416193 -0.42114791
49.97327482 246.26077426 -0.44561071
50.66933860 245.88232253 -0.46688186
51.34630652 245.49657551 -0.49370318
52.04675489 245.11294840 -0.52275959
52.79845284 244.70991791 -0.53903983
53.51557427 244.33470072 -0.56587239
54.26264941 243.95483414 -0.57979981
55.01287386 243.54408482 -0.60840614
55.77533454 243.14675883 -0.62629797
56.51481054 242.72705617 -0.65069854
57.27362286 242.32103168 -0.67884888
58.05576387 241.90689205 -0.70941844
58.84078250 241.46451949 -0.73964236
59.66076245 241.00754362 -0.76202301
60.43966684 240.56516022 -0.79282400
61.21140356 240.14282140 -0.81698336
62.02981601 239.72868167 -0.84252208
62.83581927 239.30441778 -0.86380139
63.64419080 238.87690797 -0.89217754
64.42827897 238.45541981 -0.91509029
65.23874710 238.02720147 -0.93333875
66.07366461 237.59495918 -0.96116752
66.85601648 237.18031658 -0.97368518
67.67919336 236.76414936 -0.99577709
68.44599635 236.34373841 -1.00670800
69.22197170 235.93894786 -1.02523758
69.98093129 235.53413287 -1.05330269
70.75424969 235.13698378 -1.08584885
71.52947430 234.73951527 -1.10554320
72.27487827 234.34456467 -1.10638641
73.05583277 233.95185493 -1.10588637
73.77726201 233.56093386 -1.11050475
74.50697515 233.19278431 -1.11407923
75.23190067 232.80622200 -1.12786145
75.96977811 232.41943102 -1.13507525
76.70740906 232.03360354 -1.13303950
77.44444021 231.66009505 -1.13109176
78.17253938 231.28897217 -1.13649617
78.91861877 230.92903156 -1.14454578
79.64180077 230.55213345 -1.15752969
80.39499405 230.17869304 -1.17347234
81.16887474 229.79544387 -1.16892666
81.91720803 229.42064950 -1.17475636
82.64665296 229.04764799 -1.17573488
83.36204370 228.69253602 -1.18551588
84.04194255 228.35343451 -1.18567892
84.71461844 228.02283023 -1.19856047
85.37057041 227.70255127 -1.20419873
86.01251798 227.39461739 -1.21545399
86.66127464 227.08817379 -1.22368966
87.30272541 226.78083165 -1.22883462
87.94796986 226.46923205 -1.23903000
88.58886145 226.16564509 -1.24282764
89.19531550 225.87140002 -1.24271312
89.83974928 225.57889030 -1.25526308
90.46278531 225.28395407 -1.26511466
91.07475023 224.98960190 -1.26428550
91.69028098 224.70270937 -1.27440969
92.28112201 224.40810803 -1.27673355
92.88035146 224.12795851 -1.28642224
93.45911844 223.84425436 -1.29385913
94.00316772 223.57994604 -1.30127672
94.51790994 223.33981460 -1.30112736
95.00672857 223.09165080 -1.30561472
95.49294673 222.85495767 -1.30322895
95.96185575 222.62249703 -1.30256651
96.39865148 222.39852034 -1.30485098
96.82711053 222.16872681 -1.30640860
97.24295174 221.94661583 -1.30800984
97.62971378 221.74543729 -1.31062190
98.00810462 221.53896696 -1.31941723
98.37486441 221.32645984 -1.32157840
98.72360418 221.13329926 -1.32188042
99.06235830 220.93371726 -1.32153433
99.37113733 220.74954705 -1.32275928
99.66215409 220.56816234 -1.33103073
99.94388443 220.38344324 -1.32802075
100.24770048 220.16210727 -1.33224424
100.50246613 219.97848817 -1.32599654
100.72805856 219.80584239 -1.31715514
100.95246569 219.65386414 -1.31361375
101.16896729 219.52654237 -1.31471867
101.34851301 219.40257177 -1.31978451
101.51039112 219.28832600 -1.32502711
101.65744584 219.18106183 -1.32910784
101.80139020 219.07820613 -1.33319475
101.94451285 218.95925989 -1.33473924
102.05875588 218.84882733 -1.33219811
102.19051803 218.73718229 -1.32729418
102.30273445 218.61858488 -1.32318743
102.41327496 218.52302873 -1.32395244
102.53873825 218.41630261 -1.33021405
102.65837494 218.31523674 -1.33412314
102.78363183 218.19136480 -1.33124810
102.91438393 218.06203183 -1.33362093
103.06521377 217.91555952 -1.34388300
103.22047110 217.77665701 -1.34970844
103.36496718 217.62991822 -1.35026428
103.51973263 217.43802049 -1.35567346
103.67678269 217.21144235 -1.37887560
103.84680131 216.99135134 -1.38224989
104.01645886 216.75333661 -1.38573468
104.20590680 216.49604327 -1.38501163
104.38830080 216.18419314 -1.40808788
104.56063599 215.83963790 -1.42126689
104.71152033 215.48554031 -1.43513531
104.84870664 215.13466829 -1.45650608
104.95581193 214.75855788 -1.45776216
105.06642273 214.35726656 -1.46652562
105.15505037 213.92287783 -1.46949651
105.21227502 213.46159481 -1.45932646
105.26783922 213.00070788 -1.45329822
105.28956909 212.50629644 -1.44287638
105.26598750 211.98628827 -1.43461314
105.21190436 211.44658972 -1.42604152
105.11602346 210.90635518 -1.40632297
104.99413274 210.33071713 -1.38826027
104.84304761 209.73442242 -1.36717128
104.65448825 209.13389673 -1.35114041
104.43979575 208.51194031 -1.33949133
104.20354554 207.89133208 -1.33456839
103.93696189 207.26936465 -1.32170884
103.65496382 206.62140511 -1.31422393
103.35753977 205.97056814 -1.31234409
103.02674448 205.30144131 -1.30822420
102.68089897 204.63035116 -1.30025572
102.31797445 203.93735640 -1.28766112
101.95018396 203.24388037 -1.28156166
101.56524616 202.53374813 -1.27830660
101.16709412 201.80197746 -1.27692484
100.76284818 201.06731122 -1.26599111
100.34626929 200.30326667 -1.26044532
99.92217657 199.52664128 -1.25593611
99.49245731 198.74324953 -1.24961319
99.04805960 197.93615991 -1.24166456
98.61311390 197.13284976 -1.23323599
98.13843076 196.26459814 -1.22073759
97.66459905 195.39374802 -1.21120722
97.20438359 194.52752592 -1.20033709
96.71839600 193.62922999 -1.18658554
96.26657746 192.73852168 -1.16543151
95.78628167 191.81911856 -1.15612694
95.30166130 190.86138750 -1.13246375
94.82406079 189.90477231 -1.13086340
94.34152084 188.94035166 -1.12077335
93.85092511 187.95877849 -1.11046761
93.33905441 186.96395986 -1.09231578
92.83519349 185.95849059 -1.07391639
92.33985211 184.94949088 -1.05704266
91.84657562 183.93728483 -1.03832608
91.35553709 182.91444431 -1.02050739
90.85724905 181.87840375 -1.00621427
90.37002879 180.85258310 -0.99193887
89.89543942 179.84113074 -0.97455591
89.40611514 178.80970020 -0.95974647
88.92357838 177.77856884 -0.93687500
88.43576654 176.74858146 -0.91445536
87.95283726 175.71761076 -0.89105352
87.47282595 174.68922765 -0.86048321
86.98690608 173.64637046 -0.84315671
86.47549429 172.58636822 -0.82129047
85.96822296 171.51831556 -0.80727749
85.45057655 170.44888758 -0.79782582
84.93936784 169.36960919 -0.78955688
84.41646165 168.29633438 -0.77860335
83.88282015 167.20992097 -0.75797126
83.34349164 166.12154122 -0.74336619
82.80751574 165.04318177 -0.74389507
82.28084499 163.96905231 -0.74128378
81.73679411 162.86935060 -0.74038697
81.19643154 161.76679346 -0.73829829
80.62479551 160.64304791 -0.73457659
80.05160410 159.51296471 -0.72661086
79.49177282 158.39037392 -0.72440015
78.93935605 157.27146654 -0.71662120
78.36785571 156.14042301 -0.70692910
77.80102550 155.02157399 -0.69700376
77.21140857 153.86589710 -0.68680855
76.63385599 152.71267132 -0.68780598
76.05059417 151.56530092 -0.68390625
75.46506466 150.41166680 -0.67081150
74.85777229 149.23583128 -0.66147691
74.28573601 148.07898841 -0.64580547
73.70023327 146.90473892 -0.61702411
73.12400992 145.74489936 -0.60687383
72.55491223 144.59686469 -0.60753099
71.97644478 143.42401829 -0.60384913
71.38386467 142.26085770 -0.59840620
70.80452172 141.09223863 -0.58498195
70.23587939 139.94497492 -0.57784367
69.67746941 138.80375555 -0.55494005
69.10852359 137.64932346 -0.53486998
68.52915195 136.49251898 -0.52266571
67.96283644 135.35535356 -0.51618780
67.37142554 134.16372433 -0.50844079
66.76775544 132.95068567 -0.49705121
66.18257484 131.78697213 -0.48575915
65.61517323 130.64241518 -0.47135308
65.05398858 129.49133336 -0.46140088
64.49213785 128.33964191 -0.45068396
63.93503042 127.20258918 -0.45058853
63.37040171 126.06341053 -0.45282789
62.81080541 124.91965275 -0.44612545
62.24475129 123.77278246 -0.44180912
61.68089816 122.64164587 -0.44993921
61.12306019 121.49081479 -0.45905741
60.56277813 120.35998519 -0.46185456
60.01846018 119.23812016 -0.44973996
59.47261324 118.10964363 -0.44608937
58.92173774 116.98113526 -0.43897869
58.38974520 115.87934789 -0.43202745
57.85991710 114.77446968 -0.43480602
57.33788535 113.67675884 -0.43645495
56.80442551 112.55529260 -0.43274337
56.27962928 111.45711932 -0.42060471
55.76454881 110.39460944 -0.40859300
55.26442827 109.35036405 -0.40246313
54.74977362 108.30074953 -0.39041576
54.26503877 107.30040302 -0.37306436
53.78611948 106.30999034 -0.36352662
53.29516111 105.32036411 -0.35511863
52.82162484 104.35833639 -0.34635780
52.35517399 103.41154192 -0.33423264
51.90383877 102.50646249 -0.32215160
51.44709790 101.60125960 -0.30002028
50.99891172 100.72894484 -0.28787336
50.59602331 99.91011802 -0.26598131
50.17587523 99.07697813 -0.24499638
49.76857189 98.27210508 -0.23656209
49.36949078 97.47896090 -0.22382922
48.95479514 96.69836061 -0.22000574
48.56018396 95.93866625 -0.21582984
48.18817263 95.21563866 -0.20214166
47.80301412 94.49854352 -0.20049067
47.44180316 93.81791861 -0.19318371
47.10468842 93.17873735 -0.18995405
46.75942392 92.51888053 -0.18570140
46.43150122 91.90169056 -0.18822622
46.11832007 91.30461796 -0.18324988
45.82345222 90.69931303 -0.17441289
45.55104999 90.11793353 -0.16676042
45.29391426 89.54251361 -0.16340065
45.07052108 88.98781921 -0.15662713
44.85275725 88.43350003 -0.14742368
44.67069641 87.90393887 -0.13817710
44.53254523 87.37358493 -0.13080496
44.38913701 86.84481420 -0.12697374
44.28350104 86.32752895 -0.11731558
44.20745920 85.80431839 -0.10656439
44.15310076 85.28464564 -0.10686494
44.13322556 84.78368226 -0.10728530
44.13820883 84.29858376 -0.10624959
44.17814168 83.81912516 -0.11720433
44.23418439 83.33549452 -0.11723646
44.31469404 82.85157684 -0.12101639
44.42821087 82.37740977 -0.12227355
44.56972594 81.92906976 -0.11972596
44.76162266 81.39662186 -0.07996658
44.96589721 80.97838011 -0.08789941
45.19322801 80.56951791 -0.09881821
45.42939408 80.16260736 -0.10255030
45.69669112 79.75958479 -0.11460773
45.97313125 79.39792648 -0.12278567
46.27382746 79.04221010 -0.13145748
46.60440618 78.72049755 -0.13880999
46.95345846 78.39918299 -0.15833298
47.33622343 78.06708805 -0.16595019
47.73130946 77.76504704 -0.16821026
48.16097056 77.44312537 -0.16084806
48.57549789 77.15342029 -0.17344618
49.01129150 76.84954395 -0.19845332
49.46371027 76.55446887 -0.21463023
49.94906355 76.24543131 -0.21393531
50.43639028 75.94782848 -0.20755475
50.90616709 75.66013153 -0.21451541
51.42382734 75.34331416 -0.23127835
51.94444328 75.01884409 -0.24165106
52.48436697 74.69607433 -0.24840586
53.02573353 74.36667103 -0.25214336
53.57576782 74.02675769 -0.25777314
54.12446308 73.68898260 -0.26669142
54.69637598 73.34423992 -0.26764186
55.27771599 72.98748250 -0.26634326
55.87802050 72.62846203 -0.27055771
56.48158056 72.25211119 -0.26995944
57.09661712 71.87975346 -0.26875822
57.74978222 71.48886509 -0.27223940
58.43339531 71.08255004 -0.27247190
59.12251794 70.67502008 -0.27887283
59.83239917 70.26772339 -0.28973258
60.55974581 69.86608447 -0.29654932
61.31865671 69.46591673 -0.30882608
62.08226253 69.06155481 -0.31824516
62.85690812 68.66566173 -0.32715260
63.61776441 68.28818817 -0.34573814
64.39865358 67.91150519 -0.34906138
65.15319247 67.53726343 -0.34583928
65.93304212 67.16500411 -0.34157370
66.70531551 66.81054765 -0.33741225
67.51137991 66.45008428 -0.33934022
68.28878087 66.08383463 -0.33842134
69.07844508 65.72619398 -0.33502790
69.82836176 65.36493854 -0.33409025
70.58197546 64.99474166 -0.34275201
71.32855572 64.60583947 -0.33704728
72.07517875 64.20960009 -0.33439756
72.80835059 63.79959448 -0.33273482
73.54112895 63.38688515 -0.34074598
74.27662043 62.95934620 -0.35244782
75.00713546 62.52206604 -0.36391761
75.74434116 62.08910500 -0.37103127
76.47982631 61.63916486 -0.38146874
77.20810133 61.17089205 -0.39338842
77.92483280 60.69617092 -0.40434902
78.64261833 60.21083510 -0.41619832
79.37219122 59.71610558 -0.42314618
80.07796615 59.23876950 -0.43183522
80.81149716 58.74311389 -0.44892330
81.55645858 58.24659044 -0.46971552
82.27903102 57.75283337 -0.48203673
83.02769706 57.24898065 -0.48064920
83.77514730 56.75336060 -0.48372348
84.49763706 56.25663284 -0.47591752
85.22883361 55.77816966 -0.48035581
85.96522201 55.28873667 -0.48296898
86.70158067 54.79814090 -0.48728095
87.42768352 54.30145282 -0.48834694
88.16454187 53.80625569 -0.48901118
88.89228872 53.30202224 -0.48317217
89.61998843 52.79557402 -0.48458590
90.33655109 52.26122768 -0.47986948
91.04012644 51.71303013 -0.46929842
91.72641178 51.15494099 -0.45772944
92.41219681 50.57819602 -0.44635798
93.05475258 49.99626162 -0.44606002
93.68018780 49.39854840 -0.43472450
94.31060858 48.79447752 -0.43693104
94.91750104 48.16658176 -0.43215132
95.51067826 47.52497100 -0.42374881
96.08436112 46.88619701 -0.42501816
96.65419652 46.22337726 -0.43100145
97.19790277 45.55891266 -0.41884510
97.77600194 44.85736623 -0.41291104
98.33735944 44.17122890 -0.42079920
98.88236218 43.48949026 -0.43824232
99.41981733 42.80755909 -0.46050043
99.96854702 42.12032078 -0.47893734
100.51802183 41.43028708 -0.48252089
101.09662309 40.72406045 -0.47585792
101.68187132 40.01250220 -0.47948804
102.26915103 39.27757236 -0.47068634
102.84312398 38.56459907 -0.47446676
103.42241022 37.83271469 -0.48056197
103.99460184 37.08478707 -0.49254301
104.56168553 36.32033434 -0.51385338
105.15292406 35.51634502 -0.52373245
105.71066663 34.70033810 -0.53473884
106.26632538 33.87364508 -0.55195430
106.78826238 33.06801748 -0.56665157
107.30372552 32.25679444 -0.56161619
107.82159298 31.43148137 -0.55384560
108.33744686 30.60118671 -0.54548391
108.85287535 29.76368862 -0.54196419
109.36429458 28.92406667 -0.54020431
109.86987109 28.08750566 -0.53641309
110.38091615 27.25595239 -0.52813708
110.88437586 26.44017719 -0.52045459
111.40759280 25.61025986 -0.51645468
111.92863276 24.78025844 -0.50949575
112.44683288 23.93783936 -0.50786771
112.94337435 23.11143966 -0.49667024
113.43947111 22.27979479 -0.48910109
113.90124003 21.46025123 -0.47192170
114.37239158 20.60827894 -0.46627405
114.82911412 19.76000710 -0.46669386
115.28329448 18.90917907 -0.46820841
115.72790815 18.04948867 -0.46726216
116.14340486 17.19016002 -0.46827373
116.55845719 16.31467009 -0.47518310
116.93608427 15.44726954 -0.47136968
117.30485629 14.57630076 -0.46506732
117.67555005 13.68206576 -0.46974153
118.02614979 12.79463659 -0.47032330
118.35495516 11.91600338 -0.47351382
118.66623025 11.05921457 -0.46390742
118.96922713 10.18647681 -0.45758046
119.25888151 9.34105917 -0.44625851
119.54770780 8.47325399 -0.43550597
119.83101552 7.64106350 -0.43244033
120.10841746 6.80933519 -0.42693788
120.38065707 6.00152685 -0.42328550
120.65377235 5.20686782 -0.42514981
120.91958243 4.45276029 -0.42469389
121.18565193 3.73959407 -0.41551187
121.45178084 3.03140752 -0.41560748
121.70457985 2.36703080 -0.40886900
121.95919543 1.71541372 -0.40088097
122.22020737 1.05911037 -0.39769388
122.46138959 0.44242918 -0.39240533
122.68443057 -0.16062868 -0.38994700
122.92987000 -0.78003646 -0.38118958
123.16496904 -1.39681070 -0.37664407
123.39753260 -2.01691715 -0.36795885
123.64485394 -2.64988863 -0.35952344
123.88532829 -3.27859761 -0.34087934
124.10410799 -3.87307578 -0.34072410
124.32667977 -4.48845847 -0.34644611
124.54915862 -5.09774347 -0.36090703
124.76690500 -5.72987797 -0.36720398
124.99580956 -6.36331924 -0.37583523
125.22276038 -7.03487483 -0.37211659
125.44368846 -7.69119772 -0.37963744
125.66110637 -8.34455508 -0.37820959
125.86581278 -9.03335554 -0.37828350
126.10670272 -9.73564038 -0.36731035
126.35105976 -10.44099304 -0.37222184
126.58300757 -11.11527898 -0.36996572
126.85129088 -11.81026226 -0.38254814
127.13289383 -12.50266308 -0.39709186
127.41985705 -13.21312039 -0.40751040
127.70364810 -13.93783493 -0.41752802
128.00756525 -14.65566412 -0.42274074
128.30444634 -15.37271820 -0.44417422
128.62064822 -16.12439510 -0.45956218
128.93438547 -16.87813186 -0.47183139
129.24641968 -17.63310238 -0.46675287
129.59387796 -18.43479858 -0.44577169
129.93770199 -19.21977917 -0.46286263
130.28522037 -20.01295701 -0.46324897
130.62221999 -20.82488340 -0.46859810
130.97843060 -21.66744833 -0.47933829
131.33550040 -22.51862636 -0.47186073
131.69306614 -23.36298675 -0.46316246
132.06308005 -24.22089926 -0.47243371
132.43567558 -25.10016667 -0.47927233
132.79895635 -25.96028912 -0.49470200
133.16516615 -26.84102905 -0.49757477
133.63970086 -28.00122300 -0.49980990
134.00744458 -28.88417009 -0.50482317
134.37996443 -29.77597724 -0.50250263
134.74803926 -30.66312714 -0.52108814
135.11859523 -31.54294588 -0.53729224
135.50274643 -32.44903885 -0.56002417
135.87531509 -33.34641126 -0.57251785
136.24741946 -34.24669238 -0.58844209
136.61510710 -35.14259312 -0.58710016
136.98575447 -36.02230474 -0.59391495
137.36048890 -36.90595341 -0.61701940
137.72293756 -37.78428432 -0.61247766
138.11020280 -38.66515405 -0.61008779
138.52043238 -39.53514331 -0.60859189
138.90379667 -40.41127105 -0.60645292
139.30153494 -41.31123207 -0.61667402
139.68381031 -42.19232825 -0.62343479
140.06491791 -43.05969369 -0.62759551
140.46129316 -43.94020001 -0.65527611
140.83164663 -44.81076312 -0.67887105
141.19347094 -45.67466996 -0.69264026
141.56053238 -46.54384245 -0.71810748
141.92111190 -47.38127149 -0.71578684
142.29476080 -48.24053062 -0.70962802
142.66099831 -49.10294375 -0.70714894
143.02394188 -49.96002423 -0.70121646
143.39249662 -50.81289162 -0.70941624
143.75418289 -51.65671597 -0.71395166
144.10607463 -52.47847614 -0.71835130
144.46023064 -53.29756307 -0.71626486
144.80102188 -54.09788215 -0.70589756
145.14140080 -54.89316694 -0.69855908
145.47364254 -55.67807632 -0.71307493
145.79418429 -56.44786054 -0.72737431
146.09303116 -57.20044138 -0.73255768
146.37684360 -57.95963002 -0.71335685
146.65758728 -58.69750263 -0.67714824
146.93757538 -59.40076619 -0.66681901
147.20659916 -60.09921804 -0.66533452
147.44513635 -60.77474774 -0.67786401
147.67314858 -61.42111099 -0.67279633
147.90620437 -62.04054278 -0.67755007
148.13989125 -62.63730224 -0.66754412
148.35614784 -63.22575176 -0.65850978
148.56672617 -63.77761635 -0.64020397
148.77088353 -64.34231330 -0.63295837
148.98393711 -64.87196110 -0.61929727
149.21560147 -65.39395359 -0.60980015
149.46134357 -65.89749751 -0.59220637
149.72444688 -66.38174630 -0.58607056
150.00314670 -66.83962830 -0.57459977
150.30475580 -67.29552642 -0.57206994
150.62271127 -67.73743983 -0.56259769
150.95869664 -68.16088295 -0.55555229
151.32154230 -68.57339083 -0.54952727
151.70820189 -68.97331176 -0.54577106
152.10473243 -69.35800203 -0.54189644
152.53991148 -69.73890677 -0.51994697
152.98496066 -70.08644717 -0.51070235
153.45216018 -70.43040196 -0.52148920
153.91846608 -70.76331758 -0.51432166
154.41655530 -71.09244756 -0.50883688
154.95612099 -71.41340133 -0.51922339
155.48170188 -71.73197556 -0.52861926
156.02838144 -72.04864800 -0.53615744
156.56889176 -72.37467888 -0.54431647
157.12362868 -72.70245777 -0.55024094
157.69332908 -73.02626179 -0.56243318
158.24430763 -73.36794546 -0.56739616
158.81014012 -73.71910841 -0.56461932
159.38585307 -74.07992543 -0.57737197
159.95086660 -74.43881623 -0.59022946
160.54476690 -74.82278339 -0.60638576
161.14991412 -75.21700308 -0.62337203
161.74703390 -75.61346525 -0.61763977
162.38707407 -76.01975092 -0.62481206
162.99085334 -76.42411737 -0.61723756
163.59804298 -76.84674013 -0.62753706
164.18807764 -77.26033483 -0.63414470
164.77176379 -77.67533692 -0.62878581
165.40230236 -78.10977591 -0.61661805
166.02320677 -78.52956834 -0.60748706
166.66390028 -78.95505460 -0.60678200
167.25420012 -79.37840311 -0.60071581
167.86184937 -79.81843153 -0.59397170
168.50063250 -80.25883907 -0.58206176
169.19269991 -80.73654391 -0.58771067
169.85657135 -81.22032032 -0.64011551
170.59027444 -81.71998516 -0.67614175
171.24981195 -82.17139369 -0.68632928
171.86720670 -82.59547339 -0.70388974
172.47800967 -83.01957853 -0.71569321
173.11286699 -83.45159518 -0.72749908
173.77316155 -83.91186682 -0.72980100
174.41880008 -84.36474837 -0.72359942
175.03725898 -84.79217424 -0.72060917
175.72659038 -85.25761454 -0.73621705
176.35892100 -85.70218023 -0.73601250
177.02971097 -86.15608600 -0.74127364
177.67820649 -86.60346184 -0.72796216
178.38751263 -87.07989829 -0.72629261
179.08388899 -87.58138211 -0.72528742
179.80509137 -88.08565263 -0.71577964
180.48186886 -88.56752862 -0.69820948
181.17385818 -89.04800959 -0.69179269
181.84775724 -89.53130058 -0.69605197
182.52638882 -90.02756807 -0.68741579
183.20258865 -90.51772528 -0.67830744
183.90103705 -91.02545894 -0.67163891
184.60313403 -91.52857562 -0.65961005
185.30235969 -92.02002081 -0.65080914
186.00667386 -92.52479386 -0.64242562
186.70456235 -93.02710742 -0.64485679
187.40779705 -93.52136252 -0.65101605
188.09657649 -94.00027262 -0.66418394
188.78959900 -94.48057785 -0.64404681
189.47317895 -94.95846113 -0.62754194
190.15822230 -95.43995894 -0.62730168
190.85164000 -95.91596194 -0.64261983
191.55570426 -96.40115086 -0.65737325
192.25450752 -96.88348005 -0.65694700
192.94199102 -97.38882553 -0.64986239
193.63723553 -97.87639629 -0.63614450
194.33729359 -98.37255119 -0.63402944
195.07391655 -98.89431600 -0.65417393
195.78524290 -99.39930954 -0.66906385
196.50176507 -99.91660791 -0.66903848
197.20265669 -100.41280649 -0.66012016
197.91892095 -100.91700153 -0.64627820
198.64166626 -101.42046211 -0.63764877
199.35977670 -101.91227856 -0.63900799
200.07669812 -102.41050709 -0.64239504
200.79589060 -102.90644916 -0.64287428
201.53842047 -103.42998681 -0.64041897
202.29873555 -103.96488114 -0.64369609
203.04526545 -104.48881619 -0.65077994
203.78415832 -105.00907334 -0.63133621
204.56345156 -105.56651174 -0.62783129
205.32477509 -106.11399756 -0.65937476
206.06594604 -106.65690733 -0.65518481
206.81204710 -107.18661944 -0.64735534
207.54274469 -107.69720776 -0.63707290
208.27242464 -108.21044301 -0.63622413
209.00739811 -108.72468873 -0.64235590
209.71687961 -109.24675610 -0.65071154
210.40490884 -109.74590316 -0.65914547
211.12535015 -110.27607729 -0.65475869
211.85342793 -110.80717459 -0.64886496
212.56527771 -111.32252047 -0.63804591
213.26316366 -111.82090424 -0.63010451
213.96218407 -112.32918379 -0.63175673
214.65692608 -112.84414964 -0.62996590
215.37237670 -113.35387605 -0.62216940
216.05440769 -113.84844388 -0.61168518
216.72928943 -114.32724207 -0.59844669
217.40350301 -114.79654894 -0.59516234
218.08573520 -115.27216733 -0.60463767
218.76962030 -115.75689847 -0.59661757
219.44932105 -116.23032688 -0.57833435
220.11769243 -116.70966851 -0.56226731
220.77907387 -117.17804996 -0.55968716
221.42705972 -117.63778610 -0.55423889
222.06319559 -118.08612127 -0.54846487
222.71268705 -118.52949339 -0.54124135
223.33134797 -118.95764441 -0.53508100
223.95661340 -119.39105861 -0.52399142
224.56691911 -119.81390489 -0.52220961
225.14665135 -120.21786755 -0.51739958
225.75429137 -120.62822201 -0.52071831
226.32565832 -121.04066645 -0.52768489
226.90938625 -121.45368103 -0.52500443
227.48008709 -121.85775885 -0.51927334
228.04654317 -122.26982119 -0.50976793
228.60747508 -122.67531768 -0.50954115
229.15441458 -123.06468855 -0.50787789
229.68800712 -123.45017526 -0.50823135
230.19324064 -123.82231391 -0.50762027
230.71506862 -124.21916863 -0.49849458
231.18386707 -124.59551638 -0.48944025
231.65280210 -124.98503058 -0.47941527
232.10884657 -125.37130968 -0.46821226
232.54791524 -125.72494293 -0.47141357
232.97498564 -126.09199428 -0.46785952
233.38937391 -126.46078809 -0.46557435
233.78798606 -126.80966325 -0.46686965
234.16463866 -127.14612436 -0.46594503
234.52505809 -127.47978642 -0.46238549
234.87202619 -127.80651113 -0.44965547
235.18185621 -128.09781863 -0.44998216
235.48754663 -128.38289542 -0.44229311
235.75892478 -128.63510477 -0.44246484
236.03178044 -128.87993420 -0.43786981
236.27296678 -129.10396573 -0.43370841
236.51931831 -129.32664395 -0.43053436
236.74956916 -129.53175718 -0.43338094
236.97398180 -129.71634361 -0.42312036
237.18194419 -129.88574480 -0.42469645
237.37654764 -130.04942088 -0.41999458
237.57513771 -130.21131364 -0.41537197
237.78042932 -130.35391725 -0.41703254
237.98548086 -130.48762176 -0.41760878
238.19532053 -130.62167946 -0.42216625
238.40373725 -130.74432601 -0.42305668
238.60236259 -130.85651373 -0.42459925
238.81385317 -130.95943200 -0.41709322
239.02574491 -131.05437316 -0.41973341
239.24696067 -131.13693096 -0.41441697
239.46373657 -131.21125281 -0.41442127
239.69733104 -131.26792352 -0.41593675
239.95151096 -131.32113874 -0.41559914
240.22356751 -131.36827571 -0.42571265
240.49516678 -131.43489245 -0.42432849
240.78785617 -131.46379411 -0.42303290
241.08464221 -131.46886631 -0.41455056
241.38819286 -131.42341439 -0.42007700
241.69522840 -131.36994236 -0.41829461
242.00509772 -131.31571075 -0.43246659
242.33452051 -131.24767106 -0.43365522
242.65210429 -131.15760527 -0.43153509
242.99779010 -131.02377944 -0.42435056
243.34514847 -130.84718935 -0.41245176
243.69720388 -130.64875796 -0.41438918
244.05385273 -130.43503468 -0.41852301
244.42405155 -130.18647440 -0.41624030
244.79355826 -129.90696062 -0.42653889
245.16810814 -129.59528929 -0.43958308
245.56297206 -129.26683254 -0.44940534
245.96968945 -128.90033359 -0.45104340
246.37673290 -128.51276862 -0.44720585
246.78988858 -128.09760635 -0.45086597
247.20303111 -127.66189308 -0.45907197
247.61431459 -127.19552646 -0.46255444
248.03417974 -126.68777012 -0.44945885
248.43251584 -126.18297865 -0.44565870
248.82923838 -125.65078062 -0.45817260
249.23456495 -125.09123072 -0.47415213
249.64723194 -124.50466822 -0.48532860
250.05574979 -123.88117813 -0.46337315
250.47475166 -123.25136687 -0.44231329
250.88997738 -122.63692280 -0.42430890
251.29012367 -121.98032484 -0.42836992
251.70343846 -121.31580864 -0.43091947
252.12898470 -120.62980102 -0.43619113
252.56933827 -119.91981537 -0.44703450
253.01765358 -119.21326919 -0.45829857
253.48789704 -118.46306933 -0.45772186
253.96728805 -117.67525107 -0.48454557
254.44262261 -116.88270838 -0.51035454
254.95678086 -116.09567651 -0.51393244
255.46847349 -115.34043723 -0.51413825
255.97493936 -114.55364318 -0.52735495
256.49096168 -113.76212671 -0.55809950
257.01097879 -113.03014959 -0.54496188
257.53307686 -112.22873905 -0.55943222
258.04786076 -111.42961831 -0.56859947
258.59893487 -110.59800263 -0.56860583
259.13762549 -109.79053545 -0.56648132
259.67763070 -108.94941621 -0.57663778
260.22756833 -108.10308884 -0.60017939
260.76868997 -107.25960655 -0.61952374
261.30942789 -106.42570685 -0.62867970
261.83421792 -105.59628243 -0.63483525
262.34486874 -104.78261657 -0.62298163
262.87103130 -103.92485300 -0.62405695
263.41667050 -103.12259927 -0.61637632
263.94840247 -102.25600162 -0.63858634
264.48575465 -101.40984285 -0.65396529
265.02658074 -100.56459224 -0.66142381
265.56100347 -99.74746712 -0.68085802
266.09913126 -98.89029442 -0.72251352
266.63943870 -98.05511383 -0.74829308
267.17106769 -97.22351307 -0.75965405
267.72564967 -96.35587904 -0.77916805
268.28683805 -95.47445133 -0.80282648
268.85224943 -94.57178611 -0.79728586
269.41143645 -93.68592348 -0.81817352
269.98039989 -92.78524178 -0.83283199
270.53427087 -91.91396875 -0.85860358
271.11489988 -91.05475653 -0.88726659
271.66305735 -90.17109794 -0.90392733
272.30270259 -89.29416597 -0.90628347
272.94013093 -88.42579345 -0.91052732
273.45953780 -87.60872509 -0.94049547
274.02323169 -86.79356313 -0.95510305
274.59700225 -85.96311441 -0.98049338
275.15119992 -85.14264249 -1.00295337
275.67879295 -84.33799001 -0.99545367
276.20611046 -83.51007373 -1.00719692
276.74275714 -82.68495265 -1.02400561
277.25505307 -81.84451046 -1.02962123
277.80081149 -80.97477747 -1.02560718
278.34436210 -80.10474963 -1.02571853
278.88296663 -79.24359477 -1.02428768
279.41367261 -78.40860065 -1.03261932
279.94254846 -77.52043784 -1.04954073
280.47980054 -76.67607334 -1.07156291
281.03142299 -75.79280313 -1.08059143
281.58829430 -74.95374879 -1.10442944
282.12593057 -74.10748646 -1.13244898
282.66517320 -73.26657520 -1.14478426
283.18413335 -72.41914240 -1.17592863
283.71260404 -71.57519757 -1.19601682
284.26950867 -70.72720765 -1.20055946
284.85511639 -69.88941253 -1.21142234
285.40725404 -69.06301160 -1.20318773
285.91569325 -68.24964893 -1.23896518
286.53622363 -67.44316530 -1.27611758
287.08330203 -66.61343299 -1.30098749
287.64469010 -65.74889871 -1.30890118
288.20254297 -64.91495711 -1.30662251
288.77280947 -64.04919061 -1.30561962
289.35347547 -63.21809121 -1.31534914
289.91474263 -62.36785768 -1.33422737
290.48809306 -61.53155051 -1.36464678
291.05448269 -60.69646513 -1.40496104
291.63569468 -59.85695048 -1.43090776
292.21579226 -59.02643221 -1.43949171
292.76296226 -58.25569371 -1.46304364
293.34280558 -57.45588766 -1.47846793
293.92186672 -56.65511469 -1.49292032
294.51132198 -55.85272164 -1.50304461
295.06999700 -55.10745907 -1.51303919
295.62750571 -54.37245035 -1.53119375
296.20373540 -53.62412862 -1.55246958
296.77154433 -52.87448696 -1.57046278
297.33743441 -52.15753520 -1.58543680
297.93979605 -51.42437770 -1.60642551
298.53032145 -50.70279769 -1.61348042
299.10234568 -50.00960398 -1.62470235
299.66213918 -49.29252485 -1.63748771
300.24565485 -48.53934738 -1.65033960
300.79810989 -47.84032193 -1.65746035
301.36204396 -47.14449282 -1.67395531
301.92730589 -46.43377259 -1.70069713
302.47857653 -45.74482234 -1.71772675
303.03566074 -45.03788959 -1.73475985
303.60529235 -44.28202368 -1.74485795
304.14253338 -43.57513893 -1.75094394
304.69007131 -42.85312830 -1.77159627
305.17270432 -42.19411844 -1.78314665
305.67523972 -41.50078531 -1.80380979
306.16563067 -40.89344271 -1.83295711
306.63734933 -40.25497189 -1.84375995
307.11891037 -39.61311697 -1.85767202
307.61433697 -38.95187665 -1.88108188
308.06136443 -38.36448233 -1.89926709
308.53157780 -37.78929849 -1.92137331
309.00783311 -37.20790088 -1.94380638
309.47560463 -36.62973853 -1.95531364
309.91722681 -36.09813271 -1.96959105
310.37491822 -35.55685413 -1.97585386
310.83852218 -35.03865337 -1.99713823
311.29516771 -34.52027910 -2.00314423
311.72194294 -34.05780456 -2.01916498
312.13582903 -33.61811967 -2.03575769
312.54336275 -33.17679632 -2.05398067
312.94189889 -32.75098030 -2.06141287
313.35135336 -32.32063638 -2.06456592
313.75109498 -31.91684569 -2.07962858
314.13641722 -31.56415762 -2.08511144
314.51055333 -31.22959791 -2.09376166
314.86022276 -30.86577627 -2.10694454
315.20866335 -30.51808086 -2.13001504
315.60448448 -30.11961831 -2.15811400
315.99084900 -29.74681818 -2.17207138
316.39391950 -29.37527559 -2.18114803
316.76084770 -28.96187453 -2.17780413
317.12128927 -28.54638377 -2.18969026
317.48627988 -28.14438046 -2.19630859
317.83577936 -27.76099359 -2.21144144
318.16795075 -27.36540514 -2.22597657
318.46744989 -26.91889219 -2.24253852
318.74748544 -26.48151960 -2.25771691
319.03917476 -26.06234799 -2.26934240
319.29245733 -25.60371132 -2.27362809
319.52500145 -25.13426435 -2.26910995
319.70090817 -24.67074892 -2.26788470
319.88246318 -24.16331392 -2.26187982
320.02663230 -23.67355364 -2.26852910
320.16663082 -23.13866509 -2.26516227
320.24935998 -22.64245641 -2.27814231
320.32142035 -22.13098926 -2.26602840
320.36197009 -21.60149401 -2.26340939
320.36447979 -21.03056480 -2.26161111
320.31298020 -20.46379165 -2.25222592
320.23509588 -19.89683945 -2.26758123
320.15066969 -19.31092128 -2.27178966
320.01156221 -18.75926636 -2.26024100
319.86294154 -18.18995333 -2.25473718
319.65069783 -17.61370343 -2.24994678
319.42362111 -17.04741312 -2.24959690
319.15876676 -16.49677081 -2.24295151
318.84266710 -15.89878200 -2.23573424
318.52569454 -15.33664478 -2.21376787
318.16748681 -14.75528936 -2.18463127
317.78776334 -14.16536099 -2.16271068
317.40253361 -13.57038219 -2.13511083
317.00538951 -12.96550496 -2.12546934
316.59769220 -12.34885615 -2.12112320
316.18964480 -11.71386665 -2.10131027
315.78162916 -11.07892291 -2.08551593
315.35287331 -10.41630433 -2.07816631
314.92425968 -9.74634472 -2.07139063
314.50412588 -9.09513160 -2.06943005
314.05159457 -8.36630846 -2.06631532
313.64671423 -7.69710297 -2.05823527
313.20461523 -6.97691362 -2.04174048
312.78051551 -6.24714682 -2.01852867
312.34155043 -5.51520942 -1.99094236
311.93041847 -4.79297815 -1.97660407
311.46960486 -4.02647416 -1.96390538
311.00466898 -3.23214884 -1.93963722
310.55313418 -2.45641865 -1.92022073
310.09593351 -1.67238570 -1.90001472
309.62953443 -0.88938354 -1.87647232
309.17513792 -0.10881533 -1.86741645
308.73998697 0.68127375 -1.85547496
308.25460112 1.53869317 -1.84725271
307.80637529 2.35946003 -1.81185093
307.37638486 3.17490020 -1.78393184
306.93767586 3.99856677 -1.76110502
306.51651385 4.83136781 -1.74539478
306.10382089 5.65576142 -1.73508120
305.72096918 6.46207994 -1.71096346
305.34304051 7.30509401 -1.67815285
304.97520293 8.14979590 -1.64803547
304.60928417 8.98414690 -1.63310353
304.25856695 9.83466838 -1.59982434
303.92674454 10.69050175 -1.58144230
303.59003117 11.56480921 -1.56954050
303.26557997 12.44976670 -1.55289920
302.93419921 13.33037407 -1.53359438
302.58035517 14.22038702 -1.51602384
302.20752212 15.11556299 -1.50337092
301.84925534 15.98846911 -1.49862836
301.51775744 16.88927938 -1.49097965
301.15969279 17.78070279 -1.47040459
300.78708501 18.64693007 -1.46511260
300.42090997 19.52172799 -1.45622316
300.04583386 20.40381118 -1.44707302
299.64257070 21.27644768 -1.42043205
299.24120565 22.15675337 -1.39066256
298.86188776 23.01415901 -1.35559800
298.47164415 23.87182214 -1.33329716
298.04860407 24.75494644 -1.31189123
297.59626523 25.61724797 -1.30059931
297.15747066 26.49095595 -1.29175326
296.70337793 27.35494777 -1.27263605
296.23753110 28.24768012 -1.25080814
295.79012728 29.12471964 -1.23497322
295.32705785 29.99919375 -1.21953186
294.84995216 30.84350752 -1.20487110
294.39206375 31.69069863 -1.21156317
293.92243851 32.51389693 -1.20480376
293.43556468 33.34164695 -1.20208193
292.97128742 34.16354247 -1.19129142
292.50001720 34.99395339 -1.18100586
292.03345490 35.81629222 -1.16780119
291.59296360 36.62471623 -1.14073192
291.13323728 37.44422732 -1.13933416
290.69186026 38.25409709 -1.12280430
290.23308471 39.08868550 -1.09941533
289.78730257 39.91678839 -1.06976470
289.35721932 40.74452290 -1.05135752
288.92616520 41.53380016 -1.03968376
288.49397775 42.33812157 -1.02674901
288.07884240 43.12938250 -1.01347361
287.65122177 43.93617495 -1.00252783
287.22543270 44.71091383 -0.99511912
286.77745200 45.50814419 -0.97204562
286.34393835 46.30845142 -0.95726912
285.90781968 47.06888588 -0.93847620
285.48557945 47.83027147 -0.92642718
285.06810782 48.58375888 -0.90848634
284.65210429 49.31046937 -0.89662384
284.25730648 50.02842622 -0.89960137
283.87085447 50.73731172 -0.89025729
283.48666362 51.42029077 -0.86250369
283.11486853 52.08723721 -0.84357352
282.74658058 52.73123082 -0.83150651
282.40206990 53.37610508 -0.83127428
282.02527946 54.00989095 -0.82467078
281.66469323 54.62699126 -0.82277066
281.31331449 55.23381751 -0.82026731
280.96171267 55.84000779 -0.80793456
280.62959844 56.40092687 -0.79517639
280.28082186 56.99112539 -0.79364228
279.95972206 57.55369467 -0.79331908
279.68618819 58.06895863 -0.78518428
279.39796201 58.56889033 -0.77152635
279.11533489 59.05869547 -0.77047603
278.84986801 59.50219802 -0.77200489
278.60559998 59.94254582 -0.76305724
278.35556042 60.40294696 -0.75889789
278.13379195 60.80391530 -0.73863088
277.93518966 61.19275965 -0.73137097
277.73599566 61.57118710 -0.72797460
277.55725131 61.92459561 -0.71759940
277.39149196 62.26690419 -0.71378315
277.21903754 62.59940544 -0.70454615
277.04554186 62.93998480 -0.68517762
276.93259348 63.16926362 -0.67693306
276.82298612 63.38297820 -0.67626781
276.73406390 63.58033504 -0.67753992
276.64582015 63.78346823 -0.67648515
276.56338648 64.00268850 -0.67029506
276.47764462 64.22795561 -0.67198576
276.39802098 64.42892478 -0.67895934
276.31800512 64.64864279 -0.68223359
276.24042692 64.89345679 -0.68868488
276.17203088 65.10586659 -0.68026683
276.10671853 65.28306480 -0.67369339
276.02002964 65.49423520 -0.66282793
275.94359472 65.72304054 -0.66086471
275.86160541 65.94106909 -0.66956900
275.79610032 66.16912912 -0.67532443
275.71388886 66.43658503 -0.67217402
275.63216301 66.70411758 -0.67077149
275.54491201 67.01810394 -0.66481587
275.45541616 67.37077376 -0.65448827
275.35147711 67.73249579 -0.64671846
275.23081857 68.11978070 -0.64558975
275.13009320 68.53586728 -0.65392361
275.01353408 68.98457133 -0.66042144
274.87355802 69.43794546 -0.64068908
274.78642408 69.93137635 -0.62568329
274.66210514 70.43815290 -0.61160558
274.50715113 70.93914132 -0.59277070
274.33029143 71.44670816 -0.59227535
274.20253872 71.99975648 -0.59482349
274.07275679 72.57175958 -0.60168373
273.89553172 73.11695586 -0.59577790
273.72050022 73.70308632 -0.60180843
273.51823878 74.28686474 -0.61187692
273.29699429 74.89729976 -0.62412470
273.08040558 75.50205609 -0.62217836
272.85545939 76.11628344 -0.62562966
272.60889470 76.76028913 -0.61453734
272.37155446 77.40049441 -0.61285510
272.11760165 78.05400033 -0.61249641
271.83324763 78.68977563 -0.62870785
271.53997556 79.36173316 -0.61120882
271.21520645 80.04951331 -0.59851441
270.89740225 80.74409634 -0.60516593
270.59725061 81.42535954 -0.59472226
270.27510140 82.13228955 -0.59308872
269.92429060 82.84718980 -0.58385519
269.56656682 83.55918464 -0.57758724
269.23594579 84.25681852 -0.57218709
268.88261575 84.97448778 -0.56720851
268.52451634 85.70677596 -0.56236696
268.17484491 86.42754439 -0.56391807
267.80351961 87.21156379 -0.54955037
267.44456806 87.94775773 -0.53892196
267.05654972 88.73272113 -0.51942691
266.66949675 89.50765356 -0.51228999
266.28571553 90.27723915 -0.50354475
265.89500543 91.04253791 -0.51082506
265.51963317 91.80062955 -0.51532952
265.13512449 92.60698893 -0.50293120
264.76046367 93.40111181 -0.48689978
264.37688237 94.16351233 -0.48334059
263.97680817 94.93504728 -0.46979618
263.57650190 95.70430084 -0.46324082
263.20276682 96.45265180 -0.46668959
262.82565808 97.21624600 -0.44460151
262.44376049 97.94359407 -0.42874343
262.06267279 98.65227991 -0.42276904
261.69322221 99.39223649 -0.42643582
261.30869497 100.15651027 -0.41690104
260.93350860 100.89206274 -0.37887695
260.55519889 101.62733069 -0.36874825
260.17549629 102.32227448 -0.37345488
259.82739823 103.01592182 -0.36182086
259.46439044 103.70367749 -0.35262362
259.11950642 104.37424098 -0.34195144
258.79010039 105.02247063 -0.32680160
258.45233989 105.63872065 -0.30820420
258.10425006 106.25539403 -0.30027404
257.76794198 106.86166455 -0.29063130
257.43251729 107.43847221 -0.27288942
257.13216018 107.96637879 -0.27611413
256.82848313 108.49615655 -0.28497640
256.53158696 108.99359259 -0.29348923
256.20013861 109.51758229 -0.27793812
255.88322709 110.03043673 -0.27431234
255.56935226 110.52015954 -0.25696512
255.24565670 110.98479200 -0.24242463
254.92379088 111.39675046 -0.23292226
254.57989036 111.83632690 -0.20830076
254.21157704 112.25633862 -0.19267990
253.84916282 112.65932001 -0.17707647
253.45426986 113.04221382 -0.16512529
253.07348694 113.39499609 -0.15137525
252.64435490 113.77132121 -0.13914346
252.19045362 114.12855096 -0.11939000
251.72624648 114.47285343 -0.11797700
251.27056200 114.80019388 -0.10490568
250.79313545 115.12490320 -0.09324349
250.27321367 115.42649356 -0.07420736
249.77897680 115.71024360 -0.05830287
249.22782639 116.01884574 -0.04849980
248.67048728 116.30429814 -0.05741631
248.11716463 116.58166479 -0.05890862
247.53488865 116.88754815 -0.06651968
246.92284728 117.23168363 -0.06105451
246.28598853 117.54271426 -0.06345190
245.65070825 117.86771245 -0.06531668
245.00647558 118.21947011 -0.07402297
244.35383160 118.57815291 -0.07239805
243.64755823 118.93648379 -0.06910477
242.96142312 119.30260041 -0.07503013
242.27226984 119.65596383 -0.07135274
241.57762016 120.02091463 -0.08331890
240.86976595 120.37323158 -0.08277451
240.12833852 120.74120308 -0.09797952
239.37682579 121.15352964 -0.10338435
238.60112679 121.56649040 -0.09016784
237.78814892 121.99784156 -0.09362065
236.96703777 122.43694423 -0.08363522
236.15735625 122.85506218 -0.08067755
235.33652396 123.28654329 -0.07895515
234.51321041 123.72634343 -0.09867379
233.68885532 124.18447132 -0.10918727
232.88817629 124.62159761 -0.09200179
232.05952692 125.09376196 -0.10239361
231.21960017 125.54786575 -0.07287656
230.35765010 126.01432229 -0.03977980
229.47106592 126.49454739 -0.01680641
228.57733226 126.99423473 -0.00154494
227.69905384 127.44838883 -0.00967858
226.80101191 127.92313092 -0.02138490
225.89818964 128.42092378 -0.03312769
225.00524998 128.89476301 -0.03186764
224.07941150 129.36766249 -0.02571815
223.15037617 129.84249539 -0.01399608
222.27737625 130.29732319 -0.01278704
221.36738831 130.76119736 0.00233666
220.46741472 131.22492773 0.00421232
219.59910810 131.66112021 -0.00672351
218.70013840 132.11988064 -0.01106517
217.81939139 132.54364190 -0.00171182
216.94311241 132.99469337 0.02896108
216.02929841 133.43260531 0.04486259
215.12674943 133.87762799 0.04657342
214.27572847 134.28898624 0.04698749
213.43112736 134.71728211 0.04402218
212.56019997 135.14604273 0.04036433
211.70530246 135.57928174 0.05315979
210.83125906 136.01228508 0.06273798
209.94863261 136.45552210 0.09852836
209.06408964 136.87249068 0.11965342
208.18692447 137.29751151 0.14393060
207.30534394 137.71589527 0.13732484
206.47305147 138.11881558 0.14996556
205.62505589 138.53583101 0.15920945
204.76624631 138.92876475 0.17440267
203.90946613 139.34659571 0.18368792
203.04016592 139.76110181 0.20410311
202.19140175 140.15338823 0.20509322
201.32427477 140.55474632 0.20893197
200.50109321 140.93364866 0.21501810
199.66923474 141.30640123 0.22354201
198.83375288 141.70000706 0.23377450
198.00874793 142.06242738 0.23516904
197.23569462 142.41241821 0.23328600
196.47995617 142.76375644 0.24309201
195.69933687 143.10301222 0.24229772
194.93650524 143.43463638 0.25243755
194.18660051 143.78645782 0.26617786
193.46643517 144.10953684 0.27989092
192.74840905 144.43166369 0.29408264
192.09859439 144.74557887 0.30624496
191.44940752 145.02405394 0.30415098
190.83367423 145.30403808 0.30845024
190.22057201 145.57657074 0.31079083
189.63208527 145.85637541 0.31853032
189.04341988 146.13595115 0.31127121
188.48852209 146.42291706 0.30633619
187.93446084 146.69949413 0.30534025
187.15510042 146.98489026 0.33231663
186.63198336 147.28322490 0.33732532
186.12948060 147.57374869 0.33310890
185.64782410 147.88486509 0.32793481
185.16978511 148.20784448 0.31905425
184.69488308 148.55368982 0.31425018
184.22174486 148.91460320 0.30148556
183.78445645 149.29835108 0.29268697
183.36348055 149.67050732 0.28358343
182.94312901 150.07019059 0.28522840
182.52876049 150.49632688 0.27874668
182.13542349 150.94745759 0.26779396
181.78224546 151.40061489 0.26231750
181.48092603 151.89090035 0.26297898
181.19373776 152.40517763 0.24539422
180.94115364 152.94676226 0.24690448
180.72012233 153.46669269 0.24570277
180.52796808 154.01839309 0.25317414
180.35983494 154.55631776 0.23807355
180.23036520 155.13524109 0.20796575
180.15234246 155.71105385 0.20014681
180.10050622 156.31811550 0.21119525
180.07106180 156.95447005 0.22483205
180.04931884 157.58170997 0.23003734
180.07697221 158.21175382 0.23090797
180.10857209 158.81551753 0.24045145
180.20133449 159.47997087 0.24904268
180.30252692 160.12394003 0.23743985
180.47702726 160.79081096 0.24833264
180.65535883 161.45672181 0.25660972
180.86578864 162.10993214 0.26063471
181.08868370 162.76956219 0.27978804
181.32799829 163.43917180 0.30408424
181.59280405 164.13400134 0.31585170
181.86210493 164.82205233 0.31986427
182.15392900 165.48427589 0.31798935
182.44981476 166.16787827 0.30846297
182.73943142 166.85219562 0.30995843
183.04280597 167.54111307 0.30575695
183.34155152 168.20809250 0.31010860
183.66138347 168.93795747 0.31580714
183.97501393 169.66699678 0.31562451
184.30411764 170.36781092 0.32275951
184.59068185 171.04427679 0.32317051
184.88493770 171.73759426 0.31673775
185.22258492 172.46631117 0.33844597
185.53727549 173.19427100 0.35641017
185.87003264 173.93324470 0.38749594
186.21428546 174.72290173 0.41208632
186.55092325 175.49574409 0.43798070
186.88953197 176.29884766 0.45091520
187.23393146 177.06359092 0.45247028
187.55820343 177.85218955 0.45392253
187.91881103 178.65913524 0.44677983
188.27797599 179.47431370 0.43759100
188.63665520 180.31023567 0.43337076
188.99991226 181.15826704 0.44124443
189.37751488 182.01956218 0.46192401
189.76196964 182.90072474 0.47787266
190.16388982 183.80643783 0.47894058
190.56775907 184.70965737 0.48251729
190.97078145 185.59452550 0.47938893
191.38735614 186.50632277 0.47921276
191.79711381 187.40943420 0.46334585
192.22060075 188.34857982 0.45062458
192.65079303 189.29529007 0.46276770
193.08711802 190.24458647 0.48077657
193.52504436 191.21128943 0.48587826
193.94454181 192.16392279 0.46982866
194.38299638 193.12065703 0.46162814
194.82694043 194.08280016 0.45650368
195.27325093 195.04794130 0.46417173
195.71440556 196.02451039 0.47000526
196.15577661 197.00908109 0.46978870
196.60379468 197.99825679 0.46707470
197.04065805 198.97615350 0.46347854
197.49329256 199.95771580 0.45191171
197.94288348 200.93829809 0.44187121
198.39541656 201.91109067 0.42898266
198.84059092 202.86216714 0.42494481
199.29785740 203.82746864 0.42718199
199.74097029 204.77350884 0.42335437
200.19123603 205.74053830 0.42389228
200.64116919 206.70093298 0.42851532
201.08191578 207.67716828 0.43440098
201.51982257 208.64295214 0.43243941
201.95735796 209.60516130 0.41659952
202.38853382 210.55206968 0.40081610
202.82782570 211.49087327 0.39802048
203.26589281 212.40132539 0.39761247
203.70711461 213.33440997 0.39719153
204.15080524 214.26428189 0.39558391
204.60632607 215.23165055 0.39057618
205.05854326 216.18390998 0.38502366
205.51184458 217.14285649 0.38201061
205.96487233 218.08485686 0.37781270
206.41519510 219.02807659 0.38701611
206.86401802 219.95014768 0.38788079
207.30785850 220.89189782 0.38462967
207.76888249 221.81019813 0.37692292
208.21096059 222.70413033 0.36655021
208.64263907 223.59152938 0.36186175
209.06617739 224.51871933 0.35838936
209.51368618 225.41390749 0.35330358
209.95470130 226.33909814 0.35692480
210.39888705 227.28581786 0.34489928
210.83046366 228.22013967 0.32692760
211.25661183 229.14139300 0.31140449
211.69278982 230.08871561 0.29417136
212.12089124 231.01021449 0.27539366
212.54531672 231.91279264 0.26285297
212.96566947 232.82008927 0.26332186
213.37303263 233.72083564 0.24998252
213.79701761 234.64818523 0.23230409
214.20694489 235.56090395 0.23017707
214.61037815 236.48251489 0.23338846
215.01025060 237.40104375 0.24065471
215.39743448 238.30705533 0.23561920
215.78589192 239.21907333 0.22290019
216.15612841 240.12364155 0.21811694
216.52580787 241.03547421 0.21985783
216.89868749 241.94803653 0.19907180
217.28377208 242.86625013 0.19289357
217.67243705 243.78119349 0.17739402
218.05851193 244.67691130 0.17407697
218.45980857 245.59625051 0.16394881
218.87090526 246.51625327 0.16416593
219.28989375 247.42913466 0.15827945
219.70361029 248.36975740 0.15041497
220.14533043 249.31933084 0.13610056
220.56933790 250.23826275 0.11278015
221.00090335 251.16186827 0.08518273
221.45131570 252.10368464 0.06138718
221.89938390 253.01578458 0.03978573
222.35705409 253.96005616 0.04037946
222.80870866 254.85557836 0.03992821
223.24957472 255.71708004 0.04072763
223.69676648 256.61526259 0.03628999
224.15555674 257.52050550 0.04195379
224.61316632 258.42280141 0.04354220
225.07672780 259.33331867 0.03706624
225.54402991 260.24106402 0.03170184
226.01460976 261.11705685 0.04339085
226.48782156 262.01901546 0.03976787
226.95959892 262.89910328 0.02880721
227.41311968 263.76829487 0.00953820
227.88325766 264.64990124 0.00216808
228.34503475 265.52018724 -0.00024275
228.80994179 266.39054314 0.00078819
229.27158174 267.24060042 0.00200390
229.74086074 268.12109379 -0.01022251
230.20419696 268.98926909 -0.02604516
230.66643498 269.86481479 -0.02562352
231.11728381 270.71434685 -0.03641493
231.56910006 271.53745597 -0.05271172
232.02083238 272.38183703 -0.06360187
232.44685580 273.18115617 -0.06768946
232.88214461 273.99113233 -0.07943604
233.30818054 274.78130211 -0.09050170
233.72269321 275.56836640 -0.09395904
234.14459379 276.33702837 -0.09575178
234.56081990 277.08719918 -0.11080156
234.97120162 277.82609374 -0.11964588
235.38718694 278.54681250 -0.12436811
235.80721887 279.27339321 -0.11552807
236.21735129 279.94992658 -0.11591445
236.61072943 280.61948096 -0.11187607
236.99469297 281.26561889 -0.12243075
237.36892204 281.87292308 -0.13909652
237.73909482 282.49478955 -0.15340396
238.10405436 283.08784156 -0.15939361
238.46325239 283.67625228 -0.16036353
238.82120643 284.26740129 -0.16428798
239.18204787 284.85964753 -0.17373294
239.54214668 285.44460049 -0.17859254
239.89287549 286.01942836 -0.16288827
240.24999776 286.59991327 -0.15318058
240.58314267 287.16710131 -0.14746006
240.90752634 287.73772484 -0.15125439
241.22725458 288.31437430 -0.15605356
241.54686393 288.89798915 -0.16070095
241.84669769 289.46501186 -0.15575286
242.13326515 290.05352962 -0.15523427
242.40719207 290.66563818 -0.14525526
242.70847454 291.29259790 -0.14716167
242.99408381 291.91712060 -0.14681154
243.28147087 292.57647192 -0.14976015
243.54846363 293.24320469 -0.14940295
243.83055173 293.93588343 -0.15476244
244.11669076 294.64496213 -0.15828977
244.40452383 295.35642377 -0.14495632
244.70978634 296.09819793 -0.13243813
245.02188815 296.83206454 -0.13740038
245.35486383 297.56711523 -0.14493490
245.69338839 298.33286608 -0.14693207
246.02824011 299.12854338 -0.15923944
246.39242729 299.92771808 -0.15707976
246.76041768 300.70577814 -0.14418064
247.16686115 301.51635586 -0.14045470
247.59017153 302.31439927 -0.14647986
248.02617459 303.14131439 -0.15526100
248.47158610 303.96768363 -0.15833293
248.92732308 304.80039664 -0.14543298
249.39479532 305.65580033 -0.12382186
249.87757625 306.50568060 -0.10901280
250.35957602 307.35414365 -0.09467912
250.85530598 308.21492924 -0.08910937
251.35604629 309.08943965 -0.08555990
251.87270350 309.97724533 -0.08423985
252.39334179 310.87505154 -0.07711390
252.91420528 311.78307555 -0.07489644
253.44042316 312.70181801 -0.07503696
253.97463309 313.65465752 -0.08981832
254.48402677 314.55155662 -0.08628839
255.01961231 315.50673102 -0.08793230
255.53868483 316.43344038 -0.08260979
256.04377307 317.36866552 -0.08310808
256.56099695 318.29818249 -0.06523397
257.06144336 319.24638804 -0.04405714
257.55429963 320.18461601 -0.03706482
258.05023190 321.13937680 -0.03314667
258.55360810 322.09816391 -0.03579445
259.04738840 323.05592066 -0.04301780
259.53568718 324.00601332 -0.04576897
260.01926820 324.94188804 -0.04240605
260.49212505 325.87616942 -0.04609080
260.97684363 326.80265525 -0.04852230
261.45657109 327.75092022 -0.04331151
261.95233394 328.69454529 -0.03431949
262.42674110 329.62587063 -0.02945193
262.89250599 330.54969931 -0.03069003
263.37379450 331.47120069 -0.04140347
263.84257608 332.38217050 -0.04191741
264.31604464 333.27614938 -0.04697674
264.80255979 334.19957683 -0.04868219
265.28658284 335.09028979 -0.03765997
265.75389827 335.97724531 -0.01890541
266.22472700 336.86818261 -0.00126250
266.67819510 337.72955161 0.00944230
267.13381999 338.56698127 0.05259956
267.56917797 339.39801861 0.05318124
268.00867179 340.21034723 0.05173299
268.42831364 341.04574013 0.05109484
268.85125363 341.83329022 0.05478448
269.25327684 342.63717500 0.06076223
269.67278466 343.42758772 0.05969268
270.07928795 344.22112442 0.05982754
270.47743063 344.99671138 0.05048138
270.85813145 345.77149072 0.04203907
271.22167774 346.56456288 0.04527977
271.59073492 347.34299906 0.03282765
271.94487293 348.10140991 0.02376667
272.28387019 348.86178114 0.01355694
272.60737919 349.56488463 0.00050578
272.94117749 350.25598232 -0.00542027
273.23903210 350.92993921 -0.00274917
273.52875343 351.56757116 -0.00214266
273.79540601 352.22869763 -0.00224526
274.04844503 352.85417034 0.00976476
274.28739033 353.41966601 0.00107427
274.50519181 353.99228853 0.00146668
274.70358173 354.52465440 -0.00012032
274.89621371 355.02816755 0.00817939
275.09557682 355.50189979 0.01105385
275.29037709 355.96851701 0.01020333
275.48441912 356.42115793 0.01418879
275.69906222 356.85750140 0.01505072
275.92626077 357.27013414 0.01169036
276.16879787 357.66031720 0.02206343
276.44561739 358.04710241 0.02971249
276.71763307 358.41695050 0.02534260
277.02090892 358.75303838 0.01983172
277.33732526 359.08642111 0.02400636
277.68140657 359.39625931 0.02372419
278.05422447 359.68711926 0.02185789
278.44161096 359.93594536 0.02587996
278.82204749 360.19302380 0.03362976
279.22522052 360.41432547 0.04710711
279.57609991 360.50455845 0.05513542
279.93769174 360.57839186 0.08359327
280.34944158 360.69599874 0.08802535
280.75115146 360.79730237 0.09935261
281.20087256 360.88415123 0.08249016
281.53963904 360.87467925 0.11310695
281.88358800 360.81364813 0.04001112
282.31740187 360.82560706 0.01047786
282.76922947 360.78809833 -0.00264049
283.23999925 360.70737382 -0.00057934
283.70607533 360.59759607 0.00658449
284.17077839 360.46568256 0.01123339
284.68242128 360.31982127 -0.01426127
285.16592742 360.16442486 -0.01680002
285.66345547 359.92395617 0.00321186
286.10809255 359.80881568 0.02103716
286.64246641 359.56974060 0.02489494
287.19299494 359.31390245 0.02374277
287.73271970 359.05471475 0.01972353
288.32993516 358.78999836 0.01422532
288.87659265 358.49685164 0.02750961
289.43279536 358.21681770 0.04471986
289.99932423 357.92402058 0.04364339
290.60555529 357.62955360 0.03460467
291.20488658 357.31790948 0.02568856
291.82165206 357.01133307 0.03177716
292.43381469 356.69616658 0.02268732
293.05776918 356.38748837 0.01654630
293.71968652 356.07092125 0.00673733
294.38555673 355.73937277 0.00117705
295.07062206 355.41062741 0.00648167
295.77214735 355.06150835 0.00558481
296.47529772 354.71394119 -0.00151949
297.21124029 354.34857125 -0.01665357
297.96953576 353.97190029 -0.02822224
298.73426100 353.59395314 -0.03604841
299.50697836 353.20657451 -0.04003563
300.30309908 352.80592787 -0.05273001
301.06783696 352.42069782 -0.06778002
301.85479145 352.02547797 -0.07512173
302.64984860 351.63681367 -0.07540165
303.43528830 351.25658560 -0.06758965
304.25917547 350.84917362 -0.05574141
305.07122558 350.43456512 -0.05224877
305.87859500 350.02149024 -0.05665146
306.70719756 349.59240034 -0.06326981
307.55955168 349.14389591 -0.07595367
308.39960623 348.69909018 -0.07492294
309.25449318 348.26353611 -0.08786330
310.09911802 347.82775140 -0.09797114
310.95154631 347.38533719 -0.10502057
311.82160880 346.94172875 -0.10880545
312.79278116 346.44830662 -0.09152839
313.69001377 345.99681937 -0.06358062
314.52583469 345.56711231 -0.04916357
315.32005279 345.14798427 -0.03059232
316.15285257 344.70038684 0.00627451
316.98145383 344.26178923 0.01477455
317.80951962 343.82132663 0.01090691
318.64031504 343.38126806 0.02411324
319.47484817 342.93778477 0.03176517
320.32718352 342.49405369 0.02349809
321.18363471 342.04661667 0.00812092
322.05371295 341.58786983 0.00137099
322.94986269 341.13459574 -0.00720179
323.82806851 340.66811520 -0.00712130
324.72824141 340.20554402 -0.02248527
325.59239319 339.76109981 -0.03980945
326.42555416 339.32275203 -0.05542122
327.27824783 338.87732249 -0.06832647
328.10253304 338.44868546 -0.06507725
328.95307850 338.01025663 -0.06541529
329.79491561 337.57275865 -0.05610651
330.66504693 337.13403539 -0.03166360
331.49018412 336.70326414 -0.02637174
332.30875934 336.27435465 -0.02830876
333.14903712 335.84267352 -0.03709982
333.97305427 335.41517417 -0.04066807
334.81268717 334.99744418 -0.05073527
335.62410831 334.58324970 -0.04438334
336.42946423 334.16767296 -0.02607190
337.23575778 333.76611957 -0.01367207
338.04676634 333.35449294 0.00045345
338.85464802 332.94034010 0.01119404
339.67979513 332.52606513 0.01732409
340.48670036 332.11708750 0.02526480
341.31450018 331.71466767 0.02891982
342.12339998 331.32954467 0.03630666
342.92364315 330.95295122 0.03433062
343.74977530 330.59636374 0.02608618
344.57936369 330.23126116 0.01833195
345.39464728 329.87655433 0.01661925
346.24161828 329.53650332 0.01074868
347.08822950 329.19999175 0.00740517
347.92103661 328.88600865 -0.00185013
348.76888808 328.58156667 -0.01571339
349.57787407 328.29424165 -0.03053352
350.41566833 327.99263738 -0.03578447
351.23494329 327.71230263 -0.03254144
352.07314141 327.43368719 -0.03170681
352.88257834 327.16697284 -0.03015272
353.68888455 326.90692469 -0.04603183
354.49453778 326.64611492 -0.05962163
355.31364268 326.40930844 -0.06768219
356.12920447 326.17918399 -0.05818468
356.93243032 325.95984754 -0.05274747
357.76123317 325.74573786 -0.05917973
358.56661726 325.54039341 -0.07061100
359.39956769 325.34168025 -0.08083113
360.23233315 325.15340318 -0.08779046
361.06039347 324.97633518 -0.09657718
361.89707042 324.79745751 -0.10720851
362.77346686 324.63251360 -0.11820522
363.60930455 324.47191899 -0.12954858
364.42019357 324.32858677 -0.14064053
365.25668921 324.18042903 -0.16592347
366.07608345 324.04237654 -0.18281703
366.90759289 323.91576962 -0.19130514
367.72749104 323.79970904 -0.19979996
368.56098961 323.68056983 -0.20199217
369.35208259 323.57539914 -0.20400440
370.15108147 323.47078482 -0.21593855
370.95617188 323.36910244 -0.22274982
371.77723235 323.27431452 -0.22371636
372.58470547 323.18740197 -0.20950105
373.38319751 323.10970643 -0.20640225
374.17904912 323.04384115 -0.20509493
374.96385034 322.98296213 -0.20404847
375.76168490 322.92924568 -0.20208344
376.53812486 322.88746830 -0.19648362
377.30636799 322.84969286 -0.19302817
378.08282670 322.82576568 -0.19270075
378.85754616 322.79528344 -0.18540320
379.62233381 322.76897853 -0.18381341
380.41077314 322.75499293 -0.18445914
381.18534090 322.74709457 -0.17376451
381.97379743 322.73878590 -0.16235994
382.73712105 322.74686918 -0.15681688
383.49358463 322.75536879 -0.16568582
384.21869953 322.77486313 -0.17854863
384.94208532 322.80586231 -0.18919975
385.65145237 322.83715919 -0.19912756
386.35137482 322.87704880 -0.20136385
387.04299297 322.92145091 -0.20586986
387.71790015 322.97185939 -0.20952450
388.36507176 323.01628138 -0.21385446
388.98308748 323.07446002 -0.22024985
389.57751077 323.11507219 -0.22918448
390.15597622 323.16477706 -0.23366027
390.71151169 323.20566218 -0.23829040
391.24838864 323.24681638 -0.24145749
391.76653368 323.27880152 -0.24013082
392.26041436 323.30299187 -0.23452472
392.73093091 323.31594184 -0.22995422
393.16712189 323.32366708 -0.22939530
393.58928717 323.31853921 -0.22588199
394.00487413 323.31420888 -0.23307538
394.39441359 323.29918077 -0.23545661
394.79335741 323.28176241 -0.24552899
395.17746782 323.25500473 -0.25198420
395.58552673 323.21149462 -0.26464252
395.97313093 323.16280443 -0.27384564
396.36603805 323.09538709 -0.28866887
396.75082738 323.01780416 -0.29254206
397.12851359 322.91906544 -0.28464328
397.49914653 322.82122171 -0.27586971
397.85166393 322.70860541 -0.26712377
398.20156861 322.59430055 -0.26750475
398.54905518 322.45064671 -0.28164482
398.91164826 322.29029028 -0.28801984
399.26221707 322.10271900 -0.29166792
399.60618812 321.89379704 -0.29771492
399.96682382 321.67065940 -0.28909859
400.32338371 321.43304269 -0.27852249
400.68571733 321.17483578 -0.26714687
401.02752416 320.88145901 -0.25830923
401.37784749 320.56242872 -0.25711071
401.70206369 320.22399139 -0.24988152
402.01624862 319.87128842 -0.24318888
402.31800640 319.47309844 -0.24071772
402.60449407 319.01480219 -0.24719809
402.88268420 318.54222039 -0.24734092
403.14736723 318.02549142 -0.25267383
403.38784469 317.46030803 -0.25047368
403.61662527 316.85220465 -0.24484761
403.80995015 316.21510472 -0.24307734
403.99632716 315.54306444 -0.24210854
404.17012095 314.87028973 -0.23633084
404.32363986 314.17280443 -0.23321512
404.47521012 313.44796088 -0.22898720
404.62344326 312.67905263 -0.22374414
404.75681650 311.89572470 -0.21863867
404.88198839 311.10197603 -0.21003256
405.01994675 310.29012018 -0.20378307
405.15917057 309.41602758 -0.19907836
405.29197344 308.53156351 -0.19593415
405.42486989 307.64951569 -0.19882716
405.55295142 306.73167084 -0.19884703
405.69096300 305.80336064 -0.19668724
405.83183526 304.83367567 -0.18050937
405.96498314 303.87768761 -0.16442063
406.11141253 302.91513952 -0.16326658
406.24041481 301.95218019 -0.14890448
406.35438817 300.97771602 -0.13719526
406.48958601 299.98352288 -0.12836899
406.63199690 299.00570394 -0.11480092
406.76498626 298.02411325 -0.10719172
406.90646726 297.01963851 -0.09328110
407.04503853 296.00581882 -0.08026416
407.18843529 295.02075155 -0.06132073
407.32109319 294.02695876 -0.04843896
407.41770987 293.03653178 -0.04040286
407.52772530 292.04376077 -0.02855441
407.64341785 291.01770865 -0.01790370
407.75590651 290.02316799 -0.01322774
407.87159799 289.01996505 -0.00292250
407.99154805 288.01438468 0.00071376
408.12134023 287.01059319 0.01216236
408.24692034 285.99359992 0.02318939
408.36938895 284.98777935 0.03032802
408.49178250 283.96885294 0.02910377
408.61202509 282.95534389 0.03258473
408.73667635 281.95294725 0.03817456
408.84947139 280.99001342 0.05013517
408.97260713 280.04084760 0.05755547
409.09879530 279.08096858 0.07108772
409.21650633 278.11349971 0.08460392
409.34101034 277.15865372 0.09335581
409.45541360 276.25412892 0.10203957
409.56788417 275.27167673 0.10683444
409.69454519 274.28356913 0.12291791
409.80668648 273.33575123 0.13294410
409.91443181 272.36808753 0.12905643
410.04006967 271.42328656 0.12384778
410.16287944 270.44240341 0.11632212
410.29310624 269.43607380 0.10425813
410.42344354 268.44241537 0.09555585
410.56628067 267.44285464 0.09403007
410.70863619 266.45899367 0.09326303
410.85556234 265.43283079 0.08339455
411.00661990 264.43289562 0.08349349
411.16915788 263.39761882 0.09072246
411.32997656 262.36386597 0.08739530
411.50201575 261.32429389 0.07624599
411.66527598 260.26247123 0.07262252
411.82867274 259.22193643 0.08363913
411.98960084 258.16298006 0.09048221
412.13905093 257.14497071 0.10247579
412.30168121 256.10399054 0.10512362
412.44956459 255.03353284 0.11230841
412.61012144 253.98402723 0.11136618
412.77638175 252.96228273 0.10807514
412.94047289 251.92053640 0.10747862
413.11030599 250.87033088 0.10164963
413.27965252 249.84573005 0.09998882
413.44755811 248.81926444 0.09389254
413.61289233 247.75865975 0.08854518
413.78233389 246.73687772 0.08443635
413.97591961 245.70128254 0.07794441
414.13707078 244.69916811 0.07745422
414.31497295 243.70676196 0.07721183
414.48195811 242.70783442 0.07367358
414.65603360 241.72200975 0.07177217
414.82213949 240.73639437 0.06951032
414.98512728 239.77881440 0.07037200
415.14027743 238.84139761 0.06677512
415.29385164 237.92203898 0.06435920
415.42505341 237.04617296 0.07654138
415.56426217 236.17873419 0.07236030
415.70046892 235.34047837 0.08029304
415.83231028 234.50632445 0.07469908
415.95565139 233.71237994 0.07229904
416.05678664 232.92923292 0.07202857
416.14973923 232.17786849 0.07610498
416.21793621 231.45389404 0.08084105
416.28256816 230.75027913 0.08504823
416.32952599 230.03776342 0.08716416
416.35466482 229.35873643 0.08725557
416.36804947 228.72354091 0.09220468
416.35177218 228.07959937 0.09470312
416.31194473 227.43142466 0.09600058
416.23944397 226.80207043 0.09991330
416.14114894 226.16257730 0.10642654
416.00591168 225.54898959 0.10668762
415.83576450 224.94324216 0.11212071
415.63729398 224.36441859 0.11311364
415.40459783 223.81271463 0.10673456
415.13196276 223.28814576 0.10632308
414.81751134 222.79346564 0.09994456
414.48506923 222.32358163 0.10199854
414.12579522 221.88338531 0.09422897
413.72941830 221.48348062 0.09769108
413.30585028 221.14066271 0.09785944
412.85397991 220.81205978 0.09731131
412.36895700 220.47682123 0.09715052
411.84852166 220.20077422 0.10132525
411.32599941 219.95562882 0.09877540
410.78864299 219.72007393 0.09545069
410.21789799 219.49793482 0.08839445
409.63918171 219.32533566 0.07591359
409.03542465 219.16036483 0.06586629
408.44835131 219.04104689 0.05286402
407.83183416 218.92426326 0.03977128
407.19244874 218.84548465 0.02100105
406.54307820 218.78088681 0.00245937
405.86011387 218.73203680 -0.01547703
405.16577487 218.70891924 -0.03565124
404.46489512 218.74225804 -0.05493373
403.75746394 218.78364030 -0.06256150
403.01279002 218.85421734 -0.07969983
402.27870192 218.94379523 -0.08799056
401.53271471 219.05425200 -0.09007889
400.76334972 219.19502944 -0.10437659
399.97751557 219.35902868 -0.10335906
399.15385737 219.55895347 -0.10384690
398.32892259 219.75451181 -0.10638459
397.49989346 219.97177236 -0.11392781
396.65023753 220.19962804 -0.12843521
395.78548653 220.45264298 -0.13937294
394.91501301 220.71624280 -0.14843891
394.02447134 221.01235516 -0.16327354
393.15103386 221.32036203 -0.17174455
392.28375817 221.63926544 -0.17778346
391.40999771 221.97775907 -0.18693011
390.51608789 222.32738214 -0.19303903
389.58657909 222.69518035 -0.19873896
388.65779781 223.07238988 -0.19837877
387.73019368 223.44687997 -0.18770144
386.74747275 223.85893682 -0.18577966
385.81550450 224.24491282 -0.17339810
384.85615473 224.65605706 -0.16729915
383.87962247 225.06978230 -0.16324283
382.90462725 225.48924110 -0.15450390
381.92895809 225.90371875 -0.13566809
380.94800717 226.31907110 -0.12222694
379.95620911 226.75610772 -0.11451123
378.96203461 227.18810295 -0.09840548
377.98520318 227.60276288 -0.09247700
377.00396129 228.03160816 -0.08452692
376.00123375 228.47748435 -0.06488106
374.98945565 228.93716364 -0.05241430
373.99104097 229.39108606 -0.04373773
372.98620341 229.85679865 -0.03170919
371.96246431 230.34217302 -0.01883341
370.94242583 230.83050784 -0.01020085
369.90460614 231.31573024 0.00035661
368.87169311 231.81071195 0.00812027
367.86522196 232.28321920 0.02169358
366.87414857 232.76722541 0.02441060
365.85876853 233.26293508 0.03441361
364.85313268 233.76227772 0.04257521
363.84343256 234.27003278 0.04599879
362.84018622 234.75650307 0.05796690
361.84215829 235.26371018 0.06614402
360.82028455 235.78019477 0.07074676
359.80792194 236.29444082 0.07625266
358.79320529 236.81368168 0.07297856
357.79502422 237.32041306 0.07741415
356.77615856 237.82592647 0.08593435
355.80038131 238.30900684 0.08191899
354.83864061 238.79155711 0.08972374
353.87071959 239.28318428 0.08442302
352.92556254 239.78141761 0.09133337
351.98602294 240.26809426 0.09342132
351.06200230 240.76316611 0.09170978
350.12540293 241.24665942 0.08489268
349.18785723 241.72338869 0.08126843
348.24264147 242.21240677 0.06519434
347.31009208 242.68655353 0.05388719
346.39391367 243.17452607 0.04445493
345.46386218 243.65580004 0.04478377
344.54963534 244.12052477 0.04601638
343.63009033 244.60239304 0.04147962
342.73011101 245.06577478 0.04364182
341.79804175 245.56907518 0.04300985
340.89304939 246.05018818 0.04477450
339.96788440 246.54713264 0.03706958
339.08471552 247.02087239 0.04235959
338.19151303 247.50529121 0.05420088
337.32099015 247.97746614 0.06673455
336.46062415 248.44262886 0.06655214
335.61434089 248.91034040 0.06225863
334.80433487 249.34282726 0.06282152
334.02284051 249.78235097 0.05801439
333.26116064 250.20862834 0.05984749
332.52535404 250.62682446 0.06657778
331.80562263 251.04605272 0.07367581
331.08671599 251.45095514 0.07960653
330.39600987 251.84851010 0.07882567
329.71365427 252.23917854 0.08296023
329.03333871 252.62287056 0.08928460
328.37586758 252.98869560 0.09376740
327.74894209 253.33800290 0.09564779
327.12125848 253.66444618 0.09487662
326.51291697 253.98376648 0.08790903
325.91075919 254.27782846 0.08984998
325.31554951 254.55889069 0.09158904
324.74846930 254.82031533 0.09198691
324.19866947 255.05800319 0.09144886
323.67471703 255.27664713 0.08980560
323.15995620 255.46054352 0.08960482
322.67825491 255.61140011 0.08607727
322.19139335 255.72533695 0.08465890
321.72513068 255.81542319 0.08149838
321.26248561 255.88523009 0.08229077
320.79494474 255.92486986 0.08497857
320.33819301 255.93177532 0.08854805
319.90639407 255.89674099 0.09462459
319.48406616 255.82295600 0.09440563
319.06843248 255.72511573 0.08812609
318.65880370 255.59886729 0.08840580
318.26368242 255.43542024 0.09289518
317.86870740 255.23575781 0.08907374
317.48157048 255.00203447 0.08691998
317.12046659 254.75333273 0.09009606
316.74587540 254.46504463 0.09102858
316.36491748 254.14038538 0.08131641
315.99128561 253.78198386 0.07165833
315.64570653 253.39811144 0.05622579
315.29251184 252.99720084 0.04442374
314.94331242 252.56273466 0.03309940
314.60711020 252.12254145 0.03390633
314.27298575 251.66491606 0.03844557
313.92107831 251.18263263 0.03849457
313.59768579 250.68640400 0.02968908
313.25333290 250.16684070 0.01588806
312.91380113 249.62970789 0.00533365
312.56575297 249.08106112 0.00404865
312.22728536 248.52637138 0.00135411
311.86392953 247.93054811 -0.00284484
311.51012934 247.33475046 -0.00854747
311.14214574 246.71980873 -0.02100400
310.76472874 246.09976897 -0.02476259
310.37824272 245.44730201 -0.02448301
309.99337757 244.78206983 -0.02451840
309.59350564 244.08403904 -0.03014812
309.19750503 243.37595358 -0.03080818
308.79129278 242.66003698 -0.03361509
308.39101985 241.93440523 -0.02812348
307.97879093 241.18860001 -0.02691693
307.56590945 240.43780012 -0.01691411
307.13851548 239.65696440 -0.00770469
306.70652315 238.86011938 0.00972969
306.26460241 238.04517883 0.01139174
305.83683111 237.23324739 0.01736241
305.40470299 236.38135614 0.02104575
304.97310165 235.52537473 0.02183228
304.52395935 234.64042950 0.02190656
304.06543244 233.75666576 0.00918106
303.60288145 232.84798884 -0.00447738
303.14078708 231.93068089 -0.00902952
302.64969315 230.98460726 -0.01002452
302.17246948 230.04580613 -0.00994660
301.67722421 229.08061918 -0.02327336
301.20416374 228.13008311 -0.02942905
300.70287646 227.14729802 -0.02848156
300.20888888 226.17567820 -0.03837368
299.71687568 225.21562648 -0.04431365
299.22849188 224.26580896 -0.02696656
298.75356748 223.32510833 -0.01734227
298.28797027 222.37602354 -0.00314782
297.81132307 221.41853954 0.00473922
297.35135571 220.47129993 0.01273583
296.86856660 219.50899319 0.01297948
296.37344719 218.54528524 0.02181124
295.87155734 217.57529404 0.03482041
295.37567279 216.61276613 0.04939037
294.87669877 215.63796772 0.04865579
294.40075843 214.69584927 0.04755454
293.92551124 213.76626511 0.04692658
293.44863223 212.82493937 0.04131396
292.97031878 211.87770742 0.05304676
292.47315304 210.91786711 0.05809441
291.99824333 209.97360357 0.05435623
291.50522244 209.00470287 0.04915472
290.99583312 207.99603698 0.04993568
290.47275365 206.98157834 0.04932641
289.93015091 205.95638228 0.05352169
289.39728768 204.96127314 0.05025362
288.87339092 203.96495584 0.03836360
288.34925716 202.96740868 0.02310619
287.82025802 201.96980407 0.02088114
287.30486202 200.99193625 0.02194373
286.78012469 200.00201760 0.03042920
286.26935568 199.00980645 0.02429943
285.74373940 198.00235916 0.02667984
285.22212071 196.98392736 0.03576281
284.70600847 195.96944322 0.04030741
284.17995198 194.94337696 0.05204925
283.66672353 193.93479670 0.05438810
283.14430488 192.93097354 0.05385263
282.62457028 191.93142992 0.04722123
282.09858415 190.92558782 0.03356689
281.57518536 189.94529528 0.02761981
281.04770015 188.95982531 0.02415289
280.49569906 187.93209727 0.02204967
279.95226461 186.91339934 0.01997358
279.42111972 185.90368023 0.02536457
278.87806609 184.88898789 0.03486560
278.34598773 183.87713657 0.04746071
277.81904480 182.87756289 0.05398901
277.26389005 181.84039410 0.05584867
276.74523458 180.84764353 0.04451952
276.21698114 179.83178773 0.04225122
275.68237831 178.78940228 0.04635664
275.14892447 177.74797132 0.06625188
274.62403513 176.72134394 0.08531465
274.08661564 175.67753371 0.09315642
273.55373914 174.64316657 0.09212946
273.01637480 173.60349701 0.08211662
272.48696932 172.56584968 0.07629476
271.94764647 171.51895900 0.07432276
271.43821848 170.50268390 0.07006662
270.91794618 169.48319083 0.07037023
270.40292352 168.46042198 0.07699745
269.87267861 167.43722216 0.09311542
269.34084909 166.38655838 0.10984263
268.80530273 165.32786975 0.11669016
268.28671948 164.30268544 0.12170038
267.77804650 163.29436349 0.11014868
267.26985356 162.30298267 0.09549544
266.75376081 161.30717726 0.09673973
266.24374404 160.31545203 0.09481858
265.73517633 159.31692766 0.11369089
265.21994786 158.30822731 0.13535070
264.70765758 157.29396840 0.14447365
264.21289606 156.29656309 0.14106213
263.72061404 155.31478956 0.13190888
263.21299195 154.30299457 0.11630221
262.72633665 153.31608432 0.07888586
262.23716279 152.33678258 0.05984547
261.76015440 151.37907613 0.04765498
261.30265753 150.43352666 0.03937539
260.82460195 149.48226479 0.03975781
260.34093439 148.52595630 0.05665096
259.86434075 147.58942910 0.07148592
259.39630712 146.64493487 0.08038826
258.93746116 145.71758469 0.07844708
258.48138749 144.80459302 0.06941806
258.03834804 143.90649375 0.04819723
257.60477892 143.01551065 0.04107223
257.15317582 142.10307784 0.03515406
256.72159361 141.19754005 0.03865412
256.28907358 140.30079398 0.04840331
255.86870591 139.41750559 0.06307247
255.42841097 138.53479220 0.08335959
255.03992203 137.70855691 0.07308543
254.67610645 136.93460047 0.07088426
254.30876234 136.15646185 0.06777771
253.94782383 135.38357413 0.07426571
253.57938556 134.59506073 0.07479545
253.23343859 133.85592978 0.07716795
252.89199717 133.11964557 0.08731229
252.56099598 132.40480403 0.09287061
252.24294284 131.72426385 0.09855288
251.94292500 131.06729238 0.10367300
251.65738054 130.42745655 0.09816651
251.38340434 129.79764420 0.08705803
251.12751186 129.21365958 0.09658978
250.88741536 128.61886530 0.10423423
250.64280281 128.03736919 0.11119304
250.40486508 127.47382641 0.10535697
250.16929738 126.93361211 0.10436511
249.93870562 126.41299625 0.09334927
249.70475869 125.90596478 0.08444156
249.48038437 125.42494123 0.07622093
249.24331281 124.93775889 0.06217548
249.01558482 124.49373462 0.05241568
248.79831794 124.08745157 0.04881016
248.55229526 123.68745573 0.05200065
248.32522926 123.30962015 0.05427286
248.06407609 122.94892254 0.05885300
247.80140549 122.58072183 0.05425482
247.52461199 122.24750099 0.06052289
247.23374688 121.93056612 0.06211089
246.93848140 121.62689797 0.06768257
246.63821675 121.33354968 0.06913098
246.31860331 121.07091760 0.07391874
245.99073929 120.80801810 0.07668081
245.64042540 120.57160613 0.07649758
245.28186803 120.35852690 0.07343954
244.88614250 120.14080065 0.07086970
244.49171414 119.95703488 0.07401650
244.09160898 119.77094428 0.06890896
243.70347084 119.59838029 0.06580433
243.25918702 119.47637107 0.06220957
242.81274597 119.39985612 0.03776514
242.34560347 119.34218605 0.03431663
241.83479919 119.29241669 0.02355206
241.32897319 119.28138418 0.02088811
240.82953972 119.26920906 0.02174299
240.30962841 119.29348697 0.01234451
239.77011169 119.37129378 0.00218442
239.23826109 119.46721827 0.00132924
238.68172231 119.58659235 0.00349679
238.12342291 119.72596540 0.00710035
237.55803486 119.90248392 0.00079512
236.97228576 120.09679993 -0.01037264
236.41490583 120.31873634 -0.02201131
235.82310591 120.54909792 -0.03106540
235.22763538 120.81851839 -0.03190419
234.61979478 121.10325177 -0.02326424
233.99435683 121.41653039 -0.02639984
233.35666246 121.74597279 -0.03090639
232.70627910 122.08506024 -0.02968533
232.03449987 122.43126895 -0.02519488
231.34653576 122.80370753 -0.03510118
230.66313788 123.17758214 -0.04665644
229.94700590 123.57351242 -0.05203451
229.22694583 124.00039120 -0.05388768
228.48401258 124.43648767 -0.05553393
227.74403080 124.87192531 -0.04968539
226.96901229 125.31779725 -0.02734287
226.18029634 125.77613289 -0.00868865
225.37624579 126.24662097 0.00473801
224.55046652 126.72580487 0.01710563
223.71251790 127.21053924 0.00253257
222.86569504 127.69394262 -0.00573850
222.00204521 128.20280233 -0.02151935
221.11603516 128.70919328 -0.01010932
220.21222508 129.21513757 -0.01361088
219.31400584 129.70843928 -0.00037528
218.42040315 130.20896275 0.00154041
217.53044731 130.70249528 0.01790869
216.65485396 131.17300690 0.00498668
215.76675195 131.66453796 0.00522946
214.91605526 132.11785102 0.00131783
214.05941298 132.57515396 0.01382630
213.20131396 133.03454848 0.02856576
212.31406639 133.49067736 0.04058311
211.44089034 133.94178695 0.04992508
210.58717138 134.38094881 0.06005095
209.71413673 134.79847629 0.05276387
208.87212850 135.22608453 0.05951948
208.01094566 135.65538045 0.06415874
207.16562328 136.08462061 0.08859808
206.29267038 136.50706534 0.09620899
205.42587613 136.94060190 0.12540051
204.56580509 137.35767532 0.14471861
203.67365989 137.78423718 0.14312368
202.77663441 138.22770953 0.13534835
201.88828278 138.63708670 0.13584292
201.00243635 139.04654782 0.12457665
200.16130256 139.43850189 0.12091458
199.28553330 139.85573631 0.12216256
198.43931207 140.25785444 0.13409301
197.56386466 140.65594942 0.12854561
196.68572640 141.05362475 0.13035922
195.84001489 141.45335112 0.13493769
194.97548352 141.85892398 0.14225715
194.11343386 142.26829536 0.14374795
193.29021342 142.63551840 0.14223049
192.51658886 142.99321803 0.15347513
191.70025790 143.36015417 0.16173078
190.89956790 143.71897021 0.17341572
190.13931745 144.08519894 0.18456039
189.40517340 144.41625331 0.20131582
188.67107311 144.75375255 0.20639093
187.99332310 145.08291658 0.21967416
187.34996661 145.38879211 0.22260347
186.73335378 145.69140558 0.22931507
186.11599044 145.98485285 0.23977191
185.56899799 146.24210490 0.24512025
185.04136793 146.49453809 0.25094492
184.52322381 146.75842868 0.24462443
184.04562528 147.00596207 0.23870605
183.56056521 147.27174119 0.24174829
183.11995957 147.51613635 0.25011068
182.68890206 147.75624274 0.24975866
182.26128617 148.00532660 0.25207299
181.83167552 148.24584937 0.24859645
181.43670814 148.49440424 0.24859823
181.03792353 148.77567200 0.24829160
180.61909458 149.05327168 0.24930796
180.23007971 149.34709993 0.24428941
179.85619179 149.65532096 0.24905582
179.50314546 149.96506483 0.23771000
179.15173162 150.30617764 0.23110529
178.82466810 150.67058217 0.21936654
178.49671347 151.02022950 0.21424417
178.19023806 151.39317819 0.21151365
177.89061684 151.75564341 0.19029457
177.61940137 152.17900327 0.18786776
177.35311421 152.60198749 0.18229336
177.11116574 153.05421571 0.19444093
176.86836946 153.50776310 0.19249335
176.64674847 153.94875268 0.19103216
176.47044681 154.41400626 0.19510887
176.31282953 154.89819418 0.18843987
176.17501462 155.36519091 0.18129662
176.06769720 155.86807118 0.15821406
175.98459467 156.36739216 0.14357249
175.94270289 156.87302325 0.13458467
175.91115898 157.40898460 0.13685792
175.90845481 157.92256272 0.14275148
175.90886377 158.42116578 0.15532332
175.91891840 158.90128603 0.14532829
175.98337837 159.41246919 0.13981879
176.07452052 159.92411395 0.14528962
176.18372199 160.43610375 0.15431618
176.29786014 160.93268717 0.15329253
176.43424195 161.42563382 0.14047067
176.58850681 161.90018403 0.14439474
176.75893398 162.37567807 0.13382546
176.94010438 162.84037031 0.12954655
177.12505546 163.30015438 0.12821749
177.35222624 163.78049093 0.12809518
177.58858169 164.26361210 0.13424499
177.81331709 164.73022816 0.14030324
178.04308352 165.18774389 0.14642657
178.27787490 165.65170570 0.13700694
178.52736786 166.11311481 0.12225003
178.78117773 166.57592817 0.11563489
179.02262387 167.04187948 0.11132869
179.24769612 167.49459454 0.10235963
179.48022855 167.94298964 0.09001646
179.70383377 168.38202953 0.07782814
179.90708252 168.84966144 0.07477501
180.09839661 169.31310390 0.07507263
180.27957385 169.79033111 0.07566739
180.43699626 170.25387189 0.07664485
180.58594113 170.73789818 0.07780013
180.71457039 171.20082576 0.08055387
180.80757830 171.65230530 0.07579352
180.87017157 172.09537468 0.07520219
180.92204748 172.53013089 0.06821160
180.93941813 172.95852586 0.06680153
180.92859424 173.38785916 0.05083221
180.91194488 173.83715807 0.04388736
180.85505028 174.24859092 0.04240288
180.78067420 174.66542444 0.03937720
180.65989871 175.06892174 0.03338669
180.50491996 175.43790066 0.02692756
180.34426814 175.80057638 0.00626048
180.17265328 176.13718080 -0.01023219
179.98212963 176.49835551 -0.03640576
179.74574482 176.85035962 -0.04127002
179.46768578 177.16293449 -0.05573072
179.14455273 177.48186880 -0.05781835
178.79779184 177.74529735 -0.07581796
178.43931007 178.02627997 -0.08161127
178.03276822 178.34992608 -0.09016382
177.61702080 178.63549384 -0.10238958
177.16691721 178.92047003 -0.12282891
176.71498077 179.17509962 -0.13543085
176.23987287 179.42137652 -0.15683859
175.75560822 179.67410515 -0.17500261
175.25076615 179.94191960 -0.19003578
174.71865973 180.20342388 -0.19833757
174.18889563 180.46251965 -0.20182245
173.62502444 180.72867013 -0.21180470
173.03168634 181.01263799 -0.22300426
172.41980502 181.31770462 -0.22894466
171.79570054 181.65509398 -0.23321420
171.16257916 181.98190492 -0.23564509
170.50849916 182.32253027 -0.24202962
169.84412877 182.65948842 -0.24983346
169.15649933 183.01295479 -0.25251873
168.45357518 183.38464677 -0.26307922
167.73958772 183.74699276 -0.26932972
166.99176839 184.13686072 -0.28033212
166.23071244 184.56055079 -0.28889196
165.48320472 184.93777749 -0.29001225
164.68494981 185.37897082 -0.29854573
163.89577433 185.78596947 -0.30334292
163.06286204 186.22828324 -0.30370669
162.21358934 186.66821903 -0.30179295
161.36632533 187.09973011 -0.31620776
160.50220601 187.54304349 -0.32733558
159.62660649 187.97868547 -0.33269425
158.73839728 188.43070261 -0.33059364
157.84380657 188.91265513 -0.33623811
156.93006194 189.38887700 -0.33589798
155.98839564 189.87736794 -0.35456650
155.04792515 190.37420740 -0.36939047
154.09165585 190.87535905 -0.38650338
153.11677907 191.37177336 -0.38501261
152.15313108 191.87482575 -0.38983587
151.20195188 192.36346872 -0.38790218
150.24004177 192.85910030 -0.38820927
149.28113651 193.36807842 -0.38479937
148.33026768 193.87673138 -0.38243460
147.40209877 194.37941522 -0.37755946
146.43025031 194.92837119 -0.36725030
145.48489817 195.46301530 -0.35949453
144.53197095 195.98911666 -0.36249735
143.57610207 196.50657233 -0.36363043
142.59830955 197.03652208 -0.36474297
141.61839273 197.55584238 -0.37828717
140.67860942 198.05858585 -0.38182451
139.72466387 198.57786495 -0.39879402
138.78867283 199.08506180 -0.40673052
137.87231956 199.58604120 -0.40904102
136.95226005 200.08176049 -0.40993891
136.04735245 200.55889366 -0.39961690
135.12811597 201.05606239 -0.39964477
134.24816267 201.53156960 -0.40360258
133.36381348 202.01197603 -0.41366390
132.50079491 202.47454544 -0.43093217
131.64888292 202.93233274 -0.43905238
130.81406388 203.39095114 -0.45062818
129.99013691 203.85277148 -0.47138507
129.19334402 204.28958929 -0.48742592
128.42568603 204.71149924 -0.50055703
127.68734630 205.13093908 -0.51704224
126.95812540 205.53903997 -0.52917084
126.25714568 205.93610466 -0.54861646
125.56929429 206.31788555 -0.55689835
124.91223529 206.67903968 -0.57113024
124.28081560 207.03602213 -0.58578216
123.67382690 207.36911530 -0.59753149
123.09433409 207.69812147 -0.62064012
122.53659202 208.01312441 -0.63105899
122.00079251 208.31145084 -0.63774949
121.50799652 208.59895077 -0.64691541
121.04131981 208.87455547 -0.66229752
120.62911213 209.11983300 -0.67370975
120.20943077 209.37112421 -0.68695485
119.82978927 209.61245093 -0.69448035
119.47077133 209.83350019 -0.70628849
119.16137642 210.04073967 -0.71125926
118.85992116 210.24494261 -0.72855261
118.57502268 210.44339415 -0.73111797
118.33362173 210.62375950 -0.73458315
118.09712421 210.80645339 -0.73657946
117.89761561 210.96313524 -0.74702492
117.69364828 211.12482299 -0.75175772
117.48832795 211.28697840 -0.75675903
117.29552233 211.43996301 -0.76307678
117.09711407 211.59847572 -0.76959255
116.92967607 211.73535555 -0.76859823
116.75662444 211.89648221 -0.76909248
116.58574240 212.06387096 -0.76814777
116.41023427 212.23258542 -0.76035276
116.23230032 212.40461659 -0.75741615
116.05990938 212.55682747 -0.75848402
115.89667197 212.72193185 -0.76910980
115.70748337 212.92431769 -0.77953319
115.51403295 213.12268294 -0.78754608
115.32949718 213.35760575 -0.78447381
115.13241561 213.60308893 -0.77873315
114.92375696 213.89538307 -0.78182981
114.71893876 214.17491027 -0.78172722
114.52011443 214.47461488 -0.78706090
114.33989007 214.81907255 -0.79611809
114.18281708 215.17195773 -0.79909520
114.02543644 215.55475277 -0.80262056
113.88323515 215.95672354 -0.81830528
113.74874234 216.37821951 -0.83782230
113.64945935 216.81438240 -0.86328429
113.57091211 217.27888357 -0.88278876
113.52058630 217.76334590 -0.90382179
113.51309632 218.30362234 -0.91146855
113.54310148 218.86362351 -0.91406493
113.60488434 219.41330220 -0.92466838
113.68800137 219.97827600 -0.93781793
113.80381883 220.56459010 -0.96083279
113.96243206 221.16842053 -0.97308106
114.15857673 221.78568700 -0.97772988
114.39128161 222.40895212 -0.98443630
114.67024065 223.04796394 -0.98819639
114.97060107 223.68885006 -0.98373474
115.31025700 224.35005731 -0.98151811
115.65872415 225.00889999 -0.98101232
116.03744172 225.70384171 -0.98431649
116.41799170 226.39216539 -0.98783427
116.81309888 227.13365057 -0.99588785
117.20130830 227.85135428 -1.00399650
117.61300663 228.59052333 -1.00660300
118.04089200 229.34365112 -1.00340074
118.47123389 230.10271757 -1.00154489
118.91960695 230.89536422 -1.01343419
119.36379176 231.69863135 -1.02212566
119.82266328 232.50771203 -1.03516948
120.28107339 233.35813256 -1.04584876
120.75102042 234.22631768 -1.05289300
121.22723451 235.10441544 -1.04946271
121.71836049 236.02602305 -1.04731632
122.22675457 236.94947404 -1.06193511
122.73755743 237.88228043 -1.08613707
123.26790198 238.85686125 -1.11247227
123.78678312 239.84148227 -1.12636015
124.31711671 240.87389182 -1.12394598
124.85610306 241.91045228 -1.12230590
125.39550707 242.94694025 -1.11497800
125.93873433 243.97404002 -1.12667428
126.50445930 244.99729912 -1.14804358
127.06892619 246.04706359 -1.17969301
127.64774329 247.11605552 -1.20267729
128.22680578 248.19770086 -1.21079630
128.80297166 249.30320798 -1.21420816
129.38072248 250.42304536 -1.21989943
129.95237209 251.54468185 -1.23321216
130.52512312 252.64793330 -1.25367689
131.08146589 253.74717740 -1.27800725
131.62950023 254.82996861 -1.29097118
132.17469967 255.91600919 -1.30393564
132.73219774 257.04502167 -1.31455166
133.28123890 258.13622567 -1.33599792
133.83740606 259.23999257 -1.35590784
134.40978661 260.39039607 -1.38074682
134.97060412 261.47111576 -1.40853188
135.52046005 262.57089057 -1.43341108
136.07652536 263.65751738 -1.44674669
136.63944386 264.77522309 -1.47911892
137.20223189 265.88639424 -1.49364465
137.78231452 267.00200838 -1.50947392
138.33698143 268.10654045 -1.53115763
138.89716080 269.18688823 -1.54776683
139.45191760 270.27598853 -1.56838049
139.99437749 271.34985146 -1.59875942
140.54867554 272.44729138 -1.63338348
141.09916921 273.54145528 -1.66477217
141.64321960 274.63056488 -1.68521071
142.16541463 275.67137580 -1.72566652
142.63456521 276.76839285 -1.71301315
143.16738907 277.81672041 -1.75507228
143.62055495 278.99892426 -1.92241118
144.17453604 280.14171830 -1.97254313
144.74383311 281.25224235 -2.04704458
145.28672432 282.33647502 -2.11755603
145.80734924 283.52318262 -2.19155754
146.37096977 284.65816696 -2.23617091
146.92584841 285.79945106 -2.29833332
147.30556376 286.85010868 -2.35178159
147.87423019 287.96697113 -2.39838402
148.45612032 289.06295601 -2.42963633
149.03111316 290.20610574 -2.45699522
149.62506827 291.29130650 -2.47405906
150.19019649 292.36212729 -2.52001976
150.61798768 293.38656045 -2.58265694
151.19495041 294.48811594 -2.58675637
151.76407616 295.62108466 -2.59456506
152.34359345 296.68536590 -2.59775439
152.90079439 297.75510133 -2.58836622
153.46919120 298.78621470 -2.62264871
154.03022338 299.83929268 -2.66060650
154.84323773 301.06853734 -2.57710514
155.32646559 302.11430364 -2.57693213
155.87412203 303.16652912 -2.56776205
156.44304577 304.20406986 -2.57092199
156.97196151 305.20666344 -2.58461577
157.50320749 306.14416713 -2.59319531
158.00245617 307.09259584 -2.57316984
158.49583245 308.04498835 -2.50578638
158.96785319 308.94863365 -2.46893047
159.44921628 309.86166518 -2.41194588
159.91035645 310.76116367 -2.33065879
160.37735798 311.66468552 -2.25194617
160.84726525 312.56314588 -2.17007812
161.29826491 313.43222559 -2.07636508
161.73299021 314.26303805 -1.95289810
162.15697089 315.07387221 -1.83425035
162.59599665 315.88393077 -1.68255448
163.03169779 316.68276828 -1.51200126
163.43427280 317.43819785 -1.33737964
163.84036870 318.19612469 -1.14459943
164.23250045 318.88971921 -0.96313105
164.60551291 319.56310680 -0.75122857
164.96734014 320.22000757 -0.55202820
165.30955804 320.85696657 -0.34057937
165.63223719 321.47092238 -0.10954459
165.97522893 322.09621157 0.15218259
166.28796823 322.67683697 0.41617325
166.57937895 323.21479950 0.66330355
166.85754341 323.71057942 0.89639676
167.12771549 324.20876858 1.14272394
167.34991904 324.65129628 1.36362629
167.56077925 325.07606836 1.58913651
167.77540002 325.51060549 1.83509185
167.96246405 325.89426721 2.06427870
168.13516379 326.27664565 2.30983884
168.30227542 326.64597790 2.54912365
168.45946478 327.00106880 2.79363512
168.58997873 327.40553411 3.07292496
168.70106125 327.78354401 3.32234886
168.77061960 328.17274686 3.56344205
168.80937977 328.53743934 3.76158103
168.81649428 328.87358792 3.93707781
168.77414466 329.21960589 4.10220044
168.74098190 329.58869963 4.30039721
168.64830355 329.94693185 4.48002721
168.54706106 330.30158607 4.64989627
168.38017490 330.64811384 4.79938478
168.19492549 330.99791798 4.91872958
167.97322255 331.33107467 4.99617023
167.75757227 331.69439016 5.10518604
167.47643769 332.01067766 5.17761421
167.18340834 332.32895842 5.20981134
166.86323963 332.63003556 5.19050246
166.53311344 332.92982420 5.12419690
166.17750584 333.24579429 5.04516381
165.80298463 333.51855592 4.94674733
165.39673103 333.79698180 4.80859336
164.97191881 334.08296908 4.63776066
164.55453671 334.36949618 4.44916132
164.13769102 334.65457015 4.23060158
163.70767371 334.95528199 4.00888430
163.26544815 335.26564449 3.79992254
162.80624933 335.59095178 3.57175670
162.32676081 335.90345520 3.35745187
161.82520248 336.25579869 3.11932157
161.31693268 336.63319082 2.88125610
160.76350678 337.04334825 2.65076960
160.20333111 337.42307289 2.41518156
159.61564702 337.81319023 2.17226900
159.02429272 338.20413248 1.92444127
158.44911132 338.58999994 1.69785268
157.85270563 338.99683664 1.46662910
157.21295050 339.43063881 1.23213655
156.54034724 339.90034474 1.00092765
155.85372681 340.36914685 0.77203514
155.13021189 340.86235776 0.56870796
154.42667402 341.33443826 0.37668687
153.70227713 341.83241618 0.18865247
152.91575441 342.35566963 0.02339065
152.12250662 342.87161630 -0.13618253
151.29232520 343.39318461 -0.28077079
150.48794729 343.90600882 -0.42680934
149.68381080 344.41841757 -0.55534402
148.87564073 344.93013441 -0.68634086
148.03695545 345.46904488 -0.81545235
147.19665788 346.00172368 -0.92962262
146.33870223 346.53719536 -1.04489499
145.47746047 347.06280874 -1.15520302
144.60443167 347.59463267 -1.26935896
143.72735855 348.12272019 -1.38375723
142.82075395 348.65992849 -1.48357205
141.90380034 349.20370476 -1.58003970
140.97765200 349.74648746 -1.66734942
140.05009999 350.29258173 -1.74378081
139.10039448 350.85305717 -1.81241737
138.13537126 351.41560234 -1.87303666
137.17112071 351.98705773 -1.94063004
136.21019909 352.54378389 -1.99575609
135.27781444 353.09353562 -2.05260427
134.34714838 353.64805880 -2.09860594
133.40686954 354.20248076 -2.13821515
132.45923383 354.76474683 -2.18004234
131.51308909 355.32327373 -2.21589601
130.58404825 355.86944089 -2.25030017
129.66205635 356.41396221 -2.27834493
128.68009653 356.98728888 -2.29241894
127.74317031 357.53115261 -2.30462123
126.80555581 358.08848183 -2.31845472
125.88390429 358.64935771 -2.34392381
124.96265640 359.18138736 -2.33469378
124.06291989 359.71126529 -2.32155656
123.14193754 360.23366846 -2.30390845
122.25211274 360.74875916 -2.28905518
121.34604658 361.27775907 -2.26864892
120.44366133 361.79156852 -2.24674358
119.54099221 362.26119756 -2.22767590
118.64809015 362.72084169 -2.51778718
117.76460555 363.20081539 -2.46023439
116.98278222 363.61908158 -2.39530762
116.16946007 364.05673569 -2.31730727
115.36380244 364.50739834 -2.22925537
114.56432231 364.92495381 -2.14539149
113.83832616 365.21933637 -2.03110269
113.05025919 365.46619881 -1.93233438
112.33273270 365.79032947 -1.84949882
111.62968198 366.16349601 -1.75533507
110.91004268 366.55789423 -1.65392458
110.19723072 366.94174124 -1.56889765
109.45557128 367.31229533 -1.45721838
108.75014135 367.68009222 -1.36208943
108.03337392 368.07173939 -1.26915990
107.32834455 368.47448802 -1.16999129
106.64162414 368.86788012 -1.05400098
106.00257627 369.25283731 -0.94352069
105.32856392 369.66446513 -0.83951018
104.63035015 370.11080562 -0.73627091
103.95881900 370.53548310 -0.61541739
103.27017403 370.98556571 -0.49454407
102.56742415 371.42666732 -0.35064556
101.84691126 371.89310212 -0.19686389
101.09700303 372.36622966 -0.06773360
100.33669802 372.84640892 0.08328915
99.56676475 373.32087005 0.23390267
98.77329605 373.83148330 0.39422591
97.96830210 374.31634355 0.57905343
97.13439427 374.80760767 0.79056229
96.29318821 375.31732916 0.96196203
95.39905591 375.82790534 1.00827388
94.44179632 376.31030148 1.07567224
93.44568085 376.81436987 1.14372185
92.46376185 377.31605119 1.20855889
91.45155496 377.81446574 1.26531607
90.45060013 378.32827840 1.28772584
89.41787007 378.83959015 1.29893098
88.38723409 379.35276396 1.31102618
87.33113448 379.86043573 1.29884008
86.24130721 380.37377569 1.28727089
85.13710436 380.88328753 1.23787110
84.03307656 381.39603826 1.17678040
82.95757242 381.88598592 1.11552366
81.90148946 382.37509580 1.05862840
80.81560617 382.87708645 1.00162982
79.70528937 383.36929817 0.92353207
78.62962260 383.85365240 0.84891465
77.55493273 384.35447201 0.77526371
76.47105712 384.84531459 0.68511770
75.39136819 385.34999848 0.60210618
74.30894813 385.84371762 0.52403768
73.23109927 386.32609698 0.43489648
72.14756011 386.83570785 0.32978022
71.08237276 387.33603325 0.23451470
70.02084425 387.85198470 0.15558717
68.96943528 388.37220000 0.08957537
67.91087441 388.89333626 0.01675611
66.87127150 389.43101568 -0.05062426
65.84130813 389.95884663 -0.11768711
64.79100500 390.49713803 -0.19020271
63.73910829 391.02849462 -0.26040058
62.67027642 391.55685822 -0.32443816
61.61968262 392.07627691 -0.36556594
60.54991665 392.61040667 -0.41175560
59.49329924 393.13581420 -0.45861009
58.42910844 393.67667562 -0.51444611
57.40576037 394.20598352 -0.57100510
56.35842228 394.73575705 -0.62519538
55.34547940 395.25205316 -0.67455462
54.33467423 395.77579797 -0.71489453
53.32576306 396.30430954 -0.73500357
52.32254275 396.82302261 -0.76674931
51.33989289 397.34258986 -0.79776322
50.33408381 397.87534901 -0.82374481
49.34246811 398.39992640 -0.84949980
48.39380851 398.91778625 -0.86788389
47.43475939 399.44497803 -0.87779041
46.45765431 399.96007456 -0.89428713
45.51429361 400.45095272 -0.89433843
44.58362332 400.94421592 -0.90375852
43.64724697 401.43595609 -0.91257168
42.72609319 401.92739170 -0.92677722
41.79731088 402.41994811 -0.92686156
40.87418342 402.90905553 -0.92731927
39.94934203 403.41297862 -0.93134408
39.01819244 403.91894486 -0.91920154
38.10881650 404.41439216 -0.90701295
37.19155841 404.90761587 -0.89548965
36.25829735 405.41009446 -0.86867156
35.32961031 405.92756506 -0.84829054
34.37768077 406.43963279 -0.83835825
33.44708118 406.94881238 -0.81987336
32.50718916 407.45478993 -0.81733993
31.57902858 407.96032548 -0.80622146
30.65021594 408.47500021 -0.79609696
29.70026485 409.00107336 -0.81362380
28.76371023 409.52596116 -0.81014390
27.81044635 410.06320876 -0.80474147
26.83817013 410.58728422 -0.80718390
25.86421615 411.12115695 -0.80570540
24.92942312 411.64218497 -0.77226995
23.97500306 412.16442491 -0.76155712
23.02904246 412.69503528 -0.74671814
22.04410392 413.23498496 -0.73990577
21.05800842 413.77091273 -0.73120527
20.09756062 414.30280703 -0.71442194
19.13375541 414.84063686 -0.70074630
18.16122108 415.39815800 -0.68208651
17.19029265 415.94648545 -0.67420190
16.22159014 416.50086833 -0.66397707
15.24816386 417.05808028 -0.65349417
14.27389353 417.61801399 -0.63090756
13.29600069 418.18168651 -0.61637885
12.31850154 418.75669410 -0.60582280
11.33978864 419.33118062 -0.59155444
10.37241179 419.89822858 -0.57654285
9.39730154 420.46949074 -0.56296894
8.40912124 421.05967047 -0.53790204
7.42426230 421.65120101 -0.51127713
6.44118571 422.23825000 -0.49197475
5.46442295 422.82653100 -0.47839024
4.49289103 423.41809807 -0.44996812
3.51928518 424.01818814 -0.42373648
2.56253364 424.60756111 -0.39823905
1.62703016 425.18683024 -0.37524633
0.71239716 425.76734524 -0.36047385
-0.18852759 426.34495809 -0.34441571
-1.08590822 426.91870954 -0.34127579
-1.96058170 427.48645605 -0.34639550
-2.81521378 428.04698326 -0.35242683
-3.65367253 428.60942780 -0.36205317
-4.50235647 429.16913870 -0.37076269
-5.34402750 429.73242871 -0.38020764
-6.16011497 430.27694598 -0.38669502
-6.96387339 430.81442421 -0.40097405
-7.73981721 431.33567551 -0.40948359
-8.49510151 431.86240330 -0.41229774
-9.22421868 432.38911733 -0.41464578
-9.92725389 432.90107417 -0.41572452
-10.61007407 433.37954501 -0.41637551
-11.27915155 433.84215487 -0.42358825
-11.93471667 434.31077536 -0.43546263
-12.55020948 434.76563404 -0.44958011
-13.14384613 435.20366644 -0.48205192
-13.72065829 435.62090935 -0.51364504
-14.26841358 436.04194828 -0.54910749
-14.78360359 436.46803488 -0.60873302
-15.28670239 436.89993145 -0.66923127
-15.76582316 437.31408929 -0.74108091
-16.23492901 437.71112035 -0.81829807
-16.69586639 438.10161675 -0.88493399
-17.13152929 438.47557100 -0.96525286
-17.56067025 438.84558619 -1.04234710
-17.96823928 439.20658031 -1.10821194
-18.36382383 439.55514892 -1.17664001
-18.74488843 439.89305267 -1.24310051
-19.09320947 440.21409305 -1.28731018
-19.45327944 440.52402971 -1.34056915
-19.77785513 440.80543408 -1.36243424
-20.10944924 441.08946217 -1.40055351
-20.43077095 441.36874161 -1.43686690
-20.73159415 441.63313865 -1.45446327
-21.03914692 441.88732317 -1.46894598
-21.35149906 442.14515479 -1.47429371
-21.68124626 442.41232469 -1.49342508
-21.99644616 442.65838941 -1.49585900
-22.32197260 442.91526689 -1.49917414
-22.64784396 443.15933778 -1.49497109
-22.96254067 443.38823711 -1.48195929
-23.26597249 443.60344122 -1.45369652
-23.59545939 443.83526281 -1.42221958
-23.92474025 444.05582033 -1.39337872
-24.26948224 444.27778324 -1.35618818
-24.62096197 444.51818335 -1.32505515
-24.97920647 444.75576813 -1.28890271
-25.33535820 444.98650268 -1.25484773
-25.68054970 445.21286686 -1.21599793
-26.04441109 445.44615433 -1.18396418
-26.38773014 445.67621328 -1.16466648
-26.75347684 445.91700082 -1.13586352
-27.10813798 446.16565824 -1.12343517
-27.45418696 446.40543934 -1.10984884
-27.78658729 446.64228823 -1.09577336
-28.13839023 446.89994991 -1.08753130
-28.48536936 447.14648464 -1.08938562
-28.83555874 447.39830585 -1.09260855
-29.16593976 447.66210282 -1.10839056
-29.47775727 447.91691859 -1.12886746
-29.78294351 448.16783384 -1.15372777
-30.06509456 448.40261275 -1.18055155
-30.34177224 448.63450647 -1.21077806
-30.60429589 448.84377791 -1.24448969
-30.84257657 449.05492215 -1.29645492
-31.07679057 449.27815481 -1.33614692
-31.29152136 449.49816158 -1.37005982
-31.53432390 449.71447471 -1.39789209
-31.76815741 449.92398199 -1.42327053
-31.99738348 450.11774880 -1.45447990
-32.22496169 450.30476258 -1.48750245
-32.47054606 450.50612762 -1.52308632
-32.71961432 450.69204635 -1.55054954
-32.97859351 450.88716415 -1.57646215
-33.24778313 451.08351258 -1.59810717
-33.52808817 451.26464616 -1.61740386
-33.82358376 451.43728123 -1.63372607
-34.13444546 451.61040350 -1.67071510
-34.44855918 451.77963979 -1.68540972
-34.76551379 451.94015596 -1.70227664
-35.10304836 452.08184702 -1.69782881
-35.45435526 452.19299389 -1.70194047
-35.83143484 452.29643565 -1.72350454
-36.23205103 452.37769650 -1.71816866
-36.65016635 452.41999041 -1.71391674
-37.06754722 452.45590901 -1.69043954
-37.50487360 452.46668387 -1.65645571
-37.95075027 452.45285241 -1.61269485
-38.40457863 452.40293785 -1.57550768
-38.87940678 452.32276110 -1.52054902
-39.35356367 452.20861097 -1.45784913
-39.83182580 452.07036044 -1.38877753
-40.30535009 451.88648583 -1.32943069
-40.80803142 451.66353084 -1.26386289
-41.32581087 451.38228398 -1.19109667
-41.84248073 451.05130240 -1.11513585
-42.37549959 450.67685229 -1.02996120
-42.91354633 450.27525186 -0.95288773
-43.44840449 449.81877970 -0.87566579
-43.97799458 449.34372211 -0.80708420
-44.52612556 448.85048616 -0.73356072
-45.05222091 448.32019398 -0.66689113
-45.58428767 447.75625617 -0.59206674
-46.12147575 447.15615005 -0.50535705
-46.66344840 446.52117872 -0.41296397
-47.19609747 445.85346720 -0.33704514
-47.71148925 445.14343126 -0.25691664
-48.23946655 444.40863575 -0.18138487
-48.76232054 443.63824866 -0.12212501
-49.28999056 442.86243247 -0.07128996
-49.84389442 442.05889006 -0.00592311
-50.39442451 441.23326780 0.06604126
-50.96928728 440.37895573 0.12220950
-51.54614108 439.52909812 0.17679004
-52.14333769 438.66357068 0.22943478
-52.75098465 437.76920886 0.27774619
-53.37484120 436.84880241 0.32130708
-54.00043558 435.90885186 0.35508863
-54.61871180 434.98948270 0.38648363
-55.24617063 434.06032916 0.40693889
-55.89761328 433.10789193 0.41517027
-56.54690135 432.14104005 0.41586734
-57.19863246 431.16773338 0.41993721
-57.86692911 430.17583722 0.43367503
-58.55648345 429.15761171 0.43837743
-59.23024001 428.13622800 0.43670406
-59.91781794 427.12920800 0.42876663
-60.60985373 426.12034323 0.40158860
-61.27777152 425.12022885 0.37145312
-61.93775728 424.09415005 0.34928396
-62.60741460 423.08358074 0.34780898
-63.28042772 422.07314495 0.36179284
-63.96010131 421.03282912 0.36310181
-64.61985958 420.00909982 0.36034371
-65.28486984 418.98820606 0.33919492
-65.94474364 417.96584895 0.31595798
-66.60120431 416.94887649 0.28770365
-67.22755660 415.94774919 0.26739099
-67.85854248 414.93711171 0.23971432
-68.48813193 413.92516944 0.22069964
-69.11137183 412.92264857 0.19708587
-69.72589778 411.91311068 0.17680954
-70.31895596 410.93212680 0.14748345
-70.91990696 409.93009678 0.11899651
-71.50513181 408.92511101 0.08994689
-72.09911849 407.90613346 0.07379380
-72.69351429 406.89381721 0.04058888
-73.27461489 405.85878444 0.00624850
-73.86749048 404.83822438 -0.03529336
-74.44148634 403.81688693 -0.06091987
-74.99761862 402.80185535 -0.09107270
-75.57783732 401.78034544 -0.13018829
-76.15258691 400.74331359 -0.16402394
-76.72057831 399.73318164 -0.19548488
-77.28424672 398.70851174 -0.22465723
-77.84681943 397.67709961 -0.25781448
-78.39217253 396.67271077 -0.27643499
-78.94234991 395.65777349 -0.28880167
-79.50884921 394.62753547 -0.31246312
-80.07105952 393.61438531 -0.33190205
-80.63526904 392.58130397 -0.35324213
-81.16883926 391.58960017 -0.37319865
-81.71159615 390.57735715 -0.38558662
-82.24615334 389.55553031 -0.41011913
-82.78429395 388.53065709 -0.42298734
-83.30307402 387.52978557 -0.43963521
-83.84374696 386.50622148 -0.44680571
-84.38393468 385.45121083 -0.46228912
-84.93132811 384.37311351 -0.47255190
-85.46892352 383.30244824 -0.48884664
-86.01215723 382.19934075 -0.50643219
-86.54739117 381.11293876 -0.52671727
-87.04144584 380.04958691 -0.54226472
-87.54775265 378.97971060 -0.56243134
-88.05819966 377.87726460 -0.57397138
-88.56012767 376.78373753 -0.58680281
-89.05867600 375.69212183 -0.60086537
-89.55028851 374.56390382 -0.60759792
-90.04144676 373.40016543 -0.62034501
-90.49657877 372.25430948 -0.62731392
-90.97294840 371.11933317 -0.64023012
-91.44252815 369.94652729 -0.64620205
-91.89125208 368.77798514 -0.65680890
-92.34651086 367.57980539 -0.66694262
-92.78013022 366.41287832 -0.68543268
-93.19808411 365.27534993 -0.69578973
-93.60667473 364.12881400 -0.70199396
-94.00239576 362.99443811 -0.70462564
-94.40485898 361.86360137 -0.71039705
-94.79055513 360.71326174 -0.70611636
-95.17741092 359.55630430 -0.70311778
-95.53440043 358.37772674 -0.71055412
-95.88781868 357.15078592 -0.71439598
-96.23919914 355.91115467 -0.73103301
-96.61061682 354.70706625 -0.73410943
-96.95697898 353.48496412 -0.73924742
-97.27777039 352.28715121 -0.73845024
-97.58798345 351.07796142 -0.74005604
-97.89827037 349.81498741 -0.75125958
-98.18709537 348.57823366 -0.75536456
-98.47206476 347.40847726 -0.76391891
-98.74413519 346.22630412 -0.76375880
-99.01236959 345.03086756 -0.77397108
-99.28154006 343.82546501 -0.76732036
-99.53701912 342.63084684 -0.76584748
-99.79327561 341.41534736 -0.76323002
-100.05262509 340.18648060 -0.75847433
-100.30345946 338.96619751 -0.75774572
-100.53631802 337.76724362 -0.76035358
-100.76574903 336.58015475 -0.76328378
-100.99027390 335.36018208 -0.76127150
-101.19644596 334.15706443 -0.75439905
-101.40767421 332.93367938 -0.75631096
-101.61237091 331.71173025 -0.75465389
-101.82285433 330.51401186 -0.75829500
-102.01138448 329.31966355 -0.75965181
-102.21094782 328.08368343 -0.76970585
-102.40172367 326.85886930 -0.77942471
-102.57946923 325.68100588 -0.78585930
-102.75348338 324.47419472 -0.79339572
-102.91641269 323.25501374 -0.78832670
-103.07661855 322.03545883 -0.78027527
-103.22578692 320.83405056 -0.76912046
-103.37808385 319.62230264 -0.76503382
-103.53929181 318.39667000 -0.76919909
-103.70096121 317.18886711 -0.77661498
-103.86919178 315.97478270 -0.78587036
-104.02728344 314.74354015 -0.79604716
-104.19564720 313.49963153 -0.80714390
-104.37317273 312.30464866 -0.81475579
-104.55034412 311.06596306 -0.83018922
-104.72668493 309.83362311 -0.82343356
-104.89227770 308.63724510 -0.82137449
-105.05288963 307.44189834 -0.81925635
-105.20020865 306.21049858 -0.81090172
-105.34314006 305.03136764 -0.81913038
-105.49280767 303.79570386 -0.81068867
-105.64989044 302.59189451 -0.80796688
-105.80336285 301.31566165 -0.81332907
-105.95472273 300.06880248 -0.81331932
-106.09305799 298.83641354 -0.80506516
-106.24744788 297.59174162 -0.78976902
-106.39643826 296.34513514 -0.77584954
-106.53802911 295.10812032 -0.76546062
-106.66911303 293.89505135 -0.76391336
-106.80507919 292.64503254 -0.76604436
-106.93150708 291.41891077 -0.76117358
-107.03664484 290.21272751 -0.75519004
-107.14053056 289.02147668 -0.73757894
-107.23853469 287.81336292 -0.73243812
-107.33691183 286.62442325 -0.71844012
-107.43410135 285.43468913 -0.70434529
-107.52416036 284.24315667 -0.68979534
-107.60294535 283.03668347 -0.68007543
-107.68296169 281.86204297 -0.67153455
-107.75233451 280.68929591 -0.66554878
-107.81976652 279.50358297 -0.66842998
-107.89126244 278.31563143 -0.66359629
-107.95968499 277.11410872 -0.66973859
-108.03531491 275.89353883 -0.67210291
-108.07078478 274.70179716 -0.67410694
-108.10227672 273.52521647 -0.67403065
-108.14019558 272.29233287 -0.67565146
-108.17725818 271.10173624 -0.68346001
-108.21777084 269.87361959 -0.69465181
-108.24813859 268.66221072 -0.69883258
-108.27272054 267.47156503 -0.69481278
-108.29633510 266.25647325 -0.69396725
-108.30857694 265.04316804 -0.69451183
-108.30395548 263.84105039 -0.68109727
-108.31518712 262.57634488 -0.66728145
-108.29526055 261.36982338 -0.65123563
-108.28090191 260.13467324 -0.63579887
-108.25252521 258.91874288 -0.62561716
-108.22627575 257.70809993 -0.61670576
-108.18203241 256.47498977 -0.60526798
-108.16336054 255.18371026 -0.60062108
-108.10226682 253.95986730 -0.58967169
-108.06725586 252.71778620 -0.58059837
-108.01762769 251.45019174 -0.57888164
-107.98653617 250.22398796 -0.56751784
-107.93611626 248.99447246 -0.56133440
-107.88144239 247.80091979 -0.54210035
-107.81320972 246.56372145 -0.53157783
-107.74238961 245.31099707 -0.52105878
-107.68755536 244.10808865 -0.51492149
-107.60820452 242.88121699 -0.50180337
-107.52561463 241.67502742 -0.48522540
-107.43248247 240.49524638 -0.47707645
-107.32856481 239.29606717 -0.46102090
-107.23411056 238.10520718 -0.43653054
-107.12697380 236.88861091 -0.42431328
-107.00441604 235.70095158 -0.41482396
-106.88674277 234.47958324 -0.40339581
-106.75783180 233.28428356 -0.38945202
-106.60777376 232.07698846 -0.37689870
-106.46088556 230.86817994 -0.35896070
-106.30631955 229.65354097 -0.35009468
-106.13891186 228.43339187 -0.33317795
-105.98434986 227.23263052 -0.32107850
-105.80677641 226.01953437 -0.30797258
-105.60801577 224.81735469 -0.29380058
-105.40156710 223.61919868 -0.28202893
-105.19953867 222.41726024 -0.27541033
-104.98057010 221.16717581 -0.27309075
-104.76544304 219.94472083 -0.26621537
-104.54753316 218.71753638 -0.24763553
-104.31746286 217.50796485 -0.23294733
-104.07495521 216.28239944 -0.23077628
-103.82158079 215.03065953 -0.23021433
-103.56739575 213.76952199 -0.22426065
-103.30122521 212.51711141 -0.23129330
-103.02166056 211.25062322 -0.23940552
-102.71469591 209.96051709 -0.24831848
-102.43233264 208.71029953 -0.24586721
-102.10382729 207.41486580 -0.24581834
-101.78330395 206.13252942 -0.25545743
-101.45102971 204.87611645 -0.26353901
-101.14516664 203.59605768 -0.26032672
-100.82976201 202.31430800 -0.25242113
-100.51134280 201.05819641 -0.24967097
-100.18936972 199.79645974 -0.24371872
-99.86814032 198.54821657 -0.23701912
-99.53844888 197.31392101 -0.23419218
-99.19359093 196.05103249 -0.24387051
-98.85904243 194.80674314 -0.24526820
-98.52103709 193.55577006 -0.23922495
-98.17773126 192.31374744 -0.22916461
-97.82217732 191.08280099 -0.22617159
-97.45888655 189.85115636 -0.22053749
-97.06528377 188.63804456 -0.21846167
-96.67956998 187.40451510 -0.21893837
-96.28957645 186.16920112 -0.21675848
-95.91899134 184.93859849 -0.21460031
-95.52405681 183.70597591 -0.21041276
-95.13664022 182.46778564 -0.20424233
-94.72187158 181.20263377 -0.20550213
-94.29388699 179.94186662 -0.20167482
-93.86694794 178.68532089 -0.21346247
-93.42717300 177.42070924 -0.21467801
-92.99747089 176.14222526 -0.21960666
-92.56538883 174.84879355 -0.21419187
-92.13448078 173.57277511 -0.20219877
-91.68968134 172.27834123 -0.20358750
-91.23939137 170.98751509 -0.20222777
-90.82630466 169.70413166 -0.21607038
-90.42225836 168.43720537 -0.23610641
-90.00674895 167.14814451 -0.24855302
-89.58351128 165.84006904 -0.24726770
-89.18317382 164.59735878 -0.24221684
-88.79008700 163.31727100 -0.23823198
-88.39797536 162.05826880 -0.24562249
-87.99187246 160.79465225 -0.25227469
-87.58732916 159.53479764 -0.25197022
-87.19152202 158.28422347 -0.25632175
-86.78783233 157.03976470 -0.25857606
-86.39133439 155.78166928 -0.26617415
-86.00246439 154.52300917 -0.26354189
-85.61324034 153.28301075 -0.25353685
-85.22181906 152.02999433 -0.24937146
-84.82514275 150.77962517 -0.23987496
-84.44668862 149.52545367 -0.22916805
-84.06461402 148.28066492 -0.22506171
-83.67867392 147.04461038 -0.21333819
-83.27525093 145.77754222 -0.20044164
-82.88749402 144.53841909 -0.20018406
-82.49141618 143.32453420 -0.19252583
-82.11415143 142.06223644 -0.18148141
-81.73700671 140.82825811 -0.17488868
-81.33504494 139.57490123 -0.17095329
-80.93850822 138.31481593 -0.18057649
-80.54858878 137.03948450 -0.17643788
-80.15509679 135.79873628 -0.17644888
-79.77416426 134.56859282 -0.17403197
-79.37805665 133.31288607 -0.17023081
-78.97954714 132.02418468 -0.17556864
-78.57764658 130.74246878 -0.17267517
-78.20450978 129.46132647 -0.17485847
-77.80906596 128.22072734 -0.17006565
-77.42221857 126.98013936 -0.15375659
-77.03808961 125.74436002 -0.14102328
-76.64751487 124.50177169 -0.13028939
-76.26030674 123.25321904 -0.11603071
-75.88435570 122.01155578 -0.11608339
-75.48247468 120.76264064 -0.11028312
-75.10179928 119.51914393 -0.10713750
-74.70441071 118.27059953 -0.11087220
-74.29225195 117.05294927 -0.10914314
-73.89696830 115.81740158 -0.11024936
-73.51592190 114.59820497 -0.10933508
-73.13196100 113.36603115 -0.10152571
-72.75069190 112.14500528 -0.09436134
-72.37526263 110.89368103 -0.09244457
-72.00015607 109.63775119 -0.10344082
-71.61378556 108.38561732 -0.10385734
-71.24422600 107.10769677 -0.11114742
-70.86365770 105.84290754 -0.10263302
-70.49761685 104.57767616 -0.09380580
-70.14078743 103.33369548 -0.08884342
-69.75420640 102.05777237 -0.07258058
-69.38127605 100.83314508 -0.07509826
-69.00484338 99.57182216 -0.06604506
-68.64139107 98.28540794 -0.07392296
-68.26910502 96.99404415 -0.08698097
-67.89728437 95.73301439 -0.08835273
-67.52963874 94.47747828 -0.08864443
-67.16562462 93.20261165 -0.08315727
-66.80320765 91.94904017 -0.07898603
-66.44278967 90.68781180 -0.08813482
-66.07498191 89.41049604 -0.09740468
-65.69264619 88.11081050 -0.08620259
-65.33425264 86.85811862 -0.07860273
-64.97328291 85.54447297 -0.06971397
-64.62374100 84.26796147 -0.06261881
-64.26416047 82.98620196 -0.06329277
-63.91688662 81.69457720 -0.05660506
-63.56780047 80.41422432 -0.03666636
-63.22404909 79.12430588 -0.02149476
-62.86954935 77.83292200 -0.01043395
-62.50019195 76.51887958 0.00170280
-62.15138916 75.20360462 0.00535086
-61.82365834 73.92939987 0.00983519
-61.48710832 72.66410050 0.01413783
-61.15137123 71.40408824 0.02128689
-60.80785347 70.13417389 0.03670761
-60.45790661 68.84909760 0.04791317
-60.07151328 67.56033486 0.08215706
-59.72215699 66.25735277 0.09798467
-59.41481548 65.02138362 0.11496081
-59.08744593 63.78637694 0.12779839
-58.78923685 62.56411596 0.13558426
-58.49183565 61.33109011 0.15419156
-58.15883142 60.11268573 0.17202614
-57.84436645 58.90895841 0.18943572
-57.49486295 57.73345559 0.18638913
-57.15227646 56.49413429 0.14960823
-56.77368248 55.26288420 0.15469645
-56.39293887 54.01036415 0.16514538
-56.03746750 52.79322191 0.15981686
-55.68772552 51.58414261 0.15900758
-55.30682022 50.38346229 0.14626185
-54.95222645 49.15842065 0.14957576
-54.61005165 47.98237850 0.15012827
-54.20903297 46.76859261 0.13179573
-53.82632892 45.58261120 0.14407066
-53.44690353 44.40558896 0.14399964
-53.06192410 43.20256699 0.15137230
-52.68375663 42.00490656 0.14925427
-52.31901961 40.79262940 0.16073722
-51.89214536 39.64921562 0.19730477
-51.54004726 38.50409005 0.20026795
-51.18371515 37.36835640 0.19841720
-50.80624609 36.21288557 0.20394339
-50.44165224 35.06136541 0.20208663
-50.08273451 33.93182415 0.20038414
-49.72866674 32.82205462 0.18763527
-49.35845753 31.72944327 0.17829489
-49.00569347 30.63686780 0.16178051
-48.65173197 29.55568664 0.15638879
-48.30226084 28.47473580 0.15801699
-47.93621912 27.40248551 0.14642234
-47.58320179 26.36989872 0.13243935
-47.24324480 25.36047893 0.11622945
-46.89419083 24.35522556 0.09889013
-46.53924434 23.33066539 0.09805557
-46.20323494 22.34749823 0.08663184
-45.87275386 21.38463410 0.08179492
-45.55966342 20.42914769 0.08149114
-45.22494611 19.47027546 0.08212243
-44.91212130 18.54888948 0.07427336
-44.60348940 17.62924755 0.07215432
-44.28859785 16.72847126 0.05612636
-43.97895434 15.85273438 0.05898239
-43.64680871 15.00122171 0.05583889
-43.31470854 14.14853995 0.05281958
-42.98993778 13.30689536 0.04921582
-42.68796666 12.50570154 0.03989881
-42.37224683 11.74226793 0.03284382
-42.05095475 11.00263103 0.02732795
-41.71537685 10.23191259 0.02427206
-41.37925652 9.50877740 0.01970870
-41.03879695 8.79003360 0.01676177
-40.68063054 8.10348004 0.00988709
-40.30367434 7.42932846 -0.00329262
-39.92074875 6.76803671 -0.00349582
-39.53321670 6.12548405 -0.00365723
-39.10475042 5.49266505 -0.00510462
-38.63689979 4.84595483 -0.00192356
-38.15449726 4.22611565 -0.00511623
-37.66070469 3.66186437 -0.00574127
-37.15816644 3.12165166 -0.00513447
-36.63748051 2.59173545 0.00096070
-36.08595845 2.11293779 0.00081870
-35.51525642 1.65888410 0.00735456
-34.92751699 1.22640119 0.01211966
-34.32989846 0.82990776 0.01944927
-33.73272266 0.47047748 0.02456939
-33.12922955 0.14756056 0.03395516
-32.49567124 -0.17578683 0.03287464
-31.84253222 -0.44542981 0.04272792
-31.18992157 -0.68844711 0.04459483
-30.52026098 -0.85743388 0.05305625
-29.85524323 -0.99495929 0.05133645
-29.16272880 -1.10776233 0.05290799
-28.49287118 -1.23021021 0.07060806
-27.81984295 -1.28695331 0.06983120
-27.16087644 -1.32981769 0.07531314
-26.50515451 -1.36200557 0.07836194
-25.85252292 -1.35631112 0.08169847
-25.18506761 -1.36279376 0.08805261
-24.53740832 -1.35552865 0.09792593
-23.88748933 -1.35244781 0.11471254
-23.25415474 -1.33755194 0.12976489
-22.62720697 -1.33441640 0.14340351
-21.99409928 -1.31656686 0.15407199
-21.36733870 -1.30575329 0.16745529
-20.76136674 -1.28242500 0.17521906
-20.14421512 -1.25526650 0.18169233
-19.54689824 -1.25270926 0.18934115
-18.94663870 -1.25704419 0.20078352
-18.33889301 -1.25755967 0.21230865
-17.74211433 -1.23524829 0.22757871
-17.16856549 -1.20962461 0.24370435
-16.60819293 -1.19656746 0.24841537
-16.08983341 -1.21463023 0.26198159
-15.57544148 -1.23220557 0.26514610
-15.06931566 -1.25226157 0.27878130
-14.55332258 -1.28230633 0.28836903
-14.10024220 -1.28934065 0.29576534
-13.65760579 -1.26931095 0.29728344
-13.23965293 -1.29632007 0.30419055
-12.82087912 -1.32970949 0.30955445
-12.42287000 -1.35387822 0.32012622
-12.08794148 -1.40881127 0.32315104
-11.76007890 -1.42064663 0.32735289
-11.43541880 -1.45549137 0.33161110
-11.14279790 -1.45826421 0.33481758
-10.84286935 -1.47864741 0.32901957
-10.51170956 -1.46589089 0.32826336
-10.23237722 -1.52216592 0.32775129
-9.96820109 -1.57486583 0.33270801
-9.70349294 -1.58986632 0.33786940
-9.42905314 -1.59963602 0.33864559
-9.17018130 -1.61752521 0.33476820
-8.90950573 -1.61862645 0.33437597
-8.67586666 -1.64546211 0.33844148
-8.43970067 -1.65413942 0.34530816
-8.19315208 -1.64246355 0.34607725
-7.94646036 -1.64631839 0.34056957
-7.68910636 -1.64079222 0.33688631
-7.39491547 -1.59999127 0.33641728
-7.11010141 -1.56032313 0.34784111
-6.82300650 -1.48984715 0.35948893
-6.52722163 -1.41769815 0.37170011
-6.21077151 -1.32732514 0.37738730
-5.86193569 -1.25488399 0.38765741
-5.54894124 -1.17334372 0.40422541
-5.20530565 -1.02463083 0.41641295
-4.84436574 -0.86354810 0.42091594
-4.49402579 -0.72921508 0.42409080
-4.10945330 -0.56235352 0.42926141
-3.75068354 -0.41808410 0.42530912
-3.36644451 -0.23709041 0.42455033
-3.00393833 -0.02440718 0.43498534
-2.59676209 0.21892777 0.44164410
-2.18967229 0.50909057 0.44467266
-1.77218230 0.79774579 0.44290369
-1.36553396 1.12060138 0.44445441
-0.95246325 1.46672879 0.45515949
-0.50336706 1.86687821 0.47286898
-0.07549017 2.26873459 0.47617057
0.31511042 2.71544687 0.47510242
0.69695042 3.16197715 0.46861287
1.09988680 3.65007478 0.46920400
1.48944632 4.19583696 0.48521213
1.86706853 4.73379304 0.49323630
2.25631510 5.32672548 0.49925199
2.61962394 5.95515768 0.50578917
3.00429117 6.58627571 0.50785644
3.36905439 7.25626015 0.51100390
3.75205723 7.96279211 0.51484602
4.13126251 8.68475453 0.51375843
4.51345339 9.42584857 0.50587100
4.85980642 10.15011630 0.50297305
5.23277536 10.87890017 0.50731477
5.61111193 11.70187978 0.52625010
6.02789504 12.49138770 0.52916535
6.45258296 13.29849102 0.53359426
6.88405305 14.09412214 0.53566188
7.33826073 14.90869298 0.54723875
7.79178686 15.74474365 0.55171681
8.25247988 16.62990613 0.55528472
8.71606737 17.53834964 0.55469196
9.19797409 18.47785695 0.55673752
9.67074538 19.39685014 0.55758133
10.15207914 20.32121957 0.56977777
10.65145277 21.28061388 0.57099593
11.15305803 22.25433192 0.57854092
11.62692575 23.19339832 0.58693281
12.09204209 24.11407121 0.58872459
12.55641022 25.04287157 0.57229352
13.03276686 25.98197598 0.57444627
13.52097738 26.94048749 0.57996492
14.00543619 27.91913376 0.58107801
14.49134613 28.87290385 0.58503544
14.96507304 29.78974483 0.58564429
15.43449419 30.73792891 0.57812044
15.92298838 31.70346917 0.57351350
16.40864376 32.66542586 0.57547371
16.88388232 33.65475108 0.56961132
17.38493785 34.63850542 0.56330768
17.89933858 35.62726036 0.55582403
18.43012728 36.67691538 0.53999334
18.96889116 37.69853606 0.50730868
19.50895392 38.72015600 0.48582083
20.03253893 39.72410538 0.47131050
20.55375771 40.72021349 0.46831348
21.06193263 41.70987615 0.47868219
21.57090419 42.70355881 0.48197982
22.07021048 43.68667499 0.47391499
22.60236887 44.67952527 0.47533798
23.12763323 45.68827565 0.47854911
23.66481178 46.69136677 0.49085747
24.20220093 47.69189548 0.50148043
24.75097321 48.70446292 0.51025644
25.28381407 49.72590449 0.51647302
25.83573659 50.78444512 0.52523257
26.38587850 51.83396050 0.53679910
26.93736221 52.87441915 0.53170078
27.47587480 53.94551262 0.51950233
28.03334013 55.01344628 0.50486894
28.58483856 56.08050680 0.49848994
29.12571259 57.12100311 0.50775806
29.65982252 58.17131013 0.51773170
30.20120405 59.21952970 0.52908495
30.75086620 60.26582073 0.53984984
31.29582159 61.31540423 0.53998028
31.83831742 62.35331781 0.54002735
32.38690093 63.39840559 0.53957749
32.93613100 64.44486405 0.53272064
33.48503264 65.48476827 0.51921148
34.02669893 66.52430331 0.51860221
34.57613392 67.56227732 0.53082403
35.12134112 68.60225630 0.55405075
35.64664627 69.62592581 0.56403574
36.17988573 70.64497026 0.58294691
36.72248660 71.65917275 0.60653737
37.24796398 72.68214291 0.61572554
37.76279536 73.69734171 0.62117243
38.27140793 74.70527176 0.62260703
38.77122923 75.69424875 0.60839724
39.29613534 76.69083499 0.59051765
39.80348879 77.68143671 0.56839750
40.30101610 78.66804049 0.57703714
40.81759334 79.65766738 0.58660443
41.33661381 80.65986689 0.59664200
41.85779717 81.65094043 0.60565935
42.39113919 82.64657614 0.60469455
42.91636067 83.62070603 0.60091813
43.44410939 84.61226520 0.59153811
43.96626026 85.59143122 0.59478177
44.49480484 86.57129096 0.58987187
45.01619361 87.55399206 0.59454181
45.55698380 88.53841765 0.60041952
