-0.00001598 0.00001716 0.00000102
0.41212107 0.25994447 0.02115509
0.88079541 0.53364360 0.02931471
1.34171903 0.85865791 0.03424086
1.81764708 1.20606088 0.03938965
2.27648422 1.57458198 0.04638957
2.76904700 2.00230873 0.04656708
3.25458862 2.44103448 0.04702151
3.74627101 2.91823899 0.04273341
4.29024888 3.45390793 0.03740164
4.80612532 3.98948977 0.02953079
5.28811261 4.54214948 0.01772326
5.76908573 5.13489325 0.00259669
6.27641044 5.74663998 -0.00351550
6.76070425 6.37977674 -0.01752752
7.24916861 7.04198348 -0.01934785
7.72664657 7.71295332 -0.03223114
8.22776016 8.44723502 -0.04358901
8.71270757 9.16908261 -0.04849565
9.20557154 9.92906981 -0.05411735
9.70205926 10.72238587 -0.05520125
10.18065714 11.50104826 -0.05324639
10.65043443 12.30284724 -0.05333207
11.06427044 13.16296277 -0.05180325
11.48015438 14.04872211 -0.04828248
11.91677581 14.90558881 -0.04327441
12.35841094 15.77134899 -0.03735536
12.77608713 16.67361109 -0.02439324
13.20094951 17.61495641 -0.02050046
13.60402938 18.56611165 -0.02135362
13.99252533 19.51705591 -0.02116072
14.37219609 20.47353871 -0.02677957
14.77208926 21.40607578 -0.02751468
15.18530865 22.34323444 -0.02627052
15.59619566 23.26655073 -0.01324264
16.00378832 24.21058730 -0.00678547
16.41741148 25.12698666 -0.00055664
16.82455831 26.06774315 0.00162164
17.21728531 27.01644384 0.00588969
17.62640595 27.99110934 0.01354490
18.02643197 28.92240454 0.03199296
18.44617886 29.88474945 0.03595859
18.84781724 30.86420687 0.04267383
19.27018115 31.84476343 0.05959698
19.66431383 32.85455355 0.08215586
20.07240807 33.87335387 0.07760674
20.46072879 34.92680249 0.08038093
20.85101639 35.94986322 0.08278247
21.22774132 36.99789901 0.07488229
21.60534791 38.03102943 0.08037582
21.98817733 39.00081604 0.09350302
22.36648819 40.04278012 0.11234099
22.74969793 41.05068257 0.12507081
23.13421526 42.01665355 0.12977706
23.52121432 43.00816338 0.13910210
23.90728673 43.99722092 0.15126028
24.30186095 44.96363891 0.17029458
24.69286204 45.89476570 0.18243947
25.08565611 46.82430902 0.19305334
25.48383556 47.77504195 0.20758909
25.86759220 48.67391995 0.22060750
26.27500185 49.58379966 0.23090403
26.67292088 50.48005494 0.24431789
27.06482271 51.39897176 0.23842368
27.45486707 52.30810717 0.23770487
27.84931323 53.21730547 0.22393178
28.22989731 54.09665547 0.21921947
28.60370084 54.94486792 0.21186883
28.97934170 55.78634248 0.22515088
29.33942356 56.58224497 0.23179520
29.69587070 57.38634180 0.23541948
30.06012905 58.17198514 0.23754562
30.39588856 58.94409633 0.23999170
30.73388362 59.69317647 0.24618108
31.07479381 60.43680635 0.25237114
31.40969624 61.17554828 0.25839855
31.73506793 61.92732125 0.25921109
32.06552433 62.66626962 0.26416271
32.37067210 63.36022436 0.26027597
32.67408543 64.04148315 0.24825321
32.97501131 64.69518764 0.24593461
33.27008241 65.36545298 0.24642152
33.55273837 66.00527058 0.24995794
33.83268975 66.61434022 0.26852663
34.10562934 67.21123564 0.27044550
34.37475377 67.77182736 0.27819208
34.62522414 68.32863707 0.28846642
34.86869971 68.85497795 0.29455594
35.10403182 69.38392623 0.30024640
35.34178898 69.89848382 0.30655491
35.57953306 70.38629226 0.32217676
35.81871081 70.86970147 0.34008891
36.04603008 71.33604540 0.35246260
36.26195688 71.77619288 0.35498681
36.49194733 72.20539816 0.34278060
36.73158858 72.63311796 0.33927169
36.97496411 73.04223234 0.34332639
37.21311396 73.44048163 0.35493197
37.46542183 73.83025213 0.35835166
37.71167388 74.19924715 0.35815959
37.98665210 74.54123600 0.35596290
38.27943492 74.89274815 0.35436949
38.60988698 75.24447937 0.35159990
38.92513607 75.56566699 0.34994941
39.25764560 75.87511745 0.35798726
39.59715011 76.15122096 0.35337828
39.94039781 76.40778286 0.33737104
40.30239711 76.63725887 0.32812611
40.67938213 76.83375769 0.32586849
41.05771845 77.01826618 0.32012147
41.43585049 77.16165488 0.31823430
41.81854234 77.27343846 0.31927607
42.21065031 77.35933352 0.31601276
42.61064601 77.41781887 0.30922330
43.00286022 77.46269137 0.30031183
43.38770072 77.49008668 0.29702202
43.76696534 77.48460191 0.29162636
44.15654311 77.45777353 0.28289135
44.55167560 77.39680105 0.28279066
44.92940474 77.31789924 0.28259759
45.31901982 77.25358552 0.28145281
45.70198135 77.18088425 0.27579237
46.09638320 77.09119793 0.26608290
46.48173869 76.96480888 0.25344954
46.88680264 76.83338650 0.24731799
47.27599788 76.67381083 0.22874764
47.69621215 76.53097368 0.20981062
48.11239436 76.36105922 0.20745537
48.55941661 76.17867820 0.21046033
49.00179231 75.98944100 0.21951601
49.46753363 75.78404868 0.21473709
49.94831535 75.55803181 0.21012853
50.40633311 75.32502883 0.20925563
50.87598133 75.08650951 0.20019090
51.37688909 74.82502821 0.19293571
51.88103331 74.58728601 0.18405968
52.38929256 74.31674522 0.17780971
52.94306945 74.02250140 0.17158814
53.47102660 73.72853211 0.16853419
54.02587902 73.43235635 0.16617518
54.58387112 73.11646949 0.16646633
55.15064369 72.79701728 0.16443232
55.74457002 72.46088118 0.17140582
56.36153939 72.09716292 0.17266954
57.00129006 71.74654969 0.17276024
57.64655969 71.38842660 0.17489005
58.31207811 71.02066083 0.17503434
58.99383435 70.65219715 0.17110797
59.70206112 70.27561610 0.17165847
60.44727484 69.90341126 0.17126600
61.15598592 69.53955997 0.16421742
61.87757426 69.16515214 0.16343599
62.60087157 68.79540169 0.15749703
63.32051768 68.41905685 0.15302306
64.04618442 68.06135948 0.15537131
64.77327412 67.69921780 0.16551175
65.49803018 67.32571935 0.18227366
66.23336241 66.95131476 0.19718667
66.93506577 66.59077822 0.21037865
67.66162780 66.22317553 0.22262063
68.38168815 65.85085136 0.22879749
69.08407212 65.48685382 0.23830978
69.79095364 65.12646362 0.24653795
70.48778161 64.75468365 0.25627489
71.20126986 64.37515753 0.26631760
71.89920015 64.00542352 0.27479317
72.59206512 63.60453026 0.27744296
73.27485111 63.20746499 0.27857031
73.94249083 62.81796074 0.27687447
74.61884214 62.41209072 0.28118721
75.30043179 62.00122159 0.27882529
75.95996648 61.60076310 0.27701404
76.61776797 61.18353408 0.27092871
77.25656137 60.74886511 0.27282759
77.89801874 60.32516475 0.26502114
78.51098403 59.89758593 0.26051400
79.14028213 59.45857599 0.26415132
79.77870196 59.00899364 0.25938731
80.39635598 58.56784840 0.26326024
80.99837268 58.12177488 0.26811939
81.59028548 57.69349606 0.27200453
82.15532861 57.27073799 0.28072334
82.70991431 56.84835172 0.27721345
83.25716504 56.43473076 0.28104718
83.78246393 56.04104957 0.27822007
84.30774026 55.63362940 0.28104713
84.82472054 55.23622663 0.28430334
85.33366154 54.84547525 0.28537082
85.83176087 54.47634280 0.29090725
86.28891154 54.13204727 0.28943962
86.74884262 53.80390477 0.29295494
87.19106616 53.48796465 0.29172724
87.63265110 53.18942282 0.30548043
88.08505826 52.89139678 0.31147033
88.53566726 52.61045776 0.31369728
88.98176116 52.34683835 0.31631431
89.43086336 52.09460985 0.31838029
89.88901505 51.86972385 0.33375472
90.35444678 51.65694766 0.34636890
90.81554655 51.46586841 0.35315418
91.28255591 51.28858521 0.36092975
91.74894783 51.14341944 0.36315397
92.20967334 51.03184636 0.37598554
92.66787647 50.94465265 0.38147772
93.12624750 50.89453365 0.37078093
93.57827569 50.89020184 0.36808499
94.01460779 50.91991946 0.37078725
94.48950848 50.96361230 0.40187229
94.88465145 51.03331544 0.41063305
95.29085692 51.14069724 0.43118617
95.68913178 51.27545329 0.45235771
96.09121812 51.44202949 0.46075890
96.48840345 51.63225701 0.47521383
96.88810375 51.86076580 0.48358962
97.28582077 52.13773236 0.48883154
97.65795440 52.42002215 0.49336729
98.02693776 52.73790763 0.48576865
98.38656911 53.04729149 0.47262573
98.75341599 53.38724116 0.46991539
99.10782095 53.72451166 0.46831195
99.46072365 54.07999952 0.46782404
99.81575960 54.45954082 0.45715599
100.17593557 54.85831607 0.45479250
100.53636576 55.24370162 0.44107668
100.91147322 55.65637094 0.44467964
101.28893576 56.06726991 0.43451388
101.69771780 56.48978745 0.42698542
102.11035085 56.91639069 0.42208691
102.51938686 57.35605489 0.42478510
102.94496850 57.80573193 0.42362737
103.39568118 58.26513477 0.43493851
103.85504983 58.73267172 0.44132996
104.32939011 59.19581835 0.44716138
104.80301782 59.65858478 0.44536990
105.28259949 60.12036463 0.44610759
105.75779674 60.58492701 0.44719537
106.24485460 61.06078523 0.43927586
106.75021969 61.54998905 0.43179403
107.25233921 62.03961821 0.42495351
107.76934941 62.54066865 0.43528715
108.28519962 63.05749971 0.44603048
108.79815234 63.57537149 0.44659714
109.31802361 64.12002575 0.44010178
109.84794287 64.66461669 0.42251785
110.39291609 65.22480853 0.40830141
110.94870502 65.80008856 0.40960536
111.49776506 66.37822852 0.40850607
112.06015222 66.97546851 0.41250266
112.62638714 67.57378176 0.40060804
113.20074563 68.19456981 0.39328191
113.76338927 68.81221032 0.39071759
114.33970244 69.43376766 0.38220056
114.90181516 70.04911524 0.37606527
115.47106926 70.65757984 0.37678656
116.05408056 71.30863354 0.36742494
116.64503259 71.96008606 0.36368352
117.23954266 72.57537239 0.36568848
117.82474878 73.19203867 0.35460993
118.41939954 73.79501272 0.35742469
119.01724464 74.40046194 0.36192635
119.61208934 75.01182413 0.36990801
120.19564203 75.61727752 0.37992671
120.79136215 76.22718590 0.38775099
121.38307294 76.83662958 0.38938524
121.98221451 77.43869503 0.37879136
122.57555745 78.02665974 0.36406662
123.18513007 78.61957602 0.36716441
123.78247077 79.22801335 0.38094787
124.38323876 79.82890894 0.40590658
124.98240086 80.43487443 0.42855048
125.56197597 81.02763713 0.41454398
126.14361005 81.63128420 0.39103012
126.73119831 82.22462132 0.36777915
127.32167845 82.81707665 0.37350872
127.90135860 83.41713569 0.38801340
128.47819860 84.00864750 0.39236684
129.04978558 84.60022105 0.39739784
129.59918269 85.18925992 0.40884526
130.14566904 85.77107749 0.40651544
130.70140461 86.36666138 0.41030193
131.26170555 86.95831365 0.41709952
131.81336639 87.53880934 0.41807997
132.35670272 88.12045939 0.41741715
132.90977172 88.70336554 0.41201356
133.44791767 89.29316759 0.41536153
133.99121921 89.89958112 0.41629170
134.53795133 90.50832859 0.42332706
135.07883140 91.12267513 0.43119188
135.61249259 91.74930113 0.41974171
136.15432091 92.38823743 0.39389084
136.70387544 93.01563135 0.36837654
137.23887428 93.63703219 0.34632828
137.77246499 94.25823541 0.32138372
138.27595696 94.88356180 0.32432886
138.77323519 95.51849232 0.32013769
139.25629923 96.13665234 0.31471894
139.75754859 96.77916210 0.31453731
140.26120276 97.42781251 0.32540856
140.75333674 98.07494412 0.33836498
141.23301896 98.75111121 0.34703336
141.71853854 99.41550577 0.34037377
142.20107778 100.08060474 0.34285965
142.67167902 100.74934595 0.33906294
143.14739509 101.44872180 0.33465335
143.61447885 102.13287641 0.32221209
144.07558735 102.81100754 0.30722200
144.53582318 103.48907034 0.31040600
145.00385025 104.19596001 0.31249047
145.47322854 104.91177833 0.31755725
145.92731833 105.59741525 0.29962257
146.39081049 106.28012671 0.28404692
146.85049971 106.96169834 0.27106725
147.28710828 107.65223461 0.26077244
147.72805423 108.35540069 0.26037811
148.17837701 109.06476136 0.26305360
148.61882077 109.76431105 0.25184641
149.04335984 110.45450732 0.24923430
149.46974173 111.16352580 0.23535722
149.89260530 111.87185773 0.20805522
150.32604244 112.59364276 0.20016006
150.74614527 113.33427307 0.20898571
151.15300568 114.09252545 0.21368458
151.54883918 114.81563099 0.21715321
151.93917891 115.56027101 0.20614745
152.33039967 116.29434080 0.19447208
152.70219962 117.02355383 0.17568525
153.08626131 117.77047008 0.15823007
153.49221573 118.51246400 0.15527905
153.88121617 119.27100743 0.16534342
154.26725202 120.02285469 0.16051829
154.65570368 120.78074494 0.14161312
155.04636726 121.53449938 0.11934898
155.43557094 122.26659161 0.09797055
155.82672030 122.99795771 0.08827649
156.21678673 123.75021707 0.09522553
156.59378298 124.49494184 0.10880535
156.98110413 125.23194455 0.11272084
157.37100694 125.97233560 0.10612819
157.73958778 126.68035125 0.09288502
158.10489730 127.40454690 0.08093632
158.45731906 128.12629588 0.08265835
158.81532510 128.84870780 0.08679504
159.18780209 129.57574651 0.08754785
159.52742967 130.27183383 0.08312392
159.90446968 130.99366461 0.06793706
160.25379355 131.70365990 0.05896702
160.60337876 132.42923539 0.05000958
160.96992762 133.17076272 0.03665675
161.33565919 133.90727881 0.04084980
161.68410015 134.59947500 0.02373551
162.02238358 135.26428024 0.00403326
162.34244868 135.89156894 -0.01513901
162.66378723 136.54411333 -0.02021107
162.97169938 137.18045492 -0.02810163
163.27516104 137.80161872 -0.03051296
163.57645333 138.39943262 -0.03827034
163.86800852 138.98826483 -0.03315130
164.16023055 139.58501369 -0.03250868
164.44961117 140.16982612 -0.02371318
164.75413675 140.74050155 -0.03352161
165.05247529 141.32621241 -0.03461402
165.35219293 141.88978950 -0.04248663
165.64249175 142.44029986 -0.04715497
165.94537071 142.98022402 -0.04256354
166.25763215 143.54241008 -0.02912276
166.58103460 144.10861841 -0.01373737
166.89934415 144.64807929 0.00393265
167.21275124 145.18319367 0.01158546
167.53846052 145.74828428 0.01236956
167.86006948 146.29330912 0.01554206
168.17743585 146.85400906 0.01961559
168.49772021 147.40374931 0.03334374
168.80667513 147.93759044 0.03503476
169.12232306 148.49444529 0.02731196
169.44130843 149.04112264 0.02003840
169.74736759 149.58303631 0.02072873
170.06453929 150.11265061 0.03546739
170.37077601 150.68607664 0.04220761
170.70274973 151.26708646 0.05491489
171.02883022 151.83004069 0.06750034
171.34403980 152.39041875 0.07416072
171.64872523 152.96744427 0.06676747
171.95399535 153.54614838 0.04593213
172.27908486 154.12538949 0.03187426
172.61261306 154.73059010 0.02978198
172.93389006 155.33642880 0.03953813
173.25655993 155.93594235 0.04532535
173.55954435 156.52111488 0.03867882
173.87558704 157.12099272 0.02317697
174.21176026 157.73347788 0.01707003
174.53580744 158.33818323 0.01381077
174.85252776 158.93613209 0.01162660
175.17993204 159.53911933 0.01167206
175.49192372 160.12329236 0.00944551
175.78848840 160.68540909 -0.00527758
176.10171532 161.27301843 -0.00692447
176.39257941 161.84022748 -0.01496038
176.69057063 162.42334767 -0.01500550
176.98169619 162.99965639 -0.01035721
177.27248088 163.54933967 -0.00123370
177.56117980 164.10491136 0.00883524
177.82485731 164.64021688 0.01070542
178.08011542 165.17318066 0.00264709
178.34045037 165.66578438 0.00307663
178.59453025 166.15995628 0.00007005
178.83154001 166.63578738 0.00034816
179.05013273 167.09899812 -0.00583388
179.26439122 167.58353583 -0.00844409
179.46471822 168.03325762 -0.00969409
179.64796641 168.48939052 -0.00689329
179.82402637 168.92379882 -0.00425209
179.99434550 169.37696094 0.00376927
180.15141794 169.83871886 0.00808763
180.26734871 170.28344184 0.00055077
180.37403738 170.72529726 -0.00326733
180.47177861 171.18143329 -0.00364999
180.54923145 171.62410919 -0.00493030
180.59874334 172.05515323 -0.00106793
180.62353663 172.48766253 0.00027225
180.63905297 172.91472331 0.00352526
180.62904678 173.34467900 0.00857002
180.60728120 173.78256958 0.00264220
180.54334129 174.20631388 0.00033782
180.45335872 174.63261911 0.01221534
180.33045383 175.01635121 0.00547915
180.18205570 175.36916149 -0.01423194
180.03117565 175.68751661 -0.01426098
179.87168992 176.01742075 -0.01121138
179.70004029 176.31785123 -0.02145021
179.51010353 176.60526570 -0.04800198
179.28119216 176.92350747 -0.05910935
179.02127019 177.22543595 -0.07784398
178.73165494 177.53857422 -0.09026721
178.41230098 177.86355642 -0.09469719
178.07930356 178.12350300 -0.09997662
177.70709247 178.44079992 -0.10255433
177.30721513 178.75438797 -0.11207837
176.89114519 179.03674400 -0.12999962
176.45330694 179.30953225 -0.13897824
176.01668082 179.57506139 -0.14984482
175.56715133 179.81777543 -0.16159143
175.09562726 180.07017293 -0.17984256
174.59002686 180.32398572 -0.18926260
174.05771703 180.58208558 -0.19825641
173.55092898 180.82188379 -0.20330857
173.00537634 181.09284626 -0.21068610
172.44034522 181.35446146 -0.21879482
171.86720135 181.63236890 -0.22556606
171.26410898 181.91310956 -0.23453041
170.65182587 182.22854489 -0.23447301
170.02342981 182.54590151 -0.23731957
169.36395768 182.86746215 -0.24142460
168.71095888 183.17480967 -0.24125745
168.02601654 183.50683055 -0.25022684
167.31126321 183.87714266 -0.25475118
166.57430797 184.27666681 -0.26870029
165.82720376 184.66560044 -0.26995085
165.04925082 185.10699390 -0.27761133
164.28542707 185.53068558 -0.28251297
163.49765369 185.98989728 -0.29389098
162.73568702 186.39641493 -0.29904718
161.97112870 186.78999721 -0.28871995
161.19216360 187.19937771 -0.28903916
160.40908327 187.60536058 -0.29865866
159.62868935 188.00721780 -0.30727486
158.83413432 188.42123104 -0.30397995
158.02325759 188.83287607 -0.30282831
157.23799022 189.23370392 -0.30502961
156.45143894 189.65931465 -0.30577596
155.66185042 190.04885441 -0.31628714
154.87685651 190.42323716 -0.32833142
154.09932237 190.80365869 -0.34020276
153.30441786 191.18350644 -0.34617145
152.52528955 191.55584829 -0.34844809
151.73262068 191.93459636 -0.35505671
150.94083363 192.29688848 -0.35967978
150.15759233 192.66798043 -0.36124427
149.39952163 193.02607870 -0.35750019
148.63679179 193.39721348 -0.35149886
147.91043474 193.74953873 -0.35111829
147.15333737 194.12110468 -0.34454998
146.39318372 194.51098165 -0.34021782
145.63812326 194.90171552 -0.33349180
144.91131339 195.26952768 -0.33247132
144.16580125 195.63411927 -0.34354598
143.43616172 196.00402721 -0.34586136
142.69672769 196.37910898 -0.34041447
141.95257160 196.74932204 -0.33719022
141.21460506 197.11521244 -0.34351979
140.48369162 197.47619160 -0.34246321
139.76550503 197.82912411 -0.34070077
139.05501785 198.17434025 -0.35048963
138.35609938 198.51188456 -0.35038492
137.65121619 198.85921638 -0.34895441
136.93657955 199.20383538 -0.34242589
136.22951809 199.52868017 -0.34365459
135.52086630 199.86853366 -0.34094366
134.81235946 200.18844429 -0.32636436
134.11545101 200.49396350 -0.33521499
133.42013602 200.81153448 -0.34052178
132.72619202 201.11758270 -0.34946142
132.03232894 201.44063489 -0.35496344
131.34694379 201.75585638 -0.36168270
130.69253681 202.06350206 -0.36236292
130.05296006 202.36294341 -0.36745958
129.41773884 202.64972401 -0.37213861
128.80814296 202.94301439 -0.37626851
128.20857303 203.22496919 -0.37706863
127.61298756 203.51150983 -0.38136674
127.04466596 203.78305903 -0.38490910
126.47233055 204.05384994 -0.38977479
125.91780410 204.32227758 -0.39697579
125.37851705 204.58650518 -0.40041565
124.86296507 204.83607944 -0.40035997
124.35934868 205.08262520 -0.39690744
123.86368165 205.33284079 -0.39640232
123.39871228 205.56100204 -0.39770033
122.94324333 205.80367761 -0.40297204
122.50752107 206.02830564 -0.41041944
122.08658285 206.24930271 -0.40841170
121.67263112 206.47024678 -0.40700115
121.27786762 206.67935561 -0.40663019
120.90437429 206.88341504 -0.40341159
120.53717141 207.09249287 -0.40845687
120.18278011 207.29059551 -0.41095085
119.84583935 207.48917318 -0.41368133
119.53945583 207.67934922 -0.41269550
119.26285949 207.86474537 -0.41415963
118.97595176 208.05248825 -0.41149430
118.74025529 208.20100172 -0.41355552
118.51101920 208.34735554 -0.41749736
118.30138924 208.48500866 -0.42116815
118.12603867 208.60987393 -0.42637733
117.94199915 208.73034253 -0.42862591
117.77967195 208.82920685 -0.42513350
117.66265485 208.90651873 -0.42601371
117.55248339 208.97411857 -0.42493764
117.48268379 209.00776277 -0.42007754
117.44842988 209.04004332 -0.41924172
117.42243863 209.06145345 -0.41424283
117.39391158 209.08734122 -0.41430823
117.35546275 209.11846848 -0.41579079
117.33082748 209.13115229 -0.41524391
117.30767047 209.14379573 -0.41225303
117.29547691 209.15806239 -0.41121890
117.28983774 209.16190100 -0.41693441
117.29277800 209.15554085 -0.41988455
117.29768401 209.15339903 -0.41566394
117.29535072 209.16375000 -0.41613344
117.29162913 209.17465574 -0.41820281
117.28848658 209.17779953 -0.41855489
117.28200162 209.18059599 -0.41993361
117.26558226 209.18567698 -0.41880115
117.25304348 209.19996701 -0.41884203
117.23125831 209.21963436 -0.41996888
117.20975522 209.23895844 -0.41881219
117.17417487 209.25318639 -0.42384036
117.14903146 209.27488816 -0.42810458
117.12415660 209.29351414 -0.43110952
117.10125169 209.31537520 -0.43614350
117.04990473 209.35561005 -0.43803537
116.98773387 209.37922964 -0.43975880
116.90832002 209.43380134 -0.43791391
116.82351876 209.49767360 -0.42729531
116.71722947 209.56788418 -0.42372820
116.59637596 209.65542034 -0.41544982
116.46904573 209.75039399 -0.41642003
116.30203865 209.86368390 -0.41229822
116.12949610 209.98438298 -0.41436114
115.93645323 210.12029430 -0.41425169
115.74596575 210.27631030 -0.40548487
115.52691006 210.44443403 -0.40132747
115.30795889 210.60816025 -0.40021245
115.09939555 210.81212211 -0.39798950
114.88713919 211.01636330 -0.39545049
114.66864286 211.23856768 -0.39395205
114.44905595 211.45488502 -0.38739817
114.22691210 211.69840481 -0.37875404
113.99890992 211.97716167 -0.36870468
113.76612848 212.25840016 -0.36569241
113.53194243 212.56269494 -0.35912778
113.33356478 212.88908946 -0.36236673
113.15212028 213.23410189 -0.36539698
112.98018426 213.59021364 -0.37016661
112.80970736 213.97304653 -0.38031818
112.65728587 214.36912876 -0.40112048
112.51928987 214.80143537 -0.42344941
112.40756201 215.24596773 -0.43426706
112.32069640 215.72399146 -0.44140819
112.25557039 216.24033348 -0.43994252
112.22962494 216.78104780 -0.43690735
112.23519480 217.33442500 -0.44393380
112.27929351 217.86118674 -0.45048342
112.35910527 218.41188904 -0.46581420
112.45764535 218.97553993 -0.47015885
112.59462263 219.55920136 -0.47532092
112.76404798 220.14221393 -0.47775245
112.95092594 220.77533305 -0.48593819
113.17377298 221.39941772 -0.49306862
113.42337075 222.00693490 -0.49796184
113.68526813 222.59585376 -0.50002782
113.96380248 223.19829952 -0.50316193
114.25880162 223.79842377 -0.51162472
114.57240025 224.41185133 -0.51649079
114.88816194 225.01627448 -0.52337401
115.21927033 225.65680858 -0.53419237
115.56305104 226.30961830 -0.53993458
115.90834885 226.95025615 -0.54665870
116.26677561 227.61408610 -0.54800846
116.63111315 228.29157203 -0.55218324
116.99815960 228.96994429 -0.56357114
117.38257049 229.67259926 -0.56985908
117.77172598 230.36764312 -0.57985633
118.15006571 231.06793626 -0.59392254
118.54872492 231.81321059 -0.60610962
118.95029837 232.59785085 -0.61688367
119.35750016 233.35811030 -0.61848135
119.78517204 234.13159481 -0.61197077
120.21409756 234.90817744 -0.61508334
120.65764477 235.69883132 -0.62454435
121.10204981 236.49809619 -0.65124888
121.54671593 237.31407347 -0.68011656
121.99132047 238.12254508 -0.69707366
122.44243466 238.95897590 -0.70382997
122.89697360 239.83702816 -0.70293346
123.36006367 240.71074668 -0.70019737
123.83757371 241.58390149 -0.69920913
124.31155609 242.46363634 -0.70342483
124.79527427 243.34019952 -0.72009207
125.29065714 244.25543841 -0.74062010
125.79166630 245.17125252 -0.75537388
126.30113617 246.07735025 -0.76510701
126.81100538 247.00164243 -0.77335785
127.32278384 247.95149161 -0.77464405
127.83226030 248.93637718 -0.77257221
128.33955071 249.87868884 -0.77971009
128.85305925 250.81170303 -0.78916462
129.36538322 251.76486658 -0.79560862
129.86686390 252.70536576 -0.78732003
130.37018224 253.65580773 -0.77106576
130.87135721 254.59233061 -0.75807429
131.36875426 255.52180027 -0.74931841
131.85863036 256.46801718 -0.74739998
132.34652188 257.38838247 -0.75485127
132.83468960 258.37366316 -0.77042591
133.33895441 259.30189696 -0.77478606
133.82821892 260.23818448 -0.78759842
134.30868103 261.15496371 -0.79343574
134.78941353 262.06668182 -0.79309788
135.26542666 262.97449954 -0.79749957
135.74189918 263.89397259 -0.79134919
136.23862183 264.79242367 -0.78704356
136.71234785 265.68891614 -0.79290183
137.18868793 266.59747426 -0.79490238
137.67546987 267.51566734 -0.79562293
138.15531585 268.44502644 -0.80291991
138.63287274 269.34520310 -0.81800630
139.10914706 270.26839715 -0.82633608
139.59499692 271.18213552 -0.83385143
140.08273397 272.11873522 -0.83067221
140.56485439 273.06355217 -0.83829201
141.05356203 273.99633929 -0.83928587
141.54837068 274.89725983 -0.83385826
142.03824059 275.81782208 -0.82684576
142.52319298 276.74474421 -0.82659720
143.01340207 277.67810110 -0.82884111
143.51775905 278.60318733 -0.83421075
144.01316672 279.53872914 -0.83481496
144.53606463 280.49829534 -0.83533012
145.04383494 281.45756584 -0.84048382
145.56034039 282.42791359 -0.84162436
146.07581625 283.42481586 -0.84738492
146.59374113 284.40120908 -0.85200670
147.11430903 285.36744822 -0.85744979
147.63581846 286.35888803 -0.85062958
148.16184202 287.34000892 -0.83913615
148.70293238 288.31571364 -0.83808124
149.24054856 289.28169239 -0.83487144
149.76169229 290.27313524 -0.83174542
150.28580570 291.23778960 -0.83380552
150.81358114 292.19468767 -0.83310052
151.33730351 293.15282823 -0.83781139
151.85883988 294.09815807 -0.83505537
152.38130240 295.04269584 -0.83403770
152.89258660 295.98424588 -0.81935345
153.40701461 296.92035026 -0.81073336
153.92872497 297.86165725 -0.80769363
154.43897952 298.79275594 -0.80156377
154.95023121 299.71588874 -0.80501917
155.45158825 300.64498115 -0.80611040
155.94760231 301.56536459 -0.79731339
156.43824015 302.48492819 -0.79383219
156.92853429 303.39839673 -0.78671009
157.41781057 304.30328246 -0.79223895
157.88556934 305.17992606 -0.80533824
158.34636353 306.05309970 -0.81495460
158.79792287 306.93216585 -0.81936442
159.23359537 307.80377748 -0.83440077
159.65674987 308.63827904 -0.83485622
160.08645979 309.48468057 -0.83078766
160.51446397 310.32717476 -0.82403180
160.94576815 311.16621123 -0.81821267
161.36455009 311.97747245 -0.80812011
161.78340058 312.79105667 -0.80984362
162.19894129 313.59653900 -0.81502523
162.59296444 314.36275329 -0.81427863
162.96984538 315.12270961 -0.81317962
163.33371628 315.84179185 -0.81636185
163.70353885 316.54974341 -0.81313417
164.07841646 317.23679195 -0.81868923
164.44000201 317.91616196 -0.81730423
164.78171428 318.56798988 -0.81360926
165.12440565 319.20402571 -0.81833101
165.44791854 319.83643665 -0.82545254
165.76918854 320.43332189 -0.83525000
166.07952411 321.01074217 -0.83727551
166.38065293 321.57560196 -0.84609953
166.67465330 322.10997976 -0.86204351
166.95848649 322.64536582 -0.87206302
167.21815221 323.13824869 -0.87116832
167.47545641 323.63300640 -0.87848333
167.72353038 324.08304970 -0.88896527
167.96630825 324.55861021 -0.88985692
168.18933281 325.01020227 -0.89575140
168.38409878 325.40825761 -0.89986386
168.55892597 325.80594742 -0.89747752
168.73425588 326.20376590 -0.89542799
168.87866183 326.58776963 -0.89071439
169.05592673 327.01015638 -0.88485672
169.22289630 327.42384961 -0.87318036
169.37254974 327.87708638 -0.86627429
169.48116868 328.27669425 -0.85359918
169.57707889 328.67595257 -0.84928410
169.67240512 329.11187373 -0.83639864
169.73168577 329.55219602 -0.82820149
169.79660401 330.05262161 -0.80824335
169.83453809 330.54451884 -0.78057075
169.85063731 331.00322535 -0.74449603
169.84921649 331.45186867 -0.71575439
169.82530745 331.92450678 -0.69796665
169.79471834 332.39741559 -0.68097459
169.75872933 332.86711519 -0.65799868
169.68605173 333.34871505 -0.63962629
169.60289916 333.85150470 -0.62623017
169.49592510 334.36415412 -0.62349644
169.35466768 334.88092915 -0.61645480
169.15494562 335.39154829 -0.60235194
168.90311597 335.88366939 -0.60173567
168.67468555 336.35111150 -0.60591390
168.42081520 336.80117645 -0.59935410
168.08977537 337.21970075 -0.57145559
167.75819209 337.60155630 -0.55520534
167.36454726 337.99846502 -0.53238972
166.96501871 338.41720754 -0.51180208
166.52065356 338.81089789 -0.50689355
166.07645777 339.22385119 -0.49559664
165.60272260 339.58822091 -0.48488655
165.09640460 339.94313375 -0.48725197
164.58689628 340.21969434 -0.48832298
164.05469497 340.51725844 -0.50082143
163.47846942 340.81991170 -0.51629431
162.90460090 341.12206390 -0.52628057
162.30595670 341.41771060 -0.52234039
161.71194218 341.73130137 -0.50280388
161.09111313 342.05133239 -0.48629800
160.48757759 342.34424453 -0.47614595
159.85715115 342.64620286 -0.47487914
159.21137622 342.95166954 -0.47242110
158.55369439 343.27784770 -0.47019058
157.86311234 343.61979367 -0.46617880
157.14518164 343.98328784 -0.46286152
156.40153905 344.35889217 -0.45577639
155.71883090 344.72367083 -0.46088549
154.96825405 345.10587912 -0.46561175
154.21353154 345.50113646 -0.47811190
153.42786446 345.91929430 -0.48627260
152.60749706 346.35442371 -0.48507211
151.82619547 346.76777738 -0.48463119
151.03794257 347.18094562 -0.48754773
150.24622109 347.57585838 -0.48700360
149.47290336 347.98499599 -0.48616508
148.70480677 348.39120552 -0.49214224
147.93753501 348.81070971 -0.50099002
147.16236389 349.22630717 -0.50141562
146.37640733 349.64412634 -0.49202069
145.60245914 350.07179343 -0.48446583
144.83232351 350.49880425 -0.47356429
144.05492446 350.91176002 -0.46423812
143.28762022 351.31601422 -0.45880272
142.52579261 351.72436130 -0.45090228
141.74949190 352.14739775 -0.44889954
140.93853710 352.58714811 -0.44637966
140.13854346 353.02274096 -0.45327675
139.33036306 353.47313875 -0.45718780
138.51836365 353.90855447 -0.46294465
137.67824343 354.37203661 -0.45809850
136.84745251 354.80089937 -0.45139517
136.04557452 355.21088728 -0.45136923
135.24521697 355.63313041 -0.47264145
134.44698017 356.05816844 -0.47883822
133.63944557 356.47250421 -0.47850351
132.81093780 356.87641944 -0.48781922
131.99862578 357.27667338 -0.48303990
131.18795066 357.68126783 -0.49221005
130.37689865 358.07659663 -0.49303413
129.57223977 358.48415522 -0.50663248
128.77429285 358.89639552 -0.50105640
127.96765613 359.30592831 -0.49769441
127.14900902 359.73175480 -0.48980176
126.36443091 360.13717643 -0.48516416
125.57987805 360.54601900 -0.47795236
124.81813111 360.94901968 -0.48166156
124.04524670 361.36425786 -0.47407862
123.27471278 361.77983454 -0.47080356
122.50142144 362.19981319 -0.46651265
121.74755364 362.61722134 -0.46007709
121.00368112 363.04600698 -0.45465022
120.25420473 363.47176167 -0.44362977
119.48577125 363.90764273 -0.43808497
118.73484407 364.33992927 -0.44400209
118.00645466 364.77364589 -0.43383286
117.30084883 365.19426971 -0.42657741
116.61402771 365.59999246 -0.42506411
115.90805967 365.99917416 -0.43090841
115.24282925 366.41063491 -0.42881549
114.60644268 366.79339532 -0.42526072
113.96243047 367.18277498 -0.41883712
113.32983965 367.56301997 -0.41543443
112.72437990 367.93699945 -0.41075420
112.12294212 368.29752028 -0.40364140
111.54375208 368.65037349 -0.38421003
110.99230535 368.97699634 -0.37590140
110.46654989 369.28827907 -0.36811319
109.94480123 369.57944109 -0.36849110
109.40625999 369.88067899 -0.36408785
108.89632620 370.15831293 -0.36061182
108.36274785 370.44242219 -0.35807181
107.86444075 370.69627301 -0.34766866
107.36440671 370.96311488 -0.34774247
106.85778999 371.23413294 -0.34209721
106.32788217 371.49600601 -0.34247027
105.79761490 371.76805418 -0.34208197
105.26325538 372.02195575 -0.33612337
104.72800766 372.26990623 -0.32619476
104.15991112 372.52608606 -0.32188408
103.61925442 372.77183048 -0.31377457
103.07901281 373.01636248 -0.29768875
102.51801475 373.26284521 -0.28552717
101.94718805 373.51678263 -0.27453006
101.36941623 373.76390640 -0.27414717
100.77213587 374.01289264 -0.26599093
100.18824673 374.26333702 -0.25998581
99.58675068 374.51521380 -0.24568240
98.95011330 374.77946996 -0.22812372
98.34508944 375.02909023 -0.20908245
97.70280847 375.28978867 -0.19058899
97.06702357 375.55817081 -0.18085593
96.38800473 375.85582384 -0.18695580
95.71874893 376.12288888 -0.18997873
95.04261705 376.41839631 -0.20527536
94.31784175 376.73532118 -0.22834171
93.58124919 377.07571933 -0.21926804
92.83239383 377.38609985 -0.20925982
92.07350892 377.74354564 -0.20138765
91.34521936 378.07486048 -0.22656069
90.55957729 378.45243311 -0.24875378
89.74136036 378.83108625 -0.27491624
88.94899782 379.20603617 -0.27763397
88.09501779 379.59826083 -0.27017641
87.23631613 380.00292210 -0.27551999
86.39299777 380.40115406 -0.29119305
85.55685651 380.80564072 -0.30573978
84.68794563 381.26101886 -0.31919984
83.79908346 381.72162135 -0.31253464
82.89943182 382.20547928 -0.29374712
82.02181013 382.66899425 -0.28077315
81.18646113 383.12137044 -0.27781327
80.33039488 383.57177356 -0.27842887
79.46425806 384.04165148 -0.28135220
78.60351852 384.50599849 -0.27208150
77.75130194 384.96624358 -0.25905656
76.91153371 385.42500412 -0.25587971
76.06329390 385.86863055 -0.24862558
75.17652051 386.31146354 -0.24251010
74.32615841 386.75901753 -0.24780442
73.43682811 387.22129543 -0.25044891
72.54980894 387.69698322 -0.25160476
71.66075489 388.16299063 -0.24464783
70.78089238 388.61972508 -0.23462357
69.90723090 389.08321535 -0.22157094
69.01533573 389.52697409 -0.20833140
68.12159403 389.98055921 -0.21151632
67.23218339 390.43044723 -0.22038599
66.37802635 390.86517651 -0.22038150
65.50642631 391.31421440 -0.20824482
64.64125753 391.74516796 -0.20590218
63.73757012 392.20350799 -0.19301013
62.86423486 392.64977653 -0.18675450
61.99519171 393.09337819 -0.18869147
61.13038869 393.52128717 -0.19876751
60.26491563 393.95617380 -0.21143801
59.38694138 394.39152376 -0.24149655
58.50514092 394.82523355 -0.25180573
57.61149736 395.26945572 -0.25069350
56.73223152 395.68684528 -0.24678199
55.86209166 396.11334528 -0.24884375
55.00073988 396.53160282 -0.26170930
54.17885429 396.92728657 -0.27018120
53.34947402 397.31464047 -0.27539037
52.51213606 397.72050603 -0.28241146
51.65927908 398.14949546 -0.29215416
50.81798678 398.56447167 -0.29941235
49.97572620 398.96637881 -0.28990130
49.10686152 399.38322422 -0.28789355
48.25692138 399.80016411 -0.28333618
47.43258953 400.19160663 -0.28560070
46.62349533 400.57484877 -0.27968788
45.83263427 400.94535018 -0.28576455
45.05794166 401.30281149 -0.28941738
44.30307332 401.66541827 -0.29398548
43.56710512 402.00639591 -0.29248970
42.80759912 402.35792081 -0.29142638
42.08899927 402.70939804 -0.29138491
41.39952723 403.04649356 -0.28249105
40.71187659 403.37965760 -0.27944936
40.04542218 403.69967328 -0.28990140
39.37826149 404.01692459 -0.28578572
38.71497993 404.34662865 -0.27220163
38.09866462 404.64230975 -0.26471221
37.50827955 404.92925415 -0.26461681
36.90978553 405.20868436 -0.27005154
36.34348365 405.44874832 -0.28033410
35.79995667 405.68358119 -0.28033198
35.23927585 405.92881170 -0.27984701
34.70291078 406.18080058 -0.27379975
34.17111824 406.42485286 -0.27058919
33.64070974 406.64624176 -0.27012270
33.15694752 406.86188242 -0.27061161
32.63606877 407.08313802 -0.26961653
32.11710195 407.28891827 -0.26852995
31.60983368 407.48702387 -0.26348311
31.10102240 407.64959127 -0.26626026
30.61730831 407.79953589 -0.26436146
30.13960780 407.91408793 -0.25984400
29.65598794 407.99585881 -0.26605953
29.17314067 408.02388356 -0.25558153
28.69462508 408.01856557 -0.25747661
28.23086907 407.98521407 -0.25683055
27.77837070 407.93765462 -0.26305546
27.31584836 407.85818877 -0.25899227
26.86081318 407.77724453 -0.25974779
26.41743991 407.64746328 -0.25551448
25.99691031 407.50496592 -0.25695785
25.59581200 407.35842911 -0.25706411
25.17656193 407.16618892 -0.26071650
24.74684986 406.95965326 -0.26549599
24.34902446 406.70771053 -0.27963225
23.94199052 406.43538097 -0.28297420
23.53003516 406.14306961 -0.28299400
23.12167299 405.81286224 -0.28516482
22.70447863 405.44352072 -0.28876066
22.30947313 405.04882560 -0.30367400
21.92127022 404.61757690 -0.31263770
21.56569488 404.15222585 -0.33105948
21.20630501 403.65434414 -0.34486448
20.85244387 403.14065994 -0.35604057
20.50497222 402.60418655 -0.36955425
20.15399847 402.04888800 -0.37570927
19.81459713 401.49708929 -0.38785907
19.46950546 400.93145912 -0.40433925
19.13241858 400.34535955 -0.41951998
18.81369817 399.75187005 -0.41229712
18.48899299 399.14232394 -0.41246471
18.16734987 398.53336268 -0.40861911
17.83928923 397.89722984 -0.40279569
17.50737279 397.20469220 -0.40382974
17.17053093 396.53354246 -0.40163724
16.85030297 395.87027800 -0.40521597
16.51017533 395.18083352 -0.39845141
16.16851539 394.46503491 -0.39722328
15.83318484 393.73538981 -0.39707483
15.49736501 392.99947157 -0.39915050
15.14855804 392.26278778 -0.40361621
14.80776091 391.51698184 -0.40691750
14.45127450 390.74411956 -0.41105215
14.11000473 390.00105252 -0.41342812
13.73995739 389.18838358 -0.41157484
13.36050909 388.38055613 -0.39789123
12.99647392 387.55560229 -0.39606654
12.62469820 386.74449720 -0.39455399
12.24824080 385.92481196 -0.39611245
11.84536949 385.04743742 -0.37995053
11.41982433 384.14074870 -0.38339143
11.02362714 383.27912235 -0.37367665
10.61261026 382.40587459 -0.37020087
10.18061777 381.52304038 -0.37461146
9.76827197 380.66739103 -0.38951311
9.34687268 379.79619708 -0.41141316
8.93609615 378.95003495 -0.42426924
8.51433000 378.08750281 -0.43270260
8.08742616 377.23514950 -0.44239846
7.66424365 376.39855600 -0.44904315
7.25463366 375.56673216 -0.45451410
6.83998011 374.73567144 -0.45804201
6.42364010 373.90164609 -0.46061503
6.02024967 373.05952096 -0.46837325
5.60990449 372.22305798 -0.46531488
5.18170466 371.37594351 -0.46472188
4.75070673 370.52635218 -0.47237405
4.29171519 369.66862315 -0.48267299
3.84153467 368.83161799 -0.47615450
3.39345794 367.98935965 -0.49002995
2.94854072 367.15426026 -0.49634078
2.49563829 366.30763598 -0.49546340
2.05598191 365.47514337 -0.49005394
1.62255700 364.65654034 -0.49847241
1.18933370 363.82677933 -0.51511865
0.75685979 363.01207303 -0.52848377
0.32462098 362.17576417 -0.52079743
-0.10935922 361.33483550 -0.52178244
-0.53710084 360.52383945 -0.51487456
-0.95340500 359.71007327 -0.51164177
-1.37682409 358.87947028 -0.51785685
-1.80614293 358.06665858 -0.51786701
-2.24005909 357.22802796 -0.52277491
-2.66677968 356.38965329 -0.52600393
-3.10029113 355.55873669 -0.53759857
-3.54940755 354.72115379 -0.56140878
-4.00038833 353.89413391 -0.56811797
-4.45832844 353.05267768 -0.56869788
-4.89690677 352.22805127 -0.57180948
-5.33414608 351.41508327 -0.58622853
-5.77295987 350.59475649 -0.59919419
-6.22826813 349.77229346 -0.60894086
-6.67278604 348.95506263 -0.61417762
-7.11953258 348.12084024 -0.61425162
-7.54004616 347.30642204 -0.61293567
-7.94110359 346.49833640 -0.62456667
-8.36294647 345.66963054 -0.62560993
-8.77848812 344.83970093 -0.62080702
-9.19560192 344.02663098 -0.61402086
-9.61342463 343.21465342 -0.61224667
-10.03775634 342.37459177 -0.62606374
-10.46414693 341.52592682 -0.62977051
-10.87108849 340.66098705 -0.62849653
-11.28265235 339.80426742 -0.61943001
-11.71602383 338.91576807 -0.62218951
-12.16574978 338.02646045 -0.63365728
-12.59585929 337.14978708 -0.64254912
-13.04372250 336.28827854 -0.64663587
-13.48354071 335.43208558 -0.64308071
-13.92744124 334.54147974 -0.64938127
-14.39815830 333.66415706 -0.64415734
-14.82878669 332.80921055 -0.64225757
-15.28284448 331.92205921 -0.65412674
-15.72585704 331.05196034 -0.65523138
-16.20775497 330.18146591 -0.65530555
-16.68563288 329.29162099 -0.65707884
-17.13941147 328.40728487 -0.66044626
-17.60223190 327.48731459 -0.66295442
-18.05243681 326.60625121 -0.67578292
-18.51072478 325.71011877 -0.69781415
-18.97091922 324.81735538 -0.70279689
-19.43714138 323.90978347 -0.71270340
-19.88233779 323.01119979 -0.70542011
-20.32386310 322.11333950 -0.71557159
-20.76000426 321.21197098 -0.72561569
-21.22486728 320.29672421 -0.75811898
-21.68098464 319.40074970 -0.77999504
-22.10654228 318.52782128 -0.78244218
-22.56550346 317.63037668 -0.77710233
-22.98196132 316.74941349 -0.75188985
-23.42602091 315.83860002 -0.73264288
-23.85797007 314.93965842 -0.72877892
-24.29143477 314.04926295 -0.73469634
-24.71120961 313.15643752 -0.73762185
-25.17082045 312.23207497 -0.75032520
-25.62361836 311.31181683 -0.76651217
-26.08357672 310.40393660 -0.76392147
-26.52253868 309.53761695 -0.75933174
-26.96972917 308.65380668 -0.73720584
-27.43218610 307.74161983 -0.72271156
-27.87378781 306.85852089 -0.72088638
-28.30651264 305.98730864 -0.73084805
-28.73053165 305.12035459 -0.73862867
-29.16217038 304.28112300 -0.73853477
-29.58978850 303.43667894 -0.73454602
-30.01853137 302.59709559 -0.73130784
-30.45814010 301.77137859 -0.73067750
-30.89093022 300.96945931 -0.71398693
-31.28311481 300.18204622 -0.71674568
-31.71438081 299.38812804 -0.72772493
-32.11427782 298.62106320 -0.71077287
-32.45996722 297.85270715 -0.69833920
-32.82684343 297.10955213 -0.70638947
-33.22220211 296.40168842 -0.71847757
-33.61703219 295.67780046 -0.69668571
-33.97339921 294.95331538 -0.68839904
-34.33924447 294.25761010 -0.68122886
-34.69751832 293.57976627 -0.68015382
-35.10061135 292.91686815 -0.67859503
-35.48665884 292.27042295 -0.67708225
-35.85853645 291.63190059 -0.67071570
-36.21188369 291.04003464 -0.67282294
-36.55559986 290.45041762 -0.66829324
-36.91015005 289.88903893 -0.66347288
-37.23717711 289.34388364 -0.66207806
-37.55013587 288.80120868 -0.65283995
-37.82320642 288.28815666 -0.65251475
-38.11067200 287.78353698 -0.64576801
-38.39071359 287.28855202 -0.64049939
-38.64691250 286.85521176 -0.63091177
-38.88226893 286.46290696 -0.62854662
-39.08822223 286.03592427 -0.62866558
-39.28888951 285.65258975 -0.62445860
-39.49865355 285.24624690 -0.62145567
-39.69149558 284.84193228 -0.61751039
-39.88395720 284.44852194 -0.61756243
-40.03865946 284.08829177 -0.62067076
-40.20393279 283.71226076 -0.62441579
-40.33368753 283.34069152 -0.62328805
-40.43419509 282.99047440 -0.62017132
-40.53188368 282.63885995 -0.62373384
-40.59164021 282.28378672 -0.62847740
-40.65201100 281.90281486 -0.65140103
-40.69709448 281.50234593 -0.66451071
-40.73483242 281.09209794 -0.67549893
-40.72620383 280.69030128 -0.68091471
-40.70293571 280.25371436 -0.68852249
-40.68405001 279.79778259 -0.70090156
-40.62130486 279.34484701 -0.70339224
-40.53940737 278.87924712 -0.70220759
-40.41109238 278.42619241 -0.70004776
-40.25416418 277.91394263 -0.69951556
-40.05603718 277.38056156 -0.72049252
-39.83480194 276.84063565 -0.74683819
-39.58170126 276.29902019 -0.76477448
-39.27772378 275.77868681 -0.79097562
-38.88040452 275.24664554 -0.81249822
-38.50379041 274.77609566 -0.82525254
-38.08004092 274.31358898 -0.84424192
-37.61088831 273.90020744 -0.86351536
-37.13436503 273.49170943 -0.88545582
-36.64221886 273.07610229 -0.90125928
-36.09586714 272.68765075 -0.93096945
-35.56955226 272.31549849 -0.96148332
-35.02294913 271.94511765 -0.98713047
-34.43498578 271.54008812 -1.00829775
-33.85050292 271.12895043 -1.00526777
-33.24714325 270.75001636 -1.01153729
-32.68258005 270.36600800 -1.00903348
-32.00126112 269.96124260 -1.02114283
-31.38828494 269.57671058 -1.03008813
-30.78180825 269.17706335 -1.04760622
-30.12955218 268.76895983 -1.04784332
-29.45775207 268.36403547 -1.04584803
-28.78739134 267.96845363 -1.02924911
-28.11643526 267.56437974 -1.02459559
-27.42492517 267.15368313 -1.02637317
-26.72645617 266.70706683 -1.02942147
-26.06071211 266.28191867 -1.03151716
-25.38396311 265.87749399 -1.02701272
-24.69537369 265.48107751 -1.00718666
-24.01930564 265.08557164 -1.00462576
-23.31976638 264.66073234 -0.99889885
-22.59058996 264.21846857 -0.99842018
-21.84720345 263.77866239 -0.98487876
-21.11529136 263.34687580 -0.97699943
-20.37978217 262.88938590 -0.98144193
-19.64288076 262.46588304 -0.97527843
-18.90037530 262.02720247 -0.96026722
-18.12152816 261.58285554 -0.94685534
-17.33762015 261.16914267 -0.93988012
-16.60161349 260.73875220 -0.93190314
-15.79447355 260.32188514 -0.93004554
-15.02415481 259.89824300 -0.92978379
-14.27589512 259.49807437 -0.92544929
-13.50524806 259.11116219 -0.92330838
-12.74773097 258.72109371 -0.94496055
-11.96961100 258.31014704 -0.94038707
-11.18948713 257.94306949 -0.91540674
-10.44614615 257.57013394 -0.90890810
-9.69538289 257.19151593 -0.90926740
-8.94788069 256.84846492 -0.90697431
-8.19349181 256.44910508 -0.89884940
-7.39841816 256.08658419 -0.88653091
-6.66826962 255.71373607 -0.88709249
-5.92335035 255.32704098 -0.89800903
-5.17478753 254.97034590 -0.89489215
-4.45032790 254.60711866 -0.89110812
-3.71281655 254.24390610 -0.89481130
-2.99294874 253.83612606 -0.87678439
-2.27987969 253.47858220 -0.86188771
-1.56515613 253.12572206 -0.85810166
-0.87436901 252.80019622 -0.85519572
-0.18589305 252.45444196 -0.85971137
0.43135677 252.10299547 -0.85657627
1.08600178 251.73575960 -0.85390168
1.72586889 251.38187516 -0.85899266
2.30985859 251.02214546 -0.85599933
2.92634350 250.71776080 -0.84641325
3.50217693 250.39882130 -0.84965903
4.06847460 250.10473000 -0.85784825
4.58225757 249.75027738 -0.85247353
5.13140649 249.42139275 -0.85069924
5.60385474 249.10189162 -0.85030417
6.13981158 248.81004066 -0.85799472
6.61764052 248.48874000 -0.86108748
7.14290176 248.16760499 -0.86630564
7.64257212 247.86917585 -0.87125681
8.12858155 247.52055681 -0.85309180
8.59497912 247.18785766 -0.83887078
9.09327112 246.87463430 -0.85684873
9.55947192 246.55660303 -0.86861999
10.06852577 246.27361895 -0.88242982
10.51451800 245.95990089 -0.88283894
10.97942913 245.65036442 -0.89113744
11.47722911 245.35083599 -0.90950661
11.93983009 245.09248492 -0.92694260
12.41969999 244.82319500 -0.92615715
12.91753121 244.54875695 -0.91703050
13.43028834 244.30023297 -0.92608939
13.89724371 244.06099481 -0.93991545
14.40070393 243.83326404 -0.93355450
14.92913765 243.69639720 -0.93419387
15.43300361 243.53200961 -0.93776688
15.94475287 243.39541532 -0.93721002
16.44346269 243.34499989 -0.94169372
16.92960868 243.26439113 -0.95590503
17.42677495 243.22130955 -0.96900072
17.87879202 243.17175649 -0.98739250
18.38571904 243.14005248 -0.99441927
18.88451064 243.13337130 -1.01164556
19.38251778 243.18018131 -1.02345604
19.81821167 243.27036299 -1.04032836
20.26975398 243.33802742 -1.04358059
20.75412931 243.42769125 -1.03276958
21.21177846 243.57613191 -1.02531943
21.66501088 243.79448414 -1.02968935
22.10734040 244.03272610 -1.02998810
22.54298765 244.21960750 -1.03714446
22.92221157 244.44671972 -1.03934794
23.35070476 244.73565425 -1.02709885
23.72737940 245.01123941 -1.03185006
24.14229116 245.33177763 -1.03288688
24.53345891 245.66820383 -1.03002459
24.91520556 246.02791781 -1.02318172
25.24684018 246.39989312 -1.01973448
25.57746758 246.75291902 -1.02689739
25.89727597 247.14969638 -1.03655086
26.22475265 247.49530717 -1.04260419
26.57817025 247.85783715 -1.04005009
26.91837387 248.23174071 -1.03988772
27.26119142 248.63255913 -1.05433956
27.58424112 249.01088665 -1.05436796
27.91011347 249.39840069 -1.05657318
28.23247784 249.76331219 -1.05616555
28.56422864 250.11696458 -1.05826789
28.87980706 250.47119437 -1.05927274
29.22079595 250.78375249 -1.05849635
29.57742516 251.09936306 -1.06653268
29.90672996 251.36615356 -1.04303565
30.24090325 251.63325701 -1.03480924
30.58550485 251.86749475 -1.02867861
30.93493698 252.13387792 -1.05024553
31.27045404 252.36315108 -1.07004046
31.64598748 252.57330239 -1.09636965
31.99754006 252.72480336 -1.11275964
32.34840197 252.83751522 -1.10533417
32.68113707 252.92110838 -1.10075584
33.03296123 252.98629214 -1.11064127
33.38415620 253.01168259 -1.11709508
33.72847217 253.03772976 -1.12516437
34.08829696 253.05136617 -1.13275792
34.43268989 253.03009429 -1.14984327
34.80668145 253.00016479 -1.15904650
35.18862502 252.96618752 -1.17259760
35.61271167 252.88434531 -1.16597420
36.03554018 252.77286045 -1.16771244
36.46450568 252.63477223 -1.17363744
36.88690890 252.50835814 -1.18260911
37.33145791 252.35862202 -1.19390551
37.78185250 252.20333483 -1.21710145
38.27235722 252.01054499 -1.22872510
38.75341883 251.81702882 -1.25085453
39.19542353 251.61404923 -1.26631533
39.62507391 251.42798278 -1.26517762
40.07865919 251.20396416 -1.27306177
40.61922520 250.93600317 -1.27656089
41.15309709 250.66359223 -1.27715298
41.70730166 250.36878314 -1.27474998
42.29345478 250.08940877 -1.27881495
42.87694954 249.81627932 -1.29508925
43.44750897 249.54195447 -1.30326820
44.02140284 249.26128072 -1.31240198
44.59838822 248.98366928 -1.32389921
45.24100811 248.67621823 -1.33605721
45.87270495 248.36279562 -1.35026022
46.52305041 248.04338465 -1.36566959
47.17679819 247.70911960 -1.36684965
47.86521680 247.36809683 -1.37933817
48.56615913 247.00361871 -1.37170160
49.25621467 246.62971791 -1.37392792
49.93508568 246.25707005 -1.37378720
50.63643474 245.87972048 -1.37075514
51.31826911 245.49408590 -1.37225660
52.02077977 245.11049908 -1.37736857
52.77759072 244.70935096 -1.36977317
53.49632345 244.33409732 -1.37471153
54.24500167 243.95562384 -1.36766110
54.99952266 243.54517398 -1.37249481
55.76397904 243.14895938 -1.36878233
56.50528186 242.73051218 -1.36928012
57.26832082 242.32318469 -1.37476597
58.05176451 241.90962247 -1.38340190
58.83730370 241.46897640 -1.38985205
59.65749923 241.01554721 -1.38816347
60.43890156 240.57458960 -1.39622920
61.21417911 240.15309707 -1.39858133
62.03382818 239.73911231 -1.40394905
62.83907087 239.31886321 -1.40474486
63.64851426 238.89445182 -1.41381015
64.43481530 238.47658226 -1.41586359
65.24971496 238.05510511 -1.41388516
66.08691834 237.62146492 -1.42188634
66.87124786 237.20971774 -1.41719128
67.69604279 236.79574353 -1.42329699
68.46640075 236.37862315 -1.41651959
69.24571013 235.97567028 -1.41972502
70.00732826 235.57242607 -1.43279936
70.78210460 235.17680853 -1.45180593
71.55871893 234.78212474 -1.45847169
72.30597723 234.39130935 -1.44612789
73.08883924 234.00282540 -1.43352612
73.81201331 233.61571891 -1.42533060
74.54330974 233.25147382 -1.41822523
75.27054364 232.86791514 -1.42017356
76.01006436 232.48493700 -1.41599025
76.74947873 232.10364074 -1.40305455
77.48825808 231.73466085 -1.39113002
78.21799773 231.36753348 -1.38674960
78.96556293 231.01152178 -1.38634099
79.69025179 230.63819583 -1.38942190
80.44487278 230.26831330 -1.39645894
81.22062275 229.89018791 -1.38303070
81.97058857 229.51971837 -1.38017974
82.70176422 229.15130564 -1.37236140
83.41866724 228.80014193 -1.37436945
84.10012372 228.46545035 -1.36730145
84.77409823 228.13842345 -1.37345335
85.43141006 227.82214223 -1.37284278
86.07454521 227.51780437 -1.37846014
86.72454308 227.21523400 -1.38139822
87.36729634 226.91197452 -1.38116086
88.01378694 226.60422371 -1.38585650
88.65598937 226.30488280 -1.38465615
89.26374881 226.01500425 -1.37972453
89.90929175 225.72633032 -1.38811505
90.53346917 225.43535726 -1.39348670
91.14678576 225.14555265 -1.38799501
91.76343963 224.86263512 -1.39398763
92.35559416 224.57236380 -1.39136014
92.95591738 224.29620233 -1.39709094
93.53584681 224.01653086 -1.40004647
94.08093208 223.75606385 -1.40353798
94.59664687 223.52003807 -1.40042098
95.08644503 223.27560125 -1.40104816
95.57365837 223.04301155 -1.39542283
96.04348639 222.81450980 -1.39157201
96.48109622 222.59417782 -1.39067054
96.91041613 222.36805769 -1.38863904
97.32709605 222.14952640 -1.38677435
97.71452022 221.95174629 -1.38669277
98.09355739 221.74832547 -1.39232423
98.46109480 221.53916136 -1.39088879
98.81047628 221.34938542 -1.38843076
99.14993797 221.15318076 -1.38485721
99.45932457 220.97212031 -1.38318291
99.75081186 220.79352015 -1.38865863
100.03321344 220.61202933 -1.38247623
100.33787328 220.39380016 -1.38211279
100.59331770 220.21345846 -1.37253921
100.81954858 220.04400158 -1.36053355
101.04438958 219.89498779 -1.35476435
101.26110521 219.77037735 -1.35464074
101.44074741 219.64885314 -1.35847271
101.60269992 219.53684889 -1.36256352
101.74978643 219.43179829 -1.36567277
101.89372644 219.33116202 -1.36896854
102.03699395 219.21456847 -1.36906075
102.15134129 219.10652975 -1.36526645
102.28326906 218.99750695 -1.35918088
102.39571644 218.88145584 -1.35352702
102.50631318 218.78823873 -1.35360511
102.63188438 218.68379217 -1.35884902
102.75161991 218.58510796 -1.36193984
102.87719589 218.46399177 -1.35747335
103.00828140 218.33735737 -1.35815263
103.15953114 218.19354638 -1.36628502
103.31514315 218.05764630 -1.37044089
103.46012179 217.91391340 -1.36884277
103.61564457 217.72510892 -1.37075433
103.77370379 217.50090782 -1.38910359
103.94473939 217.28404960 -1.38801923
104.11571914 217.04901018 -1.38643354
104.30857372 216.78850350 -1.37988185
104.49512220 216.47067169 -1.40772759
104.66104605 216.13207777 -1.41858167
104.80639101 215.78022940 -1.42733273
104.93450749 215.41857556 -1.45151992
105.03700019 215.04616276 -1.44453148
105.14776997 214.66435436 -1.44482499
105.23498187 214.22401654 -1.44072050
105.29643981 213.76948534 -1.42347251
105.35849331 213.31896067 -1.40766506
105.37930941 212.82982484 -1.38358692
105.35686939 212.31373843 -1.36017988
105.31344599 211.79397150 -1.34188771
105.22535836 211.27102099 -1.31568830
105.10549583 210.69750763 -1.28360830
104.96435261 210.11622730 -1.24916868
104.79549398 209.54212359 -1.22045507
104.58901068 208.93681665 -1.20007733
104.34463504 208.31614484 -1.18502686
104.08073910 207.69730936 -1.16556418
103.79675157 207.04979381 -1.14926476
103.49924810 206.40001021 -1.14033835
103.17020089 205.73409695 -1.13029046
102.82612733 205.06587762 -1.11705045
102.46505853 204.37574782 -1.09926219
102.09922262 203.68502558 -1.08836926
101.71629590 202.97761422 -1.08061144
101.32022995 202.24852601 -1.07490580
100.91800631 201.51667035 -1.06002783
100.50360474 200.75534924 -1.05062605
100.08174988 199.98142100 -1.04254535
99.65427926 199.20073902 -1.03299465
99.21220988 198.39635560 -1.02204474
98.77960894 197.59576899 -1.01090498
98.30721551 196.73041039 -0.99606057
97.83409019 195.86096944 -0.98459763
97.37493968 194.99541827 -0.97129789
96.89212902 194.10308048 -0.96014404
96.45136930 193.22237473 -0.93593064
95.97480776 192.30273298 -0.92289473
95.48834793 191.34987358 -0.89569899
95.01211454 190.39598036 -0.88961026
94.53746029 189.43200735 -0.87611693
94.05414911 188.45583780 -0.86347404
93.54818690 187.46372697 -0.84577903
93.04401256 186.45062453 -0.82398890
92.54324577 185.43432266 -0.80696085
92.05678803 184.42386603 -0.78886051
91.56897567 183.40639972 -0.77641151
91.07063538 182.37123517 -0.76597377
90.57901073 181.34352683 -0.75361553
90.11015016 180.32924515 -0.73924966
89.61969950 179.29358908 -0.72682410
89.13595504 178.25707273 -0.70791530
88.64027341 177.21603833 -0.69194209
88.15601981 176.17668240 -0.67156901
87.68312347 175.14989342 -0.64245508
87.19431225 174.10452014 -0.62867777
86.68510527 173.04878594 -0.61119355
86.16871905 171.97389829 -0.59892672
85.64929462 170.90386046 -0.58832194
85.14364529 169.82702318 -0.58117243
84.61769375 168.75115098 -0.57047215
84.07850448 167.66223129 -0.55490076
83.53686211 166.57553779 -0.54257907
82.98853086 165.47505246 -0.55166263
82.46514555 164.39913449 -0.55647889
81.92970099 163.30284922 -0.55839166
81.38680340 162.19181559 -0.55917858
80.79568175 161.04820326 -0.55527935
80.22759326 159.91837321 -0.55004190
79.66297963 158.79031010 -0.55280953
79.11395222 157.66756132 -0.54974966
78.53428373 156.52343237 -0.54348582
77.95850086 155.39133893 -0.54392724
77.37359786 154.24415947 -0.53840645
76.79797332 153.08834879 -0.54470762
76.21629477 151.93407953 -0.54345282
75.61930824 150.76834211 -0.53771067
75.00715753 149.59213988 -0.52606383
74.43892982 148.43904660 -0.51358064
73.85252036 147.25174039 -0.47976491
73.27754734 146.08230424 -0.47271563
72.70047209 144.91622057 -0.47601310
72.13265773 143.75085462 -0.47334323
71.54088874 142.58042185 -0.47016446
70.96122390 141.40832838 -0.45751394
70.38714378 140.25441909 -0.45650501
69.81384099 139.08291543 -0.44190001
69.23746907 137.91074562 -0.42846241
68.65568692 136.75054893 -0.42611397
68.08338529 135.59789583 -0.42553882
67.49461257 134.41111328 -0.42412058
66.89537328 133.21027172 -0.42146539
66.30506930 132.04041487 -0.41713245
65.73644222 130.89253248 -0.40695101
65.16839210 129.73769341 -0.39764271
64.60984366 128.58833938 -0.38950768
64.05353113 127.44083849 -0.38586582
63.49009383 126.29035658 -0.38944897
62.93313982 125.14503603 -0.38421177
62.37114145 123.99804871 -0.37643904
61.81145249 122.85873737 -0.38769339
61.25442714 121.70522990 -0.40375007
60.68614696 120.56166124 -0.40749904
60.13602825 119.42691413 -0.39897325
59.58568393 118.27977526 -0.40408605
59.02160246 117.13188623 -0.40295405
58.48107724 116.01162477 -0.40676264
57.95334730 114.89999014 -0.41175762
57.43703217 113.79913503 -0.41321118
56.90304546 112.68020238 -0.41503818
56.37994740 111.58431840 -0.40048807
55.86270171 110.51034644 -0.38959974
55.35548767 109.45537300 -0.38522274
54.83921730 108.40372252 -0.37320369
54.35564516 107.39377711 -0.35085743
53.86977393 106.39702330 -0.33925131
53.38206503 105.40403257 -0.32370021
52.90321554 104.43442161 -0.31045229
52.42908416 103.47554852 -0.29644940
51.96651175 102.54766339 -0.28699608
51.49951425 101.62739407 -0.26642579
51.04048479 100.73275671 -0.25714564
50.62753495 99.88559404 -0.23163377
50.19850220 99.03058452 -0.20862572
49.79127376 98.21039951 -0.20219569
49.39714598 97.41432195 -0.18932747
48.98259662 96.62724013 -0.18614021
48.59043014 95.86489360 -0.18239647
48.22021140 95.13955052 -0.16865842
47.83765356 94.42134656 -0.16740207
47.48060917 93.74182760 -0.16046593
47.14752091 93.10322713 -0.15740875
46.80705974 92.44533786 -0.15377594
46.48393928 91.83028334 -0.15690102
46.17570443 91.23543243 -0.15254608
45.88586698 90.63224861 -0.14439250
45.61849892 90.05302546 -0.13743595
45.36643693 89.47977095 -0.13479931
45.14801032 88.92682919 -0.12870843
44.93386134 88.37122730 -0.12007893
44.74012514 87.82265796 -0.10667312
44.58378066 87.28123415 -0.09498973
44.42751636 86.73641902 -0.08885713
44.30736080 86.19598787 -0.07906417
44.22128114 85.66963421 -0.06922489
44.15547986 85.15037870 -0.07175598
44.12231747 84.64759921 -0.07478344
44.12252915 84.14939816 -0.07769530
44.14242656 83.65765138 -0.09712584
44.19349917 83.16521920 -0.10017319
44.26388993 82.67205455 -0.10566004
44.38157188 82.19761126 -0.10460912
44.52082802 81.73776581 -0.09914589
44.70156781 81.24602170 -0.03455766
44.90217868 80.82249914 -0.04381336
45.12751248 80.40176535 -0.06148080
45.36339850 80.00634080 -0.06768961
45.63353901 79.60766491 -0.08203995
45.91296706 79.24953949 -0.09228376
46.21659031 78.89741684 -0.10300935
46.54991358 78.57935466 -0.11227776
46.90159200 78.26172817 -0.13367636
47.28702769 77.93336690 -0.14323875
47.68460718 77.63490860 -0.14725573
48.11709350 77.31676107 -0.14178578
48.53403390 77.03071009 -0.15598460
48.97215806 76.73059259 -0.18263504
49.42684265 76.43924383 -0.20029888
49.91448504 76.13387663 -0.20120518
50.40400091 75.83983077 -0.19629996
50.87580497 75.55550970 -0.20457991
51.39552143 75.24218353 -0.22277663
51.91817970 74.92110382 -0.23454258
52.46009293 74.60169193 -0.24263342
53.00343754 74.27556502 -0.24766824
53.55543045 73.93887076 -0.25457064
54.10602317 73.60422623 -0.26468178
54.67979212 73.26254657 -0.26679556
55.26296379 72.90874153 -0.26664467
55.86503605 72.55262592 -0.27196265
56.47036021 72.17904117 -0.27247380
57.08707451 71.80935102 -0.27230175
57.74191660 71.42114804 -0.27683692
58.42718699 71.01746533 -0.27812140
59.11790178 70.61243931 -0.28552555
59.82950636 70.20733696 -0.29725984
60.55656845 69.80782906 -0.30547974
61.32146143 69.40789660 -0.31890949
62.08257065 69.00458480 -0.32906966
62.85608412 68.60940611 -0.33882866
63.61638668 68.22758462 -0.35741047
64.39817849 67.84838685 -0.36320896
65.14553711 67.46986833 -0.36129442
65.92137545 67.09745313 -0.35800903
66.69767423 66.74167856 -0.35528635
67.51143827 66.38331848 -0.35688105
68.29133026 66.02004517 -0.35605841
69.08460869 65.66563048 -0.35247765
69.83723760 65.30645276 -0.35172111
70.59601712 64.93778328 -0.36127011
71.34145859 64.55163559 -0.35381381
72.09131643 64.15826163 -0.35017034
72.82260869 63.75034745 -0.34758171
73.55337949 63.34308097 -0.35330089
74.29000903 62.92146225 -0.36611283
75.02048134 62.48944874 -0.37770678
75.75535792 62.06247104 -0.38339029
76.48698923 61.61945675 -0.39224901
77.21258867 61.15687051 -0.40394829
77.92865626 60.68706577 -0.41468374
78.64597178 60.20585018 -0.42576046
79.37603144 59.71365014 -0.43098225
80.08174111 59.23959472 -0.43868613
80.81433015 58.74736065 -0.45436149
81.56085829 58.25370383 -0.47387273
82.28415499 57.76146648 -0.48534998
83.03449129 57.25864506 -0.48336901
83.78353255 56.76402532 -0.48581771
84.50674801 56.26840558 -0.47743816
85.24064412 55.78888650 -0.48064749
85.97717325 55.30083641 -0.48246511
86.71516750 54.81109474 -0.48585124
87.44275292 54.31531628 -0.48603706
88.18075969 53.82088023 -0.48547805
88.91036943 53.31715530 -0.47895244
89.64064983 52.81123699 -0.47945480
90.35430110 52.27991661 -0.47482443
91.05665273 51.73283034 -0.46343326
91.73560687 51.17771841 -0.45100223
92.42774015 50.59705175 -0.44218446
93.06760526 50.01963334 -0.43755819
93.69950122 49.42102988 -0.42997565
94.32470947 48.81518475 -0.42913247
94.92929616 48.19437878 -0.42407791
95.51427302 47.55788909 -0.42025661
96.08152180 46.91889981 -0.42330333
96.65573957 46.25478003 -0.43262022
97.19703320 45.59149410 -0.42251269
97.77703991 44.88711978 -0.41915320
98.33839180 44.19902165 -0.42743391
98.88200646 43.51619604 -0.44556886
99.41925189 42.83356480 -0.46899339
99.96882538 42.14555194 -0.48847243
100.51906597 41.45485432 -0.49278855
101.09901358 40.74790940 -0.48755426
101.68397489 40.03604564 -0.49181125
102.27226242 39.30087549 -0.48369734
102.84761751 38.58763377 -0.48810171
103.42837778 37.85551455 -0.49494093
104.00289948 37.10644429 -0.50777768
104.57161179 36.34114750 -0.52976011
105.16705345 35.53259020 -0.54055069
105.72277651 34.71225518 -0.55204514
106.27192486 33.89077414 -0.56573306
106.78926180 33.08707305 -0.57962268
107.30261315 32.27905462 -0.57251632
107.81307139 31.45871602 -0.56072933
108.32178563 30.63594954 -0.54986056
108.83023144 29.79611178 -0.54574968
109.33203542 28.95714132 -0.54798624
109.83535181 28.11250123 -0.54410881
110.34515341 27.27599975 -0.53477691
110.84164397 26.45741158 -0.52646039
111.36709122 25.62371759 -0.52015275
111.88682164 24.79287003 -0.51163793
112.40762985 23.94691736 -0.51087549
112.90391550 23.12134799 -0.49904408
113.40056075 22.28859245 -0.49068189
113.86589105 21.46508420 -0.47419075
114.33477810 20.61547875 -0.46976884
114.79975036 19.76187029 -0.46716546
115.25650705 18.90785875 -0.46809555
115.70855526 18.04196280 -0.46458633
116.11909709 17.18656827 -0.46567174
116.53681630 16.31032800 -0.46960774
116.91335123 15.44237192 -0.46238510
117.28631255 14.57024995 -0.45411204
117.65626710 13.68145727 -0.45820188
118.00856283 12.79759354 -0.45786847
118.34272286 11.91751245 -0.46092153
118.65923457 11.05619539 -0.45166401
118.96699478 10.17514986 -0.44534822
119.26023305 9.32281389 -0.43368046
119.55011471 8.45234734 -0.42362065
119.83407648 7.61894252 -0.42158726
120.11266112 6.78788509 -0.41709697
120.38584342 5.97926217 -0.41390692
120.65985697 5.18505487 -0.41628814
120.92656213 4.43141390 -0.41638349
121.19342068 3.71867993 -0.40765851
121.46036250 3.01091014 -0.40818710
121.71389280 2.34685466 -0.40182201
121.96919844 1.69553992 -0.39416023
122.23091449 1.03951831 -0.39126776
122.47274260 0.42305472 -0.38626328
122.69642051 -0.17983501 -0.38413982
122.94246600 -0.79911493 -0.37563589
123.17818073 -1.41580127 -0.37138491
123.41139806 -2.03603369 -0.36308551
123.65921768 -2.66989231 -0.35488044
123.90032745 -3.29892698 -0.33654487
124.11968855 -3.89350107 -0.33666531
124.34288270 -4.50900972 -0.34269697
124.56602230 -5.11844771 -0.35744912
124.78439278 -5.75081142 -0.36412888
125.01392651 -6.38451169 -0.37308673
125.24145452 -7.05641320 -0.36981771
125.46300881 -7.71310647 -0.37778276
125.68099363 -8.36691585 -0.37681668
125.88629268 -9.05622601 -0.37753851
126.12771194 -9.75908608 -0.36704828
126.37268899 -10.46502175 -0.37244006
126.60519196 -11.13997870 -0.37065549
126.87412825 -11.83563192 -0.38356362
127.15639137 -12.52874796 -0.39835810
127.44399835 -13.23999657 -0.40906281
127.72843575 -13.96556538 -0.41944566
128.03296600 -14.68432144 -0.42489174
128.33056123 -15.40232093 -0.44661641
128.64745875 -16.15502409 -0.46230372
128.96187529 -16.90987023 -0.47491318
129.27448316 -17.66608273 -0.47020842
129.62243716 -18.46912982 -0.44955125
129.96699618 -19.25541076 -0.46695333
130.31515166 -20.05002641 -0.46767721
130.65283508 -20.86345869 -0.47352016
131.00978554 -21.70758490 -0.48476282
131.36749371 -22.56047549 -0.47784107
131.72573550 -23.40660101 -0.46969786
132.09667893 -24.26646080 -0.47967874
132.46926845 -25.14377721 -0.48631871
132.83105576 -26.00403176 -0.50034429
133.19919737 -26.88599259 -0.50317893
133.64728771 -27.97486607 -0.50294178
134.01630486 -28.85972915 -0.50733672
134.38859498 -29.75083497 -0.50566787
134.75777153 -30.64002220 -0.52490325
135.12947638 -31.52185325 -0.54175376
135.51489978 -32.42991270 -0.56517327
135.88874163 -33.32924507 -0.57842781
136.26221253 -34.23146113 -0.59515844
136.63123658 -35.12933240 -0.59467139
137.00332080 -36.01095193 -0.60230877
137.37965997 -36.89643904 -0.62626598
137.74388911 -37.77688398 -0.62296733
138.13262657 -38.65776488 -0.62105026
138.54036576 -39.52956821 -0.62250797
138.92678930 -40.40487312 -0.62115821
139.32582007 -41.29786214 -0.63047431
139.70800289 -42.17273827 -0.63855482
140.08510471 -43.02919401 -0.64440934
140.47974525 -43.91289530 -0.66739567
140.84991318 -44.78274221 -0.68474961
141.21700733 -45.65016714 -0.69716258
141.58469070 -46.51837501 -0.71847217
141.94770858 -47.36012622 -0.71312414
142.32330107 -48.22929735 -0.71150825
142.69272944 -49.09796673 -0.70468103
143.05569420 -49.95731028 -0.69892525
143.42155210 -50.81774078 -0.71172443
143.78011926 -51.66752036 -0.71077672
144.13144853 -52.49387019 -0.71344312
144.48785530 -53.32008278 -0.71132836
144.82963181 -54.12401938 -0.69973095
145.17124255 -54.92246257 -0.69191538
145.50171334 -55.70615966 -0.70350472
145.82138836 -56.47598375 -0.71846266
146.11537908 -57.22600303 -0.72244927
146.40076901 -57.98015321 -0.70249661
146.68334704 -58.71142202 -0.66916011
146.96297415 -59.41435606 -0.65672278
147.23139006 -60.10509604 -0.65533624
147.46659018 -60.76803322 -0.66516962
147.69892807 -61.40459313 -0.66552537
147.93251019 -62.02376491 -0.66727001
148.16061858 -62.62119425 -0.65943582
148.37343795 -63.20609824 -0.65071245
148.57770877 -63.75266131 -0.63178564
148.77983146 -64.31165640 -0.62581555
148.98937041 -64.83334430 -0.61645700
149.21270428 -65.35247203 -0.61069902
149.45498792 -65.85822143 -0.60208122
149.71679154 -66.34672058 -0.59746030
149.99177500 -66.80874174 -0.59121868
150.29084133 -67.26184504 -0.58012488
150.61170541 -67.70367773 -0.57069366
150.94758232 -68.13122898 -0.56325163
151.30184072 -68.54128549 -0.55237393
151.68700963 -68.94607743 -0.55497892
152.08031749 -69.33452000 -0.54870614
152.51849499 -69.71476748 -0.52870694
152.96077196 -70.06816659 -0.51541552
153.43108057 -70.41751935 -0.52190262
153.89132429 -70.75276198 -0.51888057
154.38631141 -71.08396344 -0.51229614
154.93368312 -71.40796464 -0.52273968
155.44937252 -71.72467667 -0.52962660
155.99217518 -72.04243966 -0.53670296
156.53033596 -72.36793196 -0.54450840
157.08286258 -72.69567943 -0.55104013
157.65718549 -73.02118206 -0.56210810
158.20982320 -73.36276855 -0.56632157
158.77823590 -73.71400171 -0.56354786
159.35642114 -74.07518820 -0.57634760
159.92386915 -74.43448060 -0.58925549
160.52020808 -74.81864918 -0.60543146
161.12724619 -75.21255589 -0.62198471
161.72585886 -75.60809287 -0.61557436
162.36945948 -76.01429281 -0.62252521
162.97593113 -76.41846429 -0.61485877
163.58452652 -76.83938608 -0.62496026
164.17589258 -77.25204361 -0.63045506
164.76042252 -77.66584169 -0.62450292
165.39532459 -78.10059904 -0.61265385
166.01883551 -78.52069710 -0.60315445
166.66284244 -78.94658612 -0.60198380
167.25406308 -79.36938736 -0.59557109
167.86289740 -79.80836195 -0.58851144
168.50492516 -80.24910297 -0.57655682
169.19704961 -80.72474119 -0.58151054
169.86123333 -81.20682102 -0.63212117
170.60250053 -81.70536162 -0.66723783
171.25536130 -82.14946600 -0.67477184
171.85342828 -82.55454328 -0.68649423
172.45031172 -82.97340648 -0.69746103
173.07868153 -83.40909801 -0.70532853
173.75172257 -83.89421403 -0.71035151
174.39838161 -84.35112331 -0.71062182
174.99483687 -84.76525453 -0.70484444
175.70946466 -85.24302439 -0.72226146
176.32562013 -85.68273367 -0.72731232
176.99632144 -86.14055598 -0.73184798
177.62464239 -86.58306968 -0.71850891
178.33998973 -87.06199279 -0.71525065
179.03964033 -87.56188334 -0.71589647
179.78159387 -88.06627680 -0.71025668
180.45671834 -88.54714677 -0.69682582
181.16211553 -89.03352265 -0.69270702
181.83891763 -89.51970885 -0.69920724
182.51098090 -90.01398594 -0.69135777
183.18850178 -90.50371093 -0.68699016
183.89008126 -91.00865093 -0.68330456
184.59148532 -91.51167108 -0.67253216
185.29102976 -92.00361501 -0.66417410
185.99598547 -92.50846463 -0.65556191
186.69491229 -93.01128899 -0.65794740
187.39930498 -93.50606561 -0.66462376
188.08874296 -93.98517176 -0.67771709
188.78302718 -94.46555256 -0.65742524
189.46840213 -94.94409648 -0.64043767
190.15418383 -95.42499926 -0.63928156
190.84703657 -95.90001935 -0.65423099
191.54368415 -96.38180798 -0.66761058
192.23603230 -96.86381010 -0.66637148
192.91967118 -97.36763354 -0.65877449
193.61745625 -97.85650692 -0.64324057
194.31601321 -98.35070585 -0.63900170
195.04321344 -98.86914456 -0.65443337
195.75196645 -99.37312295 -0.66803326
196.46957334 -99.89281805 -0.66942556
197.16714798 -100.39034634 -0.66038728
197.88655717 -100.89764721 -0.64876099
198.60973266 -101.40610207 -0.64322194
199.32517787 -101.90012967 -0.64452769
200.04361344 -102.40284531 -0.64816729
200.76271383 -102.90106298 -0.64906179
201.50201012 -103.42431736 -0.64665851
202.26047407 -103.95910977 -0.64955756
203.00650809 -104.48372052 -0.65625677
203.74369612 -105.00424402 -0.63715722
204.51648650 -105.55755558 -0.63333396
205.27590184 -106.10371018 -0.66340599
206.01344998 -106.64498870 -0.65891037
206.76391116 -107.17387521 -0.65110343
207.49225709 -107.68788923 -0.63600349
208.23262236 -108.20568554 -0.63440683
208.98543664 -108.72774147 -0.64317511
209.70423553 -109.24933535 -0.65341384
210.39903324 -109.75487242 -0.66194513
211.12359830 -110.28541608 -0.65922447
211.85131850 -110.81588692 -0.65306942
212.56501956 -111.33181089 -0.64234112
213.26237339 -111.82990230 -0.63429003
213.96086992 -112.33794268 -0.63577401
214.65502895 -112.85254917 -0.63377450
215.36992253 -113.36187732 -0.62581654
216.05150365 -113.85606175 -0.61511638
216.72912967 -114.33676564 -0.60145133
217.41203148 -114.81119720 -0.60020321
218.09605008 -115.28752851 -0.60995441
218.77998437 -115.77170012 -0.60217325
219.45968752 -116.24451911 -0.58412151
220.12805893 -116.72317437 -0.56818470
220.78926210 -117.19083815 -0.56576746
221.43716985 -117.64991917 -0.56047881
222.07317715 -118.09753831 -0.55482674
222.72256619 -118.54017839 -0.54774477
223.34113772 -118.96762060 -0.54168517
223.96635422 -119.40029999 -0.53066376
224.57661029 -119.82245198 -0.52892891
225.15631010 -120.22573003 -0.52414475
225.76393455 -120.63539790 -0.52749090
226.33530788 -121.04719333 -0.53438218
226.91908773 -121.45950472 -0.53161712
227.48986506 -121.86287155 -0.52578068
228.05643956 -122.27420314 -0.51610538
228.61750045 -122.67899653 -0.51568864
229.16457972 -123.06766128 -0.51384378
229.69833955 -123.45245218 -0.51397202
230.20375607 -123.82391213 -0.51311357
230.72584045 -124.22002314 -0.50363944
231.19490177 -124.59568111 -0.49421265
231.66415068 -124.98448749 -0.48373650
232.12054000 -125.37005765 -0.47204620
232.55994662 -125.72347561 -0.47445649
232.98742850 -126.08982508 -0.47040403
233.40227222 -126.45795887 -0.46756799
233.80133819 -126.80615912 -0.46833630
234.17846287 -127.14195891 -0.46688087
234.53938968 -127.47496275 -0.46275618
234.88689601 -127.80100444 -0.44944571
235.19723526 -128.09172935 -0.44927288
235.50346611 -128.37618730 -0.44107324
235.77536128 -128.62785813 -0.44081424
236.04876147 -128.87211451 -0.43578489
236.29049280 -129.09562409 -0.43123437
236.53742891 -129.31775973 -0.42764350
236.76827176 -129.52237266 -0.43010848
236.99327223 -129.70640810 -0.41951320
237.20183743 -129.87532450 -0.42078714
237.39707277 -130.03850746 -0.41578162
237.59633538 -130.19988383 -0.41082955
237.80230593 -130.34196441 -0.41220016
238.00806211 -130.47512572 -0.41248974
238.21860364 -130.60863636 -0.41671552
238.42632752 -130.73061843 -0.41689441
238.62530319 -130.84297004 -0.41806267
238.83432055 -130.94665549 -0.40968012
239.04108703 -131.04274187 -0.41490462
239.25902035 -131.13000245 -0.41172621
239.47614055 -131.21184839 -0.41259758
239.70674982 -131.27828985 -0.41323206
239.95824423 -131.33870666 -0.41331076
240.22868339 -131.39424873 -0.42045691
240.50573303 -131.45915250 -0.42109125
240.79793425 -131.48971583 -0.42319350
241.09768285 -131.49224924 -0.41584367
241.38289814 -131.45149319 -0.42504755
241.67615130 -131.39248245 -0.42691884
241.98562515 -131.32655852 -0.43769885
242.30770487 -131.25147932 -0.43732039
242.62982468 -131.15672453 -0.43825043
242.97832860 -131.02062011 -0.43707309
243.32925087 -130.84848080 -0.41982184
243.67791535 -130.65316341 -0.42242241
244.03007863 -130.43953643 -0.42825929
244.39751445 -130.18965582 -0.42363840
244.77299089 -129.90670994 -0.43759948
245.14828121 -129.59544906 -0.44975277
245.54303497 -129.26508275 -0.44949793
245.94845664 -128.90740290 -0.44852077
246.35933237 -128.52040252 -0.44592092
246.77359381 -128.10581597 -0.44852259
247.18858558 -127.66986556 -0.45763429
247.60156114 -127.20419023 -0.46213213
248.02185941 -126.69783477 -0.44948040
248.42132316 -126.19297779 -0.44650288
248.81954760 -125.66140605 -0.45995380
249.22567060 -125.10265242 -0.47706453
249.63904513 -124.51691668 -0.48943039
250.04804713 -123.89405852 -0.46886218
250.46750014 -123.26488472 -0.44910929
250.88314599 -122.65108750 -0.43230744
251.28384966 -121.99529213 -0.43789449
251.69765971 -121.33153725 -0.44185311
252.12367846 -120.64630283 -0.44853930
252.56453531 -119.93718444 -0.46085087
253.01327022 -119.23141702 -0.47340641
253.48379318 -118.48191509 -0.47416879
253.96361398 -117.69494159 -0.50244545
254.43931462 -116.90321722 -0.52969899
254.95363033 -116.11681559 -0.53433470
255.46657960 -115.36489645 -0.53419894
255.97282470 -114.57620526 -0.54794584
256.48785352 -113.78517841 -0.58253459
257.01410464 -113.06743606 -0.55818585
257.54181159 -112.25387723 -0.56925954
258.05949646 -111.44844014 -0.58017264
258.61138761 -110.61635221 -0.57947200
259.15049480 -109.80705690 -0.57650327
259.69001927 -108.96612559 -0.58651817
260.24657044 -108.11448929 -0.60742754
260.78706493 -107.27289952 -0.62690499
261.32874731 -106.44164321 -0.63696244
261.85539014 -105.61252444 -0.64403979
262.36054417 -104.80034685 -0.62567082
262.88936992 -103.94170914 -0.62698513
263.43831535 -103.14362563 -0.61578044
263.97097223 -102.27563269 -0.63755529
264.50969192 -101.42944274 -0.65200279
265.05085688 -100.58415040 -0.65739679
265.58602356 -99.76666610 -0.67493863
266.12398023 -98.90437698 -0.71509960
266.66469006 -98.07096992 -0.73910484
267.19635255 -97.23965486 -0.74704510
267.75172922 -96.37274454 -0.76392486
268.31304154 -95.49323594 -0.78360905
268.87693834 -94.58517018 -0.77344139
269.43834278 -93.69681750 -0.78760628
270.00230666 -92.79614296 -0.79052452
270.55621337 -91.91117289 -0.81891347
271.14445628 -91.05317120 -0.84515284
271.68453440 -90.16122438 -0.85481484
272.35890719 -89.27426014 -0.83402148
273.03186460 -88.39460914 -0.81896727
273.52876253 -87.58541182 -0.83776177
274.08744692 -86.77357918 -0.84354828
274.65485330 -85.94623911 -0.85737889
275.20129876 -85.12728280 -0.86988862
275.71737279 -84.32887336 -0.84949617
276.23675782 -83.49875988 -0.85067246
276.76708259 -82.66750263 -0.85838667
277.27149607 -81.82120461 -0.85349957
277.80950437 -80.94601060 -0.83918078
278.34475563 -80.07058878 -0.82854369
278.87509095 -79.20452595 -0.81733894
279.39681976 -78.36458461 -0.81422032
279.91459272 -77.46520644 -0.81802531
280.44674179 -76.61374207 -0.83131806
280.98766547 -75.72436680 -0.82681982
281.53448864 -74.87772328 -0.83708029
282.06131882 -74.02361492 -0.85139573
282.58509576 -73.17736632 -0.84749688
283.09092282 -72.31143024 -0.86466548
283.60272467 -71.44930802 -0.86748973
284.13742501 -70.59777151 -0.85904128
284.71506612 -69.75376779 -0.85185661
285.25097892 -68.91458074 -0.81903477
285.73005956 -68.09064427 -0.84855715
286.38993296 -67.28709479 -0.86883767
286.92393549 -66.44446207 -0.87494241
287.46682260 -65.56944722 -0.86385095
288.00556042 -64.72665361 -0.84022204
288.55392340 -63.84673849 -0.81412168
289.11377553 -63.00936154 -0.79738401
289.65395095 -62.14195176 -0.79267585
290.20430788 -61.29109139 -0.79978992
290.75001971 -60.44248358 -0.81375985
291.30819369 -59.58815992 -0.81494481
291.86573486 -58.74103285 -0.79895190
292.39238672 -57.95646225 -0.80030146
292.94860015 -57.14450054 -0.79180164
293.50654950 -56.32905433 -0.78477687
294.07243222 -55.51120972 -0.77123977
294.61027723 -54.74993560 -0.75967827
295.14518436 -53.99789028 -0.75434721
295.69715559 -53.23191072 -0.75100673
296.24084647 -52.46369107 -0.74407427
296.78319793 -51.72787767 -0.73389811
297.36127628 -50.97401276 -0.72790745
297.92775644 -50.22988752 -0.70941174
298.47620098 -49.51458087 -0.69492067
299.00633687 -48.77407420 -0.68313953
299.56204900 -47.99853068 -0.67007145
300.08968884 -47.27703067 -0.65171542
300.62955119 -46.55872158 -0.64236750
301.17399218 -45.81835846 -0.64378243
301.69968956 -45.10251102 -0.63613782
302.22905814 -44.37229004 -0.62638547
302.76307907 -43.59431193 -0.60893131
303.27023115 -42.86134484 -0.58741928
303.78293953 -42.10555516 -0.58306815
304.21359772 -41.42950069 -0.57233261
304.68101033 -40.69141300 -0.57095422
305.15747917 -40.06369538 -0.57256156
305.59946853 -39.40269104 -0.55790601
306.05133876 -38.73678653 -0.54585571
306.51617181 -38.05023044 -0.54262518
306.93515338 -37.43960661 -0.53644281
307.37769082 -36.83969427 -0.53334837
307.82528763 -36.23271711 -0.53031648
308.26425459 -35.62954934 -0.51671631
308.67895566 -35.07357575 -0.50720019
309.10855626 -34.50708070 -0.48896369
309.54533074 -33.96269361 -0.48565690
309.97427177 -33.41852734 -0.46736816
310.37611876 -32.93107809 -0.46069120
310.76593697 -32.46664041 -0.45528349
311.14909488 -32.00055122 -0.45173444
311.52327420 -31.55021238 -0.43781748
311.90771758 -31.09460498 -0.41920043
312.28398902 -30.66554684 -0.41310478
312.64775677 -30.28808514 -0.39834561
313.00097935 -29.92890951 -0.38718665
313.32811468 -29.54140946 -0.38118639
313.65511308 -29.16982088 -0.38534701
314.02656442 -28.74457757 -0.39217994
314.38922306 -28.34549146 -0.38553424
314.76818470 -27.94654317 -0.37337487
315.10805551 -27.50770832 -0.34984898
315.44174879 -27.06676988 -0.34183361
315.78034760 -26.63891055 -0.32856047
316.10473435 -26.23025677 -0.32467104
316.41091824 -25.81022738 -0.32079646
316.68155511 -25.34106319 -0.31989778
316.93268756 -24.88254198 -0.31877589
317.19571158 -24.44201122 -0.31511810
317.41594676 -23.96815264 -0.30523551
317.61475156 -23.48637922 -0.28948009
317.76009808 -23.01501077 -0.28060926
317.90915361 -22.50672960 -0.26855338
318.02819869 -22.01460095 -0.27119336
318.14312506 -21.48143546 -0.26449410
318.20702712 -20.98878175 -0.27623867
318.25849878 -20.48053169 -0.26749252
318.28607075 -19.95604903 -0.26152552
318.27723781 -19.39282895 -0.26017723
318.21714132 -18.83602798 -0.25484585
318.13563664 -18.28039184 -0.27564554
318.05045800 -17.70616125 -0.28402148
317.91251313 -17.16408429 -0.27878118
317.76614892 -16.60802459 -0.27984103
317.56114113 -16.04431066 -0.28533621
317.34514088 -15.48905592 -0.29605468
317.09148944 -14.94647722 -0.30178239
316.78426910 -14.34767659 -0.30930476
316.47498235 -13.78220755 -0.30077136
316.12336962 -13.19591855 -0.28617000
315.74844069 -12.59787511 -0.27916226
315.36730465 -11.99435580 -0.26667429
314.97479760 -11.38020223 -0.27267072
314.57189222 -10.75424523 -0.28445073
314.16818650 -10.11021274 -0.28089710
313.76475606 -9.46634995 -0.28156867
313.34123678 -8.79476926 -0.29162388
312.91801983 -8.11598101 -0.30243351
312.50319355 -7.45622692 -0.31784411
312.05653582 -6.71877586 -0.33332395
311.65672537 -6.04157190 -0.34212918
311.21979268 -5.31323099 -0.34413850
310.80036717 -4.57589392 -0.33857507
310.36565572 -3.83637497 -0.32931823
309.95986945 -3.10791619 -0.33230158
309.50493703 -2.33465124 -0.33910115
309.04646095 -1.53452931 -0.33467535
308.60074071 -0.75240891 -0.33463153
308.15300632 0.03381144 -0.33428502
307.69572368 0.81482140 -0.33054636
307.25262858 1.59440684 -0.34140124
306.83185384 2.37229049 -0.34844995
306.35885433 3.22567554 -0.36088670
305.91805975 4.04797076 -0.34462570
305.49719413 4.86203321 -0.33492633
305.07044091 5.68241773 -0.33099836
304.65810383 6.51731187 -0.33282221
304.25449424 7.34472423 -0.33984050
303.88031327 8.14867182 -0.33174801
303.51135065 8.98671404 -0.31521377
303.15235086 9.83074966 -0.30042316
302.79461124 10.66895959 -0.30054621
302.45200606 11.52179711 -0.28170307
302.12842325 12.37933864 -0.27653151
301.80056848 13.25558717 -0.27784382
301.48511968 14.14261509 -0.27389307
301.16236543 15.02719730 -0.26751726
300.81744955 15.92147414 -0.26375484
300.45524406 16.81854766 -0.26575560
300.10676593 17.69560837 -0.27495682
299.78594188 18.59914286 -0.28017192
299.43777076 19.49468782 -0.27346180
299.07568379 20.36513071 -0.28266908
298.72045682 21.24296237 -0.28806520
298.35683338 22.12851640 -0.29279190
297.96392525 23.00575846 -0.28176322
297.57385896 23.88774435 -0.26731690
297.20473364 24.74782389 -0.24629871
296.82501200 25.60987440 -0.23836179
296.41319714 26.49750041 -0.23249428
295.97223033 27.36490495 -0.23783754
295.54512930 28.24356346 -0.24481487
295.10338496 29.11138585 -0.24231122
294.64996906 30.00789536 -0.23690731
294.21621126 30.88729590 -0.23659326
293.76588073 31.76551146 -0.23707461
293.30515367 32.60703641 -0.23944760
292.86491105 33.44997269 -0.26238007
292.41546052 34.26539131 -0.27205596
291.94654141 35.09104939 -0.28567308
291.49627238 35.91795464 -0.28998297
291.04029785 36.75202264 -0.29501434
290.58954576 37.57759463 -0.29677150
290.16564116 38.38762656 -0.28376768
289.72261382 39.20954374 -0.29658552
289.29669515 40.02316512 -0.29323014
288.85321559 40.86232928 -0.28315890
288.42462915 41.69198251 -0.26620102
288.01130246 42.52261162 -0.25961372
287.59914759 43.31168033 -0.26020380
287.18537392 44.11773548 -0.25900334
286.79001624 44.90849123 -0.25679089
286.38220949 45.71617137 -0.25690305
285.97392727 46.49447650 -0.26006599
285.54251101 47.29648463 -0.24778307
285.13071676 48.09523405 -0.24353895
284.71329379 48.85700118 -0.23500551
284.31145858 49.61747585 -0.23241068
283.91833590 50.36374921 -0.22429044
283.52418927 51.08655882 -0.22106082
283.14654759 51.80815376 -0.23131274
282.77593969 52.52070933 -0.22855291
282.40649438 53.20696311 -0.20736232
282.04957500 53.87688123 -0.19444792
281.69607316 54.52382141 -0.18829756
281.36679699 55.17128276 -0.19277331
281.00481434 55.80788737 -0.19193849
280.65874645 56.42748297 -0.19512643
280.32173758 57.03650640 -0.19727232
279.98405296 57.64456348 -0.18932515
279.66480767 58.20691680 -0.18063091
279.32945151 58.79877050 -0.18291284
279.02138205 59.36247682 -0.18560169
278.75978186 59.87799388 -0.17931738
278.48292067 60.37810174 -0.16804367
278.21187373 60.86807000 -0.16910428
277.95750700 61.31142284 -0.17276186
277.72316287 61.75107423 -0.16489357
277.48340673 62.21076026 -0.16141150
277.26993486 62.61028595 -0.14165844
277.07898027 62.99765064 -0.13391977
276.88708420 63.37456948 -0.13000600
276.71402259 63.72608715 -0.11844913
276.55378161 64.06642519 -0.11299038
276.38586230 64.39685979 -0.10219509
276.21626300 64.73503698 -0.08086411
276.10612624 64.96183061 -0.07083765
275.99837220 65.17328439 -0.06825435
275.91048119 65.36835443 -0.06699296
275.82275251 65.56914045 -0.06304995
275.74060449 65.78578615 -0.05326912
275.65527226 66.00863289 -0.05116544
275.57574842 66.20730021 -0.05455741
275.49573268 66.42453611 -0.05364813
275.41760266 66.66697709 -0.05482944
275.34813124 66.87655053 -0.04165454
275.28179502 67.05092068 -0.03111443
275.19381157 67.25910615 -0.01587647
275.11642262 67.48509487 -0.00863320
275.03374051 67.70058288 -0.01240233
274.96731555 67.92599406 -0.01230102
274.88360035 68.19048324 -0.00246492
274.79988533 68.45513837 0.00593540
274.71017757 68.76604140 0.02031990
274.61784830 69.11539946 0.04038726
274.51099885 69.47375724 0.05792103
274.38743126 69.85772710 0.06931091
274.28357059 70.27086187 0.07301694
274.16344801 70.71640647 0.07937302
274.01884961 71.16554236 0.11164918
273.92661128 71.65516475 0.14237005
273.79689064 72.15784267 0.17180549
273.63619576 72.65426237 0.20515467
273.45365482 73.15766951 0.22011567
273.31932029 73.70699826 0.23539700
273.18261164 74.27536604 0.24726793
272.99823699 74.81595832 0.26980309
272.81557321 75.39782494 0.28226828
272.60558593 75.97709734 0.29014728
272.37619844 76.58281458 0.29652776
272.15105246 77.18226621 0.31720017
271.91745611 77.79118142 0.33283252
271.66126437 78.42890120 0.36382389
271.41428315 79.06319858 0.38579700
271.15043180 79.71049633 0.40673684
270.85673839 80.34022793 0.40983214
270.55260301 81.00451345 0.44800693
270.21661104 81.68424176 0.48146409
269.88782281 82.37150775 0.49626181
269.57630952 83.04488822 0.52825273
269.24252937 83.74383197 0.55210376
268.87960455 84.44987228 0.58335360
268.50924495 85.15289125 0.61183182
268.16612766 85.84188597 0.63970629
267.79955349 86.55038212 0.66780460
267.42789235 87.27331050 0.69639338
267.06467641 87.98500781 0.71862643
266.67815586 88.75874839 0.75906906
266.30482738 89.48495852 0.79420895
265.90119481 90.25889098 0.83973833
265.49904876 91.02311672 0.87266219
265.10005672 91.78201102 0.90709716
264.69614844 92.53485299 0.92588464
264.30723140 93.28093371 0.94745112
263.90740884 94.07449720 0.98773112
263.51778974 94.85529797 1.03164260
263.11921980 95.60608786 1.06103176
262.70515114 96.36299751 1.10092214
262.28964900 97.11973601 1.13315613
261.90093061 97.85708761 1.15498585
261.50861708 98.60738910 1.20309006
261.11183262 99.32231397 1.24313009
260.71623891 100.01942925 1.27239427
260.33158935 100.74832000 1.29385418
259.93092106 101.50052067 1.32927069
259.53960945 102.22293670 1.39202484
259.14580058 102.94616579 1.42683951
258.75181579 103.62971020 1.44500085
258.38911970 104.31183629 1.48012477
258.01147867 104.98774782 1.51235241
257.65241774 105.64678560 1.54559176
257.30929756 106.28362898 1.58256375
256.95852272 106.88820000 1.62125539
256.59772841 107.49343964 1.64895777
256.24903723 108.08846171 1.67802875
255.90178320 108.65372790 1.71378185
255.59122138 109.17175896 1.72721922
255.27743552 109.69176771 1.73497816
254.97113816 110.17954220 1.74180194
254.62931040 110.69212042 1.77274704
254.30271240 111.19442117 1.79144702
253.97945786 111.67311157 1.82275217
253.64711465 112.12667555 1.84977028
253.31787358 112.52784117 1.86949339
252.96712499 112.95228839 1.90528084
252.59518990 113.35034247 1.93135392
252.23001472 113.71864610 1.95798700
251.83441152 114.06172832 1.97961672
251.45099513 114.37295355 2.00051716
251.01881203 114.70888390 2.01615132
250.56117265 115.02541704 2.03867555
250.09216244 115.34187203 2.03957569
249.62954523 115.64679427 2.05068906
249.14624155 115.94956661 2.05894436
248.62048475 116.22975330 2.07202781
248.12078366 116.49407533 2.08210444
247.56344455 116.78242045 2.08492337
247.00101620 117.04867642 2.06795790
246.44274557 117.30682570 2.05811563
245.85502926 117.59288112 2.04202311
245.23603727 117.91572833 2.03936781
244.59331560 118.20491067 2.02725278
243.95190468 118.50815413 2.01600665
243.30114788 118.83814900 1.99835253
242.64170451 119.17475247 1.99071339
241.92886654 119.50986636 1.98275844
241.23644738 119.85374095 1.96625109
240.54123815 120.18471195 1.95869829
239.84097620 120.52780597 1.93544376
239.12770603 120.85790559 1.92363118
238.38129462 121.20365758 1.89512789
237.62371242 121.59357792 1.87703130
236.84163653 121.98340674 1.87650115
236.02272214 122.39156210 1.85833225
235.19534077 122.80714471 1.85331403
234.38039144 123.20261268 1.84080001
233.55351187 123.61109663 1.82684293
232.72494776 124.02886577 1.79143365
231.89508159 124.46488907 1.76521108
231.08888584 124.88080224 1.76602435
230.25531541 125.33203842 1.73898466
229.41049645 125.76487507 1.75022218
228.54402291 126.21061179 1.76415352
227.65346100 126.67049238 1.76710547
226.75616438 127.15057588 1.76222225
225.87612256 127.58641891 1.73308639
224.97656949 128.04325846 1.69967827
224.07209718 128.52349659 1.66614007
223.17840907 128.98082100 1.64495619
222.25207272 129.43728060 1.62694306
221.32260902 129.89590149 1.61372640
220.45057442 130.33671542 1.59149905
219.54152400 130.78669365 1.58152202
218.64353174 131.23762115 1.55824174
217.77846572 131.66241405 1.52250492
216.88298104 132.11025461 1.49216911
216.00592743 132.52382586 1.47513032
215.13279388 132.96500800 1.47975228
214.22350777 133.39385516 1.46700573
213.32637405 133.83108149 1.44087763
212.48123762 134.23565114 1.41443753
211.64295763 134.65804941 1.38469003
210.77901509 135.08165615 1.35298402
209.93108740 135.51013745 1.33856122
209.06461060 135.93924257 1.31975636
208.18893638 136.37894441 1.32654548
207.31210665 136.79377423 1.31756412
206.44280738 137.21776387 1.31146728
205.57045958 137.63685476 1.27366528
204.74706476 138.04073996 1.25684261
203.90928962 138.45889025 1.23647716
203.06071969 138.85376806 1.22107353
202.21529211 139.27405581 1.20021439
201.35753335 139.69151463 1.18985139
200.52135652 140.08759874 1.16043194
199.66693021 140.49398861 1.13270049
198.85549870 140.87916745 1.10766354
198.03685877 141.25773850 1.08557548
197.21466428 141.65838660 1.06471652
196.40411088 142.02774562 1.03555973
195.64577812 142.38475044 1.00499343
194.90442410 142.74360541 0.98643223
194.13904040 143.09147839 0.95609446
193.39152974 143.43128963 0.93766750
192.65745684 143.79156763 0.92360522
191.95294361 144.12331032 0.91022805
191.25072980 144.45475723 0.89715764
190.61697504 144.77724488 0.88483574
189.98422433 145.06479572 0.85795161
189.38501206 145.35352401 0.83892063
188.78872437 145.63515459 0.81797624
188.21722173 145.92382996 0.80355577
187.64648364 146.21288165 0.77412268
187.10982416 146.50894587 0.74849894
186.57390761 146.79495437 0.72670423
185.81223682 147.09512019 0.72347693
185.30803608 147.40271733 0.70925189
184.82475101 147.70268597 0.68606786
184.36278373 148.02307509 0.66269929
183.90141209 148.35776136 0.63198224
183.44383889 148.72111699 0.60410110
182.99014065 149.10101693 0.56906134
182.57350423 149.50044499 0.53933903
182.17106482 149.88788836 0.51144773
181.77539980 150.30322698 0.49508392
181.38513313 150.74586039 0.47183039
181.01554311 151.21295412 0.44616604
180.68482756 151.68154949 0.42709782
180.40643087 152.18450030 0.41423726
180.14027114 152.70931536 0.38478519
179.91374908 153.25956646 0.37112037
179.71968559 153.78355501 0.35707827
179.56064367 154.33679075 0.35387210
179.42396944 154.87786376 0.33081536
179.32645627 155.45705610 0.29453477
179.28113489 156.03983488 0.27956076
179.26309009 156.64892520 0.28258492
179.26482206 157.28580364 0.28530447
179.27338737 157.91095367 0.28079136
179.33272299 158.53337780 0.27423115
179.39464178 159.13315065 0.27441980
179.51818011 159.79495066 0.27673215
179.64847307 160.44367856 0.26038360
179.85180916 161.11331443 0.26619788
180.05687758 161.77353147 0.26897997
180.29170925 162.41945677 0.26867552
180.53779660 163.07201158 0.28517361
180.79898981 163.73231851 0.30791413
181.08498601 164.41591887 0.31926971
181.37510488 165.09216922 0.32320961
181.68681810 165.74124835 0.32138882
182.00237752 166.41166768 0.31188257
182.31094037 167.08307610 0.31334113
182.63275222 167.75897113 0.30914377
182.94894065 168.41316116 0.31349252
183.28675270 169.13012826 0.31916886
183.61763018 169.84651122 0.31890555
183.96277501 170.53466421 0.32607712
184.26429705 171.19957977 0.32634297
184.57323050 171.88111965 0.31975176
184.92537810 172.59771315 0.34145109
185.25380548 173.31412516 0.35928361
185.59953611 174.04147548 0.39030232
185.95660992 174.81991122 0.41480622
186.30494926 175.58185939 0.44060661
186.65496155 176.37431710 0.45339002
187.00985517 177.12957987 0.45483855
187.34506495 177.90990314 0.45598367
187.71620922 178.70918745 0.44820377
188.08462109 179.51649382 0.43856134
188.45160263 180.34284192 0.43394485
188.82358848 181.18448327 0.44178475
189.20987482 182.03923750 0.46234188
189.60168851 182.91331663 0.47772311
190.01025269 183.80986582 0.47877487
190.42060321 184.70475786 0.48200646
190.83325352 185.58873098 0.48006182
191.25761027 186.49889207 0.48110874
191.67681533 187.40678480 0.46579606
192.10524324 188.33787002 0.45242333
192.54125803 189.28277935 0.46559728
192.98231761 190.22754987 0.48294673
193.42456059 191.18781683 0.48761707
193.84767765 192.14162958 0.47246635
194.29214282 193.10241236 0.46619662
194.74019215 194.06612756 0.46049701
195.18938671 195.02870791 0.46869472
195.63266164 195.99846828 0.47408007
196.07824617 196.98064944 0.47255361
196.52791587 197.96969353 0.47071437
196.97063776 198.95110302 0.46928609
197.42826053 199.93213212 0.45776658
197.88108908 200.91472880 0.44770798
198.33560124 201.87939396 0.43359808
198.78432437 202.82690149 0.42932701
199.24451369 203.78972760 0.43213658
199.69218876 204.73796582 0.42884863
200.14355399 205.69988160 0.42977671
200.59489246 206.65593255 0.43583521
201.03713599 207.62702834 0.44276127
201.48232051 208.60518414 0.44012801
201.92976113 209.58982546 0.42088735
202.37634518 210.55393646 0.40594555
202.81659522 211.49001124 0.40246869
203.25409256 212.39585630 0.40127064
203.69517739 213.32587856 0.39971220
204.13846256 214.25330987 0.39781558
204.59208358 215.21786607 0.39224953
205.04286207 216.16517602 0.38551715
205.49545378 217.12346552 0.38127880
205.94908721 218.06480671 0.37735379
206.40075290 219.01016910 0.38692465
206.85349959 219.94185476 0.38971695
207.30238167 220.89641774 0.38593756
207.76643520 221.82156038 0.37977322
208.21114495 222.71798341 0.36908146
208.64424409 223.60460522 0.36414772
209.07237061 224.53709749 0.36088662
209.51788362 225.42669003 0.35481455
209.95846788 226.34630141 0.35790149
210.40172800 227.28919786 0.34620042
210.83469032 228.22783593 0.32895510
211.26852956 229.15826900 0.31442730
211.71186041 230.12565895 0.29780808
212.14318629 231.04898845 0.27772305
212.56894387 231.94299562 0.26506139
212.99038633 232.84665681 0.26494547
213.40084227 233.74721377 0.25178677
213.82324944 234.66861139 0.23285002
214.23199784 235.57430275 0.22975271
214.63705160 236.49381367 0.23278404
215.03732235 237.41394110 0.24039984
215.42538726 238.31832239 0.23577408
215.81323926 239.22698829 0.22293664
216.18193128 240.12565095 0.21808197
216.54904129 241.02999327 0.21924106
216.92038924 241.93922669 0.19935309
217.30455162 242.85571246 0.19252778
217.69130011 243.76502260 0.17713579
218.07402585 244.65389115 0.17332446
218.47175390 245.56536772 0.16273292
218.87951186 246.47778965 0.16234441
219.29472789 247.38300938 0.15590226
219.70480334 248.31576172 0.14743548
220.14244169 249.25758594 0.13280033
220.56275703 250.17051293 0.10914893
220.99083033 251.08775318 0.08119103
221.43428512 252.02388619 0.06199907
221.88142985 252.93487050 0.04569297
222.34108936 253.87752639 0.04573930
222.79533534 254.77728952 0.04287461
223.25141706 255.66800313 0.03816411
223.71816159 256.60059192 0.03315313
224.18505908 257.53300132 0.04269265
224.65458905 258.46789288 0.04641332
225.12480027 259.39189525 0.03967652
225.59814466 260.32434887 0.03811171
226.07696218 261.21228770 0.04912260
226.55278923 262.11648763 0.04537678
227.02683263 262.99873569 0.03341247
227.48518715 263.87640433 0.01180739
227.95772557 264.75634735 0.00269542
228.42098874 265.62587832 -0.00065727
228.88716523 266.49322860 -0.00006486
229.34924229 267.33836883 0.00057284
229.81826273 268.21198180 -0.01235636
230.28298364 269.07641585 -0.02795731
230.74529401 269.95131293 -0.02785617
231.19661836 270.80286652 -0.03768243
231.64820651 271.62300167 -0.05365843
232.09886847 272.46441421 -0.06363958
232.52543841 273.26217666 -0.06786527
232.95996294 274.06839731 -0.08044622
233.38613357 274.85694639 -0.09072277
233.79972870 275.64016362 -0.09401859
234.21997607 276.40691557 -0.09555371
234.63505908 277.15554229 -0.10976619
235.04356303 277.89074130 -0.11863838
235.45806285 278.60801661 -0.12297210
235.87582972 279.33076949 -0.11433676
236.28372626 280.00302954 -0.11479427
236.67485181 280.66844193 -0.11083121
237.05651611 281.31061113 -0.12147116
237.42840548 281.91410900 -0.13823295
237.79624599 282.53231468 -0.15263486
238.15886532 283.12184065 -0.15873416
238.51572728 283.70685266 -0.15982090
238.87134335 284.29472351 -0.16386959
239.22983926 284.88380450 -0.17345126
239.58759886 285.46569498 -0.17845950
239.93601813 286.03755104 -0.16290773
240.29082336 286.61515648 -0.15337836
240.62164859 287.17954735 -0.14782076
240.94369869 287.74745179 -0.15177568
241.26109083 288.32145048 -0.15674037
241.57836192 288.90247714 -0.16156471
241.87587910 289.46695684 -0.15678208
242.16011168 290.05297608 -0.15641807
242.43170498 290.66261851 -0.14658151
242.73062137 291.28716906 -0.14868949
243.01386752 291.90930212 -0.14853332
243.29885529 292.56629113 -0.15168758
243.56344341 293.23066268 -0.15151780
243.84309060 293.92100562 -0.15710353
244.12677206 294.62775726 -0.16087981
244.41217168 295.33688931 -0.14781933
244.71496362 296.07634528 -0.13562440
245.02456509 296.80789155 -0.14095225
245.35502881 297.54062720 -0.14892028
245.69101088 298.30404462 -0.15138255
246.02325737 299.09735505 -0.16416672
246.38485473 299.89415990 -0.16257327
246.75029572 300.66981289 -0.15028354
247.15378848 301.47862556 -0.14729244
247.57367549 302.27538456 -0.15388874
248.00684764 303.10089780 -0.16360129
248.44930475 303.92564304 -0.16781482
248.90238506 304.75763162 -0.15627199
249.36770536 305.61334575 -0.13625596
249.84812292 306.46395887 -0.12331321
250.32909171 307.31304704 -0.11001932
250.82452666 308.17712916 -0.10688445
251.32481467 309.05488490 -0.10403722
251.83996833 309.94279496 -0.10377836
252.35901871 310.83884154 -0.09739554
252.87796621 311.74436064 -0.09623512
253.40232822 312.66222010 -0.09691339
253.93557381 313.61868780 -0.10996229
254.44702043 314.51512617 -0.10752432
254.98214494 315.47399875 -0.10874530
255.50361219 316.40615077 -0.10381657
256.01174803 317.35545979 -0.10721263
256.53105690 318.29267069 -0.08615246
257.03826536 319.25446203 -0.06531661
257.53534450 320.20214670 -0.05549960
258.03381813 321.16235222 -0.05054637
258.53799001 322.12580020 -0.05282518
259.03407223 323.08960587 -0.05840713
259.52499332 324.04260295 -0.05579218
260.01142461 324.98316045 -0.05250497
260.49163842 325.91693285 -0.05569149
260.97785988 326.84112385 -0.05740072
261.45891785 327.78727101 -0.05059344
261.95355257 328.72767936 -0.03996059
262.43197818 329.65978915 -0.03385089
262.90457516 330.58951712 -0.03224408
263.38646987 331.51585985 -0.04045726
263.85765280 332.42596229 -0.04184374
264.33245137 333.31710364 -0.04804433
264.81948577 334.23820652 -0.04905081
265.30288804 335.12800411 -0.03859737
265.77055174 336.02475376 -0.01876219
266.24230077 336.92547840 -0.00308362
266.69717630 337.79194482 0.00639473
267.15448717 338.62816654 0.05513761
267.58803530 339.46212667 0.05438108
268.02854774 340.26328468 0.05153832
268.44972164 341.09630523 0.05081581
268.87378909 341.87859559 0.05459533
269.27555034 342.67835587 0.06143631
269.69526511 343.46305090 0.06040164
270.10206802 344.25013213 0.06056869
270.50131118 345.02014302 0.05150384
270.88279436 345.78912166 0.04408271
271.24602673 346.58089023 0.04928663
271.61599058 347.35422153 0.03777948
271.97145072 348.10780515 0.02957570
272.31150897 348.86319323 0.02035327
272.63564616 349.56131933 0.00816287
272.97037252 350.24755603 0.00317636
273.26886333 350.91681626 0.00704700
273.55937034 351.55000183 0.00878505
273.82409769 352.21163175 0.00921453
274.07431892 352.84200891 0.02390786
274.31578374 353.40425828 0.00802531
274.53389354 353.98116511 0.01250936
274.73026690 354.51076354 0.01328664
274.92279176 355.01132486 0.02324183
275.12182237 355.48021693 0.02723069
275.31666858 355.94220151 0.02752837
275.51082583 356.39015910 0.03270950
275.72559318 356.82167873 0.03466741
275.95226580 357.22832864 0.03260511
276.19386398 357.61503499 0.04398188
276.49282049 358.00541996 0.05279601
276.77218737 358.38993770 0.05035283
277.08916754 358.73685548 0.04876330
277.40939659 359.07240643 0.05622496
277.77090271 359.38687075 0.05465325
278.15517449 359.69167515 0.04464661
278.57035242 359.96045867 0.04399858
278.95096204 360.23571499 0.04814158
279.35713394 360.47721706 0.06645171
279.68547908 360.53196329 0.07975650
280.01114789 360.55567572 0.11663697
280.43099537 360.70312873 0.12798363
280.82085186 360.81287716 0.13856669
281.30177249 360.95044584 0.10274622
281.57917217 360.90579882 0.14941773
281.85970488 360.77483564 0.02121822
282.28762019 360.79616277 -0.01468440
282.74642621 360.76731538 -0.02619659
283.23489669 360.70525533 -0.03087552
283.69892636 360.60325669 -0.02584577
284.14749624 360.46913705 -0.01737564
284.67594319 360.33264207 -0.04630701
285.14693479 360.19125092 -0.03732168
285.64531089 359.92544131 -0.00019350
286.05500662 359.87947045 0.01886843
286.59933822 359.64357533 0.02727519
287.15588194 359.38694734 0.02680599
287.69565050 359.12508383 0.02315109
288.29292791 358.85824761 0.01762511
288.83928067 358.56300420 0.03073624
289.39516029 358.28109778 0.04782273
289.96136959 357.98651060 0.04659259
290.56727657 357.69026156 0.03746592
291.16623323 357.37719819 0.02834530
291.78256399 357.06906584 0.03430965
292.39427444 356.75263793 0.02503664
293.01776002 356.44293808 0.01873487
293.67916912 356.12552788 0.00878978
294.34446280 355.79331457 0.00301767
295.02889629 355.46404880 0.00814520
295.72973380 355.11465259 0.00698358
296.43219532 354.76704900 -0.00040314
297.16738853 354.40191297 -0.01586261
297.92488752 354.02544830 -0.02781758
298.68875423 353.64813754 -0.03602942
299.46023398 353.25634594 -0.04041196
300.25487606 352.85414738 -0.05364599
301.01861899 352.46452658 -0.06973055
301.80221831 352.06505561 -0.07609187
302.59576635 351.66716262 -0.07782806
303.37991164 351.28460830 -0.07054745
304.20255944 350.87439487 -0.05886510
305.01316308 350.46109660 -0.05539609
305.81915376 350.04975450 -0.05987560
306.64648588 349.61908948 -0.06701781
307.49724338 349.17152520 -0.08030034
308.33606940 348.72864609 -0.07987241
309.18954090 348.29496401 -0.09345319
310.03442059 347.85697758 -0.10529254
310.88559577 347.41613715 -0.11319330
311.75378489 346.97396923 -0.11805609
312.72138983 346.48318152 -0.10193384
313.61590482 346.03428054 -0.07470811
314.44974691 345.60737061 -0.06143837
315.24746825 345.17673031 -0.04763363
316.08593502 344.72233797 -0.01571782
316.92495584 344.27160862 -0.01019299
317.76130920 343.81553030 -0.01875218
318.60070551 343.35874579 -0.00897362
319.44828563 342.89358173 -0.00402908
320.31566583 342.44473356 -0.01616480
321.17453135 341.99236463 -0.03009090
322.04354446 341.53297934 -0.03489345
322.93944975 341.08360281 -0.04005502
323.81452163 340.62010481 -0.03727362
324.71229764 340.15969957 -0.04932592
325.57414280 339.71641569 -0.06437564
326.40635054 339.27818536 -0.07755797
327.25924841 338.83338364 -0.08666668
328.08163891 338.40662367 -0.08077294
328.93128148 337.97028821 -0.07719134
329.77745575 337.53332075 -0.06288454
330.65044421 337.09546494 -0.03644076
331.47914551 336.66577243 -0.02687142
332.30210554 336.23724267 -0.02559661
333.15570014 335.80729518 -0.02833215
333.99486931 335.37741189 -0.02849039
334.84754633 334.96165792 -0.03454846
335.66024042 334.54979857 -0.02668920
336.46572611 334.13635757 -0.00542163
337.27346612 333.73624742 0.00983835
338.08424899 333.32776433 0.02692320
338.89076577 332.91691658 0.04105618
339.71436579 332.50617656 0.05066120
340.52005005 332.10064028 0.06209210
341.34648236 331.70176514 0.06953026
342.15517222 331.32002534 0.08094630
342.95548241 330.94579785 0.08292501
343.78277054 330.59242998 0.07904496
344.61109361 330.23129473 0.07611509
345.42542611 329.88051915 0.07928363
346.27121415 329.54459059 0.07912026
347.11707890 329.21250924 0.08185583
347.94921449 328.90268805 0.07851800
348.79681485 328.60267197 0.07087369
349.60875143 328.31847734 0.06338388
350.44593577 328.02123837 0.06487042
351.26672964 327.74480779 0.07521699
352.10516516 327.46960887 0.08419801
352.91472742 327.20717474 0.09264555
353.72423543 326.95024857 0.08485014
354.53548625 326.69287019 0.07909724
355.37079760 326.45982757 0.08101861
356.19425148 326.23579439 0.09723224
357.00018758 326.02022528 0.10937189
357.83189327 325.81116838 0.11064637
358.63718982 325.61129605 0.10669575
359.47123406 325.41813567 0.10453844
360.30408843 325.23516654 0.10545049
361.13211523 325.06386823 0.10460102
361.96799406 324.89098113 0.10209720
362.84337467 324.73240282 0.09949466
363.67804865 324.57793432 0.09618462
364.48789843 324.44056747 0.09296950
365.32355251 324.29866952 0.07587131
366.14355290 324.16690488 0.06705538
366.97392909 324.04649606 0.06679746
367.79259679 323.93663895 0.06647088
368.62602709 323.82384937 0.07291507
369.41740308 323.72459327 0.07881159
370.21617048 323.62609401 0.07507698
371.02000991 323.53077985 0.07629791
371.83964663 323.44248309 0.08362039
372.64543456 323.36188410 0.10601498
373.44227014 323.29055112 0.11723263
374.23676873 323.23098912 0.12670850
375.02091786 323.17661332 0.13585765
375.81693734 323.12937398 0.14604483
376.59144153 323.09390937 0.15970810
377.35774265 323.06241735 0.17114838
378.13219080 323.04487261 0.17962473
378.90487970 323.02071608 0.19497247
379.66766669 323.00071437 0.20451112
380.45403859 322.99322740 0.21212066
381.22638059 322.99163463 0.23094777
382.01260936 322.98972699 0.25059002
382.77364789 323.00407034 0.26421728
383.52797152 323.01889880 0.26333260
384.25091078 323.04451923 0.25819528
384.97201808 323.08159859 0.25531875
385.67910124 323.11885505 0.25299292
386.37660512 323.16454519 0.25830687
387.06579884 323.21468766 0.26127593
387.73823701 323.27068555 0.26494967
388.38299661 323.32048291 0.26757447
388.99864495 323.38383492 0.26794741
389.59074108 323.42944877 0.26532582
390.16677646 323.48396806 0.26706409
390.71995245 323.52948438 0.26829084
391.25445978 323.57509598 0.27076071
391.77025747 323.61133291 0.27740385
392.26180507 323.63953300 0.28796046
392.73007732 323.65632225 0.29708889
393.16410316 323.66768255 0.30176731
393.58416019 323.66603806 0.30907157
393.99774349 323.66524777 0.30557415
394.38530096 323.65351463 0.30645976
394.78235233 323.63951159 0.29968074
395.16458711 323.61600829 0.29621039
395.57093211 323.57593829 0.28652368
395.95681565 323.53049850 0.27997865
396.34873289 323.46591012 0.26749323
396.73315376 323.39058440 0.26565628
397.11267395 323.29449331 0.27359242
397.48525851 323.19475235 0.28422722
397.84624321 323.08097551 0.29110340
398.20523985 322.96258048 0.28831048
398.56221770 322.81917855 0.26975476
398.92693105 322.65685678 0.26186212
399.28739067 322.47036007 0.25813464
399.64015817 322.25843662 0.24725299
400.00581548 322.03309677 0.25248224
400.36816563 321.78803697 0.25607258
400.73424214 321.52443550 0.26306348
401.08785117 321.22821719 0.26833280
401.43572107 320.90758502 0.26515786
401.76858106 320.56586671 0.26829165
402.08824833 320.20572058 0.26923107
402.39290469 319.81174882 0.26760248
402.68919655 319.36558584 0.25927649
402.97099333 318.89291250 0.25308666
403.23957309 318.37461895 0.24346123
403.48357135 317.81612493 0.23850385
403.71732076 317.20654725 0.23417692
403.91536308 316.57061587 0.22667795
404.10404814 315.90559713 0.21769735
404.27989060 315.22480331 0.21640632
404.43640354 314.52139801 0.20956258
404.58442859 313.79714452 0.20449486
404.72922752 313.02827792 0.19969655
404.85832482 312.24588466 0.19447606
404.97916472 311.45306063 0.19253209
405.11275032 310.64212919 0.18803219
405.24742758 309.76898844 0.18119689
405.37567375 308.88552669 0.17260084
405.50407557 308.00456562 0.15797280
405.62756607 307.08780379 0.14573499
405.76097810 306.16053418 0.13559956
405.89708923 305.19172733 0.13899682
406.02556641 304.23665377 0.14243156
406.16766745 303.27361718 0.13093355
406.29193839 302.30986611 0.13250594
406.40412354 301.33507726 0.13123046
406.53491427 300.33902938 0.12699291
406.67130586 299.35737127 0.12736318
406.80238505 298.35815895 0.12031876
406.94092712 297.34482755 0.12025426
407.07798218 296.32144643 0.11940899
407.21667597 295.33178370 0.12564099
407.34748830 294.32661377 0.12633768
407.42874853 293.31825090 0.12417894
407.52711078 292.30853203 0.12367898
407.63201268 291.27455894 0.12308723
407.73624812 290.26400452 0.11756029
407.84438450 289.25738839 0.11804002
407.95359138 288.24328579 0.11165651
408.07577751 287.23071942 0.11419665
408.18931661 286.20671252 0.11924047
408.30266891 285.18623246 0.11923487
408.42111387 284.15100269 0.10988215
408.53717384 283.12997307 0.10637009
408.65718302 282.10442607 0.10488516
408.76770539 281.13342232 0.11114092
408.88706207 280.16000477 0.11364673
409.01061337 279.19477876 0.12151274
409.12638563 278.21719604 0.12817751
409.24948471 277.25842783 0.13153353
409.36342744 276.34052998 0.13591425
409.47503050 275.33438059 0.13374920
409.60037542 274.34065859 0.14304629
409.71361304 273.39735745 0.14980183
409.82317745 272.42724346 0.14228411
409.94774233 271.46470869 0.13601193
410.07134595 270.47882544 0.12555688
410.20352035 269.47429057 0.11050895
410.33624426 268.48547369 0.09951500
410.48217144 267.48566340 0.09549707
410.62695178 266.49822893 0.09520769
410.77504425 265.46624474 0.08189518
410.93146800 264.46427415 0.08013261
411.10031317 263.42450966 0.08675539
411.26121261 262.38007227 0.08299618
411.43385641 261.33276661 0.07339693
411.60217663 260.26430128 0.06737817
411.76949248 259.22809909 0.07842863
411.93701686 258.16872955 0.08496547
412.09389625 257.14462661 0.09771301
412.26351149 256.09829997 0.10011718
412.42103420 255.03582327 0.10908522
412.58624298 253.99150652 0.10885039
412.75730272 252.96927376 0.10715318
412.92617286 251.93046262 0.10762822
413.10157813 250.88178688 0.10261923
413.27451293 249.86074007 0.10163461
413.45094820 248.83203268 0.09622235
413.62060382 247.77951935 0.09039665
413.79325421 246.75710644 0.08417068
413.98835992 245.73593543 0.07646559
414.15657842 244.71366470 0.07533763
414.33754660 243.71488952 0.07195505
414.51113782 242.70732339 0.06417376
414.68938606 241.72072823 0.06012013
414.86093463 240.71088254 0.05381144
415.02869514 239.75810551 0.05656545
415.19154883 238.81580890 0.05645304
415.35244087 237.89277652 0.05324364
415.48311469 237.02766685 0.07321041
415.62982810 236.16371339 0.07157353
415.77234691 235.33025963 0.08298391
415.91180874 234.50028656 0.07779432
416.04037034 233.71133171 0.07445867
416.14970350 232.93573679 0.07363839
416.24879620 232.19125343 0.07664084
416.32352586 231.46986682 0.08143421
416.39373105 230.77321469 0.08629415
416.44601075 230.07132065 0.08773143
416.47608958 229.39640187 0.08765191
416.49221939 228.75574108 0.09144383
416.48058245 228.10231329 0.09654479
416.44270766 227.46014896 0.09876457
416.37091180 226.81556983 0.10070807
416.26820112 226.16891004 0.10942391
416.13365789 225.53349215 0.10874615
415.95618169 224.92136682 0.11651136
415.75218990 224.32654198 0.11603896
415.52748474 223.75158843 0.10692593
415.26840408 223.21243903 0.10839316
414.96901620 222.69536750 0.10220240
414.64427498 222.19654649 0.10379220
414.27508294 221.73331699 0.09227659
413.86654732 221.30197936 0.09511693
413.44406610 220.93755176 0.09556697
412.99063983 220.59502057 0.09571699
412.50190716 220.25839498 0.09478862
411.98607193 219.96830301 0.09955412
411.45345237 219.71536522 0.09469185
410.89787658 219.47655144 0.08997987
410.31635293 219.26037224 0.07936713
409.72332290 219.08689523 0.06517419
409.11177022 218.92700068 0.05395256
408.50619958 218.80140696 0.03999689
407.88044077 218.68543990 0.02755490
407.23395964 218.60405663 0.01023043
406.57737431 218.53708401 -0.00752877
405.88707220 218.48593580 -0.02476263
405.18479992 218.46039542 -0.04429207
404.47630659 218.49075822 -0.06289892
403.76167846 218.52945563 -0.06989402
403.01016816 218.59740244 -0.08644810
402.26919289 218.68461891 -0.09412933
401.51698781 218.79277282 -0.09551654
400.74214910 218.93136530 -0.10919281
399.95097554 219.09333763 -0.10759817
399.12272327 219.29119105 -0.10747419
398.29369365 219.48481047 -0.10948554
397.46102986 219.70025840 -0.11652587
396.60822788 219.92640759 -0.13058724
395.74080326 220.17781156 -0.14110434
394.86815812 220.43991505 -0.14980965
393.97593808 220.73465349 -0.16429860
393.10132535 221.04141610 -0.17246187
392.23319659 221.35927587 -0.17824051
391.35866788 221.69684686 -0.18715469
390.46393620 222.04605331 -0.19316685
389.53544117 222.41319478 -0.19883566
388.60822904 222.78990294 -0.19851575
387.68275244 223.16404198 -0.18798221
386.70275647 223.57598704 -0.18629304
385.77265695 223.96238688 -0.17421693
384.81615900 224.37420185 -0.16857962
383.83677778 224.79051871 -0.16516934
382.86352448 225.21103687 -0.15699877
381.88162614 225.62950376 -0.13816964
380.88921083 226.04834298 -0.12432433
379.87564161 226.49540117 -0.11837372
378.86280264 226.93711770 -0.10239111
377.85977983 227.36481193 -0.09753293
376.85675306 227.80493799 -0.09274793
375.84548900 228.25902988 -0.07402516
374.83307844 228.72277735 -0.06181236
373.83417462 229.18235303 -0.05386433
372.81583312 229.65724709 -0.04275125
371.77839506 230.15535940 -0.02890103
370.74777862 230.65465237 -0.02152734
369.70921235 231.14784013 -0.01272039
368.66573045 231.66087447 -0.00911898
367.65404928 232.13808237 0.00225555
366.63986111 232.63873892 0.00266126
365.61043862 233.14808052 0.00615353
364.60130315 233.65490445 0.01242964
363.59636839 234.17136116 0.01441519
362.59710451 234.66154486 0.02857238
361.60407216 235.16921220 0.03879969
360.57995982 235.69966542 0.04915701
359.57267853 236.21864713 0.05467589
358.55988904 236.75547086 0.05747116
357.57965322 237.26209921 0.06707294
356.57667897 237.78042697 0.07777421
355.60519894 238.27275635 0.07562385
354.64681027 238.75912135 0.09009078
353.67441723 239.26898128 0.08532867
352.72645814 239.78222121 0.09279141
351.78927919 240.28046779 0.09598678
350.86767168 240.78651812 0.09221441
349.93529275 241.28361304 0.08393068
349.00305883 241.77188892 0.08285809
348.06257652 242.27433518 0.06360714
347.13635539 242.76279587 0.05287881
346.22295159 243.26710437 0.04411717
345.28357493 243.75980338 0.04321456
344.36946979 244.23259115 0.04184769
343.45289047 244.72313366 0.03431906
342.55823185 245.19351085 0.03743377
341.63993513 245.69925579 0.03820842
340.74509100 246.18201773 0.03954192
339.83298060 246.68111363 0.03273046
338.94799836 247.15990740 0.03762809
338.06057619 247.64875218 0.05788217
337.18987075 248.13016439 0.07566855
336.33292443 248.59975109 0.07807309
335.49374285 249.07415885 0.07716047
334.68315530 249.50578413 0.07980563
333.89232246 249.94977059 0.07651470
333.13337542 250.37752963 0.07784303
332.40334111 250.79771177 0.08334177
331.68960605 251.21734510 0.08957179
330.97745064 251.62226242 0.09459759
330.29173079 252.02039137 0.09288255
329.61439280 252.41171291 0.09665748
328.93936150 252.79582147 0.10226968
328.28670483 253.16171537 0.10609999
327.66399797 253.51089807 0.10736386
327.03990944 253.83721392 0.10603620
326.43463665 254.15629408 0.09853877
325.83493792 254.45010750 0.10000689
325.24165062 254.73089899 0.10130858
324.67599572 254.99186803 0.10132353
324.12703652 255.22893047 0.10050778
323.60324397 255.44645566 0.09852859
323.08940449 255.62848733 0.09809034
322.60891444 255.77571468 0.09221020
322.12206277 255.88667797 0.09471931
321.65454611 255.97920634 0.09019632
321.19716732 256.05234616 0.08978190
320.73027375 256.09218448 0.09340474
320.27989023 256.09731420 0.09703207
319.85540728 256.05886017 0.10019624
319.43744185 255.98078118 0.09548009
319.01900837 255.88013856 0.08999296
318.62118573 255.74947007 0.09218168
318.22931946 255.58592048 0.09179502
317.83604188 255.38769621 0.08811523
317.45584273 255.15574725 0.08524092
317.10126614 254.90970804 0.09029384
316.72071058 254.62085520 0.08986388
316.32884718 254.29096170 0.07727627
315.93756831 253.92157760 0.06201265
315.57767430 253.52885905 0.04181272
315.22160980 253.11714268 0.02660700
314.85685622 252.66818571 0.01615006
314.52069523 252.22492219 0.02045702
314.19078829 251.76710693 0.02834017
313.83112258 251.27729060 0.02740459
313.50993854 250.78085504 0.02030417
313.16169564 250.25939566 0.00688879
312.82114302 249.72154775 -0.00289240
312.47262556 249.17354653 -0.00374661
312.13376023 248.61968555 -0.00608771
311.77009647 248.02486391 -0.00995441
311.41607030 247.43025311 -0.01540119
311.04794510 246.81667814 -0.02763558
310.67050974 246.19817300 -0.03120634
310.28414255 245.54741125 -0.03080089
309.89952057 244.88406553 -0.03077909
309.50003170 244.18809416 -0.03640813
309.10457030 243.48224435 -0.03714150
308.69904653 242.76873300 -0.04006237
308.29963911 242.04566127 -0.03476281
307.88846741 241.30259920 -0.03380397
307.47684536 240.55469630 -0.02410838
307.05095232 239.77691343 -0.01527045
306.62071345 238.98326845 0.00172106
306.18075312 238.17167605 0.00287470
305.75429034 237.36152057 0.00799578
305.32411100 236.51260693 0.01093716
304.89328935 235.65774213 0.01147903
304.44398037 234.77355414 0.01010725
303.98518771 233.88824386 -0.00281107
303.52455773 232.98265245 -0.01753690
303.06335119 232.06802149 -0.02178641
302.57500017 231.12659490 -0.02247133
302.09886231 230.19152649 -0.02193886
301.59908603 229.22505414 -0.03256775
301.13119712 228.28447231 -0.03715028
300.63833351 227.31553508 -0.03438871
300.14833621 226.35435481 -0.04182758
299.64673716 225.38876061 -0.04322287
299.16247951 224.44551281 -0.02187924
298.68446023 223.50151556 -0.01224618
298.21774735 222.55198519 0.00403961
297.74090306 221.59354236 0.01808019
297.27912564 220.64732507 0.02547385
296.79820741 219.68094855 0.02457523
296.30138849 218.71558807 0.03648037
295.80260142 217.74632316 0.05028375
295.30893416 216.78805582 0.06432739
294.81351101 215.81891287 0.06445793
294.34114219 214.88260919 0.06372577
293.86819623 213.95450029 0.06275554
293.39585365 213.01996666 0.05717023
292.92575022 212.08197383 0.06859212
292.43521518 211.13069806 0.07319619
291.96486137 210.19230253 0.06837603
291.48016538 209.23196372 0.06119907
290.97509639 208.23064501 0.06257324
290.45734967 207.22772356 0.06385860
289.91009828 206.21112417 0.06851471
289.37382853 205.21247081 0.06655204
288.85425560 204.21537186 0.06127689
288.32196837 203.21137201 0.04305004
287.78221746 202.19677677 0.03913295
287.25934303 201.19981667 0.03754198
286.72617038 200.19072873 0.04239805
286.22358499 199.19630408 0.03286311
285.70364507 198.19055139 0.03044083
285.18304839 197.16667658 0.03719082
284.67370963 196.14950810 0.03921776
284.15627361 195.12564979 0.04781803
283.65000779 194.10877170 0.05009439
283.12969008 193.08869105 0.04913113
282.61406498 192.07437806 0.04132500
282.08608973 191.05394679 0.02529450
281.55722287 190.05139209 0.01596699
281.03027918 189.05335178 0.01238179
280.46604537 187.99350982 0.00772460
279.93138700 186.97169621 0.00559921
279.41054257 185.96392684 0.01044407
278.86092866 184.93390510 0.01717026
278.32115282 183.89303905 0.02928101
277.79089877 182.86706262 0.03757743
277.21548375 181.79942744 0.03799221
276.67756011 180.76858497 0.02633802
276.13673861 179.72955673 0.02004794
275.61548375 178.69092187 0.02476309
275.08889689 177.64674477 0.04803144
274.56707470 176.61386113 0.06669848
274.03346657 175.56962117 0.07924277
273.50042272 174.52269783 0.08436098
272.97442415 173.48334882 0.07774257
272.45331805 172.44513495 0.07542385
271.91071831 171.39267266 0.07490964
271.40451990 170.35942318 0.06840203
270.88357822 169.33192049 0.06293842
270.36575221 168.30160170 0.06582228
269.83574838 167.27187161 0.08122477
269.31193189 166.22459928 0.10075894
268.78643947 165.17404865 0.10958035
268.27791337 164.15643470 0.11634427
267.76661375 163.13660941 0.10635340
267.25885270 162.13732430 0.09176827
266.74188570 161.13007245 0.09025025
266.23433100 160.13318969 0.08916428
265.73045404 159.12960664 0.10956100
265.22110896 158.13047546 0.14447782
264.71513996 157.11461117 0.15994885
264.21753788 156.10975343 0.15862400
263.73011426 155.12285715 0.15299534
263.21935304 154.09757405 0.13608985
262.73988774 153.11491437 0.09856535
262.25586054 152.13916976 0.08207721
261.78767077 151.18860944 0.07131070
261.33368807 150.24339656 0.06149429
260.85665163 149.28936136 0.06250477
260.37812266 148.33769558 0.07837454
259.90879861 147.40673194 0.09335142
259.44549748 146.46609328 0.10115704
258.99161541 145.54184336 0.09896667
258.54145995 144.63064427 0.08857365
258.10111751 143.73143334 0.06718094
257.67441178 142.84679660 0.05947293
257.22828153 141.94042794 0.05292295
256.80461056 141.04400367 0.05611940
256.37996802 140.15524148 0.06541382
255.96608800 139.27827727 0.07946205
255.53455432 138.40473182 0.09648780
255.15808423 137.58301595 0.08624443
254.79863919 136.81232843 0.08291145
254.43692316 136.03971214 0.07925059
254.07693603 135.26302504 0.08315976
253.71142046 134.47446292 0.08192363
253.36515002 133.72906054 0.08233044
253.02358399 132.98886255 0.09097684
252.69566803 132.27293500 0.09513378
252.37444540 131.58338983 0.09965089
252.07554987 130.91862585 0.10263527
251.79525685 130.27664668 0.09698344
251.52738211 129.64783504 0.08609267
251.27614767 129.06582494 0.09522048
251.04089440 128.47380235 0.10248986
250.80124914 127.89426941 0.10910836
250.56822697 127.33212669 0.10302601
250.33746029 126.79319115 0.10173087
250.11150137 126.27342734 0.09055025
249.88238578 125.76663969 0.08139457
249.66271533 125.28541803 0.07295227
249.43060880 124.79734141 0.05868908
249.20749741 124.35195702 0.04875719
248.99437537 123.94311445 0.04498816
248.75298212 123.53974753 0.04787580
248.52560246 123.15552496 0.04965357
248.26040057 122.78147871 0.05362532
248.00210712 122.40149483 0.05129994
247.73524068 122.05427304 0.06801455
247.44212151 121.72851380 0.07348491
247.14698035 121.41590174 0.08013081
246.84841482 121.11595528 0.08122035
246.53935978 120.83453371 0.08269104
246.21801810 120.56802819 0.08978572
245.87781791 120.31489674 0.08647636
245.52133566 120.09061336 0.08233730
245.12766766 119.86401883 0.07863542
244.73445223 119.67724265 0.07742129
244.33147200 119.49906238 0.06784819
243.94670696 119.35531561 0.06082751
243.51076637 119.24639936 0.05056505
243.07088051 119.19375285 0.02302670
242.61746853 119.16874992 0.01182861
242.13119504 119.15129882 -0.00490643
241.64034985 119.16134460 -0.01143434
241.15494279 119.18360177 -0.01063968
240.64722423 119.23593874 -0.02077352
240.11419741 119.32562887 -0.02734356
239.59051672 119.42425255 -0.03118386
239.03499025 119.55151671 -0.02927804
238.47443940 119.69386311 -0.02337189
237.90820360 119.86798709 -0.02739923
237.32251946 120.06826253 -0.03386745
236.75753410 120.28922910 -0.04493939
236.16261789 120.52208444 -0.05349063
235.56265881 120.79101970 -0.05392360
234.95123402 121.07322694 -0.04465720
234.32263791 121.38320621 -0.04706862
233.68174361 121.70924028 -0.05085592
233.02813358 122.04486567 -0.04891424
232.35311202 122.38757033 -0.04370310
231.66186537 122.75646542 -0.05289040
230.97517972 123.12679158 -0.06373982
230.25574450 123.51912317 -0.06840210
229.53236849 123.94242131 -0.06955154
228.78612528 124.37491254 -0.07049350
228.04289175 124.80683485 -0.06396945
227.26466719 125.24921904 -0.04095420
226.47279746 125.70420021 -0.02164270
225.66573387 126.17150928 -0.00757339
224.83635229 126.64870307 0.00520754
223.99290137 127.13305191 -0.00843970
223.14063781 127.61768761 -0.01650378
222.27358701 128.12379964 -0.03132209
221.38467531 128.62768741 -0.01969813
220.47680739 129.13307844 -0.02290840
219.57187856 129.62800668 -0.00920530
218.66926901 130.13210359 -0.00649759
217.77141900 130.62832267 0.01054378
216.88457009 131.10526803 -0.00122079
215.97977633 131.60780503 0.00007981
215.11360959 132.07118697 -0.00289181
214.25033309 132.53094771 0.00989740
213.38099595 132.99773806 0.02489846
212.48797825 133.45539069 0.03736714
211.61052037 133.90706851 0.04708859
210.74884336 134.34984851 0.05744306
209.86494457 134.77511260 0.05046009
209.01237647 135.20778728 0.05715173
208.14596595 135.63796155 0.06171284
207.29718169 136.06734616 0.08588632
206.42165934 136.48967356 0.09365488
205.54968311 136.92435614 0.12279502
204.68768795 137.34054100 0.14237566
203.78780694 137.77040873 0.14139223
202.87558641 138.21849966 0.13344724
201.98549989 138.62718470 0.13386229
201.09636349 139.03688753 0.12185630
200.24861666 139.43057692 0.11730199
199.37328253 139.84808571 0.11822767
198.52664881 140.25103633 0.12958552
197.65193551 140.64947870 0.12371025
196.76297469 141.04918481 0.12376101
195.90697869 141.45531697 0.12797994
195.02460688 141.87078683 0.13645331
194.13227012 142.29416793 0.14031362
193.29584477 142.66755300 0.13890181
192.46689940 143.04548176 0.15136386
191.62756718 143.41767974 0.16046499
190.82354142 143.77616740 0.17213405
190.06753091 144.14003601 0.18297504
189.32871436 144.47058141 0.19985655
188.58088539 144.81004128 0.20555449
187.87255374 145.14471891 0.22092001
187.22023095 145.45048720 0.22444189
186.60146084 145.75014740 0.23145893
185.98827641 146.03828495 0.24186799
185.44571707 146.28979709 0.24717635
184.92249566 146.53589041 0.25297049
184.40869406 146.79278634 0.24662432
183.93554703 147.03285959 0.24069728
183.45488109 147.29048172 0.24373103
183.01889649 147.52630172 0.25210592
182.59257669 147.75727053 0.25177553
182.16979587 147.99660334 0.25411257
181.74525964 148.22674356 0.25066762
181.35552485 148.46454398 0.25070750
180.96199974 148.73445837 0.25042581
180.54872944 149.00000891 0.25146147
180.16549012 149.28141844 0.24646303
179.79747399 149.57695937 0.25123602
179.44096380 149.88668904 0.23980990
179.06927876 150.25944512 0.23445683
178.72126791 150.65435756 0.22545134
178.38219504 151.03636275 0.21779823
178.06979938 151.43727433 0.20976235
177.76782208 151.83246311 0.19078516
177.49654204 152.27599490 0.18548603
177.23348422 152.72352130 0.17983729
176.98801829 153.19704581 0.18848734
176.75023407 153.67294458 0.18786290
176.53587636 154.13998660 0.19020721
176.36408003 154.62723465 0.19178802
176.21274751 155.12693434 0.18423984
176.07908183 155.62263870 0.17459750
175.97736437 156.13634674 0.15211773
175.90304433 156.64312499 0.13854095
175.86655634 157.16007402 0.13271147
175.84459543 157.70054419 0.13710461
175.84955008 158.21803313 0.14401653
175.86023806 158.72036970 0.15772066
175.88375335 159.20845207 0.15027444
175.95540481 159.71682081 0.14805059
176.05345056 160.22003573 0.15321107
176.16910617 160.71708320 0.16115073
176.28904472 161.20121518 0.16010303
176.43024357 161.68119798 0.14780964
176.58930145 162.14175844 0.15138956
176.76400903 162.60349779 0.14103407
176.94886664 163.05729306 0.13706435
177.13714744 163.50735273 0.13621533
177.36727454 163.97783618 0.13676332
177.60636263 164.45217251 0.14367726
177.83342171 164.91058796 0.15053860
178.06525088 165.36048980 0.15745859
178.30202868 165.81750198 0.14881675
178.55341605 166.27257243 0.13480796
178.80912931 166.72978239 0.12889053
179.05240668 167.19065741 0.12527318
179.27911994 167.63878744 0.11698797
179.51311598 168.08280866 0.10535004
179.73799295 168.51780488 0.09388230
179.94259268 168.98181276 0.09155381
180.13509484 169.44197209 0.09258947
180.31745072 169.91625741 0.09392212
180.47586111 170.37728262 0.09563699
180.62600539 170.85729287 0.09645455
180.75732528 171.31651616 0.09853255
180.85264209 171.75763422 0.09011828
180.92519702 172.18259397 0.08506914
180.98137190 172.59421876 0.07411370
181.01023600 173.00759600 0.07158716
181.01122559 173.43307199 0.04314149
180.99639469 173.86119031 0.03221009
180.93477280 174.25241504 0.02807759
180.86951278 174.65305852 0.01248664
180.75600254 175.04425090 0.00202162
180.60399283 175.37135322 -0.01762515
180.45140413 175.68947935 -0.03822747
180.28883756 175.96891429 -0.05789522
180.09457159 176.29963815 -0.08801827
179.85700510 176.63919031 -0.09973397
179.58168817 176.92415685 -0.12578732
179.25546240 177.21776536 -0.13065265
178.90814702 177.44205468 -0.15328563
178.53206056 177.70963699 -0.16045225
178.09187239 178.05991330 -0.16388568
177.63519192 178.34137725 -0.18541869
177.15917635 178.61559755 -0.21374783
176.68250428 178.86607375 -0.23062431
176.19152461 179.10743403 -0.25293304
175.69990885 179.35756021 -0.27413742
175.19416825 179.62458321 -0.28954385
174.66291005 179.88579281 -0.29824668
174.13409890 180.14462950 -0.30216779
173.57118248 180.41038604 -0.31264828
172.97879716 180.69382842 -0.32443311
172.36787268 180.99824583 -0.33106261
171.74478700 181.33482719 -0.33616922
171.11281794 181.66067439 -0.33950282
170.45991766 182.00017575 -0.34689012
169.79674948 182.33585918 -0.35575933
169.11029156 182.68785538 -0.35962691
168.40852302 183.05788072 -0.37148996
167.69577659 183.41839283 -0.37910131
166.94920495 183.80613169 -0.39163301
166.18926512 184.22751078 -0.40187336
165.44307036 184.60202364 -0.40464858
164.64079992 185.04542451 -0.41582036
163.85184118 185.44920639 -0.42251308
163.01390781 185.89350334 -0.42493011
162.15908827 186.33314834 -0.42536094
161.30705293 186.76267221 -0.44332511
160.43236476 187.20487300 -0.45487339
159.54757189 187.64027805 -0.46470763
158.65751991 188.08863889 -0.46188301
157.75639283 188.57446912 -0.46924750
156.83485382 189.05678257 -0.47089317
155.88211964 189.56077497 -0.49308415
154.93334632 190.07073256 -0.50796228
153.97293929 190.58371093 -0.52556948
152.99479394 191.08848161 -0.52500774
152.02740972 191.60150547 -0.52661792
151.07158597 192.10316217 -0.52244284
150.10847569 192.61010972 -0.52015676
149.15171647 193.12395770 -0.51366260
148.20151008 193.63674308 -0.50927226
147.27207357 194.14355682 -0.50207107
146.30852211 194.70276177 -0.48726262
145.36399142 195.24855654 -0.47761257
144.41018860 195.78181241 -0.47721116
143.44913497 196.31797336 -0.47075840
142.48209746 196.85372228 -0.46848377
141.51213311 197.38298753 -0.47361382
140.57779219 197.89143882 -0.47290338
139.61448671 198.44760021 -0.48410104
138.66751075 198.98565336 -0.48759393
137.73844848 199.51625286 -0.48741065
136.81608982 200.03211171 -0.48705467
135.90528900 200.53009918 -0.47648285
134.98341205 201.04877237 -0.47597283
134.09703488 201.54717660 -0.47606700
133.20606818 202.04523744 -0.48115541
132.33039704 202.52942613 -0.49583516
131.48358590 202.99330760 -0.50062807
130.64228225 203.47431793 -0.51122758
129.81846441 203.94535117 -0.52951559
129.02923732 204.38828603 -0.54308052
128.26597059 204.81511057 -0.55518071
127.52994810 205.24281429 -0.57070511
126.80494314 205.65461862 -0.58153923
126.10980515 206.05266650 -0.60082369
125.42701650 206.43584763 -0.60852529
124.77120615 206.80246348 -0.62095239
124.14201726 207.16432798 -0.63358399
123.53479844 207.50254528 -0.64328165
122.96007892 207.83161011 -0.66536569
122.40725326 208.14601860 -0.67477829
121.87616938 208.44352499 -0.68037379
121.38792179 208.72990741 -0.68846630
120.92552327 209.00416023 -0.70275581
120.51733703 209.24772856 -0.71326832
120.10150043 209.49723917 -0.72538857
119.72555216 209.73651275 -0.73191234
119.36996713 209.95534973 -0.74275252
119.06388526 210.16009717 -0.74700860
118.76549516 210.36173760 -0.76353335
118.48366657 210.55747666 -0.76535117
118.24515554 210.73492390 -0.76836839
118.01149300 210.91464123 -0.76983731
117.81456809 211.06821478 -0.78008217
117.61315138 211.22675089 -0.78446625
117.41018064 211.38568485 -0.78903407
117.21947525 211.53533911 -0.79502043
117.02297524 211.69046395 -0.80105927
116.85722829 211.82375617 -0.79996278
116.68571495 211.98124488 -0.80013423
116.51618220 212.14490569 -0.79881229
116.34188444 212.30979483 -0.79052495
116.16488668 212.47795293 -0.78699476
115.99310947 212.62621964 -0.78758738
115.83017106 212.78733088 -0.79774761
115.64116995 212.98570669 -0.80707775
115.44773899 213.17998039 -0.81388587
115.26328239 213.41065818 -0.80946274
115.06617046 213.65183432 -0.80203495
114.85726171 213.93981783 -0.80287798
114.64900510 214.22153267 -0.79830384
114.44959278 214.52480882 -0.79676617
114.27274462 214.86827402 -0.79838670
114.11661895 215.21875719 -0.79500940
113.96257242 215.59710992 -0.79161891
113.82118372 215.99693406 -0.80503128
113.69146932 216.41572626 -0.81832515
113.58533046 216.85369952 -0.84331310
113.50144711 217.31556049 -0.85820351
113.44943984 217.80091653 -0.87429453
113.43309459 218.33420940 -0.87845441
113.45006595 218.88892089 -0.87862189
113.50301438 219.43542018 -0.88769140
113.58877165 220.00107010 -0.90171995
113.70453052 220.58240676 -0.92227026
113.86320468 221.18355150 -0.93049342
114.05925550 221.80183364 -0.93554674
114.29297274 222.43675974 -0.94039644
114.57028243 223.08280430 -0.94540068
114.86819744 223.72680470 -0.94018806
115.20438135 224.39106384 -0.93957981
115.55464634 225.04991014 -0.93923165
115.93457874 225.73967379 -0.94435483
116.31625321 226.41965285 -0.95038407
116.71273272 227.15203020 -0.96057407
117.10201666 227.86059721 -0.97077582
117.51500873 228.59025779 -0.97556613
117.94437308 229.33353966 -0.97456887
118.37617248 230.08261124 -0.97472236
118.82595456 230.86512567 -0.98840810
119.27171011 231.65807697 -0.99845392
119.73210510 232.45657851 -1.01291315
120.19251616 233.29618710 -1.02416928
120.66488629 234.15349982 -1.03159980
121.14470356 235.02168482 -1.02820386
121.63961194 235.93714043 -1.02495450
122.15243321 236.85568039 -1.03978585
122.66868342 237.78543574 -1.06501262
123.20469771 238.75435165 -1.09288601
123.73242885 239.74383082 -1.10655979
124.27026762 240.78562659 -1.10217479
124.81985718 241.82749543 -1.10031391
125.36829281 242.86458034 -1.09073467
125.91876859 243.89188135 -1.09633956
126.48765427 244.90537959 -1.11352750
127.06544548 245.95618064 -1.13942073
127.64560068 247.02840212 -1.16056318
128.22817366 248.10324851 -1.16253518
128.80662202 249.22027167 -1.16149765
129.39735906 250.33845596 -1.16162607
129.97921663 251.47738381 -1.16671789
130.56476863 252.59487111 -1.18239159
131.13403696 253.71569079 -1.20398968
131.70206734 254.80670034 -1.21107025
132.26954378 255.91366424 -1.21860872
132.83941667 257.05339441 -1.22070143
133.40199108 258.14960444 -1.23220033
133.97393655 259.25844845 -1.23520228
134.55142319 260.43530854 -1.24255638
135.13140776 261.52276276 -1.25835336
135.69722288 262.65292254 -1.27252533
136.27733144 263.75678773 -1.27103640
136.84919463 264.86884313 -1.29410176
137.42564044 265.97213716 -1.28438297
138.01014050 267.07225016 -1.28476259
138.57990241 268.18310732 -1.28138863
139.16486627 269.28321459 -1.28098248
139.74594320 270.38645767 -1.27888251
140.30399651 271.47343477 -1.28184208
140.87016963 272.58017449 -1.29260758
141.43637480 273.68836267 -1.29830252
141.98452603 274.77444251 -1.28371380
142.45781281 275.73870639 -1.33442460
142.88231125 276.84660891 -1.26545673
143.36121679 277.82516324 -1.31960745
143.75945988 279.08929010 -1.52894264
144.32305657 280.26509709 -1.54944700
144.84985906 281.32738815 -1.65189925
145.34456348 282.34730109 -1.75138614
145.84959644 283.60448999 -1.79969952
146.42905473 284.76176021 -1.80932668
147.00470014 285.96771529 -1.85155635
147.18082270 286.97927692 -1.89647291
147.76113668 288.09071359 -1.92984471
148.36590588 289.17998251 -1.91756097
148.95017156 290.33801996 -1.90362130
149.58251625 291.41513724 -1.87120642
150.14353137 292.42345364 -1.97080975
150.40830969 293.41142213 -2.05430672
151.00785142 294.51326363 -2.01215337
151.59318905 295.68739393 -1.98496129
152.20404760 296.73624347 -1.95692881
152.78032986 297.80723412 -1.91598035
153.36761928 298.85045718 -2.01710927
153.94349699 299.91820773 -2.12536419
154.97542823 301.26657411 -1.95588789
155.37038647 302.32008787 -1.93995223
155.93448210 303.38937749 -1.91650610
156.53022089 304.45489448 -1.99456932
157.09013117 305.48977738 -2.08938904
157.71956302 306.44312458 -2.22208352
158.26045610 307.42485644 -2.26971934
158.79228599 308.40463059 -2.18350514
159.29367295 309.31828703 -2.17070124
159.80098010 310.23606666 -2.12074565
160.29573707 311.14333157 -2.03003096
160.79688512 312.06408280 -1.96277873
161.30346990 312.99463434 -1.92264047
161.76064602 313.87607787 -1.86509766
162.22690698 314.71509343 -1.74584218
162.68455396 315.54125429 -1.65792037
163.15790766 316.35736351 -1.51154079
163.60934599 317.14450758 -1.30132070
164.02671865 317.89163038 -1.09245651
164.44867234 318.64092842 -0.86785785
164.85952680 319.32937026 -0.66839304
165.24315791 319.98811314 -0.41783451
165.61856065 320.63504974 -0.19240134
165.96696430 321.25567324 0.06232669
166.29490073 321.85172800 0.33720961
166.64582171 322.45967640 0.63664971
166.96862637 323.02574292 0.93032941
167.26861219 323.55065374 1.20579488
167.56010709 324.03908266 1.45360431
167.83976800 324.52754907 1.72157243
168.07121237 324.96321769 1.96097654
168.29259082 325.38302071 2.20141924
168.52007302 325.81423591 2.45825391
168.72000160 326.19692416 2.69618726
168.90799003 326.58044896 2.94800179
169.09105259 326.95314398 3.19073989
169.26572944 327.31370106 3.43613261
169.41801789 327.72644940 3.71410122
169.54959851 328.11442780 3.96057494
169.68158211 328.53437438 4.10203117
169.79968518 328.93658761 4.15319720
169.87955867 329.29639272 4.19629953
169.89926760 329.66133568 4.23759794
169.91315286 330.03131481 4.32198401
169.85546207 330.38901670 4.40106125
169.77613179 330.71342660 4.47537707
169.62055579 331.03365501 4.52542250
169.43726307 331.34852817 4.55371665
169.21097970 331.64797983 4.54049462
168.97013587 331.95845721 4.56350645
168.66675529 332.23191122 4.53546088
168.34579093 332.51277407 4.46338869
167.99925782 332.78756093 4.33509243
167.63989432 333.07289629 4.15997068
167.24797818 333.37278497 3.97313673
166.83831019 333.63771423 3.74641046
166.39629742 333.92390376 3.48415814
165.93544089 334.22866779 3.20200506
165.48076493 334.54356985 2.90630402
165.03073770 334.87261714 2.58867474
164.56317468 335.21229126 2.30521728
164.09071558 335.54911845 2.11812139
163.60976396 335.90909565 1.94646102
163.11518234 336.25031728 1.78825005
162.59726963 336.63721472 1.62887863
162.06759009 337.04394216 1.48133699
161.48694837 337.47185993 1.34147630
160.90981108 337.87994841 1.17802535
160.30766556 338.30168378 1.00537483
159.70388288 338.72789955 0.82870386
159.11273428 339.13975944 0.67121716
158.49994788 339.57280704 0.51482831
157.84302810 340.03018342 0.35608963
157.14952127 340.51633865 0.20824043
156.44437903 341.00233466 0.05753557
155.69559806 341.49575720 -0.07218138
154.96947118 341.96849329 -0.19711474
154.22219231 342.46490119 -0.31303505
153.40241096 342.97605160 -0.42180431
152.58660523 343.48200713 -0.52705851
151.73453541 343.98749286 -0.62968294
150.89155196 344.49759210 -0.73259869
150.04812481 345.00199552 -0.81768805
149.19252314 345.51587369 -0.90416770
148.32293803 346.04818384 -0.98023049
147.45891806 346.56252785 -1.04716251
146.58241780 347.08248816 -1.11691072
145.69079589 347.60203456 -1.18355392
144.78698973 348.13067128 -1.25642901
143.88553134 348.65646213 -1.32799013
142.93922699 349.18794585 -1.38981253
142.00006082 349.72016329 -1.45055781
141.05428038 350.24910891 -1.50927696
140.09971910 350.77908590 -1.55288549
139.12644978 351.31372597 -1.58716308
138.13734097 351.85107377 -1.61739593
137.16685657 352.39875005 -1.65351442
136.18335165 352.93743283 -1.67654846
135.24037517 353.46662041 -1.69808909
134.29552232 354.00308818 -1.70954462
133.34583553 354.53557847 -1.72060278
132.40698908 355.07375895 -1.73523742
131.45669532 355.60774534 -1.74960760
130.53513446 356.13697348 -1.76771203
129.62512994 356.66181202 -1.78005753
128.65309108 357.20424687 -1.78536892
127.73057365 357.72413068 -1.78937524
126.81330573 358.25668908 -1.79198794
125.93935382 358.79837976 -1.79896675
125.03978649 359.30169706 -1.78406018
124.16577005 359.80889669 -1.76018716
123.28141895 360.30735868 -1.74145245
122.42258827 360.80595454 -1.72299422
121.54616089 361.31675036 -1.70047361
120.68212718 361.81766638 -1.68092998
119.82800227 362.26411223 -1.70808657
119.12474048 362.93063142 -2.16522657
118.27192597 363.39003149 -2.13559794
117.61241213 363.76850918 -2.04493914
116.80383913 364.18497175 -2.00830186
115.99677799 364.61035274 -1.96152923
115.19823635 365.01319904 -1.94596316
114.48674344 365.25609581 -1.93972341
113.70483247 365.45233248 -2.01152573
113.01430423 365.74939413 -2.04031758
112.31830032 366.11437333 -2.02802406
111.61206696 366.50104104 -2.01749353
110.89899723 366.88797941 -2.03338892
110.14807214 367.25171635 -2.04502357
109.43461986 367.62157491 -2.06943929
108.71481120 368.01816850 -2.09632542
108.00501496 368.42335436 -2.11940648
107.32444681 368.81748581 -2.15950506
106.68110318 369.20838563 -2.19727545
106.00154269 369.62899820 -2.25266762
105.30159953 370.08472501 -2.29785666
104.64276777 370.52041958 -2.39273598
103.95807022 370.98448540 -2.45482608
103.25637096 371.43743175 -2.51460692
102.53719778 371.91672381 -2.57793516
101.79032659 372.40353382 -2.62499519
101.03607241 372.90230496 -2.69728570
100.27229877 373.39521859 -2.76482999
99.48518504 373.92379964 -2.82689733
98.68530406 374.42851106 -2.90622925
97.85379894 374.93629778 -2.97902537
96.95626089 375.45958120 -2.98677488
96.02346511 375.96220470 -2.90365484
95.08907790 376.44094162 -2.87471796
94.10457442 376.94373036 -2.84098428
93.12876729 377.43619082 -2.77992894
92.12715577 377.92987583 -2.72359803
91.13545185 378.44815014 -2.67286730
90.12051887 378.95722807 -2.62343546
89.10306311 379.46317172 -2.55968716
88.05865176 379.96516198 -2.51262600
86.96869338 380.47257342 -2.45018718
85.87890451 380.98646476 -2.42463913
84.78291631 381.51472562 -2.40499160
83.69570877 382.00891030 -2.35996725
82.63563500 382.49789858 -2.32593815
81.54038828 383.00952489 -2.29049673
80.42220364 383.51091204 -2.28431989
79.34378363 384.00130899 -2.26940650
78.27799174 384.50121555 -2.24117944
77.19891096 385.00106826 -2.23440085
76.12841479 385.50652020 -2.21095995
75.04535958 385.99596867 -2.18137201
73.95472498 386.48524528 -2.16476713
72.85470745 386.99946173 -2.15231434
71.77174967 387.50010131 -2.12019387
70.70255314 387.99849440 -2.06634983
69.63861833 388.49602680 -2.00423254
68.56366366 388.99412312 -1.94353234
67.52082526 389.50133498 -1.87062801
66.48050397 390.00313756 -1.80453414
65.42482451 390.51526224 -1.74030627
64.35681019 391.01847480 -1.67725046
63.26829038 391.51802891 -1.61704775
62.19029952 391.99895958 -1.53098562
61.08624242 392.49772872 -1.44990391
60.01428625 392.98671194 -1.37717057
58.91407733 393.49539863 -1.31104765
57.88176307 393.99245160 -1.24009860
56.79671427 394.49128565 -1.18499424
55.74058604 394.98225927 -1.12571544
54.68493130 395.47544511 -1.06720706
53.63613428 395.96174187 -0.98498600
52.59804687 396.45003526 -0.92593490
51.57147942 396.93370859 -0.86565283
50.53029662 397.43075873 -0.80641013
49.50374863 397.92478749 -0.75386635
48.51726458 398.41327732 -0.69091773
47.51108858 398.90775347 -0.62774786
46.47514041 399.39934739 -0.58838055
45.47860439 399.86277717 -0.53709918
44.50575268 400.33043721 -0.49270609
43.52969269 400.80155842 -0.45309893
42.57418201 401.27554048 -0.41953547
41.60554453 401.74579799 -0.38188738
40.64591095 402.21502084 -0.34640156
39.67466120 402.70131129 -0.31449138
38.70919678 403.18439017 -0.27382845
37.75909334 403.66197835 -0.23210116
36.81116016 404.13643308 -0.19571653
35.84552522 404.61315173 -0.14982216
34.89384121 405.10691748 -0.10133238
33.91910051 405.60246692 -0.07456319
32.96009130 406.09633152 -0.04347066
32.00197604 406.59305938 -0.03006350
31.04562316 407.08736062 -0.00939010
30.09486465 407.59486848 0.00991873
29.12385410 408.11943404 0.00503569
28.16391446 408.64114369 0.01924819
27.19329872 409.16993063 0.02775288
26.20758335 409.69683399 0.02285495
25.22386787 410.22902217 0.02335962
24.27064813 410.74566446 0.04732639
23.30585930 411.26725881 0.05214633
22.34420130 411.79951555 0.06096892
21.35677209 412.33942004 0.05731139
20.36763905 412.87507239 0.05133464
19.39976129 413.40750595 0.05332028
18.42688665 413.94921499 0.05149345
17.44687141 414.51412033 0.05439565
16.46800729 415.06908101 0.04559210
15.48999902 415.63582357 0.03610394
14.50186144 416.20484517 0.03185641
13.51547734 416.77108033 0.02870850
12.52705967 417.34779632 0.02129403
11.53706387 417.93481054 0.01175479
10.55334503 418.52003550 0.00318696
9.58035448 419.09636106 -0.00455437
8.59398698 419.68516512 -0.01609737
7.61259499 420.28052542 -0.01539230
6.63891801 420.87670610 -0.01132959
5.66908532 421.47027047 -0.01408994
4.70720526 422.07002535 -0.01960491
3.74266696 422.67445236 -0.01235582
2.78142733 423.28823397 -0.00834280
1.82914121 423.88761457 -0.00623557
0.89025732 424.49061940 -0.01322451
-0.02523846 425.09024589 -0.01741450
-0.91760601 425.68122033 -0.01977994
-1.80412283 426.27047848 -0.03635548
-2.67320432 426.86058026 -0.06008736
-3.51469887 427.44617020 -0.08174240
-4.34342819 428.03279437 -0.10137589
-5.17614911 428.61114111 -0.12312146
-5.99533019 429.18911721 -0.14303684
-6.79094646 429.74856654 -0.16207187
-7.57389932 430.30547424 -0.18711656
-8.33126779 430.84477840 -0.20638140
-9.07074061 431.38079964 -0.21606639
-9.78343902 431.91553266 -0.22137456
-10.47074634 432.43351056 -0.22586740
-11.13864822 432.91830997 -0.23576818
-11.79167737 433.38902320 -0.25395586
-12.43084121 433.86623357 -0.27257927
-13.03179876 434.33178120 -0.28898232
-13.60840272 434.78444393 -0.32368485
-14.16716850 435.21680515 -0.36089326
-14.69756030 435.65236897 -0.39570624
-15.19263807 436.09784129 -0.44344175
-15.67475983 436.55021560 -0.48907081
-16.13259314 436.98896389 -0.54528553
-16.57908911 437.40709493 -0.61198772
-17.01845576 437.81457337 -0.67043116
-17.43126055 438.20785479 -0.74224821
-17.83857220 438.59598625 -0.81107586
-18.22697550 438.97186385 -0.86773553
-18.60348961 439.33578207 -0.92780475
-18.96638626 439.68832751 -0.98606724
-19.30100564 440.01832269 -1.02145789
-19.64603750 440.33995957 -1.06985402
-19.96136311 440.62577086 -1.08861837
-20.28129224 440.91799722 -1.12339337
-20.59162196 441.20495423 -1.15571010
-20.88480824 441.47289757 -1.16984580
-21.18530605 441.73059120 -1.18387507
-21.49206163 441.99031838 -1.18875405
-21.81413246 442.26268241 -1.20730130
-22.12440419 442.51077684 -1.21155288
-22.44483750 442.77016489 -1.21563729
-22.76679127 443.01576785 -1.21462672
-23.07899879 443.24470016 -1.20611406
-23.38217021 443.45725865 -1.18349958
-23.71148195 443.68662057 -1.15759272
-24.04030819 443.90565836 -1.13588995
-24.38548748 444.12533070 -1.10723529
-24.73643546 444.36469037 -1.08160232
-25.09468965 444.60089640 -1.05192401
-25.45064206 444.83093345 -1.02479376
-25.79625895 445.05583413 -0.99204163
-26.15955400 445.28948190 -0.96641492
-26.50106436 445.52165613 -0.95120439
-26.86575933 445.76378287 -0.92684374
-27.21764368 446.01614014 -0.91580699
-27.56121251 446.25952232 -0.90376195
-27.89128178 446.49975023 -0.88992935
-28.23986401 446.76217917 -0.88013730
-28.58294032 447.01508388 -0.88113063
-28.92910571 447.27368237 -0.88258876
-29.25438007 447.54553295 -0.89268970
-29.56104278 447.80876621 -0.90683934
-29.86088731 448.06864146 -0.92483676
-30.13797950 448.31228458 -0.94463152
-30.40952687 448.55340680 -0.96730659
-30.66724650 448.77222878 -0.99478931
-30.89964978 448.99448665 -1.03801760
-31.12878395 449.22729091 -1.06691983
-31.33907089 449.45587676 -1.08881486
-31.57785034 449.68088139 -1.10607862
-31.80810306 449.89872142 -1.12069029
-32.03389152 450.10151529 -1.14200636
-32.25824097 450.29775310 -1.16523115
-32.50035594 450.50905833 -1.18974871
-32.74674022 450.70423888 -1.20723986
-33.00295796 450.90880333 -1.22178487
-33.26978917 451.11438080 -1.23178011
-33.54816668 451.30505370 -1.24021117
-33.84196110 451.48754353 -1.24584717
-34.15062872 451.67302256 -1.27285988
-34.46325329 451.85575308 -1.27933896
-34.78007224 452.03260860 -1.29175054
-35.11467100 452.20121607 -1.29411935
-35.47015886 452.33166535 -1.29951498
-35.84813587 452.46197810 -1.34396000
-36.24065275 452.55348368 -1.34606623
-36.65876212 452.60301137 -1.36067245
-37.07175263 452.64828334 -1.34548191
-37.50495213 452.67268652 -1.32643154
-37.94975957 452.65594848 -1.29594254
-38.40682678 452.60800085 -1.27019831
-38.87991231 452.52718011 -1.22803536
-39.33787719 452.41934528 -1.18124005
-39.81522715 452.27913367 -1.12756942
-40.27312868 452.10473969 -1.09674541
-40.77337891 451.88440396 -1.05599947
-41.29547855 451.61379830 -1.01197830
-41.81304993 451.29648970 -0.96965296
-42.33983735 450.93012244 -0.92075140
-42.89898795 450.52990196 -0.87594053
-43.44047108 450.08234677 -0.83701662
-43.98016479 449.60761716 -0.80299305
-44.53823597 449.10716884 -0.76262063
-45.07088478 448.57870291 -0.72359258
-45.60963731 448.01744056 -0.67555330
-46.15350610 447.42043275 -0.61240267
-46.70086164 446.79009992 -0.53892662
-47.23878541 446.12739733 -0.48121882
-47.75956413 445.42245506 -0.41832371
-48.29205808 444.69330958 -0.35848340
-48.81972156 443.92887706 -0.31393931
-49.35090581 443.16108682 -0.27451259
-49.90770395 442.36552432 -0.21900019
-50.46045333 441.54795123 -0.15555517
-51.03723790 440.70281987 -0.10633805
-51.61522054 439.86252598 -0.05659167
-52.21297110 439.00705372 -0.00703252
-52.82063602 438.12335678 0.03940691
-53.44395353 437.21416129 0.08253042
-54.06892949 436.28536391 0.11576273
-54.68894053 435.37277493 0.14437873
-55.32080522 434.44581690 0.15899789
-55.97484181 433.48464136 0.15215354
-56.63480675 432.51278448 0.14314359
-57.28982473 431.53972407 0.14170664
-57.95664187 430.54954630 0.14891391
-58.64049297 429.52333368 0.14689387
-59.31867957 428.47985288 0.13600575
-60.00822106 427.46379239 0.12604041
-60.69899909 426.44471350 0.09266071
-61.38038456 425.40652344 0.05507530
-62.04824490 424.34892996 0.02765219
-62.72875518 423.31449526 0.02104991
-63.39936843 422.28896683 0.03770695
-64.08803201 421.23000840 0.04125015
-64.74920911 420.19904338 0.04106755
-65.40757552 419.17644228 0.02659070
-66.06487899 418.14478868 0.00695770
-66.72602939 417.12132265 -0.01239651
-67.34311547 416.12046971 -0.02908699
-67.96735616 415.11410022 -0.04915309
-68.58945673 414.10714189 -0.05987068
-69.20841407 413.09894956 -0.07597104
-69.81530083 412.09011936 -0.08891943
-70.40184574 411.10067758 -0.11335697
-70.99043728 410.09501244 -0.14330607
-71.56581515 409.07290802 -0.17005843
-72.15364701 408.03698454 -0.17224762
-72.73733133 407.01054199 -0.20140571
-73.33324154 405.94754839 -0.23567812
-73.91404811 404.91306551 -0.26976106
-74.47705130 403.88189027 -0.29215664
-75.01577988 402.87043702 -0.31223675
-75.61141765 401.82755092 -0.36395206
-76.19267596 400.76524349 -0.40166407
-76.76512832 399.73482707 -0.42649644
-77.32970239 398.71098973 -0.44841409
-77.89013788 397.68287794 -0.47293900
-78.42348267 396.68785051 -0.48113796
-78.96997202 395.67289294 -0.48442949
-79.54462542 394.62734190 -0.50312128
-80.10429612 393.61851878 -0.51307724
-80.67336671 392.57597733 -0.53192332
-81.21088384 391.57287296 -0.55052520
-81.75662472 390.54966194 -0.55803986
-82.28533573 389.53468999 -0.57517368
-82.81569641 388.51586920 -0.58015895
-83.33292630 387.51375755 -0.58615727
-83.88763642 386.48537325 -0.57466309
-84.44622476 385.40316103 -0.58229452
-85.00372670 384.31841180 -0.58331576
-85.55090134 383.23349074 -0.59084885
-86.10045544 382.12801703 -0.60532545
-86.64305701 381.03107148 -0.61591447
-87.15235550 379.94559605 -0.62740049
-87.66384142 378.85372136 -0.64159103
-88.17619506 377.74124557 -0.65260524
-88.67607501 376.63205258 -0.66206766
-89.17195615 375.52930766 -0.67162789
-89.66902183 374.38546144 -0.67533656
-90.15868645 373.22574781 -0.68197812
-90.61522067 372.07868519 -0.68084495
-91.08984437 370.93568362 -0.68675546
-91.56008306 369.75825517 -0.68719111
-92.01243942 368.58681040 -0.69070958
-92.46882695 367.38930822 -0.69348802
-92.90514221 366.22149530 -0.70423783
-93.32646225 365.07575897 -0.71105694
-93.73791353 363.92820902 -0.71210684
-94.13717841 362.78495644 -0.71061419
-94.54045442 361.65114950 -0.71028908
-94.92895570 360.49962520 -0.70064890
-95.31089243 359.34526237 -0.69103576
-95.67276061 358.16759087 -0.69491107
-96.02593846 356.95807084 -0.69234526
-96.37710450 355.74068078 -0.70335355
-96.74138075 354.55290285 -0.69952648
-97.08621767 353.35108155 -0.70186400
-97.40440219 352.17845816 -0.69562633
-97.71205475 350.98402344 -0.68990277
-98.01669374 349.75456374 -0.69521947
-98.30653514 348.54005387 -0.70120199
-98.58678824 347.37412362 -0.70231028
-98.85689460 346.18753288 -0.71240277
-99.12495682 344.99550062 -0.72150988
-99.39746628 343.77722366 -0.71350676
-99.65502832 342.59167054 -0.71320865
-99.90681176 341.38617651 -0.71227272
-100.15948895 340.15906291 -0.71054574
-100.40768894 338.95097321 -0.70991605
-100.63877318 337.75565945 -0.71086316
-100.86046682 336.55672748 -0.72048082
-101.06737917 335.33499976 -0.72404515
-101.26905197 334.12036710 -0.71890423
-101.47273364 332.89960344 -0.72541166
-101.65873376 331.69284780 -0.72616408
-101.85180035 330.47612747 -0.73125976
-102.03261341 329.28294375 -0.73848926
-102.21723093 328.04414276 -0.75153100
-102.39764170 326.82461344 -0.76678666
-102.56479745 325.64420883 -0.77556933
-102.71939561 324.45431344 -0.78465869
-102.86939191 323.25434062 -0.78433711
-103.02563548 322.04301476 -0.78276966
-103.16233784 320.86554947 -0.77559710
-103.31335440 319.66798931 -0.77453933
-103.47502751 318.45238783 -0.78280043
-103.62997938 317.26256795 -0.79522266
-103.79461108 316.04549239 -0.81024943
-103.93894173 314.81415161 -0.83022132
-104.10413123 313.56596335 -0.84571083
-104.28908556 312.34930022 -0.85633903
-104.47706344 311.10063793 -0.88079481
-104.65349645 309.86287884 -0.87317065
-104.82761214 308.64500337 -0.87249899
-104.99422709 307.43586013 -0.86922367
-105.14550439 306.20753317 -0.86173635
-105.28429244 305.05958695 -0.87342061
-105.44462326 303.83241734 -0.86086899
-105.60990729 302.63290345 -0.85825739
-105.77621384 301.35411365 -0.85867433
-105.94685770 300.12355308 -0.85114212
-106.10236254 298.91340356 -0.83610734
-106.26499321 297.67362083 -0.81661854
-106.42750461 296.43487347 -0.79487103
-106.58351153 295.20666030 -0.78167945
-106.73271771 293.98127973 -0.78317518
-106.88956390 292.71126783 -0.79050126
-107.03046146 291.49925052 -0.78573156
-107.15363214 290.30688301 -0.78045698
-107.27449063 289.11528202 -0.76475031
-107.38743343 287.90531686 -0.75671524
-107.50301643 286.72089690 -0.73925145
-107.61154747 285.52334763 -0.72791210
-107.71573821 284.32785813 -0.71531011
-107.81287444 283.12227423 -0.70549793
-107.91656783 281.92999667 -0.69723630
-108.00613264 280.75866614 -0.69267441
-108.09880607 279.57744980 -0.70494383
-108.18683369 278.39768673 -0.69848492
-108.27075495 277.19407567 -0.70418604
-108.36846339 275.96842997 -0.70652051
-108.41902797 274.79245119 -0.70682736
-108.47585324 273.61255527 -0.71374713
-108.53335192 272.38693933 -0.71688478
-108.59178384 271.19128881 -0.72900258
-108.65300455 269.96462450 -0.74600256
-108.69672683 268.75955449 -0.74704116
-108.73705690 267.56731070 -0.74879740
-108.78166223 266.33806835 -0.74433429
-108.81129774 265.14498630 -0.74212773
-108.82480265 263.97008128 -0.72680030
-108.85165928 262.69972935 -0.71805316
-108.84006558 261.51839253 -0.70271168
-108.83822607 260.28462686 -0.68443735
-108.81592064 259.08889460 -0.68328243
-108.79733652 257.89747975 -0.67229859
-108.76251743 256.66696371 -0.65946590
-108.75894795 255.36803414 -0.65504293
-108.69312476 254.18583027 -0.64119358
-108.66899076 252.93106928 -0.63142550
-108.62917372 251.65459922 -0.63492644
-108.60349059 250.41385492 -0.62052346
-108.56457061 249.17283337 -0.60905728
-108.51281761 247.99356779 -0.58510734
-108.44976836 246.74419088 -0.56881251
-108.39103856 245.46247811 -0.55490088
-108.33529517 244.23042454 -0.54563520
-108.25907462 242.98936307 -0.53666254
-108.18180217 241.78910199 -0.52187448
-108.08781111 240.60297374 -0.51383253
-107.98189757 239.39725581 -0.49895414
-107.88102692 238.21460936 -0.46774287
-107.76115834 237.00193574 -0.46028003
-107.62985078 235.80477388 -0.44618029
-107.50346483 234.58605819 -0.43462401
-107.36821098 233.39920648 -0.42070441
-107.20572208 232.17709206 -0.40814273
-107.05148480 230.97065991 -0.38621206
-106.88695738 229.76844967 -0.37658551
-106.70837190 228.54192245 -0.35951036
-106.54416235 227.36193655 -0.34027365
-106.35595943 226.15303417 -0.32366827
-106.14363503 224.94745757 -0.30550444
-105.92578071 223.73149567 -0.28856248
-105.71865007 222.52414970 -0.27826181
-105.48885844 221.28153149 -0.27052410
-105.26689980 220.06466024 -0.26506757
-105.04335237 218.83598008 -0.24336635
-104.80486631 217.62194292 -0.22461116
-104.55095714 216.38361977 -0.22049951
-104.28478334 215.11296785 -0.22119691
-104.01810442 213.86691366 -0.21502933
-103.72124774 212.58423764 -0.22317499
-103.40193645 211.28390814 -0.23767462
-103.06462140 209.95609257 -0.25031667
-102.76463808 208.70906413 -0.24683781
-102.40686552 207.37372046 -0.25156481
-102.05715780 206.04746547 -0.26270684
-101.70246701 204.77114853 -0.27483758
-101.38274337 203.51394790 -0.26873945
-101.06392241 202.23089896 -0.25930848
-100.74162841 200.97974077 -0.25410880
-100.41418827 199.72242025 -0.24779429
-100.08271317 198.48639544 -0.23673582
-99.75330077 197.27053680 -0.22701496
-99.40024683 196.00294738 -0.23682778
-99.05353476 194.75042016 -0.23666751
-98.69658002 193.48061682 -0.23006603
-98.33853988 192.23480612 -0.21856475
-97.97161162 190.99708848 -0.21695902
-97.60449980 189.76871415 -0.21506434
-97.19055184 188.53630437 -0.21073647
-96.79987738 187.28963710 -0.21382811
-96.39650066 186.04099682 -0.21498303
-96.03518307 184.82154303 -0.21305078
-95.62419120 183.58295343 -0.20568567
-95.21442474 182.34279979 -0.19279636
-94.80981176 181.09845199 -0.19403367
-94.38260834 179.85171398 -0.19463445
-93.97125689 178.63239101 -0.20603410
-93.51069861 177.36959484 -0.20894442
-93.07940685 176.11390374 -0.21131320
-92.63726802 174.84160329 -0.19636495
-92.20429671 173.58117398 -0.18317480
-91.75138852 172.28491961 -0.18694944
-91.28333659 171.00116415 -0.18199547
-90.86752285 169.72974448 -0.19353575
-90.46378842 168.46996344 -0.21275003
-90.04644055 167.19177549 -0.23403521
-89.60287494 165.89421078 -0.23414077
-89.20154901 164.63952766 -0.23218664
-88.79944926 163.35680316 -0.23361954
-88.40355294 162.08958296 -0.24382860
-88.00407337 160.83224065 -0.25257760
-87.60234767 159.59105541 -0.24705433
-87.20804867 158.34180139 -0.25307163
-86.80827155 157.10242412 -0.25453426
-86.40627812 155.84997010 -0.26290938
-86.01853227 154.59248158 -0.26109073
-85.62657939 153.35630163 -0.25304984
-85.24029845 152.10373458 -0.25093427
-84.84894388 150.85274994 -0.23886872
-84.47489110 149.59932724 -0.23005264
-84.09387398 148.34637843 -0.23268816
-83.71635535 147.10552823 -0.22345836
-83.31556829 145.84765173 -0.21233136
-82.92721551 144.60779440 -0.21421635
-82.53238942 143.37237222 -0.20949758
-82.15871827 142.12052769 -0.19166714
-81.77876813 140.89113196 -0.18641563
-81.36646634 139.63706368 -0.18341909
-80.96322509 138.37350674 -0.19557649
-80.56444662 137.09351924 -0.19179538
-80.16899630 135.84922438 -0.19263371
-79.78186554 134.60101791 -0.19146031
-79.38373462 133.34337718 -0.19107812
-78.98012755 132.07450326 -0.19661193
-78.57172527 130.79004820 -0.19405412
-78.19458060 129.46970230 -0.19864364
-77.79402028 128.22822115 -0.19718746
-77.40461550 126.98471473 -0.18380485
-77.01074627 125.75341476 -0.17242002
-76.61913749 124.49302179 -0.16607790
-76.22559956 123.24772858 -0.14941711
-75.84173218 121.98684667 -0.15172723
-75.43556220 120.74172509 -0.14386114
-75.04252674 119.48356628 -0.14029016
-74.63662655 118.24141183 -0.14509788
-74.21216079 117.02855807 -0.13993136
-73.81545283 115.80246439 -0.14154185
-73.42470815 114.57129927 -0.13963711
-73.03033560 113.32663754 -0.13125719
-72.63984568 112.10691871 -0.12879693
-72.26187899 110.85558459 -0.12881329
-71.88178304 109.59921384 -0.14211620
-71.48890758 108.37039994 -0.14273554
-71.11645934 107.09247633 -0.15068212
-70.73262483 105.83819878 -0.13905542
-70.37115092 104.58394350 -0.12902575
-70.00261067 103.34452057 -0.12344727
-69.61946767 102.07975821 -0.10696901
-69.23741861 100.85204441 -0.11029669
-68.85364820 99.59505103 -0.09573433
-68.46955169 98.28904751 -0.11003308
-68.08435592 96.99405966 -0.12467781
-67.71007312 95.73334696 -0.12319379
-67.33310682 94.48061858 -0.12038546
-66.96443018 93.21741775 -0.11349150
-66.59578502 91.95406473 -0.10579822
-66.22773894 90.68167770 -0.11668774
-65.84365259 89.39663962 -0.12623883
-65.44882345 88.08338593 -0.11509823
-65.08403358 86.82204886 -0.10153805
-64.71200764 85.50439357 -0.09300803
-64.35125557 84.21766485 -0.08131797
-63.98177689 82.91802866 -0.08153823
-63.62937630 81.61293763 -0.07678961
-63.28349121 80.33006877 -0.04866830
-62.94949383 79.04595212 -0.02366653
-62.60730959 77.74556075 -0.00842674
-62.24329176 76.42247813 0.00930001
-61.90945414 75.10285050 0.02204656
-61.59032715 73.81208623 0.04068513
-61.26196901 72.52514830 0.05383729
-60.93463888 71.24617853 0.07007928
-60.59710583 69.95606437 0.09579973
-60.25449692 68.65441872 0.11534739
-59.84894345 67.32713958 0.16469528
-59.50542850 65.99691442 0.19553960
-59.30587319 64.75718731 0.22999796
-58.98514471 63.48810499 0.25569855
-58.75952462 62.22731423 0.27860742
-58.55118144 60.94492205 0.33715732
-58.25013911 59.68390503 0.39715808
-57.99651450 58.50167266 0.46142805
-57.68833474 57.32518619 0.49462016
-57.36176885 56.05183178 0.44550567
-56.98321657 54.80242407 0.47561706
-56.61495960 53.53390921 0.51058971
-56.27236567 52.30864819 0.53058721
-55.92902252 51.10056950 0.56396148
-55.54664870 49.88523031 0.57170168
-55.20847392 48.65747355 0.60729200
-54.88489196 47.49787706 0.65309760
-54.45416263 46.22403002 0.62532156
-54.06907103 45.03144628 0.67699864
-53.69450564 43.85373729 0.71898802
-53.31223778 42.65660829 0.77309195
-52.93086794 41.43646341 0.80265101
-52.56769781 40.24017459 0.85730247
-52.08195805 39.14346153 0.96567717
-51.73535539 37.99719041 1.00739421
-51.38326654 36.86568792 1.04680956
-50.95899982 35.64595843 1.09423555
-50.59586323 34.46450979 1.12583959
-50.23642708 33.32960910 1.16132237
-49.87883233 32.19446293 1.17745682
-49.50757076 31.09273973 1.20060823
-49.15703118 29.95618529 1.20577875
-48.79804289 28.87808837 1.23306488
-48.46433494 27.78692307 1.26270155
-48.09086713 26.70069847 1.27306709
-47.73496329 25.66305610 1.28795000
-47.38928924 24.65058318 1.30139830
-47.03531387 23.64382564 1.31310109
-46.67559044 22.62318672 1.33874669
-46.34657925 21.64620738 1.34657287
-46.00997845 20.68564828 1.36396334
-45.69249222 19.73290850 1.38625620
-45.36399551 18.78278263 1.40419317
-45.06286558 17.87115617 1.41146663
-44.76445362 16.95957045 1.42499321
-44.45249847 16.06297792 1.42460449
-44.15079124 15.19655332 1.44261495
-43.82007158 14.35654095 1.45646787
-43.49224691 13.51298477 1.46947408
-43.17312135 12.68032900 1.48100505
-42.88223510 11.88786475 1.48452754
-42.57510715 11.13323938 1.48920339
-42.26752940 10.40295755 1.49374706
-41.94814142 9.64256204 1.50060858
-41.62861784 8.92952865 1.50466711
-41.30495014 8.22080430 1.50968840
-40.96373631 7.54401753 1.50915772
-40.60091894 6.87861242 1.50128828
-40.22763294 6.22497915 1.50585591
-39.83936467 5.58587172 1.50975603
-39.38758341 4.94912921 1.50791425
-38.87422877 4.29798336 1.50711217
-38.34606255 3.66679580 1.49876227
-37.80556961 3.09122210 1.49129177
-37.25276663 2.54168210 1.48303623
-36.68313038 2.00665389 1.47939624
-36.08354866 1.52093920 1.46374799
-35.46939184 1.07704444 1.45814389
-34.83096000 0.63994381 1.44274134
-34.18171022 0.23946883 1.42697187
-33.53118823 -0.12552448 1.40497642
-32.87405184 -0.45421370 1.38506206
-32.18868249 -0.77915038 1.35219971
-31.48385514 -1.05147757 1.32827462
-30.77861869 -1.29724235 1.29423040
-30.05386084 -1.46717047 1.26405054
-29.33120875 -1.60612438 1.22381628
-28.58374223 -1.71835538 1.18476676
-27.85504359 -1.83927903 1.16027751
-27.13347070 -1.89364789 1.11849759
-26.44616878 -1.92868138 1.08615180
-25.77129927 -1.95073278 1.05250285
-25.11637560 -1.93247479 1.02144061
-24.45044052 -1.92463447 0.99277795
-23.81855024 -1.90162582 0.97085546
-23.18585337 -1.88243168 0.95594682
-22.57098003 -1.85149797 0.94020301
-21.96236969 -1.83234927 0.92325387
-21.34798389 -1.79832201 0.90302321
-20.73971478 -1.77138116 0.88572877
-20.15264610 -1.73222633 0.86373737
-19.55453859 -1.68903948 0.83994631
-18.97574176 -1.67078996 0.81813747
-18.39359554 -1.65945283 0.79999536
-17.80389172 -1.64426283 0.78168086
-17.22533732 -1.60649082 0.76770971
-16.66981118 -1.56599280 0.75588460
-16.12768539 -1.53835637 0.73330787
-15.62643722 -1.54279394 0.72157873
-15.12954151 -1.54689853 0.69974012
-14.64036441 -1.55379593 0.68883456
-14.14115018 -1.57072973 0.67364346
-13.70518971 -1.56578826 0.65917598
-13.28026139 -1.53407480 0.63956066
-12.87887873 -1.55002913 0.62632547
-12.47654878 -1.57248522 0.61158045
-12.09480930 -1.58621483 0.60307049
-11.77573535 -1.63188676 0.58969341
-11.46391199 -1.63493330 0.57838266
-11.15468006 -1.66129834 0.56733164
-10.87755957 -1.65643211 0.55709904
-10.59269229 -1.66949598 0.53789176
-10.27634436 -1.64949270 0.52316406
-10.01023169 -1.69978393 0.51068051
-9.75858541 -1.74724828 0.50470925
-9.50639668 -1.75749306 0.49964506
-9.24426809 -1.76280054 0.49024945
-8.99731929 -1.77685188 0.47710321
-8.74822905 -1.77456275 0.46787582
-8.52524788 -1.79882996 0.46421870
-8.29950279 -1.80534701 0.46374686
-8.06350347 -1.79172285 0.45728535
-7.82702179 -1.79395016 0.44465249
-7.57960410 -1.78706730 0.43380203
-7.29530006 -1.74485083 0.42541212
-7.01942607 -1.70432219 0.42942166
-6.74100676 -1.63320436 0.43401976
-6.45302841 -1.56040881 0.43884477
-6.14507358 -1.46955858 0.43693196
-5.80399248 -1.39653654 0.43827674
-5.49802053 -1.31495436 0.44729036
-5.16179913 -1.16598618 0.45179654
-4.80878576 -1.00498967 0.44843169
-4.46457648 -0.87022622 0.44443240
-4.08790701 -0.70374417 0.44146550
-3.73738512 -0.56060290 0.42996520
-3.35891634 -0.37906136 0.42159093
-3.00333861 -0.16743643 0.42598967
-2.59282961 0.08368255 0.42695379
-2.18749761 0.37887044 0.42472923
-1.77520340 0.67244460 0.41634547
-1.37377035 0.99659969 0.41232554
-0.96064377 1.34966752 0.41821671
-0.51131189 1.75571567 0.43461861
-0.08764584 2.16226863 0.43219173
0.30160372 2.61735293 0.42770446
0.67830935 3.06919601 0.41791618
1.07859567 3.56755208 0.41567071
1.44539846 4.13028783 0.43786222
1.81396373 4.66680855 0.44387152
2.19228446 5.25547077 0.44800632
2.54612509 5.88085753 0.45344949
2.91914967 6.50659208 0.45414557
3.27145058 7.16974071 0.45690820
3.64255716 7.87093008 0.46005591
4.01027540 8.58833481 0.45830860
4.38083630 9.32521507 0.44983905
4.71547724 10.04414369 0.44652278
5.07661539 10.76734280 0.45021432
5.44214371 11.58332565 0.46918466
5.84699859 12.36773690 0.47111986
6.25898344 13.16848050 0.47467639
6.67599239 13.95460417 0.47577515
7.11603947 14.75985241 0.48603135
7.55512594 15.58639835 0.48959097
8.00109458 16.46229471 0.49268037
8.45006641 17.36142283 0.49189446
8.91749151 18.29158743 0.49342528
9.37725449 19.19964837 0.49356193
9.84668365 20.11428387 0.50466666
10.33887480 21.06398578 0.50447892
10.83792363 22.03149356 0.51102339
11.31153357 22.96269820 0.51841838
11.78056719 23.87836343 0.51936193
12.25412459 24.81799586 0.49946443
12.73396558 25.75110454 0.49992967
13.22054998 26.70047986 0.50439723
13.70625920 27.67293363 0.50615119
14.19655150 28.62445234 0.50801502
14.68098033 29.54137006 0.50772596
15.16768879 30.48863371 0.49780466
15.66597304 31.46170547 0.49312353
16.15699385 32.41353139 0.49470365
16.63972578 33.40275422 0.48931671
17.14997362 34.39324090 0.48312081
17.67592218 35.37749503 0.47381818
18.21177213 36.42086888 0.46019068
18.76067238 37.43312394 0.42876025
19.31562674 38.44422002 0.40925036
19.85525867 39.46867440 0.39759206
20.39185599 40.48845283 0.39953171
20.92246211 41.50501127 0.41976828
21.45641400 42.52066131 0.42251827
21.97968009 43.53844526 0.41755558
22.52324944 44.53627247 0.41936558
23.06337569 45.55239373 0.42298111
23.61398063 46.56153095 0.43612341
24.16789191 47.58823221 0.45208025
24.72958644 48.61275253 0.46485581
25.28447212 49.65829382 0.47686263
25.84993848 50.72711940 0.49246578
26.41074231 51.78246506 0.51398060
26.96917508 52.83561796 0.51108658
27.51666886 53.92226252 0.50174274
28.07661867 54.98562554 0.48591259
28.63594137 56.07909602 0.48519975
29.19085706 57.12910676 0.49772419
29.74123957 58.20926734 0.50934492
30.30011951 59.28609040 0.52148812
30.85449517 60.34554295 0.53411766
31.40474314 61.39311401 0.53384908
31.95120908 62.42786924 0.53414207
32.50652443 63.48034014 0.53955382
33.06145372 64.53111576 0.53454822
33.61591236 65.58347269 0.52179853
34.17200127 66.63596342 0.52298516
34.73321443 67.68502694 0.54258479
35.28204336 68.73621383 0.56675354
35.81508948 69.76537025 0.57944844
36.35398865 70.79042141 0.60378306
36.90304606 71.81097728 0.62579393
37.43118167 72.82826974 0.63436295
37.95026527 73.84364219 0.64055942
38.46376117 74.85203580 0.63941665
38.97141605 75.84403877 0.62223240
39.50202245 76.84069477 0.59936023
40.01420175 77.82962278 0.57603674
40.51545202 78.81282025 0.58495391
41.03848846 79.80891628 0.59280624
41.56404842 80.82427673 0.60588077
42.09114168 81.82540706 0.61599184
42.62706911 82.82219289 0.61391592
43.15948725 83.80029830 0.60965138
43.69338834 84.79565274 0.60050180
44.22363183 85.78475470 0.60526451
44.75685710 86.76805771 0.60025397
45.28684492 87.75813119 0.60612341
45.83693261 88.75200574 0.61166622
