-0.00000368 0.00000492 0.00000001
0.36985932 0.39176065 0.00873895
0.79440568 0.80860155 0.00816536
1.20886685 1.28468391 0.00760946
1.63546738 1.78997061 0.01011142
2.04223499 2.31974099 0.01674684
2.47569780 2.91249841 0.01867682
2.89988347 3.51638160 0.02321028
3.32471184 4.15800395 0.02489250
3.79295559 4.86137529 0.02749629
4.23323768 5.55849605 0.02778959
4.63893629 6.26357088 0.02362818
5.03911479 7.00311879 0.01634099
5.46333162 7.76035308 0.01973714
5.86451796 8.52907410 0.01414159
6.26714279 9.32084483 0.02066964
6.66135356 10.11287649 0.01580389
7.07217070 10.96482051 0.01174700
7.47343015 11.79503771 0.01429663
7.88062550 12.65768670 0.01520269
8.29216143 13.54722105 0.01956930
8.69337783 14.41303284 0.02645375
9.08838314 15.29442560 0.03040717
9.47655187 16.16760159 0.03175176
9.87624846 17.05697476 0.03544353
10.27849505 17.94401018 0.04162265
10.67548083 18.84964832 0.04908668
11.08294123 19.75392891 0.06247414
11.50306647 20.68729096 0.06633116
11.92039613 21.60533475 0.06274368
12.33694510 22.50746144 0.05981844
12.74161042 23.41618613 0.05105831
13.17196391 24.30797697 0.04780170
13.61200899 25.21526948 0.04831653
14.04835022 26.10876254 0.06078000
14.48209241 27.02519332 0.06772210
14.92540310 27.91248061 0.07491707
15.36412472 28.82082317 0.07643620
15.79708444 29.71484982 0.07930949
16.24758221 30.65258687 0.08523212
16.68492327 31.54849286 0.10334058
17.13690959 32.49270823 0.10953109
17.58520635 33.41205514 0.11704681
18.04774808 34.35800042 0.13437242
18.49457576 35.29209451 0.15485551
18.96466571 36.23546382 0.14825455
19.44903146 37.18970587 0.14181464
19.90790227 38.09370782 0.14069402
20.35745419 39.03634819 0.12535576
20.79591114 39.94173823 0.12404496
21.22762412 40.82333571 0.13266065
21.66459417 41.73799154 0.14725016
22.10280672 42.63658790 0.15738703
22.53168783 43.51080339 0.15633520
22.96306289 44.38625224 0.16133281
23.38511172 45.25663821 0.16490911
23.82227627 46.13030728 0.18090031
24.24208352 46.98393531 0.18715622
24.67106624 47.84204247 0.19438236
25.10678630 48.72127771 0.20225791
25.52608889 49.58578232 0.21239374
25.96881889 50.45659905 0.22025673
26.40011019 51.31692114 0.23273765
26.82788852 52.20968357 0.22656104
27.24940057 53.07354706 0.22399076
27.67769163 53.93649724 0.20747856
28.08841155 54.77757796 0.19920195
28.49121380 55.60307216 0.18916337
28.89376983 56.41905837 0.20187188
29.27876102 57.19578795 0.20892350
29.65963598 57.98174211 0.21302312
30.04688165 58.74843161 0.21543474
30.40359645 59.49984966 0.21766388
30.76122964 60.23033902 0.22383515
31.12130222 60.95710789 0.23044028
31.47535459 61.67907711 0.23675423
31.81931960 62.41338045 0.23862934
32.16728436 63.13529526 0.24536989
32.48869050 63.81399122 0.24251604
32.80717454 64.47937078 0.23051315
33.12159820 65.11827928 0.22740611
33.43028234 65.77338191 0.22753456
33.72529786 66.39895569 0.23221157
34.01554027 66.99498667 0.25306597
34.29879336 67.57894247 0.25695439
34.57659446 68.12798654 0.26558989
34.83528032 68.67453956 0.27518186
35.08584816 69.19163537 0.28109724
35.32812023 69.71163118 0.28757135
35.57237292 70.21774056 0.29540353
35.81578992 70.69809604 0.31252109
36.06021297 71.17432033 0.33189068
36.29251428 71.63453080 0.34506630
36.51304428 72.06984209 0.34853709
36.74724694 72.49420195 0.33740024
36.99089395 72.91706734 0.33487687
37.23764587 73.32198742 0.34005752
37.47937348 73.71668661 0.35227485
37.73513926 74.10301415 0.35688332
37.98352911 74.46868772 0.35786639
38.24801537 74.79511063 0.35577085
38.52172104 75.13118217 0.35665807
38.82216246 75.44936758 0.35181237
39.10601734 75.74296561 0.35021736
39.40543886 76.02418191 0.34685969
39.72106405 76.27080658 0.34417819
40.04695190 76.51942941 0.32565078
40.39833928 76.73987753 0.32047829
40.75359535 76.91594465 0.32165663
41.12767953 77.08726671 0.32132743
41.49727762 77.23981622 0.31910804
41.87789880 77.34762939 0.31439090
42.26557029 77.42957705 0.31001493
42.65640969 77.48412960 0.30617969
43.03858284 77.53689743 0.30261139
43.42239091 77.57061793 0.29786802
43.81158501 77.56945708 0.28879807
44.20876406 77.54777486 0.27344565
44.59990131 77.48143604 0.27551474
44.97061823 77.40034247 0.27883146
45.36538228 77.34365858 0.28294691
45.74507282 77.27335272 0.27751113
46.14201081 77.18506272 0.26663910
46.52750751 77.05504384 0.25300241
46.93039718 76.92078048 0.24687362
47.31968557 76.75753962 0.22836143
47.74125771 76.61027420 0.20874714
48.15583569 76.43672864 0.20606900
48.60176755 76.25052342 0.21027254
49.04362876 76.05707604 0.22112321
49.50888525 75.84723598 0.21805271
49.98919239 75.61681595 0.21478923
50.44538896 75.37950928 0.21459481
50.91399324 75.13623991 0.20572913
51.41300863 74.86992785 0.19887343
51.91566231 74.62594364 0.18999462
52.42256829 74.35026339 0.18350079
52.97565492 74.05075916 0.17715941
53.50212353 73.75138543 0.17388650
54.05533104 73.44943091 0.17103740
54.61208449 73.12821260 0.17110054
55.17732500 72.80342664 0.16801553
55.77080293 72.46213825 0.17367620
56.38581789 72.09379822 0.17359272
57.02380102 71.73780689 0.17271829
57.66720018 71.37392215 0.17325276
58.33125160 71.00070480 0.17200763
59.01060617 70.62664916 0.16730662
59.71724988 70.24482386 0.16759025
60.46073645 69.86787751 0.16736995
61.16907213 69.49900615 0.15980624
61.88925126 69.12046977 0.15791968
62.61184195 68.74706000 0.15012802
63.33198524 68.36662104 0.14329063
64.05840588 68.00515065 0.14433182
64.78618892 67.63951285 0.15398766
65.51230177 67.26303740 0.17056516
66.25029855 66.88565487 0.18527040
66.95522295 66.52186082 0.19827650
67.68481957 66.15106829 0.21045521
68.40829309 65.77578496 0.21642475
69.11495901 65.40925848 0.22591037
69.82633628 65.04648948 0.23433482
70.52751052 64.67320589 0.24473704
71.24538269 64.29233345 0.25602195
71.94839970 63.92118248 0.26564181
72.64578463 63.52029228 0.26965536
73.33395719 63.12316890 0.27122841
74.00655252 62.73439425 0.27063617
74.68768624 62.32970701 0.27690406
75.37287004 61.91985894 0.27675861
76.03604123 61.52011179 0.27716062
76.69715649 61.10436505 0.27316078
77.33906427 60.67114585 0.27707547
77.98298916 60.24887035 0.27092354
78.59824779 59.82284502 0.26837196
79.22891109 59.38580047 0.27405583
79.86769930 58.93871333 0.27149057
80.48519670 58.50000904 0.27752759
81.08733643 58.05664791 0.28464201
81.67901427 57.63042929 0.29067648
82.24323515 57.20957137 0.30147076
82.79780582 56.78858597 0.29972661
83.34438825 56.37641139 0.30512177
83.86889127 55.98402365 0.30338547
84.39338819 55.57895366 0.30686121
84.90897432 55.18455097 0.31061434
85.41612199 54.79702974 0.31212841
85.91269274 54.43078908 0.31809436
86.36749146 54.09046426 0.31743319
86.82460842 53.76609201 0.32128563
87.26417678 53.45433838 0.32058625
87.70270566 53.16046617 0.33442447
88.15134564 52.86713597 0.34046166
88.59862144 52.59040893 0.34249881
89.04079656 52.33139186 0.34522362
89.48550163 52.08318612 0.34746487
89.93861559 51.86672722 0.36241683
90.40451853 51.65741527 0.37290176
90.85769793 51.47976615 0.37987435
91.31536889 51.31187035 0.38803461
91.76766908 51.18460248 0.38336983
92.21897802 51.07697737 0.39335161
92.66978532 50.99376138 0.39717587
93.12469153 50.95286903 0.39724899
93.57307644 50.93931750 0.39709908
94.00486468 50.96551612 0.39467569
94.46556141 51.00723902 0.40961301
94.88208889 51.07418547 0.41342388
95.29888326 51.18169146 0.43218378
95.70643890 51.31667437 0.44974719
96.11550880 51.49124683 0.46255001
96.52188217 51.68436260 0.47000310
96.91653102 51.90714911 0.48072501
97.29677947 52.16206523 0.48842167
97.67304922 52.44146950 0.49438663
98.03650142 52.74497849 0.48686903
98.39217102 53.05299809 0.46736105
98.75129889 53.38471915 0.46261058
99.09904472 53.71581463 0.45946962
99.44962491 54.06470395 0.46045025
99.79988118 54.44290068 0.44820196
100.15709475 54.84365076 0.44507822
100.51506723 55.23216451 0.43050917
100.88738275 55.64825496 0.43294673
101.26209251 56.06248703 0.42209303
101.66703453 56.48793651 0.41338703
102.07543146 56.91724844 0.40684850
102.48050227 57.35932150 0.40856385
102.90166596 57.81118154 0.40784707
103.34757008 58.27242069 0.42024059
103.80253460 58.74236629 0.42752950
104.27272746 59.20749448 0.43461996
104.74252914 59.67278341 0.43382740
105.21937513 60.13727448 0.43449005
105.69163734 60.60347702 0.43462251
106.17682999 61.08133147 0.42510311
106.68081403 61.57297406 0.41579516
107.18167911 62.06399120 0.40885686
107.69814980 62.56697290 0.42142956
108.21405922 63.08512109 0.43530324
108.72731091 63.60341087 0.43878010
109.24797429 64.14874532 0.43354372
109.77870198 64.69360357 0.41608840
110.32473543 65.25363793 0.40196590
110.88229336 65.82896694 0.40374302
111.43411479 66.40682754 0.40514394
111.99934532 67.00340001 0.41180316
112.56871912 67.60197986 0.40239251
113.14695191 68.22398791 0.39730090
113.71350895 68.84271611 0.39661128
114.29333797 69.46495747 0.38962473
114.85992936 70.08248764 0.38392337
115.43376079 70.69362299 0.38448184
116.02172977 71.34770464 0.37653840
116.61763102 72.00247194 0.37476939
117.21634524 72.62179692 0.37724448
117.80458060 73.24332577 0.36479811
118.40013570 73.84934994 0.36737516
118.99755735 74.45497478 0.37299156
119.59320996 75.06851893 0.38144740
120.18039769 75.67618455 0.39075223
120.77951292 76.28737389 0.39910429
121.37730957 76.89824158 0.40185930
121.98309137 77.50278124 0.39253688
122.58045800 78.09335515 0.37566170
123.19391712 78.68461570 0.37516498
123.79416093 79.29529507 0.38759628
124.39663503 79.89337272 0.41581360
124.99662709 80.49750721 0.44544404
125.57811841 81.08527951 0.43696791
126.15814178 81.67915843 0.41658682
126.73578931 82.25700378 0.38654384
127.32145001 82.83539455 0.39258682
127.89553870 83.42279107 0.40885764
128.47156803 84.00759877 0.41401060
129.04558667 84.59977794 0.41908062
129.59599886 85.18552744 0.42943171
130.14037600 85.76521634 0.42543186
130.69839106 86.36467998 0.42624588
131.25987453 86.96071043 0.43106053
131.81422208 87.54564548 0.42984809
132.36125276 88.12776067 0.42764824
132.91936679 88.71444184 0.42026404
133.45801745 89.31016795 0.42180265
133.99708699 89.92151741 0.42033742
134.54165370 90.53420936 0.42332772
135.08050760 91.15214397 0.42861003
135.61013479 91.77830598 0.41543320
136.14574865 92.41223014 0.38568790
136.69690798 93.03222625 0.35528461
137.23507984 93.64721437 0.32390017
137.77316813 94.26815527 0.29415100
138.28100391 94.89839949 0.29428822
138.78394214 95.53583000 0.28723247
139.26809819 96.15173581 0.28060912
139.77059778 96.79105873 0.28008776
140.27560582 97.43359342 0.29205797
140.76985433 98.07492392 0.30735380
141.25131550 98.74330664 0.32087650
141.73975210 99.40325639 0.31757947
142.20664347 100.04896130 0.32276734
142.67834689 100.72150898 0.32627500
143.14304165 101.41420113 0.32416810
143.59909628 102.09610847 0.31784293
144.08406478 102.79286368 0.30239052
144.55418559 103.47737068 0.30529290
145.02050667 104.17753445 0.30911831
145.48382546 104.89493458 0.31989225
145.95685037 105.57812577 0.31107829
146.41683274 106.25695848 0.29816383
146.89531319 106.96795444 0.27290517
147.35460597 107.67432978 0.26648369
147.80720671 108.38060897 0.26746287
148.27640510 109.09879750 0.27401922
148.73115131 109.81476973 0.26060993
149.16203639 110.52707652 0.26457047
149.59923036 111.24365094 0.25478759
150.01971814 111.94990855 0.23035707
150.44637685 112.67501474 0.22705838
150.87091322 113.42724097 0.23102672
151.28122916 114.19330014 0.23823670
151.67992500 114.91149853 0.25079540
152.07129926 115.64237074 0.24559889
152.45361059 116.38782954 0.23683169
152.82311006 117.13057901 0.21260596
153.20502125 117.88416428 0.19405288
153.60349579 118.62898739 0.20082375
153.98811231 119.40257750 0.21074349
154.37367846 120.14982805 0.20768911
154.75994977 120.89688609 0.19371930
155.15578833 121.64739844 0.17096951
155.54965663 122.37292613 0.13707677
155.95439900 123.11840277 0.11790044
156.32497981 123.85984912 0.11809876
156.70444634 124.61474783 0.12361648
157.10014020 125.34407321 0.12520301
157.49358146 126.06351139 0.10645309
157.86109939 126.77495082 0.07940474
158.21956166 127.48422332 0.05878798
158.58035124 128.20784501 0.04983565
158.92603097 128.92175716 0.04868785
159.27998255 129.66662569 0.03813718
159.62543092 130.37439759 0.02578246
159.99903458 131.11978669 0.01016778
160.34660349 131.82540136 -0.00414760
160.68363936 132.53743860 -0.01765537
161.01994745 133.25367387 -0.03219427
161.38511575 133.98615048 -0.02752284
161.73005860 134.67493925 -0.04556682
162.06078195 135.35101481 -0.06362792
162.39706551 136.00014744 -0.09012747
162.73037826 136.64966936 -0.10051823
163.05105734 137.30644296 -0.10929935
163.38277154 137.94722051 -0.11197199
163.69365379 138.56863200 -0.12881005
163.98630834 139.19192086 -0.12838660
164.28483908 139.81181821 -0.12190853
164.58320034 140.43061783 -0.11387236
164.90851195 141.06050913 -0.11628772
165.21530977 141.65637241 -0.12081534
165.51863193 142.24734779 -0.11928048
165.81920994 142.82844383 -0.12276517
166.13509756 143.41850999 -0.11919976
166.44010490 143.99093608 -0.10599410
166.75744851 144.56999069 -0.08371588
167.09206745 145.15320465 -0.06184122
167.42198504 145.71219086 -0.04757432
167.74570423 146.31227470 -0.03910436
168.08399381 146.89872284 -0.02638518
168.42317195 147.49968294 -0.01552256
168.77481794 148.09771401 0.00554698
169.09343928 148.68096005 0.01920864
169.40599618 149.25500174 0.01552633
169.71995243 149.81226920 0.01322317
170.03021686 150.39836075 0.00898469
170.34665616 150.96978378 0.02375349
170.68255783 151.58106149 0.02844002
171.00935642 152.17285625 0.05379469
171.32996951 152.79139184 0.07992090
171.65728719 153.41086842 0.09339593
171.97678190 154.03017530 0.08897879
172.29344331 154.67711721 0.07095208
172.64087271 155.28962303 0.05443827
172.98401769 155.93550210 0.05343709
173.30990930 156.58961987 0.06804140
173.61792904 157.23793711 0.06894722
173.93104237 157.92170138 0.06503027
174.26214340 158.59337375 0.04749096
174.61595850 159.27305701 0.03066852
174.96344823 159.96395286 0.02623605
175.31518054 160.65046349 0.02350674
175.66501866 161.31918838 0.02147992
175.98853691 161.97367622 0.02232618
176.31951061 162.63553203 0.00809235
176.65664896 163.31685154 0.00044957
176.98530466 164.00610386 -0.01913055
177.32542367 164.71245517 -0.02768782
177.66025961 165.41413921 -0.02388665
177.98953989 166.07316728 -0.02302717
178.30533130 166.70954809 -0.01495808
178.61151602 167.36052720 -0.00597510
178.92410539 168.01439662 -0.00770074
179.23883636 168.63111684 0.00032647
179.55039207 169.26233056 0.00754152
179.85281723 169.88220233 0.01632705
180.13977718 170.50057973 0.00890386
180.42663568 171.14732299 0.01912521
180.69509884 171.76652705 0.02783125
180.97626670 172.42878180 0.04760900
181.26470025 173.07471175 0.06550512
181.56402763 173.72367632 0.08547922
181.85034380 174.39868452 0.10181067
182.10349441 175.08206340 0.09768183
182.38240660 175.79223041 0.09648346
182.65312234 176.48434813 0.10345771
182.90834097 177.20455261 0.11187197
183.13496646 177.94448951 0.12631660
183.38900105 178.68827355 0.13254760
183.64035870 179.41854754 0.14538208
183.85596579 180.16881884 0.15858982
184.07044105 180.94968841 0.15526699
184.28520476 181.72143087 0.16011886
184.42274361 182.51517596 0.17506755
184.54914703 183.29592768 0.16450564
184.67408486 184.07415396 0.14824575
184.77911343 184.83739684 0.14128307
184.87148446 185.65100767 0.13979752
184.95151609 186.45278971 0.12180775
185.00768014 187.26509014 0.09327994
185.02910281 188.12028692 0.06274281
184.99668116 188.99796026 0.03967303
184.95624571 189.85689531 0.01195192
184.90571581 190.74411982 -0.00000410
184.85073616 191.58657892 -0.00872159
184.80175501 192.46595358 -0.02484897
184.72397786 193.32817645 -0.04179062
184.59178249 194.17350043 -0.05502363
184.40766344 195.00577004 -0.06345452
184.19378529 195.82720343 -0.07500471
183.92165868 196.65177813 -0.08402794
183.68758449 197.46414841 -0.10622097
183.37798919 198.24422935 -0.12546097
182.97853012 199.02089674 -0.13689109
182.55065860 199.73600818 -0.14223501
182.05464612 200.47449366 -0.15847825
181.55928603 201.18389406 -0.17212104
181.02588614 201.89011698 -0.18318299
180.44066034 202.59128197 -0.19173955
179.77191631 203.30190570 -0.19829204
179.09408570 204.00039598 -0.20519191
178.33124610 204.67046428 -0.20779414
177.55906296 205.33770328 -0.21645250
176.83553217 205.99458498 -0.23431443
176.09762913 206.66819753 -0.25189996
175.27433915 207.31365451 -0.27001822
174.39412226 207.94755563 -0.28108748
173.42806984 208.59981353 -0.30574874
172.42442431 209.20368213 -0.33258113
171.48066899 209.82147408 -0.36886773
170.47637500 210.33160139 -0.39042141
169.39786199 210.78926631 -0.39550909
168.30265384 211.22877636 -0.40224532
167.22320915 211.62183478 -0.42838200
166.12219988 211.97352229 -0.45146692
165.09013548 212.33951407 -0.46509479
163.99231643 212.67016932 -0.47768601
162.87439889 212.94333168 -0.47522345
161.73769851 213.19953206 -0.47647778
160.56063071 213.35360939 -0.48951940
159.33126637 213.46635280 -0.49827471
158.12404192 213.57648658 -0.50390309
156.86828375 213.59994519 -0.51064946
155.66702434 213.60258575 -0.51384969
154.41858190 213.56304858 -0.51690543
153.20593451 213.49408100 -0.52136633
152.04207440 213.42470365 -0.52301363
150.89263520 213.30841617 -0.51176004
149.74454512 213.17269966 -0.50119394
148.61812397 213.01524860 -0.49369747
147.49645864 212.84981263 -0.48339225
146.32439948 212.65434610 -0.47431095
145.12245840 212.40861131 -0.46586430
143.98968970 212.16584636 -0.45911844
142.91733706 211.91144776 -0.46876773
141.87984242 211.67497644 -0.46138807
140.87417741 211.45197587 -0.45663060
139.84718004 211.16809338 -0.45201470
138.86079354 210.88468226 -0.45261147
137.86547674 210.55949306 -0.46441587
136.89550277 210.24779658 -0.47111779
135.91999056 209.89250758 -0.47838063
134.96133658 209.49013797 -0.46455306
133.99541642 209.04707753 -0.45386812
133.00308092 208.58931401 -0.45196823
132.05578090 208.08420332 -0.45933407
131.10475462 207.60682705 -0.45990940
130.16177053 207.12025752 -0.46105743
129.27748169 206.64774200 -0.48234160
128.41035177 206.19971741 -0.49493334
127.54672913 205.77887522 -0.51654186
126.68165773 205.35201927 -0.52807949
125.83750426 204.94035774 -0.54030477
125.02586871 204.55195354 -0.54874519
124.25018922 204.14387583 -0.56308920
123.49881360 203.71901069 -0.56190378
122.78660094 203.31116957 -0.56081492
122.07324044 202.93007750 -0.56245299
121.36063443 202.57298657 -0.56853576
120.67245456 202.22618901 -0.56849881
119.97564642 201.90501138 -0.58478439
119.29390380 201.61015823 -0.59528057
118.58885033 201.33565908 -0.60795285
117.89081134 201.06514275 -0.61274322
117.25376602 200.81995010 -0.61397460
116.63670610 200.59693034 -0.61452025
116.05459854 200.38372701 -0.62317315
115.47800714 200.19787908 -0.62734387
114.89637960 199.99998725 -0.62336189
114.37321945 199.78442428 -0.61439762
113.82987464 199.59744454 -0.60984097
113.28675110 199.42973017 -0.60419434
112.81292777 199.26431338 -0.59671716
112.39390410 199.10084024 -0.60484845
111.95675668 198.95534275 -0.60779435
111.57089245 198.83450081 -0.61615964
111.20915730 198.73601459 -0.60881213
110.85906193 198.65692098 -0.60464605
110.54242556 198.57218042 -0.59402039
110.26110766 198.50079347 -0.59166969
109.99192363 198.44716575 -0.58957882
109.82930765 198.37384465 -0.58787473
109.72211187 198.29211921 -0.58330419
109.59942846 198.20634763 -0.57525330
109.46094569 198.12463561 -0.57329694
109.40142334 197.99913125 -0.56599472
109.39485151 197.86833955 -0.56444735
109.48717341 197.71507093 -0.55226084
109.57181134 197.60475610 -0.54686742
109.64355009 197.49608354 -0.54044747
109.66159837 197.40671121 -0.53567993
109.64099942 197.33284297 -0.52864323
109.71385687 197.24671645 -0.52606252
109.73272570 197.17921741 -0.52189192
109.74813876 197.12484061 -0.51490073
109.73520160 197.09592668 -0.51394171
109.72923592 197.07202534 -0.50697278
109.68174603 197.08427936 -0.49473137
109.63600899 197.11806367 -0.48807101
109.51904365 197.17374102 -0.48244639
109.47503755 197.22886482 -0.47925131
109.36613364 197.30500318 -0.46647030
109.23050001 197.40602345 -0.46061811
109.13215316 197.50672203 -0.46031095
109.09903627 197.57438584 -0.45274642
109.02456829 197.66941020 -0.44720690
108.94423917 197.77468461 -0.44655842
108.90818661 197.90181175 -0.45625613
108.93185731 198.03489190 -0.46455581
108.95589220 198.17965497 -0.47578328
108.99827946 198.36031898 -0.46700515
109.03274425 198.53219376 -0.45949209
109.03272213 198.74959402 -0.45395743
108.94926745 199.00665879 -0.44528409
108.86749533 199.29719764 -0.43550268
108.82347911 199.58674318 -0.41771995
108.78510113 199.87304614 -0.41014063
108.79932578 200.17226397 -0.40108732
108.79713590 200.49397643 -0.40400683
108.81861145 200.85360063 -0.39883773
108.82944346 201.22018944 -0.39159727
108.83462160 201.60398934 -0.39951512
108.82801188 201.99259027 -0.40503489
108.84203474 202.41566115 -0.40516976
108.85790761 202.88194013 -0.40294773
108.89990550 203.30332373 -0.40235553
108.93796391 203.75338530 -0.39527950
108.95556960 204.22593379 -0.38805210
108.99652444 204.72725660 -0.38156548
109.02152166 205.21911866 -0.38225708
109.05561870 205.72492675 -0.39169225
109.11448696 206.26729792 -0.40572166
109.17375170 206.82853183 -0.41658605
109.25660979 207.38790090 -0.41366671
109.32057877 207.97285814 -0.42123124
109.38082632 208.55762887 -0.44071062
109.44608923 209.19307187 -0.46446375
109.52773624 209.82284732 -0.48037202
109.62460584 210.51293834 -0.49901852
109.74023777 211.24362842 -0.48922317
109.87155468 211.98861903 -0.48842372
110.01569539 212.76573125 -0.48988175
110.18662989 213.50472300 -0.48546509
110.39291431 214.27300872 -0.48636635
110.62145048 215.02608546 -0.48914918
110.89135830 215.76038698 -0.49286674
111.18841986 216.47261594 -0.50337054
111.52180331 217.23014889 -0.51081594
111.84383106 217.98968957 -0.51545313
112.19982989 218.75719966 -0.50768591
112.56493119 219.49791071 -0.50684631
112.93258370 220.26122550 -0.50044205
113.32201860 221.03643083 -0.51062901
113.72392887 221.78548715 -0.51491910
114.13212026 222.54101398 -0.51853810
114.53702333 223.34232256 -0.52028310
114.93512127 224.10573976 -0.52495107
115.37377927 224.90408200 -0.52075605
115.81223695 225.70444492 -0.52211885
116.25218323 226.51278957 -0.52382900
116.68264401 227.30434363 -0.53187236
117.10681340 228.07630423 -0.54397899
117.53139104 228.84853054 -0.57116042
117.95573344 229.64713239 -0.58936958
118.39282586 230.47054116 -0.60602210
118.82703494 231.35241760 -0.62388586
119.27518754 232.18256945 -0.62919708
119.72175585 233.01314594 -0.61830291
120.17729831 233.82579646 -0.63226697
120.64372541 234.68580848 -0.64716028
121.09996485 235.53522915 -0.68692563
121.55874212 236.39305456 -0.72521005
121.99872154 237.22368884 -0.75210617
122.45048387 238.06890760 -0.76882701
122.90804429 238.96583419 -0.77307095
123.39196611 239.86626578 -0.77236577
123.86757321 240.73859661 -0.77352855
124.36557819 241.63229336 -0.78406021
124.87514026 242.54167650 -0.79255015
125.38520912 243.45365580 -0.80770060
125.90883927 244.39187846 -0.81528728
126.42020167 245.32540945 -0.81111991
126.94502415 246.28876156 -0.80667011
127.45626234 247.25130440 -0.79738769
127.98537562 248.25382280 -0.78375400
128.51305214 249.20881030 -0.78348320
129.01731281 250.14592497 -0.77676326
129.54018660 251.11170425 -0.77000176
130.05352171 252.08073053 -0.74609681
130.54882011 253.03138952 -0.72106411
131.04286611 254.00216891 -0.69162724
131.54607125 254.98371201 -0.66064695
132.04208485 255.96664456 -0.64739539
132.54600430 256.93350467 -0.64150227
133.04274119 257.96254226 -0.65567968
133.54297315 258.93227381 -0.64790895
134.01458305 259.86925006 -0.64923432
134.50061180 260.82695560 -0.64700599
134.98128523 261.76651556 -0.63228098
135.45525496 262.71210156 -0.63535546
135.93581252 263.66209774 -0.62390401
136.43117507 264.58740585 -0.62807652
136.93220136 265.53240482 -0.63113950
137.42103836 266.47468630 -0.63020808
137.90613585 267.41477264 -0.64481505
138.39770616 268.38788142 -0.65753693
138.85865980 269.29573222 -0.68302560
139.32813343 270.24745366 -0.71537116
139.80102189 271.18806059 -0.73485343
140.28577722 272.16690821 -0.74997027
140.76611933 273.13900264 -0.76866590
141.23959492 274.07662943 -0.77252435
141.72230188 275.00435833 -0.78520452
142.21320946 275.94541815 -0.78066856
142.71424705 276.90442873 -0.77995322
143.20386947 277.85422815 -0.77959783
143.71867266 278.78399766 -0.78043548
144.22327298 279.73469218 -0.78393495
144.75670911 280.68523510 -0.77858011
145.27192639 281.63047380 -0.78834221
145.76561893 282.57341302 -0.77863400
146.29404822 283.58746897 -0.77871150
146.81218324 284.55169179 -0.78086697
147.32277998 285.49375552 -0.77740912
147.83176533 286.46176852 -0.76366253
148.34563571 287.42494065 -0.73509580
148.89289562 288.44992032 -0.72370570
149.42348066 289.40991620 -0.72210687
149.93998120 290.37092799 -0.70906076
150.44721028 291.30082013 -0.71543183
150.96977291 292.23944253 -0.70370951
151.49109785 293.17587483 -0.69041206
152.02077124 294.10397757 -0.68161984
152.55724125 295.05098637 -0.65548473
153.06209838 295.97945776 -0.63200324
153.56703144 296.92367564 -0.61028898
154.05556564 297.84110746 -0.58422541
154.55993821 298.77409786 -0.56589954
155.05973570 299.66601225 -0.55093940
155.56355295 300.61533422 -0.54453364
156.03183922 301.53236691 -0.53244137
156.51226423 302.45557075 -0.52109761
156.96895736 303.35333465 -0.50737518
157.45417133 304.25544103 -0.50653065
157.90705756 305.10919280 -0.51248958
158.37862446 305.96803688 -0.51010851
158.83389873 306.81911213 -0.50499183
159.27619833 307.67311808 -0.51418608
159.70065120 308.52183918 -0.51400838
160.13231034 309.35420177 -0.51178449
160.56410102 310.18626955 -0.50112065
161.01326961 311.03040693 -0.48963235
161.44871419 311.85464046 -0.46981255
161.88743419 312.68278566 -0.46534273
162.30784599 313.48034677 -0.46473758
162.72909099 314.24180473 -0.46872379
163.10796749 314.99566006 -0.46995197
163.48318736 315.73575164 -0.47279066
163.86580766 316.45068532 -0.46653568
164.25069426 317.16423836 -0.46596551
164.62922436 317.84702484 -0.46616448
165.01484277 318.52253622 -0.46912316
165.39041972 319.19079937 -0.46983003
165.72856570 319.83734289 -0.47879045
166.06468402 320.46478364 -0.49490785
166.41950004 321.09578080 -0.50740506
166.75405481 321.67848938 -0.52920659
167.06837109 322.25041565 -0.55737676
167.37087526 322.82061036 -0.58194995
167.64642714 323.35289434 -0.60398410
167.92407195 323.88589444 -0.65703493
168.18867189 324.39983570 -0.69084823
168.43071184 324.89149038 -0.71544953
168.68226955 325.37994901 -0.74187332
168.90987426 325.85632013 -0.75787026
169.11032068 326.32615418 -0.76215740
169.31185068 326.79093211 -0.76901928
169.48566178 327.28596691 -0.77242547
169.66883931 327.77141265 -0.78792004
169.85847801 328.26039502 -0.80570481
170.01927548 328.73119901 -0.81693117
170.14102692 329.20832519 -0.84067503
170.26660158 329.71876672 -0.87035622
170.37824006 330.23621924 -0.89523941
170.48021939 330.73686684 -0.93599105
170.56621032 331.23904858 -0.98587861
170.62705391 331.74906287 -1.03065337
170.68125042 332.26904767 -1.07263355
170.69521419 332.78272971 -1.13286268
170.70770474 333.32388172 -1.21469388
170.71159873 333.88778307 -1.32501681
170.68937883 334.47479666 -1.43049786
170.63409713 335.06381889 -1.55040201
170.55863335 335.66959850 -1.68818528
170.45663824 336.30057159 -1.85068058
170.33034940 336.97096615 -2.02890657
170.16144544 337.63765986 -2.20714759
169.97748335 338.28674550 -2.38393534
169.75037351 338.92564952 -2.56934107
169.49095932 339.58035318 -2.75113855
169.20247773 340.20826850 -2.92084943
168.86283118 340.86201104 -3.10542975
168.48832309 341.50690843 -3.26310545
168.08512747 342.17058142 -3.43230326
167.67348552 342.82132513 -3.61562879
167.25989135 343.46103269 -3.78020904
166.81565473 344.09876218 -3.95255639
166.37433905 344.73902330 -4.12783836
165.89769596 345.35696435 -4.29451197
165.41078826 345.95117034 -4.47056484
164.90145619 346.50128797 -4.63279246
164.41801421 347.01724721 -4.79177735
163.94911610 347.52289359 -4.93196473
163.48138247 348.01735539 -5.06549975
163.00086383 348.48558732 -5.19232434
162.55434436 348.90781438 -5.29012789
162.11010659 349.29930788 -5.39332135
161.64534804 349.69892122 -5.48318435
161.19658556 350.09602183 -5.58457716
160.75575971 350.48410106 -5.67131758
160.28539793 350.86140727 -5.75807622
159.81318618 351.24573289 -5.84254543
159.32699510 351.60790031 -5.92461736
158.83217635 351.94661893 -5.99549190
158.29915094 352.29124376 -6.07558531
157.76160186 352.63186937 -6.15239030
157.17376400 352.97118646 -6.22619488
156.56648672 353.30326231 -6.28426013
155.95235735 353.63745322 -6.35068134
155.30156005 353.95803265 -6.40379963
154.64048274 354.26928855 -6.47456173
153.92051402 354.58063112 -6.53748338
153.18135839 354.91118797 -6.61681617
152.38109486 355.26044569 -6.68399452
151.54839615 355.61890652 -6.76200810
150.64954665 355.99562896 -6.83379303
149.72295116 356.38486567 -6.90862525
148.76577898 356.78112136 -6.99203283
147.79026990 357.16816121 -7.07093680
146.77051945 357.55951535 -7.12981642
145.70711207 357.94914331 -7.18719620
144.62018072 358.34956931 -7.24069771
143.49134030 358.76965860 -7.32454677
142.34482586 359.17774429 -7.39110271
141.19116349 359.59155196 -7.45116130
140.02570579 359.99483403 -7.47122254
138.87361033 360.37610090 -7.48603318
137.72433325 360.73392400 -7.47090522
136.59631103 361.04858997 -7.44858029
135.47703177 361.38348901 -7.41524692
134.35174095 361.71871588 -7.38214116
133.20114768 362.03849465 -7.31379284
132.10920216 362.34994554 -7.23763717
131.00880120 362.65139258 -7.12868918
129.93223719 362.93284154 -7.00678961
128.84861181 363.21697790 -6.89465998
127.80437064 363.49778298 -6.76439834
126.75763385 363.79170621 -6.62896257
125.73124880 364.06176541 -6.46106977
124.75455319 364.31663494 -6.29415456
123.79644709 364.55767300 -6.11287101
122.87296071 364.78905648 -5.93385268
121.93736585 365.01541561 -5.71158265
121.02660410 365.22619112 -5.48336702
120.12524233 365.43398013 -5.23318040
119.26338999 365.62930088 -4.97415986
118.39295817 365.81201723 -4.69762084
117.53671313 365.98081789 -4.39470696
116.69668447 366.11944001 -4.05426883
115.85019292 366.23881046 -3.66263422
115.01132413 366.34533533 -3.23172126
114.21136622 366.42055089 -2.75928417
113.41999049 366.45306872 -2.24368638
112.62951683 366.44802671 -1.65205163
111.84295526 366.40119895 -1.00193590
111.13987040 366.37890457 -0.40540733
110.51064031 366.38911277 0.16135332
109.96630519 366.39756009 0.68464716
109.47407148 366.41319395 1.19708919
109.02229700 366.44225330 1.68290582
108.64582290 366.47403752 2.14338845
108.33510645 366.51408282 2.59499262
108.08185812 366.54098002 3.00206417
107.83775132 366.57882628 3.39857081
107.62633183 366.62716821 3.78126848
107.41308650 366.69791881 4.14111475
107.18352310 366.78786985 4.48257425
106.96499704 366.88270403 4.80390702
106.68812825 367.01425781 5.11307439
106.36846038 367.16367127 5.38912080
106.00831562 367.33137832 5.63869515
105.62027141 367.51635964 5.86116514
105.17585122 367.73870637 6.06116712
104.66670434 367.99401981 6.24433928
104.05383093 368.28170693 6.39334296
103.38716095 368.58960904 6.49873465
102.64752557 368.92906334 6.57817423
101.78219044 369.30355659 6.61860896
100.79569298 369.72922598 6.63665994
99.68110465 370.19088923 6.61588135
98.43856407 370.69230258 6.54828791
97.06903666 371.23299825 6.41731912
95.77824740 371.77565932 6.26025439
94.52589459 372.32968135 6.06222218
93.34596875 372.88207834 5.83277638
92.18482391 373.45918662 5.57681755
91.05783401 374.01677938 5.26716991
89.97340690 374.57115580 4.93351818
88.94031913 375.13260436 4.58662456
87.92208708 375.66270919 4.24840292
86.91267166 376.20551332 3.91574267
85.92308220 376.75538171 3.55688532
84.95864179 377.31371585 3.19528090
84.00250519 377.85186707 2.84386782
83.07321066 378.34334165 2.51949048
82.14875184 378.82912536 2.21219579
81.22866147 379.33063076 1.90158004
80.35074547 379.83130135 1.59654281
79.47688048 380.33901319 1.28573518
78.60796792 380.84452765 0.99208688
77.76021948 381.32097171 0.72324113
76.92784118 381.79447010 0.46187836
76.10519244 382.25310772 0.21172846
75.26495354 382.71662178 -0.06613751
74.41813505 383.17907487 -0.34551043
73.58383602 383.64317345 -0.61816141
72.77317135 384.08606018 -0.86003836
71.99258532 384.50511913 -1.07833083
71.21237821 384.92314046 -1.29531895
70.45075744 385.33853042 -1.51513173
69.69600838 385.74564640 -1.73187731
68.93616201 386.16176729 -1.93375206
68.16750490 386.58054735 -2.13324253
67.41694514 387.00000874 -2.32432027
66.67819202 387.40516870 -2.50783891
65.92800506 387.80759350 -2.67974725
65.16966955 388.21225364 -2.84451886
64.42922380 388.60467477 -3.00853983
63.67159030 388.98273449 -3.17140318
62.93541092 389.36506939 -3.32757185
62.20237589 389.74564881 -3.47432683
61.46596132 390.13785846 -3.59002771
60.73911326 390.50928459 -3.67776071
59.96617144 390.89370592 -3.74717043
59.19265055 391.26213012 -3.79730829
58.38630552 391.62356297 -3.82068982
57.56409797 391.98064209 -3.80893728
56.72976241 392.33987611 -3.74750778
55.86211373 392.70283455 -3.62863645
54.96013599 393.04965889 -3.44653006
54.02781016 393.41301299 -3.17877080
53.06139201 393.77391374 -2.83218946
52.04763374 394.14025074 -2.41838723
50.96330394 394.51134779 -1.90086238
49.84961671 394.88105671 -1.27425060
48.72428422 395.24484070 -0.67052512
47.62132013 395.59751731 -0.07740503
46.54793010 395.94415972 0.49784241
45.49077162 396.29202696 1.07149751
44.44605746 396.62015802 1.65316228
43.39842939 396.94699856 2.24502087
42.36305524 397.26058488 2.86081622
41.33005765 397.53708074 3.47176553
40.32614957 397.79079834 4.09810843
39.31229519 398.05039253 4.72270186
38.36911978 398.31682110 5.32397289
37.42059144 398.59048091 5.91208416
36.51679996 398.84431363 6.48660114
35.61737164 399.10328025 7.05878150
34.73513706 399.34404074 7.59474196
33.88273681 399.57963862 8.10500659
33.04486931 399.80608248 8.60243058
32.24795514 400.01514863 9.05934008
31.49716737 400.20453756 9.48238438
30.75266990 400.37199676 9.88843921
30.06358666 400.53385191 10.26245724
29.37679160 400.66716240 10.60009832
28.73323338 400.78309211 10.88853666
28.12371080 400.89666389 11.14922136
27.56740891 400.99194751 11.37740913
27.05410935 401.08770397 11.58025273
26.58592190 401.16620700 11.73736267
26.15219495 401.24824255 11.85497413
25.73929647 401.30324847 11.93201340
25.36320253 401.35402808 11.95900398
25.01513537 401.39137521 11.95200990
24.71229705 401.41651688 11.90959392
24.44987342 401.43673467 11.82759209
24.22266076 401.45438219 11.70449288
24.02692550 401.47599511 11.54030693
23.84837443 401.47375616 11.33647120
23.69324931 401.48929585 11.08194980
23.56741615 401.51625292 10.78451881
23.47302979 401.53825405 10.42565249
23.40852360 401.56124470 10.02420626
23.34686911 401.58873999 9.55913096
23.29936602 401.61135265 9.05326121
23.29936652 401.64964291 8.49107245
23.32880702 401.69763584 7.88224241
23.35736637 401.76077094 7.21523683
23.41217923 401.83700579 6.49804806
23.47488885 401.90240869 5.73133215
23.59008313 402.01048943 4.92474891
23.69857489 402.09917146 4.07040319
23.80470985 402.18099634 3.18120656
23.91515366 402.24331138 2.39541890
24.00057302 402.27250947 1.70917544
24.06929986 402.27925678 1.08891170
24.11095444 402.25769006 0.52566711
24.12058375 402.19702030 0.02077200
24.05942922 402.08857312 -0.43451432
23.97272252 401.97171847 -0.84278490
23.83227995 401.82542993 -1.22204138
23.64671876 401.66835248 -1.56904645
23.40320184 401.46440434 -1.90401698
23.08906057 401.22615367 -2.22713483
22.70421622 400.93733015 -2.53986966
22.27227736 400.61092477 -2.85617380
21.78387436 400.23904261 -3.15995000
21.23237778 399.83182241 -3.45998747
20.61140165 399.38893812 -3.76586526
19.90582151 398.89996123 -4.09511903
19.25048469 398.40593444 -4.38034230
18.61640327 397.89561215 -4.64054091
18.02644934 397.36097975 -4.87065511
17.46402785 396.82429606 -5.06458265
16.92071238 396.24567160 -5.23135615
16.41425584 395.64881674 -5.37704304
15.94817087 395.04564047 -5.50456479
15.49131553 394.43019147 -5.60191907
15.02157896 393.78725741 -5.67233352
14.60121239 393.13878758 -5.71270354
14.19315092 392.47371963 -5.73389727
13.78651465 391.78622849 -5.72923218
13.40408880 391.09106655 -5.71083746
13.03374266 390.38878558 -5.67887087
12.64321767 389.65251751 -5.63827136
12.26947500 388.90983272 -5.59891530
11.89070729 388.16499476 -5.53190744
11.54674130 387.42335373 -5.47159080
11.20510660 386.67444011 -5.39609240
10.81986558 385.89575776 -5.33326738
10.43915206 385.07684707 -5.26515212
10.08732027 384.29747702 -5.20275120
9.74073903 383.51716456 -5.14277797
9.38512044 382.69492037 -5.09667157
9.06179564 381.91707634 -5.05062462
8.73372863 381.14109322 -5.01139000
8.41207473 380.39743234 -4.98158016
8.04898629 379.62140394 -4.96458165
7.69924559 378.85309755 -4.97147347
7.33655769 378.08876693 -4.99769569
6.95294440 377.34272104 -5.02641287
6.54798689 376.58456322 -5.07418164
6.11943638 375.82239583 -5.12955031
5.65594884 375.04246220 -5.18295484
5.16708583 374.26132043 -5.25872044
4.65511404 373.45676192 -5.35620044
4.11742965 372.63489616 -5.45526382
3.55817551 371.78399462 -5.57881518
2.97693545 370.95968164 -5.71410732
2.37995049 370.12094199 -5.84023430
1.76171041 369.27941103 -5.96971620
1.11081950 368.42203244 -6.09587274
0.45850029 367.57812626 -6.22297785
-0.17372293 366.73206188 -6.33997808
-0.79653794 365.87482006 -6.44174693
-1.40563568 365.01762288 -6.54375640
-2.03502801 364.15147144 -6.63462631
-2.64649259 363.27541052 -6.70932758
-3.23688656 362.41438436 -6.77581115
-3.80084376 361.57324888 -6.82541559
-4.33901881 360.71885155 -6.84869688
-4.85689299 359.87227677 -6.86279792
-5.36237134 358.98711094 -6.85875930
-5.84171658 358.11935466 -6.83158236
-6.28185978 357.25380094 -6.79806098
-6.69969558 356.36675997 -6.73106555
-7.08565676 355.49816111 -6.66474460
-7.45805724 354.60766983 -6.58077226
-7.79632773 353.74279976 -6.47435228
-8.09076226 352.90842883 -6.35014994
-8.36144493 352.06380028 -6.21491009
-8.60542618 351.21164878 -6.07383910
-8.81751557 350.39554819 -5.91802294
-9.01563617 349.56695396 -5.75419371
-9.19453777 348.77536421 -5.55547707
-9.33480995 347.98752032 -5.33729303
-9.46817771 347.18926759 -5.11867032
-9.58571234 346.40974303 -4.89269098
-9.68613848 345.63518984 -4.65901766
-9.75641594 344.86844266 -4.42353738
-9.81197128 344.07247980 -4.18540273
-9.86699514 343.27802979 -3.93455093
-9.92848602 342.49165067 -3.67267653
-9.99282373 341.71318556 -3.41422401
-10.06291423 340.90093851 -3.15840196
-10.11862321 340.08095519 -2.92922271
-10.18456054 339.26993523 -2.68875787
-10.24858336 338.47461313 -2.47768070
-10.32283398 337.69948196 -2.27648060
-10.41738581 336.89308785 -2.06975680
-10.53066468 336.09113454 -1.91550718
-10.63871260 335.32187763 -1.75499508
-10.75229773 334.54419042 -1.60475337
-10.88862320 333.76725975 -1.46786151
-11.04846692 332.96709990 -1.37587534
-11.22547914 332.16889633 -1.28245680
-11.40799417 331.38080581 -1.18813107
-11.62091987 330.55942310 -1.10161632
-11.83238594 329.76085141 -1.02324533
-12.04782307 328.95491917 -0.95974066
-12.29571367 328.15015434 -0.91825499
-12.56227150 327.32857896 -0.89208136
-12.86496078 326.51205113 -0.85497728
-13.17801627 325.69708525 -0.82692448
-13.49098407 324.89167106 -0.81385646
-13.81635011 324.05074353 -0.82303849
-14.17079140 323.22979160 -0.83696330
-14.53839812 322.43427351 -0.85132430
-14.95098739 321.62071214 -0.87510200
-15.39798237 320.80759655 -0.88618402
-15.86748019 319.96598695 -0.90756206
-16.33352740 319.12878694 -0.92991125
-16.80915160 318.27649483 -0.95850767
-17.29598572 317.43475535 -0.99577777
-17.80907137 316.54953959 -1.03519181
-18.33644054 315.67178786 -1.08962775
-18.89308988 314.79246858 -1.15496362
-19.45784742 313.92702012 -1.21198250
-20.04138725 313.08418319 -1.27272095
-20.65462754 312.19765986 -1.33059012
-21.25853870 311.33732436 -1.38824886
-21.86160496 310.46380077 -1.44079706
-22.47056441 309.59313481 -1.48963505
-23.08733287 308.74742072 -1.55395667
-23.72889630 307.88013550 -1.61795055
-24.38210297 307.00672211 -1.68277604
-25.01423994 306.16562022 -1.74087301
-25.66552697 305.33864489 -1.79682228
-26.29684108 304.52177528 -1.83756433
-26.92796003 303.69151631 -1.90035597
-27.57233773 302.88529719 -1.93999647
-28.20248361 302.09057254 -1.93536720
-28.81947039 301.29569320 -1.95074066
-29.44018852 300.51222466 -1.99585696
-30.07220405 299.74333395 -2.00377895
-30.69134580 298.97019013 -1.99701600
-31.30035202 298.19451636 -1.98830673
-31.89922736 297.43710334 -1.99827066
-32.51127543 296.65444790 -2.02825433
-33.11938165 295.89532551 -2.05867818
-33.70397226 295.15288540 -2.08258694
-34.26897446 294.43599009 -2.10847874
-34.80502527 293.74971966 -2.12524484
-35.33096860 293.09177407 -2.14008867
-35.84289532 292.44334735 -2.16488463
-36.33874802 291.81832807 -2.18403170
-36.80477960 291.20477050 -2.19755487
-37.24556233 290.60894306 -2.20010450
-37.66285480 290.02284213 -2.20033969
-38.05863434 289.46550237 -2.20391016
-38.42366879 288.93689962 -2.20855658
-38.75845792 288.40392827 -2.19287789
-39.07465053 287.90302657 -2.19176628
-39.38519944 287.38542913 -2.19444355
-39.66204579 286.88935093 -2.18587198
-39.93225169 286.40209523 -2.18410071
-40.15718610 285.93503886 -2.17807068
-40.37975702 285.45932015 -2.17267465
-40.57128309 285.01501164 -2.16252682
-40.73419442 284.56433660 -2.13858056
-40.86561360 284.11878924 -2.10890670
-40.97049723 283.65904138 -2.07540230
-41.05460108 283.17615021 -2.04738853
-41.13986125 282.68096443 -2.02181090
-41.19537042 282.19321589 -2.00193167
-41.21950408 281.69952121 -1.95345710
-41.20295432 281.18891146 -1.89611228
-41.18899294 280.65681522 -1.84980306
-41.14063887 280.12573447 -1.80050309
-41.06999062 279.60036241 -1.74886698
-40.95526580 279.08378447 -1.68817565
-40.81743665 278.52776678 -1.60242936
-40.62556199 277.96795613 -1.54900305
-40.39704419 277.40059771 -1.49272164
-40.13618401 276.84828021 -1.42179411
-39.86400721 276.30521970 -1.36969340
-39.53038097 275.78382428 -1.29482154
-39.17293464 275.27876394 -1.22537507
-38.75955425 274.78206534 -1.16176226
-38.31011590 274.31458297 -1.09341505
-37.83938644 273.88636711 -1.03643942
-37.35164209 273.46190893 -0.98329108
-36.81555018 273.04371634 -0.94047498
-36.28089496 272.64699688 -0.91451636
-35.67857667 272.22035534 -0.88098209
-35.06662968 271.78004221 -0.85554339
-34.47286276 271.35468407 -0.81953131
-33.85674531 270.95366615 -0.78892433
-33.23234404 270.52703103 -0.75910870
-32.55814765 270.09256983 -0.74092091
-31.91061953 269.67971227 -0.73359770
-31.26733473 269.26049743 -0.73576842
-30.57662068 268.82958190 -0.71932983
-29.87376565 268.38733353 -0.70316766
-29.16428819 267.96320935 -0.67148113
-28.46740989 267.54746184 -0.65798287
-27.77164868 267.11278885 -0.65695148
-27.08661861 266.67382477 -0.67675152
-26.36003791 266.23435934 -0.67209618
-25.65571163 265.80904660 -0.66347475
-24.94525083 265.39462654 -0.63977265
-24.23199939 264.98796135 -0.63460963
-23.50380315 264.54841560 -0.62663541
-22.76459741 264.10048647 -0.62888776
-22.01948179 263.65066629 -0.61522025
-21.26859961 263.21273928 -0.61835290
-20.50433091 262.76171804 -0.62852391
-19.73536158 262.34761632 -0.63544275
-18.95062182 261.91134233 -0.61982354
-18.16506444 261.46241409 -0.60102362
-17.37650065 261.03392153 -0.59247796
-16.61263217 260.59388155 -0.58891692
-15.78735568 260.16553335 -0.58996520
-15.00035214 259.73917877 -0.59738179
-14.19973845 259.33660726 -0.59773706
-13.39663418 258.95705171 -0.60182165
-12.58809681 258.56871967 -0.62772880
-11.77252904 258.16529350 -0.63115909
-10.96261137 257.80659487 -0.61378204
-10.15677705 257.43724824 -0.60666630
-9.35824561 257.06112677 -0.61119195
-8.55420279 256.69516688 -0.60954391
-7.74626335 256.30952067 -0.60245153
-6.90893066 255.94671103 -0.58813671
-6.09453614 255.56355763 -0.58572993
-5.32089309 255.19981132 -0.59697404
-4.52809451 254.82215250 -0.60794616
-3.71701829 254.43880994 -0.62439253
-2.91600108 254.05684095 -0.64857613
-2.16318973 253.65762922 -0.65791213
-1.42565219 253.30257389 -0.66378602
-0.68735255 252.95226996 -0.66463620
0.05348175 252.61245324 -0.66683483
0.79549227 252.27780662 -0.67631370
1.47376914 251.94208841 -0.67235933
2.12974281 251.61069147 -0.67816063
2.76119975 251.29641795 -0.67973698
3.39459006 250.98767431 -0.68315872
3.96103469 250.71322803 -0.68271151
4.53233537 250.43204407 -0.68082091
5.13052504 250.17559119 -0.69212376
5.64510259 249.90978450 -0.68600998
6.16331409 249.61653694 -0.69962291
6.68400308 249.30276630 -0.70277925
7.23094387 249.00755844 -0.70951661
7.76657827 248.70550081 -0.72131866
8.31592395 248.39056825 -0.72401607
8.82607021 248.09076885 -0.72567905
9.32949783 247.81189264 -0.71883597
9.82705812 247.52081018 -0.70787311
10.35031533 247.23489386 -0.72911253
10.86549860 246.96547583 -0.75535666
11.37989600 246.66299885 -0.77240982
11.87574698 246.38409592 -0.77421380
12.39433541 246.10615807 -0.79356147
12.87956318 245.82667089 -0.81851883
13.38731891 245.56054280 -0.82984367
13.89076277 245.31947561 -0.83467965
14.37134102 245.05433169 -0.83393130
14.85123885 244.81899430 -0.84656220
15.34190115 244.61959125 -0.86384397
15.86445641 244.41988107 -0.87601335
16.39703393 244.26196482 -0.88000024
16.91974805 244.09581021 -0.87802596
17.40251433 243.95832123 -0.87581254
17.89478417 243.87991978 -0.88307454
18.37699315 243.80289311 -0.88355382
18.87173435 243.74532308 -0.88853562
19.34694948 243.70397079 -0.89487130
19.82366474 243.68464045 -0.89873836
20.30046755 243.70170046 -0.90493481
20.79583706 243.73547830 -0.90749217
21.25590405 243.79496848 -0.90538860
21.73551083 243.86191168 -0.89340663
22.21110621 243.95814435 -0.87944338
22.67212857 244.10516245 -0.85705730
23.10776342 244.27138789 -0.84837850
23.56462527 244.44942282 -0.84019613
24.00335788 244.65513931 -0.82947266
24.42756540 244.88906116 -0.81728726
24.84306446 245.17551614 -0.80086969
25.23733011 245.48684148 -0.79376036
25.63968494 245.79745720 -0.78190962
26.02963899 246.12903432 -0.76893164
26.41561706 246.48345034 -0.75698882
26.78341317 246.87572477 -0.74011402
27.13985983 247.23882780 -0.72964538
27.50369202 247.61387517 -0.72820442
27.83844876 247.96135702 -0.73342462
28.20726834 248.32030369 -0.72503986
28.53285820 248.68500891 -0.71543740
28.87500070 249.05681285 -0.71850737
29.20389750 249.43653692 -0.72231471
29.52763979 249.79010203 -0.72990334
29.83906647 250.12939022 -0.73122087
30.18416770 250.46658541 -0.72833387
30.49513157 250.81162621 -0.72861446
30.81001351 251.11550751 -0.72526812
31.14030162 251.41840085 -0.73013901
31.45804042 251.67509309 -0.71837718
31.79047118 251.93422400 -0.71844065
32.13066380 252.20184569 -0.72301483
32.46027739 252.46422793 -0.74322350
32.78565760 252.68342071 -0.77221939
33.15329058 252.87884467 -0.81483839
33.49692740 253.04077993 -0.83692688
33.85867357 253.15078250 -0.83239269
34.21362602 253.25705916 -0.83212964
34.56839468 253.32248120 -0.84753185
34.92635996 253.37452757 -0.86174502
35.25533853 253.38167792 -0.88493407
35.57867410 253.41540420 -0.90425661
35.90949314 253.43798850 -0.93784728
36.27039461 253.41643467 -0.96920406
36.63306491 253.38306541 -1.00274025
37.01712794 253.29742854 -1.02346535
37.38517197 253.20947367 -1.03919327
37.80265826 253.08762208 -1.07287361
38.22019456 252.95559208 -1.10677196
38.67532681 252.80197984 -1.14171298
39.12416218 252.63514105 -1.17132728
39.59455638 252.45759663 -1.21146349
40.05847607 252.27382900 -1.26186451
40.55085887 252.07880422 -1.29898271
41.00559295 251.89017225 -1.32821614
41.49837820 251.65429486 -1.36477336
41.99660607 251.39246625 -1.38868186
42.54680314 251.11871957 -1.40877341
43.10547729 250.83312251 -1.42826478
43.67642538 250.54893226 -1.44836778
44.24166749 250.28693806 -1.47279283
44.75844054 250.02541796 -1.50343508
45.30107325 249.74869688 -1.52673111
45.89267002 249.44689807 -1.55210427
46.49554378 249.13967265 -1.57889758
47.10734846 248.82693332 -1.59156356
47.74151054 248.51595871 -1.60386161
48.37186379 248.19330143 -1.60816298
49.00957806 247.86295567 -1.61694754
49.65686151 247.51349100 -1.62090098
50.31121336 247.16949955 -1.62480924
50.97858229 246.80438722 -1.63174758
51.67022443 246.42453018 -1.62756865
52.35673565 246.04297076 -1.62962829
53.04706330 245.67843381 -1.62939353
53.76930161 245.31308554 -1.61930706
54.45982866 244.95423854 -1.62243466
55.16894458 244.57980466 -1.63298668
55.91389805 244.20887597 -1.63657210
56.64426689 243.82576343 -1.63493956
57.38340859 243.43665734 -1.63474267
58.14489133 243.03459168 -1.62987630
58.88399161 242.63944171 -1.63282715
59.68561378 242.21880190 -1.61640938
60.46685173 241.80114694 -1.61715191
61.25500451 241.38432270 -1.61542740
62.00283830 241.00641247 -1.60654291
62.78872003 240.60461338 -1.60127988
63.57113947 240.21163661 -1.57636036
64.38290909 239.79567298 -1.57346030
65.15095536 239.39695101 -1.56858745
65.95346833 238.98827214 -1.54684140
66.74579761 238.57570882 -1.53121746
67.52766893 238.15116901 -1.52336350
68.33397555 237.71674806 -1.51213195
69.09914815 237.32006294 -1.48938798
69.88093386 236.91932053 -1.46742246
70.63414345 236.54113915 -1.46047898
71.37442573 236.16305847 -1.44857840
72.11882726 235.77408343 -1.43586838
72.85874404 235.37944770 -1.39682242
73.61356297 234.98739961 -1.36181504
74.34050817 234.60247175 -1.32697878
75.05980342 234.22414426 -1.31643710
75.78692194 233.85820813 -1.29728240
76.50078958 233.48500001 -1.28101495
77.20361885 233.10468556 -1.25853869
77.90413254 232.73338009 -1.23533668
78.61033251 232.35449373 -1.21701797
79.33113724 231.95710796 -1.19612945
80.05308923 231.55905570 -1.19596583
80.78003969 231.16019063 -1.20246180
81.52109870 230.74793920 -1.17697254
82.23801204 230.35285648 -1.16120656
82.93495771 229.95531378 -1.15104223
83.62684267 229.58071560 -1.14235644
84.27494448 229.19508844 -1.12678975
84.90881971 228.87046736 -1.11843286
85.54042415 228.52513437 -1.10933057
86.13630859 228.19534111 -1.11139590
86.75261182 227.87176508 -1.10715406
87.38864845 227.52892044 -1.10415507
88.01457671 227.20191661 -1.09553653
88.62732497 226.87816392 -1.08591137
89.19566568 226.54987662 -1.08817015
89.80652737 226.22840928 -1.08160470
90.41434292 225.89848733 -1.08718717
91.00314738 225.58255977 -1.08082905
91.57846104 225.26931755 -1.09735931
92.14246245 224.93991771 -1.08827351
92.70003033 224.62524955 -1.10848265
93.25126486 224.29057416 -1.11475990
93.77962250 223.98796072 -1.12394390
94.30602172 223.69176303 -1.11704386
94.78822774 223.41782592 -1.10436877
95.26458355 223.15298508 -1.10981907
95.70146062 222.90407734 -1.11126872
96.10732752 222.65366987 -1.11598829
96.52122040 222.40115622 -1.11838502
96.92301799 222.16273606 -1.12434976
97.31126159 221.92124281 -1.12182087
97.68940437 221.66964863 -1.12430445
98.02016535 221.44517935 -1.10903488
98.33639514 221.19127986 -1.11010345
98.63765712 220.96672537 -1.10408857
98.91992072 220.72469132 -1.10559807
99.20495969 220.49017312 -1.11969095
99.45439170 220.24981864 -1.13208579
99.69862885 219.99949481 -1.13994307
99.91410838 219.77364182 -1.14049321
100.12170324 219.55519215 -1.13125055
100.30509679 219.34543799 -1.13498190
100.49415302 219.15513922 -1.14530456
100.65061670 218.99489595 -1.15724554
100.79470089 218.82749760 -1.15708686
100.92712008 218.64992335 -1.16614217
101.04284469 218.46760422 -1.17380501
101.18253549 218.30678286 -1.18366166
101.27716338 218.12470919 -1.17077990
101.37281705 217.92494159 -1.16730559
101.46029989 217.71513157 -1.17106536
101.55648075 217.50904175 -1.16649094
101.63934375 217.33459529 -1.17639848
101.77172338 217.14857098 -1.18987511
101.86869101 216.93585574 -1.19671063
101.95885695 216.71895988 -1.20709388
102.07336209 216.48946153 -1.22287452
102.19576510 216.25208910 -1.23069592
102.33696841 215.98554544 -1.23490665
102.44004168 215.67446592 -1.24545995
102.55444991 215.31113049 -1.26689067
102.70363542 214.96529608 -1.26633347
102.83745099 214.58759909 -1.26780037
102.97390559 214.21109605 -1.27805875
103.06264025 213.75564738 -1.30109912
103.15067476 213.27060931 -1.30951542
103.19726311 212.71363608 -1.32362871
103.19911413 212.18288048 -1.33276559
103.16559422 211.63763849 -1.33420156
103.07970280 211.07735069 -1.33027571
102.99335129 210.45990329 -1.31622228
102.87168750 209.85133655 -1.29716871
102.73553640 209.18763353 -1.27287854
102.51610773 208.53875100 -1.24751786
102.26455371 207.86676215 -1.22520111
101.98560700 207.15223881 -1.20130806
101.68043738 206.43809119 -1.16639886
101.33391679 205.69470760 -1.12255063
100.96618837 204.91476205 -1.08271293
100.58588426 204.16746341 -1.05624012
100.17559931 203.39764450 -1.03510822
99.76674834 202.61641239 -1.01704572
99.26670923 201.84282684 -1.00418206
98.75671280 201.01880419 -0.98717403
98.25809622 200.21473702 -0.99038884
97.74632062 199.40821927 -0.98828491
97.22540904 198.59567149 -0.98436203
96.68260462 197.76566522 -0.97571944
96.09554610 196.92182309 -0.96704745
95.49750838 196.05923163 -0.97038249
94.89418675 195.17081611 -0.97621419
94.23894657 194.34663385 -0.96177904
93.58855214 193.47102593 -0.96117931
92.95351220 192.57174824 -0.95558215
92.34435668 191.68051381 -0.94961888
91.64086822 190.76470277 -0.94414345
90.96459506 189.84090006 -0.94100185
90.27859898 188.84280452 -0.94026962
89.58691509 187.82559716 -0.94352832
88.93572636 186.81327913 -0.93469076
88.20677979 185.83079761 -0.92789829
87.51061498 184.81131694 -0.91991625
86.81853278 183.77852699 -0.92552839
86.05781692 182.74410224 -0.91964556
85.31638740 181.69462257 -0.92800725
84.56886702 180.65644914 -0.92001750
83.82304169 179.56331030 -0.91445359
83.09240417 178.47365369 -0.91428297
82.39589734 177.36960436 -0.90587730
81.70392986 176.23157426 -0.89037504
81.06795752 175.08296794 -0.87351585
80.45976068 173.94385458 -0.86662569
79.87499494 172.75071923 -0.86524806
79.31455189 171.54784611 -0.84877913
78.66246721 170.40379177 -0.85285119
77.92987245 169.32851642 -0.85221942
77.24904771 168.22870296 -0.84435652
76.59798945 167.12378974 -0.84063315
75.93632414 166.01964388 -0.82714475
75.19808706 164.96093878 -0.79505683
74.46812370 163.89046739 -0.77143060
73.75068532 162.75795374 -0.74368323
73.03453248 161.62621261 -0.72994864
72.32175019 160.49715424 -0.71598477
71.57435721 159.40009524 -0.70870007
70.83699068 158.31135149 -0.68746085
70.11908246 157.17964423 -0.66000809
69.42898775 156.03574269 -0.64435863
68.79565655 154.88650201 -0.64026605
68.19445201 153.70202140 -0.63323739
67.61924923 152.48762872 -0.62496491
66.97589875 151.33106816 -0.62574720
66.29629877 150.16427629 -0.62578023
65.60628912 149.04449925 -0.61446948
64.87917963 147.94489459 -0.61640976
64.22352436 146.85875167 -0.60757570
63.50584593 145.79480986 -0.59352264
62.70148157 144.78563115 -0.59170762
61.90758840 143.73474077 -0.58941617
61.14943804 142.64691124 -0.61205314
60.45141974 141.55932542 -0.62684373
59.78714687 140.45571831 -0.62169440
59.15434788 139.31840961 -0.62129416
58.59552986 138.15105881 -0.61739212
58.06609225 136.97367887 -0.59863061
57.58210008 135.77242420 -0.60011287
57.05130056 134.62338217 -0.61144314
56.56924748 133.44425035 -0.61270437
56.09392680 132.24108659 -0.61887803
55.55369230 131.09787573 -0.60517595
55.07253862 129.96628478 -0.59686506
54.65709004 128.83080528 -0.56916081
54.26269770 127.67639706 -0.54267722
53.85055786 126.51026202 -0.52919779
53.49891151 125.31761637 -0.51755728
53.15706707 124.06130957 -0.50856225
52.71472607 122.87417325 -0.49588492
52.31629031 121.70742120 -0.48519843
51.98687020 120.55944586 -0.47144364
51.58928426 119.46351065 -0.46265222
51.22826473 118.34683475 -0.43979712
50.87262285 117.24623302 -0.42989745
50.45319902 116.15571980 -0.42451189
50.07954658 115.06581890 -0.41263195
49.74203763 113.94029851 -0.39827283
49.37292189 112.86270755 -0.40102649
49.04322807 111.74948937 -0.40146462
48.69213394 110.69125201 -0.40523399
48.27353740 109.70554454 -0.40003869
47.90443500 108.70202262 -0.39169752
47.56884430 107.70628078 -0.38463375
47.28182914 106.68169653 -0.37838714
47.04274067 105.62999435 -0.37298100
46.86362411 104.58451043 -0.36554053
46.66354524 103.52879196 -0.35404117
46.49120230 102.47761236 -0.33085862
46.36044516 101.43856321 -0.31351347
46.26104781 100.42298654 -0.28841394
46.13595523 99.42760229 -0.26316404
46.02329376 98.45947543 -0.22354268
45.84974431 97.52677580 -0.19530440
45.63983533 96.57932702 -0.18007161
45.45662500 95.66931785 -0.16513867
45.30858269 94.80684677 -0.14250894
45.12382441 94.02197346 -0.12663819
44.87934975 93.25207667 -0.10340240
44.66099678 92.51278767 -0.09192183
44.43686265 91.79278898 -0.07801784
44.17941934 91.08439225 -0.06675543
43.95598198 90.41971909 -0.05740533
43.74220919 89.76792800 -0.04927977
43.52117267 89.11357802 -0.04475605
43.26329433 88.51627825 -0.03988240
43.03039452 87.92665421 -0.03276288
42.83787221 87.33277037 -0.03095072
42.67754076 86.77796794 -0.02424769
42.49729141 86.26777580 -0.02572099
42.32070049 85.75486290 -0.02042530
42.15202775 85.25258971 -0.02933586
42.03818864 84.80045431 -0.01907362
41.93814781 84.36197804 -0.01071554
41.82526578 83.94447829 0.00076626
41.74930673 83.55509994 0.00679235
41.69050587 83.16754626 0.01108165
41.65656724 82.81368745 0.01232042
41.59530224 82.45299999 0.02156005
41.58080604 82.09281781 0.03710560
41.56093489 81.78655890 0.04762656
41.56777875 81.46495233 0.05300893
41.61324434 81.13953304 0.06232784
41.69018655 80.84992996 0.04929494
41.82273590 80.54409436 0.04425354
41.97767835 80.25100059 0.03106971
42.16601137 79.93924550 0.01774805
42.35556795 79.64188713 0.01444891
42.55580562 79.32987271 0.01346362
42.78403709 79.04502351 0.01550798
43.06680201 78.78512328 0.02179134
43.31214494 78.52157732 0.04315456
43.62390636 78.28425211 0.04504950
43.95026958 78.05666856 0.02778412
44.25759105 77.82404043 0.01128275
44.57159658 77.60165823 -0.02213525
44.91442389 77.39686043 -0.03486705
45.30014866 77.20282124 -0.05222012
45.67957112 77.05271555 -0.06778813
46.08569276 76.87193890 -0.09458292
46.52208117 76.69708498 -0.10336135
46.97888440 76.48522500 -0.10833012
47.46916222 76.28291494 -0.10922035
47.95031021 76.11613675 -0.11829170
48.45076244 75.91485707 -0.13377771
48.94897717 75.70769391 -0.15703242
49.49044157 75.47151467 -0.16038571
50.04359367 75.25002503 -0.16819128
50.56717016 75.03820079 -0.19444833
51.11172291 74.79547204 -0.20610690
51.64201470 74.53329948 -0.20524762
52.20249634 74.27673119 -0.21009438
52.77626957 74.00768637 -0.20966711
53.34062394 73.72778064 -0.21856928
53.92651174 73.42132280 -0.22615628
54.51878167 73.11081567 -0.23345087
55.13173029 72.78338436 -0.24092663
55.74603037 72.44152669 -0.23717590
56.36693007 72.09887721 -0.23668303
57.01990120 71.71332657 -0.23811324
57.66588736 71.33876189 -0.23559141
58.33219838 70.94960127 -0.22939901
59.04821724 70.53642732 -0.24558112
59.75443708 70.12471763 -0.24773005
60.47294592 69.72578455 -0.26650515
61.23279111 69.33581478 -0.28337549
61.99363471 68.93589516 -0.29614828
62.77517177 68.57236167 -0.31253173
63.51540371 68.18949526 -0.33274122
64.29846657 67.82240531 -0.33725699
65.08535836 67.42836020 -0.34534705
65.87630976 67.05515253 -0.35029386
66.67595864 66.68281732 -0.34495117
67.50383363 66.31720375 -0.34570486
68.29732394 65.94936784 -0.33391415
69.08749826 65.59299614 -0.33561758
69.82963233 65.23076391 -0.34064505
70.60956141 64.85426816 -0.34803905
71.36338139 64.48374042 -0.33418348
72.11176726 64.11753097 -0.33189686
72.82850568 63.72993637 -0.33193144
73.57819812 63.32836933 -0.34041956
74.32214557 62.91824749 -0.34678128
75.07186507 62.51363053 -0.35522559
75.83381693 62.10473601 -0.37169011
76.56563518 61.67813693 -0.38273040
77.28434375 61.23391627 -0.39260497
78.01537675 60.77279564 -0.41276819
78.72868021 60.30827863 -0.42753619
79.45631384 59.83579921 -0.43423019
80.20216609 59.35538908 -0.44893624
80.96701647 58.88087733 -0.46750240
81.72415552 58.39632115 -0.46843261
82.45951225 57.89882222 -0.47484432
83.18991911 57.41919575 -0.47206635
83.91514611 56.92712342 -0.48033789
84.61529206 56.44609570 -0.47815112
85.33369978 55.95795237 -0.48670394
86.04480923 55.47178802 -0.48794306
86.76763942 54.97900328 -0.49527429
87.48187194 54.47318785 -0.49075151
88.21431771 53.96390346 -0.49129211
88.91929203 53.44965102 -0.48755807
89.66097803 52.91849795 -0.49092914
90.37605110 52.37792876 -0.48744997
91.05813653 51.82956923 -0.48366797
91.73034332 51.24296907 -0.46558885
92.41475655 50.64237140 -0.45221239
93.05072410 50.05346828 -0.44964987
93.64447704 49.46228256 -0.44275306
94.25459824 48.85282787 -0.44130809
94.85109578 48.23793043 -0.43811789
95.43915161 47.58351520 -0.42760190
95.99482745 46.94870895 -0.42226901
96.55708757 46.27327483 -0.43072800
97.11734913 45.59478993 -0.41966701
97.69514833 44.88613386 -0.41589262
98.24042084 44.19233754 -0.42299511
98.77249444 43.49855095 -0.44334290
99.29168004 42.82749588 -0.47714705
99.83942056 42.14834761 -0.50499530
100.39705301 41.44210469 -0.51149839
100.97987062 40.71898148 -0.50393809
101.56191492 40.00106821 -0.50362646
102.13386829 39.29255326 -0.49230408
102.70578654 38.59984453 -0.50277771
103.28350255 37.86005623 -0.50742406
103.86854746 37.10808302 -0.51890354
104.41548043 36.35300241 -0.54172126
105.00343014 35.56008797 -0.55492523
105.57519718 34.72838724 -0.57598392
106.13256151 33.91197827 -0.59252753
106.65157178 33.11383262 -0.60167161
107.16970436 32.30903868 -0.59267573
107.70237121 31.47001792 -0.58782216
108.22588051 30.63024414 -0.57148384
108.74922809 29.79111398 -0.57194822
109.24183781 28.95739146 -0.56492531
109.74156995 28.13876109 -0.55500029
110.25163127 27.30217581 -0.53964317
110.74188447 26.48662148 -0.52137305
111.26057755 25.66575346 -0.50855889
111.76218462 24.83428803 -0.50079196
112.27809408 23.99037252 -0.48804117
112.78129507 23.16774322 -0.48373964
113.27882650 22.32987048 -0.47626199
113.76511424 21.48195928 -0.46090573
114.23282601 20.63807780 -0.45346034
114.68420147 19.79411277 -0.45101265
115.12863811 18.96130272 -0.44736906
115.57721946 18.08388323 -0.45190302
115.98609417 17.23644901 -0.45488693
116.40284772 16.36540784 -0.46210812
116.78523804 15.50717205 -0.45071646
117.16637089 14.63919652 -0.44586389
117.51852029 13.76444340 -0.44449107
117.86982565 12.89130982 -0.44171253
118.20010440 12.00615902 -0.44160974
118.51050984 11.15406138 -0.42987718
118.81145137 10.29272657 -0.41933679
119.10759802 9.43640002 -0.40773669
119.41560400 8.57634710 -0.40238170
119.69392314 7.74494351 -0.40342933
119.97397859 6.94229861 -0.39964866
120.25032932 6.12337646 -0.39823136
120.51228205 5.34842222 -0.39719239
120.77993180 4.61346492 -0.39656199
121.05029591 3.91313909 -0.38682913
121.32563913 3.19329495 -0.37963304
121.58086223 2.52260120 -0.37143253
121.83171864 1.86184108 -0.37096073
122.10943397 1.19994803 -0.35863752
122.36765799 0.57807970 -0.35897722
122.61143804 -0.03757606 -0.35691722
122.85787705 -0.67715696 -0.35654539
123.11202837 -1.30929885 -0.35742962
123.35699781 -1.94941030 -0.35261428
123.59685808 -2.58164326 -0.34936632
123.84200914 -3.21671519 -0.32342570
124.08409609 -3.83130168 -0.32463870
124.32333154 -4.45798657 -0.33713553
124.53886318 -5.08484771 -0.35911163
124.78190182 -5.72366996 -0.36974879
125.01995653 -6.36919241 -0.37901496
125.25920159 -7.03143818 -0.37798684
125.48368169 -7.67764641 -0.39097288
125.71376807 -8.35655359 -0.38888591
125.93302829 -9.04219092 -0.38876578
126.17836291 -9.74594397 -0.37434752
126.42183601 -10.45347887 -0.38066818
126.65890666 -11.14169925 -0.37504052
126.92803008 -11.84238999 -0.38742387
127.20422312 -12.54857573 -0.40155938
127.49844328 -13.25272556 -0.40950825
127.78856114 -13.96896043 -0.41601430
128.11036534 -14.69178002 -0.42701350
128.42122532 -15.42811665 -0.45335427
128.72776158 -16.17422394 -0.47462986
129.05627874 -16.93810910 -0.48497297
129.38502075 -17.71773298 -0.48198174
129.72531893 -18.51692287 -0.46569747
130.07738281 -19.32253405 -0.48676180
130.43091016 -20.13766359 -0.48387359
130.78400535 -20.94566711 -0.48487469
131.15136635 -21.79606906 -0.49409162
131.51193069 -22.64325390 -0.49445837
131.87266687 -23.50622466 -0.48739291
132.24480017 -24.37051956 -0.49383054
132.61656626 -25.24563685 -0.50360169
132.99429352 -26.12152715 -0.51901593
133.36143628 -27.01235609 -0.52503733
133.73745264 -27.89452427 -0.52047712
134.11103475 -28.79820954 -0.51752332
134.48209430 -29.68188637 -0.51817568
134.86068017 -30.56553022 -0.53253084
135.22338525 -31.43283927 -0.54818405
135.59838997 -32.32377931 -0.56851666
135.96832285 -33.21697845 -0.58341221
136.33042264 -34.11687015 -0.58766721
136.69485161 -35.00765967 -0.58559658
137.05532372 -35.89341368 -0.59068974
137.42599951 -36.78412016 -0.60529327
137.78211005 -37.66976887 -0.60323498
138.16724452 -38.54981083 -0.59557121
138.57019538 -39.43446356 -0.60599645
138.96443632 -40.32603437 -0.60440953
139.36479741 -41.21504447 -0.60851257
139.74489547 -42.09414843 -0.62477128
140.12020661 -42.96311783 -0.62811981
140.50449945 -43.82875150 -0.67380137
140.86140106 -44.68096280 -0.68202172
141.22982753 -45.55062451 -0.69804006
141.59672864 -46.41743725 -0.71223850
141.95701774 -47.27982814 -0.71646816
142.32980043 -48.14887643 -0.70793750
142.69061642 -49.01337147 -0.70881793
143.05173719 -49.87501086 -0.69913093
143.41225286 -50.72981713 -0.70473275
143.76550320 -51.56889964 -0.70465085
144.11809365 -52.40253304 -0.71296819
144.46979799 -53.22328907 -0.71611568
144.81613477 -54.03827348 -0.71107131
145.15067032 -54.83851396 -0.70585576
145.46326957 -55.61548528 -0.70843252
145.77253351 -56.38210067 -0.71975105
146.06257842 -57.13535339 -0.72307406
146.34993755 -57.88354957 -0.70376666
146.63956240 -58.61578755 -0.67161903
146.92257681 -59.32646382 -0.65740706
147.19792095 -60.01585093 -0.65310475
147.45082152 -60.66174314 -0.65990844
147.69821244 -61.30283746 -0.65926345
147.92822433 -61.92176916 -0.66306903
148.14899219 -62.52726773 -0.65494916
148.35834676 -63.10175143 -0.63730293
148.56169996 -63.66701422 -0.62330615
148.77583983 -64.21699121 -0.61415265
148.99522320 -64.75459923 -0.60291012
149.22546922 -65.28486125 -0.59623788
149.47680474 -65.79477271 -0.58577200
149.75186614 -66.30064284 -0.58151157
150.03472841 -66.75826502 -0.57190069
150.33929921 -67.22431911 -0.56940631
150.66177722 -67.66977589 -0.55994330
151.00301547 -68.09680570 -0.55673826
151.37170990 -68.52000827 -0.55617121
151.76006498 -68.93571344 -0.55317914
152.17185261 -69.34083020 -0.55043738
152.59950635 -69.71941673 -0.53521209
153.05850684 -70.07868516 -0.52257342
153.53290362 -70.43965055 -0.51984517
154.01333798 -70.77810777 -0.51775402
154.52434730 -71.12139169 -0.51638914
155.06413113 -71.44398544 -0.51934258
155.58970373 -71.76670492 -0.53473271
156.13792262 -72.08679986 -0.54426309
156.67913541 -72.40740299 -0.55329156
157.23857432 -72.73557374 -0.56647936
157.82009284 -73.07357937 -0.57711585
158.38978551 -73.41834748 -0.58293274
158.96504314 -73.77245469 -0.58098997
159.55042609 -74.13269708 -0.59279124
160.11695258 -74.48711813 -0.60225732
160.70796562 -74.85777846 -0.61848405
161.30435036 -75.24575820 -0.62546973
161.90138345 -75.63686784 -0.61345381
162.54531995 -76.04504786 -0.60684476
163.14754075 -76.43912864 -0.59852532
163.74910061 -76.85318263 -0.60642012
164.34329347 -77.27516849 -0.61242314
164.92439928 -77.68064056 -0.60488454
165.54707738 -78.11179117 -0.59885484
166.16383731 -78.53054117 -0.59049623
166.80631270 -78.96041563 -0.59245579
167.40833745 -79.39194126 -0.58528243
168.00904393 -79.82859973 -0.58848102
168.65886716 -80.26712932 -0.58822617
169.31612778 -80.70914351 -0.60521946
169.94879932 -81.16541769 -0.61953906
170.66636360 -81.63880509 -0.64034781
171.30144254 -82.08583836 -0.65390140
171.90767736 -82.50842522 -0.66166261
172.51353578 -82.94084222 -0.66790435
173.13856813 -83.37305156 -0.67821181
173.78825691 -83.83209278 -0.68890139
174.43047962 -84.28883329 -0.68411909
175.04544169 -84.73088290 -0.68276566
175.72891815 -85.20185676 -0.69973939
176.36190210 -85.66096052 -0.70628926
177.02704251 -86.12306038 -0.70896948
177.65835295 -86.58604788 -0.70238780
178.34124876 -87.07002083 -0.69579596
179.03017217 -87.55372597 -0.69295470
179.75030772 -88.05032338 -0.68945723
180.41541682 -88.52781064 -0.67605320
181.09718806 -89.01856502 -0.67327915
181.77017353 -89.50350676 -0.67369575
182.44166705 -89.99736293 -0.67564362
183.11905285 -90.49564874 -0.66993394
183.81848332 -90.98261791 -0.67059854
184.51847778 -91.47580245 -0.66120914
185.22023487 -91.96307855 -0.66407513
185.91923160 -92.44776286 -0.66378171
186.61562589 -92.94363610 -0.66276922
187.30937218 -93.43141760 -0.68186179
188.00985710 -93.91852286 -0.69759253
188.71008802 -94.40733627 -0.68001839
189.40994514 -94.90195093 -0.66006851
190.10310165 -95.37763861 -0.65003409
190.80235701 -95.85855661 -0.65705712
191.48528284 -96.33738929 -0.67489189
192.18166672 -96.82568618 -0.67666201
192.87077617 -97.32579265 -0.66980206
193.58109530 -97.82746180 -0.65781333
194.28869810 -98.33063306 -0.65622647
194.98976945 -98.83665413 -0.65687150
195.68506205 -99.33481714 -0.66354717
196.39524869 -99.85507831 -0.66791240
197.08079325 -100.35063869 -0.66387626
197.78450354 -100.84585905 -0.65720762
198.48161315 -101.34446770 -0.64819232
199.19078009 -101.83252942 -0.64644370
199.90650116 -102.33430258 -0.65219121
200.61578138 -102.82716565 -0.65730987
201.34684605 -103.34450647 -0.65340901
202.10795758 -103.86799523 -0.65996273
202.85646407 -104.39693400 -0.66390311
203.60401407 -104.93180739 -0.64712083
204.35548592 -105.47575872 -0.64921921
205.09637196 -106.00942449 -0.66961141
205.81667849 -106.54401902 -0.66501028
206.56005854 -107.07085352 -0.65514755
207.30530778 -107.59441904 -0.64407514
208.03801998 -108.11465584 -0.64261327
208.78336303 -108.64059990 -0.64909463
209.50482197 -109.15291544 -0.66010624
210.21220449 -109.67652037 -0.66950040
210.94385458 -110.21456025 -0.66221540
211.67257173 -110.73461436 -0.65816231
212.40221411 -111.25867429 -0.64619497
213.12835903 -111.77988716 -0.63299677
213.83572731 -112.29476463 -0.63087662
214.54307404 -112.80928276 -0.63645289
215.25815823 -113.31951402 -0.62383626
215.97662431 -113.83269697 -0.61294511
216.65857883 -114.31657700 -0.59336898
217.34060135 -114.78909057 -0.59240748
218.01437301 -115.26945559 -0.59973873
218.70737670 -115.75954789 -0.58854457
219.40106764 -116.25148156 -0.56758746
220.08239583 -116.72811019 -0.54592822
220.73317371 -117.19961760 -0.54323839
221.40296080 -117.67238302 -0.54144884
222.06072247 -118.12485937 -0.54522399
222.71188534 -118.57194568 -0.53946714
223.35649865 -119.01859719 -0.52942761
223.97975295 -119.45150443 -0.51553118
224.58149860 -119.86831583 -0.50382283
225.17405872 -120.28896069 -0.50194353
225.75684439 -120.68994247 -0.51095876
226.34191909 -121.10520679 -0.51335099
226.91412977 -121.51061696 -0.51228601
227.49453130 -121.91596176 -0.50477227
228.05758179 -122.32895899 -0.49827067
228.61704426 -122.71472456 -0.49425979
229.14944901 -123.10126295 -0.49042421
229.67089797 -123.48282424 -0.49683090
230.18306166 -123.85811112 -0.49162687
230.68962307 -124.23962284 -0.48848972
231.17785901 -124.62862076 -0.48619375
231.65878471 -125.00820297 -0.47614405
232.10702893 -125.38306994 -0.46390578
232.55970232 -125.76132918 -0.45587369
232.98948403 -126.12333148 -0.45662432
233.41455468 -126.49071481 -0.45412266
233.80395226 -126.83450255 -0.44927849
234.18444615 -127.16441064 -0.44686490
234.54239887 -127.48391052 -0.44330883
234.88470769 -127.80767270 -0.44281125
235.20081212 -128.10956869 -0.44060235
235.50714967 -128.39071615 -0.43083549
235.77939484 -128.65056843 -0.42071898
236.04980777 -128.89645462 -0.41894974
236.29345384 -129.11236841 -0.42179177
236.53405982 -129.33491800 -0.41480474
236.77967711 -129.54999334 -0.41777879
236.98670744 -129.73177732 -0.41259033
237.19123731 -129.90466536 -0.41633221
237.38936401 -130.07353637 -0.40934609
237.59772631 -130.25057312 -0.41495482
237.80736135 -130.39181551 -0.41645519
238.01067981 -130.53414401 -0.41473401
238.19919085 -130.65888029 -0.40932015
238.40058881 -130.77048933 -0.41754895
238.60256651 -130.88788988 -0.41150017
238.81270954 -130.98488839 -0.40773993
239.01870654 -131.07362134 -0.40135264
239.22756387 -131.15484750 -0.40448883
239.45801632 -131.23442633 -0.41315759
239.68554302 -131.29670885 -0.41519363
239.94270008 -131.35497848 -0.42263757
240.20469073 -131.40309801 -0.43555204
240.46516595 -131.44720634 -0.43882325
240.75912334 -131.46483087 -0.44327328
241.06043039 -131.45569024 -0.43563863
241.35269887 -131.40761016 -0.43972612
241.66297101 -131.32466871 -0.43542083
241.99293368 -131.24815305 -0.45128421
242.33583766 -131.13812631 -0.46205111
242.67505643 -131.03221385 -0.46388088
243.01681763 -130.88698878 -0.46545829
243.34592384 -130.72442022 -0.45099172
243.68897582 -130.51704427 -0.45079074
244.03094070 -130.30608973 -0.45532886
244.38329250 -130.06645862 -0.45137541
244.76328688 -129.78630325 -0.46063992
245.13410552 -129.49561361 -0.46415521
245.52479874 -129.16779169 -0.47677861
245.93817343 -128.83461936 -0.48243513
246.35835369 -128.44734443 -0.48158595
246.75807093 -128.06287718 -0.47494912
247.17817643 -127.65646704 -0.48735322
247.61346301 -127.20723845 -0.50999880
248.03156600 -126.74170316 -0.49945812
248.41253548 -126.25429019 -0.48890158
248.82113250 -125.73762391 -0.50795536
249.21932072 -125.19895232 -0.52369356
249.64650452 -124.60785031 -0.53160627
250.06871580 -123.99433236 -0.50447564
250.49874246 -123.36940633 -0.47589300
250.91962852 -122.73268360 -0.44947700
251.32691732 -122.06671737 -0.44973282
251.72289543 -121.39695063 -0.44922702
252.14977053 -120.68909291 -0.44444317
252.59769766 -119.98924160 -0.45553454
253.06249766 -119.24382882 -0.46108080
253.57629618 -118.46552659 -0.47087962
254.08016923 -117.65725686 -0.49761452
254.57628370 -116.83567612 -0.51945977
255.12218927 -116.04255731 -0.52896579
255.63843445 -115.28551851 -0.53428665
256.17041895 -114.47703558 -0.55454201
256.68878921 -113.68745005 -0.58456625
257.22335146 -112.93422644 -0.57579861
257.73881216 -112.13926866 -0.59296397
258.28863082 -111.30888217 -0.61602697
258.86133548 -110.45007376 -0.61749167
259.43486107 -109.59741582 -0.62573360
259.99070348 -108.74818944 -0.64135537
260.56614187 -107.87176964 -0.65174260
261.15137967 -106.99659035 -0.69823977
261.72026283 -106.14045666 -0.72216809
262.29907524 -105.26499794 -0.73503190
262.83641829 -104.40297553 -0.71434902
263.38373797 -103.51595829 -0.72532299
264.03381652 -102.76798972 -0.66449999
264.60664931 -101.86858649 -0.69847590
265.17084059 -101.01102477 -0.72598615
265.73278578 -100.14966524 -0.75304225
266.37932052 -99.42038932 -0.78606559
266.95674422 -98.53176689 -0.83966795
267.55768880 -97.71893454 -0.89499680
267.96299855 -96.75902427 -0.85757165
268.43147733 -96.01542652 -0.83348482
268.95639930 -95.19454462 -0.83667022
269.49044567 -94.27591400 -0.80393510
270.06068283 -93.47865006 -0.84023437
270.68999667 -92.32266458 -0.84752961
271.16448544 -91.56806014 -0.87198136
271.83894029 -90.89399747 -0.90342733
272.34970406 -90.06067869 -0.88139021
273.16794077 -88.90247919 -0.90515826
273.99202514 -87.85954413 -0.90126042
274.37318555 -87.21223939 -0.89673580
274.89555730 -86.69217797 -0.91491079
275.58280890 -86.21098759 -0.84614780
276.03931759 -85.68132153 -0.86886592
276.35751537 -84.88551734 -0.81269589
276.84548785 -83.97036693 -0.87157600
277.25530529 -83.16104246 -0.88285251
277.69458729 -82.18822351 -0.78842306
278.19444772 -81.10336322 -0.78571902
278.78473054 -80.32889703 -0.76556378
279.39123809 -79.46188297 -0.75127669
279.83698093 -78.66719379 -0.72134867
280.41652980 -77.77323438 -0.77361312
280.82843641 -77.02996933 -0.76047782
280.99109591 -76.54828283 -0.66217732
281.81040687 -76.01210537 -0.64852506
282.42007960 -75.24424023 -0.75577316
282.97949608 -74.57904986 -0.82907681
283.36602129 -73.92041106 -0.87826210
283.75573173 -73.17650648 -0.85848322
284.10030700 -72.50526289 -0.96473698
284.73465884 -71.82728741 -0.97240972
285.43441367 -70.95815395 -0.94977949
285.82844049 -70.00563943 -0.98356567
286.51213976 -69.19777177 -1.05069496
287.05375687 -68.39641306 -1.06801159
288.31989720 -67.32131617 -0.88521524
288.98489736 -66.47883559 -0.85622055
289.74887016 -65.67553096 -0.81580606
290.41838655 -64.90784267 -0.78849337
291.05960495 -64.23162638 -0.78696287
291.53615184 -63.67983269 -0.78878346
292.22318332 -62.68843694 -0.75589280
293.00279174 -61.79264787 -0.76019824
293.53729647 -60.68420388 -0.70386644
294.20432168 -59.71949251 -0.68961255
294.91041755 -58.89954241 -0.64351029
295.23985332 -58.50319649 -0.59430384
296.02849522 -57.28067322 -0.55711437
296.70267724 -56.37172811 -0.44620726
297.84367530 -55.35590310 -0.37327041
298.01300565 -55.13567126 -0.37977252
298.30016013 -54.92155896 -0.27579818
298.79281180 -54.30103858 -0.20838792
299.16412833 -53.79517342 -0.15337785
299.84133123 -53.21361318 -0.05609030
300.64391109 -52.68160048 0.02981233
301.01884476 -51.78725664 0.14082896
301.63451376 -50.96010472 0.25760084
302.39876725 -50.04123961 0.40742896
303.37873069 -49.12761486 0.60434472
304.01755443 -48.31371661 0.70807716
304.79903051 -47.45173034 0.86211195
305.66319519 -47.05483252 1.00668994
306.47661815 -46.39557154 1.19027912
307.34810727 -45.37724869 1.39014041
308.20663425 -44.41594155 1.72130084
309.28973770 -43.61283476 1.93176767
310.08318871 -42.83989606 2.12767286
310.74195173 -42.10851568 2.37440350
310.80161819 -41.77745680 2.44970225
311.49138888 -41.33949769 2.64770317
312.08802984 -40.88030043 2.83987957
312.81139169 -40.54142655 3.03939239
313.76400744 -39.81154919 3.33441632
314.40700822 -39.24453166 3.57349616
315.30423363 -38.37260304 3.87554506
315.85922173 -38.10973313 4.01814374
316.62069064 -37.22893268 4.33334867
316.86639919 -37.19065055 4.38634978
317.12129816 -37.31263325 4.50094862
317.85960586 -36.86839553 4.73330156
318.29580643 -36.65025941 4.96694302
318.62746349 -36.66918840 5.05329958
319.41355720 -36.12647391 5.33839460
319.52245443 -35.77619364 5.56639517
320.14329523 -35.63770349 5.74087615
320.88468561 -34.91173869 6.06742880
321.38831766 -34.64138677 6.23445259
322.24996246 -34.10957341 6.56933697
322.51355534 -34.09815476 6.64473780
322.80904636 -34.28012855 6.73277606
323.44656669 -34.07807935 6.92720178
323.61636637 -33.97398962 7.03199146
324.06716600 -33.35848327 7.32118447
324.21651986 -33.36074515 7.41028398
324.52860174 -33.17928642 7.55540571
324.73753029 -32.69073412 7.68997246
325.12912410 -32.34936488 7.87364893
325.31404990 -31.96807631 7.99469386
325.52214782 -31.34191448 8.19633230
325.83685674 -30.87768787 8.31607383
326.12198745 -30.36869102 8.48702416
326.30334638 -30.02399705 8.57703095
326.50941788 -29.56644036 8.68827022
326.63001921 -29.15142744 8.77458511
326.90812213 -28.34809889 8.93226592
327.08175376 -27.77135888 9.01728771
327.09162054 -27.78885715 8.88252340
327.18938094 -27.47333527 8.85251723
327.31863471 -26.67922561 8.98239440
327.46681434 -25.99433599 9.06615549
327.75486740 -25.52842507 9.20549006
327.62520147 -25.42806624 9.08848886
327.72328498 -24.72578741 9.19963183
327.36837050 -24.03512807 9.24482364
327.57032178 -23.27967651 9.48924709
327.59162986 -22.45901786 9.62659192
327.68350626 -21.93991034 9.72120971
327.54017293 -21.35815895 9.75051245
327.31444519 -20.80034465 9.70900843
326.92169651 -19.78784771 9.70384961
326.60116292 -18.86109287 9.83348463
326.43142658 -18.57746147 9.76716076
326.25105983 -18.05389541 9.75926640
325.71265379 -17.10255626 9.75067191
325.35130776 -16.34167300 9.76821876
324.89186109 -15.58807838 9.75069249
324.48648249 -14.87381532 9.74088383
324.08473024 -13.93014225 9.88219593
323.71705081 -13.04950538 9.93303219
323.56681080 -12.63156165 9.87207846
322.83829150 -11.48320258 9.88769785
322.50656080 -10.66805174 9.96763653
322.17278008 -9.96993139 10.03485563
321.58219278 -8.99124124 10.18353291
321.18881897 -8.13925514 10.27971391
320.62429503 -7.49435778 10.35275813
320.22834213 -6.82509398 10.41579536
319.58098563 -5.58630555 10.56916489
319.38852249 -5.15596509 10.56939767
318.74631906 -4.05167083 10.64941897
318.21332338 -3.24618213 10.71565508
318.09278698 -3.05037053 10.64884817
317.66942442 -2.22327796 10.75326238
317.18360041 -1.10729358 11.01216883
316.65032125 -0.31024625 11.16127466
316.10176736 0.89837836 11.48289603
315.84278251 1.50631315 11.69199587
315.50553627 2.04201909 11.85508258
314.98345418 2.94093251 11.99880496
314.31612445 4.07939625 12.28010066
314.05446343 5.06156657 12.61824546
313.42943506 5.81771280 12.67426330
313.14292801 6.56882199 12.91087634
312.82601530 7.39624710 13.12856430
312.37167729 8.59400649 13.47825576
311.95131353 9.48227119 13.66569948
311.27127219 11.04279669 14.07944290
310.95961962 11.77807512 14.24264090
310.56827249 12.58201206 14.37464451
310.23764686 13.33862869 14.63235015
309.89947306 14.47909627 14.97574128
309.56956734 15.11810502 15.01383709
309.11994400 16.02142799 15.04092382
308.50969962 17.33649869 15.21238266
307.80178238 18.48310635 15.17074393
307.43785526 19.11564342 15.47288345
306.87364177 20.28641284 15.47593268
306.25813143 21.45136146 15.63567982
305.78969608 22.39570490 15.76526425
305.27821591 23.41602946 15.86813244
304.69787633 24.48467623 15.87106062
304.23178620 25.07272337 15.79886486
303.43001104 26.32965889 15.80804012
302.83997891 27.33771950 15.71631921
302.16659060 28.51194018 15.84724652
301.58274644 29.50167231 16.05474673
300.59361300 30.52723661 16.13513835
299.66396657 32.01794847 16.45825070
298.75389575 33.19893593 16.67247512
298.21100944 34.19233942 17.03061015
297.20371582 35.31631736 17.09286157
296.24912656 36.47713273 17.16101750
295.24842449 37.82412395 17.28180330
294.32260042 38.94599471 17.36142688
293.52266977 40.04057018 17.37093273
292.71672124 41.36811061 17.56858510
291.96592557 42.59481679 17.75560107
291.46026368 43.34690771 17.92992683
290.77356669 44.30294345 18.01291601
289.92229879 45.63019143 18.02027784
289.13750568 46.91927301 18.02270804
288.37701968 48.06980574 17.96375721
287.76212147 49.37181819 18.06635109
287.13641126 50.50795479 18.08074320
286.50785860 51.74018758 17.93114631
285.80508465 52.96934644 17.84045623
285.10462409 54.01160067 17.71063187
284.62206803 54.90848074 17.58251773
284.01675936 56.00756083 17.36974073
283.45934634 57.11016639 17.28479209
282.88304126 58.17150013 17.22348947
282.36222126 59.15355219 17.03727798
281.94962008 60.12912356 16.94576929
281.80991001 60.64617483 16.99722153
281.56170579 61.43944466 16.92264972
281.11907133 62.52480523 16.72142432
280.73256178 63.27327465 16.50655283
280.73150569 63.37315106 16.60606240
280.42797978 64.46262161 16.39246912
280.24319072 65.25893165 16.25203606
280.12789597 66.00417637 16.13301510
279.86600566 67.19975745 16.06322559
279.64354088 67.94295844 15.87422118
279.46107020 68.53224468 15.68008005
279.61571241 68.33112961 15.59801069
279.54072812 69.15261561 15.51220745
279.43746237 69.99032744 15.38990634
279.42639781 70.55112298 15.27608582
279.25028336 71.38915710 15.01512559
279.42802107 71.49787021 14.94640730
279.37523589 72.10756642 14.73448022
279.30803556 72.74784648 14.61223019
279.31360285 73.12965741 14.50095948
279.19040143 73.60620391 14.38445972
279.21576228 73.87138452 14.37477256
279.12073456 74.52736044 14.29772367
279.19250424 74.61004074 14.36751640
279.01521523 75.12816789 14.23223462
278.86057173 75.59059817 14.21305405
278.59935531 75.90050908 14.20879913
278.55676851 75.87952739 14.30577729
278.32689217 76.11218791 14.27993091
278.08706647 76.69904612 14.29886879
277.83495813 77.28851319 14.38570941
277.62960153 77.77729666 14.50643461
277.45287699 77.97468930 14.63216137
277.24032236 78.22928977 14.67276003
277.07891906 78.78095310 14.95249297
276.74193324 79.05730218 14.86601534
276.71252312 79.22246378 15.06013207
276.63879007 79.51763166 15.21455979
276.47414180 79.77525404 15.21807806
276.40438244 80.36200844 15.47503908
276.06699018 80.82067130 15.41047424
275.81946797 81.16262541 15.39454749
275.76187474 81.66975367 15.74688098
275.64587490 82.07725112 15.94982661
275.31960060 82.50591049 15.80608045
275.10366422 82.91297213 15.81264217
274.95516908 83.46950504 16.10309867
274.76982650 84.07504431 16.31221879
274.39467232 84.68143818 16.23345139
274.30410478 85.29258479 16.69882486
274.12438593 85.81307443 16.80058568
273.72508248 86.28602074 16.63856929
273.52738820 86.78848331 16.80849399
273.28954812 87.25720541 16.87345952
272.87561554 87.84080399 16.72003692
272.68581662 88.16037913 16.68381047
272.48468878 88.47857514 16.73243464
272.26253333 89.03789978 16.99135939
271.97836710 89.56541360 17.07962706
271.70384737 89.93289068 17.01450970
271.12300494 90.83109696 16.95290122
270.75284777 91.30444147 16.94612014
270.07833291 92.15458089 16.81898290
269.79332251 92.55478325 16.85404331
269.49618800 92.92156429 16.80019590
268.78523644 93.81913288 16.57215302
268.59686303 94.06427243 16.61126858
267.99574457 94.80086105 16.35519424
267.66580723 95.37542247 16.44721205
267.30365137 95.93379421 16.36772275
266.89610504 96.39637840 16.29740674
266.15583349 97.36479985 16.22946328
265.38188009 98.10606069 15.89082094
264.79478079 98.75425735 15.68464319
264.23349276 99.39781253 15.49682998
263.76738533 99.92748415 15.33991164
262.93632544 100.96321754 15.10894878
262.25084477 101.74275695 14.85496283
261.35675837 102.59844685 14.67770009
260.73701247 103.29143340 14.47013743
260.01740420 103.98175488 14.12097314
259.39802787 104.56203914 13.78157778
259.22233867 104.59011428 13.61878960
259.13056503 104.58159389 13.48868234
258.28064119 105.49496358 13.19993874
257.56329975 106.28931955 12.88350902
257.27399499 106.51904994 12.75022484
256.56058108 107.34735275 12.48222360
256.08881453 107.78675912 12.09172838
256.02439833 107.92073397 12.16812260
255.42754186 108.49764897 11.88005179
254.99390792 108.88587941 11.52116862
254.31921071 109.39169929 11.19756790
253.69954068 110.05366843 11.21170063
252.89481054 110.66951227 10.78347421
252.57366126 110.96202780 10.63741851
252.11918294 111.40590482 10.44395084
251.76948414 111.65637129 10.38356900
251.08740458 112.34094909 10.02849902
250.90402538 112.56857855 9.87369224
250.24931369 113.18456711 9.46925017
250.12115393 113.35917880 9.34928110
249.91184733 113.62577649 9.14657844
249.78046067 113.67121272 8.92805055
249.26775806 114.20276150 8.64486405
248.86358710 114.57600647 8.43733413
248.39512943 115.00358483 8.18023045
248.17320397 115.16543984 7.99138595
247.91586699 115.32367583 7.75526390
247.37706318 115.75689582 7.35227176
247.05880204 116.06072952 7.12485086
246.74112906 116.28879423 6.88175910
246.31945505 116.72093101 6.59139271
246.19054690 116.81153536 6.39802596
245.88140914 117.13884054 6.10752141
245.60079211 117.41940359 5.85587592
245.59432498 117.46850884 5.63803336
245.51422613 117.52278298 5.37328206
245.27336777 117.75696665 5.10217528
245.28966925 117.69382765 4.91456172
245.20068113 117.75941472 4.63527364
244.82086564 117.99525572 4.18923984
244.47485035 118.26096974 3.76483789
244.21904299 118.38690881 3.40421957
244.16602025 118.47408574 3.19959703
244.04311081 118.63257495 2.99457917
243.84829378 118.80753693 2.66755482
243.62943356 119.02848608 2.33938448
243.38298967 119.25490870 2.02138534
243.08745709 119.51862965 1.69892774
242.81062893 119.78781030 1.38554866
242.50984624 120.07467573 1.08080594
242.19564361 120.38496338 0.78699260
241.86549020 120.71129974 0.51553262
241.50452570 121.05781259 0.26004764
241.12546462 121.39903459 -0.01323795
240.75085168 121.75400557 -0.25556743
240.34108903 122.15122941 -0.48633911
239.93689974 122.53694553 -0.71639994
239.48746403 122.97742448 -0.90823348
239.01588024 123.40126569 -1.07208546
238.52668136 123.84228817 -1.22317785
238.00886512 124.31964665 -1.37444473
237.47339146 124.86584373 -1.54009741
236.93733683 125.39331512 -1.68537110
236.36272534 125.98220735 -1.79964331
235.77986944 126.56292378 -1.87115257
235.17719982 127.11979427 -1.93663834
234.54147311 127.71994811 -1.97654651
233.86727964 128.27637358 -1.99317360
233.15109039 128.84090465 -1.97846885
232.41751088 129.40100606 -1.96710031
231.66022528 129.97596089 -1.93284298
230.89919866 130.53894316 -1.87396214
230.06653464 131.13581576 -1.85754062
229.21827649 131.72084510 -1.79638008
228.34804766 132.28417178 -1.72946808
227.46587184 132.81076128 -1.63499272
226.58238192 133.30765188 -1.53947725
225.67816522 133.81864800 -1.41032924
224.77149255 134.32982981 -1.28560905
223.86606344 134.80099054 -1.15372694
222.95608127 135.32316594 -1.03597645
222.09079013 135.81835746 -0.90307094
221.13510535 136.28544436 -0.79310660
220.20909296 136.72638187 -0.65501304
219.27921647 137.15445343 -0.53271171
218.33558579 137.57202041 -0.41221821
217.38397122 137.98112745 -0.30409910
216.46063102 138.35901405 -0.19026595
215.49579661 138.73210239 -0.08427775
214.55833118 139.07404682 0.04095688
213.61388901 139.41358503 0.14915774
212.66662615 139.73981787 0.26087432
211.69197489 140.06508813 0.36870398
210.72440181 140.37857139 0.46492444
209.75798430 140.67600431 0.51629081
208.77887898 140.97180036 0.58682575
207.79535513 141.26655827 0.63539671
206.82272938 141.53541642 0.68535657
205.85978547 141.80499659 0.71970631
204.89563696 142.07628073 0.75897377
203.92266357 142.35616298 0.77620538
202.96291458 142.63868950 0.77038682
201.97909823 142.91583449 0.76432702
201.02020866 143.16763623 0.75153776
200.09539056 143.40435227 0.72700301
199.15510561 143.64574798 0.69675163
198.23500601 143.88763960 0.66714189
197.35724908 144.10883395 0.62999946
196.47665528 144.34667041 0.59330264
195.63134201 144.57800041 0.54998059
194.78629644 144.80245745 0.51229940
193.93156067 145.02229861 0.46377683
193.11459125 145.22809587 0.41665225
192.32635975 145.42726430 0.37674515
191.59044474 145.62212384 0.31641575
190.86205843 145.81957097 0.27108107
190.15217037 146.01062585 0.21822776
189.44157275 146.21296269 0.16523724
188.76604967 146.42705834 0.10562161
188.12423642 146.64010120 0.05226429
187.48120845 146.87086227 0.00269006
186.87648594 147.11906596 -0.05118388
186.27234151 147.36550705 -0.10358134
185.66829452 147.62339577 -0.14762150
185.08370770 147.87628350 -0.18689200
184.50220663 148.16272075 -0.22333645
183.94407759 148.46561630 -0.24226741
183.41119142 148.79472651 -0.27173523
182.89869524 149.13825903 -0.29906317
182.38199530 149.50105761 -0.31247061
181.93387149 149.87956271 -0.31118261
181.49119937 150.28755042 -0.30998137
181.07489951 150.73118102 -0.29978010
180.69627212 151.18937470 -0.28421717
180.33987722 151.66299592 -0.26051930
180.00799188 152.15365726 -0.24350591
179.70370528 152.66909506 -0.21460971
179.44507418 153.17586743 -0.18162310
179.22593981 153.70299902 -0.14709784
179.03897491 154.22957154 -0.12068291
178.88876398 154.77618309 -0.10720215
178.78547098 155.35920068 -0.07889593
178.71355638 155.97866547 -0.02880985
178.67160644 156.62920315 0.02574871
178.65761362 157.25686977 0.06938536
178.68278451 157.89387423 0.10579066
178.73458636 158.53458644 0.14474463
178.81541271 159.20018115 0.18917408
178.92790407 159.88764365 0.22569689
179.10508062 160.57542304 0.26642834
179.28744535 161.25357608 0.30726926
179.50231321 161.93385408 0.34233817
179.74296929 162.63842291 0.39120376
180.00630886 163.34381863 0.43995127
180.27572243 164.05077202 0.48056745
180.56325533 164.77036731 0.50548193
180.87430393 165.45763729 0.51592299
181.18221627 166.15175231 0.52370714
181.48352760 166.82629737 0.52919792
181.80942922 167.52290576 0.54146874
182.14990446 168.20257478 0.54398321
182.47560379 168.93407139 0.55601983
182.83175971 169.68600825 0.55816696
183.20697071 170.40230536 0.56707988
183.55068530 171.10236960 0.56128661
183.90633473 171.82990117 0.55350333
184.29171287 172.58700350 0.57057083
184.65810976 173.34186569 0.58671844
185.04056580 174.10587749 0.60566143
185.42529745 174.91966804 0.61937274
185.80218651 175.70159983 0.63675051
186.18851756 176.51239242 0.63955981
186.57040310 177.27603852 0.63260213
186.93461659 178.06377882 0.62437849
187.33557480 178.85667821 0.60622223
187.72855494 179.65840917 0.58329304
188.11574451 180.48493914 0.56640765
188.50743973 181.31373052 0.56619775
188.91310584 182.15996688 0.58052499
189.32039595 183.02145968 0.59081515
189.75134038 183.90304447 0.58702087
190.19436787 184.78003315 0.58638563
190.62929700 185.63959157 0.58501466
191.07307962 186.53514366 0.58776258
191.50316577 187.42899268 0.57318118
191.94047747 188.36339902 0.56014297
192.37959112 189.30451210 0.57517847
192.82193711 190.25881953 0.59512509
193.25870136 191.22813313 0.60209523
193.66879077 192.18625177 0.58425999
194.09279931 193.14721421 0.57274754
194.53385762 194.11260089 0.56371384
194.97840221 195.07655907 0.56565252
195.42262152 196.05126353 0.56246461
195.87074315 197.03871580 0.55837681
196.32240757 198.02818636 0.55257801
196.76836226 198.99844173 0.54283608
197.23084341 199.98006631 0.52552658
197.69262491 200.96007247 0.50893829
198.15991326 201.92977441 0.48898463
198.62386500 202.87903681 0.48056085
199.10034866 203.84942454 0.48076111
199.55764866 204.79799466 0.47550334
200.01934779 205.77181051 0.47329900
200.47713938 206.73279198 0.47455485
200.92708245 207.71336213 0.48078696
201.37404474 208.67750308 0.47952565
201.81839784 209.63673574 0.46363146
202.25215520 210.58648336 0.44611539
202.69994319 211.53629161 0.44143468
203.14576919 212.45826673 0.44080027
203.59658877 213.40230766 0.44034952
204.05121196 214.34181135 0.43704472
204.51184358 215.31847463 0.42812752
204.97568657 216.27944019 0.41734539
205.43686604 217.24850754 0.40944987
205.89566125 218.20091313 0.40071338
206.35299466 219.15009320 0.40751626
206.80888069 220.07806746 0.40750948
207.25909065 221.02452709 0.40368641
207.72821579 221.94634811 0.39344758
208.18063912 222.84436576 0.38197319
208.62252409 223.73535031 0.37527744
209.05579428 224.66344996 0.36919714
209.51436085 225.55762797 0.36077692
209.96521141 226.48020178 0.36247717
210.41941145 227.42582331 0.35072420
210.85779370 228.35823464 0.33272495
211.28756640 229.27289158 0.31475532
211.72726063 230.21183297 0.29370880
212.16047576 231.13149759 0.27041168
212.59032703 232.03420026 0.25391469
213.01600257 232.94161654 0.25387294
213.42783295 233.84174873 0.24078477
213.85718909 234.76951148 0.22115945
214.27193353 235.68238799 0.21738746
214.67923394 236.60358439 0.22105521
215.08312248 237.52219295 0.23105578
215.47382410 238.42819177 0.22842474
215.86527994 239.34096779 0.21672148
216.23763662 240.24710896 0.21298157
216.60867886 241.16104494 0.21631156
216.98147328 242.07592508 0.19758339
217.36619298 242.99569337 0.19304769
217.75388440 243.91233602 0.17830518
218.13811066 244.81075226 0.17551482
218.53706663 245.73222186 0.16761873
218.94589141 246.65456132 0.17119325
219.36160980 247.56942131 0.16848602
219.77262445 248.51134513 0.16409816
220.21127735 249.46233627 0.15403162
220.63304827 250.38276396 0.13345929
221.06248388 251.30754695 0.10592340
221.51089866 252.24928636 0.08017069
221.95734026 253.16102127 0.05793541
222.41343502 254.10532572 0.05979428
222.86458542 255.00155680 0.06116772
223.30140098 255.85534923 0.06291534
223.74256670 256.74103287 0.05642163
224.19820801 257.63642382 0.05999140
224.65136821 258.52741490 0.06068319
225.11274980 259.43432367 0.05262556
225.57897455 260.33656675 0.04431506
226.04945153 261.21190716 0.05580740
226.52381400 262.11591240 0.05412540
226.99682614 262.99758077 0.04315251
227.45145435 263.86730937 0.02149517
227.92271154 264.75013021 0.01061857
228.38591825 265.62255230 0.00671491
228.85194488 266.49462636 0.00887490
229.31490414 267.34670588 0.01042471
229.78545960 268.22790753 -0.00350441
230.24901039 269.09585370 -0.02001864
230.71220358 269.97045959 -0.01919075
231.16342622 270.81819596 -0.03014511
231.61552787 271.64016522 -0.04863636
232.06729636 272.48272388 -0.06147365
232.49377942 273.28037078 -0.06679047
232.92871319 274.08901335 -0.07871141
233.35367895 274.87685851 -0.09001671
233.76717906 275.66248908 -0.09301401
234.18754880 276.42910474 -0.09418903
234.60190793 277.17707755 -0.10910795
235.00983380 277.91428887 -0.11935304
235.42328737 278.63237308 -0.12479715
235.84090982 279.35608796 -0.11570106
236.24864042 280.03058744 -0.11406442
236.64030654 280.69722483 -0.10817506
237.02236769 281.34087010 -0.11876713
237.39515118 281.94588511 -0.13710733
237.76377247 282.56422016 -0.15334465
238.12737722 283.15439007 -0.16134139
238.48483867 283.74031729 -0.16440653
238.84053864 284.32891678 -0.17060807
239.19923621 284.91870609 -0.18228860
239.55742625 285.50147488 -0.18873893
239.90713335 286.07445447 -0.17360385
240.26324287 286.65314310 -0.16359200
240.59606249 287.21926384 -0.15829300
240.92064998 287.78875442 -0.16401430
241.24088861 288.36459689 -0.17124864
241.56143122 288.94752097 -0.17862156
241.86319756 289.51462693 -0.17635389
242.15202564 290.10337392 -0.17763953
242.42853837 290.71567110 -0.16882640
242.73154931 291.34314775 -0.17210711
243.01903672 291.96848370 -0.17351546
243.30811103 292.62876814 -0.17854446
243.57682340 293.29743877 -0.17961039
243.85896044 293.99210113 -0.18673402
244.14490827 294.70279364 -0.19149294
244.43183924 295.41648113 -0.17943772
244.73534220 296.16079825 -0.16621256
245.04440545 296.89775723 -0.16920389
245.37415443 297.63596345 -0.17647388
245.70932437 298.40498360 -0.18027561
246.04035217 299.20319411 -0.19499225
246.40078073 300.00502279 -0.19367849
246.76528276 300.78621281 -0.17993336
247.16683458 301.59978825 -0.17442521
247.58507664 302.40058417 -0.18019340
248.01656845 303.23023309 -0.19100497
248.45858175 304.05811121 -0.19717918
248.91206145 304.89172231 -0.18616150
249.37797290 305.74763071 -0.16387166
249.85977123 306.59759892 -0.14616679
250.34134484 307.44693903 -0.12872573
250.83570283 308.30807353 -0.12065945
251.33606823 309.18281076 -0.11656942
251.85335467 310.07117957 -0.11472145
252.37545708 310.96980962 -0.10563402
252.89809822 311.87945396 -0.10093319
253.42591319 312.79894735 -0.09982714
253.96161310 313.75172955 -0.11392907
254.47258575 314.64847690 -0.10935714
255.01047846 315.60258719 -0.10875587
255.53132116 316.52711704 -0.10313336
256.03783554 317.45900033 -0.10462644
256.55569624 318.38433399 -0.09060481
257.05682157 319.32898716 -0.06889960
257.55051400 320.26497396 -0.05984864
258.04746180 321.21794816 -0.05320472
258.55170484 322.17383084 -0.05621933
259.04594650 323.12873508 -0.06517936
259.53489146 324.07697300 -0.06941990
260.01897954 325.01152342 -0.06577737
260.49123948 325.94571430 -0.07062796
260.97607482 326.87317390 -0.07454994
261.45610433 327.82225709 -0.06908425
261.95133827 328.76676816 -0.05829599
262.42469226 329.69908942 -0.05062506
262.88798340 330.62305505 -0.05034942
263.36685277 331.54423041 -0.06277051
263.83337051 332.45686618 -0.06610734
264.30406825 333.35301381 -0.07426707
264.78811947 334.27717446 -0.07825009
265.26929125 335.16823731 -0.06992201
265.73387971 336.05431651 -0.05330391
266.20193457 336.94214394 -0.03616957
266.65281426 337.80265759 -0.02429816
267.10613534 338.63864706 0.01924739
267.53795895 339.46692139 0.01918213
267.97440890 340.27499386 0.01541787
268.39399022 341.11706406 0.01437771
268.81660253 341.90169337 0.01925188
269.22303382 342.71116162 0.02910620
269.63330531 343.50822753 0.02949800
270.02723039 344.29018776 0.03014438
270.43185988 345.04694622 0.02081937
270.81218951 345.80406854 0.01950057
271.17052344 346.60752931 0.03351396
271.53875666 347.37349103 0.02797192
271.88887597 348.12343054 0.02432154
272.22617671 348.87478252 0.02892227
272.54777763 349.57560950 0.02331668
272.90987534 350.26561345 0.02258558
273.20505605 350.92926293 0.02978978
273.49538151 351.55519854 0.03255485
273.75929708 352.21338911 0.03579550
274.01535400 352.83258808 0.05331559
274.26222890 353.38672559 0.04024070
274.48430666 353.94968198 0.04671692
274.69115685 354.49254690 0.05285931
274.89478267 354.99866067 0.06582148
275.09267783 355.45623281 0.06997539
275.29450118 355.94994733 0.07804087
275.51357152 356.40930780 0.08216636
275.74605622 356.84248946 0.08482658
275.98277762 357.23312679 0.08227550
276.23671032 357.62460111 0.09095556
276.52258039 357.99444821 0.10043469
276.80242704 358.35128182 0.09795494
277.10792362 358.67054138 0.09253179
277.42537356 358.98921789 0.09672689
277.76564640 359.28566307 0.09636419
278.13270820 359.56350796 0.09482363
278.50745731 359.79989917 0.09738237
278.88124071 360.04987429 0.10360470
279.27396145 360.26473006 0.11358765
279.62059785 360.36494578 0.11553895
279.98166038 360.45427445 0.13724542
280.37878763 360.56668767 0.13658687
280.77201354 360.66699418 0.14507852
281.20134637 360.74009368 0.12945574
281.43840083 360.51814352 0.09874434
282.02436039 360.45841504 0.05482422
282.31519769 360.21875379 0.03828434
282.80717666 360.59927646 0.05139609
283.36715052 360.66516728 0.05101136
283.89509966 360.54028690 0.06820978
284.25643938 360.50825291 0.06778885
284.64194199 360.41357754 0.04217647
285.36976179 360.19748309 0.00953292
285.91872435 359.87713836 0.01204473
286.51003028 359.74753111 0.12515564
286.98207010 359.72720702 0.07487736
287.53893900 359.45590553 0.06263939
287.73675780 359.28752213 -0.07687341
288.20242445 359.17014684 -0.02221027
288.46758478 358.98393695 -0.02262555
288.32954984 359.11269302 0.00017671
289.19997774 358.68857670 -0.02701565
290.03672721 358.38467371 0.09880596
290.83877255 357.79485771 0.07271037
290.98890123 357.75648160 0.03946650
292.32925500 356.91266685 -0.01536941
292.66816351 356.72201829 -0.00556593
293.50589279 356.15989709 -0.02857640
294.34098562 355.83896452 -0.06786904
294.40404984 355.66668646 -0.06534989
295.43386144 355.00269716 -0.06468359
296.42096391 354.55762149 -0.06514037
297.30629147 354.22036326 -0.15048844
298.22917244 353.77197461 -0.21210143
298.40232264 353.95895253 -0.08738530
299.34110995 353.55580221 -0.10850033
299.65410638 353.32368529 -0.12526708
300.17285070 353.03968132 -0.18898556
300.34523594 352.92062756 0.00334242
301.60801793 352.26390645 -0.03649953
302.99230638 351.49561453 0.13201034
303.75493215 351.08221008 0.11404761
304.70301527 350.45426717 0.13047514
305.46306902 349.92013017 0.07131962
306.40138448 349.37745683 0.01050052
307.49367440 348.92156151 0.02058723
308.54958530 348.36054445 0.04863520
308.95862252 348.22875382 0.04964583
310.00163855 347.70168377 -0.01840192
310.80821104 347.26628589 -0.04523722
311.57225200 346.75852133 -0.09054296
312.76770777 346.23525537 -0.12084944
313.71923537 345.73932959 -0.11882290
314.60054772 345.34016578 -0.14976411
314.90382356 345.17508623 -0.07998792
315.49515996 344.58705545 -0.06982757
316.54158323 344.19145771 -0.10399704
317.21255598 344.00590479 -0.09860360
318.47249983 343.25858836 0.01682741
319.36158693 342.72035194 0.04603954
320.55517521 342.49033766 0.03744203
321.43997460 342.09493022 0.02051464
322.71633771 341.54652926 -0.07156605
324.02361631 340.96265113 0.00554617
324.93425131 340.36805959 0.02243560
325.80649422 339.84245629 -0.01539454
325.66097802 339.73880682 0.02274433
326.23107910 339.42502670 0.02728742
327.30753739 338.96296184 -0.01616845
328.41080569 338.43617327 -0.06876556
329.38747801 337.85359533 -0.07191337
330.13119551 337.32446003 -0.12186795
331.19385842 337.09232207 -0.07246050
331.30915177 336.87504529 0.02651921
332.41969595 336.30530284 -0.04755461
333.27615281 335.82116413 -0.02791673
334.03229979 335.34974845 -0.02743888
334.60796509 335.01737705 -0.04900753
335.18584792 334.83228928 -0.03457890
335.87300677 334.40859340 -0.05243568
336.67612940 333.85898371 -0.05182250
337.50130449 333.39453587 -0.06110714
338.24727838 332.97597536 -0.08609688
339.35750816 332.47131653 -0.14209134
340.45798086 332.01667630 -0.15943274
341.54985603 331.43508386 -0.17884206
342.01184625 331.25689427 -0.07983585
342.58785624 330.94468934 -0.10471626
343.65496195 330.42478192 -0.14815203
344.61038744 330.00247554 -0.15882583
345.56141171 329.49339131 -0.15057002
346.57605195 329.04236440 -0.16247984
347.82134455 328.64662117 -0.14337722
348.62072033 328.28312234 -0.15636393
348.86981446 328.16945121 -0.19735524
349.85701273 327.98292199 -0.20563170
350.29651778 327.89732287 -0.21153335
350.62441465 327.68360126 -0.27524208
351.72767347 327.24675441 -0.33780097
353.05760034 326.77761092 -0.40965107
353.97444512 326.51138783 -0.45088961
354.79579188 326.34736323 -0.47700658
355.62682570 326.14187065 -0.51588812
356.53380213 326.01069239 -0.50240066
357.34275123 325.80457897 -0.51458946
358.48161716 325.60439528 -0.43380545
359.19306061 325.54214852 -0.45748611
359.81674594 325.43894491 -0.48587120
360.53378940 325.40978859 -0.46101628
361.01084231 325.21181800 -0.47075555
362.14176167 324.90958759 -0.51018114
363.47278177 324.53863359 -0.47220562
364.42297897 324.24120986 -0.47114391
365.44014196 323.91869947 -0.46422275
366.21322742 323.86789619 -0.46964294
366.99412036 323.74032256 -0.47476354
367.80599162 323.62929036 -0.47171712
368.60666375 323.52908603 -0.46415748
369.42239141 323.42502488 -0.44556846
370.19928889 323.33904120 -0.42896320
370.98476937 323.25398178 -0.41914882
371.77496960 323.16764942 -0.40420056
372.58126345 323.08950462 -0.37784497
373.37155561 323.01912910 -0.33308012
374.15282198 322.95633709 -0.29521002
374.93072570 322.90760475 -0.25485042
375.69951305 322.86706983 -0.21291368
376.48282898 322.83355771 -0.16493654
377.24652996 322.81089573 -0.11110012
378.00270337 322.79181375 -0.05652460
378.76469853 322.78703645 0.00011209
379.52673059 322.77574110 0.06721980
380.28068493 322.76991370 0.13102216
381.05750562 322.77776927 0.20046377
381.81939412 322.78722077 0.28264776
382.59227182 322.79738484 0.37078924
383.34128079 322.82509661 0.45550211
384.08565769 322.85330179 0.52686908
384.80061289 322.89357425 0.59382353
385.51430067 322.94688772 0.66667643
386.21141555 322.99907486 0.74436970
386.89656908 323.06121943 0.83268790
387.57380639 323.12832211 0.92095059
388.23310108 323.20334379 1.01235487
388.86501679 323.27213116 1.10049580
389.46912025 323.35349998 1.18650030
390.04892995 323.41746168 1.26547050
390.61220471 323.49026264 1.34913895
391.15143252 323.55585044 1.43132207
391.67235730 323.61681745 1.51390368
392.17387685 323.66677030 1.59925386
392.65113913 323.70706947 1.68654805
393.10446164 323.73420687 1.76948928
393.52301708 323.75631655 1.84318073
393.92580625 323.76455473 1.91844225
394.32239621 323.77634322 1.98431940
394.69266443 323.77680991 2.04999506
395.07296806 323.77336145 2.11308868
395.43956133 323.76004491 2.17878168
395.82831336 323.73147538 2.24459886
396.19422621 323.69678519 2.31024059
396.56706386 323.64162309 2.37191028
396.92636899 323.57427310 2.44272803
397.27231072 323.48377351 2.52334375
397.61103241 323.39315998 2.60368640
397.93207014 323.28783786 2.67760865
398.25395525 323.18339643 2.74193791
398.57825234 323.04849811 2.78957321
398.91657404 322.89417144 2.84672245
399.24277596 322.70984494 2.89956527
399.56226636 322.50662104 2.94674813
399.89334688 322.28853886 3.01132472
400.21887240 322.05575153 3.07608255
400.54906121 321.80170338 3.14044561
400.85890092 321.51084032 3.19111416
401.18363587 321.19337628 3.23448912
401.47843752 320.85708055 3.27278968
401.76518318 320.50631932 3.30584910
402.04303251 320.10596832 3.32474581
402.31108903 319.64524919 3.32095150
402.57045244 319.17242303 3.31969464
402.82133038 318.65628535 3.30319137
403.04570965 318.08676813 3.27966997
403.25425107 317.47426626 3.24985007
403.42853465 316.83089600 3.20045621
403.59719460 316.14950360 3.14314977
403.75203887 315.46751220 3.08573401
403.88609981 314.75954228 3.01569697
404.01828079 314.02075324 2.94152928
404.14448213 313.23827708 2.86092405
404.25721297 312.43878326 2.77344523
404.36135556 311.62764352 2.68523381
404.47784221 310.79963162 2.59748253
404.59413524 309.90748599 2.50051558
404.70463726 309.00666511 2.39814541
404.81617448 308.10801994 2.28989083
404.92328650 307.17303184 2.17768501
405.03585312 306.22636563 2.07012315
405.14669225 305.23374228 1.97275778
405.25057205 304.25630497 1.87719624
405.37372748 303.26927006 1.77121527
405.47637039 302.28109087 1.67131585
405.56514780 301.28043132 1.56254942
405.67546314 300.25485934 1.45688108
405.78876149 299.24560051 1.36144794
405.89675681 298.23317942 1.25824991
406.01101248 297.19254219 1.16242133
406.12112362 296.14038967 1.06537694
406.23508378 295.11423231 0.98190782
406.34281532 294.08045707 0.89102005
406.44496494 293.05598680 0.79532991
406.55836739 292.02686204 0.71573332
406.67883000 290.96389057 0.64085663
406.79905553 289.93431267 0.57096397
406.92117507 288.89491002 0.51225083
407.05083922 287.85565716 0.45458442
407.18628172 286.81658768 0.41409071
407.31988417 285.76693278 0.37684113
407.45137705 284.72947932 0.34097883
407.58567483 283.67979033 0.29972612
407.71748302 282.63547400 0.26581915
407.85184095 281.60343776 0.24023043
407.97089435 280.60654585 0.22267946
408.10065656 279.62590251 0.20997581
408.23060400 278.62986293 0.20495520
408.35284272 277.62924186 0.19913578
408.48288807 276.63917480 0.19491245
408.60196160 275.70241796 0.19447936
408.72307102 274.69373211 0.18440018
408.85256158 273.67516004 0.19171896
408.96887937 272.69411715 0.19354184
409.08750271 271.69777655 0.18036655
409.22213254 270.73118172 0.17690450
409.35648939 269.72708522 0.16750946
409.50014916 268.69740820 0.15421835
409.64108216 267.67971831 0.14676037
409.78934146 266.65902928 0.15228465
409.93461485 265.65645306 0.16093619
410.08891948 264.61377711 0.15882923
410.23984930 263.59651879 0.17020768
410.39860882 262.54493139 0.19067370
410.55951821 261.49983266 0.20293400
410.73330068 260.44943652 0.21062288
410.89558309 259.37522253 0.21925614
411.04988403 258.31863410 0.24398237
411.20320433 257.24605585 0.26248467
411.33934931 256.21515506 0.28571481
411.49079182 255.16396850 0.30304510
411.62764942 254.08228564 0.31384533
411.77706108 253.02367306 0.32445288
411.92830636 251.99401690 0.33748656
412.07559826 250.94673311 0.34823702
412.22855329 249.89337401 0.35369143
412.37512719 248.86460083 0.36450936
412.51933332 247.83851828 0.36873212
412.66336178 246.77961824 0.36586408
412.80403095 245.76261840 0.36986985
412.96824379 244.73277899 0.37671490
413.09303642 243.74629301 0.37958276
413.23144692 242.76802274 0.38983735
413.36016168 241.78869196 0.39080941
413.49322969 240.82174483 0.39657955
413.61766518 239.86396443 0.39856003
413.73546846 238.93293003 0.40428312
413.84324639 238.02894234 0.40512439
413.94508769 237.14585665 0.40896620
414.01539438 236.30395971 0.42194504
414.09443405 235.47960026 0.42519920
414.15878204 234.68443738 0.44261624
414.22030547 233.89969330 0.44525227
414.26115865 233.15428765 0.45358871
414.27520528 232.41824792 0.45366998
414.26764262 231.71269054 0.45916425
414.22527089 231.03396336 0.45902741
414.16905382 230.37684539 0.45926886
414.09439471 229.71412230 0.44491345
413.98569349 229.08608118 0.42595711
413.84574718 228.50226198 0.41754843
413.67566411 227.91739550 0.39080309
413.48164839 227.33198140 0.35065050
413.24427472 226.77238490 0.30664469
412.98279533 226.20835010 0.24962300
412.67385769 225.68029187 0.18334892
412.32776962 225.15994785 0.10859029
411.93996200 224.67545336 0.02976967
411.50358967 224.22566749 -0.06015835
411.01210937 223.79885574 -0.15555011
410.46501954 223.40729851 -0.26100258
409.88178224 223.04327886 -0.35501994
409.26292410 222.71722159 -0.45252008
408.58365995 222.42512807 -0.53957084
407.84502635 222.18430540 -0.62016752
407.07057534 221.96194224 -0.70600142
406.26730904 221.73703900 -0.80746008
405.39237219 221.56198167 -0.89495619
404.49988755 221.42851461 -0.96873160
403.58707189 221.31330235 -1.04190523
402.63332804 221.21185303 -1.12660890
401.64184434 221.16393994 -1.19101275
400.61794644 221.12507468 -1.26028391
399.57794370 221.14077644 -1.29369108
398.50904460 221.16262784 -1.33755861
397.39502009 221.21826604 -1.37437472
396.26049270 221.29347654 -1.40461806
395.08779839 221.38014074 -1.43941607
393.88618739 221.49274383 -1.46500521
392.64046835 221.64939915 -1.45842629
391.37967715 221.81240102 -1.43639821
390.07028383 221.99998177 -1.42005633
388.75433536 222.20842510 -1.37490534
387.41470276 222.43236007 -1.31581802
386.03748422 222.68639115 -1.25480939
384.63443078 222.94683463 -1.17427011
383.18001346 223.22210168 -1.08973111
381.73276633 223.51131021 -1.00220175
380.27113819 223.82460363 -0.90051234
378.79113778 224.15611859 -0.80268041
377.29028792 224.50208996 -0.69150340
375.78418077 224.86003947 -0.56932586
374.24459997 225.23859838 -0.43806577
372.71308809 225.63566621 -0.28240533
371.18102558 226.04840317 -0.10937801
369.63452981 226.47914561 0.07492667
368.07281060 226.91345281 0.25971947
366.48268815 227.35106110 0.43528442
364.89072168 227.79577793 0.62392168
363.30684381 228.24122042 0.81788447
361.66278205 228.69388994 0.99269252
360.07383680 229.16163486 1.18930721
358.44721886 229.63778559 1.37971158
356.80966836 230.12178208 1.55692268
355.16818157 230.61172264 1.73612700
353.53081178 231.10137729 1.91057819
351.88692020 231.60302875 2.07543808
350.21902973 232.11869823 2.23792387
348.54867176 232.63219019 2.38766665
346.89850074 233.16903127 2.52495635
345.22884623 233.70763789 2.65640228
343.52714387 234.23579385 2.76857567
341.79904095 234.77386696 2.86187375
340.07937795 235.32475499 2.94302977
338.34821033 235.87710710 3.01329904
336.58953300 236.42896682 3.06492500
334.82701570 236.99088172 3.09826115
333.05686656 237.55168440 3.09753481
331.29354032 238.12287868 3.08670122
329.56970165 238.69584605 3.06239173
327.86598959 239.28974759 3.03371654
326.15239374 239.87293666 2.97542709
324.45841227 240.46483203 2.90101560
322.77593203 241.06233287 2.80479893
321.14620243 241.65551278 2.67928291
319.54160591 242.25910910 2.55242441
317.96076586 242.86643891 2.39367288
316.43017218 243.47359708 2.22248079
314.94845877 244.09144968 2.03205883
313.53550794 244.70147866 1.82944759
312.17361969 245.30140001 1.59464700
310.92236138 245.91366468 1.36365459
309.74651571 246.51128567 1.13364757
308.63667733 247.11270829 0.89145233
307.60150488 247.69582184 0.66170721
306.65024130 248.26899464 0.42009420
305.77655589 248.83565213 0.18870956
304.98223021 249.38558115 -0.06412121
304.26896214 249.91324854 -0.32322508
303.61699002 250.43308385 -0.58601899
303.05685657 250.92528785 -0.84652781
302.56475501 251.39957267 -1.08543650
302.14062553 251.83768384 -1.32962461
301.79833425 252.24858445 -1.56866233
301.49848994 252.64320274 -1.80308511
301.27816592 253.00547926 -2.02467802
301.05890579 253.34782339 -2.25174412
300.91923183 253.66497564 -2.45905463
300.79939983 253.96520124 -2.67573697
300.75968349 254.23681133 -2.85249985
300.73832502 254.48272844 -3.02796410
300.76756511 254.70883258 -3.18308548
300.82992947 254.92617975 -3.33411540
300.91947236 255.13441955 -3.46962472
301.07010644 255.32317664 -3.57737851
301.24328954 255.51314493 -3.65600539
301.44201712 255.68186479 -3.72004883
301.66421407 255.83808828 -3.76108958
301.89752142 255.98653544 -3.78632580
302.14823518 256.11785774 -3.81328265
302.41758916 256.25159515 -3.82131753
302.69445786 256.37035036 -3.81964600
302.97378827 256.47311019 -3.81577001
303.27150938 256.57108773 -3.79723503
303.58682964 256.67098880 -3.75870923
303.91241980 256.75411731 -3.72562909
304.23943606 256.83978748 -3.68232205
304.57375058 256.90235320 -3.63217829
304.90466445 256.95516284 -3.57863149
305.24285309 257.00894356 -3.50731524
305.58600376 257.05628640 -3.42731030
305.93041482 257.10530342 -3.33244167
306.28034152 257.13833714 -3.23389089
306.64115978 257.17245249 -3.11806920
306.99852286 257.18113372 -3.01050402
307.34865589 257.18527053 -2.89264440
307.67722894 257.17340883 -2.77577759
307.98656562 257.13929592 -2.66622584
308.28233963 257.08856478 -2.55719414
308.57800735 257.02461309 -2.43481648
308.86629563 256.94498005 -2.31708591
309.13400161 256.85582919 -2.20692240
309.37644965 256.74302780 -2.09866447
309.60749105 256.60943775 -1.98301829
309.82466694 256.45336532 -1.88318532
310.02455306 256.27328217 -1.78605801
310.20081218 256.09167869 -1.67864613
310.35813765 255.87425807 -1.58747556
310.50161623 255.62985608 -1.51500133
310.63215079 255.36386471 -1.44474240
310.75967640 255.09355439 -1.37034924
310.85511291 254.79884567 -1.30779518
310.94168043 254.48180787 -1.24730130
311.00114532 254.15533482 -1.17887901
311.04028149 253.81267319 -1.11274717
311.05963884 253.44234912 -1.06370506
311.08139871 253.07852294 -1.01172412
311.08333001 252.68559621 -0.97950418
311.07384354 252.27996583 -0.94583972
311.03947433 251.85786516 -0.91295984
310.99539388 251.43818772 -0.87840058
310.94158056 250.97330355 -0.85786575
310.87677993 250.51582788 -0.83688555
310.80027395 250.03851490 -0.82993415
310.69981925 249.55224443 -0.82387744
310.59351448 249.03676150 -0.81731690
310.48096656 248.51393984 -0.81008825
310.36396601 247.96045770 -0.81376147
310.24082455 247.40261435 -0.81186138
310.10413039 246.83646750 -0.81794117
309.96194829 246.26761494 -0.81386958
309.81397803 245.67981680 -0.81784547
309.65407333 245.09082547 -0.81464678
309.48863617 244.47364137 -0.81461473
309.31464475 243.84409479 -0.80795710
309.14233687 243.20007558 -0.81757467
308.97088150 242.56967074 -0.81748635
308.80683576 241.90659517 -0.81535922
308.64122441 241.24547159 -0.81440995
308.46951061 240.55600136 -0.81795977
308.29440283 239.86978291 -0.83891590
308.12293007 239.16315120 -0.85955011
307.94745017 238.45121181 -0.87071926
307.75328558 237.70512693 -0.88652486
307.56528732 236.97446643 -0.89593644
307.37753781 236.21676344 -0.92146428
307.19583358 235.48052670 -0.93312616
306.99633879 234.70520370 -0.94627814
306.80447024 233.94463905 -0.96862592
306.60965734 233.20085046 -0.99030211
306.40003879 232.46616804 -0.99393931
306.20151992 231.74569151 -0.99782272
306.00915368 231.01823494 -0.99174109
305.81257107 230.27986198 -0.99353150
305.62662263 229.55541319 -0.98834531
305.42892315 228.81046574 -1.00017143
305.21770951 228.05779608 -1.01084182
304.99704224 227.29386568 -1.01916004
304.77700445 226.53632055 -1.02247989
304.56282635 225.76256323 -1.03828774
304.36020261 225.02441775 -1.05242745
304.15424343 224.29467875 -1.07012031
303.94881572 223.54878683 -1.09092484
303.73078560 222.79455746 -1.09604835
303.49806524 222.01823988 -1.11247149
303.28250044 221.25892552 -1.13056455
303.05299132 220.46805675 -1.15645872
302.80962663 219.63127210 -1.17845653
302.54966187 218.77915500 -1.20626053
302.26925400 217.91192421 -1.23385641
301.98984619 217.07391698 -1.27185366
301.71457869 216.22779819 -1.31802458
301.43524380 215.37592122 -1.36523504
301.13711851 214.52048709 -1.40455120
300.83664953 213.68026148 -1.44056955
300.51685567 212.81986015 -1.47326654
300.20237383 211.94066986 -1.51460166
299.86224339 211.03572125 -1.55231155
299.51328584 210.11552775 -1.57940532
299.15818053 209.19129402 -1.60827116
298.78017307 208.24778672 -1.63154437
298.40513430 207.31469704 -1.66277413
298.01236998 206.37731619 -1.70181512
297.61243825 205.43346200 -1.74685975
297.19902859 204.46838246 -1.80081658
296.77061634 203.51928621 -1.85331671
296.32216251 202.54954644 -1.90404139
295.84423236 201.53370446 -1.95370254
295.35653018 200.50880599 -2.00453886
294.86207630 199.48322293 -2.04546653
294.34495505 198.44678052 -2.08416370
293.83007028 197.41951059 -2.11301593
293.30866775 196.39338958 -2.14733686
292.75306066 195.31574426 -2.18743644
292.22574969 194.27631147 -2.23511223
291.67074965 193.19889240 -2.27600213
291.09101788 192.08201441 -2.30976689
290.49249427 190.96254386 -2.32469049
289.88955041 189.85272043 -2.33600938
289.27003002 188.71709282 -2.35787190
288.65010148 187.58703514 -2.38813650
288.01602503 186.43920781 -2.42790207
287.37814750 185.28825863 -2.46293270
286.72188941 184.12385597 -2.49484300
286.08162559 182.98788914 -2.52421694
285.41937241 181.83822844 -2.55374959
284.75075297 180.68072852 -2.57614203
284.05187074 179.51840377 -2.59384682
283.33670660 178.32121069 -2.60050066
282.61203323 177.10652032 -2.61371139
281.89748375 175.92044485 -2.62972947
281.19897538 174.75125830 -2.66238802
280.49495038 173.59094964 -2.70573272
279.77020206 172.42442543 -2.74121736
279.04535529 171.25239432 -2.77920205
278.30431803 170.07644277 -2.79276918
277.55157746 168.89077532 -2.79839379
276.79965784 167.69777845 -2.80649624
276.06643279 166.51419252 -2.82061846
275.33712629 165.34296422 -2.84475387
274.59328150 164.14261489 -2.86992644
273.87327111 162.94948242 -2.91342612
273.14424696 161.76615549 -2.94575197
272.42475325 160.60391489 -2.97178909
271.72313196 159.45602218 -2.98691929
271.00001797 158.30601890 -2.99901494
270.26347595 157.15542327 -2.99251481
269.53681552 156.02320380 -2.98541195
268.82075778 154.88384478 -2.97242298
268.12158549 153.75834503 -2.96787939
267.43457470 152.64464955 -2.97288886
266.77099927 151.54056185 -2.98764684
266.11723721 150.44846502 -2.98747843
265.44759994 149.33763401 -2.98087152
264.79982883 148.24176141 -2.95555414
264.15487389 147.15951876 -2.92027062
263.52585064 146.09490023 -2.87314249
262.88260952 145.03530390 -2.82098082
262.31038746 144.02016781 -2.79555579
261.76910499 143.06203457 -2.77280699
261.22577674 142.10348022 -2.74317915
260.69727592 141.16002971 -2.69555733
260.16816748 140.20502895 -2.63589590
259.66874040 139.29656960 -2.58201075
259.17526049 138.39657490 -2.50980089
258.70321563 137.51318255 -2.43922379
258.25216994 136.66215807 -2.36930071
257.82613685 135.83276635 -2.30070795
257.42124733 135.01721531 -2.23917965
257.04347846 134.19952422 -2.16916134
256.69910268 133.42705788 -2.09175864
256.37187986 132.64723896 -1.99150825
256.04388417 131.88909902 -1.89155563
255.73645477 131.13793774 -1.79260553
255.42234549 130.42223314 -1.70369003
255.10918408 129.72252086 -1.61861841
254.79012814 129.03381575 -1.52575337
254.49044433 128.37204906 -1.42936626
254.18115099 127.71724163 -1.33080897
253.87726354 127.11243878 -1.24200462
253.58636607 126.54849255 -1.15802438
253.25535118 126.02132471 -1.07320261
252.94242001 125.52236782 -0.98999575
252.57729543 125.04622033 -0.90773650
252.20894010 124.57559925 -0.80745317
251.81834460 124.16209874 -0.72519161
251.39127674 123.76080286 -0.64188425
250.96933886 123.37902119 -0.55083542
250.54085832 123.00357946 -0.45563003
250.09604396 122.66413175 -0.36682459
249.63400005 122.34680923 -0.27158000
249.14573037 122.04592558 -0.17956497
248.62813053 121.79048122 -0.11919336
248.07752412 121.55460948 -0.04066469
247.51256384 121.35047060 0.04116985
246.93614379 121.16055735 0.12341847
246.33062787 121.02505860 0.18270772
245.68651915 120.90365747 0.26147386
245.02107087 120.82430673 0.29720249
244.32018672 120.79659466 0.31701256
243.64042320 120.80332935 0.31731226
242.94388954 120.86439270 0.30570869
242.25161043 120.96314446 0.26492126
241.57102174 121.10413154 0.16546605
240.88605186 121.27320451 0.03763544
240.19912810 121.46854989 -0.12369694
239.53624047 121.69536003 -0.28047552
238.87684096 121.95362623 -0.45240149
238.22331965 122.21798908 -0.64519374
237.54998270 122.51779376 -0.85967034
236.89953556 122.81838626 -1.08414194
236.22979505 123.14248418 -1.30570637
235.52924388 123.49550988 -1.56589587
234.83407879 123.86539953 -1.82422255
234.14889076 124.23345119 -2.11541301
233.47079943 124.61354478 -2.39506853
232.77038072 124.99781455 -2.66335485
232.05765708 125.38377379 -2.93340831
231.33450845 125.79179914 -3.21208470
230.59685204 126.19008424 -3.48605115
229.85828930 126.60678694 -3.76011827
229.08417608 127.02761380 -4.02319755
228.29361146 127.42838241 -4.27582340
227.47550092 127.85298507 -4.50964953
226.67644986 128.26865448 -4.73940700
225.82280439 128.70111550 -4.95260983
224.95256881 129.14811578 -5.13119719
224.08132385 129.57045075 -5.30750560
223.14619127 129.97569899 -5.46017428
222.22561784 130.37975846 -5.62334467
221.31214806 130.78670894 -5.77233733
220.36095359 131.20810882 -5.91155429
219.38267051 131.63532540 -6.01844467
218.39804365 132.05549388 -6.09576809
217.36397586 132.49163137 -6.15529254
216.35709394 132.91501075 -6.19410522
215.34615680 133.31210988 -6.22825438
214.35988095 133.69381648 -6.21295893
213.34931145 134.05362088 -6.17544308
212.37753224 134.42825391 -6.15805666
211.39814700 134.78946656 -6.12402565
210.40274733 135.17722518 -6.08319859
209.40447730 135.58423160 -6.02645794
208.45984150 135.96740858 -5.96219307
207.47345428 136.36799624 -5.87424012
206.53664981 136.76788471 -5.79003662
205.60487750 137.17687737 -5.70323258
204.69994576 137.56885466 -5.62284772
203.77109722 137.98033313 -5.54009111
202.85326388 138.38905839 -5.46928639
201.96509741 138.81723735 -5.38421593
201.06672673 139.26664565 -5.28657065
200.20139872 139.68664085 -5.19390759
199.35645866 140.11577458 -5.08586436
198.47820465 140.52811812 -4.97400143
197.56366300 140.96851073 -4.82881594
196.64062581 141.40393720 -4.67572383
195.71281397 141.82722961 -4.49352085
194.73755144 142.24652783 -4.25864393
193.74478913 142.68203596 -3.97291740
192.76589138 143.12329522 -3.68520946
191.78148430 143.59629226 -3.36067099
190.76152407 144.07902126 -2.96869137
189.83568244 144.51988395 -2.62633105
188.93541162 144.97132186 -2.32375290
188.06288633 145.45225277 -2.05469996
187.23597938 145.91839381 -1.80373720
186.46401442 146.36817640 -1.58560828
185.70996768 146.80597550 -1.37675451
185.01110500 147.23952823 -1.17079506
184.34857810 147.65601874 -0.97729214
183.73343850 148.05099985 -0.79391967
183.12961898 148.43973261 -0.62446824
182.56790184 148.80946067 -0.46088047
182.05474003 149.16761122 -0.31517163
181.57471257 149.51748351 -0.17944828
181.11737149 149.85247770 -0.04975313
180.67943138 150.15733981 0.06246404
180.27007307 150.45930643 0.13908489
179.89492660 150.76669474 0.21220161
179.54749075 151.07139892 0.28347490
179.20345879 151.38960666 0.34020443
178.85490979 151.71834603 0.37377238
178.53662613 152.05623802 0.39796684
178.23692697 152.36339228 0.40576491
177.94709209 152.70266955 0.40022048
177.67468925 153.03781469 0.39282162
177.41008066 153.37519553 0.36613168
177.16890986 153.70587504 0.32059409
176.94626290 154.05302328 0.25971480
176.74214866 154.40607960 0.18719497
176.54537213 154.74483659 0.11957997
176.38265729 155.08211347 0.04619086
176.21883573 155.43754458 -0.02507093
176.04128393 155.78479213 -0.08886873
175.90089328 156.15846892 -0.16325143
175.74775296 156.55215608 -0.23183559
175.60906776 156.92981977 -0.27798918
175.50334185 157.32738652 -0.33506186
175.41766813 157.71696088 -0.37485805
175.34209599 158.11307592 -0.39438451
175.29835067 158.51743867 -0.40669138
175.29265807 158.91387556 -0.40160325
175.28268882 159.30576389 -0.37445998
175.28587690 159.68079485 -0.33320739
175.29568109 160.06654721 -0.28587706
175.34113620 160.44881934 -0.23319136
175.41128430 160.84686134 -0.17812027
175.50781594 161.25081792 -0.09673789
175.58714059 161.64545439 0.02446807
175.69141555 162.03901822 0.15865929
175.85311195 162.42840700 0.25879619
176.00839492 162.83620502 0.40221173
176.19466840 163.24889971 0.54853149
176.38811465 163.63753512 0.70252894
176.60411212 164.02823943 0.87824229
176.82422701 164.42146435 1.06264641
177.05109972 164.81738087 1.25443144
177.27941587 165.19289625 1.46597470
177.49947371 165.57210175 1.69655902
177.73780947 165.95339573 1.92365231
177.98225197 166.33489683 2.15892744
178.23157552 166.71954716 2.41317094
178.48515253 167.09741252 2.68150385
178.73559428 167.46728431 2.95762569
178.97575873 167.84687091 3.24224876
179.21236026 168.23165230 3.51444378
179.44064707 168.61231546 3.80310311
179.64924516 168.98718057 4.08636574
179.80582740 169.37923781 4.38613938
179.94412160 169.77069259 4.68385094
180.04014428 170.16246884 5.00213926
180.11560030 170.55100744 5.32142304
180.18433971 170.95553202 5.66932225
180.23650202 171.35503256 6.01998381
180.27595723 171.76722325 6.34374474
180.29772389 172.20030333 6.66297704
180.29152435 172.60943545 7.00023093
180.28273940 173.03923314 7.30902337
180.23126571 173.48343262 7.62185469
180.12528839 173.91980397 7.94587901
180.03069697 174.34901701 8.25368232
179.94783518 174.81085022 8.54438140
179.85220876 175.29174661 8.79209406
179.69953402 175.75370054 9.03782179
179.54743047 176.23495555 9.26983957
179.41542276 176.67562525 9.49745173
179.27763388 177.17507857 9.73893099
179.12817972 177.68247919 9.95548115
179.00362518 178.19270137 10.10996832
178.88164347 178.71573537 10.22997528
178.74722506 179.22447927 10.30911557
178.61767481 179.74092067 10.40071741
178.47399368 180.28885843 10.48339816
178.30835058 180.85569067 10.53808248
178.15489811 181.41248962 10.57027125
177.94525391 181.97385984 10.61406934
177.69644343 182.53177648 10.65425764
177.46022483 183.08792767 10.70122914
177.21381563 183.65813262 10.75100898
176.96292238 184.22194869 10.78729212
176.71392945 184.79318914 10.81941758
176.48005371 185.37580980 10.82825808
176.17147997 185.98371426 10.88342072
175.85115693 186.57994785 10.90224728
175.53773829 187.21454993 10.94250313
175.17611685 187.84632366 10.98913879
174.76079665 188.50500535 11.06338094
174.30695832 189.19056944 11.12903327
173.85429455 189.85605771 11.18765742
173.39512594 190.56116076 11.25756222
172.83806680 191.26326396 11.33543656
172.20110954 192.01184558 11.43887984
171.59251626 192.75904547 11.56929540
170.88818573 193.48581277 11.65736257
170.08747499 194.28783836 11.80797866
169.31676065 195.05767384 11.94360256
168.51149475 195.82878641 12.07236736
167.72221501 196.59113402 12.17767558
166.97025070 197.34746444 12.28070891
166.22262562 198.10074429 12.36167820
165.44280480 198.85580717 12.44574546
164.65902043 199.59647231 12.51400281
163.89814438 200.34092408 12.59100761
163.17674831 201.05502248 12.64491676
162.44552736 201.80647435 12.66603990
161.62997944 202.56934365 12.71265064
160.85822014 203.32426329 12.74271432
160.11469806 204.02200393 12.77252494
159.39823280 204.70567115 12.77960938
158.69661568 205.35363830 12.78100837
157.88492923 206.02411660 12.78680767
156.99544324 206.67829983 12.80132220
156.09246481 207.35029511 12.82482141
155.21083238 207.99660308 12.82984465
154.20503613 208.73359339 12.85980541
153.12555186 209.44385804 12.90759191
152.09538096 210.12616832 12.91651950
151.09474940 210.78331319 12.91392809
150.05106052 211.45704151 12.90025086
148.92977537 212.15707612 12.88593729
147.91888259 212.78124467 12.87967639
146.94601259 213.39337438 12.86029138
146.01236372 213.96467876 12.81825189
145.13109557 214.50355244 12.79130311
144.29560785 214.99560236 12.74711125
143.51846531 215.46268121 12.68713803
142.81030337 215.88388679 12.61761738
142.14845512 216.26380454 12.54825561
141.51430769 216.63861448 12.46591683
140.93497727 216.98190587 12.35573711
140.43919029 217.28031613 12.26157777
140.02389390 217.52380013 12.15575554
139.60820694 217.73835812 12.03442184
139.28131204 217.91847878 11.91905790
139.02952495 218.02294522 11.81672979
138.69304069 218.13521757 11.67799739
138.45392980 218.17824304 11.54034360
138.27889337 218.18000919 11.40289725
138.06977278 218.16471161 11.25731950
137.95011508 218.06866976 11.11353656
137.87541599 217.92374770 10.94924870
137.76947280 217.76717873 10.76330989
137.63592123 217.61163826 10.58815414
137.46013200 217.45564123 10.41640931
137.22797710 217.31139615 10.24914606
136.94393025 217.16377123 10.09899570
136.64835333 217.02378388 9.93603750
136.31052492 216.89041250 9.77574696
135.94636998 216.74697557 9.59637720
135.56393076 216.60358659 9.44963052
135.15208443 216.44804745 9.29213176
134.73195284 216.31341065 9.12093174
134.31652699 216.15994105 8.96848842
133.86889696 216.00894410 8.80543346
133.39054880 215.87391400 8.62970451
132.90646580 215.75741022 8.46388691
132.41485509 215.61836959 8.28571080
131.90447101 215.49002778 8.10883548
131.38519530 215.38247743 7.92444424
130.85654060 215.28853715 7.73515627
130.29097907 215.20424574 7.51647268
129.73323607 215.12284783 7.30251799
129.17517757 215.04452330 7.09629698
128.60638229 214.99510110 6.88143906
128.03337744 214.94192880 6.67085122
127.45875060 214.91761160 6.44835242
126.88888728 214.88992672 6.22189865
126.32078926 214.87373256 5.97936578
125.75476126 214.88303692 5.73048310
125.17428434 214.90682843 5.47303934
124.59677994 214.97102522 5.21894228
124.01215828 215.06106697 4.95636100
123.44725581 215.17645980 4.67115763
122.87525026 215.30788845 4.37876482
122.32117811 215.46168577 4.06624723
121.80347853 215.66423495 3.76266349
121.30628367 215.87163316 3.47016525
120.84804516 216.11999700 3.18601077
120.40766499 216.38306278 2.88023334
120.00304587 216.66126828 2.57780881
119.65080690 216.96478302 2.28863082
119.31511892 217.29210634 1.99868561
119.02836249 217.64507467 1.72701764
118.78754770 218.05661123 1.48067364
118.59165255 218.49058986 1.25698074
118.44244502 218.91284305 1.04842191
118.33196186 219.34798382 0.84336521
118.27731651 219.80263408 0.64726269
118.26564468 220.27670313 0.48161259
118.29452499 220.76506061 0.34299943
118.37033459 221.25460724 0.22637512
118.49626145 221.76124902 0.14136810
118.65180824 222.26985354 0.07362042
118.85619075 222.79800528 0.02851860
119.08692624 223.31974197 -0.01306052
119.36514962 223.87324141 -0.04335005
119.66168897 224.41612974 -0.07330434
119.99990151 225.00409128 -0.11194741
120.34566986 225.56348252 -0.15195379
120.71912105 226.14194469 -0.17896035
121.11410492 226.73380532 -0.19652672
121.52710132 227.32624148 -0.21656086
121.98415357 227.94207065 -0.23987344
122.45332470 228.56406333 -0.27074482
122.94747670 229.18558887 -0.29334414
123.46403721 229.84082539 -0.33074792
123.99877074 230.51122382 -0.36335963
124.53931030 231.19301699 -0.38985605
125.10930941 231.91301672 -0.41880955
125.71161530 232.62743190 -0.43920863
126.33747262 233.34103265 -0.46330651
126.99883153 234.08904212 -0.48476512
127.65725775 234.84570057 -0.51383988
128.33033235 235.65140491 -0.54236029
129.01158705 236.46013214 -0.56295718
129.69507614 237.27696698 -0.57857064
130.39955746 238.08047790 -0.58929917
131.12653707 238.88348213 -0.57819464
131.87621120 239.70081168 -0.57804341
132.63744092 240.54860298 -0.56281153
133.39518465 241.42189199 -0.54577825
134.15611376 242.32026586 -0.53245255
134.92481677 243.24071466 -0.52130667
135.69657066 244.16161113 -0.51042718
136.46763231 245.06855684 -0.48721830
137.24096272 245.98386473 -0.47589256
137.98215917 246.89209100 -0.45204657
138.72213027 247.83054614 -0.43141522
139.47008713 248.80889048 -0.41678824
140.22298259 249.79201615 -0.38332680
140.96277946 250.79448248 -0.34798115
141.72136847 251.85310934 -0.30142020
142.44886709 252.88465376 -0.23067085
143.15971012 253.93438399 -0.18469130
143.85615792 255.01843504 -0.11464512
144.55199370 256.11655689 -0.04545111
145.20207424 257.23383510 0.04627952
145.85731768 258.39056502 0.14572093
146.48395827 259.54709836 0.25212694
147.06579695 260.70915376 0.36121472
147.63467738 261.89065314 0.47694769
148.18069891 263.06794256 0.61026751
148.72022133 264.31224920 0.74665200
149.23135703 265.60157682 0.88439441
149.71429877 266.91189228 1.01880511
150.19247978 268.35865022 1.21695710
150.58786513 269.73730056 1.30319913
150.95122800 271.23939061 1.53656493
151.44638918 272.64357711 1.63209884
151.81375893 274.08118382 1.75747710
152.12112467 275.72077166 1.98298502
152.50220102 277.76530980 2.26102565
152.79805931 279.02312003 2.28034705
153.16858717 280.94325220 2.43720424
153.49864636 282.65223769 2.53494787
153.84016303 284.36520770 2.44777070
154.07550106 286.30985756 2.65677316
154.20708326 287.56698264 2.77624987
154.47375351 289.49628614 2.77916290
154.45068053 290.72421158 2.90508456
154.58953778 292.87157951 2.84310333
154.86961036 294.66176277 2.67252771
154.92577910 296.55370959 2.77556436
154.99703363 298.34377583 2.73357121
155.03856326 299.87486030 2.64590194
154.94906711 301.58713601 2.68248027
154.89791706 303.22487668 2.65580412
154.88672654 304.54494785 2.57669839
154.56529058 305.73263100 2.65870904
154.57910931 306.84955686 2.37117334
154.60548867 308.64921004 2.18444109
154.70770024 310.42674165 2.01568704
154.79118742 312.22790424 1.88264069
154.79594410 314.16349143 2.06554497
154.59635275 315.41149273 1.99665389
154.71163260 317.01715038 1.77862574
154.92221434 319.39422798 1.32289636
154.81997092 321.49060602 1.27413781
154.85479767 322.98053732 1.12709470
155.05753448 324.73962143 0.82227643
155.34441941 326.15252787 0.54609017
155.37530062 327.16587406 0.46694397
155.36184838 328.37497291 0.41200598
155.40068855 329.32710383 0.31270508
155.57677449 330.77968926 0.16850244
155.49782536 331.66384162 0.11434718
155.61821373 333.09959257 -0.13764617
155.70298220 334.00981371 -0.33677159
155.74927985 335.10383060 -0.57967481
155.85187305 336.18389298 -1.02099962
155.82116610 337.22845479 -1.33549323
155.95482014 338.35784241 -1.95136274
156.22354697 339.41510491 -2.64287127
156.44310759 340.28792432 -3.35573186
156.49328139 340.82304476 -3.91986436
156.42935436 341.67615005 -4.48815251
156.53781984 342.48849678 -5.09143498
156.60771351 343.01296927 -5.52245497
156.76911899 343.64698711 -6.04540757
157.22802949 344.54606748 -6.71290755
157.63362584 345.21865670 -7.31811206
157.60226106 345.68499264 -7.72425252
157.93650159 345.99341271 -8.15407529
158.16198707 346.27893674 -8.61710307
158.46860800 347.11832403 -9.24109097
158.76887855 347.60077449 -9.62072953
159.31105780 347.92155853 -9.96685518
159.68394466 348.13099188 -10.26370834
160.03103013 348.35961287 -10.55644615
160.37478781 348.56101953 -10.80249568
160.79724453 349.00877925 -11.19696829
161.15639056 349.25715091 -11.39830984
161.82125862 349.40394831 -11.32152884
161.91897363 349.68755455 -11.34811988
162.22167341 349.87980109 -11.25533101
162.61090115 350.08576695 -11.21607452
163.14033119 350.22776664 -11.07691819
163.56268575 350.35714855 -10.69521069
163.69647056 350.49026403 -10.37499207
163.88539374 350.38206413 -9.81434275
163.80806769 350.42800777 -9.38967616
164.30211667 350.43954951 -8.84869908
164.25946676 350.31422719 -8.14479814
164.24153289 350.32346980 -7.47074898
164.14861354 350.29370972 -6.79003105
164.01149535 350.23329011 -6.08949229
163.75801450 350.26180537 -5.36566787
163.45672061 350.34003099 -4.60265061
163.09503817 350.42092552 -3.86328209
162.69842000 350.50874875 -3.10013326
162.24944570 350.59890534 -2.33242493
161.80053104 350.68400576 -1.57944451
161.34217133 350.78378473 -0.80632638
160.81630958 350.93697056 -0.02971600
160.28408915 351.09906175 0.74388653
159.75111724 351.23918897 1.52257208
159.20658722 351.37608102 2.30764200
158.62688265 351.54153625 3.06015536
158.04515304 351.71328895 3.82203935
157.48852610 351.90182887 4.58658558
156.88412236 352.10189967 5.35197486
156.30215437 352.32196918 6.13391767
155.72260687 352.54988888 6.90064716
155.14546031 352.79656332 7.66706720
154.55859640 353.06660773 8.43840308
153.99241730 353.38698438 9.20169343
153.34907009 353.73131788 9.97674099
152.73091253 354.09711039 10.72947827
152.01405838 354.43781841 11.43172515
151.34164894 354.81715337 12.09871896
150.64665278 355.20834298 12.72792125
149.91882857 355.61346951 13.31215700
149.10682500 356.02742488 13.86413935
148.28445310 356.43924092 14.36699504
147.43406984 356.84872149 14.83053306
146.57050432 357.25718646 15.25213509
145.66108072 357.66455534 15.60462375
144.72879388 358.04345605 15.88731040
143.76292517 358.41353213 16.14063894
142.76244561 358.77369998 16.33658580
141.73685127 359.13170372 16.48792993
140.70278303 359.47612694 16.58696894
139.63218226 359.83243742 16.65577529
138.55200744 360.15631397 16.67325872
137.45670264 360.48731601 16.64459774
136.38314606 360.78293012 16.57392597
135.33800474 361.07337858 16.45882812
134.29659614 361.36914012 16.32031741
133.24795318 361.66233362 16.15034226
132.18811843 361.95020552 15.93516068
131.12721642 362.25580227 15.70281584
130.08924893 362.54852828 15.44380733
129.06369056 362.83818509 15.16974997
127.97957656 363.13263460 14.88901495
126.94701315 363.41458327 14.59577715
125.90667512 363.72000779 14.29062977
124.88241239 364.03818025 13.96445745
123.86684741 364.33143854 13.65819920
122.87769134 364.62787771 13.34570376
121.86666455 364.92122589 13.02857312
120.88879427 365.21928444 12.70454763
119.88692015 365.53869998 12.38097926
118.89043977 365.85441304 12.05357882
117.89479308 366.14524804 11.72016434
116.95658002 366.45414150 11.12557332
115.96216313 366.77722148 10.82298926
115.04868400 367.06000542 10.42117659
114.12185502 367.37875417 10.14303018
113.18624217 367.72511257 9.87194007
112.25581027 368.05196603 9.59194853
111.41790652 368.20433636 9.37178768
110.51019540 368.31725913 9.08953853
110.09837065 368.23047864 8.89291643
109.27308923 368.28581482 8.65551964
108.22181621 368.83093545 8.33952103
107.07812178 369.13817128 8.06980527
106.16000932 369.39613520 7.84578440
105.18126410 369.65421464 7.57610691
104.04381193 370.23250476 7.24492754
103.88198605 370.34074797 7.05320919
103.25706666 370.60006100 6.80871839
102.59410885 370.69782082 6.67426494
101.99861905 370.87145048 6.55969427
101.16715287 371.61875637 6.29098026
100.20500373 372.02280904 6.07034853
99.16749053 372.68373547 5.86151677
98.35914361 373.31938514 5.67996342
97.61553463 373.79507823 5.57173408
96.76638613 374.05090245 5.36946255
95.89764018 374.47554809 5.19351457
95.28415158 375.00844441 5.12380067
94.49323868 375.34329290 4.92735837
93.74162281 375.74490250 4.76756318
93.13577734 376.46884480 4.71357320
91.99380888 377.05786672 4.45569625
91.11461402 377.57050272 4.23282359
90.22471923 378.02483647 3.99818541
89.28994696 378.47027850 3.77514716
88.38148722 378.83090036 3.53833222
87.44067535 379.16679108 3.31161355
86.49833478 379.51368482 3.09569977
85.51670798 379.83442606 2.87366867
84.51445427 380.12566025 2.68344472
83.46879606 380.54549153 2.74979337
82.40429722 381.15205493 3.19229219
81.36580365 381.75621440 3.41850852
80.30828688 382.16901555 3.29622909
79.25788293 382.54864836 3.13663859
78.20064374 382.84577302 2.90836821
77.12053305 383.11590760 2.59212004
76.03107342 383.42929705 2.27461056
74.97616477 383.76180579 2.04117956
73.91107117 384.12116396 1.84647887
72.84925623 384.51308700 1.58019441
71.79612950 384.97231072 1.25097960
70.71222646 385.35660667 1.05759148
69.61629557 385.69246419 1.00424702
68.55003500 386.11059915 0.85861234
67.53176847 386.56554024 0.66015596
66.52045708 387.04490404 0.49214595
65.51841185 387.51648413 0.37831393
64.51708302 387.97523235 0.29317079
63.53109206 388.43526402 0.24374066
62.56483107 388.88610947 0.20344159
61.58857986 389.34864482 0.16675245
60.62147692 389.80592868 0.13133054
59.63954003 390.26152133 0.09271444
58.68244765 390.69351658 0.08186055
57.71149856 391.13904231 0.07142068
56.75635153 391.58173562 0.06090350
55.79983281 392.04662378 0.04785722
54.88205472 392.50512197 0.04274469
53.94599878 392.96930168 0.02802537
53.04323662 393.42243070 0.01876528
52.13775584 393.88114407 0.02031973
51.22472608 394.33971143 0.03383577
50.32120422 394.80386650 0.03023147
49.43712877 395.27414912 0.03430621
48.52763184 395.76892814 0.03063323
47.63154698 396.26491706 0.02630114
46.77413033 396.76002449 0.02890803
45.90407706 397.27045028 0.03192702
45.02470531 397.78460001 0.01528517
44.17298597 398.28109631 -0.00369821
43.33452651 398.79534008 -0.03147069
42.49104636 399.31930076 -0.06898771
41.66496016 399.85638887 -0.10768774
40.82794427 400.40063757 -0.14701606
39.99689129 400.94975679 -0.19241038
39.16720412 401.52421378 -0.23734211
38.32198212 402.10048712 -0.28124559
37.49633364 402.66587760 -0.33199953
36.66251917 403.23639976 -0.39581232
35.80779301 403.81321293 -0.45436612
34.95826694 404.41157230 -0.51160220
34.08389721 405.00550419 -0.59696980
33.21685744 405.58248468 -0.67183841
32.34400393 406.17050659 -0.76878236
31.45238382 406.71950447 -0.84531516
30.52898088 407.24056558 -0.88992089
29.59187553 407.81482876 -0.93921297
28.64884319 408.39830944 -0.97320570
27.60929015 408.92366594 -0.76756489
26.66427803 409.64965978 -1.23206923
25.68617961 410.23641557 -1.08231796
24.67485521 410.77128334 -0.44329928
23.71246547 411.37433837 -0.62251197
22.75854254 411.95557070 -0.72478527
21.78405812 412.55659139 -0.77571291
20.82861517 413.08411870 -0.87879485
19.89423943 413.59285110 -0.90375507
18.96142003 414.17014504 -0.86076950
18.02367767 414.75559854 -0.83629946
17.10199040 415.30064605 -0.85838081
16.18471632 415.80995548 -0.88198035
15.26685797 416.29822538 -0.91059670
14.33612111 416.77719247 -0.92880998
13.40411966 417.26521096 -0.94010085
12.46579470 417.79415386 -0.95350723
11.51325131 418.35019211 -0.97175120
10.56067465 418.92682147 -0.99403700
9.59612893 419.54043472 -1.02201701
8.59747585 420.20098725 -1.04045574
7.59197820 420.89009868 -1.05738944
6.58736296 421.61119811 -1.07985024
5.58946263 422.36726829 -1.10189375
4.58730807 423.13327426 -1.11270645
3.58068254 423.93685767 -1.11620838
2.59341913 424.75248639 -1.11912593
1.62984642 425.56978246 -1.12196188
0.69197134 426.40644443 -1.11667713
-0.23602877 427.24967358 -1.09993342
-1.15073868 428.10756145 -1.08389533
-2.03425608 428.96604096 -1.05928670
-2.89424658 429.81930525 -1.02740683
-3.73374746 430.67622042 -0.98316753
-4.58104488 431.53978193 -0.93973542
-5.42207043 432.40872542 -0.88504750
-6.23910991 433.25602411 -0.82582089
-7.04104491 434.10154554 -0.76561503
-7.81921403 434.92259484 -0.70246520
-8.58903348 435.73244560 -0.61844913
-9.34225828 436.53748383 -0.51582099
-10.07918821 437.32241887 -0.40667784
-10.80218379 438.08003382 -0.31152057
-11.52031408 438.82048975 -0.22227858
-12.24179613 439.55219181 -0.11984497
-12.94043250 440.26082388 -0.00880567
-13.63067930 440.95525853 0.09471591
-14.32175617 441.61634990 0.18914238
-15.01083458 442.25686566 0.30010934
-15.69435721 442.88969885 0.42399498
-16.39808400 443.48961930 0.56032919
-17.10413742 444.05286089 0.68786679
-17.82769986 444.57070581 0.80236312
-18.57470624 445.02843633 0.91627788
-19.32689967 445.44136238 1.01955780
-20.10488264 445.79234573 1.12089343
-20.89409619 446.05862581 1.22201242
-21.70516584 446.23850303 1.31012048
-22.53366292 446.32139306 1.38702994
-23.35535109 446.27760932 1.45749149
-24.21632595 446.11633823 1.49777509
-25.05223260 445.79107306 1.51672105
-25.92461825 445.31964507 1.50834229
-26.80426533 444.67099036 1.47299250
-27.66439461 443.81207302 1.40681798
-28.52688742 442.73195526 1.29451082
-29.27014055 441.70413413 1.16460327
-29.92589999 440.74020275 1.01585026
-30.44899483 439.82796307 0.84873797
-30.88111154 438.96724201 0.68672386
-31.24419817 438.17402749 0.48963014
-31.53509129 437.45725417 0.26813401
-31.75862591 436.81279935 0.03206392
-31.96780850 436.22644361 -0.20808567
-32.13651018 435.71783116 -0.46117061
-32.28047987 435.26467510 -0.71781856
-32.41348480 434.87852967 -0.96102546
-32.51861054 434.55115174 -1.20234296
-32.59502691 434.29124916 -1.44058997
-32.63609708 434.09433902 -1.66651257
-32.67105602 433.94934162 -1.88570995
-32.68039478 433.87838449 -2.08994188
-32.67969530 433.82919105 -2.28225646
-32.66579705 433.84424326 -2.45425744
-32.62050689 433.91085873 -2.61426046
-32.54851618 434.03491341 -2.75405935
-32.47991956 434.18598785 -2.87218596
-32.38839399 434.37917019 -2.98769216
-32.27646086 434.59930222 -3.08978395
-32.15985783 434.85540222 -3.16309635
-32.01206245 435.16734528 -3.21733836
-31.85181360 435.52500494 -3.25659376
-31.67710582 435.93246866 -3.28028702
-31.49251092 436.36196775 -3.29849971
-31.28527654 436.82672400 -3.32058755
-31.07492915 437.34200195 -3.32950354
-30.85556025 437.87890919 -3.30365064
-30.62534169 438.46009537 -3.24757883
-30.39024209 439.04669244 -3.19589506
-30.14508223 439.64950999 -3.13790804
-29.89517026 440.27987245 -3.08314527
-29.64188604 440.91623766 -3.03448215
-29.40337575 441.55188420 -2.97470643
-29.17437012 442.18220930 -2.92599837
-28.97905969 442.81427603 -2.85847079
-28.78672360 443.41352559 -2.79301310
-28.62148207 444.00374214 -2.72378172
-28.45175399 444.57916040 -2.65982502
-28.31999759 445.13042875 -2.61001627
-28.20424006 445.66162943 -2.53819985
-28.11850997 446.18037006 -2.45391919
-28.05489488 446.64654637 -2.36542231
-28.01211725 447.10229745 -2.29714633
-28.00831322 447.53764441 -2.23073145
-28.02797605 447.92942788 -2.14638312
-28.05014503 448.32272647 -2.07048416
-28.10742751 448.67111130 -1.97106745
-28.19406862 448.98460402 -1.86155633
-28.31023752 449.24302852 -1.75017850
-28.44331125 449.48795364 -1.65440270
-28.60894931 449.66304284 -1.54911683
-28.75902382 449.84813066 -1.44592140
-28.94313477 450.00333394 -1.34106424
-29.11002009 450.19407745 -1.24088682
-29.28867633 450.37996799 -1.13342283
-29.49387270 450.51236567 -1.04731530
-29.73255398 450.59077394 -0.97188084
-29.98765058 450.60180326 -0.91346834
-30.27436875 450.61461194 -0.85330895
-30.58745647 450.58540409 -0.81842736
-30.93504776 450.55185334 -0.77842128
-31.29592953 450.54617990 -0.72353931
-31.68008763 450.54537544 -0.66141588
-32.09555663 450.50857352 -0.59788917
-32.52748679 450.41912665 -0.54085327
-32.99943130 450.28661951 -0.48886135
-33.48852803 450.16868115 -0.43549322
-34.00679600 449.97450244 -0.40431228
-34.54596877 449.71874913 -0.39858268
-35.12624301 449.45393127 -0.38270557
-35.73785663 449.14869845 -0.37907530
-36.35956802 448.80060169 -0.37540559
-37.01005084 448.41512411 -0.36728907
-37.72446023 447.99359714 -0.36098420
-38.45142095 447.62998014 -0.30493232
-39.27182739 447.26847825 -0.21475254
-40.07869200 446.87787710 -0.13070707
-40.92159557 446.46076858 -0.07972828
-41.77532568 446.03004697 -0.02110252
-42.63632218 445.61787062 0.06056456
-43.55279455 445.17147227 0.11763241
-44.50919803 444.74331894 0.21520476
-45.50741838 444.34736725 0.35098658
-46.48916675 443.89361716 0.44463225
-47.47888409 443.40071158 0.53499273
-48.51318712 442.94042749 0.67071855
-49.57051928 442.45668656 0.81766368
-50.70454747 442.00811466 1.00364570
-51.83771308 441.55760952 1.16798566
-53.00043695 441.10872345 1.34894752
-54.18233004 440.64327483 1.56307759
-55.31788355 440.13076719 1.77378305
-56.52029470 439.62545095 2.04610195
-57.77743018 439.12104556 2.33660748
-59.02851395 438.60718238 2.61636468
-60.28129830 438.09688245 2.88790084
-61.55619501 437.58002540 3.18165663
-62.87999021 437.07312002 3.51610915
-64.14985761 436.53431811 3.81325091
-65.41013864 435.95151782 4.10260456
-66.73730382 435.36490597 4.42683493
-68.00019826 434.74474713 4.75107616
-69.21113804 434.09336408 5.03275940
-70.45733870 433.45298961 5.32816246
-71.73193609 432.76727650 5.64027135
-72.93320890 432.03795524 5.92630030
-74.10054043 431.24747974 6.17809336
-75.23223263 430.39221497 6.41540957
-76.43457897 429.52858464 6.68971737
-77.60981878 428.65566384 6.95338968
-78.81541643 427.75320012 7.22451296
-80.01871024 426.84766701 7.49563709
-81.20818963 425.91337524 7.77466252
-82.33333534 424.93708053 8.02845803
-83.40845015 423.93877634 8.27882078
-84.55494183 422.92095658 8.56608740
-85.68424799 421.89533762 8.84598963
-86.76817750 420.86683028 9.14409271
-87.92758176 419.79340241 9.47230213
-89.08675845 418.66728974 9.78754537
-90.31105735 417.50224984 10.14690539
-91.48180126 416.33084226 10.47348306
-92.64111426 415.15163451 10.79913163
-93.74101028 413.94771598 11.13674401
-94.80072044 412.75757408 11.45304224
-95.80324016 411.55366018 11.75892097
-96.76921670 410.32417823 12.05705928
-97.69279279 409.07691177 12.38777663
-98.57994273 407.82401490 12.67906043
-99.44504082 406.51502782 12.98306944
-100.23784405 405.24544369 13.25763170
-101.00808683 403.93924431 13.53699172
-101.74671187 402.60183065 13.78669353
-102.43586723 401.28899256 14.04679655
-103.09020568 399.96023293 14.30044200
-103.70683193 398.61384915 14.50910321
-104.28691642 397.27137726 14.73081038
-104.84155875 395.91493090 14.95268288
-105.37783670 394.51450483 15.16906990
-105.87066437 393.10068757 15.37261178
-106.33311099 391.68352314 15.56622015
-106.77860904 390.23847922 15.75109830
-107.19444532 388.78495811 15.93852964
-107.57466045 387.31843382 16.12441553
-107.91893170 385.87973947 16.29969996
-108.22810173 384.45667378 16.46826391
-108.52643325 383.00037259 16.62864226
-108.78741983 381.56054071 16.79316473
-109.02980121 380.09412177 16.94308462
-109.23842778 378.64240883 17.09244947
-109.40479123 377.20422073 17.23333743
-109.54843421 375.76323102 17.35810973
-109.68316749 374.32101436 17.48727999
-109.78271382 372.86177898 17.60371556
-109.87002113 371.40509497 17.69733647
-109.92359502 369.95489170 17.81139248
-109.95455222 368.49840727 17.91651650
-109.96136314 367.06658609 18.01851266
-109.93190091 365.62575921 18.09411664
-109.88744725 364.17879785 18.16599610
-109.80833797 362.76616624 18.22740529
-109.70276915 361.40471276 18.29357458
-109.58134218 360.06144035 18.33441282
-109.42098421 358.74793866 18.38160556
-109.21848114 357.44447916 18.42273939
-108.99744697 356.17357306 18.45838560
-108.75209942 354.90576324 18.48666296
-108.45884184 353.63786835 18.51105959
-108.13191622 352.38929580 18.52405482
-107.77457401 351.20270759 18.51041058
-107.38067782 350.04197307 18.48426453
-106.95209806 348.90548964 18.44467828
-106.48328839 347.82841334 18.38311368
-105.98466820 346.74993600 18.31030941
-105.44179024 345.70174429 18.21419387
-104.86284693 344.70185488 18.11127747
-104.27254952 343.72618270 17.97055881
-103.63987601 342.75342924 17.81261621
-103.06336450 341.74953098 17.66540575
-102.51330338 340.80588197 17.51158891
-101.93605856 339.86277770 17.34506192
-101.34469833 338.92919476 17.16095978
-100.74544543 337.99410975 16.96383022
-100.20591097 337.01103868 16.78555777
-99.71779708 335.98553224 16.63570009
-99.22354241 334.95879809 16.48011281
-98.78867708 333.94878169 16.33843767
-98.41948755 332.86713847 16.23377457
-98.00290060 331.79273113 16.08067625
-97.67377683 330.68936845 15.95970071
-97.40952508 329.52982362 15.90047813
-97.22250210 328.35814457 15.85656537
-96.93823572 327.21697170 15.74111319
-96.72902478 326.07797407 15.67623188
-96.56930980 324.90247256 15.63736019
-96.33896987 323.72652233 15.52051986
-96.19198416 322.52453652 15.43117122
-96.10235805 321.28095426 15.39011648
-96.07842775 320.00975125 15.40842475
-96.12321312 318.69800136 15.45452856
-96.20924947 317.35950021 15.51921618
-96.34266354 316.01559929 15.63026325
-96.45359828 314.68299905 15.72328879
-96.61370331 313.32155849 15.87689220
-96.72269109 311.94565969 15.98458662
-96.76358081 310.64091039 15.98980411
-96.86639354 309.26531895 16.06134807
-96.91302350 307.93070452 16.09569985
-97.02993704 306.60362849 16.17645691
-97.07385570 305.29464063 16.15647110
-97.09512233 303.98302523 16.09118151
-97.14477001 302.63671952 16.07675975
-97.17643397 301.32085985 16.01736251
-97.22267592 299.98286560 15.97654361
-97.20612436 298.65105638 15.84739004
-97.21634560 297.33520807 15.76159237
-97.23807887 296.03329158 15.69973566
-97.29972653 294.69644260 15.66947722
-97.38588552 293.30743326 15.68137104
-97.44585705 291.96519280 15.64529478
-97.55679359 290.56706541 15.66228161
-97.59720665 289.19400471 15.56968806
-97.68897247 287.77846259 15.49466603
-97.70527433 286.39465798 15.37070419
-97.77338452 285.01973702 15.31117394
-97.76267283 283.66434069 15.17799398
-97.74048921 282.25943361 14.99377964
-97.73036571 280.83255228 14.86774198
-97.70304920 279.42500447 14.66360321
-97.67551997 278.04663784 14.50987551
-97.66209279 276.66480413 14.34864895
-97.63756051 275.21918265 14.14305887
-97.64692840 273.80170138 13.97289783
-97.62726135 272.42425866 13.76188490
-97.57431956 271.03791944 13.44375564
-97.46397020 269.68945748 13.09480400
-97.38816307 268.30815871 12.78086776
-97.29396292 266.87857074 12.46473793
-97.20633733 265.52243291 12.12715574
-97.11985613 264.12200164 11.87144771
-97.01039270 262.73559507 11.53829103
-96.90518855 261.35681797 11.28591458
-96.82279952 259.97821813 11.03743682
-96.77361013 258.60722219 10.84991266
-96.72890193 257.22875768 10.64929397
-96.68295589 255.84028836 10.42268449
-96.65493062 254.50639799 10.26686370
-96.63127988 253.17357584 10.07736141
-96.62933902 251.83589700 9.94987693
-96.64080781 250.49608099 9.89225749
-96.63539551 249.14976623 9.82964881
-96.63863564 247.80773243 9.80013542
-96.65453792 246.45930837 9.78546467
-96.66897296 245.08402964 9.79401996
-96.66932236 243.73107336 9.85547898
-96.66031710 242.36259073 9.85101654
-96.61779931 240.98753841 9.80021238
-96.58301054 239.60328402 9.71333214
-96.55202155 238.20431001 9.66954904
-96.49374370 236.80871271 9.56033421
-96.42062869 235.43246794 9.39869519
-96.34013535 234.04127531 9.27277902
-96.29219803 232.66277981 9.11964946
-96.24340782 231.28683064 9.00890026
-96.17209025 229.90821111 8.94201615
-96.09391415 228.51026990 8.85566998
-95.98913696 227.10765290 8.74895786
-95.85250611 225.71522189 8.63377634
-95.71523587 224.37801319 8.48677921
-95.55770250 223.04187104 8.31911244
-95.38420995 221.68135250 8.13320511
-95.20315256 220.36381768 7.91675104
-95.00155203 219.03300762 7.68403042
-94.80218125 217.70170254 7.42952501
-94.58090829 216.37295921 7.12903543
-94.36152205 215.10266440 6.81405095
-94.13251676 213.82357488 6.47783721
-93.87083847 212.52183981 6.12903511
-93.58457331 211.21345790 5.76687442
-93.28057573 209.95371820 5.38481133
-92.95137873 208.68420914 4.97939646
-92.61671684 207.44850902 4.57832124
-92.29036456 206.24455121 4.16269301
-91.93566175 205.09486319 3.74281297
-91.57757194 203.93381204 3.31477777
-91.18772071 202.75272052 2.87700142
-90.79915572 201.57037043 2.41996384
-90.38693137 200.39264530 1.95076519
-89.98660023 199.25921338 1.46556170
-89.57073196 198.14516842 0.98303714
-89.15783569 197.03502805 0.49335772
-88.77087143 195.94844493 0.00170611
-88.35299016 194.84590909 -0.49203754
-87.93518960 193.74610743 -1.00602288
-87.49065353 192.67848069 -1.52604383
-87.05982555 191.55294074 -2.06540368
-86.61919574 190.40801606 -2.63385556
-86.16468212 189.29220978 -3.19399574
-85.71559925 188.13055091 -3.76630564
-85.27010125 187.00646754 -4.32707406
-84.84699468 185.81128955 -4.91303537
-84.39942970 184.65494827 -5.49881187
-83.94976506 183.50276003 -6.08772661
-83.49971680 182.36876345 -6.67763148
-83.05077745 181.19756491 -7.26375760
-82.61287283 180.01561455 -7.84639978
-82.15391233 178.84167308 -8.41255157
-81.70599483 177.67267685 -8.96105018
-81.26506550 176.46106125 -9.52255327
-80.83368904 175.21615992 -10.09401056
-80.42463145 174.01365956 -10.64641129
-80.00520589 172.75398699 -11.21082863
-79.62116309 171.48868877 -11.74159881
-79.26527536 170.17135861 -12.26501194
-78.95552018 168.83473141 -12.77138369
-78.67033135 167.47540102 -13.26369996
-78.43357203 166.07696883 -13.73499136
-78.22731209 164.62716841 -14.19168592
-78.08484002 163.14502541 -14.63256065
-77.99206491 161.61418341 -15.06295235
-77.97414903 160.01939599 -15.45995203
-78.04120451 158.36321789 -15.83164094
-78.17716850 156.63534813 -16.19178872
-78.42126799 154.84253372 -16.50967912
-78.78682066 152.96576620 -16.79643251
-79.28556521 150.94787837 -17.05156501
-79.91550457 148.84801588 -17.25645791
-80.72144716 146.64554412 -17.41277983
-81.67783253 144.24321124 -17.55690987
-82.47880463 142.02689474 -17.68167058
-83.14601052 139.92601815 -17.78991546
-83.66095624 137.94621966 -17.89261523
-84.05525953 136.06435821 -18.01329039
-84.34403782 134.30818360 -18.11948828
-84.52664843 132.65660853 -18.23443951
-84.62294157 131.04722051 -18.35233802
-84.61899718 129.47477547 -18.48117758
-84.55087626 127.97663831 -18.61354054
-84.39756485 126.55779610 -18.76506306
-84.21160734 125.21447891 -18.90461687
-83.97810652 123.91717628 -19.06213119
-83.69554370 122.67268751 -19.22711984
-83.37721584 121.46075178 -19.39141536
-83.01979851 120.27496970 -19.56885427
-82.62014267 119.13835531 -19.74819473
-82.21181787 118.01102061 -19.91780196
-81.77297487 116.92575871 -20.10398220
-81.32074915 115.84800512 -20.27925156
-80.87613134 114.80741342 -20.43839615
-80.41144903 113.76740207 -20.61574677
-79.94800368 112.76807980 -20.80197051
-79.48690024 111.75574890 -20.99235498
-79.02525179 110.74038167 -21.18101096
-78.56260817 109.70908070 -21.37274280
-78.09235314 108.66153032 -21.55441589
-77.64576201 107.59343225 -21.72194136
-77.19853592 106.49933899 -21.89283760
-76.78709742 105.38563478 -22.04219518
-76.38084121 104.23383856 -22.18756362
-75.99401238 103.07847828 -22.31348066
-75.63769559 101.84055889 -22.39350454
-75.31193511 100.64487282 -22.43265048
-75.00323993 99.36469983 -22.44641294
-74.69961409 98.01538731 -22.41590193
-74.40700715 96.61521558 -22.34899240
-74.15122706 95.19196503 -22.23489443
-73.92017022 93.72209346 -22.06790948
-73.71731802 92.20433597 -21.85188773
-73.51023463 90.63865466 -21.57145557
-73.27892205 88.99861608 -21.22271789
-73.07412010 87.33749751 -20.77922140
-72.84742458 85.56133164 -20.27341929
-72.63816677 83.80074465 -19.64554594
-72.42136235 81.99842507 -18.93571067
-72.17945810 80.22710518 -18.14939128
-71.97863291 78.46474886 -17.39341509
-71.79913339 76.71345825 -16.71195049
-71.64328785 74.99592387 -16.08853693
-71.49179677 73.31358356 -15.50693638
-71.32939184 71.63193635 -14.96845308
-71.11793508 69.93087113 -14.46782178
-70.89143725 68.27741679 -14.03322940
-70.61854542 66.68490989 -13.65939149
-70.30699257 65.13846579 -13.32485486
-69.96831675 63.63884041 -13.01232583
-69.58832298 62.15000363 -12.78350729
-69.18932007 60.72725745 -12.56946864
-68.75908481 59.31720239 -12.38544944
-68.27796866 57.93395344 -12.26076297
-67.76196994 56.88953655 -12.26049098
-67.18000766 55.29263879 -12.25816960
-66.88782548 54.72193283 -12.29915155
-66.50763555 54.13602888 -11.95833235
-66.09274377 53.24718042 -11.71449087
-65.47048627 51.50198271 -11.88743102
-64.86937885 50.11780551 -11.78505792
-64.39533071 49.21122068 -11.35086298
-63.72546618 47.50772525 -11.07244545
-63.03567388 45.88862756 -10.53311377
-62.56790945 44.33006949 -10.61743226
-62.10754054 43.04107785 -10.33749135
-61.42514625 41.33610608 -9.96288271
-60.95786000 40.20577835 -9.66387512
-60.54032304 38.91441178 -9.27513948
-60.21585761 38.16259524 -9.14636935
-59.81763626 37.30092483 -8.61550978
-59.45908651 36.20455035 -8.26508758
-59.51108177 35.98737587 -8.22956264
-59.24569702 35.10409116 -8.20393986
-58.73743595 33.69582568 -8.00796958
-58.31726134 32.28476557 -7.73314430
-57.76224745 30.65823554 -7.79581494
-57.36820692 28.85227373 -7.96435524
-56.99074769 27.55252281 -7.97268221
-56.54935037 26.22416387 -7.95952478
-56.15843130 24.78000292 -7.97090717
-55.75166560 23.55142539 -7.99072757
-55.29963791 22.33974266 -7.96041833
-54.95487259 21.56287898 -7.83323775
-54.67050101 20.79051270 -7.72777073
-54.33558533 19.94452729 -7.61873241
-53.89249838 18.63726570 -7.76881022
-53.16227435 17.23943117 -7.51307620
-52.54434831 16.00944542 -7.34765349
-51.85885621 14.62317324 -7.09559707
-50.93592104 12.72809443 -7.07300922
-50.42223310 11.77232801 -6.99234022
-50.13031949 11.26499221 -6.87732113
-49.99223342 10.90886293 -6.85199299
-49.30615219 9.58438588 -6.81803513
-49.32012552 9.38595970 -6.97951526
-49.52909985 9.05088375 -7.07279231
-49.12957491 8.08568412 -7.24798696
-48.94974595 7.81854371 -7.33516133
-48.66432679 7.37450894 -7.28947416
-48.63964691 8.14359959 -6.80272877
-47.92590083 6.86365580 -6.93106174
-47.58376920 6.42999614 -6.91048028
-46.76494023 5.05565693 -6.95766199
-46.42909030 4.77375704 -6.79533778
-46.05280385 4.31157635 -6.78390213
-45.57826478 3.67580865 -6.73335393
-45.35124225 3.30149869 -6.81609251
-44.59989230 2.64791686 -6.59286431
-44.44792269 2.70727618 -6.59655397
-44.08366314 2.25552423 -6.74412028
-43.54944409 1.83780396 -6.67645412
-43.29206852 1.72388939 -6.44845506
-42.97754952 1.29290688 -6.48908623
-42.44702459 0.71900250 -6.47086638
-41.57562105 -0.05376813 -6.31470752
-40.75181413 -0.83597620 -6.18957194
-40.08952821 -1.10273275 -5.95377900
-39.29420586 -1.89521115 -5.87296305
-39.00008875 -2.21896726 -5.80401525
-38.20543465 -2.81254826 -5.65638421
-37.78325945 -2.81210879 -5.53639298
-37.21502650 -2.87893971 -5.35903608
-36.42942543 -3.13125280 -5.10196870
-35.57425404 -3.56665399 -4.89081241
-34.69726528 -3.86442027 -4.60448532
-33.98255522 -4.01793280 -4.38996800
-33.26235012 -4.14962764 -4.16188740
-32.50027738 -4.23598403 -3.92955774
-31.77999588 -4.31762397 -3.71259181
-31.05667457 -4.38233865 -3.50887285
-30.34899696 -4.37834394 -3.29240396
-29.64481388 -4.33810365 -3.06259850
-28.93363884 -4.27598826 -2.83496776
-28.23070512 -4.20640086 -2.61198809
-27.51889027 -4.12116221 -2.38798794
-26.82159259 -4.02720919 -2.16975890
-26.10768152 -3.90640013 -1.94698286
-25.37987268 -3.80425299 -1.72634077
-24.65296052 -3.71104709 -1.50729338
-23.95899180 -3.59829571 -1.30884631
-23.26320565 -3.48300704 -1.12021699
-22.57621057 -3.38073769 -0.94777645
-21.90637705 -3.28133979 -0.79089268
-21.23029091 -3.16853697 -0.64411809
-20.56421409 -3.06521396 -0.50039199
-19.88623340 -2.96395038 -0.36507057
-19.25090944 -2.86210257 -0.24238362
-18.63012554 -2.76075497 -0.12589315
-18.01548149 -2.68722715 -0.02455159
-17.41380161 -2.60476850 0.07685133
-16.81336620 -2.54502344 0.16343327
-16.21931578 -2.48694378 0.25083145
-15.62240669 -2.43480677 0.33093687
-15.06883290 -2.36519966 0.40066197
-14.53848850 -2.28182184 0.45942706
-14.03151330 -2.23944548 0.50747997
-13.53267410 -2.19759091 0.54461755
-13.05907483 -2.15059695 0.58139110
-12.62149153 -2.13409405 0.59779513
-12.21018493 -2.09559767 0.61184742
-11.81876535 -2.07678237 0.61529259
-11.46182872 -2.04847647 0.61017153
-11.11205144 -2.03453527 0.59464818
-10.75233938 -2.00696140 0.59250424
-10.42553458 -2.02532300 0.57374186
-10.11598212 -2.03802188 0.55700799
-9.81245521 -2.03431677 0.54226302
-9.50806873 -2.02338372 0.52685875
-9.21838973 -2.02239865 0.50624248
-8.93205265 -2.01339982 0.48961545
-8.66703893 -2.02492286 0.46801787
-8.40277506 -2.02351537 0.44941511
-8.13749137 -2.00928245 0.42931552
-7.86968595 -2.00348089 0.40409880
-7.59540939 -1.99006968 0.38106934
-7.29613810 -1.95408893 0.36944490
-6.99263763 -1.92298252 0.36789966
-6.68682890 -1.87280721 0.37671571
-6.37226693 -1.80977575 0.38546797
-6.03835586 -1.73423522 0.38845974
-5.68545268 -1.66289111 0.40513011
-5.37362151 -1.57592241 0.42176310
-5.00946311 -1.43684575 0.44095487
-4.63269067 -1.29789408 0.45618008
-4.26402663 -1.17701786 0.46933604
-3.86603663 -1.02360413 0.47800419
-3.60024981 -0.79408449 0.46438334
-3.25582429 -0.45160623 0.49231716
-3.07416243 -0.33339371 0.42215560
-2.74829568 -0.23886158 0.37228684
-2.27319920 -0.01523245 0.41798593
-1.91416843 0.57276769 0.46797368
-1.47482933 1.21653226 0.46865110
-0.87316572 1.83204132 0.59169464
-0.20558227 2.16058750 0.75407656
0.39295326 2.65974641 0.83719781
0.58976759 3.03094739 0.80113881
1.16479856 3.20260701 0.84692912
1.45703219 3.91407020 0.87528255
1.28439546 4.34005375 0.95818921
1.65702017 4.74610853 0.97180886
2.05789955 5.20385176 1.01179169
2.22750853 5.82162682 0.99801936
2.45230285 6.36876423 1.00220039
3.02108266 7.18707161 1.08057974
3.47761336 8.07481401 1.13466654
3.82622765 8.55069220 1.14856388
4.12047238 9.00545599 1.17366409
4.56140573 9.93829980 1.19097890
4.96905917 10.73059030 1.22034558
5.38566886 11.52435517 1.24784565
5.80597341 12.30444312 1.26169861
6.23715411 13.10487827 1.27548328
6.67735623 13.92003203 1.28074307
7.13182955 14.77687565 1.28648080
7.59672250 15.62608556 1.29435277
8.06641817 16.53552845 1.28760045
8.53897304 17.42421685 1.27591820
9.02601554 18.35792984 1.25383002
9.51348591 19.25958449 1.23229132
10.00395972 20.18334055 1.21442263
10.51319790 21.12183640 1.18743639
11.02124718 22.09175686 1.16883145
11.51287523 23.02838754 1.14687382
12.00111215 23.94448163 1.11767250
12.49521763 24.89082916 1.05928996
12.99883777 25.84066407 1.01928808
13.51370960 26.80475222 0.98324129
14.02449832 27.78937820 0.94927848
14.53667814 28.76156944 0.91255385
15.04736487 29.69768589 0.87623201
15.54779923 30.65933526 0.82799313
16.05169005 31.64390697 0.78688186
16.55619895 32.62452765 0.75749082
17.04790608 33.62469863 0.72274828
17.55831457 34.62893743 0.69353876
18.07889170 35.63164832 0.66508564
18.61040264 36.67897594 0.63252926
19.14976700 37.70364380 0.59312321
19.68580515 38.72096929 0.56459814
20.20959076 39.73091665 0.53691011
20.73007012 40.71615321 0.51939754
21.23422036 41.69819272 0.51507697
21.73734343 42.68543837 0.50802169
22.23459275 43.66320272 0.48915497
22.76576722 44.65941434 0.48270873
23.28835207 45.66980797 0.47681067
23.82205811 46.67803263 0.48474627
24.35266943 47.67466524 0.49191893
24.89590657 48.68776963 0.49838101
25.42156758 49.70629886 0.49877089
25.96883034 50.76596507 0.50259653
26.51479708 51.81852497 0.51027189
27.06550154 52.86177541 0.50627447
27.60347262 53.93177922 0.49090692
28.16327466 55.00463463 0.47425874
28.71480544 56.06844523 0.46394920
29.25179813 57.11350821 0.47138837
29.78116326 58.16255272 0.48087187
30.31735413 59.21030228 0.49285023
30.86636012 60.26496542 0.50652655
31.41345356 61.32882199 0.50900796
31.95782573 62.38123821 0.51202304
32.50693358 63.43756567 0.51528464
33.05667888 64.49371956 0.51302622
33.60779291 65.54124834 0.50281089
34.14724024 66.58646160 0.50120593
34.69365066 67.63235787 0.51522437
35.23673067 68.68174609 0.54236928
35.76229690 69.71942841 0.55351189
36.29455319 70.75227198 0.57559307
36.83431784 71.78108411 0.60641707
37.36043706 72.82144436 0.62007679
37.87592395 73.85183963 0.62820023
38.38608123 74.87465347 0.63117978
38.88899710 75.87664883 0.61839886
39.41749374 76.88630200 0.60343715
39.92972393 77.88946049 0.57966958
40.42850979 78.89066606 0.58497716
40.94386989 79.89268291 0.59569099
41.46105706 80.90602966 0.60742044
41.97994769 81.90800853 0.61937911
42.51256294 82.91375610 0.62125528
43.03741496 83.89587908 0.61926875
43.56562373 84.89356193 0.61021290
44.08624626 85.87753522 0.61315222
44.61453187 86.86269227 0.60908180
45.13387994 87.84807925 0.61399314
45.67199592 88.83402078 0.62393133
