-0.00001124 0.00001406 0.00000101
0.38799552 0.31545060 0.02680055
0.83397564 0.65158247 0.04071604
1.26791461 1.04171931 0.04710055
1.72278253 1.44693688 0.05438566
2.16480577 1.86218746 0.06136820
2.63700252 2.34762706 0.06218193
3.09627413 2.84192512 0.06298194
3.56032522 3.37435173 0.05658245
4.06548824 3.98267724 0.05088674
4.55258903 4.57573938 0.04311568
5.01809245 5.17238224 0.02891563
5.47028722 5.81660932 0.01174055
5.94993502 6.47511298 0.00336252
6.41331067 7.14869460 -0.01175386
6.87367962 7.85887826 -0.01516418
7.32343643 8.57645009 -0.03018046
7.79809907 9.35695022 -0.04055612
8.25452044 10.12842990 -0.04739180
8.72147459 10.93357845 -0.05360018
9.18388520 11.77192248 -0.05147843
9.63340156 12.59909885 -0.04614893
10.07343292 13.44252709 -0.04342062
10.49267314 14.28822134 -0.04481049
10.92485728 15.15814344 -0.04216832
11.35413449 16.03747587 -0.03837826
11.76604697 16.94194898 -0.03015442
12.18752754 17.85806328 -0.01495559
12.61818040 18.79649924 -0.00894723
13.03606908 19.72337454 -0.01271292
13.45065617 20.63649053 -0.01460689
13.84362961 21.55314263 -0.01877534
14.26145177 22.46522409 -0.01943700
14.68708761 23.39879195 -0.01414267
15.10269543 24.30959621 0.00002757
15.51019915 25.24985482 0.00976084
15.92344105 26.16242835 0.01746392
16.33084852 27.09185149 0.02043056
16.72570679 28.00899002 0.02691800
17.14421584 28.98642129 0.03481442
17.53926861 29.90806699 0.05214341
17.95607414 30.88502318 0.05867271
18.36336198 31.83384165 0.06665832
18.78786520 32.81660697 0.08148643
19.19457739 33.78591181 0.10205193
19.62742531 34.77251675 0.09370267
20.07800464 35.78295141 0.08520199
20.49830784 36.72568191 0.08435183
20.90610692 37.71838713 0.07104588
21.30171981 38.66196873 0.07196789
21.68973507 39.57938535 0.08191098
22.08770848 40.52802528 0.10007229
22.48753487 41.46484128 0.11415100
22.87688375 42.37354797 0.11594874
23.27142286 43.27874404 0.12501535
23.65338572 44.18110581 0.13049437
24.05695857 45.08909814 0.14911383
24.43662275 45.97405444 0.15660284
24.83414082 46.86087664 0.16707306
25.23986288 47.77463411 0.17704750
25.62857406 48.66880408 0.19278607
26.04285251 49.57531483 0.20249105
26.44588397 50.47114973 0.21763613
26.84720347 51.39334468 0.21129859
27.24338707 52.28896167 0.21146797
27.65215316 53.18292628 0.19835682
28.04333944 54.05592620 0.19543953
28.42721002 54.90711863 0.18934239
28.81339683 55.75303664 0.20299934
29.18231974 56.54906961 0.21267337
29.54656022 57.35361014 0.21795773
29.91746845 58.14259215 0.22224016
30.26112480 58.91048757 0.22798274
30.60802902 59.65950950 0.23635040
30.95899886 60.40525003 0.24422993
31.30146760 61.14596588 0.25156579
31.63836173 61.90618192 0.25234213
31.98180524 62.64818983 0.25921021
32.29653763 63.34468767 0.25843937
32.60972281 64.02789257 0.24741686
32.92087504 64.68419452 0.24637913
33.22724068 65.35930327 0.24887534
33.51982222 66.00322505 0.25366434
33.81013729 66.61475823 0.27378228
34.09344057 67.21481057 0.27738202
34.37249309 67.77663955 0.28630413
34.63242578 68.33590344 0.29909133
34.88518862 68.86430724 0.30645781
35.12991244 69.39678520 0.31376540
35.37733806 69.91513668 0.32224779
35.62389719 70.40521013 0.33969771
35.87305775 70.89197203 0.36011395
36.10930663 71.36087925 0.37611528
36.33291234 71.80190184 0.37976441
36.57112798 72.23217508 0.36941964
36.81944139 72.66273813 0.36858193
37.07167522 73.07501438 0.37442994
37.31694478 73.47609726 0.38954632
37.57734261 73.86938581 0.39622358
37.82508754 74.23884116 0.39749965
38.08741971 74.56279761 0.39434283
38.35871973 74.90036086 0.39652289
38.65810238 75.21641491 0.39031420
38.94048783 75.50937118 0.38886588
39.23604193 75.78744200 0.38076157
39.55192225 76.03114223 0.37807362
39.88067230 76.28525078 0.35833590
40.23679086 76.51044738 0.35280728
40.59424090 76.68871901 0.35323864
40.97434492 76.86328168 0.35235965
41.34867773 77.02445920 0.34837270
41.73565201 77.13760746 0.33972538
42.12857054 77.22450044 0.33264539
42.52331159 77.28434296 0.32730016
42.90916921 77.34572989 0.32366998
43.29961006 77.38781870 0.31693690
43.69806710 77.39377113 0.30495365
44.10216433 77.37880390 0.28634549
44.49851986 77.31687821 0.28692906
44.87367108 77.24038637 0.28939594
45.27559069 77.19188756 0.29345009
45.65953564 77.12879647 0.28706267
46.06405875 77.04811358 0.27410597
46.45541024 76.92138973 0.25770750
46.86158636 76.79167933 0.25042110
47.26026553 76.63125169 0.23118587
47.67478776 76.49093449 0.21210896
48.10133858 76.31954659 0.20885143
48.55327788 76.13670959 0.21057849
48.99533332 75.94860858 0.21951042
49.45793928 75.74513511 0.21403306
49.93353959 75.52079685 0.20966778
50.39557017 75.28936015 0.20791002
50.86179198 75.05314345 0.19964002
51.36564165 74.79099297 0.19053678
51.86846977 74.55844240 0.18209214
52.37578266 74.28767768 0.17564022
52.92455588 73.99561577 0.16820310
53.45290693 73.70244082 0.16318057
54.01024818 73.40724819 0.16047744
54.56987329 73.09111053 0.15601842
55.14018496 72.77264601 0.15370500
55.73028300 72.43648402 0.16072028
56.34959047 72.07052707 0.16181202
56.98991066 71.71870973 0.16023665
57.63607985 71.35947040 0.16170936
58.30106362 70.99068795 0.16134242
58.98428554 70.62055690 0.15684756
59.69296958 70.24242327 0.15644817
60.43822082 69.86846038 0.15543065
61.14697024 69.50425537 0.14858322
61.87244250 69.12884476 0.14767123
62.59774951 68.75912438 0.14115538
63.31872966 68.38226437 0.13672315
64.04278689 68.02574049 0.13918070
64.76982783 67.66514748 0.14761383
65.49432886 67.29131490 0.16459608
66.22968529 66.91591599 0.18008232
66.93050210 66.55552392 0.19383959
67.65886691 66.18839284 0.20587129
68.37989331 65.81499779 0.21229947
69.08218071 65.45242463 0.22202211
69.78776688 65.09467353 0.23215712
70.48588414 64.72342943 0.24356743
71.20183607 64.34469249 0.25512061
71.89543719 63.97947466 0.26573272
72.59228649 63.57727815 0.26755129
73.27382805 63.18252008 0.27060318
73.94275574 62.79376699 0.27099671
74.62098115 62.38682421 0.27666458
75.30800354 61.97663162 0.27449712
75.96921201 61.57913460 0.27356696
76.62920834 61.16032687 0.26753924
77.26789796 60.72563466 0.26952297
77.91080494 60.30456733 0.26271757
78.52415846 59.87769034 0.25759149
79.15552921 59.43960125 0.26187601
79.79901470 58.99004227 0.25707414
80.42047810 58.54971587 0.26013324
81.02403760 58.10455160 0.26501142
81.61703867 57.67881645 0.26941359
82.18335210 57.25818480 0.27797126
82.73185286 56.84349429 0.27495708
83.27675195 56.43402455 0.27866295
83.79535523 56.04926900 0.27610540
84.31696442 55.64495290 0.27984342
84.83303661 55.24956328 0.28347269
85.34138384 54.86022823 0.28423236
85.83584234 54.49528705 0.29038291
86.29390085 54.15179822 0.28866521
86.75477488 53.82701868 0.29386185
87.19583493 53.51206326 0.29283685
87.63872034 53.21518150 0.30723404
88.09434120 52.91854449 0.31260069
88.54335222 52.64050187 0.31521297
88.99001362 52.37821352 0.31820993
89.44276051 52.12683452 0.31910428
89.90143719 51.91333546 0.33430080
90.37619820 51.70238217 0.34411974
90.83332688 51.52908096 0.35179215
91.29387666 51.36465803 0.36097324
91.74587594 51.24567163 0.35384678
92.19878244 51.13982211 0.36389298
92.65151119 51.06008943 0.36882156
93.11030251 51.02603852 0.37871094
93.56202510 51.00763281 0.38296057
93.99617658 51.03169379 0.38013718
94.45264018 51.07340071 0.38759439
94.88477184 51.13904107 0.39132236
95.31039297 51.24633340 0.41146240
95.72501650 51.38123918 0.42920245
96.13913116 51.55922327 0.44516357
96.55144027 51.75374750 0.45173676
96.94635687 51.97491441 0.46493998
97.32258181 52.22271948 0.47513376
97.70222427 52.50069169 0.48346244
98.06591457 52.79855907 0.47816658
98.42329373 53.10523118 0.45891421
98.78330310 53.43386067 0.45597327
99.13107396 53.75996538 0.45449705
99.48486545 54.10285043 0.45875098
99.83568917 54.47664104 0.44783520
100.19169827 54.87314485 0.44728807
100.55430601 55.26101071 0.43384906
100.92948729 55.67273985 0.43771393
101.30627045 56.08257440 0.42717638
101.71709917 56.50641087 0.42005223
102.13162012 56.93447581 0.41583487
102.53997731 57.37569409 0.41922123
102.96797906 57.82828603 0.41829821
103.42258622 58.29305261 0.42944176
103.88232078 58.76181139 0.43710360
104.35777111 59.22627731 0.44365973
104.83162970 59.68768160 0.44238001
105.30644582 60.14572619 0.44303501
105.78303427 60.61161159 0.44490008
106.26675489 61.08669274 0.43708258
106.76903255 61.57245157 0.43034855
107.27108046 62.06327093 0.42246107
107.78667631 62.56213195 0.43274509
108.29945421 63.07785442 0.44399310
108.81352308 63.59742987 0.44562031
109.33317685 64.14398483 0.43982929
109.86367647 64.69011630 0.42169160
110.41013066 65.25291440 0.40564972
110.96754171 65.82894136 0.40746911
111.51558496 66.40834549 0.40503290
112.07974259 67.00866813 0.40842756
112.64813068 67.60845968 0.39673945
113.22058477 68.22574897 0.39007372
113.78206934 68.84257122 0.38757093
114.36141139 69.46908065 0.37693509
114.92252477 70.08440910 0.37022031
115.49175517 70.69293401 0.37175796
116.07398642 71.33837824 0.36088213
116.66639757 71.98728572 0.35508312
117.26358710 72.60430202 0.35870555
117.84574462 73.21744669 0.34830850
118.44041470 73.81961496 0.35244725
119.03767923 74.42376615 0.35876889
119.63154644 75.03474305 0.37077391
120.21523968 75.64251210 0.38315890
120.81173718 76.25420588 0.39260590
121.40337600 76.86591651 0.39532721
122.00078809 77.46594306 0.38709292
122.59050102 78.05075555 0.37301873
123.20025202 78.64351092 0.37892387
123.79703537 79.25030586 0.39253589
124.39935944 79.85271971 0.41800565
124.99863435 80.45514896 0.44262798
125.57940548 81.04665162 0.42897609
126.15633850 81.64568791 0.41132339
126.73363212 82.23238263 0.37884829
127.32152526 82.82016890 0.38298901
127.89705521 83.41266899 0.39845543
128.47030819 84.00230639 0.40120452
129.04240117 84.60139513 0.40549887
129.58731599 85.18890890 0.41857010
130.12759580 85.76624791 0.41683952
130.68250840 86.36262390 0.41972879
131.24222061 86.95096306 0.42594440
131.79348164 87.53068627 0.42717737
132.33464248 88.11143554 0.42559849
132.88793586 88.69577958 0.41956798
133.42710222 89.28699296 0.42188254
133.97273468 89.89885124 0.42320523
134.52196582 90.51140446 0.42932714
135.06658035 91.12953509 0.43644778
135.60212699 91.76051520 0.42310155
136.15022324 92.40633535 0.39435236
136.70721461 93.03980309 0.36606820
137.24737807 93.66439960 0.33971052
137.78655747 94.28572768 0.31063308
138.29225626 94.91179900 0.31274027
138.79049490 95.54712199 0.30824085
139.27050331 96.16025489 0.30207133
139.77316440 96.79944908 0.30167502
140.27898967 97.44790379 0.31515912
140.77437674 98.09495265 0.32759590
141.25355722 98.76731875 0.34057298
141.73850944 99.43487027 0.33487894
142.19892442 100.08333823 0.33675143
142.66807049 100.75625650 0.33606222
143.12694906 101.44011835 0.33620869
143.58159629 102.11566757 0.32949237
144.06874449 102.81743554 0.31314542
144.54412623 103.49820242 0.31836403
145.01202306 104.19502510 0.31952261
145.48114140 104.91211376 0.32968855
145.95242969 105.59253525 0.31943416
146.40841074 106.25797294 0.30720468
146.87721328 106.95971343 0.28688337
147.32594866 107.65633617 0.28124667
147.76879567 108.35244711 0.27756502
148.22887582 109.06343336 0.28037835
148.68159313 109.78033287 0.26288845
149.11314960 110.48885052 0.26475994
149.54951973 111.20435437 0.25218214
149.96780690 111.90745862 0.22620489
150.39451964 112.63399314 0.22161255
150.81657557 113.38403626 0.22484555
151.21922769 114.14608124 0.22957532
151.61825133 114.87345153 0.23759568
152.00403627 115.59362113 0.22574764
152.38210863 116.32203258 0.21959732
152.75124475 117.05960437 0.19545358
153.13432783 117.80721844 0.17426196
153.53150540 118.55765283 0.18071965
153.92263665 119.32490895 0.18683475
154.31178184 120.08892511 0.17575978
154.70065860 120.85064256 0.15647138
155.08876714 121.60722056 0.13489296
155.47006423 122.32149210 0.10647650
155.86482822 123.05356409 0.09826970
156.23084870 123.77561114 0.10769067
156.60513597 124.51875585 0.11437243
156.98112752 125.23855227 0.11950733
157.35722728 125.95090949 0.11018623
157.71460103 126.65958313 0.09414730
158.07090972 127.35871748 0.07965160
158.43006959 128.07534893 0.07584907
158.78287017 128.78953547 0.08158749
159.14090927 129.52607989 0.07736964
159.50117103 130.23784211 0.06454376
159.86870551 130.97804167 0.05686537
160.22315218 131.68091851 0.03995505
160.57983141 132.38877909 0.03009081
160.93702553 133.11917279 0.01782172
161.31874044 133.87401795 0.02577540
161.67675291 134.56947008 0.00796485
162.01726958 135.25337575 -0.01076080
162.34919830 135.90482217 -0.03789117
162.67096437 136.54365629 -0.05012298
162.99109858 137.18766972 -0.05756810
163.31253137 137.80799702 -0.05787886
163.61915517 138.40762578 -0.06857319
163.91412538 139.01317014 -0.06225564
164.22054043 139.61680705 -0.05470168
164.51186852 140.21311130 -0.04687594
164.82654058 140.81764766 -0.05239773
165.12446480 141.38712367 -0.06134812
165.42485911 141.96696056 -0.06167950
165.72381270 142.53001116 -0.06109181
166.03590705 143.10952281 -0.05527033
166.34112910 143.66050139 -0.04015852
166.65637630 144.21990581 -0.02214741
166.98688709 144.77873437 -0.00198215
167.30170296 145.31092964 0.01159430
167.61506732 145.87699792 0.01345565
167.94475829 146.43590493 0.02038094
168.27691017 147.01344573 0.02365039
168.61083153 147.58001677 0.03298723
168.91536987 148.12982869 0.03858461
169.22247464 148.66908185 0.03093274
169.53578752 149.19359410 0.02760698
169.84583243 149.75492609 0.02591809
170.15707564 150.29987527 0.04505324
170.47677682 150.87078219 0.05094426
170.79590821 151.42348360 0.07074783
171.11789682 151.99939725 0.09165924
171.44184684 152.57074688 0.10138261
171.75283642 153.12853671 0.09244765
172.05927538 153.71456699 0.07348774
172.39348667 154.27551736 0.05449472
172.72494990 154.86697836 0.05075475
173.04689640 155.45892147 0.06311056
173.35838803 156.03535438 0.06277726
173.66476543 156.63760759 0.05557665
173.98416125 157.23679896 0.03726107
174.32199705 157.83533222 0.02224413
174.64416119 158.43940079 0.02422064
174.97365238 159.04398812 0.01565016
175.29785113 159.62437229 0.00639076
175.59153139 160.19237281 0.00226750
175.90079659 160.75612194 -0.01378439
176.21190894 161.34134860 -0.02387834
176.51178451 161.92771621 -0.03575316
176.81589142 162.53390178 -0.03664913
177.11420447 163.13592890 -0.02872405
177.41620870 163.69581758 -0.02123507
177.70119665 164.21685854 -0.01308801
177.97900834 164.75517614 -0.01005069
178.25686361 165.29646457 -0.01815152
178.52757414 165.79046840 -0.02062977
178.78746961 166.28166020 -0.02077837
179.02881206 166.76868734 -0.01906212
179.26170432 167.23938140 -0.02987182
179.48583423 167.71601728 -0.03166620
179.68475149 168.14992845 -0.03265418
179.88328337 168.62184624 -0.02628998
180.07251719 169.07998585 -0.02534908
180.25865897 169.54355755 -0.02134751
180.42453728 170.01107522 -0.01544222
180.54865044 170.45640745 -0.02379578
180.68300485 170.91683358 -0.03023086
180.78902291 171.35441276 -0.02876848
180.87227048 171.80070341 -0.02505853
180.91310788 172.23474604 -0.01723625
180.96040838 172.68578716 -0.01952347
180.97935481 173.11767376 -0.01508232
180.95575822 173.54119209 -0.01019018
180.93144160 173.98027444 -0.00927432
180.91618272 174.40066590 0.00100695
180.81762592 174.81356036 0.01582719
180.72091031 175.19415933 0.01613204
180.59786402 175.57937286 0.01272305
180.46126090 175.92168504 0.00741949
180.30209779 176.28671694 0.00548685
180.14965511 176.62117695 -0.00634149
179.98525414 176.94077252 -0.02005884
179.77322528 177.26937617 -0.03679710
179.52652945 177.59891850 -0.04784444
179.24388582 177.90857659 -0.06510082
178.95087679 178.22364483 -0.07314746
178.63222454 178.51754645 -0.07607462
178.28935179 178.83487908 -0.08817565
177.91137945 179.12524190 -0.09590408
177.52254086 179.41946830 -0.10634560
177.12043439 179.68822745 -0.11604521
176.67747375 179.95934045 -0.12489368
176.22662032 180.22551657 -0.13304405
175.76775082 180.50872959 -0.15084806
175.29027634 180.76706878 -0.16972964
174.77225078 181.03781435 -0.18226897
174.27297237 181.28468317 -0.19026925
173.72816345 181.56335171 -0.20202101
173.15234654 181.84122006 -0.20774132
172.57480963 182.12858264 -0.21499727
171.97748940 182.42776639 -0.22095273
171.36683850 182.73661915 -0.22620049
170.72581449 183.06102620 -0.22917951
170.06782087 183.38900477 -0.22661766
169.39201522 183.73622898 -0.23542085
168.69002921 184.09481317 -0.24919386
167.96848040 184.48818933 -0.25848514
167.23235703 184.88520598 -0.26621628
166.47980152 185.30098208 -0.26496383
165.70702017 185.73663479 -0.26753241
164.93386219 186.15601603 -0.27152626
164.14517262 186.60623183 -0.28191291
163.36571112 187.01912684 -0.28494783
162.59775849 187.42185273 -0.28223025
161.80646192 187.83911937 -0.27574719
161.02337331 188.24120814 -0.28485614
160.21639238 188.63841240 -0.29089883
159.39589733 189.05455707 -0.29067172
158.57008722 189.47314896 -0.29032429
157.76669316 189.86947194 -0.28520554
156.95263006 190.26680407 -0.28972033
156.15499139 190.64570483 -0.29927441
155.33031956 191.02775022 -0.31291200
154.51368591 191.42109025 -0.32311516
153.70495907 191.79243285 -0.33296316
152.88166321 192.16427576 -0.33663287
152.07421699 192.53192566 -0.34051277
151.26759956 192.89678697 -0.34510214
150.45896158 193.24967972 -0.34714718
149.67809833 193.60152522 -0.34206479
148.90023632 193.96890783 -0.33756472
148.11263755 194.33022815 -0.33214130
147.33928891 194.69475143 -0.32737516
146.54802306 195.08273526 -0.32731060
145.74992736 195.48294899 -0.32624582
144.94572217 195.87165257 -0.32297609
144.16355201 196.24339012 -0.33948244
143.38408388 196.62654467 -0.33539057
142.59342533 197.02087348 -0.33557801
141.80721442 197.39306106 -0.33668672
141.03649087 197.74862588 -0.34439456
140.27415425 198.10713236 -0.36027911
139.50251178 198.46232125 -0.36430552
138.72616652 198.81055151 -0.37310672
137.98085006 199.15334415 -0.36527446
137.24753436 199.48488190 -0.35611561
136.48307794 199.81653960 -0.35211741
135.73530124 200.12995852 -0.35688204
134.97028727 200.44678456 -0.35249001
134.19959860 200.75288775 -0.34835516
133.46596726 201.03908112 -0.35888574
132.74872281 201.32990284 -0.35812501
132.02501458 201.62910748 -0.36632560
131.29857996 201.92502935 -0.37328933
130.58908393 202.22696315 -0.38136763
129.90391679 202.51952009 -0.38128935
129.22871480 202.80016863 -0.38963628
128.55752443 203.08794348 -0.38873185
127.92930656 203.35623442 -0.38872414
127.30276151 203.63296751 -0.38854762
126.68377764 203.91243735 -0.39249735
126.09679715 204.17126910 -0.38534734
125.50707038 204.44746521 -0.39841664
124.95214531 204.71474513 -0.40183617
124.38609516 204.98121260 -0.40791962
123.83862113 205.22567415 -0.40514439
123.31921688 205.47534037 -0.40146606
122.79387370 205.73619139 -0.40072639
122.29877774 205.97500897 -0.40613151
121.84248564 206.20881118 -0.40837425
121.36505616 206.44020083 -0.41154589
120.92148879 206.65953333 -0.41080518
120.49524312 206.88154213 -0.41463046
120.07795329 207.09553042 -0.41683470
119.68410350 207.29157576 -0.41174331
119.30755659 207.49472267 -0.41538730
118.93133913 207.69423223 -0.41595620
118.60858164 207.88168234 -0.42035237
118.30438100 208.06441783 -0.40991746
117.99681087 208.25411893 -0.41127926
117.73044655 208.41287110 -0.40355695
117.47342129 208.57094794 -0.40288217
117.22487523 208.72583740 -0.40296621
117.02080621 208.85388851 -0.40920164
116.83285181 208.98630653 -0.40946014
116.66180318 209.08819478 -0.40687780
116.49373523 209.18454263 -0.40940076
116.35742953 209.24477572 -0.41236319
116.24380584 209.30485679 -0.41456763
116.17840220 209.32004991 -0.41193958
116.11365974 209.35749943 -0.41296894
116.08028760 209.36972026 -0.41429500
116.04185836 209.38554683 -0.41825119
116.00277915 209.39616235 -0.41860101
115.98230181 209.40266749 -0.42234922
115.95535168 209.40931208 -0.42435958
115.95489260 209.40403811 -0.42442139
115.95525767 209.40397614 -0.42834126
115.95613726 209.38879754 -0.42885380
115.96702757 209.38997432 -0.42360741
115.97675497 209.39154379 -0.42221615
115.95705207 209.39646825 -0.42070385
115.96211650 209.40059711 -0.42770450
115.94633601 209.40514193 -0.42494202
115.93627336 209.41636642 -0.42918791
115.92081197 209.42707894 -0.43005785
115.90786149 209.43306307 -0.42556003
115.89549184 209.44336546 -0.42378364
115.87623920 209.44451140 -0.42520736
115.84646295 209.46643993 -0.43209640
115.83697548 209.48437109 -0.43841441
115.81019018 209.50096254 -0.44672210
115.76531343 209.54189916 -0.43999403
115.70633829 209.56433297 -0.43877781
115.65296433 209.60998033 -0.44085728
115.55343721 209.67206543 -0.44172176
115.43975666 209.75879583 -0.43637109
115.32450881 209.85159274 -0.42729694
115.17337563 209.93699628 -0.43046731
115.03072897 210.04019400 -0.43025412
114.85756485 210.14993411 -0.43606611
114.66133681 210.30352258 -0.43230310
114.49062221 210.44247240 -0.42753900
114.26561239 210.62222680 -0.43022433
114.06481883 210.78539892 -0.43041527
113.87082050 210.97718332 -0.42942954
113.67608549 211.20244146 -0.42804122
113.46816611 211.40656827 -0.42570830
113.25869709 211.62892900 -0.41614870
113.05278293 211.85898132 -0.40818558
112.86060853 212.13877153 -0.40685909
112.65713558 212.39494255 -0.40997102
112.43920611 212.67815291 -0.41252104
112.27556851 212.98989963 -0.41851825
112.12578513 213.31210864 -0.42138106
111.98036279 213.66489296 -0.41861652
111.83682147 214.03122760 -0.42699184
111.70394388 214.40233694 -0.44206361
111.59519311 214.81777478 -0.46170721
111.50607468 215.22753910 -0.47761344
111.45101284 215.69494654 -0.49805615
111.43309606 216.19710946 -0.48985331
111.44279300 216.70851246 -0.49255621
111.46973673 217.25581210 -0.49953927
111.52759327 217.77485061 -0.50436645
111.62058970 218.34245400 -0.51457654
111.73781977 218.91242923 -0.52612809
111.89733446 219.46872728 -0.53530680
112.08258182 220.03140328 -0.54774410
112.31894028 220.63177902 -0.55536903
112.54879004 221.22743079 -0.56046362
112.82813359 221.83660798 -0.55364614
113.11742644 222.42311040 -0.55690487
113.41488459 223.03088475 -0.55459614
113.73697125 223.65964503 -0.56893578
114.07331273 224.28468539 -0.57837620
114.41778054 224.91020894 -0.58730537
114.76574643 225.57809986 -0.59134372
115.10418768 226.20484270 -0.59978945
115.49361548 226.88354802 -0.60044457
115.89109962 227.55335635 -0.60975744
116.28437058 228.23741321 -0.61169600
116.67492570 228.92328969 -0.61808143
117.06753570 229.60957526 -0.62419445
117.46958466 230.29811361 -0.64548925
117.86672356 231.00811802 -0.65468768
118.28399450 231.74036940 -0.66248325
118.70617977 232.51778415 -0.66586508
119.14014738 233.27787391 -0.67635716
119.58119266 234.05569453 -0.65847513
120.03399305 234.81980056 -0.66836883
120.49864169 235.63858326 -0.67543974
120.95994659 236.44309385 -0.70779240
121.42215532 237.28590722 -0.73372937
121.86705384 238.08627939 -0.74867187
122.32806774 238.90373089 -0.74997758
122.78875514 239.78315867 -0.74438142
123.27323700 240.66362776 -0.74050660
123.74076156 241.51752929 -0.74004692
124.23139893 242.38783178 -0.75122622
124.74059098 243.28738491 -0.76623562
125.25434035 244.17416005 -0.78819713
125.78419596 245.09801544 -0.80385448
126.30823914 246.02234472 -0.81210827
126.84227811 246.96980413 -0.82282325
127.35737973 247.90661132 -0.82680015
127.89381478 248.87115674 -0.82722462
128.41435058 249.80548256 -0.84216992
128.90777604 250.71760648 -0.84952059
129.42432396 251.64607337 -0.85846910
129.93310489 252.58889288 -0.85034698
130.41834988 253.49798002 -0.84808621
130.90240796 254.43964234 -0.82687744
131.40025764 255.38838245 -0.80438640
131.88609635 256.32725438 -0.80044572
132.37607524 257.25159136 -0.80107790
132.86594857 258.20859358 -0.81981155
133.37577061 259.16496565 -0.82773326
133.84622409 260.07432163 -0.83879173
134.34030737 261.00850251 -0.84567055
134.82855833 261.92866283 -0.83994979
135.29722580 262.85456137 -0.84079468
135.76662145 263.78289513 -0.83628704
136.24818993 264.70050954 -0.84785227
136.73977333 265.62985426 -0.85439648
137.21153888 266.54742487 -0.85901480
137.68983487 267.46034126 -0.87650264
138.16913637 268.40255672 -0.88575374
138.63236082 269.28500158 -0.90272206
139.10466788 270.21095790 -0.93047191
139.57311636 271.12839676 -0.94176432
140.05810560 272.08535088 -0.95161794
140.53569257 273.02308803 -0.96052112
141.00077515 273.94780674 -0.95952341
141.48044609 274.86104328 -0.97189457
141.96307830 275.78440511 -0.97194543
142.44940135 276.71344651 -0.97554829
142.92275335 277.63073687 -0.97659696
143.42103037 278.55398496 -0.98596849
143.91147536 279.49507441 -0.99909949
144.42361797 280.45141985 -1.00402691
144.91665373 281.38239467 -1.02830889
145.39562910 282.30596072 -1.02540788
145.91397268 283.30615283 -1.02907432
146.42033971 284.25553388 -1.03721507
146.91372522 285.18034077 -1.04237409
147.41760701 286.13498372 -1.04713942
147.92099232 287.07900170 -1.03415548
148.46747335 288.10277569 -1.03313778
148.98187477 289.05356898 -1.03891532
149.48605401 290.00201474 -1.03147033
149.97645789 290.91968130 -1.04768822
150.48059264 291.86748117 -1.04430946
150.97761873 292.80705334 -1.04484870
151.49114793 293.73284540 -1.05538051
152.01381189 294.68152310 -1.04702019
152.50896978 295.61186918 -1.04484301
153.00500133 296.56272843 -1.03967269
153.49884941 297.48992973 -1.03345922
154.00664935 298.42796285 -1.03210613
154.49827545 299.31363942 -1.03011604
155.02045611 300.27520117 -1.03234393
155.51305224 301.19424572 -1.03563010
156.00727975 302.12380382 -1.03746103
156.47571103 303.01141276 -1.03385860
156.96563446 303.91355096 -1.03909195
157.41246846 304.75262521 -1.05269158
157.87581746 305.61199981 -1.04394270
158.32451246 306.44804333 -1.02921499
158.75658355 307.28291467 -1.02515193
159.16948826 308.12732744 -1.01176578
159.58331941 308.94136449 -1.00613187
159.99471529 309.75785927 -0.98867952
160.42858121 310.59581895 -0.96482433
160.85283380 311.43109036 -0.94452220
161.28091040 312.27429971 -0.93271118
161.70702933 313.10782274 -0.94195662
162.13335604 313.89567132 -0.94680928
162.52367615 314.67311807 -0.95468827
162.90834190 315.43693360 -0.96132356
163.29727158 316.17339399 -0.95502492
163.68861283 316.90379783 -0.95053887
164.07329264 317.60485682 -0.94954500
164.46241431 318.29647694 -0.94690409
164.83924121 318.97484404 -0.93602524
165.17673943 319.63224335 -0.93726243
165.51037275 320.26709992 -0.93597225
165.85612736 320.90168830 -0.92565685
166.18475951 321.48801606 -0.92896022
166.50092129 322.06279465 -0.93983694
166.80296733 322.63109573 -0.94281998
167.08082528 323.15623143 -0.95321546
167.36020785 323.69082723 -0.98281056
167.62554176 324.20066730 -1.00279825
167.86320042 324.68713005 -1.01304417
168.11207044 325.16889662 -1.01993275
168.33503297 325.62957622 -1.02103916
168.52393459 326.07839099 -1.01054671
168.71052160 326.51466666 -0.98999735
168.86319879 326.97849503 -0.95478790
169.02726824 327.43160966 -0.93267751
169.20251691 327.88686214 -0.89275486
169.34651046 328.31014954 -0.85207047
169.43818568 328.74823080 -0.81771641
169.53194155 329.22893340 -0.77178209
169.60534325 329.70476530 -0.71346967
169.67533903 330.16144844 -0.66376498
169.72836591 330.61744745 -0.61972122
169.74897351 331.07429701 -0.56265037
169.75567863 331.52644234 -0.48276465
169.72241651 331.96811757 -0.42319928
169.69422190 332.42898580 -0.35117612
169.66142609 332.91674830 -0.27393600
169.58808450 333.39757653 -0.17745785
169.48919447 333.86594839 -0.09472199
169.38073983 334.35531786 -0.00310678
169.24860164 334.86882675 0.09160708
169.09137029 335.40758283 0.21093795
168.89146204 335.92703512 0.32359447
168.68928750 336.41598402 0.42702119
168.44969698 336.87912880 0.51268265
168.16779378 337.33159065 0.61038473
167.86391731 337.73089177 0.69846720
167.51154788 338.14317220 0.78628846
167.11255558 338.53326370 0.84991108
166.68787276 338.96682414 0.91428298
166.26936914 339.40188358 0.98144369
165.85344715 339.81666510 1.03244235
165.39610222 340.24671160 1.09079112
164.94651535 340.67227101 1.14491564
164.44174426 341.11118251 1.18860431
163.90843111 341.55437483 1.24720252
163.34732863 341.97017601 1.25695984
162.79634632 342.35726505 1.27762752
162.22895788 342.70802655 1.31073828
161.63140375 343.06776729 1.35931193
161.01343723 343.43797255 1.38859605
160.41161287 343.76288931 1.41661198
159.79819705 344.08266003 1.44183992
159.12265204 344.42775378 1.48500348
158.45686467 344.81390799 1.52966054
157.77809452 345.17497117 1.57190125
157.06301146 345.56318701 1.61056525
156.32232853 345.95628028 1.67756981
155.57729814 346.35099625 1.73127486
154.84474986 346.74046761 1.76631273
154.06598826 347.14821018 1.82423166
153.30252430 347.55299612 1.88792190
152.49796322 347.95970497 1.94934290
151.69641789 348.34063710 1.99049656
150.91550337 348.71258535 2.05630901
150.13535007 349.06966206 2.09619443
149.38999635 349.41800478 2.15285180
148.62742456 349.78285936 2.19155922
147.88122943 350.11870083 2.25402659
147.09295856 350.46921054 2.30760384
146.29824244 350.80719725 2.36801927
145.49370345 351.16811466 2.40141057
144.71941773 351.52823935 2.43091924
143.94032344 351.87988259 2.47385817
143.18980663 352.21973928 2.50952539
142.42173747 352.55878096 2.52122891
141.63758659 352.92219778 2.53085097
140.84450624 353.28475256 2.55353197
140.03060132 353.66429960 2.60895446
139.22588291 354.04071089 2.64573965
138.41200301 354.43526389 2.70910738
137.59172626 354.81189675 2.72521147
136.80267985 355.16057934 2.74319949
136.03164037 355.50563375 2.74418164
135.30041281 355.87317143 2.76523950
134.56817449 356.20862639 2.77242028
133.81215860 356.56077155 2.80205600
133.01213213 356.94356226 2.81967420
132.28079242 357.28654154 2.82568753
131.52307743 357.66351540 2.82296174
130.77003016 358.03992331 2.82078645
129.98109210 358.41885552 2.85385534
129.21283939 358.80067034 2.87123231
128.42975552 359.17253002 2.88336554
127.61428479 359.55715377 2.88672102
126.83962011 359.92489374 2.90650835
126.05981541 360.28902523 2.91290840
125.30218917 360.62800694 2.92443894
124.50741344 360.99143739 2.89953120
123.70994881 361.34378982 2.88528822
122.89995515 361.71299984 2.86639409
122.10767451 362.06318019 2.83402316
121.29409044 362.40909623 2.80700502
120.48799642 362.75144139 2.76862065
119.66583340 363.09181433 2.71982470
118.80889937 363.45468131 2.64698233
117.94417621 363.81689623 2.55852041
117.10666184 364.16469988 2.46113888
116.26457644 364.50776657 2.36259200
115.39432495 364.85847305 2.22921110
114.50321061 365.20044302 2.08332907
113.61649444 365.51299104 1.92018679
112.72498910 365.83347209 1.70468378
111.83700168 366.13109890 1.46778430
111.01237609 366.42636960 1.23390785
110.22112201 366.70788317 0.98632603
109.50735406 366.96845457 0.74161483
108.85446496 367.24172970 0.49803932
108.27206507 367.46825931 0.28543920
107.70751945 367.71078860 0.07419918
107.19706143 367.94406303 -0.11565948
106.71310559 368.17713166 -0.29126182
106.22989782 368.40662232 -0.46447982
105.80398241 368.62363503 -0.62268402
105.33960812 368.87118737 -0.77555441
104.87162313 369.10702881 -0.91040097
104.40458959 369.34197876 -1.02189711
103.97284107 369.57175062 -1.11946541
103.54628098 369.80829338 -1.21449437
103.12666530 370.06071236 -1.29460095
102.66075264 370.31818997 -1.36916179
102.23302806 370.55612376 -1.43518616
101.82151293 370.79548952 -1.48351033
101.36759900 371.04342126 -1.52700603
100.89353060 371.32360095 -1.55584865
100.40758510 371.60416356 -1.57555878
99.91079551 371.88433283 -1.58562600
99.41343527 372.14784701 -1.60098700
98.90794986 372.42742159 -1.60072150
98.35821878 372.73159944 -1.60258180
97.82255498 373.04126600 -1.59638003
97.22693158 373.39226460 -1.57812526
96.59860536 373.71981469 -1.56949591
95.97555459 374.05233967 -1.54904840
95.34603975 374.40089924 -1.51860335
94.68762926 374.72689011 -1.46795031
93.99413140 375.08108814 -1.40413934
93.26493388 375.45874904 -1.36705950
92.51552070 375.86707505 -1.33718863
91.74616900 376.25710664 -1.31172463
90.97335750 376.61018226 -1.26017009
90.15916108 376.97009650 -1.20335749
89.31423369 377.36760776 -1.15002518
88.49249022 377.77865818 -1.09887713
87.63595584 378.20955393 -1.06223116
86.76609092 378.64670239 -1.01515046
85.90773633 379.05672112 -0.96498206
85.04373485 379.47142019 -0.90705327
84.17416294 379.88226304 -0.84959770
83.25254682 380.31565795 -0.82395091
82.30198170 380.77218155 -0.80034302
81.35849518 381.24078325 -0.78094055
80.42415202 381.68557534 -0.74761513
79.52464598 382.10445391 -0.70706774
78.60614437 382.53155328 -0.67077716
77.70457785 382.97348188 -0.63206400
76.79346567 383.41123139 -0.59943024
75.84987231 383.86646077 -0.55249598
74.90244156 384.33004573 -0.50857565
73.96111175 384.79202405 -0.46021011
73.01511133 385.25004269 -0.41382816
72.07009954 385.70535521 -0.36882065
71.10849189 386.17261049 -0.31762914
70.15831382 386.63198615 -0.27209607
69.21127413 387.09187721 -0.24492928
68.28844437 387.55658863 -0.20783416
67.37078005 388.02755241 -0.16697558
66.45921084 388.48847652 -0.09884543
65.55835681 388.92022933 -0.04348006
64.62714453 389.37313161 0.01939700
63.70565024 389.82369318 0.05122559
62.77666160 390.27911911 0.07829918
61.86215077 390.73488062 0.09920182
60.95919899 391.17849423 0.13429323
60.06043874 391.61859745 0.17106359
59.16976610 392.04974099 0.19303295
58.26043731 392.46832622 0.23254094
57.35738653 392.87681167 0.26776238
56.47589145 393.30753263 0.29876041
55.57756101 393.74803844 0.32481043
54.70890748 394.17422250 0.34883685
53.82493433 394.61337575 0.36828341
52.95977899 395.02979380 0.38060039
52.12621205 395.43768225 0.38877010
51.30772888 395.83907034 0.41270792
50.50280021 396.22907396 0.42115125
49.68216033 396.62746128 0.42871680
48.84419641 397.02211381 0.43586086
48.02448795 397.43638749 0.43180159
47.19775963 397.85503282 0.42984184
46.35909137 398.27690131 0.42643391
45.58528392 398.66027314 0.42807015
44.80231698 399.06095153 0.42917911
44.07689665 399.42551558 0.40768576
43.32490832 399.79148487 0.39329189
42.60168681 400.16672499 0.37152836
41.89849793 400.53220850 0.35536917
41.19272098 400.88869349 0.33692752
40.52668084 401.23000186 0.31566376
39.89645544 401.56163945 0.28467478
39.25469079 401.90026044 0.24935948
38.65616235 402.21175494 0.21354087
38.04140198 402.54991557 0.17424828
37.46350113 402.88448810 0.13461755
36.89909653 403.20343287 0.10587843
36.36760396 403.50611347 0.06570481
35.84321830 403.78115016 0.02700872
35.35160020 404.05724768 -0.02383502
34.87004668 404.31527984 -0.05990650
34.38283923 404.58418193 -0.10049146
33.92067573 404.85041733 -0.12811588
33.45333223 405.11097030 -0.16370991
32.99721059 405.36397122 -0.20315102
32.55468276 405.61000276 -0.25264506
32.12355031 405.84528061 -0.30678716
31.70334877 406.06209007 -0.35634736
31.25701427 406.28797776 -0.40968919
30.82794294 406.49437237 -0.44880983
30.40327438 406.67063381 -0.48059498
29.98911116 406.84345330 -0.50767803
29.58591892 406.99750865 -0.54684565
29.16354080 407.13398837 -0.55560361
28.71485451 407.24551228 -0.56487077
28.30782689 407.34130163 -0.58213562
27.89817038 407.40086810 -0.59705900
27.48637741 407.42550779 -0.58757866
27.09441651 407.41488357 -0.57902150
26.67013463 407.38660603 -0.56459445
26.29606626 407.33246402 -0.56043408
25.86861254 407.25486142 -0.54122896
25.42632679 407.13607607 -0.52081116
24.98430411 406.98193226 -0.48828808
24.53820193 406.77466687 -0.46445657
24.11234907 406.53591547 -0.42978251
23.69011881 406.26326776 -0.39061187
23.26429236 405.96686975 -0.36225685
22.84423298 405.61321412 -0.32823644
22.44492280 405.23133539 -0.30517643
22.06752668 404.81770323 -0.28503714
21.70157557 404.36363024 -0.27480248
21.33716773 403.88373827 -0.26138933
20.96922556 403.35874188 -0.24904453
20.59496735 402.79895336 -0.23326469
20.22486941 402.23042658 -0.21784264
19.86521073 401.64512335 -0.21764589
19.51550925 401.04317468 -0.21856493
19.18352434 400.44012270 -0.22283347
18.83281432 399.82237063 -0.21365300
18.49664356 399.20421433 -0.21698645
18.16503400 398.55442730 -0.21254611
17.82950774 397.90550251 -0.20897386
17.51277001 397.23942966 -0.20984396
17.17461275 396.54411942 -0.21537284
16.82855433 395.84648946 -0.22155462
16.48582541 395.16164685 -0.22864969
16.14863290 394.45634195 -0.23404663
15.80478000 393.70528678 -0.23608542
15.46812071 392.96958294 -0.25399210
15.12507354 392.21841559 -0.27478805
14.78138550 391.43596097 -0.29776442
14.43105349 390.65927291 -0.32117500
14.08893179 389.88740719 -0.33975250
13.72398404 389.06531456 -0.33768859
13.35617077 388.25395885 -0.32814759
12.99513781 387.40667249 -0.31590298
12.61915967 386.58573074 -0.30691206
12.24717602 385.73784467 -0.30485715
11.85700143 384.84431312 -0.26328586
11.41754083 383.91322729 -0.24835456
11.01766625 383.04606855 -0.23440401
10.61745663 382.18049315 -0.22701736
10.17013653 381.27810232 -0.22793715
9.75774912 380.43762187 -0.23402996
9.34811463 379.60089882 -0.24052674
8.96016148 378.79309779 -0.24735104
8.55321191 377.93959811 -0.24847685
8.13573727 377.12284642 -0.25997178
7.71398955 376.31083577 -0.26646323
7.31992004 375.50384968 -0.26711368
6.91031308 374.69014642 -0.26871065
6.50663319 373.87151936 -0.27451059
6.09403117 373.01890319 -0.28734256
5.67842840 372.17293066 -0.29490547
5.23728767 371.32888522 -0.30264138
4.79283237 370.46881129 -0.31907660
4.32003224 369.61083713 -0.33688000
3.87465691 368.78673936 -0.33902084
3.42701778 367.95796477 -0.34975483
2.97318865 367.12987652 -0.35955580
2.51779955 366.28035418 -0.36682168
2.07553342 365.44557283 -0.36130320
1.64273469 364.63426768 -0.37196230
1.21473818 363.81335227 -0.39341199
0.77455836 362.99821912 -0.41326432
0.34170491 362.16368721 -0.40878755
-0.09424813 361.31794073 -0.41602075
-0.52762364 360.48783833 -0.41646115
-0.93600828 359.68782278 -0.41261558
-1.34881805 358.87694902 -0.42496769
-1.76689174 358.06792436 -0.42866467
-2.20951367 357.21718168 -0.43767616
-2.63955967 356.37479830 -0.44467985
-3.08444745 355.54446130 -0.46011020
-3.52932756 354.68574588 -0.48436525
-3.98386198 353.84965945 -0.50150024
-4.45677901 352.97894408 -0.52128920
-4.90830921 352.12794860 -0.53551125
-5.34044648 351.30913452 -0.55449726
-5.78898181 350.48113467 -0.56987667
-6.25214364 349.64473386 -0.58822148
-6.68863544 348.84395239 -0.60393646
-7.14212864 348.02547539 -0.61149532
-7.55062602 347.21643299 -0.60793605
-7.95702593 346.40513768 -0.62137929
-8.37548636 345.58624822 -0.62255343
-8.78773332 344.77810530 -0.61298769
-9.20460287 343.96037131 -0.60565722
-9.61257451 343.16752393 -0.61149173
-10.04780674 342.33804216 -0.62954109
-10.47490353 341.49021486 -0.64188639
-10.89162321 340.63643369 -0.64806857
-11.31110171 339.77380072 -0.64621270
-11.75725312 338.87087417 -0.64968964
-12.22599688 337.97624383 -0.66933622
-12.66955999 337.07622542 -0.68125312
-13.11559011 336.20633103 -0.69615347
-13.55601170 335.34854400 -0.70101450
-14.00291887 334.45306802 -0.71088650
-14.47304441 333.58876165 -0.70903861
-14.92049060 332.73603151 -0.71564532
-15.36117367 331.89087087 -0.72884422
-15.80487576 331.03752699 -0.73848373
-16.27617366 330.18797472 -0.73802959
-16.73117022 329.32591114 -0.73720239
-17.17963947 328.45310174 -0.74768183
-17.63312484 327.54751047 -0.75908891
-18.07672537 326.66512736 -0.77600889
-18.51279908 325.78794013 -0.80996517
-18.96457767 324.90790988 -0.82812370
-19.43110293 324.00919891 -0.85138445
-19.86772267 323.10292372 -0.85925143
-20.30838893 322.20173613 -0.86808774
-20.75291251 321.31554780 -0.89026157
-21.21665945 320.41475859 -0.92436571
-21.65826626 319.53724696 -0.93197898
-22.08671104 318.67836794 -0.93708902
-22.51510661 317.80626561 -0.91601983
-22.94419248 316.91504915 -0.88404389
-23.37728209 316.00785775 -0.86640901
-23.81155945 315.10613986 -0.86325717
-24.24930633 314.19786993 -0.87111161
-24.68904753 313.30828024 -0.87480329
-25.14189386 312.37846593 -0.88583833
-25.61026307 311.46319212 -0.88951072
-26.08714052 310.55450676 -0.88555890
-26.53552026 309.65696334 -0.87998460
-26.97621106 308.79533042 -0.86488496
-27.44050423 307.88436824 -0.84735132
-27.88517848 307.00842605 -0.83713292
-28.32379563 306.12923080 -0.83576639
-28.75874138 305.25549972 -0.84254155
-29.19495505 304.41887386 -0.84819208
-29.65088141 303.55697829 -0.85241065
-30.11569568 302.69299253 -0.86292910
-30.54554759 301.87431008 -0.88012370
-30.96971109 301.07236071 -0.88095780
-31.37005505 300.28659310 -0.89205341
-31.79545481 299.50371360 -0.91455291
-32.19818460 298.73546406 -0.91033908
-32.54686485 297.97441544 -0.91174345
-32.92007317 297.22745948 -0.92673963
-33.32332568 296.51251838 -0.93881163
-33.69066420 295.79131406 -0.92535538
-34.04268345 295.06724527 -0.91587686
-34.39037107 294.34670785 -0.90939934
-34.74888133 293.66408721 -0.91416111
-35.13406284 292.97571321 -0.91156938
-35.52465724 292.30382801 -0.89878495
-35.89642317 291.65369556 -0.89008432
-36.26027692 291.03206434 -0.88424102
-36.59491828 290.44342214 -0.88680320
-36.92351164 289.87895456 -0.87372055
-37.25735546 289.33110116 -0.86553053
-37.57787233 288.80778780 -0.84871286
-37.87981065 288.30048309 -0.83819520
-38.15751218 287.80636351 -0.82081358
-38.42031970 287.32203522 -0.80563663
-38.67774856 286.86967409 -0.79008342
-38.91493316 286.44847796 -0.78088961
-39.11906676 286.01155662 -0.77863660
-39.33058741 285.60877060 -0.77274332
-39.55039466 285.18627881 -0.75884355
-39.73491566 284.78764308 -0.75480929
-39.92793970 284.39171605 -0.73678969
-40.09126334 284.01706925 -0.74046172
-40.25907769 283.63386910 -0.72931747
-40.40053468 283.28940940 -0.71917561
-40.51258196 282.93407485 -0.70370299
-40.60227705 282.58095214 -0.69083637
-40.66853955 282.20928029 -0.68262468
-40.73512840 281.79801535 -0.67257246
-40.80184778 281.37556411 -0.63645848
-40.85238262 280.96849036 -0.60636043
-40.84561496 280.54818564 -0.56832427
-40.79744200 280.10806484 -0.53554399
-40.76399883 279.64120444 -0.47715155
-40.69499231 279.18250468 -0.41833496
-40.60623917 278.73920226 -0.35080824
-40.47479159 278.29936931 -0.29431973
-40.30346531 277.81931377 -0.23893696
-40.10963501 277.31001910 -0.17271268
-39.88580302 276.80422593 -0.12345373
-39.60348555 276.30091808 -0.07850093
-39.32855989 275.81333343 -0.02258235
-38.96831400 275.34086967 0.00424295
-38.60238609 274.88616196 0.01918182
-38.19593058 274.42773351 0.01327549
-37.74964202 273.98763843 -0.01614619
-37.30435006 273.59314158 -0.07665194
-36.82368168 273.19600653 -0.12707426
-36.31018078 272.79304735 -0.19985891
-35.81387330 272.41458384 -0.28043065
-35.24015721 271.98710425 -0.37009066
-34.66500855 271.55008347 -0.44426214
-34.07545125 271.14214660 -0.50863205
-33.48630565 270.75699241 -0.58605192
-32.88139361 270.35749720 -0.63571415
-32.23319023 269.92201320 -0.70711068
-31.60366562 269.52090487 -0.77366166
-30.96126028 269.10804760 -0.82652903
-30.28909204 268.70128143 -0.88047978
-29.59187057 268.27228868 -0.93358625
-28.87199210 267.86662521 -1.00859263
-28.17517983 267.46648097 -1.07219709
-27.48536973 267.04532167 -1.08549454
-26.81092457 266.62024060 -1.08391424
-26.11504551 266.19279794 -1.09057651
-25.42353779 265.78769572 -1.09231267
-24.70806394 265.41500940 -1.10718450
-24.00459754 265.03358833 -1.11979211
-23.26920641 264.63610392 -1.10586222
-22.53020272 264.21151027 -1.09073913
-21.77179450 263.79054412 -1.08164362
-21.02354236 263.37702846 -1.08904125
-20.25595325 262.96433234 -1.07619857
-19.49911717 262.58069750 -1.09864797
-18.72592310 262.19186765 -1.09960824
-17.93236495 261.77782194 -1.09545997
-17.17675118 261.33691429 -1.10716389
-16.42563249 260.93003284 -1.09019601
-15.64082283 260.47217832 -1.12667366
-14.86490440 260.03659924 -1.14910473
-14.10347365 259.62544907 -1.19540489
-13.34064682 259.21041849 -1.25709108
-12.59702060 258.76057124 -1.29187281
-11.83458438 258.32348402 -1.34110807
-11.08822797 257.89884028 -1.44658842
-10.33836961 257.45535003 -1.50221585
-9.59762165 257.03091591 -1.54639658
-8.87367506 256.58929855 -1.58330841
-8.12772901 256.14491342 -1.58452852
-7.38554607 255.68276195 -1.61300523
-6.63541071 255.23272840 -1.61669100
-5.92738507 254.77819655 -1.60865193
-5.20423342 254.30834379 -1.60165834
-4.44195951 253.82908046 -1.60635193
-3.68184030 253.35395625 -1.61624755
-2.94386652 252.92596182 -1.61477952
-2.25009849 252.48393328 -1.63404332
-1.55741155 252.02450007 -1.63980611
-0.87511054 251.58164205 -1.65112520
-0.19557051 251.13166905 -1.66129493
0.45727348 250.73392759 -1.65994226
1.08948613 250.33848212 -1.64495333
1.72005117 249.95987028 -1.64650331
2.34434268 249.62045618 -1.65386263
2.89963615 249.31785855 -1.66792138
3.48986065 249.03480677 -1.68251401
4.08158494 248.72947545 -1.67793938
4.61502807 248.49107023 -1.72192597
5.16687053 248.28142616 -1.82826094
5.70621816 248.11074097 -1.96405337
6.24925686 247.91693297 -2.08733930
6.78309975 247.73629967 -2.22457244
7.34636741 247.56877572 -2.39021324
7.86334645 247.44397232 -2.56198829
8.36017054 247.30332057 -2.73271836
8.85342286 247.19291958 -2.92972529
9.38032727 247.08723156 -3.09335377
9.89816103 246.99292358 -3.26252759
10.44043700 246.90717199 -3.45803317
10.94364966 246.81211293 -3.65651410
11.47412913 246.71812659 -3.83849042
11.97830410 246.66224850 -4.03910727
12.48805776 246.56915064 -4.21301264
12.98475618 246.46361438 -4.37845772
13.49375122 246.38086814 -4.57818414
13.97514176 246.30965511 -4.76373310
14.45991764 246.22651621 -4.90724675
14.97408524 246.13026838 -5.05996180
15.48759915 246.00914457 -5.16861306
16.00654715 245.89350655 -5.28619675
16.47301438 245.81110512 -5.38437112
16.94395096 245.70831602 -5.41150700
17.40791953 245.62116223 -5.45703958
17.88998323 245.54005095 -5.48067175
18.34875151 245.46805881 -5.48000898
18.80706781 245.39326538 -5.46284838
19.26523778 245.32883452 -5.40389541
19.74993907 245.26066098 -5.33118511
20.19075550 245.22167747 -5.23529983
20.65854857 245.16734466 -5.13838706
21.09877421 245.12209201 -5.01188148
21.51947144 245.09804533 -4.81758298
21.90226110 245.10891610 -4.63436066
22.32266939 245.12554202 -4.43526002
22.72008858 245.16022195 -4.21279946
23.08841943 245.21490795 -3.98055244
23.44816547 245.29005186 -3.69326066
23.78508798 245.40330402 -3.39912118
24.14256344 245.51831963 -3.10806590
24.48184647 245.65248117 -2.80639278
24.83032510 245.81256046 -2.48213777
25.13933901 246.00131736 -2.12634557
25.43427732 246.19748807 -1.81181715
25.75450890 246.40801053 -1.47699862
26.03899654 246.62327395 -1.20031100
26.35854033 246.83587413 -0.89188368
26.62763317 247.05853766 -0.58950410
26.93902668 247.30828689 -0.27854386
27.23779734 247.55842379 0.03899818
27.53056557 247.79860962 0.31780898
27.81074477 248.02664386 0.58327155
28.13048179 248.25132261 0.85953625
28.40666350 248.49698248 1.13713354
28.69652843 248.71241332 1.37468508
29.00564556 248.94835386 1.61489726
29.29949139 249.13679947 1.81877406
29.60686454 249.33201444 2.02271799
29.92636449 249.53853111 2.23667633
30.22987804 249.75389593 2.43048152
30.53058343 249.95027093 2.57805091
30.88195182 250.13660232 2.70158714
31.22197220 250.30587881 2.81445324
31.58846986 250.41591732 2.90458245
31.94493251 250.52884099 2.98580275
32.30739987 250.62056127 3.02467723
32.67748054 250.70205722 3.06147362
33.03635652 250.74905422 3.05835807
33.38090610 250.81880974 3.07881511
33.74022824 250.88754863 3.08880600
34.13571186 250.91514584 3.07176028
34.53305908 250.93829486 3.04466826
34.95344097 250.91171518 2.98764515
35.35649523 250.87938465 2.93437411
35.81288342 250.83233920 2.85269186
36.27376255 250.77551852 2.76840348
36.76984692 250.70422359 2.67481976
37.25048987 250.61073384 2.58238009
37.75374833 250.51965095 2.47818272
38.24717676 250.42773990 2.36492156
38.77498114 250.31422069 2.26361946
39.25404793 250.19970322 2.16798302
39.78080992 250.04606461 2.04281567
40.31131627 249.85686917 1.91304616
40.89281392 249.65402298 1.78791746
41.48532223 249.43744301 1.65728393
42.09019776 249.21273931 1.53309319
42.68113147 249.00369501 1.42435688
43.23908516 248.80554427 1.31161466
43.81517293 248.58087874 1.20407400
44.44237016 248.33370362 1.09125989
45.07670901 248.07826962 0.97638682
45.72176155 247.80492878 0.87380414
46.37403982 247.53291293 0.77442376
47.02359055 247.24291104 0.67805377
47.67466522 246.94690404 0.57570361
48.33512940 246.62771391 0.46720374
49.00494140 246.30973760 0.37067842
49.69220830 245.97152389 0.26358187
50.39594689 245.61018217 0.16336430
51.10068177 245.25237074 0.06112715
51.80667815 244.89417113 -0.02891625
52.53801396 244.52592363 -0.10268910
53.23813510 244.17142679 -0.18589299
53.96226466 243.80473587 -0.27895229
54.71317689 243.43733968 -0.35283109
55.45885974 243.04997471 -0.42981442
56.21021138 242.65856180 -0.50468959
56.98745699 242.24881861 -0.57517813
57.73895532 241.84804938 -0.65487071
58.56670223 241.41145652 -0.71936806
59.36226281 240.99116683 -0.80038993
60.16289967 240.57124317 -0.87146582
60.92191542 240.18220204 -0.92202602
61.72233909 239.77064844 -0.98100113
62.51319460 239.35746115 -1.01476876
63.34257800 238.93284643 -1.07331158
64.12518724 238.52919484 -1.12672411
64.93742775 238.10787216 -1.15290963
65.73642002 237.69022263 -1.18405887
66.53330496 237.26104918 -1.23129807
67.34888302 236.81900128 -1.27220476
68.12196551 236.41002687 -1.29616479
68.90639304 235.99957029 -1.31368787
69.66599416 235.60809340 -1.33997563
70.39986813 235.22448885 -1.36342042
71.15116154 234.82453558 -1.39069308
71.89014912 234.40435361 -1.39586394
72.64025551 233.99434347 -1.40080124
73.36145594 233.58898272 -1.40494026
74.08294247 233.20111390 -1.42915850
74.81188531 232.82257932 -1.42859404
75.52655520 232.44048516 -1.43890882
76.24490824 232.03787734 -1.43593373
76.96108553 231.65200245 -1.43238344
77.68226061 231.25781460 -1.42860990
78.43062274 230.85695207 -1.41811571
79.18840086 230.46744016 -1.42623049
79.95055179 230.08269701 -1.44101890
80.71655634 229.67893640 -1.43107034
81.46862796 229.28822781 -1.42165560
82.19579075 228.89877162 -1.42208930
82.91501033 228.53530253 -1.41547478
83.58804950 228.15315415 -1.41957138
84.23652460 227.84213556 -1.40313058
84.89723272 227.50358227 -1.39537296
85.52052392 227.18336488 -1.39724983
86.14980086 226.87388115 -1.38904044
86.81689847 226.54171417 -1.37640599
87.46986782 226.22504336 -1.35581245
88.11121312 225.90949946 -1.33542886
88.71060342 225.59539675 -1.34001126
89.34033593 225.28682140 -1.31953724
89.97999773 224.97403028 -1.31359841
90.59860332 224.66933616 -1.28958851
91.18823977 224.38290226 -1.29347391
91.77775510 224.06469734 -1.27733199
92.36066369 223.77449371 -1.28699422
92.94159489 223.45531382 -1.28591034
93.49892291 223.17395547 -1.28213658
94.03952206 222.89127503 -1.26229914
94.53925960 222.63124984 -1.23482314
95.02999487 222.38610133 -1.22828336
95.49101672 222.15419677 -1.21336087
95.91774342 221.92059214 -1.20938330
96.35906326 221.68290383 -1.19783734
96.78806686 221.45884027 -1.18975573
97.19747190 221.23847883 -1.17781704
97.60101498 221.00725691 -1.17420925
97.94484196 220.79779345 -1.15445087
98.31308804 220.57774280 -1.14769379
98.65933756 220.39054272 -1.12907830
98.99077865 220.18786183 -1.11937431
99.32316227 220.00256052 -1.11903717
99.62839443 219.80762185 -1.11975433
99.92511643 219.60454706 -1.11941983
100.19106741 219.41962951 -1.10782616
100.44452056 219.24186658 -1.08753815
100.67267670 219.07318922 -1.08494060
100.90659221 218.92321428 -1.07911230
101.10400674 218.80272182 -1.07291964
101.28380579 218.67238996 -1.05997244
101.45797347 218.52887649 -1.05763982
101.60994199 218.38425227 -1.05880326
101.78335461 218.26280211 -1.05288142
101.91861256 218.12786189 -1.02930966
102.05667852 217.98257873 -1.01910928
102.18797025 217.82598363 -1.01682018
102.32209508 217.67920266 -1.00659861
102.43399345 217.57077000 -1.00905037
102.60190824 217.44910923 -1.00566805
102.73550999 217.30440245 -0.99955057
102.85887249 217.15434797 -0.99955272
103.00549580 216.99935910 -1.00264729
103.15844612 216.83293125 -0.99307443
103.33310528 216.63328234 -0.98092079
103.48667754 216.42595628 -0.98037248
103.65173546 216.17035506 -0.98684902
103.85283990 215.93547273 -0.97605875
104.03547078 215.66657756 -0.97380366
104.23207177 215.41760432 -0.96803790
104.39548699 215.08728290 -0.97250546
104.57585680 214.72862133 -0.97186432
104.73375151 214.30756781 -0.98690137
104.87665104 213.90879262 -0.98886164
104.98471581 213.49811028 -0.99518902
105.08104801 213.07593327 -1.00589806
105.17957489 212.60440811 -1.01059889
105.23433984 212.13184211 -1.00626424
105.27069702 211.60456887 -1.00484317
105.28796170 211.09782092 -1.00833715
105.26859966 210.56144806 -1.01435481
105.21839763 209.96986997 -1.01871156
105.13617603 209.39056417 -1.01863213
105.00262518 208.78783561 -1.01067785
104.84752534 208.13738801 -1.01054207
104.66140468 207.53147539 -1.02147688
104.44807748 206.90723578 -1.03561595
104.23832923 206.28178254 -1.05146806
103.97014788 205.62756139 -1.06715055
103.68879172 204.92367719 -1.07987652
103.40760242 204.25723791 -1.11124973
103.09889175 203.58962017 -1.13352080
102.76759212 202.91745485 -1.14692643
102.43256177 202.21888109 -1.16287920
102.08326852 201.50087693 -1.17064549
101.70199076 200.76839591 -1.19016165
101.30515382 200.02310864 -1.21416797
100.91647226 199.31036195 -1.22666541
100.52097531 198.54891274 -1.25019919
100.12995971 197.77963838 -1.26802124
99.73943355 197.03010436 -1.28172610
99.31338952 196.20988857 -1.28905634
98.89616996 195.39629377 -1.30061244
98.45508239 194.50402318 -1.31161338
97.98148187 193.61026925 -1.32850606
97.51809503 192.74197445 -1.33011819
97.07750124 191.86577534 -1.32665528
96.62939422 190.95554245 -1.32975268
96.17066933 190.06261835 -1.34611405
95.70457942 189.09481947 -1.34976179
95.22928760 188.12766324 -1.36485924
94.76698781 187.16491561 -1.36209871
94.27563693 186.14936612 -1.36036291
93.78605893 185.15973509 -1.36486043
93.31464641 184.17292417 -1.36063076
92.81652262 183.15906463 -1.34377109
92.34252315 182.15417030 -1.32279862
91.86201042 181.19155050 -1.31317490
91.38580629 180.18176586 -1.30914823
90.92056960 179.16490142 -1.28866287
90.44788027 178.13343814 -1.27821990
89.95409167 177.14706961 -1.26080677
89.48783954 176.15586962 -1.23538019
89.02504195 175.18652679 -1.21284223
88.55384379 174.19537749 -1.19230313
88.07865294 173.19755796 -1.16477584
87.59744062 172.20307480 -1.14194401
87.09867134 171.14197049 -1.11418162
86.58166564 170.09734127 -1.10226870
86.04369188 169.04870249 -1.08915146
85.51112047 167.99853485 -1.07682200
84.98648501 166.95210524 -1.05070062
84.44391434 165.87987553 -1.01766648
83.88701935 164.81624117 -1.00079206
83.36098673 163.79404121 -0.99178337
82.81348416 162.73020578 -0.97900862
82.26611608 161.64787298 -0.96915338
81.70944026 160.56572931 -0.96322134
81.12289273 159.46696186 -0.95702412
80.54159428 158.36396590 -0.94231960
79.95506769 157.25411240 -0.93836693
79.40401487 156.18726704 -0.92249647
78.85747857 155.11194268 -0.89875954
78.29046081 154.01700235 -0.87571376
77.67806731 152.89264663 -0.85741907
77.06710524 151.74682394 -0.86792339
76.48226604 150.63606516 -0.87235936
75.89509358 149.54710112 -0.85002695
75.29314145 148.44516189 -0.84067971
74.71378529 147.32214293 -0.82754233
74.12133373 146.24131737 -0.80778566
73.53600407 145.14024689 -0.80111940
72.95143167 144.05381202 -0.80076983
72.36523023 142.94341892 -0.78971183
71.74883657 141.82402138 -0.78706890
71.15693464 140.68327862 -0.77477813
70.59003803 139.58746974 -0.76593747
70.05415840 138.52516375 -0.73781574
69.50445477 137.44844643 -0.71096653
68.89819016 136.35456871 -0.69196729
68.31037389 135.25403337 -0.67771565
67.69225084 134.08350047 -0.66586066
67.07172632 132.92026968 -0.65385633
66.46958517 131.78889785 -0.64770893
65.89800662 130.69899608 -0.64007073
65.34162153 129.58061590 -0.64544392
64.77330061 128.45295790 -0.63210633
64.19005279 127.34339851 -0.63920957
63.60149290 126.21568379 -0.63855708
63.01697818 125.10703522 -0.63441539
62.41869963 123.97757853 -0.63132252
61.85047692 122.89242010 -0.63566245
61.27425493 121.78299991 -0.63316524
60.71776677 120.69908726 -0.63537528
60.17662056 119.63330452 -0.62957234
59.64469295 118.56665940 -0.61217217
59.11503710 117.53415741 -0.60160061
58.57815136 116.47272261 -0.58923703
58.03777615 115.38790485 -0.58078055
57.52219614 114.32533671 -0.57356554
56.98755172 113.25145610 -0.56075462
56.45982588 112.16893764 -0.54209467
55.94298959 111.11218238 -0.53077634
55.43678953 110.08222588 -0.50915167
54.95604373 109.07097394 -0.49419030
54.45823514 108.08644699 -0.46390500
53.96309555 107.10288053 -0.44204076
53.45554494 106.06818895 -0.43215285
52.96178907 105.07953083 -0.42185757
52.50447967 104.15723173 -0.40503978
52.07549156 103.28821743 -0.38392010
51.63234172 102.41492381 -0.35957699
51.21348285 101.56517458 -0.34634637
50.81764910 100.72221243 -0.32908234
50.41474851 99.86386981 -0.30979964
50.02756424 99.05918782 -0.28525888
49.65259063 98.23695088 -0.26861907
49.24243304 97.43748974 -0.25381556
48.85000224 96.67090151 -0.24123142
48.44870771 95.91260461 -0.23092488
48.07123449 95.15140458 -0.22382074
47.69977743 94.43419763 -0.21286804
47.36545826 93.75570975 -0.21497878
47.02160177 93.07696736 -0.20844050
46.65946894 92.40988198 -0.21867155
46.35970958 91.78987632 -0.20963166
46.08579559 91.16880187 -0.20349318
45.81598786 90.56276220 -0.19237007
45.57972235 89.98071141 -0.18864382
45.38587920 89.39897651 -0.17889371
45.20735434 88.86292524 -0.17233826
45.03664787 88.30555290 -0.15978233
44.89183315 87.74546295 -0.13898907
44.77451944 87.24781183 -0.12197294
44.67981577 86.73008503 -0.10631422
44.60263074 86.19762678 -0.08506426
44.56486098 85.70342512 -0.08984239
44.57557536 85.17388377 -0.08209200
44.58429286 84.66691257 -0.08686548
44.65664840 84.16173190 -0.08878084
44.71231450 83.67544683 -0.08883179
44.79905289 83.16211325 -0.09079794
44.89806443 82.67634785 -0.09236898
45.05742367 82.21654539 -0.09061541
45.18232223 81.77013049 -0.10042310
45.38798902 81.33248392 -0.09567605
45.62146655 80.91121410 -0.10772771
45.84157706 80.46972886 -0.11510316
46.08497973 80.06185355 -0.14143851
46.36168096 79.68342374 -0.14472488
46.68392350 79.31237293 -0.15366437
46.99889017 78.99813110 -0.15974996
47.33482224 78.66841353 -0.18512331
47.70512570 78.35552531 -0.18987758
48.09998008 78.00554092 -0.18934869
48.51549255 77.67033136 -0.18400278
48.92647750 77.38101301 -0.18736207
49.37332247 77.06918444 -0.19448876
49.82305756 76.75877258 -0.21691927
50.30385726 76.41644431 -0.21477458
50.81235617 76.08681401 -0.21631513
51.30692428 75.77447911 -0.23250171
51.79812075 75.44117807 -0.24264604
52.29265023 75.10756170 -0.23837118
52.81668377 74.78267930 -0.24179940
53.35533871 74.44209907 -0.23698910
53.88504551 74.11574810 -0.25300473
54.43876556 73.75393111 -0.25487475
55.00783998 73.40458801 -0.25721558
55.58780822 73.04478408 -0.26000092
56.16495657 72.66263710 -0.25331620
56.75176033 72.29499003 -0.25449854
57.38235049 71.88915400 -0.25712100
58.01337325 71.49684571 -0.25882790
58.65311684 71.08889329 -0.25534035
59.34309843 70.66104184 -0.27250623
60.02695312 70.24167932 -0.27506734
60.74007725 69.83564370 -0.29250662
61.48326676 69.43398831 -0.30873868
62.22925306 69.02055002 -0.31526924
62.99921959 68.64112028 -0.32865932
63.73003555 68.25532029 -0.34511152
64.49789372 67.88325307 -0.34155919
65.29100053 67.49275287 -0.33798789
66.07264879 67.12066057 -0.34026908
66.85781525 66.74950843 -0.32876911
67.65405176 66.37665865 -0.32754443
68.43179719 66.00257809 -0.31435275
69.19245684 65.64208796 -0.31946294
69.91910878 65.27677000 -0.32800469
70.68102425 64.89260167 -0.33355182
71.43093213 64.51754523 -0.32372120
72.16515909 64.14732009 -0.31836455
72.87229093 63.75200304 -0.31785142
73.61782082 63.33145054 -0.32951180
74.34038199 62.90223999 -0.33091719
75.07402185 62.47560967 -0.33802425
75.82713676 62.03976622 -0.35678881
76.54859457 61.58488130 -0.36735272
77.26978290 61.11264316 -0.37345495
77.99622767 60.62003158 -0.39608649
78.70354980 60.14068074 -0.41390937
79.41469259 59.65575955 -0.42745353
80.16385718 59.14695986 -0.44756966
80.93649806 58.65254005 -0.46913916
81.69217344 58.14549825 -0.46954357
82.42791932 57.63216706 -0.48103258
83.15234218 57.15265027 -0.48572928
83.87082829 56.65977779 -0.50062704
84.57887444 56.18632348 -0.50444343
85.29630880 55.70743282 -0.51518243
86.02091688 55.21976308 -0.51458314
86.74522325 54.73087939 -0.52018009
87.46161914 54.23592539 -0.51214497
88.19145920 53.73918079 -0.51298649
88.89054718 53.24585967 -0.50932385
89.63390615 52.72245474 -0.51539319
90.36198217 52.18251785 -0.51172221
91.05433417 51.63931750 -0.50978866
91.74136163 51.04593423 -0.49100441
92.42869578 50.44471209 -0.47657435
93.07674573 49.85084206 -0.47902565
93.66616554 49.26593643 -0.47248199
94.27795199 48.65800330 -0.47113587
94.87682926 48.04286391 -0.46906843
95.47083364 47.38903397 -0.45383345
96.03241367 46.76385686 -0.44292366
96.59430937 46.09702505 -0.44664673
97.16830045 45.42310053 -0.43192683
97.74405134 44.72840056 -0.42144888
98.28326557 44.04447069 -0.42366791
98.82767383 43.35467246 -0.43926118
99.35010950 42.68930982 -0.46803751
99.89795003 42.01409061 -0.48824413
100.46756011 41.30639172 -0.49389641
101.04939680 40.57841573 -0.48132768
101.63892383 39.85435056 -0.47969980
102.21797171 39.14487597 -0.46666515
102.80155253 38.45720187 -0.47919572
103.38625847 37.71418241 -0.48127922
103.96957387 36.96928359 -0.48874617
104.51109070 36.22122370 -0.50893105
105.08362198 35.44860332 -0.51948624
105.66139278 34.62137135 -0.54275444
106.22585260 33.79734569 -0.56527708
106.74322494 32.99573637 -0.57241326
107.25919032 32.18785643 -0.56503330
107.79643139 31.33874154 -0.56661365
108.32053355 30.49097683 -0.55231524
108.84642860 29.65642908 -0.55808527
109.33698736 28.82896815 -0.54805667
109.83526129 28.02183957 -0.53861388
110.34331496 27.18903840 -0.52491007
110.83237944 26.37958757 -0.50591020
111.34424285 25.56790935 -0.49510673
111.83989271 24.73880665 -0.49096098
112.34555650 23.90432395 -0.47330636
112.84827226 23.08163084 -0.47333138
113.34172075 22.24459228 -0.46884411
113.82545021 21.39370420 -0.45428639
114.28868282 20.54957839 -0.44682582
114.72581259 19.71005642 -0.44710398
115.15974433 18.88319893 -0.44375505
115.59685096 18.00405395 -0.45417149
116.00437754 17.15448509 -0.45864101
116.41403380 16.28371112 -0.46920313
116.79399322 15.42684089 -0.45887824
117.16955998 14.55912552 -0.45842371
117.51268950 13.68064919 -0.45740091
117.85839760 12.80354655 -0.45631573
118.17864545 11.91432693 -0.45637317
118.47771466 11.06860465 -0.44445317
118.76646261 10.22492510 -0.43359427
119.05550468 9.37695440 -0.42413980
119.36630078 8.52173138 -0.42040651
119.64082446 7.69364043 -0.42158777
119.91832730 6.89447043 -0.41684543
120.19447506 6.07597732 -0.41748849
120.45225852 5.30491276 -0.41690583
120.71948143 4.57516020 -0.41838839
120.98930244 3.87897222 -0.41053556
121.26383701 3.16256832 -0.40278210
121.51613803 2.49648867 -0.39517469
121.76550755 1.83292221 -0.39338925
122.04092513 1.17383682 -0.37854709
122.29957078 0.55404709 -0.37981664
122.55933599 -0.05707360 -0.37925417
122.80063877 -0.69462117 -0.37723073
123.05721718 -1.32902114 -0.38060723
123.30302496 -1.97644581 -0.37371547
123.53994739 -2.60936905 -0.37265539
123.78189120 -3.24475573 -0.34287418
124.02905610 -3.86315102 -0.34430049
124.27031679 -4.48965818 -0.35611953
124.47817326 -5.11154235 -0.37745441
124.72529051 -5.74312965 -0.38082443
124.96354780 -6.38772980 -0.39190112
125.19074713 -7.03453804 -0.38615355
125.41891296 -7.68240344 -0.40337406
125.64937029 -8.37171257 -0.39763815
125.86422616 -9.05849296 -0.39550816
126.10816661 -9.75746163 -0.37658662
126.34558259 -10.46081114 -0.38182370
126.58332828 -11.15601525 -0.37411905
126.85314599 -11.85221917 -0.38239546
127.12908577 -12.55943435 -0.39296483
127.42478666 -13.25229869 -0.39678836
127.71035544 -13.96125352 -0.40124524
128.03592668 -14.68058000 -0.41165852
128.34860406 -15.42080978 -0.43685563
128.65172308 -16.17019570 -0.45652257
128.98618751 -16.94211123 -0.46822461
129.32234711 -17.73515595 -0.46704127
129.65963359 -18.54040597 -0.44814892
130.01340460 -19.35483957 -0.47242637
130.36965447 -20.18009857 -0.47072039
130.72582865 -20.99281641 -0.47164812
131.09510969 -21.84946984 -0.48070915
131.45218360 -22.69678677 -0.48187052
131.81288163 -23.56895945 -0.47555375
132.18499871 -24.43614133 -0.48075735
132.55877811 -25.31947046 -0.49188822
132.94371009 -26.20234707 -0.50889878
133.31015428 -27.09659279 -0.51532498
133.69009469 -27.98269801 -0.51209783
134.06470829 -28.89069890 -0.50972750
134.43810528 -29.77504128 -0.51106844
134.81118888 -30.64951078 -0.52367078
135.17131302 -31.50901390 -0.53425890
135.54073606 -32.38869237 -0.55131676
135.90929870 -33.27708591 -0.56620088
136.26669428 -34.17139106 -0.56945820
136.63389076 -35.06235743 -0.56627769
136.99008411 -35.94453907 -0.57032774
137.36321083 -36.83660446 -0.58829863
137.71093088 -37.71356205 -0.58019475
138.09495584 -38.59293672 -0.57169574
138.50063930 -39.47635972 -0.58376534
138.89632106 -40.37065436 -0.58352606
139.29684574 -41.25944362 -0.58903437
139.67684064 -42.14182730 -0.60941548
140.05416688 -43.01826258 -0.61218089
140.43442365 -43.86908029 -0.67081580
140.78672783 -44.70972667 -0.67923267
141.15386674 -45.57357012 -0.69753973
141.52131881 -46.43526154 -0.71005619
141.88082685 -47.29874042 -0.71743555
142.25266765 -48.15968987 -0.70616998
142.61144196 -49.01629408 -0.71283330
142.97365543 -49.87329257 -0.70307998
143.33565520 -50.72062595 -0.70553140
143.68894412 -51.54757016 -0.70651607
144.04433621 -52.37813925 -0.71568860
144.39613497 -53.19098966 -0.72026851
144.74482086 -54.00440055 -0.71830544
145.07734394 -54.80059932 -0.71504077
145.38530626 -55.57338448 -0.71690370
145.69231437 -56.33683141 -0.72478820
145.98733793 -57.09325572 -0.72726639
146.27394108 -57.84371357 -0.70863826
146.56483671 -58.57961543 -0.67654248
146.85039205 -59.29329115 -0.66563539
147.12959408 -59.98862748 -0.66092843
147.38996223 -60.63120173 -0.66679592
147.64136770 -61.27560246 -0.66276056
147.87080648 -61.89386293 -0.66720935
148.09182997 -62.50078069 -0.65789646
148.30161074 -63.07099596 -0.63744462
148.50890934 -63.64394798 -0.62575446
148.72911058 -64.18970681 -0.61543495
148.95508705 -64.73172310 -0.60214723
149.19233740 -65.26319409 -0.59382773
149.45038563 -65.77034874 -0.58011661
149.73344325 -66.27656277 -0.57522955
150.02201799 -66.72739863 -0.56270715
150.33117977 -67.19411858 -0.56444104
150.65472274 -67.63717272 -0.55379165
150.99860338 -68.05970017 -0.55071903
151.37484842 -68.48410373 -0.55344890
151.76430750 -68.89896533 -0.54555664
152.18295901 -69.30533406 -0.54419670
152.60560384 -69.67961653 -0.53010937
153.06983573 -70.03603395 -0.51886908
153.54284335 -70.39661810 -0.51388865
154.02967182 -70.73249872 -0.51064011
154.54423772 -71.07729738 -0.51131475
155.07506623 -71.39646410 -0.51165205
155.60514421 -71.72161540 -0.53143026
156.15355080 -72.04218870 -0.54166582
156.69622126 -72.36244532 -0.55151645
157.25825526 -72.69182565 -0.56652066
157.83409202 -73.03339216 -0.57894622
158.40752613 -73.38312108 -0.58814835
158.98057722 -73.74387832 -0.58745009
159.56531267 -74.11015765 -0.60129025
160.13551152 -74.46949191 -0.60952891
160.72384710 -74.84581270 -0.62331880
161.32175162 -75.24127368 -0.63190919
161.92441705 -75.64248157 -0.62423741
162.54241405 -76.05621286 -0.61513107
163.13766740 -76.45263999 -0.60627604
163.74032238 -76.87448331 -0.61350437
164.33777195 -77.30315407 -0.62192897
164.92412248 -77.71163498 -0.61497780
165.53113406 -78.14021798 -0.60680294
166.14370204 -78.55659218 -0.59905540
166.77705130 -78.98369008 -0.60329503
167.39482805 -79.42227779 -0.59569899
168.00194046 -79.86389141 -0.60211958
168.64884755 -80.29643966 -0.60349174
169.32329423 -80.74613979 -0.62696471
169.99046951 -81.22369171 -0.65219578
170.65715457 -81.68958725 -0.66940824
171.29961375 -82.14262380 -0.68783108
171.91836093 -82.57300911 -0.69429570
172.53538850 -83.00840438 -0.69701749
173.16398670 -83.43410357 -0.70744257
173.80828729 -83.87680055 -0.71779676
174.45374012 -84.33075160 -0.70946337
175.08449265 -84.78181132 -0.70940331
175.76125720 -85.24714600 -0.72451779
176.40967386 -85.71239420 -0.72795283
177.07949313 -86.17324635 -0.72811327
177.73458624 -86.64602535 -0.72139429
178.41084159 -87.12963329 -0.71354802
179.09878061 -87.60959437 -0.70553194
179.80359259 -88.10223025 -0.69850874
180.47315782 -88.57852442 -0.68276467
181.14574798 -89.06644591 -0.67933250
181.82033472 -89.54731749 -0.67622540
182.49720204 -90.03887508 -0.68095742
183.17871234 -90.53847622 -0.67182466
183.87927812 -91.02098227 -0.66903928
184.58517540 -91.51037042 -0.65582577
185.29228453 -91.99408824 -0.65947718
185.99378016 -92.47163904 -0.66284199
186.69000275 -92.96236164 -0.65922217
187.38072874 -93.44523813 -0.67556617
188.09059949 -93.93411050 -0.68990143
188.79095482 -94.42455929 -0.67390058
189.49241043 -94.92149272 -0.65727341
190.18842967 -95.39898503 -0.64855160
190.89058381 -95.88411414 -0.65367379
191.57432439 -96.36557788 -0.67099693
192.27694890 -96.85730020 -0.67271290
192.97319688 -97.36072115 -0.66615688
193.68251627 -97.86524665 -0.65781233
194.39062227 -98.37200361 -0.65982539
195.09363702 -98.87942090 -0.66252079
195.78503322 -99.37730768 -0.66778916
196.48661073 -99.89348140 -0.66877972
197.16686256 -100.38537051 -0.66548112
197.85770213 -100.87219691 -0.65977960
198.53735683 -101.36032849 -0.64797343
199.24104573 -101.84173091 -0.64553757
199.94613949 -102.33387914 -0.65136796
200.64498669 -102.81944723 -0.65697372
201.37640952 -103.33654795 -0.65230030
202.14155422 -103.85988795 -0.66045823
202.88706975 -104.38846080 -0.66861973
203.63865070 -104.92969040 -0.65183842
204.39365382 -105.48130216 -0.65679074
205.13294126 -106.01944090 -0.67838432
205.85523047 -106.55861836 -0.67286502
206.59023136 -107.08651866 -0.66153733
207.34063963 -107.61181036 -0.65497224
208.06766797 -108.13167833 -0.65517426
208.80075815 -108.65519648 -0.65969663
209.51620399 -109.16456710 -0.66878091
210.21941115 -109.68778910 -0.67728041
210.94001203 -110.22734476 -0.66322468
211.66783932 -110.74656065 -0.66072416
212.38753473 -111.26889828 -0.64876753
213.11198097 -111.78887032 -0.63789543
213.81710741 -112.30199195 -0.63551299
214.51672305 -112.80907303 -0.64318882
215.23195531 -113.31863962 -0.63001650
215.94889658 -113.83224617 -0.62252872
216.61486535 -114.30613039 -0.60454132
217.28340370 -114.77129261 -0.60092512
217.93718973 -115.24361276 -0.60633319
218.62181713 -115.73002658 -0.59378167
219.30756612 -116.21970950 -0.57384079
219.98431446 -116.69234942 -0.55365325
220.62986447 -117.16071597 -0.55483234
221.29767463 -117.62944358 -0.55062259
221.94634936 -118.07534422 -0.55133514
222.58277163 -118.51604184 -0.54577486
223.22842454 -118.96306667 -0.53373480
223.84300892 -119.39292041 -0.52235897
224.44444900 -119.80646604 -0.51232305
225.03207129 -120.22568128 -0.50855613
225.59848213 -120.62137863 -0.51795560
226.19425445 -121.04166383 -0.51883877
226.77862908 -121.45210888 -0.52045177
227.36453743 -121.86292898 -0.51216667
227.94200593 -122.28765448 -0.50430646
228.51834206 -122.67632567 -0.50207856
229.06435425 -123.06899046 -0.49850219
229.60184454 -123.45589505 -0.50635293
230.12825792 -123.83629410 -0.49967292
230.64216747 -124.22170136 -0.49655721
231.14159736 -124.61954890 -0.49563567
231.63435626 -125.00420617 -0.48246361
232.07911845 -125.37505490 -0.46787541
232.53663408 -125.76041309 -0.46047076
232.96483034 -126.11797942 -0.45919307
233.38783735 -126.47657950 -0.45566999
233.77197512 -126.81342837 -0.45002788
234.14762829 -127.13697711 -0.44718466
234.49880878 -127.44819063 -0.44333413
234.83609534 -127.76667403 -0.44436822
235.14555800 -128.05492753 -0.43984262
235.44866059 -128.33466839 -0.43081919
235.71128113 -128.58793487 -0.41758207
235.97607476 -128.83915045 -0.41675770
236.22073550 -129.04824758 -0.41923593
236.46415030 -129.26810421 -0.41177749
236.71591818 -129.48554043 -0.41411423
236.92354242 -129.66401094 -0.40926844
237.13155157 -129.83417638 -0.41131795
237.33348609 -130.00033406 -0.40522226
237.55003116 -130.17824808 -0.41314665
237.76642349 -130.31695915 -0.41358415
237.97699594 -130.45993615 -0.41144013
238.16905223 -130.57810297 -0.40371781
238.37742525 -130.68431103 -0.41500825
238.58462089 -130.79799875 -0.40664847
238.80037189 -130.89020237 -0.40259098
239.01261878 -130.97612981 -0.39005066
239.22385536 -131.05583321 -0.39154044
239.46092843 -131.13601504 -0.39977553
239.69327903 -131.19743771 -0.39770650
239.95477704 -131.25851074 -0.40269573
240.21713665 -131.30902438 -0.41331323
240.47272864 -131.35413999 -0.41461449
240.76970472 -131.37933423 -0.41736474
241.06978379 -131.38243173 -0.40772993
241.36611841 -131.34581590 -0.40704521
241.67750510 -131.27399439 -0.39848431
242.00894817 -131.21254723 -0.41298657
242.35243721 -131.11174133 -0.42187566
242.69268940 -131.01259447 -0.42227023
243.03202927 -130.87473608 -0.42211578
243.35803735 -130.71670389 -0.40914840
243.70171406 -130.50911694 -0.41011036
244.04775219 -130.29569524 -0.41650493
244.40565558 -130.05265903 -0.41322037
244.78528160 -129.76600007 -0.42461773
245.15462688 -129.46954163 -0.43103594
245.54474486 -129.13619197 -0.44690665
245.96246712 -128.79135641 -0.45488043
246.38504843 -128.38903934 -0.45692660
246.77951100 -127.99711509 -0.45184490
247.19863425 -127.58204776 -0.46296230
247.63432346 -127.12327310 -0.48535260
248.05196422 -126.65315169 -0.47524681
248.43110821 -126.16882134 -0.46114186
248.83468726 -125.65072997 -0.48049856
249.22958880 -125.10840425 -0.49444315
249.64772467 -124.51213558 -0.50279694
250.07179406 -123.88997409 -0.47749205
250.50114667 -123.25999439 -0.45562679
250.91726666 -122.61758805 -0.43485558
251.32213825 -121.97242457 -0.43513875
251.70999455 -121.31673006 -0.44608587
252.12982366 -120.61460492 -0.43582593
252.56819070 -119.93162799 -0.44631222
253.02117243 -119.18429761 -0.45390580
253.53908015 -118.40455434 -0.47491094
254.02668200 -117.61570389 -0.49107943
254.51574849 -116.81933170 -0.50568520
255.04475280 -116.03543924 -0.51320525
255.52834856 -115.27057953 -0.52875170
256.04627305 -114.47401920 -0.55195846
256.55313670 -113.70041963 -0.57498346
257.07266841 -112.92077488 -0.58519423
257.56006604 -112.15943213 -0.60633030
258.10004172 -111.34576983 -0.62597778
258.66774119 -110.50232788 -0.62656230
259.24043134 -109.65032172 -0.62790992
259.79082864 -108.79823778 -0.64314977
260.33967752 -107.92401100 -0.64787278
260.92046437 -107.03388293 -0.68564356
261.48719456 -106.16754099 -0.70143524
262.04616001 -105.30056732 -0.71073550
262.58967664 -104.42295346 -0.69945453
263.10386548 -103.54118934 -0.70007862
263.67159376 -102.72347789 -0.69805617
264.23127892 -101.86185222 -0.70861453
264.77091194 -101.01138318 -0.72140399
265.30855784 -100.15786517 -0.74242405
265.94825896 -99.41529320 -0.77413940
266.49809880 -98.56133574 -0.82199009
267.05881326 -97.77748305 -0.86686727
267.41799307 -96.75616253 -0.85587170
267.84927106 -96.04353166 -0.82201542
268.30145390 -95.23941283 -0.81190446
268.84112931 -94.28295588 -0.77303155
269.38556676 -93.50205326 -0.80994724
269.99917477 -92.34167271 -0.81700854
270.49518126 -91.54202188 -0.83740351
271.18176030 -90.90956871 -0.86958107
271.68582375 -90.05426284 -0.84652550
272.48745665 -88.81564908 -0.88734839
273.26166610 -87.71351100 -0.90633231
273.74821260 -87.02068929 -0.90728270
274.27942255 -86.47120725 -0.92068467
274.99453239 -85.92438246 -0.83797890
275.44656746 -85.37277170 -0.84759759
275.75752498 -84.55716482 -0.77184390
276.22036489 -83.65333466 -0.81580991
276.58395626 -82.84522907 -0.81653669
276.99614409 -81.82964601 -0.71126761
277.46213006 -80.72930717 -0.69654269
278.04766492 -79.88442759 -0.66227507
278.60987630 -79.01846607 -0.65144693
278.98727557 -78.21700515 -0.61881826
279.51996356 -77.31631609 -0.68254384
279.83587342 -76.61486818 -0.65586449
279.85083083 -76.25952970 -0.49588610
280.68934794 -75.65938926 -0.47641815
281.25361242 -74.89317147 -0.57580984
281.75947316 -74.29057927 -0.66988112
282.08303565 -73.64890712 -0.71715565
282.40428409 -72.90367252 -0.69271044
282.68015494 -72.26927633 -0.76079181
283.24791453 -71.61879298 -0.77474780
283.89253895 -70.74978820 -0.78887217
284.19411382 -69.77360955 -0.82719023
284.74959874 -68.93763220 -0.92849660
285.19944096 -68.14256513 -0.95836178
286.37511179 -67.00276762 -0.82143131
286.95185777 -66.15964427 -0.80288998
287.63690940 -65.33657126 -0.79082684
288.21939267 -64.57965774 -0.78795425
288.77826830 -63.92745787 -0.80903263
289.18012003 -63.40089238 -0.82705391
289.76586909 -62.38037846 -0.83792348
290.44018445 -61.46196538 -0.89287450
290.87722648 -60.36650249 -0.88251046
291.42730046 -59.33738307 -0.92606911
292.04574569 -58.48885918 -0.93038358
292.30605172 -58.14922006 -0.89605853
292.96255907 -56.91817274 -0.93079242
293.53294783 -55.93179775 -0.86184642
294.55694406 -54.85944870 -0.90453983
294.69102697 -54.67721230 -0.91143396
294.93996950 -54.48868580 -0.81682954
295.34367750 -53.87260949 -0.80257190
295.62679678 -53.38121779 -0.78665840
296.21355099 -52.82417893 -0.77044273
296.97914658 -52.26056236 -0.80239191
297.25265309 -51.34161466 -0.77907333
297.74434077 -50.44332148 -0.77213054
298.40212357 -49.39805603 -0.76461856
299.32439042 -48.32208414 -0.75765171
299.80059633 -47.43115560 -0.81083197
300.44110534 -46.45864311 -0.84332949
301.21853105 -45.99534770 -0.87711700
301.86396806 -45.26844678 -0.89109388
302.57930414 -44.11199523 -0.93137610
303.35184756 -42.93863547 -0.76961361
304.23119226 -42.01804614 -0.82664391
304.91504704 -41.10703939 -0.84519042
305.41665386 -40.24361727 -0.78883293
305.67966515 -39.62198194 -0.79151682
306.26341059 -39.20407269 -0.81357303
306.73283402 -38.81208588 -0.80016054
307.30473247 -38.38445461 -0.82305363
308.06027038 -37.52892326 -0.83590824
308.59742323 -36.92976969 -0.82974667
309.38730772 -35.84941015 -0.85571251
309.84331919 -35.63437787 -0.90673637
310.45552845 -34.51176313 -0.88410461
310.52038034 -34.65199920 -0.92028096
310.65102817 -34.93715657 -0.88350711
311.32652628 -34.35256910 -0.91679344
311.67531915 -34.15910811 -0.81671309
311.89022436 -34.31319694 -0.85205152
312.62993888 -33.54351903 -0.85687429
312.51242469 -33.20069385 -0.69301522
313.11681310 -33.09042377 -0.70000271
313.77563908 -32.05557862 -0.67721529
314.16587434 -31.78355259 -0.69755597
314.85031967 -31.11579657 -0.68148436
314.99093253 -31.22820055 -0.68867019
315.23407243 -31.36566957 -0.65070004
315.88314934 -31.08438311 -0.64433512
315.88924868 -31.08495061 -0.59833199
316.14986035 -30.23024243 -0.56123780
316.12572775 -30.36321236 -0.56164075
316.29598992 -30.19555146 -0.56515356
316.32219868 -29.62327954 -0.56741460
316.58317298 -29.20916586 -0.57626543
316.57652456 -28.79948042 -0.57848616
316.55203651 -27.99161522 -0.53325760
316.66860538 -27.43970974 -0.56246118
316.81556344 -26.81252913 -0.56572662
316.85551468 -26.46346508 -0.56385932
316.93700038 -25.94055434 -0.56797296
316.91446701 -25.48243867 -0.53729360
317.05089332 -24.45022651 -0.56615903
317.10608435 -23.76774819 -0.58364358
317.11866142 -23.77337263 -0.60930863
317.19022510 -23.52180387 -0.63410036
317.24563476 -22.54785619 -0.64814202
317.34952562 -21.73221096 -0.68218281
317.71954259 -21.23869480 -0.70056326
317.59040016 -21.16056613 -0.70439149
317.67884995 -20.34141652 -0.71456225
317.13266998 -19.67671295 -0.60584237
317.35204548 -18.79861653 -0.60885990
317.29368139 -17.86805095 -0.68078014
317.41686106 -17.36991154 -0.75076264
317.21382054 -16.79004222 -0.78313863
316.95074900 -16.36269300 -0.82853404
316.35122694 -15.24802053 -0.90309370
315.94441115 -14.14662470 -0.80967849
315.78256679 -14.11376748 -0.89445267
315.57251447 -13.77609213 -0.96963698
314.77292517 -12.81360184 -0.98956011
314.31851793 -12.12840782 -1.00453450
313.72944629 -11.43107842 -0.97781969
313.25873831 -10.75127185 -0.99447725
312.78929721 -9.74257021 -0.91701759
312.35852121 -8.83928204 -0.94345603
312.30114982 -8.57927607 -1.07467812
311.25751289 -7.30104991 -1.08580945
310.94291995 -6.48847686 -1.09843615
310.66447463 -5.83843505 -1.09963995
309.95735837 -4.89407574 -0.98423529
309.52709311 -4.14775577 -0.97683284
308.89766128 -3.68725115 -0.81723134
308.49755744 -3.20289485 -0.79319901
307.66403634 -1.90091529 -0.74115493
307.55989567 -1.71548564 -0.77146806
306.74653120 -0.61907895 -0.76204063
306.21371843 0.22655033 -0.75156610
306.29278590 0.02846139 -0.84365327
305.87644058 0.70073607 -0.85948068
305.40481669 1.84762741 -0.79300321
304.89176077 2.39372983 -0.73650175
304.32273396 3.62609542 -0.68511600
304.20037730 3.99265443 -0.65254774
303.94436028 4.37954210 -0.62752174
303.39574009 5.12375939 -0.61383217
302.66305681 6.18766425 -0.51289403
302.51761461 7.07023068 -0.53022017
301.78988430 7.50550249 -0.50630921
301.59164603 8.00742201 -0.46721366
301.39274073 8.66778148 -0.48349795
300.92749698 9.74547374 -0.50212260
300.47870242 10.33135710 -0.54221334
299.82182042 11.64141823 -0.52767941
299.57460740 12.07406030 -0.53995348
299.21354334 12.63223580 -0.55445231
299.06597343 13.24283306 -0.44397252
298.87580742 14.41122409 -0.42348264
298.63474294 14.76228980 -0.41322499
298.22301880 15.51673178 -0.43606423
297.62888846 16.78649925 -0.48873184
296.88217655 17.80003829 -0.52770288
296.81363432 18.27750742 -0.46630551
296.34931155 19.34164063 -0.52515327
295.87025986 20.41624785 -0.51228036
295.61019908 21.16969820 -0.49296380
295.30336569 22.10657435 -0.48014445
294.89820318 23.13724495 -0.51530281
294.67994329 23.39142011 -0.49956575
294.07304349 24.60957384 -0.51063613
293.57692711 25.49849791 -0.56927460
293.06089529 26.63272204 -0.58076533
292.65896939 27.45706476 -0.61244471
291.93559537 28.11098940 -0.60004944
291.33358941 29.33112675 -0.68521272
290.79374940 30.01827642 -0.69742328
290.82460547 30.53016566 -0.74649205
290.10332663 31.21477785 -0.78446593
289.37316445 32.03179499 -0.80934595
288.69926429 33.18738657 -0.80645630
288.10732350 34.05497794 -0.75226690
287.56798277 34.82994750 -0.78909494
287.23081303 35.93193842 -0.84583072
286.92196931 36.92027710 -0.85166288
287.04079071 37.21879021 -0.82171719
286.71957080 37.90487382 -0.82553250
286.21727868 39.10416336 -0.86709558
285.76328877 40.30249071 -0.90439602
285.25864990 41.31729651 -0.89724311
285.15597410 42.28852274 -0.94111933
284.84762833 43.30326323 -0.89212887
284.38073190 44.36908499 -1.04147133
283.90642945 45.53918609 -0.99831168
283.37940482 46.46931637 -0.87984873
283.05394433 47.23277851 -0.88632246
282.51017471 48.22679379 -0.87627872
282.09993587 49.21251122 -0.87698638
281.67289785 50.19264432 -0.89315428
281.16905067 50.97926557 -0.94942293
280.83418603 51.81190615 -0.98943440
280.98871923 51.98006844 -0.97023491
280.80686928 52.58253874 -1.02232073
280.23994898 53.58956251 -1.04255705
279.79412175 54.19847323 -1.05163531
279.87850111 53.95130767 -0.88763731
279.37588505 54.95906066 -0.95462370
279.06145546 55.66409969 -0.96767885
278.73459270 56.31131657 -0.96903064
278.27993187 57.65417337 -0.90513666
277.83567688 58.34486669 -0.90271435
277.43658979 58.79452362 -0.86344463
277.57611444 58.12461035 -0.79925626
277.34555089 58.96865133 -0.80822568
277.02197326 59.88956737 -0.77643019
276.82652772 60.45551154 -0.78268178
276.26646559 61.37692771 -0.77624965
276.29916812 61.35582256 -0.73337568
275.84247080 62.08667647 -0.70343346
275.53061765 62.72856879 -0.72351853
275.31434105 62.97016960 -0.73249888
275.00968428 63.39304384 -0.74261533
274.95455502 63.54469599 -0.69994700
274.63930039 64.20921311 -0.71653064
274.75678240 64.08129422 -0.66219277
274.36710069 64.52818176 -0.66478390
274.18426933 64.87203396 -0.66997225
273.94738816 64.86770261 -0.66159399
274.07223364 64.43403961 -0.63249882
273.95453596 64.38365528 -0.56668659
273.71887583 64.87921528 -0.57915380
273.56169333 65.32751294 -0.61022159
273.47206338 65.67405597 -0.61210073
273.46060434 65.57242102 -0.58708175
273.33533600 65.55693413 -0.58311058
273.47482699 66.08233777 -0.58794336
273.09233349 66.14474611 -0.53376267
273.25556659 66.10988597 -0.51695595
273.35330563 66.24994205 -0.53879816
273.21748989 66.33276656 -0.54088224
273.39691428 66.91323318 -0.60218760
272.97767713 67.24001796 -0.60875388
272.71405853 67.44307995 -0.59144379
273.01603030 67.93878942 -0.57609022
273.11139291 68.30480567 -0.56241737
272.65244147 68.64060658 -0.54490649
272.43926337 68.95351600 -0.53428647
272.64894811 69.60084018 -0.46268626
272.68182362 70.28310731 -0.42775813
272.26198446 70.91538719 -0.40834585
272.67905082 71.64503045 -0.33366404
272.63129090 72.20669679 -0.32802268
272.16934853 72.61341461 -0.33509640
272.24997189 73.11748745 -0.33810872
272.17985181 73.57323251 -0.33207853
271.69591283 74.19812156 -0.34277450
271.55994483 74.42118092 -0.36249543
271.55487277 74.60169196 -0.36314516
271.77088857 75.19491142 -0.36542721
271.74642231 75.73635295 -0.34633872
271.53997017 76.04190674 -0.34704355
271.09013886 77.15487437 -0.34677027
270.95189268 77.52547482 -0.38366591
270.44405000 78.54044922 -0.43170759
270.41582597 78.80385658 -0.46476900
270.30230475 79.00733446 -0.51087259
269.64828489 80.13702176 -0.56995107
269.73970890 80.20028021 -0.57617014
269.13292392 81.06253738 -0.65383199
269.17342701 81.67600107 -0.65731841
269.01106154 82.21359670 -0.73159113
268.92175842 82.58015569 -0.69560421
268.52412609 83.86507581 -0.65492559
267.77478686 84.79100423 -0.61493764
267.32704258 85.52845817 -0.61826511
266.91667069 86.23791000 -0.62142246
266.61626044 86.76328577 -0.62002734
265.99670599 88.12780121 -0.61667496
265.49250045 89.12195303 -0.61323182
264.85015458 90.38031906 -0.38339981
264.41033112 91.24862302 -0.34853240
263.75036593 92.13160880 -0.31348476
263.16217367 92.82571032 -0.29583739
262.96764057 92.93032377 -0.24663127
262.84197131 92.98092776 -0.20994438
262.20344923 94.28596181 -0.16078038
261.60251158 95.37574403 -0.17743260
261.48809477 95.51126842 -0.11078914
260.96312464 96.66804419 -0.08317738
260.38862012 97.13738752 -0.12790970
260.66717972 97.10661953 -0.05489276
260.20302141 98.10346481 0.02153650
259.67930841 98.58508609 0.01978775
259.19078022 99.24231406 0.05122831
259.08284536 100.22771846 0.24624854
258.30637512 101.16892036 0.27630430
258.17122074 101.45836820 0.26605577
257.90312878 102.03073549 0.25328357
257.85527262 102.30969213 0.36124938
257.21936979 103.34000150 0.31259881
257.12038680 103.53551102 0.21885803
256.38811516 104.51441353 0.18580536
256.32712600 104.65515805 0.13399383
256.11367451 104.97038795 0.05293274
255.86104482 105.00903464 0.05660478
255.30908762 105.90574407 0.06941941
254.96576259 106.54732372 0.09413812
254.49922001 107.30270556 0.11482034
254.25410420 107.58623091 0.12755196
253.89616286 107.89601529 0.16598859
253.14246558 108.72857763 0.19108361
252.74850881 109.30387138 0.20329010
252.32895455 109.77896468 0.26986868
251.78449060 110.58678569 0.26069936
251.54267618 110.79447404 0.28397552
251.04023287 111.41598139 0.26244219
250.59766438 111.97122838 0.27610438
250.38670630 112.06978324 0.21233989
250.05963152 112.21835354 0.20232948
249.59861306 112.71050558 0.21694402
249.42572872 112.68890802 0.26218576
249.07193356 112.86698359 0.25435112
248.25988873 113.39597343 0.30122265
247.49518030 113.92189609 0.30831958
246.87316999 114.22023767 0.36904446
246.61564646 114.42380624 0.36722611
246.33403299 114.74021038 0.38050197
245.81783846 115.06910389 0.37764450
245.27303650 115.41240162 0.35443060
244.73282845 115.76584721 0.34854479
244.13753418 116.15113804 0.35074181
243.55186257 116.51143415 0.33252345
242.93665066 116.88826789 0.32106243
242.32157900 117.27910111 0.31170392
241.70302910 117.69686898 0.30364002
241.06077141 118.13444094 0.29942469
240.36379145 118.54857301 0.29319924
239.68548770 118.95418926 0.29330158
238.99070856 119.39145912 0.28328365
238.29915144 119.77861282 0.26727769
237.59988902 120.23538246 0.26745007
236.87438341 120.71900070 0.28382621
236.14201017 121.18105354 0.30084472
235.36266234 121.68148699 0.29565739
234.58008966 122.18792213 0.27327074
233.83207938 122.64415055 0.26462154
233.05775803 123.17326080 0.24239456
232.31177791 123.69583547 0.23628606
231.56675404 124.18159948 0.24324539
230.79139908 124.72616433 0.21864424
229.99839841 125.23360362 0.24596333
229.17741888 125.77572891 0.27736756
228.33655533 126.28923348 0.28763157
227.48007204 126.83800488 0.28800515
226.64017592 127.39105453 0.28583758
225.73101239 127.89331344 0.26493438
224.83900651 128.42856655 0.26269428
223.93917967 128.94411924 0.25378098
223.05291840 129.44814082 0.26335019
222.17697239 129.94240691 0.26831688
221.31370959 130.46137380 0.28278224
220.45750191 130.97882777 0.28433156
219.60808617 131.47683571 0.29684829
218.77285459 131.95513064 0.28902031
218.01461097 132.42798950 0.27692739
217.12365201 132.88435835 0.27913057
216.30550338 133.33673208 0.30129759
215.47674034 133.79507533 0.29772051
214.64502156 134.23381144 0.30432922
213.80134696 134.69082556 0.30108010
212.99905173 135.13505806 0.31160909
212.15313151 135.58100553 0.31208984
211.35222922 136.02032342 0.33781545
210.53435194 136.46710233 0.35447040
209.71877132 136.91961597 0.37434678
208.87244719 137.37611274 0.39391417
208.03161065 137.82963759 0.41328979
207.17283272 138.24583773 0.39746896
206.32752903 138.66396789 0.41135475
205.46759168 139.08088964 0.40634312
204.62180425 139.48548922 0.41918429
203.79204302 139.88671344 0.41727959
202.95375390 140.29993675 0.42821834
202.11455562 140.69960937 0.44047191
201.28275290 141.09294567 0.42709857
200.40922347 141.49767426 0.42685379
199.56938473 141.86594866 0.43273690
198.76803680 142.21181664 0.43184534
197.93967233 142.57168448 0.42975193
197.12642445 142.94021518 0.42927881
196.36795597 143.28132858 0.42962635
195.61886821 143.61031011 0.43072601
194.90442565 143.92616056 0.42375436
194.18909526 144.25015154 0.43336394
193.43459784 144.56067011 0.43457639
192.72850343 144.85925746 0.43809849
192.04219605 145.14177916 0.44886049
191.41959178 145.40134931 0.44001613
190.79766610 145.67817483 0.43673324
190.19075341 145.93060281 0.42943062
189.56406455 146.19601410 0.42864923
188.97161191 146.46399830 0.42520736
188.41770234 146.73562839 0.41114512
187.85268522 147.03271285 0.40094015
187.34293510 147.29773598 0.40288739
186.83432879 147.57175047 0.39452239
186.31799634 147.85670440 0.38784853
185.81630412 148.12863860 0.37849252
185.31075731 148.44197495 0.36512927
184.82096637 148.76817374 0.36066034
184.35034415 149.09734762 0.34497648
183.89790529 149.43479453 0.33494852
183.43202478 149.80223768 0.32713245
183.02368266 150.17612924 0.33155951
182.61161243 150.58373810 0.32848146
182.22613190 151.03305119 0.32379408
181.88409954 151.49118783 0.31850743
181.56246190 151.96507362 0.32149387
181.26402414 152.45106148 0.30630719
180.99032874 152.95345863 0.30623344
180.74045412 153.46859643 0.30992478
180.53350028 153.99561937 0.31162460
180.35346529 154.52886606 0.30631765
180.20469790 155.07709458 0.27719252
180.09872876 155.64952255 0.26627504
180.03090481 156.25945335 0.27619923
179.99065123 156.90221047 0.28968111
179.96950647 157.50711613 0.29205102
179.98445131 158.11710849 0.29127168
180.02381617 158.73078353 0.29583961
180.08647588 159.36623620 0.30215663
180.18465150 160.01874987 0.30226144
180.35750539 160.67770296 0.29923236
180.51831652 161.33207934 0.30800082
180.71582579 161.98657028 0.31470800
180.94506287 162.67366791 0.32824344
181.19268672 163.36967663 0.34781590
181.44000497 164.05975141 0.35549060
181.70011494 164.76515556 0.35216901
181.98405951 165.43835770 0.34044249
182.26717920 166.11248472 0.32982220
182.54081605 166.78233821 0.32229255
182.84526197 167.47469659 0.32303596
183.15575981 168.16709933 0.31888516
183.45529875 168.88134225 0.32231304
183.78508199 169.62277674 0.32478401
184.12592377 170.34675354 0.32947120
184.41955156 171.03954136 0.32559544
184.72430453 171.76205563 0.31959326
185.07021246 172.51182437 0.34057207
185.39371238 173.25566206 0.36011257
185.73947037 174.01452546 0.38807330
186.09101459 174.82624512 0.40892894
186.43828002 175.61454188 0.43333274
186.79443649 176.43131755 0.44427230
187.15186663 177.21036802 0.44427105
187.49038369 178.01214269 0.44397349
187.87163816 178.82601352 0.43329848
188.24854457 179.64841771 0.41837427
188.62345294 180.49548039 0.40892931
189.00532653 181.34493764 0.41432253
189.40467768 182.21598296 0.43437021
189.80051171 183.10115554 0.45191784
190.21504621 184.00146942 0.45466611
190.63387766 184.89742382 0.46214454
191.04229798 185.76698012 0.46272636
191.46363440 186.66630339 0.46430890
191.87266743 187.55238849 0.44974720
192.29575766 188.48761101 0.43642633
192.72701317 189.42822652 0.44901737
193.16449625 190.37523795 0.47271707
193.59757202 191.34180183 0.48325110
194.01238038 192.28398700 0.46671640
194.44122139 193.23037303 0.45532846
194.88147506 194.18432365 0.45042744
195.32546602 195.14150235 0.45537009
195.76700113 196.11839767 0.46100729
196.20607895 197.10083298 0.46421481
196.65637583 198.08758581 0.46121246
197.09036424 199.05369681 0.45506967
197.54198581 200.03370345 0.44384539
197.99404026 201.01100632 0.43384432
198.44925459 201.99166113 0.42256283
198.89418557 202.94015989 0.41810092
199.35453413 203.90578328 0.41974257
199.79780983 204.84780415 0.41579353
200.24987394 205.81665456 0.41518456
200.70106954 206.77924539 0.41741905
201.14074256 207.75746308 0.42392248
201.57616841 208.71362027 0.42549017
202.00918851 209.66165116 0.41386593
202.42833649 210.59773697 0.39761356
202.86576536 211.53447297 0.39456730
203.30043190 212.43542141 0.39493738
203.74106582 213.36506524 0.39709440
204.18513845 214.29082394 0.39503781
204.64448218 215.25886062 0.38986967
205.09929255 216.21219739 0.38519065
205.55502997 217.17135204 0.38244834
206.00908433 218.11761280 0.37641679
206.46053765 219.06085245 0.38524580
206.90830695 219.97766985 0.38460677
207.35109105 220.91443840 0.38276547
207.81273366 221.83173518 0.37287057
208.25405618 222.72319709 0.36233938
208.68433726 223.60618375 0.35708309
209.10395024 224.52393255 0.35271109
209.55683818 225.42177468 0.34872652
209.99863089 226.35047263 0.35366952
210.44746436 227.30099620 0.34213554
210.88123074 228.23166790 0.32370564
211.30489046 229.14961868 0.30688315
211.73919211 230.08309348 0.28761810
212.16720225 231.00526424 0.26780078
212.59197446 231.92218726 0.25241315
213.01159422 232.83177905 0.25332688
213.41543174 233.73093471 0.23974911
213.84388287 234.66208750 0.22330510
214.25623527 235.58310838 0.22197999
214.65826518 236.50546837 0.22584795
215.05854229 237.41517497 0.23399413
215.44493394 238.32083295 0.23007210
215.83351352 239.23298716 0.21825950
216.20488934 240.14358026 0.21459969
216.57546938 241.06377814 0.22059937
216.94779410 241.97563387 0.19816881
217.33233345 242.89128467 0.19488067
217.72033875 243.81183348 0.17850950
218.10988242 244.71112410 0.17646410
218.51424933 245.63891696 0.16609537
218.92217532 246.56281097 0.17199883
219.34826343 247.48481798 0.16810910
219.76651850 248.43872579 0.16641501
220.21445364 249.39951857 0.15196208
220.64187166 250.32341808 0.12924061
221.07545337 251.25582966 0.10133950
221.53158353 252.20875266 0.07245726
221.97973509 253.12601953 0.04504737
222.43514442 254.07550720 0.04704636
222.88307128 254.96645597 0.05043505
223.31086371 255.80448802 0.05597695
223.74046699 256.67250858 0.05089733
224.19243983 257.55559595 0.05239529
224.63991637 258.43195151 0.05194199
225.09809133 259.33482800 0.04484830
225.56073376 260.22318216 0.03435729
226.02382773 261.08800536 0.04601693
226.49373076 261.98182891 0.04340681
226.96275528 262.85434229 0.03359033
227.40872922 263.70413312 0.01663305
227.87600145 264.58660709 0.00964820
228.33275090 265.44336389 0.00877402
228.79348105 266.31040272 0.01153438
229.25070617 267.15930693 0.01526767
229.71776846 268.04855416 0.00594102
230.17832514 268.92210835 -0.01112847
230.64120660 269.79106460 -0.00980388
231.09181176 270.63599338 -0.02263058
231.54338515 271.46189014 -0.04170734
231.99693338 272.31047012 -0.05593070
232.42000723 273.10730832 -0.06067818
232.85501195 273.92023771 -0.06955944
233.28036493 274.71398121 -0.08238641
233.69295843 275.50398776 -0.08639764
234.11699227 276.27136182 -0.08943204
234.53286131 277.02130008 -0.10753494
234.94380607 277.76202852 -0.11880842
235.35962736 278.48794690 -0.12646493
235.78340759 279.21852129 -0.11776843
236.19576542 279.89591137 -0.11946589
236.58967801 280.56834952 -0.11610475
236.97393786 281.21559770 -0.12706860
237.34680281 281.82287370 -0.14540832
237.71776073 282.45064273 -0.16205437
238.08374164 283.04550365 -0.17087064
238.44455173 283.63509829 -0.17293341
238.80459583 284.22940286 -0.17886173
239.16705636 284.82645641 -0.19094449
239.52876208 285.41549134 -0.19772962
239.88108030 285.99234178 -0.18240765
240.24114122 286.57684412 -0.17333247
240.57631988 287.14540632 -0.16885830
240.90302297 287.71917099 -0.17349182
241.22559578 288.29951296 -0.17903122
241.54865662 288.88664775 -0.18491439
241.84980915 289.45533878 -0.18009419
242.13812031 290.04484720 -0.17846815
242.41304942 290.65815816 -0.16779009
242.71955436 291.28685426 -0.17015674
243.00720199 291.91261839 -0.16896783
243.29802130 292.57363312 -0.17155834
243.56406016 293.23824093 -0.17037874
243.84886599 293.93187797 -0.17470890
244.13471442 294.64705395 -0.17820667
244.42354137 295.36347803 -0.16153100
244.73057997 296.10846348 -0.14680093
245.04504606 296.84649610 -0.15106087
245.37913440 297.58443783 -0.15753401
245.71762197 298.35273842 -0.15808299
246.05084196 299.15656373 -0.16935747
246.41643470 299.96055196 -0.16587695
246.78354283 300.73950148 -0.15250509
247.19400468 301.55406048 -0.14754418
247.62217850 302.35608404 -0.15483621
248.06044463 303.18535878 -0.16490510
248.50844209 304.01746846 -0.16912592
248.96626569 304.85459002 -0.15660629
249.43525823 305.71246975 -0.13337330
249.92026391 306.56264745 -0.11488069
250.39837895 307.40370376 -0.09771714
250.89137198 308.26070208 -0.08780550
251.38970782 309.12886839 -0.08539801
251.90644195 310.01323562 -0.08463532
252.42672043 310.90879152 -0.07911697
252.94793946 311.80851758 -0.07677691
253.47548096 312.72716714 -0.07871310
254.00889690 313.67448767 -0.09895278
254.51359606 314.57397689 -0.09489096
255.04976049 315.52881174 -0.09707264
255.56684046 316.45354216 -0.09206824
256.06922498 317.37816024 -0.09097573
256.58513242 318.30457684 -0.07767472
257.08024994 319.24355346 -0.05561250
257.56997126 320.17697829 -0.04931181
258.06410971 321.13036450 -0.04410392
258.56699079 322.08896869 -0.04647884
259.05898571 323.04553200 -0.05485818
259.54527978 323.99651332 -0.06177869
260.02644396 324.92994539 -0.05706905
260.49102199 325.86754527 -0.06038866
260.97211452 326.79465242 -0.06516689
261.44852083 327.74271044 -0.06329242
261.94650898 328.69173828 -0.05520677
262.41098621 329.61839379 -0.04949644
262.86625164 330.53601815 -0.05159407
263.34527025 331.45388619 -0.06479827
263.80768211 332.36220436 -0.06450035
264.27583615 333.25501792 -0.06809030
264.76066998 334.17967872 -0.07292265
265.24617926 335.06735922 -0.06201790
265.71208378 335.93051020 -0.04599552
266.18044093 336.80860207 -0.02415800
266.63023248 337.64623639 -0.00608176
267.08104472 338.47693148 0.01825749
267.51728657 339.30542382 0.02271268
267.95377116 340.13631096 0.02481914
268.37020525 340.95876870 0.02738194
268.79217283 341.74978691 0.03206814
269.19521086 342.55580872 0.03972294
269.61977612 343.34812636 0.04058469
270.02941809 344.14828881 0.04315447
270.42322902 344.93594547 0.03950319
270.80543965 345.72184814 0.03140058
271.17804775 346.49363447 0.03226711
271.55004622 347.27535869 0.02083969
271.91035974 348.03081764 0.01340139
272.25276313 348.79320902 0.00317706
272.57935961 349.49722992 -0.00738857
272.90395559 350.18589902 -0.01110176
273.20680679 350.86050850 -0.00473836
273.49899979 351.49788372 0.00249737
273.77922575 352.13962760 0.01344890
274.03690108 352.75468956 0.02998348
274.27276312 353.31996176 0.03540030
274.49221151 353.88489698 0.03917105
274.69483951 354.41704401 0.04177497
274.89073326 354.91929857 0.05450441
275.09526228 355.39535191 0.06111755
275.29567478 355.86454658 0.06408904
275.49564765 356.31948678 0.07174121
275.71614777 356.75781927 0.07599836
275.95007570 357.17239993 0.07553563
276.19803926 357.56152016 0.08838595
276.46089406 357.94092700 0.09836335
276.72889125 358.29395874 0.09506831
277.01710781 358.61578527 0.08634730
277.32763408 358.94800886 0.08822720
277.65052760 359.25679409 0.08909782
278.00460934 359.53979487 0.09435797
278.35128186 359.77536692 0.10114694
278.72186987 360.02679877 0.11001841
279.11254746 360.24394277 0.11564652
279.48442359 360.39312775 0.11415005
279.88010260 360.53897905 0.13056617
280.27746214 360.64700958 0.12451552
280.68483189 360.76094994 0.13349791
281.09812892 360.81954064 0.13200336
281.34625189 360.60211250 0.09801294
281.91222966 360.55370979 0.04775264
282.21892624 360.34182241 0.03178683
282.69540011 360.63463811 0.03406640
283.25493315 360.72197455 0.03077251
283.78636128 360.61018068 0.04720981
284.16275715 360.53897336 0.04548569
284.58874793 360.44741259 0.01605364
285.27504832 360.24471624 -0.01269171
285.84793362 359.95580217 -0.02075024
286.49160087 359.79259898 0.11117132
286.99144190 359.68711093 0.07448013
287.55816245 359.42337508 0.06218291
287.76776844 359.26170003 -0.07306672
288.27136261 359.11922831 -0.03228949
288.53898426 358.93405714 -0.03344327
288.42389172 359.03320503 -0.01287516
289.31913152 358.60296645 -0.04357392
290.18085800 358.29906912 0.09754992
290.97972803 357.73490095 0.07181508
291.12905705 357.66583573 0.03478346
292.49071382 356.84619634 -0.01848614
292.77724098 356.67435954 -0.00312322
293.67367157 356.05971458 -0.01946042
294.56483647 355.74174753 -0.06349838
294.38462852 355.60208874 -0.05973828
295.43683956 354.94365970 -0.05465226
296.49370857 354.46525063 -0.03111448
297.39953038 354.13929839 -0.11857201
298.38912611 353.66035123 -0.18913890
298.58063941 353.79686231 -0.07582954
299.59416312 353.38196348 -0.10146965
299.77321462 353.16878169 -0.12022926
300.17688541 352.92851636 -0.19354665
300.21685489 352.93602225 -0.00097101
301.49222302 352.28419148 -0.04505070
302.87540331 351.53935723 0.12002042
303.61651814 351.12338577 0.08926923
304.55327996 350.51891185 0.10824944
305.29864170 349.91993981 0.03087658
306.26406074 349.37938814 -0.02643730
307.47850579 348.92358091 -0.00157305
308.60027830 348.33725787 0.03732586
308.93954053 348.24292255 0.03960751
309.97107715 347.72925250 -0.02689643
310.78480159 347.29205364 -0.05269603
311.51547223 346.80058208 -0.09261313
312.79379229 346.27149980 -0.12555811
313.83434095 345.75811194 -0.14485411
314.74102216 345.35175494 -0.18757181
315.02137497 345.19602242 -0.12713319
315.44848667 344.55048463 -0.09167838
316.54401665 344.16923747 -0.14817225
317.24035016 343.98745541 -0.15491386
318.44895680 343.26991642 -0.03754494
319.33084055 342.68687008 0.00824637
320.53904427 342.45425274 0.00243691
321.45369908 342.07504148 -0.01645472
322.70413727 341.53976354 -0.11488701
324.03797047 340.94205013 -0.02181087
324.90561538 340.30891360 0.01572305
325.77041756 339.75104670 -0.03098996
325.61479043 339.63932853 0.00937837
326.06953287 339.41327289 0.02648074
327.13732469 338.95568022 -0.01429403
328.34900095 338.41310076 -0.07950616
329.32562537 337.85463378 -0.06533657
330.10341112 337.35100928 -0.08703951
331.10177983 337.05300930 -0.06157332
331.35329891 336.79972240 0.02831526
332.38293212 336.27813961 -0.01691612
333.25032522 335.82378980 0.00198042
334.02132215 335.36208349 0.01216516
334.64663470 335.02001472 -0.00426617
335.26181380 334.80667589 -0.00033321
335.94672934 334.37923862 -0.00854472
336.76053087 333.86873464 0.00295043
337.59684540 333.39719015 0.00514578
338.35277753 332.97760516 -0.00571511
339.40772705 332.49825457 -0.04227734
340.45568989 332.05762169 -0.05222796
341.49103239 331.52357990 -0.05126881
342.05493510 331.30655176 0.02088646
342.63883002 331.00168016 0.01326901
343.67456121 330.52066250 -0.00561064
344.64208146 330.10883851 0.00384899
345.60140472 329.61237722 0.04478092
346.64956984 329.16060272 0.06188896
347.92102128 328.78529314 0.10191398
348.73430736 328.42095164 0.11939036
349.04729417 328.29849855 0.10075145
350.04180592 328.12306879 0.10640230
350.57053584 328.01115341 0.11954187
350.85785657 327.80722379 0.08643102
351.98072228 327.39321704 0.07105942
353.32873294 326.94749206 0.04943598
354.28481545 326.69223355 0.04082424
355.13340909 326.55180727 0.04007477
355.98409284 326.35845670 0.02623725
356.92250565 326.25081018 0.05867257
357.75687171 326.05790141 0.07572888
358.88698457 325.88608355 0.16163905
359.65605045 325.80053267 0.15387567
360.29710067 325.70629416 0.14080284
361.06743317 325.65354270 0.16398997
361.69328948 325.47404141 0.17531791
362.79331479 325.20631788 0.15804415
364.14866253 324.86061812 0.21129936
365.12237488 324.59058304 0.22924529
366.18473702 324.26592617 0.25319366
366.99742553 324.20437660 0.24399639
367.79148873 324.07940239 0.23972628
368.62302675 323.97412200 0.23676185
369.43136617 323.87581591 0.23344625
370.25180335 323.77049399 0.23485090
371.01619593 323.68162022 0.23947923
371.79787839 323.59239372 0.23033058
372.58644825 323.50335726 0.23400984
373.40148248 323.42074218 0.23704190
374.20141763 323.35263579 0.25239839
374.99252708 323.29239014 0.25945726
375.77226089 323.24158033 0.26690738
376.53764290 323.18929621 0.27334225
377.32351008 323.14975125 0.28047524
378.08231337 323.11935466 0.29184847
378.83193815 323.09413818 0.30021942
379.59392901 323.08126194 0.30519078
380.34393019 323.05728315 0.30966515
381.09493169 323.03748217 0.31596182
381.87770849 323.03174414 0.31890059
382.64316058 323.02983478 0.33315954
383.42613534 323.02653178 0.34924098
384.18275735 323.04114065 0.35990988
384.93587709 323.05383713 0.35552424
385.65258686 323.07767748 0.34560230
386.36932467 323.11044990 0.33722657
387.07458390 323.14484646 0.32993129
387.77012674 323.19309635 0.32690439
388.45882120 323.23974981 0.32382730
389.13063045 323.28939769 0.32253147
389.77171543 323.33388539 0.31964833
390.38306416 323.39314930 0.31465063
390.97172247 323.43440420 0.30679919
391.54511711 323.48229579 0.30489162
392.09581905 323.52227813 0.29951690
392.63084283 323.56526033 0.29549394
393.14568567 323.59529644 0.29808759
393.64029314 323.61623399 0.30245689
394.11075216 323.62568202 0.30732707
394.54501505 323.63336699 0.30833966
394.96843905 323.62784851 0.31169154
395.38471855 323.62167103 0.30376520
395.77232863 323.60583836 0.30254530
396.16814572 323.58634277 0.29381091
396.54980951 323.55736624 0.28866942
396.95778697 323.51090195 0.27680665
397.34268573 323.46136656 0.26814864
397.73469924 323.39425603 0.25303159
398.11772680 323.31542820 0.24811927
398.49220095 323.21328665 0.25644849
398.86081640 323.11485478 0.26372831
399.20695529 323.00110458 0.27317937
399.55092973 322.88853528 0.27321473
399.89249577 322.74237065 0.26113154
400.25597749 322.58006287 0.25367212
400.60057888 322.38649950 0.24719539
400.93932722 322.17652774 0.24206416
401.29769806 321.95286424 0.24996736
401.65169125 321.71892247 0.26294462
402.01176058 321.46239851 0.27356094
402.34368414 321.16638568 0.27989688
402.69684533 320.84261725 0.27808725
403.01293287 320.50198450 0.28166555
403.32212582 320.14982733 0.28511673
403.62105981 319.74024601 0.28193791
403.89964138 319.26350187 0.26592983
404.17511468 318.78381236 0.25913178
404.43747472 318.26140446 0.24468968
404.67421552 317.68098876 0.23887536
404.89447048 317.06392867 0.23794804
405.07769264 316.41327193 0.23170988
405.25488303 315.72176832 0.22479464
405.41849648 315.04392331 0.21967061
405.55394174 314.34292373 0.21503892
405.69644378 313.60206186 0.20849006
405.82975410 312.82188056 0.20332918
405.94594005 312.03225052 0.20092621
406.05489006 311.23570463 0.19908092
406.18075602 310.40745603 0.18993522
406.30267984 309.53035591 0.18508019
406.41587115 308.64140785 0.17741763
406.52781762 307.76415007 0.16389297
406.63125693 306.85863403 0.15536551
406.75139373 305.93289390 0.14552953
406.86397058 304.96680765 0.15063875
406.97576775 304.00567011 0.15571659
407.10013534 303.05505498 0.14475882
407.21105290 302.08107312 0.14592767
407.29640453 301.09362009 0.14409894
407.40362701 300.10983275 0.14149979
407.52654663 299.12657937 0.14283397
407.63280185 298.16251590 0.14030623
407.74367998 297.16995626 0.14487926
407.84776581 296.15981518 0.14712210
407.96237342 295.18012908 0.15713924
408.05472543 294.19286205 0.15671208
408.09533066 293.20131828 0.14972679
408.15221175 292.21385077 0.15080380
408.21903898 291.18399086 0.15000301
408.28226990 290.19578965 0.14353913
408.35180231 289.17870809 0.14291636
408.43117102 288.16256625 0.13639332
408.52028881 287.15223258 0.13824719
408.61018155 286.11796241 0.13762127
408.69910488 285.10598867 0.13531719
408.78339657 284.08469222 0.12639214
408.86932721 283.05447789 0.12101943
408.96306587 282.05548056 0.11874826
409.04583673 281.08003326 0.12246813
409.14407507 280.14324314 0.12175583
409.24724262 279.17990702 0.12912402
409.34116337 278.20577166 0.13883540
409.44646850 277.25526705 0.14400938
409.54183131 276.35646993 0.14735815
409.63558816 275.38402340 0.15012808
409.74616582 274.38396294 0.16580041
409.84177256 273.43036851 0.17199931
409.93289703 272.46408519 0.16560081
410.04866059 271.52268034 0.15447476
410.16112480 270.53563104 0.14356801
410.28133705 269.52352689 0.12830246
410.40249251 268.52540236 0.11545495
410.53530940 267.51591438 0.11188307
410.67002298 266.52369004 0.10650284
410.81171724 265.49286952 0.09640233
410.95343763 264.48391201 0.09488333
411.10681251 263.44277998 0.10054080
411.26621566 262.40863325 0.09645451
411.43749494 261.36793884 0.08192135
411.59569401 260.30632931 0.07977368
411.75646471 259.25597783 0.09016953
411.91165139 258.19373161 0.09779272
412.05584085 257.17843527 0.10976344
412.21376559 256.13927134 0.11403742
412.35418846 255.05433840 0.12077498
412.51374058 253.99512838 0.12018250
412.67832406 252.97771389 0.11512429
412.84140035 251.92885063 0.11433934
413.00829966 250.87481972 0.10813146
413.17695968 249.84827184 0.10558449
413.33723266 248.82452010 0.09888047
413.50146062 247.75232352 0.09399862
413.67081586 246.72985061 0.09185652
413.86659311 245.67427206 0.08530813
414.02431408 244.69206011 0.08392404
414.20302301 243.70739715 0.08512977
414.36786984 242.72077337 0.08473511
414.54334771 241.73928230 0.08419994
414.71054372 240.79047863 0.08610384
414.87659090 239.83221131 0.08397315
415.03223453 238.90501476 0.07600358
415.18751611 237.99568790 0.07387180
415.33179238 237.11363879 0.07534658
415.47430814 236.25055684 0.06638934
415.61674244 235.41492936 0.06835193
415.75276247 234.58565541 0.06105942
415.88487258 233.79664887 0.05928416
415.98672507 233.01437678 0.05824610
416.08562127 232.26375359 0.06392185
416.15629357 231.54234948 0.06830590
416.22404532 230.83239353 0.07044908
416.27346709 230.10468312 0.07304048
416.30020267 229.42046453 0.07264609
416.31646908 228.78881899 0.07802521
416.30115500 228.15019344 0.07756562
416.26512085 227.49360194 0.07729979
416.19784525 226.87322679 0.08166360
416.11020897 226.23581947 0.08500722
415.98261409 225.63747708 0.08524072
415.82917202 225.03243885 0.08804528
415.64502870 224.46155436 0.08978069
415.41643583 223.92585653 0.08579433
415.14316186 223.40634958 0.08327595
414.82720680 222.92032565 0.07652719
414.49840289 222.46534838 0.07905355
414.15527516 222.03310390 0.07451004
413.77898355 221.65071735 0.07931870
413.36107101 221.31236858 0.08023248
412.91586429 220.98169809 0.08028136
412.43866513 220.63362459 0.08178658
411.91740732 220.35372518 0.08714817
411.40501245 220.09972474 0.08836325
410.88279214 219.85107038 0.08758084
410.31999331 219.60705312 0.08491966
409.74964119 219.41879694 0.07530571
409.14845299 219.23410918 0.06732763
408.57138093 219.10440420 0.05646022
407.95772163 218.96949025 0.04404921
407.31915003 218.87537296 0.02409860
406.67230045 218.79223675 0.00487528
405.98611362 218.72410259 -0.01319116
405.28505657 218.68171848 -0.03360998
404.57936083 218.70509564 -0.05336881
403.86909629 218.73134511 -0.06148656
403.11767939 218.78840165 -0.07744021
402.38153069 218.86408775 -0.08541702
401.63187615 218.96120598 -0.08964546
400.85817619 219.08772460 -0.10690547
400.06455371 219.23633466 -0.10564722
399.23124350 219.41751181 -0.10865439
398.39699710 219.59401278 -0.11140447
397.55334032 219.79896610 -0.11738266
396.69002922 220.00608502 -0.13088289
395.80916508 220.24828674 -0.14234038
394.92167013 220.50102709 -0.15286943
394.01966359 220.77927147 -0.16755871
393.13082386 221.07813527 -0.17697160
392.25291866 221.38132995 -0.18313754
391.37058482 221.70800597 -0.19305340
390.47455608 222.03842501 -0.19953615
389.53409529 222.39045486 -0.20544435
388.58972776 222.75267710 -0.20606874
387.65482981 223.10769720 -0.19714671
386.65441493 223.50819885 -0.19669895
385.71640173 223.87906717 -0.18445946
384.74745774 224.27401923 -0.17678827
383.76579308 224.67238032 -0.17245630
382.77618740 225.08303880 -0.16404138
381.79293166 225.48451956 -0.14698534
380.80554947 225.89012172 -0.13593409
379.81051554 226.31263441 -0.12778571
378.81511081 226.73025710 -0.11253224
377.84207963 227.12856105 -0.10613080
376.86320520 227.54280018 -0.09565613
375.85223488 227.97652357 -0.07593670
374.83243718 228.42723058 -0.06415044
373.82687398 228.86923482 -0.05528362
372.82036764 229.32494587 -0.04268041
371.79533322 229.79753069 -0.03107627
370.77407373 230.27479600 -0.02033419
369.72298310 230.75466689 -0.00792656
368.68830207 231.23451928 0.00389786
367.67599343 231.70677655 0.02015389
366.69954876 232.17851509 0.02605308
365.69193496 232.66516432 0.04391238
364.68428767 233.16258702 0.05533079
363.66935467 233.66317962 0.06448814
362.65865150 234.15403631 0.07504951
361.65166251 234.66954409 0.08226660
360.63099027 235.18097113 0.08229498
359.61341290 235.70023476 0.08945638
358.59845376 236.21049928 0.08134626
357.58307716 236.72747148 0.08209665
356.55010387 237.23014406 0.08975390
355.57219091 237.71334114 0.08461053
354.60987220 238.20184444 0.08578941
353.65094303 238.68458390 0.08071061
352.71424898 239.17580620 0.08786875
351.78123508 239.65720428 0.09017086
350.86781708 240.14560278 0.09394241
349.93385164 240.62405249 0.09066837
348.99775337 241.09911692 0.08582932
348.05683905 241.58302420 0.07557027
347.12653489 242.05166668 0.06522859
346.21717240 242.53221492 0.05611698
345.30581614 243.01317110 0.05855936
344.40115935 243.48116281 0.06327893
343.48811787 243.96616454 0.06247852
342.59579876 244.43254674 0.06337419
341.65942929 244.94665691 0.06021983
340.75621886 245.43953329 0.06264461
339.82803491 245.94844894 0.05124192
338.95740028 246.42923305 0.05674840
338.07161281 246.92106590 0.06170569
337.21269137 247.39667905 0.07061025
336.36144394 247.86961156 0.06858325
335.52242774 248.34189339 0.06192786
334.72727471 248.78596117 0.06085091
333.96864556 249.23112741 0.05462431
333.21899907 249.66649276 0.05647158
332.49614995 250.08983401 0.06414113
331.78786621 250.51947148 0.07108147
331.07574160 250.93629571 0.07660887
330.39923193 251.34281045 0.07579061
329.72647712 251.74361852 0.07922386
329.05495324 252.13834262 0.08591109
328.40744876 252.51672452 0.09079887
327.79313896 252.87725732 0.09259616
327.17839053 253.21495384 0.09180235
326.58211748 253.54712933 0.08462296
325.99335241 253.85532361 0.08657292
325.40888980 254.15306509 0.08919946
324.85183609 254.43071812 0.08911811
324.31451085 254.68555100 0.08724149
323.80280596 254.92221900 0.08554573
323.29774335 255.12404829 0.08506858
322.82711107 255.29183065 0.08254852
322.35005217 255.42271701 0.07833799
321.89301379 255.52715501 0.07542364
321.43706537 255.61118678 0.07632937
320.97737262 255.66802640 0.07802524
320.52508007 255.69376899 0.08111479
320.09493775 255.67773753 0.08865739
319.67541125 255.62403880 0.09153552
319.26680740 255.54493785 0.08400161
318.84985611 255.43828827 0.08215204
318.45265559 255.28975675 0.09075715
318.05550855 255.10325898 0.08704872
317.65928047 254.88095718 0.08584942
317.28817134 254.64149127 0.08750089
316.90990306 254.36418502 0.08921218
316.53119002 254.05348391 0.08181555
316.16327742 253.71206156 0.07617206
315.82052744 253.34172012 0.06403705
315.46123624 252.95525405 0.05457472
315.11621414 252.53747367 0.04270933
314.77164410 252.10351521 0.04088952
314.42447278 251.64899844 0.04267760
314.07319134 251.17826537 0.04478328
313.73721031 250.68397809 0.03426242
313.39220367 250.17003795 0.02061231
313.04694521 249.63878977 0.00821684
312.69300420 249.09316410 0.00631795
312.34420769 248.53794639 0.00319039
311.97519037 247.94343834 -0.00268498
311.61250712 247.34817387 -0.00964608
311.23799867 246.73198587 -0.02373996
310.85523757 246.11320024 -0.02936290
310.45914785 245.45832481 -0.02977775
310.06736115 244.79299048 -0.03096142
309.66260306 244.09240496 -0.03586526
309.26190786 243.38460431 -0.03574257
308.85490063 242.67127767 -0.04003424
308.45006407 241.94844090 -0.03471391
308.03724249 241.20840274 -0.03191178
307.62265394 240.46192592 -0.02115728
307.19222144 239.68353915 -0.01031592
306.75969808 238.89097699 0.00842716
306.31944589 238.08188663 0.01435485
305.89016529 237.27718776 0.02404110
305.45524414 236.42680692 0.03011005
305.02231117 235.57346264 0.03124577
304.57429375 234.69038711 0.03579085
304.11476380 233.80966893 0.02385548
303.64710471 232.89522213 0.01161384
303.18563261 231.97454093 0.00474679
302.69150266 231.02023323 0.00254261
302.21346377 230.07504421 0.00306396
301.72464323 229.11016568 -0.01277017
301.24447412 228.14362635 -0.02003573
300.73140075 227.13699177 -0.02019295
300.23324597 226.14986067 -0.03172191
299.75371655 225.19487738 -0.04250632
299.26192969 224.23720950 -0.02895263
298.79194755 223.29962305 -0.01844367
298.33000874 222.35069183 -0.00649874
297.85553271 221.39282610 -0.00330051
297.40001212 220.44283607 0.00750007
296.91739513 219.48338533 0.00971039
296.42702076 218.51962721 0.01524047
295.92393838 217.54713532 0.02797744
295.42969051 216.57859596 0.04592608
294.93022171 215.59585814 0.04630989
294.45296988 214.64463643 0.04582665
293.98106083 213.71654776 0.04503094
293.50475460 212.76762250 0.03774467
293.01709810 211.80663632 0.04924944
292.52297456 210.84191652 0.05599627
292.05193585 209.89385425 0.05584929
291.55054236 208.91018860 0.05354941
291.03974940 207.88856642 0.05177848
290.51610079 206.85358335 0.04655271
289.98070119 205.81528156 0.05146487
289.45297465 204.82060650 0.04796828
288.92615432 203.82208600 0.02890132
288.41093357 202.82829463 0.01552574
287.89280616 201.84389047 0.01427110
287.38590717 200.88277260 0.01703508
286.86904423 199.90833525 0.02763561
286.34812273 198.91342285 0.02279291
285.81364480 197.89821237 0.02753717
285.28761731 196.87928688 0.03710168
284.76094427 195.86185058 0.04287120
284.22333472 194.83037845 0.05746421
283.69900221 193.82619465 0.05923429
283.17005762 192.83395890 0.05857990
282.64073586 191.84119939 0.05239672
282.10982440 190.84119471 0.03951543
281.58444471 189.87296875 0.03519545
281.05506201 188.89995910 0.03130381
280.51005772 187.89769639 0.03196332
279.95063676 186.87348948 0.02853309
279.40436784 185.85649014 0.03294509
278.86516776 184.85088113 0.04519586
278.33303777 183.85395056 0.05865149
277.80366449 182.87001631 0.06439640
277.25874291 181.84857680 0.06842572
276.75032878 180.87906778 0.05679410
276.22841050 179.87563382 0.05579769
275.67519015 178.82020883 0.05672287
275.12936118 177.77105918 0.07301694
274.59717279 176.74265415 0.09425843
274.05213660 175.69322239 0.09971669
273.51796964 174.66858729 0.09464956
272.96785495 173.62666122 0.08259337
272.42869660 172.58777048 0.07347493
271.89110750 171.54430268 0.07021185
271.37777963 170.54587526 0.06836377
270.85583838 169.53256809 0.07291567
270.34030418 168.51492874 0.08074161
269.80715524 167.49692092 0.09747973
269.26505004 166.44101087 0.11350134
268.71794556 165.37091550 0.12093631
268.18578925 164.33460207 0.12726737
267.67858937 163.34035854 0.11624570
267.16772187 162.35957443 0.10172681
266.64991742 161.37771001 0.10305472
266.13707733 160.39600378 0.09544725
265.62338808 159.40893286 0.11031281
265.10131660 158.39618742 0.11966960
264.58200870 157.39036178 0.12614205
264.08905120 156.40498043 0.12378631
263.59113880 155.43466965 0.11290878
263.08565314 154.44147171 0.10049519
262.58955210 153.45255284 0.06338631
262.09718353 152.47528227 0.03672349
261.61174353 151.51524878 0.01647110
261.15535151 150.57827897 0.00959417
260.68218592 149.63962814 0.00784415
260.20202855 148.68844766 0.02799636
259.72523630 147.76171820 0.04438708
259.26454511 146.82670218 0.06099211
258.80726932 145.90293653 0.06301385
258.34878879 144.99030449 0.05734302
257.91372968 144.10407851 0.03537510
257.47910200 143.20745605 0.02680838
257.04165184 142.29881650 0.01833856
256.60564219 141.37298010 0.01880141
256.17267179 140.46319153 0.02970429
255.75865860 139.57044615 0.04834029
255.31957566 138.66665874 0.07924530
254.92709456 137.83432673 0.06897597
254.58008909 137.07393683 0.07055011
254.23556557 136.30713415 0.07226470
253.89435761 135.54488874 0.08387768
253.54308612 134.75574879 0.08848889
253.21719782 134.02365768 0.09517188
252.89684457 133.28851201 0.11052701
252.58353234 132.56974353 0.12200266
252.29407273 131.89048089 0.13408883
252.01765665 131.21249865 0.14497968
251.74451379 130.54852427 0.13886468
251.48422644 129.88494691 0.12654241
251.24418726 129.28373639 0.13583697
251.01717226 128.66802307 0.14707016
250.78457899 128.06293218 0.15480153
250.56481671 127.46871666 0.14917987
250.33918261 126.89364103 0.14733232
250.11563667 126.34516473 0.13420712
249.88658349 125.80616141 0.12434057
249.66771929 125.30543488 0.11913343
249.43820132 124.79558249 0.10549317
249.21351094 124.33210970 0.09596084
249.00367267 123.91474308 0.09356927
248.75983274 123.50240508 0.10096742
248.54240501 123.11604682 0.10626654
248.28785069 122.74933766 0.11506420
248.02690799 122.37333031 0.11320586
247.74988411 122.03749436 0.11386957
247.46553560 121.70926284 0.11694522
247.17825898 121.39209862 0.12481635
246.88503804 121.08231112 0.12882940
246.56584738 120.81163224 0.13845353
246.24304773 120.53043364 0.14059449
245.90688025 120.27405954 0.14176426
245.54438251 120.06343108 0.13668831
245.15721541 119.83836244 0.13006735
244.76994116 119.64265984 0.13251980
244.37441643 119.44484257 0.12252081
243.96297365 119.29242178 0.11844067
243.52310171 119.12212830 0.11192097
243.08074417 119.01441180 0.08615742
242.61554772 118.93337085 0.07063378
242.14368862 118.86981385 0.05553762
241.63986701 118.83000691 0.05343633
241.13065894 118.82934124 0.05281161
240.60705959 118.87548971 0.04777464
240.07203371 118.94971352 0.03842714
239.51814810 119.07230303 0.02746490
238.96155630 119.19131337 0.03113806
238.40619974 119.33658202 0.03508407
237.85079726 119.50042659 0.02796609
237.26823138 119.69995156 0.02088315
236.69803245 119.90398157 0.00823052
236.10640448 120.12497823 -0.00059704
235.47852126 120.39453251 -0.01059722
234.85023100 120.66607484 -0.00967399
234.23100953 120.96599211 -0.02280529
233.60778200 121.26687881 -0.02210178
232.95046913 121.58469130 -0.02892672
232.29843583 121.92072132 -0.02989171
231.62953529 122.26860975 -0.03827978
230.95179101 122.63645535 -0.06205144
230.27275770 123.01976844 -0.06641608
229.56426542 123.42308346 -0.06791244
228.86448576 123.84302568 -0.08178695
228.11617591 124.26636282 -0.07961469
227.39352147 124.68905176 -0.06503311
226.61469119 125.14301148 -0.04801499
225.79299440 125.58129532 -0.03384334
225.00610880 126.03025670 -0.02182458
224.17995826 126.49152146 -0.03050380
223.33956535 126.97619535 -0.04166650
222.48935788 127.46284009 -0.04718633
221.60350088 127.97923092 -0.05140874
220.70393359 128.47574867 -0.04461255
219.79903916 128.98399862 -0.03932888
218.86572837 129.51243240 -0.04436567
217.96846760 130.00841895 -0.03262847
217.10103916 130.49623439 -0.03858886
216.25466569 130.96039306 -0.03364313
215.37158795 131.46120012 -0.03494853
214.51103357 131.95500951 -0.00946377
213.67381466 132.43921604 0.00430471
212.77707549 132.93448339 0.01742510
211.88373912 133.41029725 0.03279989
211.02877984 133.87100630 0.04475069
210.13989792 134.33901872 0.04647915
209.27625814 134.79674475 0.05030350
208.39725368 135.24920403 0.06286062
207.56291744 135.69542570 0.07879170
206.67078639 136.16220140 0.09191371
205.79811500 136.62730234 0.12201670
204.89909567 137.05347821 0.14633150
203.98317091 137.48910041 0.15283865
203.10497486 137.92111949 0.15056671
202.20348289 138.29607025 0.14555589
201.33887013 138.69794408 0.12126346
200.42996414 139.12374752 0.10820543
199.55598481 139.54515029 0.10681867
198.71523963 139.95061417 0.10814110
197.85475667 140.37221828 0.08948773
196.97622288 140.77606027 0.07873238
196.09834530 141.22422137 0.07541566
195.21571783 141.65647487 0.09651829
194.32505672 142.09588424 0.10538658
193.50276156 142.49013140 0.09890887
192.66754803 142.91561783 0.11241900
191.78991401 143.31767794 0.13837248
190.93989474 143.69771835 0.15475892
190.13129592 144.05674379 0.17190250
189.36117054 144.41978940 0.19910484
188.61464810 144.76743017 0.21335335
187.91576464 145.10710987 0.22766568
187.25514349 145.42343943 0.22885710
186.60950849 145.74185519 0.23382305
186.01244618 146.05231815 0.24407545
185.43884120 146.33442484 0.25435903
184.89240871 146.60965211 0.26234789
184.37109082 146.88222964 0.25925298
183.89793483 147.15803126 0.25204272
183.45264870 147.42419577 0.26677456
183.01400337 147.67331762 0.27838125
182.59519511 147.92095763 0.28147838
182.16973737 148.17372120 0.28028928
181.74112550 148.45771610 0.28331258
181.31825050 148.72940310 0.27894551
180.94734653 149.00899307 0.27644379
180.54782239 149.29860308 0.27022128
180.17079952 149.60565052 0.25432512
179.80662804 149.93150272 0.24824649
179.46657549 150.25039818 0.24567220
179.11261673 150.57353652 0.23936959
178.77511440 150.90285661 0.23333616
178.46901614 151.26617328 0.22847802
178.18430816 151.61446553 0.22052403
177.89680238 151.99457389 0.20474428
177.64173752 152.42413310 0.20406055
177.37561898 152.83190139 0.19919210
177.11660599 153.28287589 0.20756085
176.90549473 153.75802912 0.20169819
176.68768656 154.21796796 0.20018436
176.50423126 154.69075183 0.19749525
176.34259854 155.19194495 0.19194674
176.20068442 155.67552456 0.18338650
176.09327065 156.16311561 0.16109795
176.01873398 156.69234697 0.14680948
175.99372638 157.21997460 0.13990686
175.97366912 157.75567546 0.15084689
175.98214480 158.26945379 0.16040846
175.98985016 158.77222502 0.16821377
176.01956909 159.26793601 0.16004078
176.09593526 159.81825327 0.16211767
176.19085964 160.35847027 0.16353235
176.28565588 160.82020806 0.17166869
176.39633042 161.32508860 0.16765816
176.51323636 161.80255079 0.15291577
176.66863357 162.27604072 0.15863939
176.84057203 162.74779755 0.14607390
177.01830007 163.20742701 0.14056878
177.20171178 163.66177568 0.13716326
177.42295390 164.12555928 0.13642349
177.65601187 164.58831961 0.14054252
177.88297541 165.03560152 0.14559768
178.11266327 165.47314023 0.14825092
178.34993707 165.91655919 0.13686542
178.60072655 166.35778828 0.11892103
178.85649732 166.80002384 0.10770048
179.10192891 167.25053838 0.09683653
179.33259248 167.69041886 0.07971851
179.56612019 168.11952905 0.05924750
179.78876490 168.53548963 0.04069327
179.98791478 168.98333543 0.03238930
180.17385131 169.43297649 0.02728462
180.34981244 169.89878674 0.02614143
180.50357037 170.34877500 0.02705318
180.65098048 170.82616435 0.02869474
180.77918058 171.27933197 0.03076348
180.86825716 171.72250571 0.02649291
180.92317540 172.16628572 0.02684074
180.97244540 172.60090987 0.02189548
180.98202963 173.02762517 0.01836542
180.96014932 173.44317964 0.01413858
180.92104884 173.87809328 0.00365014
180.86772259 174.28740254 0.00138465
180.77917522 174.69400448 -0.00834841
180.64636409 175.07537911 -0.01161898
180.49094877 175.44658793 -0.01579358
180.30236701 175.80242562 -0.04127947
180.14813717 176.14536922 -0.05559573
179.94354427 176.53328855 -0.08213573
179.70825962 176.91047751 -0.08963795
179.43002582 177.25373306 -0.09858070
179.10310355 177.58301140 -0.10445522
178.74942507 177.87613415 -0.11956689
178.37493160 178.17994852 -0.13306830
177.94926570 178.46739353 -0.15680935
177.45554507 178.71794834 -0.19029622
176.92806897 178.93811992 -0.22768401
176.43419405 179.17294159 -0.25008223
175.93186913 179.39088098 -0.28552241
175.43261751 179.63227332 -0.31589876
174.91587141 179.90474566 -0.33825691
174.37693974 180.16174413 -0.35032518
173.81576650 180.43405336 -0.36116656
173.21862450 180.70390671 -0.38405144
172.60791783 180.98936876 -0.40281584
171.95663546 181.24867289 -0.40738288
171.27577872 181.57861931 -0.42488885
170.59443686 181.89788111 -0.44078015
169.90577233 182.22744551 -0.45835770
169.19150735 182.56483265 -0.47930981
168.46445249 182.88798010 -0.48995187
167.71763333 183.24959799 -0.51771689
166.96665917 183.59584331 -0.52963416
166.18785659 183.95029210 -0.54495876
165.40766313 184.35067218 -0.56129167
164.58532216 184.69202848 -0.58001675
163.75451391 185.08090093 -0.58913641
162.93587127 185.45481677 -0.59696791
162.08800001 185.84931662 -0.59797155
161.25964191 186.23093353 -0.60249071
160.40433163 186.64244437 -0.61560406
159.53002121 187.07096207 -0.62391301
158.66427974 187.50771478 -0.64035036
157.78623806 187.95528274 -0.64176354
156.91878677 188.41790147 -0.64357637
156.04773240 188.85619545 -0.65039232
155.10770048 189.32379994 -0.67434259
154.18602879 189.78599302 -0.69267162
153.24995765 190.26899228 -0.72551683
152.34710047 190.74326523 -0.72820088
151.39547746 191.23909215 -0.73022416
150.45354717 191.72794393 -0.72364930
149.51867959 192.20105574 -0.71011201
148.60497390 192.66230485 -0.69964923
147.69859968 193.15549742 -0.69853378
146.75494863 193.66199540 -0.68624089
145.75249975 194.24030851 -0.67819632
144.83276489 194.77186086 -0.67489189
143.89885365 195.28932946 -0.69048048
142.94593655 195.81743152 -0.69597255
141.95960045 196.36028059 -0.70678404
140.94254630 196.90414077 -0.71802943
140.03869439 197.40833230 -0.73838341
139.13141519 197.90337854 -0.75468429
138.20532280 198.38989035 -0.76307180
137.32235917 198.88110779 -0.76233348
136.43120042 199.35932714 -0.74840649
135.53410562 199.85424351 -0.75099483
134.67302662 200.31626940 -0.75290365
133.81671521 200.79438397 -0.74800045
132.94860162 201.28759516 -0.75046141
132.06981801 201.77760881 -0.76675694
131.23552186 202.28080703 -0.78038515
130.43374107 202.75210858 -0.79539422
129.63082949 203.19374829 -0.80309630
128.84906884 203.66438410 -0.82351958
128.12050332 204.10769861 -0.81632243
127.37037293 204.54189633 -0.82470785
126.66866926 204.96923304 -0.84046195
125.98227695 205.41182389 -0.84735556
125.31534599 205.82386537 -0.85187610
124.69344215 206.21039865 -0.85138819
124.04255656 206.59820510 -0.84068979
123.41990602 206.95762588 -0.84166320
122.86331013 207.30102010 -0.85049809
122.33705057 207.62985187 -0.85633033
121.81906677 207.95946753 -0.86047694
121.33060779 208.27430914 -0.84924054
120.88320255 208.58076131 -0.86080692
120.46469938 208.87212153 -0.85932647
120.05106749 209.13581284 -0.86481171
119.70380704 209.39049915 -0.86013589
119.36523975 209.62157489 -0.85428553
119.04550827 209.85072112 -0.85626415
118.78635421 210.06457291 -0.85981633
118.53952155 210.26585615 -0.86119982
118.28169466 210.46842042 -0.86232078
118.05142541 210.66838483 -0.85459172
117.83490492 210.83412934 -0.85377957
117.63043629 210.99810443 -0.84467377
117.43579609 211.17261255 -0.84247448
117.25969199 211.34637244 -0.84118903
117.05021075 211.52029569 -0.83565147
116.86219927 211.68331169 -0.83722805
116.69420012 211.83944126 -0.83328690
116.51911723 212.01950396 -0.82901649
116.35545451 212.18569388 -0.81761614
116.18703048 212.37473333 -0.81094376
116.02648460 212.55076619 -0.80904185
115.85889256 212.73069850 -0.81486218
115.69280349 212.92800803 -0.82087166
115.52614967 213.15411601 -0.81365246
115.35422827 213.39154864 -0.80011099
115.17071234 213.64813841 -0.77519663
114.98126658 213.92708586 -0.76998060
114.78110385 214.21135077 -0.75189369
114.56653877 214.51749916 -0.74863843
114.38049394 214.87421908 -0.74677800
114.21447023 215.22922649 -0.73893804
114.07847851 215.62400611 -0.73466042
113.93076056 216.03192477 -0.73471876
113.80272673 216.45335796 -0.74124995
113.71278718 216.89904595 -0.75809231
113.62626739 217.36574616 -0.76336522
113.57816630 217.85585156 -0.77275472
113.57747928 218.40326474 -0.77022890
113.61568341 218.96833265 -0.76385070
113.68345742 219.52281374 -0.76716882
113.76564358 220.09028842 -0.77206943
113.88038638 220.68398281 -0.79047409
114.03847071 221.29315111 -0.80163978
114.23531927 221.91207539 -0.80394950
114.46724753 222.52795444 -0.81293973
114.74832924 223.16314559 -0.82002294
115.05359282 223.80212512 -0.82233427
115.39993063 224.46211654 -0.82698365
115.75070844 225.12105940 -0.83513422
116.13383520 225.81760126 -0.84670337
116.51923920 226.50813056 -0.85755168
116.92141173 227.24343648 -0.87427426
117.31178908 227.95912044 -0.88644462
117.72826447 228.70514816 -0.89567104
118.15956731 229.46195895 -0.90002591
118.59194112 230.22371310 -0.90551610
119.04020704 231.01200928 -0.92231886
119.48104401 231.80235704 -0.93515972
119.93822324 232.61176932 -0.95277015
120.39534841 233.45973007 -0.96762054
120.86380619 234.33008385 -0.97537869
121.33778258 235.21109214 -0.97287283
121.83000940 236.13067397 -0.97056924
122.33563802 237.05600321 -0.98313948
122.84158587 237.99140943 -1.00469975
123.36748645 238.97495040 -1.02864943
123.87937169 239.94861979 -1.03979767
124.40796271 240.96861034 -1.03308567
124.94135824 241.99934888 -1.02322044
125.47833573 243.03468853 -1.00623442
126.01780416 244.05983450 -1.01239875
126.58131009 245.09472223 -1.02942290
127.13212548 246.14586407 -1.05602908
127.71271048 247.21315458 -1.07151754
128.29305943 248.30370130 -1.07327134
128.87274657 249.39764364 -1.06533981
129.44234079 250.51855857 -1.05499008
130.00671875 251.62229286 -1.05337133
130.56712573 252.70721467 -1.06063875
131.11042732 253.78871754 -1.07037695
131.64287125 254.84360011 -1.06324586
132.16894329 255.90605395 -1.04657593
132.69756434 256.99997273 -1.03048771
133.23975532 258.10095613 -1.03173890
133.77306506 259.19999927 -1.02934997
134.33703696 260.32767480 -1.03385060
134.89034370 261.41660812 -1.03675963
135.40831506 262.49375330 -1.02943329
135.94429130 263.58888548 -1.01926738
136.47031293 264.68154889 -1.01421248
137.00874883 265.75393519 -0.99934507
137.55500928 266.86134788 -0.99572404
138.08826919 267.92741000 -0.99821368
138.59650631 268.96015925 -0.98429330
139.10126141 270.00189901 -0.98238908
139.60686263 271.01399292 -0.99328806
140.12478602 272.07309976 -0.99579507
140.64802083 273.14958523 -0.99195242
141.15491498 274.22827083 -1.00890086
141.67801691 275.30282922 -1.00837944
142.18324570 276.38429704 -0.99155432
142.69680773 277.40093191 -0.97701486
143.16667389 278.44119163 -1.01190250
143.65148655 279.47744073 -1.01474773
144.18648176 280.53479748 -1.03607690
144.86824882 281.92457719 -1.06598542
145.10644205 282.74248084 -1.07788829
145.87352123 284.23541419 -1.08252067
146.47144588 285.51867772 -1.11571875
146.98726332 286.88606407 -1.08914175
147.79784434 288.25862386 -1.06265353
148.18574469 288.88008401 -1.06132337
148.74915091 290.24621253 -1.02146417
149.21901746 290.97034424 -0.95647068
149.67101030 292.22776989 -0.83107216
150.18004976 293.73381739 -0.80062783
150.95014332 295.03284487 -0.78083246
151.52594025 296.31772912 -0.67195706
151.93910219 297.36546363 -0.60708193
152.58109456 298.43184307 -0.50956314
153.13482553 299.43357083 -0.41359845
153.40905225 300.11059341 -0.30628945
153.77799339 300.42051711 -0.13019362
153.86197480 301.13898259 0.02337885
154.44327863 302.44663143 0.14134187
155.02033292 303.82593412 0.08466512
155.64400534 305.21574833 0.10239641
156.57215033 306.53920289 0.08466276
157.04381774 307.12741160 0.30341459
157.53008022 308.34343410 0.35086795
158.14508779 310.14733129 0.39180759
158.97102299 311.40833210 0.35174306
159.52721478 312.45064894 0.34354089
160.14478463 313.97212289 0.41710106
160.46711535 315.23314984 0.49011671
160.91007607 315.90199812 0.65189868
161.42314553 316.56334871 0.69612542
161.74725299 317.18050240 0.86112398
162.40288991 318.30712513 0.80923409
162.81252933 318.63677426 0.88112317
163.55343427 319.73568228 0.72166648
163.81357155 320.32778256 0.78162215
164.11767184 320.99207807 0.74176067
164.48937734 321.76048856 0.50586408
165.11032645 322.32089292 0.42420015
165.64708575 323.22933365 0.18103993
166.10212841 324.21093363 -0.09116842
166.28839443 324.99504985 -0.38054052
166.45740497 325.39004421 -0.23891776
167.04532541 325.81521454 -0.37776702
167.33516749 326.30201469 -0.77423932
167.54697176 326.61498234 -0.75612945
167.70501458 327.01222971 -1.04129122
168.03155050 327.89304490 -1.70766343
168.10971991 328.55606053 -2.24110515
168.53329826 328.75794238 -2.16759252
168.53153809 329.24518379 -2.19548178
168.55192388 329.62599089 -2.19227821
169.11596521 329.96306202 -2.91492641
169.26440268 330.20426578 -3.22962579
169.12772389 330.65967218 -3.55590043
169.05714441 330.97439151 -3.67979477
168.99340076 331.15829838 -3.90127096
168.87798437 331.33402369 -4.11987089
169.06556522 331.43433011 -4.67350195
169.02410462 331.58783375 -4.94275411
168.53236418 331.91302486 -5.24790201
168.67324370 332.03949524 -5.23352446
168.52213923 332.17002279 -5.37379515
168.35467984 332.22510034 -5.66781145
167.93827089 332.26716273 -6.07363735
167.40109440 332.38735585 -6.31324637
167.19526840 332.58892764 -6.30591502
166.60006875 332.98976890 -6.19376175
166.42816893 333.29601816 -5.93267328
165.61003049 333.32797472 -6.23882675
165.02533819 333.80825389 -5.93674484
164.51713271 334.05993190 -5.83844772
164.03141223 334.35623904 -5.69957349
163.55305212 334.66625583 -5.53370602
163.10675311 334.99100539 -5.34267635
162.61372267 335.31547784 -5.14242540
162.16798700 335.65168407 -4.92022392
161.69589128 336.00441121 -4.66616092
161.23080831 336.40657757 -4.39835357
160.78285648 336.79348698 -4.15679484
160.30060824 337.17449303 -3.89079237
159.85150501 337.57265616 -3.60811894
159.38151743 337.95970850 -3.32875339
158.90954682 338.36319189 -3.06900936
158.41100884 338.78603489 -2.80379160
157.94973177 339.18006527 -2.54539677
157.47471904 339.60039797 -2.28530193
157.00645968 340.01406447 -2.01476645
156.52361008 340.45004990 -1.74570538
156.03163788 340.88275255 -1.47420593
155.53548029 341.33365428 -1.22078215
155.03716811 341.76754368 -0.97473710
154.53576273 342.18881945 -0.74506937
154.05245803 342.62847330 -0.53830427
153.52726884 343.07045618 -0.34554762
153.01037641 343.49446928 -0.18309579
152.29322903 343.99919217 -0.10246113
151.63532714 344.47647480 -0.02898973
150.98183102 344.93816445 0.04310191
150.34007642 345.39835418 0.10225346
149.64383647 345.89097986 0.15986036
148.94469318 346.37117195 0.21870029
148.23664448 346.86005587 0.26288244
147.53618643 347.33391167 0.29039192
146.82782417 347.81494681 0.31068158
146.10469078 348.29969434 0.31437653
145.36742166 348.78323983 0.32007857
144.60009967 349.27938108 0.31910151
143.82456202 349.77236476 0.31698838
143.04092643 350.26550799 0.31105326
142.22208138 350.78249704 0.30551293
141.38666076 351.29681042 0.29771830
140.53817164 351.82811142 0.28127721
139.71342441 352.32916030 0.25183316
138.90166537 352.83536892 0.21716230
138.09326947 353.33544043 0.18603390
137.26598302 353.84213746 0.15153139
136.40488739 354.36924822 0.10425248
135.56677463 354.88940413 0.05168234
134.72597787 355.39519315 -0.00936539
133.88341231 355.90160243 -0.07089025
132.98051802 356.44282023 -0.13370778
132.11446425 356.95183815 -0.20146480
131.24069801 357.47983232 -0.27297720
130.36777579 358.01682122 -0.35304529
129.50086964 358.51800621 -0.42724439
128.64508936 359.01556208 -0.49800355
127.75941002 359.51130939 -0.57578114
126.90320742 359.99893924 -0.66010320
126.02918837 360.50051182 -0.74887997
125.15534575 360.98703359 -0.84273287
124.27413307 361.46059591 -0.93813148
123.41706191 361.93017792 -1.12096777
122.53541455 362.39082467 -1.20431958
121.72825820 362.79932672 -1.28618503
120.92408484 363.21910592 -1.36088940
120.12408899 363.65852002 -1.42835831
119.32829072 364.06542459 -1.50103053
118.55246522 364.43797715 -1.56648879
117.76759120 364.80632952 -1.63436750
117.52431060 364.77157053 -1.67546207
116.76956923 364.83142951 -1.73858740
115.70948240 365.52617246 -1.94019005
114.57452711 365.92910958 -1.97442391
113.73218144 366.24444661 -1.97087468
112.77516655 366.56886248 -2.00147841
111.60642262 367.23515276 -2.16354939
111.37367698 367.36908638 -2.25963715
110.86930696 367.61403727 -2.31333537
110.13897356 367.86575499 -2.29879227
109.58367190 368.09733044 -2.27548279
108.73762764 368.79106373 -2.36786048
107.73116542 369.26072908 -2.09514796
106.65781546 370.08121955 -1.97678885
105.85847721 370.80471504 -1.83117601
105.13701384 371.39982763 -1.72555376
104.33414924 371.90224945 -1.40547666
103.48360547 372.46135114 -1.07929655
102.85066485 373.18735256 -0.70023590
102.09161912 373.83901371 -0.11955527
101.39748817 374.39909613 0.29453065
100.77055333 375.42865997 0.84504345
99.48771811 376.47319240 1.23473100
98.45070895 376.95853851 1.09474919
97.41459300 377.42425618 1.10803047
96.28875540 377.98566940 1.09672564
95.14397253 378.53674508 1.02448417
93.98309992 379.06508479 0.96054667
92.80960863 379.58836517 0.86140835
91.58838115 380.12886350 0.77295565
90.37049631 380.67442842 0.68129800
89.16583786 381.22239240 0.62710612
87.91148482 381.76100666 0.53679795
86.63217855 382.29816708 0.47930628
85.37059083 382.81350878 0.41093829
84.13723404 383.31296559 0.33179558
82.95246687 383.83254608 0.27732231
81.82891445 384.33048253 0.23600413
80.71775910 384.81381445 0.21117060
79.64725358 385.27922480 0.18468381
78.55448918 385.75052930 0.15223982
77.46873434 386.22190977 0.12624998
76.37270058 386.69792197 0.08763625
75.27658861 387.18183904 0.05294631
74.20484805 387.65636896 0.03023868
73.06322877 388.12418224 -0.01376326
71.93086369 388.59324932 -0.05651240
70.77301714 389.07110319 -0.12278333
69.62626630 389.54934513 -0.20448627
68.47673265 390.02737017 -0.27412922
67.31720782 390.49477946 -0.35550549
66.18175657 390.95683000 -0.42998091
65.01694616 391.43191590 -0.49291666
63.86498294 391.90575052 -0.55053265
62.71487607 392.38750175 -0.61106269
61.57943107 392.88226584 -0.67871618
60.47477638 393.37883258 -0.72814878
59.39049026 393.88908545 -0.76865325
58.30955786 394.37110207 -0.79934921
57.22878230 394.86842542 -0.81647595
56.15496696 395.35779704 -0.84067963
55.12656188 395.83122642 -0.85729918
54.08206848 396.30676876 -0.89293621
53.02938195 396.79173043 -0.93373646
51.99362285 397.28043976 -0.96500972
50.96046730 397.74890923 -0.98963206
49.89589486 398.24060171 -1.02209385
48.84583067 398.72939673 -1.05308996
47.82987667 399.18980451 -1.08130818
46.80415059 399.64611998 -1.11654221
45.78659570 400.11605411 -1.14527781
44.80907918 400.57960328 -1.18118625
43.83186441 401.03851737 -1.20137991
42.85677893 401.50619767 -1.22090518
41.88909814 401.96565431 -1.23154946
40.91651827 402.42635285 -1.25703390
39.94991637 402.89253752 -1.27787235
38.97336820 403.34788956 -1.28833707
37.98096396 403.81549970 -1.31454951
37.02589672 404.26597077 -1.33404822
36.06530064 404.73090657 -1.35355620
35.08365693 405.20070012 -1.38696795
34.08806402 405.67436843 -1.40329683
33.08834317 406.16993081 -1.41460022
32.11170996 406.64452861 -1.43425096
31.13073754 407.14437636 -1.43768456
30.16593927 407.62779477 -1.43980509
29.19534345 408.11576452 -1.44504329
28.20937651 408.62443166 -1.41161152
27.23286525 409.12417303 -1.39838602
26.22900043 409.63132602 -1.38578582
25.23850616 410.17121388 -1.37366532
24.23809722 410.71215906 -1.36160003
23.26974226 411.21585844 -1.38153089
22.29940599 411.74868180 -1.37896354
21.33911571 412.26447416 -1.37752661
20.34522512 412.82107204 -1.37611156
19.35484453 413.38116223 -1.37740550
18.39256873 413.91633851 -1.38635558
17.42074898 414.46231522 -1.38743918
16.43075931 415.00978441 -1.39231120
15.46110092 415.56292900 -1.38694438
14.49221779 416.11429164 -1.38719014
13.52873804 416.67411750 -1.37952591
12.55605021 417.22479812 -1.38846939
11.58797905 417.79205734 -1.39056006
10.61844763 418.35693600 -1.38138369
9.64704177 418.92888128 -1.38122361
8.69200229 419.49974977 -1.38059535
7.74164243 420.07833706 -1.38340369
6.74963231 420.67212716 -1.39255518
5.75942194 421.27204037 -1.40556311
4.78078163 421.88377130 -1.41678072
3.81539543 422.49810649 -1.42273019
2.85439473 423.09748511 -1.43867677
1.88692198 423.70304554 -1.45387013
0.94286158 424.29745120 -1.46374693
0.03224014 424.87010496 -1.48291594
-0.86233654 425.44560261 -1.48312177
-1.75395469 426.01939133 -1.48619041
-2.62933323 426.59849968 -1.48659104
-3.47601243 427.16787981 -1.47803878
-4.30745971 427.73680847 -1.47347114
-5.12310993 428.30172692 -1.45754631
-5.94490461 428.87990572 -1.45229017
-6.77204503 429.46599250 -1.44594247
-7.56806901 430.03181500 -1.44745030
-8.34393868 430.59804476 -1.44628134
-9.09284182 431.14387279 -1.44930527
-9.83558317 431.67565685 -1.43803584
-10.55982495 432.19412780 -1.42064517
-11.25913475 432.69615869 -1.40110483
-11.91513520 433.18250649 -1.39886056
-12.55564378 433.66760042 -1.40424682
-13.19170474 434.15003508 -1.39762003
-13.78586854 434.60534866 -1.38642086
-14.34857670 435.06182919 -1.37048195
-14.89272316 435.50561843 -1.37077532
-15.41705272 435.93700926 -1.35214949
-15.90687499 436.37666965 -1.30517029
-16.39427517 436.81130197 -1.25008323
-16.84557579 437.23826625 -1.19834782
-17.27991236 437.66315617 -1.15156780
-17.71666975 438.07856657 -1.11274482
-18.11480108 438.48312093 -1.07200409
-18.50848040 438.88088119 -1.03711091
-18.89388585 439.26565756 -1.00224249
-19.25577438 439.63390194 -0.97036530
-19.60433812 439.98529182 -0.93834399
-19.93926596 440.31153614 -0.90444421
-20.26453880 440.62072883 -0.88864396
-20.58535510 440.91884119 -0.87505465
-20.89638258 441.21985340 -0.86357094
-21.19983022 441.51307479 -0.84775966
-21.49343758 441.78392555 -0.83282080
-21.78723243 442.04822893 -0.82901280
-22.09590966 442.31018386 -0.82002050
-22.40894208 442.58377084 -0.81254160
-22.71031792 442.82519169 -0.81426275
-23.02081107 443.06899468 -0.81283432
-23.33052401 443.30271535 -0.82041012
-23.63647588 443.52581387 -0.82786085
-23.94031738 443.72822037 -0.83515251
-24.27309602 443.94523906 -0.84034352
-24.59912791 444.15959114 -0.85257925
-24.94365168 444.37097497 -0.86738214
-25.29503612 444.59669823 -0.87087412
-25.65408331 444.81923325 -0.87635945
-26.00803351 445.03612964 -0.88310931
-26.35621818 445.24361310 -0.88488713
-26.72014852 445.46701335 -0.88840635
-27.05787281 445.68990496 -0.88820152
-27.42386384 445.91879237 -0.88530105
-27.77471648 446.16089923 -0.87434558
-28.11636016 446.39296601 -0.86550428
-28.44626042 446.61710101 -0.84983802
-28.79575854 446.86410470 -0.82699031
-29.13392126 447.11014068 -0.81367453
-29.47541077 447.36336962 -0.79639929
-29.79711082 447.62633356 -0.76524278
-30.09820512 447.88237193 -0.73490195
-30.39108355 448.13751512 -0.70556010
-30.65960431 448.37677526 -0.67814904
-30.92189581 448.61393510 -0.65099113
-31.16720246 448.83496261 -0.63582424
-31.38042380 449.06503089 -0.61595498
-31.59891782 449.29189431 -0.57984074
-31.80083311 449.50720645 -0.53416019
-32.03203661 449.72060181 -0.49529201
-32.25520722 449.92372247 -0.45524310
-32.46871625 450.11842735 -0.42602535
-32.67910598 450.30949894 -0.40163952
-32.90965311 450.51555532 -0.37421704
-33.14355829 450.70382603 -0.35130840
-33.38789050 450.89545839 -0.32010452
-33.64291135 451.08802163 -0.28866192
-33.90700155 451.26483099 -0.26351350
-34.18386095 451.43189295 -0.23875235
-34.46833691 451.61516926 -0.22414899
-34.76534888 451.77530012 -0.19389864
-35.05752266 451.92545170 -0.16524222
-35.37980412 452.03687265 -0.13107590
-35.70861003 452.13624398 -0.11950541
-36.05648080 452.22689812 -0.11087284
-36.44242580 452.30049880 -0.09489348
-36.83727182 452.33389464 -0.08848632
-37.23351358 452.35197011 -0.07065984
-37.64594945 452.33237801 -0.04896655
-38.06821812 452.29752742 -0.01898541
-38.50792821 452.22649447 -0.01022257
-38.97650190 452.12852125 0.00857477
-39.43959231 451.99573281 0.01944464
-39.93145070 451.83086559 0.02898912
-40.40092915 451.64155681 0.03082175
-40.90144379 451.40505949 0.02966493
-41.40687076 451.11203578 0.01305895
-41.93365640 450.79405511 -0.00222258
-42.45216744 450.44145785 -0.01290660
-42.99177896 450.04610029 -0.03237121
-43.53201924 449.62705157 -0.06204693
-44.09394845 449.15917719 -0.10083154
-44.62479564 448.69638334 -0.13721238
-45.16389755 448.19561470 -0.18042587
-45.70861423 447.63026901 -0.22438028
-46.24395445 447.04131874 -0.26513012
-46.79265458 446.38701206 -0.30799595
-47.31452241 445.72704880 -0.35832316
-47.84816827 445.03188747 -0.40613396
-48.37041650 444.30794745 -0.47271805
-48.88878546 443.59070925 -0.53016030
-49.43407806 442.82752853 -0.59848058
-49.97228066 442.03773877 -0.64749900
-50.51431834 441.23934285 -0.68912617
-51.08249303 440.40290295 -0.72903815
-51.63773529 439.57730957 -0.76242279
-52.25331380 438.69635380 -0.79736462
-52.85433109 437.83679656 -0.82033645
-53.46889036 436.96624063 -0.85568083
-54.07343229 436.04650343 -0.89312337
-54.68695076 435.16785102 -0.91225733
-55.32231530 434.25114839 -0.95953303
-55.97216066 433.31551881 -0.99634698
-56.62836832 432.36678633 -1.03183404
-57.27759986 431.41386062 -1.05728601
-57.93196114 430.44564717 -1.07953034
-58.58545479 429.49194317 -1.08886059
-59.24487794 428.52796307 -1.08942188
-59.93600089 427.54809642 -1.10210899
-60.59558886 426.58763269 -1.11737195
-61.26191893 425.65299477 -1.13155863
-61.91597303 424.68964770 -1.13916681
-62.56515112 423.72423168 -1.13419215
-63.24755411 422.72923505 -1.11366676
-63.89570997 421.72489281 -1.10635083
-64.54180265 420.72429886 -1.09034184
-65.19057435 419.73470660 -1.10031530
-65.83305483 418.75779527 -1.09531542
-66.45386597 417.77644012 -1.10188207
-67.08271153 416.80071463 -1.10474836
-67.70024791 415.80258958 -1.10913760
-68.33142142 414.79668521 -1.11622932
-68.96058616 413.82363705 -1.08363323
-69.58836443 412.83822856 -1.07541541
-70.19856478 411.85945269 -1.07693581
-70.84622707 410.80627677 -1.05398835
-71.46053288 409.75670410 -1.03127923
-72.05945616 408.67849798 -1.03330019
-72.67670531 407.56752851 -1.01188076
-73.26841503 406.47516406 -1.00380561
-73.88406878 405.38571436 -0.99300586
-74.48247326 404.29700665 -0.99472889
-75.06665686 403.22108341 -1.00847592
-75.66869847 402.13112399 -1.00507350
-76.24252377 401.03444715 -1.00682094
-76.81941744 399.93052186 -1.00293593
-77.38590054 398.86095946 -0.99066264
-77.95803978 397.79987877 -0.99287243
-78.51253538 396.77313810 -0.96498043
-79.06257109 395.75097304 -0.93698790
-79.62284572 394.70712052 -0.91812571
-80.18901473 393.65975916 -0.88970133
-80.72326092 392.63543420 -0.87967521
-81.28249672 391.60650714 -0.86724648
-81.81667197 390.57896130 -0.83400572
-82.35952218 389.56501278 -0.81792838
-82.87880297 388.55753478 -0.80191787
-83.42422303 387.49796603 -0.79240593
-83.99530153 386.42081726 -0.74697846
-84.53363987 385.37134268 -0.72908597
-85.09817663 384.25586181 -0.69938435
-85.61745185 383.20653936 -0.68426201
-86.14871529 382.12760355 -0.66660820
-86.67680879 381.01121421 -0.67748523
-87.19432365 379.94191818 -0.65760529
-87.70719632 378.86032857 -0.64121074
-88.18683719 377.75810177 -0.66851520
-88.67073814 376.67318626 -0.67285894
-89.16137812 375.57226387 -0.66440241
-89.65115181 374.44081484 -0.67083158
-90.12178164 373.28213217 -0.67715253
-90.59595184 372.11903830 -0.68885343
-91.06665903 370.93181464 -0.70786139
-91.52977740 369.74478777 -0.71910977
-91.97884901 368.54208199 -0.72686504
-92.40553257 367.38560090 -0.73431214
-92.81393425 366.24813801 -0.74062579
-93.23551935 365.06784357 -0.74078486
-93.64453890 363.90065490 -0.73413475
-94.05183001 362.71116402 -0.72923922
-94.44184513 361.52430675 -0.72314472
-94.79554552 360.35776507 -0.71579380
-95.14823014 359.17393344 -0.71454887
-95.50568934 357.99623626 -0.70808644
-95.85375548 356.77534157 -0.70274383
-96.19604853 355.55052793 -0.72053675
-96.53347502 354.32075781 -0.70969494
-96.86186486 353.07254060 -0.70451790
-97.19267091 351.82919157 -0.69404116
-97.50072853 350.57331334 -0.71001317
-97.81933811 349.28888687 -0.72462984
-98.10817362 348.02746669 -0.74054182
-98.38435890 346.82812626 -0.73394926
-98.66125024 345.61135104 -0.76099444
-98.91403739 344.42936103 -0.76565783
-99.14059034 343.26746138 -0.76345600
-99.36639226 342.10113258 -0.75691880
-99.60409572 340.91990712 -0.75660547
-99.82981771 339.71410302 -0.74648987
-100.05272046 338.49274184 -0.73991635
-100.26101106 337.31245553 -0.74950535
-100.46556634 336.13425623 -0.74095151
-100.67599805 334.95498255 -0.73294404
-100.86321809 333.80907726 -0.74047019
-101.06167077 332.61027640 -0.74152173
-101.26039156 331.38321758 -0.74872994
-101.45481535 330.20626624 -0.74102568
-101.63122094 329.01690280 -0.76205394
-101.82696849 327.79239985 -0.77419832
-102.02023304 326.57100711 -0.78891034
-102.19041034 325.42808377 -0.81326013
-102.36566517 324.25167211 -0.82430754
-102.53262338 323.07282036 -0.84245182
-102.68954886 321.88384443 -0.87087362
-102.84665280 320.65844032 -0.89962240
-103.01572974 319.42693315 -0.91778837
-103.18982488 318.19494505 -0.92946524
-103.35569270 317.01841475 -0.95293180
-103.53375122 315.79686327 -0.96846320
-103.70783975 314.56343537 -0.97115441
-103.88293208 313.34714851 -0.97876657
-104.07773779 312.10215413 -0.94022379
-104.25697043 310.87774025 -0.93356158
-104.42625097 309.65086281 -0.92472455
-104.58825812 308.48965989 -0.90837731
-104.74952685 307.30745287 -0.88615300
-104.89687432 306.09720742 -0.87864566
-105.05082068 304.86372063 -0.88746824
-105.21335052 303.65057119 -0.88853952
-105.38651948 302.43439862 -0.86099543
-105.54883952 301.19918252 -0.85185374
-105.70679566 299.92846934 -0.85601322
-105.88740094 298.66663476 -0.82874008
-106.03254979 297.43848589 -0.79978688
-106.17145064 296.21061376 -0.75743997
-106.32544272 294.93177531 -0.71153129
-106.47099129 293.73372555 -0.69708896
-106.63747455 292.49432434 -0.66095611
-106.75935838 291.28113481 -0.60546015
-106.89438688 290.09014752 -0.56981836
-107.01384508 288.89492718 -0.53918698
-107.13925756 287.70861801 -0.52418428
-107.24338692 286.49187822 -0.48965384
-107.34216654 285.30389815 -0.48570083
-107.44104808 284.10314034 -0.46064604
-107.54270112 282.87256342 -0.46209410
-107.64578901 281.70348347 -0.45169449
-107.74054399 280.54579543 -0.42405141
-107.83359746 279.35825329 -0.39884120
-107.93789580 278.13178023 -0.35369677
-108.02114646 276.96051888 -0.31122951
-108.10616048 275.75946752 -0.29533918
-108.15897610 274.55882904 -0.28430863
-108.24921474 273.31896718 -0.29523613
-108.29032364 272.12084288 -0.28340385
-108.35342006 270.93634168 -0.25603726
-108.38375766 269.77288714 -0.22272035
-108.45443468 268.50751912 -0.17811011
-108.48963285 267.24391242 -0.10626845
-108.53196347 266.00046860 -0.09177030
-108.58132453 264.79476076 -0.03040475
-108.59840013 263.58910042 0.00347902
-108.61511419 262.33097931 0.02865335
-108.60420410 261.07573081 0.04952792
-108.62232925 259.89694628 0.07606040
-108.60025830 258.64867625 0.07784995
-108.59351797 257.43001042 0.11310502
-108.58096172 256.19953391 0.12107514
-108.57557252 254.90345489 0.13202353
-108.55024729 253.65908210 0.15063501
-108.53122791 252.43284124 0.20337380
-108.49131753 251.20916429 0.24599061
-108.45119716 249.99343481 0.32092893
-108.38628061 248.75171114 0.37587850
-108.32203113 247.50412315 0.42568488
-108.25138855 246.24827477 0.46227470
-108.18124273 245.03970902 0.49172473
-108.11070926 243.88224137 0.53782816
-108.01507853 242.72306170 0.55180573
-107.91895479 241.54790114 0.56191737
-107.82044420 240.36705481 0.59029981
-107.71476574 239.18259818 0.62769629
-107.59220240 237.99781556 0.66106236
-107.46400262 236.81966845 0.68340971
-107.31982247 235.59694768 0.70632825
-107.17792395 234.44436603 0.75786972
-107.02939041 233.22836025 0.80021941
-106.86218100 232.00681347 0.84244228
-106.69738950 230.79687649 0.85527628
-106.51543643 229.56251020 0.86390540
-106.31192503 228.33733128 0.87704385
-106.10055478 227.09846540 0.89033499
-105.89546006 225.84512259 0.91008020
-105.70612258 224.62820434 0.89252328
-105.50185771 223.42057039 0.86788060
-105.27911290 222.19139737 0.86574171
-105.05821262 220.92708463 0.85735607
-104.82142437 219.65081245 0.85702302
-104.56478862 218.39305226 0.86746447
-104.30506502 217.19635165 0.85175482
-104.04717789 216.02662872 0.85249567
-103.80311556 214.81380133 0.84875170
-103.54807775 213.60857339 0.83642835
-103.28888055 212.39526779 0.83694932
-103.03617719 211.17190534 0.82667598
-102.76026731 209.94689330 0.81059218
-102.49330986 208.72340421 0.76603548
-102.21991854 207.52554426 0.71720325
-101.93841222 206.27503319 0.68189947
-101.63481164 204.97533521 0.65568381
-101.33016654 203.69607783 0.62502278
-101.00963216 202.40470177 0.59238054
-100.69358009 201.13405217 0.56166742
-100.37770789 199.89519839 0.50709690
-100.05702374 198.70945256 0.49072559
-99.73809728 197.48546139 0.45402093
-99.40752464 196.24412268 0.43782298
-99.06902228 194.98402319 0.39643159
-98.72224583 193.72261652 0.37058251
-98.36558343 192.50723777 0.32297056
-98.01303417 191.30196476 0.28906586
-97.66222342 190.09088213 0.23650082
-97.32633872 188.92962675 0.16739681
-96.98916639 187.71940383 0.10535147
-96.63425726 186.51215915 0.03673012
-96.24995590 185.28097234 -0.01276594
-95.80706453 183.91836972 -0.08517205
-95.33602349 182.53907664 -0.15006513
-94.87188706 181.18717347 -0.21170763
-94.40178955 179.79166029 -0.28618375
-93.94100953 178.42184888 -0.35585231
-93.46257412 177.01168041 -0.44440893
-92.98233113 175.62220045 -0.50789493
-92.54777495 174.28904930 -0.56205062
-92.12424509 173.00239227 -0.61189687
-91.71711710 171.70988624 -0.66675381
-91.31000600 170.41620224 -0.70842483
-90.91164521 169.12838563 -0.72728252
-90.52425107 167.86072261 -0.74154431
-90.11573800 166.57051395 -0.76319139
-89.69308044 165.26782968 -0.77179474
-89.29826560 164.04552143 -0.80013691
-88.87930241 162.78740590 -0.80271270
-88.48404438 161.54443220 -0.80816108
-88.08991085 160.27661638 -0.82782540
-87.69050202 159.00432941 -0.83848962
-87.29593327 157.75819847 -0.84713179
-86.90817141 156.51053483 -0.86344833
-86.51234596 155.25449188 -0.85769910
-86.10939244 154.00503330 -0.85711951
-85.70567407 152.76949928 -0.86067413
-85.30687262 151.52007246 -0.86708533
-84.91155472 150.27211488 -0.87913510
-84.50223986 149.02811482 -0.87636639
-84.10203603 147.80103368 -0.87740915
-83.70599533 146.57138497 -0.89069301
-83.29645219 145.29477273 -0.90124618
-82.90647212 144.05409455 -0.89926965
-82.53478638 142.85406943 -0.92281132
-82.12914331 141.58795551 -0.90985239
-81.73162653 140.35177983 -0.90268355
-81.33865528 139.09627843 -0.90298049
-80.95477558 137.83597922 -0.89573639
-80.55281172 136.56963178 -0.88446437
-80.17335799 135.32652047 -0.88978785
-79.79628063 134.11559462 -0.89080663
-79.40614375 132.85897978 -0.90075064
-79.00140446 131.54776741 -0.88856786
-78.60637596 130.26575645 -0.89138628
-78.22166375 129.03336552 -0.88438368
-77.83953658 127.78747785 -0.89651904
-77.44762212 126.54747968 -0.91302678
-77.05389764 125.30707418 -0.91823755
-76.67407322 124.07579269 -0.94355823
-76.28184642 122.82074363 -0.95311338
-75.90522684 121.59676690 -0.95590453
-75.52870201 120.33016799 -0.97589062
-75.15157838 119.09729949 -0.97930187
-74.77844880 117.82752055 -0.98939531
-74.42652469 116.58040935 -1.01664273
-74.06119283 115.31595486 -1.03658632
-73.70271912 114.09309610 -1.04917380
-73.33584349 112.86051183 -1.06639254
-72.96400961 111.62638582 -1.08517605
-72.58714544 110.36366599 -1.09499188
-72.21812936 109.09451475 -1.09388294
-71.84073025 107.80076481 -1.10056904
-71.46190289 106.50884778 -1.09414892
-71.08290970 105.21518998 -1.10359310
-70.69995945 103.92385759 -1.11027970
-70.32096210 102.66722217 -1.10099863
-69.94091850 101.35789174 -1.12536273
-69.58942833 100.11397336 -1.13221619
-69.22189987 98.83108253 -1.13425264
-68.85431938 97.53463458 -1.13438786
-68.48567733 96.22462014 -1.11677193
-68.12847037 94.94003787 -1.11242895
-67.76029090 93.64708079 -1.09593005
-67.38649293 92.36918390 -1.09214905
-67.03713445 91.10326481 -1.07725931
-66.70565920 89.82082655 -1.05885718
-66.36397309 88.54507859 -1.02755288
-66.02226167 87.24315282 -1.02206713
-65.67912490 85.91043680 -0.99964372
-65.31823473 84.59588684 -0.98290882
-64.98276104 83.34269100 -0.94837006
-64.65613957 82.08251828 -0.92739476
-64.31052367 80.82717167 -0.87955579
-63.97725363 79.57312271 -0.82271359
-63.64263409 78.32780611 -0.78205985
-63.31460442 77.06153114 -0.74673789
-62.96249934 75.74919271 -0.69150536
-62.63047841 74.45516158 -0.63502160
-62.29881172 73.19994429 -0.55714014
-61.96062503 71.97024613 -0.48727492
-61.64275057 70.73220758 -0.44670860
-61.29363437 69.50222311 -0.35008462
-60.96616606 68.28325364 -0.30716688
-60.63753926 67.04523163 -0.25304947
-60.29577985 65.76201642 -0.17475066
-60.13696214 64.51687741 -0.00973124
-59.63597766 62.88408604 0.23569873
-59.59279823 62.20521001 0.46243048
-59.91503288 61.33122506 0.44118918
-59.92784816 60.34905402 0.45592683
-59.11301432 58.81768910 0.74505210
-58.63550516 57.53661723 0.85681122
-58.66830549 56.52276709 0.69108605
-58.09963501 54.91199782 0.69853028
-57.71098407 53.30635630 0.61277793
-56.78364733 52.05073911 0.79155899
-56.27951954 51.00491349 0.71991241
-55.67970382 49.36725637 0.69282339
-55.34868964 48.24169042 0.57636235
-54.97496758 46.98055893 0.27803911
-54.72034734 46.46737405 0.21568235
-54.82982865 45.57170612 -0.24566091
-54.64276097 44.45574932 -0.56645501
-54.64521239 44.29883553 -0.83792704
-54.44779218 43.65065916 -0.90631369
-53.95777020 42.01721548 -1.13442761
-53.51064296 40.55428718 -1.44289665
-52.67939084 38.84767916 -1.48798265
-51.75450291 37.24354843 -1.70644550
-51.15483233 36.08265276 -1.83444044
-50.59078084 34.93036050 -1.91902954
-49.79983145 33.58110843 -2.18102711
-49.20567237 32.48237474 -2.32292746
-48.68770697 31.42540472 -2.41157034
-48.50776386 30.59524194 -2.69015907
-48.30345038 29.94592007 -2.85836445
-48.08120472 29.25509566 -3.07714431
-47.23893411 28.12473004 -3.19991914
-46.72501361 26.38345793 -3.56976670
-46.22658147 25.09069351 -3.71919771
-45.69475183 23.66499887 -4.06050692
-44.68694607 21.84378462 -4.30864940
-44.28549790 20.83221312 -4.59521122
-44.31767818 20.51810975 -4.84227566
-44.38947708 20.58174335 -5.03766513
-43.48832721 19.11921166 -5.28734529
-43.45365151 19.41726679 -5.52188513
-43.33673444 19.70607064 -6.04018490
-42.58012870 18.95676414 -6.28504394
-42.59182624 18.86144192 -6.45794203
-42.44488500 18.56502379 -6.65915191
-43.45646553 18.62170287 -6.88868477
-42.50822595 17.48328991 -7.21132510
-42.33926928 16.93535523 -7.50708784
-41.30138924 15.66821667 -7.87800737
-41.39609846 15.17718323 -8.17314217
-41.19702712 14.83252266 -8.28235105
-40.84661444 14.16700730 -8.47303078
-40.61865650 13.96306883 -8.68842258
-40.20580688 12.80531172 -8.81981580
-40.17383181 12.61689505 -9.00879626
-39.69740323 12.27306853 -9.16006734
-39.46767037 11.75065824 -9.12258183
-39.73666781 11.52055892 -9.31710546
-39.31410626 11.29206842 -9.53912593
-38.71542813 10.74565339 -9.67497574
-37.80828686 9.64784373 -9.73879719
-36.87345461 8.70040100 -9.82879153
-36.49140328 7.98695430 -9.68835631
-35.39132962 7.12569640 -9.85533515
-34.84140028 6.86498238 -10.10062292
-33.91093521 6.12349321 -10.13349226
-33.76714106 5.92985724 -9.93440320
-33.46667486 5.56873289 -9.67569451
-32.84911227 4.91558014 -9.40987036
-32.00012387 4.20080421 -9.32498411
-31.25648775 3.47719409 -9.05913267
-30.74966603 3.02643587 -8.81519479
-30.23770872 2.58756627 -8.56003988
-29.71076024 2.18161305 -8.23891055
-29.18987623 1.77563586 -7.94613008
-28.65895592 1.40639390 -7.66799611
-28.16961698 1.07082079 -7.32813271
-27.68057492 0.75805942 -6.97384651
-27.18127795 0.46343335 -6.60661298
-26.67686004 0.19363588 -6.24854511
-26.15222205 -0.06526762 -5.88276164
-25.63404888 -0.29950101 -5.52832759
-25.09381254 -0.52847347 -5.13785624
-24.51334064 -0.75517740 -4.77278184
-23.92758428 -0.97632069 -4.41649185
-23.37976363 -1.15248191 -4.07254265
-22.82002549 -1.31274767 -3.73269557
-22.23899738 -1.46670483 -3.40642089
-21.66972162 -1.60048535 -3.10895054
-21.08209984 -1.71293179 -2.77883017
-20.49258130 -1.82022447 -2.46548367
-19.88322223 -1.92556207 -2.15309276
-19.30596602 -2.01027746 -1.87978881
-18.73876591 -2.07979256 -1.62040046
-18.17222954 -2.14025224 -1.40231259
-17.60463239 -2.18660616 -1.17810490
-17.03688122 -2.22412934 -0.97561661
-16.47548803 -2.26696341 -0.78491733
-15.89896943 -2.30634085 -0.60721174
-15.37752020 -2.31640932 -0.44333504
-14.86869118 -2.30017546 -0.27356208
-14.36954847 -2.30700253 -0.15457490
-13.86593536 -2.31133450 -0.04669963
-13.38351782 -2.30863681 0.05784853
-12.94939349 -2.31225753 0.10827003
-12.53596851 -2.28707060 0.18039800
-12.12257698 -2.27584573 0.22785552
-11.75050268 -2.24146206 0.28060301
-11.37393345 -2.21585713 0.30738651
-10.98330634 -2.17882562 0.36070666
-10.63273100 -2.18525831 0.34904030
-10.30556469 -2.19461497 0.33526429
-9.98900744 -2.18095203 0.34053842
-9.66769941 -2.16205487 0.34288262
-9.36360417 -2.14769154 0.32830473
-9.06361360 -2.12495817 0.32121179
-8.79123105 -2.12544032 0.29262634
-8.52262120 -2.11570787 0.27344399
-8.24849731 -2.08847951 0.25819462
-7.97560500 -2.07091239 0.22629335
-7.69464677 -2.04738810 0.19664191
-7.38436908 -1.99984986 0.18841666
-7.08212742 -1.96067421 0.18340299
-6.77925062 -1.89621198 0.19005112
-6.46960270 -1.83136308 0.19647952
-6.13932758 -1.74803760 0.20385350
-5.78288222 -1.68131512 0.21541393
-5.45353742 -1.61681989 0.21979827
-5.10211613 -1.49054941 0.25281226
-4.73107466 -1.34864419 0.28414181
-4.36887920 -1.22994705 0.29337205
-3.97161514 -1.08315158 0.31300907
-3.67936042 -0.82471122 0.29215834
-3.32935350 -0.45503391 0.40390929
-3.12978326 -0.31496313 0.30071815
-2.81591443 -0.20238829 0.24419491
-2.34859693 -0.05376452 0.18571055
-1.94926376 0.54460873 0.30401254
-1.50392663 1.16538011 0.40408492
-0.88485788 1.72925520 0.58892070
-0.08072080 2.08319988 0.58928236
0.60625662 2.59789180 0.72809775
0.75496538 3.01577958 0.60521959
1.42803444 3.18436877 0.41294885
1.72293171 3.98626420 0.51535221
1.81130330 4.22009913 0.43468793
2.18887062 4.63563088 0.39275524
2.58245485 5.04264529 0.44624237
2.81676458 5.72412974 0.52507972
3.03368972 6.31747697 0.55799760
3.68579442 7.24711285 0.69568744
4.15412148 8.21183528 0.86215226
4.53133384 8.84600116 0.89426084
4.85770642 9.41416693 0.93920551
4.86404239 10.42557500 0.97183870
5.17727608 11.07801702 1.07577468
5.42453950 11.97808756 1.22481656
5.84690329 12.76281900 1.31999318
6.27168741 13.57387417 1.40058848
6.71073603 14.37558647 1.46916434
7.17298409 15.19867612 1.53974570
7.64509477 16.03581941 1.59633477
8.12057328 16.92930760 1.64738093
8.59847665 17.83887151 1.68687553
9.09822348 18.78394827 1.71991225
9.59509748 19.70165804 1.73680554
10.09617590 20.63305053 1.75951698
10.61694217 21.59941105 1.76639717
11.14358694 22.58040593 1.77447825
11.64648182 23.52406811 1.77468452
12.13793772 24.45212900 1.76262842
12.62765261 25.39280152 1.72752228
13.13697989 26.34118502 1.70454814
13.66062555 27.31045643 1.68085326
14.18207454 28.29578764 1.65151139
14.70352643 29.25929703 1.61791910
15.21193495 30.18448290 1.57585839
15.71414504 31.14175893 1.52397703
16.23377442 32.11385809 1.47213458
16.75355767 33.08829787 1.42357450
17.25923503 34.08537024 1.36996975
17.78811786 35.07567642 1.31095680
18.32869604 36.07528521 1.24770130
18.88429912 37.13567037 1.17645078
19.44504400 38.17303702 1.08363465
20.00301323 39.20788455 1.00331295
20.52585060 40.19994175 0.94603735
21.03094850 41.15888924 0.90871380
21.51473953 42.10491880 0.88393425
21.99718406 43.06391732 0.86623592
22.46776523 43.99958224 0.83488142
22.98331597 44.97455276 0.81136817
23.48903878 45.96368986 0.79298433
24.00957922 46.95034159 0.78395538
24.52689407 47.91681616 0.77020510
25.05848845 48.90986406 0.75598924
25.56583321 49.90189142 0.74126217
26.09959656 50.94286200 0.72817122
26.63445867 51.98010974 0.71624339
27.17226524 53.00136744 0.69490530
27.69414101 54.05246196 0.66995811
28.24076986 55.12113591 0.64221492
28.77702276 56.15961283 0.61704277
29.29983649 57.18862744 0.61236057
29.81473520 58.21017085 0.61241773
30.33634429 59.23227087 0.61384456
30.87711334 60.26848821 0.61305835
31.41016062 61.31746513 0.60559712
31.94161609 62.35528068 0.59726825
32.47736771 63.39584334 0.58363190
33.01331107 64.44041862 0.56793667
33.54924146 65.47523051 0.54467134
34.07171734 66.50714416 0.53387939
34.60564076 67.53927647 0.53201589
35.14433031 68.57259981 0.54707205
35.65686816 69.59323744 0.54882513
36.18013613 70.60780585 0.55541089
36.71313222 71.61783863 0.57447309
37.22764499 72.64146018 0.58770019
37.73128145 73.65721659 0.59071690
38.22632969 74.66258857 0.59742684
38.70473330 75.64701965 0.58886770
39.20670637 76.63828938 0.58348510
39.69256682 77.62981189 0.56156145
40.17561331 78.61461964 0.56665704
40.67809528 79.59561204 0.57419837
41.18372618 80.58270293 0.57587732
41.69201878 81.56161841 0.57854125
42.21639804 82.55901208 0.57230318
42.72447053 83.52959884 0.56111682
43.23729122 84.52084117 0.54342275
43.74436193 85.49162481 0.53606311
44.25899520 86.45864754 0.52089804
44.76471420 87.43450208 0.51598099
45.28864076 88.40711546 0.51213549
