frame_t,lidar_translation_m,camera_translation_m,translation_disagreement_m,lidar_rotation_deg,camera_rotation_deg,rotation_disagreement_deg,lidar_quality,camera_quality
0,0.6005074748883862,0.7013410262020037,0.10113245263370549,0.30917338180418863,0.25537551529309466,0.09108923106431928,0.6574763637075337,0.7133443144914264
1,0.6779537353775171,0.7219488978508107,0.04584726018742359,0.3286337670694941,0.26571726554405645,0.08681593870740034,0.7304826848435125,0.6941815408896466
2,0.6636333940997358,0.7360422474070725,0.07429886289908089,0.20160296618081583,0.23874147103319518,0.0979905624835439,0.7267525461350254,0.6886439880075088
3,0.6820884521239052,0.752375745633917,0.07031007066727359,0.25284829515024915,0.2996412007685002,0.07639355763337159,0.79620385829246,0.7044294292469794
4,0.6593179024435649,0.7554604827741996,0.09892439938440298,0.3706962969732846,0.25648316787243974,0.1240918233101209,0.7349450513411857,0.7298625524684044
5,0.7159227444926662,0.7816207526295007,0.06595910110761796,0.16242464057260028,0.26482328062422894,0.109713360906737,0.7520823276568889,0.7102869248210825
6,0.7006318152837598,0.7982211489396895,0.09879344206825451,0.321280031163546,0.30009930608736396,0.07058569162006813,0.65129998155162,0.7098017366271621
7,0.7200554505962367,0.8119868777797221,0.09303505205429984,0.2063835750197994,0.24903225452581415,0.04958220367511584,0.7760446742631626,0.6916079264994974
8,0.8024903378069047,0.8585787078296184,0.05947723900252897,0.25334951157156976,0.29489407372426585,0.10846984276605313,0.7639632202334866,0.6309542033375346
9,0.7677285349534846,0.8482559970511125,0.08615562955758252,0.23622777928641775,0.24548444897086893,0.09174058883257624,0.6763800213804705,0.6944469474537267
10,0.7351552814510354,0.8394491982051048,0.10448241913855263,0.15290109521661216,0.18066303481948576,0.09981258221965808,0.7147894850543713,0.7520013665671248
11,0.7522168072951076,0.8576658007792765,0.1064489496037377,0.17146095130333275,0.10428901587264927,0.10281344951551734,0.7230404255589111,0.7202895166091726
12,0.7842544935749165,0.8899591366718484,0.11331353649622103,0.2186878528225202,0.1484877228652802,0.1392175689012959,0.8089834606238927,0.7062473390090207
13,0.7692508909041509,0.8918228178493718,0.12491451157385013,0.18359930553994325,0.09796847499881266,0.11397107887012976,0.7424842221548805,0.7479115041944209
14,0.7958249605374805,0.8969677841141213,0.1023097477265297,0.1814251242180799,0.0607788498108323,0.13375441106815664,0.731942290013736,0.7202162796947698
15,0.792952499381541,0.8912237970868723,0.10003760485939467,0.09323107775787866,0.26289850038495716,0.22409065150362817,0.7544014746879173,0.7192278957734702
16,0.8501570511929328,0.9475317524858088,0.10459578056038067,0.1700838654913967,0.18575245147745426,0.06256158987404252,0.6499073691115721,0.7330724826321295
17,0.8370528647706952,0.9131756818784093,0.07936521541786637,0.2143154134647873,0.19032202948289612,0.044309877992115325,0.6758950705173421,0.7068662660472289
18,0.8661457510287266,0.9460636694190352,0.08950562213758677,0.03298368980711879,0.07862447970584845,0.0844610007286653,0.7175949508286894,0.7128231863977096
19,0.8824365552516504,0.9862254667892845,0.11288032396634591,0.1600202986759221,0.13412628607003282,0.12948170682421672,0.7543798764156765,0.6896055359703869
20,0.8691371022185069,0.9445736447831071,0.08092591609708726,0.16817388472136002,0.0849138002997526,0.09622141382850535,0.6596208577099407,0.7092003562207647
21,0.8682814944226767,0.9732747539211074,0.11180685811452415,0.14807600551337274,0.09183023943340027,0.17013250933250906,0.7666352218051528,0.7127392743815287
22,0.8555574330062783,0.969044459961314,0.11578534037561417,0.08402183594699682,0.08575082621525056,0.08312920105889332,0.7976132596211061,0.6897630749903758
23,0.8862222814044154,0.9758247280989554,0.09513303436382428,0.06899908516004787,0.12257431831408964,0.06746188512849871,0.680269508039321,0.697986287904873
24,0.8983096787275324,0.9581461317002384,0.06845110533637068,0.0706891614702604,0.1107809771713488,0.07614075385344703,0.7797313154378027,0.6723683394601182
25,0.9029370253970643,0.9867238490166144,0.08894249347394297,0.24897030576124243,0.21220476504599764,0.12082310417900446,0.737776420686778,0.6452088738887929
26,0.9242621847773796,0.9672173533051822,0.04555215879813748,0.25329781363584164,0.24383139164241743,0.11330708264882759,0.6727482041793245,0.6754115065372199
27,0.9427499533648275,1.0230918695674158,0.09221602649966501,0.2377900809122074,0.2619884805920785,0.15266768098495243,0.7954783660383697,0.6650927268556207
28,0.9194182426641815,1.0242278671835192,0.11083299604084826,0.15643693501842545,0.12442049271496088,0.05632977263981306,0.6543334742537336,0.6960797080489735
29,0.9054629317782895,1.0120597340132869,0.11061866540296054,0.18955655968641064,0.19568924770343496,0.10731990275951865,0.6558466979405735,0.7273331323349591
30,0.8917690153291601,1.034249600748138,0.1459163465002426,0.3243282318374815,0.27919593681067617,0.16203863493667126,0.8095646589267118,0.7013334549316415
31,0.9107748482259457,1.00202579056055,0.09499926852640093,0.2091400410314625,0.1891070225144746,0.1530132156797516,0.7343372542267164,0.7096614103693542
32,0.9391189515610915,1.00477937412566,0.06925455816359946,0.04396231276234211,0.18021910304126249,0.1592282298376282,0.8447392303468029,0.7057486671169891
33,0.9012537531533098,1.0316181458098719,0.13617646802072847,0.323274598896596,0.32105735732626495,0.056198822064726345,0.8270436026216321,0.7116744528692002
34,0.9251677110028205,1.0413508727495175,0.11760043508277744,0.26869889685285087,0.3132331402522974,0.06413794075373419,0.8086898197904695,0.7075441541839488
35,0.9026310019917788,1.0259153997295256,0.12573400967381199,0.3700278672511322,0.43018756125338586,0.16570093832947116,0.789289979871511,0.7091235878245934
36,0.9079182022735749,1.0584343639704197,0.15202766872414433,0.21677437238189343,0.2547969742092757,0.08920576342664613,0.8242378197033441,0.7395046128199663
37,0.8893893581163866,1.0493370072461714,0.16001158164879584,0.19541949298098543,0.23965810059541567,0.2008145358983638,0.8574536877487453,0.733107162130674
38,0.9763729892714005,1.029997836419465,0.05429707787724836,0.23403523699043977,0.1445268232193378,0.12644965671048078,0.821449449325174,0.7313591874960351
39,0.8981934510184463,1.045489590228661,0.14877532968330512,0.1423747832297576,0.11786611055962921,0.17392557521712146,0.8436784824225383,0.7009683918310917
40,0.9663156164271713,1.0655371050062505,0.10027540409210754,0.18153575351710624,0.2305867463294109,0.12942130413059497,0.8952321806642435,0.7613152823630798
41,0.9310232092586231,1.0636835247220104,0.1337627486373901,0.05891958070292768,0.12569161099173654,0.13340036308267106,0.8582240266569225,0.7268919267191629
42,0.9781758005103065,1.070155891526221,0.09925799630408776,0.22157823886519754,0.21253410435971026,0.18857454980584587,0.836584900757028,0.7163144898670634
43,0.9563396480175409,1.0612287736255082,0.10588976496147368,0.17193457491891162,0.19615497991775752,0.027969821640183946,0.9035611567787493,0.7372187506690445
44,0.9917692804935386,1.0568767020808387,0.07548136238250873,0.178818268427776,0.3276275339982284,0.2623115580656037,0.8666282339971051,0.7234924867206998
45,1.0377181254080317,1.0277201695926739,0.03319053178837718,0.10492478262557049,0.027357579528559987,0.112210574842067,0.8848697822590876,0.7300951598733997
46,0.9415686212487017,1.038676558491022,0.10184965581355379,0.15812080496069988,0.1267576568364333,0.1697944977438331,0.9072395611592071,0.7415829124103073
47,0.9912909038801967,1.0351287495254786,0.04623201612740478,0.1281566285074409,0.21842153640092452,0.19674129004573324,0.8030204992531887,0.7060842489263353
48,0.9317597441559283,1.0339361354325287,0.10307902337428171,0.10284694913887865,0.03655195979954008,0.09076858255011265,0.8373593095697877,0.7126970285117966
49,0.9052437672813071,1.0148456917390283,0.11043649395252572,0.043828659391295634,0.12751180814398574,0.12836968561743478,0.8944823987793356,0.6908841907926992
50,0.9373264522310192,1.046858142558478,0.11141906977963094,0.03024284353702943,0.09145063174963203,0.06373963286668748,0.8795129995303765,0.7379360402471417
51,0.9332553444143497,1.0194222374359063,0.08688985045448662,0.14542473964481195,0.2957850355416468,0.16950077807039943,0.810457361772134,0.7219449126290858
52,0.8994973373541351,1.007676192782322,0.10903589138874123,0.22447950236203573,0.2541967391889962,0.20870949087744767,0.8372838893294547,0.7274387168285192
53,0.8945245923615689,1.02487648765626,0.1318836556423644,0.07108508887093498,0.08980090537077484,0.036306511645915834,0.8000972506230682,0.7399566629259805
54,0.8901759552932046,1.0107341969801074,0.12144596918027731,0.20214129589845226,0.23588255190630406,0.2025636979932895,0.7777992189588475,0.7092222243311265
55,0.9120949477627917,1.0036384221729455,0.0923840896888785,0.20836276965574835,0.21057875405382476,0.0503542158599509,0.7763635000984271,0.7057221446145344
56,0.87583488749292,0.9980750113151662,0.12533180203468855,0.0883246844902419,0.08598274041443521,0.11897275184753467,0.7890265615481925,0.7036488645953224
57,0.8861662332340512,1.0059174918521088,0.12097335539127675,0.2144630351382456,0.15091655846816765,0.13428307050445615,0.7705402052585792,0.7383334129335194
58,0.9224639201222676,1.0064875756472826,0.0860145901819326,0.16835718283299986,0.14433469508236937,0.10773473088967622,0.8132972453596261,0.7268983268207664
59,0.8939628523394095,1.0023321226592499,0.10850241735366524,0.12020565905813291,0.130503138831244,0.018299830378393743,0.8399508903235399,0.7363884767968515
60,0.9248235361287974,0.9983378864793154,0.07464348801738595,0.20189127707248403,0.28073152438254734,0.10119729086875251,0.788053740283632,0.7362684627973927
61,0.9123601667539752,0.9840792262923113,0.07213910521297523,0.4643297761061012,0.32050803264251926,0.26867069496529355,0.8264542385314776,0.722777761075168
62,0.9266288985830711,1.0358873480052095,0.11514824154759186,0.15614529759801207,0.21173810987893468,0.2918773307981273,0.7450245594739918,0.6941439028307288
63,0.9054055573033625,0.9966439252848476,0.09238753625217147,0.1379274248996882,0.24241170026168624,0.18348728442757867,0.8192247397257781,0.7104223280027895
64,0.9102468072015105,0.9984984598011617,0.0989435826501124,0.36951510757998984,0.4697991007080152,0.12066078700792583,0.7084291346834289,0.704947469260456
65,0.8890621128029244,0.9613561321943013,0.07564887136194302,0.25629196238208685,0.3011481970777332,0.06832727150576866,0.8396532500514913,0.7150295690941826
66,0.8647554208686858,0.9560819360455283,0.09468301559832847,0.38965160400416404,0.26725677783058416,0.14040588778842142,0.8052253649728165,0.7101879166256438
67,0.8682896273255407,0.929335869804694,0.06338553125799509,0.18572480693512675,0.19991508536122912,0.06085805054281571,0.8318061333536958,0.7385538175444056
68,0.8063500734513511,0.9187609683827178,0.11489808923965249,0.23432107630319143,0.16296397845813668,0.12297111240516885,0.844228613006851,0.7355279950252458
69,0.8095546350223806,0.9308105769141288,0.12214264375607954,0.12444995042104204,0.06625910974100814,0.06596240697594744,0.8930470751188229,0.767682015859211
70,0.8076545687638882,0.8981358210799298,0.09058071520454924,0.15048493448111766,0.14459345662906978,0.08624691139971667,0.8789238555783173,0.7455426912782935
71,0.7768529862324417,0.877137902253247,0.10154733420611481,0.079456719473711,0.07467322179702182,0.033676674032673264,0.9020250174763553,0.7383363374549554
72,0.7635981834691662,0.8531159439391814,0.09054641037810789,0.06566272780766932,0.06934030712718611,0.01493786696547007,0.8845874980909836,0.7578355467976401
73,0.7619125079890848,0.8524398334752183,0.0923521410331901,0.16468951723603248,0.09565133980857467,0.12701100702582355,0.8198446969632235,0.8020080286413764
74,0.7583953025515023,0.8412679207222582,0.08344293408526543,0.25984780765105375,0.24059943172874895,0.0805643650774123,0.9138242759037711,0.7836567067789022
75,0.7887727466954847,0.811256050399275,0.031245359553225795,0.28005019314834995,0.2659480466199788,0.15090727527180098,0.8336763908397331,0.7630115626458758
76,0.7706750059471441,0.818473871150081,0.05370585947987211,0.20866441317389525,0.204975740390658,0.07267007511918037,0.88026989977915,0.767446396712471
77,0.7115837197170166,0.7828995952596234,0.07162729257663754,0.23950188462669234,0.31093490517945305,0.08196943515639052,0.8782965252517364,0.8144935701356965
78,0.7026292057385142,0.7650774104082615,0.06369686627539324,0.42025056722549237,0.4288578943570317,0.11138643389021925,0.843351332026838,0.8042749534377057
79,0.6807472081472791,0.734898418861805,0.054890901621493716,0.23456634012312194,0.33361788776043927,0.09936653794180728,0.8831439168696832,0.821187297570855
80,0.7059371991713367,0.727295964564187,0.0217704064153698,0.1057763727297296,0.09793666167537854,0.071918949886014,0.8787739839569336,0.828074682199135
81,0.6703174540085373,0.7014788155810693,0.03457893598420074,0.14826863006499624,0.2490657111393019,0.1711745847308856,0.8518818164324953,0.8358363205627417
82,0.638006285432121,0.6804149734584467,0.04425978832481768,0.1514000582349183,0.1622358143523681,0.0427264850155549,0.9043238490468166,0.8422827178607153
83,0.6282217584174749,0.6602574984813875,0.03386994264715962,0.3001026030220732,0.25104545402052597,0.09967247832475545,0.8719934934350085,0.850608388712033
84,0.5849451483974877,0.6433855442003951,0.06077287114581709,0.46691254909794566,0.5302959099022128,0.13750972499717098,0.8760970777059138,0.8423561433664949
85,0.5784939638588402,0.6253574150432194,0.050731065577975416,0.37836851957449397,0.3677971394368543,0.06117245289741519,0.894933455559805,0.8498606086247793
86,0.543578146220784,0.6039181841511863,0.061271277031522596,0.23090020269378816,0.25601686819736597,0.07891039257903026,0.8391876408741477,0.8599115696361532
87,0.5550286949215191,0.582626373518439,0.02826246938266172,0.3521079349012521,0.4006900964206186,0.07177283057149195,0.8184744920086987,0.837655252081124
88,0.5458452482229255,0.5669748370260637,0.021378965727256286,0.3522645195392888,0.33705091520318003,0.1181224505418472,0.8382053653797751,0.8226002834699935
89,0.5140330601452517,0.5585749255426891,0.04468384181352234,0.4015933384806095,0.4722614637266169,0.16858614612236383,0.8106714900071422,0.8259768330968397
90,0.52047214723194,0.5398449773320969,0.021046985713035742,0.5687170416929721,0.5771506441817033,0.07261022214098481,0.806119411184823,0.8157027184522113
91,0.494235367988333,0.5314459657805148,0.0468723300987518,0.6419327659284714,0.6703453005761436,0.16327641665569348,0.8547314882954858,0.8352255851141247
92,0.45555620264390567,0.521916705308419,0.06693509330378374,0.8350986159802627,0.9127486570530535,0.0831171853530141,0.8367977234568278,0.819771602977853
93,0.4592995610234103,0.5079906574156816,0.04880718462775503,1.0955921067858854,1.0917563643503807,0.05419507347962396,0.8302993870413304,0.7811564310979779
94,0.46892234808262767,0.501485020672624,0.03476889223492872,1.1992892075460369,1.2678299666278472,0.08843926476787707,0.7093644342707313,0.8097563601641916
95,0.45626961267630894,0.48578676279414434,0.02980916966754572,1.4929271834352489,1.5240912957224193,0.05435945502848842,0.7813477576577937,0.8175985643025536
96,0.44070824768654643,0.48267441799399535,0.049348442782073655,1.6198844617709374,1.7068420425943147,0.1152678512718575,0.7533553527897644,0.7906634347905654
97,0.4462667961476202,0.47430409914658633,0.03184438517067829,1.8149063637437626,1.9191248996191563,0.11751666076219593,0.7460713371682799,0.7614241237366921
98,0.40902552475595133,0.4796271337559744,0.07780648206354901,2.1005182360155534,2.1703135269687706,0.08208641739518012,0.8213805213513583,0.7781700947066202
99,0.37214222843234906,0.4818640155227312,0.11017732531103905,2.3580143375609786,2.403699477802371,0.07091103134646255,0.7829959139691635,0.7584498561668638
100,0.39471772196306687,0.48072839548673685,0.09063576186297034,2.532955217073342,2.6321214445462524,0.1303447261056252,0.8324092286072815,0.7642950615905019
101,0.3950756141336684,0.4904838904577932,0.09581938857832237,2.8438613319840726,2.9126354555858596,0.08595248861887157,0.7959925301067737,0.7545931985639014
102,0.3687693209349438,0.45680116570946366,0.08828379658240433,3.0301164015138795,3.207872461951149,0.18974606528918442,0.7358229044010962,0.7501196593512488
103,0.3694169923610244,0.46289217703333546,0.09807854435892388,3.3348129280483545,3.4494274847012454,0.16260753874129835,0.7857309541021297,0.7224052971775108
104,0.3649198441903884,0.44311967290722454,0.08133118506101313,3.46463841828028,3.6118917085674624,0.1599900305635182,0.7996213237293388,0.7386652547216264
105,0.39234900683279356,0.4244950325570401,0.0344511689887026,3.5594574111509494,3.7385476231914923,0.20594263482553787,0.7204135665426737,0.8026037356886242
106,0.40093519801415656,0.42169765799163605,0.023412023933091188,3.7714503690752808,3.828262078187198,0.10578774665995368,0.7695839208575835,0.8258571896714221
107,0.3686484648968032,0.42617315433811465,0.061899717483083226,3.731446144414408,3.7832473915216194,0.09147737782116828,0.8048662228070327,0.8253824799324775
108,0.4015822833775393,0.411846624554575,0.03085416950484379,3.663626797061466,3.8016702084961915,0.15365414679684988,0.7789005872122439,0.8112438722838917
109,0.39516625237932573,0.3919365424858657,0.02860684658365784,3.6335137557982686,3.667552152698748,0.04635007696331717,0.7184392707759483,0.812568337950877
110,0.39113349064889097,0.385224931191561,0.020000711986686445,3.6012911485628125,3.643800953750778,0.08517930307638003,0.7931812966856329,0.7890692985297698
111,0.3890411850219747,0.3889271740387366,0.008851529959585188,3.479378520314346,3.5395289603995805,0.0848945886279909,0.7721850973761302,0.7978625198209948
112,0.3828284082536864,0.39417150270927154,0.013074446074641019,3.245728553714042,3.394199474624125,0.15820232445671376,0.8121191512474009,0.7957348931883305
113,0.37502788361437095,0.38448092457917477,0.028702259650935785,3.2857940215375216,3.2446940768419763,0.1370529922479299,0.7679103378621932,0.7687243633887836
114,0.3823343050822649,0.37064171509210647,0.02214354067593835,3.1775026777178623,3.1835300749273276,0.13091769654509147,0.7391637344008589,0.764862834501863
115,0.39548841017517716,0.3581377787014101,0.04067481233765445,2.900794926464635,2.9425536383342696,0.06878006303676593,0.7443504948837278,0.7811833036077797
116,0.4016593707203636,0.3708030319610911,0.03839571520988503,2.6663584896117762,2.707005886710536,0.10739773589625307,0.7862847426727255,0.8119248713373668
117,0.3897968558821988,0.38566215118992453,0.01291931068192257,2.562545471990072,2.5876998290236832,0.1265664251698932,0.7457506349914036,0.812248278005373
118,0.3690100502682937,0.3740400078335855,0.011181155853045032,2.0796221327292947,2.1636779463388445,0.11379410475599208,0.7710135958154556,0.7940183844485121
119,0.4006334889883023,0.376064981045861,0.04678813870133664,2.0720689540790893,2.012733390866073,0.21783534428524667,0.7684360499216197,0.8088487187242199
120,0.37557986127978993,0.3831609676292882,0.019776549288658796,1.977450785681785,1.9849226310628858,0.26446412962766175,0.8754506055163751,0.8026508027830611
121,0.40701927314347247,0.38686033140446385,0.03868679563538031,1.7750211260143882,1.6967740668761955,0.23080914168848202,0.7723747405222768,0.7946836178412757
122,0.4022343542220179,0.3939827595661901,0.01957747843061077,1.5631889015623328,1.4961659571380144,0.07212846752051227,0.7873864866770349,0.7781925768708946
123,0.40981053301241654,0.42972830280944785,0.02024882417132223,1.4193331976040744,1.4391063015375347,0.039276722648852944,0.7767731972618632,0.7371937071942276
124,0.4247825392595456,0.3991360767106297,0.02577446048512516,1.2893042391815124,1.2852867801979566,0.12618415679432463,0.8015805580082367,0.7501963452798395
125,0.4015237114668467,0.5043507030910694,0.10341552408000461,1.2091962223204595,1.2393099177572025,0.12433108275826596,0.7721588743358578,0.765923066873385
126,0.46419870757430176,0.40816777805636056,0.05649546346023766,1.0867098619639826,1.0105384519983582,0.15317047860318656,0.8444112150508525,0.7843644228454
127,0.47709907726707357,0.4780117560389473,0.00869884925648611,0.9322137485013148,0.9318908930346639,0.08069560773570077,0.8012169597885095,0.7984640208233778
128,0.45595296293421606,0.5113441120511141,0.05557631273606219,0.8894033809402639,0.8633772639079144,0.17122316216430022,0.7498555678528863,0.7680091171079113
129,0.4766148977173833,0.5522117689227282,0.07600448277873113,0.7839169965748939,0.8005504119041064,0.03981318716793213,0.7355979660179071,0.7614560192339529
130,0.4967976060857212,0.5781978153139269,0.0826666411482722,0.8115736245660938,0.7101872470474533,0.15028689555019434,0.8155276433865235,0.7444804546744334
131,0.5028368588575477,0.5190869356682083,0.021938876913335133,0.5323550955017239,0.5914675411353455,0.0847043723879676,0.8368493531343755,0.7272742084918746
132,0.49864211780753076,0.5625586538014989,0.06440700407665503,0.4761663375249767,0.4766294202585901,0.11347233748088496,0.8910543873696779,0.7325453306294873
133,0.5539649277652775,0.5705164645723944,0.020053326932718423,0.3711228865580074,0.33088129009289485,0.17996199521505055,0.8587898763937729,0.7868450612276047
134,0.52940681164371,0.5939524769909221,0.07190466019394336,0.44773767372103457,0.33764480859576385,0.13738239338908576,0.8928035721434433,0.75250805458855
135,0.5534075928668317,0.6013732157256765,0.04884219169598791,0.4441553028908329,0.35591739062956473,0.09125024692537216,0.9148601382108061,0.7660755125365475
136,0.5954201472577396,0.6692127700578734,0.07409372170276192,0.21074384683113256,0.28888201296186666,0.08383939430072063,0.8325039106841559,0.7335164477343895
137,0.5863580090808057,0.6218625547996538,0.03766081112635547,0.22336982161876787,0.17718986789714083,0.09408655908890537,0.8618409119360144,0.7476053235089908
138,0.615005506439202,0.6397735691797763,0.03236619249153791,0.2759517487436683,0.17796099433449986,0.1306869382862621,0.8691654046255091,0.786072706460661
139,0.6270994444378125,0.6524804614522858,0.043804481631082394,0.3542826366461455,0.15659377208389205,0.2450211306012261,0.8659876055099187,0.7613757830699892
140,0.6399471880834986,0.6557428127688686,0.03243372268013687,0.42815018144971906,0.21959505321407718,0.2156017564599044,0.862071945393954,0.7947289451970394
141,0.6510881798149029,0.7244023682245908,0.07541946159532083,0.30405915325141836,0.2193471322492172,0.10322653274946346,0.9224409761776958,0.7903217664098873
142,0.708748974308128,0.7157568817655825,0.016249698643785435,0.16344615780282798,0.17189689485596013,0.08955891119608567,0.8441189296390325,0.8428607707056713
143,0.710343463894335,0.7504852333263676,0.044175488041852534,0.22576834055343264,0.24584585175545984,0.10721135142232723,0.8736123055738715,0.8431955493632859
144,0.7173754300836146,0.761385467192231,0.04405156659188245,0.151534431920154,0.24177835239714005,0.09856443574663501,0.8768805643657245,0.8582188134021899
145,0.7308354346598375,0.7999684665605027,0.06973813936401464,0.4157615798375911,0.2680339957026575,0.16209082256437402,0.8259992781393881,0.8519156062664077
146,0.7620720358617159,0.7851674722514607,0.023631672637159172,0.16734588425807034,0.24395850198326285,0.21369769259238933,0.9220194220443612,0.8500361841342146
147,0.781909733636683,0.8254586205470696,0.04628794523225361,0.2901685377380436,0.3184539628121332,0.1298158770144683,0.8504105952273628,0.8470638400294609
148,0.8151072789867337,0.8515651810056125,0.039146950153838525,0.15254084617573266,0.2231165449394844,0.07482646706759936,0.8727627758306498,0.8381083192793253
149,0.7671396676323041,0.8366523677300917,0.07020990444168149,0.2418802555320951,0.2716553549366721,0.1059027035051403,0.8704861507244622,0.8554805819643243
150,0.8134026769619495,0.7998999037040494,0.033001657187557216,0.2403095714121067,0.32444676806109213,0.09369423953150693,0.9025901418951812,0.8570126040776838
151,0.800392675807063,0.8197705199099504,0.02865663199428388,0.38601695386449114,0.4706039430339957,0.09787602203992694,0.9079179100588981,0.8452933319303357
152,0.7942893895347627,0.8309969812819361,0.039473759253048316,0.27680894924758515,0.23497577134693057,0.09433850771191853,0.8607498367241089,0.849520796634737
153,0.7728885070084275,0.8580724904773801,0.08649554790272909,0.0797970542440346,0.13079165062625356,0.12349574758113246,0.8510574616154862,0.8507005410784366
154,0.7894481812604551,0.8385322815997531,0.05903794446018015,0.2910566883935844,0.22464625600730087,0.22053000955440005,0.880104882724033,0.8221800387077446
155,0.7921622912549621,0.8415029059505448,0.049420385897623854,0.21077368842249222,0.08297279112321554,0.14727642600319305,0.8128019881719057,0.8431277099352288
156,0.7995171357046832,0.8581462167525461,0.05923229816028669,0.10546630681239166,0.197352903904078,0.18265919519612206,0.8616728591844166,0.8498897164595094
157,0.7590266066100186,0.8292601702144332,0.07029949060141265,0.16661797996213926,0.13775615035147112,0.0815201868022914,0.8719868246711592,0.8344879662238329
158,0.7980223826615872,0.8304547700042096,0.040455619349722804,0.026012772202678384,0.22696928563040006,0.20134612256879775,0.9250104141776905,0.8187996690041374
159,0.7928148595583948,0.8293032741990738,0.03696330819844025,0.26320717264619475,0.22800479817205388,0.2518580064681276,0.8915491285020509,0.8191585395931966
160,0.7688141580400333,0.8179205462478619,0.05140082596396753,0.21357374137415958,0.2843437487495485,0.07788573770111962,0.9069373862816743,0.7870556870354228
161,0.7667248347541894,0.8286028106310362,0.06485850034583279,0.2854872784821583,0.28113898209307975,0.08154770971308346,0.8904108600245202,0.7774010085865768
162,0.7752455106430917,0.8033730146362482,0.02940701867387965,0.33359562546610155,0.3410411188727661,0.06457447407188827,0.9237886594380406,0.7384139895965468
163,0.7959120911663307,0.8178841599902545,0.025432893743209877,0.3822241024589219,0.4033897371361613,0.0675525784878586,0.9029604980242546,0.744588591841562
164,0.7594607602425841,0.8323666174666924,0.07400163445902239,0.5057545883604164,0.4226669499597863,0.1380484790883472,0.8584953049752748,0.725518290316645
165,0.7946445046928273,0.7995795121582628,0.014521022007641429,0.5518404979844806,0.4760203418838669,0.13433402417635443,0.9015056228390592,0.7083685332753177
166,0.7690514666266923,0.8159017682044576,0.047165994677724817,0.6800235975353102,0.5452080448101467,0.1742280352788595,0.8222823772086358,0.7175499730472943
167,0.7609027785747927,0.7841160339302424,0.023469927481176142,0.5440419972300249,0.5947007078992045,0.11463021079293859,0.850394308229735,0.6825997332004501
168,0.7794489472563549,0.7958003537170601,0.01920439537399417,0.5302247598810752,0.6155533114989885,0.09285041969257399,0.9237986580903268,0.7406617457062303
169,0.7926288428553167,0.7929524559001925,0.015803412702029365,0.6182060901769107,0.6294782420663145,0.09857683673176577,0.8949683026720159,0.7261981862123821
170,0.7554999188043715,0.7924039618330971,0.04084148493216655,0.6045847104578109,0.6246277791714471,0.14526958291184777,0.9022059600356436,0.7702667630090044
171,0.7727938112874064,0.7829260698990284,0.018276343768634143,0.6327604671595143,0.6354767870025878,0.13834812664653223,0.919917518438018,0.7227494449193086
172,0.7593152435694467,0.7902406104021401,0.03550855253504633,0.6385947665625655,0.5855388312035164,0.099878930266892,0.9047203011377295,0.7538082578608505
173,0.7538140441121751,0.7902104877903094,0.037799493745620645,0.5583387670126997,0.5880352563530502,0.10319128121357936,0.8615648443546478,0.7825827178389573
174,0.7321982013295643,0.7700877690120128,0.04378312212242983,0.607234925907085,0.5394456662277684,0.14370565439900593,0.8856569678133392,0.7935735200736966
175,0.7562712552363473,0.7835196993134547,0.02784648296698717,0.4975749174325394,0.5499685078015936,0.06284089555315353,0.9210006312766187,0.819233075982608
176,0.78283612589855,0.77498564065712,0.015621338921564658,0.5245908749545578,0.5219808950573014,0.037038117400810644,0.9160666286708388,0.7859159393414319
177,0.7563894731510914,0.7624529683217948,0.021657757023648454,0.5678255750422068,0.49735032420103203,0.12547490866988445,0.9003616796616509,0.7913270445088125
178,0.7396123390518387,0.7659511004865515,0.029399419010715196,0.3792549496171333,0.44278353938792203,0.14104761424241224,0.8805694356427883,0.7971687991779668
179,0.7160673433721345,0.756549949059239,0.041679134591715274,0.4174708866484529,0.3553769210401792,0.13095977310686674,0.8730870173277949,0.8022940664756637
180,0.6940549171944072,0.7274151920398678,0.03595922274773049,0.3197592679493736,0.2983336507202496,0.09881950897045705,0.8918474569468396,0.786728409202539
181,0.6618317836110426,0.7615230781305777,0.09992555804376671,0.09739619001951548,0.19828206033485604,0.10498812977506103,0.8997558378406876,0.7581374229706737
182,0.6596574194891323,0.7350716621202188,0.07614526072833813,0.19175141288979358,0.13044063844374387,0.2051199247925693,0.9228466816520187,0.7900201363533623
183,0.6212955249911201,0.7221118505272442,0.10143467854356089,0.10491692365577399,0.07295553844890083,0.03550966177282274,0.8763388318819311,0.7475274153236766
184,0.6357199299517584,0.7204951401659642,0.08686844705419906,0.06772534324620642,0.11179171424278464,0.11709713288204963,0.9012405262931424,0.8016419995575964
185,0.6368955504785426,0.683734374336743,0.04780227077983205,0.2395006310688208,0.2034394680643466,0.06052483097032671,0.9192694620461397,0.7866097798794345
186,0.6269877803636863,0.6732860569913245,0.04898678313779783,0.2888031214501499,0.29533558450309444,0.1519002325798606,0.9194911645794851,0.8057066809114947
187,0.5919196400420709,0.6759343937667106,0.0842430854066736,0.29592261624398974,0.4526636715810403,0.1605802364701725,0.9252219698957383,0.8011120063626991
188,0.5648863354482073,0.5923769918917071,0.02981486802815225,0.6195398232225523,0.6478211313760898,0.11070006499775238,0.8790691739216253,0.8112772092078296
189,0.5564121091214818,0.5877486086754231,0.03510209468876563,0.7566357195797003,0.8044001992207616,0.07083650389490236,0.885451757764683,0.7722375903742031
190,0.5340732445837832,0.5682593043439235,0.036620069563666396,0.8572725802296755,0.9907204929706449,0.15356260815078196,0.910435373755054,0.7739811485529539
191,0.5288370217575027,0.5493869163781729,0.021301685718638268,1.1803051676704979,1.2348632740675112,0.05700370636623804,0.8522610862223022,0.7789516786098221
192,0.5439928357749877,0.5469366877355495,0.01458112378880618,1.4063571936008232,1.4386940855024968,0.15134052875624326,0.8632977306871394,0.7606608015323647
193,0.5184170176643376,0.5626898519293049,0.04439059269704757,1.643512011860361,1.6431558643881192,0.018488967498622215,0.8983032469918552,0.775515928469687
194,0.5158554061502151,0.5319001586015057,0.016197439350180223,1.8725545719307106,1.9236639463211074,0.07634796899391755,0.8722014168070509,0.7384726085708985
195,0.5200239021725821,0.5171935918289207,0.016494605044435052,2.1573084416539294,2.2162467541483526,0.09817015872405611,0.8349432965491722,0.7445733099139151
196,0.5029376547803891,0.5264001562491948,0.039621594769033555,2.3258881207743083,2.4759615255163383,0.16685489622973343,0.8833508029866444,0.7172165903514877
197,0.5223514080605122,0.5169255824501001,0.01942484989911537,2.6156289596231983,2.6671425021377124,0.1608130235996156,0.8607946754749598,0.7230515396344861
198,0.4857813205976797,0.5129734569391088,0.0408776388047953,2.811969850680244,2.886924625000065,0.0816996921718819,0.785831336776169,0.6764511850123838
199,0.4863536333650489,0.5130866378816809,0.03405866846692456,3.041786267611009,3.112264793898279,0.07246545578939251,0.8610055339423659,0.6580973900760743
200,0.4621387236859242,0.5056209155532253,0.0607727055140904,3.214992593682339,3.351311545141532,0.1373438607193091,0.8400187747208325,0.6486675242402853
201,0.46342231275639145,0.485922836759349,0.025518300658891373,3.4882291143817894,3.592439595307661,0.23848220841580642,0.827245755392318,0.6090429073271323
202,0.459000793336118,0.4766795235232817,0.022453069517097322,3.675615124691712,3.8504869143637923,0.19431222189651587,0.8297829920273663,0.549888315905567
203,0.4598608833831409,0.4692916650636069,0.04217887668448832,3.7987452728668516,3.9454917979669863,0.19148615191746687,0.8617449620032382,0.5685912349734872
204,0.45172131893556283,0.45820937129757633,0.01941825960914807,3.9245876694875874,3.929923401492214,0.1340057482991642,0.854765199305105,0.6011893019019965
205,0.43325074635007743,0.4436678542603174,0.01503559593445978,3.8928694846127843,3.965039511995657,0.09155405461698854,0.7989811985109558,0.6240235532858207
206,0.45405355389901014,0.4899000917114548,0.05131873020990395,3.956637403521166,4.019099649445497,0.2744588979336174,0.8837089959688517,0.5943426750204651
207,0.4450783941116905,0.39266439111525325,0.054381405223901946,3.949898600328731,3.9134708283384385,0.15351402112218465,0.8368722228623622,0.6573018376402064
208,0.4429306334001095,0.41713193013559685,0.026150700645664462,3.9147479185941294,3.9166752649069365,0.1708825976190437,0.8426657747367041,0.6836143357209845
209,0.43959522745854623,0.4178572482823562,0.02361399249080527,3.9097754640635873,3.885967765199947,0.11652639419509678,0.852660284062624,0.7241161179296268
210,0.4543535484439307,0.4315064459247436,0.030890297430287077,3.869649056239001,3.75524417077448,0.13405098357278372,0.8743948922004005,0.7431152921024111
211,0.4591532720765949,0.4366554351628489,0.02808117152263769,3.5530608892870337,3.5613335606418617,0.170223400366703,0.7848687679700749,0.7502810114752363
212,0.4458731409178307,0.46531758295350295,0.020909801861960897,3.2261765380482905,3.2582161316733527,0.07396025564552965,0.8589041598891991,0.7393847431408247
213,0.43080409610220016,0.4998864038889521,0.07189448847754283,2.836360660659459,2.851801334387537,0.03726632301136158,0.8471649881477584,0.7660391666751593
214,0.4678209338405467,0.4665263966997941,0.01040514306953618,2.466967505810388,2.4670336589231936,0.09640301795294039,0.8405536303366355,0.8013971080926892
215,0.4578714659400293,0.49453697688034537,0.04000489472006663,2.172963504119185,2.1168752452838016,0.16756160382142707,0.793130148946529,0.756721206619446
216,0.46462348650752194,0.4768304032332682,0.018666542466654498,1.8941206484352158,1.8470744259419627,0.12202595633399102,0.7852112303264815,0.7774047100977095
217,0.47432435857232247,0.5080638833286734,0.03380467067462666,1.372596282199398,1.3599049969981891,0.22976202714671853,0.8333502441767664,0.8129234971814431
218,0.4623499248391887,0.5044706459333347,0.042334275458911864,0.8917124145072685,0.9326794981374914,0.06843386543569442,0.9221254659224762,0.7775190862451901
219,0.47970204361809243,0.5150292781077228,0.04444688134980556,0.812789959256257,0.7660815985283141,0.0984247085963742,0.8564668471220521,0.7875798635364034
220,0.49683531436485734,0.5418171826090183,0.04509087387684342,0.7172967274858554,0.6433049452688674,0.10769296433475359,0.8750754282977202,0.7935030311021306
221,0.5169397153161839,0.5660700183062107,0.05069776537980758,0.45581099060291236,0.5682621805548945,0.19844395534266904,0.8424362764235306,0.7643630290574299
222,0.5255537167901757,0.5309048091125229,0.00668493579007994,0.34583811907527856,0.3943031314396503,0.07983629718919022,0.916436494511025,0.7807442564158114
223,0.541544912065533,0.5852749270479567,0.046146600530222764,0.1659429781831583,0.1695012913461521,0.16570128511679832,0.9059906216716673,0.7941980640071802
224,0.535660285104249,0.5972768704208891,0.06352066282700308,0.2082006812360963,0.2628107910858285,0.10129215239085339,0.8610293456432165,0.8158866929499249
225,0.5820192068807138,0.5982317799868871,0.02578696657960692,0.37025634869549273,0.4549597190740713,0.09546174113959471,0.916468411522813,0.8008402564704259
226,0.5879726389486499,0.6032447415020942,0.024199295432215565,0.3634606157754324,0.36072281368025905,0.2961964600067126,0.9098929843466566,0.7790343118408504
227,0.5905128479295595,0.617755659954807,0.027610246651251717,0.33109580197518435,0.41011015939411205,0.08483539329377292,0.8543677744559695,0.7581023581502007
228,0.6176996975974018,0.6211340466838097,0.011867933678205551,0.392024627139225,0.45871080816624454,0.10615595292007728,0.9236521229286088,0.7335741194537573
229,0.6487196083313913,0.6342053696864276,0.018377032690508402,0.3410157094384289,0.3999874023912267,0.11594777872907007,0.9055700155325362,0.7321845861129335
230,0.64578298582823,0.672013819916807,0.029157775586761737,0.3828055044214935,0.4441807953304897,0.09590982289600046,0.9021699157485813,0.7657906064402453
231,0.6544156609303309,0.677517319548922,0.028652179507126545,0.3517151169641008,0.354606995821452,0.10800198508988322,0.8936915232343605,0.7660702256551737
232,0.6436334002426386,0.694475376903452,0.059512578898710235,0.35665158448206424,0.30962955849624224,0.1926371416074871,0.8684732876323078,0.7845588369624953
233,0.6353969601675798,0.7181996495651699,0.08385660889756703,0.3037284815494784,0.29543924521268755,0.08498488601426882,0.922209926698142,0.7601742637514965
234,0.6551152602616814,0.6794212922115866,0.0292222677996238,0.35195539407989795,0.405098800220519,0.15499344549061125,0.9171996859467224,0.7754787517507219
235,0.6535126629437672,0.7273507119564842,0.07385045570706368,0.3830121225525293,0.3790879338083023,0.1584662868215607,0.9040001021029022,0.7805618115159277
236,0.6698725991608876,0.7602192849416792,0.09256027899833949,0.31611248542970805,0.28601754278563385,0.16168765521221173,0.8712654139270528,0.7816881200782495
237,0.6853129430953557,0.7265961465080115,0.044337114765882875,0.35374625746279953,0.2889411446869136,0.09239095514552617,0.9231253588927927,0.7886405600145675
238,0.6912056889695268,0.7676341573475057,0.08029806053571255,0.4660439743203085,0.48149918086053517,0.19375237943584728,0.9257257035010774,0.791338761074739
239,0.7012788846283696,0.7775535088937816,0.07670596225573288,0.45572314651844925,0.38132385221113047,0.16095517040543414,0.9267101389428123,0.7827682627177417
240,0.7137515318863186,0.7511573499055991,0.038846167165601894,0.21876022551340304,0.2219841598394408,0.014550964006458259,0.9248230308583087,0.808612908093437
241,0.7321539782583986,0.7847098803006846,0.05271722443679396,0.4615977928140305,0.4163679998586119,0.07326733100031087,0.923591957361575,0.8202268561263073
242,0.7435808417297334,0.7839966990219224,0.04250413382380513,0.36925655571568655,0.37887136689681417,0.16389707927435893,0.9247565445406999,0.7957301757029893
243,0.7705029805915604,0.7958766014028059,0.03295929157374567,0.3656136588385222,0.2939472813485902,0.09971203856742358,0.9189978143484226,0.7800605506927258
244,0.7833022829318133,0.8231373997740736,0.04350173726317812,0.3615895620272956,0.25074908366534654,0.12371270185257538,0.880451291090964,0.7879083602851759
245,0.7743067522693893,0.8317116356968274,0.06297676332541093,0.35476730704316145,0.29159442677228203,0.2943807523823526,0.9235509890438258,0.7998767217012331
246,0.8089589358220016,0.8334657223513817,0.029737787092673315,0.22397240035170699,0.2050261182829463,0.17720018726479372,0.8829019214217029,0.7786579482857694
247,0.8068929961299327,0.8463631973533015,0.04584666420662011,0.15604775315326538,0.24076017665292654,0.18154090986353658,0.8582777505234029,0.8098923669252035
248,0.809605868109274,0.901923524417308,0.09463704472566771,0.29700484381661546,0.3020555745372758,0.12598192310432135,0.9190690971371883,0.7811368778139562
249,0.8058139204715106,0.8785091062789064,0.07394031845033501,0.028852143922145763,0.14021128445599723,0.12509359574925802,0.9132855708536957,0.7885290695223228
250,0.8408190538093026,0.8506872806376918,0.027736372295163594,0.22879989090062966,0.3277848686422056,0.12886641258336579,0.9063089388142692,0.7708527721578842
251,0.8013531101570947,0.8809343907668643,0.08128743155706272,0.34631808708685835,0.3626430925872907,0.05475810526473936,0.9208127531717658,0.8016669216618338
252,0.8054247800204468,0.8724816246186312,0.06897742241689875,0.24357006564017994,0.5088974948430534,0.3295204652579094,0.9234571086542025,0.7919865969789076
253,0.8407190112803091,0.9231321615809832,0.08949333391937038,0.2513023048774878,0.4314838363276237,0.25083452081559726,0.9186651855188895,0.7324881702426909
254,0.8536015564858163,0.9153861828012095,0.07356115955900508,0.05600081035291361,0.316986598333361,0.2872089398172343,0.8764093709443613,0.7489276823545632
255,0.8369950924296023,0.8776402372072878,0.05018559555529513,0.17125936393974964,0.16699423353987194,0.03355446276103993,0.8986353507897438,0.7964879429412967
256,0.8110897638317703,0.9094080897847503,0.10015183454309413,0.25096965387087333,0.2423407909768113,0.1825768560142171,0.895012356459181,0.764226050347304
257,0.8113609002678784,0.9016770459909312,0.09705739502497161,0.36498553249083177,0.38966429767074173,0.1481469947902886,0.8775771631100794,0.8129586365313364
258,0.8176072350506765,0.9034443439619931,0.09052365512045026,0.25457372948012885,0.40465808063790476,0.20363490987424818,0.8279779694336894,0.7932066045586534
259,0.8247086102519888,0.8951839988185136,0.07649420570828148,0.1817880748450017,0.09164335572603484,0.14029366333287938,0.7757739993714541,0.7658555857257288
260,0.81915916814826,0.8697818972921793,0.052672503764229585,0.15520036637596493,0.2715076628993973,0.16203493177161643,0.8677495608233745,0.7692261877015866
261,0.8284291957924678,0.886314035149315,0.059837827911124034,0.3925030315019728,0.3993955612414345,0.025138124973216214,0.8710238966442726,0.791012787690365
262,0.8238806354193954,0.8844010669917705,0.060633697216419355,0.1661968401332806,0.3483359375674644,0.21125793257767211,0.8786457486490366,0.789860239710551
263,0.8136009287883448,0.9025030568167411,0.09048500243412791,0.30572833269011673,0.40250876135218144,0.16457985063924274,0.79173802270238,0.7608524791836713
264,0.7928137204463888,0.9019405778967878,0.11003776231909322,0.8654636376570674,0.9088309220390834,0.08860857401089606,0.8162713788199897,0.7694101796934466
265,0.8258694530614644,0.8865410718106961,0.0676352029905699,0.4775902527900497,0.5542788062156465,0.1330420792450171,0.915931651405624,0.7555744864135734
266,0.8248627492143609,0.8938719159360092,0.07130933957745943,0.4573488634307546,0.5274355915988836,0.0749565187516171,0.8557169017085813,0.7388457744995305
267,0.8318713421917692,0.876623105797673,0.04793576539265854,0.9524684973875863,1.2076745641350388,0.3350744216966134,0.7986177833257894,0.7633686922455323
268,0.8219164990491653,0.9015926967731541,0.08679082104731534,0.6591982634539277,0.8813486295081342,0.23764955589910103,0.8076811106210139,0.7552136133237469
269,0.808298919586348,0.8619249916109262,0.0597339680056692,0.36216285857291136,0.37825314187563447,0.2991840475694803,0.9193560195010746,0.7314344164915325
270,0.8080290314129591,0.8629747269446153,0.05955520458045816,0.7518941412293001,0.9761959223106793,0.23336631526097137,0.8120545106828546,0.7758927268803092
271,0.8051724745845532,0.8468852335896165,0.046725109776139376,0.45147325002633476,0.4632354857051659,0.2422894278431393,0.7453401795587178,0.7596528191555338
272,0.8129516394509485,0.8535395427161575,0.043757989063066834,0.16007285202415034,0.2958287840732719,0.1395857874387752,0.774442095391781,0.7897051430782032
273,0.8032435290044001,0.8696411053218011,0.06954996393090311,0.25682698336810217,0.15821357413910794,0.21344193652058743,0.8593315104091059,0.7682434419952161
274,0.8033860767931623,0.8429085233828965,0.04013598453270966,0.2583472629870185,0.2310344563764843,0.10266898842657726,0.851561435557517,0.7472726588334474
275,0.815738629995502,0.8234009109900847,0.015712949277636782,0.21241193142249593,0.315336825804319,0.14383918303468282,0.8781040290042249,0.7715534092189495
276,0.7773649640803864,0.8345368400529342,0.058121573191282576,0.20356992136873234,0.3109102808144986,0.12363258342377305,0.924657111325909,0.7648907328208029
277,0.7587741207976485,0.842651047350483,0.08405717308619884,0.3547687488642043,0.3436102137828657,0.09489701106533333,0.9026267140007518,0.7910752457165431
278,0.7910955884988289,0.8374248196834161,0.04689790221321162,0.19068743008655678,0.1751981922820184,0.10241155506416844,0.9120322692189284,0.7860283028273308
279,0.7880967425421376,0.8477991733885594,0.06346534071037666,0.21536694870259548,0.2898671854871067,0.1890956297187872,0.9245603054086238,0.7316488303013383
280,0.7734037060800741,0.8402533013115243,0.06876660704573136,0.2508488750366876,0.10433122900907027,0.15284446414568895,0.8669172236622027,0.756571908135154
281,0.7662287991332813,0.8419948731021467,0.07599971696155033,0.27889967477793076,0.2511055451171971,0.06407973902170234,0.8939238529960238,0.7600815964307256
282,0.7823914825867144,0.831904212223828,0.04971592665546162,0.4636249560529289,0.4512549834893155,0.15826908700331305,0.9019751338310347,0.7376054527578912
283,0.7792654390325454,0.8243992680065115,0.04611284266072686,0.44482030151256413,0.4081716800743147,0.18677782458293637,0.8667144293109131,0.7188796465214735
284,0.806391244704925,0.8223027436894397,0.01709349257960703,0.5035338091028203,0.4680317932924162,0.1366131704788556,0.8720153913454303,0.7387392235960704
285,0.8053668567700845,0.8352846839968273,0.03141474996467674,0.5311989942942236,0.5937010155850359,0.09417732920485078,0.8951683689369487,0.7737589832379365
286,0.8084650627252316,0.8308457032214459,0.027330933557509905,0.6401731769061618,0.5890755251225185,0.13961799902618852,0.8121076794822126,0.758101353839074
287,0.8134609313777188,0.8377503103765972,0.030469602490091747,0.2999356155426124,0.4895112376518965,0.2878432314603407,0.8856926708311558,0.7442145146164271
288,0.8457591603382507,0.8247018965496088,0.031039382026375417,0.44012839691707134,0.39887757600791407,0.15273187087725068,0.9174019188442972,0.7547295497901342
289,0.8394938807901374,0.8232552060871247,0.02394199451577722,0.7287667469704141,0.7294145227766645,0.2875466229492867,0.8217247337905453,0.7389102877576925
290,0.8149765672821521,0.8266958168830594,0.019827067563363762,0.5477195425603886,0.5508860274153565,0.07718117738091165,0.8545318590615414,0.7007398053941407
291,0.8048831876995243,0.8391824319576365,0.05092206154096655,0.5354253137649655,0.37073564296922495,0.25135409243049206,0.8541182056466698,0.73282314218598
292,0.7816983694176566,0.8322899669674112,0.05197774815609228,0.5790594034066758,0.6325656352789795,0.08688777857780351,0.8542346603836031,0.7506616175600059
293,0.7794165160366082,0.8429127440226141,0.06376263970424391,0.5034019715985548,0.5541671282313425,0.2194447403662036,0.7897438546508764,0.7890852899397646
294,0.754826653504769,0.8311810826337255,0.07650454315979421,0.6262508588387237,0.673867839885563,0.09548307637661298,0.8172788531103251,0.703749394920727
295,0.7917517231560866,0.8529724542490004,0.06361882241143951,0.5511168962477482,0.48414968204734277,0.10543956476933519,0.8414151048006557,0.7202032617367945
296,0.8057340710917426,0.8482621463531507,0.046989566656883655,0.5192229398194037,0.49256718125542265,0.045634691730581496,0.8496681749629932,0.7242462927267128
297,0.7982389927777067,0.8385048794201965,0.04336213834776466,0.6121821732251778,0.643982816905153,0.19468029103492537,0.8371756137419719,0.7335953387557568
298,0.8083077688239952,0.866822807814613,0.060842339324530696,0.5505952663339774,0.6298755009620056,0.3020441683761015,0.8092512792167474,0.6778740948780599
299,0.8089344369254945,0.8473174234704303,0.03883589684048564,0.514535558614734,0.4702813268032443,0.06943855417852547,0.7759884718639383,0.7154327406914485
300,0.7708971534255538,0.8505122713250621,0.0796180992842687,0.370202985537949,0.3775329532573965,0.059334250522019245,0.8113095460543475,0.7234775994066347
301,0.7999599375400639,0.8600372711763603,0.06260468055548424,0.21918081537385078,0.24721924956061764,0.04502560315164489,0.8470745049910016,0.703889613483825
302,0.7965814960731531,0.8688467495944191,0.07429394077075013,0.33323323950639705,0.4926431047041211,0.23919968651274678,0.7847891148511652,0.7215380814537532
303,0.7896847522458038,0.8537869638605571,0.06415647784733935,0.38629449807763605,0.5273487331141765,0.15703868288282954,0.8121378467112473,0.733202795660669
304,0.8434889155140918,0.8464792588508797,0.015383451374889457,0.30780581892369496,0.21597776114200548,0.10699912875100931,0.8398377544871312,0.745878872565539
305,0.8136940226060171,0.843536029526398,0.03848115610024654,0.40149309386958626,0.4197314257165793,0.08454320608035894,0.8141255235018111,0.7012130770397575
306,0.8206325626246558,0.8608181717450835,0.04637787313827967,0.485266630008775,0.600666782178723,0.16630262030398665,0.8614928292568269,0.7135288552885858
307,0.8412603303542517,0.8697452859495279,0.03479856528748953,0.41803443897893267,0.4601168294029565,0.0691266436391963,0.8024018728242415,0.7226964635437264
308,0.808627870744043,0.8445967335358477,0.04685293293515885,0.45783810453363644,0.39898000301549985,0.07692450249754992,0.7768143573130449,0.7257079790167297
309,0.7817459091220977,0.8407673875669501,0.06569052123704022,0.7369495334066702,0.9485172339885491,0.25934065229980385,0.7485865728295491,0.6911650052160994
310,0.8200704621717737,0.8658669660686508,0.05267007243868095,0.5257542599429368,0.537563142149654,0.06521275402497512,0.8153953387088528,0.721680216566502
311,0.8060980925222807,0.8431878466993572,0.0396504858006638,0.47955042581936674,0.4409205352629671,0.13953947843818978,0.9076664099013354,0.7173025265925257
312,0.7981363234641926,0.8728918011978899,0.08108396395276248,0.6371962256323546,0.5470711560585401,0.12253168915363423,0.8724280241012381,0.708399872583746
313,0.8266220270766408,0.8550709236512276,0.03858934469602025,0.564593233203122,0.5511209061225505,0.14632411178016613,0.8592203391131623,0.7312557359743165
314,0.835546942394377,0.8426971411293182,0.02364725972258928,0.4824103240589036,0.6362285777834805,0.24735961414660923,0.9231693787721452,0.7268287764540031
315,0.8124843429587324,0.8471433609511515,0.03596900929657616,0.4942472895780635,0.4515083658879152,0.23407150840897034,0.9042337000809818,0.7179585002997562
316,0.8225305270957167,0.8541078662673991,0.03574670546074986,0.6015919795821192,0.5788756260296277,0.12372831229718274,0.8915335500708954,0.7087458161272107
317,0.7983138668282891,0.8577180583785875,0.06377783084097108,0.699165580472262,0.8723457665706866,0.3234601136901414,0.8726980988030419,0.711390661728378
318,0.8291445250037527,0.8575345234278586,0.03151572641804408,0.626547358310306,0.7165922714875351,0.18257529365838418,0.9190412278285512,0.6934256164546244
319,0.8454944185192408,0.8708534040849887,0.028537429749853484,0.6851076151868765,0.5833045030757358,0.11712997079329651,0.8517166101056551,0.7202441020971846
320,0.8447619958932427,0.8793392741237488,0.03508382264700476,0.8339325977548262,0.9907827734059803,0.1805040712034903,0.8337534808539891,0.7009067424581906
321,0.8222123821562932,0.8224534953879526,0.004644179797987806,0.5875139371268554,0.5692088035177386,0.04003265171679392,0.8929202186336282,0.6276348471111491
322,0.7975422300999466,0.8747549928268096,0.08041888956428622,0.2640729599705231,0.2577308469090985,0.20281127871961926,0.8639747215730076,0.654396639034296
323,0.7963012344577316,0.8684826970409942,0.07504858714504202,0.4879594440346609,0.6480111410071854,0.17446163514099855,0.9190788865646544,0.7068887957210861
324,0.8085874110683127,0.8673050887905791,0.058913839573832644,0.6661860449930761,0.8530952951940546,0.2261507193263247,0.8920209841595622,0.6934951036115046
325,0.8250780312306244,0.8702453784376443,0.0527452697425061,0.26158416401698265,0.22317661887830195,0.08192709656546389,0.8840121366485074,0.7163202632601824
326,0.8415235847102027,0.851325931785937,0.012160021273207202,0.3542039179629282,0.41855946885184675,0.1277947322736401,0.8888567196688568,0.7529051113924277
327,0.8469456018407288,0.9059076006749475,0.06578289823875204,0.4091520121151262,0.48251771188355935,0.09513055378253228,0.9126000419652839,0.701528486755725
328,0.8555118936910083,0.8707606823750166,0.03201347181990881,0.471254807571448,0.3572543139776149,0.23487135969961445,0.8062005832868012,0.7234154730721949
329,0.8500276814669642,0.8842724738644967,0.04177737844289954,0.35797603595979033,0.09625030808599308,0.33570748224347985,0.6611227557460633,0.7208244201113593
330,0.8399267739345675,0.8763123101848158,0.037744415284626825,0.5511805399030782,0.5589868417379688,0.09191711352900822,0.91456323829883,0.735597949585123
331,0.7849227767950694,0.878084840062273,0.09680189560694008,0.66933530528406,0.867994269087159,0.37227917891935747,0.8671264208215627,0.7385616333599526
332,0.8120257296427059,0.8705956139662817,0.06025612725656878,0.25110747304095765,0.627138747515261,0.4145865894799742,0.8751262512671816,0.7270141754606794
333,0.7873535544273951,0.8733798217095154,0.08636977979022321,0.3597934731540036,0.3201300505277283,0.06222896712724992,0.8907178229548466,0.717713407354895
334,0.8181939362367268,0.8630143826932598,0.04681239619644409,0.48441120102813634,0.7041175123421415,0.22085791806248725,0.8978773798265688,0.7034508274840465
335,0.7933639575623254,0.8608533405061987,0.06788834196246171,0.19005227987016377,0.22827413359664026,0.11003289288055361,0.8966311352548832,0.7134537130357554
336,0.7899149803704957,0.8590961721487081,0.07005154505185743,0.16597434135898,0.24414213214932648,0.08082994566930378,0.9080798345647948,0.687105719233732
337,0.7801461160610458,0.8463181984256817,0.06641871972282296,0.2076033843465236,0.36556596721475954,0.16747167878417366,0.9270065727603825,0.7148029564721126
338,0.7733139031197236,0.8432895846156354,0.07042086040845426,0.323241233995232,0.3264145369503524,0.04682138112872649,0.8855616556772982,0.6663462141096443
339,0.7924306558257218,0.8608790627481681,0.07009646927497759,0.15269408162057174,0.23748078556012742,0.0857214760825582,0.9055351033533295,0.6662465383479401
340,0.7971303815199218,0.8303374221753842,0.03345010669605432,0.4041147593661461,0.31243915506487496,0.20625350005380647,0.8621868846063403,0.6047997270606995
341,0.8154743778525185,0.8676672296566561,0.05403939479036717,0.3076613676991851,0.25171688927517616,0.08102072468793522,0.8706750122288389,0.6159015966126035
342,0.803527000963967,0.7917434005465662,0.032472432531779304,0.11602994921835418,0.16308749599915962,0.07025311810570657,0.7872400838109819,0.6684610831987178
343,0.8222257676035027,0.8820448901629857,0.06753492571205694,0.17986115260135593,0.24264772159431516,0.1315545446370378,0.8928485583888618,0.6378246680665915
344,0.7833416180676823,0.853474108033125,0.07223861216030886,0.3700757924536706,0.35426235690131586,0.027284265039789885,0.8407657829272638,0.6769903762428384
345,0.7901552513839211,0.8674184476956347,0.0901783483851282,0.34236613576292585,0.10437411491557867,0.24836087417537056,0.8960854308131433,0.6866030895987494
346,0.8286295326892346,0.826478376999566,0.010466423169565415,0.5504625698661703,0.5635143071584626,0.06674283050792214,0.8151934775238581,0.6955602265639106
347,0.8690662120015469,0.800955798742617,0.07230578967362918,0.5729255324676537,0.5454167716353655,0.33855046894262675,0.8411502807705487,0.6882228223968064
348,0.7938845620449445,0.7837139832262943,0.025835363866921986,0.4080613121805728,0.3036892092457104,0.16252967280000097,0.7751260727305104,0.6607711152073468
349,0.7753312967419962,0.7702331251477296,0.010138552403374548,0.3597802654433244,0.378061493436317,0.15897924453750414,0.9055795109715394,0.6645303626118101
350,0.7358730229909212,0.7388276577816696,0.016079604076068142,0.3349123561941992,0.3274303064700523,0.11838112262071956,0.9203445280925936,0.6798950023581716
351,0.7100687354507449,0.7601122696011117,0.05512589497413348,0.32621399713962845,0.3234187671888574,0.2359261855989921,0.8592019382755959,0.6755547081779341
352,0.7167137013803936,0.7381455014820347,0.03866861348613507,0.2934882128299672,0.23781944137993422,0.0664322207377426,0.8511892098700028,0.712742058210454
353,0.6886917859506563,0.7236560229663426,0.05203177973291088,0.2833411093652596,0.37004748335572407,0.10299541315328024,0.8482221980477336,0.7611199254263084
354,0.663996748021563,0.6951928837956092,0.042449208237671086,0.3191256321106975,0.29510985957996994,0.07999049613179021,0.8523421459514504,0.7960329213847469
355,0.6690807222781586,0.6916781548990716,0.023756291130432552,0.435755083319267,0.41504509708340787,0.14586310292527704,0.8949580695265349,0.7807363076192405
356,0.6760355424925334,0.6905681424847382,0.029358030631707954,0.5753363498521672,0.7021208920895974,0.13262331536384947,0.827702192102639,0.765434489575213
357,0.6573134636521982,0.6788799303266788,0.02374922348408254,0.391498238493147,0.5770534683173735,0.2516061099526451,0.9237383426431202,0.7598253533961072
358,0.6762382903385435,0.6839336398628696,0.02445526154358733,0.48253286980233095,0.38238756033718513,0.10536033947109616,0.8753496004552641,0.8049250658737238
359,0.6217396662139085,0.7133772030054141,0.1009531077727285,0.5590023943108422,0.6379802555221913,0.1008253227595703,0.9024371533549596,0.7779746427259973
360,0.6501349379702681,0.6760978181079477,0.026350043615470213,0.6451828583225007,0.6644653549292715,0.1447200265212882,0.8632636356755654,0.7999375389576202
361,0.6287531774923457,0.681247078635744,0.05545998333445547,0.6203554340304487,0.5411755921188783,0.16281357225241766,0.7926738522432616,0.7791539413326188
362,0.667391143584552,0.6309494519685342,0.04178027942368952,0.4749605826688427,0.43292972508067823,0.17818065567473115,0.8584676127715893,0.7272901346832638
363,0.6232052034589314,0.6864583294738638,0.06560648460177967,0.45057822258971975,0.5030962861471925,0.15476593181548837,0.8356196030829417,0.7848689124200259
364,0.6418874265401421,0.6760041620727191,0.03980269410932158,0.6007815212880449,0.6751754278800998,0.19235346913264695,0.8345845536528597,0.7825938818840815
365,0.6444361655395735,0.671949926305304,0.04005234036149085,0.375542919620579,0.4442605030683351,0.104088642260249,0.8500168486994233,0.7774450332377548
366,0.6097624335812505,0.6522040425536522,0.047529683458070536,0.20349499904369836,0.20768190269983391,0.08659265814942059,0.8252673624620663,0.7515665971139587
367,0.6353245971923476,0.6879753804392494,0.05393944749897544,0.2076848568371201,0.2639688855178057,0.11388189344084869,0.8610671543700353,0.7750669006076228
368,0.6398982706836972,0.6599208816900874,0.023517013409386393,0.07924363720990998,0.12091459228845314,0.0652585798131895,0.8574860349552765,0.7594011523704779
369,0.666133831448763,0.6714259584359367,0.013524020864704226,0.24817590589572625,0.15534120519518294,0.14783108364889833,0.7787781001633785,0.7581915338096495
370,0.648802101736707,0.6777555242303641,0.0367615328654348,0.17877074433977305,0.15496868651087148,0.10291587579169416,0.8685505353493405,0.7617719569023431
371,0.6182683083667035,0.656609056484184,0.041728539101083074,0.535259978337111,0.5000650737038099,0.10461446265882066,0.8213764841804747,0.7730446586826261
372,0.6063893082409284,0.6777964585813903,0.0748710672850708,0.5211006768667259,0.5960438369494708,0.12419783149423497,0.8109923143763653,0.7647786125384659
373,0.6013743108314868,0.6745702087841428,0.08115466578945874,0.41462794411551646,0.5030019163612015,0.18727504545793097,0.7269342319752843,0.7302276435616729
374,0.6395911929531992,0.6902719337214636,0.05148897487044871,0.6062475188755672,0.4731264213355565,0.18948490369543397,0.8027845267658777,0.7386623202848462
375,0.6238433506968483,0.6539776510184216,0.03685165538922387,0.5383535628399688,0.41540572949352333,0.1661659905043719,0.7906937988340275,0.779874334901795
376,0.6397486443285081,0.7108408593613791,0.07732265582063168,0.7930845818677461,0.8359544327597159,0.18886350357334872,0.7806753705210495,0.7552685428420824
377,0.6315644082914108,0.6781645263212484,0.04826769092226802,0.8485938219869066,0.8865445015865898,0.06777324365236953,0.7359061326162282,0.7418555951196939
378,0.6528569568787721,0.7132336251543897,0.06397073590665003,0.6904034994192375,0.6821453246246032,0.177422021015877,0.8348615879735937,0.7485401994340161
379,0.6371627303033618,0.7160510007337664,0.08428993317744968,0.27645870200328465,0.22936449758709268,0.2618275241480089,0.7833798299846458,0.7845467570553241
380,0.6112384795439121,0.7095252680177604,0.1039748262862426,0.4647194339961271,0.4363357629838851,0.10088486856088304,0.8758926599786808,0.7494838093790255
381,0.6375996084634147,0.7057893947498017,0.06822673700565168,0.5665665249407835,0.5704864047079884,0.0780913048578499,0.7568040441097008,0.7892344019111247
382,0.6347963495432999,0.690403669499258,0.06090827996008725,0.4068085065728991,0.5044676827629058,0.1372226237838932,0.822457514654561,0.7916298566727474
383,0.6622362405741649,0.7081317766759866,0.05011834443822116,0.398591843367022,0.5571953735137534,0.19767007554062446,0.7009553965269903,0.7867119595364782
384,0.6599217458168618,0.7089131931041207,0.050834648675660545,0.5197995470133905,0.520846152027868,0.10263829289187902,0.8449575104512199,0.7649029207989472
385,0.6374162988105851,0.7053457792911777,0.06960157070377349,0.1770365410765186,0.27196781355887073,0.11182302176605037,0.8002111799298219,0.7703310766644785
386,0.6569536331555458,0.7158620637405868,0.059448308457352154,0.1659529641737397,0.1946326199322345,0.10719035724679665,0.7617404662318712,0.7543515144027346
387,0.6682131828972994,0.7114002635345456,0.04354400172809237,0.279410299950153,0.4309811108185575,0.1578331863957297,0.8186916591873904,0.764238835525604
388,0.6780034846215639,0.7034814143890129,0.03085403877327444,0.28241596654581475,0.48016212181797524,0.2002597316320381,0.7648756018153773,0.726228197818718
389,0.6607897949635949,0.731953721998903,0.07324051727859944,0.24356642164105882,0.20999437300545723,0.05420409687610407,0.8354562468123355,0.7551726197349362
390,0.6752270399873571,0.7050492892091661,0.03202530661690887,0.3091916181273134,0.2590717090648601,0.11072680769090654,0.7214429062506176,0.7549863705268355
391,0.6422892875978902,0.7283339011196881,0.09043301852906584,0.14881283448200106,0.18504014702193042,0.20779908268960506,0.8634909327303543,0.7577952619231209
392,0.6272030856152017,0.7015765330496588,0.07528489621298227,0.2352797755649595,0.16855372264413235,0.08436439922537915,0.8607928018805306,0.7182536440296771
393,0.6348284065872348,0.68971144640517,0.0560508362210136,0.47012233848957435,0.4697718050811869,0.17441699147406206,0.8340231674379077,0.6865272840870151
394,0.6508573101005968,0.6980403403095945,0.050639428587191275,0.48102618394027163,0.5405875049630224,0.1322990458844816,0.8559427255654868,0.7276482099183935
395,0.643775974412045,0.6973180104159233,0.05396751878862389,0.33001876004624325,0.3099308267562257,0.10197736501156106,0.8187861372902492,0.7775910929519126
396,0.6607060895679318,0.699018766131701,0.0388895184215144,0.10144442250612441,0.21731968703226445,0.1685528430274766,0.8204613219692504,0.8060527811715634
397,0.6535955927601957,0.7117277210364531,0.05901338260574802,0.32667761660296624,0.37466154121602085,0.0984740979062431,0.7684969050058096,0.8085276993828168
398,0.6290200243741478,0.657325720231402,0.028949544951189204,0.29843440672338406,0.49199445205890036,0.20687041418087526,0.8263909220208341,0.8069212013335512
399,0.5713241556794294,0.6433562132222094,0.07351187731979555,0.23439617248902378,0.273932590971834,0.08317787147883181,0.7981010702451138,0.835792927614448
400,0.5997829392183232,0.6296209109845101,0.03037281172127179,0.2081448631770323,0.19954771851014422,0.15545712005862242,0.8053092024403194,0.8023338354624789
401,0.5965627331530032,0.6308156773852903,0.04345864081150281,0.20848064585646467,0.2540777681031217,0.07253483273069741,0.8179748570555959,0.8054474901573798
402,0.5504488511615024,0.5775003068870304,0.033080610317760696,0.3578443129354842,0.47436351085751177,0.14436601938563917,0.8317560631688166,0.7973304536711904
403,0.5323899524661577,0.6005278740696415,0.07050811010761585,0.5586516609973747,0.5404479938126128,0.034589272147250515,0.8497667734637407,0.8114930745160058
404,0.5234208516339324,0.5664925331434268,0.04417727181219265,0.6637738364718693,0.6578283907896371,0.0653733102655274,0.78559458613165,0.8159778445673063
405,0.5102028790963729,0.5394705623291192,0.029440617129737452,0.748123838776598,0.8424099536013347,0.15369876900415605,0.8038335566544677,0.8126410255621314
406,0.5028312665571133,0.5606606267048077,0.0630878809664406,1.1004251429183818,1.0744633944563164,0.11598928098830641,0.8389194178711549,0.8107658551792827
407,0.44733651623300424,0.5164884315710294,0.06970385672173851,1.234580694909874,1.289427665765193,0.1264509095334681,0.8085319505430661,0.8179611195084127
408,0.4889307500686,0.5273244275504531,0.040194165083744196,1.4106293153642708,1.4251230846305503,0.08575642434577245,0.8741466798988747,0.8020784060404871
409,0.48099312417522944,0.4766101477174525,0.02068241212197049,1.6261394516117489,1.6503407127767793,0.034184547974936155,0.8230428371166983,0.8043014088307013
410,0.47830547451969857,0.49556899622718414,0.019802362401503435,1.841433084956466,1.8765794678782366,0.09263888290791594,0.8834795350331823,0.7941971882815001
411,0.4754374087855106,0.48885688194958576,0.017401082067137787,2.0908887767816142,2.107467097790627,0.09708800639897733,0.8003742748027647,0.8096207296914739
412,0.431942691734457,0.4847143936012226,0.053706576391044446,2.287529307372833,2.3667966434649714,0.09346471718227982,0.7872634309581287,0.7920532407413076
413,0.44600636190210785,0.47136865753518953,0.026462987014389334,2.5487103054830444,2.5832633522101696,0.1357645603360224,0.7714942786130313,0.7583413151238781
414,0.4384203955097754,0.46168733555389213,0.023505490764658157,2.6343121103686653,2.746859888495259,0.15420594022721382,0.7900003799349297,0.7977620008528087
415,0.4586744880035676,0.4432571474980328,0.01869067734805855,2.9357651508099987,2.945700464800239,0.051301778260522145,0.8628480616792098,0.7668866126493217
416,0.41619519357936346,0.4195157416128613,0.034023412917101606,3.097143075361884,3.13138381858587,0.09505150143247075,0.8167350176010526,0.8004205090311834
417,0.4028587895584386,0.42650589424529145,0.025056164626464743,3.1857157883261733,3.264743158775514,0.23436340450175455,0.8157706269731716,0.7316855412273873
418,0.3922986053731417,0.4193558698926943,0.03551889422210374,3.35070810687564,3.3559804281700827,0.0064002223325124235,0.7386663062027986,0.7633103578739933
419,0.4046065055531074,0.41898244249880184,0.03413110550791907,3.3853974661459905,3.42605119877113,0.10998881777957373,0.7520932215100012,0.7922375195228273
420,0.3903584439507547,0.4272887659800899,0.05608067933944527,3.3878080231654715,3.4503233814954104,0.08931567189283085,0.7315661838288707,0.6995403610472524
421,0.383669326795996,0.4258341500248382,0.048166562292977104,3.4378537311338313,3.4172143235493233,0.1751204224564017,0.7621658738677488,0.7017741845756312
422,0.39432796208995957,0.4353874468014541,0.044484424772188745,3.310480145650618,3.3552918671185017,0.1485380463913492,0.6766767110016989,0.7778538303995832
423,0.3768792602606555,0.40875364946734805,0.0322756286394693,3.3024827425592167,3.253859465404893,0.07127889435619271,0.7693995054793181,0.8164082545630212
424,0.36202061663449825,0.3829470262020882,0.04626674144687013,3.21348352399088,3.1942454203128916,0.1455371941014104,0.7960945750469614,0.8010005916541505
425,0.35958760181470734,0.3468335573835942,0.01952378150552703,3.1962161694908917,3.241205052123167,0.10003786514496932,0.6770204921084235,0.8297956705166959
426,0.39776102276557385,0.3578453254664472,0.04130675414027568,3.3732580775595378,3.309192781712273,0.13480397494577032,0.7065927067807541,0.8342941109089368
427,0.3705297070721378,0.3368652171430163,0.043335966529391666,3.3533787053740447,3.334843427161323,0.12251289420115082,0.7618719782924379,0.8300449957459883
428,0.38655942639687246,0.33261007405271736,0.057460994117228964,3.3870686361775557,3.356205966675816,0.23159318004144158,0.748829072569291,0.8199045887354158
429,0.3675771976162929,0.4027060646699244,0.04131530828926512,3.2497274925987423,3.314405095542137,0.14194956596125521,0.7152125464735382,0.8042209497462715
430,0.3927157839032899,0.4046056373283888,0.012350321348526103,3.2125324472558128,3.0702649486678726,0.1499817802376385,0.6837702443263655,0.7441403514900822
431,0.3963863818402986,0.44909072614456175,0.05363306667106105,2.913121068265963,2.936303530673807,0.04213524073979921,0.7449438518636657,0.7865957068826452
432,0.4023195901507905,0.48310769023792877,0.08091681960777648,2.8289279518276866,2.7638651711690105,0.11355863456643861,0.8198012740424618,0.7282199808286142
433,0.42371877572601535,0.4333341693675722,0.0501625521757753,2.541819878855653,2.4953899390909204,0.06417459778459365,0.7374760517193516,0.7394780335867478
434,0.4474510496440963,0.5291223433833714,0.09129656793770696,2.375724383835641,2.370805395744065,0.05052737962412261,0.8109174708690172,0.7017843735469712
435,0.4422427562438134,0.5419729103182682,0.10057663953353314,2.0920761342977605,2.060809682132029,0.07771723578751721,0.7898731079438228,0.7012698816130527
436,0.4730545270545507,0.528257904626818,0.05610912327454924,1.820266624923272,1.7062902771743196,0.1623164616325876,0.7638004350883524,0.666023319094003
437,0.5073398818056726,0.5258514802878657,0.02022696941178017,1.5372013817266188,1.465479081308899,0.10879920967223353,0.7931412549313146,0.6599050172563099
438,0.4626145493910537,0.5373108741559772,0.07531891168043965,1.2873434886407615,1.3004789721819716,0.05771212400862702,0.7806127509243885,0.6629556655452372
439,0.5057786269018462,0.5730848886262955,0.07259914620427435,1.2025823248101917,1.0811629178509294,0.1560384450882843,0.8384599930460459,0.6478610857067681
440,0.5270424744528619,0.5703554417118261,0.047253059518898896,0.7734093731218816,0.8892063788460375,0.17571188652260814,0.8390775347369949,0.6572995930745842
441,0.5720623562330156,0.5823256096162326,0.017818868535654536,0.6509218865237651,0.5832105604698293,0.09476232509542107,0.8203618167158698,0.7021663198773043
442,0.6066813363558855,0.5987515400396667,0.01376718099575388,0.42062642936797895,0.36453018814034166,0.05650766354218003,0.8286756987722732,0.7374212571188414
443,0.5594037470601397,0.609303114274585,0.050585634475756085,0.21949895866182562,0.21146637952291417,0.03644698382676667,0.8345470984481662,0.76831712529009
444,0.6224209433249515,0.6407896740068769,0.020713274544596108,0.21280354087075778,0.1248471548164254,0.135631941130556,0.8653324584876613,0.7516969780039069
445,0.6321208632569258,0.6588826107261541,0.027563460153355982,0.14680143829934478,0.06766042668483992,0.08310279080939266,0.8716404321330469,0.75422669268657
446,0.6429762188923059,0.6758158611675312,0.03401417085387719,0.06855908963861365,0.024735415990540976,0.05800155242581013,0.886731762564038,0.6948252290889726
447,0.6771187528627751,0.6895259599832986,0.014982936616742564,0.02750028499829869,0.06640874431583217,0.0909208096275146,0.7643857702045328,0.7304898577265251
448,0.671428002822473,0.7658323458159139,0.09819352019936539,0.13188470718888842,0.1523433249293316,0.15313794987315485,0.8771871150640781,0.7350823145086693
449,0.690834345785477,0.7664667904095672,0.07594319384831624,0.12681541946991096,0.19554853577376038,0.16801259044252456,0.8837790057191677,0.7235958855684779
450,0.7472223133430945,0.7513204242232814,0.016569156890701014,0.14945193513388186,0.10905574895863128,0.13983257419982106,0.8386405710756696,0.7544601584407277
451,0.7228001708943219,0.7610383301790241,0.04685898808525627,0.11676837912437336,0.08993822689033744,0.0470332642932716,0.8776191619508038,0.7420941584113181
452,0.7561180208972482,0.808741195784456,0.053493907639380875,0.09489946579150847,0.07584547347094853,0.11827099391075507,0.8024270539632015,0.7674519959601089
453,0.7844448595740117,0.8728115640516176,0.09119631040441892,0.16227197204085034,0.09330006585323879,0.12158201207281562,0.8482264096971495,0.7450417604586257
454,0.8233647434333031,0.9038999793416157,0.08137596767832772,0.2915532153285115,0.1206475333852184,0.1813962638900261,0.837100598998389,0.7468668053330714
455,0.841049095887017,0.8826634727834504,0.042665545017377314,0.08117648701051541,0.15938962337677437,0.1280132046423624,0.8864281069236063,0.7613926172013147
456,0.8344008016000689,1.0068989100768135,0.19080837074590895,0.10857958032880745,0.02963422704034564,0.11054685103690301,0.8175731734602276,0.7387036450429488
457,0.8272159498251942,0.9612567931879897,0.1420731731919791,0.1600517629639488,0.14410838334350767,0.10908781439906176,0.8877737329161729,0.7097769439198301
458,0.8449208877179163,1.0303280832398702,0.20413412477552767,0.2602044376719554,0.2336352390264266,0.07954718068214353,0.8168679714165189,0.7203945191100369
459,0.8247024402917946,0.9526741436335219,0.13175027777397294,0.2782988873368057,0.2607050537318442,0.03782937435214737,0.8220798512094079,0.6807927695346421
460,0.8230483351042155,0.9609013380780649,0.14524778017694204,0.1986248087519125,0.06809349375241498,0.13969076423080068,0.8839314315288149,0.6376083918076791
461,0.8276560622155722,0.9972632035098961,0.18103564187979543,0.15836548760115807,0.18283320136874578,0.04452615609383755,0.7823378906905136,0.6479277777549449
462,0.8547587231087009,0.9691728908469128,0.11978546498628337,0.32306561887053525,0.29674884205851715,0.11785414876793755,0.7726881497086222,0.6745015683681997
463,0.8789968657666524,0.9107886556067205,0.033336135904787526,0.22476450620599425,0.15315417334708598,0.10322397792468467,0.8393427398339706,0.6899168270469145
464,0.8572973574119706,0.9871721544423953,0.13886018887137505,0.2595931768284188,0.38138496770500674,0.15388314655811647,0.8217095583332577,0.7094576537792868
465,0.8696185700197162,0.9925997750487451,0.13690352235847453,0.2814885807396209,0.41616110463673894,0.13590967854188774,0.8482203506432966,0.6732679399278626
466,0.8443142790981587,0.964908192615271,0.12788629969841583,0.4085377630349987,0.3356591470024099,0.16558875612610438,0.7951161333474919,0.6738184743599263
467,0.8350485077297858,1.024110611161452,0.19586618084361535,0.2638752196752793,0.26147001881565307,0.04352770766036145,0.8899377917500797,0.6839083992611639
468,0.858386145730774,0.9467572518234887,0.0913574721123366,0.2731508417672633,0.21877320353599847,0.1201553910221639,0.8798329239398054,0.6743563674890588
469,0.8438443408794455,0.9380627219781397,0.10085622119959702,0.24088924776121773,0.28294888760652864,0.11107744978726329,0.8135164994170804,0.6890004256918618
470,0.8207792354894776,0.9718302829444619,0.15936439120972073,0.17001754169690414,0.2160505050389062,0.18101738971322848,0.77541993576905,0.6674225305415273
471,0.851295807954892,0.9668574788099745,0.1301008636853267,0.23277760181765403,0.15055466949032228,0.12860778234146733,0.8474350234252117,0.6391047315039865
472,0.845127851739678,0.9335375562175972,0.09142140400710164,0.29460541331533874,0.2588060961824629,0.08548985684935075,0.8254499103025501,0.6595370440943847
473,0.8526335306692103,0.9621252829003317,0.11965919883032551,0.15136712451767448,0.3641106986666097,0.2500707518924883,0.8591639829861544,0.6338678122008594
474,0.8593864271204995,0.9168248317143278,0.06679789940706268,0.2399353236979727,0.2443840806060644,0.051779503616199526,0.8408583537089647,0.661848076126815
475,0.8206937401316491,0.9734938520670264,0.16228289273080876,0.25021028534921885,0.11196897215969978,0.1432318219147735,0.8671061226911746,0.6644451898419895
476,0.8153952750468982,0.9113901906427139,0.09787210619851669,0.09647151386049935,0.12433353776393419,0.053398980610577775,0.8852983285222007,0.6571678500446303
477,0.8418037213106846,0.9008013525764622,0.0626318020972997,0.06074896307640233,0.10517298609660136,0.09870733980435654,0.9105756853275588,0.6589448741277991
478,0.785395943194216,0.8796477399692795,0.09491111661994237,0.13092032310735396,0.12244027087558801,0.08347404472286259,0.8764702179782065,0.6577074163227667
479,0.8117024815918639,0.9053665095389235,0.10017671665330294,0.22334726989595804,0.20412651711359642,0.055523926001262505,0.9033421644628196,0.6514109621775559
480,0.8230732110748326,0.9049531546781713,0.0883249480465762,0.4820946885996097,0.3377050644554705,0.1845780693600474,0.9153838082679472,0.6311016421382196
481,0.866767532044329,0.8947066796407195,0.03155973216845559,0.20937121602502667,0.32829143158741875,0.12241807228561666,0.9220902722348159,0.6613585579417836
482,0.8451000170233193,0.8623460789000238,0.017385159312934825,0.18709664411337343,0.15034719490302234,0.18194781214883576,0.8996317047551075,0.6856212593052399
483,0.8355316169987048,0.8475041264590896,0.02431585406788961,0.034906806126403844,0.1021436286741347,0.1332835060002453,0.9228593019679241,0.6792967731448133
484,0.8205896630126259,0.8517201305345299,0.03299231198206019,0.12219906485468796,0.205478807600294,0.10546038258939656,0.9176448817049396,0.7005220300913554
485,0.8479814917935172,0.8425471705163913,0.015959769283736852,0.22841225293209547,0.2776877558958694,0.11472592138927545,0.9236106908466432,0.6739061481881138
486,0.8570260675311632,0.8496692598320519,0.019367170399902815,0.1805464986754452,0.2728691676567816,0.13009324350720605,0.8821213582053964,0.6841138580513576
487,0.8319506864780196,0.8433472177688541,0.0258911347335658,0.13219701279828636,0.19405655234097494,0.09208757514425013,0.9250742121391686,0.6870574826290948
488,0.8118565445206274,0.8335440867000943,0.035667474388583635,0.2221983620908893,0.1622135861417039,0.18970994684516176,0.9099865882511126,0.6575363740812339
489,0.8157477537720188,0.8400420320136289,0.031569669035673965,0.24424219239301517,0.23570662349740312,0.0649837640292974,0.823731125612382,0.6400260613758537
490,0.795692021656817,0.8305798005541446,0.036660018412784975,0.30851346370478355,0.2733006632154108,0.14554342640146323,0.8569894911975655,0.6495038966038964
491,0.7915088961181167,0.8257392168014606,0.037735985558327745,0.32514657437631433,0.27670994515289676,0.09603605053088446,0.8808415634950572,0.663080721183761
492,0.7871046279429418,0.8345311803296666,0.05045490980631192,0.3753570925651751,0.2994816084658852,0.12209180162190099,0.8868089749934501,0.6258827159908427
493,0.755818471177179,0.8387023795145847,0.08343620164611419,0.29831364356949924,0.3298353201714007,0.04643486655848133,0.9054516355118821,0.6377421850982823
494,0.7742317787713209,0.840586843065193,0.07565144587452416,0.3423293270141634,0.3272185287044601,0.13538307505647354,0.9029530624896565,0.6144906277939522
495,0.7972627344507365,0.8930796558679669,0.10853567266022503,0.3444320298911271,0.3591733406735633,0.17903387830269862,0.8775745126788387,0.5852838384700595
496,0.7663418043120623,0.8356361505686044,0.07265244924987083,0.315773786654386,0.4236647089180209,0.13946931058656442,0.9045390872918312,0.6337721180780588
497,0.7379066505475719,0.8169764606416674,0.08138047084891772,0.21100704868067982,0.2843274562424793,0.14469980366516141,0.8726941977474278,0.6076809690947003
498,0.7697243299467427,0.8203847077723292,0.051027380964981175,0.20861613163776452,0.25931745698179737,0.16886232962684414,0.8188139274373505,0.6611453645600563
499,0.7415800143883912,0.824078927072821,0.08286793361007018,0.2068210209437339,0.3192361030131148,0.12467825899873916,0.8819837551295743,0.6846560444662907
500,0.7533159498613313,0.8073250771313928,0.05706081267467681,0.20498784429457187,0.1967884398711853,0.3042785381058557,0.7937712432267269,0.7117296513203015
501,0.7370406882945726,0.763204232723778,0.02639498166019782,0.08110176727589008,0.16029331112704107,0.10893150495888292,0.7911635742346831,0.7378405915234559
502,0.7186210667389034,0.7582195309789954,0.0399175534753057,0.24203927003001993,0.16078775785459637,0.1646170946362019,0.8549937452074645,0.7199791373338144
503,0.7111055246849461,0.7545364653368569,0.04350762498610358,0.06976988143711202,0.16132407562926668,0.09494855696043716,0.7615786208240078,0.716609982519622
504,0.6863284537643438,0.7299272577390391,0.045762012571712384,0.07545586693414053,0.14679151838842722,0.1831354363894993,0.8991034490856986,0.7036094237657728
505,0.6722311280334725,0.7165704749222993,0.04748155606215276,0.025702993253271814,0.11038610410248045,0.13052719545865704,0.8427889902593914,0.7265946747185507
506,0.6785090202473547,0.712898330579864,0.03599161423064341,0.15628555387055026,0.14910232387636832,0.11069954836531956,0.835003432823985,0.7044571773156477
507,0.6223929898557359,0.6853696054063315,0.06312773933755443,0.194265749647497,0.18408211639085376,0.12846552921139098,0.8976446747444454,0.7220925773364187
508,0.6248450878069494,0.6862700066359863,0.06166583959071298,0.22957369736941374,0.1881494842485319,0.09313813539873525,0.889047508975898,0.7377510372574356
509,0.6192065878712548,0.6575992448162173,0.03970305274821274,0.21599304640021075,0.18469210652739496,0.07779342622330306,0.8729765815011156,0.712287535415798
510,0.6066321710368189,0.6520017464102432,0.04569938919186038,0.1611859976142127,0.19193527200904062,0.11649806140332965,0.8672900328733129,0.7280403123847111
511,0.5811341517117586,0.6242239794709986,0.04388318887267183,0.1720936878396064,0.21806146897762735,0.2022383161099927,0.875738500408377,0.7240391979626468
512,0.5453080096816217,0.6235236413424451,0.07851660297626892,0.10292569131807434,0.17604898088733809,0.11758395116477445,0.8835282002472625,0.7462336392386575
513,0.5594830943234472,0.6010951501566049,0.04259720796262705,0.27477175823520306,0.237534060085472,0.11172154156723203,0.8258251557524634,0.7709469205223631
514,0.530252535058376,0.5934043969348335,0.06390144892682524,0.22529606312409148,0.2449544448082657,0.0322262029775695,0.8288150213478511,0.7778025288976045
515,0.5008556061590141,0.5634379618510368,0.064407290673352,0.1914968938905456,0.2811907107100863,0.180178722487428,0.9100938704719698,0.7805648162506799
516,0.5058297021813121,0.5427942752602294,0.040415986396635045,0.3364513471837954,0.2908413371928558,0.1442706311240224,0.9044809134514563,0.7907188440122289
517,0.4823510471436373,0.525778376614018,0.04504855475810173,0.1286332529546324,0.25134388738230373,0.23882213724375456,0.8792890419145806,0.7869750471189816
518,0.46841865784875236,0.5059326713422959,0.04056715186374302,0.2609871258838397,0.27771388903338273,0.09968976124791314,0.9258814423347547,0.813399491125319
519,0.4375727445450297,0.49471928567443685,0.0590438116979422,0.19601839726429948,0.25856803591685956,0.14486844141485145,0.8734724698906977,0.8273569967853007
520,0.44555384714481344,0.47327023660236117,0.028575470704126752,0.250695009272437,0.30958705203654485,0.09307692447591938,0.9215813201752407,0.8200168710277143
521,0.41415837081275225,0.4596764941291873,0.04750052457535279,0.30060676599085495,0.2963379958070657,0.03617671156986796,0.8638475836606163,0.81925862492527
522,0.4031530043705132,0.43440383930410986,0.03332390567827572,0.30263638001586585,0.31281078800218304,0.1427065139125743,0.8842758474132966,0.8452998339953068
523,0.39544192831753466,0.42266119624767967,0.030952125032334535,0.45353707225449047,0.35675315786011014,0.11817433531578167,0.9241155671055157,0.8566214910873902
524,0.38395360766494446,0.3942915601155684,0.016254260622823796,0.4699220054729626,0.3805634652262161,0.10676987377370124,0.8920065589869461,0.8586660523177202
525,0.36832942116563244,0.3801720656919393,0.012273792542066623,0.3083507998219998,0.3844800417650622,0.08160605172130275,0.923384656638731,0.8617443695382776
526,0.32185849986964227,0.3766463189406173,0.0582423613939948,0.37776025224478266,0.3388118388468276,0.11598921297158146,0.9003380117525958,0.8464924320179202
527,0.2970821743754407,0.33628227292859403,0.03981528541488272,0.28299776416629047,0.31769019026397455,0.16090903001237172,0.899254506587828,0.8617669781880957
528,0.30001004392591096,0.3148391186925757,0.01872467653770191,0.3392340076708863,0.2774870284197076,0.07019014700547112,0.8605665159218294,0.8508477414330116
529,0.25705455813772454,0.296775662212367,0.04107969044331643,0.2750527454430364,0.2673951891023054,0.0712752436266952,0.9215268539647109,0.855148868827497
530,0.22752806467208034,0.2711474191749662,0.043886822784032095,0.18659981014536747,0.25218965845888486,0.06995551365316337,0.8341804444153976,0.8679600602497954
531,0.23055694355920028,0.23842237486821224,0.014530568897027602,0.25987547371416875,0.27775345812437147,0.10086060607460635,0.8756184272513576,0.8572685107653284
532,0.20348824962100445,0.20258429405008865,0.0057209777483083115,0.35116425484717306,0.36615425643744137,0.02228649493522931,0.877100098268034,0.8438138975752191
533,0.1972076934528837,0.18051005697282013,0.01802766403722458,0.23284064702263826,0.2888346817893889,0.07823489876959948,0.849613745446437,0.8664305236634338
534,0.1413902630111672,0.15755927157028538,0.020342596831566664,0.09534480968947862,0.12839174660943578,0.03919314045774048,0.8855977856023796,0.8679248699360405
535,0.12754495398412363,0.13098488041374076,0.012481865920634562,0.1304293387888509,0.11471013886404348,0.059156128462114696,0.8548605923096173,0.8484444670141245
536,0.06768902124755023,0.08495061045491048,0.02038769648980682,0.09462373085613451,0.07154216848810688,0.07918159302419217,0.8305502260090895,0.8393455219267985
537,0.05443862074939456,0.08242068954444298,0.02972049719560241,0.16041023177925065,0.13983219422219487,0.09411018379391027,0.8570034066657445,0.8672320064202568
538,0.04034913934799589,0.053065261600908485,0.017825589662399475,0.126883765261392,0.10456004675356464,0.07752700463505444,0.8210189070297454,0.8376466778586957
539,0.031758254792062596,0.04901229174534927,0.018012257025374262,0.11122776106522256,0.016248220487346584,0.11700216386687871,0.921191991501931,0.8741168531471951
540,0.03464559454827237,0.03896146127158326,0.004909139446201912,0.07814246608709291,0.013691476577729006,0.07139581053692752,0.8317227862050598,0.9022770907197611
541,0.03470656061296371,0.02377013364617153,0.010982655302622836,0.03643137168118493,0.008037506281252957,0.03010300766495433,0.8575540217752098,0.9242328669471582
542,0.012565342214956036,0.015210346974656022,0.009556692487524634,0.06301273969221662,0.008761717351427367,0.0650167869905007,0.915700195619154,0.9285740002027429
543,0.01850233537991851,0.002662369491682792,0.01619054644593528,0.10507376847947274,0.001989411314495923,0.10583511290273526,0.8835928244215409,0.9792616094671573
544,0.015261837276319945,0.001722850492959878,0.013963014752928216,0.12530443571636418,0.0061968852170914785,0.11920669436245973,0.8607603128356289,0.9573168479838302
545,0.01741675216538278,0.007819825323337873,0.01177579338052957,0.06258183888288543,0.08925849721540056,0.0503423793234876,0.8643933270570965,0.8861721563712168
546,0.044408755686792485,0.006610514864213401,0.04426550620987821,0.1444138347730584,0.09762736409933459,0.1263581856283991,0.8389611966193864,0.8770612287839591
547,0.007868651420350103,0.006102441555452466,0.00860515244004676,0.0928074286635743,0.015011431129778388,0.08831505443285516,0.8500730601252777,0.9334168042968992
548,0.0073286857178401065,0.0013607056010726394,0.006714992233308854,0.02623566138002578,0.031765884115402696,0.05281156330001373,0.8309314813629796,0.8981763186066706
549,0.007010552074980489,0.0059528405578250405,0.007195899691643487,0.03766147822703956,0.016978726632788023,0.034274433196097104,0.8326396180910727,0.954750719546057
550,0.012574607851233082,0.0035964655338885333,0.013244889968867107,0.08866651460059602,0.017513098660211484,0.0734604205597399,0.8905518861514237,0.941650173327782
551,0.01055302692906814,0.005285400591996629,0.011289916912213756,0.09017175430240432,0.012030917179089,0.08248177233686331,0.8175545707131953,0.9570685900171523
552,0.009562307342188598,0.005680039050604411,0.010999581827554079,0.06346603513652035,0.02250103307488646,0.059725320856560335,0.8996123211766875,0.9159566466712896
553,0.017530124867180627,0.010140397363624236,0.01238460967366449,0.0593756281828399,0.005724809954800372,0.06482484780544888,0.8713538025628746,0.9499534053211128
554,0.02168383186627046,0.01204079036719788,0.010017669826251222,0.08275581421027554,0.007479012313476661,0.08455819314763258,0.8673725325448851,0.9406388699403828
555,0.022452490328576623,0.015187001982354878,0.01122943947368704,0.054948524429005344,0.005933966018746403,0.05237397478633281,0.89506666394101,0.9373325268304797
556,0.021755071827241377,0.020928392504306566,0.011214673726210912,0.03174693228444555,0.008074319696763043,0.037026769939920545,0.8325199946574743,0.9216834066935017
557,0.024976146792071417,0.029243104193144128,0.01505677606430639,0.06286354997624533,0.04243863824421831,0.03657738313089311,0.8442417471334928,0.8646160255873416
558,0.015848392518919677,0.03976373529234063,0.0306351941569569,0.14493912833327327,0.12451192099309788,0.041557484807133366,0.8443472695493486,0.8663746959645825
559,0.03095430144303083,0.05766595377964119,0.0301211331320861,0.21187756069306116,0.1594933411409109,0.07489644957167582,0.787601439363733,0.8567885034151971
560,0.06244653695768196,0.08178116484903379,0.031103152522371086,0.14898762214413244,0.14707683070792413,0.018155333315566305,0.8656081884360205,0.8518505272874752
561,0.057496819585659595,0.1032550069207766,0.046085115380999395,0.16187166658635266,0.1376820282357922,0.07538025928224873,0.9009414540139703,0.8597836213475415
562,0.08490331376450419,0.12516539743142535,0.04364631161947795,0.19171253573761213,0.231806582332157,0.10279865333786121,0.8051097876784801,0.8270400280274299
563,0.0712999539119327,0.14918588700084395,0.07932610936870584,0.24006612127273524,0.3378008278619929,0.1765535906578755,0.8525517915153622,0.8463691457769182
564,0.14847298653798638,0.1643313300108369,0.020256873085118542,0.43471193732275537,0.4478518393338147,0.052938138993804756,0.8516905074432248,0.8509123360437482
565,0.1284601825547972,0.17816661031509656,0.050849499199505384,0.5329882305142722,0.5628684284094625,0.07808740533664141,0.7672566259227973,0.8752599035540011
566,0.17646493338009253,0.20321061353866704,0.02867370511595389,0.6854896333359323,0.6946025662776723,0.16492343265732876,0.7963210911404331,0.8739685926919317
567,0.194287873593354,0.2050660717149006,0.012196163687318967,0.8652971690119047,0.7914070446842439,0.09488949656328954,0.8457337026114689,0.846675035417127
568,0.20045599022093044,0.22554888830079975,0.028699275794669035,0.8205055485461308,0.970824474398075,0.15150407313240033,0.8004731429511744,0.8516841856781011
569,0.24254679492831155,0.248111180965058,0.006632622013608628,1.1043477162617032,1.1514033550275353,0.08252355881183455,0.8345904536199784,0.8491828086419145
570,0.27250096920099315,0.2608893704636767,0.01695654642863109,1.3127827875818974,1.3308724037151844,0.11525788308997234,0.8242805980240189,0.8559100753448322
571,0.2576100290206952,0.2681341729336968,0.013838211664307572,1.4259206945578515,1.3951757234554523,0.07650220609747244,0.8240751249834406,0.849294130296098
572,0.25277638140573727,0.2876998952184075,0.03843560633692631,1.5374855009312611,1.5576133657375488,0.06642535898541303,0.7735694005489964,0.8464426258580214
573,0.28054088279584866,0.3074457603071542,0.02873014336627205,1.7261458235737983,1.787429447373735,0.06625314849558125,0.7768509577857862,0.8349750083647592
574,0.2621775860388999,0.3089667423152536,0.054319675861505975,1.9613216502620936,1.9868823898137247,0.06333387046911897,0.8171217032274742,0.8392828234520266
575,0.2952096698352156,0.322026517591072,0.02825822571768411,2.049950067579583,2.1941326790582987,0.17967886746750078,0.7656323399453586,0.8476811495658593
576,0.30143113576973546,0.33548478843479757,0.036123980104050754,2.435419756728425,2.4711705553784973,0.13655577959881735,0.7819908528719817,0.8422903556658833
577,0.3384676121752519,0.3414906952536414,0.017850504249805985,2.5885670136482073,2.6316198152735386,0.13662707093792562,0.7734294117879817,0.8440284072005912
578,0.3230278189396392,0.3374368588117693,0.0508154615862475,2.7752992707025226,2.7991616121406846,0.12552355934793522,0.7926306396101643,0.8306874274382854
579,0.35074511131813474,0.3422118781683824,0.0650409287459751,2.9591441756523627,3.002433757081808,0.2074067416857434,0.7600227011150387,0.7583662685099546
580,0.3463582752738472,0.36160017481304463,0.01918076867800419,3.0280664096489445,3.112728032748634,0.16939081110116508,0.7368469075998976,0.8295226204034429
581,0.33984251887415745,0.36469723874689497,0.033968087733977144,3.1288862504665436,3.222159777465094,0.16321881675956243,0.855796129544243,0.7907548295449551
582,0.377045038622237,0.3759648315907259,0.022798839829680218,3.3583368969096252,3.3777846841571364,0.06007630329275536,0.7498036543863669,0.8327159371991543
583,0.3785787554608978,0.3895848060196076,0.014234021599394459,3.508182426007335,3.4793233357025977,0.04966249594105908,0.7882047472492442,0.8437768027319789
584,0.4002729035567749,0.40431637090535005,0.017886089267146632,3.5689280735721205,3.6379864250541343,0.0931077745589892,0.7467959611291847,0.8026479479322287
585,0.39557076829337456,0.4112330482025785,0.03210730155925693,3.6413018807761586,3.7437893054517564,0.15543049131547662,0.7560694609850596,0.8496395564689818
586,0.4115648604163533,0.42296973211032046,0.01965173398133881,3.7010335797276217,3.8200135857001487,0.1811649148913644,0.6728786248709842,0.8517124531651881
587,0.4388960469879392,0.45102282792019227,0.0202857695272095,3.6796902193621444,3.7697728350475903,0.11833400203751024,0.7972345431656171,0.8588741585837394
588,0.4629319812126241,0.4934164886152718,0.033499828241759524,3.5402093067880136,3.6205072935295073,0.09648291539793272,0.8007469733455861,0.8480667636129504
589,0.4603815522943425,0.5017414472832331,0.043431288700130924,3.5179188344422796,3.493472863949634,0.12075419302066268,0.7546951425451701,0.8267216662288812
590,0.5018042687436739,0.5090285528467491,0.015746815735056204,3.2567858147022033,3.350821774356216,0.10256651705302855,0.8262748656783632,0.8303357253546215
591,0.47760163295595104,0.5256483416283284,0.050343057640445776,3.109481083435788,3.129733734468747,0.09133606526760164,0.6900807840579141,0.7973447771477442
592,0.5332937164680436,0.524564511120176,0.009206579255950533,2.9342914591943328,2.907881152918517,0.048523295992318936,0.7546088463326127,0.7399561399342354
593,0.5491834120528486,0.5433319644979924,0.007820357292243226,2.7468403927821767,2.7372383099990083,0.06094374357013784,0.7429382704581774,0.7696539731160417
594,0.5530788106856419,0.5875811031331427,0.03509082923213111,2.4415953738718437,2.4818696103086197,0.12773285754746022,0.809718532541449,0.7620157498949656
595,0.6059677229306615,0.5880773548292924,0.018197032509318044,2.19432770572186,2.1642467537231016,0.08864490249810286,0.8482863446344238,0.7444084375881259
596,0.5792646358633126,0.6120722359779982,0.03380239440224195,1.9146738772036138,1.8657003352847965,0.11319649484355239,0.7591976662545785,0.7024072404865747
597,0.6153360888133571,0.6447719149485798,0.03641886351353457,1.5982267220305486,1.5743959556399822,0.049055692350809595,0.8307408722460918,0.7187840997407998
598,0.6190812271640058,0.6639714205622342,0.04581774617835117,1.2834014293165952,1.2532704723454162,0.07215247527842843,0.8479082136468412,0.7369177121179213
599,0.6304091697735508,0.6570320535614657,0.02689477270875195,1.0567168300432757,0.9662851057656918,0.21436996674631317,0.8562071397389198,0.7458822270910981
600,0.6246798278534906,0.6651877242160974,0.04107367885380605,0.7548167711934854,0.738274878518925,0.10324849384298328,0.85765586210794,0.7470871659604029
601,0.6487121314318027,0.6993716259738924,0.05370271583545735,0.5102467361618294,0.5846086524255283,0.14703930782984914,0.8644008556733653,0.7173142864484632
602,0.6608713065917549,0.6967822624529029,0.03763545548722797,0.3812740452059341,0.48411446093016874,0.15497480740111405,0.8618572310862237,0.7584086266520448
603,0.6724349699702034,0.7203257487527036,0.05582569071278243,0.4086652383227639,0.4072656507653713,0.04791587885581117,0.7090332227661402,0.7658611489406111
604,0.6923759935965064,0.7591404065748768,0.07308702077888832,0.26538036694993067,0.2577568019041518,0.08676892260435475,0.8529123046199245,0.774813845167255
605,0.6894166416130065,0.7881682996073551,0.10943763294048801,0.14248236693518018,0.19901567824702596,0.06760021290018793,0.9133984411414441,0.7339816536837065
606,0.7010556883767223,0.8432696119894866,0.15235721687482853,0.17319123224425387,0.17429106458579383,0.10050927753433458,0.8822800232653794,0.745987431989418
607,0.736304270835307,0.8065926797398985,0.07629243638410955,0.19993497648192707,0.17298199927099575,0.1408012038271994,0.8362529199515791,0.7800654737060543
608,0.7190920119783155,0.811752061670048,0.09419844391289539,0.23940020539785983,0.15657892699380876,0.11217431117079736,0.9021628716228128,0.7598170940917548
609,0.7367363973554989,0.8279887949573983,0.09455230951288791,0.08300417555877421,0.03217536484772733,0.07561694311797434,0.9202718442159487,0.7886806845484509
610,0.7502256624650715,0.8391294052729079,0.0904494861653815,0.11289124042874898,0.1054125927325406,0.08857855275948481,0.8787647210620951,0.7549232661091421
611,0.7824083957637522,0.8703748646023101,0.09502847228451423,0.242586443612533,0.23039701096531634,0.06421083295542675,0.820858400352326,0.7510324763558123
612,0.7690970065790478,0.8652577346812602,0.09924060328452439,0.29954029479918526,0.35565479363931135,0.16096778347559557,0.8364112920678837,0.7389033345621794
613,0.8130989227276626,0.8840345929415501,0.07469860746490882,0.22992130447599068,0.2427588744069329,0.1126200559220338,0.8596880726076046,0.7193953027035285
614,0.7959260520252736,0.9049870585201472,0.10971946655167104,0.21275914681054808,0.18790077192109553,0.1276986657185855,0.8440241736177456,0.7057715655105824
615,0.845071618342361,0.9045184643537864,0.06418167478500507,0.3281244765108359,0.41056244759286903,0.10661943439189617,0.8778818874518586,0.7064372494267652
616,0.8472794356712249,0.8921223592595959,0.04860225071308799,0.4541255048874966,0.5668429595514434,0.13323049853297717,0.8370208865397717,0.7190477867899923
617,0.8523918909093607,0.9140308060633324,0.06730463977184727,0.22872312583244142,0.299155212655364,0.1295301336090042,0.8330819291228206,0.7082778244147367
618,0.8814302117378132,0.9214246550344946,0.042381579402555984,0.23283139476972808,0.24874372051527846,0.07854212653607187,0.8189573089413575,0.7166102074631919
619,0.8799336688752502,0.9673070311005165,0.09072906142428837,0.2770927939646495,0.44495047174591396,0.17474762824678816,0.816774177881096,0.6598228377422336
620,0.8985297931669405,0.9505909881813092,0.052710005672616154,0.38682339524178017,0.43866573920564134,0.17113307839696143,0.8004784606433042,0.7265561538986915
621,0.8875031333937426,0.9631092254848809,0.07571719143743219,0.21230220990180437,0.2699510422568985,0.06712373462443054,0.8391378087505834,0.6876290366307193
622,0.9130921347931913,0.981206076571364,0.06862302319396925,0.1756979497351102,0.151840585930334,0.22859580532709062,0.8381266935631497,0.6616227559703224
623,0.9471861890161324,1.0530177758629493,0.11044388057919743,0.21791822521946852,0.20334443615038317,0.11804181094768772,0.8191787721729553,0.6731779343954057
624,0.9433234331207735,1.0620233086850022,0.1256154112052202,0.3862894498839734,0.37018682121823365,0.09005805669063256,0.8100557819008827,0.6780080896157163
625,0.9660842174712231,1.0364250149053513,0.07663138536648399,0.3530926095992902,0.4127594533865946,0.2036442468786663,0.8003324573478998,0.7035439546608957
626,0.9491218180857476,1.0574796688233494,0.11114474148760457,0.32431185179826344,0.24573876776682463,0.19926709026337494,0.7925040431664455,0.6818610714271545
627,0.9537953670082573,1.0415202169973548,0.0905833333937872,0.17212666332146262,0.1318575100505724,0.1364008345786169,0.8634529062104461,0.6663424136367336
628,0.9889404531774445,1.0426079329577165,0.058086468029172784,0.20128484925956153,0.22530771617599735,0.1609932724778328,0.8106165744287656,0.6811905716235267
629,1.019469469605486,1.0402753833924174,0.02126302383939028,0.33107812478279575,0.22887335130301767,0.16881017101351606,0.7949350911672535,0.6612413923186169
630,1.0272718024684886,1.090104790590846,0.07639585194146578,0.08660120141599256,0.10664633063659204,0.11590929120105266,0.7263342108604555,0.6546446183495377
631,1.0235729760089904,1.071287930882173,0.0527898023025032,0.13263975851270596,0.030882234917688853,0.10943750841690164,0.6864234693566429,0.6438245083270302
632,1.0282120687949614,1.0824071851787578,0.0656651208811595,0.06846519121262716,0.221291566300917,0.15303391127361649,0.6576859492769596,0.6564125227486481
633,1.0234867677923425,1.1270741959838575,0.11579681145571227,0.2618358359849229,0.21999568906859482,0.13349733180601278,0.8003638471939825,0.6242357039482261
634,1.0110987480847486,1.1299666801628097,0.12280484788197472,0.11360529106363056,0.17049795095557044,0.0847861934484534,0.7778495720564693,0.6201609870731684
635,1.018167258510556,1.105897925867888,0.0908183865909337,0.35817397284348945,0.3901706216569824,0.16368591169851393,0.786850168281908,0.6539971018256222
636,1.0234582571544653,1.078737476065992,0.05656034175884944,0.32867165154713274,0.2936927435837452,0.07158231076970539,0.7468737456051411,0.6330207666099779
637,1.0204650711070724,1.1269635381063343,0.11372271713755985,0.04384594363326177,0.10778558374594925,0.08057241226193107,0.8223427120176202,0.6599806112713293
638,1.0221455261455537,1.1411369684613124,0.1255264279173487,0.13276491674105434,0.19698794533645156,0.0970803071261895,0.8273709842263365,0.656623035058744
639,1.0228575251758412,1.0846758677709931,0.0668106036511203,0.2944124452271347,0.29549212697974625,0.02241596414409085,0.8679227924235209,0.6697716587128021
640,1.0142033799666736,1.1280436426441875,0.11949903429183094,0.3336355498043956,0.33527882975077966,0.13679585121830287,0.9188213670490369,0.679534082849823
641,1.0114605492170272,1.0933066439346306,0.08256337921724406,0.2092249720129655,0.21711066252276906,0.08323637132391865,0.8758326436724149,0.6886483322250525
642,0.9797766490736268,1.1051999406891884,0.12599835543938884,0.061233447236923234,0.16179638912358393,0.19583649409761966,0.9186498522453765,0.6907684478307112
643,0.9997635031531649,1.1095831527305824,0.11583304704158899,0.12083677102895454,0.10746981314888858,0.20821170023815772,0.8944668980977638,0.6169276704741581
644,1.0228271192445249,1.0915825328024045,0.07254513327276975,0.04393219776695272,0.12606376527997704,0.08649928828467518,0.8605493679817295,0.63165826281278
645,1.0169779255053457,1.08374666755351,0.06865863310687569,0.2822468119522787,0.22643695556050694,0.08176863370724252,0.8952927572216219,0.6273069820990076
646,0.9896162786076447,1.0846877177762535,0.09601236561512125,0.17612618943023797,0.24539912386642984,0.11039707950608457,0.9098268755423115,0.6220014718783545
647,0.983396684232118,1.061461706567399,0.07906968198956994,0.19034451477831346,0.10412975999501066,0.09087383789631026,0.8252931227525718,0.6309465130673334
648,0.9520532430759284,1.072941954887438,0.12402928288554714,0.0371057088596036,0.11529562938702602,0.1098253555390252,0.8949447003967345,0.6194789151288803
649,0.9783392014895882,1.0477432436167289,0.07373855369844654,0.16634930137662673,0.26722875678117325,0.103808681514845,0.8558626613795403,0.6247586459289973
650,1.0012617580532164,1.0536454081248816,0.05707309051851879,0.14984325299989973,0.1588511735084821,0.18743730216320126,0.9012937694825806,0.6148302048263802
651,0.971099136795533,1.0254355624162226,0.05912293683511365,0.09111522556750748,0.1033315091475197,0.04225855067194078,0.8584319167849052,0.632947085633911
652,0.9678474839714629,1.0182789688719582,0.05752607480097539,0.22664755431541475,0.24386946331201806,0.20690947767120205,0.8753248094416268,0.6546219977382427
653,0.9864870182489782,1.049238256169539,0.06382547450746397,0.2585546354400467,0.31388920866467473,0.0822918144394866,0.9192736660376518,0.6536533976401467
654,0.9709990701918144,1.0367463634846064,0.06697933071361893,0.15765461653877444,0.1943082455912774,0.10655402669037316,0.8631705353728664,0.6548735606662485
655,0.9598465070529829,1.0656611465386825,0.10877028558364275,0.30286536065423125,0.34541942686705196,0.14364113567663028,0.8906251956214968,0.7151478226525025
656,0.9734490749150867,1.0563631100618671,0.08520652762033672,0.2723115722985862,0.28158942546505594,0.11471012723523852,0.848179180751514,0.7070905180505339
657,0.9593671867445683,1.0551772287667398,0.0965689652815808,0.06925329967354708,0.22124744516354988,0.15386579824609675,0.8875764098667596,0.71397507333434
658,0.993567172609764,1.0607476709044759,0.06781242133800969,0.14827498432038683,0.11435452654680284,0.035282257900540834,0.8823855152639533,0.6830869634172042
659,0.9742345775654431,1.0456291606903345,0.07562113186358194,0.12497309646473256,0.15383967477215704,0.13732937579794224,0.8978208053742851,0.712710126950988
660,0.9914598228682093,1.0823219269022328,0.09224349866452758,0.07944860949708273,0.07510996755790196,0.02939925200686886,0.889911538956608,0.7015723661889333
661,0.9888721180237708,1.0457579352940263,0.060882958677775635,0.0804639232398171,0.11998992096139036,0.08205215441742082,0.8463848222268676,0.6657706745234635
662,0.9843537044635035,1.0753808446065312,0.09542480974899495,0.12896744435105248,0.14757294362320197,0.15184470712783343,0.920804285277687,0.6692518725180203
663,0.9818176838940713,1.0900645013630776,0.11355886497401081,0.06924894555543429,0.05817384329339007,0.02154065792085942,0.8833743817480766,0.6388610237697747
664,1.0055775557846223,1.0790825410126728,0.0751803378130154,0.04461582873284263,0.07883241573856105,0.08822178474678305,0.9050482905755424,0.6728865825004176
665,0.9577075021432729,1.0692020746752993,0.1129208236932764,0.11564845901378334,0.05480190994597735,0.09137150684467867,0.9214967174851014,0.6403365329781315
666,0.9831359875497,1.079518075433651,0.09925717280544268,0.15586713938758756,0.08663515154838568,0.12565217291558767,0.8786500416765932,0.6439341075936289
667,1.009894783886517,1.0689254411061748,0.06279162597421215,0.20246159130750332,0.059957295976038646,0.17763350425729763,0.8877143605849145,0.6278909842983001
668,0.9609979709635719,1.1174062688239377,0.16090693107896875,0.32236947973221125,0.09360212476117373,0.3339286185630053,0.8149554333358014,0.6557485230847754
669,0.99122896175605,1.099386536418393,0.11063633710785573,0.17219213364283042,0.09787228285650915,0.12263570785772909,0.9203102110815359,0.6581278792308176
670,0.9866821987830645,1.1218888830382312,0.14153075608796492,0.11688471211512,0.15124031413475875,0.08497958766336904,0.8559035366574371,0.6684600709920474
671,0.9891178352755464,1.1092037966636519,0.12386316805928722,0.17319612568479922,0.3000121522008082,0.16232170031969667,0.8604039459775076,0.7026614474833496
672,0.998563783350183,1.095764776155408,0.09739993687819554,0.17888178027267695,0.18205111244266214,0.14289442513328207,0.8915120213994798,0.7173051483446404
673,1.0549021484549816,1.1454010294070507,0.09889928915125966,0.2801905117868403,0.1682706477568735,0.19898109710744785,0.8588085765624524,0.7166088001610478
674,1.0331398142566492,1.1141819843804304,0.08162365792291171,0.2829634285679178,0.2728125532475588,0.08320586121668694,0.8973582851277819,0.7126062962351192
675,1.033659242628133,1.1221576333023053,0.09024909971998495,0.2613200132985391,0.17013832821747432,0.1641476448318091,0.8765854891444596,0.7144286441805411
676,1.0514763527865083,1.1060654441718716,0.056937843248971984,0.2302141984312064,0.1487564893653467,0.1277520765518587,0.8757079672611491,0.7225356680920699
677,1.0542137196250267,1.1031696841963228,0.05606841445171708,0.17647894790497667,0.11202901241067516,0.07456523158745741,0.9010736149187221,0.7028098041254778
678,0.988055844542614,1.1007179710957244,0.11446141089939464,0.18272237993052393,0.11907871396628998,0.08279443752713105,0.8850731578095168,0.7156904865233403
679,1.0098462207788212,1.1099676153591551,0.10272807748022052,0.07495576277881238,0.20184111517402634,0.15386219101588788,0.8747159911920539,0.6579495863869347
680,1.0138639630308703,1.0973149169415617,0.08381278402190408,0.15033689724725022,0.18256789537012882,0.12802138944351482,0.8409116583863576,0.6897091140022691
681,1.0432688218366137,1.0876869620066874,0.04503804123169599,0.19092257709482496,0.14583420441586153,0.06654912249979063,0.8663963988654937,0.6925164887429283
682,1.041010711767895,1.081412570562418,0.04657637332697676,0.13025201500502684,0.10839896014750912,0.06029492915487434,0.819086383444751,0.6903199534053546
683,1.0360958868250292,1.0759415952874474,0.04102370166433737,0.3072899743247454,0.23158388467319027,0.08621711373080299,0.905675159878851,0.6932908512799876
684,1.0024381547791155,1.0754100072885817,0.07312874383928468,0.17055993149892038,0.27392474938152195,0.11684972402957865,0.8837571651905666,0.6459015242862353
685,1.0223585851500951,1.0732963863738425,0.052789160732453676,0.1813779953344361,0.1741245086815841,0.12460679445641994,0.8832195169009892,0.6554105590423954
686,0.9984457409609622,1.0697207815842806,0.0718983753271804,0.20443040014277356,0.22381621079730646,0.07231832018088623,0.8584071741700323,0.6619528042988978
687,1.0023623586189276,1.061801997051526,0.059732387508171954,0.24723426108630983,0.33169241569620483,0.11894680627997954,0.8412102313040812,0.6575016521054755
688,1.0577773106671062,1.0453637199154622,0.023556418903303563,0.14258469812750965,0.11367110345924931,0.07255843951065133,0.8758218898568327,0.6599457424799904
689,1.0135936990151582,1.0541388142317467,0.04230358363673146,0.1505417600522276,0.090067696660627,0.13928341799879437,0.897320153804969,0.6365214107283896
690,0.9884113179677726,1.0592649963988277,0.07183504831616466,0.23845175266384383,0.1962932407741617,0.050968705952855776,0.9171286638899054,0.6196095156269339
691,0.992758312123221,1.0491376600164768,0.05677703377790238,0.1666543805587678,0.18652088468099276,0.08145970316563948,0.826665717577423,0.612473941932576
692,0.9988951353597302,1.048295415173506,0.04966917779029198,0.1725135838743057,0.18690820410024173,0.20820021713699563,0.811154358071362,0.5657791342742999
693,0.9370807001864174,1.0144047668713108,0.08032631093267953,0.3073066386157145,0.11657510226322372,0.24236380096574497,0.8838254448418468,0.628594578879391
694,0.900830050192043,1.0265764960176842,0.12673739348148483,0.2092146588453134,0.07899791857618264,0.1505823798210032,0.848978430492499,0.6082965907106823
695,0.888700045016119,1.0252717243096967,0.13675252378109237,0.1737902309358513,0.11612809126328157,0.0824590341196316,0.8573830416296208,0.6252200809829048
696,0.9188760609429725,1.017512503852741,0.1009265969923087,0.07841078519114364,0.12273707971390264,0.06437529255546463,0.8280839006710053,0.6730874336989949
697,0.8793607754795078,0.9857227920342858,0.10643515348223578,0.06601295872086524,0.09810068119324307,0.14027267928059794,0.8102994901107412,0.7150672512417351
698,0.9041131234461088,0.9962406338266465,0.09546764381168307,0.11078309062127804,0.06521479579272703,0.0636658754645908,0.8158810834448174,0.7134567776562174
699,0.8715983008659677,0.9857087527495872,0.11427361421647791,0.09827208189571658,0.06870272592651065,0.045485737541672504,0.8893464817125855,0.7731898330245386
700,0.8862293285449694,0.9637548251037799,0.0783866118842635,0.21295143585318677,0.13381352417858466,0.13504451537347054,0.7946861952017937,0.780506063617109
701,0.8774269910707118,0.9600818952874121,0.08391861793501554,0.08809266008754593,0.12027112160478011,0.05089329740706322,0.7493141189401602,0.779941261804271
702,0.8663886032485834,0.9385708963428826,0.0728944691592274,0.23017341088579735,0.13360107346782543,0.17605454557175051,0.7698059027374498,0.7960790774194961
703,0.8249620132400323,0.9353158732558268,0.11107847865139465,0.12016849497658437,0.08371951861528873,0.10401077355283353,0.7699465262487053,0.8063611259739571
704,0.7813762968398317,0.9082859606965301,0.1269605703008762,0.18367396277543513,0.10171168909449105,0.09865116662177911,0.8417618859871444,0.7590070044823001
705,0.8051295092929035,0.8939164930914617,0.0890648776156292,0.12483458518204579,0.1317726528368548,0.05421338816668073,0.7695957226483008,0.7796641847546202
706,0.7984495359660335,0.8614957758863385,0.06398344479432386,0.14120576064989596,0.17541402866596337,0.08329648718522778,0.8433668524941085,0.8089736930843139
707,0.7943586696337253,0.8491135915298359,0.05493722549475198,0.11864945792457149,0.1523037413240435,0.05715181819538061,0.8696214307386093,0.8155477228702563
708,0.7312494734377528,0.8430563343542783,0.11209427610552963,0.10337733722302561,0.12315055508483097,0.06776347575918852,0.8756048710476377,0.8067608201054897
709,0.7277007767119117,0.7943402747714077,0.06967353146808035,0.27434018217209216,0.24345090817776316,0.0684248371685878,0.7903720361509126,0.8146643794684362
710,0.7314440802593011,0.7752292798150602,0.04487283626631942,0.1813184349397296,0.1512652505473785,0.08404805137672808,0.8982136509386323,0.8231132091600105
711,0.6842918801883457,0.7482800415508336,0.06686910447785656,0.17352111919944377,0.1842395171102752,0.21490612852091956,0.8027351767135759,0.7928171505987948
712,0.6420855405118782,0.7295446498550275,0.08948696682982668,0.03979712653650608,0.10967966068200845,0.14111407164637346,0.9001660556536282,0.8352668640639256
713,0.6476422968782943,0.7131648645595521,0.0676989572681392,0.2288460642383605,0.21708520249359528,0.12378299842701967,0.8356843631469283,0.8299882035116786
714,0.6084228356668673,0.6971240369470555,0.0889470750201199,0.17563229442050052,0.32485747428522677,0.19912397874340157,0.810002541136065,0.8288419455094028
715,0.6342104658657252,0.6680540537918093,0.03666942256957811,0.1464262683946711,0.1633482897847504,0.05509568953721522,0.833427248143874,0.8188629580788161
716,0.5920968914892273,0.6419005257552662,0.05494921287272819,0.05768496448172391,0.07796190257043761,0.062181090051216546,0.8558578247406547,0.8153401666338215
717,0.5791050336859453,0.6139285680976978,0.03515010492041839,0.10176220872043731,0.1801316215677202,0.093086617459733,0.8831156891260925,0.7950057372902437
718,0.5681110827800079,0.5923435415725953,0.027743385587454598,0.1722844565039224,0.19324114093804376,0.06673024171867069,0.7943975765109886,0.8324832423077942
719,0.5104315079764737,0.5675749735971427,0.05764802150777988,0.22757548253486773,0.11812889396829568,0.13192180540998824,0.8643417407427341,0.8251351787300635
720,0.5037361929272225,0.5407947619997551,0.03927489787016605,0.21339259967058466,0.27163907828207234,0.0827461735944483,0.8601085706139483,0.8297894167331336
721,0.48206684158195423,0.5198471937691346,0.03979746684277945,0.34855184301322484,0.3882508380707427,0.051958429337734605,0.8222398598268249,0.8488359370477543
722,0.47184191931244757,0.5072197260253749,0.036645760416801655,0.4742347330971762,0.5016827023844308,0.040709428509782375,0.8677146939202174,0.8332504044471917
723,0.4282694004183523,0.4802553467209441,0.05312437841723478,0.7504826000058198,0.6843386936651062,0.08449456542269841,0.8810071591252728,0.8330306479981783
724,0.40166104898782073,0.4595395364580637,0.06178337129002619,0.9319573514926061,0.8883715669372262,0.1050408799520449,0.8098400805213597,0.8355458887923003
725,0.39973779995800546,0.457815589159615,0.058874511116098746,1.1373494841320508,1.0687043356400499,0.08410105069689194,0.7530094075394456,0.8567895832137369
726,0.4369564552342404,0.4513383003314773,0.020719694044934373,1.310646541470579,1.2289024403130238,0.11707204485367448,0.8009217499333479,0.8397060752674526
727,0.4283324567911966,0.4365123148328737,0.012959832313585625,1.4936428425809343,1.4630171306223645,0.09511175209760638,0.8260510334986564,0.8449087058925125
728,0.4208442938182945,0.4423632299577172,0.02943257665338628,1.6502338618665424,1.7171269317196745,0.07163538736994157,0.7885199730716714,0.8368911521439886
729,0.3911054022565337,0.42866992072250026,0.039963407478992595,2.002215411572704,1.9875191259218536,0.052177129118230206,0.8327225938060097,0.8576017610973647
730,0.38665905574711684,0.4250237587682685,0.039414055225723846,2.2813828748347538,2.2771613121942265,0.032777973397780075,0.8164382296311761,0.8631613348124626
731,0.3632437287570547,0.4270492380629772,0.06926895286808792,2.452876975144295,2.4702326975642293,0.09913558208852022,0.7725786468975739,0.8241496889710199
732,0.36833568791793453,0.4095269811781261,0.04365924200893372,2.599689017137151,2.596511086786705,0.06693192375066637,0.78675999248292,0.8524415625494985
733,0.4030444316497673,0.40694765503745517,0.030114459122554338,2.703955569274593,2.694337776525093,0.05284488520644257,0.6834242167828751,0.8472651743622112
734,0.36552013423334806,0.38612754134481375,0.026324753867079085,2.7956979594719815,2.8460415172763485,0.06586667309670377,0.7412008119314915,0.8531747064144986
735,0.3914220577436545,0.3927874560488205,0.002676306841478993,2.87474937759725,2.9588640865128712,0.10141712510110892,0.7418635863246831,0.8564137311788923
736,0.38373967946953375,0.3933203328215958,0.07591026292492328,3.2051423293808976,3.179876505443436,0.06425471148813929,0.792451330685857,0.8570905681559566
737,0.36381804660833916,0.39847204274249653,0.066805299202622,3.2259373574475214,3.312049770760648,0.09035199457331282,0.7970002713557496,0.8477801958673292
738,0.3828631848855536,0.41871687438838734,0.05650896124464989,3.4142081533451436,3.403846092724818,0.0848817599534884,0.7677107702846512,0.8402856289157666
739,0.4173312147564818,0.4323420802719653,0.02535954691609779,3.4393949894755544,3.4954672113341325,0.10371367918032688,0.6675292487660662,0.7957051170313997
740,0.40319356039948484,0.4540394576563124,0.05555772423742144,3.519427397019578,3.6103657215495324,0.11781728637960125,0.7033840743671537,0.8211474166876064
741,0.42823889091214623,0.4656370939159528,0.04393298002036432,3.6603172485697755,3.6645620814800948,0.08114507036177973,0.7918278793954747,0.8213073559025774
742,0.418587025950803,0.485794981095547,0.06792114346621124,3.7624088087615832,3.714030038436092,0.13862340662365302,0.6906986690396407,0.8188572689238294
743,0.430090244011764,0.4856390366009081,0.05692004961538724,3.808823309416711,3.8242532620278817,0.08942657395712701,0.8034308244219648,0.8187638889600501
744,0.43962719040140863,0.495168406510387,0.06154585598876602,3.9220102058968265,3.863701127374951,0.12120469735522398,0.7037640488639711,0.8062932774725965
745,0.46617642038515783,0.5084720006439707,0.046360822438139035,3.8927771831069635,3.937551018511554,0.11427483057113609,0.7531453119622257,0.7827536091366497
746,0.4647958766084119,0.5161349142473045,0.053365774857377125,3.9722477065165585,3.9714231137584575,0.041929629269641305,0.7264050227647725,0.7633973532803342
747,0.4685573113890182,0.5469334169222683,0.08600852398089046,4.001613486578571,3.980391435568842,0.06637383540366312,0.7427504438162571,0.7368504495704533
748,0.490569974069994,0.5500180536321273,0.06099026130556302,4.0173465838074565,3.9574820546043465,0.2828611308783958,0.7005754209923502,0.7205489510105109
749,0.5191555206026585,0.5750406287478655,0.07626794010467607,3.853273830620289,3.8063952665212923,0.08090375133719031,0.776298862287212,0.6952722803222358
750,0.4922287947776419,0.5740359423035499,0.09954867926877697,3.5362267922417963,3.5860604647289933,0.07245548919528022,0.7422888974161239,0.6752640474437281
751,0.5117798308865292,0.554554431103464,0.048757128264556956,3.231199722127098,3.180427175193417,0.18289497689005726,0.7718570941302594,0.6707613590718672
752,0.5212847195143453,0.6070884004494723,0.09523916917545601,2.8122588439892104,2.8242091692373292,0.1390015832618344,0.6522906113329221,0.6308516722963196
753,0.521714220562417,0.6071270859002633,0.09292178826374925,2.3463931469550405,2.2970918578373163,0.08945052686722606,0.655594862515072,0.6904142980229152
754,0.5402547453293234,0.6652391436798502,0.13070616734607626,1.8109117262303105,1.7901051947630588,0.2079613831130601,0.7976591672464879,0.675453309727769
755,0.5590616655923554,0.6363225478200707,0.08128647279335238,1.2916817474807483,1.3052013559100535,0.12195851913622514,0.7072158457265018,0.6731038518501581
756,0.5747778292753223,0.6579021255681836,0.09379148417494428,0.9813970148643067,0.983454056753083,0.09151714041727017,0.7408798510450603,0.6476228737836782
757,0.5796942333379212,0.6803445342347627,0.10953040046332087,0.6747181579245348,0.7169067532855965,0.1893011069251331,0.7307308901041072,0.6423846005768357
758,0.6001547694409154,0.6848510396649137,0.09225053923519,0.724350423955419,0.7411728862510991,0.17208322748043195,0.6643950429465252,0.6281296798250954
759,0.5982516355770321,0.6882034015116676,0.09103366036489303,0.6481770396950893,0.7043086917919926,0.1760273208460461,0.6800281792342837,0.647196303504739
760,0.6441142625999379,0.6710154918421345,0.030082851576175827,0.31629797166632795,0.3542869915854248,0.13410553138593712,0.7783931848960938,0.6555762844593056
761,0.6359915541819321,0.7075253513424801,0.07250702709464835,0.1735977330106936,0.2959074099155302,0.27826519755516066,0.7363060212796105,0.620273907519646
762,0.6590530217957461,0.696299785949851,0.03987434509901578,0.25809344915397453,0.3150828458127006,0.07488142318754054,0.7597128831330108,0.6294143754821576
763,0.6848388106247539,0.70248737336811,0.02070738604417285,0.14028974981681955,0.16694310786090244,0.14300509055964053,0.7800846737493203,0.6502206271131703
764,0.6633314812059995,0.7189563435925533,0.05640097340036318,0.06421652755465915,0.16108086454251755,0.10121794045116529,0.8010744195806256,0.6673359557172592
765,0.6805959112334798,0.7258581797687478,0.04843555744921606,0.1786678448495523,0.2920114104807174,0.13092062832483406,0.8447996867635722,0.6205345357903632
766,0.6790556448552706,0.7634747949858623,0.08447936848632141,0.33212767231444457,0.33265051257475925,0.019154378449179145,0.7940252533258562,0.6587935602725269
767,0.716878822950652,0.7604675647932896,0.04590583409825927,0.3445813650245529,0.32477706030202247,0.04918636219684645,0.8328132988310837,0.6436638262234519
768,0.725714242349836,0.7769326832261118,0.05189340290184072,0.23076854232982325,0.2820416812721253,0.08801647563432105,0.8162314584047524,0.6815672925030721
769,0.7605461823531632,0.8183786398792393,0.0583774765212369,0.2559609545289273,0.3090333792706252,0.11806675101303025,0.8923634676239203,0.6786758413228207
770,0.7905892599799202,0.8172291379549143,0.03354622816184167,0.27595189777030155,0.36533972250211993,0.11296356204826236,0.7829825668887944,0.6475686612531748
771,0.7923726663148868,0.8449617306454045,0.05445540102596502,0.2146415700398435,0.22371233593478235,0.11524494910988144,0.8475498734352506,0.6334807211754628
772,0.8011737897425398,0.8631027988547313,0.062319239939506846,0.17277722512404706,0.19720058809579996,0.24247680379252326,0.8585174372812744,0.6427969121218755
773,0.8275568352638722,0.8557907340287046,0.02904560771198718,0.2305811887324508,0.23302900998808815,0.20802151605268912,0.7862457347470126,0.6255880804990551
774,0.872515408483258,0.872607352776235,0.013000559359928285,0.28375643373314924,0.2222307249637609,0.24000130141776865,0.8837619330297503,0.6202478299296166
775,0.8573042360655371,0.8845778009277316,0.03131605027916737,0.3053177567952903,0.33295450581836455,0.16808234285857254,0.8096525569767974,0.5856494960916373
776,0.8298158568071485,0.8972404903823062,0.06784549837040996,0.3006119041769306,0.3322818307879424,0.256916340371867,0.7979789021484847,0.6137034376395859
777,0.8413606611170483,0.9341681217116303,0.09333874541279136,0.24988208571955872,0.3556206297751784,0.20632091136858274,0.8642135256748545,0.6037156655913409
778,0.8402594864127753,0.9367918907104774,0.0966821741987938,0.14454314608846253,0.2138416950648743,0.21161744643851366,0.8603005156846862,0.6061646399839379
779,0.8189307884240651,0.9326470039819165,0.11417474430394735,0.04913488760050013,0.19450871438738615,0.15468116720077707,0.8074478681168336,0.6109814780571956
780,0.8221666060268311,0.9486561555573717,0.12675005280360857,0.21271980112992772,0.31173573208773847,0.12382387809460915,0.8535139254824163,0.5922570408840702
781,0.8612923234487665,0.9394052024064923,0.07852328772811394,0.20165069670219465,0.21008448211441205,0.19054840884189994,0.8663555022964419,0.6215309079877146
782,0.8637034667184059,0.9341476930123327,0.07081820369670899,0.13892683939978082,0.05557723207040571,0.10588409731623578,0.8147335088391064,0.6321142984525522
783,0.8520313112026036,0.9376917561326739,0.08588600542201223,0.07932726767007849,0.05012288230380783,0.07246807135239598,0.8135799995500701,0.6147769013821076
784,0.8548595563060354,0.9292899992069558,0.07478300432550578,0.2706409807266046,0.10142315211058814,0.19882298771043452,0.8672060153164317,0.6293272960422317
785,0.8713796102736876,0.9405055274749996,0.07078871573261142,0.19103715411836408,0.08664704413337293,0.10639735394925325,0.8839618875787209,0.6245629876817846
786,0.87876654265759,0.9743108784483615,0.09693857300151892,0.27369474916640835,0.1344472627554945,0.19570017546936594,0.8247817499063977,0.6074166884192478
787,0.8317047244141789,0.9337021319220656,0.10208936561695542,0.34876766874329196,0.16627544494846283,0.20322809971934938,0.8584027493995198,0.545879837216489
788,0.8305484684238567,0.9771996068742098,0.14936190485824116,0.2316764865202632,0.09421912929965633,0.13796257228454625,0.8967227678057259,0.5918670014535066
789,0.8651153625969595,0.9216939558498488,0.058465901804779064,0.15108106441617536,0.06304237782416726,0.09154638722609429,0.8739251131509923,0.6147612485651616
790,0.882378903848936,0.9369064892877482,0.05511327077425613,0.2209735822485181,0.1423543429026028,0.17044414081585038,0.9023332234982179,0.6062475557185734
791,0.9056397683108941,0.9544898913417458,0.0518034879474935,0.3210807413163827,0.15891142534145936,0.19334236087709594,0.8276889750654739,0.6157732643801033
792,0.8932290987343555,0.9363489022196252,0.04419805813993491,0.2514858257294707,0.19097088775512688,0.1329437161390096,0.8283503622279711,0.6228657788172893
793,0.8912803058274541,0.9672984392773394,0.07876521842024879,0.33738912351194533,0.2726512558373267,0.14053062043193196,0.8630775507220787,0.6232056620113003
794,0.9159138481093841,0.9402320841345254,0.027276096101637712,0.33105445195353445,0.36878850307879685,0.1374991694547236,0.8099684453943046,0.6201215740485378
795,0.9159102042694173,0.9287012802070702,0.01688675449824011,0.4439709730940174,0.28398784129807236,0.17088025787741518,0.8637460353973361,0.5914743428101285
796,0.8746257488511937,0.9361257232906794,0.06236085953658487,0.27488807087126726,0.34008057316891543,0.14244406886352168,0.8531993298324547,0.6300135084122601
797,0.8790525038437992,0.9362519054886108,0.059453434221540105,0.3123056848613981,0.21437896341285273,0.1248363329551775,0.8708912465452436,0.5886015027221277
798,0.8707788997542234,0.9526624719494273,0.08672111976976461,0.30732681506424725,0.3133798776152909,0.17300866127428913,0.9052529106304179,0.5967465940136754
799,0.8832293326658646,0.9309490547644735,0.04776696851451009,0.28218861726906447,0.194991229657196,0.13290222729468093,0.7976009581954593,0.6352725442718777
800,0.9026215373342926,0.9280359268307542,0.0375011825175925,0.21821495326664692,0.13834393984887952,0.13503675464693266,0.8575661726784259,0.6138435399421749
801,0.8870443894083695,0.9692277743607629,0.09108644425214892,0.16155188081921074,0.18884419180227419,0.08916265363207895,0.850608660092032,0.620899557513734
802,0.886629945810359,0.9332630503489704,0.049230377296513965,0.05614869867239199,0.12584775041912877,0.08915472255385988,0.8007022240720343,0.6344463284877675
803,0.8842588743396815,0.9025186089356263,0.02095106928738686,0.11051949193670635,0.27623206851667037,0.18000182362250083,0.9182754318075692,0.6318895915808665
804,0.8836063260688187,0.9432651084681938,0.06839994348449452,0.30460748781389035,0.22872499279040748,0.17482665708916476,0.7195595196517004,0.5983200552872758
805,0.8770574187066028,0.926203625435672,0.04967849688883207,0.20035578719596622,0.2290502022965097,0.15695986043685042,0.9101788439409589,0.6590455518834044
806,0.8827614937949376,0.9233839020829383,0.04961594286604701,0.20026949552890494,0.27258161935242153,0.11902165873272087,0.8160494460170389,0.6736645715129687
807,0.9050650772035187,0.9365085772426548,0.0345190122625082,0.36780376427351585,0.266968211652198,0.1967143741406621,0.7997780460901855,0.6670820518512084
808,0.8624242340035543,0.922353114685728,0.06191026822159423,0.25011957181262323,0.3138378701701477,0.08008448453366422,0.7979274132888805,0.6278210370040809
809,0.8630507528929833,0.9005979007561504,0.03938528746097858,0.2974406969393982,0.26795327138765956,0.06138613404875229,0.7534358576192174,0.7063948878395576
810,0.8399562728867123,0.922325295984773,0.08369301287301374,0.4205315232540882,0.28684033793860186,0.17370399155917815,0.9013093253520957,0.7318936719213056
811,0.8556389286970463,0.9202755060625107,0.0691830453145742,0.3567086083281507,0.28591946329381535,0.10702003279891247,0.7831689213127505,0.7449264583597227
812,0.8566512187984908,0.9165320158442756,0.06329828466632315,0.31650664921048294,0.2759653800194866,0.06536767273942512,0.8043024851011459,0.7600716059349286
813,0.8595866458050546,0.9121320224897848,0.05267228723554354,0.46304283662098344,0.3054994859339981,0.1673877964829234,0.7758716100468923,0.7546628422559583
814,0.8445882202455494,0.8978319198120884,0.05331936329791122,0.2833760028090327,0.27526301608962733,0.04406686792985996,0.6968217574559187,0.7333575539189436
815,0.8393456881582692,0.9107368534520205,0.07178062972212589,0.35982221497135514,0.2517658801565051,0.10887368433205297,0.6549974471426891,0.7589784842846355
816,0.8376849357936038,0.9098404215807172,0.0731145664308983,0.38050574226502826,0.25912485770594185,0.12809364636211634,0.664167988819045,0.7730005052863121
817,0.8623450512440894,0.9144911979269407,0.05555766435115392,0.345181977519321,0.2521434696245563,0.13365094686189877,0.6855811388981861,0.7871555418635969
818,0.8447175155840697,0.9080522870054403,0.06762400544239244,0.4006310711670974,0.24464208620004185,0.19186438332613914,0.6650340007271692,0.7862549896175246
819,0.8241470773545777,0.8735254748612852,0.0497584386957568,0.3335024608118201,0.25975591307187934,0.20105179270150467,0.6573578820460333,0.8004857228487738
820,0.7967315131071713,0.8741115949699112,0.0784159508616945,0.27835218428945185,0.2046729590510269,0.10930801858492976,0.659547434184067,0.8039893765184786
821,0.7726127733618692,0.8743066920932309,0.1019437418188985,0.2472633631867637,0.2116722084835477,0.058628340055440105,0.7627024735036871,0.7764244189052194
822,0.7888487080321995,0.839828086423713,0.05403096659420499,0.3162384150200985,0.21341973134956738,0.2158019063751201,0.6769891812881661,0.7838888209190354
823,0.7588934041263287,0.8149056956296072,0.05608317330864843,0.16725922423517298,0.20020423873623744,0.2496589649203414,0.7364022616200627,0.7952146404336142
824,0.7170865617555913,0.8128192533397954,0.09647253996473662,0.13769870804935652,0.13028678203542124,0.10101389430469021,0.6951601581141108,0.7929596592012713
825,0.7277544524765727,0.7978897404247867,0.07035213257266686,0.11913140450835114,0.21912501192252243,0.1248489423080414,0.7345657448084383,0.7793710697602717
826,0.7136954158397194,0.7810997338603092,0.06849037550221329,0.09601788689925958,0.1108565264160222,0.17476271898202736,0.7191983116664573,0.7708336690340243
827,0.6852309895277808,0.7442448791879553,0.0594102531889622,0.29929638604191877,0.22062421664070575,0.09203456423705356,0.854585231681783,0.8109462072259503
828,0.6754938380606429,0.7235276860981551,0.04885739923540537,0.25034126276329816,0.2671008670752879,0.05168245078545839,0.7975056789932256,0.8106562288754497
829,0.6505519147470719,0.7023229427833558,0.05587717549166028,0.30519683697211547,0.3074973019014033,0.09242206498516875,0.8367905765069618,0.7707356116236614
830,0.6125409746411294,0.6636848178996382,0.05191372528436202,0.3784090208335421,0.3277982321218191,0.0757528872874008,0.8013925163571213,0.7951554693214955
831,0.5817024739672718,0.6364877610426487,0.05543970801269085,0.3877360924925478,0.3611144170861778,0.09226584277458162,0.8711141204700658,0.8163481090982178
832,0.5686808995279616,0.6320101643755585,0.06457748662826418,0.44412941968358655,0.38742207918003346,0.06116703504636951,0.7963532675443854,0.788747696529209
833,0.5897126476510629,0.6221191074749816,0.03409754289164031,0.43775202706517036,0.42726290918412796,0.16589884068419636,0.8690232057583811,0.8241163594704413
834,0.5512471098061551,0.6181118649744901,0.06698098452452997,0.49475574210569956,0.46811526066591647,0.06514574144980204,0.9081495784827224,0.8293575010602564
835,0.5777118000837571,0.6189437545108643,0.0418576040847702,0.5036771577389976,0.42927079898004694,0.11206486162335733,0.9225392634063208,0.8086506877319106
836,0.5308588461328642,0.6078745357144488,0.07774705960266008,0.513375849705566,0.43352709435094733,0.10179007305853172,0.870503476839398,0.7776436258834077
837,0.5390797518113358,0.6016150497442776,0.06455604952823635,0.433972827934083,0.4295091260928214,0.0927909207948726,0.868180010774984,0.7846669807474558
838,0.5471338450513804,0.6048574855153579,0.060597995794180785,0.4324403863300656,0.442247632177934,0.1411255419197237,0.8678956899400958,0.7921015653968239
839,0.552856632453906,0.6028451088390189,0.051153369696966856,0.44143223745581756,0.42806118223412537,0.22703096758346014,0.8843877619581609,0.7825847232022626
840,0.5503347623761791,0.5936923607713763,0.047071640692572185,0.4222434420643369,0.3937076159877324,0.10355986983926109,0.8670880311623224,0.7962911912131229
841,0.553019639516125,0.6045470588162113,0.051873962697077114,0.3812195532294689,0.33427482285393656,0.07634417703761501,0.8455418546382047,0.7773682200678858
842,0.5537690865679281,0.6064228831918365,0.052962382120251277,0.3055006946022048,0.33494999634009015,0.0761157155302504,0.879583974977193,0.7630201434905083
843,0.60808286984817,0.6124128774716422,0.004867708655399354,0.3002247348370916,0.29708310543020455,0.04204219889966158,0.8783909767381063,0.7632576870215849
844,0.5288901454624362,0.6146704909002474,0.08581313304617601,0.2781893461772104,0.2821376924612584,0.05702769779355009,0.8869133488272964,0.779250303845648
845,0.55550177273222,0.6358198299818768,0.08086367600524562,0.33436347182266984,0.29837167090417477,0.11637918861643508,0.8210441887514027,0.701799119598087
846,0.5937989481400283,0.6285004579607913,0.03677285977311624,0.1954685969115087,0.2376451278412813,0.07605744608430456,0.8399481624165497,0.7774374606095479
847,0.5941223085144708,0.6420808350595574,0.051395137633862054,0.3994665879021478,0.3496034948666759,0.08160671625487427,0.883281819057933,0.7637254903891386
848,0.6046827867556009,0.6503135024038815,0.04647358533548756,0.1561304764798713,0.22607914729747744,0.1344850503971275,0.7793091537251328,0.7850860321510295
849,0.589231709988922,0.6577176784713729,0.0698427845918898,0.14986096395643073,0.10266100850327559,0.06655210350415071,0.712232757866511,0.7780242620226108
850,0.629214801541312,0.6639918055439719,0.03609647586913357,0.13253363029240967,0.11685504728661127,0.0840336997209689,0.8768898975143676,0.7837574017702766
851,0.6331238293005554,0.6774854344411118,0.046705015812861385,0.07599751475803844,0.1392967989826573,0.06602797867126867,0.7275824931065497,0.7788175842996786
852,0.660695450812207,0.69370542348091,0.041103689337806976,0.25766653538210726,0.24141975808495822,0.05891294034180226,0.8127104904750242,0.743903631970667
853,0.6113896847095072,0.6981210313303892,0.0888358555537182,0.42897833008839614,0.3779170624957677,0.10925947029659175,0.736585357115992,0.7205183925191128
854,0.6784733609746286,0.7082311248342383,0.03160516596682528,0.5292646946439595,0.7060747586256895,0.19687913617264438,0.7003507281170747,0.7503429143662389
855,0.6778450554722426,0.734680364528509,0.05797715312399759,0.6240197827466204,0.6534434786418556,0.037131899735311294,0.7180646972682383,0.6900668435367818
856,0.6891336167152151,0.7558401554278188,0.07402970926658146,0.1551126806603081,0.22593017929156342,0.09605869774990133,0.6731462190881041,0.7072576643760121
857,0.6806708514988713,0.7585918742459579,0.08731041438741338,0.47425801723186367,0.568865444944706,0.14319432605854174,0.8229672224224056,0.640710272984396
858,0.7118889657705154,0.7874822439093965,0.07665768157832843,0.742617665074135,0.9612575061646624,0.2552161487133588,0.7656206822012077,0.6840351641050954
859,0.7514849596157294,0.7753211779385331,0.025600197148855624,0.3405834536590745,0.3439427563684083,0.03345373668551588,0.7247323062804304,0.7356107970175542
860,0.7763595379608175,0.8043324080748572,0.030195004112114322,0.5906100984967346,0.643823299793692,0.1186406359924758,0.7465108279600979,0.7029974031120239
861,0.7804244735904188,0.8356035559053051,0.06298215829065804,0.8774230880257069,1.0962095545349793,0.23275783402522437,0.6500833729746204,0.72542953396813
862,0.8178372050167155,0.8858870658389414,0.07715139116467395,0.4370716040325954,0.30139959907408953,0.2426634008439631,0.6724893480387366,0.7266724598583999
863,0.7763661969959592,0.853934300964408,0.08080161783256003,0.5962436490888402,0.5856358833842551,0.21985628760745035,0.6853352809279665,0.7040390955371362
864,0.8046468872697655,0.8816409635540214,0.07877488711518554,0.8539273499916064,1.0432180273442204,0.19330592426422827,0.7420906237695614,0.7461081652177244
865,0.8653999492055401,0.85898486628037,0.009519770831070305,0.606348566565627,0.6050829076122255,0.14284021391385837,0.7271071824164391,0.7015411190640293
866,0.8538332027206773,0.8934034407184946,0.04229778357387715,0.5655171326678322,0.46298529761473795,0.12254939368094002,0.7778105069500102,0.7348814167775092
867,0.8900105831771431,0.9188970775481291,0.028986996680076236,0.7056767946103097,0.7827590876769231,0.106690171248647,0.6574587369644331,0.7657643664984095
868,0.8984984597429052,0.9302665769935797,0.03509498379777003,0.34287892171706874,0.46661448062876676,0.12628280536661393,0.676605018811846,0.7672835338340441
869,0.8828083128709125,0.9383845726588079,0.0561988643020625,0.5773482133540626,0.7047115486065256,0.35073818421442404,0.7982490413347078,0.7281011542526513
870,0.8842922688837338,0.9502180484892783,0.06640731516200371,0.7295637227205889,0.9499316685312392,0.23287543229595217,0.7492405593571275,0.6791912539813366
871,0.9216631088046617,0.9497766758164354,0.03059669131653083,0.5206109841793761,0.7362779531906497,0.23703388860087768,0.7914028227004953,0.6747944755705041
872,0.93055222909354,0.9725677686580629,0.05396562617995601,0.5326838096792283,0.5689264430307452,0.08206355893840972,0.7429741622452257,0.6563573553387175
873,0.9770765993795926,0.9989961968154749,0.035450135046593736,0.6489594798213627,0.802088411956591,0.18151316619273636,0.7298745563190789,0.6824517210407262
874,0.9624362040877124,1.013442090629187,0.05196643220245282,0.6582904685008352,0.6959160987030258,0.37839474739926016,0.7406182302561565,0.6980836138771953
875,0.9179513222415616,1.0099132599115308,0.09708591098609379,0.23027780153773741,0.333981887973975,0.26807804547636754,0.7522107153449056,0.6694742924117191
876,0.9387760404920203,1.0154465714484637,0.07782623230809753,0.24063269813882315,0.3232596398306097,0.0900438726226644,0.8561383460596049,0.7065335900832006
877,0.9433696522211036,1.0146717969456636,0.07150111142121966,0.17356383489045948,0.22911062253605308,0.0775076969397778,0.7353934044176962,0.6936965639589111
878,0.9412755438983303,1.0151296250077906,0.07405728312449379,0.17122881899429826,0.11959084206750736,0.05666586808625164,0.7411260865236984,0.7007881483035987
879,0.9392850646543836,1.0419461877628575,0.1037565640906853,0.08090356497748952,0.16252628032287253,0.15124641440428227,0.7860501421726049,0.6605329771525039
880,0.9399742910040629,1.0251103955790415,0.08524561167832258,0.2064219834811949,0.07635313496266176,0.15008747472391695,0.8772997278438956,0.6501749277632997
881,0.9287973563807492,0.9994196367682808,0.07222459050469082,0.37246015238823993,0.21048887959946985,0.26294574596150433,0.8366871507344056,0.609457119661675
882,0.9464298223136146,1.004712054970734,0.05958899894530819,0.5258224976918738,0.29120848365490676,0.3542593862213683,0.7608926630957217,0.6309690563187923
883,0.9400901601624675,1.001895488020165,0.06316342578131023,0.202281387909648,0.202225796607588,0.126525340380478,0.7379528736129536,0.6329950198125818
884,0.9753074335989494,1.0240087932648942,0.049172624979896974,0.4018330736488307,0.47494023237781385,0.2221855152183637,0.7089878337438351,0.6547957341580848
885,0.9622992702443874,1.0399309975364106,0.07840319774271073,0.5248114912501569,0.5641635127015648,0.08553524758685323,0.8344837706002975,0.6831219157421384
886,0.9660307323731886,1.0160773934528295,0.052033522915803494,0.25248978549666884,0.3926557173247857,0.19000828213699306,0.79677125195934,0.6850141001168663
887,0.9529004090618064,1.0324065252002401,0.08083514822141609,0.43463027262887993,0.45540694743400106,0.08418688877519322,0.7665357491273415,0.6872553903979195
888,0.9552669826164226,1.0292028513194444,0.07502060688794852,0.35774392571407987,0.38649802048024107,0.07485653854202667,0.849385002813967,0.654197915953546
889,0.9554360578411286,1.0167202366228867,0.06510039055700098,0.17060282929379658,0.2077120206931923,0.11314520832109683,0.8449665462192515,0.6601047672492568
890,0.961570471242061,1.013203091387789,0.052967607541333485,0.233292039795614,0.3081038398294024,0.13080394300179754,0.7217631921482731,0.6327687033492893
891,0.9622971942408386,0.9926686308469612,0.03203472471614058,0.39062684317787083,0.3964098719332303,0.043085738193212784,0.7565208829841517,0.642332300816606
892,0.9295221572303414,1.0061343945058199,0.0775884915200035,0.20527704204282646,0.2001705623129907,0.10220076278812583,0.8340151399270984,0.6370661765966421
893,0.9516831872737322,0.9925000570187408,0.041887767099060454,0.14864569933558405,0.18531467794798365,0.14360868632810675,0.703858195907524,0.6260150026615354
894,0.9487764924902157,1.026293940418275,0.08019871847137136,0.17740233072206518,0.21624203707646916,0.06402591999236432,0.747696937106034,0.597182206089525
895,0.9963071826305622,0.9843075151052723,0.015212807756703,0.2568177703981321,0.43060068637973276,0.2226148556272348,0.7689345130103802,0.6066279820468705
896,0.9798312670198704,0.9792158384028142,0.011947502659878659,0.41814510709489555,0.4767056360337323,0.11456724243578294,0.7535303052233779,0.5914358637366334
897,0.9485793504768776,1.0362924018008817,0.0884359137948989,0.3348030515548516,0.28584983985135626,0.2039162412158067,0.842574873306326,0.5764383542854864
898,0.9279332041514686,0.9952421088500907,0.07186929732766392,0.2938116875512249,0.25583968009199864,0.14339145644336265,0.7205579070393464,0.5913193237405251
899,0.9535275978744954,0.9815199274243321,0.028708330222842977,0.35758703024766353,0.49930717756337484,0.15712576469647388,0.8089131559427728,0.5821132108188014
900,0.9587665576749798,0.9562239646601184,0.022389230774912346,0.487353178701711,0.3710511153515694,0.2266809340472421,0.7144277597429517,0.5997339660425041
901,0.9692297188157272,0.9907866495464402,0.03319780523182861,0.1952923818077908,0.19492579834640927,0.1592667245946936,0.7411863391372052,0.6269529382691931
902,0.983739615259245,0.9999652481480532,0.017663743821391204,0.4184190257509553,0.31521296166703117,0.2857208645469586,0.7193650875927026,0.5911029077704035
903,0.9653955493343587,0.9700231909943793,0.009185821558285063,0.2447803369910756,0.27406034044623756,0.1731924057263569,0.7333495695336899,0.6298190093624136
904,0.9659141639163382,1.0073326497935498,0.04237846473771713,0.15745754300002365,0.24268329776819994,0.10076399724153057,0.8259323399891069,0.5803100301538546
905,0.9379902185918415,0.9852747343740069,0.051645388704247716,0.06346834552180718,0.14845734115110784,0.12943263930046053,0.839107216829291,0.6478980966263518
906,0.9072107582490755,0.9842797964238689,0.0797573012851868,0.3314106666476484,0.10320988264226133,0.25749887094855245,0.7860875288453748,0.6352596265321652
907,0.9187702453100067,1.0243105545069715,0.11922123346026477,0.2455541294289583,0.12894804080450933,0.11734441027340065,0.7995404538835753,0.6013898804755692
908,0.9207659262948688,0.9871106583710411,0.06674561524241904,0.268154045253207,0.21780284185688187,0.11708094172010429,0.7832467660870778,0.6262170846401872
909,0.9414957711741527,0.9631933550208701,0.030889225265331156,0.40491064718397207,0.20896989421116216,0.2335476507535104,0.7627785139351257,0.66978130183624
910,0.9352859263173608,0.9587428251054146,0.026823397186379862,0.2561548530229939,0.18666749657085296,0.2975781529592604,0.6584241229433788,0.6847386238700196
911,0.9268018721546838,0.9604572355115781,0.03542839865654292,0.10614096682497999,0.19934893903332798,0.09837315955981611,0.7867220314123633,0.7154232779463494
912,0.9610826389191939,0.9442305356015402,0.018961506799170382,0.185529408065333,0.10814590735122835,0.09191499987511607,0.72472343821641,0.7235375568074882
913,0.948455776165115,0.9549727940936767,0.01671037344068123,0.3359644152413915,0.2642471211114741,0.1281750107982221,0.6996252602938999,0.7224172882985427
914,0.914735685273662,0.9282620983135922,0.024606946543618738,0.25179802036803917,0.37051381257325394,0.15550019150293612,0.685752694899733,0.7123829686455544
915,0.9013778161577535,0.9393434690690949,0.04993833247263748,0.16447819620013307,0.19644628530052038,0.05622654185144248,0.8359447917710117,0.7185416726759597
916,0.8576003567821173,0.922860859289441,0.06743805949620951,0.21756435860551288,0.10481841622176652,0.21816459806020475,0.9175451982163664,0.7251449356691289
917,0.845719500381766,0.9172646819205548,0.07551428404085164,0.2574020603950774,0.15369600284915974,0.1501669949458869,0.837383489206346,0.7135546768369065
918,0.8471671767326047,0.9045442269443988,0.05905737796257617,0.16220779614192124,0.16498856308137314,0.08698672041862528,0.8239249681473022,0.7020755941280173
919,0.8145198267880264,0.8845239347768941,0.07219698719197473,0.0987952558722762,0.113071761658558,0.057692978718034325,0.8749631676477101,0.7309575429472749
920,0.8397699149466449,0.8677213657967235,0.03179524501365783,0.13198837294727173,0.23783356949617068,0.1730010311146966,0.8039181424876082,0.7063289914907663
921,0.8045340867494651,0.8401766438524887,0.03629275697229454,0.15226759245586408,0.16587231126256113,0.08706744162709046,0.8336739681728689,0.7088102597904071
922,0.7690794614195887,0.82550922364565,0.0592661475742977,0.3491566011608826,0.37804182947061754,0.15703532841172854,0.8355539779375661,0.705170101637352
923,0.7663115588014606,0.8071102609589138,0.042887233180119964,0.39976453487098706,0.42982558937188925,0.09982454111275328,0.8561274111775425,0.7281847995893278
924,0.7378528139975278,0.7932301744203011,0.05806379921262321,0.23043474030064115,0.21635155058236624,0.07958021920245754,0.8356853818416901,0.7271770102738576
925,0.725951659269125,0.7833461336136903,0.06156327922245091,0.35724492411215863,0.34301632642090574,0.02900080516946012,0.8144510276571761,0.6974715273291902
926,0.7196199002113634,0.7556174300263929,0.03632626562288369,0.5298077568414494,0.5524891149232934,0.07555558723784243,0.8335422818688373,0.7454981481762246
927,0.679642319391844,0.7304249007403205,0.051987723540279134,0.16804332261743707,0.23405238595448608,0.06910374433450073,0.8315763268058444,0.7555849632021296
928,0.6418807495504133,0.7016620463523808,0.06085837891951523,0.1997371552503783,0.23808363300588048,0.07264988179603599,0.8761774931804992,0.7596592601517811
929,0.6470355878452035,0.6684575812537463,0.024264704567878326,0.44206699464586624,0.543404833984082,0.13515113035615786,0.8676464870817654,0.7517309646090492
930,0.6362997586872299,0.6515694046659654,0.017103305935011845,0.491184892376694,0.3705549374822409,0.2415686454524231,0.8043976691093823,0.7121182527373889
931,0.5912187553507161,0.6320339473890412,0.0409393062365162,0.2548574360515336,0.3013803322913111,0.10347614027612491,0.8112056855100056,0.7469484941784826
932,0.60927547688584,0.630472261062298,0.02467382786381985,0.22608003058987725,0.3334960489274585,0.13089394355762798,0.8634340619554602,0.7161730823283545
933,0.5733106709643905,0.6163826687513796,0.04321382808184894,0.45680825542881875,0.42240178009482493,0.10392741846355048,0.8001516086853282,0.6759663708508089
934,0.5886343219558067,0.6099959371576126,0.022775746881217057,0.3494893418150462,0.35476154045447306,0.06852306863981077,0.8232439863767531,0.6922764717677273
935,0.5689281073851379,0.5838576460821323,0.026013939979631494,0.5205228115576864,0.5480583432139129,0.17712155429567397,0.9045635137862067,0.6955765163185028
936,0.5463661469285286,0.5748810505275951,0.02852635714730292,0.7780300104344867,0.7115954387563833,0.14066251270053456,0.8498171660977883,0.6922949859369872
937,0.5695273337434497,0.5632746223137883,0.010047006284936546,0.9232850910592352,0.9443028838573617,0.08814659874006943,0.8421172183746127,0.694023266491198
938,0.5609957098702626,0.5702755012265087,0.018641069407606452,1.170007761052754,1.1955247379563645,0.11367501039801571,0.8741740634050743,0.6526759615995503
939,0.5450369733627035,0.5466850879866499,0.0252891730150245,1.4219616957960104,1.4589307099599713,0.07860834993186767,0.8848313227831346,0.6562492208679429
940,0.539775916980499,0.5448732081048165,0.005154979914997035,1.7101575728219027,1.7714698555852766,0.07916243983299441,0.8346495272759152,0.6640082234017133
941,0.5158518174842637,0.5279829049379017,0.025986193183300303,2.1413585702186646,2.0324653756227002,0.12400371156183726,0.8711727496408882,0.6819618859199934
942,0.5110297792533779,0.5378824940300229,0.030500815398574237,2.285579816600197,2.3408800143705455,0.06608314945862212,0.9182946444283566,0.6997556355743018
943,0.49583503771554704,0.5296029601420782,0.036797685543354136,2.5710300160958046,2.627099992419005,0.05836226811560897,0.8622717916253908,0.7202829255364459
944,0.48801809808849056,0.5364522832677445,0.050417200813481514,2.896969320865235,2.900234288522665,0.14137917581058299,0.8088303286571897,0.7262266288752517
945,0.4980237332536959,0.5584564727364907,0.062494172126959534,3.0183470968552326,3.08513994636861,0.07284292597333583,0.8443488379969152,0.7056547902081484
946,0.4859809531826014,0.5338622724366895,0.04949980118115305,3.241928885393357,3.2246550755840597,0.05057137768826143,0.848741042156374,0.6798805777244258
947,0.48410748085869093,0.49931843643466206,0.02538392199624867,3.2812465022352333,3.3876668424234375,0.14207127011915044,0.8162095823612749,0.6942080326409161
948,0.4836338566029801,0.5113664587757897,0.029772003761325865,3.4332558751659072,3.458448477992588,0.03940818514723953,0.8448974195388115,0.6594851807864975
949,0.4825352864931552,0.5045238752740616,0.03118139375485965,3.6450739206275515,3.6936538647845305,0.10023364344359555,0.7742125906250967,0.6620297538050798
950,0.4853765992850057,0.45656721088958124,0.04269672944537691,3.7915244959975265,3.741782620627876,0.10664592840854505,0.837723248000023,0.6764727046326182
951,0.45100178668223395,0.47347574828786665,0.033303192261490616,3.8615839177239044,3.859357930222083,0.15071179008922883,0.7917153896026816,0.6910080463091466
952,0.43437957014489303,0.48273055188951214,0.05051121463631882,4.004130848991059,3.9337116545356308,0.15631940588925378,0.7931930674955641,0.7001309020981983
953,0.4800341054599232,0.5034520279078156,0.030183417952033657,4.016399665329836,3.9585641053812504,0.09337720116781004,0.7500065299405457,0.6810874174115131
954,0.4983409892142163,0.4852481140028554,0.014271400924455608,3.9975421154234514,3.990458940426272,0.03522592472420881,0.8131606842699955,0.6664615186490535
955,0.4758935649558793,0.5055008758271352,0.04155788643412664,3.915892354199776,3.936400848203456,0.08854568248566633,0.8156368885787946,0.6808566247701366
956,0.5047488280731164,0.4239173277175653,0.0829355540082046,4.107215796112108,3.9098387966054955,0.20020363429617305,0.8868010837432065,0.592655662226666
957,0.5114480297716932,0.5959793918913633,0.08638631643711447,3.928597659431148,3.907879362266666,0.051328837371736644,0.8123846851512879,0.663473247078372
958,0.5162251132954141,0.5098646569548493,0.027432894241870343,3.7156468528075166,3.6967139155496205,0.16894949996331618,0.7928102967795274,0.6931892174548574
959,0.5300052349111191,0.6086042493973893,0.08205617455002591,3.465647860946504,3.403520245435837,0.06836155541433946,0.8751294653070375,0.6751993664519973
960,0.5474016564830269,0.5563469718197677,0.027029616275401406,3.0960632932573824,3.0284317595996746,0.11941187520977539,0.8487891663042857,0.7129397890105222
961,0.5684308569798582,0.6625041022681704,0.10096636866839806,2.6132045439129366,2.6823959274517946,0.10613403381355087,0.8487087490368064,0.6559332972956327
962,0.5685539337041725,0.631154914252068,0.0643309361312875,2.2862599946390842,2.160418201430025,0.18338067105186281,0.8477809256331776,0.7106023268107553
963,0.6008210497596264,0.6358125241874365,0.03975607395595951,1.7064750482355242,1.7186266531038603,0.12553477168784438,0.8784510949125623,0.6822884104764847
964,0.610488657876571,0.6786851879694829,0.07500896739722795,1.2870155162131907,1.2696751659954706,0.11265155724683239,0.8684365299407248,0.6631155965743821
965,0.6188830342905319,0.661351773906959,0.05010597615063373,1.0346491428038755,1.0099486105640765,0.07851288942094822,0.8482652136880796,0.6726480204299942
966,0.6359810432376908,0.6957201624743284,0.06897687816374469,0.9384954499791333,0.9666225601418376,0.03981508348766786,0.8609955956222693,0.6511406316278538
967,0.6245859326682021,0.715292366050029,0.09397505331880154,0.99262993958331,0.9590213135900537,0.09809817181731952,0.8211525154532093,0.6439587601414895
968,0.6721502394149755,0.6879867716366184,0.023305669183147484,0.7802275411976759,1.018564940247373,0.26821857888626816,0.895323977268382,0.6642153115340995
969,0.665807992254902,0.7055209919033293,0.04276416236521509,0.9442306010322579,0.9066845347832078,0.20796546399413424,0.8439790067028632,0.6010602916534356
970,0.656118216472676,0.7464063975878883,0.0927084855611687,0.8097219826738056,0.7962865551605831,0.10971615479753977,0.921850620776818,0.6307203505916771
971,0.6735081599995033,0.7669854864511605,0.1029295493266367,0.717698082783912,0.7000666502541428,0.17940017270574854,0.9205658928128306,0.5656297477813136
972,0.6750939882109109,0.7563974870638015,0.08576012961962624,0.42717737464829747,0.5624717415399925,0.17001386411052535,0.8933077390615475,0.5862022760755135
973,0.7037626898327125,0.767322481874308,0.0641977144817922,0.41042469836224144,0.32792345079131113,0.11599939216120596,0.9155854291357464,0.5904419642599401
974,0.7475215714255689,0.7684816795066175,0.03201639864155444,0.22565929020795664,0.32403926900787183,0.1296021507858758,0.8975609658920537,0.6133321801114392
975,0.7490439220493285,0.7944136724092344,0.049879842177000894,0.24733843016709248,0.2910186648416124,0.10093103951857842,0.8800207199758908,0.6046520372708194
976,0.7293223931677865,0.81614992114317,0.09292680560187164,0.2877065093912273,0.23818005510749277,0.13082073267897298,0.9193214081543215,0.5710192156353415
977,0.7560195550279715,0.8082188147576583,0.05591882054523052,0.31568338300589366,0.2952836153274499,0.06946942558130824,0.857595745977648,0.5521647250335452
978,0.7894290539107741,0.8186582498448904,0.032090275710333765,0.38775410821673145,0.3817622858739497,0.0959199194248809,0.8460043838582167,0.5429146648862251
979,0.7802085085766503,0.8531593209666284,0.07589847502681052,0.47457713378809263,0.35213052882297047,0.22429597397068232,0.9217682626030342,0.6011945776226122
980,0.7857750065664895,0.8579070573197383,0.07852978870483993,0.3469714148327499,0.31337072468567084,0.14930801782894676,0.8918507941769175,0.596428793046991
981,0.790146423441008,0.8612543639329203,0.07128018054679597,0.23613412779617088,0.2616229347806435,0.04198966979736021,0.8327240351617836,0.558875967294281
982,0.7889161850035995,0.8824155332693665,0.0993764504096995,0.23682464500653505,0.3163347229723093,0.1852030364770047,0.9088943162653182,0.5862367760742644
983,0.8275417900924145,0.8840429159604279,0.05873378356471899,0.27444749502728955,0.28384638654162897,0.17112959822285587,0.8801250132731802,0.5662866974264363
984,0.7809830449077712,0.9110057728993726,0.13131400200731558,0.16366752599706652,0.20004958993264102,0.07040434439909084,0.8438057824477072,0.5817241058828435
985,0.8665702896123706,0.9398107689008707,0.07531783537855646,0.07903263926082273,0.11107223104202532,0.07800678546125828,0.8777318406621852,0.5869901105757419
986,0.8648995252552844,0.9084614541517486,0.050693404140995074,0.23785371037773417,0.1837385807350761,0.08154353760695054,0.8380527702281433,0.5900544565201342
987,0.8847764004944418,0.9205783915506157,0.040101713228045,0.1786533407736096,0.20754738134659476,0.22036835622068143,0.8774400668987843,0.5531017589419123
988,0.8775530176759678,0.9419894742598448,0.06612904605469849,0.2672029342866993,0.11894711132306023,0.2329030403653159,0.8431935733798576,0.5823705649004081
989,0.9025454975030323,0.9406078908453607,0.039193538161091473,0.08707273083702846,0.16464652264683927,0.12296908511951236,0.8246031586909146,0.6139717909118302
990,0.9611809288700125,0.9807233466074246,0.05773644800864873,0.2745057951806432,0.17069937636896557,0.27366205323353093,0.8289095974172433,0.6051120627885218
991,1.0605609055697458,0.9512094218508418,0.10938761194043693,0.307304511681135,0.20651387380641575,0.16658670117270738,0.8505550686086776,0.6007814111652211
992,0.9121439600163271,0.964160528738293,0.07450073285171256,0.2680675330753291,0.26191708489950466,0.13079020784652529,0.8432404341512509,0.6109244299481423
993,0.934635113129082,1.0173662254683118,0.0940584444399052,0.40955511188819543,0.4194602499344288,0.1130504408145879,0.877033110014466,0.5916340266688669
994,1.00258785588713,0.9704550915951241,0.035507688611377694,0.16516172953052577,0.2107959150057734,0.13489441481501963,0.7873029202156914,0.6433545475232277
995,0.9048031249394645,0.963805200754463,0.06099373039960481,0.1971028841299015,0.1769184425674138,0.08484559173784748,0.8168883870156014,0.6437969601336145
996,0.934130769360544,0.9769034703183581,0.0427990970208656,0.1589719223573195,0.2677235233945279,0.1532314024241158,0.7816525798246972,0.6533887086841761
997,0.8694759024768228,0.9724969199207003,0.10302432542407562,0.0864370656014174,0.1769825073497821,0.15824851640591847,0.7621907429581997,0.6646327226182205
998,0.896685078542747,0.9696060139465351,0.07554689057238134,0.16242037315075877,0.13740660771447955,0.07840458403003525,0.8178124569161637,0.6517287866076988
999,0.8900350857982313,0.948604956378874,0.06235280763003399,0.14621538008825075,0.16450506766240958,0.17572020621703885,0.8088893743849253,0.6105149550722391
1000,0.8912879823974046,1.001353372585507,0.11036759945592312,0.1769482586054411,0.157302392240043,0.1617045088431919,0.799048694344045,0.6108549993239568
1001,0.872536188815726,0.9672099618709578,0.09642597521428992,0.10166622804499263,0.1342099725582133,0.1126652042453805,0.8488656236474208,0.6733689720620958
1002,0.8889753231576424,0.9367392051149676,0.04777074277478335,0.2182148247536875,0.15693009093901433,0.10262358098069221,0.8249280011830333,0.6398755178144212
1003,0.8898563705664366,0.9453278108384683,0.056934090084204456,0.24551108768982025,0.3269613432119671,0.08165069029973211,0.7837113439108038,0.6564480549958419
1004,0.9357383268386156,0.9515185184734529,0.017291485763700026,0.19771777444212216,0.25001686255590877,0.1055690320007642,0.8934816882550641,0.6454333816736332
1005,0.9293890590725697,0.957303646880004,0.0295477911121238,0.21263345425459731,0.2535263695901144,0.15533888061475373,0.8728977475063725,0.7073442786483821
1006,0.9336586742811954,0.9769675709987657,0.05178360665668944,0.2719917272204963,0.3305206277266804,0.08239796438722247,0.8373645928242579,0.705754776086442
1007,0.9575047694409194,0.964517131170572,0.03412503907686429,0.20661807383219147,0.19439218141423528,0.19896399694144942,0.8486868931193672,0.7300696047133213
1008,0.9630951396343473,0.9923053756273952,0.05320233140825615,0.283400683778056,0.38743054721695314,0.10509515921308753,0.8449464482395187,0.7452653331401127
1009,0.9127268603606089,0.9906478178460167,0.08056909561360578,0.45395278862073113,0.4861969803074128,0.11372320445546204,0.8381348216722772,0.7168497236396741
1010,0.9203103744068446,0.9827418242861067,0.06424665993095655,0.1754473411951686,0.16515359821312958,0.061226092211012745,0.8145966018948122,0.735695375639329
1011,0.9251325280422985,0.9797135424531959,0.06436445545943274,0.24541207948156127,0.28944400958024624,0.13051954905580584,0.8773332513485074,0.6777882102187659
1012,0.9475706157302181,0.978254664113383,0.03892517743845332,0.49652251609405984,0.5393758906004806,0.11778748129068613,0.8347727431028366,0.6527478949725092
1013,0.9272243388919944,0.9741089085440578,0.04885978252069426,0.10567127916897864,0.10650908400704388,0.04785038954051664,0.7828392421166188,0.6685109634810368
1014,0.8987185939853507,0.9861306075451557,0.08925790131782467,0.40478675663108166,0.4672004379785294,0.11970223788106082,0.8055281294415755,0.7162647323015905
1015,0.9048642770478964,0.9667830446140957,0.062128574156430756,0.35557567366537385,0.4919032812470654,0.24254015535356432,0.800513771823838,0.6719680091823936
1016,0.9101684080456481,0.9795642863370261,0.07475001451760159,0.24493312843403348,0.33359281963075726,0.22334353274317217,0.784311481506847,0.6436678837934457
1017,0.9243360528334154,1.0289069095006156,0.10831877773617937,0.10981159557181487,0.11847040630364122,0.0862807449040797,0.7356968326221853,0.6710897208661619
1018,0.937245444828512,0.9610913169454393,0.0256215644321154,0.08605569202923441,0.09640490118364178,0.0675836195614829,0.8198313090936421,0.6881191409060811
1019,0.9236219817693666,0.9583087678755934,0.03484170020947671,0.019811960590914793,0.15321771460770978,0.17205294460630055,0.7887913823926569,0.6868316585748637
1020,0.8741857169999758,0.988547780307122,0.11666626116909752,0.14097248828389883,0.04727688422846211,0.11939346576261828,0.7906862152842173,0.6724677236800745
1021,0.8863739353232705,0.9911187609246521,0.10590398052618773,0.17991388651851692,0.14397772234190212,0.0639586978746259,0.8220896167013099,0.6427950909973601
1022,0.8926841605974652,0.9749248394946469,0.08273894365324329,0.18005773610029285,0.14266365894296412,0.13259624804143344,0.7781405477893049,0.6483957634663383
1023,0.951474877571206,0.9599156915133624,0.023950054197385082,0.16011168996246333,0.2477772497823139,0.1301193176961341,0.7591543932420098,0.6625586286956224
1024,0.9390573367308382,0.9718875056210774,0.04709505902923462,0.16212186557833166,0.159817773852014,0.14050166703627745,0.786205479742911,0.6072660210094909
1025,0.9383812481445951,0.962200096419266,0.029659976162761167,0.21214508155410391,0.26100007628365807,0.12370475047657893,0.7522632130510967,0.6116751844646182
1026,0.9647701455628577,0.9406953764232653,0.03352632570953951,0.2673579149147568,0.2548561497249095,0.20857434977896808,0.8296368214793077,0.5902231837509903
1027,0.9507536966388793,0.9578898857015083,0.03230455261515499,0.23086239170455952,0.2179343608590914,0.14198180568953886,0.7477528384979861,0.5972829026836298
1028,0.9970665666269499,0.9457338657305598,0.06069940037331682,0.18287357257701023,0.2961796593973469,0.13591897832355485,0.8159725016790047,0.6301763034454577
1029,0.9671248380615366,0.9550111559322256,0.021717768144301222,0.05214013407914438,0.12918460735911916,0.10031806908532098,0.7776411753912178,0.6430617464826907
1030,0.9233508704845217,0.9342845575494697,0.01639955680519274,0.3029023014358891,0.20428383184709495,0.15578827583752122,0.7953323644092236,0.6805859720502293
1031,0.9391095163215534,0.951069475722712,0.017439397219504067,0.18615763820646153,0.2781981792871074,0.1001362772049486,0.8385363643794195,0.6957279810392542
1032,0.9577198177689272,0.9418366243949012,0.019970206201089594,0.26354300889348226,0.31367713023532795,0.17077127278799836,0.8681403678190158,0.6715613337022536
1033,0.900208974466827,0.9629227760496993,0.06686148638096952,0.3081133254079192,0.38289681684113563,0.1941414355221629,0.8893587657518457,0.6581283593667036
1034,0.9290969526715013,0.9712591508440885,0.04703609510794167,0.3930353725228601,0.34773645564387484,0.09233369353504867,0.8526615899714466,0.6559483789233497
1035,0.8949362252205416,0.9680389204466943,0.07554889557492794,0.4585225105562857,0.39282752869845855,0.08794035150408097,0.7734695337780784,0.6855573929473968
1036,0.8985836858538956,0.9651129475520789,0.06714056481281791,0.31621993269145116,0.38597310155860076,0.09695140490302047,0.815513909659902,0.6830000943296379
1037,0.9107410165399702,0.9674335480566342,0.05707668726340655,0.18583934620141063,0.2535640845164941,0.13914858645225842,0.7827375803331045,0.6514980049924693
1038,0.8976283303588888,0.9883831892405853,0.09164139104590048,0.26541866501882244,0.2798538433081313,0.09981629388555613,0.817320256990085,0.6448323196364847
1039,0.9134431788800248,0.9679610560920425,0.055158556371700876,0.24969570165972169,0.22332809300762096,0.13992138293367018,0.7911180965785384,0.618423182570861
1040,0.8776751012104006,0.9829852759691946,0.10580261462262093,0.4086700642959973,0.42079011408518086,0.03880111836571134,0.8166554450731272,0.6285817402538452
1041,0.9296921221642043,0.988697910882909,0.059687698923274295,0.4320572344052553,0.5811108347498759,0.1500115792703133,0.8095544952326921,0.6384354256808986
1042,0.9455850767542924,0.9943879606449587,0.05535079354994533,0.0662183408174004,0.24554382179044973,0.21568118007103543,0.7796998572602808,0.651112837346953
1043,0.9458777121191648,0.997444809034979,0.054322193750713,0.29256850682495034,0.34571256800658234,0.09467857816692771,0.7941767182208128,0.6631971242279964
1044,0.959439254666456,0.9785168263257219,0.02204179298508838,0.3746826134249397,0.4020084410388788,0.060160306598237734,0.8205454432965348,0.7086447919522235
1045,1.0178164271279038,0.9943956173640337,0.029462661491439293,0.2672893157692625,0.24881437851284938,0.20719483321760906,0.7304981058346302,0.7121261549638699
1046,1.0177534871622413,0.9756153219594895,0.05132759644225987,0.12441226280162967,0.17098984817084215,0.1600844300214018,0.850532937156452,0.6830551053827711
1047,1.0044854204524514,1.0405062781660228,0.05155758054810376,0.22790389863243285,0.3006312176674653,0.14397761536999146,0.818676568066228,0.6751410661061216
1048,0.9699057493681513,0.9854429801761201,0.047728809880297055,0.14008514044426176,0.2781072965379768,0.21482443743540347,0.817574362077435,0.6601563959405402
1049,0.957066628725095,1.0545807874855335,0.10198522052455818,0.23685609686867382,0.1677901523196268,0.14511101695377318,0.7924203853387412,0.669037436679149
1050,0.9950571439315632,1.0580606104005428,0.07958520083748596,0.3305669774943145,0.43498073111219343,0.13347306532036038,0.7906846373725697,0.6983730774150931
1051,0.9694489067317887,1.0524833610472892,0.08303884887464763,0.16111433058010444,0.16757259997810967,0.08682286962392002,0.8357745448833067,0.6592649470214945
1052,0.9515134464011139,1.0171929180477837,0.07418023361537221,0.17446832196681983,0.08001550028895626,0.20833676248289404,0.6853904176837896,0.663523503478143
1053,0.9393739604663922,1.1257284470980133,0.1871407677042755,0.19438995808054588,0.17350756841260248,0.07864392792428153,0.7559785212213573,0.6224608562376317
1054,0.9466790625607765,1.0792984691076815,0.13746014504349574,0.21587353918006646,0.18977348084389836,0.15002327519160327,0.7083481929713711,0.6297900582397508
1055,0.9554999038796793,1.0363686800441116,0.08183842819275805,0.23123198554126875,0.1733240993979761,0.14227189506305613,0.8439947892350492,0.6172837757228553
1056,0.9541858335523977,1.066178501408189,0.11450689565020764,0.31533125113123867,0.2000269429597249,0.11573735648574551,0.8038115957152743,0.6141284890725309
1057,0.974138543899984,1.0139816387905796,0.043795244048935186,0.3467987958691467,0.34604651542409187,0.14568215414273153,0.7405019125072421,0.6145938540041521
1058,1.0062526235918043,1.0583708843812436,0.060721061198312214,0.2402751438738287,0.22603926531422025,0.05425224352439578,0.7770327683715468,0.6040482371908802
1059,0.9824063451597952,1.0209737631888414,0.040402197342373346,0.23721167614329197,0.1670694935603537,0.1263508768020842,0.6683318963876168,0.600899786622497
1060,0.97172444846308,1.0370103991632893,0.06573889630648075,0.3148553450893125,0.4076356473244469,0.19354029548684584,0.7634189164330049,0.5845821656484056
1061,0.9798864354568863,1.0896324870280554,0.11882767487816086,0.2934791106817503,0.29230274208966706,0.08939554207917082,0.7337391275105529,0.595549194924132
1062,1.0098653993512596,1.058789047651178,0.07735865827745084,0.2679680787370275,0.19226471110163273,0.24424239307713982,0.7635377062378095,0.6305412708824731
1063,1.000340924058467,1.0281619914550042,0.04064269595398331,0.24646424786636978,0.2991732570648849,0.23710688491153956,0.7621435773432456,0.6308705762330276
1064,0.9996138801743044,1.0678240584239795,0.07555511878332315,0.4324261322027135,0.4870183958709224,0.26815740853633807,0.7093528543028197,0.5810376168802469
1065,0.9905813902654208,1.000828513616139,0.030075909516676137,0.28235828449243366,0.17052736382456582,0.12536748330984726,0.7124114692931431,0.6213134655316744
1066,1.0108416603587842,1.0321770759471856,0.02277205492136997,0.3491793954968968,0.38858986620047203,0.1370339763622931,0.7516093603008971,0.60768069567481
1067,0.9704435074141967,1.0383608198064571,0.0726274398117032,0.7380289553797016,0.8750109710862346,0.14497635034036369,0.708230724517166,0.6000077646506505
1068,0.9517066767554929,1.032984775535853,0.08247671950207075,0.5391527024424689,0.6414507578223057,0.10823539619648263,0.744899842350202,0.5882105587243971
1069,0.9614758832291456,1.0356797267966948,0.07893720458314926,0.35272704246283304,0.22410493786170357,0.14299587950269416,0.7812128145360092,0.6024729932112559
1070,0.9864500551834469,1.0402456125564696,0.05508655230236772,0.6589864425120892,0.6554283948309486,0.051640543899428314,0.673690612120939,0.599061490246365
1071,0.9961540484980096,1.0546554021803403,0.060148548403821785,0.6101450828016702,0.669183113457908,0.06479618395984885,0.6514978644093672,0.5594064697406173
1072,0.9981030492162332,1.0494555863641595,0.05138088715219186,0.3465531109379161,0.38693364672260794,0.048866075685859024,0.6906307976836433,0.5840487071266953
1073,1.0070447968785952,1.0189386587701617,0.01894694514566509,0.10112303910448503,0.09591769346358547,0.07617494746709462,0.7539588059360659,0.590170163107677
1074,0.9911241717991,1.0106008554790777,0.024997327510238636,0.2991380788569098,0.3569273222571418,0.11465293820939144,0.7134642743545399,0.582101525848883
1075,1.0346484795156616,1.0162268404834744,0.019233886868240336,0.3838662753955942,0.3015783261763339,0.20330389595364623,0.7097946233373637,0.5467809743879054
1076,1.0315232608377662,1.0220046637418718,0.018977634934323775,0.22800657515049885,0.239799091967707,0.19465274526535845,0.6467550543066776,0.5602426693295799
1077,1.0275464472866733,1.0127057131525232,0.0377274217709885,0.16858103232421304,0.25735554728080184,0.14896294777357572,0.6461759513584184,0.6142267423864842
1078,1.0032536769666789,1.0209025104893206,0.01836108103379141,0.22488602602327412,0.16115755682928617,0.06988392617047313,0.6476218181935353,0.598885297619031
1079,0.9633181448049379,1.0181119182909997,0.059928795208948,0.13021044566852052,0.26112120895279495,0.2442050043986257,0.6490666967695015,0.5462772266033179
1080,1.0227610505058151,1.0293094373681086,0.025815852530177374,0.23312755310837108,0.25890191673830953,0.09548169957507736,0.6460728715597747,0.560905947640796
1081,0.980225154415341,0.9964677264243834,0.03324256973551443,0.20674930928634408,0.12516931477679805,0.13067346590224085,0.6471764719607314,0.6058775645760778
1082,0.9797761583638199,1.0072994193420697,0.031093842151519314,0.1918521749896615,0.19184372526727347,0.10659755528847416,0.6487428748344013,0.5790509545519025
1083,0.9749485040206616,0.9927332994270128,0.024683979826271952,0.11765907695843564,0.19452523172183497,0.11075904786056036,0.6464421883206936,0.5974889395122503
1084,0.9356130799274313,0.9801148640677798,0.050298462469149506,0.1023930224517765,0.10730471669430015,0.01605219587660966,0.6504140085325534,0.5825991350801912
1085,0.9850571661868044,0.9753058978921132,0.0341317765152329,0.15303347995144453,0.14968872594837404,0.0886320985123799,0.6909226997326094,0.5551324988746055
1086,0.9930265410982227,0.9464058901057382,0.07334866124182692,0.05109186962356553,0.16836005823535236,0.1349480132522209,0.6838824927026809,0.5633839883841009
1087,0.9221202375802372,0.9488721142345697,0.036163126812535855,0.3028576103980122,0.4462753693973343,0.17240184851398574,0.6442347250963327,0.5745227279437934
1088,0.899155560108841,0.9577654223303285,0.05958801887954135,0.3504553698412917,0.2812529378617483,0.13434351139669345,0.6459757719463278,0.571948174940086
1089,0.8743499114853728,0.9355398248995482,0.06181028463930709,0.1388189106099086,0.1324173292810953,0.08061794803861172,0.6458050859483949,0.6206393725835321
1090,0.8736607108865988,0.9402607748518739,0.0666924945813913,0.40254512907413414,0.5328854797832758,0.1930508097008387,0.6463199953457583,0.6539731054589103
1091,0.8559479989843174,0.9080937061071827,0.05529973908416354,0.37183449109132427,0.291018540510196,0.09067387383483938,0.6460102258726673,0.6715223450725518
1092,0.8229980254545946,0.9155336263429512,0.10940007743232918,0.5646354486102249,0.7139853899619986,0.20072875461375228,0.6568961981646559,0.6761883965538196
1093,0.8266155814306569,0.8913264182442276,0.0658513820780978,0.6238049190679087,0.6550179180780019,0.14504413388592066,0.6405977959625986,0.6936731217754779
1094,0.8221928381572692,0.8736677694896242,0.06630143116125581,0.34047457511579365,0.343151465003015,0.15253056980912363,0.642280348682715,0.6911811373086012
1095,0.8233030360721838,0.8472149585860077,0.026408464380202033,0.3101390691647042,0.3362708748035722,0.08113572636280125,0.6496064187117937,0.6827562471971854
1096,0.8094118056539662,0.8410488902142801,0.03413379297052126,0.5520612025511387,0.6242258232304586,0.09048130123271517,0.7151837555976563,0.6899399506135141
1097,0.801315005675609,0.8404559179304072,0.042909384837545535,0.3674888187467269,0.3475560177031329,0.10827368188688596,0.6465916205615885,0.6985100840738111
1098,0.7687053032584835,0.8326114229664019,0.06664522166695172,0.11222409122036679,0.2069844715646343,0.108425223170401,0.647357352412566,0.703413672479191
1099,0.7724395260150024,0.8848352367844531,0.11369156342012249,0.2537996149599117,0.19072994049468206,0.13727860362604366,0.647489961558836,0.666153473761677
1100,0.7666789521917133,0.8270763165121137,0.06233839169530631,0.13699346279006808,0.20504236115908733,0.07821456782922134,0.6456606477474174,0.6603714886600656
1101,0.7397042553062072,0.8081243553183632,0.07010357100535831,0.23314750868579778,0.2109199472656548,0.09610913984108241,0.7478522428186888,0.6621305637150388
1102,0.7177632165081699,0.7781180476646062,0.0620832955268374,0.20367174987281988,0.20533804058276062,0.022314844242596055,0.6489275947888429,0.6762515937619699
1103,0.6759723502108645,0.7456878612149338,0.0700316288278838,0.14191251559451878,0.1570411221784692,0.059194732463702694,0.7123460310599437,0.6772241035073957
1104,0.6534353201140808,0.6986865755573396,0.045540795092066606,0.1462370219674259,0.20345906440783415,0.070781049798534,0.6987893653558508,0.7095668762223621
1105,0.6371178078071759,0.6812675605187508,0.04418730907931114,0.13364873877649805,0.1621714642374679,0.09961318479619204,0.7138186398299021,0.7426261006071664
1106,0.6108593159832978,0.6564586772615254,0.046337971553361015,0.15495085507809964,0.16545461374417805,0.0940498621974169,0.6491096945622798,0.7891879668064671
1107,0.5874916884519267,0.6374136699396086,0.049983157713444235,0.17923021876894232,0.12517301848363155,0.09555825315446437,0.763298922994759,0.8145874377498442
1108,0.5729184318423075,0.6103140186566469,0.03818176955017385,0.2278378512078024,0.25597024073154107,0.03330569557046999,0.6534803041190635,0.840513420923849
1109,0.5539565734828338,0.5940954364062199,0.040826751153451926,0.21384600055220762,0.3312702814520763,0.12314095472507773,0.771982932723042,0.8184915487600771
1110,0.5281561761903178,0.5586155811471902,0.0339228473169168,0.3490049669128265,0.3801796648756183,0.10116701823243597,0.7217727882539494,0.7748620378609297
1111,0.48177178708314455,0.5295567657357638,0.04802640874237224,0.5337101705764744,0.49978129761906975,0.09126125232021251,0.7480292148298066,0.8090165781325507
1112,0.47772346551214206,0.5088103149895659,0.04743704121850369,0.4553838556927599,0.6172157065886137,0.16585963909212387,0.6930564245546517,0.8384274142274147
1113,0.4532218399484381,0.46793828087986467,0.015454209615552066,0.7349181559776569,0.7819171304771699,0.06235173297063276,0.7462049887692366,0.8350460777756088
1114,0.47583016240560716,0.47156294649350483,0.008896205417085268,0.8996653515149499,1.0290703685381763,0.14296253227517958,0.7472190362046651,0.8422628108905936
1115,0.4407387289129328,0.4655468906702214,0.031533872528025066,1.1316793772824982,1.2357925347692955,0.12565419486924706,0.7058687266702587,0.8442228638491132
1116,0.44399977425006726,0.4396293882983355,0.005310050369908706,1.381127772782465,1.4945357303267144,0.1538980337363077,0.7639788114998484,0.8532088646456498
1117,0.42290131260232594,0.4257842695516495,0.007205146515496531,1.7175015798148843,1.8019402069962243,0.10376287541859434,0.6949231146679609,0.8404596188894876
1118,0.4291504253478634,0.432989771357257,0.008250258623361895,2.2820218118220073,2.1665031110635167,0.17226279851142098,0.7831142280261251,0.8408630740132822
1119,0.3875470474746192,0.42085356940973034,0.033984628745125506,2.3785963769370215,2.429711274206292,0.0877144145019457,0.7224570904283574,0.8390442636167111
1120,0.3872670986677334,0.41846586944366604,0.03196393039615706,2.65308841408438,2.588535387183159,0.12059769025438122,0.7786699329055821,0.838560457489113
1121,0.37767746207599473,0.407835200227883,0.030369495407503645,2.8265445553389665,2.7284228049687695,0.13155186154149848,0.7916439654435967,0.8130560205104904
1122,0.37544809250604866,0.4173284824776473,0.04334543486917283,2.697384453874518,2.807947204053682,0.11842111241815036,0.6789821744533011,0.7802800797876598
1123,0.41292656221120627,0.4065044815291251,0.015025986957888267,2.756997804281631,2.773258578907055,0.08437605979666289,0.6523040809216655,0.7577913303786266
1124,0.4311798940083744,0.4232225049635881,0.018053922121583466,2.8451643565781053,2.8682814915370733,0.07214344330699787,0.7668131933154754,0.7604123509974314
1125,0.4092467099647928,0.4358486158221634,0.03724630196267435,2.8716704048553843,2.9378876865322274,0.09847754573947044,0.6836271694295344,0.71099689778899
1126,0.4282349893868446,0.44248480089902614,0.019116968875543396,2.9511101662885983,3.0057484194198154,0.057644802878390515,0.7151824658223835,0.7104336914077175
1127,0.4433208082377826,0.4611406241469316,0.03811766613576364,3.040662803726717,3.1005083489770713,0.08123605199046048,0.7046784583900036,0.6949681573021702
1128,0.4586324752207119,0.4649876969848428,0.00923348868152333,3.1609592850171078,3.2373406181497937,0.08207634685228196,0.6655332465873726,0.6781095603854057
1129,0.4672928510755267,0.4895420128077972,0.023554908658322073,3.215120702078458,3.3608662698080147,0.1588236356348314,0.6930588798694195,0.6852702566971505
1130,0.45875476234322377,0.5072952077829329,0.05015484375524739,3.4030008943080396,3.4071301868778883,0.04804586701854802,0.7208618698267198,0.6891729140239874
1131,0.46017376172569563,0.5055244000836023,0.0463905510544531,3.2107250939230005,3.4529515150395778,0.25078542720514113,0.7742811333163306,0.7121378401308958
1132,0.4910391645417566,0.5634025424722278,0.09942929399429963,3.3889468204299895,3.505739900789571,0.242525697904425,0.6505995364282355,0.5596013116095688
1133,0.5196386559191347,0.5170407681404287,0.03943999696017233,3.439425402294807,3.452196422338581,0.11253682462223448,0.6506657000295828,0.6572051027322903
1134,0.5052387844709452,0.5679355488920289,0.06306480939477835,3.3005540915258,3.360664819767962,0.10546733744257669,0.6632844426265532,0.6820081693727352
1135,0.5438207621458357,0.5421213104525842,0.015055427324328415,3.320393150495847,3.24711072345792,0.07620155694702888,0.6734629625744178,0.7006615427750698
1136,0.521094067580559,0.5586845344384505,0.05424019576658582,3.2377327490515175,3.210508872636615,0.08349311274297497,0.68819926248949,0.7166635949899053
1137,0.5636522189368621,0.5572811634661582,0.01142406903341313,3.186948563231353,3.194702980144985,0.06048898683726611,0.7554832859447288,0.7442031083585249
1138,0.5486890569737368,0.5820344474694665,0.03360794471488277,3.0862058754970816,3.181461751079783,0.14316880258026676,0.6589761733305004,0.6961889062546939
1139,0.5842176279943094,0.6142640956076176,0.03176780127191823,3.0653013990204596,3.074839632713553,0.06782670906666928,0.6770004421863951,0.7586397547300576
1140,0.6168209228302465,0.6165157325538824,0.008864106746500093,2.92975751383779,2.8112826098565376,0.12154235750716855,0.7305995016165516,0.7296073470090971
1141,0.5895728221580286,0.6534269020751347,0.06515684562916849,2.3771419922224193,2.4313003022029553,0.09800168441362937,0.6544343591138839,0.7191490594844371
1142,0.6080107361791265,0.6301047498345022,0.03480645805750145,2.0475767245053254,2.046539288949321,0.07179007585655525,0.6978879662118684,0.7223058580326226
1143,0.6371914164490474,0.663695127403227,0.030844969603979075,1.7590523981528727,1.7187212146638713,0.12000869144797521,0.7319498532719764,0.7688041599241635
1144,0.6001524306422434,0.6684815779673454,0.06844877791607255,1.4246082099410138,1.4620640300692764,0.18455446652378646,0.6845752836196245,0.7193887922424572
1145,0.677236240278439,0.702537096782587,0.02530481492473148,1.1297432000521421,1.1826934310913866,0.11245111543024788,0.6683844515426103,0.7276176342314679
1146,0.6825699667632877,0.7433768448353198,0.06517756377581208,0.7340638206219443,0.8634053795454867,0.13303821613896835,0.7718091835831584,0.6859231392503183
1147,0.6867555674948493,0.7079688726522828,0.024847749694307766,0.6550696845999043,0.718121768606958,0.14589920508275753,0.6927082459097731,0.7310435974517046
1148,0.6705049666940908,0.7466300321484476,0.07945974480734483,0.4990039904659554,0.46476932778258717,0.12459009509318934,0.7160223153997445,0.725182262554627
1149,0.6890154235083777,0.7733742692481765,0.09217942379005281,0.25432956970560944,0.30853254756832865,0.07880998313526891,0.7703123541138777,0.7100273038970315
1150,0.7446657986073746,0.7960135617933007,0.061795222428865586,0.2719217771036117,0.33227893636490985,0.07894800279550872,0.662349867309594,0.6935904327793334
1151,0.7083650919547921,0.7638937731011705,0.057817714301936045,0.4668939634678356,0.5853123846422323,0.16431221444368765,0.6531981876801943,0.6767834547660438
1152,0.7161434511148347,0.7233911788069921,0.012207703013716042,0.45048037331797225,0.4940914594070859,0.06510680725296103,0.6496330467809716,0.7070740944394796
1153,0.736487651901557,0.8294934570404349,0.09519248297039463,0.2073785599323073,0.11940072388390752,0.10227425105872291,0.6616096971511962,0.627086551969879
1154,0.7765978289003311,0.8254707216881084,0.050887324587245854,0.27761681544502415,0.35564263851803796,0.11933373337159475,0.65086977370256,0.6703677790183495
1155,0.7890330700534803,0.815160014066143,0.030210403755215498,0.49854187688177115,0.5328964565847925,0.05574330386993194,0.6478626720461775,0.6923317639803106
1156,0.7600351941719384,0.805308069677224,0.04769290122522492,0.268181014369311,0.26027796701735806,0.10532721478295745,0.7084134066921715,0.6694662964192957
1157,0.7747115165417496,0.8105681741071491,0.04056742100349348,0.2114134568952302,0.20949867114263007,0.04346197654891942,0.6570392480471118,0.6831465151625847
1158,0.7712009592590577,0.818456889434993,0.05817281075313373,0.17158195364298057,0.16892335778162562,0.14134783610694837,0.6480584516702773,0.6003227225600325
1159,0.7693238605769496,0.8872078907646552,0.11995647437688262,0.1714839228225944,0.18499721763805546,0.05955409787600084,0.6482068072637908,0.6258190428245759
1160,0.7636575242260273,0.8480084689597024,0.08446698089415176,0.07345101141074942,0.10622685948921767,0.09262368836831357,0.6613240880759053,0.686119212658483
1161,0.7683514192801907,0.8419979038816872,0.07685585132305123,0.12588154374228824,0.3414972222181309,0.2619592370687532,0.6430822654773541,0.626961345179456
1162,0.7553922713391796,0.8472182423410404,0.0920389845777458,0.14790722047281035,0.08506329941199696,0.1455018368956404,0.6476674757046049,0.673225329728393
1163,0.7905395203370551,0.868773293925013,0.07871939388078625,0.1468540662149367,0.1163882752090371,0.04217457305349803,0.6454725741505415,0.6805971161424027
1164,0.8324880780135596,0.8678992494271984,0.036561345996919736,0.2500922015270697,0.31539846328402965,0.10469030220633374,0.6449265661909339,0.6446115347123196
1165,0.8419183742897446,0.8548157759207725,0.014310216930258805,0.34890640061837963,0.2695247384121733,0.10184914366957235,0.6486719575111358,0.605271901329596
1166,0.8280783880194754,0.884178982906815,0.05777520867791027,0.20816300346426853,0.1507548501952882,0.07437676012286897,0.6499464406446637,0.6413428724328805
1167,0.8396941959485668,0.9045663841881564,0.06858932722058254,0.3317362969634327,0.35777052826462263,0.02617080044308265,0.6471379242123141,0.6513496394797011
1168,0.8246585123442903,0.9109993316146959,0.09344922344919461,0.2890158611324789,0.2319401913800261,0.1767279708586598,0.6467670444900178,0.5458417349225255
1169,0.8395269947168593,0.9558234486941256,0.1215908884185955,0.32836453038605323,0.25455725128560236,0.1246144140107207,0.6484647690298065,0.6269728463607527
1170,0.8750665567130366,0.9218182359289203,0.04675420714055687,0.37382133085205643,0.3203603002946792,0.08663307688558716,0.6427197979175475,0.6372233642864293
1171,0.8699046188576525,0.9484275016365985,0.07929135159207593,0.3094907886327671,0.26527796892941474,0.06855709819985513,0.645201336772828,0.6636428861184818
1172,0.8302953629828941,0.938554465248819,0.1123496327964558,0.2704056944800479,0.2889587228654504,0.0726909575211099,0.6416723999094825,0.6700260917356878
1173,0.8846686594331937,0.9759924501883402,0.09338493716414174,0.3060146539767505,0.4253025438523373,0.14933947207003045,0.6464918058241744,0.6215754069786652
1174,0.8558291074329658,0.9040481646170652,0.04899029638796569,0.26521597610902176,0.37144326275101497,0.2172779630874533,0.6451463518964823,0.6411353567041381
1175,0.8227722980521531,0.954387234987243,0.1324930624263842,0.2575193484404015,0.2965013560920686,0.07151777383378904,0.6389340597313251,0.6243409078613695
1176,0.8344490673870388,0.9164324004192492,0.08203773678922444,0.40833963235681403,0.6339555318107639,0.2625928962652605,0.6431591725924946,0.6401557312504594
1177,0.830613802512721,0.9456667764173107,0.11615584324634924,0.5064186104714381,0.4242414864745999,0.1100863606784186,0.6468164121145997,0.6282380837920515
1178,0.861579822139197,0.9904900115154119,0.1293780852785508,0.17948543722504656,0.2921699421999181,0.18968316550777828,0.6479000542381572,0.5821776572300642
1179,0.844998278182757,0.9488028295700734,0.10776329438735659,0.4480631377629214,0.4536993277399284,0.049463659608019045,0.6420114795753857,0.6273717123262712
1180,0.8147505623661034,0.9280197583752852,0.11538199877242081,0.36855509998957175,0.4566110289510786,0.13452309694681922,0.6437333977073794,0.6064544654003512
1181,0.8215679697945885,0.9416807828657039,0.12030442466065908,0.14467205736452968,0.15116397493208822,0.11574392992475528,0.6472123915985156,0.6273523224418449
1182,0.8006301722209668,0.9386631470352136,0.14207208428057788,0.10506387081631485,0.12507017624176767,0.07519147139388838,0.6717018627716378,0.6277750162368423
1183,0.8324570220405969,0.9460604390837323,0.11395088101859913,0.16109732070165655,0.19694642043680785,0.08964908245315074,0.6461356172479583,0.6049598633238129
1184,0.8535687199409667,0.9709659000368902,0.1292891412564097,0.21894528351742706,0.26830185795522804,0.08702655681483268,0.6423812550206361,0.5834953466665892
1185,0.7978265632768976,0.9398092857005227,0.14211981263933224,0.34895442521079356,0.41022068664882055,0.1315581548193857,0.6448218501898652,0.562018135092818
1186,0.8220423075174829,0.8990661425145481,0.07805997851880722,0.3124083996719617,0.21848048147675211,0.17495374601067423,0.6450176129697921,0.5851830399171366
1187,0.8105824732067376,0.9217182331852054,0.11635046634157489,0.2728585652096184,0.26916361699332997,0.10741141677035367,0.6465706028681482,0.5619346229569284
1188,0.7871309965894329,0.9178307168170647,0.13416401043643833,0.23124495878736187,0.332058240898621,0.1712129677245398,0.6467683306766905,0.45893240363141286
1189,0.7999991062253929,0.9022318216696711,0.1048391823485655,0.051521565359831344,0.2838919844216065,0.2405622164267586,0.6489406179367682,0.47411302091037894
1190,0.8079310647070198,0.8698907665353087,0.0811231589625418,0.19752999495143345,0.42074249236182243,0.3781729085898414,0.6477337681274278,0.4214888307016719
1191,0.7798447027969286,0.8388914213077499,0.06968604264426276,0.224816776106529,0.3364309131026671,0.1889201062830369,0.6493106274671233,0.44795492657608293
1192,0.7796636228763253,0.8025315353372271,0.03624001177690586,0.2624145512414626,0.3503132634988879,0.2478793481916991,0.6455242047538691,0.5124117327665557
1193,0.7439879085212944,0.819872291233094,0.08662031601173457,0.31838692354570847,0.33920073918189636,0.12143666678883548,0.6457089132147219,0.5478003218334067
1194,0.74766685397477,0.8405089089770681,0.09551321898095841,0.3370149106002275,0.3230788097202375,0.19974593133343183,0.6487616211888305,0.5170700830522397
1195,0.694225157366424,0.7794520170325877,0.08723027451458838,0.11444870344765179,0.2759738095020088,0.18804455319409144,0.6478516043381615,0.5898267128458815
1196,0.7399802881752487,0.7857531212936494,0.058614593366783964,0.5175198446428961,0.4765589329813005,0.4605894554325546,0.647318286643847,0.43166514701535613
1197,0.7191842020931473,0.7239414987411718,0.005167618177655993,0.534338477082511,0.40182698633563324,0.17928993208538938,0.6482583463619556,0.5808043617786661
1198,0.6732972704258208,0.7387505375765018,0.08057975622824447,0.3297712765453304,0.36916864475514527,0.04811255564299899,0.6473972458294207,0.5909539605406454
1199,0.6421317665640681,0.6655043681683714,0.02390474866963358,0.360887899532457,0.279127433380741,0.09138290490880487,0.6447052784979381,0.575588967498594
1200,0.6353203767928964,0.6334709994151823,0.026322854458720134,0.41495846787099583,0.3193501265882993,0.13374111161804847,0.6447228032475409,0.593624471782159
1201,0.6316736614468011,0.6688327894761081,0.04196978262463709,0.45656840801138215,0.35182486755339715,0.27148227810610903,0.6470711625405952,0.5185450137756197
1202,0.6125901072479237,0.6165507363043463,0.0218100395062972,0.4972146325247508,0.4022220114729227,0.3132809058013394,0.6447954196367989,0.5418398944762668
1203,0.6296761461788187,0.6213954690532533,0.047167685653648324,0.467044557465865,0.3748747262035462,0.3125095170206916,0.6439641835820733,0.4942103114869267
1204,0.5725932842829499,0.6695354077578114,0.1085919936885291,0.39696950538716297,0.35110655360364995,0.08903872896335482,0.6459765087623618,0.6545222534609978
1205,0.5776340358335667,0.6790630981662856,0.10571877164480385,0.31858554372913106,0.3241492394539146,0.08887829882130477,0.64286468763465,0.6352615772141204
1206,0.5840382659070801,0.6527755331684183,0.07253784175789636,0.31498801480901845,0.5042043375790202,0.3292692644449441,0.6968969902317058,0.5638088002630436
1207,0.5987152558146783,0.624240195436846,0.0266789356137371,0.23220304666831892,0.35187979321643065,0.15437504511517086,0.6492089661910037,0.6602982467377723
1208,0.5968818046189405,0.6352475065542809,0.041080909611217936,0.3684980994962987,0.572619147834292,0.2142611726949152,0.6436955798122979,0.6416832341965754
1209,0.5809225529350706,0.6024117095700833,0.026002003237100328,0.3770658861261372,0.3222885535034491,0.18684128509784206,0.6450129206319792,0.6932624067651936
1210,0.5925840071776189,0.6176797485245031,0.039513672642883906,0.21318461950507794,0.24213460185111488,0.12160223928951051,0.6437072227537637,0.6915665308288947
1211,0.5805309028541287,0.6392207906132232,0.05869038594587059,0.3873149336234723,0.5287330849188516,0.19267978350740494,0.6439174617139,0.6488331204022417
1212,0.5887926768555444,0.6187549754407965,0.0314354490767126,0.35875957539300524,0.3428427068221112,0.18289481356357895,0.6452520200965766,0.6836732109727349
1213,0.5765728838052377,0.5969050153313987,0.03275406650262368,0.3656422418531761,0.4151963184238154,0.13274625987575503,0.6417234873554414,0.6874962083868015
1214,0.5511197686013762,0.5848790712707446,0.04007511139621778,0.7202192088603412,0.6719572381099448,0.09318184859096876,0.6413386181510936,0.6940731771731774
1215,0.6024682166085372,0.5986730754945624,0.007002250070437675,0.8129323710513088,0.8451255246839252,0.06137542098602348,0.6437421572330714,0.6900454888791183
1216,0.5638228409890976,0.5708994865123611,0.02526212649695472,1.0554474694982412,1.1218662374198725,0.13516317601283587,0.63693638997099,0.6696831499158047
1217,0.5237477776667925,0.5997010455308283,0.0774908284603801,1.2622256400491776,1.2224189409592203,0.1754439768719217,0.6441723310769701,0.6767605289721293
1218,0.5588072544355807,0.5752032193572583,0.018655105905262207,1.3619481703577416,1.3779963184119226,0.10461377455412019,0.6417787454947046,0.6553294780806279
1219,0.5565240891370093,0.5349772091225582,0.028065846818089147,1.3517873486112564,1.4983908881628583,0.16854246492815933,0.6441500930131961,0.6266390472639614
1220,0.5560920517695562,0.5935987508577821,0.03817277692375209,1.4168122038090294,1.5321258668405862,0.13057906681581605,0.641429005241918,0.6701946645312679
1221,0.5364581032657318,0.578332163410403,0.04585901616789581,1.7729211139394159,1.78496226587774,0.12536751874247143,0.6413182646342168,0.6675711885145572
1222,0.5549447469279564,0.6036351274513393,0.07676593789872888,1.8622100395969339,1.9662359211479783,0.13476767297173362,0.6409244430998984,0.6579685509786595
1223,0.539018589943576,0.5847558282786867,0.060883433128232516,2.1509428962192203,2.126061106483484,0.07383538240664574,0.6452212389899434,0.6761521846914289
1224,0.5166985311493228,0.6080184975358559,0.09140612468675305,2.241641715680012,2.3586176047165326,0.12527695058140462,0.6482571957961322,0.6611263524082934
1225,0.5334964797115397,0.5193343679734684,0.044654499706886695,2.559725642322026,2.5433447689115685,0.14109258288339527,0.640860020352473,0.6430345320283419
1226,0.5220860436152995,0.5190594789674136,0.024983741756032508,2.6899639445404393,2.6860583108473484,0.11966888835754433,0.642828579917958,0.7329832899699011
1227,0.5152403056464886,0.5223181338390956,0.023796886548958583,2.6839714773871215,2.79773064568337,0.1363867687089006,0.6464246140159459,0.728826436486787
1228,0.5164462060141978,0.5058856825212008,0.023500143146655883,2.7589373101197907,2.9527492477385726,0.20801443942029413,0.6435848306914232,0.725533468042055
1229,0.49826732328629775,0.5183761709955892,0.025789136761248065,3.0189291989924696,3.050229370132772,0.11750166266870375,0.6475615458543859,0.733488858065261
1230,0.5019460148746971,0.507551640792895,0.015442892391322998,3.0369787225265097,3.086908842183559,0.17195929764358767,0.6480462596921872,0.7872627336426283
1231,0.49484996707647866,0.5034788890244419,0.013631466073895907,3.3157009077608968,3.1519588789258117,0.16800342424014725,0.6483081699087451,0.7801404979042061
1232,0.5153818294300176,0.5042176549722044,0.023920654211396098,3.2097050228093518,3.1830583837113315,0.10865580040616235,0.6507414972540899,0.7971902858670539
1233,0.4937584695140149,0.5014304046428354,0.02579696378932168,3.2970061554168897,3.134591423594433,0.19772558208021035,0.6512182697264091,0.8125328751073955
1234,0.4948582931573621,0.5113174885982749,0.01649194415329423,3.2424362158248057,3.147254635126437,0.17795900111721838,0.6509774960215133,0.8430873052382817
1235,0.5188927978282738,0.4849661164390019,0.03652615915613297,3.0081859113368163,3.0656034106650147,0.13722328093304761,0.6511812077035573,0.8066445600305692
1236,0.48510562029873266,0.5004792432239313,0.029595130935118112,2.9594346116931685,3.0044122011926295,0.06336775484698945,0.6542124049702113,0.796326129396359
1237,0.531514624665299,0.5219011402446364,0.040574684758079155,2.725448736176448,2.934249834906912,0.21206453967973124,0.6499676028338586,0.8062669468231836
1238,0.510462548120787,0.5372178280627178,0.027590796125153118,2.829948299862323,2.92736954998356,0.104792725717743,0.6531445365437101,0.7999330223387885
1239,0.5097131418996955,0.5120540730339619,0.00278596263113435,2.8258641159031157,2.8782793367426325,0.06510879744011354,0.6480905340748968,0.8004856382351955
1240,0.4867031969979482,0.5496045114152764,0.063480575742452,2.7271540811428454,2.746615823573717,0.04324504298271116,0.6586246892558549,0.7959763241406534
1241,0.5095601897848299,0.5316079267668357,0.02995313091463483,2.641808051752611,2.688311946677522,0.11027215494468244,0.6493130978917532,0.7861418730197683
1242,0.4911446359837276,0.5325604519891749,0.04161431486065498,2.6016751082930667,2.5937590338299987,0.03381323290036074,0.6495193161278282,0.784154090468493
1243,0.5052852837876236,0.5358160824659077,0.035163622383155284,2.3253334087526656,2.3627991592203967,0.07279505168859612,0.6495593412064464,0.8027478801222907
1244,0.5028392812111036,0.5323545521428747,0.033985413330148075,2.1457598064459096,2.0628617729138488,0.08917642468758642,0.651145594808022,0.7514556726469042
1245,0.5338863321664933,0.5492832900320578,0.01637631206226559,1.6159851910174308,1.686061290651288,0.09694945109410957,0.6648586024345932,0.7410521104391653
1246,0.4865807403382884,0.5454678596208081,0.05979558519069676,1.3949556170547837,1.4241746966169022,0.09667461915516166,0.6480136995818571,0.7334973902436315
1247,0.49948614361838906,0.5480618907826106,0.05335471508903248,1.1268039513379646,1.0658982339815375,0.0941612151500336,0.653126270902934,0.7576312294052504
1248,0.5075161403198925,0.5432048243798491,0.038630035423761235,0.5282927003087189,0.6334872156543987,0.1582754507638741,0.651167222525958,0.7592346653035413
1249,0.5046132042380774,0.5405740028275965,0.04530179410232899,0.4712720695108911,0.4618817301055675,0.08657234480881394,0.6502289193899046,0.736040175653882
1250,0.5045069254338994,0.5456607242540914,0.04502695922429582,0.3392516318408053,0.2709038698215182,0.10076074482686506,0.6805190834470991,0.7573682095308922
1251,0.4725643749543062,0.548614250956633,0.08218541014294604,0.10755725011617348,0.2647329301956348,0.2081395274048477,0.6499103413202623,0.7374391793210455
1252,0.5463223420081024,0.5067768512940894,0.04310774813395957,0.28951772568664347,0.2061452022628159,0.09522224096471638,0.6519361533644997,0.7402441798157725
1253,0.48817027469622215,0.5182211051801129,0.030818739183129256,0.3655389457658147,0.3596371073692353,0.07564267875540166,0.6727838459464117,0.7659321304065243
1254,0.47681658406626826,0.5045338366470398,0.03078651601089247,0.6746356079299506,0.6835287137348226,0.07696449197535843,0.6504033071626216,0.7552602265210218
1255,0.49083500025968596,0.509853203337214,0.02852751327264193,0.9784074451382255,0.9986904525620804,0.054675673833032554,0.6511524800532523,0.7752055099498805
1256,0.4763553910309802,0.5014484091571642,0.02691365685452663,1.2389138012768954,1.2253616056847658,0.10931285830383289,0.6591306099361938,0.774574713619635
1257,0.4272229018957379,0.5004925903203968,0.0746833554943635,1.55944357950577,1.6495823081332286,0.14366098992407314,0.6512292636816039,0.7925455191697917
1258,0.47154490842138064,0.47776456320182076,0.019728914605435733,2.1121328561913457,2.058067720831926,0.11624358841571476,0.6649074675621045,0.8081743497781453
1259,0.45448839546659975,0.4708305336997185,0.0300574693246103,2.2592450554497137,2.276026811863162,0.12272087972328982,0.6944890135895251,0.7877119988332842
1260,0.44202915185940417,0.45638027381535995,0.029349883966091877,2.662716946880496,2.6708397171940654,0.013969810213504914,0.7104535131289824,0.7905467099742578
1261,0.38462499211906004,0.45350754860944353,0.07297147201253808,2.6718158867818866,2.7921124067662344,0.14299530975228147,0.6581032488975126,0.7897545223355694
1262,0.4109964209281978,0.4430896703705224,0.06273681402830054,3.0503376395380912,3.072139723256602,0.30696021786108885,0.6773144444028815,0.7779840546388634
1263,0.39387038913823263,0.44372862525274975,0.05812064651981809,3.257528181165535,3.2745506670930262,0.17481959935626007,0.6479943902997425,0.7882019699081586
1264,0.36286244378184657,0.46521837054535425,0.10884492097596499,3.3725572099808496,3.4912503685763623,0.19557855480204514,0.647814562440441,0.7191991463967478
1265,0.41210512120436954,0.43093157973409474,0.022527061703290472,3.6327804803752084,3.5140536636382884,0.13872208321500637,0.6560102710636756,0.7618913522447548
1266,0.38570498144376314,0.38667514244269313,0.017761364794434985,3.4393160778199223,3.4662289704464286,0.16614820944103584,0.6489475351752374,0.7917235477853918
1267,0.3780141409181385,0.3574252081982612,0.02547688093482894,3.4602053664391037,3.4886808275410552,0.056330925293780816,0.6514026846618801,0.7163606827831603
1268,0.367367451987001,0.36848672860782034,0.03527834890714271,3.396711079004549,3.4270526501592955,0.0976517273621208,0.6732862398416196,0.7441414758649988
1269,0.3677595141763222,0.36840652065606605,0.013491138187253327,3.416596887166126,3.413898860780442,0.04036501685034935,0.6641162159038559,0.7453098919697753
1270,0.358361801757282,0.35503680886583355,0.012572377203868116,3.306722696995589,3.3266112802989367,0.11174539488655376,0.6477264953405024,0.7216969250070753
1271,0.3590426800366103,0.38579149056325074,0.030364432817191575,3.1192179809015648,3.160744075409072,0.1069948676276732,0.6797450867534999,0.7304206913264302
1272,0.34657781755120937,0.3607749915678614,0.044434314806632735,2.9673076842431754,2.848802454449944,0.14962972062186872,0.6774017145940667,0.7110614461347596
1273,0.3459235199640857,0.38709591615935,0.043968280687223055,2.540937216131471,2.5887851166352736,0.07067073649220562,0.6473993076352151,0.7545675049248756
1274,0.38249878089474565,0.3808005458675041,0.006693613234418406,2.4687256805933906,2.547627346990243,0.11232143091297488,0.6508045601702702,0.7457808115941629
1275,0.4033888591219213,0.38503021721593944,0.028543376409463212,2.5263088451775766,2.5065428878905367,0.06848070191604362,0.6506573334260106,0.7516389972615691
1276,0.44181139286460996,0.4217871148325169,0.02707374083148053,2.3272816747663754,2.3679689705343683,0.06194371201764514,0.650543238908883,0.7615394928969184
1277,0.4193544443571838,0.4139953554937314,0.020248052762868247,2.205420582239437,2.1960434616685522,0.021832831625712968,0.6793364430253794,0.7654425259034662
1278,0.42344774115427924,0.4584549619762106,0.0357508144571786,1.9254997512668857,1.9901380958570944,0.16310020254008162,0.6503665853004572,0.752018193973174
1279,0.4399711267671389,0.46356813916041756,0.02444143308730233,1.620813421900616,1.708009417767479,0.11318273578905882,0.7101999209426965,0.7602791992306848
1280,0.45899156499008154,0.46354381372073317,0.018589804826992264,1.403545813128154,1.3655965272085815,0.16360702838404786,0.6717738158353059,0.7596135798247494
1281,0.4723540630372931,0.496925978800988,0.025563927602727105,1.166329477791838,1.1222354014191098,0.06915333554023832,0.6506936594091124,0.7316705515227703
1282,0.5059485027695645,0.5121300659874258,0.016287148890785013,0.9711799380939975,0.9575658775470136,0.047854977700317484,0.6787920038343358,0.7369966857985771
1283,0.511876519657475,0.5138236645049123,0.01743752282686058,0.9144903097223521,0.8960019810313958,0.10793796234755453,0.6829388895430827,0.7236790892707465
1284,0.52123550257423,0.5309661457483401,0.01412983700301961,0.738007800749134,0.8734640864499161,0.17607612273729686,0.6552761441744549,0.7192476959690591
1285,0.5375590349282952,0.546213389520652,0.023801056980270664,0.9353976171189148,0.8688841171807153,0.1044029547009268,0.6536819325646523,0.6870393025615948
1286,0.5030765693253282,0.5734928257517102,0.0705463754152793,0.7619787691871599,0.6967474475841345,0.08644384523607866,0.7268185392371183,0.754111450798733
1287,0.570996761838746,0.5663155375317106,0.031808713830348494,0.31021481060260275,0.4706525775183716,0.19218435141967471,0.7454471663270461,0.740515220267435
1288,0.5814321344405342,0.6133560764126714,0.03973228834579519,0.25412534207129256,0.2718071666981246,0.04886888211236526,0.6578544137528993,0.705788535914448
1289,0.611737253866668,0.593004703849381,0.0229849081455047,0.13190774124860824,0.18801476998303418,0.08606146630495257,0.6638206499621012,0.7146987700151324
1290,0.6479874921128236,0.6119482343800224,0.038938620234360954,0.1978287748350264,0.20112431726432758,0.15968672465043468,0.6715518725871736,0.6943875254322838
1291,0.6226983763515815,0.6497452495221306,0.02772193330251711,0.1107735000382411,0.16016707183945159,0.10125555862078946,0.6888949106318335,0.7177129012182593
1292,0.6252758680553344,0.6629692098194081,0.04108048435540152,0.19091877838317248,0.12104187089085128,0.12732949019765116,0.7681700610523396,0.7207713795584672
1293,0.6196245388730752,0.6698917081346036,0.0508116312776289,0.15478110166617334,0.09707303493119389,0.16738327796459923,0.7524920773635796,0.6871860204792974
1294,0.6639541476466769,0.6882675258951987,0.026170076050914277,0.3048016798949412,0.1791606167810699,0.16592946984643495,0.660795379509117,0.7253123630541541
1295,0.7111248565507838,0.7155785276731624,0.015661626523558576,0.19120287219717302,0.2044204297456845,0.07538334659003303,0.7259024943129605,0.6912979668765715
1296,0.6905723787565147,0.7235088100941531,0.03375307601707004,0.23987001676871592,0.21113190318553834,0.1348289261959012,0.6997406056151692,0.720908160741022
1297,0.7217658721798432,0.7628064633021524,0.053330556047692254,0.3396617728813975,0.23397368490755302,0.10973440586643177,0.7648352812384398,0.6869302359550493
1298,0.7193390416384025,0.7379592657452801,0.024895100904343843,0.07893960093293485,0.2297928141815576,0.17154225175737778,0.7756545484231507,0.7012908986246178
1299,0.7291371267525639,0.7973860413633342,0.07035607690867664,0.18976143654682848,0.17388487467620747,0.07816285291712496,0.8301786177504127,0.7192982351738335
1300,0.7473620870288598,0.7860428143442196,0.04471293565696492,0.2355243003627485,0.16938816535387477,0.16827252056253372,0.8506443673079824,0.7002973982671147
1301,0.7516926038602717,0.8222169551025672,0.07531551148028914,0.12934733083522018,0.17705135517772227,0.05717844623091376,0.8539857842833051,0.6975423306407954
1302,0.7599332139755502,0.8133717693966758,0.060451634141049024,0.31342594763905024,0.1876862156509901,0.14337930954045708,0.8241843464405958,0.7081369192778014
1303,0.7512123983686004,0.830644175218675,0.08139503746521072,0.19629804796265035,0.19378380055401445,0.20425952693576635,0.7835689215667128,0.6819108064321597
1304,0.7713311848228428,0.8598250817670864,0.09751671426231592,0.1265173641321518,0.16321001592543183,0.09734668250022614,0.6769109633492106,0.685740143635319
1305,0.7891841883375199,0.8495023796801332,0.06126642627377426,0.2417225197745124,0.1925425525384844,0.07440828476617818,0.7605526790119467,0.6933307148037943
1306,0.7988505584649308,0.8635226190706604,0.06950759729736052,0.07806396510629433,0.10613223470872898,0.06576031884646436,0.8050370536356957,0.6948800844065371
1307,0.7996853469519133,0.8813117906773825,0.08184744809545245,0.3233061012883573,0.12648195236202503,0.20863140594041818,0.7435972357804878,0.6571104170468888
1308,0.8201012138836128,0.8685714010454078,0.0499820566372749,0.1760311520983023,0.15767631576490754,0.1525747162933691,0.8087916463945322,0.6920954385869675
1309,0.8137104951959567,0.8765652117618179,0.0644465416012687,0.2894878710234653,0.23372018668782282,0.08123389229045543,0.7724256681300521,0.714800566155014
1310,0.8444159119135441,0.8975782142352312,0.05338714729508681,0.2369760112785113,0.16367002957803015,0.08055223995982265,0.848776571497789,0.7054125926804419
1311,0.861561950590085,0.8937137770147091,0.0438083242950855,0.20198385453408357,0.1517672539984711,0.08979815764037155,0.8423592860104167,0.6904839879793889
1312,0.8504077212262138,0.9411517960168746,0.09398416666932627,0.15572781802035984,0.11169949199976142,0.08010703951192431,0.8648107644825582,0.7035620736591062
1313,0.8542146401529577,0.8757877131240701,0.0362703468801629,0.15028181845647395,0.13482900645289497,0.11666513983126416,0.9082226198269358,0.6986150871960455
1314,0.918415142938277,0.9122539414804315,0.019794925211571026,0.20899864592861234,0.24231145995778944,0.11148514832551336,0.8340539427596746,0.6639730195010837
1315,0.9177555959727047,0.9031337690732052,0.015304286461839664,0.15304617487002828,0.24546329956921958,0.21301893615734616,0.8556571861523535,0.6480653537724443
1316,0.898887091114565,0.956563413983429,0.06771974787177519,0.16531999851202336,0.2930769020672184,0.16519109861613548,0.8511279548331968,0.6554885498179099
1317,0.8727088136382536,0.9361837498162097,0.06628045966912112,0.14020493681371424,0.1696501826690697,0.09806209972694951,0.7875842842129893,0.6890200193442861
1318,0.8506279468973447,0.9419945095127512,0.09166293940694967,0.1950687556547764,0.1975121628648649,0.0961289749414394,0.819076541235435,0.6370683615370472
1319,0.896369545041144,0.9324319446155541,0.036715916310576094,0.2722321725861054,0.22480220635757409,0.1044412810505145,0.8512830762884476,0.6902162276906781
1320,0.9162497045253996,0.9116416569999848,0.014758051820712308,0.28371964239397734,0.207803118557329,0.17937311418801535,0.7274111623810993,0.678134908672573
1321,0.8975335960179802,0.9108435869281605,0.02616751941979678,0.14956928338457237,0.1189700576630341,0.189551437351259,0.7811481214932853,0.6635036095394675
1322,0.8907051812989479,0.8856202918090772,0.016551629512836397,0.17154300686071983,0.15979297053053332,0.07381029240218785,0.8429497438442055,0.6438668529610708
1323,0.8872503446520695,0.9495254659449095,0.06402729724235538,0.15595832182844627,0.11176442401312683,0.05803895113679214,0.8845984583506898,0.6430929136184681
1324,0.879344075121079,0.8997161874735151,0.021849406549904214,0.2917288111518627,0.245808840921292,0.26623423274988545,0.8409678228665047,0.6443687469853906
1325,0.8851941740283694,0.9233073552033132,0.0414447757781341,0.4201672322403901,0.5289382220203842,0.21279178960838574,0.8914407599140304,0.6670816914716106
1326,0.8727039202706163,0.9356253910926866,0.0690017071060859,0.4091788207305274,0.39651392296244403,0.01736568139932841,0.8952869426051715,0.6748591435710936
1327,0.8412867968573169,0.9216032817134897,0.08098054261634892,0.22257861547526314,0.2589242536224744,0.177213763396029,0.9136444133590282,0.7062264947714965
1328,0.8449951363629727,0.9052781041820223,0.060343675642697776,0.45932824115369225,0.6241750828749983,0.17037833371977068,0.8534454092013981,0.7059788075529484
1329,0.8370490843132725,0.9120161161102683,0.075866616090005,0.5104049446100412,0.4987970390894708,0.26575435686818677,0.817026498529422,0.6693430513942803
1330,0.8375739676581743,0.8675259279291677,0.03321563469036123,0.08776567238440676,0.16955713057195332,0.15398838904287335,0.8586242796457811,0.7160833499259749
1331,0.8307562521027346,0.8757962056066566,0.04509513641793178,0.34643508312539456,0.4163922639508849,0.09149467297856448,0.9214696627942316,0.6744710066206592
1332,0.8324558676941051,0.8653728104748715,0.03337439500619377,0.49612466359730517,0.5259587414018552,0.04082716294759891,0.8580583000266223,0.6885471568663886
1333,0.8217779040451864,0.8970520370611396,0.0846098794245937,0.1860824634317569,0.15606248329430264,0.06440891013493698,0.9195427116631936,0.6869367468508256
1334,0.8127438765679462,0.8611940183080022,0.05076368848061471,0.2171867869334657,0.320493199377671,0.13237951923846372,0.8838789146080068,0.719882599853589
1335,0.7962623801517148,0.8960641825763181,0.10336250145042844,0.2624307450429719,0.31680581202356894,0.07792141730995084,0.8723564374255361,0.7206593226726093
1336,0.8107935184537739,0.871701858345066,0.06103994812220384,0.10982482168999114,0.1536386302407538,0.19146452769033903,0.8079765185369592,0.7111080270157917
1337,0.8081986750280551,0.9200822920334075,0.1151318305919617,0.18138699314792808,0.19656469723756914,0.0447506613235037,0.8489311105457147,0.6671452320042066
1338,0.7944431063596682,0.9330554589152491,0.1444663743902345,0.13434853155434678,0.12690897502540216,0.10053933395632868,0.9111363071480264,0.6694965241910503
1339,0.7983566653154753,0.8985827810448856,0.10420891078153904,0.09711274912997117,0.07488158348459596,0.08023974358776846,0.8780629722210042,0.6961626401283743
1340,0.8037202786790697,1.0026022332768076,0.2036836567860176,0.14290632521648164,0.16232383883984258,0.13005643069115083,0.8325805459703741,0.7122214955236141
1341,0.8049021271188866,0.9112689161377705,0.11652823511771795,0.2007079850885707,0.1160375014891279,0.08575559346662849,0.841380323819556,0.7165101597396939
1342,0.8378677082363212,0.85505563140016,0.02048257573616766,0.10068455072962491,0.09248771736202732,0.15891189746010714,0.8153881385492002,0.7562892877296845
1343,0.8524711470498588,0.8195738764015449,0.03790190059312141,0.038607078747461034,0.12118764156864892,0.12799117537516602,0.7935361086834606,0.7115693685399703
1344,0.8412613026525637,0.8608781671532381,0.03835311622162197,0.10774031215546385,0.14312589375105625,0.12886559620390706,0.8504070656291656,0.7553161042215011
1345,0.8101315798924805,0.8130216877357882,0.020799407840713685,0.12946309510263193,0.08444901080901342,0.08003991258202878,0.7221355751876369,0.7842860489707855
1346,0.7818010678990147,0.8093106169752076,0.033394565635315676,0.11547486788976018,0.0728565612780222,0.09425222557501471,0.7795229890428572,0.7556502523501347
1347,0.7434307161630851,0.7698745125290929,0.02885707365351709,0.11294346953191253,0.11313240227120157,0.04227747227505037,0.7507634854155041,0.7317891925474348
1348,0.7273675366022898,0.8629887055379679,0.15233445529701878,0.22843007418255623,0.1087085869627167,0.20010344502453944,0.7468412055782957,0.7083611250403443
1349,0.716767347452872,0.7676706255641622,0.05728517838214968,0.19302615504579554,0.2530872876136302,0.14817325223723787,0.7992023626143092,0.7273998203020975
1350,0.7055038861452076,0.744993239416529,0.04050468405735419,0.136677279838168,0.21604541514505293,0.23358154719340746,0.77768963932753,0.6925278516700186
1351,0.6892327162379324,0.8577089073548068,0.1870241216242696,0.16030228172329242,0.2734557465867526,0.14676091069843303,0.8179957271858207,0.6700882396891782
1352,0.6915873856174608,0.6889603120293135,0.012388183591042953,0.13038327963565705,0.18187192485004325,0.09440066594262475,0.8612476773014791,0.7232458561388176
1353,0.7037839755754116,0.7519963806130807,0.05554291214614078,0.21480104355045054,0.14787123996513218,0.16618278558901303,0.7977255451184005,0.7091181332937384
1354,0.7048364883488053,0.7681370137014784,0.07269427497835872,0.18839181818649803,0.17302752780723718,0.19340008544739642,0.8600891209425588,0.6730747214984099
1355,0.6785088447102353,0.6811239172991289,0.004887128666321468,0.1292495899486458,0.2041252036721016,0.07739453448474433,0.7933684363145024,0.716757535518457
1356,0.688518067985739,0.7793697554975788,0.09448854606880644,0.16525140041168992,0.155363987948348,0.0616598653589969,0.774831008640895,0.6767575823701246
1357,0.6829722648351211,0.6895106932855676,0.008820876433085566,0.13507936938397233,0.1384899717666399,0.12689204723007586,0.7048314796269167,0.6817037360879701
1358,0.6667377653796885,0.7050286431114632,0.04004399711889545,0.14004033568059482,0.1620592889354457,0.11819337189927226,0.872504044320081,0.7285067318931894
1359,0.6494562988016725,0.7582756821771651,0.11310155108168701,0.1276235235423156,0.19042923693814423,0.1566008099303851,0.8706048498280003,0.6993886841861492
1360,0.6535220393122639,0.7337314660358151,0.09986649660905397,0.17766225473147298,0.21361391983968367,0.08536933884257662,0.8277794573551451,0.703326944177979
1361,0.6506826864973089,0.6928348720733237,0.04532399032640046,0.3174618496257509,0.20386401087136413,0.2795042177870995,0.7902683613747665,0.6889292943277832
1362,0.6357374758538664,0.6439093710824928,0.020289483598380585,0.3052390475171384,0.2112334090699877,0.14913599712452738,0.7446713223063638,0.7538562109759639
1363,0.5935559401216377,0.6727590277959741,0.08361954315789678,0.17396744808259362,0.2156617318816175,0.10529237033780957,0.8944484731609084,0.7247274853085304
1364,0.5325979658262198,0.5948878614516547,0.06242719804987045,0.29984838926740043,0.25490094533578017,0.13013249183699865,0.8934138392956834,0.7547474783678946
1365,0.5249337133195754,0.5756791440745564,0.053356313866991543,0.32169891895144237,0.29314735501822337,0.03172307577056394,0.8762586707048903,0.775811716794105
1366,0.5160100996187514,0.5546369227849934,0.03987249349558606,0.37793215343626035,0.37547134255887304,0.12731091102427644,0.8217251702030546,0.7413209827992953
1367,0.5215696457050649,0.5839669159243231,0.06526085758436165,0.3429164066007276,0.40009161436127527,0.14990090412564902,0.883145847966279,0.6722323834527779
1368,0.4832585623068562,0.5220546357535264,0.040572750359141575,0.44659288262663516,0.4415762584378182,0.08395814771522163,0.8617412852549953,0.7213301358147653
1369,0.4718920332053328,0.4747323009913839,0.010631023272363229,0.49470784287941943,0.4345021825183349,0.06214124118214,0.8414927777595768,0.7285154403729825
1370,0.4625928598322387,0.5082348223608971,0.05009679283558411,0.5289445570161567,0.5100596521479787,0.10169877261350738,0.9223584606590541,0.719320206396336
1371,0.4161578509943121,0.4889401266242725,0.07308801134871712,0.5687155350000063,0.5246543133399107,0.1107472501283765,0.8722113245595142,0.7629342092565958
1372,0.4123778877628569,0.45576847201432513,0.044626538380442685,0.5924949430900517,0.5505132258272002,0.09271194210912395,0.8758340288759866,0.8007756177943641
1373,0.4193361675771883,0.43093770836506384,0.013607815670579866,0.4852012476490181,0.5307260322864444,0.08157529409048853,0.8851218387036374,0.7903453011908007
1374,0.38630479030051634,0.43757019923509316,0.05323140610345818,0.5111937589313312,0.5750981501575134,0.09184242226176992,0.867044681251927,0.7875727064227249
1375,0.3882854922126381,0.3966519870850766,0.023926030873888653,0.6376346419695641,0.6164927549917469,0.04989596669873233,0.883550785076615,0.7620658950872501
1376,0.34336364059854496,0.3989706289421973,0.056234303607839015,0.5619014565648918,0.6346353422419686,0.07662761074758469,0.7964085984070255,0.7644583366081465
1377,0.3230134432087966,0.4046766058530925,0.08592189415578717,0.5943645739510541,0.6575508387156921,0.11477627015982692,0.7917958347683172,0.7720204417579213
1378,0.3338972956613707,0.3669331481793893,0.040454103879299555,0.7808652688097975,0.7384521235682987,0.13244162775459517,0.8359779199155721,0.7583485505003655
1379,0.3236900906538811,0.36478425776915696,0.043096965370065105,0.7054166770446942,0.7805492051422585,0.09038674009114529,0.8021277379115728,0.791953020226642
1380,0.3098012898111593,0.3162043840830501,0.00741529814638421,0.7153740772171877,0.7702787755853227,0.12972614972171384,0.9108971057998847,0.7640012399164773
1381,0.27757548547256883,0.3086996486342222,0.03502592468116644,0.7758480432303906,0.7290171232474525,0.10181102072072126,0.8273675501923118,0.7646159202037319
1382,0.26228864006591734,0.2938334576779883,0.038250121628390706,0.7037538003150478,0.7491268393985352,0.0631305672906463,0.7943258835819845,0.7865219067923799
1383,0.2350082751622193,0.2849342165343694,0.051568912056900444,0.7529073166584035,0.8056363409342426,0.10703097960842811,0.8373103799462429,0.7892965887577715
1384,0.21303695209169587,0.2354551737772977,0.029067671760448374,0.783301308627657,0.7891868145455039,0.0950761398711793,0.7915971350347824,0.7841757423627816
1385,0.1791013230635706,0.21788756657636627,0.04576936247515264,0.7928712594162646,0.7848890064282362,0.05231389815772986,0.8291852038487102,0.7876754670154829
1386,0.1577321732523069,0.21674947919068707,0.06696574883858655,0.8023409492521972,0.7941751469033523,0.021054673247743575,0.8005319611409181,0.7651702950727621
1387,0.17566765307646892,0.19686612615014296,0.02391691112976115,0.8834049649079699,0.8404800842926186,0.14933086874537746,0.8430828303028455,0.7775058913133636
1388,0.17472210364238203,0.19804274963007534,0.027900740312124594,0.7620098327372363,0.7783263176374658,0.1196417414516204,0.7986058097984245,0.7731702700861461
1389,0.1582654619043392,0.19895445907854484,0.0409850984152248,0.7259380732189317,0.8250873731932582,0.10212901674472989,0.8662320581719672,0.795807550009428
1390,0.17584422913280737,0.2125154789910965,0.04389102142557047,0.9377261478117866,0.8909236968102212,0.052691943540355085,0.8181708247077786,0.7465303344876832
1391,0.17071269906358394,0.1936938676915943,0.0494026952261147,0.8381524533427185,0.8752440165394739,0.04908203865972126,0.8192688344115162,0.7657587260065691
1392,0.1388301865810475,0.20459973895812614,0.06954328451007465,0.855529336135117,0.8349081526813049,0.04342850715119688,0.8315327232134401,0.7766028746451215
1393,0.12913984218845628,0.19542846544333864,0.06822388388172966,0.8408222164311556,0.9125971947373034,0.11647286467604676,0.8267110738080816,0.7481756929555446
1394,0.15746521095837335,0.22091648057510058,0.06469251855491064,0.9351091815105854,0.9321085024361843,0.08398377316838597,0.8214777316999287,0.7832475670303245
1395,0.1460982277893395,0.1964662638333105,0.05391742429774607,0.833304817326472,0.9253141677784924,0.17337036873280037,0.8672041382843552,0.7974181217292664
1396,0.17127522727700478,0.21728093666750858,0.047148775808109195,0.942621030575994,1.0785999952819687,0.16686981060254547,0.8174525038060555,0.7742360065814605
1397,0.19261021471532483,0.22735588821354658,0.037197319977093184,1.184972171736364,1.2411702098743813,0.08833224119600888,0.7679661749597286,0.7451839228899264
1398,0.19885089668181055,0.2665268041355579,0.07583285709124904,1.3103982689032416,1.3786330154129738,0.15713531856389237,0.8284608295687661,0.7024019326032345
1399,0.17664155445028418,0.280893606171888,0.10721454992128204,1.5136160307738804,1.5622944049411451,0.09978865119293465,0.8269686280561137,0.660950238828717
1400,0.22472544671720193,0.2975935650349475,0.07768255611566818,1.8838387577522473,1.818329101900742,0.19997247154893322,0.774257038134965,0.6293885435497398
1401,0.24367147796930685,0.27353618832311666,0.06619716557105694,1.9734239662681086,2.1037020302816942,0.18615133097158781,0.8349487509909344,0.5795349446559362
1402,0.27869355423919695,0.31616091688042475,0.04179878026010278,2.2129203767952785,2.2489202444129273,0.041797561285704006,0.8614912067567243,0.7009631820144903
1403,0.28417330222883386,0.3296267954627753,0.046543963928665305,2.245993078788433,2.327300490968587,0.0862695588118823,0.7610668815240434,0.6961573302952768
1404,0.31366730701045353,0.3649226193509698,0.05184639191602067,2.4103876728550055,2.5082107060340735,0.1307321854824874,0.8810034573265649,0.7211233969943971
1405,0.34389625715687056,0.39308872476643275,0.04946191356090394,2.6019340370973616,2.722795370980248,0.18119548169465285,0.7299252877147369,0.6842214497310404
1406,0.35923534033217186,0.3825437061955391,0.04537027025758644,2.686240088228511,2.833287829074257,0.34745442378178293,0.7625146541629411,0.5878764334162646
1407,0.38550444566352476,0.3891159322366595,0.012375181109124587,2.8468690303675035,2.9341228041693292,0.3264578027759521,0.7315920229178687,0.6298242187693982
1408,0.3670115101921715,0.3849338961894093,0.03416313972605507,2.9284796471003114,2.987796590672834,0.2534025985073817,0.8551334352439397,0.628886491187203
1409,0.3759551500193719,0.38672417342474374,0.024684142843816363,3.0393047587319373,3.1268059027562405,0.10953047313021434,0.8390067998446888,0.7551341415709499
1410,0.41948609950199106,0.41352519393507053,0.010942683125898363,3.2925408084871397,3.2509282186021236,0.09140499582137293,0.8316829361252933,0.7011771299658744
1411,0.4221024757647024,0.4457570275004613,0.02792828660437794,3.240961405062187,3.360004857591561,0.14672083565003835,0.7026909960570042,0.7256201384538117
1412,0.46254875746202484,0.4507652746545961,0.012202219911897336,3.4251415353047654,3.4379404014056414,0.04952382746038717,0.7683883742703298,0.7137721970069489
1413,0.4704375272818942,0.4437253126224368,0.031131501205246177,3.415261697576716,3.493571680177886,0.11169139167224747,0.7874943311785493,0.7171041781977289
1414,0.4695958970034935,0.4501541423834744,0.02046428893413998,3.460658453081385,3.403005728514198,0.1017580723574274,0.7795330793591048,0.7237714826088357
1415,0.5155359713051508,0.501218407196161,0.016117141669868374,3.290920026096252,3.2742120529035503,0.04181107340604454,0.7904137066028902,0.725447585761305
1416,0.5445245152872623,0.5221519846340502,0.02241976081213778,3.0259829891047407,3.0715370873446433,0.13250983237804703,0.8293507570280657,0.7551777020197252
1417,0.5581387627170062,0.5283968919726851,0.0313425895571028,2.8384282773198337,2.8568952890075496,0.07682650707049163,0.7570071717328576,0.7208523685923527
1418,0.5878137171987505,0.5698911541383795,0.01824590588064737,2.7463480645753537,2.691267076449638,0.06968597704510228,0.8120557945574438,0.74892660535265
1419,0.6146988124034266,0.5971879128425973,0.01978389600379509,2.3810670701324748,2.3716618086943853,0.04812978603008274,0.7501530902870865,0.7379984461749324
1420,0.6514609865056373,0.631195903006194,0.021147954103374184,2.012521470012877,1.9939430539759437,0.045195499226845647,0.7632403723800049,0.7606842625654784
1421,0.6472023818366387,0.6370641721058562,0.01821975410690407,1.695280140735789,1.6419468284291994,0.09080513612868402,0.7829496573603416,0.7442259267628698
1422,0.6826035387682424,0.6958583370549085,0.019134681587890962,1.3726606092629636,1.3186609494709107,0.11805858827495568,0.7814505845945363,0.7217503290707268
1423,0.6606793596544728,0.708733805439337,0.04970328521366188,1.010228064945773,1.0927054522941915,0.08525955349806909,0.822697062236271,0.7087394952263558
1424,0.6902913841810037,0.7266497802881815,0.038372318254110055,0.9153251055245156,1.0000572186018961,0.1660672271912058,0.7557119037490683,0.7594825348839158
1425,0.6893512824159514,0.7321099086988672,0.04745268513496692,0.9073775583606494,0.9429847900752752,0.036354579219273826,0.8617613197599898,0.7504572522648035
1426,0.7376147757127034,0.7558685490282206,0.02137576237649884,0.8091172174089623,0.7933486219302267,0.09919620680945795,0.7916360039287093,0.7447645954330624
1427,0.74127562004698,0.7804537659791929,0.041271055594607545,0.6361668552612219,0.6407347555827477,0.027936277801532145,0.8719339882440574,0.7409153467355131
1428,0.7666489286697596,0.8050710441916662,0.043563864948849645,0.4521266891810783,0.4581512439612331,0.16211036593098055,0.8418513621811132,0.7191528941395561
1429,0.7236657595427922,0.8213662651882484,0.09806009841447769,0.3076584207274361,0.35648150667977857,0.0760098403524545,0.9068493072723253,0.7268195956056547
1430,0.782600421643092,0.8630286660157861,0.0819029513526372,0.25548921655084167,0.2040635602608704,0.1354637594266353,0.8491275738985667,0.7014425129176127
1431,0.8072568555187726,0.8816974454208283,0.0764383839214718,0.1429333087249352,0.13955320292588436,0.06532494841620529,0.7883513698732143,0.6836967792154023
1432,0.7979673409832241,0.9042006289059552,0.10943524706198056,0.21941619945307675,0.12310559499422787,0.20223154127947987,0.8642745409298176,0.6912469496459546
1433,0.8307012524468929,0.9397633975063879,0.1094214421117745,0.0887112524554467,0.07773297201914181,0.12482158664172907,0.844491454259108,0.667129073863006
1434,0.8340193748373743,0.9553264632940875,0.12143679573037024,0.052873630724454446,0.09605288700836494,0.13035579881905357,0.8481572881425178,0.6571365477160129
1435,0.8848614827651429,0.912647554598291,0.02929285806452513,0.18600396747578965,0.14558396038343868,0.10723666008830149,0.8201718081757022,0.6591844798955258
1436,0.85582059136885,0.9504331495433593,0.0968147167895582,0.1644847591076957,0.1308611632190039,0.15219309381186683,0.7915677238627066,0.6422897358430193
1437,0.8892661837777066,0.9629013498721003,0.0784487501063361,0.25921874937398326,0.249775326250975,0.09184330395831387,0.7786175956160558,0.6461462396415042
1438,0.9584473570917001,1.0145992284819128,0.05689641958984735,0.19912159878730634,0.1761243978470381,0.104701481372445,0.8674601931928325,0.6111092072531007
1439,0.9610979268104698,1.023318988810533,0.06676525073228158,0.25572561706776425,0.24584906791173897,0.0521040730462579,0.8552184534233375,0.6355339658233271
1440,0.9345717875036599,1.003860026789168,0.06936854163027441,0.18270020919297336,0.20527280955773994,0.06978263203820313,0.846830930960985,0.6383277181390191
1441,0.9639181142634572,1.0658986286185461,0.10382777496085344,0.28213556340759577,0.21276968745775893,0.15077471991590247,0.7706631563467417,0.6413566022466168
1442,1.0023929672270213,1.042082781782904,0.04082877115571148,0.2654523779203697,0.2572720525798406,0.05182934008801063,0.8282231460994913,0.6424512832545058
1443,0.9973568875768347,1.0989270038587144,0.10268945820522571,0.26775698050207636,0.27217915126924236,0.036450442174350395,0.7920691658736094,0.6389686309156272
1444,1.0425570967715714,1.0820763921470935,0.044891110788074784,0.3002887018659059,0.2745827239396361,0.2120462744967367,0.8308519265075889,0.650804261279653
1445,1.062417792912651,1.0820143449376352,0.025905981323701824,0.31745623782915805,0.24400069041042796,0.28810488331322676,0.7659564750634265,0.6424245097147356
1446,1.071327769704088,1.1148031766672561,0.04682997960765255,0.29982378140460536,0.18973251142490338,0.11494186899742785,0.7432005469573537,0.6373706944426697
1447,1.0711539121624833,1.1063147937635684,0.03980836279680351,0.28868013966290906,0.19589742041532232,0.12323602840260348,0.6844024882532729,0.6721152677304663
1448,1.1043840758204369,1.164010170966149,0.06253883671336236,0.29588101082981494,0.19023929443408108,0.14192929850381497,0.7602809679532021,0.6353218147910747
1449,1.0965709145679563,1.1483605459204598,0.05239683354450228,0.17311416050438688,0.21968855735615328,0.1116241199282537,0.7855234911566973,0.6177723122875052
1450,1.1009709786099855,1.1443432077116333,0.044606026661362666,0.23473413806450028,0.17429075110002468,0.09176450893331643,0.8175796971748682,0.6566484803516901
1451,1.111691001782809,1.1437747059979944,0.03525893692697808,0.14277485014310445,0.16893441873282797,0.053779249628917315,0.8104150019953842,0.6384744092310333
1452,1.100244902449657,1.149942840960466,0.05070040169847538,0.2156190881918081,0.15755623807402683,0.0638349616186681,0.8007493246836856,0.6460514538220559
1453,1.097651547764978,1.156131087412485,0.06004590834992936,0.21574809104326592,0.11974080296809382,0.15450979637374535,0.7596604817466672,0.666041780473437
1454,1.0861284139197793,1.1628521488971804,0.07937905045602563,0.21374363794845475,0.0668431167813045,0.1651014781762977,0.9142627735073622,0.6685288927399649
1455,1.1093090398693335,1.1718817699595319,0.06284598949547328,0.14466937293243942,0.08245261315788951,0.1884840113619436,0.8602220055576657,0.6681174814240508
1456,1.0727727014232677,1.1938198747381628,0.12280797943556594,0.12326801287720057,0.1054896736540624,0.06904948735447185,0.8518153697230302,0.6316837595218866
1457,1.0854705145103276,1.1829462083813835,0.09756592036647525,0.18354558729258022,0.08638974310648,0.10995923785812464,0.9173049796336001,0.6345533634262394
1458,1.0532708072212862,1.2254613164443027,0.17557287927476437,0.12224754342421036,0.14817086013751324,0.13278597774016218,0.9055864255861866,0.6047524223297228
1459,1.088225467813521,1.2073478958878907,0.1195991392317336,0.17429666831436708,0.07509609951812933,0.1398870834775291,0.9070973074778341,0.6289370528030916
1460,1.060809395616822,1.214747357677137,0.15618313560021646,0.10165746289829378,0.04827122125837834,0.11257747213972932,0.885675199134734,0.6377986220279832
1461,1.0908493857561377,1.192807679236793,0.10227208457588886,0.07028235712269774,0.07013516533139798,0.0991439683515381,0.9008464153784047,0.6281591945186554
1462,1.0821696636888036,1.2118956582390352,0.12974396783397332,0.10130071476815705,0.1486462025293809,0.18965049714572965,0.8877950453319949,0.6717624235909158
1463,1.1083533898531606,1.224592842268845,0.1205334393915196,0.24468649886959615,0.09222931577429204,0.2754408715909783,0.795980409154107,0.6694538994167514
1464,1.1442322860722458,1.2333239469868074,0.09218688685411021,0.17643764001774914,0.10324260195089138,0.2048473791028824,0.8376223624933196,0.6727384843853348
1465,1.149675650486209,1.231178264034331,0.0856268133886711,0.19028392226331595,0.0782026878287545,0.20409387522209443,0.8607766297116094,0.6540856775715149
1466,1.1572791012368482,1.216567901146182,0.059444434988353494,0.15563405625880158,0.18324789661352622,0.09894202336923708,0.907228622140244,0.6820495478763221
1467,1.1632230349849926,1.2405071212344794,0.07834959845471655,0.2309544839646541,0.22012619520013643,0.08016948861751094,0.8023767536032558,0.6440681162798579
1468,1.1637928520779202,1.265424665565957,0.10323744102884648,0.23419561260069216,0.1026866183635159,0.220857278720852,0.8598019188813677,0.6346874213531398
1469,1.1204323442519117,1.290416532378767,0.1717728453451373,0.10552311860370593,0.0851944154698425,0.04580508840679155,0.9156534082725765,0.6390349425895883
1470,1.1467586756100825,1.2501691567850661,0.1047094291177698,0.12506389286406833,0.12486167394675374,0.1660471495271004,0.8912128465680407,0.6653640831279074
1471,1.2006477579928687,1.2704714876284542,0.07274132520608846,0.2541536037267307,0.17645280428738233,0.09790343502166457,0.8136288834793886,0.6640776455402667
1472,1.2003817692098306,1.2502702734399338,0.0498999660665707,0.2753180518686123,0.10884257444164333,0.21426527447493832,0.834716676434587,0.6200495090099023
1473,1.201525707604321,1.3614652190036916,0.16365060527525524,0.25312277674887884,0.25204874951970135,0.077898824445614,0.8819041240418772,0.6359581919959991
1474,1.2029181187511697,1.3096609137943112,0.10886628569981309,0.20241912144654228,0.19556897766174602,0.052147681638957846,0.8338748088544793,0.6268012893559975
1475,1.1736012392082953,1.30361003580729,0.13101654560533624,0.2060068034980566,0.13253443232761616,0.14299045218469628,0.8464793191543629,0.6407322540295909
1476,1.1978640569633516,1.297489499825445,0.10175850926326546,0.13101140148691298,0.11700446173166386,0.17315340814202204,0.8860134934045032,0.6417423194289615
1477,1.1986965220323835,1.3207889969900184,0.12500729146514566,0.032078904333081706,0.11417884325319666,0.09985960742022053,0.8918903599270613,0.6367545551231623
1478,1.1866801011601356,1.3123866117966703,0.12611987643508252,0.226520947510048,0.2160558816373696,0.20850858260703928,0.8430805553134529,0.62537047154572
1479,1.2625264161108654,1.3203339883151535,0.059092599360094304,0.11067134480287495,0.16875937380289663,0.09010153559490505,0.8305660812760727,0.6362226107435012
1480,1.2689899024363795,1.32192524508942,0.05454881542653949,0.16098464510810262,0.14807190075664464,0.2000269276943227,0.8691572863651671,0.6277761723699614
1481,1.2063069580477512,1.3344475978339931,0.1293340865177318,0.17922631841759298,0.1808015646424777,0.14908167224705163,0.8486843586568961,0.6407428246999978
1482,1.204550716299329,1.330568363988536,0.12720884527580162,0.12843601036007268,0.15822911086639094,0.049800080866886115,0.8687354392352887,0.6414052838210861
1483,1.2395887868470477,1.3380312054694794,0.10002829165612122,0.273677965471293,0.09788711427017588,0.21027832754566522,0.8716609905132009,0.6142847231674387
1484,1.2345593273090227,1.3659262523301936,0.134264564416048,0.27125688625004185,0.15396322643407384,0.14547234202721976,0.8292439015919558,0.6299493794328943
1485,1.2209294926074796,1.3436205915489212,0.1256032746856617,0.34021987438787926,0.1801159099079568,0.22356554049343333,0.8132267056201856,0.6134478011204588
1486,1.2219456243783322,1.3340067071539867,0.1121456840768603,0.16998976949717254,0.052883356958943285,0.14041821072829605,0.8902987631313233,0.6440777024399391
1487,1.233943667398946,1.322459599939399,0.08952005485971729,0.3722615526734183,0.07644723111194165,0.3291878667512101,0.8287466195691986,0.6425587612995253
1488,1.2204645856889376,1.3189255851214747,0.10085161791549495,0.22365188488535598,0.10301601419309427,0.13647373357828824,0.8337102639617356,0.6583135929150342
1489,1.255475508645814,1.3391866603782399,0.0859006782835566,0.24992394909168264,0.07807570183261706,0.19740899046411406,0.8584382904369808,0.6713857440930718
1490,1.2473303014109347,1.3364898953822764,0.09054948580665738,0.13590224985239366,0.07529288915319665,0.08536976367669047,0.8890771063330876,0.6718409187099661
1491,1.2410796528252708,1.3427555512877964,0.10173258758805971,0.10364931986708835,0.08850585863247276,0.1187679767570199,0.8435637517392609,0.6574371749707626
1492,1.2005110264424563,1.3337845197853078,0.1354966611439573,0.17491952071583067,0.08525926037668884,0.09753490763267005,0.9076611225805031,0.6630374784537182
1493,1.1913414950725472,1.3286770981000617,0.1374840154821857,0.20300021805630009,0.08852706739063428,0.14246328809436284,0.9172420379561853,0.6695454755943806
1494,1.1965680503820741,1.3181446168130104,0.12186441368735602,0.15611204997777203,0.10121645810882367,0.06765550321301879,0.9003055431605431,0.6547132033841905
1495,1.2069872687989918,1.3390093350603234,0.13213891184049067,0.0932525301584674,0.08737430176767809,0.0343031771690073,0.8809741220095882,0.6485800979045127
1496,1.2288493758759582,1.368294476761759,0.14123540989821207,0.20962448889240617,0.08006996500383312,0.15376976271770976,0.8522972421934975,0.6104618763501559
1497,1.2523117881970192,1.3321941617503748,0.07991009351087948,0.15642292489916818,0.0931532096465494,0.08772130986155262,0.812641613944258,0.6647757774589013
1498,1.2654240981083886,1.3630016578259978,0.10000893585905682,0.17700013829841404,0.10442522865620367,0.07740351971053724,0.834602477326783,0.6350089243724703
1499,1.2216250450302761,1.3162649746471835,0.0970857877519629,0.17930332917957642,0.0810923123083344,0.13574841098551596,0.8877319138255582,0.6226092606351622
1500,1.1944238639715634,1.328945206483844,0.13848439207399005,0.2336189387047011,0.09812104673732151,0.14001276275824512,0.877765089910937,0.6166240774030004
1501,1.2617827596492655,1.3606748837692493,0.10067667044141403,0.1918938828763956,0.07869759754936956,0.17291609990386378,0.8702973073117017,0.6077151915245133
1502,1.196070850757893,1.3520883388557157,0.15970662275717146,0.23361581895725236,0.09418776104720152,0.2611050134031677,0.8185373074730271,0.6081989216085648
1503,1.2428232006294293,1.3388704604033632,0.09757488546846087,0.1098712041750457,0.15505424688582925,0.198863972911017,0.8429731782135538,0.6207292409462787
1504,1.1876867789522252,1.3160802058958794,0.12915563617726455,0.29023868453673624,0.3278613049562565,0.1776186373840001,0.8513225780948035,0.625048521827642
1505,1.2443712241431901,1.3413280598498774,0.09884130054086161,0.39374580643750084,0.26638763907159846,0.23756955512919936,0.7889705046447248,0.6065110984444895
1506,1.1815983351356747,1.3185693925837019,0.13882643090268193,0.18412184215994207,0.09865746226052778,0.14892306898269203,0.8645402225142897,0.6279254413090397
1507,1.2214787514804901,1.3311248094695538,0.1110130167934104,0.06629004982293718,0.14050192669292863,0.08236328803732401,0.890450794402456,0.6151426144837193
1508,1.1958946892753446,1.322823953697589,0.12713458479117765,0.09891107713119474,0.07201749316500344,0.09854405440123087,0.7864286642201815,0.6097911479430689
1509,1.170046703843222,1.3381426473059543,0.16827792736286867,0.12113128792686047,0.10499291629797272,0.1379613223581829,0.8446763447058666,0.6203867076244816
1510,1.1260512288092004,1.3030639231134704,0.17768101615093848,0.1998223708271826,0.0742095712547708,0.12992445295427463,0.9011286048028483,0.6468239593355798
1511,1.1681108902453057,1.2984825475645068,0.13038586966682864,0.153100414051052,0.12709085289252112,0.15803619357929768,0.846475127735858,0.661303601194266
1512,1.143672831858706,1.304994606942663,0.16380078172584556,0.18294573806153616,0.12866186359705403,0.1756174140971037,0.8649117076970194,0.6217164860848352
1513,1.1851360028818754,1.2986049145420482,0.1156245133195122,0.23521206394936547,0.04158248096213103,0.2553251488309919,0.8009362049045532,0.6603221024832027
1514,1.188717791796679,1.272898863949253,0.08543137606703997,0.12614588176567446,0.2060870752453932,0.08001323509122789,0.8605856155880562,0.630641177040433
1515,1.1516850161946708,1.2621177385563322,0.1110450681547017,0.15497672600585743,0.16868579486195523,0.07208367789986145,0.7733822694400364,0.6646953297822831
1516,1.1636265066132174,1.250971421312213,0.08881899873377938,0.17198643740645278,0.15197535201539542,0.0720352091371615,0.8522026943661626,0.6377433609994997
1517,1.144198143832619,1.2157273629756054,0.07261540153997437,0.11594266865999431,0.05885248455967327,0.15282871161206615,0.7825279687266509,0.6567379914359114
1518,1.102223571438413,1.210555384461526,0.10877080778105284,0.03787395995576237,0.09295601205055201,0.11098843927053559,0.7355377486188198,0.6742493370355291
1519,1.1321803416346072,1.1836927908497488,0.05500247069101701,0.12122413681435484,0.05829125089732363,0.10892733069717576,0.8363701220369757,0.6957365072698833
1520,1.0830660638098277,1.1688050372390013,0.0860446131571311,0.14452875899161619,0.05321795160857841,0.15105392335876847,0.826381491042212,0.6977998486407384
1521,1.0714197896783293,1.1410309154445033,0.07337665693516972,0.06046275562222434,0.061956137840528135,0.10324887337846549,0.8434260995071846,0.6893093765436038
1522,1.0866884264729606,1.1246294964277082,0.04559518126686918,0.25097284347245286,0.07832591660857983,0.3054353014480487,0.8415324901798745,0.6930451076714856
1523,1.0428848275654055,1.1117124471847988,0.07155208114558298,0.08299065813808688,0.07339862058225811,0.13595580138562605,0.7733252856760466,0.6657546912631984
1524,1.0185085590433185,1.0799663686923666,0.061820871911634066,0.08658826445825564,0.06936872603714388,0.028806395043208796,0.8304987181099243,0.6583829643303516
1525,0.9575917557650911,1.0707039268298464,0.11390930246159235,0.26923019437311135,0.047659612347957576,0.22219721828728572,0.7397267382645047,0.7015694857416487
1526,0.9714161183162128,1.0691364721803318,0.10123806578366325,0.1588383468614184,0.10135632394107963,0.08759335287222332,0.76276761157227,0.6839624693619079
1527,0.9279411791468888,1.0423640920454402,0.11446818945892061,0.24025480864226,0.07637108579119553,0.17104066122951764,0.9014687827560715,0.6462857936944763
1528,0.8518010690023163,0.9924599432808899,0.1426065468518582,0.1815805525070388,0.07998630576402266,0.1396910327158277,0.7329458251896817,0.6971919123942911
1529,0.8825035668252378,0.9726893704699936,0.09067490865621271,0.1305271071005534,0.06453991417139819,0.14164111359215184,0.8500274197473158,0.6857694277464919
1530,0.8611683621624855,0.9641129615310873,0.10304111953584388,0.10413122374193756,0.06909803162511588,0.08376839904034307,0.8225423168034461,0.7019524321941606
1531,0.8689722504857115,0.9248678317467149,0.05590708248642222,0.11012375582443325,0.09180335358626039,0.04611192460477049,0.9192047190221814,0.712406118337878
1532,0.8433328918324989,0.8985043689950909,0.05566865176474309,0.03984807214271492,0.09405565231866357,0.10251259858347209,0.8648734417946196,0.7224805552308597
1533,0.8315852818949306,0.8831730059787019,0.05212442465542799,0.13792856178935384,0.09262586815091038,0.09436716514723054,0.8894514591829668,0.7273734566195736
1534,0.7862994996302297,0.8322443734940768,0.046390024920104404,0.23701685011882434,0.1221547555713014,0.14557991942597884,0.8702960343906957,0.7045500377989081
1535,0.7871800507598388,0.8461356180601664,0.059712314513559184,0.13006939114305324,0.11969343519531812,0.042437843757135656,0.9199209497091938,0.7107330675929076
1536,0.7549577705623067,0.7959633536158672,0.041169518175437805,0.26109524895265646,0.1716093057075628,0.12992306776915796,0.8885768354220781,0.7236638443106299
1537,0.6944522104334415,0.7983483133632606,0.10463205753547232,0.353477034736486,0.3118109726295521,0.08306608443037587,0.8998681469492599,0.6602546567869155
1538,0.7212428076939078,0.7653392797975269,0.04421689158578925,0.528968203375225,0.48307169682564016,0.08277784587739195,0.8763054219907596,0.7116935076346651
1539,0.6732791141071823,0.7414492161796828,0.06926011680644996,0.6449382603426658,0.7693860608536771,0.1582319512805456,0.910267636227973,0.726464834983302
1540,0.6501671547639046,0.7266899792405803,0.07945178935567912,1.0072022468368405,0.9906038308080247,0.16456517123526773,0.9166532581323925,0.6468475311251674
1541,0.6581765512755723,0.6747130722543385,0.020163093094141504,1.173899120572918,1.1792649486555944,0.14386530204377063,0.8952441251302028,0.735250567120546
1542,0.6172344296216032,0.6764432031155712,0.05980221535186275,1.4359705712258786,1.4554311588492317,0.09566591522996615,0.8922418873853589,0.7426381381124466
1543,0.6067792615708747,0.6582292326733568,0.053263570351528525,1.7159468589592863,1.7505454348891356,0.06113036078730474,0.9176895486780836,0.7362950643523654
1544,0.5736147421861063,0.6688942092583089,0.09589045726379296,1.9389089545937608,1.947101189490878,0.016660694747517746,0.8410539888712887,0.7152628058028312
1545,0.5764449229148708,0.636032489435117,0.05963810807698511,2.1110298112288284,2.1656787534859743,0.08146653227565552,0.9163544640661635,0.7171038803360852
1546,0.5123627567053834,0.6364066823594446,0.12525862967328802,2.2556951733107,2.2756029244373526,0.031705116564752014,0.7828657702146399,0.692389934941583
1547,0.51432642109553,0.5955896202845807,0.10461837469527897,2.4071535548599767,2.4330432284407966,0.035482607946066565,0.880650330233426,0.6903725093018569
1548,0.5083486791901121,0.6434657787860726,0.13880466270226766,2.5280628903555677,2.571523769463514,0.059442982418484114,0.7776425912792353,0.6731845841414208
1549,0.4789851940720147,0.5765088335812817,0.10400521094856352,2.7015025298810067,2.7687302342175757,0.10932387406456709,0.8323344569674131,0.6410214330806092
1550,0.5117817055344402,0.5974461436861143,0.10281082665334523,2.8135294606507,2.913311731950778,0.1216901999701561,0.8314108721781776,0.5581650521644921
1551,0.5116066959394722,0.5589904735425183,0.06937130402134178,3.026329622999984,3.0721535286970902,0.1128589097497043,0.8024088792503555,0.5824104435627704
1552,0.4887963477557113,0.5391674815314967,0.07393292737192046,3.171609392116198,3.2135757653229104,0.09068730654478638,0.7533654889063547,0.5538482153880281
1553,0.45630781758652184,0.5303769645554248,0.08395906859770583,3.1040694857675946,3.2062117561368755,0.10347438124025243,0.8350011364261718,0.5474973138468836
1554,0.4582878546256974,0.5242264004930576,0.0954714473102896,3.2467733713617215,3.2610526878900346,0.12911807688000015,0.761136109669657,0.5831357827049486
1555,0.4664351852848712,0.5196150239772229,0.06865349150160441,3.215937732464514,3.391545791961745,0.22385286271159338,0.837526880626573,0.5087987979269618
1556,0.4721176251740562,0.5239294463749704,0.0673086238522612,3.413320918814183,3.489678974238622,0.10899605001719284,0.8045026003967759,0.5828244178882442
1557,0.47835301106733497,0.5000831443328677,0.025653161187056496,3.433774867076983,3.4577458894052318,0.1294726146579173,0.8632248159640328,0.6344314641314788
1558,0.4485111879442561,0.4915206588608453,0.0632233659795459,3.382573533054335,3.439344021618208,0.1830195166023543,0.8687676033670503,0.5553348544419983
1559,0.46002691697528436,0.507154300544623,0.062256422153647684,3.3917083298098,3.455332080095133,0.20289015197330698,0.7854985932557004,0.5449388101144316
1560,0.4685465799558044,0.42462134801077384,0.05463862874968641,3.427894988413692,3.4045886989726544,0.23604631405391605,0.7680026218695473,0.60584317747261
1561,0.4662264504822692,0.4656762766288923,0.021475079980033552,3.4382646234014795,3.414449885888581,0.08030193253604637,0.750937421881501,0.7212466656218196
1562,0.47059211937311596,0.4794758904569277,0.018880952218658834,3.3714933003941416,3.4056628596755956,0.061119056964629,0.6994480126119548,0.7301617837472683
1563,0.4793105262225075,0.44217727282390795,0.0391438545712995,3.3338264848422026,3.2915783059251345,0.15224739189722244,0.87188792681653,0.728775392442432
1564,0.4711049938586742,0.4395791186372646,0.03198049940715266,3.120973683623385,3.1197356625845214,0.1303287652145199,0.7887629817617865,0.7360946217459765
1565,0.4545399954487297,0.46508967993488365,0.031107774583027836,2.7906806749755355,2.8765111916122583,0.14195217446776096,0.6690182381765984,0.751144717442149
1566,0.4488552098196307,0.5154292133517194,0.06734672075502193,2.6564743799487816,2.6862385894179286,0.22918471690760528,0.7756298550867305,0.7737018949265563
1567,0.5100570831668986,0.49026078417343616,0.02174323407040128,2.3710111218365517,2.310101729047696,0.08146100064771432,0.6730026515477256,0.699733645025563
1568,0.47700968225734713,0.5354291296891167,0.05986860188113449,2.0580582313893117,2.0507240753178775,0.11644783029472545,0.7609230135442816,0.6920546634122274
1569,0.5089850795544899,0.48218248068375685,0.0315121578299331,1.6304007786147061,1.6877753561653719,0.07762498601377202,0.8024826238123492,0.7219994858481873
1570,0.5113104339696651,0.5461517386612165,0.03515929347501385,1.5138740375323438,1.3808809057772962,0.14823605881483745,0.7271849134063235,0.7015797906615704
1571,0.5199298578227706,0.5562463322037461,0.037529285869758164,1.122068464497574,1.1467965544503476,0.2819693385040738,0.802428296919746,0.7078194701029812
1572,0.5240096502672068,0.5746619378952732,0.0522082494205749,0.9298242058563689,0.9546430918045898,0.13125206060847897,0.8433440348472017,0.6906387874901816
1573,0.5285678233048279,0.5186450862781916,0.015677992538995295,0.7068465142864192,0.6748452454348108,0.08696666191153725,0.8183799915681241,0.7245168747750317
1574,0.5513518337803743,0.5876870704375238,0.054029204097957806,0.5601207094938675,0.5743808633223811,0.18259727007820512,0.7713605069781189,0.6877469558763595
1575,0.5800130653645903,0.641771600182392,0.06299852900291292,0.4880297301488798,0.4620019504192058,0.0965546595366195,0.7020416178335943,0.7017034347485598
1576,0.5496116923096117,0.5981824306779039,0.05242546560852005,0.34084076784499234,0.2974050315086149,0.09651925022130783,0.827853548362729,0.733793646799857
1577,0.5682816724279647,0.6106592631182919,0.043721644243626484,0.1631125716027612,0.08894157273061012,0.09895794940100794,0.8752026657745977,0.7694627727187436
1578,0.6145394314299549,0.6411180857780071,0.030673165767353953,0.134986797438177,0.14357035355820266,0.0314310497559116,0.8702635082485697,0.7763991884115341
1579,0.6311887226104209,0.6007276591615139,0.035360751871686566,0.22268353628076115,0.18985719010125607,0.045072921095686946,0.8387377522618383,0.7520856028750336
1580,0.6306249471241268,0.658072158937754,0.031256747366752685,0.17359845802742094,0.19459059234271708,0.07865272229350408,0.8988377752050115,0.7255916024236406
1581,0.6403547191759529,0.6687732759550695,0.02863475968260491,0.18806148768697825,0.14086046389483683,0.048975705912356435,0.9008081313097139,0.7369413036869159
1582,0.6164129127575209,0.69143884704723,0.07507901717845525,0.19513105173727668,0.10089256975266488,0.26807801922613583,0.8120383119299851,0.7596941944723239
1583,0.6497477690645234,0.706194883854584,0.058848606016234824,0.0676748115886028,0.06276353052902293,0.07000653048177007,0.9185069246051522,0.7661840743853889
1584,0.6268143626146815,0.7272171480646178,0.10071531671141426,0.28175868266109344,0.17959596197937075,0.1297959395395433,0.9187814534448808,0.7896598953047271
1585,0.6810893161194985,0.7635136463142299,0.08715805366166951,0.3049753169227509,0.24666291387606198,0.09578083006753256,0.8459849937346192,0.7944529524359789
1586,0.7048474371046102,0.7495951210373557,0.04514664182934184,0.2786765009303863,0.27247183907143957,0.04343352187773717,0.8718160351067924,0.8174277383488335
1587,0.744233789660294,0.7723911217313786,0.038042323972165726,0.3932355482088661,0.2830142935824451,0.11089360019330728,0.8253613239549421,0.8527676339746915
1588,0.7390957433910079,0.7806114332257456,0.04169876833878062,0.4237375208012217,0.4156394779363278,0.0905435340149067,0.8581397596180225,0.8635893383936244
1589,0.7780141292383801,0.8052569551938895,0.027750683184692336,0.40697253293531,0.4815878667871797,0.09624334038550762,0.8079110028780179,0.8544799394193088
1590,0.7890093387679579,0.8385012352916598,0.051255561974662404,0.7167204983302546,0.5817989178741769,0.15779484020195766,0.8963554959835374,0.8483131305629359
1591,0.7952943591457695,0.8367019097785084,0.04224587488805278,0.5848672742306453,0.5976355841873298,0.13452858941227736,0.8367196419794155,0.8347749048869166
1592,0.8017662576020848,0.8666084783404772,0.06578583107652797,0.5330294486607289,0.6382955587006377,0.12435427850655227,0.8655525182818424,0.8357660007843102
1593,0.8229218046114247,0.8555563964498956,0.03425873921095425,0.6444870931188647,0.6021303659671287,0.04351769236818003,0.9031153243670612,0.8544515695886814
1594,0.8172888957625222,0.8516377398271813,0.04838607860278869,0.6300974506506031,0.6623393652554277,0.06072763490459255,0.8292953132373801,0.8283122639128749
1595,0.8115068800682534,0.8991273716990932,0.08780784287357124,0.511023772763595,0.7036352586766058,0.22357626385528317,0.896992845262873,0.8328711184709628
1596,0.8088690422549253,0.8893751120374056,0.08328779146779217,0.5599128028204353,0.5819511816737025,0.10192125000385291,0.8736034796472282,0.8523463225718282
1597,0.828985697508766,0.894237543733729,0.068096718189942,0.4840976082552229,0.5539954940254946,0.11512491369110209,0.8391427282827335,0.8530378772097515
1598,0.82215999967976,0.8752497234661456,0.061495481661234884,0.2826356340327816,0.4266664596942255,0.2280428335493772,0.9093524768444445,0.813597164689235
1599,0.8297712174943079,0.9091928659834687,0.07953367466547151,0.32163089361862135,0.33520802202032884,0.030980703027699064,0.8069622982933243,0.8320283464758275
1600,0.830715831712689,0.8774034905343308,0.05154263445399614,0.2946245544843514,0.30751459984931806,0.15747528558835813,0.8714781231690489,0.8321461563520055
1601,0.8234931780929343,0.892989385102953,0.07000521111794822,0.4014841938067592,0.381534644642949,0.2655764002332633,0.8541647339290548,0.8305709046197882
1602,0.8267288264229534,0.8684083389185528,0.044707395235822366,0.6143272959581095,0.4346300442658908,0.20360383601892523,0.9083148400751228,0.7965754229521096
1603,0.8107181492980214,0.8745931881270537,0.06702066990242211,0.6570953963349343,0.5053216105456323,0.20269280529879327,0.8891883517056726,0.7983194720328065
1604,0.8096477690337462,0.876806449780833,0.06891565866074206,0.7437777090769583,0.6029219641141239,0.15807309416004472,0.8981484584332476,0.8006827138042137
1605,0.8160372755757405,0.8645741655528548,0.04877592554217853,0.5893055856495335,0.6270710163719482,0.13708419355925996,0.9240311295783432,0.7471280017956881
1606,0.8415701605775371,0.8554045363460026,0.029490270965311368,0.7215968350584585,0.6814573108773381,0.07942728719375346,0.9102309230624221,0.753105553497626
1607,0.8289324437410045,0.8633217009173546,0.039198336954245426,0.6955829905668788,0.6542380008582179,0.06537688593440423,0.8671750548232025,0.7220452467695769
1608,0.8058831260226492,0.8716202932726241,0.06668142376094004,0.6418712371131954,0.6673876869736501,0.05958833047389174,0.857964617843323,0.7172105536693526
1609,0.8605769580081537,0.8633674066706267,0.011194451954909153,0.7398399522434127,0.6731565232867682,0.14898691809389875,0.7794534987188415,0.7281258642187864
1610,0.8390282392196505,0.8649115161898889,0.029504921112347877,0.709837004368508,0.7126080703454543,0.07442444527535562,0.845892261421862,0.6804632012452674
1611,0.8118012939618116,0.8640951920456132,0.05237375849735694,0.6684494675106858,0.6897051441437116,0.08240219627110709,0.821988707033829,0.7155108988278428
1612,0.8344148730417325,0.8545574253564897,0.022909343513744077,0.6781497440045772,0.6438481471019547,0.04794170467535911,0.9087541361123193,0.7302757698087576
1613,0.8480112450290321,0.8611180173979884,0.01392982342270032,0.4847436659414546,0.5780905131840874,0.1174884461223348,0.8394501106217831,0.7053790265045409
1614,0.8714736003699108,0.8344208605988825,0.037986005719331,0.44434684172268424,0.4335061462149101,0.09422892733076577,0.8941255381568978,0.721899767642556
1615,0.8593811549167846,0.8568069964798657,0.014676664768071314,0.32416986187118696,0.3398587236621252,0.07339276553344119,0.8647257343165594,0.7796628295271024
1616,0.846599353274847,0.8691376218921116,0.027150701835362376,0.42478202068350573,0.29607562912376967,0.16247982923283724,0.9058016537020918,0.770196113646361
1617,0.8861330307374644,0.8784845815427713,0.025731894966443927,0.2374499903907081,0.1809357708193466,0.1350864560745023,0.8722419510365572,0.7777859902109003
1618,0.8654390566243361,0.8914650887132048,0.030055122604428462,0.25702027710350184,0.11675450755799832,0.2984349599102384,0.8623600890130193,0.7940615677643521
1619,0.9021367654236826,0.92244432480281,0.021941729571952593,0.1560553711394353,0.09076660707166043,0.08482568846821747,0.8795653659503594,0.7943302266764318
1620,0.891687525487344,0.9151101427348645,0.02470839196694882,0.13609190304012672,0.13208467943378854,0.04845189937764648,0.9046175854087178,0.7927502286163877
1621,0.8948756853413764,0.9230970407241215,0.030465337805975847,0.12340909324288994,0.201645510232935,0.11669687998876423,0.8576828283100779,0.8131758635760437
1622,0.87197194943961,0.8913761902250601,0.02613451706370663,0.15631105749362634,0.21807610885670659,0.13091175119925114,0.8906153831326881,0.7534088248533422
1623,0.8837435423935652,0.9384052909089747,0.0549950439358216,0.14625104054821886,0.1856641803113499,0.0715728679921986,0.8916032945961583,0.7656218995352909
1624,0.8575866470009117,0.9217319581394323,0.06447277542117962,0.107494748165716,0.22989930703864322,0.17924913370701284,0.9079783485957588,0.7529938797659322
1625,0.8686153616987627,0.9353857642200086,0.06707789128010051,0.16782017004808014,0.17284916174806073,0.17892555956717146,0.9214482738899572,0.7172260568656121
1626,0.8640040982682007,0.9864210439512949,0.122761575184488,0.23696398651075978,0.2984996258593481,0.1300057760032445,0.8904997329282761,0.7531168285640939
1627,0.8642683910410983,0.8885181423161577,0.027229308905859555,0.3600085075836527,0.3352436319429426,0.0790721451589775,0.8319415011233317,0.772063223634793
1628,0.8564413894354802,0.9147407789444806,0.05941030408062455,0.5339456770235782,0.49985170167095355,0.11076279425659603,0.8848911933841409,0.7278049647488376
1629,0.8618161311188715,0.903278370399426,0.04317366226267152,0.6328275434957836,0.6254920921523366,0.1416891978575119,0.8711897168870825,0.7647670849038192
1630,0.8765051231068712,0.9846900826675207,0.10834677126451607,0.8003165427871052,0.8466497279523191,0.06267895094151425,0.8919470243234746,0.6899472711082963
1631,0.8542564492503797,0.937569892175193,0.08355526460827606,0.9355637803240339,1.0122631273268967,0.11927687797583134,0.8245083661112503,0.6927011692639056
1632,0.8587373060013659,0.8839626944370329,0.025937232084184993,1.061480105071756,1.045528272371699,0.0615516327546498,0.8633498532490921,0.6856425411022259
1633,0.8619098211001444,0.897301961798788,0.037013987821194846,1.0895919603337023,1.1510906966366046,0.10001883806550171,0.7903742694003856,0.6598261176395761
1634,0.8782807508645266,0.9146859974668928,0.04817576615332226,1.1864164805812278,1.2627954376988952,0.1709351179364756,0.7752419734577909,0.6742501374534658
1635,0.8626044028974845,0.9191031716887256,0.05792008574632865,1.4261569232809823,1.2326904223386126,0.21969620237131496,0.7933052368526631,0.6426632922293022
1636,0.8435275989767513,0.9295401229391932,0.08851799291943362,1.3080047769274892,1.2599434646671523,0.056597211597949705,0.855655196811594,0.6340901646304603
1637,0.8417343781660582,0.893265883063463,0.05283582468767272,1.353029578896945,1.2215415369548612,0.140020120673229,0.9159483046432533,0.6452137151245073
1638,0.8547270476245609,0.8984010534055599,0.0444473684044984,1.2014006033214149,1.2056693704433836,0.023019591183993174,0.8101283073575418,0.625148915742609
1639,0.8274891847165327,0.8887250346819774,0.06252301603014242,1.1436573440283488,1.1300566843196334,0.09840619590883845,0.8655919602926834,0.6340760278450475
1640,0.8597339220773274,0.9076503622317522,0.05067746131455469,1.080127318537842,1.0004307649943955,0.09969164236201122,0.9140429284293203,0.6482030375729604
1641,0.8362314093210784,0.9023978327314343,0.06957692506992606,0.9029510510821199,0.8819152234284922,0.12058039078106637,0.8535813406229886,0.6094591445924041
1642,0.8477035464097893,0.9155564007206077,0.07120095237250171,0.8093071185888359,0.8137988088639397,0.16195043889260796,0.8390081968310721,0.6161722772652042
1643,0.8765478081004101,0.8765064771551504,0.009387334081536991,0.826801949409507,0.8519649451849248,0.0976841118419593,0.7386098021775783,0.6057434737359746
1644,0.8706625954989008,0.9000737222123616,0.030102680095493845,0.6718877212550316,0.7464314950769064,0.10707142597064856,0.7909448067421974,0.6380071463483868
1645,0.8622400880144859,0.8897763414791399,0.027799916705159095,0.3905998983784169,0.35362974994929725,0.18155072827370142,0.8028632053780042,0.6326354944874982
1646,0.8350792221104976,0.8757085116448065,0.04075380534134432,0.5835745589733796,0.4342575795216351,0.2796010279474993,0.8389553729659557,0.613753044070998
1647,0.8458590458580767,0.8941755469896115,0.05052066541516965,0.5527728161473096,0.72194171760505,0.21435224907769945,0.8533519894789682,0.6390569510801244
1648,0.8493785710645464,0.908851095603128,0.059982014267460027,0.392104112360159,0.5636737902571936,0.17470031174024866,0.7853214147002221,0.648427919623799
1649,0.851683800537736,0.898832811993579,0.0573666741137236,0.13199878406081605,0.13446246526954528,0.1978485291035274,0.8886905568879081,0.6756821138723015
1650,0.9146983778857708,0.9330100244500393,0.025242826491097353,0.2848405916103421,0.19879750702220075,0.09559139691039928,0.8618056374294178,0.6880718049070741
1651,0.9032904910640501,0.9282158651738196,0.03409957715423309,0.36298155618929684,0.3348525625187791,0.13264994176741934,0.8276894855568757,0.7402569019853711
1652,0.9163069872311409,0.9339334054701806,0.01850995778920007,0.4417187675369468,0.38022462891047115,0.09652992701708527,0.818817308875784,0.7146293422540934
1653,0.9003508082153971,0.9350064647185097,0.042264967583768236,0.2574865476394019,0.4030433547804257,0.175102131581649,0.8310780522820966,0.680382605882766
1654,0.8753576534297149,0.9548539722124427,0.08192358409854221,0.6209261774370992,0.5342537053321085,0.19432222008066233,0.6604997126646023,0.6968461066613625
1655,0.8976090980948754,0.997028552719684,0.0994487982099917,0.6889298801505965,0.714631287980159,0.2515617703016561,0.8237582520195035,0.6467835128943068
1656,0.9147670033018096,0.9693706143776608,0.05562618450993974,0.6865259604825309,0.851462377857165,0.17111313165523037,0.8884146125762047,0.6819043450301905
1657,0.9318481250014947,1.0423123079933243,0.11162389066875958,0.71554357064895,0.8891018362365097,0.2045712149915563,0.9167577618819671,0.6303960525478414
1658,0.9571439109450769,1.0695141022384806,0.113877023793098,0.8378305513707074,0.8746176240973298,0.19400585352668515,0.8061833179594496,0.6467718245672276
1659,0.9557153605280785,1.0198491158483856,0.06649891457791257,0.9420974440117998,0.9656899392917093,0.34784190993269043,0.6979660096926082,0.628699212869341
1660,0.9440147699816283,0.9877255086669041,0.05038396674046316,0.7445933251228628,0.6675219386781733,0.1026082439333843,0.7771611539908816,0.6684582841932234
1661,0.9722578493569299,1.0036291851928478,0.03265778852393568,0.4240769027696304,0.500225705965069,0.07782192622887484,0.9081654383143338,0.6916990400525574
1662,0.9611488289006892,0.9683425536304007,0.01970462881175044,0.36222349624113637,0.4922749089550284,0.17020875524487963,0.89896000357876,0.6478510130462789
1663,0.9700865063556029,0.9800375478809105,0.01167008399223708,0.2446266912656872,0.18936853835663345,0.09805115322735196,0.9128518814764299,0.704212465639628
1664,0.9462126214312223,0.9888663216037299,0.043627548093792726,0.15825952099892757,0.1063655070770747,0.06105695923212735,0.9142873513417349,0.7137243497375565
1665,0.9543987797692518,1.015894895951496,0.06353626182072308,0.07041923687764495,0.08529092734776372,0.08969530041951242,0.8785290840700103,0.7006673851623366
1666,0.9060851382517287,1.0195002251187248,0.11383246560336345,0.1627364827875254,0.09475334903118238,0.1757822070920827,0.918970442451154,0.7111130550137064
1667,0.909589050112611,1.0205083632363892,0.11117678179196622,0.23743122179033968,0.14465043221279328,0.13193625742657716,0.9000033267525663,0.7077728439354899
1668,0.9463479849222656,0.9778785369760363,0.03616857528571014,0.18095511640486994,0.29124738225926977,0.12565762700228766,0.8718655414547565,0.7059604856933666
1669,0.9437496227668688,0.9898856581606372,0.0476579392910937,0.34455698166922694,0.22043123358339956,0.1678708045405044,0.8695458006859401,0.7216908862165651
1670,0.9269162984391225,0.9911164172584696,0.06547619702095868,0.28945844104871987,0.35627334421596085,0.1966061223757547,0.7725867988974047,0.7140662252601828
1671,0.9213382608371194,0.9937934269116444,0.07352144732261734,0.5395715266885334,0.49033617579691147,0.12557795285272152,0.8446527318809737,0.7067966682076431
1672,0.9386674626582119,0.9766640447960643,0.038090244752331776,0.72264603881457,0.6706902829295371,0.10184820071480531,0.8860622211139669,0.6839650690797197
1673,0.9238705510805458,1.0120144289998527,0.09064096327867284,0.7436696318283453,0.6796049881923862,0.06460089434378852,0.8121286546355972,0.7125828585063704
1674,0.9341796395876084,0.9936532047625262,0.060012765200966565,0.8596993014712045,0.7285028595513259,0.14699183223686232,0.8591685927493454,0.7002819637947161
1675,0.9271092732309889,1.0655475420323581,0.14063820605843,0.786835986013926,0.7994542929537888,0.1192407086440706,0.8009897946017791,0.6888389823748853
1676,0.9294862826657068,1.0354402377496015,0.10741830564691617,0.8863656393193996,0.8146356874218353,0.11043993172353252,0.7513724014645702,0.6639627233383718
1677,0.9061921193483317,0.981241272950458,0.07644864767541344,0.9802633475716025,0.8509000587972874,0.1298639534810614,0.7919917702883935,0.6998172300933205
1678,0.9027227971017977,0.9567023779274524,0.057118065361562,0.8968545924412259,0.8855385568951218,0.1560741361195178,0.7964082805340849,0.7112791902796542
1679,0.9266517189378956,0.9407181084065234,0.015575098959416219,0.8181979072792778,0.8922496028011473,0.16569383093859516,0.8440505842322205,0.6848113807736552
1680,0.9218700155148325,0.9737846647641788,0.052202796971771874,0.8284703965013421,0.8873314768569088,0.07985180338623771,0.7639725253159247,0.6963662093807573
1681,0.9069695340431156,0.9606788878442742,0.05551095413661376,0.9653214702321489,0.8640149269177042,0.1141869623480753,0.7525313201761981,0.6573347649946973
1682,0.9112492519596622,0.9909351571795388,0.08430731310949026,0.9248628028119594,0.8740849378268956,0.23591777057683488,0.8363708319840419,0.675813301253857
1683,0.9297794295509625,0.9982545097264658,0.07515292087522676,0.7968204572673672,0.8383828544201974,0.13613241434814832,0.7881201583835864,0.6631535020303272
1684,0.9116821292189277,0.9755458203582853,0.07213146353021976,0.7020343015146048,0.7689990692770353,0.13187159268605766,0.828370049651948,0.6696841207972846
1685,0.8988830025380687,1.0046436174922182,0.1086181369468914,0.7784148384619047,0.6366245992235363,0.15086613886099923,0.826434886794824,0.6570518227959725
1686,0.8740554289167733,0.9228183658098227,0.05232283234096671,0.4869068636901681,0.5186590648998494,0.10133400101632437,0.8316020735946198,0.676640368265421
1687,0.8767162742635194,0.9966461531094349,0.12037840504590179,0.4626975386746728,0.35601840030077897,0.20918868452840664,0.8545219410048179,0.6512716405389585
1688,0.8561162158534035,0.9525570606583478,0.0985614438662696,0.11025846969084728,0.2747909387892227,0.19202166235551366,0.7914436608709008,0.7005697905254525
1689,0.8738806333389435,0.958122654806276,0.08492237661924146,0.16023928462130796,0.10466518437044119,0.08271453562623828,0.855416425583829,0.704121860189379
1690,0.85339346458038,0.9306720023992695,0.07735617818058571,0.10659162751609058,0.2458133940561606,0.15153238790669474,0.8570462592491108,0.746399087088162
1691,0.8355921199249586,0.8945317897761311,0.059050503428332415,0.06694880250650093,0.1626813028900648,0.1021380394109086,0.8815466148333029,0.7420727480662574
1692,0.8417803004740095,0.8720232586266548,0.030910487529759285,0.26830485743661703,0.26148987866137213,0.05584897263089025,0.8539234265467326,0.7349464833654376
1693,0.7841588340076788,0.8647711361850001,0.08215494468796446,0.3332973424308475,0.37900237635107104,0.0798988920838812,0.911299615758697,0.73175316012358
1694,0.7520331638187636,0.8367665148155368,0.09055985151784691,0.4210098504664364,0.3662090566847509,0.06448835800772354,0.8815641413696615,0.7069679750958839
1695,0.7319180562051484,0.8039893466413851,0.07220538314139666,0.3880100606854535,0.3465174565430038,0.07220522001645294,0.8753485799340969,0.7489390811212588
1696,0.7248027052815051,0.7916221332499201,0.06932537735262866,0.3170552755375327,0.3752811933666383,0.25946065247024563,0.8561454149467431,0.7740250213256925
1697,0.6840598219881106,0.7735479696826525,0.09053928142146221,0.3483057291398431,0.3095757848298725,0.1509541107905963,0.8527459919541216,0.7678843456950364
1698,0.6551244168627377,0.735509122712749,0.08041151592794796,0.36953628076297285,0.2505594132747852,0.3664684670701954,0.8502277758642459,0.7665233100269611
1699,0.6562629657290888,0.7180314050782072,0.06391162653282018,0.19617419878046172,0.1914386649806636,0.029701925957049333,0.8619915637834772,0.76435755705589
1700,0.6423607085997227,0.7464927757775142,0.10493070838077102,0.25729480885112166,0.21324360650534005,0.15543053216789396,0.8066707510291045,0.7623739691367538
1701,0.6295856880570453,0.7212815946586099,0.09230615785521736,0.3310221430873604,0.32324123445301234,0.0857787034059711,0.8070256116625382,0.7783400852720586
1702,0.6434275941787596,0.7200006800497905,0.07738830976756456,0.33315265768017016,0.3810590966979363,0.0850961094934158,0.824200544126217,0.7627925525433609
1703,0.6459103592945331,0.7095663968801118,0.06436443199200773,0.305039723918187,0.2851024756866013,0.11631500270001817,0.8008184733643342,0.7663731578634191
1704,0.6530892153349288,0.6870948512279124,0.0352873771994063,0.4082821159738192,0.42226860202603334,0.06130551272713303,0.8256892427121384,0.7340485242878523
1705,0.6718600938442123,0.7080761605475975,0.03788423298083297,0.4782895047080278,0.6329708252573113,0.15633171274003296,0.7967578325334017,0.7556135554413796
1706,0.6594481456306633,0.7092504095412643,0.049854654883971984,0.5470958435561364,0.5581071957858172,0.08381476934961116,0.7449755549651038,0.7088050051701275
1707,0.6183178512758188,0.6990501362783964,0.08084031143677933,0.39144245200082234,0.39751679380635974,0.10344723538240505,0.8121608613549762,0.7443926635327961
1708,0.638229297963467,0.6947330705731855,0.05752992114548642,0.354212395429544,0.43089427652022066,0.14118144067145058,0.7905830753278744,0.7122715900457014
1709,0.6244169266557587,0.7068570736256983,0.08247032916638432,0.3780306065247066,0.4039126279198188,0.11778104670850592,0.8238786100643438,0.7195383547254648
1710,0.6475443324460256,0.7042721393873324,0.058985952087656626,0.23468836484352007,0.29000630337884353,0.13301627917967637,0.7585284085284106,0.7017417667646397
1711,0.6572042462369035,0.695096581186756,0.040491690875351656,0.15501887411749318,0.1624346870343243,0.06076012106806484,0.8003532037706838,0.7220733420329715
1712,0.6796463446587985,0.7130808335303599,0.044856813526231054,0.15807021133907828,0.15394242450826892,0.03770760115843061,0.7010861309868089,0.6754723809093013
1713,0.6954530415907717,0.7116758524433324,0.021616003845672242,0.09851136750641791,0.06649463169521572,0.06144837883463879,0.7075218684064459,0.6912494464144187
1714,0.683551107139072,0.7138142499355363,0.03369121981332535,0.0891465177320695,0.03979490685223665,0.05448009377073542,0.779331332392421,0.7265414319653196
1715,0.711731180639539,0.7397682776245923,0.054630622606253926,0.3198918136311685,0.32403184145692854,0.06596063274294922,0.8615402529148484,0.6860992438210919
1716,0.7288097951191786,0.7412230205692621,0.016865617301249622,0.4620828638219458,0.5439238146384915,0.08921215859508641,0.7366270663808643,0.7090046716047428
1717,0.7320249367413043,0.7482177662146794,0.01719142831769127,0.39500619050410435,0.48075358903468146,0.16077273395022304,0.7266353454556237,0.6643329722614763
1718,0.7114798430439122,0.7667142308095876,0.057847969263433566,0.47406087111334655,0.4868971156118884,0.02976014585214637,0.7271475097662992,0.700794567158771
1719,0.7331460034068707,0.7491998655045605,0.02513328860902835,0.5747187322186617,0.5850777519062507,0.13888803305231165,0.7122101623669556,0.7042289783473252
1720,0.7391492809616241,0.7898009643442573,0.05366140564490872,0.6015293890406078,0.5111609678175355,0.12822140004975363,0.7148392686875986,0.7018792672165384
1721,0.7495920730447927,0.7990958678725351,0.050829122508082025,0.5740959830903793,0.6517532387843591,0.12319023161761095,0.7589101394525066,0.6671177705949544
1722,0.763455882059982,0.7860388675986911,0.02487402906461805,0.4251272450708628,0.5113834161807898,0.12448255936333989,0.7738073725514104,0.7094152705858834
1723,0.7689066311197176,0.8020212784349203,0.03747159697870659,0.6141590540999383,0.7734216963964279,0.20552839889348495,0.690390548387148,0.6637996218551225
1724,0.7667391395197365,0.8317555862068071,0.06952378720178536,0.6961320918369073,0.7303058653503625,0.0972111963238103,0.7127863825158472,0.6948495191879341
1725,0.8188460744680467,0.855418679960437,0.04299434804437313,0.554907495195339,0.642300994958011,0.14894519666601427,0.7043554001758939,0.660875168565462
1726,0.8210086371451739,0.8691064693893849,0.05069373791377529,0.12147900958855348,0.12139647053725837,0.038877018187194294,0.7824486670176248,0.6892486934186745
1727,0.8222424583871161,0.8334452636500432,0.01366901493261488,0.18568476175767126,0.24881198156189502,0.07866668083066246,0.7284231009774398,0.6993024953177968
1728,0.8793961309636521,0.8675571508866283,0.01943642445385432,0.17832220621449324,0.24796159356657058,0.13267500045115505,0.7148478964005582,0.685566565851004
1729,0.8562065012939567,0.8761808690379306,0.03154463194507792,0.08894633826355022,0.08438807245061455,0.08513168434477125,0.7052815569492246,0.7259286704276809
1730,0.8698512700584121,0.8760834194991932,0.017467034586413004,0.2154570135670384,0.22951498765183984,0.049924899619237746,0.6749772782484409,0.741523157529505
1731,0.8829146686747076,0.8784077426424035,0.019644153348253087,0.20955429481479462,0.19024807230880517,0.05733479550852003,0.8029844159976018,0.7501086671785496
1732,0.9164005333086582,0.9103943491956421,0.016121354901180617,0.12627925948696164,0.17671849938907574,0.17271642910718682,0.7907101169191113,0.7283478799965544
1733,0.9146817050329328,0.9243544573612059,0.015167542362837202,0.17383014428413504,0.21337378243344207,0.06939200235647237,0.7235876326600487,0.768778651579626
1734,0.9209970392562113,0.9155928137725334,0.013489591330422126,0.30129185888218096,0.2577012297347594,0.13203023381561454,0.7359497736781296,0.7342847968195325
1735,0.9334090915091863,0.9237058648339274,0.011770716653884183,0.20653400963672192,0.18634528507043385,0.1624281806417279,0.7819577692126807,0.6762632521594437
1736,0.9769222327955869,0.9364933264495888,0.04527302484229385,0.18405087876598208,0.3042826289019278,0.15137528711387943,0.7879048075088069,0.7246788163935831
1737,0.9445510967749996,0.9487794212547241,0.021119608597662255,0.10701192041452592,0.08552113581271054,0.16436626721403935,0.804617122629028,0.741004691244092
1738,0.9581381445707611,0.9635579490069354,0.010281322678747372,0.1739064531599894,0.21058848252735338,0.09543771664562936,0.859297974712536,0.7205896673958254
1739,0.9619836420630782,0.9469555273300937,0.02670771937360414,0.463235928996167,0.5272767996396922,0.08231231715819373,0.8610586002091906,0.7094008244691035
1740,0.951209221010656,0.9664630085978592,0.01972350496438036,0.3747259890491494,0.4550727461321132,0.18796349283955474,0.8871399792708977,0.6931966269984163
1741,0.9502355871717093,0.974880041362271,0.028014131364475187,0.28503631609874,0.29591330704298396,0.2108373941730773,0.8975350059857952,0.6714804655683988
1742,0.9369919762977598,1.0148454506202882,0.0800591866206571,0.2885480670574513,0.3428868279122524,0.09554244516276349,0.809959743602599,0.648401123436701
1743,0.9365985600664113,0.9943485351456486,0.06270705066575873,0.3913480243745991,0.42322469489587644,0.051096029265346204,0.8947815687438812,0.6481421444979627
1744,0.9321733387375386,0.9788004085043196,0.046927657580428946,0.33307456630348975,0.4110016928337999,0.08206465531601537,0.8748025186615991,0.6445269028693262
1745,0.9396338463251191,0.9843464233720928,0.050163426789891656,0.2761389990154264,0.18094139164226863,0.17494271372754847,0.8239157382779372,0.6442989462350173
1746,0.9287481684674599,1.0185793164432524,0.09036010721303535,0.2067689750779446,0.2963370648420159,0.12713434860150574,0.8672358423000143,0.6641424221985759
1747,0.9488708607735105,0.942541205939971,0.0201955601089047,0.3851691075237218,0.41997542955777506,0.051920438306132105,0.8560049179535919,0.6050915779748062
1748,0.9317808379795297,0.9735153632889789,0.046107247473892346,0.2757572172500472,0.28283054439902905,0.1033205115539638,0.859155816201841,0.6146959960989498
1749,0.9441165422898228,0.9256871465291335,0.027103471425065882,0.5066639663842231,0.6316454026952002,0.12981985456069411,0.9030132760226082,0.5603520635868572
1750,0.9222083909900676,0.9935387178042726,0.07851853728842649,0.5241505561425752,0.547591929747042,0.12461725456379151,0.8989623904963403,0.5496698631563885
1751,0.9425627146334518,0.9773838846124296,0.038403648570364525,0.2740292284791281,0.14013114433065987,0.248339356270623,0.8485930464486257,0.5263759884100704
1752,0.9372278995705636,0.9989181764168505,0.06667419134330681,0.29110188780552265,0.24021235179171596,0.2283790495941067,0.865485381032133,0.5594373166561168
1753,0.9725551337852529,0.9302476151324046,0.04906847666658408,0.35711605799297474,0.3545700285074382,0.06261183744571414,0.7502766826485667,0.5443265793322146
1754,0.960224466272138,0.9844832264613972,0.02545562021879108,0.256829609504316,0.3890173374502727,0.1833418480394224,0.7842966086372146,0.5560722196040411
1755,0.9573265929827235,0.9406641971670046,0.021784827970003987,0.24529924692514762,0.1763644308986603,0.07243990917526755,0.7333222059496229,0.5813470526263063
1756,0.9494363970796752,0.9549319599613383,0.011144723677846111,0.13243701256431936,0.29425773509527436,0.1720046979979679,0.811053564787027,0.5845976618261801
1757,0.9337831885482922,0.9677009364169454,0.0548463270317473,0.22465640420576824,0.4453435440162606,0.6534678123048987,0.775672348850218,0.5720577909592444
1758,0.9114944556219676,0.9635316918314067,0.05242367917696938,0.4845350368172516,0.4480151812476633,0.1829128367967046,0.9199440850746529,0.6421961998566995
1759,0.9225080966740192,0.9584318892282492,0.03990323779123025,0.24589656562527987,0.321112877256417,0.11716142493027382,0.8785200705441188,0.606566820581093
1760,0.921111751725931,0.9736797085648103,0.05513697359907558,0.3542367583607816,0.48058075153792856,0.18377932850575396,0.862579859583671,0.6653477279966296
1761,0.9047224541654806,0.9477018935811279,0.04603577163747013,0.14477601030149653,0.3205272643403805,0.36139413226028283,0.8607028365681922,0.6832438316569569
1762,0.9210613620258257,0.9467014450751742,0.025940796552305728,0.40549737733292956,0.27078197055811787,0.169472547557374,0.9100322737147619,0.6315242260706415
1763,0.9088022387408843,0.9607112581955674,0.05554354743585035,0.10043718241062367,0.33950601772655636,0.24230297991997968,0.9240910738706959,0.6387195661195015
1764,0.914134070238438,0.9556591634180159,0.041952217719045753,0.29369515192552564,0.30099406968887865,0.12159457149890293,0.9247347529805396,0.6881420671740223
1765,0.9007742105861068,0.9335650335419164,0.034292517064181786,0.14112740403603358,0.2718660984195244,0.15395982542740153,0.894794861836173,0.6479767219310266
1766,0.8822998097999535,0.9307976946562424,0.04862128787031837,0.27448075119871096,0.36472157894895973,0.15012233982446294,0.9255607408874,0.7069702801412728
1767,0.8893515258351966,0.9253018042257961,0.03805471373446657,0.11038248410724692,0.19908984461390028,0.09394237286858147,0.9261959640044173,0.7047992386374021
1768,0.8668303666511066,0.9410052839671839,0.07445148990774533,0.27190001554877824,0.2960804891532821,0.19616309307776852,0.8832290085591691,0.6873464500034285
1769,0.8732361591359861,0.8911016089700174,0.023663814561790574,0.3714627526015398,0.43426079962516917,0.10220393211932817,0.9282934024788247,0.6816969652042724
1770,0.8477779083523191,0.8799581795706685,0.03658555732436519,0.10551551271158627,0.15212306339256793,0.07192212015901706,0.9260487054860449,0.6942227667251955
1771,0.8186721523024524,0.8683178727906453,0.059558529347004625,0.45357934982847714,0.5447772704752774,0.2330165109795003,0.9213900522247013,0.6681507639640915
1772,0.8101422067136912,0.8464915633090073,0.04238568054540258,0.5711030135327074,0.7550006667904071,0.18802277233182976,0.8452609879255589,0.6279364138049965
1773,0.8053572500171953,0.8136492049141612,0.01288466815503968,0.3986532123883785,0.3867692714085242,0.03688379006890672,0.9238399155507484,0.6377304247717646
1774,0.7956062754624053,0.822886221760666,0.0420673503165296,0.5728207919325445,0.6045740456873957,0.1005716843797681,0.8175568880266558,0.6115024188486113
1775,0.785651733965897,0.7965034307848872,0.022643126743436003,0.765715720402541,0.7996497127233884,0.11371994926316666,0.8548563885283167,0.5997765778110487
1776,0.7628601425748807,0.7734198088769527,0.019136630584891737,0.4410756857105238,0.4561652702302686,0.20578680324177298,0.8245837250369874,0.6477677079109384
1777,0.7453151254685432,0.7361540724813087,0.018103381562208067,0.448874035601788,0.44372393354249356,0.08397876676951369,0.8408330973660856,0.5941608937781184
1778,0.6848071682140665,0.7263876373438275,0.044077834388585514,0.5288680492618962,0.6570531762542057,0.13919674069314558,0.7725353689571921,0.6079740623181727
1779,0.6876202246769907,0.6786375693012688,0.01342485115889122,0.45661891933963433,0.47713513716726497,0.16216897124216995,0.7678234969638777,0.6636416091476509
1780,0.6504873463183718,0.6647851295788655,0.023866778942095674,0.25380323590984133,0.2930048232213086,0.13521284754790464,0.7214349330132943,0.6713367105818117
1781,0.6399670516797199,0.6435892985000006,0.012935019088970498,0.33980520605217895,0.45465068174499323,0.1522383983209383,0.8771119583438356,0.6936721659075274
1782,0.5986745430509347,0.655413833775946,0.059798827794894295,0.6610169326950041,0.6786352508876549,0.17318987388468263,0.8359686161771629,0.6105655810215636
1783,0.6096418891976473,0.5759827338663434,0.0394787818031084,0.8081083622997555,0.908027083551425,0.1161807255882373,0.8325750446670527,0.6367089390292665
1784,0.5811458838249788,0.6220977928774555,0.04917974355692576,1.4735134775521204,1.3270175276301845,0.22631653448833558,0.9206448946564547,0.6407712171189835
1785,0.5863055367376011,0.5797563951256958,0.01704255065839921,1.6861501640804055,1.7242422477853208,0.1576221260744424,0.9032811362955807,0.6503462545568501
1786,0.5793745141453177,0.6024687566176965,0.029589944872844477,1.9487714238541813,2.109104432314733,0.17089666642212287,0.8443011869072785,0.6675841683932773
1787,0.5638860823938574,0.5902116980204994,0.03868374153217791,2.366748130503482,2.3214085336458186,0.10452662197957431,0.8890874338501474,0.6314108553831155
1788,0.5779726986820879,0.577974913644855,0.005698902231757304,2.3214964438785,2.452249118585786,0.1354912706136906,0.8221726594367699,0.6437912487282977
1789,0.528062897545443,0.5549974560543038,0.03176360640086283,2.5109926955563178,2.5340580049640007,0.20873571551080733,0.8554448772356821,0.6550627352300264
1790,0.5570369812511046,0.559469196627707,0.02362188030762485,2.3968466601515472,2.4618160866008236,0.19027889959283664,0.8925362221526738,0.6448089888069652
1791,0.5421286526574199,0.5359142035757649,0.01102959951775886,2.484989103920205,2.463171237838,0.052084931603253025,0.8004582498842596,0.6675523476529316
1792,0.5375368814747853,0.5602013012313639,0.023325617222667464,2.4923694298670043,2.475742490044112,0.1302968242522394,0.906509813514101,0.6579051277768112
1793,0.5666263566575361,0.5574047641423436,0.031857963556285285,2.35577533832558,2.4598946305709215,0.25119190874134073,0.8708030444693439,0.6310659340747742
1794,0.5644742104260175,0.5700626087251986,0.007893772741926755,2.5215536459410215,2.4830099931641265,0.08600004133515453,0.8453450084091811,0.6602953375906244
1795,0.5828494402385199,0.5656362439012383,0.020881802163570582,2.552712319296177,2.4074368547751144,0.18582121328574383,0.8618872436140098,0.6498084317775562
1796,0.5547965772843146,0.5911545012862258,0.04003745274505537,2.2419537601230273,2.1833714592114775,0.17238411494155978,0.8014225670159468,0.6062326804528304
1797,0.5819979845110012,0.6275836646361438,0.04568198965031059,1.9019280982635887,1.9320061362393308,0.11248304961689667,0.780620635597468,0.6112668121330553
1798,0.5891945105924126,0.5866038531998414,0.004611631987573726,1.6912290434363286,1.7362589694639246,0.25313982996505296,0.8393445205652167,0.6455843870610161
1799,0.5889675058328537,0.5998777263584112,0.019169309860152632,1.3904105647232825,1.4423884255298802,0.19404621229130117,0.824258293283242,0.6463954454612794
1800,0.6168949963189156,0.6229461823880591,0.011480581417995447,1.0762445558818616,1.2118484633529676,0.13860217759829846,0.8238286737126205,0.6133200030427622
1801,0.6090045486809217,0.6004409996817862,0.025390877431411878,0.8115469999200284,0.9828978936293455,0.26816806020355843,0.7048865703068279,0.5702671466440096
1802,0.6203666230907269,0.6249810512889408,0.02262708040885389,0.5281857250717183,0.6321823426874037,0.20333212425018793,0.7329656004951481,0.6089763532851614
1803,0.6300985542525007,0.6062971668184644,0.04109835130652268,0.2627791446073704,0.4443496059386478,0.24277477262049083,0.8303450815642999,0.6368309638769094
1804,0.6256597260147109,0.6646452190702957,0.040011715797968146,0.19376214109229545,0.15693083725316603,0.22583429116376885,0.7419539516274377,0.6475492065492363
1805,0.6481830406800216,0.6539698857760453,0.016831419942688823,0.02952592135459558,0.12696414214592017,0.10842003379554316,0.8909813863635843,0.6199321039873984
1806,0.6622560020966942,0.6709300807313368,0.01350000104400006,0.3034155706377696,0.23129424598899465,0.07262236531112826,0.8511589844787566,0.6351479631406256
1807,0.6705808273279272,0.650023982849436,0.043418894507308334,0.34034121758896185,0.45859636341682253,0.3920502914836993,0.922837744305103,0.6247295250451281
1808,0.6711072754664926,0.6854486587523857,0.02378522385162193,0.3432178023293232,0.3604480984902983,0.32912430953422434,0.8153701869060916,0.690282041720065
1809,0.6851103301584983,0.6835101206697795,0.01063282664234145,0.4529886699009777,0.5315644256671729,0.26813816127251494,0.8783301604792542,0.7036651674323343
1810,0.6718273562063181,0.6999851371480447,0.029130497845835115,0.49424849351967215,0.6916285934218694,0.1986294256088073,0.9203380142176305,0.7000713146250843
1811,0.6918540315270735,0.7205619272042366,0.03276615614542206,0.45201721913783216,0.53516630874923,0.1997911738055691,0.917095896167815,0.6754936539445966
1812,0.7140693807967957,0.7217710378899178,0.01823983392858792,0.34377637631580044,0.39657715088052264,0.27425042083207346,0.8998265387116589,0.6551234465031587
1813,0.7245301788278842,0.7129453009879059,0.02444060180417083,0.3998256362141446,0.6484363333107818,0.2633249077172403,0.92621240239641,0.6578482108483591
1814,0.7288798067371043,0.8380889959190727,0.12839678329692156,0.47878863897570223,0.5325308925375823,0.06517438348922908,0.9260264479198648,0.6128560590524481
1815,0.7048499197951064,0.7647302699359066,0.06315866842279616,0.27970445731969484,0.46443279808220306,0.19195724307636236,0.8982467730360113,0.6494608548762918
1816,0.7328771453044837,0.7479637092856765,0.02551961333543542,0.34051982010505966,0.40067601201847175,0.23950711864954663,0.9231411560554963,0.6008528311840537
1817,0.7327089298035904,0.7450101753789524,0.023144028417837584,0.3124750718033283,0.2723813298924772,0.135322046600367,0.9228851755314111,0.649330525729298
1818,0.7114727756699385,0.7281443454239551,0.017451990744519263,0.4266421423158876,0.4485916052968918,0.1049803730132864,0.9248279119994809,0.6430247434758258
1819,0.7245007672539235,0.8383648969903413,0.11847938826962644,0.1545016571422228,0.18930774155719668,0.12591233092322632,0.9096594444153074,0.6537509952453902
1820,0.7303487812611531,0.797766183254953,0.06772253276095395,0.25897279829037484,0.5050128526623471,0.3933614950654476,0.9240791971904327,0.6408680326251105
1821,0.7521147239729392,0.8370332688919397,0.0874756675287417,0.3285952831327015,0.42102729644572945,0.1856738304053782,0.8727214101557976,0.6269094176972977
1822,0.761260981862946,0.7372241307016418,0.02464009060574487,0.2823490749912449,0.16459223111133078,0.15131018361759935,0.9255354102558406,0.633452709372639
1823,0.7489556699286646,0.7637758741016377,0.024326827093068725,0.3192121214011618,0.20940116813782667,0.14086015406655625,0.9044579737250115,0.6217173886705387
1824,0.7710935756044752,0.8390862356247005,0.06861088326942479,0.1254553133587447,0.27516216105575053,0.29482603010261826,0.8963717644644353,0.5745064320664189
1825,0.8157113671491236,0.7891046888581725,0.039702897995448315,0.274874501355229,0.33943685093466536,0.4941576339917618,0.8015793043186457,0.6316622624900124
1826,0.8373272694329628,0.723682617570296,0.12210125946541481,0.6142433013238089,0.3066181468460346,0.7247814563835687,0.658742759197109,0.6046479922318095
1827,0.7929897360841233,1.0117468157075382,0.2365749895152243,0.34505328857665635,0.25515773728406976,0.5119244247873543,0.9197329150199314,0.5564832872589831
1828,0.7848502655830186,0.800412025073035,0.03431866966577274,0.46691777126368594,0.1083071585530363,0.40132048402500164,0.8725663829871461,0.6182254917928256
1829,0.7554631035796995,0.7478918506721549,0.018629432808640906,0.4138466685702619,0.37766496547807576,0.08282359383786998,0.9164862915213677,0.6606116859448384
1830,0.7540522902107667,0.7636082065144602,0.012074481158474508,0.12900099568670803,0.2228703730168373,0.24291131132032392,0.9095283355398529,0.6382616485263398
1831,0.7524138959308363,0.8071311462298556,0.056496826650122275,0.20635257219617933,0.3359545515237429,0.14778747580201304,0.9131644164609121,0.6042006440502099
1832,0.7583606948066969,0.8926090439279609,0.1373526745972698,0.24276186529505006,0.18034406038432377,0.17952398160669647,0.8634337845454503,0.6716764202319339
1833,0.7783839994816639,0.8393043615022908,0.06315312496130579,0.21190208676637814,0.18268268248509,0.13049316640725772,0.9123087430368344,0.6778491070577822
1834,0.7814821976093903,0.7534117129569317,0.0346442380674676,0.05069384682097537,0.21696265337668086,0.2256775694468717,0.9038710485540926,0.7203685486115151
1835,0.7947572179152543,0.9255846284937191,0.13312547331348773,0.4767823298838862,0.4187323111271721,0.1808521231921054,0.8318994650087643,0.7062650369833166
1836,0.8001707348357877,0.7877538717037893,0.014644043599299305,0.3322964373100132,0.29373149279812527,0.047824718343966836,0.8606199542859744,0.6913100342854452
1837,0.801669526307482,0.8602887745470149,0.058787748052068815,0.2099270092616043,0.28061169895664206,0.1832266791537463,0.7628070278677177,0.6900737812376903
1838,0.8224259872400459,0.7542311043498626,0.06965841586362527,0.03705399356206511,0.21401528606149567,0.20875483540171036,0.8100982824928622,0.7312372403472309
1839,0.8059349452633415,0.9258366191269984,0.1291666358707852,0.06545701065623183,0.14922469971198857,0.14808896272036864,0.8720572028611315,0.7222995579150826
1840,0.8235380429500883,0.9091241739445202,0.0891220153124658,0.40876779191412593,0.4237344037724289,0.05385672020099666,0.8628685298097805,0.6759147443635614
1841,0.8360650760721391,0.9758740828685376,0.14811143800360263,0.2353544806448225,0.247265973910455,0.056591253653060676,0.9140820406178423,0.6702365624365013
1842,0.8075439365695172,0.8713722625595064,0.0652341428414615,0.2733094919513103,0.18577172155061145,0.16938641444676172,0.8642463591243672,0.7098955194122405
1843,0.8134048150313312,0.917060235640852,0.10982881081349703,0.13158692268075686,0.17751025645505822,0.2360535027232761,0.9195785520369623,0.6476355566340091
1844,0.8168630552767016,0.8928197465273535,0.07641324014881752,0.09708922850181768,0.10920121877932269,0.054349801068033804,0.8818397385598897,0.6344294766641296
1845,0.8276535519269007,0.8893325372764276,0.06472993831745712,0.11606056734829844,0.09261347875684407,0.19442861341251547,0.8560231194436045,0.658085470588517
1846,0.8347649564126097,0.8802312071394387,0.05165111459848692,0.12474327432254147,0.3660079554904569,0.2482041063039606,0.8980380963896796,0.6753187081829648
1847,0.8351560360348103,0.8676041690226654,0.03438115034099967,0.13769871779498422,0.13960717243920237,0.24891259021118184,0.8259638803647181,0.6904148151081478
1848,0.8482900623981204,0.869715205028913,0.036787310772178665,0.19326378944444073,0.25392873067707505,0.11437122310323389,0.8904813438907832,0.6725707108835682
1849,0.8458380435652815,0.8844172734750003,0.04061723124709906,0.35107023665391285,0.3575501197481512,0.18150256074728405,0.9231970890916398,0.619829396966969
1850,0.8362601168915547,0.8833061576926922,0.05500779774093037,0.08344653978461199,0.2565226719581104,0.26455155873595176,0.921929324305192,0.6501862285556479
1851,0.836099453597774,0.8830851804680885,0.04743044309291155,0.3251037755874233,0.4116817454429462,0.15914621863464212,0.8758545112213014,0.6208622392680059
1852,0.8223404386084779,0.8965280861041722,0.07516860728724659,0.5356319582717177,0.6630990025278609,0.1374486516003187,0.8987791533764004,0.662130845293501
1853,0.8542733993871624,0.8997743316271961,0.04585579949261084,0.4839205917785926,0.21356207921187406,0.2874145837984562,0.9274040752812057,0.6910964048498203
1854,0.8404621352194844,0.8730759549466057,0.03486530448432317,0.6448260317674642,0.6944265390493116,0.20041003774815452,0.9062384143354623,0.7280489523316649
1855,0.8434304235346056,0.8561957708797779,0.01956285508376518,0.4513358498991218,0.6403733300790434,0.20735106046596297,0.8758680198496614,0.7673549678071832
1856,0.8288745734768788,0.8672448964895079,0.03917088544946997,0.11287241026129304,0.09751810011997655,0.17477789348644004,0.8986778418218492,0.7063273330844463
1857,0.8406201195448505,0.8584666974362185,0.01904435147392526,0.3488268562886091,0.4599704948879148,0.1321449170246627,0.9220418100271119,0.7620960375585292
1858,0.8165820617304369,0.8796837920408512,0.06820002984733622,0.4477655721718601,0.6040474718882585,0.1752855558734737,0.9217378879321069,0.7689625726109819
1859,0.8484042196820067,0.8573426553556996,0.00946986631723762,0.012687845816355018,0.13119280656931334,0.13228731806222316,0.920549992538696,0.7806118021593771
1860,0.8512505448346833,0.8657313688076238,0.0181674266892046,0.33847378816849116,0.3838595896746774,0.10305349351502237,0.8822458421155748,0.7429356062621814
1861,0.8536505248829404,0.8796558813813407,0.027237042829869197,0.3092958479017366,0.32679033136689256,0.09773758264205147,0.9245130529718593,0.7297561149412506
1862,0.8561981568952785,0.8987767126749903,0.04879735240683262,0.22199406985692205,0.20745772548206834,0.08600905131159534,0.9250188130034052,0.6950069404243561
1863,0.8512161326813295,0.8765576948105701,0.02671392965447273,0.3123368324847636,0.30738404376978185,0.165642518020659,0.8242629642824755,0.7254346383191261
1864,0.8292393671966243,0.9002712647397186,0.07185330681384154,0.3314668777084277,0.3427382957783504,0.03427554331726687,0.9084321918273508,0.7169060524580733
1865,0.8441968094134966,0.9053426527581367,0.06248867300228879,0.2341729836377094,0.2513338730087874,0.09970080654114216,0.9203285019361893,0.7127769757804744
1866,0.8174825826275128,0.9164139941618225,0.09967247342306416,0.3141912240114382,0.21348111748006743,0.12006237361848895,0.8765062546877677,0.6834282448323086
1867,0.8168690001250075,0.9006326967241463,0.08437875252469909,0.29853706639336375,0.3066812884547027,0.02318900288867042,0.9251152092444266,0.6474164532453319
1868,0.8097162405444058,0.9040018762640104,0.09597809385607858,0.1476825708280229,0.09437820454672409,0.08290899342898385,0.9237503606408782,0.6116710695529696
1869,0.8303239337293545,0.912610930989304,0.08627616201684014,0.31299406808577857,0.42308895612714786,0.11014466960680123,0.9227992427750349,0.5968800308212636
1870,0.8360096992882131,0.9214689939984256,0.0868299212849216,0.28845490236083987,0.26359984122493174,0.07095995035011193,0.9240883292745662,0.606718497536239
1871,0.8273500276653256,0.927956314087743,0.10075076602842646,0.08077837272404806,0.051249339036827976,0.08935006414638987,0.8912821343983954,0.6077258635017455
1872,0.8780016953382378,0.8937244695951876,0.017128108427502124,0.24291893805402417,0.26391398088005874,0.056462256547707014,0.8248704949084669,0.6305939957108836
1873,0.9113343029327519,0.9155900047864293,0.006052051970421508,0.2410412824825454,0.24363415785585377,0.1729156952686784,0.9219765020740919,0.6609831979406879
1874,0.8936363804197824,0.9269325519716924,0.03413786647298613,0.1883696113207051,0.2836945102841174,0.24060980032404872,0.9127024154511728,0.6791806480665781
1875,0.9135829983458573,0.9252738319637851,0.02823752493880061,0.5059489451981802,0.3277423943544417,0.2737304222408112,0.9073421320367431,0.6708752557774141
1876,0.9096448210273368,0.9177163360084942,0.017084516325207348,0.25578038947037635,0.23705610262518284,0.3098444007663524,0.8804373195627545,0.7187466234294162
1877,0.895504763012649,0.9210450120051883,0.04737238862785075,0.5711895580991992,0.5435903952876465,0.125427301957847,0.8599625659269272,0.6904279348568225
1878,0.8842905075393922,0.9255463110563429,0.05213750149993982,0.09839493056331361,0.10294703060456833,0.03828060207512928,0.8912881908928418,0.6636484833587628
1879,0.8740752266484216,0.9298432632056164,0.060542249427137367,0.32382576085899933,0.49105737688504175,0.19652360138780653,0.8892943536538038,0.6480308160942565
1880,0.8882047001492297,0.8959084936520212,0.029227733880551762,0.3783867267632826,0.6316003558614518,0.25514010194963976,0.8940998954159454,0.6812495496331549
1881,0.8726376755228668,0.9492379775380864,0.08169279119864546,0.3092147345422932,0.3014883112277929,0.039347423727603366,0.8813334893278404,0.6598516820699214
1882,0.8630158452292731,0.9575028195424323,0.099044081382785,0.23459398492184444,0.16400580777689588,0.1326410042959311,0.8052256732086609,0.667286347877802
1883,0.8650562213649715,0.9296146569642915,0.07605382188992019,0.48377249461167454,0.4766776907775352,0.2431153575303998,0.8557678853252746,0.6565336959450587
1884,0.8226749334234174,0.8947759847910024,0.0726946065859538,0.4227432457794078,0.3496163584385863,0.143978875774428,0.7325145888211496,0.6565601223727104
1885,0.8734759722552073,0.8943392880172107,0.023198539707101527,0.260054908280733,0.3832906945361415,0.2003533263360199,0.8210365808137372,0.6743026854853665
1886,0.9000552549004784,0.933914375503199,0.03887942005878753,0.1761275092184114,0.2647523635815444,0.09113520585052243,0.8128672038983685,0.6460218998821237
1887,0.8513762235519263,0.9265543032016489,0.07723842213842806,0.22744865933515818,0.3966121818500256,0.28484344398999395,0.8303380869582329,0.6269248790998416
1888,0.8330507867593282,0.9164612526768401,0.08376673085319307,0.09542059426745587,0.2143356369290454,0.2089572235568511,0.8638327755927084,0.6296515980452903
1889,0.8534135038565657,0.914390612387019,0.0628271674064958,0.31969624775248423,0.4738343171512376,0.16492876700923007,0.9207775435891414,0.6433853188486209
1890,0.8421097231299417,0.8699964564816629,0.029935091113316565,0.16973242040826017,0.25442977788539595,0.18738750582132935,0.8277060538401703,0.6424930479002353
1891,0.8778715966463061,0.8710452179322717,0.01425439972626969,0.4251277155223374,0.37982621495838104,0.23088898477335926,0.8168937518710844,0.641747211334806
1892,0.8191483872314198,0.8944304171437659,0.07700812365098463,0.4356494542768188,0.45551698821370773,0.07452789178136575,0.8636736898073547,0.6754886218269505
1893,0.7903744909809923,0.9080202923671803,0.11789154259582058,0.23937050920252692,0.13544108827593568,0.2655130935067295,0.7917752190391838,0.6850020659907912
1894,0.7894445796529105,0.8972092830265124,0.10897899806094141,0.4559251028264313,0.5682639672212908,0.1920207053331976,0.8744650725402157,0.6659013168410962
1895,0.7981782658639084,0.896380187562238,0.09852569266841697,0.25356142639356427,0.23207843326651723,0.11990481980617261,0.9251270568019394,0.6723222078719016
1896,0.8168675901650132,0.8789989888439378,0.06251629225412463,0.11564867858418913,0.2531413865852017,0.14555927537093308,0.8845335490400039,0.674680137087107
1897,0.8047028823016842,0.8712098361259427,0.06840841620543076,0.42724134276424713,0.48342041845366907,0.2804862904184043,0.8648639108099151,0.6039060644386127
1898,0.8075674678911633,0.8516322385474957,0.046194556749087456,0.33053888988455793,0.2575164972186452,0.15543395037650448,0.9052789547603329,0.6670860056157646
1899,0.8032135745534261,0.8531633239342582,0.05190075697890375,0.17084303755340793,0.19047528720663762,0.10607431483696508,0.8544461750538745,0.6348384725124798
1900,0.7729262350463856,0.8346089396729598,0.06437205269502445,0.3168878111431386,0.4745039232270022,0.19428326794370723,0.8766800089390651,0.5911049439286261
1901,0.7489615012446198,0.8405959268751148,0.0941954495354597,0.1826289048711004,0.17857767727265422,0.20907741560777296,0.8908443827147718,0.5944850395347991
1902,0.7616178497044613,0.8185618407752443,0.0576469880771857,0.16096119680225143,0.10129024127732833,0.10551577876261811,0.8807080219392263,0.5533530573507216
1903,0.7322326619127196,0.8067892545201732,0.07520699449222068,0.1957397539155309,0.30032414873943997,0.24246238156453853,0.8949784184197724,0.5649639670897207
1904,0.7457729455924829,0.8038947700656788,0.06301795995602362,0.3901893892482753,0.47199654305045496,0.18558633335190577,0.8997723532082387,0.572249751543291
1905,0.7395186846533892,0.7795291017049976,0.04343232835550508,0.19094153074834472,0.25561444627172186,0.11239819843928572,0.8726947295569503,0.6090462887328971
1906,0.6821984361660984,0.7486961942202713,0.0669087999864304,0.1921197916038247,0.19187818685498603,0.16862693904784445,0.9003992754818118,0.5952815645307676
1907,0.716517971002297,0.7770564361112527,0.06344815412460977,0.3422966010564259,0.3550056988529456,0.09984891702770653,0.8329242338515563,0.5624553357405824
1908,0.7036169973790972,0.7265487597647258,0.027073581933688674,0.2497399737646663,0.31227512551565034,0.1054522891824033,0.8455162296154035,0.5835572310174655
1909,0.7288660364972475,0.7023808532846826,0.030480512967609903,0.2610127452484226,0.09002634550059146,0.2367053799241223,0.8593511029383024,0.5803311595029562
1910,0.6915763790015257,0.7212103222103418,0.03581042786561598,0.2906051703781256,0.24996748175872985,0.1112421124307768,0.801462259060103,0.5761735317204103
1911,0.7117965292331704,0.7054137091607166,0.022337165693817173,0.3696041296114793,0.30429958090970927,0.13430444159028976,0.817402920306378,0.5844517247934877
1912,0.7027748257327628,0.6974693396314482,0.01655138670712921,0.5415784898579412,0.37511244424273166,0.16836909205628017,0.8091926652847906,0.5933861027786139
1913,0.6807164592935994,0.6746272709902535,0.0162553543491877,0.7304032095742287,0.47324286364277635,0.3001265352614028,0.7521422821625132,0.6292817311382948
1914,0.6698152963456511,0.6641364456552875,0.012636310213857877,0.6454020415898829,0.5855668011106369,0.17187347818574478,0.8078452544986918,0.6342080455380839
1915,0.6266798312881849,0.6637712014033549,0.03743688624877548,0.8040880562326826,0.6766559446054025,0.13390834121108583,0.8317754900021412,0.6167897725040501
1916,0.6638436415879262,0.6339953086093786,0.030773535495939617,0.9654132395764071,0.7340835305908102,0.2643577979180938,0.8529080078728773,0.614460941087619
1917,0.5952021387950006,0.6255344398560655,0.03222109270112288,0.8213313531794177,0.7891129290475204,0.13838200186625457,0.8519501189622238,0.570388907663377
1918,0.6148526269782839,0.6069448446727523,0.007967009332551607,0.8712125344846503,0.7438458656291987,0.1816870929499711,0.8633282805462488,0.6019179324752034
1919,0.5994691128311789,0.6005335157489664,0.013496431735971329,0.6464939093231364,0.7687916243827391,0.25738438736977215,0.8155904855413667,0.6058223805085102
1920,0.5785699212603655,0.5832266375839045,0.005399969695727465,0.6063814514638436,0.6678577563336127,0.07744523708772322,0.7692479223117215,0.585534607202344
1921,0.5545828496123961,0.5983115410876896,0.05546496021974931,0.7115584497757571,0.6669368865630118,0.1406098210984971,0.8659407332739282,0.5629813531552464
1922,0.5322488525477057,0.5980494616697954,0.07664202282092711,0.7428147269392178,0.599889722893764,0.16771419103832272,0.8400376623667527,0.6160173689999147
1923,0.5156490321415076,0.5351177726822747,0.025940468788321534,0.6120563586125034,0.6420354664054547,0.08358845910500577,0.7862378514813709,0.6757359046208594
1924,0.5123836432116852,0.5159475198183542,0.009389484886635789,0.67367005701622,0.5865249859573554,0.12204697495567321,0.822534153746467,0.6830141982973937
1925,0.4713263367641796,0.4940743398473982,0.022985810311461016,0.5011437052698694,0.5391502647833853,0.14624757820548023,0.8381152187431726,0.6829646257520903
1926,0.4803059828036884,0.4845373040952603,0.03376852932367281,0.3772128750800969,0.4569184686181063,0.1194851829058824,0.8951359735520767,0.7258393556781605
1927,0.4242112274884195,0.4445583548184716,0.022338720735190422,0.4315803739170803,0.3563372733895807,0.07988209668641201,0.9042175460732496,0.7590683085001246
1928,0.41865802943762137,0.408543602599086,0.014764716502809732,0.29565717845594575,0.2400330200315566,0.07519514050484302,0.7739146111389137,0.7803369022335125
1929,0.38116188351425634,0.39386355572980947,0.014473945734472114,0.07045260121783091,0.09614523513710589,0.13380895957469005,0.8735203937428222,0.7520617806800751
1930,0.3564077348295788,0.3768577918779167,0.03361928341715439,0.15570353157489814,0.1802076198372218,0.12865033260053282,0.8997107838510187,0.796930843273856
1931,0.31675776956000523,0.3492194410790478,0.033358938522515286,0.3045972997887269,0.29699628758157043,0.04816395389711507,0.8285803206575787,0.8065685909680114
1932,0.3077524983414061,0.32585397498385144,0.02002038054934033,0.4039513032293578,0.4467698376244748,0.08123143062938944,0.8402442908099005,0.8214011166688162
1933,0.28621276886707386,0.3101536326443029,0.026176183573368317,0.6037971146703569,0.6620268044386504,0.08980921436879603,0.8717923906060981,0.8269267249111272
1934,0.2643272885568117,0.29508217500912465,0.03172056113373166,0.8330572089158446,0.8269954208834325,0.11044877307554148,0.8897827775059072,0.8131180263021605
1935,0.26955490857586345,0.26861013390319327,0.015788595299417993,0.946938468278057,0.9616030589371601,0.0647811139741056,0.9170515750585324,0.8085446901917238
1936,0.26328660939769327,0.26804475549769574,0.00903461688408896,1.0550852680643015,1.1499109541531165,0.11230736254539253,0.8948403092011055,0.8000725036659533
1937,0.25854142340943564,0.26694013967890945,0.010013893287527118,1.280587967105957,1.3111443610964368,0.09522936907599783,0.8620484990053381,0.7387443924805326
1938,0.2379937212174285,0.26188403587768894,0.024078366151677303,1.5026938416392204,1.4774205206636832,0.07840811692360608,0.8751577542262864,0.7644249575420904
1939,0.23129606592010216,0.24971412323149147,0.02011475157866106,1.6980096129572682,1.7687184009501205,0.07317635262603402,0.9236526203844793,0.7454980311026916
1940,0.24832074207544583,0.24924720782156068,0.022799404371492846,1.9595020608463554,1.897706784848654,0.0854021609141114,0.9217362025690292,0.7293266690188137
1941,0.24673494990006828,0.24565333461645303,0.0072109061809540655,2.0171585335222724,2.0053364477382645,0.12984013132102654,0.8219696082400989,0.7199107968885707
1942,0.23424724963633206,0.24149671105101544,0.0106656245170191,2.0936914098320827,2.0964106655811894,0.05612863028649922,0.8957921208115058,0.7159654986639283
1943,0.23527730129538596,0.23829672566791563,0.004989651634451173,2.2863475963067414,2.2702703002787166,0.03122679219177636,0.8513387144520682,0.730995265330492
1944,0.23914678980884188,0.22779835368269544,0.014864268381005859,2.416556510655956,2.4368727232589014,0.052813273590471124,0.87933932258226,0.698427205673138
1945,0.23222755487820151,0.2362563695667246,0.020516223168685562,2.587354996956713,2.666726662461956,0.1614083712231329,0.864359235749716,0.7087370801011412
1946,0.23137151416652496,0.24365084282725694,0.022236208974378623,2.7503424182784015,2.796220458657298,0.1239278493214236,0.8881876255323284,0.7237580145111564
1947,0.24676320652685654,0.2581942380393929,0.015060346016905578,2.972394192780766,2.949439451677817,0.07051516901322857,0.8412426820886739,0.7258556648447266
1948,0.2511168781035554,0.2703008194054467,0.029987622262585067,3.086506031803799,3.111747843168104,0.06430515598536339,0.8760831432380067,0.7388793952740693
1949,0.2768466755804994,0.28668251063641265,0.025759634393692932,3.3189463190422934,3.350597096500562,0.0837036662589623,0.8203254846680987,0.7087006660358426
1950,0.282264057592997,0.31468312390733627,0.03408109244050078,3.538183830515955,3.545295657555762,0.048756088632318145,0.822269393678764,0.7010997647389267
1951,0.28889430603886807,0.30968895563321513,0.028032990004397507,3.481690872144821,3.553952985518131,0.13353762804844493,0.8254324102144515,0.7434644316035366
1952,0.29094048030533,0.3369166173734258,0.06096842167181703,3.6989059880051984,3.6364313910375277,0.07059657074359768,0.8138292112832274,0.7117266735434693
1953,0.32762623525328555,0.31973556722928226,0.020054267392345795,3.6243146194337026,3.7015692341792508,0.09695881401052332,0.8173299304926206,0.7269586933378704
1954,0.3129128023911014,0.30798769172104273,0.018721310879676628,3.801854789066536,3.713686092180191,0.2789202398536807,0.8770415544009625,0.7040334342693395
1955,0.3341730797171143,0.31796075728067574,0.034486118832957983,3.840552934263007,3.792601332484767,0.15295931927156967,0.807001531300189,0.7272391830973564
1956,0.3501115002707648,0.3277866136039863,0.024377038178512438,4.129455313753904,3.9240193535412393,0.21364740074772767,0.8399446794427469,0.7004837637626377
1957,0.32981298186510566,0.3473379963600527,0.023857053732118206,3.8593268335273767,3.826729425149838,0.07895405385779296,0.7889685210261905,0.7102609721516061
1958,0.3518686497660229,0.3655924820317586,0.020503472681634816,3.682748315258502,3.5728811796419198,0.11401842196656334,0.7785950461721003,0.7422879726668707
1959,0.38983663816522274,0.35406271631436453,0.03703994624025126,3.4625978637179404,3.3736146839400694,0.1671248438204403,0.8105266873886141,0.7368354543405501
1960,0.3768052371766848,0.3997043988825831,0.028413008448944795,3.25014600068096,3.2302736132786967,0.04923555331754724,0.8079840640665404,0.7668188298342437
1961,0.40553272757828507,0.4382730285900166,0.03711899148515979,2.9964432165062793,2.964261229088599,0.06118842669404227,0.8129857245540789,0.7685880363017645
1962,0.43390510237117913,0.4630062419450327,0.03713956453709525,2.664358607590457,2.707593506739648,0.08837430890623056,0.8807143496968084,0.8053006299473466
1963,0.46061734419554096,0.48281071189854957,0.024017186993313944,2.451213438399095,2.3675237040403077,0.1532776909507282,0.8482705642975307,0.7739852013070977
1964,0.4781373633365114,0.504948301003484,0.035312588137863254,2.0869371162527304,2.0185102165926763,0.16678172701127872,0.837247264303485,0.7931495814645744
1965,0.4987765132059822,0.5003775405185166,0.011626763388110589,1.7511354808558448,1.7134006981460077,0.15143597231432368,0.7430062117883065,0.7839693522543993
1966,0.5317725417327022,0.5637371654158707,0.034292272735803514,1.5612065692241024,1.5276415670698953,0.06808661166233526,0.865699879536897,0.8277881299840921
1967,0.5591302044749499,0.5877133767687471,0.03206571244124812,1.4444923446334614,1.3610270635599342,0.10430730802195372,0.8171595807511279,0.8132438386290377
1968,0.5755503887096992,0.5957106764666537,0.03797009168213214,1.4026690082406856,1.3640862050057876,0.1159672629914976,0.8454120305012391,0.8032787975360376
1969,0.5828730391712338,0.622100562100951,0.03976951199422797,1.6355070675962182,1.490329358749614,0.1568309182720079,0.7900796022425481,0.7501027254730332
1970,0.6421492373140766,0.6598681913643609,0.0234723694495781,1.5642199877847152,1.5455829065511348,0.05052168232147954,0.8077396946075796,0.779575006704588
1971,0.6360083895096315,0.6572547726153597,0.028242560130725132,1.4081449759107811,1.3868558203505603,0.18203119157916686,0.8632986366360555,0.7694906336152546
1972,0.6222623395480358,0.7016656066298631,0.08184251504589736,1.2570521801282923,1.2431492221147837,0.05406487454762371,0.794662919083841,0.7866470534988755
1973,0.6687757639822979,0.7228363057202168,0.05421445860249029,1.10907626283745,1.1217760291257477,0.24679691151930494,0.834390364748599,0.7390054532748591
1974,0.6623242223555424,0.7139072188642404,0.05165865577258782,1.185116420083003,0.950213995718984,0.28728654979924767,0.869812230565533,0.8245913471422623
1975,0.7077799577873651,0.738554451053045,0.0336848023975983,0.8628867972900347,0.8980925643268277,0.08068615913446972,0.8098863920405912,0.7941712989683585
1976,0.7193876252209322,0.7488964562533472,0.030006294927908895,1.0878387060189798,1.0459682961527526,0.27782441473441,0.7910497468060895,0.7647145209262245
1977,0.7472496044423478,0.8056166537129626,0.06293059939334399,0.8331504142771934,0.7564232904341112,0.15204644302931966,0.8102507191052156,0.747866940982528
1978,0.7316863970214817,0.8130330306475021,0.08173552932490245,0.5337743995750058,0.4782789314310783,0.16308555514089312,0.8215789233676296,0.732706495079445
1979,0.7510696894139837,0.8007461051687065,0.05145583692017842,0.5836957775585614,0.5076141070790526,0.2455813272678512,0.8235057845417163,0.7171469611367427
1980,0.757269839077507,0.8450387903048098,0.09025520914540554,0.3696925914966296,0.39919649075404223,0.2621671170679241,0.7980855381929916,0.6625837445165643
1981,0.7408654291600899,0.8726196069790996,0.13204337996549143,0.3829136236530925,0.230378433769161,0.1688337896518178,0.8648278491379521,0.6583886675034298
1982,0.7692500149539453,0.873262056646861,0.10465867548878398,0.16197854737247697,0.23168509238409352,0.24899804856696878,0.9144539380036557,0.6322449901962707
1983,0.8489056975467492,0.903650168868381,0.0564951415564329,0.37397644859240764,0.25345557141021413,0.2523968703045254,0.848561377267672,0.6292519571759512
1984,0.8796425723549265,0.9251559497427113,0.05147392051803897,0.15288765217447886,0.21869475710213793,0.13780495617624688,0.8488053056964352,0.6624054945163742
1985,0.8788069011793437,0.9279240625805042,0.05880620189807531,0.04725595454758554,0.17735750243869783,0.13047942971612148,0.7639758877086911,0.6278614524344952
1986,0.8685313183521962,0.947379920192563,0.07927366432778049,0.3190418464718669,0.30658743297355756,0.16851498081378663,0.9087013321439319,0.6255978255908128
1987,0.9197297949894018,0.9529107734419744,0.03848490170886977,0.30629707707452947,0.5433460273141759,0.27678807747915446,0.8597621370331722,0.6134546217332212
1988,0.9086919197653538,0.9646214782445961,0.06268426302475877,0.3316862359959199,0.30331471397579207,0.33594281069285553,0.813962683862818,0.6354467189610526
1989,0.9191664993997829,0.9428257785249022,0.026088291921787247,0.20984224060002596,0.20840756273975364,0.144421384241767,0.8430808496808316,0.6366867746682653
1990,0.902040966522617,0.9910441964835549,0.090034871773089,0.2595852475305814,0.2974129341088756,0.25485671724773423,0.8308822249244507,0.5848087186454565
1991,0.8919683814302428,0.9743746258975537,0.08406447831349492,0.29265710695004843,0.4401133253507732,0.21381896406965342,0.8271917522327492,0.5853267695604275
1992,0.9230248211258906,0.9726353276629612,0.04984807196182268,0.22703531805187394,0.408253348906902,0.1981541869354747,0.8842218608124897,0.6836269597364458
1993,0.9612939908923961,0.9991127021600301,0.044424157800398635,0.09262716388940333,0.17292815198910655,0.08825589962607074,0.8089234450423287,0.6223832173912166
1994,0.9632975295800733,1.0079682935803094,0.04805443681376464,0.43680619683439365,0.47837775045376085,0.058543332030643394,0.7922310951084948,0.6684734541318549
1995,0.9701195350250013,0.9989023863941504,0.038860811871937344,0.38091957610509597,0.5397882038022896,0.20933751967790346,0.8825286034890227,0.6690876773572888
1996,0.9662483837487823,1.0244926289633465,0.05914538501834946,0.1702444178158218,0.202309468088796,0.05569210461091078,0.8681472255938372,0.670097552983146
1997,1.0207030322388135,1.031096332318861,0.03478725785389002,0.30161217179437394,0.17245794401184147,0.15646209993340768,0.7667906636381776,0.6813152238111304
1998,1.0106457953132573,1.0105006864768526,0.02341024984966191,0.5434524017235942,0.4704541886852191,0.29337069816957695,0.80172577250141,0.6585525123053007
1999,0.9897940638008667,1.034872548372344,0.04820417437289396,0.3322413171963721,0.42065350273618873,0.10834394179942985,0.8084892852651653,0.6540199585782909
2000,0.9953817522352396,0.9971928911953725,0.00847874234426693,0.3620892769850205,0.19785963168382986,0.23302465434528966,0.8177354084824975,0.6442010947127809
2001,0.9843817925132469,1.0514746794150835,0.06842148471052023,0.3654893576355362,0.40619230112874266,0.12970101568681355,0.8470136711751813,0.6218564634525647
2002,0.9836365070229633,1.0465607911152859,0.06542475242524629,0.3419033586385154,0.27649322100961987,0.12845380348482266,0.7405552886023476,0.6243944979403333
2003,0.9711565334969453,1.048200320391913,0.08005335697847352,0.18228785980775017,0.17204144864427345,0.05255903878391698,0.8252000920493915,0.6003501684681165
2004,0.9702229722229757,1.023960561816319,0.055236940650769846,0.09428535148601833,0.18050499928051414,0.10559103418704162,0.8792777102135566,0.6287729212581066
2005,0.9905527536490727,1.0667248821161575,0.0865792671442537,0.5227495833120592,0.551394293457017,0.19246725238944407,0.8387987569276365,0.5939724251183287
2006,0.9745264132038985,1.0240562598553047,0.05005520404389175,0.27170046755884636,0.3758679813987362,0.14383826178926415,0.8903399199917195,0.5831058265603918
2007,0.9677093749134461,1.0507953130771306,0.08399584316043981,0.06023943802860863,0.18304733435128534,0.1353983586948968,0.7879305574584444,0.5947359398202715
2008,0.9804219296097371,1.048658446215496,0.07189387544179832,0.20550996919451342,0.316025027447172,0.16429829536543408,0.8992861316221084,0.5713654849014339
2009,0.9985637559093509,1.0682294335933564,0.07359966351678188,0.18483254765860524,0.2123227587858073,0.0489695161019842,0.803737155213474,0.5550134228704864
2010,0.9904529749693818,1.0330868495416854,0.042694798327040574,0.22503610139318206,0.2530946087959635,0.05519343813074301,0.760765342800223,0.596718132634376
2011,1.0070150209134432,1.0578859189311363,0.055962139021517726,0.385884973732232,0.5674421466955394,0.23377372520080417,0.8174620253146416,0.5545320167232584
2012,1.0406422872959558,1.016771755712935,0.03715769945642464,0.3731532596533839,0.3015710602407071,0.1047754425242201,0.7708075882799011,0.6527781039116953
2013,1.031037825980178,1.05711647972897,0.026988528580568275,0.34743984499599995,0.34563660352850134,0.13724367226223705,0.6882986152088387,0.6815243306979608
2014,1.0429729012080926,1.074263567352461,0.03366737086732767,0.40087780459287353,0.4599736396207575,0.16253751368535452,0.7674461822797551,0.7459395765215865
2015,1.0262941889651827,1.0520607809401656,0.02717391618696235,0.19955402397792515,0.1536682217274078,0.16192984051362774,0.8644236557237375,0.7505355113183374
2016,1.0157889196636922,1.0279588718352766,0.013050652190039593,0.32512021132050245,0.49523906682507673,0.17591294765258084,0.8424115912842483,0.7084898545429892
2017,1.0268252909125999,1.035162214737736,0.01475526921879659,0.30257772816688494,0.23341467211035358,0.09566814195216335,0.8189311331570124,0.731582396941504
2018,1.063254542473567,1.0780538571669085,0.017136758294040044,0.3137703311655557,0.4430761759970169,0.21227199401933677,0.887195826021843,0.7389987771397815
2019,1.0177705042422818,1.0438587088696871,0.04004698852732438,0.36058568466342406,0.48262520979825574,0.20884105538101413,0.8576805062201367,0.7327400673428619
2020,0.9994879108934934,1.084732645990766,0.08766969226692053,0.31570654881697185,0.20671658171947158,0.15791462274679452,0.8472207643302134,0.7283390424175619
2021,0.9775842099957716,1.0737429690417688,0.09665997663959669,0.34944113081704953,0.42515381198551067,0.11143118350015356,0.8478154102200016,0.7155232837851607
2022,1.0129529540979518,1.0894292406957173,0.07662068515346493,0.6475341474790879,0.7775750489379136,0.17392909605217294,0.8736822697379648,0.6847321675892433
2023,1.011561755087528,1.0198371282789624,0.014729000065224589,0.1833426349918589,0.1730629178546952,0.01574402074564986,0.8527458504367245,0.6856059305405316
2024,0.9897266113718541,1.0529373479978832,0.06705440037337759,0.31484816784352504,0.47951285505740443,0.19009697274315324,0.893129948809457,0.62879630181062
2025,0.9815217483413473,1.06897599717605,0.08842717901065189,0.336578969719962,0.3122950958792083,0.09741951470063076,0.8045905797810019,0.6538056407039776
2026,0.9729981111782303,1.069720396423011,0.09884843193205142,0.30270324031673734,0.2371231059968204,0.16761529211654466,0.8726955459299933,0.6070402048251242
2027,0.9361366211341617,1.0565767947602727,0.12203998912098493,0.5983095397298847,0.7821719496662308,0.35036209437616633,0.8114175301283437,0.6163049677118215
2028,0.9719445295299305,1.0539443949000478,0.08228682069375662,0.6228486165149753,0.56513539528715,0.20079621166774433,0.8294198132897194,0.618352348115731
2029,1.0039440720655648,1.0492416514900944,0.06890413574023507,0.15464777160515442,0.26314482245290566,0.3443581556661735,0.8059913605228373,0.50427942655032
2030,1.022346543363848,1.0522875872198807,0.030841228147394196,0.34795728584604835,0.4600322106446798,0.22211920268443938,0.6691321060312325,0.6034017713684507
2031,1.0370422820296523,1.0613672757335224,0.03761929388818779,0.2950744522773581,0.2613167068773147,0.12105944329508883,0.6893326161018933,0.6224612734110755
2032,1.007193487464265,1.0493760099075147,0.043299547150933745,0.3020713262827403,0.27650994816409846,0.07548319297410572,0.7992963032474814,0.5832774494753334
2033,1.0032451788568317,1.045027972316207,0.045277178961865575,0.26670264620239525,0.18632651053270072,0.11114556260966993,0.7543729404342092,0.6052711413591352
2034,1.0217710370527853,1.0703593367098219,0.05386064608264391,0.12516212334532353,0.24602670312072838,0.13040282315245041,0.788572512230494,0.5771585629203582
2035,1.0144147594271022,1.0388766857210567,0.03585731946974034,0.03467764962467941,0.09267498679889943,0.1036211051248342,0.8059904614448529,0.5761677936235963
2036,1.0125830823221809,1.0218474438596268,0.02447427337899435,0.4013851613443788,0.28859386254148234,0.18414502046517717,0.8098334760445831,0.5930445693836581
2037,1.0328511256824313,1.0687462433306991,0.03926603033856115,0.26972861009112664,0.22796491383374906,0.1878308159029721,0.7784503585412617,0.5822938548167262
2038,1.0151865077517053,1.0219698772179941,0.008763514962241833,0.10617335832333846,0.18437766773614347,0.18204538684444227,0.9000506819554281,0.6148077614680959
2039,0.9753768611944992,1.02910451233336,0.05383902913542417,0.48124947012716773,0.49630427461578525,0.21519050942137932,0.8404579845776607,0.6168930236406998
2040,0.9999506985872294,1.0163916207318495,0.022495173177890272,0.1974414319095086,0.3497860013817022,0.1553354930310517,0.7715191057974281,0.6200691443848009
2041,1.0013040134348554,1.0172639305889106,0.018786392105977906,0.2370995294494608,0.43011091769624865,0.2347280389085536,0.8554959841778647,0.6247870986648869
2042,1.0004689280299126,1.0269975560391642,0.033417214073536546,0.6543542615902198,0.776450343510609,0.17226582455953535,0.8659427639583855,0.6284077955674396
2043,0.9809243473393454,1.0307327473962804,0.051494582378490125,0.25224443914201544,0.2629961911186801,0.13570968576026704,0.8632980098103966,0.5839949516495793
2044,0.965182340405452,1.0199928432887697,0.0550918139448667,0.38694081526374646,0.610791239550823,0.22505897827719973,0.88057924062157,0.5983749987348852
2045,0.9748657899290805,1.0151224806547743,0.042627444634793094,0.7432062452981486,0.8532643583692825,0.2751464069917029,0.8491329077144052,0.5916119642444055
2046,1.014422864072057,1.027597322327803,0.025586231378195948,0.41109538508986837,0.39383154338968157,0.09439742655063656,0.7995643918687138,0.5836556911596773
2047,1.0089676073099472,1.01273657191732,0.011645492005322503,0.4437901597541811,0.42460973996326756,0.1521900734021423,0.8401058750113674,0.6070475526514177
2048,1.002586794901629,1.0247346614691664,0.025247544437398642,0.6069812938953247,0.6899401901483188,0.08382588947545312,0.8830222043582805,0.617767794957461
2049,1.0307556213791775,1.0494996138539257,0.022750658466936486,0.4193579007387364,0.5036717145849143,0.2472201121348419,0.8757813722401382,0.6381379413645943
2050,1.0135044520749061,1.0773866927988947,0.07231669734190142,0.22122513179641526,0.24546753865903131,0.09656554315043832,0.8562379331301373,0.6584636117807404
2051,1.0220708456726724,1.015105727258217,0.013464110619794049,0.42175814686376933,0.3735369693976615,0.13115902339239563,0.8670175478752049,0.6726370600326007
2052,1.0253003550237196,1.0258571275255068,0.018193338086946585,0.400328366885677,0.4900243505799053,0.173761707311322,0.8804689209553516,0.6866652042118336
2053,1.021779454924523,1.0308551498083487,0.01490352840107514,0.32764192398353686,0.3790947532092426,0.23200465152414648,0.7991401688548901,0.6389216000502118
2054,1.020165426954496,1.0228423767174664,0.028644215891912368,0.4669306803097602,0.42700304592968097,0.08294993816496458,0.8184562790002289,0.6569846816897111
2055,0.978106713674735,1.0093613806870603,0.034670933138123666,0.511325789058086,0.4303827783923867,0.2854206062508942,0.861776246986059,0.7038614446805942
2056,0.958529586682335,1.0194217649374033,0.06267342815277592,0.44062880865505116,0.38687981578834973,0.05511699958123018,0.894893896935074,0.6921233894240761
2057,0.9823741703497785,1.03353203203548,0.053587777651668826,0.5378272442025819,0.6259712092233689,0.16549555598575996,0.8217915406440532,0.6699417753838234
2058,0.9802315324998873,1.0008986446589412,0.023202749880052522,0.329531263080556,0.3490343961889638,0.0529690049783633,0.8067519715256121,0.6627658117914631
2059,0.9793477805644792,0.9946126339032907,0.019740338720206238,0.5501944390207981,0.5243097198620742,0.07122228423645895,0.8228672688692857,0.6549696158442867
2060,0.936444982202072,1.0070880926454058,0.07351542672280613,0.4547446869095765,0.319931838389978,0.1474675825130277,0.7503195121291967,0.6474785762712311
2061,0.9316586139334629,1.0222048057637712,0.0908691771701337,0.44564541254213996,0.3862153633589272,0.1565114483332812,0.7661329555686516,0.6638970506412317
2062,0.9531796232125813,1.0098339849325544,0.05777677024999554,0.23329135114802615,0.36189236599795227,0.17195971581336236,0.8184710748126044,0.6490560199969138
2063,0.9487408151092822,0.9980223750246987,0.05073122331131849,0.2591287386546326,0.26145159796775014,0.07731927460232871,0.8184975113527402,0.6018631569203864
2064,0.9216554102722933,1.0162085852018474,0.09507604981236133,0.20744057080600115,0.1290835614760389,0.08435407633485278,0.8285126275827126,0.6252423680880885
2065,0.957414006228635,1.0052902230005627,0.04938826856059049,0.19163674423633673,0.17938828855206174,0.110971695653312,0.8763964442389787,0.6111568124217323
2066,0.9293738723083107,0.9810524669199476,0.053528123284029595,0.18025885272324477,0.19704362230297284,0.060997394808731335,0.8297168627818763,0.6246530746909662
2067,0.8927812112270406,0.9880963097556923,0.09719771809357652,0.2377616329116579,0.38102079031849656,0.21265495570319767,0.8501518779901999,0.64611952484142
2068,0.9197048632439273,1.006408622224109,0.10490299548721707,0.34988028434177115,0.2331655100075129,0.2144656752626194,0.8725252977853906,0.48891292316328006
2069,0.9588851784866544,0.9790436611077344,0.025494982099246742,0.32030191798725,0.3070372207097362,0.08089516057732256,0.839284010808851,0.5938471592349351
2070,0.8757038447082098,0.9921424592294534,0.11900727579115959,0.32169509156297516,0.3734971025644237,0.2468481544484906,0.8599528101192826,0.6146932643588628
2071,0.8960898160803636,0.9965836857745284,0.1088144385675144,0.3190515682815985,0.3057750069683023,0.20772512877530763,0.8751093352716152,0.6526965797159863
2072,0.8944100412890985,0.9697489611823332,0.07813218195250873,0.34993117124959744,0.4454372429719388,0.11990696147837675,0.8156738466492657,0.6568912491196677
2073,0.8662749756571583,1.0095593666340104,0.15640503951493823,0.4073879729504592,0.3411587037100594,0.38112962401532,0.8425617874015559,0.6444145139419286
2074,0.9016865818371834,0.9775173408587385,0.08535169826409894,0.33745808736246374,0.23878453612209793,0.20899724845988477,0.7945004943274676,0.6475425914992741
2075,0.9555872572129182,0.9742073837307877,0.025206949662966927,0.4330299559283881,0.5088242906664232,0.08166267406574186,0.7397922239795611,0.6237875859786148
2076,0.8851707134855871,0.9521350456674768,0.06829071896064563,0.6561923652998185,0.7193982043774816,0.09117279240947283,0.7144018084756436,0.673381417002467
2077,0.9032185844686802,0.9468798568610762,0.04876181708774516,0.5665235139344459,0.5870236656848078,0.02919052999607066,0.6719671946315234,0.6640165758939593
2078,0.8270963626909078,0.9356389123302611,0.1092982990724102,0.21597736113659605,0.16084747520427892,0.05743197138402444,0.7868761332997887,0.687975860485911
2079,0.8421847037449288,0.9257228358172985,0.08933701647054645,0.3834027357056589,0.4025066380591142,0.32173395714874764,0.8112919391699922,0.6671570411346242
2080,0.7763522839330577,0.9024113598453741,0.12661778263873438,0.3963640394153395,0.3889448070603586,0.09945517744637797,0.8311418348778687,0.6906715132662311
2081,0.8153366689193045,0.9135343194772967,0.10403513198717866,0.12447321126270311,0.2343101050061599,0.19886774261829346,0.7843358601044707,0.7043753477225404
2082,0.8056261983843432,0.9114528389169825,0.1142801554250757,0.20212417984489026,0.47158404655426023,0.2742686082946509,0.8666903965231778,0.7001368410629676
2083,0.8215401162985201,0.9231777477300562,0.11722129877904625,0.32236034836749183,0.46818331813916714,0.24997037691354887,0.859457608162312,0.7061435619655647
2084,0.7450901797019585,0.8742054329164677,0.12919733354221097,0.2928215066553893,0.35669158370276616,0.1431116431347528,0.8599312449951296,0.7392974065405397
2085,0.7498586744777109,0.8387871888409677,0.08939385194686171,0.35664672143638004,0.34003281537933927,0.07205901740830603,0.8011932236159336,0.752292351614392
2086,0.754989586524851,0.8301375363130796,0.07703936048715666,0.3491621444947461,0.45702418269646183,0.12052866197481125,0.8958687239655974,0.746368258734315
2087,0.74485592668403,0.8082580170219844,0.06384671417290119,0.36798430125918946,0.5476951235575569,0.2099917343959675,0.8618591805342476,0.7701135070706708
2088,0.6950637184057094,0.7917079073780809,0.09799796833081018,0.3875534924519788,0.5079709029289967,0.12958880358255012,0.8609336771634106,0.7661709101186078
2089,0.7122880439239742,0.7671167376865455,0.056283357949819736,0.4395713933746995,0.598541405113572,0.1603548759560953,0.8709657702317565,0.7966588365815973
2090,0.7015613555692082,0.7471387006480797,0.047244616531563144,0.564980773225062,0.6024551041498311,0.09294209875352934,0.9006891868682116,0.7643398957190485
2091,0.6950625884873932,0.73608309089692,0.0435384803445475,0.47837007264130493,0.5224236960289713,0.06721263675742009,0.8310312204921755,0.8003626341576732
2092,0.6345713916643604,0.716438382776002,0.08426564628617443,0.5672233244898047,0.624187462680867,0.05998592965507173,0.8192050244716912,0.7836424726290069
2093,0.6079714694297637,0.6889666686693589,0.08149890007805492,0.6998940068756443,0.6974626532242013,0.017702953288195086,0.8885992708445464,0.8183201560882322
2094,0.6060130720755964,0.6525612653189016,0.04971405458681524,0.4856660769816045,0.5082703049860202,0.06706797069184788,0.8743562053881684,0.7958856273754198
2095,0.5884446903188706,0.6446573787989892,0.06576164202255541,0.41573383430198685,0.527356339184602,0.17632453693506556,0.8437961382001244,0.8066116106893688
2096,0.5991837259338298,0.6315925394249942,0.0398750914917866,0.6753615360993583,0.7626810390555917,0.09578927922525138,0.7993895673639417,0.8366936855686393
2097,0.5720627440590744,0.5932057451948118,0.0252801550918452,0.36729634047581455,0.4936315759780749,0.12757079040851405,0.8001479228727756,0.8306175329227256
2098,0.5271468434060986,0.5787564854608866,0.07833515780084037,0.4124986417903093,0.4675647732809545,0.14807049986517534,0.8820349630820623,0.8190866725026498
2099,0.5250012982528208,0.5734281078326167,0.05220038117869829,0.07030701957731451,0.26912396760433455,0.22246972863526837,0.7989908234216827,0.8503332306394326
2100,0.5064550364815629,0.5552052930114297,0.05558102411914286,0.30002340550507506,0.35610982832270194,0.14885914132367176,0.8595144061748323,0.8305919497017182
2101,0.5110175703269568,0.5636789200264536,0.05286657502380857,0.4597495324358263,0.5278384693044127,0.15138786973607932,0.8663068719040269,0.8252123026531519
2102,0.5151901989288639,0.557149662259367,0.053039956339790605,0.5820816983103093,0.52653726572039,0.1597668599867213,0.8266264597053097,0.8489715077977662
2103,0.5219627950959095,0.5627438972647595,0.04905353281250621,0.5904152878409213,0.826559274475901,0.25775103918207176,0.8825126641415585,0.8229641411804683
2104,0.48650510741089886,0.5722264414214582,0.0873085904827999,0.8796982711519036,0.8650418774609961,0.024800532491342245,0.859610194242181,0.7974160125937895
2105,0.5169596959827659,0.5476958200218033,0.038138725710302426,0.8848654285602721,1.029310078194294,0.1525575279456465,0.8212195311054706,0.7869056235272573
2106,0.5196093012758141,0.5457010718609251,0.04533126815216486,1.1901822493451506,1.2503821479411368,0.0906185781227821,0.8140579769089035,0.7740914020771952
2107,0.47375398153366866,0.5420715574786729,0.06956735798168386,1.4232034856736488,1.5702854083572462,0.16143024649471618,0.7939957471324104,0.7944264648099792
2108,0.49729436600173077,0.540052131537408,0.04577648450152758,1.8016255253671813,1.8532539422125263,0.08141172964015635,0.9016239884820788,0.7892038401215151
2109,0.4819610925895486,0.5205899781543044,0.04065782211691259,1.9820713443593043,1.984072386946688,0.14243538396398067,0.8852263947965012,0.7603581864674467
2110,0.47452714214192937,0.5230654449801215,0.05237397137225966,2.3526547424395394,2.2177203667711467,0.14935128052996974,0.815874511541094,0.7513701160992553
2111,0.5069989368127923,0.5396399163746287,0.03528125714852977,2.4213716054982424,2.537079399708983,0.12097660641717818,0.8276564490334092,0.7352405029584093
2112,0.5138777080113909,0.5210799574715087,0.020533038792085154,2.666579152854166,2.6656563460078657,0.1218633630803085,0.86363346328307,0.7599178470598009
2113,0.5052428058042487,0.5182295910439021,0.016844202504223648,2.8803099926743116,2.792567330306039,0.09576979216957895,0.9010297765845032,0.7609087221654338
2114,0.49211678046240076,0.5130926554876365,0.022600095692238368,3.031561141120371,2.942995729069421,0.09111399912989138,0.8432258361370826,0.7566463997574826
2115,0.502508681423967,0.5181905510881974,0.017757523488948646,3.2428540760468922,3.087154821619278,0.16102964381956028,0.8758745729998141,0.7769800917085585
2116,0.5065307702219216,0.5272930829951619,0.023050846546589652,3.237920480841138,3.2287637360167794,0.09704609590576911,0.8488406921139513,0.7784493526166126
2117,0.5202304254719062,0.5376643093703276,0.017712960340614474,3.4264624352271684,3.3330757075301753,0.11241707444401076,0.8252460983370852,0.7657849357893927
2118,0.4870648551307849,0.5463113669757748,0.05988662582639647,3.508226897450579,3.4621870238675827,0.10713715595904356,0.8896363239430851,0.8057913411191986
2119,0.5029004992651324,0.5438170321624475,0.0417498051263631,3.5595395256916604,3.465413443655281,0.11173536990370225,0.8619064916656237,0.7661912682984419
2120,0.5515184531402963,0.5500123035763897,0.01023031728997808,3.5134680275288233,3.5045381465286956,0.061237596106605306,0.8237706094307473,0.7871195864833881
2121,0.5225452726178614,0.5778048571115724,0.05542922512135736,3.6057200474990894,3.5518488704049274,0.1596837846762355,0.8345407749634347,0.7276880067701672
2122,0.5388108061341628,0.5760402431136126,0.03780209913814453,3.625808296584338,3.543927730290768,0.1126929212788322,0.8441787644660567,0.7280332284183482
2123,0.5447542754145632,0.6544559727190528,0.11917691905154981,3.6088919398792285,3.6218938033966506,0.05243383292808674,0.7867355180798044,0.7045588868018597
2124,0.5551082874313942,0.5249904083484345,0.037948143172284524,3.4918564183386125,3.4914283429109467,0.0658176597405742,0.7697420151325208,0.7144496788676608
2125,0.5594681653387882,0.5347506736441652,0.03202559919547171,3.427647220404529,3.356171076447598,0.13245152742033017,0.761440609267649,0.6555172462771985
2126,0.5755065248365575,0.5932572764043315,0.02652078233162318,3.3893436709813565,3.2423917510915365,0.20203565383547512,0.8447492576760484,0.69338056453319
2127,0.5929418211729394,0.6016360698708867,0.015620025994579378,3.050848963450046,3.1234994993322602,0.1130890006510608,0.758862704996168,0.7472505019245942
2128,0.6006263634735696,0.6479322267282571,0.047779232645884455,2.872453036507617,2.866153028403952,0.2236419171096964,0.7755126933780087,0.7408427065180282
2129,0.5736993083119989,0.6535578123997633,0.08199778883986773,2.7184795193266416,2.6377477452955325,0.17473791652526283,0.7943182298816297,0.7267602228283094
2130,0.590992009515411,0.66095902473299,0.07250024523661948,2.4455935258833392,2.316192542422678,0.19725238178084514,0.7442764998755156,0.7458639478532005
2131,0.6096866959500318,0.7020589452168248,0.09321654940093713,1.8106979813800024,1.7480614475974006,0.08054666670032531,0.8583153342668413,0.7349016782133844
2132,0.6417860176099612,0.695901056779116,0.054676998404773865,1.4434267414347546,1.3148363800851706,0.1901837239455655,0.7334769793399714,0.7384406592568212
2133,0.6749809798031057,0.7260468251338763,0.05108382004380611,1.0826639733025287,0.9455752929377624,0.21886581790122767,0.8507413430666296,0.744700882466725
2134,0.7030170581087424,0.7332348132488737,0.03111707593227156,0.5555483274993567,0.6405080967965708,0.1426413592016759,0.789200829236528,0.7465241504949963
2135,0.705238664594135,0.7608017889043543,0.05600620446942385,0.40026355101370004,0.3623352424576281,0.16260616920781054,0.8272820120690134,0.7411349930199393
2136,0.7251913792218517,0.7593336726826414,0.03531423856973005,0.29668667192553394,0.24007340603202318,0.13460322891354654,0.7505798733861125,0.7576696181618807
2137,0.746165814858458,0.7826236658649275,0.04212527246654175,0.3476631660244292,0.12887012285157765,0.22391875709708078,0.852174093190437,0.7581298229410386
2138,0.7506266494965684,0.7999108596253693,0.049643444800710416,0.16907971112526185,0.0901884464434662,0.23045573374389203,0.8159365953983684,0.8028971967322585
2139,0.7819485340210234,0.7922603963239228,0.015506147208149901,0.3144007519198482,0.17218251833289924,0.1864456013618934,0.8546632026462849,0.7962210606787763
2140,0.7522942168172402,0.8163541826973383,0.0642353120955748,0.16137922968828208,0.31035899672762546,0.16387728832847576,0.8144327227789562,0.8002219071783391
2141,0.8123095224158451,0.8350729685176611,0.024000167176960636,0.35080917929394617,0.3544502395573471,0.17658432944198668,0.8020537973786714,0.7813810235598999
2142,0.8272322034909159,0.8435696309699685,0.031936306201332455,0.275708936108584,0.44137471125046857,0.2086519870210837,0.7818242581984404,0.7723568219665705
2143,0.8781432908518801,0.8394312914496259,0.039440138562376756,0.3034270108107866,0.2687287008110509,0.054939730914192686,0.8230786946940061,0.8192342104873462
2144,0.8165375760632796,0.8670375486655691,0.05129468590971283,0.2225212162182798,0.21432542936775803,0.11695455669634472,0.8474803024445088,0.768529878430366
2145,0.8137599697429653,0.8917918059349644,0.07806322966519241,0.23662876002863106,0.2907648094592963,0.18775511897468664,0.800869522293079,0.7868917770504492
2146,0.8354516757354612,0.9033801026326613,0.06837105845008802,0.23661124307936243,0.2640511061130907,0.10266044319968173,0.8926250418653645,0.7769288181111133
2147,0.8537337709656542,0.9046376789063917,0.05201935876611653,0.18498721502707413,0.13755413961348825,0.06158460277269244,0.7983818584499703,0.7925279267070303
2148,0.8449149322342198,0.9245562685832691,0.07967853263780514,0.13878732568363267,0.16220571160907768,0.07029173178618879,0.8007645192764585,0.7801426919272076
2149,0.8807808890047053,0.9584839615600018,0.07774682829811211,0.1183994959729831,0.123610918069921,0.04576789397762906,0.8343374880501089,0.7677868041632366
2150,0.8983495774169642,0.9576555869560045,0.05996053849894987,0.18241529182124497,0.05961706711089028,0.14306581578447744,0.8595714280295784,0.7489875659290393
2151,0.8954425681757778,0.9596985743303256,0.06552796167535198,0.20553640429451803,0.2093720741634037,0.07139315993795003,0.7861735277865587,0.7494646222208756
2152,0.9015866552779827,0.9700692853498258,0.07009657265848065,0.34187714613870607,0.3607340664223777,0.18525219449600033,0.8459946805673527,0.6995459301159939
2153,0.929884340144265,0.969865161596358,0.04558767298492753,0.3118978546525861,0.28870860157636963,0.18604955858913305,0.7880614187253961,0.7339615904210615
2154,0.9001471735484835,0.9834182602243604,0.08338580478438803,0.3454668949919286,0.2951217617086751,0.09281139548501788,0.8384376986812989,0.6740381450904388
2155,0.930661949354975,0.9997246511947776,0.07023647747861692,0.4011504333480516,0.48210026514239607,0.15183540833027645,0.7788813945484145,0.6996761993834837
2156,0.9582528527886841,0.9867746370547118,0.03018940591779286,0.38773629005929844,0.37530155069534327,0.18244352193988073,0.8464713644036632,0.7378781836049755
2157,0.942824065350655,1.0333142148997603,0.09167156819837546,0.37722715409920043,0.2894795518060212,0.14914869775976236,0.8380427722909004,0.7021835033139644
2158,0.9316530211949106,1.0235729000479976,0.09234376932925896,0.43182296340402077,0.5094662648984167,0.10422191522811114,0.9222479083939925,0.7171309868865835
2159,0.9464049933364382,0.9963455796892986,0.052390976822338044,0.5080695366094209,0.556718543581291,0.06728708592220152,0.8823298865157023,0.7397488359606875
2160,0.9493521718802888,1.0053471680022208,0.06244951096897379,0.5109645160957129,0.5814825253531721,0.08717806446990065,0.8729210088255231,0.7814527247108113
2161,0.9433624961893029,0.9846884409232664,0.04337393117640016,0.5545486845280415,0.614169837203383,0.09470818847020887,0.9033082879069639,0.7837326038450207
2162,0.9324831365936166,0.9925960568862334,0.06288687757712451,0.6100762871882508,0.6259457890615071,0.08581630160746051,0.8966980265047402,0.7627880931458197
2163,0.899190631254801,0.9843594781071836,0.08805217955753267,0.6398411780446247,0.6260131706957113,0.0481585132041806,0.9216849461649832,0.7706733158271577
2164,0.932899677902911,1.00016084023151,0.06805249248107612,0.5932379477268225,0.5852209880665166,0.037618063995392546,0.8825301899547731,0.7535046362646195
2165,0.9177597580141517,0.9939829786577088,0.07685169298562249,0.602011939199583,0.6291791791473592,0.12560383273167855,0.9088589999313655,0.7698446526366801
2166,0.9315019299544437,0.9895071246220475,0.05818035153488616,0.53351625022416,0.6564165203044549,0.17913824480574228,0.8460477335599266,0.7613840696567706
2167,0.9372388614787087,1.0005267936919702,0.06387269668790371,0.5030891023705026,0.46026419440101785,0.09788299268585357,0.919161882722348,0.7762992043911651
2168,0.9422516059420754,0.9922862959759602,0.05066846777738135,0.4055428384151871,0.398487384499241,0.04779875637594314,0.8552470880737162,0.7939312795436225
2169,0.9428606067125569,1.0039464460031209,0.06262905199194493,0.5601774902683587,0.5899318375697308,0.09439314745748291,0.7540504825577278,0.8208096456739122
2170,0.983079209742742,1.0103683797067806,0.03380959596285752,0.38850073614988134,0.3415941108146074,0.061274918795813024,0.8341610781432421,0.781483605903657
2171,0.961528547831732,1.004722798427412,0.04371873041045712,0.32619638398058276,0.2253671618184449,0.18532323908511053,0.6594702713624465,0.8020761138593889
2172,0.9378943903984585,1.000979820556127,0.06484952548825704,0.40528191977337424,0.36992217975969616,0.11280602723872696,0.790270215555708,0.7866754026573672
2173,0.9578834325076436,1.0056481536715671,0.05114029441012869,0.513303583910286,0.3747426632913971,0.18726455664455707,0.7917463553849681,0.7797388286962863
2174,0.9586457245346716,0.9966727424465462,0.044692626626919356,0.5581255696879239,0.536139086526912,0.11734453042361331,0.8032133149024032,0.8025827787326267
2175,0.9616586756553285,1.0342557844617746,0.07614686824632431,0.5102289495532194,0.47793831560549865,0.17723657943853383,0.7499574083871909,0.8147473269483552
2176,0.9439759692078782,1.0122433928737724,0.06933618620669788,0.5486391310580465,0.4628551845507888,0.1960645553740343,0.8173790375160894,0.7797186047325563
2177,0.9351192780653862,1.028930781972576,0.09688199476632142,0.6068875901845358,0.6406606366334953,0.09853105021176124,0.7411179274092989,0.758530201966361
2178,0.9324111358424841,1.032712639451563,0.10172558047075095,0.5503162691130198,0.5593214553348406,0.0559137644286402,0.8814043398627367,0.7885581182839043
2179,0.9721192176589425,1.0283954554333101,0.06664178105784424,0.487158788722658,0.4110639278409188,0.11642224582940078,0.7391544213066608,0.7407328242021987
2180,0.9469025920014824,1.0193389734653426,0.07308084792563542,0.5617812041643632,0.6672368481713079,0.2018605524193232,0.807519419327533,0.7760355111212944
2181,0.9487466840313489,1.0429023100866044,0.09539120773397737,0.7031627351327546,0.7242835180934705,0.03766515682909795,0.9060335488412006,0.7791303148077222
2182,0.966005826534115,1.0177983738810286,0.05853959814453328,0.566408939604631,0.5770286272174652,0.21018147577413335,0.7360873413454878,0.6546597794487826
2183,0.9563948834813923,1.046111843649016,0.09205918269084647,0.47398141371879005,0.4521048976249003,0.107954062562091,0.8536724661300942,0.7492557721357144
2184,0.9545965044873365,1.0664953515599662,0.11601537823468087,0.40007795899705306,0.4290253287102703,0.11019056856864633,0.8259882153507235,0.7621606139395734
2185,0.9901325871159458,1.0346995545604165,0.0680701453342284,0.4848151099909646,0.5413732989730015,0.08945797556393507,0.8422683019158331,0.7564953821473674
2186,1.0019470475972136,1.0635428675528051,0.06337198706311278,0.40579136719112785,0.485442976408298,0.1514545964975373,0.8489570572271934,0.7297147341901289
2187,1.029417422404138,1.0381821047682451,0.029869410503974445,0.5936230624372845,0.34439644580321904,0.28698606145684497,0.8322742927042279,0.7574574901107708
2188,0.9931181872586351,1.0514240840141331,0.06253598810632915,0.3392481238044887,0.34001484310587426,0.19596423688632755,0.8385070965084154,0.7431183769380346
2189,1.0038934283140784,1.0428814935605415,0.05470742728145827,0.4728339411201828,0.4010703744531627,0.13173127297510068,0.8288221673403577,0.7231787943255742
2190,0.9723033449440779,1.0493601006353181,0.08058489990349936,0.40850632053154506,0.3999250186770664,0.0898974801396067,0.7962707257445247,0.7004961430264904
2191,0.9504575288512751,1.0404614601341196,0.09321925542593211,0.30422299982464174,0.2179369784309851,0.2802576995235378,0.910255134591899,0.6733351363986507
2192,0.9477291380713203,1.0426729857113999,0.099988865017735,0.18791684161195454,0.16788882196095856,0.05579826511713274,0.8658708170340058,0.7012565120588596
2193,0.961582405105051,1.0230056356086694,0.06230556695438915,0.2737110949678266,0.2743429451453241,0.12773882696779473,0.9101582028215088,0.6839881151300301
2194,0.9474148417382939,1.019547672076722,0.07474571023554173,0.3434329774046164,0.3510928162933913,0.04479920315347754,0.8922932357243039,0.6866396760385198
2195,0.9277078849327021,1.012528663640266,0.08506936395633925,0.2257392918799725,0.22495919716347526,0.14564420503506117,0.91647895459984,0.6871156754223721
2196,0.9376515888188036,1.0193656859757356,0.08457130928866959,0.048737018218490816,0.21600836815242433,0.18039241152145563,0.9012778222982019,0.6677470487126778
2197,0.9127174156502866,1.0200895819403484,0.10769303241566969,0.24850830039843194,0.2626518113559451,0.08741209974758414,0.8296545001023082,0.6614424241386542
2198,0.9333463539291917,1.008977731980403,0.07754482360645437,0.3928097311155803,0.46133454765968723,0.11286205174975317,0.8844487024190246,0.6663620004607314
2199,0.9166849603118397,0.9905582196415428,0.07424070822515276,0.3556544389677119,0.34284930190111723,0.09936308232449677,0.8742898135122171,0.6762554949585509
2200,0.9181558895457758,0.9806453951027063,0.0632326798455784,0.3582382680076222,0.31768991173027633,0.09894238193960855,0.8582000628665092,0.7048393659838196
2201,0.9601765215282576,0.9882146064620175,0.03168699976941948,0.24769256678222298,0.3478443250327361,0.15304364323301198,0.8712336578877186,0.6996674374979447
2202,0.9460220119375351,1.0181397695223213,0.07490665737987427,0.3739107202074011,0.21892647944518118,0.17905375636340226,0.8619919360708946,0.6791009634798567
2203,0.9075400260153369,1.0057582542060846,0.10084952938607024,0.09459852249048384,0.2125188289329828,0.13429768099337444,0.7218453743002213,0.6968598434576924
2204,0.9065748594737787,0.9766331457760189,0.07090073304697313,0.18329350898470056,0.18569296101643568,0.04812021291711667,0.8295737604078228,0.7252872249605871
2205,0.8885002922023815,0.9738948561801636,0.0885302824011982,0.07487394224739087,0.08872526050565903,0.10677983616772946,0.8687484037786816,0.7046165184325197
2206,0.899538918093373,0.9800094505867647,0.08701492064572079,0.1315894450828606,0.2135678863699108,0.11717209251200836,0.8702640450457233,0.7070972691127325
2207,0.9050732270629065,0.9497388973818478,0.05622462116114228,0.2517423513093839,0.28637767505452405,0.07690181840138322,0.8752425791165126,0.6895470464705631
2208,0.9075742936340181,0.9457891240499906,0.050796191251801556,0.14776200901885211,0.22061992149445828,0.0862866343418028,0.8411901114231264,0.67588220828087
2209,0.8872822965237662,0.947062380661779,0.07671181384343644,0.21066147045220615,0.25501067076364914,0.11880484323243569,0.6796663709534814,0.6931222118376573
2210,0.8916114372565783,0.9211453595789528,0.04375898189162266,0.29410475733974745,0.39992451790087374,0.1713290938510651,0.7973792583963996,0.718942554634264
2211,0.8970460639078376,0.9292708626819409,0.045419598436578675,0.2855365113809067,0.3201882958471969,0.08537974806570946,0.8241322651767493,0.7205972916118232
2212,0.8537965811013747,0.8997145049159573,0.05560621219357745,0.12028743505609853,0.217354141687876,0.15874799538891776,0.8764454062577571,0.7419959829494938
2213,0.8426684887969643,0.892220123726291,0.058989233737573386,0.4550683209539209,0.3836074476815136,0.14686514261420464,0.9034278111319425,0.7465297728086746
2214,0.8314592092808432,0.8737702828574802,0.04582753476261477,0.5529301180716468,0.6300795241581354,0.08443158631712006,0.8591198220935152,0.7481909263726776
2215,0.8106867498716698,0.8706085273129398,0.06713947445233505,0.12036344457309604,0.29547646322193305,0.18830176052138572,0.8367201862573925,0.7570397863684419
2216,0.787486186054597,0.8394894237355836,0.05294888783059603,0.34874945953858305,0.39895958816598187,0.0693159327336345,0.907629900546862,0.7271461448116453
2217,0.7833287882694608,0.8512060989109106,0.06819100450779958,0.6107156946829736,0.6020116358308905,0.17907157407987231,0.8849756690973942,0.7337216595768233
2218,0.7627637941760007,0.8178247644712059,0.05981437798341953,0.27796040232464925,0.23023885316414458,0.10159888647167253,0.8612707173075352,0.7498926587856265
2219,0.7471878546524807,0.7939596727951634,0.05568450197921626,0.3608108797196397,0.29247334922386464,0.14289012701835468,0.9172181932500106,0.7896108944725879
2220,0.7207357836261606,0.7838793236227057,0.06758912093689448,0.32170404742538805,0.35709519816327895,0.05373189858384608,0.8168528266687762,0.7940130266788288
2221,0.7431579157410617,0.765207067426313,0.028620632397805185,0.30484204228232464,0.2587929934335683,0.0862825776775664,0.902128865691464,0.7887405994182743
2222,0.7020599021660217,0.7496840250295433,0.058341798964881585,0.10143802811406538,0.2151884663971838,0.14014189667647187,0.8722563420326057,0.8024779356617344
2223,0.6950960424443628,0.7329932278590645,0.04662394471242948,0.21729876273147813,0.19900689058585158,0.06239778039454486,0.9234011233218722,0.8131846953468915
2224,0.675692054172243,0.7104866264692034,0.03584020286869672,0.2139813199856706,0.33650829658349735,0.22391270908523792,0.8823767705382475,0.8144137881840467
2225,0.6568547364579251,0.6968340631562506,0.04625342200710217,0.20767035785342505,0.317841397392579,0.15190832813277844,0.8533610641161409,0.7442902420119136
2226,0.5950023354069277,0.6653356911094604,0.07519940839880827,0.2636715352358003,0.24646073145273864,0.19747873789750275,0.8990859974590131,0.7926290964582722
2227,0.5598946568891254,0.6380341272417959,0.07848831202982424,0.23320504475351328,0.2119583434055858,0.15538306736160823,0.8370483174109097,0.799248550064338
2228,0.5530967990366394,0.6305839784985755,0.08535749584022334,0.30624718355014513,0.30303658800983635,0.0649529641103201,0.8674578934981919,0.815584953040412
2229,0.5428321486032451,0.5950367597846408,0.053206608878117394,0.22993778601423664,0.2583396417550331,0.12502918683736852,0.86086769172081,0.8303691968316339
2230,0.5295076350444898,0.5681926439587303,0.039179583467185676,0.044340676366446216,0.1025697663182061,0.06359481844852512,0.8437690638660142,0.8504373641128498
2231,0.5153527594306974,0.5426889571706307,0.03289804649531387,0.1535162123653269,0.253991734829646,0.13115699093818142,0.8793796902858013,0.8401927684238185
2232,0.5003867178738272,0.5212361716266811,0.02515365165258882,0.29786441392402613,0.3238176816546248,0.10186051313326358,0.9102307326533479,0.8492599622810696
2233,0.4684837049621965,0.48904389008270566,0.023760713281116057,0.2834039096199227,0.3127479113194576,0.08842138379072058,0.8064136716488803,0.8201056476469423
2234,0.45162927807388165,0.46624812243277436,0.017981933220251173,0.4621377832551135,0.33402778077507445,0.13440810370363762,0.8572570061926633,0.8538137604273615
2235,0.4190335214273995,0.43762403239265385,0.028788090018648165,0.44271763379721324,0.3817055890528295,0.07391577161277402,0.8085324057765138,0.8454791774513765
2236,0.3740918033262101,0.4172311058947592,0.045395619603314695,0.3846726540703068,0.48997143956993283,0.18854786940269902,0.8673845570473458,0.841662345684262
2237,0.3880679518136395,0.3828611438470841,0.011163633987465213,0.5572952028242196,0.5496471931103307,0.08542534457124676,0.8241794064675438,0.8446849139259749
2238,0.3321985202938122,0.3532755086124319,0.02874872934214516,0.607905092533401,0.5976159117740454,0.0429780872896864,0.8898573991805042,0.8301735115089938
2239,0.3484925254381417,0.32177335091003356,0.029595075831617298,0.5631877570292995,0.5783954605211256,0.08680836044427566,0.8167579301161834,0.841691269820451
2240,0.2688536744290767,0.29860680502337267,0.030444340812905684,0.6491655401807932,0.5975316212397875,0.08234507280103663,0.8459602371434339,0.8618381535378484
2241,0.252591506491074,0.27266389547225134,0.024082304253157133,0.5980495291961365,0.630350215564982,0.11141767332602938,0.8917389119106813,0.853986421855569
2242,0.22880548901146075,0.25399133333680507,0.0316260606836674,0.5999911199656527,0.5584991833023825,0.05816170796283322,0.8579690549898354,0.8659071254089858
2243,0.23261495703261334,0.24730760128216975,0.018412776154206334,0.5016473153826214,0.5886015232338209,0.11726261263827166,0.8338747821117722,0.8531479213536912
2244,0.24543437277077212,0.24565687180078533,0.006756252741613108,0.6518249173409564,0.5926153628579821,0.1011794124265637,0.7651164331282212,0.8619426993557393
2245,0.2517683947664142,0.2527341406198456,0.0041927066432972835,0.6375076770292604,0.6166003265955078,0.07143761334023656,0.8005321277682751,0.836508085254507
2246,0.22734806213088624,0.24718666136510423,0.02089390581539348,0.533736613704605,0.6119592202869681,0.13612837680558496,0.7697522516066435,0.8607264508609266
2247,0.2448916408413962,0.2501586103942403,0.00844715605751528,0.6183526885685524,0.5864442841247559,0.04636836322892116,0.7913966438467199,0.8494864735634624
2248,0.26998663597655,0.2462738941243358,0.024011395251676188,0.5960534248320376,0.5622113642355255,0.12547948163454495,0.8741889952239283,0.8594095583985604
2249,0.2349613798066894,0.2505511592390046,0.01848297144213016,0.5250847149725052,0.5411948185170297,0.05047778176610643,0.7522551485374165,0.8553147004366295
2250,0.20186827748077898,0.25300512752165655,0.05294044712706815,0.5042835051564009,0.5445263557600083,0.06806674941773587,0.8888342863121843,0.825801140441405
2251,0.23993637890066122,0.24836062532957903,0.024613852312927488,0.5431041964598413,0.5816861185131191,0.07914636920486125,0.7927831973095739,0.8464317133608046
2252,0.2532931460872229,0.24704290463827,0.0065428542471575235,0.6226897390945209,0.584311603791013,0.1031136995971526,0.8127355889711961,0.8619992422658957
2253,0.24406963558746794,0.256145199955436,0.023769733171672962,0.5240686530409796,0.5033914110721964,0.05422305157304754,0.8431016537254659,0.8457417872430084
2254,0.24791138882657524,0.26439578772925776,0.019680742904168498,0.4991009066827163,0.5400607050263992,0.0886833734838083,0.8444350239854563,0.8431269725488401
2255,0.29088789615901556,0.28263055196393594,0.020140232776311377,0.687587334051118,0.7205988438277539,0.08607788032811114,0.7686100618884628,0.8486952956953672
2256,0.29198332692838586,0.31325482480904987,0.029284418397120003,0.48604676016106774,0.5969725973963064,0.16253893335272704,0.7503114365891146,0.8505616733031693
2257,0.33727807979442226,0.3483643840190116,0.013281209446840756,0.41525057279374766,0.4273111369549021,0.12865214884553258,0.8322171378113893,0.8464915325613098
2258,0.37597742032387926,0.372055585140238,0.0052137040915242894,0.3400983206430018,0.33556863473609433,0.04164401747982429,0.7626089733960837,0.8438037171065156
2259,0.3890692297348109,0.40361022917105965,0.02186229765195859,0.19285694255772856,0.18324886548930133,0.08933115147755116,0.8211083052428012,0.8338812134885503
2260,0.4186829893522378,0.4255244410696075,0.03119951888661309,0.19777991421889107,0.27297423641851243,0.09654184247655691,0.7191439046881729,0.8379077944003571
2261,0.440408162690166,0.4551642623170607,0.017107509661272346,0.3166204920887339,0.3272694293976407,0.09254566592255582,0.7369865753694992,0.8354981561548677
2262,0.47724873394303363,0.4754383595283715,0.014819356453155044,0.2898263844051277,0.2790198908907313,0.10341040260875758,0.7548757349246612,0.8356049147584338
2263,0.4865743579986854,0.4943280363692331,0.03557276816520074,0.4016992204302564,0.4391392058214778,0.040022763202708374,0.7826861221319003,0.78826128104516
2264,0.5131763102475426,0.5225923879937184,0.026410323118744423,0.4955668220909093,0.4743804920747191,0.0603889551321402,0.6565543578133337,0.7872807068035321
2265,0.5358138197834509,0.548804818291792,0.015400540475782898,0.6118022674044283,0.5760447048297203,0.0519455598968173,0.8100894816458543,0.777697763080815
2266,0.537733402688339,0.5679579012729303,0.04141828313044948,0.6794326019493783,0.7451892070680968,0.07711508848649637,0.8628320820130885,0.7361142486690387
2267,0.5508290841675991,0.579660809401537,0.045983210062247266,0.7955704503926909,0.7168598070934897,0.08463798265722829,0.7811633726994022,0.7428630195084923
2268,0.57882515527183,0.6008373595968255,0.03974610822387712,0.7523866970816294,0.7058967157877345,0.10460690219846558,0.7632428047295419,0.728533032294886
2269,0.598360844321287,0.623531114786098,0.04411655826239833,0.7937908496234385,0.7819135242954819,0.14852341403620034,0.78027786425029,0.6192936962332308
2270,0.5845034248573948,0.6258919557777061,0.04534971188209146,0.7739181366997719,0.7399920007890344,0.15531754605723733,0.7880029245636849,0.6934389040007594
2271,0.6224562463166777,0.6848460210978433,0.07040000667426347,0.6843464688467984,0.7309012138521144,0.11340608543240205,0.7525981979585835,0.6184350990895322
2272,0.6286756077531613,0.6757238559626539,0.04721827259851338,0.8312891222172968,0.7339299990134686,0.12110489125992299,0.768511593531392,0.6498530290425897
2273,0.6603836064758056,0.7024668636066985,0.04470904691377583,0.8106857938004002,0.787536753573809,0.026400987595876134,0.7592074254119351,0.6822762175681816
2274,0.6527614413566333,0.6989055391751783,0.048861662424842536,0.7795068422176447,0.8259570195132152,0.07758766496409654,0.7626263332353469,0.7134975399978047
2275,0.6648907181523374,0.7438784073876242,0.07899234208314031,0.7766583266309329,0.7860839212383159,0.1006806162530836,0.7544467681012131,0.6355173066069117
2276,0.6998190830207032,0.7548381047230102,0.060505177386477045,0.6574683849867451,0.6791013806645686,0.15222434102449145,0.7999297477050918,0.6784280526019336
2277,0.6934396793650913,0.7603129246285194,0.06937393933916848,0.7268021487036014,0.5811993440929623,0.1867534310789497,0.7477949846758074,0.6879155531776918
2278,0.712358483679041,0.752204231175967,0.043912656952562974,0.6067108367262425,0.5662365898576082,0.14254879901282388,0.8387861186412763,0.675120003186146
2279,0.746908617236048,0.7740289400685759,0.02878049207890024,0.4681546597332947,0.6713002691911638,0.2841234124373,0.7362414992556632,0.6583690281824297
2280,0.7243089011155971,0.7962182345321925,0.07331123533030184,0.5872462831813325,0.5588971779901113,0.08524266224869595,0.7808992145614453,0.6217649131389085
2281,0.761679911035027,0.781421292496773,0.020215485414709043,0.34648017609886694,0.2498026652759993,0.1212764891099459,0.785655284830601,0.653637120176262
2282,0.7565099989494826,0.7932100773092435,0.03746110914473246,0.25571151469415565,0.1574238373506916,0.13416578751657118,0.7586847886381005,0.657554643046619
2283,0.7609130902316792,0.802100746108471,0.05061802394829069,0.21089367364969014,0.3011963262316619,0.17896645837945105,0.8114291627552218,0.6041297135377112
2284,0.7624433381694827,0.8176547594287333,0.05703285138307623,0.15790892008817506,0.15666548755108717,0.027436558731908173,0.7465573758530152,0.6185083768027512
2285,0.7753693815863582,0.8447838442723781,0.07268777057441492,0.25555132237232414,0.25245172602487403,0.098694470079611,0.7606359504917236,0.5990500668094405
2286,0.7980804799836421,0.8654241317109816,0.07451974054958288,0.15742107547842857,0.30575564523523235,0.23779810305512958,0.7550846705466727,0.6209824463366392
2287,0.7890617404642394,0.8776819275558608,0.09296693720929321,0.24890247380296196,0.3965427505196349,0.2543095352116694,0.8277675425773716,0.6313127325716168
2288,0.8116419664404788,0.8664660378336875,0.05504797558038639,0.3746168534891795,0.30712356286403325,0.08724009000768954,0.7891443566194688,0.6656917918471734
2289,0.8231653670356749,0.8630990563007348,0.04864616446153705,0.27974781304096413,0.3254855854119435,0.18589657105213467,0.868232921531304,0.6631354682492008
2290,0.8246382016360359,0.8889004151477377,0.0669165067962856,0.14115428100929775,0.09635116204083906,0.051963846557213235,0.7995688425245109,0.6679387853465719
2291,0.8478092565291673,0.8858396678409339,0.038240446274424626,0.11825037630862972,0.14411376536369444,0.041771171491801505,0.8186207402408623,0.6908473238270031
2292,0.8593875817161929,0.9017536640978556,0.04631351271127495,0.31153550286406645,0.3366306358180987,0.032593077682518685,0.8704054211913842,0.7111342648344683
2293,0.9015564115553711,0.8987321584050812,0.003766097308826875,0.35803954221329803,0.3487980096871378,0.11552737197651579,0.7798514794456429,0.6872548921369236
2294,0.8618448261169901,0.894241503508467,0.032622080093746085,0.32325170674907583,0.2310783032029378,0.24033892653764571,0.8623294468312364,0.6728030153245489
2295,0.8596929994920637,0.9082077644147039,0.05235947015549815,0.13323771632147197,0.19740305469222053,0.12484308189134538,0.8280069206763109,0.670493204296156
2296,0.8471937239296268,0.8892638398484236,0.042369478537217856,0.26406365962229655,0.2872600794364128,0.12427765652961413,0.7887945688877653,0.6455240471337195
2297,0.8384642350599197,0.8920245591100346,0.054650401663822804,0.2701326933779701,0.24120754985775045,0.15193835478463522,0.8405215895726217,0.6566587702473783
2298,0.8838032258013186,0.8873069189437038,0.006903014829565108,0.1436588481893386,0.016631105183769618,0.14341405723186643,0.773228204194145,0.6399784520868352
2299,0.8528542898375344,0.9450219055035274,0.09966313808484989,0.13684349343756802,0.058014168725491276,0.1165173040349715,0.81568929956767,0.5950769498638178
2300,0.8531550284296747,0.8922039273540362,0.039379191955468684,0.20517381844809043,0.17371079124351102,0.10391244704022137,0.8157843495039643,0.6011496971672603
2301,0.8708022518804318,0.8923682784981654,0.024124417081210034,0.2651228802881682,0.024892136942872803,0.24309832769620432,0.7010351378534474,0.6292385858212689
2302,0.8627357755665833,0.8859238593365306,0.023560637798363832,0.13475388860239743,0.18684486369324824,0.09633914873450031,0.7725689047523282,0.6599003900718308
2303,0.8547434148812362,0.9082222673264526,0.05515936640345154,0.12888414600618528,0.1592786074300655,0.12292034567403742,0.6696721004885179,0.618353605185906
2304,0.8405910042894268,0.8888412387832365,0.04955309458544828,0.27435020706149765,0.23463006851092863,0.06038716974660315,0.8198913822962164,0.6085525575575519
2305,0.8241489771493805,0.8999160016303407,0.07631993026577379,0.29743749499518657,0.261030928091138,0.1870105022329234,0.7248459715517359,0.5997148454640214
2306,0.8612369187025807,0.905137981050069,0.04478283168277102,0.49915432860339126,0.5198447194204465,0.1244691791770654,0.7848240244418885,0.5860636173581376
2307,0.8297709074617955,0.8953449703960664,0.07005632375808855,0.2709360087035938,0.2850060481932066,0.04989859580886476,0.8032638274162804,0.6321089754051397
2308,0.8367335401741177,0.8972855030017178,0.060873408093206224,0.2919636013808916,0.3455221170718868,0.10260611168572716,0.8104507556286922,0.6238081039290331
2309,0.8577130823198741,0.8848536082551154,0.04076035426098513,0.2573703970884376,0.39068510818315577,0.1597428136459321,0.7948940664933423,0.6168372114493672
2310,0.8043721712685287,0.8685274461157999,0.06537060390130778,0.16771148567456187,0.2584853605780936,0.18639884624540054,0.7590042845432297,0.633780296307995
2311,0.823897256849725,0.8090776095014296,0.021186870881813116,0.15776036862281745,0.20487179583176332,0.047656783700807906,0.8313272999237279,0.6485564795147987
2312,0.7826543106257767,0.8402525281642814,0.061864105542916374,0.1828425627905219,0.34793844205008306,0.17862172253039613,0.7422446380673879,0.634033499942901
2313,0.7958018719406059,0.8380732238138012,0.047197361455258185,0.26376179960580387,0.16068091265156836,0.22333620561847245,0.7628980113009987,0.656981977044474
2314,0.7610216108603536,0.822682515352438,0.06427439619105631,0.19124508308300225,0.197576483891697,0.12280335843284054,0.8376317136405056,0.5996619034463184
2315,0.7223609205776441,0.7966473074351684,0.08231787472885317,0.29778773037741946,0.26639010266391244,0.07026113604728806,0.7801577355613323,0.6422922220329172
2316,0.6981084345815373,0.7599488556907703,0.06330449103646442,0.2711877743968891,0.2318282365572678,0.08994589799077146,0.8090722589572378,0.6662785859364047
2317,0.7071003057910066,0.7629766290881053,0.06281014306670997,0.3065417902876918,0.3630030086360881,0.0875429276611589,0.8045002910817716,0.653088472454195
2318,0.6367927951848,0.7072223658026277,0.07259015904546806,0.45899062330056467,0.3757299106995009,0.0873630868031445,0.8522450263846103,0.7087886285125891
2319,0.645114690855259,0.6762824817004937,0.03322202102877621,0.5211368387063038,0.5193848725564756,0.019464444403503842,0.8360738842287377,0.6968574298615696
2320,0.6212835489093986,0.6520913995586787,0.03336744855337469,0.5180011267402997,0.5211046181487964,0.03680487118144081,0.8199127860747715,0.6961097273561444
2321,0.5795186122600066,0.6287757488771901,0.04926493207931105,0.5722474768842591,0.6434412082910175,0.07441875617139605,0.7801132078236556,0.718174731610361
2322,0.5879043292542726,0.6204779815215985,0.034814365235377676,0.8011365947584279,0.8223248189033472,0.024625542907170114,0.8400255983030396,0.7268776222558297
2323,0.5777287175624933,0.6551682239901336,0.07919058094633236,0.9391848387589676,1.0810333264514658,0.19280054381538642,0.758279000788112,0.7108709398738225
2324,0.5510754222924402,0.6138254281008091,0.0639580807898922,1.2860107600746142,1.271655889028244,0.04512083672232948,0.7908317110742763,0.7375365163375996
2325,0.5726846470519154,0.5898568395370098,0.018587611693071375,1.581346033792654,1.5588294925928556,0.16348033526083366,0.7676124555107613,0.7111386979991822
2326,0.5550652540407005,0.6003691909532587,0.055333562925686385,1.7744402258179963,1.8136301187336406,0.10358197436759736,0.7901594417930278,0.7349288539054506
2327,0.5600304873429038,0.5997179990951373,0.04195242727902711,1.8551724562189056,1.8913867090415397,0.06115169176526754,0.7542399415740184,0.708332546785812
2328,0.5619264219336971,0.5872299725540682,0.026930061210626206,2.129608613823405,2.0148669930111844,0.11515984319176799,0.7649634494878638,0.7226673326801798
2329,0.5790770050111839,0.6055657316596111,0.027193393523560982,2.1019191061981495,2.105948112291425,0.15249803459725916,0.7784687755420169,0.6989988545059223
2330,0.5132901455310274,0.6000816386821128,0.09325984346355858,2.1481841064162004,2.09839568414976,0.09469387132141309,0.784895246271682,0.6924423539372396
2331,0.5267214460730852,0.615408224833617,0.09731727271996911,2.109690428032491,2.06731771107557,0.0588700451061372,0.8045467158030783,0.6741381034600413
2332,0.5251636895724583,0.5888317992167587,0.06922838527641972,2.0547288780338997,2.0338964298873723,0.10221955770180169,0.7504381801271812,0.6961334657590681
2333,0.5303215775971869,0.5888417774687346,0.06118482897878913,2.1058172000309803,2.0134255789777846,0.11925683305895864,0.8711793203635508,0.697510677878203
2334,0.5401785436959614,0.6169558240777522,0.09205455720639133,2.056518210451427,2.0465013422918963,0.20906148823938864,0.8107407049847061,0.6596416107200724
2335,0.5364204186010476,0.6223487270672803,0.08804532726900233,1.9063013995577218,1.914006411502468,0.03615108637358409,0.7853570482300505,0.6831128589228657
2336,0.5489556474303501,0.654091381572084,0.1108951351164279,1.7525083661071803,1.603388181247571,0.18285062382168782,0.7286213087661645,0.683525558075547
2337,0.5972364080286104,0.6691698743491944,0.07891934282724625,1.3108423092954635,1.3365636132821348,0.057580242132640604,0.7371020878095059,0.6960851904415112
2338,0.5790814204836262,0.6517185937346295,0.0732310737072689,1.1584163671758452,1.1239575225064777,0.12315618592237132,0.7557390619416438,0.7147592981169025
2339,0.5732390612710976,0.6719216680741945,0.1043149012952486,0.8439674515883736,0.8966002883782043,0.09301652052580385,0.685395959605654,0.706594765340024
2340,0.5931364781691202,0.7154817332090657,0.13205636225531034,0.7075198801057008,0.7746937597162247,0.07934084776313807,0.761402412387292,0.6872718810577245
2341,0.6296969052026363,0.7038766442977495,0.07823866995764722,0.6125006586763929,0.5878948575240573,0.08727180495227611,0.7041440118582076,0.678908890728748
2342,0.6286697386219117,0.7101234075399265,0.08460418723062148,0.3621403246087643,0.29799126504359313,0.10962065576439556,0.8195314864496278,0.6976320588317046
2343,0.6459010918339332,0.7490991639418723,0.10969593047679842,0.30391417793147213,0.29527446019166864,0.16737701258222076,0.7384464357641631,0.730338463276595
2344,0.6631121049316682,0.7300744727778925,0.07030632899948988,0.27491540363418415,0.30780168629135074,0.07171701226042176,0.8239530421073047,0.703929319485927
2345,0.6780919107722315,0.7947683669372114,0.12269440130074914,0.19105378392124853,0.20771500643840005,0.14279179663028324,0.7109259576746351,0.7186933944099649
2346,0.712186756038158,0.7610454893604303,0.05464373405786213,0.24802272930001193,0.35574841097684634,0.14178101910141466,0.7922287512706868,0.7372580868372289
2347,0.727994399970483,0.7635657306920207,0.04438979392467982,0.32038529082354156,0.4260841619620708,0.12001185958622707,0.7811721477395367,0.7435166097562722
2348,0.7331190456231741,0.8046548739717776,0.0734457128450894,0.17041937425524986,0.1516999684064639,0.042982184223515775,0.7663437101295227,0.7338769215385657
2349,0.760469480816782,0.7975588505156314,0.04423964911909599,0.08973751347078532,0.14756452522911215,0.07008591757966899,0.740775953810685,0.746223795783113
2350,0.7800122350224838,0.8712444447089464,0.09589711869750817,0.27848337037723975,0.3278576695946956,0.0953128380282917,0.7887813314963811,0.7348318234603838
2351,0.805189697512785,0.8500860104608751,0.045730512799066744,0.09265872732252863,0.19049602179410258,0.1255953504773872,0.7725600102046245,0.7542613517085716
2352,0.7832205254982018,0.8773783252350675,0.10198453107182852,0.1757102649969819,0.30925580914580897,0.16711682318704302,0.759500061573554,0.7323833630181089
2353,0.8348475560614514,0.8979515596646235,0.0700304931863389,0.47016191907109844,0.5565034126651324,0.13760298196179374,0.7755325328168149,0.7304751903600947
2354,0.843882011327399,0.8896745359743718,0.053640331995608574,0.33721179106703414,0.4508934763838668,0.1303441639359443,0.7852008462167217,0.7253817796461088
2355,0.8075313565042208,0.8996545175576875,0.09463573038878643,0.27729063123305514,0.42410145901869795,0.19539106497946548,0.734408468897688,0.6953396979916304
2356,0.8436597519341015,0.9562615254385235,0.11826206893530013,0.40325047343316395,0.4009574728727325,0.041086650640812336,0.7649733196766855,0.7154867425697441
2357,0.8556373677397462,0.9296010588641986,0.07766122827715685,0.27181601284613016,0.32666538784266647,0.1471175543399825,0.796115630832815,0.7267685987778753
2358,0.9150894314225464,0.964710977731349,0.05261193440510226,0.19620894688768747,0.3191682051194857,0.18304617002464615,0.842446075704199,0.7356368186305714
2359,0.9517997748903728,0.9697584207689803,0.023218643231022122,0.25528652567388377,0.35299077729460665,0.10967286815067682,0.7391405448116287,0.6910203178951304
2360,0.894517606409742,1.0225880321368148,0.12809212191918146,0.09939357455494371,0.25096239441507895,0.1555611498753016,0.7448820358194184,0.6768954908354426
2361,0.9553718731234502,1.0218225856167151,0.07088194202773132,0.3098184069002633,0.5031314796151997,0.24720887099211233,0.737381534513947,0.694913904328623
2362,0.9215223292807068,1.0171302449183957,0.09596738375101957,0.44171862954651364,0.5670222645794187,0.17250514437320588,0.8260861227578317,0.7059363500127844
2363,0.9177519030031752,1.029081816120703,0.11195409705050946,0.39063121995659444,0.4763817830335401,0.10817322814424596,0.7483771531023257,0.6944726360948372
2364,0.9393706632006883,1.027467815780292,0.08936426761607927,0.3533736734750965,0.40194615164494446,0.11575492551721062,0.7513284976575281,0.7053536937952878
2365,0.9668623593085849,1.0451113123989004,0.07904253717722852,0.09096763469708748,0.17175153696431478,0.24114487394600895,0.7530751545649204,0.6754331845698173
2366,0.9901793102999976,1.0421690175876894,0.05419300928403172,0.5008270836288905,0.5761470906442059,0.10788103509881246,0.736208749647286,0.6959702205722563
2367,1.0094731889901614,1.043475455598291,0.03818013385527759,0.6053920098742739,0.7291724472744389,0.14753607868942786,0.6915641230354542,0.6861882156416741
2368,0.9949051293878117,1.047205611673665,0.05307635878177484,0.5789880907239032,0.5788894862469894,0.11506336609163585,0.6954321776722232,0.6956576148135063
2369,1.0079165430667916,1.05583240042872,0.055306255044189394,0.21447278295647879,0.13569247386420813,0.12623710881070058,0.6842115239270852,0.7031385702633248
2370,1.0078363698110802,1.084107256202818,0.08191722450175849,0.5994451424155365,0.6409343474843544,0.15149698269100914,0.6487603946814842,0.6886128614703123
2371,1.0276146662712329,1.0759850479014201,0.05343960394791414,0.5032060611230594,0.5929013868661486,0.23098949337395397,0.6449708936839413,0.6539736476494868
2372,1.0222381332697756,1.0425210586449487,0.03255495279181612,0.2661405352568133,0.2378928175097104,0.20500382769357345,0.6741326472528233,0.6899440516892449
2373,1.026725339824373,1.0605276318157582,0.04877057285685797,0.33094756098876416,0.20871113953531262,0.15936852029406506,0.7299835687046634,0.6660416196846161
2374,1.027622009945137,1.0276575263107606,0.007476952500163066,0.307812750035696,0.2913626783094808,0.03922259220631446,0.726772177975854,0.64088918282151
2375,1.0039916174345411,1.1002354793753035,0.10093292909471983,0.45371558391951855,0.4301779352179387,0.16514912425896675,0.7736939777494461,0.6270207274598446
2376,1.0228868556945767,1.0936457641257777,0.07929838112794342,0.4199486362900942,0.4875218572014197,0.17083065012234994,0.7539602475504118,0.6175927208752412
2377,0.9604188005810502,1.0392976439738286,0.07949103098056771,0.18002493184509305,0.1483660427026568,0.0761240151157525,0.6481222359387253,0.6304446641635439
2378,0.9607602193538122,1.015614345370904,0.056232487465720515,0.3699000411151872,0.409837782712285,0.13187268819706943,0.6555056754804316,0.6167514145990195
2379,0.9237692450956668,1.0334212985655025,0.10991338012495501,0.35504610508958023,0.44929003679821383,0.15592165325920504,0.6561425418697123,0.6101390833561879
2380,0.9442987850452378,1.0217801247736116,0.07765236243440238,0.21456082696465673,0.07308301616721129,0.20814714288216626,0.65095010541136,0.616451726455351
2381,0.9413199183312236,1.0314989001889305,0.09192505568311812,0.31332549200669285,0.26957267342455654,0.08323985557999494,0.6534189439528052,0.6268020172058673
2382,0.9726652936068969,1.0360398928963788,0.06339773977064031,0.38149470622755605,0.41120050748190307,0.15220602500570657,0.7066999600191822,0.6099426401798411
2383,0.951034520017897,1.0339377423774236,0.08634495497985509,0.25861290159622685,0.18713968209141957,0.12205238276443407,0.6547347217593322,0.555076934361011
2384,0.9436837032557605,1.02000992840412,0.0765104542192043,0.22159734726847027,0.19885181778076397,0.14493043964414803,0.6905456959291982,0.6582255305887532
2385,0.9442362462560936,0.9860041658193985,0.04449449622838665,0.25181136293496453,0.33751248848662646,0.19528383621363915,0.7945290988447291,0.6360829139235445
2386,0.9583344994752199,1.0089957014901645,0.05924906379960089,0.2879147356795267,0.2474129278111178,0.16352970109617293,0.7603520803611643,0.6344563338528296
2387,0.8677053813022754,0.9928532422685397,0.12669733494908117,0.39215758592946415,0.4849843847556017,0.13521076892535477,0.8157430983450707,0.6078892451986794
2388,0.9497163674870976,0.9703875229358849,0.027067997689917286,0.04945357772702435,0.11542001603236957,0.09845108459314822,0.746941184092733,0.6288226343310857
2389,0.9536942754133889,0.9724216503307019,0.020609273303965645,0.34344330792589184,0.3712762583495391,0.13760314753013742,0.8008658515572337,0.6312336063311513
2390,0.953067097994869,0.9956821466543713,0.045180501729017504,0.48726538117332613,0.4527606644501003,0.07818435523897058,0.7586072836721786,0.6450404044199763
2391,0.9173316018899309,0.9912116446651953,0.07435749754935397,0.13492628870449436,0.10343271351659297,0.12122048015940787,0.8006291958717792,0.6510822474665351
2392,0.936973991195116,0.9760041428569551,0.04108531891736418,0.138121910120123,0.09020945330368474,0.06628263068256235,0.7630174435700812,0.621482898433451
2393,0.9144159751066628,0.9796313103967491,0.06672624624945452,0.19452913313025852,0.35032358890593124,0.18450094117530952,0.7668375736706681,0.6454436037160742
2394,0.9186041038150569,0.9849113882083521,0.06717582437774618,0.12408420972624616,0.13750074908656193,0.06871173679744193,0.8689521260036638,0.6400958355019073
2395,0.9261476272912744,0.9875516193183193,0.07601083312851012,0.1405049122663595,0.13217170986586294,0.16994575055470434,0.8086241772070323,0.6207182397909431
2396,0.9190034168187019,0.9792763836088536,0.06493695293206904,0.15230438721658643,0.3789487925038801,0.2653735334397364,0.8457416369349054,0.6335652274071761
2397,0.9214708919184009,0.9451735092114746,0.03365351460783241,0.34424772342441373,0.3970326071976371,0.06511301697797682,0.7954371770010047,0.6267676898815048
2398,0.8898348211352466,0.942336727519547,0.053420995700038304,0.04882360428761653,0.13535536634462816,0.1332683942863713,0.8269328780010912,0.6389132078050197
2399,0.9089900784704735,0.9529443691459591,0.050674829414407124,0.08369843714673739,0.1867295157233627,0.12516258651234763,0.8177438582908576,0.6201820531927281
2400,0.9166371137809873,0.9397539882286612,0.03530584939900859,0.23476044999643753,0.21260001599594988,0.11966147459698838,0.7985544251703266,0.6408024183344743
2401,0.9025129269772576,0.9245395263820556,0.027406098410259688,0.32422501168508305,0.34087480292889,0.09120061717255963,0.8049764007628725,0.6375717943622587
2402,0.9085806757830559,0.9034906880169619,0.0263132780378324,0.18784738797277561,0.27477752567180225,0.12584859897317313,0.7772824439739243,0.6070240697153244
2403,0.8882071542248775,0.9030279523591886,0.016485976178606126,0.3459411024384614,0.23837097448611314,0.2548389710581256,0.7505658333464031,0.621998865851602
2404,0.8489383210573556,0.9028145933421248,0.0579849858226826,0.24820098550674188,0.20811844761681628,0.10989931379712478,0.7909884937826178,0.5848765525889933
2405,0.8173926262721168,0.8746315633019845,0.0584397385042275,0.12366121651811796,0.12801735891666796,0.05705716769292751,0.8576234924481477,0.6117180199899859
2406,0.822110713011412,0.8769455536903523,0.05695528270358635,0.1987013231386382,0.183288949358792,0.2365339044415957,0.7388643857462617,0.6101712440226977
2407,0.811674117981732,0.8522266430652199,0.04324934058252557,0.2245584784955933,0.10649886394991549,0.17537407460942053,0.741703641195678,0.643203847626256
2408,0.8053343853668125,0.8256603652156612,0.025513760020347578,0.28539079210927404,0.11356118587451379,0.20244795035492114,0.7753031422587888,0.6592713250567668
2409,0.7561874650724237,0.7970739943295392,0.048756478342849956,0.09705749017097141,0.2924509205655296,0.2457588762925006,0.8841962267738634,0.6835035249380909
2410,0.7530297466025727,0.781258933675964,0.03008650565576991,0.20237232225809978,0.2335926888074596,0.04434449363685675,0.7749073721814008,0.668005950603113
2411,0.7458569078095192,0.7636558891699141,0.01952942848613553,0.20739155865090428,0.1860992013086002,0.1055281101329159,0.8114428728165831,0.7003862391122653
2412,0.6996168252734363,0.7419389371369693,0.04735654036378215,0.185055771895803,0.2704551182829022,0.1030585810552355,0.8508249206673419,0.7293590373000333
2413,0.6656535297988401,0.7147809437689902,0.052225564961662946,0.3630833868851232,0.3525391359910215,0.11051327858229477,0.8502747736256149,0.7599233634864293
2414,0.6554146917197192,0.7029839350088931,0.049032588730735134,0.5254892962280789,0.4317046373760598,0.1153047211461727,0.8406262181801737,0.7999898707406193
2415,0.6246373120619337,0.6866564863274124,0.06259414022603416,0.5328203433131653,0.6102102718415895,0.13632514953079486,0.7697160140259123,0.8189038431627822
2416,0.6140854184853466,0.669402050150973,0.057633269990524,0.7704518656072958,0.7911573604827012,0.061363374691875396,0.8628283812351214,0.8493898642432736
2417,0.5874821434970475,0.6505302605959,0.06907789755415333,1.073019000544483,1.01303655005746,0.11202319866238557,0.8386835199757258,0.807727641789253
2418,0.6089770404554962,0.6330169597658117,0.05825352802034863,1.0989036042982379,1.0874865750679177,0.15830739357414786,0.765983409286933,0.8245768961007418
2419,0.5799141258798763,0.6193039193903114,0.06827126074991675,1.2078912687365726,1.2175627523743795,0.16909232969240076,0.8625754477116384,0.8297523776664786
2420,0.5849780087894396,0.6148340347915042,0.05735213405402884,1.265208511489329,1.4208852028266656,0.2799134376323371,0.8685025280343373,0.8301811456397572
2421,0.5645470606808376,0.6069135133186364,0.0552211158835376,1.5886185618324389,1.5857711878819518,0.09763805917267147,0.9211296142163604,0.8264204253068343
2422,0.5569592591179872,0.5964103667053289,0.04373003700559552,1.725843616912268,1.732122166890098,0.06156823123127818,0.8696239502202766,0.8306938982918406
2423,0.5566650889513101,0.5994472866583147,0.043800886909853946,1.9147581025645457,1.960179331726487,0.07700951151157541,0.8568354515875137,0.8282673206232237
2424,0.5643175896730784,0.6017980079647209,0.04126998006772717,2.1256440949692674,2.1561407890764803,0.040291042761491806,0.8595577109284406,0.8389746239854438
2425,0.5720024367115906,0.6068166826862857,0.04552729913265716,2.2289086776829636,2.3313067480015106,0.20327794495615586,0.8189841859025947,0.8308969597904364
2426,0.5596238241957863,0.5787943201059633,0.021862210721561807,2.406223826672645,2.3871378995058055,0.08033533596165575,0.8162234542755884,0.8104131063689991
2427,0.5392018250243475,0.5785070175440331,0.043637786728762964,2.585490683004861,2.635689762299184,0.07303167856061002,0.8185037757383611,0.8067596316012059
2428,0.5586497674269274,0.5783580670094008,0.028539953421559787,2.812715926293791,2.912963812587399,0.11307105269649445,0.8405581607163344,0.7857110149300399
2429,0.5724306716399954,0.5745442140575726,0.022418266649700258,2.995638844596524,3.1446119680513283,0.19748834708127666,0.8726298452614244,0.7940974587659713
2430,0.576665515630868,0.5807200034474693,0.026226954261643027,3.261236955418351,3.2425675145998967,0.10321363445879417,0.8364861616482419,0.7795748345149118
2431,0.5525434332299792,0.5783359600832609,0.03800342635396505,3.3040626624052445,3.356665549704903,0.08790326664085431,0.8526619246108108,0.7955943102381452
2432,0.5547428660801405,0.5915845102701199,0.03918601864677873,3.4117445831408872,3.548845949869774,0.1711631375667497,0.779616142226999,0.8089553329292711
2433,0.568734457753962,0.6016093181805321,0.04170677214271601,3.5832802852738252,3.569941372964605,0.11088090053133791,0.7999939496038291,0.7758655535342434
2434,0.5788176808387087,0.6227668494519605,0.04511280770307343,3.478643434868297,3.4590235236992966,0.10368435319017162,0.6862678896593117,0.7818599189057658
2435,0.5480510443100735,0.5416627998418811,0.021699107840539668,3.378577860016312,3.311413043759614,0.07127204750484968,0.8171276214372518,0.8035781660870429
2436,0.5690741812011135,0.5871677029372264,0.027351023115122167,3.241458282449044,3.30989754439862,0.18920017044911897,0.8451915153634173,0.799324521444469
2437,0.547945433865574,0.5582124699501245,0.01396532872510821,3.2828281371835772,3.3167936915758887,0.13644333155535146,0.8132442805570756,0.7999486231926536
2438,0.5796546997772323,0.571545077713349,0.009754418212943797,3.0852377223553735,3.1860020181265876,0.18042316071939946,0.8038893433507758,0.8033741542214899
2439,0.5646975447994372,0.5877432136551133,0.028544058829560476,3.0653140040297266,3.1984660898496307,0.1547993533502138,0.7818293678788599,0.8549753227783525
2440,0.5949909527637227,0.622862196507752,0.034068076259809676,3.1821443615968237,3.210564403180079,0.08398230858309311,0.7967415870138639,0.8291642775516971
2441,0.6232358369927066,0.6523516372752756,0.03216015746002346,3.0053273014158712,3.0882468298358385,0.1339131348023413,0.8053885304263406,0.8400472400675606
2442,0.614620416761187,0.6495729110578509,0.03721045355015714,2.9033223657263427,2.9864242620637316,0.14181562881743606,0.83082080313664,0.7974114587066989
2443,0.6200264145432332,0.662382366462169,0.04271179263649045,2.7326470467476836,2.8438136980866484,0.16998671045731484,0.7886853424148029,0.8209056386895441
2444,0.5927758238232615,0.6702631302282263,0.08052585841930839,2.707674550241257,2.7340057036864356,0.044464501333761265,0.8232857998378234,0.7940214622117856
2445,0.6589693051486368,0.6826277370434841,0.024507299522061907,2.5146139340112703,2.6682089174276387,0.2338644799789959,0.8643473218917531,0.7737076110660208
2446,0.6370060459384702,0.7118888851547253,0.07544001774768574,2.4935409812856832,2.512386441837999,0.06629847811074174,0.7595721319636177,0.7778572125711587
2447,0.6761479478006679,0.7320086224564144,0.0698137779212744,2.216972567024914,2.3072054617195943,0.14957382798383365,0.7997325463931779,0.7492049854911906
2448,0.678774437697868,0.7302909706747942,0.05260453667388128,1.919443539105368,1.8724204711979875,0.09988847360987455,0.835778279184681,0.7775926658274509
2449,0.6766144914753657,0.7468569374879247,0.0756660083034543,1.5778904277026333,1.609653724837948,0.11950066456889417,0.7963962041494307,0.7647083365768679
2450,0.6863389904836774,0.7647763907588934,0.08168614665102805,1.4029047322285548,1.3421466563941904,0.11088996588972362,0.8242597203345327,0.7707176641834249
2451,0.7022974956508198,0.7627265723509313,0.06236935473124768,1.1765442211723027,1.2094667865911077,0.08011965890351881,0.7425535614803276,0.7700716977510171
2452,0.7354016039497436,0.7841812371483139,0.05456326256675612,0.9767548527121754,1.0877212448906313,0.13914041542734543,0.7578766947110969,0.8004373604533033
2453,0.729170885243394,0.801157527550388,0.07384354275662991,0.6957081818989215,0.7806914500988356,0.14191888117337711,0.7838279749328351,0.7985905856971395
2454,0.7148417645661341,0.7864269181202727,0.07301927912314116,0.5820485380525119,0.6576134656968409,0.08210162443764696,0.728336753667031,0.8149437846367872
2455,0.7331025166736778,0.7994083742525872,0.07197149215068925,0.4470340198418311,0.4770463643315189,0.1751118441460632,0.7728207713189095,0.7867228418488952
2456,0.7317100090328973,0.7661532637049999,0.03680680584369989,0.2536160804057373,0.311629886925325,0.07109223449473957,0.8577592014713374,0.7674883746258867
2457,0.739966195185278,0.8207354704316879,0.08535209132063785,0.19049597499997248,0.2133072776789351,0.06384278612618684,0.7456363956484031,0.7539161190800728
2458,0.7198099205583954,0.779789051268069,0.06056605622678999,0.0936323670718346,0.09227406272378792,0.009824591159466944,0.7670769424348549,0.7548985119580645
2459,0.7811619264557766,0.866822754064004,0.0977442106255771,0.17314668548450346,0.23250926871382252,0.12644090581669326,0.831224764079235,0.7374578604410958
2460,0.7759549984932606,0.8602876336014177,0.08647264872988107,0.2617801669851811,0.377167146832744,0.15646405741715863,0.8274659087900383,0.7413979729867964
2461,0.7575987495872398,0.8069137427933547,0.051820004176768505,0.1905768646382559,0.35498451450185864,0.18295632462127528,0.8199861112509643,0.7322902416388967
2462,0.7090772955752017,0.8395101690777782,0.13052094885183235,0.467489863070799,0.48397200481437846,0.06808653326286022,0.7537966467539661,0.7427238517266076
2463,0.7293140548103236,0.8565431046084304,0.1276398635187742,0.4808653539283911,0.7070154971767408,0.3041380592673507,0.8243424757624819,0.749252640974608
2464,0.7812153819696548,0.8856939689731761,0.1072176143923324,0.3909134011976821,0.6107362467844438,0.24952794470635653,0.7527289245374151,0.7775963246016029
2465,0.7705555557084488,0.8969571733381558,0.1264250974930071,0.4173397263936445,0.4693667060078748,0.09815699209978085,0.7891570698501349,0.7807116727766787
2466,0.7882824760852953,0.8652066605260416,0.07771250803019192,0.3658106870146126,0.4139074477812396,0.10904481290630558,0.7913281861248475,0.7632593263236296
2467,0.8331948035059269,0.9135844244355179,0.08192245420347634,0.45269111989248473,0.46507494641999514,0.019505462187032325,0.8323555007484957,0.7465043705723138
2468,0.8187353516498842,0.8790662587430469,0.06061587034549582,0.41364487805054173,0.5435836481866744,0.19315941523742758,0.7905015849175202,0.7484884181919942
2469,0.8397254828453522,0.9279468231340714,0.08892565383412673,0.42731869478024403,0.4877964470904795,0.11311696812885794,0.8051914918095002,0.7273728752313906
2470,0.8185407108071695,0.8429585555544084,0.027108949747581886,0.4395672271482223,0.4293342991576747,0.10705267283525714,0.8554186570708936,0.7111699758027499
2471,0.8211517975836253,0.9000386131621075,0.08624835376657423,0.19679726025889654,0.5036250434146213,0.31591026525330235,0.7590644979513816,0.7052578095669042
2472,0.8592563313585705,0.9053305216276145,0.04637775697819152,0.25938314094105674,0.3250382154280996,0.11858386038773601,0.7807549119784458,0.7433577129365156
2473,0.8452670934181428,0.9580492028747265,0.11478855527880662,0.4557089772095819,0.5593617487562841,0.1086062683514524,0.7238580755537749,0.7095259439775509
2474,0.8759286178460789,0.9661822272856807,0.09121704467986806,0.3063218184576339,0.34684059073322293,0.11089726375919012,0.7044781328841133,0.7133321774788972
2475,0.8678554715271721,1.0248259683956955,0.15872489547952506,0.24402919116212962,0.10364979083584516,0.1417231943382475,0.7656959092758406,0.6969698174837524
2476,0.8903803026153996,1.0116316687724036,0.12145299435029103,0.3142544447325379,0.39710127479892987,0.12528216292659752,0.6725582328046357,0.6858007378469979
2477,0.9293487422022123,0.9996410793627445,0.07183758558833096,0.44305589642368753,0.38371453595917565,0.11433201659298235,0.7114408765051138,0.7251840284667771
2478,0.9425175419282531,1.0580469223071514,0.11852296573250404,0.36867906595252603,0.3866774139534878,0.15371542688672304,0.7429627116334192,0.7049277830466466
2479,0.9573667738322925,1.0223868004895598,0.0670179968688418,0.322232345223373,0.31064698731484164,0.030353629126372197,0.6538946713929148,0.7025794490413865
2480,0.9216424353370375,1.0341168006539811,0.11309885985998866,0.1531476632936048,0.12942689439424482,0.09193873375818486,0.7552177069830284,0.6715992033638947
2481,0.9591641195232495,1.0458998102463195,0.08798150199773103,0.41589002441452566,0.3915956799856898,0.13847466724809138,0.6732890310305283,0.6912848040517812
2482,0.9325106901337842,1.0547252956950843,0.12259759744878523,0.5581504977101278,0.6174444148148532,0.21326927336220916,0.659874289507382,0.7036444859835043
2483,0.9971722329312865,1.0542323955559312,0.05943491914769912,0.25413191371992744,0.21843005761148915,0.4057433773897372,0.7378810957122405,0.6700869192896506
2484,0.9990909514370796,1.072011011934128,0.07446116968772955,0.5498585170629343,0.5837372622185623,0.25357840181478886,0.7915733457025953,0.6719168338552964
2485,1.0144254900808825,1.0539046218830443,0.04078668768165277,0.4578982419856882,0.5558648666332647,0.10340815861567479,0.7534619436610854,0.646052919851669
2486,1.0355820863083165,1.068870415745858,0.039265320590523366,0.15509004353530362,0.1198461377574748,0.08025467242345449,0.6793106618118059,0.598567808049222
2487,0.9994492951536995,1.070588217067276,0.07258201112203481,0.2439319203319539,0.31897748200883225,0.10824244792244438,0.7372516630772249,0.651556355411269
2488,1.008641174281292,1.08277767330613,0.07781138526014085,0.2680676237854628,0.3360756894116321,0.31410868968013056,0.832544096345016,0.6577778196326244
2489,1.0195927141887955,1.0822717951580474,0.06277390176743439,0.2323850137521679,0.16864945083136243,0.0859834021670754,0.7182551464206429,0.6604774419945652
2490,1.0270699144670616,1.084638281604485,0.05905012895790274,0.30003920064649287,0.14680251000603348,0.238841359232207,0.745642211315495,0.6238754480409524
2491,1.047266827219426,1.072622684214275,0.026771206409751926,0.18600216453064564,0.14246853109843713,0.08864368604864328,0.8697827840261415,0.6239281539358469
2492,1.0440171519844974,1.0890223826932526,0.04727848231683002,0.3920700641403337,0.20641352435694224,0.20233057564920962,0.7337130708042976,0.6130142724178427
2493,1.054300566837247,1.0884484609719012,0.03542680762011002,0.30959071955342865,0.19848486797352874,0.1592581635426863,0.7021088342843979,0.6236835496691615
2494,1.01989314807313,1.1081617393991359,0.09024378069705494,0.21470385920454077,0.16415470629872464,0.20730133877630408,0.7458104094463679,0.6617947532682107
2495,1.0444073813273826,1.0877216380829025,0.044382770582753986,0.1222607943233341,0.041780344041680025,0.12026850424693536,0.7467814660591766,0.6660434771543727
2496,1.0398843877622335,1.0863868001712995,0.04752963972091447,0.2753742442849694,0.3169263722932638,0.05670290158170761,0.736582784467618,0.7282207275016938
2497,1.0521706804620161,1.0579541887891253,0.017846332428803912,0.24093154458315177,0.29158777100464545,0.1494361643569675,0.7287449752240192,0.6816152066175822
2498,1.0059393363227187,1.0706276250165772,0.06544480996113877,0.18075243984554537,0.06360398707058873,0.11775297717971997,0.7657434589504839,0.70209263407616
2499,1.0258283377811723,1.078887196775562,0.05377294115954067,0.1190217186410702,0.16730960124877228,0.06949666426079203,0.6677152030177302,0.723920173356742
2500,0.989007540968587,1.07740791093101,0.08869066230713987,0.14237844119681564,0.2849862177415443,0.17415849990099472,0.6773666583485336,0.7479116170783069
2501,1.0244800318637592,1.0801585480924922,0.056678293069243,0.21146335413553147,0.10636264446484525,0.13984865083947753,0.6549085591698401,0.7326355662325105
2502,1.0232104784127265,1.0678044580373325,0.04846858403166201,0.5206827023457394,0.4527106115716356,0.24270980577767817,0.688319683254444,0.7198612811624776
2503,1.0287484254834875,1.0854406204204903,0.05945304461045761,0.4238872658078221,0.5123000048988047,0.09191562072623742,0.6976242054849333,0.7003934086716505
2504,0.9983318551178907,1.092868081050344,0.09474155199955364,0.06437624832216919,0.12650290482268817,0.17009723022146475,0.6946426805208479,0.7168518625498804
2505,0.9866576535546372,1.0885971584437286,0.10276866857013746,0.33499593625421775,0.40676286705511894,0.13100190996970337,0.8180869115713517,0.7242380128680044
2506,0.968303093872037,1.0799899015976617,0.11461253203058233,0.3383622528166762,0.30186449059757076,0.08188805267697033,0.7257790660025497,0.6964066265055409
2507,0.9804932237536393,1.0674526439991743,0.08712837589717454,0.3823959953412789,0.1959307679461854,0.20730333642214135,0.7515428566490179,0.6738273679836221
2508,0.9383809263895574,1.0721056331156762,0.1342630848091132,0.1643007271875377,0.22810247560976388,0.12843232309711392,0.69935024085238,0.6807607636366519
2509,0.9720598868467333,1.0701547426368145,0.0987947800938074,0.28074293074425566,0.13772022277249732,0.17447823582946756,0.7960087829976683,0.7020941621413574
2510,0.9684872472271129,1.0712119816492318,0.10459190099337091,0.23251939085648687,0.27857536786763537,0.11591613217203564,0.7326979875317174,0.7170617426962057
2511,1.0220414981587937,1.0859038698768535,0.0702050511760517,0.1670291977114928,0.16518676400024415,0.2020312340340543,0.8067301272924061,0.7274974992897205
2512,1.0051335956219103,1.0740378180878145,0.07081537481023051,0.2410333351675689,0.20495696616274675,0.11562090022318622,0.8538679210846272,0.7271079169281442
2513,1.0086491275952947,1.0819859695554555,0.07599175350376622,0.28862246293316746,0.2002424950869144,0.1944330257592795,0.8238398590838814,0.7388306800775873
2514,1.0012913991447259,1.0507289481183422,0.050932108595657874,0.30128499718122975,0.18776110667138968,0.21328319614459157,0.7464808309587807,0.7297112506245604
2515,0.994011874363065,1.063584205095406,0.07078537058059398,0.30391392004411877,0.23826084862814598,0.0801030869062707,0.76649967577815,0.7555699547856752
2516,0.9618732839339218,1.0584793074183412,0.09876348859053508,0.26882777119472345,0.29429110001416336,0.04032141378990197,0.8246958006462348,0.7431894608984058
2517,0.9793196294491653,1.0661493446667585,0.08774788063222053,0.10140391805471034,0.07157944839659873,0.039975769021120836,0.8374481528971888,0.7515736776456132
2518,0.9763656939001469,1.0400643130340228,0.06654139599584506,0.27917030541061005,0.2762301599320215,0.21183420530916852,0.8159370538230016,0.7382059675898589
2519,0.9311823810267625,1.043526930929743,0.11297820641984796,0.18689150806352814,0.40639440004080285,0.47394153303329734,0.7845250845381029,0.7595191350946182
2520,0.9206342426211989,1.0372712767301608,0.11697419777520664,0.16483734433990302,0.09082939915114988,0.1228884157222154,0.7477907635520685,0.7219789378464192
2521,0.9470701281152465,1.076756220859953,0.13003640627089083,0.1668033340023632,0.27649981329246354,0.11985833679469661,0.7738426369588924,0.6921909950820464
2522,0.9594882366457904,1.0142161771994007,0.05999815266254237,0.29512425210031595,0.3098761555582413,0.264241884181088,0.8250748999568382,0.713150974748175
2523,0.9810521754469201,1.0441540711682882,0.06380511580395942,0.60798927077961,0.5813688851492345,0.18421854335745225,0.7147898465414751,0.6996500402511592
2524,1.006658448508939,1.054330095015536,0.0495491023859259,0.5254709490869556,0.46569690238973543,0.2501869396041283,0.7406582283404975,0.6725011048872995
2525,0.9745780523833325,1.0600500754016433,0.08802687358608345,0.2851248871694308,0.15220627717570417,0.14196830666771815,0.65390349340405,0.6761379007739357
2526,0.9662160040484042,1.0221416014185247,0.05666057456527492,0.3939452300362335,0.3176893363705194,0.10945486234142424,0.8081134654355211,0.6652753919987602
2527,0.9777226480133328,1.0731106084772346,0.09773073207167807,0.5224388461248323,0.5464225209936798,0.1114172564683457,0.6640398583029993,0.666639679771368
2528,0.9712257682301317,1.0313108170010072,0.06035981180262547,0.4031375306020766,0.4725871514707907,0.1631716328470716,0.7716341907428499,0.6884410547910321
2529,0.9771345927767408,0.9773322536132085,0.0320685294745666,0.23891145952273937,0.27719022409994915,0.2547459014962344,0.8037036905413364,0.6979639389482414
2530,0.9571682655789182,1.0181548133446936,0.06174979211120997,0.29723300362221544,0.3092037248593155,0.1086179483115439,0.8781161178480212,0.7112770655071621
2531,0.940079590764598,1.0149379318809357,0.07627503259053,0.42881577154783906,0.405242928210463,0.152671583270945,0.8485701871150582,0.6737225496798356
2532,0.9853902354366281,1.0271481539735443,0.04356846100607924,0.32779414628466896,0.4004410184743502,0.1331275393924546,0.8369338902659299,0.6560388774779198
2533,0.9735391415996217,0.9959949064017517,0.02375474297677296,0.38095133356208194,0.33565496340017,0.07007871951298975,0.8131513276032434,0.7125239000712051
2534,0.963361810823041,1.0259601478360998,0.06353276115923477,0.48487344409349886,0.5218797239318778,0.08503085523424979,0.8887013740699883,0.70253556062843
2535,0.9404034167437018,1.0544065220143002,0.1159349976020785,0.4500316567855357,0.38467426252207254,0.06933590148186296,0.8413842184102512,0.7097261009039241
2536,0.9396945962305704,1.011987039421696,0.07293056248662633,0.27505768905224887,0.31501472780957407,0.12827836129979953,0.9044538509517986,0.7226770439777119
2537,0.9486188874825151,1.0154524528695388,0.06730070361395846,0.2567441857631583,0.2777899715811113,0.13208377645695193,0.851774896378581,0.7021133553890058
2538,0.9457358014715153,0.9844337215960194,0.04014389712383541,0.47823023369553286,0.6021676248366893,0.12962456064606537,0.847833290423036,0.7201135098790452
2539,0.9549532871692938,0.9887541155891022,0.039285198492469336,0.4884454684199988,0.6987478463969362,0.2895011320438058,0.8423293360862999,0.7465818736783106
2540,0.938795907430903,1.021168273519079,0.08663839397030589,0.36373844311238673,0.5318850009529308,0.2601812669839194,0.8454852321499193,0.7066520405928856
2541,0.9439531072703617,1.038421805860217,0.0947629268694669,0.18611030859333325,0.42785001188439004,0.2437253542766813,0.7773503203682571,0.7015026211776847
2542,0.9605641879752623,1.008334672213936,0.05048920752535213,0.22987802269538346,0.24101857537226334,0.16076560904395143,0.7361503447181933,0.6869052465254987
2543,0.9396321675627618,0.9954844182063202,0.05939622780817112,0.17725645864856207,0.2254470427618138,0.15336570788681417,0.7813469883797408,0.7216660416776025
2544,0.9779117188837537,1.0062714592760689,0.03386063936551123,0.28788658616586216,0.36672551140634935,0.16355958511609528,0.828145558975609,0.7243155366104392
2545,0.9703177506992922,1.0328421493390123,0.06554309450287814,0.24587358350758232,0.3224558230498052,0.10665545182750165,0.7915940325424091,0.6365934785651568
2546,0.9851247250608628,0.9983501523296212,0.03059059865255841,0.3987225297045836,0.44434642202680996,0.13324427532485084,0.882963914993013,0.6775339016862985
2547,1.0110042196114788,1.0176061799582519,0.01911093370288825,0.40557165382257854,0.5105735876188693,0.11912571622212187,0.8744817036467731,0.6491963031763942
2548,1.0343342945179685,1.0319740610674037,0.045720283576634775,0.4716284269957874,0.6196967365415594,0.19150747806185447,0.6690676993868285,0.7646265620706983
2549,0.9793433376548517,1.031333672665097,0.0604397698826349,0.49804904186315724,0.5942606159249723,0.1891697901020684,0.6579324653234031,0.7221381036994886
2550,0.9950685145677423,1.0243405988940382,0.03437068974696666,0.45647807135082075,0.6043954849145545,0.28619524598907287,0.6602609113335522,0.7541152109802303
2551,1.0298668795738375,1.0278731960474057,0.03790547394173535,0.404437203754676,0.4143418313026128,0.30051006245563083,0.6959974614450295,0.7378803611247011
2552,0.9857124440454499,1.0259148129343127,0.05480756831437033,0.8494214491973338,0.438073512016743,0.55354472869944,0.7874347952293828,0.7398846305513104
2553,1.0165020235425235,1.0613531227007202,0.044940174361156694,0.6619063562078206,0.48306797043533495,0.3362414840723122,0.8221106538578201,0.7313342728158294
2554,0.9503497475260198,1.0477281137353298,0.09957941770367265,0.4879923022312016,0.46372651571476176,0.10498213423480045,0.8856503252475856,0.7262016615696982
2555,0.8834541126730824,1.0394188950894816,0.15756037720990165,0.29456785435359395,0.24796714989729352,0.1674471898541946,0.8429233793818899,0.7063261942006064
2556,0.9130454562121566,1.070289463840699,0.15747273142079365,0.3252590636447176,0.2435349107983565,0.10866748288390946,0.8905840108084476,0.6834334153236146
2557,0.942294490131331,1.0614214813178788,0.1238529677130077,0.2080924956043991,0.3136197410535426,0.15825005383179608,0.8712868561176743,0.6941270013987304
2558,0.9294134192859352,1.0696973508691632,0.14333192653896015,0.18685696146558264,0.33716818884005745,0.17980644040853946,0.896241585358655,0.7065076356366602
2559,0.9680937593621401,1.0533746276800748,0.08707522377755168,0.16161198451296163,0.35764001659284056,0.2100646080983659,0.8512338933829569,0.7195060449628343
2560,0.9494891944033373,1.0812310212464302,0.14004266170828714,0.1360134366799612,0.29165988896834644,0.2465480905011168,0.8681319840691843,0.7062648381558698
2561,0.9274182187471265,1.0604020971693313,0.13421992821591888,0.5202945149982323,0.4996461115551963,0.058780206293390216,0.869157289189228,0.7193212699912302
2562,0.9637461214838405,1.073142003710241,0.11294596858083139,0.1947314773478792,0.21652621443285708,0.18813871973280227,0.9034919733243103,0.6775545191147988
2563,0.9443436404530957,1.0533520491690274,0.11351925886768488,0.2903757673753567,0.3811764559451791,0.16001637366247976,0.8717109237725127,0.6793966394041218
2564,0.9066581502537703,1.0666959662636342,0.16374701777950493,0.3702035312416385,0.4509311014662378,0.0809750278329642,0.8596221668360049,0.6629155391030659
2565,0.960066863929627,1.029931929309632,0.07101783389501283,0.14502775936088,0.10623915744950396,0.13339973337253658,0.8541427428812771,0.6723280079139138
2566,0.9235651259257549,1.058220794803242,0.1380282201930561,0.3248625665527581,0.361924045788929,0.049127857699648676,0.9190295855452908,0.6504918784667085
2567,0.938870280866757,1.0370358685993095,0.09897795338984906,0.29149442288744654,0.3274889816373441,0.04681633348776605,0.8010726996226046,0.6763050486797441
2568,0.9209499380323785,1.0172180687155916,0.09731482226736352,0.19999872791290682,0.244216522172137,0.07353100555508063,0.792953439492855,0.6992803961093038
2569,0.9729616895450793,1.0118036374237225,0.0432822294437717,0.11882311187816631,0.06147073429120631,0.172055929183176,0.8052333075382635,0.6731103002139264
2570,0.9560037880606136,1.0017483856321507,0.046231607178804354,0.188334081130492,0.2657262434658802,0.2739369275335918,0.854205590822236,0.6583514548987908
2571,0.94745026554524,1.0338376394201585,0.09168620804941294,0.28637695409745384,0.18881188691013134,0.14620292490621017,0.8399190561020182,0.6430194445256232
2572,0.9184503403283129,1.0057432456554634,0.09323876685296892,0.20982668437184723,0.24012470244821923,0.036218971823323974,0.8193175027368003,0.7045748594725956
2573,0.9083817344414418,0.9643320018666208,0.05912702356249666,0.1414824602799118,0.2469464371521382,0.16853581500590384,0.8125048880964523,0.7189038621493189
2574,0.9329862015917819,0.9734284751984953,0.048229556781888644,0.28369099015716526,0.28186124053779227,0.09829830240262584,0.8321606836323001,0.72939733137611
2575,0.8644069527045853,0.9508344647566724,0.08689333154118171,0.2673168746760042,0.16020708912251116,0.12355673909137467,0.8747900200283975,0.7242262855093915
2576,0.8919651951049855,0.9425802119961669,0.05300521419156791,0.20324221689559077,0.17041214154641388,0.16229725674467624,0.8584443413575324,0.6989961723682414
2577,0.8718370854497937,0.9164534303541673,0.04623471727141708,0.3356522417370096,0.40152664925097603,0.13903575246026847,0.8703241749060268,0.7267685086782939
2578,0.8610665933390524,0.9158071103316802,0.055201869027410706,0.22386910112022712,0.4032826282230508,0.18951190179920974,0.915995101450972,0.7158047028859669
2579,0.8470208298901817,0.9056229189362801,0.06511228689218064,0.398656835424625,0.4289951382723656,0.07100090987758507,0.8570645115610254,0.6948737467981889
2580,0.8260404122384662,0.8910970646261598,0.0706372098398372,0.5647376387747609,0.47695015299582727,0.09088099835063135,0.8868171776069711,0.7397926214698591
2581,0.8194946617875469,0.8692997645764372,0.05295286540693534,0.34611301415093226,0.3848398224425392,0.07801556190961134,0.8642958874303438,0.7119649377224132
2582,0.8126742865572586,0.8453997283788057,0.036391325730109406,0.2267527507701273,0.35563611993889205,0.16520780274830565,0.83212474900466,0.7588386350669893
2583,0.8226993634785196,0.8488633449077543,0.03518798158484568,0.5471078957689461,0.5850799621819455,0.09790579203426086,0.8828970422560343,0.7451350065954322
2584,0.7648921897149175,0.8187817722479481,0.0621228408339018,0.5540121522577406,0.6158297362496546,0.13668698975795002,0.8490226029635142,0.7555918209040413
2585,0.7533525105537864,0.7989998378424993,0.04635000102494051,0.4017199240833631,0.34239459506110137,0.08770263161288444,0.8965852200755404,0.7487122060512645
2586,0.7228567873132913,0.7845104649150685,0.06342361221395561,0.2354356652307849,0.2745556181928313,0.10904591608713642,0.849266692225908,0.7630616655003654
2587,0.6790947528181692,0.7564605840145703,0.07784726119415944,0.2535954302819344,0.30009810891032485,0.0764420765466204,0.8477318276287514,0.7701580796783102
2588,0.7097706074732937,0.7309195591142837,0.023244651623863397,0.3660340613808667,0.2818736964973028,0.0847533967089923,0.8324967469473399,0.758515555892614
2589,0.672072914836423,0.7219343748309086,0.0520739972684798,0.42539490644172395,0.385559520541567,0.09001228304159996,0.8713793691701677,0.7693492375867242
2590,0.6610668847259538,0.7225321185883008,0.06506751982297762,0.2741330270026931,0.32498804566797107,0.08817869581973589,0.7496682897320831,0.7990899918569409
2591,0.67196963722833,0.7079530616293012,0.03983697849397678,0.2561746514992294,0.29360102087183104,0.11495623358860171,0.9197246830513328,0.8101685195518163
2592,0.6787273812432315,0.702792604182318,0.027116491448037874,0.12607935732050912,0.14776848272163892,0.036223808211655543,0.846808227641892,0.8159420201509486
2593,0.6691971385768056,0.7013234520486403,0.03289428605867834,0.346688634286689,0.39100265252201066,0.15356895616090202,0.8250713623859857,0.822494928190287
2594,0.64903786109157,0.7000997930219698,0.052307254854748256,0.6017191392383737,0.5877517565472026,0.09528721074555832,0.8440471397794032,0.8158036973656058
2595,0.667319282731974,0.6897563590703895,0.024207314770319552,0.532137070864324,0.4895277146817391,0.07704170118936682,0.783962025639399,0.8188946642456184
2596,0.6316973240152373,0.6869722248313743,0.05717333729448115,0.5409881873429512,0.5084356371792861,0.06832261421508973,0.8718645255488243,0.8178567808033052
2597,0.6366805546317288,0.6738755121613577,0.03776721970380479,0.5645281486421112,0.6514108911807278,0.11182764888120733,0.8771923570790937,0.8352372659127631
2598,0.6433663959863409,0.6700485991172306,0.027489279196013,0.805319892771379,0.7439792007433369,0.07191388839746889,0.8293115884455265,0.8189144796483421
2599,0.6504019692887612,0.6742906937274827,0.025828935944041082,0.8157067178901934,0.8433102343786265,0.1340298696716008,0.8431585335766761,0.7965504118882183
2600,0.6143766683313274,0.6715891252412094,0.05811701034679322,0.9621027459560237,0.8995787961077668,0.08337610094752632,0.8545714006055259,0.8097223060086679
2601,0.6274791824550946,0.6848158095413582,0.05832821904251963,0.8864352936021198,0.9070303534718596,0.04966011366936703,0.9171475607782675,0.7949059605962384
2602,0.6477017818203644,0.693637654937791,0.04700863330279876,0.8949519110329154,0.9267295255848583,0.11367787689814937,0.8545984616064638,0.7438192309003868
2603,0.6769145740137085,0.7112407382782147,0.04411261332017007,0.7835004100926677,0.8326041972320064,0.12386796653959575,0.8317620849509143,0.777336705108745
2604,0.663105054098483,0.7109662821936289,0.04798179353873785,0.7510018018028168,0.7176905141673843,0.09576698401871891,0.8241585469444243,0.7623246456988007
2605,0.6982415496772555,0.7390117484823481,0.04207852727479589,0.6627190092436469,0.6256633027806349,0.04254834819481923,0.7705315259070955,0.7465850922758639
2606,0.6849836292254335,0.7596371672463138,0.07538528012055266,0.6033171794796867,0.6278161352846551,0.046805324993949335,0.778762794556191,0.7338094350205034
2607,0.7243966607879673,0.7724332480569551,0.04982336269406726,0.3195542503651493,0.4716736855611038,0.1721337665295589,0.7666535753076078,0.7471514841747893
2608,0.7516979397950935,0.7707875712235897,0.035457764122704814,0.13913861954655793,0.18141223537909096,0.08207228084271556,0.807506613065293,0.7646322449387805
2609,0.7524005849004528,0.777659019411148,0.03316689316310182,0.3520265101894272,0.3241217653273252,0.0489718182048223,0.7583419994725182,0.7600029484903286
2610,0.7835048958260321,0.8187065901714358,0.03539538958840459,0.4840844141716905,0.6212559371644814,0.14500780197451352,0.8377662870865964,0.7614627136330964
2611,0.7811646452500444,0.8101163655474514,0.0368556701331359,0.3588962670307073,0.44359523859731054,0.11163198712120813,0.8167033191211572,0.7844930387557335
2612,0.7859808171137151,0.8282385885673564,0.04375372189505025,0.5214889012066961,0.5915104246941087,0.15672164740401406,0.8353467169592032,0.7688106983187735
2613,0.8109655640827816,0.8681443473542908,0.057765873562251734,0.5861435629730902,0.6858626550570608,0.11769406182169961,0.8147349876226022,0.7864042661639219
2614,0.8545489384628221,0.8635939535784338,0.03075936550502202,0.4914832198986523,0.6387050705239538,0.14879942362879903,0.7149474255474633,0.7831736220766957
2615,0.8625393007248585,0.891005486278665,0.03043203266282315,0.6074020549064483,0.6133136738270117,0.1066777448358133,0.7431115690321273,0.7730694206644514
2616,0.8325824525010473,0.8960410874759381,0.06370157776754337,0.6809791314154093,0.7227639563719697,0.06960004978988464,0.7134693117806039,0.7500443844110828
2617,0.8930536499964722,0.9166061950371293,0.03994060479997295,0.6516018945819502,0.7301034878051169,0.15407252073620292,0.7946853571941469,0.7381623879937594
2618,0.8911700592602047,0.9109980725944169,0.04439098559535697,0.6234916520564547,0.7533608538920561,0.1616786071284996,0.7175102690164694,0.7325106123908707
2619,0.9158060448948357,0.9544301188249231,0.0481141409553127,0.6880136701605192,0.7678422603782512,0.10579259605104922,0.7264026391931715,0.729166899745071
2620,0.9272549675706396,0.9451736600883617,0.02669948736810452,0.5007401659867161,0.6393515374845976,0.17373056277418977,0.6599728390247207,0.7579440578314458
2621,0.9332013361785265,0.9634573853045688,0.03591168945183499,0.4201436346023565,0.41102525022918657,0.05619430945561563,0.7102845736041283,0.7749320225514578
2622,0.9559912401258176,0.9933850688776101,0.041529720196736855,0.4522067276707929,0.4928347113245368,0.04798190189455903,0.6584458713590359,0.7242919829657446
2623,0.9562398723536314,1.0002144984927759,0.0530802212126614,0.46702656594061237,0.5056495450930323,0.10233495540585529,0.7085177912967041,0.7099693627371287
2624,0.9370352301634461,1.0295865691768071,0.09437735678036857,0.4271550876998534,0.39387674249772253,0.06507980850839089,0.7262258961316466,0.6788423431164727
2625,0.963737710291588,1.0282766328455553,0.06813452638108453,0.2296894327184852,0.2048978536401105,0.20580881332122905,0.7671915441737185,0.6670475805584685
2626,0.9718234110295312,1.054272037239579,0.08445209226196466,0.14233068001033194,0.16343660324866321,0.15391589227994798,0.8163560824690881,0.6894883173589977
2627,0.995208465150786,1.069155083863956,0.07810989403574034,0.17017528654882907,0.3021916004232741,0.37586868010046637,0.7743556848773637,0.7206751810235101
2628,1.0092207956909436,1.0747090802427972,0.06777868832211073,0.21484114147837302,0.25594869713921853,0.13805513202939554,0.7702497920943028,0.6960635446887525
2629,1.0055874294216227,1.1070905215165407,0.1088439117625646,0.2308398237363923,0.13097422141991463,0.24394907032193042,0.9180156516605431,0.7127964066296337
2630,1.0316105176853516,1.0926461592074672,0.06646439747690128,0.22039508763822907,0.2171987342050399,0.13394826945730137,0.8728766689222576,0.752195190416076
2631,1.055191214838559,1.1419677431450825,0.0970010969784792,0.26328581620827424,0.26950204854535,0.16386399581567532,0.922287494559119,0.7360157517691882
2632,1.0062373377561253,1.0600523571999572,0.05807968854612877,0.522697115981714,0.36848792230799565,0.16204243223145093,0.8912002616752469,0.7322414151280464
2633,1.06723410192159,1.1263130367188172,0.06168472006375685,0.4092897938599151,0.3067128248387196,0.15584401494807498,0.8277095913131979,0.768072490913739
2634,1.0331781234796051,1.0924185172497647,0.05937868240277069,0.38134882937738934,0.4506569032619788,0.10655242052782646,0.882788430244184,0.7274688499031037
2635,1.0180012341467404,1.1158131735530492,0.10031577102019715,0.40034978581986946,0.4719989460003788,0.1454445736757215,0.8567622492987839,0.7274754126913499
2636,1.03675631351661,1.083818308527822,0.049276434452341165,0.38650173204477184,0.2351879918173717,0.20489490294715854,0.9212169246381393,0.7232499848902995
2637,1.027428551853696,1.1234269960089582,0.09611136332041524,0.46430192136739723,0.42818323594566016,0.16277137049947812,0.849552914164686,0.7341095087679207
2638,1.0224186807680504,1.1017497711768696,0.08028294456688316,0.5426146149252894,0.46440393886144193,0.13477591849094342,0.862926734236356,0.7550580243127093
2639,1.0462646054626314,1.1077565657522737,0.06174706948037133,0.23249753940678128,0.14144024905678568,0.25093849854341393,0.858224975289972,0.7578123838384133
2640,1.0598781621476794,1.1020564518094447,0.04304820085239509,0.2337181509994447,0.2053282517570813,0.09654321325752836,0.8625322044529111,0.7406497019316595
2641,1.0511591857040743,1.1016318396763207,0.05163287993826014,0.2849445603906138,0.1187762750253079,0.1697058815487334,0.786549251047066,0.7326160424136774
2642,1.0447694291673393,1.0910797710968918,0.0533558774336692,0.17792235149468025,0.1032577408770901,0.12586226431252445,0.8547814429550267,0.7340073565595108
2643,1.0221374074832905,1.0904632514417893,0.06874785358896815,0.18024131825948717,0.25469211155958776,0.15596632690756446,0.786624515206025,0.7326273758928608
2644,1.0225399893560614,1.0742100491938211,0.060521332808831194,0.23867446448294818,0.3089029947836812,0.14117381950055813,0.7859136553691791,0.7193733995040282
2645,1.0196755383975002,1.0796724083197344,0.062177733478407216,0.15448938361431586,0.048584336227157666,0.15821791979949545,0.8103416630296649,0.7047089552578538
2646,1.038032642623194,1.0945967554742857,0.06131952734486468,0.35607557212755725,0.23966673161655247,0.21434064764798139,0.8151819912284267,0.6701058411529376
2647,1.0550822865460294,1.0742732415653466,0.026242030458913976,0.4075119008314481,0.4253186475236542,0.36415898561793747,0.8456310910558065,0.6675672249659022
2648,1.0111377634996916,1.0914932479375088,0.08214558692738619,0.22006843380241783,0.325096966725409,0.2241509610756748,0.9215812804641627,0.6429112659835731
2649,0.9958852163113571,1.0845499272011958,0.09146389225449558,0.12073862627169414,0.06463706547960862,0.10352564456619417,0.8860753006583479,0.6794584202568221
2650,1.0132193313048878,1.0704277901520702,0.06137666107763856,0.20713939608856954,0.31216546170892784,0.15157002898468303,0.9222544887014132,0.6711438430991723
2651,0.991937064178603,1.0708240736896828,0.07905841442391334,0.21849012569512116,0.348130640747266,0.1761301814268442,0.9211409372284822,0.7018744993552117
2652,0.98279219662336,1.053278302233659,0.07064234029945989,0.3205463058076308,0.3711816065587349,0.10678318534757893,0.9183386462927238,0.7020701805536232
2653,1.0245482137752544,1.068636661513198,0.04964297273392614,0.311223265467505,0.19899116481375256,0.14165716455219554,0.9226019975632407,0.6880629634585564
2654,0.9927841203698354,1.0424377082263228,0.05794725906360327,0.06132097805593023,0.22715150718263138,0.2034361628729569,0.9210136271892861,0.7134514216858469
2655,0.9534391862538274,1.0481683690144243,0.09702687302242319,0.30618058989087793,0.30832045745701064,0.19105757848741928,0.8912561832804797,0.7188589084457788
2656,0.973286677233108,1.0540809779049618,0.08316778482948398,0.44541935800617827,0.4458174671468959,0.1713218540646161,0.8593667404284506,0.7115944609394209
2657,0.9309534874927452,1.0150371302387804,0.08466148260072476,0.40244205575639386,0.3387747470964367,0.07307024892691082,0.8443333137220882,0.7211569912098568
2658,0.9312175411365209,1.0083659129644138,0.07880331299596659,0.10093012397414006,0.14137980009529436,0.19112069171724436,0.8742400835035236,0.718987147153094
2659,0.9206003635618647,0.9908791355419321,0.07101254462979385,0.31502889074216844,0.26965292891846093,0.13378754481584867,0.8734168228860196,0.7568454004534688
2660,0.9313348553424297,0.9624848194689696,0.03237520369346358,0.37226615029065907,0.418130221742664,0.07687419742332553,0.8378646872344341,0.7479863206015919
2661,0.9027967346815212,0.9488991240191261,0.046924219110591976,0.2818658983427441,0.21675821325119224,0.0670253961616918,0.844153015397766,0.6882578170554723
2662,0.8844030408928868,0.9502611460508473,0.06790650794289127,0.3670251951606993,0.2833703985970246,0.1588445831923923,0.8446248448994242,0.7004237257981966
2663,0.8882580925688914,0.9286756982052181,0.04098627651002937,0.2586700492476848,0.30088964558828,0.11177384296003183,0.8549521512801794,0.7829026470435279
2664,0.8892252223258561,0.924914629717751,0.04883836816519316,0.4274550090604791,0.344856805585524,0.11309917319036465,0.8533384854046834,0.74081352030157
2665,0.8914715486783096,0.8933714509187132,0.005117052999281328,0.48483116331447684,0.46103886650611947,0.06031310009892549,0.8499068379247001,0.7676215042889482
2666,0.8750846725320753,0.8873585075020591,0.023729399273615018,0.49140683982689215,0.4679347803336714,0.10368609326079216,0.8237739786138897,0.7463197747818965
2667,0.8703146425094985,0.8861409631788193,0.03643774547735507,0.40473442145416566,0.4077001821959789,0.1468556293948055,0.810806610604548,0.7506690785427794
2668,0.842107976716783,0.8874163918303352,0.049296915048535124,0.5327917447870331,0.41010783576136844,0.2065912441588012,0.7014447122856897,0.7661376735367068
2669,0.8605403010807042,0.8876405132971938,0.03822494232106285,0.43456390152588736,0.38532877031183393,0.12640659101435545,0.690641591023487,0.8076331590261058
2670,0.8302202006398113,0.8626720984731233,0.049614473323856975,0.4650401712662312,0.38869266918864137,0.1523152691517435,0.8923773176932315,0.8429890839205133
2671,0.8298453216983058,0.8278557114857676,0.0222573687137257,0.4413055730521423,0.44226253152021144,0.1024576100964858,0.8661180934781507,0.8476586808494212
2672,0.7694259405268545,0.8088108992375689,0.04909684109332183,0.44703804138181363,0.49031393429968534,0.11519493039524617,0.7756250083118506,0.8441901509078665
2673,0.7518378096742394,0.7639994844976735,0.018566891472942333,0.5887069917567954,0.5580915909230022,0.07898702759683127,0.7821554368961279,0.8248383737235835
2674,0.7346199268661141,0.7779986409828904,0.05124457788955445,0.6206565465843238,0.5174274670584955,0.10416816429306358,0.8935722755339146,0.8210870029749961
2675,0.6961356882908254,0.7580953017157148,0.06949795589735817,0.7236679554571811,0.511957213079156,0.22327735242254276,0.9087740872736187,0.8039985805532996
2676,0.69126365936983,0.7084041250442136,0.02662151738726224,0.5610735843033096,0.5249467361077405,0.14963095321421047,0.8681764973391586,0.826589703694949
2677,0.6581333156756831,0.7064600951694454,0.0519929732413386,0.553453544375599,0.5122437612779933,0.1234527561772845,0.8485134298052064,0.8066946342536307
2678,0.6065187309716683,0.6769435975021597,0.07278603956316147,0.5979863486235825,0.6067913862420733,0.09722640733105598,0.8633325215861217,0.8271239592517476
2679,0.5962093833781071,0.6389343243215635,0.04335413629392373,0.42565558958935074,0.5659340270970881,0.16483019742950691,0.8613736180246271,0.8068054859646462
2680,0.5611520375419379,0.6218695505174923,0.061605165531240055,0.505764593729499,0.591179141653443,0.09007431143611264,0.8503047787475192,0.8048752571750273
2681,0.5300875349240406,0.5810743711257241,0.05293602430328814,0.6520455287930625,0.6910778983529359,0.2932603127786382,0.8644935621884966,0.8113233965902624
2682,0.5119287602664714,0.5916122542261452,0.08193532803684574,0.8754961745226455,1.0027282735934677,0.1426895340889015,0.834241667592005,0.8104471606768686
2683,0.5010144395135352,0.5569086674994924,0.056084389390796324,1.3616768851703078,1.3619605076359884,0.031089051265960004,0.8198509774489281,0.8047904032624167
2684,0.48838995463925194,0.5455158974983421,0.06022886251390088,1.6032366506971842,1.7369037694486593,0.1727661699506333,0.8644071159576991,0.8164295802763984
2685,0.48291636410516325,0.5352470048269905,0.052649333414835686,2.009175437821799,2.133548162594185,0.17486537744149816,0.9037862184450123,0.7918496696862106
2686,0.46887775022244504,0.515815414240914,0.04788854003706429,2.466060209225464,2.5544178715205965,0.12306416432786946,0.7787983864009886,0.8100593792471272
2687,0.45261933905385493,0.5091592642466627,0.057681512719043156,2.8863627706389323,2.9689162709830192,0.13185178515202278,0.8520436801519828,0.7892589498687832
2688,0.4491971585367716,0.5018843618381819,0.05529608914881984,3.121122897688481,3.203731170755596,0.09143153427947756,0.8181518678158907,0.8077258490077017
2689,0.4340994612658418,0.4951625587615499,0.06152341950337794,3.545358712474953,3.5092123210297936,0.13976313087643596,0.9181370883375655,0.7613753756080829
2690,0.42206627657036866,0.4911673504516975,0.07160166898577044,3.654644454148941,3.7614537988966643,0.15580342562171234,0.8620476371661057,0.7498857440079023
2691,0.44576068100946553,0.49047483778936113,0.04874589010090123,3.8900538166839946,3.9526977176329017,0.07715826793767423,0.8003424827523188,0.686608181282752
2692,0.43402428568446605,0.482914655876451,0.049203808570417666,3.9688227161858967,4.136919095775885,0.1920151299618564,0.8559531399359923,0.7368613325202544
2693,0.44187357249276726,0.5041625107657758,0.06379957786125445,4.147398924782202,4.239602519422671,0.10034430045512321,0.8051781948393792,0.7085225329603343
2694,0.40585920503537326,0.49589846894460676,0.09639776002213578,4.024417480487032,4.2625907152605125,0.278356042543018,0.833317314841415,0.7140783147550087
2695,0.4415575031226456,0.4771766000541104,0.03619211548957998,4.088876204014985,4.15546812523734,0.0955275221628096,0.890084616452004,0.7116032147824056
2696,0.43873932041675207,0.4800480200255541,0.04243156242091893,3.929321780578099,4.011415503095998,0.16246376507539345,0.8206846510296857,0.7128506399570779
2697,0.40876155104998046,0.4421619262983839,0.04688247975261843,3.967919549660763,4.055126056899529,0.14842092437540746,0.7937992323759309,0.7145504046808556
2698,0.44177891278720793,0.4424489256195774,0.012648415617178957,3.92529363756469,3.988316634241736,0.0750261393195384,0.8837559794540354,0.7799697721948388
2699,0.4038911749365612,0.42880268006519423,0.04735873698285545,3.70609742810525,3.8734543363174585,0.16795165483720645,0.8098841059842651,0.7781896645635056
2700,0.4279226133059897,0.4157684360884662,0.014147762324393954,3.810195274810637,3.893661303897357,0.1224026359141967,0.8554087501535543,0.7810227235011725
2701,0.40117953928567573,0.4505677645180597,0.08053917245315038,3.60152429579277,3.8510012931517985,0.2672853439810455,0.8490483295846969,0.7519769317376944
2702,0.4335337329635119,0.37256909002040584,0.061132607395619716,3.743844616968351,3.7163739480496085,0.07887622163336323,0.8874310325635467,0.747603452276524
2703,0.4308198353462364,0.3775328554623351,0.05589021655593497,3.6705088644369552,3.693150914641091,0.11267309170575844,0.827565982141713,0.7367883990516187
2704,0.44328709365997715,0.3764483417711564,0.07650117793597827,3.52599662837306,3.580717304744739,0.06946043209272415,0.8648176592250141,0.6903816625062771
2705,0.4472103201170038,0.41172769425416755,0.040354231793922606,3.3512169820780033,3.427809448319763,0.157269789473966,0.8538779983554937,0.7211244038740874
2706,0.46133872576385393,0.4400081857516418,0.02557650153785412,3.067101554675846,3.149447032028415,0.1677651673336687,0.886738411765983,0.7016790854852163
2707,0.48595084062052246,0.5184327484032196,0.049216393375285654,2.777008755653789,2.7970273324128314,0.15415705167413507,0.8392630900978765,0.7334511610834209
2708,0.5079308163152109,0.5283275147705944,0.03293210917849145,2.4217422842220238,2.502035365093882,0.1693476275649937,0.8717124943072172,0.7094262955485376
2709,0.5152111679930034,0.5552280988609868,0.05333948220355906,2.1443978930152316,2.273908076504459,0.18337022771786354,0.9135262736706785,0.7186380328391963
2710,0.5357095194661042,0.5747718445883141,0.040244235527815864,1.983047377468418,1.9270312517842998,0.18635446304005987,0.9226293042717533,0.6956074574385765
2711,0.5409771677856247,0.6310535563760549,0.0965208433605214,1.4572699831413303,1.5635383277449468,0.17179008003396204,0.8525885381099807,0.732484752737439
2712,0.5494728306531264,0.5895447044502702,0.04589893034228054,1.054485445798694,1.1861326607561968,0.16480712346664528,0.9256042798459236,0.7205380076919218
2713,0.573125284049333,0.5592262393766961,0.029783565367906127,0.7972027865227598,0.8531312032768595,0.05946028419305723,0.9245614494692023,0.7092336334276972
2714,0.590197235092408,0.6190453700829828,0.03177080672810418,0.3399131573714193,0.408059393925479,0.21528467290686873,0.8951527231910719,0.7019049433386391
2715,0.5964310816791819,0.5997972510376814,0.011412601305665735,0.10115350263588185,0.09729841072511165,0.08466343022902438,0.9025692374168757,0.7228381189138772
2716,0.6055562082140533,0.6061792392114441,0.007326302233737982,0.29330956123535395,0.19200112395189545,0.11940562786485932,0.8738450678508904,0.7124028825797799
2717,0.6170751524887327,0.6445615561919767,0.03546271292523794,0.25772375621084875,0.21864472428736217,0.10049134744708026,0.8951352667608932,0.7061879168493517
2718,0.6292834440606516,0.6365896157441409,0.010692298115101636,0.30578510728789626,0.21829306850399513,0.15273368393968678,0.8938260286702273,0.7059642166677794
2719,0.6486440098199889,0.6888604287203391,0.04180370756266931,0.20998396399586322,0.17363067546540403,0.057746014085222994,0.9076165854301901,0.6898926930482783
2720,0.6639450595516924,0.7244086636529653,0.06174826909473399,0.18401472135139407,0.12481432534738014,0.09600017412913052,0.8955096092274815,0.7235801652742307
2721,0.6607373673284357,0.7150730441922322,0.05493154072542717,0.2635468051910918,0.1695868822081386,0.13392027726290365,0.8862217789717237,0.7563113734661867
2722,0.6888943098277162,0.7684964661122784,0.07994465245679473,0.15280746017993901,0.1929655881991784,0.1296158384506433,0.9146909731350956,0.7751206036605727
2723,0.6878397808026214,0.7126998732823968,0.0278205607749405,0.3792021363329673,0.2831538107359325,0.09888602999987527,0.8505437074365367,0.7885944114993434
2724,0.6919162071912811,0.7669417887577695,0.07507672140119775,0.28899445999501444,0.39316179267409096,0.11197107052955765,0.9147833758434205,0.7673404330323391
2725,0.7305167999632907,0.7923558269902023,0.062224367644988864,0.24581990070966347,0.3348805410268354,0.36774760531222195,0.9087920369092615,0.7226909176469729
2726,0.7407127747548767,0.8056893425435097,0.06508511674845927,0.28872262745903526,0.1855732626295919,0.24301684055975514,0.8890563654366419,0.7194568459173218
2727,0.7559427640359654,0.8250144191697288,0.07034830984816512,0.28420925099095756,0.3874440311882208,0.23569469869404155,0.9194978033882593,0.7213659203151934
2728,0.7807777217351825,0.826181479588235,0.05121244276456933,0.25531913651552557,0.3697523823389729,0.12039512702001641,0.9076643396578239,0.7419656140025979
2729,0.7744331332744162,0.8529602108917559,0.07961651983359655,0.14853882959475767,0.10141404463838419,0.2109689594755625,0.9297757404896544,0.7215690058529204
2730,0.8182905172229771,0.847109930744772,0.03402282549263881,0.21117551983937544,0.09185460494241507,0.15443563360139048,0.8438173274685941,0.7513344349482047
2731,0.8413056555305229,0.8687608829275308,0.03350491041193966,0.04353173861762311,0.14154850523420318,0.10678586109902699,0.92950612831694,0.7004816365302158
2732,0.8487825975825017,0.8905517810957734,0.044348033522646574,0.2042821392447036,0.19993616874823403,0.06962276882314364,0.9032188080053756,0.736090502709406
2733,0.8584921729491876,0.9010055980939823,0.043748472665164025,0.1669782270981038,0.16082381536562937,0.08549974526704487,0.927474200721011,0.7402289419561309
2734,0.8867601299019725,0.880202379090375,0.0168882974227906,0.163389864365947,0.20833801061015583,0.14636741169409045,0.9239096788545893,0.7442749770861092
2735,0.848984544991005,0.9019218630202483,0.05383486905110157,0.44930202205462283,0.5689572882495829,0.13163942560957298,0.9124397679515828,0.7134773198191754
2736,0.8774574751553206,0.8962305654483212,0.021583961639261514,0.36733502411473185,0.5565491621502922,0.21592695027941378,0.8690616745485817,0.6918237901059221
2737,0.8772590206190564,0.9160415915660882,0.040438559674299226,0.2780477030525702,0.2255340870390238,0.10805009706118619,0.8722882708698724,0.6899147796959011
2738,0.8651588111500347,0.94836555775005,0.08338278709867608,0.4167799741941512,0.3783946323958627,0.16258855864931687,0.9225893937017973,0.6724290461892783
2739,0.9110399596359889,0.9466485803173105,0.037645457724284126,0.4249638301975213,0.5259727505641135,0.2282862945540292,0.8107267196563139,0.647157187377736
2740,0.903736798049894,0.9886850690887116,0.08684727939234493,0.3671740387458246,0.40116922704977886,0.15156951144195027,0.9270279959660983,0.6390562917354102
2741,0.8975584200574943,0.9623997446805184,0.06545429061544149,0.16792336041244324,0.2240967011568184,0.06905490050622044,0.8844512588253,0.6178807390002033
2742,0.9239237954763545,0.9044280196072834,0.034498856418300396,0.1492686198348556,0.13659873242680692,0.11030456547093358,0.8609766635565759,0.6261281046501898
2743,0.9547533836607388,0.9880169078405824,0.03440943666411411,0.2735679893445337,0.20259213003692203,0.1064544751691636,0.798154987017234,0.5790234244294594
2744,0.9346621709605207,0.9619730829742089,0.03156083909715766,0.09513974077363051,0.055389074882859504,0.10996615148526033,0.9121269729344406,0.5926220725807145
2745,0.9549416723828463,0.9794815237491835,0.02753964756640476,0.34951811841700614,0.3504525676278151,0.1291024633900818,0.8309433686335234,0.5334080498193485
2746,0.9329809987759069,0.9751769868868447,0.04333883364062597,0.11055584006058292,0.246122484285473,0.26089408276470794,0.8729073695951188,0.5890376173897784
2747,0.9511529067130129,1.049580033167848,0.10279273471576253,0.09229162146727307,0.025490077227092192,0.09873309298835803,0.8489407108388244,0.5456082750595581
2748,0.9678927428827141,1.05053809163015,0.08508232183059515,0.028120237383720343,0.20626424973860422,0.20636517429396242,0.8706338122409931,0.5729757089225025
2749,1.0994547594113484,1.0132605456678339,0.08659326536326889,0.3898836702857066,0.21860995010770246,0.5217195700732595,0.7511507832721267,0.5937079165177395
2750,1.0099481254805442,1.0541583092941071,0.05107122597747649,0.2588943706903147,0.1901876107272026,0.2353353055333871,0.7512215582763261,0.560531452657408
2751,0.9267537405335761,1.037771800870393,0.12194632835576706,0.20165429054576675,0.21784171812615022,0.2863795761347105,0.776120655304891,0.5321337395500537
2752,0.8832232920759315,1.0658605988300958,0.18650528373065517,0.30196878309955943,0.06485762814623552,0.2507013943912323,0.7458408432677255,0.5579884311614407
2753,0.9289230318165513,1.037135903978882,0.12167419663502933,0.276031963584753,0.12071468034565756,0.22987099281046808,0.8394686164902418,0.5936778605905406
2754,0.9185138746110536,1.0091526656704608,0.09375872577709103,0.4475158811312361,0.22900385544053178,0.45595174398157123,0.7409184106571767,0.6151326373884208
2755,0.9206383723968826,1.0043454724519536,0.08528552672902119,0.1116797507307341,0.2698087533187901,0.24052610990131187,0.7700225241044716,0.6147720106296194
2756,0.9228293972562167,1.0119913933514104,0.09395040437560752,0.4042863926244199,0.3352118779450294,0.23522121472068513,0.7970706397036074,0.6511792412251506
2757,0.9260283417665662,1.0264092363793735,0.10854579893817398,0.14806007589486433,0.20686474492548368,0.18439510910953477,0.6639046228945163,0.6200981850999123
2758,0.9429978036843129,1.0043861613510316,0.06250843893923748,0.051102117563550147,0.1303493367114803,0.08328263675678292,0.6652408221497633,0.6334849160379334
2759,0.9514731054344086,1.0065908656470892,0.056054452053365324,0.1968849583363827,0.2781541578673517,0.2130202692359876,0.7472855951975994,0.6518475675236536
2760,0.9704005054548094,1.0048506359633054,0.046720306697819756,0.2891945278484966,0.22097235807480606,0.1433136535189545,0.7601070131488121,0.7059100243391281
2761,0.981722303454347,1.0193893859710867,0.06353357305071619,0.177611819528725,0.17277900040445926,0.10394434658354319,0.7887781110871288,0.6618777290437954
2762,0.982225038868058,0.9833683108382917,0.017747518651497273,0.20120123479913293,0.20963837369476807,0.01388378980798754,0.750054150887572,0.6862092869729289
2763,1.0008599727032321,1.0141343247124393,0.035657857792161164,0.35173562522980645,0.20966800894877693,0.2141271392924949,0.8107112137700629,0.6961287606384629
2764,0.9594768941990773,1.0073647391545781,0.05042785070708603,0.15541150643711996,0.06268723333839567,0.15940864921669934,0.9052952722486952,0.7002073253612799
2765,0.9264973912739851,0.9861834817862387,0.06362365013454206,0.32729165209887284,0.3225561516417994,0.20149572504946173,0.864472682501018,0.7169402400181029
2766,0.9475899477334009,0.9702475666249213,0.031216623173765078,0.3285084184828281,0.39042747644095904,0.23081489038405692,0.8561482160067388,0.7148150980736183
2767,0.9153953613805857,0.950607820815547,0.04101253009850547,0.3458848671941585,0.5728194085204688,0.3817895519844884,0.9090998981821933,0.7039915839224644
2768,0.9404576257333234,0.9678910908920304,0.03565667554265286,0.10921777750450837,0.1539762063459534,0.09200795042644865,0.8988416108094444,0.7092003739746388
2769,0.9218511224125898,0.9716860069338584,0.05434760257960734,0.34118288602061453,0.3778895606295178,0.1791601978218617,0.9258781847238405,0.7182196269458683
2770,0.9474254079495638,1.0002437726322722,0.05499888187419279,0.6553639631572744,0.6304120759009055,0.22349662330044837,0.9185792219436575,0.6838977597833404
2771,0.9034928034293095,0.9611628186374007,0.0621740297814178,0.5365119683020282,0.4749666732232069,0.2855849293847012,0.9053109798942629,0.6793965609079766
2772,0.8878257741633419,0.9639525264913595,0.0771666538777597,0.40379040508282665,0.24732055835087133,0.21265562309133063,0.9075663532008061,0.7015067202650289
2773,0.9088405593452628,0.9779383025013176,0.0788654170521503,0.4340442952154795,0.22416976197725513,0.2631187689449289,0.8852158270626063,0.6714915573479261
2774,0.8897470875605671,0.9623928628260953,0.07461335721807917,0.34848387347586374,0.355826453002881,0.387077811147303,0.7949847241402672,0.6664527593054954
2775,0.8842582872132151,1.0058632730627637,0.13129771117510364,0.32114493637356345,0.2887807270702491,0.10093670016052404,0.8694622417187263,0.6198678519445495
2776,0.8785715940939919,0.9474167216604048,0.0769593203402141,0.30552966458747377,0.33363243619004723,0.11266118947988017,0.9200134856014335,0.6056017940788283
2777,0.8843223966352927,0.9243000730929072,0.04006901547364711,0.20719178999064355,0.23969374361054838,0.10951853030598223,0.796881693938579,0.6877005101256101
2778,0.8722088143149974,0.9296569304394285,0.057756296908255456,0.042237621096600134,0.1837406473059219,0.16175075885837853,0.8462852974692527,0.7055622493438796
2779,0.8893562568395073,0.9251935694920447,0.03786885542898932,0.16971869621556607,0.27261275258152157,0.1537550638619345,0.7111011340744852,0.7246088262222172
2780,0.8931947721010739,0.914500810279802,0.023799660982658618,0.40172231001740394,0.48983986965441595,0.14304992913468084,0.8237140496725124,0.6645265052068381
2781,0.902453186051958,0.9420173632312545,0.05858710094487449,0.4961923569325193,0.4574963626748201,0.16126847260938135,0.8146123994889972,0.6210677136778058
2782,0.8875212280009609,0.916104637273659,0.035409326914278005,0.5812625424164466,0.4712385575503247,0.17761275468281618,0.8135785926300889,0.6812357972234883
2783,0.9110436832520009,0.9178855153822191,0.021085384291716688,0.4454381697888023,0.5474914143370986,0.18509213806516323,0.8847178747832803,0.6450669039522627
2784,0.8749662540413119,0.9136216172464279,0.044861642158742,0.5279569343014514,0.5471882856841155,0.05449585250545889,0.8007816554933531,0.6648911633131906
2785,0.872032181638332,0.8858241963764364,0.014595825900468712,0.657352340287477,0.649935792867153,0.07671437839641095,0.8789938285049885,0.6563506814295332
2786,0.8795123047845684,0.9158994034657033,0.03840086507176612,0.6217402460522137,0.6659621763536683,0.13516785508295626,0.8555778940911936,0.6581044252780829
2787,0.9009061680206423,0.892291588566632,0.013338375862860234,0.6353226715646061,0.6590943641952178,0.040660376946436476,0.9219598514535068,0.6391743499549556
2788,0.8817802807826475,0.8801064625406819,0.009442776478560665,0.5103686996021268,0.6037598168809595,0.11073739289772763,0.900254570098576,0.629128749585958
2789,0.9108307317455114,0.895564050435358,0.025313781960016993,0.5699827394163539,0.6659851457154445,0.3089178711589484,0.8846355108136721,0.6748984471128796
2790,0.9029441693061916,0.9042198968077838,0.03024209929749774,0.6571353444072157,0.5755415162381742,0.25668133721773406,0.7687823656813477,0.6430490880825099
2791,0.8756927843675711,0.8949539983961426,0.030003352857565602,0.4962807508835393,0.5048629279378403,0.15884084759823053,0.8389447943752858,0.6565376341744892
2792,0.881200668687561,0.9173598807891848,0.044844815526736144,0.6568629985106634,0.5901336218958027,0.2702617429886536,0.8683472598153045,0.6092135794185465
2793,0.8269306374505341,0.8928242742573865,0.07017275341490373,0.5254957762066682,0.4308085446466758,0.11934186671612708,0.9087468970116134,0.6020904086848498
2794,0.8810971494431338,0.8838931868134948,0.015412280677325026,0.33423078028019687,0.452674498300798,0.1369320385513633,0.8559464291847876,0.6368012084769467
2795,0.8370853246161098,0.8997361845056001,0.06366284790957538,0.5561227395240194,0.6208410394603149,0.10150228064769441,0.9234065384249693,0.6461658179101106
2796,0.8723141575400783,0.8762010730801667,0.022049885955615033,0.6743349253484985,0.6681877787751119,0.20911088043749654,0.8753089043314622,0.6550077371256697
2797,0.8272069038805832,0.8718202205396149,0.04527530614837858,0.6546276923767282,0.573489643833172,0.3594017967782749,0.9014616806656971,0.6514379759324912
2798,0.8230927985778294,0.8640683948489597,0.043729487702676845,0.6981410098897433,0.7237983309973726,0.2028608616512118,0.902735091920917,0.6691591135719133
2799,0.8239025233210383,0.8578889232549126,0.034241221875161446,0.6280752124312753,0.6808106003604293,0.15274539038392373,0.913599580038911,0.6231080571773041
2800,0.8036574557719616,0.9031355750827396,0.10243128573294769,0.614693733287268,0.6230562503928635,0.18250694320562666,0.9130788161999434,0.6281968234419139
2801,0.8184433276852103,0.8686859287691064,0.05546788561433293,0.720508193675701,0.7463023265771266,0.09714388110328745,0.87837660477887,0.6309502367178652
2802,0.8121837489404887,0.8416219157658515,0.03187316867585322,0.8748632024919913,0.786310530999593,0.1840972034745159,0.9099462442099497,0.70318469053861
2803,0.8202039635988791,0.8961444361978221,0.07643022637587694,0.782233973007092,0.7784702961810102,0.10002095004748357,0.865145843503506,0.6866730108104977
2804,0.7973280477922748,0.8687026166048722,0.07454135021084612,0.8925407954658172,0.7897302962761447,0.19776004943692316,0.9244489200996591,0.7353588809211271
2805,0.8254143698029741,0.8872162697265619,0.0642138971686365,0.7268612125527805,0.7694552283981988,0.1256178987557754,0.8618454160926783,0.7130905820042315
2806,0.822987587877439,0.8880807453351496,0.06687678579895956,0.4676336770710538,0.5641547415363715,0.16448349727160733,0.8429425155428512,0.6863579555998954
2807,0.8222984499651071,0.8661320486129684,0.045166193056371665,0.544598558573764,0.569181431595044,0.07522574616233782,0.9244056499221862,0.7032740382359028
2808,0.8434354306783536,0.8543540076915919,0.03287597285194347,0.5583453332044074,0.5601528368103064,0.22230864438332168,0.9238879611005768,0.6569503477576407
2809,0.8819246585421296,0.8862250775954917,0.026344189028104485,0.48281722015668005,0.5438196311112757,0.20555690343757096,0.919798598191418,0.63573575136226
2810,0.8284496277359621,0.8700328650758796,0.04352757145554607,0.5468496225990894,0.5517379881391099,0.169134802789292,0.922356268456207,0.671502846996326
2811,0.7916465152750198,0.8560988339389228,0.06530722419369699,0.3108305963036933,0.5276568934639435,0.22158400178801876,0.8725713377100812,0.6624493263980491
2812,0.8330824273977766,0.8546889424362102,0.030606019448333615,0.4455010628610705,0.5736043698789544,0.15247719148686867,0.8624358425853041,0.6556961987861354
2813,0.7965651574161665,0.8660477846890987,0.07176361953688305,0.5727638830201773,0.6069447034156888,0.15878107311255854,0.8831134863814056,0.6584579547186237
2814,0.8236532357318791,0.8465319910488878,0.02643840043182275,0.5231787385252051,0.48442852891931115,0.047090780742187845,0.8696431245204609,0.648079844452364
2815,0.8013988235412358,0.8507644819107074,0.0500313944598332,0.4033864095973815,0.5017880313635162,0.12068795592059593,0.9281532502781102,0.6526294986171589
2816,0.8170659897235533,0.8594893852132857,0.045486831642705054,0.5020925396933078,0.5194154362644499,0.2156599166045783,0.9271341729426221,0.6472504623842695
2817,0.7518167088575313,0.8519341015993589,0.10014463021259369,0.4951130901709894,0.5005050642518055,0.13002938411709325,0.9278969630982472,0.6591495053905125
2818,0.7731824978124148,0.8358425941283423,0.06424118450630019,0.47910673067962295,0.577100418948634,0.19725110607993776,0.8904659456749761,0.6380742967823173
2819,0.7834844364653348,0.8342653278890975,0.05323686569925124,0.47749510075175167,0.6024540752477591,0.18867859120785202,0.9288621676661633,0.5788861853000514
2820,0.8109959003503954,0.8263930876487645,0.01773274398014691,0.4227701816087929,0.4874361197759407,0.06669939339685158,0.929978465357066,0.6381493126912645
2821,0.7953472624638344,0.8160348797119885,0.037010035057432694,0.625917170437043,0.6552853754793702,0.20920718431233606,0.9023640643976722,0.6339489181344037
2822,0.7858982014853837,0.805261573942701,0.03374051044902212,0.5721543705041829,0.5848324265056775,0.06141153941168659,0.928380160139875,0.6454991723087643
2823,0.7716226446116505,0.8207151765546562,0.05059557576445655,0.582282893514868,0.5948305059444223,0.10651112397524784,0.9153011186155096,0.6141206107522412
2824,0.7554584223815021,0.8163220006937055,0.06270076058451651,0.3632313641685589,0.48557395625390587,0.15925274850100124,0.9172777949681693,0.5971953477697192
2825,0.7745806189030066,0.8164371377574264,0.043220901108651746,0.5609057225382637,0.5427600522260708,0.16793328788664044,0.9276105608275478,0.6384924676513266
2826,0.7410483598822263,0.8136121085977486,0.07277988939508163,0.5437769891741202,0.5362422826986393,0.15186009192701128,0.9170540423251492,0.6912711004744441
2827,0.7315559561271349,0.8067993919554319,0.07639419831395061,0.48838955477624235,0.5506798500356488,0.09406020988836963,0.928130431896079,0.6498543329711143
2828,0.7468574103848995,0.8020567689820168,0.0570345719343353,0.5395751542976986,0.5918088061827567,0.22006451086926976,0.8937192624449234,0.6728725459167416
2829,0.7320173968628194,0.8233252040957761,0.09543112937239948,0.5595791489924716,0.6863315623341791,0.18370970228852804,0.926524505257758,0.616632254459283
2830,0.7322305892188474,0.7932954137119873,0.061166337062887974,0.5038868770156049,0.5829532207139843,0.11333174626657808,0.9282354536968248,0.7027277101133275
2831,0.7691028427662878,0.7923452724603348,0.02389862068898702,0.49309832121691577,0.568478839286367,0.07563316686811034,0.9281940185968576,0.6838942841942501
2832,0.7471264756611239,0.7927706490298341,0.045890974356305465,0.73564160855896,0.7731001075965903,0.10228674177511382,0.9282344066930419,0.7515756567818179
2833,0.7699327833250498,0.7920134847574651,0.022112210159061892,0.7189872321097124,0.8149767448416672,0.13117294516603825,0.9287832796223877,0.7463785167055864
2834,0.7416814381433946,0.7716967911513912,0.032111438741294566,0.7193396379291251,0.595813971239968,0.19945759481655773,0.9249295878751211,0.7609414076088719
2835,0.7387505337827562,0.7574517721079197,0.019822086274768395,0.45018191300881616,0.563376820900988,0.15946194724816626,0.836173243697425,0.7695901250071644
2836,0.6965239752748827,0.7454999921226505,0.050222323494901654,0.6240134793166074,0.6025167173025252,0.17883749838161564,0.9268335507586436,0.7902691253256597
2837,0.6977915264765959,0.7384172341823962,0.04082095315213749,0.5619401003666726,0.5195846457417738,0.09266347007694027,0.911704018115612,0.7669329898761942
2838,0.6893241058562692,0.7156301964251406,0.02725851043217684,0.4192851046567244,0.5022106633442884,0.12259896552219751,0.8421530113402662,0.778932426481471
2839,0.6819344475013581,0.7042544217298667,0.035782751584400085,0.5484443691550035,0.4777206215922289,0.1371095170560177,0.7659247908263918,0.7269101745560856
2840,0.6749668017523253,0.6935993424632165,0.01863982442616241,0.32466307830021773,0.3578358124326806,0.1274573141677669,0.8743399868022428,0.7584081372374755
2841,0.6584185690420041,0.6782381869007856,0.027526167311254745,0.2979378364070565,0.2634886025804826,0.22478193560635687,0.9123611792217227,0.7730061415512862
2842,0.6248734031392937,0.6597039268240759,0.0369099148462823,0.2366373238795875,0.15012457520285008,0.10477575346989884,0.8907509711601493,0.7532819731073217
2843,0.593594675552225,0.6368311159765615,0.043293956250126636,0.10406272632211445,0.12089539744902286,0.18077441364745217,0.8852791274627596,0.7839498794998618
2844,0.5725227096993679,0.6059514965315562,0.03357752320362599,0.19178068558552636,0.22940728725486598,0.10981644195838135,0.9278968338571261,0.7954561115265423
2845,0.5551940631699771,0.5941984884427565,0.04357199385144239,0.4668994686833464,0.34261475457763596,0.2714595524423079,0.9245210772640127,0.8024249064459292
2846,0.5331104059394427,0.5683418979281122,0.038637616728114776,0.264176295870705,0.35170659674081395,0.1616385022192979,0.9250443237927266,0.8237106496171221
2847,0.5196183529800233,0.5400955662868284,0.022796108702960775,0.47597243223028585,0.49329067406756577,0.11005001033839022,0.9013261108385164,0.8223184008516726
2848,0.4965282476362489,0.5273769596989869,0.03468801943291641,0.6559330105315624,0.723682244506053,0.07845677255426148,0.9109420778046683,0.8339706869346921
2849,0.47937139070649903,0.4887119139148673,0.027203921427873604,0.8860955562650077,0.9291262880236977,0.18946968959916138,0.9235259236860507,0.82391422938375
2850,0.4540629627297074,0.46794241203141085,0.02315298281231483,0.9057841843231293,0.934356399836836,0.07100402294574074,0.8875992762166276,0.8367952280034164
2851,0.4166899347673748,0.43939287742778926,0.023759836344457105,0.935328998887907,0.8916114646715804,0.05505466772540085,0.9035615069399903,0.8574028141851293
2852,0.4115106755491411,0.4097061749910268,0.008619716648289762,0.9484063723126601,0.9239936574899997,0.10383482159872892,0.8876630226050735,0.8492237135022194
2853,0.40569295341808764,0.4029261337323681,0.012806013534744642,0.9668850165510152,1.0367751606537687,0.14282857328786855,0.8792142286703123,0.8546737919475424
2854,0.3665365356662696,0.40064092491240444,0.03651371254081525,1.2530297053546235,1.2178288347814812,0.11929989433795435,0.8485235825224858,0.8588591877757537
2855,0.3788826065115427,0.40525945877967207,0.02855822501736553,1.3044219189603892,1.3291533476388517,0.08387332115858977,0.9188101468332694,0.8435541577633296
2856,0.3570038901998553,0.40310471875729353,0.04849602555108106,1.6328333396576282,1.4854024296676043,0.26254123510040667,0.8961728976025686,0.865096415789154
2857,0.3977160444433031,0.40223709384982875,0.015282044169826285,1.7249987184661517,1.6824147576671196,0.057584982757438875,0.8275366854291271,0.8559622120783452
2858,0.37164028195520726,0.39454178350498514,0.025491745383376153,1.8727684578466601,1.8465642953168668,0.042205031133042345,0.8379987059285411,0.8569692521125023
2859,0.38376035967902344,0.39461146079406184,0.023803861108697935,2.1084086059368548,1.953201455580912,0.1664648424756392,0.8450077700431826,0.8461487249267866
2860,0.37862697744322166,0.38633556852836043,0.01566005532291248,2.138828677920088,2.138573396327584,0.1748796353266928,0.8286187273227736,0.8582840098870574
2861,0.37896304816303444,0.37895497382083004,0.010881797178085356,2.2256785737839735,2.2022898879043633,0.053768519387197435,0.8073459597369573,0.8656434498900587
2862,0.3720219482481102,0.3689531021079708,0.015781044028604172,2.2634540772821308,2.247051152308935,0.07318373584806716,0.8450406038261558,0.852599659949005
2863,0.34921439053187947,0.3665518950822079,0.02127302785559876,2.3505675760296425,2.329098246624342,0.11867522704342835,0.8154018460678074,0.8542798991909861
2864,0.3444969036377875,0.3680281243850666,0.031184800628973292,2.424402886132947,2.485529371761681,0.18204868046751696,0.8018852323206166,0.8491391584838901
2865,0.35471743060231636,0.3725647613731997,0.024003284598161118,2.597073435907497,2.592552246167922,0.05282691407085746,0.8082183854816625,0.8173994112502243
2866,0.38445004946367284,0.38096443204289726,0.019362627577227128,2.7207449032461457,2.6992416224381657,0.07394244452809366,0.7491099200263887,0.7994134311004004
2867,0.3758536804441902,0.39406332444132236,0.020017852689115424,2.746066630443832,2.817837720659037,0.10763002514775286,0.8100289646111059,0.7997349019491834
2868,0.37971746856860905,0.401715849446748,0.027590098514392276,2.791771940899855,2.8781924196387885,0.11997663541828348,0.7542223509618642,0.7857222784765393
2869,0.40809858210443833,0.4148876764126374,0.017496758242866395,2.9166977250554558,2.9701800420787214,0.07114118748854964,0.7671325194861425,0.7521495378204547
2870,0.4078607668167703,0.424205085733763,0.035853360165771474,2.9579029575362097,3.025591200052121,0.14468828996291197,0.8084074611003593,0.7163827918687856
2871,0.42829649098970146,0.4374381825167301,0.02719089408005126,3.0301182582454738,3.0926942308142844,0.08873082839295164,0.7996534327863087,0.7351474898105324
2872,0.427147062311821,0.44820324993475025,0.021645408514646865,3.0603080744138884,3.1373096386565784,0.15622523129609017,0.7860533964626162,0.7090689389326781
2873,0.4677141432689295,0.45183999442058265,0.030184005062229232,3.235626553090157,3.2216926866221147,0.0417095994690998,0.7067048662271465,0.7659328994428761
2874,0.44897536272101585,0.46410501773028656,0.015967971176530368,3.3268339013185324,3.34291775849824,0.11140469522732388,0.8451658822700907,0.7844688748540153
2875,0.4515697821247064,0.468280397379642,0.026790714726499344,3.287544956885449,3.4101533109516935,0.14147086680169058,0.7710609504997813,0.7887538402470183
2876,0.4951424558877855,0.4769755566701166,0.018433809616702317,3.4131029726610014,3.444650381208511,0.10924859626519995,0.7417988274106015,0.7583958917842831
2877,0.5418652862590202,0.5126311454093685,0.040038352941084286,3.4196416921840136,3.4331295321317854,0.04674318807489364,0.7504352267715645,0.7508632028368666
2878,0.5389404378316986,0.5328751482706441,0.013494983585115458,3.1742047885471187,3.2747359776033114,0.12454321235796915,0.652592721694153,0.7860948989234019
2879,0.5694701685975979,0.5676635238842965,0.01662034470747419,2.972064794134388,2.989134993829377,0.11367726673332881,0.7770160722705601,0.7844426326402837
2880,0.6153008894572882,0.5881787570033655,0.02735995843959459,2.65967879505019,2.600048620806521,0.07545474667366472,0.7943575942446559,0.7541217427264805
2881,0.6391314778158123,0.6376440756335455,0.007401313895910915,2.1326799990506773,2.1927626523618615,0.13491339786410889,0.7985653885371156,0.7659683804924431
2882,0.6597342088697479,0.6489400116849178,0.010877360007503611,1.6865167086818436,1.7689693773009718,0.09898144153223627,0.7816182373958235,0.7100336143230447
2883,0.7012243117369031,0.668852688538158,0.0324887306046575,1.4431232659591835,1.4535755157850383,0.08945456650606971,0.759752291667319,0.7496481678801552
2884,0.672713580800937,0.701591830761803,0.030997265968065704,1.1836768195640837,1.1936072302485314,0.1570484664984727,0.8264782911930902,0.7379863306651401
2885,0.6865157039539699,0.7342639510020573,0.05278790360318354,0.9466708055373653,1.0146237501251063,0.0857188146942875,0.7956077184308247,0.7390206505392032
2886,0.7351430912044657,0.724725011994487,0.016790132043984687,0.859170035110657,0.8282719911599203,0.06373715301406178,0.8305202470906592,0.7274892478559984
2887,0.7703445357250563,0.7814773813738743,0.011393537656979277,0.7324882341461351,0.7531466704872848,0.1407777085136833,0.7843525172605089,0.7616123307703155
2888,0.7704625911450722,0.8132967773325323,0.04513357663888432,0.6980992190794887,0.6516551902010695,0.07460499242381786,0.8462008812425292,0.7458514743615423
2889,0.7752411336984482,0.829892239283586,0.054652345449485114,0.45093917090195695,0.5145283465524588,0.08094335830475323,0.8140493338102982,0.6949936484818597
2890,0.8189608061648449,0.8082510299487283,0.02732259944325553,0.4073249597093504,0.40901924192254185,0.15656499188409306,0.7932645135670333,0.6941940132880912
2891,0.8582106063442028,0.9095636637840426,0.052231399421868836,0.1497966941446579,0.26137620362181224,0.1598463463051873,0.7837191472370748,0.6816310231290785
2892,0.8713982631213593,0.9134598411802762,0.042074118124965594,0.17031236544903333,0.21163771251508662,0.12412412444642199,0.7960240753742377,0.7155115966896659
2893,0.8547138430203782,0.9371666552545203,0.08260848411013083,0.24466669730054502,0.291127097421009,0.15048211452479868,0.8389697443551608,0.719173930138731
2894,0.8792958951346891,0.9908378745895546,0.11271935236459613,0.20087680882068043,0.23927311335593132,0.16727272208470206,0.818034079543256,0.6982084034935847
2895,0.9087624681477373,0.9711731780748478,0.06753190597634535,0.11116890197718463,0.18117518750775544,0.15040018114830964,0.7875003581493405,0.6736989673230973
2896,0.9430276485655938,1.0244397213650311,0.08236757805160543,0.364721583419839,0.3366121777872112,0.09778551352798372,0.7566554033495997,0.6977960768404841
2897,0.9469618761598345,0.9783022571722945,0.03434391540185374,0.21972956113240943,0.2048333652165126,0.13346689288656038,0.7570080737331363,0.7198177688589762
2898,0.9219862888136641,1.0431810440480005,0.12286791098794389,0.18608885254167354,0.09881792955782846,0.11809057416201856,0.8270146436856132,0.7279169694256298
2899,0.9607963091560314,0.9685742685641106,0.026355685458100967,0.23268081118740527,0.08549730130681599,0.2034001203078205,0.7817855167352762,0.6973783420545309
2900,0.9713474974936772,0.9763024391172381,0.016608575531839347,0.21049782484975588,0.13242819678432396,0.23289744658441983,0.7069409903775682,0.6620103637492861
2901,0.9546760385954013,1.0655760732480104,0.11124122857265321,0.17342776346135996,0.11660148469905006,0.11422127301681635,0.7627556688484659,0.6688286668089597
2902,0.9659326371953207,1.0031125290127556,0.051198400791391624,0.19523359335535506,0.14192648171403216,0.12749611672883152,0.7426012350580503,0.7050600933879196
2903,0.9322771964690673,1.0597887662453862,0.1286537947951039,0.1411604302102928,0.15341743587548765,0.06642366693453644,0.7702502577490191,0.6867777841621198
2904,0.9638185828663101,1.0757357281737638,0.11343072511714182,0.3412949203854859,0.1276007954701051,0.2285396137862612,0.7837531884007192,0.6790876151203353
2905,0.9824524914133671,1.0655034400297645,0.08475755575276088,0.16224604753044244,0.13549637073188056,0.11863406511108637,0.6542472461295576,0.6907969487423344
2906,0.9549977019364008,1.0432418981995875,0.09099534199916907,0.18377909880315513,0.12611004541382298,0.09832736834992252,0.6542863320982573,0.6951519376813524
2907,0.9599647440196628,1.0491574089600895,0.0898560790124799,0.18720705869905815,0.12644536655145033,0.06791625880164132,0.7354264529483079,0.702214563268353
2908,0.9575944941840913,1.0217222616855932,0.0651664804417015,0.16627037330852865,0.11146232153268253,0.0827404729835774,0.6541678601396721,0.7218119501340288
2909,0.9460768425737915,1.0534237301688563,0.10764555532377924,0.16070416426113232,0.11663706450838703,0.07572127391819428,0.6826792326038928,0.7105678946646767
2910,0.994251164299497,1.0652275420331028,0.07184443113973986,0.15036345138765608,0.1253820304731118,0.15775295012537455,0.7814826437183844,0.6858981869962535
2911,0.9405644341884943,1.0652733536794503,0.12479826685780653,0.21447746950089644,0.17913614332531913,0.1383597105227017,0.7470887289883492,0.7090854226259441
2912,0.982326755098801,1.0220274201282162,0.04064245767260772,0.2861907374109658,0.17896956867545724,0.12977474240337422,0.6582476890659044,0.7069275876683103
2913,0.9800577619155965,1.0285026918592852,0.04908649154884215,0.24688843917032094,0.11838133989968468,0.24919296714049755,0.8114563376318117,0.6776612564433757
2914,0.9689575341517725,1.0456910402345438,0.07682920488373736,0.20267888349654145,0.16330420961825642,0.20908819473859436,0.7986319730640953,0.6816211868869475
2915,1.0019786594838207,1.0183497697073982,0.018638792840359072,0.10156972441533119,0.20809853462874048,0.20757204611210275,0.7833851987084455,0.6952455386525125
2916,0.9683351607178664,1.0405808537450203,0.07271409664134139,0.1499050782403982,0.05266315057588599,0.13209538717067065,0.8545738077812803,0.7032885419122261
2917,0.970667289289833,1.0696533850584669,0.09979063893571823,0.18178632246932808,0.0949128697238027,0.22849279142913856,0.7869308650031661,0.6811445281320616
2918,0.9917824271266352,1.0180821103566258,0.031219847429431593,0.04623050358900223,0.12018595336793197,0.10597953627565067,0.7734865692647149,0.6963665506334414
2919,0.9448601838540573,1.061895361824372,0.11707866507229905,0.1098035638500214,0.10215876056655881,0.15152972048680655,0.8234766198638848,0.6750241093630158
2920,0.9285828635830843,0.9875384958850246,0.060525370647564455,0.09897386092427872,0.04197791422300362,0.06681801251822633,0.7003314831149839,0.6951776222028387
2921,0.8756959359997989,1.0359665718217195,0.16113168148863594,0.11395907512013112,0.07617366473060207,0.14335452301635807,0.8227539976004129,0.6628099284523203
2922,0.9094814332381057,1.0194546820233734,0.11077401281026081,0.1717167560304709,0.07073433700062225,0.14997388408038484,0.8643314954723432,0.6895217522456484
2923,0.924098951554456,1.0056439678224394,0.08228188676580608,0.30563859345625627,0.0586631593743807,0.24717335715386235,0.8272095120914638,0.6599161695481142
2924,0.8936324684456907,1.0328297642793791,0.1412420449048796,0.2852336115746273,0.12050310568310237,0.2224903004190178,0.8098025611314099,0.6400059457748305
2925,0.8411345722929049,0.9756397521784593,0.1347664848984575,0.042713571164213905,0.07320843916984963,0.07186608522613065,0.816562491223399,0.6535512035058668
2926,0.9176884465127247,1.042831036799034,0.12596177419182464,0.11414317792051365,0.15163489660576024,0.10406844655217516,0.8938128924051811,0.6263304349271043
2927,0.9553320487266208,1.0111184610788158,0.05920016602553575,0.3216932461750231,0.29516332993922795,0.1922826171217742,0.7374569944545666,0.6473090069428219
2928,0.8993256452110778,1.0028129862548116,0.10349202409479542,0.2121776371038638,0.19560994725495798,0.15824744371073673,0.7205839245862116,0.6769925081058543
2929,0.9096360668887021,1.0328539715552858,0.1233239176723482,0.12508431864618527,0.1093695887603592,0.22662301157021927,0.8278856793767061,0.659755755202076
2930,0.8910761377617131,0.9952038973774383,0.10645249378228505,0.0956526631256513,0.18772957685655678,0.2165456771148548,0.7729966691690267,0.6455159417424079
2931,0.9403731617037124,1.0174121350275442,0.07831425984600418,0.18733162521786487,0.280022088238926,0.15304754519186292,0.7793362165845629,0.6911976691503121
2932,0.9664039052824743,1.0502718026939362,0.08502332380308528,0.2426247853755695,0.24959389204541174,0.2751019854702339,0.802161344645641,0.6503616225796448
2933,0.9502130205734974,1.0467380784983955,0.09771313928093135,0.2621389194895431,0.17147914844266007,0.17470062355646748,0.7848978987063795,0.6727145865098432
2934,0.9697046937423855,1.0284382333938598,0.05877516189689691,0.14355090889235003,0.10915481469952674,0.06636541696068418,0.7693348938272658,0.6717952526203081
2935,0.9543819476345358,1.0085694251608752,0.05599739685300265,0.2816845058075844,0.19890894897159667,0.1926905121910314,0.7676302337812153,0.6880880508002217
2936,0.990050867067599,1.0628848339262356,0.07537909040797919,0.34880487582357705,0.3043892679690134,0.14186199446912173,0.7009301152232859,0.6725821550646411
2937,0.9722196451678389,1.0262876273206984,0.05463126920175704,0.07733560697542768,0.06310898368041856,0.0168128935780552,0.6542767132967061,0.677813461090656
2938,1.004356295402839,1.0692364463440678,0.06533888633598028,0.11382523436824532,0.1923540100240343,0.2084120388479342,0.6940192001989353,0.7038375490225771
2939,0.9982541239196412,1.0675911155841988,0.07316516963773269,0.1261093095399979,0.21997856230752705,0.2607147949284448,0.7345054729036836,0.6832097642678989
2940,1.0074916415702801,1.0777075726913656,0.07494019622828224,0.17320317533703355,0.2457109166528018,0.21001512520374607,0.7073453466312998,0.6666424494968195
2941,1.0231192076194162,1.1094706305010744,0.0870077646607045,0.17009978693014843,0.24482122246179677,0.1879572309735077,0.7287657552858049,0.683644754091666
2942,1.0210656305665493,1.0648016123039037,0.044287189191584676,0.18648382455976759,0.18133377316338567,0.12907598557092653,0.7799940779578344,0.6971994574141125
2943,1.0274798803456668,1.0992489802525038,0.07212056849510204,0.27768549060274605,0.1526792201487046,0.13483794126883808,0.7398760018491836,0.6648213509234925
2944,0.9752781011030789,1.0706562423821766,0.09554855273842117,0.3106111176165325,0.16881077164866584,0.2119269681986759,0.7243514161195248,0.677454426472974
2945,1.001662441276561,1.093109257346812,0.09163207085651183,0.2803759292055978,0.15713961293469683,0.15738980795719573,0.7938092457678587,0.6907876507059738
2946,1.0593714336403903,1.074114295962822,0.03246188361520564,0.059222287839669006,0.06395446439771453,0.04606364725584591,0.7703202633214448,0.6691661221736327
2947,1.0324484089518795,1.0700943002086716,0.03769133452594293,0.15120840222916615,0.0691731064242359,0.15896824538537635,0.7390729796783476,0.665689345292698
2948,0.9819422025676521,1.0842219728657152,0.10302532213503275,0.1544593890941842,0.07722119213473647,0.08734329929176742,0.7773662269863768,0.6580627163671937
2949,1.0234479448497067,1.0639780348054606,0.04061458145395566,0.20604369513211582,0.1003142931767128,0.11269169712988145,0.7677585824722858,0.6440611316347731
2950,1.027759430737366,1.0823897771991187,0.054943485621852965,0.2113636153116077,0.13446796636963554,0.2611299760840921,0.7659690957968236,0.5962484262794407
2951,0.9996038721533316,1.0661642584407365,0.06681600532900096,0.15012930015893525,0.10981857260998992,0.09931046386591218,0.6876156123302862,0.6087085448187288
2952,0.9951311539219208,1.0724713486773891,0.07971448099830038,0.11761783123122826,0.09784737419580107,0.06738705757434603,0.7499674246211383,0.6020018318644951
2953,1.053066772359094,1.068462320889524,0.01627219326503962,0.18277779614940629,0.14805267561933222,0.06513173351036304,0.7266412204268615,0.637646444169822
2954,0.9996833276258769,1.0525089466212925,0.05384826602162196,0.23464903515218657,0.2033595431264851,0.14694305525245643,0.660698900423885,0.617138268830814
2955,1.0480087576144623,1.0292579056245965,0.01940782888007725,0.15575907044439039,0.12020429834413769,0.12754736368122835,0.6817068670966417,0.6199635063576319
2956,0.9498655939539704,1.060174766147112,0.11037784454070013,0.13224460177405564,0.10527353010627713,0.12943105020151544,0.6543611936665965,0.6376541870406418
2957,0.9646417758767565,1.0317808089841045,0.06874528878493798,0.21747270178894865,0.08446530707004463,0.24163259532633263,0.6854883894126207,0.6209571026448855
2958,0.9652449129159711,1.0377208680097003,0.07350245147592067,0.1920859347790018,0.15247272158317057,0.08325844985077953,0.7002882483563319,0.5899587332367933
2959,0.9652179038698294,1.0198069094078912,0.05613852578959817,0.12772703645684447,0.1465240344816861,0.11254759000759554,0.7989902667381648,0.5938218646124689
2960,0.9241314381172417,1.0712532119493936,0.14970257440665183,0.282050390618167,0.12862747942911354,0.28976924063735976,0.8524117174973342,0.5545562802690737
2961,0.9455922758910883,0.9756177527022412,0.03277202867680344,0.10162240439179278,0.12178134588447223,0.15800456573493968,0.7032244079594787,0.6060087475907315
2962,0.9084894648167031,0.9769614888897623,0.07040550979125068,0.17197307382913943,0.13820961944893081,0.17121421820945695,0.8498499789435838,0.6370675101187363
2963,0.8909488961125341,0.9629675256044126,0.07276021830395786,0.2851210269226088,0.13256562403964825,0.19321917405999978,0.7601591327484456,0.6374334222734792
2964,0.8721958504346335,0.8791636054230024,0.043800738111376115,0.2737752536766769,0.17412724685958886,0.26688186951962845,0.8165213311297682,0.5176287154608541
2965,0.8476205752731377,0.9020231259552335,0.059117239067261095,0.4091555311127729,0.18487447609967328,0.22429429418144187,0.8301886444534702,0.6436676555862948
2966,0.8236064591113887,0.8638901050544154,0.04915658565330117,0.22736124027968413,0.25180642781267704,0.0739346283134062,0.8104679951870575,0.6081179464947842
2967,0.8130361485327301,0.8701211092473493,0.059146931826362194,0.5425105044556042,0.35816545089040197,0.3232607922439471,0.7394989974068329,0.648647617716538
2968,0.7723323122046774,0.829390955274116,0.06680138818381498,0.6376919052709178,0.3968539519094297,0.24245368914844947,0.8220016900589064,0.655626185506371
2969,0.7608059530491859,0.8117784932580232,0.05123610524525963,0.6721144076155301,0.5524571770274085,0.1403339889297368,0.7435088237130574,0.6828717876460382
2970,0.7293792552484712,0.7752868333859563,0.05220415387255124,0.722274077339942,0.6551063110835132,0.09182546809048939,0.8145049880260333,0.6693553275916386
2971,0.6956681184509786,0.7458637813131469,0.05097941128635553,0.9413979942787271,0.8165440823592325,0.1311098923683529,0.8450841514354182,0.6538336425515701
2972,0.6875139322013484,0.7044617175219506,0.02202243811262759,1.1605222063755907,1.0958051547872543,0.06825467943642229,0.7244135322030766,0.6274536303298647
2973,0.7085837976807784,0.6876780234876355,0.02250855248908939,1.3221031678394954,1.3582694695620503,0.15142239097431687,0.6525625581669859,0.6555385584037653
2974,0.6567548576028398,0.6774556254203162,0.022210597390010377,1.7555062470365828,1.6463775339162963,0.120692253233597,0.734140133297985,0.638339921700868
2975,0.5954279963089227,0.6549058285015622,0.06221638892753873,1.965250499898167,1.958090063040533,0.07366602060087038,0.6933421475800726,0.7110768367965032
2976,0.6033719066979711,0.6559740423645994,0.0536402431705174,2.4073152059260168,2.2787847181041094,0.12902031732000574,0.7614137182485119,0.7027691642128477
2977,0.6330086796189416,0.6281761602718509,0.017295052813886984,2.7387288725585903,2.6945344007479655,0.08777337286248446,0.6852529505900719,0.7023773858547133
2978,0.5858607945259737,0.6483153746610308,0.06434266857118157,2.995648953527793,3.043037445064135,0.11054848026752609,0.6809768803153896,0.7236861187146157
2979,0.611162554256494,0.6500286892851269,0.05238633484986304,3.2963965823195265,3.3128762919387302,0.09689272817873507,0.6578539996005676,0.7091108095883955
2980,0.5727304425458113,0.65565171646745,0.08322787503136762,3.531371159979037,3.6057210788785055,0.09034194851172132,0.6515837289382095,0.6803714542231528
2981,0.5945120729227431,0.6357777482109728,0.06085567779574989,3.8735929819580304,3.8798792473263806,0.13321584331598615,0.6963204272437772,0.6906778181308817
2982,0.5646444000444644,0.6344168170140233,0.07483414035453294,4.046624114679976,4.135384252910521,0.10980997141264688,0.6944795564364279,0.7173288919238889
2983,0.5504663146639244,0.6248391148046433,0.07925704229200681,4.195382802382787,4.2975465362743295,0.11633525532465425,0.808490493292378,0.6527158043280006
2984,0.5618724847733516,0.5980745112266616,0.05053745147105448,4.314441317585978,4.299590109775579,0.04051932028329807,0.7127797442220788,0.6866000813612626
2985,0.5526748589850113,0.6012254270642481,0.07422917483411508,4.207011190345153,4.305760100597394,0.18404998677949197,0.7084286353876728,0.7449639980375721
2986,0.5310973888551079,0.6047635298592161,0.08996752482223522,4.123305354314853,4.31712831251911,0.20986716777826028,0.7047132039613624,0.7050535759845863
2987,0.5176378297589909,0.6052231160327587,0.08850750376446141,4.129524669187523,4.260108518432344,0.13422247839504062,0.6460116877533311,0.7249334687127595
2988,0.5048360285986656,0.611186397882331,0.10968111370579468,4.051337518306229,4.202000165520411,0.15179404734502,0.7123618461020333,0.6647006979362661
2989,0.5167836538944535,0.5615037458884461,0.06115962285151157,4.023958039994317,4.0630714248293645,0.04194443575495381,0.7110616973651733,0.7293903641579977
2990,0.5376453057723745,0.5682195516048967,0.03717636916082543,3.8565538757753943,3.9133081561853342,0.10072125345962096,0.6469566726073863,0.7191284828062551
2991,0.5792468512690386,0.5881366803303836,0.018172556701638882,3.7524524988496135,3.7008552034039264,0.053954066682560746,0.6475907988287657,0.7345889512316248
2992,0.5838258229197724,0.584317025789788,0.03582373565865519,3.458545477720003,3.4750456749360374,0.02869165809088425,0.6884505376724706,0.6951262716305026
2993,0.559270022826452,0.5875070949647964,0.03052088226891926,3.1865008359681184,3.242095137621005,0.12469944153548955,0.7270201106207497,0.6923138959407784
2994,0.5630719673595712,0.604940946483319,0.04720815636972165,3.051322449087604,3.049839280595816,0.06434761265654812,0.6765493044869254,0.7155586921590654
2995,0.606805000913301,0.6118633878612402,0.03907769238469558,2.8172053606309277,2.7606399129130184,0.079821202337709,0.648419029461666,0.7071142063182616
2996,0.5915300069607489,0.6115857062513841,0.02583761901678279,2.428194433408078,2.4651139200334238,0.11660426024085552,0.6480840060896921,0.7133948588430484
2997,0.6263897519944576,0.619967310106204,0.03240399910235696,2.2030310740762187,2.173626887885807,0.12048164479601782,0.6505379862857619,0.7519320794001603
2998,0.5732322833378855,0.6315868809552796,0.05975217923475766,2.0034192271323974,2.071500753996947,0.06882784245432483,0.6463238970486863,0.7422549378165093
2999,0.6224474253683856,0.6314807125392405,0.02354697801970597,2.2369498983092977,2.1453345675062723,0.12542522369278217,0.6953440752979752,0.7179411057668226
3000,0.6402771461781622,0.6475411666666996,0.015077765031129814,2.2110222457862094,2.1763818398691614,0.07343071306283883,0.6643856845594769,0.7259962512848682
3001,0.6438581352517775,0.6653639425439396,0.03068598526852717,2.0618490714888154,2.0817283698862066,0.038257231194958115,0.6616332431933726,0.7115282554563269
3002,0.6888223199212907,0.6757560612107784,0.02180556374128767,2.14027004104348,2.0673964516451373,0.10213507762513148,0.6456812140136238,0.7165581177156765
3003,0.7032081769993941,0.6787104588787638,0.02673643229375194,1.9962445653082719,1.9537091948487255,0.08738824923138587,0.6460480136493852,0.6859438811124728
3004,0.70308241252347,0.6951815559058309,0.029381421425437874,1.8256662944615356,1.8359314399091948,0.08040004864491178,0.6983282494984964,0.663049675775176
3005,0.7023170427061814,0.7132252813807767,0.01259089489307117,1.7309576656185657,1.7661102002039033,0.046938338826006745,0.6998941984611974,0.723469683491688
3006,0.7481427785191224,0.7394731130912697,0.018729167163152104,1.6895020820974043,1.7092365434036914,0.04272733145726956,0.6573930411469555,0.7307442146621285
3007,0.7228366210929399,0.7581374066191446,0.03698852003161068,1.7236037042392016,1.648575869533084,0.12868352830162494,0.6659336701715611,0.7253469849221108
3008,0.7378363151197481,0.7700454851437433,0.039496925063490534,1.578281957099567,1.599269164657642,0.053235760054563985,0.651284406340273,0.7164551292064905
3009,0.7633893017126155,0.8006838880980459,0.044537382197815056,1.563355236648681,1.4808991342984557,0.14680123231884099,0.6536883671275773,0.7084434866266526
3010,0.7874218710164863,0.8124309111298434,0.025054238561793143,1.4830082066428356,1.460150016877635,0.10088531057150785,0.6760921903315082,0.6782901844206379
3011,0.8308215875925551,0.8578275997168417,0.034442572797010206,1.2851108222647787,1.2803709264432326,0.09590552741868054,0.683283325878157,0.6419599201973178
3012,0.8269176185763502,0.8633278899432878,0.04337412517958896,1.2970475812281814,1.2154006796938353,0.09930402488315589,0.6536279111809915,0.6567533381502584
3013,0.846252022008642,0.8522593505672695,0.010363713159524508,1.0253816087737249,1.0689660930874976,0.04861066054723489,0.6509102866240465,0.6854164756185808
3014,0.8593238935514994,0.8906617526580676,0.052914727935276844,1.0027262715595922,0.9469662010263843,0.15982259738884186,0.653650739078869,0.6911456451787703
3015,0.8915171497036077,0.8899139946476238,0.013123571007850273,0.9909867740223752,1.0117520169347642,0.0409740721929182,0.6795972619764379,0.7385438367707863
3016,0.8975103705082769,0.9008105028029664,0.01325840358289688,1.059169301108183,1.0280075460367033,0.18852434809173815,0.6979441299490119,0.7188344197024157
3017,0.9047659954211775,0.9667811666838373,0.06480504015190391,1.0943669098843787,1.0382504977182894,0.08676010645820566,0.6575758492069489,0.7096062179892493
3018,0.9050401769439361,0.9301730848886473,0.03678094879238988,0.847890023202454,0.9651249118621441,0.16976327622799112,0.7049255057342474,0.7014766747622466
3019,0.8847365504896436,0.9581789249173338,0.07386265135195841,0.7846169626865996,0.8115791926291526,0.03611919838092052,0.7357277339940649,0.7133931530903026
3020,0.895272298084281,0.9738207963095447,0.08170341219817268,0.6791372115567761,0.767152021174051,0.13967531952960627,0.8561919101970091,0.7057459628165812
3021,0.9004988431029226,1.0255466081477222,0.12513986852093553,0.586426089788281,0.6749826744416784,0.09079572396427485,0.7945236370983288,0.6663868893139826
3022,0.9550735179163038,1.0381571030901289,0.08352948466536018,0.6254426350855941,0.6154006349999941,0.08873772316253484,0.8305617039023168,0.703344144200336
3023,0.9670266353756392,1.0233066835897586,0.05815825978181181,0.332772657745058,0.4066602970191874,0.1921492664608688,0.8459846515591671,0.7031237389443243
3024,0.9446369175512539,1.0560690050550203,0.11361859035010294,0.3731192355732019,0.25156100088241046,0.17439745773825524,0.8072177720387124,0.6752871924038477
3025,1.0330161843948353,1.0788877352744415,0.04749146049891307,0.27222573343637435,0.24558436331114902,0.10770090309434731,0.7863064941926234,0.6824062469725352
3026,0.9511562298544234,1.0644609453836167,0.11333571287859229,0.2720236895484802,0.2894356856518165,0.13188480068953837,0.883402869866145,0.6740535729009182
3027,0.9890287109802958,1.093665091150517,0.10564402854367798,0.1855159717984394,0.22441456396757198,0.06249185949643675,0.8233065028190396,0.6917629585524602
3028,1.000459589369389,1.114784807580529,0.1143276578586819,0.23256449923245348,0.18638703069888227,0.059778339056654486,0.9091944086852518,0.6746442879437958
3029,1.0189011292416337,1.0864543144417902,0.06888911263897968,0.23188690813162913,0.18510158299352347,0.22502693130275636,0.7696340342431526,0.6714296011386187
3030,1.0038469893916278,1.102940886772975,0.09942372129438157,0.215410825505145,0.22088901941053776,0.16379880904569025,0.8660557256087442,0.6788669495570379
3031,1.0092977084537014,1.1026929650314556,0.0954202111500121,0.29328997893345493,0.27016187190627144,0.04525889322336302,0.7578290282199296,0.6715789822891982
3032,1.0236812037328265,1.1143081805322335,0.09068998070798712,0.19253086577652292,0.20727461494184204,0.10235622077595263,0.7994837529501972,0.6783660738549554
3033,1.0187820196923163,1.128211136006402,0.10945367151758119,0.29199240272383753,0.1909401376315594,0.10186974183911866,0.8778520845250397,0.6849027145946446
3034,0.9907631125793344,1.1026217364509134,0.11192216875367225,0.10370633802600027,0.21214582683555672,0.11685960075788104,0.8928256547558261,0.6574771362101246
3035,1.0042142437896702,1.1110877878418128,0.10739900853087991,0.2181990110191488,0.23042965028342502,0.045192607786205194,0.924013411684026,0.6463060585900071
3036,1.046242426849735,1.1232267228179071,0.07725687827773903,0.33314875040113384,0.24663226190858353,0.11024677672371899,0.9246365447138604,0.6529229836350001
3037,1.0597593156185436,1.1464557293739568,0.08708233616815608,0.1946677312877262,0.1864443762992108,0.08421194282557422,0.9227844452454285,0.6351963718516862
3038,1.0421343549731021,1.137175077384203,0.09521355832142084,0.15451319850310669,0.12600270765957758,0.16410003887408375,0.9213824546912724,0.6336191246194703
3039,1.048066307295291,1.143232326299024,0.09536014293154825,0.10291470919563545,0.16043165775356413,0.06597853920929227,0.9001162282519819,0.6554024504627348
3040,1.0728681687336166,1.167012804118551,0.09439459407572898,0.32835575563727853,0.22997368236721383,0.19440248626783233,0.9175763684406002,0.6492906371990732
3041,1.0713452981759126,1.1696371299536397,0.09854044296706414,0.1341313125318285,0.1671549068126269,0.17079482786496714,0.9076033344051337,0.6329736042561125
3042,1.1068477180974028,1.1533147586624464,0.04728350717467917,0.2864995798562203,0.1960322500662523,0.2451105096053059,0.8393029199052149,0.6757576093772905
3043,1.0860690238378294,1.1754025615577144,0.09240567224130566,0.15631862760945972,0.1462947461599218,0.1331888236640769,0.8141003850580322,0.6296191039550181
3044,1.0681053591048388,1.125217609996558,0.06063544901521511,0.25885782009375996,0.22025547972835388,0.12093983107487818,0.8606378602123934,0.6259723023752043
3045,1.0266200601868858,1.147699404289937,0.12180764487378404,0.10906809080215517,0.13225737219213296,0.12778270704345926,0.8812790666440815,0.6339067211284126
3046,1.0671289730440163,1.1609850509333166,0.09735623431602053,0.13481613430184308,0.12113915379123186,0.16458860338177325,0.9183518943744101,0.6051479485098816
3047,1.0753624170683873,1.147309513471591,0.07420748054029826,0.207489289165912,0.166690713126573,0.11095179351296387,0.9182236769115658,0.5973234124426302
3048,1.0828214449113123,1.1658790952153073,0.08573413707271937,0.2186705460362711,0.17637649832374436,0.16887593409432358,0.8579567882640937,0.5644716978023925
3049,1.0782904575600756,1.1311975474081128,0.05695225990694581,0.10638266362608594,0.1313688727564405,0.19548396641333055,0.9089703361161527,0.6149925128014299
3050,1.0890457615700666,1.1206043558966394,0.040062983654134215,0.11841075247920813,0.10979000658538103,0.16088194764949537,0.8014015003782615,0.6146756884815068
3051,1.0938535334171509,1.1676433522726941,0.07531349070330447,0.16894477767356061,0.1407302321423366,0.1653786201725196,0.7973971959241285,0.649097996181489
3052,1.0999858629757426,1.1413706722678578,0.04439477647312205,0.16317299573598743,0.1646983763059692,0.12024011294161187,0.818675740608515,0.6074996633843857
3053,1.0906644189134713,1.1622649761450714,0.07470854183361818,0.20280866852752483,0.11520769039631988,0.12358698897067982,0.8367956581646404,0.5755810710520051
3054,1.1034618281651916,1.1048911671962254,0.015428606801010016,0.07702938683604338,0.1180211642098165,0.18536265357951737,0.836866174619944,0.6046577788103111
3055,1.1095805589781889,1.1372653141249773,0.03659419311492096,0.16978336012289277,0.09626026012345829,0.07913546348772209,0.6821840900692806,0.6339375755843442
3056,1.0481801613508497,1.1072056212916,0.05927323559760554,0.09568464557331419,0.14315021771928457,0.08523276892630134,0.7946546968285475,0.6391710740396683
3057,1.037770407228487,1.094301353390851,0.06361420444003435,0.10932409987656842,0.11344867945530403,0.17192482923689262,0.7866326095412456,0.6220323227748363
3058,1.025977922255956,1.1247970884427854,0.09950021904312434,0.11838477187170228,0.09624750317774028,0.18336913144983533,0.9177294687110709,0.6586443899225665
3059,1.0055936207345924,1.1311308498854806,0.12579722923551848,0.23095266077742221,0.14460648250885308,0.13994983225615867,0.8931006377843014,0.6682178713997151
3060,1.0041014512366322,1.112339964671744,0.10855024608993052,0.16018606920603073,0.11800696016964242,0.17913799273730574,0.9207115365785099,0.6337931890243986
3061,0.9888391943721629,1.1152451911058734,0.12740499867577953,0.18182712784151633,0.05100227701976374,0.13582976510426453,0.9105989707520559,0.6171860329610148
3062,1.0068881923675004,1.096787452707434,0.09210283626699926,0.1428333530534756,0.04929383559349323,0.10140380228579658,0.9033969016988166,0.6585433469720431
3063,1.010221768704736,1.0854378302311356,0.07642587864588933,0.15307914874911552,0.05143119547455499,0.11634905794052296,0.896042938489168,0.6509314588463524
3064,1.0188099336528855,1.1074944456198548,0.09165916164492202,0.09892330260837624,0.10856595680429466,0.08387524906045768,0.8022857115425115,0.6108537350473441
3065,1.0043505181593624,1.084329505711136,0.08371477506446254,0.24871767914867388,0.03331425628553114,0.2189253022988976,0.8543945182543002,0.6239617500003021
3066,0.9858648216540354,1.0951386979964868,0.11271543376888689,0.11085441349160208,0.06896161574751368,0.04456440749372247,0.8244555534840636,0.6661972940163801
3067,0.988342796728877,1.1022931012931252,0.11506627723528547,0.10764028062482665,0.10314435501520099,0.17691662148451207,0.8747779074334703,0.6685186651584494
3068,0.9806393057222843,1.0726359340838962,0.09323605058865699,0.06815131548658604,0.04551086362318345,0.10772066845437518,0.8567884772331624,0.6836483858791804
3069,0.9936263696802837,1.0908293048222162,0.09819455071919522,0.03677310790497428,0.05367430487049839,0.08664604047529612,0.8118960028327241,0.719174037075116
3070,0.9664608199835619,1.0735146703688356,0.10787273126748341,0.08062701409148157,0.06975643750551196,0.12452632688701382,0.850919367374641,0.7157409448742009
3071,1.0462223286434136,1.070321129665102,0.031217050553912367,0.15370485778634532,0.08819625725518057,0.1916644848497888,0.8505282443825117,0.6862193356173802
3072,1.0048055330330186,1.0478481433180982,0.04731057745604505,0.20107184433486353,0.21177989869085878,0.1907212466142341,0.7321592157226522,0.6745432610999904
3073,1.039450416730084,1.0615939622721224,0.03541504915122748,0.1269933893558136,0.20258388223814638,0.17299761931457788,0.8398948051663517,0.7130175691820068
3074,0.9646544115217983,1.0436626846964496,0.08154408767033153,0.216852543602851,0.2007708559876466,0.059715187875454455,0.8938658557295159,0.7259355609122012
3075,0.9898355444176689,1.0426264309390283,0.06061243597667118,0.2563534358138825,0.15414040372818436,0.17691627345148042,0.8016010066858513,0.7153839303778955
3076,0.9540164904632448,1.0312024972559948,0.07926015896757671,0.13489018154810514,0.23842612746962516,0.12330747289408381,0.7937573242187563,0.7328145119176358
3077,0.9500425226142062,1.0173085816841454,0.06951224801819246,0.24240624392636634,0.2368409514947698,0.06271401567679732,0.7363423228408286,0.7142864560466866
3078,0.9445848777477277,0.9939585182752029,0.051284272544357246,0.1469755213305872,0.15810142589518114,0.13355541120784845,0.8794856245950438,0.7004271571566003
3079,0.8927769453360682,0.9524732880824339,0.06682208750587147,0.1325831694818569,0.23908267650358797,0.13591219179692368,0.8629948406483993,0.6716816945388907
3080,0.856638249682488,0.9470093054074427,0.09426602132701509,0.2854587142026116,0.23177581928645075,0.060059288309100824,0.875230555716769,0.6878840890649413
3081,0.8497366137750176,0.9128481935408677,0.06588029042779212,0.2664390477550996,0.24771819364585354,0.11401223837123158,0.9207376326654425,0.6948865927125895
3082,0.8180696995811695,0.9008639257305826,0.08288018574520291,0.23681848432011715,0.16738102841253183,0.08228596549926935,0.9228325531438851,0.6972958931448456
3083,0.8118667127033609,0.8772270291258636,0.07003515592800706,0.25829535111318636,0.18058106890790682,0.09930503589863753,0.8111796961851487,0.7215201399970045
3084,0.8176367841157421,0.8473576176047685,0.03218727045617173,0.15090356506298352,0.25299079100728844,0.2463473348826791,0.8835921097588191,0.7095361756410851
3085,0.7734400312846123,0.8486344396380281,0.07678127716604785,0.2385611728465155,0.18729254237977724,0.16900873498601257,0.8601796679276733,0.7163364359475652
3086,0.7763401849160717,0.8145870819604639,0.03874630110503865,0.29609171217112995,0.26847644348556304,0.03343002435609261,0.8898402343629299,0.7082188549481443
3087,0.7737299149087953,0.807791161691835,0.03408836469989948,0.41940711301911204,0.41390055666618897,0.019227993571100405,0.8641882251821376,0.7267187557137798
3088,0.7459944335964119,0.7797051446714159,0.03519926256159911,0.5433167335476654,0.5104657330893708,0.05327649952856054,0.8762551166969577,0.7305390612896261
3089,0.7065145971398777,0.7549412933428582,0.049109930568588145,0.6094399233883171,0.6206553037639251,0.06544902475148523,0.889228873758011,0.7254378951427641
3090,0.6976536515787395,0.7443359326565057,0.046707980070851564,0.7422831778975638,0.6994353724236915,0.04991264420459856,0.8712565366920733,0.7192885449488604
3091,0.6821978810115814,0.7167676610308544,0.03499964203892431,0.8607666354683327,0.8092407658989161,0.13168061419451146,0.8698548634649836,0.7305471004198635
3092,0.6672931961414251,0.6982241286951794,0.03221745092972348,0.8963579210840428,0.8937028538405043,0.07067730763486935,0.9067079146281938,0.7092587436261659
3093,0.6648367591757453,0.671482693783367,0.013924525750380095,1.0790129465837746,1.0405446472249416,0.12303476089897228,0.8877575425528528,0.7066423455413642
3094,0.6324310685376183,0.63709027759781,0.01235304684641767,1.3735123368422486,1.3596427809436338,0.08250064776899196,0.8387200812354325,0.750358503689745
3095,0.6034361866912878,0.6201659556163157,0.027828247632821775,1.7307872296364952,1.7585392728355171,0.06976075191326003,0.8348208273071543,0.7533435180992918
3096,0.570407981548613,0.5945140635424072,0.04399689634993107,2.113502115892969,2.160623602604549,0.13716921902131643,0.8232233771927602,0.8025138789865112
3097,0.5585335716749923,0.5594646035756972,0.014335592407057323,2.5328934964292387,2.5391988301179027,0.15350361408626212,0.8816985725591661,0.79931548855471
3098,0.5112411012016675,0.5309253660596661,0.02203484170212358,2.941819480861648,2.9427433790165094,0.04142276180041665,0.8277094451902008,0.7917873481093054
3099,0.5054466488229147,0.5312874333708923,0.029732458702662095,3.291067418379468,3.2567033440335993,0.036556883157553656,0.8401391553016377,0.817461584735584
3100,0.47849062191185615,0.5103152064573914,0.03574664987815214,3.5471602160485864,3.6001476238402375,0.0553511906209767,0.8880236912398651,0.8346470195427252
3101,0.4830076257827336,0.4923819455482586,0.025941602588697592,3.837127852827116,3.8764577832547666,0.14374310885278646,0.8116559874217965,0.8111193166621896
3102,0.4802861561547786,0.49999155305333914,0.023619824369787313,3.9685363801450992,4.056408976056142,0.14907229707938696,0.8470722875436094,0.8298279241807491
3103,0.47881554535309917,0.4766985354513724,0.008639599834212081,4.063893296789305,4.185072915131423,0.1955035871048105,0.8310432990843266,0.809501745793085
3104,0.45613031926579606,0.44916059035094835,0.011193752623926164,4.189074362434495,4.215919926687051,0.09423184374958311,0.8109549067834679,0.7953691452298036
3105,0.44607461000833193,0.4479582046233644,0.01499897275372152,4.236197979816236,4.210063407086335,0.12505609611028218,0.8505826056158575,0.7352296364725234
3106,0.43324905401526287,0.4560649362699323,0.023049203098475746,4.205356038110204,4.215707979790564,0.05125081992066573,0.8516115498501623,0.7167479526331672
3107,0.45456190137213864,0.43267891806468634,0.027881200755803828,4.118865624968305,4.155601519515645,0.13444980456711095,0.8269025387727973,0.6974697546707315
3108,0.44236183594420275,0.44133710571586837,0.016943712800398934,4.087437260432477,4.102221793707945,0.15575858981754911,0.7788291288095889,0.7043255331630227
3109,0.4552772335355621,0.4556037419015568,0.007140625403158027,4.020247941055781,4.094540834205814,0.0980880976814953,0.7366702939874777,0.6631969160407408
3110,0.47134398296893903,0.455104797959312,0.01681879603915207,3.939047143734473,3.885005841682526,0.10654479424834788,0.8274405030360118,0.6829263723115003
3111,0.456856685029902,0.43959519737537184,0.017833493041654744,3.6328185878710992,3.6233634163794433,0.06017515403751723,0.8425798134373101,0.7000423915631518
3112,0.4722551886465604,0.4928666482622861,0.025561336203275258,3.3312928319350656,3.3558711330345936,0.14353172452325816,0.7911259591120989,0.8076374535759226
3113,0.48938617164850723,0.5308623467479847,0.04506209788998451,3.065934542982077,3.038259798495486,0.05563347232926511,0.7398381002412735,0.7268521362187851
3114,0.49279876062878375,0.5615339022976985,0.07304341163750677,2.793197170950276,2.7193226961343826,0.2104345686525516,0.7690866509378884,0.7468353808095949
3115,0.4971780990439713,0.5517836131495317,0.05999986391079122,2.2218648879293434,2.2999786512647082,0.0951746620026343,0.80518060825194,0.7418814532191655
3116,0.5236578422846709,0.5577401958938343,0.03722822352328395,2.0220390133704846,1.959095870297815,0.13136566088619833,0.8311593162559641,0.742257804046231
3117,0.5294228313852629,0.5985852486403264,0.07079948432907825,1.511124434092161,1.5770733586045873,0.11594695055908426,0.7581600892272323,0.7317227256349659
3118,0.5525958073372835,0.5630852225208061,0.015186667921984085,1.491386273591726,1.402486615229346,0.1343013374732095,0.8712389822771773,0.7351521458829648
3119,0.5735615103453049,0.5628533561287286,0.019736646590232467,1.2836227490722456,1.2235863813502499,0.12495411214201818,0.8621055961243997,0.7044739911370143
3120,0.5695278959798898,0.6445570775504571,0.07740500772479408,1.11486714133448,1.0459992525208224,0.13958339850335819,0.8828356075424448,0.7364111411980533
3121,0.5974162389281942,0.587594234270749,0.022817810314202165,0.810245495402447,0.8464562016178875,0.23293812975766948,0.7909454804292388,0.7385118744296251
3122,0.6079159341949996,0.6512379888484711,0.048186051293483544,0.7169381389384579,0.8426031543133723,0.13155404443722124,0.8704565225770331,0.6845020214861777
3123,0.6217265202538812,0.6602445668733145,0.03969499035053278,0.5730899941758458,0.5760301406256868,0.12147150633315694,0.9230668166229778,0.7082663394410457
3124,0.6376253508758956,0.6710455782184015,0.033702850097027955,0.5509434746097216,0.5607708304917042,0.04070234086531535,0.9250605908286862,0.7480818279434964
3125,0.6501413044072327,0.6480685105701313,0.014695515978392889,0.31381880052173416,0.34212420948619887,0.12807232382265024,0.9203742987723073,0.7364736997329068
3126,0.6865520934302606,0.7159758293722509,0.03237072423373336,0.17894851736742237,0.1786369743788895,0.13641028159839685,0.8955677157813617,0.7389727034039449
3127,0.6861266655335927,0.7020722168073074,0.025580150646433566,0.38053966832204106,0.137157059176129,0.3454181151148712,0.9232294027657166,0.7571111609787985
3128,0.7086460643295908,0.7273409659472546,0.028602167007265148,0.33892899490543243,0.31031833080977195,0.11502136890786052,0.92441144320067,0.811319758726713
3129,0.7116876265088222,0.7463158990198933,0.036877062909087224,0.35412137951115474,0.48845443491823465,0.2840606129636407,0.9252109009324245,0.7300163377583454
3130,0.7554879730901737,0.7576738063814057,0.014082398543352099,0.5992783734180286,0.4370864073611944,0.2150262873195294,0.9215653961103508,0.7520424271681884
3131,0.7549003320267736,0.7862287943474452,0.03389277671923414,0.47734341600916874,0.35823322586944834,0.19695942761635982,0.8788520672928367,0.7550649612241653
3132,0.7922853280824798,0.8188208220104136,0.033114527996840525,0.43081878172820764,0.3649993036691928,0.29344499610602093,0.8793489843602531,0.7609467196426949
3133,0.7920500881518756,0.8373186711094085,0.045785924005768766,0.3762116390852609,0.3651691634643241,0.041703180663944656,0.9112827553196619,0.7408780639961351
3134,0.7914087041625439,0.8708118153671108,0.08362785093610216,0.3665710376916534,0.33483293048066876,0.09476042135167914,0.8542528381133818,0.7478502972961348
3135,0.7979039113080605,0.8736829854341265,0.07604836143834152,0.21549983943773027,0.24390121083612695,0.17311494885797146,0.9108995583374226,0.7669854208427412
3136,0.8133182046728181,0.9107855749113828,0.09807877051667856,0.2484724448524693,0.22819831133072171,0.06361663890433225,0.9034822845825826,0.7431402193383052
3137,0.8248635353754377,0.9027418504491737,0.07796072587919055,0.34049037916953895,0.35806508306335066,0.1418771147441168,0.9020843817673457,0.7206766103290092
3138,0.8624010369757006,0.9278969087158803,0.0656564984605139,0.22477329844734065,0.26477786214813187,0.1580538925912868,0.862825294072953,0.7160114104205766
3139,0.8759055347937575,0.9489463576694541,0.07332386639159501,0.33841869080972237,0.30486480850483394,0.1360262970199086,0.9279095283990062,0.681829125634924
3140,0.8911107769684318,0.978474245679221,0.08934038056715718,0.25354601260243975,0.19858410878490906,0.1836910966687998,0.899330539485805,0.674074709243339
3141,0.8815248057719564,0.9678675343853965,0.08769490812154548,0.4699435468334408,0.28582976973141727,0.2404686671019635,0.9034360796847059,0.6808643179078365
3142,0.9296819166389475,0.986774309517966,0.057375861027557845,0.31767298520267895,0.4530380900117349,0.1377722935322572,0.914594019024966,0.6686455935763007
3143,0.9311972022193001,0.9914359617157725,0.06059791652833098,0.4885980260359212,0.41663393911590957,0.11691834051921471,0.8367728112319373,0.637850941794141
3144,0.9633754848927086,1.0272064567222527,0.0660864674338923,0.23819853996487658,0.3075889534498486,0.13216542993038233,0.9203678454494788,0.6653619382914145
3145,0.967150473525675,1.0272760453390921,0.06034069291636758,0.16758442009673988,0.33670847861699305,0.2585780272074629,0.8780409732043085,0.6476861583573527
3146,1.0077811904281029,1.023473401782415,0.01602429620369345,0.3192576750410147,0.2810605474115021,0.04632752162591347,0.8964795958880969,0.6656485836843269
3147,1.0059352540424475,1.0480566045121533,0.04702962123862415,0.23804138229669833,0.2688347761224117,0.2459943954362404,0.7867202695118161,0.639221149362457
3148,1.0547398862749247,1.0702904389486703,0.022642991289030894,0.07051753444607474,0.17613847121632467,0.1579599205745706,0.8739771628681823,0.6288966769152425
3149,1.0372016097998784,1.063238734173018,0.029950324536017706,0.18322207840298727,0.1461054008841949,0.1863084531621487,0.859722573741447,0.6610735902798579
3150,1.0546335434017966,1.1140897942656867,0.06572252260424401,0.30583199911413833,0.25891677196418544,0.14159876568499769,0.8541471959286338,0.6313024432236545
3151,1.0633429801724954,1.0433829520518283,0.023756735390910604,0.05695107926096709,0.053065890743687075,0.04412303715437358,0.7586227083387729,0.6276062801394885
3152,1.116776382975556,1.0660442809218509,0.052700305037399454,0.15055538770595606,0.03978601571914609,0.12129978675861075,0.6513628815214443,0.60539648354344
3153,1.0863243612095912,1.078014639467202,0.01854387263365712,0.27808383111732626,0.24068917433020162,0.09664070656994721,0.7548256922285254,0.6004940646094641
3154,1.0385024732099537,1.1128619034088463,0.08134342554685711,0.26501087370840076,0.2817033116085959,0.06783322390379413,0.7692559806324137,0.5811992608512297
3155,1.0532582318486097,1.0658692077808962,0.019391786513617837,0.23818078255650732,0.2544688740395259,0.22758705557682987,0.7692978888644062,0.5854160921356639
3156,1.019044834478033,1.0795070510952003,0.060991220496004354,0.16320934889540434,0.14759734414486136,0.10751939687724153,0.8666009575885769,0.5921220110964072
3157,1.0249359448242246,1.0822305378012436,0.059488951584474904,0.36827112914165955,0.300865817810007,0.09058955062666109,0.7844141583656071,0.6028681502002381
3158,1.038267054598658,1.0891843198450861,0.056230406758651166,0.25394382535298,0.2333548490472395,0.1504156000839035,0.8507523077827757,0.613183315197884
3159,1.022299514597802,1.0712428995715273,0.05140582325020407,0.17649753925224315,0.19188755052785791,0.20882695745194135,0.8197199517152605,0.6241688874777285
3160,1.040869343500077,1.0956971220558582,0.05540238818394445,0.21780830799140782,0.22634392397900757,0.14649978095372185,0.8704453164453868,0.615597264847159
3161,1.0465441261333375,1.1074758446116284,0.06326190284944774,0.1788345203458131,0.24971211466876686,0.2802914918199382,0.8874827477814683,0.6121205366595888
3162,1.0588264337324278,1.1146712583354892,0.056626367936166315,0.4428214585546445,0.46350127053508156,0.11565369253706076,0.8526677172953202,0.6303317319838406
3163,1.0521065455732093,1.1022400404529544,0.05127430418688359,0.4099770540919158,0.3259994333557859,0.15161118157306633,0.9193186679395147,0.6348557704354149
3164,1.0667160032415932,1.1104250976993093,0.044670296472822335,0.049096884781278556,0.14808729018600106,0.1515765426630329,0.8540750420026304,0.6565590832409265
3165,1.0289613756932476,1.0643447839075157,0.03614664910904997,0.2549969733762418,0.252859735476139,0.04432809561034472,0.8370499842395123,0.6417638344235748
3166,0.9957082011539077,1.0893881547340654,0.09385298830493906,0.26256508630645015,0.34098337651716537,0.1531312855861385,0.8597650769573254,0.6459454679904337
3167,1.0214619625788999,1.0775583098465007,0.05827107297998298,0.05844451666119256,0.175955549792743,0.1676401946572168,0.7935661050399396,0.6331623427587799
3168,1.0426319740130938,1.0576567869959286,0.021638130400092572,0.2661493408852346,0.3055283027288293,0.1061225674458695,0.8339748409086979,0.6758107806318137
3169,1.03759893910722,1.1203058458152972,0.08459430500408538,0.21274692990082752,0.24112527929708794,0.18785356125749395,0.8418176755733997,0.6102031237055172
3170,1.011094841197288,1.0960805526573536,0.08785287421851531,0.15893680582237613,0.1554053877607513,0.21750731285770383,0.8739692471364926,0.6047480192029632
3171,1.0633135314882642,1.0853215104106126,0.024021138930977952,0.3328658406710521,0.29107517501514873,0.10149869285077968,0.7954372748261652,0.5910741698021674
3172,1.0981287336854635,1.1384708742895,0.045781613794171894,0.05614990532219767,0.19266092468281615,0.14106965014034253,0.7706524461254287,0.5831275880110691
3173,1.1176424973997992,1.138917090160807,0.04969909253406321,0.20229479825761854,0.2598394915420489,0.13004369570338248,0.7678963890626888,0.6053438104808319
3174,1.1217140085695376,1.1651287901294634,0.063614891478341,0.3698826773478418,0.28794860118428356,0.19537752129563007,0.7645573647018107,0.6185636768499945
3175,1.0726746932662026,1.1489882345536413,0.07928343287075545,0.12088182966284354,0.22897524706086694,0.15559584844653554,0.7447382876539033,0.6451398913692336
3176,1.0774917275910731,1.1352971967497525,0.06306776786515123,0.25452944296756397,0.3201365775673549,0.11910019774034047,0.6872717896122542,0.6230156748361887
3177,1.0610430401064306,1.155251636799025,0.09925532144795111,0.22941518711777314,0.1489637424052006,0.10877620776832324,0.7829423409622696,0.6644073077714308
3178,1.0460701904029028,1.1752673658224735,0.13136725661920284,0.19456554504444848,0.14517022264920804,0.1266242689648168,0.8481104678369539,0.6733320842867658
3179,1.02046386696758,1.1516687366905676,0.1317704771770124,0.3559661134309985,0.16105222600562616,0.19958427278945354,0.8637232840421833,0.6470522973214332
3180,1.0336208788963095,1.167414278025987,0.1346508724225292,0.2521397362044333,0.25991014075819746,0.05428232286343225,0.8479997677897397,0.6681728367576797
3181,1.0628354213660647,1.1326714744013902,0.07078673114744562,0.2209807465259816,0.2907649130238507,0.08767080469664501,0.8364233600259153,0.6790581320357089
3182,1.0860128265168092,1.1486356818483905,0.06393268881787682,0.12454664227285545,0.14431073940772363,0.11189948878257629,0.7120753165170289,0.6787721573026428
3183,1.0789616495270768,1.1736445901207329,0.09528156830656695,0.12078047765558088,0.19052062067946066,0.22237675859285608,0.7346212557782602,0.6696514245290358
3184,1.0806706488171567,1.15294183082161,0.07264470580058457,0.32175719815128506,0.21074774259327392,0.15794686183329346,0.7729481261652239,0.6736468289660167
3185,1.101436353756132,1.153465143803071,0.05293208693387679,0.1362706354638679,0.20281017672631413,0.13052844230005142,0.7985815526980761,0.6618600730468203
3186,1.0642686809399284,1.152101872938592,0.08926141273650043,0.2442005197257557,0.22288831229807216,0.060835090135284306,0.8313611965261051,0.6370344318565153
3187,1.0491373246270734,1.1686230233320682,0.12018397629252138,0.24563810393752833,0.12020837628615275,0.13685794795807843,0.8372006195948101,0.6402014906011161
3188,1.0467575553827906,1.1605504580071213,0.11491876875632624,0.08145504711818488,0.18923697141805204,0.14919017668693738,0.882180422659058,0.6907863902574566
3189,1.0474772753842336,1.1891059320558766,0.14176481538674202,0.3985743395543685,0.281612558852288,0.3339269508018003,0.8175083096333418,0.6899289490102796
3190,1.0020912894261034,1.201204081351702,0.19949655504458594,0.13866352693696662,0.03293834407426047,0.16546382281024935,0.8335931740077436,0.6959622271504475
3191,1.002707643643964,1.2338431101996292,0.23134727295624352,0.13967864601329863,0.10097860940730377,0.17678516491691823,0.867442136014984,0.6918459314345166
3192,1.0364387895165028,1.2834601225490214,0.24779292969220676,0.20508147028061982,0.22261015599718056,0.07041359628805029,0.8539895488738727,0.6489394261675245
3193,1.0752949979532291,1.213581394056179,0.1384407167906762,0.2845854518118951,0.236854712598224,0.16966603465677516,0.7717888032740188,0.7179828372673962
3194,1.0561015218965206,1.2166352587501112,0.1608180499885735,0.17162556418493813,0.13342344016920923,0.2649400518709597,0.698566606724625,0.7026184326110416
3195,1.0301978587038163,1.2727898523329155,0.24813355627623676,0.1747817392102224,0.12252675017380484,0.17799011921017407,0.7397043799840035,0.6944810118661677
3196,1.0325912274666054,1.2072975709371994,0.17502750067007264,0.1555839966630469,0.2697596549874095,0.1695831207316303,0.7183132889064112,0.7341008863580122
3197,1.025524515701375,1.1874573209968615,0.16203804910409147,0.20185055614224467,0.26228344305221224,0.18299044647512858,0.817334348246161,0.6796712106291699
3198,1.0537373648033148,1.2685687184748125,0.22056676669217226,0.11069167364801628,0.2152051622670499,0.213672588355218,0.8525567638741717,0.697419585563406
3199,0.9889992583773067,1.2194016981326994,0.23304118144432218,0.45262686254175233,0.5265584224349059,0.14242924355744976,0.805671451716416,0.6972088903910579
3200,1.0334017449799018,1.2371808320173647,0.2087649265041272,0.47950550637407596,0.564356675277386,0.19674498003552218,0.8857384798257071,0.6835411404201654
3201,1.1215097059325005,1.1806436114984125,0.06003133689081623,0.19948012774289317,0.10921123489291965,0.2545123357371839,0.9002096553889805,0.7113203243357503
3202,1.104286185926181,1.2072053520787227,0.10556100658832121,0.3494843470362039,0.35583258300035475,0.13066357699792847,0.8704545457199728,0.6803198979675885
3203,1.0808650437859528,1.1980849612546207,0.11926049877615887,0.3193417669501126,0.37884690094809553,0.17827419849095785,0.8360345511383396,0.6678423047527592
3204,1.1119281484410959,1.1977485874250666,0.09023594696860956,0.4252503500328833,0.36295274903829716,0.0747262536446184,0.8648855014380773,0.6762444743764748
3205,1.0823042975489294,1.206619468790987,0.12675618117533435,0.18317336433847428,0.15112149680880646,0.08174780715507295,0.880495889668365,0.6451207832098783
3206,1.1145921951935516,1.1852426153735918,0.0717545660724779,0.11886206243685647,0.08745794735971849,0.12266292140026841,0.8846121663336481,0.6575260759896303
3207,1.1063849961267824,1.1844712662174601,0.08005263840824015,0.12932423713411065,0.05677422414804346,0.140364539625717,0.8816145267323359,0.6724552829355048
3208,1.1052611948471527,1.2148915018394162,0.11563392503040257,0.07573459348095035,0.04206589577249106,0.05071269474514567,0.8304172690083997,0.658626560182163
3209,1.053827056619453,1.1876092848596707,0.13381428933646305,0.33476031802640793,0.31549869067471376,0.14437827516740318,0.7674515262368689,0.5961634221682224
3210,1.0722660075797046,1.1926401488313823,0.12331509541655548,0.4400017266840967,0.5649563568050848,0.15388760470560106,0.8612031833640525,0.6619433098206978
3211,1.0727823656770075,1.1947646082442014,0.12589529076643266,0.010885275906463831,0.17578475706285185,0.18274884920569165,0.7993387428444612,0.6781965629326955
3212,1.0841173712652448,1.2012720095922362,0.11898095242817278,0.3983359093154938,0.33943227584248864,0.1441976288400011,0.8364819902954389,0.6576397021635167
3213,1.1289877168085525,1.2092659322101427,0.08240486155767375,0.48468167558760245,0.6194204573680971,0.19054784665879082,0.760638850610217,0.6393525149735061
3214,1.146939731171693,1.2107449736270024,0.06856128326798018,0.4350744693956964,0.5466244485548235,0.12089871609056489,0.7015980816336557,0.6319407187370318
3215,1.1105008751314378,1.1699968105077327,0.061712191609997774,0.3740098257215099,0.3743883801666689,0.037075268976691465,0.6582445856399377,0.647749362439213
3216,1.055351799515458,1.1812187173027955,0.12715275061087206,0.21305564517310463,0.12456565463239944,0.33282631957750725,0.7119929390715118,0.618651754730596
3217,1.0478121091585002,1.1584558143970236,0.11116255445134408,0.6802001244315725,0.7203099691339419,0.048094059805397084,0.6988229242579714,0.6078605187161615
3218,1.0500361970122971,1.1829142669328654,0.13306286431239336,0.7065383050975234,1.0490893328929203,0.38078680473090876,0.7516322114559519,0.6234153731156091
3219,1.0515440857436882,1.1771448170707444,0.12709912565408654,0.31243232875085075,0.4265242942596032,0.26059380965277246,0.8447589163100877,0.6092351381049652
3220,1.0604326407183478,1.1788392991577838,0.11897937362586744,0.34350407481070805,0.43381706121389435,0.26061371348738316,0.8368939802044264,0.6096168236893194
3221,1.0972007287096812,1.1482302184430173,0.06735261540664582,0.6324893109643921,0.7567319211278477,0.16414608279041096,0.8438059477071956,0.5912064780230054
3222,1.0870757349302063,1.1681457318179753,0.08279297219315215,0.4606075003933613,0.5326820906724438,0.19637341451486806,0.8965788159791188,0.6164132583386726
3223,1.0502689780195176,1.1724793488860465,0.12404847760369819,0.31278084284272367,0.40935441192892874,0.2513338597372301,0.858278187270754,0.6289494215896536
3224,1.0458524982482482,1.1378838605324952,0.0930920595993658,0.2541287752643492,0.3664375202709612,0.29916284085323547,0.9076317824051373,0.5956962180239244
3225,1.0635854475324318,1.1888711359754252,0.12557797261011586,0.08716489931315755,0.24276031549658061,0.21623924420708082,0.8441233137397971,0.6237022282627518
3226,1.0655741633931068,1.1304616117154709,0.06532776630769564,0.48958192163697994,0.524173010660259,0.07729359496386323,0.821009667622306,0.6377955296103329
3227,1.0503321185387957,1.145620826151487,0.10214281171256605,0.3968824350887064,0.4416800385914164,0.15501758038537758,0.8448208449219617,0.6080017900270027
3228,1.0361505146688526,1.107537097488957,0.08038119488781768,0.2863842420121334,0.3300538274627265,0.23775294001575123,0.8434728154093272,0.6280349786129056
3229,0.9949999347386291,1.1208084071346465,0.12671496051723732,0.3022734576976424,0.40360065292778396,0.2594113059161713,0.8648884999130269,0.6325524471485706
3230,1.0076490579830597,1.13525773801451,0.1288168686859485,0.15211282612977842,0.18099624152909144,0.07868858644673801,0.7618695281269534,0.5921425971658907
3231,1.0249439200873904,1.1334922941152865,0.11101662017175351,0.32368434143689423,0.3075177897502444,0.10799478690782699,0.8731415456823712,0.591996116708932
3232,1.0006956246462382,1.121665272746866,0.1210440908796998,0.4140363373537395,0.5879348958966032,0.19908246231130095,0.8026319068622189,0.5938362662424348
3233,1.0037306249308584,1.1236083015544545,0.1230444444937236,0.5054903437993539,0.5357647138899209,0.031221871619946686,0.8706800005229505,0.568005693546815
3234,0.9927728570268226,1.088272068619678,0.09604782442838615,0.31584330409995337,0.3837977034083489,0.10169770387062897,0.758135095148727,0.5990287984335598
3235,0.9852394923506715,1.0617414290877807,0.07684227228736465,0.2962347968458033,0.3961128691353262,0.1158872440428246,0.8244629179301516,0.6473928638569574
3236,0.9508294513875942,1.069612116870327,0.11938024547807857,0.4562204938916836,0.4897767677563267,0.03526383902902787,0.7654024847057589,0.580063159412679
3237,0.9681269054707342,1.015106513610878,0.047615147201968716,0.45126280429503357,0.5480152274945608,0.16237620316911114,0.756862523871433,0.6186817000725113
3238,0.9751812739967426,1.0806004476969293,0.11206664261665719,0.3486710340115298,0.38114321432306,0.12471645636049743,0.7646485380407505,0.5804017322498337
3239,1.006012144017776,0.9845025013982799,0.026849143593068395,0.3110102303347784,0.3086000411670249,0.17435869482061353,0.6971406697221688,0.5796000293097741
3240,0.9882041604048104,0.9952288486367784,0.01179574151052799,0.4082843203831987,0.3923145630735931,0.10241322769165181,0.6583318246573249,0.579523817326422
3241,0.9607811089941471,0.9952173833018997,0.040472615043630304,0.28878452072595723,0.30834282742337993,0.1386731137172381,0.6424042284965248,0.5625562280245473
3242,0.9875048084220371,0.9724021362797484,0.03936179860538686,0.25092968730134346,0.2926221754846894,0.23048802278252553,0.6365778766816729,0.5473524767254102
3243,0.9025196874661491,0.9161485673062464,0.02176501780332485,0.39146819512492037,0.41150171915521655,0.12851625169198932,0.6562674605046704,0.5832210416974464
3244,0.8099226383437749,0.9217820168546416,0.11441841227650969,0.23379552342476115,0.2725742693083071,0.2949032523776352,0.736726016903289,0.5516136702500384
3245,0.8153844189020039,0.9284493702262333,0.1217113186640919,0.410291586370233,0.3166486405173297,0.14941806671744048,0.8374240085542004,0.5429597616444606
3246,0.8121607832301871,0.9038414264662175,0.0969698154706651,0.13987427770952968,0.17934246184622812,0.12203235321533751,0.7940467240847189,0.5230544542288696
3247,0.8447838824968252,0.8971104841769686,0.061051463120004784,0.18185242707391075,0.09182223042695968,0.09840862914358973,0.8513088560783961,0.5143455442753233
3248,0.7770377193529491,0.8588721650656442,0.08719873688974024,0.41046445835119894,0.3120287110751634,0.10228948237808276,0.817508590695038,0.5401791880653922
3249,0.7749442247426463,0.8511525218877544,0.08502297784452693,0.4421792597197869,0.5370929427776587,0.11024674911944106,0.7964101785548329,0.5540092991579149
3250,0.7575455392840206,0.8173147913252147,0.06709363158689917,0.3901686790882041,0.5033458658186877,0.13618408960476455,0.7707768343606198,0.5465312364870013
3251,0.7029260329140748,0.8074939672656831,0.11328719440270762,0.3843357836675155,0.2736549697777348,0.1460808878110279,0.7816068352842668,0.5281268937312598
3252,0.6816721485912784,0.7719430900660726,0.09447878384237637,0.26810110478731497,0.20132725948544092,0.08710000431632735,0.7476123700279448,0.5414849965234722
3253,0.6713046948076845,0.7331039352692847,0.06205010997609989,0.21348003412156702,0.27500068934364136,0.10143779467063381,0.6884596058154591,0.5941393163700198
3254,0.6679696287965995,0.6887238316787693,0.023146543508290724,0.3456425286774794,0.2898407550013979,0.21842942150537586,0.8092272623359686,0.6105384823373138
3255,0.6063788220205639,0.6633664139177546,0.05713202991693445,0.28743045659679367,0.24924229090358113,0.06373195327986843,0.8062263277681258,0.6170338251675073
3256,0.6212885997467937,0.6394956258450663,0.024862549305221183,0.3733493047605943,0.3136404973633717,0.1409144289152453,0.7832426508378706,0.6144334684250956
3257,0.6137638278679627,0.6268496928519736,0.01341811133215604,0.42885793867710104,0.44369999703622537,0.11457494327125871,0.7025601925183205,0.6313951295829253
3258,0.5897568824667737,0.6157409767361889,0.02872809611207933,0.24821207237814608,0.159569888099347,0.1548833277411901,0.7840907340714005,0.6207668651248307
3259,0.5718102279316007,0.5832315438916916,0.013293794042559327,0.24186379648656406,0.2813079189918901,0.047063099113983785,0.7821097484009987,0.6844404776494796
3260,0.5458708497021202,0.5771534578447165,0.03655317787023568,0.4406841149547245,0.383544392389339,0.088422156727647,0.7973959507612263,0.6860395263937218
3261,0.5399614619740669,0.5509523544198284,0.018418805748036518,0.4840706666329391,0.4660617286620797,0.12250921466846373,0.651006466890482,0.6710575930884637
3262,0.5112640350214032,0.5292743125769881,0.023061119452815124,0.5728525046577794,0.715069328907484,0.16492447049204562,0.7313363224083788,0.6742807158476014
3263,0.5274375768230669,0.53803943007696,0.012066279199072175,0.9221488648308821,0.894233647710035,0.0506934615902901,0.738529321491824,0.6849908242440091
3264,0.48165555115565034,0.5063531037790169,0.04043098801538679,1.111701552866454,1.1853730917606626,0.07930415839477342,0.6927173123136191,0.7007645208572192
3265,0.43681746014294864,0.4834406000985584,0.04732728764608095,1.3671799957612063,1.4252034613859146,0.13560357031059903,0.7785285468052684,0.6954798659728143
3266,0.46413032242941005,0.47440237389463025,0.026091084819990673,1.6215450408085728,1.6336292656404199,0.13971745602271873,0.7338795005636709,0.7106892429969816
3267,0.42666884348473616,0.46366799935571396,0.03993911132383746,1.8458922204393735,1.8681660931080832,0.08429503739528219,0.7644003727148175,0.6915400238807247
3268,0.4247356056068735,0.4681367754633371,0.04459828440939233,2.077864168982246,2.0971781805357876,0.08447206951467849,0.6537251938691144,0.7227122652920803
3269,0.44429109889179724,0.46750648912344234,0.035642079281169116,2.2275592379820917,2.320732352659587,0.12589069780823137,0.6804240453151182,0.7239908903599587
3270,0.4330450691485153,0.4553127459846336,0.05281950448374275,2.3439170218125254,2.374819525911592,0.172095551494975,0.7061375436870472,0.6555781758538219
3271,0.42567054576853774,0.4510061697611539,0.026207201494961023,2.331699868663391,2.402843787396474,0.07898896259939717,0.7006237912116452,0.7332300215136748
3272,0.4228338862626255,0.4451663944616689,0.022368986225394853,2.4945285886470017,2.49584246936372,0.03545642580688631,0.7009113658551311,0.72873888950782
3273,0.42424526721177885,0.4366468772684523,0.012697551864821308,2.4634422752959213,2.5557477104981765,0.10056367372229558,0.7508281369367305,0.7109734280568187
3274,0.4182047790724139,0.43419057079929907,0.050565055002244695,2.5230031866157168,2.556311874588676,0.06327134155964076,0.7872491667032774,0.7136891482128086
3275,0.4351779511959804,0.4307177512565955,0.014300047814406282,2.4916662952253033,2.6093335551559194,0.15363856594874134,0.7141360706630208,0.7214142294905139
3276,0.43257964465644505,0.43964144040967273,0.04415003872424943,2.7812512465085004,2.8312285089154803,0.1195438488166928,0.7728265199575834,0.7312715263267993
3277,0.4240607356547227,0.4445786624533507,0.030384932647858978,2.8626958776069933,3.037134595695003,0.1779177217865993,0.7073578368045084,0.7371352444663487
3278,0.4606935284150981,0.4822840900649936,0.03273254062828555,3.0312484079197786,3.1542477118352856,0.14356676175497762,0.7907295218520562,0.733945169784594
3279,0.44786535241311687,0.4592147236325927,0.016768406544728887,3.0941537287680614,3.097568040613648,0.03432038931422212,0.7433775666763047,0.7566555031038222
3280,0.4558206089122698,0.47505335177807,0.03583764567986799,3.138528853629703,3.2138364806928896,0.07890887476138976,0.7840762159134962,0.7256221429056453
3281,0.4469017096173536,0.47325671015297627,0.0587235949615109,3.104572525145575,3.2587470007172237,0.15892354557396002,0.7837334166689881,0.7572375197640197
3282,0.4809842790156256,0.48398559726822526,0.014840307911524771,3.2215089609206333,3.3256041002532792,0.13810653339945114,0.7583816571349544,0.7755584783141685
3283,0.47151695813963024,0.5295082187810708,0.06001459898139496,3.170332706605167,3.34309728017667,0.19598154737183707,0.6949238015567639,0.7826382910259179
3284,0.4912172063255194,0.5227980460731022,0.03607919703138185,3.184762297527091,3.2438256284146547,0.11813607403345584,0.8066850291068688,0.802483186104582
3285,0.5386981574137752,0.49220555996685383,0.047385982845224765,3.087905067111726,3.160009225184895,0.2009982676727192,0.7455080887392292,0.7520181175272831
3286,0.52610498323086,0.5169652484986293,0.026271911690104073,3.0237554133170295,3.127143331254468,0.123682664836426,0.7304201949206919,0.7488390736767037
3287,0.5200196220486041,0.51008493984508,0.026355962397465228,3.013967064719009,3.0344649198178977,0.07798513405402949,0.7765682147400097,0.7893257715858585
3288,0.5381352826385016,0.5312756686700946,0.02374512438007098,2.8189251616182283,2.8866216859107428,0.1402507509948278,0.7323578630045788,0.7922158804143558
3289,0.5583952922283262,0.5522970021664502,0.016436038700642943,2.7534803393060794,2.787715135184913,0.1468430434701158,0.7936285293192017,0.7614421778463908
3290,0.5564890272242523,0.5357092866562637,0.028312615399931844,2.5771171417432273,2.6988222114532054,0.17650647009927764,0.7042481248522635,0.757701001082974
3291,0.5768182769957106,0.5769797491099127,0.018132835896580476,2.4794387716358774,2.5702348458470845,0.10040799374853772,0.8043198377865131,0.7738204495105028
3292,0.5783615343646176,0.5853066157583638,0.01216427277512976,2.3458277562687835,2.331169766404799,0.05593769733983928,0.7317330481600557,0.7399092773719679
3293,0.599954980414362,0.5838378077908055,0.02232582762470113,2.124983247217684,2.0759258008165884,0.10042344884418389,0.7721836781941349,0.7638574122286241
3294,0.6213214873811393,0.6094723425216314,0.0322310881392035,1.7490747169698766,1.8328287475016154,0.1324280607444411,0.8096335075560827,0.7941774083685788
3295,0.588565400092676,0.6380410803894846,0.05148367895807493,1.566782251403166,1.5965925754468717,0.11824483355475529,0.82094742777179,0.7350407032506024
3296,0.6296116605178992,0.6508123569535937,0.044131832523392846,1.3346755621621582,1.3853492051841263,0.05986745092933976,0.8576023531519925,0.7725017831382794
3297,0.632342506113286,0.6706230436133421,0.04328979883077442,1.246308657040799,1.223846716587874,0.04831675467195667,0.8123808403986875,0.7375030039404665
3298,0.6480491613511021,0.7092467619760023,0.06514905097448431,0.8468221120595998,1.0187344004953478,0.17979176514942646,0.7949783915628146,0.7417112397752085
3299,0.6860723819553555,0.720677013634844,0.037674885119006275,0.7549005157339321,0.8663707989503115,0.1345302296558075,0.7964577693998347,0.7530264256497815
3300,0.7074001146158223,0.761888027495253,0.05815038747107324,0.757785365751877,0.6880638890799289,0.135167296681304,0.7714371609715931,0.7465795732132839
3301,0.7146353393990805,0.7259885257016145,0.01584727981403539,0.5780424688634981,0.6400467673591664,0.08009413340143148,0.8440654539096777,0.7439678776824413
3302,0.7360932972889618,0.816814863183061,0.09270856003556989,0.40087044270123423,0.4561903043154237,0.10583081461681546,0.8017543396760866,0.7529126445055666
3303,0.7532456803254665,0.8309399324045552,0.07983018604506995,0.34716104353835187,0.449199673122649,0.11081762397150155,0.8357791507989989,0.7324770919437753
3304,0.7380875349595166,0.8356662393541894,0.09939135843952973,0.42339664771139035,0.5294795466338008,0.1431226201257341,0.7608120289021002,0.7096526029456153
3305,0.8057033819883033,0.8432284377240311,0.047746671662298304,0.4770619059496262,0.5723086394104655,0.10048326871677236,0.7916860166034336,0.7450342752333521
3306,0.8122062316143986,0.8743486899685585,0.06311754009308211,0.5073337657725701,0.5848245786635367,0.20522854692556014,0.794385505899781,0.725479999105127
3307,0.8457594050611015,0.8649825162851813,0.019543744624908564,0.4421664658899532,0.4346910539577605,0.05541520476124405,0.7858525602293418,0.727501637197993
3308,0.8386074245081716,0.9157332623047073,0.08178467002635674,0.1361723930798899,0.22834009313803197,0.11019390177919888,0.716727955311627,0.7173929935731875
3309,0.8936928785212235,0.9225631797747236,0.042867192053483966,0.25942473988109893,0.22559399255792548,0.11690927723683416,0.7150970728152601,0.6885154318812472
3310,0.9015770244927847,0.9481499579823255,0.04716811005362409,0.3775377157695177,0.43386017284697215,0.05640905478869757,0.7467270812822726,0.7183842919241819
3311,0.9167741022820867,0.9464969138052132,0.03052404242111561,0.524441937655709,0.5800282217711501,0.06287091377624011,0.6652904732870912,0.6901328811105369
3312,0.9454279195590786,0.993557423229749,0.05170961173438123,0.39221808892724097,0.419168195801324,0.06861143677631068,0.7598858092657959,0.6756476432981988
3313,0.9430367227611836,0.999324586526323,0.06615674174133286,0.06710380179446632,0.06865477274554575,0.05816089989184084,0.7411922741089647,0.6549041729326935
3314,0.9548885493419722,0.9978510792673735,0.046842909279954006,0.38084973080906515,0.5731058390528262,0.2046442190301385,0.7455476139556296,0.6878131163336906
3315,1.001641316323626,1.0232026002523085,0.02541458972497045,0.28259707834061276,0.3496172675147997,0.12755706284293047,0.704397269080056,0.6734713686622874
3316,1.0142237289585356,1.01533180820125,0.01029990463234204,0.11934062370010791,0.2281331262037558,0.22671609068474852,0.6504889209152867,0.6698591632355464
3317,1.0217829060513595,1.0168900203791913,0.040026906046761616,0.1878635446590601,0.25749319831320705,0.13699074873101902,0.7962193142752102,0.6506852226797305
3318,1.0105221636940773,1.0245058165684457,0.029335252881164273,0.29713181810969347,0.15654617341283783,0.18297617352330434,0.7274711696328198,0.610359416490269
3319,1.0059147911036788,1.0560364607712076,0.05945894882504314,0.32679615252226657,0.3920649439942978,0.12323167426588826,0.656278995865401,0.6475923490582705
3320,0.9999773384446837,1.0702375406661833,0.07503270263541008,0.5664584801434754,0.44273129365353436,0.13556062707187644,0.7580873084105308,0.6678047903179154
3321,0.9750508287875227,1.0131954766292663,0.046966569785046375,0.3255171649088712,0.30038032568123046,0.17069983033530675,0.6541625226775488,0.6064535464236631
3322,0.9959963955769253,1.03009964405606,0.034264912594523786,0.43702216278124495,0.39726334694199156,0.14653998785078748,0.6514107425960571,0.6222234261984465
3323,0.9447819196271706,1.0390492349602223,0.09545103722740399,0.3989349440831619,0.40381731813584204,0.22755106558528942,0.7756143210786468,0.6045399125556262
3324,0.9519019671483219,0.9928410481718468,0.044192246077173813,0.29425480451653957,0.22851010241876618,0.07366151720195524,0.6510282567058349,0.6040959419025382
3325,0.9526867152098809,1.02664718338442,0.07497698894128646,0.38606735048159563,0.36532246524538076,0.1996375433923317,0.655119196787461,0.6235293202928538
3326,0.9784263284974237,0.99986268404853,0.022995584110629786,0.4764583494343645,0.4260213222715106,0.16488585217895504,0.7475996951472982,0.6231219240712238
3327,0.9620821012258589,1.0474243800689576,0.08877203561069111,0.3646842378821749,0.27404175695366473,0.20359355627206985,0.6562372777349136,0.5850657648583318
3328,0.9389649643510495,1.0292244799515924,0.09173453366866177,0.34715163302339885,0.18372314785762484,0.22622963867311102,0.6767946095152941,0.6333694092346477
3329,0.9429835318932178,1.00385338063791,0.06604442522491233,0.253186557665033,0.3124330011026222,0.08369403560685582,0.7315905058371655,0.6178323413452729
3330,0.9156950187007271,0.9839032096191979,0.06954805592610881,0.33212584208590895,0.26490989342434185,0.11067495259692262,0.7533184468682141,0.6266713639698813
3331,0.9318903916542661,0.9898531366969443,0.05827937757318468,0.33706163393555777,0.3705531643504533,0.14924819990523663,0.7750173094137535,0.6191160489229302
3332,0.9139849046960622,1.0363736006626865,0.12474479993637826,0.11062400316104412,0.22174238598821347,0.1261048788311475,0.7993147411138735,0.589367161699321
3333,0.9388650468488451,1.0012813560465257,0.06529886318780241,0.32653724424885433,0.34745135553367856,0.17475138024556505,0.7863246515942132,0.6607523696373901
3334,0.9390060289765352,0.9971608045690917,0.058211527463904,0.475283883557116,0.5035372447913532,0.09630730400021262,0.755124941872535,0.6363407794658453
3335,0.9216135528282782,1.0108568935656077,0.09064385951779728,0.17791252640761307,0.16510661594597847,0.05765912234807407,0.8129734199680712,0.6241993979584727
3336,0.9529067209010458,0.9902898396693194,0.038342820786267946,0.12698799627304114,0.14884433973656114,0.13021565371016067,0.7982090493108931,0.6389421967992617
3337,0.9633728300370032,0.9608153507287229,0.02210966176409345,0.11908129361188717,0.28660509858365985,0.2500294656007567,0.7917060375795807,0.6430858852871457
3338,0.9389036521920726,0.9703648255470649,0.03567821994014874,0.06630045101916922,0.17326205080439314,0.18569957489435462,0.833010576977525,0.6307491647106687
3339,0.9404410246822756,1.0032907718000768,0.06914914995389955,0.08508150386393672,0.12799934139690958,0.07232638180798323,0.8328966120734816,0.6426660476867266
3340,0.885378681625179,0.9600297426702676,0.07706175053883003,0.16891570002868056,0.19565668413584272,0.0743812071346662,0.7969963990441178,0.6279496024395683
3341,0.934034562407597,0.9848688339807954,0.05895089244060501,0.33658940241545343,0.43009098813257385,0.2785125229299073,0.8571094657341514,0.6481138865663811
3342,0.9024084890057763,0.9686604699800936,0.06992309350721598,0.18891400012712053,0.20478046514210851,0.26041039496430163,0.8292073468944406,0.6348907713287386
3343,0.9288659835833638,0.9472104011988558,0.0333506188170953,0.1954229174316525,0.12196052158578574,0.27306207683093653,0.8488269380235945,0.6785076981793647
3344,0.9296154554937872,0.9430604275888264,0.02876768341808916,0.12872561278152034,0.0947074332781242,0.05508117141121458,0.811616407385227,0.6501076731743588
3345,0.8881747770741776,0.9394034978822666,0.0522178845911421,0.2789825047657254,0.25768712133644645,0.1098442127436823,0.8420577707456778,0.6460016197283357
3346,0.903849151310784,0.9258967712606984,0.023058782355122685,0.15924040548304152,0.2003577198983495,0.26350208247841683,0.6691216859540683,0.635095428116152
3347,0.8984968564259631,0.9098677012036315,0.01434831395106111,0.1760678540908376,0.09483891044860673,0.11554284313164397,0.7678137435832108,0.6139567814109971
3348,0.8466931994701431,0.8898695376369194,0.058356967479322154,0.12047448063262153,0.09597288313966089,0.03779836983835899,0.6860904448458186,0.6242296674298827
3349,0.7793984143627946,0.8768899919587395,0.09813903934445337,0.12207290181294521,0.041360505629897786,0.1107139754495777,0.8082795270372272,0.64416375968009
3350,0.83096915156804,0.8708674772305532,0.04592312652905207,0.11633138682413109,0.11689075928890919,0.057703743228984666,0.7704091385825431,0.6116154996879865
3351,0.8203527720131492,0.8433844354069465,0.026315382697551466,0.08299250634673203,0.06990508346738279,0.1087155484291275,0.8085695691924727,0.6271535639999533
3352,0.7883282121401549,0.8056421518759695,0.02238380577698215,0.21745470803390454,0.07079857556196234,0.18217933524990293,0.7695829635340363,0.639390151946791
3353,0.7530559240209809,0.7916345015807227,0.04285440206541224,0.2272740039433076,0.21602480167641347,0.08613660605907623,0.8007803665025637,0.7067826157169768
3354,0.7537115477791054,0.7703464123254182,0.01954624553597661,0.19888949298196948,0.22142599313136038,0.06344735508455604,0.8359741958077529,0.6736997360100747
3355,0.6954147412260661,0.7502706407407037,0.05542029567759179,0.14623005354207463,0.20701659517984727,0.15559169566351505,0.829649456738462,0.6972554818667434
3356,0.6580169425722285,0.7185930572684487,0.06205732354144525,0.24763039319060645,0.2847143719208217,0.06329155231754796,0.8105008957465172,0.7309626843783696
3357,0.6392273056786981,0.6992833753337961,0.08070292433780916,0.2806304123762383,0.30069781995273015,0.17203426913996608,0.812882281751619,0.7362297844843223
3358,0.6392551113139656,0.6568705688550471,0.03310140033160959,0.16519222360410343,0.16003046394294929,0.04516346962102357,0.8871346692905805,0.779309130846538
3359,0.5551230526069079,0.6381149410604536,0.0966097231696498,0.2638010877596586,0.1617630245107855,0.11389839656857251,0.8262095657066384,0.8011323826576169
3360,0.537137686129603,0.5897196711102284,0.06214944386267753,0.22982333175401357,0.2923481824904908,0.0775608500373338,0.83444884999252,0.8398514418383983
3361,0.5384562653631824,0.5641136845947978,0.033671722894309135,0.3703174251886875,0.34622866664450275,0.028796912544355516,0.8511102555465834,0.8375369284644715
3362,0.4947480419280623,0.5385804518239364,0.05111312430890671,0.40946717078700273,0.40289532440284775,0.16418145015794885,0.8389212207545855,0.8306632969612485
3363,0.512637719914827,0.517134294949479,0.010122883851970133,0.5377152775975288,0.4812024406912924,0.14741423179206797,0.8725018052934463,0.840608991799274
3364,0.4623271811752515,0.49844097811969285,0.05038814259528738,0.5417450077939238,0.5330155715183815,0.1519650937599301,0.8308577746999068,0.8461354698274078
3365,0.4540087060986163,0.4825174452872751,0.03240349735881859,0.7202346375472464,0.8341942088470838,0.12486728383868666,0.8617240222752169,0.8070925731064995
3366,0.4571401854324326,0.48863181065030353,0.03821934886917464,0.8970869096791588,0.9430774841893158,0.07680305100222803,0.8590454161298944,0.833555663786663
3367,0.45584914826117845,0.4798369659250572,0.04331917511821598,1.0845184481667958,1.1168548248572336,0.08860709981098377,0.8628503966004784,0.852046809055061
3368,0.429683241144518,0.47936522562567596,0.05068148596434581,1.325536876235173,1.3565802746645959,0.15517243153836852,0.9170768580759368,0.8529826685887059
3369,0.45301438152136875,0.472967763024503,0.024129961635412214,1.4776440507087196,1.486943542928225,0.15285844151965935,0.8130384625047729,0.8456183612115526
3370,0.46911213247118805,0.47260662583894614,0.032711949072267175,1.770949107995779,1.7148129280613933,0.09833712772063115,0.8378430820418911,0.8483127657589764
3371,0.4541727260075897,0.4727727729771395,0.028866733065558602,1.925124601316635,1.9330942288890025,0.08763339081446604,0.8584528785773579,0.8466275694844796
3372,0.45160842938352097,0.47427963105353743,0.0363115448262991,2.0706033398729216,2.160949124355458,0.19865538442689587,0.8229824219194584,0.8404726140618751
3373,0.43145219559928366,0.4762864001697666,0.04801634546203701,2.2740393843910875,2.3026798985679124,0.11028188137840743,0.8827065146607884,0.8296609031324609
3374,0.4429482469740566,0.4424912429107462,0.01727537299377542,2.334658930590249,2.32407619908819,0.0335745303505654,0.8498414689032012,0.7965977918189148
3375,0.4416337184223949,0.4597986894930128,0.02730094997448237,2.5350977917524444,2.5029931114746797,0.0757811266296488,0.8469272990215991,0.8408682075148651
3376,0.4328761264896794,0.447910315781834,0.025035782538764966,2.5979773245791593,2.5634204731888754,0.049882593402972825,0.8204816196188738,0.8255197649312026
3377,0.4372173936292285,0.4438860395557613,0.0191961170456952,2.5699055091668566,2.684799598197648,0.19259816371246813,0.8569257919173978,0.8249750697208984
3378,0.4243100292651433,0.45526637852972235,0.04935029697877425,2.742958746836013,2.7094390018751198,0.1037753239440862,0.8049411733735824,0.8315933953254733
3379,0.4590413274585545,0.47352146317046445,0.016622455228620995,2.700729425217141,2.7536346321354404,0.11072384446219374,0.8086699625127335,0.8141038761495247
3380,0.4551154912344045,0.47369222419097623,0.03141441563958506,2.74822116613368,2.7815851457383505,0.15982740511397464,0.8780700034841737,0.82841958317122
3381,0.46682544313091584,0.506963343261324,0.0429960542558331,2.860680802009734,2.9248830022611547,0.16062061483595097,0.8310494480636973,0.7992676158809492
3382,0.4691627770589821,0.48227874411433663,0.03817276018799418,2.8766492097606755,2.8787858927820857,0.08402158459195846,0.8132104835748383,0.8020065335874481
3383,0.44720605780673905,0.5135772409015723,0.07902758586459131,2.8922587155513995,2.9301053477052763,0.16472246014471376,0.8288311391766432,0.8206704748781546
3384,0.45270577012432445,0.46071813758931396,0.027703455546161302,2.8723100595191453,2.9748768434815,0.14810979878405853,0.856238483424266,0.8180633390780571
3385,0.4674532156989245,0.4619918524701468,0.017544979512483273,3.0935579052237157,3.076456439558768,0.10473194313901153,0.8259768292000694,0.8167048624389042
3386,0.43916226672955566,0.48577676586506474,0.0497639800973771,2.990544183104942,3.080219040919584,0.10909984526203335,0.7742405725711186,0.7787685853641634
3387,0.47685374242374384,0.4963646386986204,0.020045008041128486,2.9966060452756302,3.0298475571015775,0.08279858990734441,0.8897622622720418,0.7797355390528332
3388,0.47108897445920067,0.47543868164267633,0.010323585178294774,2.8515523845659896,2.9834005518916715,0.17070716701364486,0.776236710526925,0.8304882791197878
3389,0.47160207794281184,0.5037021359931755,0.03379779645186914,2.8375125207956464,2.9268123713730936,0.15106580099567113,0.7538851296652263,0.8469883735860823
3390,0.504853069931355,0.5536623728350657,0.05308252678456228,2.5602277469393875,2.691239536335302,0.2625867930752894,0.761676354759,0.7879287712229471
3391,0.4828001650535635,0.5630489249282391,0.08102406958796435,2.500771962238577,2.5083786121170304,0.09711010126438341,0.7820067634597065,0.8433152802805436
3392,0.46890536105409636,0.5441934372096574,0.07662955483569071,2.394327349888002,2.4301640804309317,0.13877668836826026,0.8559172336503884,0.8259112927651654
3393,0.44954525536664297,0.5155839071962506,0.07470897320328773,2.2620103791523434,2.3233392783773557,0.07238296327363512,0.7466437285727759,0.8578349629239452
3394,0.49086182122297606,0.5743484775422067,0.08454952739145324,2.186532445279789,2.2672020061446903,0.10212731941335608,0.8442538004099679,0.8011685004960069
3395,0.4997054643729522,0.5579367252607339,0.059814522083530094,2.0983715691117966,2.1683642202309694,0.08245081881699612,0.7744576566675463,0.8053863221169992
3396,0.5097903446886615,0.5764714432334683,0.07025631795139937,2.045476549681161,2.023625594689922,0.14416580097496196,0.8251836353622459,0.7980807951867267
3397,0.4957768955459992,0.5700413338552223,0.07508500381738747,1.8568663512568482,1.9231097532845316,0.07519252802778889,0.7859031208768227,0.777425682019874
3398,0.5009325720953259,0.540685516348935,0.04281002872249786,1.7903698165938453,1.8270886945088076,0.05339178358349147,0.8350415393360607,0.7547241338352779
3399,0.4912525766857693,0.5619302130943249,0.07162082951788128,1.6208158361207154,1.7929286315481878,0.19141023219579809,0.7908230044168837,0.7275393171004534
3400,0.5001838987968039,0.5493663896742214,0.050622289471691895,1.5464974685278279,1.6484930857558817,0.13904007361721196,0.8646993565965961,0.7763652770503431
3401,0.49272801076494543,0.5623560804757065,0.06983425895047306,1.4811255823729552,1.4780930353846593,0.0389694670254965,0.8884012930093648,0.757922837491132
3402,0.4894116396649135,0.5810657883625797,0.09168837969264472,1.2597689207638645,1.2272390881222808,0.08109582057730724,0.839740237189329,0.7734059089997805
3403,0.5330239899220989,0.5551363717541021,0.025259885227268044,1.0218036876154024,0.9762482060831068,0.09173452842372287,0.8018379273209184,0.7776887817878896
3404,0.5372302205869204,0.5562572356217601,0.022646485227313922,0.6768702180585047,0.7819053821242786,0.13000443890085922,0.8238981565594451,0.8098538786226505
3405,0.5204896874840149,0.5368943522079599,0.03032747774466809,0.5769416467024807,0.576889621635051,0.05344101188912589,0.8262506046946494,0.7809775848189249
3406,0.5143170554425361,0.5804113135509219,0.06838801767981743,0.38222357478649005,0.4905058035175526,0.16209905476610315,0.8548523408951025,0.8377585671136103
3407,0.5216613069294477,0.5630219764999691,0.042954513024323605,0.24386764168648103,0.2522902845162823,0.05257963215652859,0.8789837622757521,0.855245211568125
3408,0.5229410934668103,0.5680521686559139,0.0484189782327644,0.4276039577144331,0.490109412690737,0.06540688289170431,0.8459129494432556,0.8442207231994001
3409,0.5299907939975931,0.579631817022859,0.050975003252996795,0.5317237999475697,0.6306123376309665,0.10797932991329214,0.767096152520689,0.8284058795804194
3410,0.5207006196162114,0.5706758018301024,0.052022527447422896,0.6742137153138761,0.6156624873590656,0.18745186180603102,0.7929549173773127,0.8253512588212228
3411,0.49622290710708256,0.5491813208145925,0.05355121941528952,0.7427640056582548,0.7184788161605584,0.03616837479075252,0.860828268084626,0.8255737477028362
3412,0.5033307829849262,0.5149448452566999,0.013719866202049956,0.8251625793601289,0.912801533791245,0.13686342841350335,0.7485995927751645,0.7954680739155211
3413,0.5057617941568223,0.5181455341720992,0.013996519997922586,1.0882581164431837,1.1742241970508627,0.08679590353451457,0.842346823301936,0.8258442931875517
3414,0.5235031590881858,0.54754267459788,0.03296382781883758,1.3474203616885325,1.3888906052627679,0.0536487469854981,0.7687112091278594,0.7937260236242908
3415,0.5057305358051051,0.560492352779977,0.05573132284727307,1.534685040843048,1.5767676719480201,0.06080121037100556,0.7939402440128761,0.8001673710741887
3416,0.5179277418127578,0.5385691161008807,0.023259866829470906,1.791821619292477,1.836937278979973,0.0938775939920621,0.8431857158457245,0.7972506067968835
3417,0.48907507493020114,0.5345903992478833,0.04682459740284083,2.095135508837187,2.104522818400356,0.0711246934039904,0.8306881576767318,0.8222537580144471
3418,0.5181865161075302,0.5418919578704434,0.028927002084200546,2.3431751932125593,2.3451465166710856,0.05673710419627332,0.8045402267918623,0.799095040524174
3419,0.4825208808218986,0.531557827066732,0.05007434572410366,2.6076096500736106,2.592806304985849,0.11143129506581055,0.7907695242550733,0.779637111414623
3420,0.4753616356906793,0.5119664763322423,0.037872209690465446,2.7835885914665957,2.8079098734285943,0.05368552450997495,0.832925235362274,0.761905139155619
3421,0.4708888665706483,0.48311415006986136,0.03215363810675311,2.895654117537853,3.061834134550873,0.22116691499498933,0.7953668520175996,0.785405426214226
3422,0.46952309556471455,0.4801254770427163,0.015396886130332034,3.2892709777391844,3.300959135743638,0.08441700284384891,0.8129456319448715,0.7515923357554881
3423,0.4498540829339055,0.4746650794507855,0.03613276623563937,3.3665366165340562,3.4904194562692417,0.12926404928568785,0.8074651165194972,0.7704342608062296
3424,0.4359304253370537,0.49584993297292845,0.07844746071489604,3.443655369460032,3.5396021064313805,0.2083714969978264,0.7898324407715807,0.6427336279467634
3425,0.48197478329331994,0.4928179101491875,0.012857299477562593,3.594036481262757,3.6565057163169254,0.1040408760388763,0.7150465625872754,0.7301524040865242
3426,0.4461400626356879,0.48610502740782946,0.04209685003508871,3.650647801032042,3.744000237816396,0.21388736199456332,0.707828334035641,0.7352390813365526
3427,0.45249177011812397,0.49550033491557194,0.0604326985176453,3.7998893459941434,3.8380014523948622,0.07741137833221112,0.7962804769775085,0.6553928725146695
3428,0.4453374942072845,0.4877207999487126,0.05144595917397795,3.662111863479323,3.7248768464580166,0.11655764785348516,0.7322375944006312,0.7536191344490317
3429,0.46481736602003315,0.42968428602842507,0.0441913989710708,3.8082434902695037,3.6421950439396613,0.21297424493180417,0.7096287254689431,0.781808247908232
3430,0.467733885965421,0.4092575392075322,0.05927944219792876,3.702483436322212,3.7149397096787817,0.0601529512309502,0.7754485567489223,0.8047699882328665
3431,0.4658460218101534,0.3565454265880652,0.110837490602455,3.8628850057691726,3.819725868094129,0.06844374008048122,0.7626066840217438,0.8012822047290592
3432,0.45149828167554057,0.425276853722353,0.03674394001967978,3.992193364528949,3.903528546227583,0.19170855617309113,0.7332653634569396,0.7894891086409803
3433,0.4424334494332182,0.45267701413497863,0.015344282217482887,3.932967830706293,3.8671478939123998,0.13809379660870108,0.7019775495073807,0.8247161140307879
3434,0.4564125192001024,0.427741395402215,0.03907246113218011,3.5906582327869385,3.604182320729756,0.09584989774091056,0.6662749232300786,0.7741678987929809
3435,0.4814482805617628,0.4851477898043721,0.011488325132474322,3.3981686913949125,3.3322192902171377,0.07285751452783591,0.6826755881909423,0.7523543854929232
3436,0.4753901740928154,0.4824358492850152,0.011346876618235703,3.067457896899643,3.0168756049793246,0.07824661156126317,0.7463793225058001,0.71311750624088
3437,0.45009444037921514,0.4975013999307203,0.048087220763113274,2.847928276826427,2.795289545199551,0.10766406577967981,0.764678648099814,0.7373111843917498
3438,0.4609874085777895,0.5139056453892821,0.053884963814312764,2.5117575320147463,2.5381354054427807,0.044383227873911614,0.7709066784214846,0.683749584046827
3439,0.4719362679849028,0.6844227183444739,0.22340681799841017,2.288724515886493,2.3711752746918027,0.1394617447367021,0.7997424308623166,0.6337494622784985
3440,0.515807051011645,0.5468045990294331,0.03213220099108141,2.03914544200004,1.9108419736141995,0.15529938016952555,0.7677220678645622,0.6132277379409802
3441,0.4890181112192424,0.554354562315432,0.06575040659987771,1.5468478014886027,1.5380038651911332,0.010906870095851916,0.7866828125865126,0.640331908278014
3442,0.5118885616768647,0.5645611891514847,0.05358631277118272,1.168550178405201,1.1817866982519274,0.10745361446379315,0.8248413468194202,0.6233012946218583
3443,0.523529123092987,0.5859666949187955,0.06701272146644362,0.8293075119970532,0.871535700834139,0.11765516630164438,0.8064681063710138,0.6737795765948635
3444,0.556072601232243,0.6029668748138141,0.05012719305275322,0.7029387285336369,0.7146143875541643,0.20776271237341062,0.8111281311267946,0.69840351767812
3445,0.5857972076777977,0.5913862789895452,0.009480995374190775,0.5082345398394401,0.5751404770142966,0.08296985717750556,0.8104278816245959,0.7199390616061787
3446,0.5706041680607336,0.6328008887319329,0.062293461627173405,0.28998138249579575,0.3348452019237595,0.10225240668528472,0.7989870081112483,0.7275445317398682
3447,0.6075106972662963,0.6495494178768098,0.04204600281241937,0.19365705860071428,0.19970834785732786,0.03102421353962964,0.8644231918744532,0.7330647064248458
3448,0.6555653556358736,0.6621125231481928,0.006591756235650654,0.1338617157406947,0.06727085622098813,0.08544423747557263,0.8361103443536091,0.7568412309299302
3449,0.6807574077256161,0.6902430233159056,0.02061798030026673,0.1965752945583968,0.09393498263187876,0.22158765365467145,0.8740930130477391,0.7191932562898709
3450,0.6811146710884434,0.7441491067594014,0.06744894017072732,0.04397476570251746,0.14702521186037656,0.18271074788192382,0.9124382565414229,0.6733776952112785
3451,0.6959719196026432,0.7674383547785902,0.07496389135128306,0.17929823675746928,0.14513180063605546,0.08792956267573017,0.83240773089983,0.710158833336169
3452,0.7133769159318528,0.7615797901678579,0.051927895221355366,0.2557557863185736,0.2791938399822712,0.09313926235992243,0.8557069996431004,0.7337240992029043
3453,0.7352055995959251,0.7936807152911837,0.05969275988179804,0.20757079962996772,0.058926220488937864,0.21318085552242894,0.8516638792705012,0.7326510357593171
3454,0.7498510300666504,0.8262179571268571,0.07647559218410672,0.028077879117862897,0.05414179153429251,0.06603490954397746,0.8563238344598219,0.7543938522225483
3455,0.7724752451489584,0.8326568930439991,0.06167879793811559,0.06672404073408962,0.02912830199570893,0.047115281736574324,0.8478779600062623,0.7873556915407015
3456,0.7887582614532259,0.877326685516454,0.09148551833950687,0.2022275950559372,0.0896289609592444,0.12597137538335082,0.8271815009225862,0.7808639779129014
3457,0.8368031188924441,0.8730284402140858,0.038995833986820654,0.27036147582587094,0.172613820145114,0.15097508686842542,0.828500596251813,0.7719791318154966
3458,0.8378087527076189,0.9004472229414753,0.06421914739645972,0.2693501976970901,0.08992011655213279,0.19161110271661327,0.9098694779462251,0.7607442688511508
3459,0.8412343414642162,0.9566215994545663,0.11962927896653124,0.07855968236601167,0.13608876722891142,0.0739993048810651,0.7775885601848431,0.7201547852689898
3460,0.8567797687431865,0.9656325367669364,0.11750457330302397,0.2521998894453735,0.18184187814165087,0.12708808685848322,0.9081671716032929,0.7424057804403937
3461,0.8727340911720888,1.0290750775167727,0.17016709506061162,0.23527609781806505,0.2714835842628385,0.0653403212706334,0.8324352063736955,0.6963372821000848
3462,0.8985853335088907,1.103628262315099,0.23156097700505435,0.30501152613971827,0.3000400885879469,0.13974407739940684,0.9016817141983873,0.6488989759662636
3463,0.9095740367933542,1.1542655865674547,0.2685206934813913,0.2409231301000134,0.38018892759788775,0.30342038609988614,0.7831724202474744,0.5863706397418794
3464,0.9262297468281839,1.0447323938357103,0.12164809597003573,0.33095347523684504,0.36934919768992314,0.06493361433314432,0.7776062812585346,0.6257495903930397
3465,0.9260978204547342,1.0786014182530526,0.15525268720072544,0.23131258182275738,0.2873108518613498,0.09161035744855983,0.8001169103411903,0.6468235964160772
3466,0.9510315059022847,1.1008751379912831,0.16348071902979017,0.2376949104226414,0.22731387921542126,0.04251107439802242,0.8091943477559859,0.663861031137176
3467,0.9868083322106902,1.0518534605517476,0.06785719481274086,0.3904951123585318,0.3489950640886996,0.1110774519265917,0.8018958597749346,0.6543820909258368
3468,0.9866714702056785,1.1247353153272361,0.14405666317690388,0.38352861710376746,0.33011059861064,0.09684967115230297,0.826299490774185,0.6433840308723583
3469,0.994478202112098,1.1524549669649427,0.16891000762712707,0.4451688401280788,0.24723573777483698,0.21044055169980846,0.8800434849592317,0.645829351459354
3470,1.019874199163371,1.1571136093065906,0.15575313327243218,0.1098789902804142,0.17842179252098592,0.08617329921907946,0.8772528362612866,0.662098955395892
3471,1.0279580561077246,1.1612712976456765,0.14298787185588238,0.18544955871588079,0.20103137460911266,0.029168182094094258,0.7232517539003913,0.6460426231078327
3472,1.0484711016550077,1.1462817348014573,0.106399858667115,0.19722519902997976,0.06580638007568308,0.17277205967378456,0.8591182363696909,0.5985803727633247
3473,1.0604156253242556,1.2316657022770443,0.19655663410118693,0.11663932703218664,0.24527799662751923,0.17302683851999845,0.8318152100124928,0.6002075573476467
3474,1.0590116090676585,1.1687258121776074,0.11598566044973414,0.22028090616833568,0.27000490369391034,0.0730483567939955,0.8722826671069446,0.632826635102892
3475,1.0328388161259356,1.1631233174892535,0.13825491712152652,0.024580445026117715,0.08212057518388903,0.10141004801142153,0.7654799484247331,0.6376692524594937
3476,1.0515538856696571,1.2083469721585613,0.17070762643973364,0.08822008062096116,0.03216133324350208,0.11594801517823874,0.81387113692361,0.6134727757728334
3477,1.0662574907810145,1.1920871155839483,0.13066895874966875,0.15637333602798983,0.048983660998807216,0.11138055750437828,0.8465159449534543,0.6511014180250682
3478,1.054775189803959,1.0984226986729264,0.04457476731949109,0.08222513897374763,0.012677790089463152,0.07002903407015369,0.8410772507739543,0.6186192390057145
3479,1.0274182309312823,1.1492597377862688,0.125182133988971,0.16010977883603464,0.2525602240289754,0.18008464544917324,0.8571329733537177,0.6150278235303928
3480,1.1019401956404815,1.1015383517357704,0.004136405275981041,0.3113007532409406,0.4913848858590835,0.22013258354031534,0.8535637848386615,0.6345823369224114
3481,1.057494893491017,1.153475401678182,0.09602057977113868,0.24339868817306404,0.09349029267909584,0.17781135515604185,0.9204189279681319,0.624415718660793
3482,1.0565999425294272,1.11081775504882,0.05687616260610808,0.08167259703444306,0.23584179564072683,0.15696430003568312,0.896560825701957,0.6729761658667225
3483,1.048501535569905,1.1088340924297464,0.06376304125326895,0.28347270200909735,0.23304876189456572,0.050981406215094414,0.9234585065995994,0.6476326478903985
3484,1.1074731751193494,1.12548128204304,0.02885594124295214,0.3344326278547175,0.3611579361881171,0.14560569783466995,0.877636978614394,0.6516505791842441
3485,1.0993590245944356,1.0843355832297636,0.04072460855812493,0.24287195040240644,0.24091553404421148,0.13769381239086792,0.9083398278837364,0.6202711665540819
3486,1.051473902590766,1.1015147750371679,0.05045162866398583,0.24738550402593132,0.3092435761603747,0.11442262814499998,0.8373773322433194,0.6243227782105021
3487,1.0306095081439615,1.1898760316709303,0.1734381859729475,0.26516609837532507,0.34954788735454906,0.09401580404809087,0.8741375703431232,0.5775453346292961
3488,1.0110783292399736,1.101251352618874,0.09468746463611423,0.29916632185097974,0.31397371207970676,0.11379133913558517,0.8412179820908443,0.6152194762876658
3489,0.9868237935190254,1.09342199974914,0.10930918782326665,0.25186736810290666,0.12008257274621084,0.17745276573432128,0.8945188271147251,0.5977475420436721
3490,1.0059554349088529,1.1043426326407284,0.10232717841620054,0.27979621086103423,0.2325783469739485,0.0500429155032142,0.8943506822985317,0.5618503525534009
3491,0.9802591902348023,1.0874941735532353,0.1151300898365484,0.2753518217517506,0.3206139308190955,0.10982861598859377,0.8504853426702602,0.6121365694492452
3492,1.0037167809231078,1.0837324585850465,0.08461938832000682,0.2701449703952005,0.3202547523273905,0.11616455139744343,0.8474967661884234,0.5986505845698069
3493,0.9581916939429352,1.070549119453923,0.11252802523628384,0.14028407888141553,0.20104972437276558,0.15098693754999115,0.8098598538458187,0.5950690447976033
3494,0.9695301439026515,1.0163484436996435,0.04881287141890375,0.31796035204451195,0.33646865575237495,0.1255852552475143,0.7543986550230387,0.6425313486672373
3495,0.9310224816027391,1.0144694310368596,0.08468702810707109,0.10640235529182075,0.16807856877137586,0.20220680528389146,0.7890043798164743,0.6854348037415503
3496,0.9535091778036178,0.9755565796572914,0.02222821345693957,0.05853593393440304,0.1877873115809424,0.1419532765253649,0.8057372339844218,0.673785135878215
3497,0.9113696248334928,0.9888413076869639,0.07878950621516466,0.12207993885672677,0.2189207626573009,0.11712968602914245,0.8265046932201968,0.691201825309549
3498,0.9129223367971947,0.9746038168582216,0.062115633291529956,0.1222907964812791,0.12931823017530605,0.04810047323423741,0.8013953969101254,0.6827372577380026
3499,0.8981770154778367,0.9204595461667484,0.026441885951516683,0.10450078532788651,0.10511146524829114,0.10922511597995165,0.8223913932601741,0.6966226457243898
3500,0.8464164349633024,0.9068714941752506,0.06289848615415766,0.06945458664626307,0.12341999011800531,0.05915176254532268,0.8953547779029611,0.7032021296996571
3501,0.8077109952141532,0.9085934727882174,0.1019611893286108,0.13284862714035894,0.09190123144935784,0.13472598700155058,0.8633410161532066,0.6891809211527329
3502,0.8092144060339056,0.8615137365504805,0.05271007260175997,0.03479197199264606,0.06811007628443613,0.10271792735737777,0.8273521667211853,0.7086323380865462
3503,0.7729563603277907,0.8360322941217437,0.0658046625112865,0.24429181604928127,0.13223160395496297,0.33965315435734733,0.8957978899599042,0.7077981936723798
3504,0.7537135249666863,0.8174433324162956,0.06603400826128408,0.08215510396681651,0.02415697190577469,0.08112214289021369,0.7833797150847088,0.7107552425501646
3505,0.7158391792955484,0.7881820966010071,0.07532309400078638,0.07826182800680243,0.08064848684907364,0.03427856121299642,0.8437083223716877,0.7324798147858049
3506,0.687175176830897,0.764304851138031,0.07733087246853794,0.13787167923885055,0.1086427028046416,0.07300807384833097,0.8069869555316225,0.7491529904310852
3507,0.6568044347108899,0.7309613237884635,0.07458767651049752,0.05673118051177523,0.0928697384027589,0.05792799326667194,0.8706800327208137,0.7646340070069217
3508,0.6331270719851303,0.6904140348196519,0.06155182912789067,0.13139014061690205,0.17689414896223427,0.19113169141548436,0.9185434876643521,0.7702980503838286
3509,0.6203855226579723,0.6688098063774931,0.0543291858524335,0.23228746820619042,0.2524321398981502,0.24638668744290856,0.8695599908807486,0.7821386910225688
3510,0.5948228821379263,0.6276626167261982,0.035012814538594776,0.24215435508382813,0.29887652207612947,0.11244284150668266,0.904741113528616,0.8182201425093679
3511,0.5510098160988143,0.593844200703914,0.0461329753628566,0.3501298364837726,0.3445985666589678,0.021025850474725386,0.9209890133275053,0.8496533809688264
3512,0.5244833956478706,0.55914389043366,0.04100605637406537,0.32984927549034654,0.3679939945152387,0.11185389118722516,0.8872138043407307,0.8530264664492868
3513,0.4448352979284921,0.5212259740954249,0.07661172428075252,0.2691091567940061,0.4270742179890432,0.1660550425473617,0.9224511346675415,0.855901336719879
3514,0.47814686573379245,0.48320945936057197,0.008570593644747484,0.5566583391684825,0.4797823367619044,0.11172560315325389,0.882445965190856,0.8571268158079692
3515,0.43751475574406523,0.4480702744094469,0.018798891189292906,0.5875998108548566,0.5216992096375594,0.16620815260886848,0.9003681430401793,0.8463740477016053
3516,0.413424620623052,0.4232449713587218,0.01656481798918774,0.49852697993440576,0.5314232977863014,0.08986332498723903,0.882672305715511,0.8521095472073286
3517,0.3478146369491355,0.38569622830937994,0.04058063845365861,0.5905674439513925,0.5437254343582039,0.08353109212270488,0.8711584045007552,0.8489915007813611
3518,0.3536834477597667,0.36514996209835704,0.018192465486096026,0.5258170986592621,0.5316818630272461,0.046811632066581094,0.9005315355669551,0.8626868003153461
3519,0.33830463814660955,0.3273170513207419,0.011772885846253266,0.6117658634882637,0.6147717278381608,0.1341120443056567,0.8665598257260626,0.856615748539296
3520,0.2811932675349842,0.3104007840907575,0.03024383560192094,0.6077800829782873,0.6549028024820186,0.11090987729100617,0.8966364758234889,0.854749906771528
3521,0.28812357312065995,0.28215591555882175,0.006086685519905417,0.7275246773543104,0.6286186044664193,0.10296997417465012,0.8479526014520815,0.8550101978623553
3522,0.24029135543394858,0.2599389277917898,0.02515362091530019,0.6122524412046682,0.5966354962148549,0.08154042937047672,0.8977701055745904,0.8524359862082452
3523,0.2531895224978911,0.25994540428661395,0.013101198001584406,0.7322824355241964,0.6374251527936454,0.09571247675156264,0.8534987264139728,0.8529477256038323
3524,0.25562601051290207,0.22939424743382072,0.027556990022799686,0.7390413133423563,0.7419682115410007,0.05265249685664789,0.8787949925626709,0.8427831673885264
3525,0.2235488765314115,0.25492720811606046,0.03398880358803224,0.7621310543446375,0.8323627065827716,0.11562150919675815,0.846191650924778,0.8434049187690424
3526,0.24135592761897595,0.2561774949134001,0.02419474231983994,0.9468312978784053,0.9603011831664164,0.056175131760099924,0.7848732193308349,0.8529794552838146
3527,0.18270277165114265,0.2418800640895523,0.059540989894231816,1.0684619357874103,1.0615820834174716,0.07275124589468424,0.8176587974971776,0.8529270421988668
3528,0.21650799723393335,0.23979371525403972,0.02441697187516843,1.1859679257590305,1.1056856674240816,0.09244315366910508,0.8245454409557735,0.8637715056302252
3529,0.22588649897988383,0.2228483979685869,0.022589494162213952,1.127944276910192,1.1360582010777678,0.08159511231561078,0.7987413369923531,0.8365943803516832
3530,0.23497547809767028,0.23111315990790549,0.010512935939017195,1.192028502724347,1.2669749795580871,0.09446053561353537,0.7649477876649222,0.8538006041385676
3531,0.24117705905983752,0.23514612154799913,0.008278490108388444,1.2425165999542809,1.304572657512413,0.08414914401486592,0.766300543099144,0.8548662887419685
3532,0.21432161078881254,0.23963406501189388,0.0373365836022698,1.2850329805468064,1.3468233832146939,0.1531969199948048,0.7870651861448379,0.8407810712207215
3533,0.21325743106168651,0.2555381473029834,0.043363341374910616,1.5249756728420683,1.5943091621882122,0.08254688294514059,0.7323618740706397,0.8514547517018581
3534,0.2713392789882967,0.268558025501191,0.01088508350521248,1.7961413329862943,1.773682493745022,0.12052875329614757,0.8318799666890697,0.863013497106481
3535,0.2764693040942619,0.28321193164999553,0.011416709295905268,1.7986347520540313,1.8883307218143002,0.13002634014075334,0.7082931013860587,0.8546313603242022
3536,0.2829246416694912,0.2920343274003363,0.01377514409465336,2.016191098523152,2.034865418173266,0.05967926471591247,0.7747497638242364,0.8366199861648177
3537,0.29727594779728317,0.30390430882271596,0.011566203778007345,2.254758166541255,2.252930455885136,0.0575482577581363,0.7569857592422743,0.8458137854809697
3538,0.3527395311745421,0.33324406597827694,0.024420230856761253,2.443198955450438,2.4827065766139604,0.12783915552565528,0.7242119044488508,0.8314684607627933
3539,0.31523631932454343,0.3616142093763792,0.04942347280776579,2.4788611799718425,2.6341454681509626,0.1812029642924278,0.7553524659806967,0.8378223811993561
3540,0.3401523075564195,0.35694017252922583,0.037701050435788225,2.777409943495849,2.7848722292099506,0.14630792537718654,0.6948057013963168,0.8179776377042919
3541,0.3815113332140998,0.3797100358214436,0.020203009643504657,2.8877799664292207,2.9245439667571604,0.16729467902594364,0.8194950761134128,0.7746347947931891
3542,0.37752410855314056,0.3970585998608686,0.02198570203031034,3.0757135422411777,3.0639323503630296,0.06357277331334066,0.7983364560459456,0.8176116669474387
3543,0.40912800788493736,0.3869526570356606,0.03314989802850682,3.2066460010075213,3.2272647650897373,0.04806051863584607,0.711593632380947,0.8038519115579577
3544,0.4170183524768694,0.3993634969953674,0.03306261487284546,3.4025540279265427,3.3794920437980953,0.06518587440748617,0.7382891514620014,0.8030127314650887
3545,0.43609196525440597,0.4495184542057657,0.024936559251149383,3.5226132703416093,3.627897112568718,0.1792991980177279,0.7666115100844284,0.8473701598974562
3546,0.42879762705102886,0.4518280607997907,0.023654483280621454,3.6745074401313462,3.7489111135610935,0.1034237304066574,0.7620090827741015,0.8536810243838135
3547,0.45929089236889414,0.4769589056816993,0.018712298318645144,3.756455684121598,3.799562655996055,0.0910819215501644,0.7444518578239738,0.8474040772904196
3548,0.47064246772117424,0.4953149642354608,0.030125066453509337,3.6871710519372307,3.803613712181197,0.14146446960354847,0.7317452725663636,0.853120138012198
3549,0.5338882789276985,0.5050448924580241,0.03205332810991285,3.66142676875644,3.7134802452427706,0.08234994702287664,0.8097912592864811,0.8326723229365209
3550,0.5522874433750945,0.5518476476822153,0.03302810117722736,3.5569048891581105,3.6458245496553237,0.09998180049477812,0.7440411232047358,0.7887741028470374
3551,0.5413870536929676,0.5784535048995874,0.04258907990151683,3.4439513519953735,3.489886835980514,0.07063973019499957,0.7967170192529631,0.8066133933024198
3552,0.5510671895122863,0.6246439903847719,0.07376631170669279,3.301834187575209,3.3662059729267573,0.21773657450502926,0.8075875203914393,0.7772008575533917
3553,0.586587372141046,0.5934621524187071,0.02053723164089634,3.189581307788993,3.230439074799514,0.07990098443297199,0.7531706815595592,0.7520757421425193
3554,0.6086165873882726,0.6273283688537793,0.022293026213458668,2.9865552583948274,3.013750249545874,0.027299620185493808,0.7587787969826973,0.7238325345504635
3555,0.6256946862469045,0.6486530938585444,0.024650209040901244,2.709925042928274,2.760048622288648,0.12802693218932645,0.7804943695358567,0.70825263650218
3556,0.6273445451717846,0.6926373889593845,0.06586914624964234,2.291951000565743,2.347914544631075,0.10864862578241496,0.7796641064209145,0.6897962137845308
3557,0.6669881334047724,0.7104537137463738,0.04825974350998564,1.9145612450124545,1.9081611727282999,0.041653631849996965,0.8202723253330246,0.7046670979847474
3558,0.6831502983579196,0.7413198990466952,0.0632854745194913,1.5426541314622844,1.5004052773608434,0.1700860953671602,0.83961998174444,0.7088880918700826
3559,0.718650944592591,0.7608386405922423,0.05293238525601442,1.0131568658920798,1.0883883025116168,0.12660697464860635,0.8373469878243884,0.7239540091036717
3560,0.7172844933851745,0.770478673965526,0.05594890380736738,0.5794709955739901,0.6908353101369251,0.11376118975680152,0.8883353867252148,0.7161728622771225
3561,0.7664317141136843,0.8163658369547356,0.05473339352627154,0.43563636460534266,0.40966222564162247,0.12305730820353118,0.8023033033302013,0.7172275501895621
3562,0.760433679607555,0.8157464613436907,0.06038704409259855,0.28803584338265226,0.23925919048442776,0.06244387172343591,0.7855119477873624,0.7265880930801336
3563,0.8003619923149922,0.895593436213452,0.11526189652572617,0.19647007048412055,0.1980134921124251,0.17938271411854717,0.8317384110141062,0.7153973262416748
3564,0.7757872808331306,0.870540664175455,0.09843820343262648,0.20213268017693628,0.09163270667198566,0.17732533007295875,0.8197991208241138,0.7290824534639889
3565,0.8282542309446681,0.8603950890373862,0.03554658398666131,0.17172558408227007,0.1429177328656217,0.11773369416087949,0.9047880034932225,0.740406414818728
3566,0.8376870747221604,0.899244421378788,0.06490548217461033,0.1252905028131532,0.19258214181155342,0.10725729337467778,0.8448410234826966,0.7518724168803028
3567,0.840133530514811,0.9126100300256158,0.0754184875334282,0.17650030921776497,0.16669293094182394,0.17108081601732505,0.8790287186258778,0.743803036241848
3568,0.8599240360317952,0.983859130139469,0.12937628085290975,0.09865849492238347,0.11958199719235786,0.054668148081822965,0.8441811557763237,0.7340317717502974
3569,0.8514244324185322,1.018788182331511,0.17179124837402274,0.2307890983385633,0.2529599815221983,0.08770597310551148,0.8148266629750837,0.7040815192567274
3570,0.8899713938678422,0.9840855022353865,0.09550800943451913,0.33719468166047517,0.43112717199318706,0.1227048858387566,0.8605957901039232,0.7010022125709894
3571,0.915652367097744,1.038534742555692,0.12689602208754708,0.20796964439989515,0.35757443735370464,0.2008612007814766,0.7796061010112203,0.7235740253337248
3572,0.9494691357408778,1.0363667337194984,0.08775548959591396,0.1877135092768324,0.17504539573010577,0.04790676980116688,0.8227044792613418,0.7006615646201753
3573,0.9602380038448891,1.048583325225214,0.08842034024609498,0.4491174755354264,0.5335553867051814,0.14513582674339742,0.8219031344307126,0.6987674323749452
3574,1.0048533485562605,1.0929021381150532,0.09336477112319318,0.4279228424894266,0.5557322175430733,0.17699858737973098,0.8539962334527343,0.6612547451202823
3575,1.0166336978481358,1.0976646668245411,0.08321597279549439,0.21984114569276433,0.1643147887097482,0.09259900325834042,0.8556178164697985,0.6661956642292977
3576,1.0261431298479151,1.1049089104383976,0.08033170118387206,0.41008055346935507,0.394312350198001,0.18888077146856905,0.8471458471768546,0.6591621232668624
3577,1.0810831738626563,1.1346297254886133,0.05436199268176379,0.49485733132833465,0.48848529321754697,0.12172567666707472,0.7755583378233477,0.6874404010854945
3578,1.0573189434820085,1.1807929887973334,0.12647017332586424,0.29127967408187067,0.27511624331257256,0.025471477505761956,0.7821110511569955,0.617003271438666
3579,1.1026774908354888,1.2290188609791253,0.1341593780627057,0.1455440717790768,0.24309894582529376,0.20920645289288325,0.8240039546104215,0.6589635634828926
3580,1.120801914201334,1.207562864618479,0.08879771256683304,0.4026291432026211,0.4218692342573874,0.04148993505403928,0.7778772654835068,0.6462823703091629
3581,1.1273416833170933,1.2080606599604977,0.08344945101352493,0.4711386170113941,0.5629360014260036,0.2049964211333527,0.7592474101900782,0.6467751568560565
3582,1.12118304724742,1.2043323540783417,0.08818187812826497,0.3065861074804732,0.25738710382797464,0.17216849878885113,0.8263411463145894,0.5979685759620927
3583,1.1466612552776994,1.2018190667773148,0.06277440896243737,0.2676917329088632,0.12350992462541094,0.2452746003365902,0.8204021073190008,0.6556917681406368
3584,1.147155251514083,1.213863940530454,0.06844226332765077,0.32807780586763485,0.31050416796785263,0.0741171823516227,0.7406294075120571,0.650614943184393
3585,1.175726230674657,1.2379358340808755,0.07522842123129875,0.2625441849428307,0.2718045377232677,0.0981821265539768,0.7477586552028258,0.6359816834783102
3586,1.1994851621756046,1.3030897018964913,0.12607208175578674,0.21129209712612051,0.09519454212235023,0.12183619413226834,0.6478621041284376,0.6472738510066393
3587,1.193834840658937,1.321676857334833,0.15400359203215203,0.18491047445331382,0.18772892673378705,0.14667171940743967,0.6539574983054439,0.6000448762151309
3588,1.21799273770353,1.3735300633929552,0.16451314894799135,0.1650784552065771,0.283524167611086,0.14021037400311723,0.6957733147847505,0.623514254284026
3589,1.193479320117973,1.2519655172505328,0.05919809410886104,0.2372329521046544,0.1303957585071584,0.18782895150707946,0.7199591943834133,0.6498485793822036
3590,1.1798253556718898,1.317078347089476,0.1439784588494054,0.24803987357938342,0.29910882519953835,0.07068289532412765,0.7353765444681508,0.6693728760502209
3591,1.1584455123347686,1.2851072036942888,0.13094827326055114,0.20824651340320346,0.20642758150779775,0.18782984562695737,0.8108034447019046,0.6568795854599344
3592,1.1529208452318387,1.2625727659676498,0.11034804334750807,0.18028036952686705,0.09611412887900332,0.1653697249417835,0.8110174028724827,0.6797573002708084
3593,1.1321731659420564,1.365890939168835,0.23942391308089708,0.2320395047532536,0.1328939317035332,0.15553683314996955,0.8352661792092965,0.66598353237359
3594,1.1949152591944916,1.2883439332825355,0.09605921422160554,0.3461695267121466,0.2564722870382623,0.10228078953533783,0.8786834816453564,0.6977553529266904
3595,1.166818656000238,1.3289952546414676,0.16762834716105207,0.35030498155752454,0.2944910114859541,0.06119368449782179,0.8930019091195212,0.6792216424545217
3596,1.1828110789333526,1.2990991031371455,0.11672427351111572,0.18545949518446614,0.10328225499893585,0.17910147863079584,0.9170712270940483,0.6762196434217475
3597,1.214275158713589,1.3664299224778211,0.16770381188315972,0.1830222913563553,0.1348745592312216,0.057809624534758956,0.8748320732408236,0.6366393569870503
3598,1.163608170749558,1.314242501303205,0.154744312262272,0.10061104875787165,0.27267042299224986,0.18124985355014203,0.9190574812643169,0.6473259581892689
3599,1.1476093824202842,1.2847510462776053,0.1383850543703454,0.25772691079266,0.30570915520746345,0.11391005159774822,0.8797314832603615,0.6537655047165245
3600,1.1508446191026442,1.2727339975869083,0.1228989449621247,0.11755598477411697,0.14320493232580334,0.03235940756756738,0.885766395391264,0.6474373612172935
3601,1.2248660378130514,1.3018302108553153,0.08014827982631123,0.19426014040600184,0.14722930124538897,0.11668635348420565,0.88844046046093,0.6478444936391892
3602,1.2190858443399866,1.298499306082526,0.08254336349555835,0.16305136681470456,0.2753221197763006,0.16652927667118828,0.9082423856988053,0.6619360800696
3603,1.2483737945757845,1.2951900594011188,0.05574060338390807,0.20379394698594205,0.17872691861155382,0.11912904910167223,0.8602228228763332,0.6759959769906098
3604,1.1918889134060593,1.2514432691429602,0.07227082564129647,0.16135044482035663,0.3648451210345898,0.2426862082803621,0.8650530502801783,0.6362704565614223
3605,1.1492278875671438,1.3115613747135597,0.163405521575897,0.27769519617630434,0.3027264991414529,0.04941557241399518,0.8731394672570784,0.6407317797499728
3606,1.1626000870041875,1.3000756233905042,0.13773040824376878,0.15820317340623982,0.27806759800250425,0.13308871713917583,0.9170020613873108,0.6649969470207535
3607,1.1544328212361776,1.3155393132945385,0.16301235574835074,0.2661972199115292,0.35147226732628467,0.09588115961902062,0.8372957074843581,0.7062142619608299
3608,1.1904394297301584,1.3332277186713875,0.15101431142205152,0.27803048735851665,0.36040908685624745,0.08955676183509745,0.8859397812163909,0.6523275846222983
3609,1.1785088779665984,1.3211301429773412,0.14871126648334446,0.1447820376051754,0.2743675312742122,0.13725171251009852,0.8707779816427468,0.6769617791832807
3610,1.2033636037490658,1.342074044699008,0.15197325421407284,0.1635302018799506,0.13163220268727088,0.054400904334956014,0.9079378483586629,0.6434942242805651
3611,1.1815991339684806,1.333201640894475,0.15418184636082558,0.2258953827305129,0.1976477505689926,0.1704838607082399,0.8484077367050826,0.6139669303772578
3612,1.1948037691529132,1.2944713110408361,0.10201827783842886,0.2096266124694859,0.20239004688238416,0.046546323143928044,0.8961520152369065,0.6336270468093318
3613,1.1948158646911127,1.3674229426285531,0.17960906056123135,0.11589269852077815,0.11615622686470746,0.058345950099582246,0.8996179972632887,0.5897900148176911
3614,1.188717005976856,1.3585915945685672,0.1768099670256927,0.187134853822747,0.04197892590688097,0.1804133985553891,0.9017943380766978,0.6149434836686719
3615,1.2119714393200014,1.3402986074632905,0.13224746758399564,0.13502719482753986,0.04157137446750007,0.09925047280755384,0.901291303537464,0.5772753705134906
3616,1.2621451271888682,1.3251321028751561,0.08009626573903283,0.19659203010334536,0.055941789567042634,0.17170808434155846,0.9091878630490589,0.562405997977726
3617,1.2327816701157035,1.3568949982457588,0.12932736845153522,0.22409244333703532,0.06517965357366788,0.2816309779145266,0.810613894935897,0.5825771042362083
3618,1.2092298592431692,1.310534389895562,0.10512091064821118,0.15787708744294254,0.06840569675455403,0.10096276343125186,0.8657645067888231,0.6529343006712076
3619,1.2282941446852167,1.3206130343544273,0.0923900623403284,0.2476152883222255,0.17191833672276263,0.3141232898612076,0.8780653122432431,0.6285888743984497
3620,1.1916459986138153,1.2825214108132852,0.09153717427343401,0.2102346354430307,0.27214040261051015,0.18829511305131427,0.9149621995042996,0.6771240066344498
3621,1.2236091715455808,1.2798728283473764,0.05690151231209508,0.048968937772045494,0.14772454672322263,0.13875776484881572,0.8398066329225539,0.6643466837524015
3622,1.248284730415125,1.284992563258878,0.043598881665747984,0.4098739855622009,0.2468451402535891,0.31196051631942057,0.8403631070441824,0.6135514117701422
3623,1.2310772673180193,1.2917676213874638,0.06691000095602714,0.22534730147261692,0.2067199312654527,0.029309180563779527,0.9139568113658485,0.6927856946488576
3624,1.2486256503948185,1.3120398752726754,0.0672877496004429,0.21747665564358806,0.13451553307171932,0.169996784225707,0.8696056216716499,0.6662407738900521
3625,1.2136927887301752,1.2848821248140887,0.07196928387753299,0.13804752377209345,0.07991556970802442,0.06644036061717301,0.9139899558515965,0.6316601840115362
3626,1.2250377924634899,1.2673776470367908,0.04305954618802033,0.11446840095507452,0.22653799574562108,0.1206591648212389,0.8615401020614124,0.6470572449644192
3627,1.1788878085024623,1.2796348209865995,0.10081594337139133,0.1281294186015468,0.19158177404025412,0.11608303858977244,0.8895340770787575,0.6729680692225468
3628,1.2196715398428235,1.2534761791933615,0.03637507600399102,0.216431944674691,0.21640754051704625,0.07048975964222344,0.8619844793342009,0.6400357557695137
3629,1.1998365287683554,1.256859066315748,0.06033422487878633,0.07824090305092803,0.17067803393376585,0.11611606201267327,0.872820098995422,0.6574917185492875
3630,1.2022182180381762,1.2588683898176307,0.05677211971254859,0.35488289782816224,0.2676007293214113,0.14853743428967392,0.8546893775191768,0.6373979273381019
3631,1.1886588982917707,1.2566097088496782,0.06935925093754002,0.19528254096781783,0.29483084022328787,0.19779502765290044,0.8801199766647527,0.6338926082972446
3632,1.1644003588568888,1.2674487879228604,0.1069181431524,0.1716771107734603,0.2576325937150968,0.17052589144813693,0.8243554177812453,0.6245291028626521
3633,1.1798588098897844,1.2672145326130977,0.08796472700498566,0.23485183320244102,0.31449319565531236,0.1285107575833258,0.856256394794989,0.5873463201432474
3634,1.19799163711716,1.2299311768790273,0.04627149970843293,0.20774924084877286,0.11608330752290506,0.10012745133454717,0.9125018765677988,0.6088215579081898
3635,1.1696216394390235,1.2546851145648548,0.08594603397381555,0.14182723636082187,0.10024345846831065,0.07485466346821645,0.8781430050714493,0.5875743299361319
3636,1.1533615428383686,1.2451273938889404,0.09198515598897093,0.1721594503980472,0.20938658043248812,0.2023871966057188,0.9176163293602756,0.5794984156287128
3637,1.1646899481560975,1.2088358460206152,0.05610081703841839,0.29609856293626646,0.2735836592575258,0.21494251996120184,0.8460931314585249,0.5857306212029517
3638,1.112230129030249,1.2085599018715614,0.09982475150826649,0.4516976511468242,0.19929393093548986,0.3221152397383106,0.8100800557886354,0.5694297553590663
3639,1.0505619243961422,1.175098750708251,0.12634089834609832,0.22294492394415635,0.09365822107735532,0.13700924117308672,0.8586309910567191,0.6368957860273559
3640,1.0478754161279462,1.170240311142107,0.1248008933359948,0.16902494966254158,0.09026722637003089,0.0880341180756603,0.8669376869174925,0.669490778648984
3641,1.0212766482317972,1.158780806683176,0.14032517598210195,0.12131904116069257,0.223630072611557,0.11285510483618896,0.860841045059282,0.6666257149902642
3642,1.0034794579092439,1.1536725686244385,0.15123076116162612,0.1471630127379165,0.15635098820257456,0.11762491863183912,0.8335730560988213,0.7267343370385564
3643,1.018039919704086,1.1439065193716207,0.12713599596502578,0.0694700082447113,0.09726682328106309,0.0761454206712713,0.7551845450797668,0.7397285882530646
3644,0.9889315730832235,1.1156559115787381,0.12759913790897556,0.1520734418775065,0.18717494533070492,0.10307757574228095,0.8243508711609863,0.7325079641811916
3645,0.996068042229991,1.1044316672689474,0.10896034320224325,0.0647682829417404,0.1807772511514213,0.14198506232893413,0.8413156019094481,0.77156935725411
3646,0.9945179664132926,1.0882880248092124,0.09468256459182987,0.21919030836290915,0.19422515853017244,0.11914114618424498,0.7902833689506557,0.7678570228527977
3647,0.9773006962675538,1.0711053553203576,0.09563863527807902,0.14057304100140863,0.1802723076481999,0.04713712556838979,0.7827572430995015,0.7870938464274764
3648,0.9291057147910082,1.0396738922118862,0.11084644798641942,0.24751236608427715,0.18112461286680973,0.098015441114396,0.8262754541842268,0.7463939562471027
3649,0.9097146980398175,1.0261219092674312,0.1169439131137952,0.22575698271939118,0.18442610227455067,0.08703854025109165,0.7890878262330033,0.7885799624456555
3650,0.9200522445100605,0.9967114748737002,0.07813992472234871,0.16560759981511747,0.18151275313341067,0.034687065080506056,0.852939303305306,0.7509047290513026
3651,0.9153672436399728,0.9824223240423993,0.06818112688546835,0.16434262546167436,0.16359487867275954,0.02105891964817451,0.8563245625672087,0.7804002187393548
3652,0.8629345169713324,0.9593576367031719,0.09750569518399474,0.2093067533761527,0.27854463938839086,0.10704252825336863,0.8120130050384495,0.7882583793229816
3653,0.8716327380432776,0.9439438898597251,0.07386887291322823,0.27744568572310196,0.19685445454250777,0.15853354317024146,0.8159798165121245,0.7775145287169771
3654,0.8093970699043783,0.9035111316770422,0.09752773543189201,0.24154570378507806,0.15811076372793179,0.1696574154999512,0.8091291524336236,0.7808676313743088
3655,0.7948628002841146,0.8806693623759172,0.08690621864007317,0.19394898100954408,0.18998063647386798,0.08690426718582181,0.8865529878306653,0.807012884804673
3656,0.772922882866797,0.8450680416848978,0.0747262183987431,0.21327777280067634,0.34514038010819015,0.13562331700502558,0.8278187748254631,0.7957718698079653
3657,0.7517836643825058,0.8247682292199378,0.07561241422955295,0.26987148278819134,0.23815426966657668,0.14423579944103856,0.8400204127665876,0.8253657723813408
3658,0.7332557483762203,0.803387608892969,0.07078365421576253,0.12033750598552186,0.13275585108085522,0.07015322944184706,0.8052436386957135,0.7956897333100953
3659,0.7637827850652393,0.7681654513658148,0.019900100282554685,0.35882916214303645,0.2569675501071399,0.228962065747664,0.8093314900241853,0.7786755697492702
3660,0.7167028343800714,0.7562678386529881,0.04070018739352354,0.23363546009386166,0.11738159699726496,0.16181337094191028,0.8482633265278545,0.7812471113068715
3661,0.6655166825505061,0.7107454156113148,0.04681810782643538,0.2394454972015211,0.21302115722044795,0.06513842079779177,0.807515847407762,0.8058003342713156
3662,0.618469995275222,0.6885715318116193,0.07249881812062091,0.19763847818979402,0.32823047794119115,0.13509227778693936,0.8712696383381925,0.8106769022730095
3663,0.6237256883913769,0.6432997200286078,0.024294085102075525,0.3322955800493222,0.34392746831042287,0.10626351979641939,0.8419789624351969,0.7963870263617223
3664,0.5474663495948926,0.6199852095263759,0.07291692745125707,0.3979283027865232,0.44195403618787776,0.09603833977424173,0.849875160370843,0.8081094036464729
3665,0.5307965760928607,0.5929316134656345,0.0630387254821139,0.4354173980918865,0.4758500960883468,0.07740164809072293,0.8249694634034099,0.809347830224641
3666,0.5506533307372684,0.5746478747191652,0.02673365800246412,0.6401487490795633,0.6724865656480797,0.045861756353493974,0.8545558595978442,0.7855092299039047
3667,0.4939774781129189,0.5523961056505841,0.05999475070738439,0.876377628464067,0.9369171511632827,0.06214697620247889,0.7128859558219864,0.8166798454320456
3668,0.5014546155935508,0.5278429003333768,0.02925521334621595,1.115454655555264,1.190917062420587,0.08563186819430443,0.8073788558723483,0.8390155132710769
3669,0.4903783498732822,0.5047511182427674,0.02452176668882115,1.5194039427668444,1.5793011327903168,0.08721536897833052,0.7836383794031834,0.8038288458601429
3670,0.48041988173377187,0.49804557236737174,0.03817130586638982,2.0412449993901514,2.1415298405711027,0.10570070043624642,0.6972818175347754,0.8211786294405731
3671,0.5334575233244037,0.5088985047218627,0.036986081844326786,2.5866263534419587,2.585709179580204,0.034938951583581866,0.7583216894987613,0.8325189866686402
3672,0.49095256768157153,0.49217714075428554,0.04061376343499283,2.960980596367134,2.959697522028099,0.07847681754540677,0.6905837842500538,0.8463502076826143
3673,0.49863558837408267,0.46839973755447983,0.03186872228398027,3.4009674540019015,3.4101048971093157,0.027366666650301196,0.716506164076675,0.842308288998376
3674,0.45492212031874585,0.4691617385975317,0.0152626188198527,3.628283460095462,3.7223892459189205,0.12861518382353135,0.770727407568675,0.8453070867114445
3675,0.4209344615232609,0.4459423730326331,0.028059345458656265,3.980124392096272,3.9338512357575475,0.05415307138919791,0.7322083536288377,0.8473927808601801
3676,0.4282248593121248,0.44442299832517546,0.054058637953676256,4.015140962977457,4.0743566896153505,0.08651147059709409,0.7143431367198412,0.8360145696075881
3677,0.4658560952501665,0.4388121468372837,0.02781854751830977,4.090205304412101,4.11103194008164,0.09646855897204464,0.785019871146913,0.7890903178527661
3678,0.45569955446720295,0.43804987606929424,0.04206450812183069,4.14546635723248,4.163745439056644,0.061790926564538225,0.7297613090706893,0.8136830513163913
3679,0.4555438442415525,0.4546962267224821,0.012750957084642738,4.244992273912808,4.347375318815536,0.15331509076329985,0.7727635426587027,0.781023345865031
3680,0.46024789253603277,0.4782719319351612,0.03947695332527649,4.493882506552599,4.487998990017398,0.05378594293379809,0.7230852365362777,0.7801882371774099
3681,0.4567704427239193,0.4861808608146127,0.04174510244899195,4.616316641035191,4.565122457451586,0.07310031795321507,0.8318265066250848,0.7964663866842144
3682,0.4460636007240647,0.4844726089011861,0.05016849083997294,4.573628116419272,4.56285896243622,0.06644837681263963,0.7744611309424797,0.7980598331063578
3683,0.4777237915673719,0.5036423555165336,0.05117160679367893,4.656447862707894,4.665059550027969,0.1693252061500159,0.7408544396953889,0.8088069151166082
3684,0.46812679631417276,0.5082521386768927,0.05108276228881644,4.741895068770365,4.78664414466425,0.1396889357407416,0.7006031088325301,0.7853154609534114
3685,0.4653025102032647,0.5019570796902167,0.038068238524625965,4.739923600610326,4.765834474840145,0.1353190732274315,0.8382381346161777,0.7935626130936545
3686,0.4637651026285864,0.5160935487452143,0.06205496572624817,4.738971079958089,4.716059741764916,0.1402561629067549,0.8167000686071888,0.7331146416790916
3687,0.4656013878061676,0.5300094574448382,0.07513470530234935,4.507954166647418,4.507438342400602,0.016766260324577502,0.6764556924156173,0.6874596994813955
3688,0.4946884996461845,0.5483031109480044,0.06005867399012266,4.148912992694523,4.195138324451533,0.10073938307288387,0.7626738012208734,0.6893813697225637
3689,0.48405648017257796,0.5594795537272471,0.0817605647078809,3.7303081966573415,3.7720265357491605,0.06097238928266566,0.8288852103555326,0.6860057712316139
3690,0.5151236609026496,0.5837756222723383,0.07905249086591756,3.2715432076149695,3.3385520879810318,0.09790077805155761,0.7264544530843331,0.6639129177693064
3691,0.54029651868064,0.6726037086127311,0.16543999964309417,2.7714208125871007,2.8791854624125333,0.20757253567429826,0.7652159505616573,0.6002461043257595
3692,0.5369237173972468,0.6376430490450988,0.11047614686779048,2.2709903798681186,2.220051565402732,0.1726583262599406,0.7463602657179398,0.5914413416690141
3693,0.5429868901969804,0.611082996363244,0.0761238731870123,1.7533457957918641,1.776343983315665,0.12398961538094479,0.7830483998073012,0.6572212308329584
3694,0.5633427848388157,0.632016144824704,0.07228247760770268,1.2954629716832105,1.2847434272392257,0.09965717858361955,0.8031868042081585,0.6619728485253961
3695,0.5747512237104272,0.6218957859681191,0.0478184338897217,0.9357318359716728,0.8870637514410968,0.10384701241441012,0.7924202374327838,0.6228124626190554
3696,0.601226243015899,0.65401933692168,0.05917090339606189,0.522198141323102,0.5573598900374329,0.12161501849752886,0.722656234920245,0.6650471233311365
3697,0.6051640838145748,0.655397382891918,0.05140758847845777,0.21149998670089812,0.17655781218779273,0.05776555763816919,0.778873954262376,0.6495882957420603
3698,0.6508461315065776,0.6924702434167985,0.04836778528584993,0.3229885847392508,0.3327592562934805,0.09262930782415617,0.7663809464948318,0.6532018197469345
3699,0.6683513833040584,0.7066518860561211,0.04749305067206928,0.5511917400289974,0.655049521731591,0.13077532371355416,0.700006017329436,0.6393906139223838
3700,0.7191546889540954,0.7242933786518146,0.014179669142053429,0.4729846778141992,0.5288937061192238,0.3267898424848989,0.7483065676099815,0.6199308264204932
3701,0.706569466175561,0.7596116654299593,0.055629172425036726,0.12213695032513852,0.21674052033982452,0.11526569770962514,0.7834601078913161,0.6206143505319069
3702,0.7353999024654025,0.7821394242680704,0.04991117796647664,0.2094127364118578,0.26953657109405826,0.07407008908803052,0.7345813912544593,0.6107049187692901
3703,0.739132248797265,0.7763874719019813,0.04054549416089992,0.23664068091844614,0.23348471210233343,0.04338190796265701,0.720589788194334,0.6266378780111337
3704,0.7141258611408234,0.791833116214327,0.0780705700529956,0.3479914595133873,0.33978164689646917,0.05756361466295717,0.7735768583371436,0.6305626825896531
3705,0.7437904742851015,0.8019000246346734,0.058641923743197585,0.32580113341626027,0.46574015945376773,0.16404704727338054,0.7724592453811266,0.613163379037337
3706,0.7939900531232029,0.8385284473232131,0.04515812006289824,0.5569861251327154,0.5911950721795047,0.08389099056694155,0.8533325719824815,0.6694944146284355
3707,0.8376571897012544,0.8690686029634179,0.03311384709179639,0.5421659330202947,0.6080896439189309,0.08249587294027277,0.7975424292116136,0.6833601055244896
3708,0.8488972525923755,0.8566482405279924,0.008329571001745908,0.5947228420772176,0.6593870312269825,0.10349973077989823,0.8626507870162667,0.6325714259366391
3709,0.8859585878717067,0.8941551877348318,0.018232602558362333,0.6029848118462864,0.6885827167450331,0.19734099230227936,0.7482899940175436,0.6398316442619609
3710,0.8518171507914107,0.9165839038700999,0.06723019980935496,0.47059728530334227,0.66467154359959,0.26363118322471024,0.8415239306608572,0.6370609308470224
3711,0.8778408522028436,0.9273691151581044,0.05006846708686586,0.5410488719296257,0.5851894145521056,0.11032925280843933,0.9091702950643439,0.6274483561934685
3712,0.9392042741123441,0.9549495264227278,0.017996902156760083,0.4957223380671234,0.5441297428664962,0.11855936601856437,0.8010020776118453,0.629586597128745
3713,0.9357066881560298,0.9662618022136309,0.03399433884332868,0.4058856166177008,0.40633157651541724,0.011431156716818163,0.8538026760526267,0.5997515502261159
3714,0.9704685390248181,0.9887955638679468,0.021799624673935217,0.3271488750559246,0.36430540480124896,0.27766723148893874,0.8221731889042637,0.606087089212252
3715,0.9121423445823366,1.0042009227548225,0.09265594430662215,0.2702717187184309,0.357548105948088,0.13962385051841017,0.7644157178323391,0.5713432215299243
3716,0.90094729129536,1.017288680173868,0.11636139659554309,0.10634066207097885,0.2245914151788191,0.14147183346610578,0.8507461016367752,0.6036409366967953
3717,0.8887066202468471,1.0359287420973433,0.14740762982025618,0.13276130875347072,0.08911051938908617,0.1290509881079562,0.8398855837052643,0.5991906193300734
3718,0.9563121598608675,1.0382094200227168,0.08351419087850274,0.2172461370228743,0.3628204129799639,0.17673873193537432,0.8379755797517036,0.6041126178594967
3719,0.956516540736686,1.045672963851761,0.08974791777090378,0.2853043655731904,0.24205487127655548,0.06984846523038409,0.8644727819921403,0.6079610264862149
3720,0.9712657019936178,1.0680691347564255,0.09744644800141358,0.14439289097569896,0.12893075674873966,0.15478121826683672,0.8693382127628235,0.6078503390231557
3721,0.9576341004307773,1.0696699793082154,0.1141820360571835,0.15745920327573207,0.11083145779944097,0.24707211860306144,0.7388038936313206,0.6100072062581565
3722,0.9732197823817875,1.079290817214558,0.10612348458945382,0.06845499689152598,0.12592007756651877,0.14569757689758134,0.8275332131667219,0.5683478592195502
3723,0.9863000967109884,1.0665597923527141,0.08139487857783514,0.08893212157654982,0.13433016886750734,0.22295303616085357,0.8557578905099905,0.609350991270764
3724,0.9977845041704685,1.1145808090080918,0.11795258896171314,0.16994314997856347,0.17472970678434535,0.07161735778737378,0.8184508887746089,0.5839789935699152
3725,1.0295416572097669,1.11100971360037,0.08217333727549284,0.15599483011845966,0.1393432276279049,0.0955257714337722,0.8800464467768526,0.5953367114093582
3726,1.0334366993817863,1.124034568258392,0.09252462455665132,0.20165727636949204,0.15510889053785612,0.21884315484359979,0.8228860088314166,0.585827936892811
3727,1.0345128897648277,1.1237136655829785,0.09070133717499343,0.1353468013900939,0.07741550666271198,0.17357677184601458,0.8899548581328636,0.6065759576668361
3728,1.0756567146111944,1.1257429618620618,0.05798912186726898,0.2616347503847131,0.14237788510263327,0.17833521127206378,0.8692097444067463,0.6351734269145535
3729,1.0862239771964006,1.1417674132767033,0.05782967033126474,0.24058659244699102,0.07336531896773611,0.2150304957343076,0.8399814860619146,0.6327910426449187
3730,1.1120928591535644,1.1227537883302023,0.016489013599229066,0.2609140389738741,0.2480397807025329,0.1930349651138128,0.8395094019568554,0.6028209237470726
3731,1.0694117015037126,1.1479338868195215,0.08010939797266389,0.38267218030678424,0.20994711689154272,0.2353858589255053,0.7645146774756174,0.5747773859042686
3732,1.0559317904501755,1.1063194730128423,0.05222862905871233,0.20602480431036926,0.19229147354919818,0.09686868074325022,0.8614461736410074,0.6001460677611007
3733,1.0459269305340517,1.121533103920715,0.075691617269622,0.34494592101362925,0.1389335195299585,0.3016535718328654,0.7192502313735549,0.5854947885637732
3734,1.0584774709577203,1.1268731823986036,0.06891355144835727,0.3337632192425799,0.33951436315506184,0.13921499946125018,0.8706965355457172,0.5923385522705686
3735,1.0977103501452317,1.1086424870486014,0.011885105080815618,0.261213052681855,0.17016459023826147,0.15883067107947976,0.8391291030772211,0.6498625493159483
3736,1.0678691431966594,1.1453461259122728,0.08705821272150382,0.28878183064921364,0.23493531051368532,0.11128836656752181,0.826704072402196,0.5729040431255913
3737,1.0552013891151708,1.1187038519220798,0.06385951839980494,0.3281336566595754,0.16663792279648817,0.18259696000631737,0.8186880116138581,0.6186278348230734
3738,1.0555305191809454,1.1019836799932246,0.04717067704484475,0.21268762775195416,0.13612807164477705,0.142640534050407,0.7870592298347789,0.6137869216728724
3739,1.1246405474932457,1.1662795682346272,0.05909541501007257,0.14935822748036587,0.18509750818604534,0.15416939503486873,0.7628649144665596,0.5744453478978566
3740,1.064588505086497,1.1234237725745904,0.06261914803662356,0.14140134692930267,0.15857591171681887,0.022230983059206642,0.803452744381388,0.6236684083707082
3741,1.0772825868442977,1.1255469009109038,0.05632358629418162,0.0982628953949559,0.17279735170198857,0.14033532925863051,0.7825440622326738,0.6331128377047645
3742,1.082148026440447,1.0940640238748172,0.03497553599399475,0.132417875025224,0.1846912289215418,0.14558021277044011,0.809680798218509,0.630461346139444
3743,1.0416004061332829,1.1133496963970662,0.0779400955165279,0.15884197547992387,0.10353374696935452,0.09224283790942293,0.8300816561347588,0.6595331215544322
3744,1.0169664021585176,1.1015779164591815,0.08495004162136763,0.2229876176535479,0.1570299446902249,0.0951962650678113,0.8023526806385746,0.7171546682454885
3745,1.0404040062055353,1.1056818877768402,0.06599265198397611,0.32158563279457897,0.20494941442716672,0.1494815344165029,0.7092670913402765,0.7271307715553631
3746,1.0036892030177027,1.0871353211977821,0.08404047803129873,0.21902168831639537,0.2513396426446407,0.05521916058499342,0.6520873567568871,0.7141823794998521
3747,1.026903475543997,1.1069647093906356,0.08165130935115696,0.312271726897644,0.21428750652116926,0.10669324729840715,0.6505887407539144,0.6648075094745396
3748,1.017099992423576,1.0946851622879226,0.07981135414524763,0.29682893915003256,0.20195429529050857,0.1011446905992013,0.6547219336323931,0.7485615076180939
3749,1.0220799536598921,1.0858416227750196,0.0664401102918046,0.29618120730030145,0.24401720200076354,0.10449002061830105,0.6551909808646368,0.7427756540994401
3750,0.9977906492085237,1.068684969465674,0.07205185069984499,0.36917130835264145,0.316348486325724,0.14396457904093907,0.6537764344734881,0.7753663201300243
3751,1.0012863648384152,1.0678492171211875,0.06844234743302922,0.32390425719714583,0.20674863393853027,0.1278695984106412,0.6546650764847441,0.7425768676211913
3752,0.9155269763845387,1.0449640314661766,0.13011561808058839,0.35046040625512326,0.22086334972001262,0.20086165535664496,0.6568264256455587,0.7517879962973815
3753,0.9058754030410043,1.0284414034826495,0.12327840196617258,0.3373779495696715,0.32092460440305304,0.13534854495520432,0.6577533558358477,0.7704979814283058
3754,0.9060109660525532,1.0020725817404117,0.09781843424813294,0.29341363589713537,0.25208867747921104,0.16366335040132537,0.6967160089945071,0.7432468069899425
3755,0.881428647761507,0.9899729809421883,0.1087207460078372,0.18685967634543107,0.21679564674100435,0.07335191041353367,0.6702717431218401,0.7355261134502817
3756,0.8702729003204805,0.9670907802248846,0.09745441929756997,0.2536090297277504,0.21256149195875723,0.21205909062435668,0.710216804387582,0.7657956660868073
3757,0.8629989662631181,0.9722187708310265,0.10982537712590393,0.21895381628822522,0.18882042332561894,0.10634616667874816,0.7376193935112203,0.7619707790692123
3758,0.8648319084376478,0.9318747363772159,0.06800424656101803,0.06296988547364545,0.11896438879980446,0.17849598324423027,0.7930819083981391,0.7627090881167095
3759,0.8053785446432612,0.9105154867576859,0.10617457004703328,0.16059670608725227,0.16205735379991956,0.05143858438555736,0.8161546910930778,0.7366424435687617
3760,0.8506483207807662,0.9250786558133244,0.07730926095702362,0.2728748177442816,0.20770567150751992,0.07486203017287417,0.7401796495259689,0.7448354240545613
3761,0.8008436982169117,0.9122757718997877,0.11173841664191217,0.3171813331708107,0.37798871710123877,0.116885480782135,0.7990527027343728,0.7698663005135309
3762,0.8094695377777977,0.9193942577743273,0.11115608447911801,0.5037592959253919,0.48492863958582,0.10777641906308337,0.782820119036784,0.752509199252944
3763,0.7857307378418399,0.8993265471255719,0.11456373596569917,0.7078629429993929,0.5962149386342159,0.1371290693733508,0.8893922507892106,0.7597941244694221
3764,0.8138037600270259,0.8988002588870386,0.08546272781279839,0.6784109394667541,0.6939292216925371,0.10649393161095143,0.8305157163927751,0.7298287750322184
3765,0.8141251350055946,0.8944560512347386,0.08048337373163165,0.7227726611906213,0.7809412509306144,0.06226933850189909,0.8782614509581207,0.749814064341074
3766,0.8145203922952176,0.8936718273350802,0.08089991994200764,0.8449106403828669,0.8363845771583661,0.12228826716975957,0.841241092765786,0.720050474006009
3767,0.7509049305844717,0.8883937183016903,0.13772469453431455,0.7835801846492404,0.8164424423846206,0.16799428306843275,0.8648541902086536,0.7030814498929552
3768,0.7877205228869041,0.8904791885304315,0.10356883530250084,0.7066765104044397,0.6962493020202516,0.1583004865851787,0.8496309707827974,0.7107596598353288
3769,0.8293693109101822,0.9090031765738041,0.08061859259949493,0.5544553241145229,0.5343565287757701,0.10510726574511696,0.85086584590164,0.7087913747909151
3770,0.8133128479302019,0.9099129992933382,0.09754673400174241,0.39916890982655434,0.3408362275840728,0.11961660620920019,0.9013707606889427,0.7001111341690969
3771,0.8326159028157991,0.9125523886362418,0.0806841589830191,0.2564395875362967,0.30057948469137363,0.17732360569318992,0.8513024174742121,0.7216453559973647
3772,0.8402204636782374,0.9231421146486207,0.08548854857885613,0.3088997722040949,0.21963119943666157,0.13457952443984111,0.7655057506606792,0.7238419137169374
3773,0.8707676479275638,0.9307334720500513,0.060319396837318906,0.09992785701493845,0.12848480057094752,0.0936367766130011,0.782262740396327,0.708091144849993
3774,0.8691361325556587,0.9411759576980377,0.07252482027763622,0.17760751550576256,0.1516542849059575,0.06012885150056475,0.7495562155817646,0.6876296295233915
3775,0.8951439236289648,0.9548774054953764,0.06387052480249296,0.20175015553082898,0.24867675893177194,0.09021134886811738,0.7603169527227138,0.7102320408637077
3776,0.8849747782097469,0.9683745446938647,0.08528014914756614,0.47897937209120367,0.5511347318077093,0.09492343073357751,0.7300695339690471,0.6923506682944016
3777,0.9352059837996275,0.9556479924678875,0.03821007035788341,0.7427908232356741,0.9099346389911956,0.17564737808915734,0.6716251030299913,0.7068510283739832
3778,0.9144197173340924,1.015997647567129,0.10624694971722463,0.45096420391966585,0.4425801907413096,0.10564999603587336,0.7270176251880712,0.6380009221573508
3779,0.9431496219617544,1.0219871506918865,0.08378409529462578,0.6474948957801833,0.7719376920823859,0.17949233902944636,0.7692048299616718,0.6392084377617993
3780,0.9664960192621362,1.0377641135660312,0.07195827448366449,0.6138059891393849,0.7867370383373179,0.18386983338094676,0.7407594825949784,0.6962243226781464
3781,1.0034863709089958,1.0331870742055433,0.04308832065079642,0.43758114404825144,0.39104712066477737,0.12077957446578517,0.6988820766016093,0.7118226295854118
3782,1.0208760107525594,1.0708002534658037,0.05293853825138181,0.5800320777562524,0.7142670023215427,0.14273380384471593,0.701300594577497,0.6795200038861514
3783,1.0588756900529628,1.1171839299398612,0.061447457479894704,0.41576328495118137,0.33497985445374234,0.10213868054260274,0.647378587113764,0.7284764991723971
3784,1.0394101199979175,1.1166662459957777,0.08234965636950421,0.4700407995049681,0.6432339792836388,0.23272408803063446,0.7543581595383205,0.7076014010564654
3785,1.0617310203101875,1.130327085805661,0.07145187138119492,0.5423192682635561,0.6198593149794551,0.2701426662612402,0.7354956106381543,0.6955381155974425
3786,1.0513122676166624,1.1300654514803468,0.08103414866626817,0.5025526725242632,0.4599452655500887,0.16762080833449386,0.6502144498459256,0.7410226858479898
3787,1.0843253638175636,1.143857066629396,0.06676766498281253,0.38530139247195105,0.5808794521243987,0.2666624473137196,0.6535354567170306,0.728924506359511
3788,1.0814525163987303,1.1644406561824994,0.08553727816929406,0.22024802312063727,0.4857182666244783,0.30373129615337696,0.6551927534677113,0.6886394116134569
3789,1.10405430433452,1.1492693825663327,0.061228932516912506,0.5864294530109174,0.8580697419412565,0.28524754803504626,0.7511491468044952,0.6687161602603585
3790,1.1346708914521983,1.1846233600848821,0.05282613489400622,0.4472317186775955,0.6047075533228227,0.2300740292467726,0.6805088370369305,0.6643898009392244
3791,1.1516714170827633,1.1747486796915438,0.039759797375403,0.41031726952044884,0.5540377692292339,0.23646313152626036,0.7521337739184715,0.6425368637999581
3792,1.1506057647640768,1.202642660181651,0.054486862918035145,0.685567065960868,0.7992695746585871,0.1318459928097218,0.7437086280384727,0.6466433983434993
3793,1.105594886591353,1.2320648237749547,0.12791318814608585,0.3857475981026398,0.5116613212455872,0.21755780848644518,0.659109692187597,0.6662432127559119
3794,1.0892374541703342,1.2245024240469735,0.13536991470386467,0.1473881792025006,0.29702045000376454,0.19973190240637873,0.806735428488373,0.6658143030347787
3795,1.1147323444306756,1.2190481639433175,0.10593272129027889,0.17418578196714973,0.2691154568062363,0.11975401760071931,0.676679637985922,0.652792159661406
3796,1.1350459373465547,1.2418494847034203,0.10965214514081256,0.13792676132304327,0.2460074459253414,0.1114382948269794,0.8264389609725072,0.6384557803879345
3797,1.0977488241148556,1.2217689868286759,0.12465317248200646,0.08260283228614176,0.14334267385662655,0.08985847746652686,0.8514411876397454,0.6055961746780382
3798,1.1292569239026196,1.1949141085282653,0.06966270438355895,0.2182276284140555,0.20753939731842938,0.1594558728843333,0.7377346554872719,0.6219927350464943
3799,1.123739213745946,1.2152177963712567,0.0948220955392314,0.17305607902499043,0.3036187203284845,0.13570205480438002,0.7800039870896829,0.5988030597266125
3800,1.1344128273590357,1.2098263489207532,0.08095387986788971,0.26904409760583003,0.19506532073787605,0.1274245161435164,0.705042208078077,0.6169876909877149
3801,1.1351283590877839,1.1939480668021325,0.05895076103704716,0.5555822823638676,0.6383025836335653,0.11706580119712295,0.6913378290343186,0.6527056708875373
3802,1.101331900939338,1.2233235387097614,0.12255381714309332,0.6223648790354338,0.6822482784276848,0.27438852118244594,0.7498155483210607,0.6690341263720175
3803,1.1223382957470263,1.2343450478472335,0.11644557432596553,0.50925814000814,0.6111462212630276,0.19919816725584982,0.7033822473454779,0.6692794348489834
3804,1.1066099920055936,1.200781515534488,0.09460226839311152,0.62246466737158,0.5370049786045674,0.1126943641757569,0.8467344549361493,0.6546553329454334
3805,1.13559335312112,1.175503091531915,0.0416299113327009,0.4281821385526643,0.45795950370413285,0.3029210810025337,0.7789213363725345,0.6251601481449435
3806,1.1197556894407525,1.1900900287711,0.0727531344175667,0.36518823084712526,0.4869513253661446,0.20692994179725113,0.7589518679128244,0.6119131766933933
3807,1.128771259353791,1.1906268573413636,0.06348879965872971,0.3833056504265512,0.46293747910446253,0.1141083254253547,0.8419637559916539,0.6276785626990864
3808,1.146457375305931,1.149154253039273,0.0033147982885493674,0.1776318075933697,0.21363449238453042,0.11987566687993911,0.6733521542317438,0.6105750615262833
3809,1.1093263442932633,1.1809889892678582,0.07508559280580436,0.1424815995687988,0.2019491088687039,0.06213022263241123,0.7440244186384057,0.5876970418649802
3810,1.1519196985547115,1.17469047876875,0.028979449199749076,0.38681930878424786,0.4891956810263016,0.12947368845098325,0.6676314152837356,0.575866619506158
3811,1.1349019530662154,1.1970878324712135,0.06642270445300687,0.4286887089373365,0.4244486838177763,0.049990675422404277,0.800739293827687,0.5783131250957418
3812,1.118183809346054,1.2793046904998837,0.17043712551720486,0.2756759881521106,0.17991370942910206,0.13507555913084637,0.7397385805951394,0.5325514059105949
3813,1.1261182814659596,1.1906984312503621,0.06596379356511554,0.3745148622163134,0.42480626395390647,0.13220718652674468,0.719559088798502,0.5772598932918124
3814,1.1393046461120835,1.232098294765855,0.09421869677372546,0.41219316140235585,0.47356211049452424,0.1472098218263957,0.7439359124455487,0.5631178107824959
3815,1.1604304557345573,1.168784610301876,0.03058151383799817,0.3301663962026453,0.28473117882894416,0.5944598947863454,0.7791470012522904,0.5667585572104256
3816,1.138000482853777,1.242320470977871,0.11170598415402302,0.23760938985146615,0.2929079074493877,0.15452854640951777,0.7197749390322317,0.618424316308224
3817,1.1582288189586625,1.1140199705470406,0.05669223416315288,0.36326904242847113,0.4601972691007164,0.1230944813850858,0.7051548924320875,0.6139152657524308
3818,1.136924471238019,1.2026330161145602,0.07561931405873867,0.17314273551168385,0.32808872868221917,0.28744306308170725,0.6555040090721934,0.616636928240393
3819,1.0858586748388745,1.1938765888389296,0.10848245987165563,0.21542357708327156,0.22288261510458945,0.06128581363477144,0.7573489042745053,0.5616983120325036
3820,1.104116618443463,1.171763624862302,0.07809102582848938,0.4026954174252794,0.23510217154383245,0.1754561655459632,0.7317227327344464,0.6118902036631364
3821,1.1191403428134858,1.1584495615212802,0.03969066432290066,0.3077984685647392,0.35090728312899133,0.09715221516288977,0.7801824682182801,0.6296605319035916
3822,1.0998967191349645,1.172601654664144,0.07724701802420902,0.3605879659713745,0.30526474241025897,0.19655672554923653,0.6562388064625215,0.6484723950336172
3823,1.0907655686724738,1.1416914156831908,0.056529843350055266,0.3013830630626235,0.27842274220200225,0.1562877428912558,0.6540504450243579,0.6789389595776882
3824,1.1367827108094464,1.1445878346416154,0.019405330766815523,0.10123255025042474,0.09576295746160855,0.12189657816360283,0.6568186045933003,0.6797797594583239
3825,1.1236185064304205,1.1276200355308188,0.02464329288052118,0.3397882158715916,0.355359701227827,0.11375320219628815,0.657407482275202,0.6954252648388533
3826,1.0786138084335886,1.0945058504334562,0.023035401347315066,0.37915657457648555,0.41556438454370415,0.06400158674081853,0.728945304991382,0.6877035507950386
3827,1.0818637896445313,1.1238995994592105,0.04460904614204359,0.34799401928109513,0.13781979061446498,0.22149736837551184,0.8548507559127901,0.6679694461322596
3828,1.072046646139626,1.1603318865258347,0.0948023036326322,0.19521775896735555,0.12636268901130085,0.20948092470742993,0.8241462033941459,0.6779221892308137
3829,1.0320763308947183,1.1241075086509205,0.09349443310939178,0.2594769584691406,0.2507837204988395,0.0744900104444356,0.8597672394885995,0.6910844118661226
3830,1.0331289552534602,1.1023545860825552,0.07021257269825733,0.1408678437407404,0.130174788317898,0.0388737245073729,0.8177378323591415,0.6991141556361652
3831,1.0334757933270364,1.1148176502248122,0.08154532932111622,0.1414006031369638,0.13819572710552075,0.06144820821648929,0.8375120632026294,0.6821599291596139
3832,1.0232992232962195,1.0984777564326977,0.07564812295575585,0.3497448339751551,0.30083536903063346,0.07054071704150208,0.7501002706790049,0.7014716522119671
3833,1.028596031022498,1.1086736700903348,0.08465232642465442,0.4556659212573576,0.4689583300379706,0.14226623391225995,0.7509508997592764,0.6815941740558978
3834,1.0286312764222945,1.09204891899979,0.06433309632879218,0.2425806087076334,0.2979091005899825,0.23420398941230675,0.8456527358294728,0.7021132579980305
3835,1.0305571633610182,1.1074632419955486,0.0781233059876033,0.27525715029213016,0.3080464552665784,0.12536605471089382,0.8089225652314638,0.6743776931451895
3836,1.0598492379589697,1.0840908294857494,0.02663747022883309,0.14093898039861044,0.20347908294533854,0.0938337484599195,0.7989815242389919,0.6672869318731579
3837,1.004587673658029,1.1065198572229276,0.10216636671030643,0.22865162691021845,0.2993294876077822,0.11175869871268176,0.8366745247338938,0.6836222375893138
3838,1.0207094278002515,1.0982757911955878,0.07807778393364165,0.49001352359242456,0.5712460513602368,0.09087466819722827,0.7994486669128085,0.6514512825546331
3839,1.0458003081475373,1.1062740650995435,0.0654663760286466,0.23806119998664368,0.40280609258366223,0.22483802471123973,0.7986121291180281,0.6291841805203026
3840,1.0654995904634594,1.0822259586884706,0.02033662107668717,0.1700074681037304,0.3446083155143573,0.18389088297768108,0.8467584863045485,0.5975907221234459
3841,1.0766728466166446,1.1086710519334975,0.03250249409679769,0.28737815087079044,0.23495573315242374,0.2923230283198795,0.8591489855363239,0.6164513321495968
3842,1.0418350909403384,1.1105893698877838,0.073014987487377,0.32090750828921927,0.29210460847271247,0.16642641001825362,0.8692379948962291,0.6244422864457092
3843,1.0616464709961517,1.0947127009938147,0.03575810782612084,0.29341461299744853,0.31612504917351614,0.07293392345950354,0.8593832465745005,0.626983052132388
3844,1.0344816453592982,1.1073205385309426,0.07418652651998064,0.4082504320156119,0.39094218185205304,0.06852444699862609,0.7795572236281326,0.5929611454885538
3845,1.0425110900237733,1.107005570817445,0.06672167027279063,0.3181775858673626,0.362612405406306,0.1655335720451532,0.7599554761199968,0.6153990597883093
3846,1.0665239032483216,1.1281131640841102,0.06947487537036319,0.27927534634624607,0.35376522913574154,0.09975549189496818,0.8082840926147253,0.6379146683321498
3847,1.0527708840909025,1.1140119927129417,0.06470687184894705,0.2385692168630063,0.49416607423450776,0.2798354894162423,0.7196207637295989,0.6547359489710933
3848,1.085669602162017,1.1154422236875265,0.03482283502811786,0.5319079785814629,0.47094838025811436,0.08614171610584227,0.6505191238452481,0.6398100685142838
3849,1.0874513517161426,1.1352390527319534,0.05049834475396381,0.10186655285088954,0.12638317081269365,0.12463960157172788,0.7686249185411184,0.5913629225764236
3850,1.0989920639949275,1.132328050528561,0.03998819175517264,0.20655841433480154,0.23716087936018507,0.06984208727537587,0.7234155812686834,0.6616318482818565
3851,1.0525436484830317,1.0945618170975222,0.045095682343662354,0.11368855920860668,0.15714983536763497,0.07525896217780448,0.7872791098467737,0.6636795201163098
3852,1.0650230106692404,1.1225776114742896,0.06314025023553159,0.18311356006998936,0.32589124619947746,0.1715497771339436,0.7956770335634179,0.6907102747346594
3853,1.0378173751872282,1.1551089250364721,0.11750245290580955,0.36639984431652906,0.4623827698096051,0.24781826186682582,0.7729628565134645,0.6688514950072927
3854,1.0960822582809073,1.163086493618273,0.06838281586599139,0.3775381542120325,0.42821661692019025,0.11304888333720954,0.7497549618499775,0.6822982584876789
3855,1.0962909978635,1.1567076598518606,0.06124892508224587,0.4146745062505049,0.39958301782257305,0.051603752125971125,0.7394052126110461,0.6805922993761185
3856,1.049921886570666,1.1661628451284256,0.11705705915268447,0.2758606613620201,0.33550346147122295,0.07462650150920143,0.7102533116811337,0.6755943761584186
3857,1.0744783602719392,1.1311659134994207,0.056851256374952454,0.2803068147549036,0.27448038072354775,0.16701274494913065,0.7114063175096191,0.6595521478704426
3858,1.0915222574749586,1.1450024221664836,0.057631971585154554,0.23142835641989543,0.2695469517834297,0.09514352229439647,0.6888958832447742,0.6720977396329006
3859,1.0715314009476895,1.1635111849806903,0.0926054827070579,0.1972438443868127,0.22127070727674017,0.043738519363126394,0.8107538256292509,0.6573466410785096
3860,1.070499045184624,1.161357713279042,0.09287250482572673,0.20466564975768006,0.1987050848896894,0.11793957856447644,0.7578142927113295,0.6555991687905781
3861,1.0707554700217976,1.1683823698639102,0.09958562087902005,0.07808594474546046,0.13158946791083587,0.14148647798647346,0.7285815735259994,0.6227867375532037
3862,1.073825292282445,1.1730743432718957,0.1035485193423854,0.13583852398183824,0.11334953345167732,0.05589145255796604,0.8240435328435555,0.6522831252913468
3863,1.0814011716211889,1.1651130073051839,0.08373080202667862,0.11323066906275095,0.12408760817119797,0.08767692977250409,0.8497996982350341,0.6470281584764007
3864,1.0818265205624695,1.1774734358012098,0.0972905803366846,0.20236897901263529,0.13969482357936805,0.22662011077027097,0.7796436662388971,0.6128378502752742
3865,1.0897689475841148,1.1709254268602654,0.08200781372526227,0.08428642072339967,0.07556729182490082,0.15624991545175973,0.8315861121936454,0.6009918210503822
3866,1.0751076317850112,1.1578152872201672,0.0841749881957447,0.16012364781801183,0.18904691506443802,0.19149481553253514,0.8271538693098739,0.6122090011801934
3867,1.0737202502194507,1.17030181023871,0.09675430962169798,0.16147332357494276,0.16041296462525495,0.1469157080045534,0.8385012925454494,0.6186016935597665
3868,1.1287586470462034,1.149411361695578,0.021393673557638153,0.18242769070591974,0.09361140623985152,0.2003791697549526,0.8461485397602726,0.6367553412167883
3869,1.1329286679721526,1.1397296714908736,0.01647723417153705,0.18600400054345453,0.19315277060576316,0.14010229708178282,0.8377166372759759,0.6155972278467987
3870,1.1294742404467062,1.135033023799056,0.018393537886410155,0.2717435019088868,0.23143823775510583,0.10746832706053232,0.7848185011294304,0.593207140084573
3871,1.1202923322017508,1.131025427933062,0.021643058509888943,0.13507406461561516,0.17858518663869904,0.0913084784773373,0.8527813660462324,0.6265435615751196
3872,1.1049472271527325,1.140713733800942,0.03826489432834515,0.23182722017799795,0.28734262474121686,0.17493044227425741,0.8140646859539606,0.6194494046668224
3873,1.1164606190584085,1.140612715732892,0.028859181031787005,0.33587745913946826,0.3066878619301814,0.26018133334894983,0.8311521118550003,0.5777819217036096
3874,1.0889214012839004,1.130293584335404,0.042898252395448914,0.3285594286588137,0.35186172637910673,0.0600487123365788,0.8936650130220034,0.5637943100770881
3875,1.0429963618409355,1.1374537685795423,0.10027392305924043,0.28253493991684575,0.37653978520603115,0.18194312444503888,0.8435902554410445,0.6013067684457414
3876,1.0326122379777536,1.1107963239272847,0.07885769928062142,0.34520854662955835,0.4064678268218791,0.0831313849115846,0.7975448751816432,0.632693872250256
3877,1.0338186333675345,1.0880995037790975,0.05599035133125874,0.40541090456715445,0.41879746602326107,0.05003583719459824,0.8244403756459029,0.6392916844990468
3878,1.0219903190742694,1.098950357495229,0.08030181029743667,0.36004473560689076,0.3582166595902679,0.012268727141833717,0.7962992435173669,0.5918199291630833
3879,0.9911655068945003,1.0835706580285793,0.09648329977291367,0.2593639046614674,0.2857794382683665,0.05534531397261931,0.8481401287053569,0.6190529057133634
3880,0.9831246082463933,1.0398168997376247,0.06109523644969663,0.19659622915973374,0.21995678988553902,0.026795956843471785,0.8403972646879581,0.6235942791674789
3881,0.9662783084693108,1.0351930436572818,0.06981475988259814,0.21313593541611317,0.19515202813511917,0.1892726232825558,0.8025223086583327,0.6404201449876409
3882,0.9817398521816013,1.0398903651293823,0.058783483229047404,0.21398546115026157,0.16674241049498695,0.07918789475825885,0.7744265373338464,0.6253778240443689
3883,0.9990643504888269,1.0049596533299847,0.017511361302957048,0.38322568695135056,0.4110645304417737,0.11529732833244545,0.7130672569821177,0.6362283856766469
3884,0.9598424017601046,0.9870358480992137,0.04061886358492772,0.34725995722360997,0.2190327056288614,0.16997554567288883,0.8726040007323244,0.6533028699555129
3885,0.9435235022819731,0.9746427106332997,0.03577119634140517,0.45551195658546273,0.470769662653256,0.24449752180577802,0.7834205301379292,0.640497485325951
3886,0.9113114143585993,0.9387426050244048,0.031561025562031234,0.5250518844281606,0.6208997943815316,0.12622404456520994,0.8127179092652366,0.5996554318155713
3887,0.898935492995369,0.928791193567482,0.0323861871048855,0.4614042500584937,0.4107124627078677,0.11784251318634706,0.8391375927391467,0.6174585872414606
3888,0.8755247301243779,0.9133356507140786,0.04033899723905089,0.6418970172787001,0.7754037542445377,0.22993180592150972,0.8374775687487783,0.618297937314252
3889,0.8469070940155158,0.8830892046839096,0.03807333363784903,0.5064633370859564,0.6462390560938291,0.25329631249660584,0.8449827533112979,0.6216511683133665
3890,0.7948486054757401,0.8776250836781179,0.0871173065077713,0.4720481670254394,0.5526216408827166,0.14983792536465945,0.8183840607141188,0.6519837637827637
3891,0.784533303654886,0.8409655513720709,0.05961690098458783,0.4644031143537786,0.5548481148631867,0.15159878944443256,0.8876722099419581,0.6995636395910916
3892,0.7854961040113858,0.818678404247568,0.03324903174843608,0.47426868545866313,0.6035684352094287,0.1324761616422401,0.8986334149359385,0.6666655311161049
3893,0.7278308757320748,0.8079199221793264,0.08171228644355778,0.6577000178642362,0.7208417011156407,0.26607315896503075,0.8413591259174193,0.6836203543202692
3894,0.7047380807075708,0.7769490929463513,0.07269523296548545,0.9166615250914661,1.023728496133379,0.17270633608927008,0.9006475852260615,0.7125782472955462
3895,0.6877553205846118,0.7376860711200514,0.0599332954971537,0.9926981223569711,1.0674304769681147,0.08606710553968669,0.8947027481327846,0.6739832379227002
3896,0.6644177508368614,0.7215541784920791,0.06338925703761553,0.9315749531260263,0.9613268962492912,0.11436812659221411,0.923683433290023,0.6836329666252732
3897,0.6473112558643803,0.6963989758190059,0.04970246899335035,0.9619651841473085,1.0116933777484909,0.15365790691928222,0.9219030954364084,0.6916557161660825
3898,0.6451003860258341,0.6857228646702176,0.043174636664369825,0.9722388625120271,0.9677835132153417,0.08856294214135811,0.886256163893742,0.6912847501402297
3899,0.611482156558134,0.6685465650638731,0.05780770282685916,0.7802939813184259,0.8291211623578547,0.054050712982822734,0.9233628439954141,0.6671609114517862
3900,0.6007091516649293,0.6439238240800279,0.04669191749415181,0.6159417189616494,0.6550135992899674,0.11983691671013662,0.9241085293940476,0.6465771672347745
3901,0.5995313613414265,0.6154049452950484,0.02399987082897559,0.5707586841708221,0.4675218704391433,0.19248485508121208,0.9075551119774846,0.6710125519046856
3902,0.5592378371076604,0.6126359361890455,0.05597009216999559,0.24468369541895887,0.351324464664543,0.11998634228414178,0.9232604475257938,0.6588711449931567
3903,0.5514098043391058,0.6060430790520264,0.06049721713689913,0.24993368471208205,0.2230600929866876,0.09568737561256313,0.9227256866452476,0.65309427488262
3904,0.5441380404700161,0.553681807881665,0.0309377790339575,0.1492041005675073,0.32295232120144923,0.20222435489102092,0.9245290827929753,0.6452696270169038
3905,0.511528722860094,0.5669604221973258,0.05735313133404643,0.14943746923529952,0.21831657148848874,0.09149414938382898,0.9095373588308344,0.5723454925645527
3906,0.4883278379652639,0.5598425391359317,0.07781674259580143,0.36057935375256905,0.3621994431773662,0.16948148806364266,0.9255268552283133,0.5960855501413524
3907,0.4681186370174936,0.4878435081181975,0.0213625043921179,0.36649190907003787,0.43361328451971765,0.14772520881793524,0.9269712848790432,0.6104311851120643
3908,0.4406694925664119,0.549545212641494,0.12314181848043347,0.48028916378886966,0.5444814839009257,0.12847068819089927,0.9268938234915176,0.5502873335912917
3909,0.4459923307403262,0.40204806283096145,0.047458469825635674,0.5043411345271689,0.5582487042062835,0.10938128624042202,0.9252015569494656,0.5926102034738185
3910,0.43189187053946604,0.45355273027156284,0.02831607440587115,0.6690308843584242,0.6913444359974527,0.1088915186736877,0.9117383796620466,0.663065954263642
3911,0.42150574870303603,0.44222898244306735,0.026023122509598894,0.8049094142325048,0.9043262640783801,0.10233246434838782,0.9259191383366654,0.7055699548745418
3912,0.40722753757371405,0.3928046752762919,0.02083625794632363,1.111955648705343,1.1143070111632354,0.10870376211665067,0.9247973153513018,0.6635115454845499
3913,0.39924738033855334,0.40435607136735907,0.01102038965898245,1.2500091098071076,1.2409774973301138,0.0743710092301234,0.9240220952493334,0.6576687559918702
3914,0.41610996367784375,0.39025167615964407,0.02722276001035161,1.2292370194794444,1.257792458984344,0.03206543757368717,0.923547467002617,0.7017452150603309
3915,0.4152539215753579,0.4500203393131163,0.040553930174780324,1.2165991136647252,1.2315238407782623,0.04952593908700533,0.8740272087111021,0.7028286796429531
3916,0.3807418321770423,0.44213715804469284,0.0686925188233698,1.2294122765339937,1.2187969978069586,0.12925166415488332,0.922333183774037,0.7089518252248863
3917,0.3887145823300664,0.4704581087664198,0.09301648470560288,1.100298621402532,1.2008663816411769,0.11625754038053122,0.9227231752453953,0.6796891747675674
3918,0.3795357161504936,0.46649537801010355,0.09689080802683371,1.1386044206843715,1.12948076999666,0.08625977740190569,0.8849747460571594,0.7028447827131656
3919,0.3780740289286628,0.4184724789031012,0.04440439602032751,1.1576612241357847,1.0612711743059,0.17039013584164753,0.9207168608417557,0.7347800900163772
3920,0.36989901263052716,0.38676508904629336,0.020091616656656916,0.8993089375732455,0.9030912893377732,0.0713119727760077,0.9145684416286679,0.7547026227443557
3921,0.4050668782698268,0.41089050743602545,0.015705519341659757,0.8264110536128729,0.7057840364783454,0.13509345027711595,0.8555971338723516,0.7683527706277248
3922,0.3983530676680773,0.40537323980157663,0.008572294687756827,0.6142735490684088,0.5267103116588515,0.13488548281037857,0.8906530924671517,0.7372904868767274
3923,0.4101296026390401,0.42459348671218444,0.01736971825064214,0.4014071257283295,0.3547814209749134,0.17088029850003947,0.8566454842517937,0.7899333542874664
3924,0.4237222329989039,0.4426991758750531,0.02147965210357158,0.23344125578197947,0.19281274878915225,0.06375639657392922,0.9057459300807913,0.7576041329519949
3925,0.4303511907920235,0.44349879130800196,0.014077940170754286,0.1264641255087891,0.1715628582336477,0.13681390248686687,0.8847097362883558,0.754861941220631
3926,0.41407092440460824,0.4574851368872169,0.04567475547891014,0.16914382645878254,0.2766264041603934,0.11542793092721552,0.923175736211834,0.7994356548214092
3927,0.405769416631961,0.44089836027120033,0.03680068761462612,0.09648956392122095,0.23427670696801645,0.27821859835262275,0.8965183091233241,0.8286408427348237
3928,0.4365831054151365,0.4391744700356624,0.008841934182603735,0.31747673562593676,0.3552313739274209,0.03891993940296523,0.922695293771566,0.8546237079361607
3929,0.39891835038092976,0.4513201740714993,0.052701389735419685,0.3505040627249756,0.5025190278109319,0.16643917824096602,0.921681241938142,0.8487662801378835
3930,0.441217663055359,0.44613441626964806,0.02184372004191831,0.5837981256925997,0.6365563171308073,0.1173493146775218,0.9215549820342884,0.854027132243186
3931,0.43655606327730434,0.43842904155183127,0.020391267029103557,0.6957230489247757,0.6462016881646048,0.08008421689775268,0.9210933419542717,0.8522081593555687
3932,0.41695996758689996,0.43966570132695976,0.029592839185117396,0.5848794837227734,0.6352641801448217,0.1427529164765771,0.9205042834220231,0.8506024119899596
3933,0.3999421926577578,0.43431064885306375,0.03577783338848245,0.6312642801282871,0.6295468236009696,0.08008003098810874,0.9221848695969564,0.8566376178671797
3934,0.4429416028485809,0.43422413717202635,0.010998698524002929,0.574257104004547,0.656460730953569,0.21906560637964012,0.9181481936260656,0.8448730717250539
3935,0.4257213745920219,0.43539408726149875,0.018664589415604366,0.6361530073267878,0.7138558484431966,0.10662781264382679,0.9162512745953393,0.8569279617230423
3936,0.43924811393691526,0.42398526535359693,0.03487108220750912,0.6514173279782968,0.7636988285541667,0.13457464582128204,0.9169909472691731,0.8440218667508397
3937,0.429831353283157,0.4181771284540135,0.019306302448676246,0.6862338582040541,0.6708410182694596,0.06476099856884387,0.9153210405789363,0.851184290941396
3938,0.4021647858010168,0.4099201487239486,0.014948906585932132,0.5634978035639473,0.6531749078774265,0.12002456470543905,0.9148910017718441,0.8515440663125567
3939,0.40111193212441404,0.3918616729808014,0.01935594635223915,0.6654082054254296,0.5968175619301844,0.07776062948924009,0.8942855185449587,0.8391968430403383
3940,0.3711693780676048,0.37371922252748213,0.02358959310469969,0.5664929722150961,0.5662493477079462,0.10311718051826599,0.9082609365886773,0.853766045463221
3941,0.3650678624637219,0.36708471264405396,0.010468421906651803,0.5505681134916828,0.4981474055206931,0.06602273815681858,0.9180236706470992,0.8488718635799528
3942,0.341054585663306,0.3420002082239509,0.004087336265335271,0.41926850738310545,0.4358898041496724,0.026200996211466016,0.8738593466429805,0.8531521670738054
3943,0.3187898391061306,0.33737669396557435,0.053199812032015376,0.3316594949098174,0.5155988285100036,0.1966699291074645,0.9127978413101674,0.8155937964046616
3944,0.32186829938865386,0.33877688290741037,0.037255907570908506,0.33522716393621826,0.428565237427852,0.09730662795586772,0.8855168687260457,0.8513785041972547
3945,0.29816601940167325,0.3344627359152728,0.043534172358969864,0.2701173769755478,0.24984189936985904,0.07639011053441652,0.9137792911331697,0.8457380401061648
3946,0.3358293584128103,0.3174894285610236,0.022760676024051223,0.1988239402131684,0.2574010435780351,0.16392548172830246,0.902344461112091,0.802434789825063
3947,0.31498993828189104,0.3210584054014717,0.018851277814024417,0.5268637203104206,0.5581585444414716,0.11361550764039367,0.8930520741324188,0.844244477762614
3948,0.29116002584516715,0.32511338457284167,0.046464202469590064,0.8798480203611401,0.8278919737740572,0.08529113503338544,0.9179824551930534,0.8289804629196793
3949,0.2868999255203481,0.3128872291146478,0.03321845420117475,1.1103922116875031,1.0540403527742617,0.07363412673949045,0.9160316328612946,0.8216008252142771
3950,0.322338742732405,0.30647538469495866,0.027133807103605644,1.3178448392002504,1.385654238888992,0.14370049954745115,0.8844499253641485,0.8110762786159811
3951,0.30829253866431783,0.3102648647269968,0.008490871757162233,1.530994487171294,1.544322550194962,0.041668548198881175,0.9166329032721111,0.8500187307113319
3952,0.32757994781740285,0.316272989722002,0.012140701255299197,1.8120956309305107,1.7087087489564865,0.1239122965277099,0.8376879442480485,0.845277583439879
3953,0.32924363817207897,0.32513258005424317,0.006701030450550981,1.853877147849815,1.8641995184148121,0.044794948726005444,0.9006092611918937,0.8186874081509665
3954,0.32867772939972806,0.33825486609452593,0.012196700660986465,2.0303859869561607,2.0689241823148885,0.10455352990246516,0.9054482067999707,0.7939319371815008
3955,0.34956626713310485,0.34728698778786665,0.014378057958350305,2.3051962980445864,2.252083824350137,0.14274170918473755,0.8218481864727606,0.7932346791003964
3956,0.3581554620607386,0.3634381284218376,0.0312579693563215,2.367356568757411,2.4217453851926223,0.1629236252899325,0.8670427846914304,0.7632848090921408
3957,0.355787805237151,0.3676656448370416,0.012906263864344205,2.551783821068799,2.602514243684061,0.06560990156586095,0.8616394484011526,0.8035881149571531
3958,0.3535317128841936,0.38308034805759594,0.029920126544311164,2.7045501503549327,2.7892865495880477,0.10644169718590694,0.8326731268326801,0.7500553377757445
3959,0.36950901528128083,0.3930654113577529,0.046719855306598494,2.8562943451823606,2.9590531476216273,0.14881265058492188,0.8689308282705451,0.7518519802480909
3960,0.3672090362240423,0.3939068410803337,0.030872859881809826,2.9595027723784866,2.9131367730009874,0.07331928636948859,0.8563788438582959,0.7472872028786463
3961,0.3951083485379684,0.43076684433781476,0.06481682222250594,3.031484176069372,3.1860772728738813,0.32617404389513244,0.8607515160891844,0.7112284489209635
3962,0.4347578300560868,0.4255557786809468,0.014921726560794137,3.209553483596942,3.114057552745959,0.12399481246680494,0.8255979697500302,0.7531241297564115
3963,0.4382420479164461,0.45162565345022854,0.034916728908737045,3.2189921657002216,3.21904146140472,0.21940967245817447,0.857815635617659,0.7021927552053441
3964,0.44540697691623393,0.4608563495600653,0.016425449269771887,3.396570141300245,3.383264527172422,0.12604001213969387,0.8625912741977075,0.7259243991714616
3965,0.4681755955081088,0.4869264808862752,0.031348303238831,3.293078047573212,3.526327405051731,0.28293733680342936,0.8033969990540458,0.683940843770785
3966,0.4741371820524643,0.5037441838815659,0.03784972924435267,3.522567285112763,3.520560569654777,0.09889424049942512,0.8334072260185307,0.7027873155791303
3967,0.47504015493191887,0.5123932445293816,0.03943807788469849,3.473134234193033,3.6271447480249224,0.16879221652013238,0.8736333366050602,0.6982551599675783
3968,0.5088277374406518,0.5342249115782981,0.028456059749664756,3.535815042330903,3.636984262929558,0.17241836547531,0.845988176913863,0.677687054372336
3969,0.5386500433129848,0.5212653840329413,0.024934867739535602,3.5938330436574106,3.6258693790133356,0.21116778127994615,0.9136372141507634,0.664960498410841
3970,0.5241656477248477,0.5568991947603843,0.045543456372623824,3.5107712587082993,3.5614550976587314,0.32606306267956764,0.8220296804542546,0.6470613698934712
3971,0.5586267608834807,0.5278786906506422,0.03941851449219981,3.4183470702239522,3.433527191288279,0.09958561861308275,0.851492814970369,0.5633732711437749
3972,0.576872849032568,0.5691729070595211,0.030001262640969733,3.3009472138575164,3.2281979894524446,0.1498622085627517,0.8521140870493549,0.5973267604292218
3973,0.6119194613693129,0.6114622285210631,0.007590263614250672,2.9238229880796043,2.9706628018223054,0.10844662421728062,0.7967331152578789,0.5563682102014348
3974,0.6431050055674751,0.6309691931926936,0.017142325372886534,2.6719495387481813,2.635068099355403,0.045773211467774924,0.7949512530696088,0.5751178479972249
3975,0.6864053328093289,0.6627177161551582,0.02424164247861117,2.4080116229822943,2.388404949513607,0.13417028472855286,0.8115833721688975,0.5933671966463779
3976,0.6620766683714052,0.7200147469812077,0.05949902703295554,2.220240144076064,2.3029871461948987,0.10814513184286104,0.7926261235136859,0.5882135236931121
3977,0.7175815289977578,0.7140437012468952,0.01894153796109361,1.9748743371114994,2.1007279153509217,0.13193576175128363,0.7723303453134436,0.608342584361457
3978,0.7095506257501611,0.740524102077622,0.03216779239831632,1.9264270350922,1.8954923635867709,0.2010432744090782,0.8144023234012361,0.583184467170557
3979,0.7248962022072261,0.7881547153772316,0.06785610071655152,1.7925116811366952,1.7512798691220952,0.11731119391068828,0.8551521855431066,0.6186164761603865
3980,0.7441504341952159,0.7799465873633208,0.03960276009257468,1.522556299554369,1.5733214619267388,0.09442650258424722,0.8218807064706088,0.6072442959368849
3981,0.7733974816436101,0.797946757350978,0.025574518058737238,1.5155228384811548,1.5649147717719982,0.16689709456773494,0.904041176461974,0.6284643670992798
3982,0.8022441270013682,0.8330266958841168,0.03158569206330381,1.4503854750844114,1.5202376717143564,0.29072263024850287,0.8752921060779881,0.6485079487471022
3983,0.8379837846980359,0.8471056799995198,0.011009065712873085,1.3604659189341917,1.446399757211574,0.2137394684851887,0.8408825171305554,0.6175836099917968
3984,0.8461020424869561,0.8779705890112787,0.031946185051619,1.335994544939092,1.2702347213634757,0.1374612006335051,0.8705962796215607,0.6484396627586633
3985,0.8608963089084466,0.9054187143284717,0.05136916110511631,0.8741982536770149,1.0202496882647671,0.20193756950939187,0.8354547767956559,0.6094982151624361
3986,0.8888052343013181,0.9229585901790636,0.03480797590888239,0.7727443465480072,0.803791003796305,0.06572495507125285,0.875167080378522,0.6236011524555419
3987,0.8910013289856088,0.9589077382769957,0.06842957016310974,0.45120883506162973,0.6597938388230551,0.24179533890473173,0.8477979020106583,0.600045859138133
3988,0.8877716059467967,1.0041212021053045,0.11806176900267158,0.35270976848306845,0.3305860026705951,0.08169531234827614,0.8019676962868212,0.6267802663586269
3989,0.944303784003783,1.0155009256391452,0.075170091252191,0.09487467555271496,0.13744725810062408,0.06591555981430001,0.8688193935496759,0.61229328715718
3990,0.9472119903039615,1.0313037280969037,0.08522552276643838,0.21196056286826873,0.11158950439606447,0.10366941683688902,0.8534014471505734,0.6156469221959532
3991,0.9740414544358508,1.0573887337869574,0.08488960585297568,0.17426179039277995,0.11155141125859926,0.2075337973475964,0.8238840048388056,0.5661678678152926
3992,0.9822556378170689,1.0659154350979307,0.0851469967842902,0.0702942420119229,0.1165325790862449,0.0956906370530051,0.8828704379170074,0.5951700110035612
3993,0.998925387403372,1.0805847356476268,0.08388493648286584,0.363284711105574,0.11810107781520557,0.3443490205153893,0.8758227628247777,0.6003788274891688
3994,1.026901895025442,1.1188402007027172,0.09202122349343123,0.16757014515072277,0.1184942184019585,0.1349321395898777,0.8178657229568416,0.6312600758522937
3995,1.0629849613405153,1.160612421953996,0.10064708994314597,0.38948197739856255,0.12896702423371606,0.4099736807128132,0.9122219001939587,0.604224731231784
3996,1.1010651875001174,1.1362285685674496,0.04379129382818849,0.2516347274446485,0.20117851197605616,0.1987201684316391,0.7440965965591062,0.632355170732881
3997,1.0664799706349115,1.1671090035711267,0.10282344783315031,0.16466054535608723,0.14268598344987235,0.16414697491533087,0.7858197496146829,0.6333467141021739
3998,1.0706208896143807,1.1635013523786326,0.09505116514082042,0.10453272194835714,0.17628478351317467,0.20492070450297958,0.8054123662246806,0.6549821180280319
3999,1.1011775643337072,1.1193490767089835,0.02120245350347365,0.1190389142754871,0.21248133413061013,0.29100280384387894,0.83498779686362,0.6313027106133873
4000,1.101666473679326,1.180634176468763,0.08220951035814084,0.161155744787167,0.17453158821035766,0.25374597735683413,0.8397816226866068,0.5785713230797365
4001,1.1193450106200897,1.2186543462050905,0.10289047096286101,0.3794656767747084,0.2161876042989758,0.4792739244962479,0.6581236420565337,0.5723523350437397
4002,1.152228173072241,1.1625859152388422,0.018799369535022595,0.22407832568429073,0.25934724636315315,0.21505285633660443,0.7804308722230532,0.5554281437659111
4003,1.1751366334838624,1.203981943305692,0.03536312751247161,0.24738055726333472,0.32406548177772,0.10441658488824433,0.7976590584780072,0.5688493056451084
4004,1.1431114415664185,1.2387180595522642,0.09595900249689786,0.47281305145409147,0.4314565932417206,0.05030040367486395,0.8039808285551578,0.6224734860052739
4005,1.1535627274926912,1.2337175417808464,0.08263881708442332,0.2787873780053336,0.30998558860151026,0.08129093669888807,0.8622735165688692,0.5911694595068231
4006,1.1571177882776986,1.236712082056091,0.08476576949659717,0.3668423561025328,0.4036129790400498,0.1777664838231788,0.8244007225543074,0.5836654018480195
4007,1.082609269843106,1.2583077285910944,0.17931425454550778,0.6694800038513173,0.8124084937243938,0.16797971406564688,0.8768269065547004,0.6027363233822038
4008,1.1091264817962145,1.259314520352336,0.15025936152611802,0.6350146051697041,0.6787944523314968,0.1539257163405329,0.8511395308527641,0.6422730745063541
4009,1.1065796892170205,1.239983811574048,0.13438643559986319,0.29181402793111283,0.2869350660235006,0.1092562069398519,0.8147088528297304,0.6512712428629578
4010,1.1358563975945126,1.2575078060173035,0.12193657296980809,0.6320817334694949,0.6416423331976463,0.19108030298023285,0.8327575315033475,0.623545024053251
4011,1.1481656402797022,1.2407393525526675,0.09333026385234817,0.43705547516291865,0.6223153532760582,0.26019763830202086,0.7898448942063578,0.6350688815319946
4012,1.144107816240383,1.2686581948870796,0.1257633943992581,0.29619504161428073,0.3589437250206242,0.14842346307004328,0.8882327928087658,0.6373302260200141
4013,1.160264170839296,1.2219750079852445,0.062212853270148215,0.32879118228572596,0.32964547779594366,0.28643139773846765,0.8249472362564781,0.659666605144437
4014,1.1448628464570327,1.1873192065998859,0.044908688639550484,0.22780226874416182,0.32012918968281384,0.3095757678624884,0.855022014573029,0.6341585995302415
4015,1.1307306428892296,1.2083896369310654,0.07848577550445487,0.3635767084913318,0.323203086194767,0.2607600727585133,0.9071555240422292,0.6298827993843987
4016,1.1197622532727514,1.187966461809459,0.06977683935316024,0.3279251322776812,0.3181358927621358,0.08365976209715648,0.8920235462072862,0.6350906083478367
4017,1.1252717850009677,1.1949089010445717,0.07042029502919528,0.32461815364265656,0.32215709088152417,0.1146471635864876,0.9148497846717909,0.608453974176766
4018,1.1260233618260944,1.2014348054262936,0.07741646658444729,0.19212561935617264,0.34582250730017416,0.20002440268091193,0.8944640933171415,0.6191992830251963
4019,1.092739751659794,1.190125120950773,0.09770162723160497,0.22933386623001942,0.3486739828371921,0.16083078316526678,0.8669475331174106,0.6280858673936814
4020,1.118705148906649,1.183530176505489,0.06636219944224085,0.3827833031003632,0.3336941055143136,0.15817964498410844,0.8867540030104644,0.5930763253355031
4021,1.072953575309307,1.2251013897172616,0.15397417113562425,0.20451744258343604,0.44713631356254924,0.2565900493974123,0.9031430645194213,0.5319391879121862
4022,1.1052783404026363,1.1604463522265243,0.06067250127958163,0.2525105228719586,0.31527254741681104,0.13276056978632722,0.9156655377233432,0.5877690282297994
4023,1.0836493486356846,1.0798738501461176,0.045041760124667776,0.22917725671601272,0.21444251245194187,0.09617482206671746,0.8291948845204703,0.5868829543976812
4024,1.0848882011481245,1.1178642003189432,0.04542180578664654,0.2368651531741217,0.28712673919493,0.1773712390555003,0.84973284771105,0.5623124953938746
4025,1.097618704065243,1.1227803492570942,0.03162888610945986,0.18011408541010296,0.32967247375342523,0.17224977247542,0.8633035191791516,0.5894241624936524
4026,1.0935740034546895,1.1515566439016787,0.061946729404784365,0.17991342518784928,0.3259606887140071,0.1482588995209557,0.8279187048617787,0.5858539462528578
4027,1.106347631344402,1.1324636203014167,0.03926823413949928,0.4031128317865012,0.2863043712433486,0.14470200979615913,0.8489804196270312,0.5979206947230685
4028,1.100697886357575,1.1901322581087892,0.09307769385751063,0.22344348965406624,0.39958568879479495,0.19140333245908023,0.8517649075895833,0.5785657624597513
4029,1.1004264105320514,1.1793182615470292,0.08589406251567587,0.2057233207267408,0.3521842793481376,0.1825084871073864,0.791982927031727,0.5650772185615902
4030,1.0861088134306338,1.1977285887961036,0.11748380490509625,0.19968387216177244,0.3322973411938526,0.1739523040156634,0.8049450965823971,0.5876206408965855
4031,1.0999883382246327,1.1502994581334,0.05293949073357536,0.25093774664063073,0.30640347450833844,0.1288916891204592,0.9123426622273505,0.565287010434973
4032,1.0674535442541384,1.1161331689905722,0.06454038769159418,0.1255367201871886,0.15571950283955655,0.13515178965459373,0.8671939549010711,0.5684027726589456
4033,1.0987405016591003,1.1744435662583492,0.07591492619257142,0.23582205287936994,0.2220874170748664,0.02240196935433015,0.8538838241320685,0.5722482662715543
4034,1.1011074440221587,1.1608092503255427,0.06121121495530403,0.21913699869945594,0.21701419679745357,0.05457727999818704,0.8326244316217476,0.5612497086993187
4035,1.0794874006318722,1.141730790932639,0.07094470250534288,0.05142164014860883,0.14254108383496492,0.1252316218981423,0.9119128885650482,0.5898650240452836
4036,1.0838844863474535,1.1695122303851662,0.08595337424431304,0.14536218552520674,0.17801453813991577,0.12574124996141609,0.8101281209884882,0.5855715709214733
4037,1.0795845791105683,1.1801608147267155,0.10148278762321808,0.14436378357568394,0.1712381313386705,0.12567926858541226,0.875918619269232,0.5508972596182069
4038,1.0798461738150316,1.1810165350629522,0.10224503474364997,0.12416110211004891,0.22234359546567795,0.09862857986344738,0.7671415407932158,0.5689664045983542
4039,1.089993151368142,1.1734604340641335,0.08479992540542029,0.1657642662175503,0.18451933703192827,0.0776963652433238,0.886869124361224,0.5946968609133394
4040,1.0347378512472951,1.1417804245588508,0.11079400671243281,0.09213367769478514,0.23794220447665718,0.1602423874994777,0.8254842850838444,0.566755066616524
4041,1.0595994591562978,1.1732744137697766,0.11589869637964259,0.15008760647649522,0.27445630870103155,0.1555158715970989,0.8646574531582106,0.579437472958319
4042,1.0918938226121286,1.1709768909806506,0.08030969837395197,0.13466544402631084,0.23864436128915498,0.15716407792956602,0.8936136430848876,0.5422224050968468
4043,1.0896364853868856,1.166573352296786,0.08104049532370451,0.13152995807558981,0.1868395158567569,0.15217701529698408,0.8090061161681816,0.535420398320789
4044,1.0528550284562679,1.1498450667357851,0.09924623272724495,0.09389514097075247,0.28696181330945647,0.32529626328043754,0.8169192744139183,0.5299710760828612
4045,1.0766520715725434,1.1806941491473284,0.10488042368478181,0.17187963116471447,0.2196189325492624,0.14705210432229296,0.84786773865222,0.5847412903407989
4046,1.08198359074076,1.1796682184326757,0.09924223746269041,0.2343646598652453,0.2742702775360882,0.06436640174712875,0.8933660987422045,0.5862573314238801
4047,1.1282423104414232,1.182243725863663,0.05446992778751498,0.17180051815503689,0.24677185047854405,0.15395632425499223,0.8806198637464964,0.5800531900325676
4048,1.113382873555586,1.1783022425588559,0.06540128070348376,0.17548572037116558,0.2281345082393557,0.12489326348843814,0.879569884838808,0.5450170060840451
4049,1.154946519083371,1.1880443139535146,0.0347119071375472,0.2709465411264186,0.28122929792018375,0.12543291750940475,0.9165662968536976,0.5469922152831275
4050,1.1310227147331324,1.1868193439992143,0.05860656948466971,0.22500361857461307,0.23007001132930635,0.11258477754627515,0.9012869223517761,0.5644282371964846
4051,1.083355784114508,1.2072186036143588,0.12408886836477034,0.24061215541392253,0.2688099442519514,0.028779227236081555,0.8915988445761558,0.5780354048189537
4052,1.097922965585429,1.1889639804145424,0.09622801446527803,0.11993165994628925,0.21957009071262754,0.12387944378683138,0.8980519030310135,0.5708604455991318
4053,1.1387833258796605,1.1855920186714046,0.049160694488628844,0.23798475183288617,0.2792668144752615,0.24970781753219637,0.9121530132450977,0.5788832000395652
4054,1.1260764593374124,1.200357902126403,0.07692420492849714,0.24289215156572502,0.26386907072086424,0.04387437914194976,0.867889243701289,0.5812858344008367
4055,1.126292326475435,1.180354969398699,0.06032819661492109,0.14389429802381337,0.24207004200338852,0.12301740813342277,0.9161336184495296,0.5705591417040886
4056,1.153771010410071,1.188371396917622,0.03692392895857348,0.2287952113691653,0.22275945274610565,0.1189616394076571,0.8852992182539857,0.587658231351719
4057,1.1975220072303354,1.210868128580966,0.013735823324297765,0.27777448999488474,0.2525066590846273,0.06520750881645344,0.8301440376964527,0.587590684538375
4058,1.1648978864949695,1.1845349681823492,0.03521524833248806,0.2509395647881605,0.27789187849803226,0.08186874302472522,0.806325007895619,0.5810464507466206
4059,1.160717406395085,1.2151958827482285,0.05959911488486598,0.3128604790330883,0.2447228699326026,0.13694886832880207,0.8789744401964408,0.5599969312164951
4060,1.1949290775660903,1.183277960368432,0.018870280453355027,0.21094816789470197,0.35709117898331233,0.15246547862564047,0.9124308541470121,0.5388687701714523
4061,1.1842119531239315,1.2415877468814587,0.05988166314810958,0.3547832235124754,0.309850217137535,0.09487519889966771,0.8972164033627611,0.5428117243122569
4062,1.2166523917563594,1.2172663957191905,0.01766582128149762,0.45772983619770785,0.31767048191246056,0.1451909603281989,0.9002207288685203,0.5705175716376893
4063,1.179578980816873,1.2254860077860223,0.0528725899194154,0.2834123997303457,0.3092695323255252,0.07220707965840406,0.8257328571223462,0.5666108282764557
4064,1.1439423311423664,1.2384474578581393,0.09592709618532741,0.309835392173538,0.3277686643645894,0.15924987564183818,0.9122081173327716,0.5581811903518612
4065,1.1527218766323832,1.2440428178309042,0.09292243772740014,0.25533058315714735,0.3426398195289996,0.2509047795542494,0.8236511946583267,0.5304651812120185
4066,1.134202512464318,1.2526620835405593,0.11916998864880082,0.3360214572967465,0.32191574146372864,0.029328315406562628,0.8441289293687181,0.5604639240546578
4067,1.1364320521800093,1.2902971824324525,0.16049090594079804,0.23502046041310137,0.31791731843367255,0.12786544662696067,0.9118559371554484,0.5457310940224591
4068,1.15034881578843,1.2778901639389377,0.130054157326269,0.07155571786509289,0.3657744951613523,0.3399130367470807,0.8313862200576847,0.5627556530848116
4069,1.1603159594066903,1.2653185661843604,0.10931906292436355,0.30060759812316057,0.3445200405249359,0.20246194555203642,0.8205433239929608,0.5551504338876481
4070,1.170286370984111,1.2867102415792735,0.11660872598924107,0.1616479438579256,0.3094079720787568,0.2991175665794881,0.8845041874414754,0.5605490500180853
4071,1.2252515267008548,1.294132209390939,0.06988171447295038,0.26723003276299223,0.2831998960135153,0.07481463928267933,0.839433304924654,0.5729620498817842
4072,1.239134782635649,1.2692512109625231,0.038489561989546325,0.2562483575182784,0.36856281380374883,0.1388009808221185,0.8210834105696336,0.5771160354311499
4073,1.2094466496472325,1.2853079033032624,0.08078423744418985,0.13819481074249895,0.4400869954860754,0.3213526520117597,0.8583943938709643,0.5490550253931435
4074,1.2210283750500943,1.243654885781168,0.034248899604277065,0.33126375158642063,0.3394479615909358,0.10032264062599547,0.8383687070289978,0.5575749920434043
4075,1.1934072704085563,1.272406008700759,0.07953459456720953,0.25539927268301066,0.3953608220738127,0.15428919035038954,0.8618969360441513,0.5734447629711603
4076,1.1972328652076774,1.2683840898741017,0.07493026106500915,0.19253427709535315,0.30893194161176507,0.12791838699268385,0.8941673042110214,0.5856151064616046
4077,1.2611784342077843,1.3267956187204635,0.0778117103630821,0.23291654039378892,0.3495991533891379,0.12284839874415607,0.8275204349098256,0.6002678505961837
4078,1.2251542133347355,1.2498318064078138,0.02851219717246492,0.2266940617539301,0.2743364481743122,0.16796012001227792,0.7790808883124887,0.6376937430846065
4079,1.1480512741132889,1.2649111401448148,0.12092694652872163,0.22749662092341377,0.25529150259102684,0.1865093478503995,0.7843839631667531,0.6398375162019176
4080,1.1493780644506113,1.2625713411881652,0.11525756624092198,0.13953203621318544,0.34875119303488183,0.21557603635119968,0.8738962201740829,0.6655404523097113
4081,1.1679002694259035,1.3132374119253283,0.14554915725579354,0.27244711332631244,0.335874593856952,0.18879655793177144,0.8779295478094522,0.6484844926187051
4082,1.1587183556162548,1.2576944216768235,0.09972131470557775,0.17024281894689364,0.23904725693494316,0.35850007562085495,0.8903343508430603,0.6467146632300773
4083,1.172083396215895,1.2556824913350977,0.08375155708184286,0.19071682084069785,0.30392656215993175,0.29522119037534206,0.8802185950543114,0.6542845948573504
4084,1.1961067807276418,1.2733856001073152,0.07812566568906752,0.2080268013243117,0.27431642935183786,0.08113317041528054,0.8107669298745656,0.6359113119440413
4085,1.19864628838153,1.2693424684799235,0.0767444874516485,0.21461997006683378,0.22936761536765993,0.16477285552378096,0.8903756906665081,0.5929390050391302
4086,1.2016070738822122,1.2776982484032544,0.0764638210613371,0.12231565518730922,0.23445216562271046,0.1166928971959556,0.9098583621106479,0.5737884528100845
4087,1.1646344315386359,1.2538308699945415,0.09124510057552133,0.20491288194647117,0.21765006723911778,0.2446731505091353,0.8088092409107864,0.6113255115148265
4088,1.1315577741308633,1.2366876452380005,0.11141357762192372,0.12514529555542547,0.2605025554002954,0.20722818197933288,0.7977935896371545,0.6266952321566709
4089,1.1799941459560765,1.2354233767736083,0.0594194356892572,0.25315203619126453,0.3453631114412876,0.23011462296108515,0.8520869119995078,0.6390747245789881
4090,1.141637188229125,1.2669917761643312,0.12543979670794012,0.15776681510177315,0.3767093104980149,0.2484538006908539,0.8679855652877957,0.6273244415636142
4091,1.1838387767178407,1.2423194545031897,0.05951377887286901,0.24521879764186078,0.2924876708877877,0.07712444457085448,0.8876240530251186,0.6159294368220664
4092,1.2027934206008577,1.2959907809281164,0.09510138116275768,0.32423392373981363,0.35250719716415885,0.3254311372650261,0.8918779510425965,0.6189953256836233
4093,1.1296482976446331,1.2630574992419776,0.13776156740236145,0.29108457647888036,0.42781626392037564,0.29948996833889124,0.8314816813696841,0.6024556862069159
4094,1.1490486114936072,1.2709188341980042,0.12257016842241734,0.3953238333887869,0.3685769794427537,0.11646951615119457,0.861450576058567,0.6322381083414816
4095,1.1881804374849154,1.2791876057926994,0.0930351589224217,0.2217447450097052,0.31688328973195773,0.12835880876343192,0.8980588666697521,0.6571999988103516
4096,1.1862897993581598,1.2583514793642858,0.07509060339042245,0.14849614637939756,0.28259839880215243,0.17831859432888666,0.8050069551610728,0.6600769511996181
4097,1.1264951828981,1.2597435057685498,0.13653595797104776,0.24566121525489812,0.30437735908189306,0.2820802761670785,0.811203404046102,0.6167989414665106
4098,1.18569214039654,1.2397263804892316,0.06141304983113119,0.29971711388797223,0.2911686672122014,0.08095559366001123,0.8607097050513238,0.6429983103601675
4099,1.1981887400610363,1.2629793145777402,0.06485115373811125,0.24396054533239822,0.21938718089815895,0.17760638083175925,0.7951661505917328,0.6496916878954784
4100,1.179986765981622,1.288901700861061,0.11153190925676344,0.23382096813730385,0.28388173967401803,0.07867088747864956,0.8578611644367998,0.5989830417869879
4101,1.1858315918125342,1.2359237058971109,0.05053316999491496,0.3482251121420556,0.2175639449325596,0.16883373043805797,0.7868129227671645,0.6190108830795877
4102,1.179671680947802,1.2564714467993772,0.077913698151475,0.16966062952369443,0.15450618936962202,0.08381792300810569,0.8133835037485694,0.6452669825620923
4103,1.188136122072384,1.2653249373465183,0.07728870982971392,0.02726516624724629,0.15595562517320105,0.15442871456266402,0.8766095011784663,0.6239658762728648
4104,1.1840277948940459,1.257582907912462,0.07436331265219964,0.18287256985278375,0.2105775170408064,0.09122884298378668,0.9075129748077986,0.6224585424158744
4105,1.1593203917597348,1.240230868307952,0.08694828345789432,0.043089891644215825,0.10377569712061131,0.14541466895858013,0.8347503690104141,0.5780572548882781
4106,1.1815982597759673,1.243613986418785,0.07275543551785527,0.19207687179289532,0.18867967507429867,0.07155959752547214,0.9037879492861491,0.5948864342133352
4107,1.186858883836519,1.261077665845325,0.07987584070934368,0.2307873751427882,0.2356719157291412,0.11490031633983845,0.8000782075156109,0.593767967456868
4108,1.111492322019088,1.261893073968248,0.1527908645565902,0.17198376334318743,0.19283500823345553,0.11684708051978876,0.8029099585312707,0.5757269384348789
4109,1.1714090903250263,1.267249248487742,0.09780218138834122,0.09436242252428567,0.2917220463825324,0.21337295231844766,0.8615835610278694,0.5799424357894954
4110,1.1743579453528288,1.232910537609126,0.06834159525032481,0.15509862713266906,0.23660954310459903,0.11158935599644063,0.8608931138778293,0.5951790640238022
4111,1.1114661861659776,1.244288631030155,0.1343304938190363,0.20913453135091556,0.18764313938046948,0.29754383017581765,0.8423757833652564,0.5964890589665228
4112,1.1218853047149033,1.2542986568479586,0.13558518691930954,0.1781075232631188,0.19267576383577498,0.12120017393038551,0.8688196836430082,0.5725274258555014
4113,1.1818396983711008,1.2121009922261599,0.034490386019809686,0.28893335287042554,0.2572429617698717,0.08258012124122383,0.8040758634182067,0.5454749550867963
4114,1.1732064425564561,1.1819644774092293,0.037824242734766485,0.2168368071167102,0.19675208295396363,0.1031371902200837,0.8791873388625866,0.5619162004302498
4115,1.1933931417873511,1.2166035244153863,0.02518095873870208,0.3725673977071038,0.3039103288534571,0.16879451709444546,0.8620915381404071,0.5621668801109486
4116,1.1568679965203599,1.2392182255682753,0.08593487968224466,0.24259561864081505,0.34592730378243164,0.1393770550840878,0.7971862019766489,0.5873263289685857
4117,1.2174680915174054,1.2951024591981775,0.07904321593369816,0.4273286442030833,0.3730665922145244,0.0890343874148104,0.7835773336413123,0.5654129332400318
4118,1.215021863395317,1.219186268802885,0.010109878187298067,0.40956910234379507,0.3359635888762313,0.08526717396686564,0.8769646435504216,0.5915785775131286
4119,1.2085441423569645,1.2449752655897361,0.04295450927700952,0.252301093739618,0.23300838378109742,0.2519739010908943,0.7864497118169906,0.583382371238736
4120,1.1979299093545215,1.2773659548732876,0.093117231674442,0.29797716437974264,0.2715471396882637,0.16491092989422748,0.8186310737858771,0.5742530122914555
4121,1.2025508949682981,1.2303302827648834,0.03735930223076815,0.3045327563280479,0.40164130749640364,0.14206081402289253,0.8748966545579976,0.5797183285893382
4122,1.1935683611865784,1.2297923955445573,0.038712963979120475,0.25641036180984206,0.3487419842194001,0.10259968762256269,0.7906046593701631,0.5811006655521007
4123,1.1365353725741447,1.2656127903358032,0.1304282478952428,0.28663474455189475,0.2862755521842152,0.12333345008414397,0.8337298923653961,0.6006678199673744
4124,1.1617510258478427,1.2381220705378613,0.0847447279155622,0.2824383458446816,0.2623630806935084,0.08929390764279407,0.8630284494468707,0.5831080281501437
4125,1.1890156237330025,1.2364537914928266,0.050219850522956834,0.21482859102936047,0.28362088095133636,0.07613128885735226,0.901867601758826,0.5952952482659913
4126,1.1690386164854945,1.2072167298276486,0.040505519888804575,0.40424298106517986,0.2624636175429251,0.22222587185750656,0.8393146201872689,0.6074905398787046
4127,1.1304942094007884,1.1922928278636482,0.06304684348411413,0.23917235429099235,0.26578935864504877,0.04627215227532653,0.8575528440490681,0.6401319640219513
4128,1.1447448876834003,1.2380422027155595,0.09417940375382686,0.18331070232135838,0.2839280855919156,0.25667277078969186,0.8705967846387672,0.6328678872191889
4129,1.1347789822806396,1.1899556989091984,0.05653022521373817,0.2172426174003717,0.22318465282585684,0.030206388738337527,0.8876096445535502,0.6103687207264682
4130,1.1178450901344403,1.1583103626923859,0.04448044471506273,0.2615352779120105,0.2614951307207574,0.21750398533805776,0.8692462999770316,0.6139239872488522
4131,1.124463929634741,1.2040448329740328,0.08237323587177293,0.24810667673427889,0.24790950216368401,0.21699603220006328,0.8662193229461951,0.6226813267446916
4132,1.1452872908988023,1.150136535707766,0.014486935665818568,0.3743202077910172,0.3265658875193043,0.0479191505530731,0.8496319522870247,0.6157554658604711
4133,1.0850213376030848,1.1806410434403096,0.0959203967932556,0.27536991204014705,0.3079635527757972,0.12574609231192801,0.8362208197314864,0.6438930459991938
4134,1.1115133689387726,1.162414238521306,0.05124844752191473,0.3309978974893193,0.24914357254937758,0.11171900409876077,0.8398928031872283,0.6267411681011288
4135,1.1282663489714158,1.160581821048545,0.03240181012673589,0.18966151335267242,0.263123709519264,0.11298052271535333,0.7937264871939153,0.5911595946144752
4136,1.1367768177191973,1.1887687751648905,0.054340317821611084,0.32237987125730383,0.2853942328092484,0.08836128654947124,0.8439163060982446,0.5971800923539905
4137,1.134489564675357,1.1811160982492357,0.05018210525103097,0.38448309561979477,0.2685068466396277,0.2869358905527733,0.8249774653751839,0.6450689305292177
4138,1.1481423628062917,1.2289363686295385,0.08194371273319186,0.15162173962623393,0.3277405682481541,0.20023743314417783,0.8156766563268858,0.6340817681728046
4139,1.1496587470527397,1.193465101798992,0.05373276222268473,0.19082856553331115,0.2306301283118136,0.12671862773767856,0.7363762095330437,0.6209523527085227
4140,1.104781716208561,1.1504970929038003,0.055804290030699845,0.22242740422414686,0.29441197434230854,0.2589373261530066,0.8246362210268362,0.6183223287108708
4141,1.1765318822960698,1.2121595981888806,0.03634724598832372,0.22079962969913244,0.25833219033578897,0.11013535397119055,0.7866947064000773,0.6114703402373994
4142,1.114581622176898,1.220194343208235,0.10591337249439521,0.2306683967673792,0.23335546022097492,0.1444946486982221,0.8685348096307279,0.6027495213690341
4143,1.1611073134048522,1.2384269695277836,0.08009041647848922,0.23436918060293846,0.30154492084459605,0.0731260577481667,0.796497728895657,0.5892993450880748
4144,1.1508479771661904,1.223946153534844,0.07442938509691702,0.19695910572127076,0.2543861180949895,0.2676114969822869,0.8279957864269496,0.5658792580908061
4145,1.1176135770304565,1.2098577452217738,0.09420315658387457,0.2522591702381421,0.32044732735794795,0.16017984708231198,0.817405325706267,0.598613232996641
4146,1.1228205761350762,1.1861179977160352,0.06351658376424626,0.23722068076511968,0.24566112162711745,0.08848670553279622,0.8120880270429718,0.5681133030699919
4147,1.1728374399449761,1.1788857148679968,0.023128930664402133,0.37213446270987105,0.36624557681468844,0.24396869265948143,0.8449797345085484,0.5972688267877644
4148,1.172236793722158,1.2409308769471432,0.07652373625388817,0.16087761392855474,0.4022299536120703,0.24315203192680446,0.8591243253315711,0.5888324739228918
4149,1.185185713757039,1.2234515279249734,0.039150396917998806,0.3118687466109137,0.26560114132635465,0.16497991940705353,0.9112777596174193,0.604420351454139
4150,1.1737211359669437,1.2444754222899004,0.07440109505530257,0.33687661316698697,0.30542575742450606,0.2993079936886953,0.7860604566590901,0.60994161320056
4151,1.1663944707608334,1.239302545282288,0.0753893202741227,0.10845244940341799,0.2695093874568086,0.18461354886140746,0.8285179560000054,0.5705522428203791
4152,1.175680600920265,1.2547320856645647,0.08118941399541421,0.2984169585501168,0.3073174365051236,0.09520178306917307,0.8074686642124528,0.5705816597599552
4153,1.168671639664444,1.2164876882134346,0.052921125130127464,0.37083849383147854,0.28562331275763886,0.18109948505886975,0.8440049205400647,0.5945043050914719
4154,1.1663415452061576,1.300135960090909,0.1362829733140896,0.1920593899060721,0.3066488226823354,0.21121371784403695,0.813097981873034,0.545214491192643
4155,1.2080582882703108,1.2425970939183002,0.04839744775750509,0.28721522341798617,0.3323301255030824,0.13017511953532585,0.8278948140486116,0.5676405584895392
4156,1.2157380075252404,1.2553834136997528,0.051138065955910285,0.299254144804445,0.35873949163968616,0.1687163709665637,0.8287683395551403,0.5580833045044553
4157,1.1545426632958606,1.2332695253668766,0.09690096017282229,0.2703220034039433,0.13296575692779847,0.15158241674181996,0.907755513082945,0.5025144165518017
4158,1.1836748241263289,1.2432770252525756,0.06460105680902223,0.38981484236868275,0.276611126425982,0.21991296329792634,0.9167229889055024,0.49870499930849116
4159,1.133092383331404,1.2656631690164282,0.1374835854010642,0.1585674361255518,0.35902726392534245,0.3404896143617897,0.8717254831336539,0.5346009265838232
4160,1.1406121369282718,1.2585807506570839,0.11842666794728317,0.19212996911943409,0.2406827522713484,0.15370832726045777,0.8542369774371611,0.5530505277814459
4161,1.1431784000715204,1.2701353254396275,0.12813138422386097,0.12048921011672174,0.31991646210850055,0.26335823867728536,0.8805737268450134,0.5797160536760678
4162,1.151852125126194,1.272069148007284,0.12208966780730815,0.14482082838540672,0.2824554877499223,0.16275636617989714,0.9033126420923788,0.5532130985145846
4163,1.1397214891173784,1.2846293700077602,0.14511183951535792,0.2046014822755566,0.3171858201108333,0.12478986397053307,0.88216283468563,0.5344756178524591
4164,1.0884646731534744,1.2236571365698867,0.13833529217271245,0.13180379136461387,0.23766544493634698,0.28605498516962713,0.8688548961988882,0.562452716900352
4165,1.1360211875386153,1.2622045276895273,0.12696396629361578,0.21434081109409628,0.30648470935271394,0.19860052951706844,0.7688197188486019,0.5653624908130219
4166,1.1458340217783738,1.2262508375419292,0.08223133784350421,0.2640585285015362,0.347879818949374,0.19821086672112884,0.8678064431272988,0.576548973702457
4167,1.1016985278580231,1.2291537301652782,0.1275530137566613,0.39036355857345134,0.3383403933779781,0.09722428171259749,0.8466029307867327,0.5805644557068516
4168,1.1205017531798858,1.2262255039488201,0.10619896964191403,0.19808640346882248,0.21683208766063158,0.16142322399351214,0.8568522140763589,0.5225844771517523
4169,1.1324961524862163,1.2294314694132316,0.10080753417873017,0.3015103303983912,0.2836766097450475,0.031272393657411225,0.8619149570942856,0.541744737232912
4170,1.1515833669960591,1.238961899773591,0.09100004171092393,0.22963023040749744,0.2651698179585925,0.06307753259956204,0.9163773745338988,0.5501409466167435
4171,1.1048566104712336,1.2332188546018361,0.12891643205960024,0.27482853226200626,0.2994366769814659,0.09265558350600543,0.8907627863242907,0.5665609990408629
4172,1.1560430535453181,1.2542335438949357,0.10844014637231857,0.3755441404067574,0.29393250767367524,0.18260481750540375,0.8987898556329176,0.5424176069104086
4173,1.1394687198617666,1.229380057527918,0.09344903803058327,0.19448268092170296,0.3023600668174256,0.11631024711449589,0.9031328339041204,0.5629102194885153
4174,1.120737957930928,1.24066800265037,0.12134849972054176,0.38000359060852584,0.31415874558419454,0.09995110636416106,0.8687506076294238,0.5903045765987253
4175,1.1457748338191287,1.235493986215006,0.09222578417579887,0.368698376224934,0.2782050968113147,0.094845730732491,0.9160870251262017,0.602777830822426
4176,1.166347766366243,1.225156105868267,0.06215296231664588,0.3141080837512421,0.3132563741686609,0.14399167762928886,0.8350569424887743,0.5891184680297618
4177,1.1451928018304278,1.2568959693865678,0.11205826879414377,0.3212399083824579,0.3937560314682899,0.25297072039757235,0.8653963799542151,0.6078839937203352
4178,1.1647543433078262,1.2375441378169263,0.07544646766074234,0.2607192703844951,0.33427156750875126,0.15002502065001466,0.8319315799153761,0.6266667268206684
4179,1.1549818296741174,1.2385308127091144,0.08544638122118679,0.3454322237411471,0.2804741105829496,0.13484549761102615,0.9115765619161538,0.6142932287157595
4180,1.1348209988996059,1.2331857760424552,0.09856839105397373,0.3839710600552556,0.3301181517063189,0.06492206613478169,0.8616565717844549,0.6494499216710601
4181,1.1107914542499393,1.2637766811304796,0.15301308265605007,0.2831282998676331,0.3019117794068463,0.042160822085597474,0.9132066048868179,0.6064152226151192
4182,1.1338245079351374,1.2540343189320564,0.12108888049826244,0.3517078636298635,0.3246362659337149,0.16557204059975872,0.8959500091239405,0.6445374658781912
4183,1.201673205520707,1.2685648195310382,0.06736115433567337,0.3608083574440352,0.3601474590094769,0.2476364649843195,0.8608659071443623,0.6133296028157806
4184,1.1720047920199026,1.250507594593235,0.07966816829568293,0.29286404862752863,0.2841669648568182,0.21478811534526387,0.8926260147263086,0.6304622170908787
4185,1.1667552481619266,1.2603222830667402,0.09460505182571326,0.2667326570362006,0.2451904876998212,0.13558680247341384,0.8921526924335966,0.6323401373763972
4186,1.146351389993544,1.2459160052440517,0.09969262171995194,0.18838009077800805,0.22923406650735023,0.06871320554150304,0.9033813277906797,0.620238660435948
4187,1.150969763867117,1.2672076354741726,0.1175276844575959,0.37764518104080447,0.1855281605849465,0.22035464616150635,0.9117042661449358,0.572353079087821
4188,1.1692069276797377,1.3594531924240625,0.19749795230628703,0.22797021614101468,0.17634864091284497,0.24893488753834847,0.9156534801181853,0.5519505175021585
4189,1.2287644564368356,1.2703964858946726,0.04737276349479304,0.234530883353078,0.2560593521939669,0.07254123146750212,0.8707078621233889,0.5784618978924222
4190,1.1500635949580371,1.3564667987568138,0.21419185346295289,0.22974208637347734,0.3062907867681688,0.08407362168305986,0.850388444831333,0.6271607696279811
4191,1.1584269750574352,1.4665195302405605,0.3275568479793227,0.28609003164335467,0.4607017548092609,0.35581686769088433,0.8436444612088878,0.5960348527344341
4192,1.183882183068431,1.4079037508714414,0.22678043678143509,0.1782757959397172,0.3375662792045284,0.1648278030003081,0.8561796637879542,0.6125318087290896
4193,1.2038555975930505,1.3892192757346336,0.19837968292650235,0.2614939631425197,0.31181418184638277,0.20567461040623514,0.8894725104296387,0.6372453685662269
4194,1.1907790406189112,1.5806189621733604,0.4078203191672837,0.3573269771961835,0.3398115838264797,0.17036823593142994,0.8521803616212957,0.5794421218605234
4195,1.1702627708004045,1.4309335455183194,0.2634775262217729,0.2732404680669664,0.26173019688464955,0.21388427886813935,0.8737754857815464,0.5614295333765578
4196,1.1851293380570083,1.463224260462619,0.27934995399914797,0.10404692554438655,0.30995983421569695,0.25213426056748967,0.8113682242818248,0.5709297326479714
4197,1.2674899326223785,1.3289331916285891,0.06315258845115275,0.311586320753293,0.2747637937219157,0.04198073754184407,0.8620555810704894,0.6109444829523984
4198,1.239114571111659,1.3748742524691937,0.13653529264155653,0.2425130378032351,0.2723881933709687,0.14913531469415592,0.8516042428855718,0.5739203465315591
4199,1.2238333177449643,1.3411761943278937,0.11773587364533447,0.31435895156582305,0.2640173192657936,0.11434080637139178,0.8960662678912359,0.6067692596465187
4200,1.228710670390296,1.3331003924935965,0.10596675305428604,0.2796967325063353,0.26111362823947687,0.06359875783568648,0.8448611769518739,0.5832784035799962
4201,1.224851129968818,1.2436093232614376,0.02728741694586689,0.4752784310641256,0.283269592749075,0.21103997504354757,0.9142244502547642,0.5691182914133297
4202,1.226224332113796,1.3502182027503673,0.12438401867322757,0.24112923372567538,0.2990119421180384,0.12841603798924617,0.91499471405888,0.5575461856583775
4203,1.220731399892872,1.3919824452674467,0.17815321109865434,0.15114667970185,0.2732536184636378,0.12260640575458286,0.8282100398995322,0.6048496439100588
4204,1.192871226896462,1.3511312743847312,0.16272922324905295,0.20757106531969352,0.3039167705265644,0.12315619498988759,0.8707334869396376,0.5903176527237343
4205,1.181742614803399,1.3682535607589739,0.1915999363356156,0.15205193341146903,0.24758571517528147,0.1968177029629084,0.8951168790009888,0.5907011001012403
4206,1.1974935249761172,1.3334491663529826,0.14226968217457994,0.23516388810295166,0.2679357462141719,0.15486819236499563,0.8045234657934752,0.5623653797174354
4207,1.1866104546304952,1.3102577558433481,0.12704268418963083,0.18352098316682494,0.31041546723825114,0.13680632758727934,0.8856837783591806,0.5586434371121383
4208,1.208102006811841,1.3051542036406876,0.09892162000787252,0.28060182964013414,0.3442625725425178,0.2195312545978601,0.8590165226343499,0.5800017758799874
4209,1.1577077020823747,1.3176925228201455,0.1600263228907778,0.09773602535575698,0.4059387118996012,0.33211826248613,0.8458517852014509,0.5910605622668722
4210,1.1904011612519718,1.3044911100746854,0.11555228678494543,0.31322099535454656,0.3986627672160056,0.22701463928946974,0.9132503982345511,0.6033716503359785
4211,1.1893609344587515,1.35723660646355,0.1696893098395401,0.2025982648955106,0.33131766324251677,0.17141112897132377,0.8213088326107653,0.5591346194514004
4212,1.2200126561102282,1.317440932378582,0.0975223868092717,0.1450705929759792,0.1656207490615926,0.09870364141881496,0.8819421927998844,0.5890953496711138
4213,1.2039145793041914,1.3217931431026697,0.11908230973146801,0.04544978539122414,0.1293295625599807,0.12429148576699799,0.842227172437903,0.5718050505965436
4214,1.210641485151194,1.3824681441689675,0.18111987338349564,0.19505200729614977,0.14180797476738763,0.24020391450931247,0.886605088855841,0.5931876997753625
4215,1.2633942847198183,1.3509060015540317,0.09054962523502669,0.16531750964463537,0.11692784167534416,0.06653781429527512,0.9137984448317653,0.6357110080662748
4216,1.2578624875549194,1.3356177990697369,0.08342424173753966,0.15258686904334512,0.1721619585591743,0.0996813687932108,0.8382586855639892,0.6704724766246709
4217,1.2678046976983035,1.3573559616599002,0.09210812732442476,0.1109145670666539,0.2444385776866064,0.18510398772376194,0.9049280579782591,0.6715401939404868
4218,1.2543814498945822,1.3162317441004077,0.06869918056191064,0.18257619572412895,0.16237222031888182,0.035964032327162554,0.8709541468030222,0.616314879165105
4219,1.280293026398373,1.3479528726250478,0.07217691439079153,0.17536162353520254,0.35282417800100796,0.22821026745223347,0.9116475011242278,0.6357792736279041
4220,1.2974946346102452,1.3840273562619085,0.09992756300405937,0.3582635792659412,0.1648315413290536,0.23615712425930346,0.8607572988279732,0.6588709110903755
4221,1.2821288279057623,1.4035696521215169,0.12886616584389687,0.24508594951645407,0.2562285246475501,0.08415039950981028,0.8216775002210147,0.6568987784584689
4222,1.2798369240749663,1.391635554774663,0.11477289576668301,0.28546532554970244,0.27702680040361527,0.1006009639204182,0.8445264472252659,0.596266354224988
4223,1.285955447291492,1.3523832389742836,0.0710696827480543,0.12411169879963532,0.3610245573373663,0.28867055675519526,0.8817609590198857,0.6257360281906484
4224,1.2812163075329441,1.3546337244975968,0.08845478852417737,0.3214884622031168,0.1578889408672157,0.20726707166704073,0.862166657042859,0.6453172334543009
4225,1.256964507304301,1.3588744351831628,0.10610668008351178,0.5917266269687953,0.3439652495652202,0.3748360012575923,0.8959377550522741,0.6570943031668562
4226,1.2854150438949927,1.3496856572667648,0.07083302375684107,0.24615043483453,0.49012472547549996,0.30342572103127136,0.9103130446834468,0.6535030443924179
4227,1.2971794826720002,1.3381139005912812,0.05627737970301505,0.332179497284773,0.6912874023313229,0.38968290057558963,0.8615587805419996,0.6462965982072228
4228,1.2037613931669606,1.3548928165213767,0.15134670239452108,0.4038979246874416,0.45987892948652775,0.11639006731600297,0.8826362030146138,0.635004236609606
4229,1.2471845084104507,1.3592585125948458,0.11684181929146492,0.25767310982502273,0.27821356048748214,0.13512254941895302,0.8625020602045527,0.6398379031844205
4230,1.220612970013426,1.3370586382172878,0.11935393238532932,0.21546268127975746,0.20217261050274082,0.061241969830503666,0.7468045043667718,0.6501413533179514
4231,1.2545200550017004,1.3301434201592683,0.07588979110672152,0.24170036873372744,0.21918958283356796,0.18857520228965582,0.883781200142716,0.6774715414266401
4232,1.2664163360319667,1.3395367843928365,0.07434205706765787,0.14548167670472995,0.23993126222587907,0.10617772312690976,0.8899076856957746,0.6702025187560117
4233,1.22914462493042,1.3399958418925157,0.11197245833479233,0.2816798583459037,0.2823510936234822,0.22418003326532784,0.7913223253102329,0.646382491154029
4234,1.2319286797372129,1.3288223971305777,0.09723669483693355,0.2860516842283207,0.27930979569864617,0.09796095890099625,0.8912135900189279,0.607932827185738
4235,1.2391804036065923,1.3431903334742639,0.11136459383575206,0.36715714592591603,0.21690547895550916,0.2198640027853938,0.7973433345902371,0.605323440094864
4236,1.233604873699927,1.34501313687871,0.11232621833821677,0.26826892115362083,0.16144150292347637,0.10806889339427701,0.8446701663003642,0.6089103615025504
4237,1.2177734532010627,1.3245710312316166,0.11012614019776165,0.23775496795385787,0.21317329028429524,0.241545434381744,0.7457970409714493,0.6495773987072628
4238,1.2291147175767705,1.3385222053469426,0.10993697629886427,0.08229257877215221,0.19612490200783117,0.1572881935864458,0.7415321758699936,0.6427006594323912
4239,1.2263939116638378,1.3389779966430482,0.11280249662812111,0.2625200140784313,0.1855122947744348,0.15341807496030466,0.7942006262987086,0.6142896387084295
4240,1.2259050152983921,1.3350280525552416,0.1100719592066768,0.180796123059754,0.3053084019142649,0.27348885353378316,0.8559081115784631,0.627392820984281
4241,1.203365535626103,1.3431860716561403,0.14303470466790055,0.29831549564262033,0.23545015643504721,0.08937521610426945,0.9133625773372095,0.6027353054680029
4242,1.203948094364206,1.3264508082693593,0.12536668430744666,0.1850796220790211,0.17561493250383872,0.09625533774330582,0.8087539533162974,0.6281271963979559
4243,1.2580685795603097,1.34570978723357,0.08883705318297377,0.07161774442234502,0.09257837208883918,0.06483286374382652,0.9050678866574302,0.6383756254356038
4244,1.2092521243409409,1.3401638767456476,0.13218662645429685,0.07783639071742815,0.10901131857583281,0.132844684783074,0.8750981715625108,0.6388181138394213
4245,1.1577848928164989,1.3476880111052594,0.19133424638278593,0.26628265421640795,0.22074616396263075,0.20164068998547482,0.8566592569562607,0.5950371150671158
4246,1.2450170054366223,1.3258171603176785,0.08230225446086349,0.17149804350611572,0.2579584030290101,0.09588121589979146,0.8850256212900085,0.5441132713914139
4247,1.2076979618934909,1.3192456125435148,0.11376052214258675,0.16597885086876418,0.09987755659538239,0.1052008216693582,0.8680794391045726,0.6372359954117144
4248,1.221376622278483,1.359814082043054,0.1436387082671309,0.23783499645746567,0.13757842646067267,0.14064245380850976,0.8492163685906868,0.5860321843398901
4249,1.2224489790329496,1.3562382224555918,0.13584886837484725,0.08471329094998988,0.15680611296785568,0.11180274850008502,0.8496539321043315,0.6041892588634067
4250,1.2321941251115105,1.3717068195551567,0.14190999789551667,0.15433611156514676,0.08084379292096472,0.17436197506874043,0.7822340912149052,0.5779414437483984
4251,1.204478459042927,1.3340555635530889,0.12965750860935524,0.10169121489490363,0.03487498882813991,0.11731539584298194,0.8493667652320808,0.567368960103108
4252,1.1676981437858873,1.346184196557824,0.1787060380334266,0.24775010653479218,0.10498867069382271,0.2613234932112381,0.8256195721828301,0.5600814616534329
4253,1.2215037446165706,1.3464288828966664,0.12590298592287458,0.19731047337167462,0.1306619516064035,0.06912184940762771,0.8586507403405488,0.5744452556956552
4254,1.2835834188836452,1.3443265327845009,0.06798522394707848,0.07728425453730582,0.15448218432854025,0.1834816776660723,0.8794483857551818,0.5473854291654919
4255,1.2445643151951478,1.3762271029338906,0.1322344947657114,0.1959196016028136,0.14904117274301865,0.1274308580014545,0.871527495406039,0.5599419435668485
4256,1.1841461354044986,1.4258918705556678,0.2436059507542552,0.16152755660299015,0.32032839941552615,0.20469765339829613,0.8458076980685761,0.5478718264882847
4257,1.2065744567604637,1.330343229376579,0.12452579811795236,0.17650808762247777,0.0951016356323346,0.18596470773923485,0.836557717296965,0.5555917386253235
4258,1.2024273664830103,1.3295083968946553,0.12795742332587223,0.14801581257132734,0.07500389700577649,0.1265788277287221,0.8955155796054061,0.5856960934776633
4259,1.2044960228024024,1.3152209522003944,0.11346154097860696,0.17308456203762498,0.08867753737422811,0.0847615143709783,0.8518703460698357,0.5608499010441546
4260,1.1849327484955996,1.355092215268054,0.17328000945383015,0.21464937210748078,0.1340566668196308,0.10242651891293171,0.8695356460531012,0.5558671055437592
4261,1.2174960930002452,1.3279547266749838,0.11099742317478238,0.20231621056045299,0.17948552404181886,0.07425123505802181,0.861659175596105,0.5898386802347866
4262,1.1748148983223727,1.3549460873301635,0.18075888896368558,0.22842248269641358,0.2524596090063576,0.08538870048977004,0.8522130173265624,0.5716997417999229
4263,1.2242308418708907,1.3300356973432557,0.10590127180091209,0.18925345662055637,0.25425324541564726,0.1599640274369407,0.8023822826426722,0.5476622507069075
4264,1.1830580225595237,1.3522208133982325,0.16964010462947296,0.3121362330840464,0.24061042293148624,0.15620537918543584,0.7671820915744376,0.5746040758448185
4265,1.225052397233961,1.3250727381400331,0.10174562046322358,0.29806198864688704,0.26316945093889976,0.1624197944767085,0.8239198198164718,0.6028234914284069
4266,1.1963912987569751,1.304853748919518,0.11196420792473603,0.24957570688866537,0.2627644064521274,0.21240609981962702,0.7983181009227877,0.5832402779259741
4267,1.2204425782239214,1.3023485789201357,0.0819100916871814,0.1706275648428829,0.16171414280913876,0.037998225739906216,0.8093167603149097,0.5971493535595247
4268,1.1665617873815393,1.320983350988848,0.1545494569635343,0.07830114701829988,0.07426280165109558,0.13090188218375826,0.9042448652534614,0.6405244589554737
4269,1.1794162636647312,1.3352621088867633,0.15594701867462132,0.07177224295939943,0.09177240160328605,0.1056722980669459,0.8251246689341164,0.6100458559757563
4270,1.1888535420864046,1.2998323967556116,0.11331684016458315,0.17428925099364007,0.21116662228590316,0.040117382772639515,0.8164661468352735,0.5886835301828421
4271,1.2177744273078872,1.3251693714817456,0.10780384075398304,0.17020278948075057,0.09559725730457842,0.11453708346757359,0.7592345984628706,0.575623816737351
4272,1.2211241836654663,1.3311439632110609,0.11054699305758241,0.10273487710571727,0.15695126332035442,0.23909045625005812,0.8498297113343811,0.6057587119724994
4273,1.2547385689216917,1.3021884042278544,0.05594534375500845,0.11175219947965431,0.15991531351684588,0.05929181467285045,0.8022836809520908,0.6115794183330001
4274,1.243444945834235,1.3433417947683284,0.10071178503295057,0.30336518611944,0.15518524258258062,0.14935882018617627,0.7218540120150085,0.5888660552838161
4275,1.2494674579521758,1.351218530289211,0.10308268159091558,0.1787593073092645,0.274644359579353,0.12155161406808114,0.7325480529752955,0.5472555848066489
4276,1.2502934398179668,1.3311624101522952,0.0809990028456006,0.16893089332862452,0.12513370646555577,0.1967467848283287,0.7714219173085659,0.5695015330753616
4277,1.2120993573067518,1.3464242802379573,0.1396611159553442,0.14291900222953272,0.14033516498148066,0.14796326099345775,0.7641406028591775,0.5374028921504108
4278,1.2674517911179695,1.3151391038011138,0.05092100879524063,0.40120394784673824,0.3783903226164669,0.22506054163669884,0.768511734678343,0.5681130112140632
4279,1.189059827310527,1.3160429155929003,0.12823789297605268,0.19060914878275267,0.2156835684062126,0.14876176618298836,0.7011138313444176,0.5587667088934276
4280,1.2371657500563271,1.311478612901901,0.078189061999011,0.14773181295898696,0.03518452719925344,0.14577355472530887,0.8630853308174697,0.5805681319518041
4281,1.2191024498144798,1.376292515592337,0.1673903270553007,0.15410008816159507,0.2671614889234096,0.16434914874291648,0.7869882215619504,0.5919395132831248
4282,1.2528145266760826,1.325513053624234,0.07936009523316526,0.30013452940264224,0.11576188904744111,0.2925556598305536,0.7932122758665877,0.6124628454569906
4283,1.2340847313749352,1.3185482893139768,0.08532683427856672,0.10860739951097513,0.07036242106054202,0.12252642825893566,0.7312988315386706,0.6247207392680102
4284,1.229246093139307,1.3227934254394436,0.09621969925565005,0.2721318645623518,0.2522355493556379,0.16067040774956856,0.7113817489778487,0.6213106202992157
4285,1.2622557788433806,1.3512306768075875,0.09276831581208146,0.19312077172128767,0.2556635291628509,0.07534820594659429,0.7414409609821822,0.5960913070730511
4286,1.2111298704612365,1.3564963735052746,0.1457141464889787,0.19240444525911288,0.10833998933401046,0.0887918586794093,0.7454531592613822,0.5979111949698281
4287,1.2165183041468894,1.371692814552449,0.1577527564036417,0.28841280350310067,0.34514428091914795,0.1619067686026842,0.7651512545638925,0.5975229391219544
4288,1.2365585764406803,1.369315368137688,0.13747542262453957,0.31300128101355146,0.3438966309672386,0.07020871888045549,0.7920122121592054,0.6115692157966027
4289,1.2568511167570182,1.4049569140357763,0.1513049523429379,0.29992413818487795,0.23573931933035772,0.07639973815943316,0.8687565246580389,0.6071178424757353
4290,1.215042519225178,1.3604054132131378,0.14648059989933027,0.27068971917343715,0.20356335982896034,0.20038393185824308,0.8608156384140377,0.6337599172608821
4291,1.2807621358838381,1.331651407565008,0.061319163267904465,0.2471371309667314,0.20471477596238202,0.13485833485816512,0.7857637957350045,0.6214326263218622
4292,1.2355544226269919,1.3505404853740828,0.11876053544809968,0.247358873619752,0.22186941705095353,0.1418909464693143,0.8273088075032732,0.6388869629980988
4293,1.233665364439234,1.356615144893997,0.12369013025753858,0.3791323505892398,0.29564550351983565,0.13239546864521679,0.764555476445702,0.5836036739893515
4294,1.2481689107394656,1.3645049035694723,0.11916768051588884,0.08522717099561554,0.11522723909244612,0.05001618238719922,0.8109598683678345,0.5751035747529121
4295,1.2581560465768855,1.3739577578869089,0.1158854159652756,0.2704946418328155,0.07666410105609263,0.24349217131232834,0.8642066479313715,0.576915282682551
4296,1.28208941830698,1.341454583071229,0.06196263626737763,0.15425689814121854,0.11483742843048719,0.04563022104380416,0.803763555002379,0.6248662272383682
4297,1.267819186059068,1.35595469904716,0.08853124919351918,0.3751945754507725,0.25746440377833824,0.2075203005548609,0.8069906388804351,0.648272745923989
4298,1.292336665536216,1.3764861260315924,0.08423977679093693,0.3181281465197252,0.2540968891938119,0.09891806446747836,0.7814114886008081,0.6226041231399098
4299,1.2998309527617116,1.3481847264700104,0.04892215880445187,0.24628221636691197,0.025617092041538368,0.26788455607723,0.8536694245302241,0.6373024520455767
4300,1.2356455569050009,1.363264816756841,0.12841068462147956,0.13364197198657307,0.24480907122317308,0.16473524812420753,0.8253088107761076,0.6473586133882248
4301,1.2235550317837294,1.3652503381668675,0.14202713167863967,0.3375707697789499,0.14492797094972673,0.24307629519502394,0.836000590469318,0.6543695139528475
4302,1.2236951873473034,1.3769720237577918,0.15342257066491535,0.10326286459076726,0.06390573591291084,0.12037462768504853,0.8150228911492208,0.637024732761955
4303,1.2341537280257493,1.3923515208418626,0.15879414813774292,0.1568460959974843,0.07476335069813299,0.1589891580541544,0.7883198064346307,0.627148715673519
4304,1.2578478207759334,1.3623470196211165,0.10491531887776863,0.12540974584188389,0.07319236204749542,0.08941672601444191,0.8093515320904989,0.6112890475065981
4305,1.230947723046952,1.3522768453398382,0.1248160620536124,0.22822068285252967,0.0920472716747934,0.2547805353584075,0.804999880008916,0.6051262627834898
4306,1.2624723688423027,1.3111293494863354,0.05333602943485159,0.11838918599725813,0.04175878376763518,0.11501760696119409,0.7440581439014541,0.5669441312644657
4307,1.233774581621147,1.3461005016037741,0.11375757214157887,0.1364010173817225,0.10040649603653375,0.12759287043853765,0.7225363247927176,0.5876643933495342
4308,1.1875788388711075,1.3223650540862242,0.13623181837626802,0.2502521216447666,0.1258770820268879,0.21796455176290738,0.8252189258200331,0.5413846063522341
4309,1.2041738515734042,1.3210761219526457,0.11863844171130647,0.27366517205851437,0.1835752265627787,0.2203912910128701,0.7826967012802613,0.5595975143971669
4310,1.2152154755628182,1.3637135532087499,0.14957053196259304,0.18432724776394974,0.1668524264569248,0.13598666880043045,0.8409005253686621,0.5653456585106886
4311,1.1941613782225076,1.3202978793312374,0.12694757179281935,0.34381846598864685,0.09521244793882225,0.3286025690347514,0.7523018868667615,0.5757397134717173
4312,1.2146297533863106,1.3258386029654516,0.11271934394642136,0.3137330303738225,0.13878525837954997,0.24243496364014672,0.7744481496843961,0.5843391214593008
4313,1.1894735918255348,1.3344520212139503,0.14711384388539156,0.22853408813347476,0.16100807270936104,0.29608495347041514,0.808020542140801,0.6065033653759484
4314,1.2167459971640686,1.3193604538543418,0.10302648376584876,0.27486684713736215,0.09555128887761652,0.18155366428495534,0.8851063281429942,0.6179880059094425
4315,1.2317547006021312,1.3481891143932587,0.11679627355357215,0.16508864373780122,0.14260669869666157,0.054181120775053014,0.8091327387894691,0.6166356725920759
4316,1.2525012266492928,1.3460417010290002,0.09638637557452298,0.18252447596994387,0.0656547080933061,0.15073967645876601,0.8557386804627192,0.6540880351745674
4317,1.227175880087408,1.3180425503107696,0.09119515899718383,0.09668016650716593,0.14476235288567593,0.07211415177231317,0.8733411699712628,0.6517639737969826
4318,1.2210263101228391,1.3151464151619943,0.09535617333188534,0.062113924665382396,0.23032470796091337,0.1712948464583935,0.8332263472002257,0.6116369057388004
4319,1.2012408361322042,1.3028534471651516,0.10171430744347765,0.4113569878837093,0.28005205998328814,0.24275884141628623,0.891338219924753,0.605691940399884
4320,1.23867594940903,1.3336063831840195,0.09589344008242313,0.21685324090017605,0.1844797461787735,0.04700405685832331,0.8072491289710146,0.6302675323870912
4321,1.1948650115935782,1.3249210177536404,0.13194750310070688,0.11991520355879924,0.1611060555582096,0.06504045983612361,0.8908749552183453,0.6002523686469656
4322,1.1972367114017795,1.3284682458861596,0.13150461012733425,0.3035041859677101,0.23091453980239168,0.1253103283001102,0.9103048489552428,0.6045480096993769
4323,1.2058744544629085,1.3156142913040596,0.11091078653121053,0.2750444311364386,0.18614241387079522,0.13124925114550628,0.8661317154205416,0.5960865939590381
4324,1.1991454739162424,1.2731104811739093,0.07544716875033969,0.09353564074302073,0.1547277022535296,0.07739744328144077,0.8082337835468791,0.6100611322323549
4325,1.2276737918161496,1.2599234806367607,0.032566901433091974,0.1543420325514574,0.19024346458218686,0.10021845251608302,0.8417484492257621,0.6107995535511205
4326,1.192340135648166,1.2744897343651564,0.08224884820388191,0.3443643213497028,0.3588001031837107,0.1412417501325639,0.8338443943781595,0.602575638488831
4327,1.234531983662098,1.2802120168251154,0.05359707204604936,0.253933261516154,0.21894508213222383,0.21708541792395672,0.8498486745897098,0.5930642185070244
4328,1.201925236760387,1.2957366795402132,0.09406653629387482,0.2781040212452265,0.12512727267698018,0.19651834616056485,0.8382473808369901,0.6169141688314826
4329,1.16120279001417,1.2783540658415968,0.11771053458449038,0.3200667903474387,0.21763177981836182,0.1550961485915143,0.8562146785656585,0.5876610926171641
4330,1.1551859100997337,1.3117577719648161,0.15686789519417857,0.20706457231365136,0.0758877853887517,0.22193491635467366,0.8511850903251897,0.569554483593602
4331,1.1287917174051378,1.288075335071028,0.1597279207004206,0.13394533653607915,0.06870550758653449,0.11543619446931037,0.8261563511761095,0.6003981926165144
4332,1.15814607369617,1.3373620208370787,0.1802057531246296,0.17894277116867088,0.09569555849895806,0.09324950207262354,0.9078261095039366,0.5970068137162354
4333,1.1466526911119248,1.2345114459624187,0.0879130303722721,0.14855910531226915,0.10728492123698098,0.07670379439418659,0.8905562740447865,0.5932103953134278
4334,1.1146521810418073,1.2799378031440571,0.1656569527354759,0.16685990669779638,0.1178710523956075,0.28307185401732116,0.89616573883045,0.5965219908841168
4335,1.1136693981941526,1.230772545607209,0.11737253078746754,0.11779196414309198,0.13534398754331334,0.19609564171317068,0.8856922052411388,0.6251131471800284
4336,1.0838147668508054,1.1899095925954855,0.10659175254310171,0.06814041980434539,0.13993833346047163,0.11815760771835807,0.86701128058961,0.6487101878553878
4337,1.102222141175042,1.2178845748504141,0.1159972047127228,0.27141495346174394,0.14917114183075633,0.24848491300429945,0.8282260112356062,0.6346481179656105
4338,1.0945816293392376,1.1784574486478014,0.08388909356980566,0.29176190289943743,0.19999879345149188,0.300909096390105,0.87124152091793,0.6321710490533776
4339,1.0842282679425344,1.1405046601203763,0.05706813529637046,0.18507204858716356,0.1633044390310924,0.04228419277620945,0.7912131483398712,0.5994692285174902
4340,1.0536969906486193,1.1606955969290045,0.1074344222716359,0.1306954524730416,0.27829796118679156,0.20798283913831056,0.8030836552493492,0.5839403669103292
4341,1.0283565672524273,1.1558309212697833,0.12767065701490204,0.18180720187318591,0.25077606686900655,0.21357878879001008,0.845386202217177,0.6106635710061729
4342,1.0280630451135153,1.164746894558168,0.1367061877406341,0.3342893901816906,0.1924943411950473,0.28536668947257077,0.825186611212495,0.5653723599821345
4343,1.0505875532806546,1.1402385878642336,0.09162133024602781,0.06616548221716805,0.07352608768593535,0.046099106877127566,0.8697533062880382,0.5757562541927461
4344,1.0088718528939673,1.1439815865074459,0.13559333382246036,0.13597163604265747,0.1778304242985716,0.07146687013748218,0.8578311877285668,0.5712126373679617
4345,0.9840611377529191,1.0892745852276469,0.10533867807838564,0.17387492123846257,0.2369745736972194,0.2737811923455034,0.8593457580525281,0.5782681852614442
4346,0.9724297270483041,1.0822900356326246,0.1155652124208389,0.2052372595291594,0.2892439042723174,0.18970690512564656,0.8543600584315091,0.5617452907743128
4347,0.9871195183015186,1.0823195894485378,0.09603858856734024,0.147344880616867,0.20278932109430142,0.21526474690060884,0.8143709148279685,0.5600571228086676
4348,0.9463741374716187,1.0266282426330238,0.08285061114165246,0.11288208517551676,0.10489335950944739,0.09789793301016463,0.8768653130788416,0.5960391590472024
4349,0.9413904379225448,1.039481599630751,0.10011473615567722,0.14890706879100407,0.23452117686929153,0.32797505337156807,0.806816386734173,0.5872473091686288
4350,0.9232821368838503,0.9772465843429122,0.056671941879382015,0.043413063845169714,0.22988087523450876,0.1931513419354357,0.7773622259872041,0.5870718170922526
4351,0.9013211540282181,0.9884978521005047,0.08796115368872143,0.21367777579552874,0.3279404398205564,0.26097933427355346,0.8064838421948912,0.5846401625162359
4352,0.886999869262586,0.9211539221497065,0.042628118770926385,0.23553831047959628,0.31893380328936854,0.10142905799123766,0.877188087055746,0.5606158799034568
4353,0.8864245611427827,0.9413705961124023,0.05884520342264687,0.24707217637836953,0.38096149469249657,0.21278718609192518,0.8302272874245895,0.5928954678655929
4354,0.873424587083012,0.899560806737506,0.026219930602895958,0.30365873232246327,0.3909185683623283,0.1622425230266325,0.8884012772315004,0.5764498461306085
4355,0.8276527948115402,0.8760586960191693,0.05044711196237914,0.35720960754388426,0.484172604322137,0.15451606094195175,0.8395319014469258,0.6183975839702974
4356,0.7974767589029921,0.8584799932274305,0.06125225882410894,0.6503515876525231,0.656677262729671,0.09785054869080899,0.8287613770330942,0.6098587173950969
4357,0.7778077138154569,0.8463494999733789,0.0709879663130749,0.745029393735445,0.7944083463596987,0.2423144504210899,0.8816526741867869,0.6205427484695967
4358,0.8142983413872368,0.888125838086619,0.08038186316575806,0.8297707427766046,0.9673955630279896,0.1611758654723683,0.849256730242169,0.5878763306914331
4359,0.7688733535519826,0.8027986851022177,0.03773627630189335,1.1122610090326974,1.0494102072970035,0.09312027177064365,0.8773767113831741,0.5917444519086528
4360,0.766505956492799,0.854901445597211,0.08915919467528907,1.1465423798321681,1.2594026932486355,0.2746959988649353,0.895338727503817,0.5363046046064084
4361,0.7458619192511106,0.8447660333501137,0.10610869527901315,1.4675116052061536,1.4246950171574235,0.1311013720922675,0.917153731749913,0.5551984068146674
4362,0.7422920328469537,0.8059867586649527,0.07124220027162934,1.6047911589776858,1.5887502479195401,0.06933346698147479,0.8542049065610275,0.5928985633243199
4363,0.7320230398956438,0.7708199623216644,0.04329179725165209,1.8932190655786478,1.7703143651074753,0.13127605606033452,0.8627363271226438,0.6061351110735358
4364,0.7137573105071172,0.803212847896104,0.08975662113099497,1.6923413591295078,1.934588179856771,0.25237668386926115,0.8274484514518886,0.6286223722966505
4365,0.7206335416988278,0.7364359494640147,0.024856834956567993,2.0671021191408836,2.091445357335174,0.034640967209469874,0.8289014827787371,0.6430039740827711
4366,0.7512087966811466,0.7329718820590976,0.025800847239480385,2.379638609970763,2.298050157558011,0.11428501885969286,0.758247630425294,0.6599956363323093
4367,0.7353489070886028,0.7591120000819268,0.03749439722377612,2.500234256145426,2.4959420011499907,0.08986209870906661,0.8737629723919675,0.648529885777047
4368,0.697961330760387,0.7529678302155051,0.06485997865581616,2.545477712416246,2.619565473973105,0.1122029772656077,0.7936315898278689,0.6566904734353674
4369,0.6849215270802329,0.659378263336491,0.029579145246527747,2.634076651948004,2.570384289384282,0.10746914337391975,0.7162619826853865,0.6753772530879859
4370,0.6910403573867615,0.7148791051107742,0.02549022722863442,2.709733491890195,2.69272184086911,0.024798836562469825,0.7842165238862182,0.6990754258339107
4371,0.6764255351915295,0.6692010287409899,0.01686880521504068,2.757809132624544,2.8058568386388414,0.060088833187525954,0.7755429731373082,0.6768192535957775
4372,0.6798104233398424,0.7030625518544177,0.028793760552322953,2.9162844270338666,2.9354535150087706,0.09383622597472296,0.8233474488762405,0.6733810331422856
4373,0.6741529134564566,0.7031644119976818,0.02968947930265903,3.0293926249361847,2.9909093596631138,0.09923676054672233,0.7931349917915491,0.6743710556580496
4374,0.6607826716800158,0.7034645206494281,0.04282124421696863,3.21802253063792,3.024160861020364,0.19771253803742192,0.7727279036699483,0.6545727621808678
4375,0.639180137397176,0.6861590984751781,0.049585803079041556,3.0532755874306905,3.077251025534192,0.1108256477386267,0.798586028909422,0.618371529700137
4376,0.6259517516319089,0.6423233954426987,0.017018874552126757,3.2739317489867887,3.0524254676357296,0.23396273489114042,0.7358428069204502,0.6497414665263503
4377,0.6536182627607476,0.7031085470547267,0.05311951006136085,3.2558223285273016,3.0555479744604632,0.24164717985352147,0.7802845606839196,0.6265389927962881
4378,0.6483708141662737,0.6839803771936879,0.03674293754724988,3.0365715893103618,3.0526064765583225,0.06982742530619156,0.7334758128667367,0.6368754627416637
4379,0.637400871682471,0.6978912373310628,0.060554885053603624,3.2194688130276035,3.083962636998033,0.15676406380160324,0.7729937764582346,0.6171647594219852
4380,0.6311330272574622,0.6874875766641676,0.07889659281377237,3.048308900413156,3.050697453297334,0.17192695783866,0.7577279089651525,0.6026933402698951
4381,0.6185899442512826,0.6779566237019006,0.07262848348814512,2.8871675657391256,2.959532638645118,0.07889807637035608,0.7848253161395848,0.6507274215411126
4382,0.6425669528632113,0.6748192423972125,0.04838134142702572,2.8379882075155343,2.800976888332765,0.12780801868304664,0.7921382056430498,0.6632178226889435
4383,0.6206552979044753,0.6764983601305182,0.05761254306398292,2.573350102591608,2.6002048786350915,0.07383731981257108,0.7210372521000995,0.6600794270383888
4384,0.6178486461426437,0.6865604967609404,0.08632498468185046,2.354902303683856,2.3908611021439046,0.12534594309556685,0.6889937491444962,0.654067671086159
4385,0.6073807745087011,0.7025928409612113,0.09949047410975172,2.0676363887254823,1.9874233346481098,0.15027073148104145,0.8068940096528316,0.6622815659727563
4386,0.6056389542631783,0.6710434658354609,0.06793127474938722,1.5049049154462912,1.528771914551374,0.08553051702398695,0.7749114530538783,0.7088522539208875
4387,0.6069361424663396,0.6754498588575697,0.06996466258404926,1.246392270851803,1.089639789916447,0.16003130036124677,0.8301305938292414,0.6766634873447545
4388,0.6225568012507436,0.689151173046844,0.06689565934613102,0.930958425773788,0.7347654381416893,0.20974593533884323,0.7703316523475783,0.7015563163385052
4389,0.6073747050361603,0.6796604771695134,0.07260223881915774,0.4742488071460583,0.46089349138676733,0.035554339782667574,0.8051677911893493,0.7240493350115347
4390,0.6104418543147089,0.6730369495381785,0.06282447871726435,0.25855334734942,0.2757980754436336,0.03382521167269461,0.8105160194558969,0.7348887528411041
4391,0.5940220213630417,0.6674796067655072,0.07621120355145426,0.2714266062852441,0.17926260246453482,0.20137945556582235,0.759467307868209,0.7229468377336769
4392,0.5869262217832314,0.669927753928125,0.08511237085178466,0.14625348178628572,0.14729652445535765,0.04176433895929493,0.807490276373013,0.7308927715021778
4393,0.5936287622055499,0.6708340567134213,0.0794702934809746,0.12756540825105228,0.15149743263934132,0.11442715606383617,0.7630453391348341,0.7783186593164862
4394,0.5869001371353426,0.6519422870696138,0.06725910580682229,0.15674044570058374,0.21774347235131472,0.08517316357884351,0.8426443580211378,0.7005710232842782
4395,0.5665587462768912,0.6329418469538243,0.06675401177914926,0.2705139451398787,0.30285660942596104,0.06497793359976971,0.8040093356387256,0.7395051427548794
4396,0.5781415582761947,0.6345534669163557,0.05874509551100232,0.3206205298590531,0.4128595841369792,0.11459269298865843,0.8338911743251634,0.7392111382525847
4397,0.5569328967911613,0.6210537107063239,0.06774629714799564,0.48817705851950743,0.4748598285498355,0.04531853630222072,0.7562588860416667,0.7123771334847925
4398,0.5597028104171887,0.610051834447615,0.0558923662488325,0.4674837879186555,0.47800847318267264,0.06928834173678694,0.79665277674611,0.7584368473264085
4399,0.5674821807850936,0.5916503317218353,0.03080389952926563,0.27407743974880144,0.43169488441861414,0.17272519671356368,0.7724073758954029,0.7743021234328903
4400,0.5576686854511883,0.5694740895217408,0.020934083179555037,0.3869643016798582,0.4687448014855308,0.08613746338913783,0.7032166302681901,0.7975249734291039
4401,0.5337447986973031,0.5535246512836068,0.02068268480742777,0.35631993335869105,0.44022157740283474,0.08596814729573182,0.8787227032506465,0.8096217553600064
4402,0.5189757883244591,0.5552891926347285,0.04310320758814268,0.3460667480204203,0.36240693418882075,0.06444867519425143,0.7833712941245268,0.8424769029986046
4403,0.473464887371521,0.5291828118025106,0.061486832043252615,0.4201264802924238,0.39038015507294244,0.060105413175014805,0.8219879339786216,0.8439342100860666
4404,0.4690086289068717,0.5227777520819623,0.054745979409639475,0.45289654363096454,0.4282077571176606,0.06012909562885877,0.7527439526477419,0.833357543066764
4405,0.4603933265511897,0.5094339467285546,0.053946934767305665,0.3532550477326478,0.41646809652451366,0.0879246058638419,0.784239317464702,0.8412781070786799
4406,0.47056795080680475,0.4808442014423702,0.0385129546313004,0.29549641448943453,0.38120442460577636,0.0891269413171841,0.7983420787406881,0.8264613107633569
4407,0.4056855660370003,0.4633237473750885,0.06005390553813441,0.35788370883605164,0.3951191273896024,0.044874157287381616,0.7689490416979828,0.8266909296390926
4408,0.3962253197426863,0.45814797960823156,0.07241499316485517,0.27972086209457653,0.3390407345618259,0.06754552171335379,0.728950204147741,0.7843028106608849
4409,0.37137694768291274,0.43194061276099743,0.06309850737154094,0.36686689125494093,0.31490005869522597,0.053649820639003344,0.7658649458881418,0.7492303273783865
4410,0.37297202592698303,0.4081460230037872,0.05120488529061733,0.31191694126125935,0.3262362026857761,0.08677974346542962,0.7809428550235076,0.7527505976987173
4411,0.35169026400503756,0.38186536818277694,0.04865368774919881,0.11055342238944126,0.3202027865678153,0.22092347724320335,0.7166409415509414,0.6977481106866581
4412,0.29092870449452196,0.3566771227775751,0.09163420132441175,0.34020072828494996,0.3091356628366733,0.04994350366975115,0.7944528933690366,0.7287828988512484
4413,0.2810973703591574,0.34199805905914876,0.061016506475491505,0.21705885177499468,0.21203754749554218,0.019287529464339218,0.7283152870919145,0.7496698084348716
4414,0.2807001717915926,0.30304783137238694,0.046557495960583214,0.13958869807330002,0.24307959999284556,0.1576490143400055,0.745885531468814,0.7353488011336533
4415,0.24761657060023923,0.28974668108538415,0.04527722026969858,0.16618953885869692,0.13531150263778352,0.07780480278989373,0.7614748680912511,0.7550078057701436
4416,0.2579066494646708,0.270070219427519,0.015091141959720469,0.14096961304627906,0.19640038304815813,0.08182992157827015,0.7060190725830976,0.7649611185842782
4417,0.29122300883710833,0.2766434430393714,0.03207119232505833,0.2708449210657054,0.24960775364437673,0.06089573901024707,0.719447910940167,0.759778341907402
4418,0.24487419052079387,0.2624987973636131,0.05069223580456388,0.23362842233672892,0.2530911314628735,0.10115693939680903,0.7125145944251393,0.7561504508565944
4419,0.230507943476924,0.25774093752445215,0.07132751014621738,0.34310004631215896,0.2515348669029753,0.09597799753360968,0.7527152002632257,0.7580079093869508
4420,0.22619203561199047,0.25521861294770054,0.032917817589532924,0.47385028330718,0.47802952845643226,0.08004375465647032,0.7665832165794618,0.7513166593438799
4421,0.23688025743198055,0.2500701073012818,0.027683976396575504,0.5341954748243692,0.6116149478699346,0.08264927941897435,0.747300861221548,0.7660433267575525
4422,0.22292286191126082,0.24119196704389978,0.03314928102407516,0.7411031158704208,0.7489670702169823,0.04172487717947829,0.7387571145723955,0.7669433085913793
4423,0.22466755216247852,0.2406602188754836,0.019409345717926532,0.877359553507844,0.865727291206079,0.042165332630098855,0.7126921879222162,0.7530991564229274
4424,0.20072958613315012,0.23129691260791546,0.04729526494060967,0.970488020254214,1.0104812522468951,0.06755369808467049,0.6937158953353021,0.7422177270452673
4425,0.2021132308050732,0.23424607779264459,0.04138958588972554,1.1204906907880983,1.0837923348761622,0.042393231671567576,0.7446299468762345,0.7299906767454574
4426,0.21323279772421375,0.2237330075228354,0.013431073276325534,1.1970644337626244,1.1518771121451965,0.06766787407651341,0.7403995520664131,0.7385424370644221
4427,0.21444261458417305,0.22972716249385913,0.036518777923440465,1.2374468034374717,1.2605650371945891,0.0923473176659361,0.8039286169574428,0.7784882839177457
4428,0.22580796056670707,0.23441182033827937,0.03274248777751207,1.5304779030043274,1.4133044198702656,0.15971191001942853,0.714134794967,0.7976446993899337
4429,0.2666225203572994,0.24811812765309432,0.019037201535755173,1.5250690069027504,1.4722243407427285,0.07082098654734469,0.7025393827571539,0.8099020824361349
4430,0.25617860594562725,0.26765868489853284,0.014501112428169158,1.5709916268913315,1.5318271383227358,0.08897910868246124,0.7530971179898429,0.8471088933317539
4431,0.264206600727925,0.2857739102092653,0.026463089904735396,1.6270153417803446,1.6144964999640048,0.026084312755427146,0.718223015614491,0.8434583319855354
4432,0.2709139584583359,0.29431603583242155,0.024529114818993888,1.7614458222396465,1.6914671304632338,0.11492853199081525,0.7042394268679691,0.8469356566825496
4433,0.2992910200878889,0.3243152164988347,0.028265634582461355,1.8214653887513492,1.7561315761779848,0.13609697916121588,0.6847857653650882,0.848566899406525
4434,0.3329535863017308,0.3309305507249945,0.04129970642262767,1.7943268534326915,1.7608911886205614,0.13215887205456395,0.7184498339529886,0.8502347193049105
4435,0.3076145228144233,0.3438169568197679,0.06403056810879501,1.8124433688245138,1.7772714414681052,0.0902775970262409,0.7804417586072612,0.8418950356223791
4436,0.33879682168711284,0.3579447007972692,0.034526474228499957,1.860765875815951,1.886002225037118,0.07473135986222533,0.7801726201782152,0.8214807113540703
4437,0.36788121480959424,0.3829453156688184,0.03106960664655096,1.9401319456917088,1.9060735451116735,0.09263415561610598,0.6486210437950178,0.7966516710857521
4438,0.3444540563776945,0.39280489444451955,0.05173392333421837,1.9125241488407392,1.926637494230788,0.027643875463498422,0.7841590263236353,0.820870565701272
4439,0.390384493896122,0.35831612278763936,0.032801419603970795,1.990622745442507,1.9605249160938696,0.143789488224744,0.6460662961733575,0.8382317697446433
4440,0.36533082588628046,0.3769003293350363,0.027055513000036353,2.1822903093807025,2.0758875448440617,0.12246959792570397,0.7186571053787971,0.8236600640675491
4441,0.3974738878841851,0.4235395998111846,0.03049166788874865,2.1088337551824283,2.127144263056768,0.10124093012435008,0.7014591027811166,0.7809325785170587
4442,0.3898151352433757,0.39338972783257564,0.013272221498636489,2.0651842789675072,2.1617546103587304,0.18277797840810994,0.7623694647583239,0.7589679919514003
4443,0.4403987302423708,0.47635123347551533,0.03934741801860662,2.169161278868342,2.1677807305563297,0.058549348758540086,0.6590741788767326,0.7352301955308097
4444,0.46159133406060254,0.5176423169060557,0.0561518313338806,2.1643567370744363,2.2071831364871524,0.08443158058455762,0.6822034613750287,0.7368857306274713
4445,0.48284494569581043,0.5631390444066007,0.08187085596362186,2.252306463988797,2.244171861929677,0.07952697890183341,0.793903087230142,0.7161855434869082
4446,0.48711548553836814,0.5402423823390572,0.05320932301854866,2.258959686690219,2.25326962824978,0.030868152513563757,0.6485365367759562,0.7462307752245039
4447,0.5048101894249623,0.5539587871563021,0.04993744513293677,2.3053261439019135,2.3525429006615033,0.10592650821361249,0.7174342297939529,0.7289077877024903
4448,0.5722901734869333,0.5783798904497169,0.02118312833820203,2.4130025380137687,2.3182585501424327,0.13306011264073123,0.7072069685455624,0.7215612607486062
4449,0.5538183597572202,0.6087951577751187,0.05758107892216548,2.3108909070500676,2.331065939740995,0.13273000997035833,0.6482517844481626,0.7356173372807888
4450,0.5575629613351938,0.6455272500148272,0.08979652193084271,2.2093258605727564,2.2224952093407477,0.038989805956293346,0.7197776746048712,0.7516411996182273
4451,0.5526604094682848,0.6415570284463403,0.089257893789652,1.987879275883012,2.0083803659567647,0.08408398904343363,0.7007569732720028,0.7474593208997637
4452,0.5949858913345167,0.6684112678286349,0.07657327037593321,1.82777046232041,1.7907134621409886,0.06780429888544257,0.7677045078567876,0.7161839886726294
4453,0.6393104446481834,0.6909533363416227,0.05542484500346903,1.7559050105229699,1.604077323857081,0.15904209364838826,0.755580794282532,0.7061291782543283
4454,0.6244377961504924,0.70151476752274,0.0789547183264024,1.5073855249948158,1.4342882675194872,0.10799383486176631,0.7034844581274283,0.7071985231994713
4455,0.6776912473395238,0.7354162096897063,0.05775220534626134,1.3927973998526573,1.3417487641419437,0.06766737043276505,0.7320699569627482,0.6993967172978974
4456,0.6887462202501194,0.7473085930360955,0.06452823817644428,1.2044783318879524,1.194574160795086,0.0505023941610207,0.8489996094748127,0.6874319328612305
4457,0.7069849590478616,0.7696824210792188,0.06442230591596655,1.1346303293768616,1.060335567857431,0.1516452886197622,0.6989944312623319,0.6940232694858316
4458,0.7323841517002521,0.7948719810537377,0.0635571838679234,0.7669051493311676,0.8166605638487031,0.08124040300781087,0.759613927394105,0.6753966533505582
4459,0.7708212484928944,0.8219502116061014,0.05558721762371362,0.510803020174761,0.6511951438983877,0.34527742182061577,0.7461311931041831,0.6232324338569369
4460,0.774952579366445,0.844202729783743,0.07070374213696787,0.4297505472830137,0.4702458759810248,0.1628420623804239,0.6918342201292411,0.6595630374841669
4461,0.7966646316484574,0.8522166740652315,0.05607318541648482,0.14533307706422788,0.22334111252978714,0.21242054173318506,0.7435682695433334,0.6100669785336095
4462,0.7796386207188606,0.8676525238291356,0.0889234584026019,0.1759296555278768,0.1732958804174078,0.23233180378332519,0.6651150051278347,0.5687881572227044
4463,0.811211012453021,0.9048900779591191,0.09803412193303031,0.2534667638268686,0.24976286796943847,0.2892250993077702,0.7675445269350436,0.5669754810477242
4464,0.877323198514641,0.9189947374275069,0.041800041767863935,0.06831319725905116,0.4962375105256497,0.5286571052982157,0.7216678971287203,0.5307801310407092
4465,0.8717105354644792,0.8987326172350838,0.0381103824688372,0.14725707849981706,0.27975136001140744,0.16715336257793037,0.6800858775117136,0.583940076683716
4466,0.8835717370962494,0.9378403485813123,0.05891326383235457,0.20036875231308518,0.4783316973506448,0.3668664842623853,0.6516050135564015,0.49676794872724955
4467,0.8839363768469676,0.9864945267444527,0.11028802276545868,0.3578972441535949,0.13403664298248247,0.2281581103708181,0.7093952103319806,0.6158420933395261
4468,0.9083431202273952,1.0632500563084257,0.18195463576992113,0.1628868392862055,0.10261559158064577,0.1408323567126425,0.652599045717837,0.6446598186639121
4469,0.9307363844251144,1.0188898455022548,0.09408573878008715,0.1900176406628093,0.17393352622594707,0.16481355568406328,0.6532121285905714,0.6599696607107406
4470,0.9760774060989196,1.0859510528252634,0.12232823376856948,0.152588604901545,0.11798653269110125,0.19548459233003115,0.7008710505298305,0.6458408810095387
4471,1.0024681282366785,1.0002049555388106,0.009657019892260078,0.2395339443518792,0.18728745995120716,0.06960209251039041,0.7500311840949017,0.6892537466628006
4472,1.0357613157448642,1.0625837799224072,0.049298500614653025,0.1781133708140452,0.2364868180868703,0.06185124802268913,0.6712804205404989,0.6379365077373562
4473,1.0141444461167286,1.02499717299485,0.010883109661890683,0.24173276588513531,0.23012732294370328,0.11455478842590537,0.646564946901722,0.6848135635904092
4474,1.019713625817277,1.065859179309793,0.0590591000763204,0.22277939871249894,0.2522217406522243,0.1307396721798202,0.7321006153514494,0.6408744648018563
4475,1.056535041519453,1.057701360939752,0.01411838454446584,0.32100716226587955,0.29431509425522445,0.14057073518206428,0.6731680380450952,0.6444246180633786
4476,1.0666882341225916,1.1095768137908595,0.06072258593269118,0.29941143536946174,0.30872184816834597,0.11672561599102911,0.6922569498405663,0.6759651022322967
4477,1.0236761619125692,1.0848083011182954,0.06400799347911595,0.21060696524537756,0.19825560360886027,0.07292700247996327,0.6519925910129477,0.6999582522517319
4478,1.000507274681548,1.0638365355262656,0.06350861962293107,0.14766888263427216,0.29094109035567484,0.2679821211071042,0.7318924150427846,0.6623136193886254
4479,0.9973821006038122,1.1412046470409614,0.14601293252853065,0.3209956011958251,0.3389348374846526,0.14626835299106972,0.7076190548710227,0.6966789255697189
4480,1.021317872396097,1.1218360872715316,0.10229995849820728,0.1369385565571487,0.16213524242717384,0.13314987776332388,0.7293768820379422,0.6815652270182622
4481,1.0454662801283185,1.125132624359505,0.08206442028109122,0.22258097377216798,0.282049205040649,0.15421889090536733,0.8466321053780913,0.6830502505312097
4482,1.0587042022106863,1.1465106754085876,0.09003118577560067,0.28327885590158686,0.39090794746318347,0.1169651349571107,0.8540197588754613,0.6716745731536624
4483,1.0336635905335763,1.1564032387803638,0.12672992734421842,0.4032463051421351,0.2617389155452284,0.1522188973445545,0.8242819448439225,0.675380756050223
4484,0.9915691119335405,1.13960802359308,0.14818556598533109,0.26039217251122915,0.19841033131111266,0.19758631537972424,0.8787869184244799,0.7004845267862576
4485,1.0209174265573164,1.143105889208459,0.12220477240773726,0.23857838859262367,0.2995369241521242,0.1491127976917772,0.8093160854390983,0.7369298022398105
4486,1.0400174008216656,1.173188092910556,0.14236564615952604,0.2519385147272405,0.15577583123567973,0.11276399825716221,0.8395711408834388,0.7159338590462477
4487,1.0467869919493609,1.153497962474375,0.1078885890668734,0.20102155157070867,0.26708154917167903,0.1677119153006397,0.8335106221832809,0.7315211598026473
4488,1.0563547572629506,1.171640603385096,0.11678723516071984,0.22826052475787842,0.2357872403968071,0.07107143689960033,0.874838689157749,0.7001044596834389
4489,1.0598030264255545,1.1985114125786458,0.14616856326803299,0.17730109105952466,0.15633435213660946,0.062123386087490864,0.8992580074756649,0.6912441362204031
4490,1.0799450979787908,1.1730489689443704,0.09781726652524916,0.2647990004104124,0.17276287709016874,0.17839917136582203,0.91705043365864,0.7027064054010865
4491,1.1459537062825054,1.1835925442776143,0.04796804057450353,0.2582728906207159,0.40879291093064857,0.25274991608407504,0.885206015705396,0.6905936744050036
4492,1.1245221811122263,1.1737279237312954,0.060555103929597655,0.21930042379803688,0.23355787129104433,0.3533026870583371,0.8528536782382035,0.6885822007362785
4493,1.1244465472661604,1.1484679941379137,0.034864502751143105,0.16482003544090928,0.23570347200777358,0.2318628038074543,0.9099569368544218,0.6859950713812732
4494,1.0794830048475628,1.1880081001939153,0.11578940881910947,0.28411887470240577,0.36999070863357353,0.1798197153009704,0.7884096492342146,0.6956514346487609
4495,1.0494152714353824,1.170850618431907,0.12544013852695604,0.2449794010821846,0.13454458144164422,0.14339710722478768,0.8422206001511506,0.7115944968381459
4496,1.0256141242509587,1.1801161775002327,0.15775896281751284,0.24932582267101075,0.18797076431500953,0.07735363446645793,0.8747301895558497,0.690409257620682
4497,1.0349658018262051,1.1725158230125496,0.13784747314020482,0.16961014974446648,0.14368143675348613,0.09402502869793676,0.8199025195808618,0.7344395356253661
4498,0.9961624758013996,1.2042217627204896,0.2086666351894119,0.3572110567034824,0.31488572412774873,0.2136870095281841,0.8330614437389221,0.7229408387338132
4499,1.070578937479873,1.164879441875334,0.09444736667152549,0.25599875643334385,0.21744068274971126,0.15389692402947647,0.7872287669704066,0.6910102018480266
4500,1.0788272171146311,1.1724560352716282,0.0936485401116013,0.1525678382435618,0.07457033911466186,0.12146295924084134,0.832985285968197,0.6623504435150186
4501,1.07895314082307,1.1789096801949412,0.09995899425067181,0.23955285141327404,0.21762603402111896,0.19084824758135252,0.7431965705184821,0.697833739505197
4502,1.0505789422994376,1.1945552133063373,0.14631607625246912,0.18978498273281647,0.19857371801594773,0.07612551341674259,0.7321394049647998,0.6963855756171357
4503,1.0874755011512738,1.187028196806595,0.10073735666678488,0.28710143281959477,0.2084795224262059,0.10491437700612818,0.775835128321473,0.7056129471892851
4504,1.0649839654404463,1.2136433964913027,0.14945582501599722,0.09738157953647399,0.018521957851377446,0.08451024247758217,0.7754556302881008,0.7056867654976468
4505,1.1308669276561196,1.2284894448674357,0.0993674118802379,0.28682984300156544,0.3844018754430255,0.14866130518571785,0.7736797178745332,0.6794142820024881
4506,1.1298663474698867,1.211204038559008,0.08623319297602958,0.37921018295960174,0.40786378001038026,0.25768763989632726,0.729320314777119,0.6871031878795113
4507,1.1153508806480272,1.2196421396884825,0.10815489654392421,0.173089888453772,0.09275560952785943,0.12461652683810819,0.8067592206736437,0.6428653551961911
4508,1.1321984441045705,1.2390956614207302,0.10924123735980766,0.3781758102166265,0.41925687264141803,0.348723654804985,0.8048584435394031,0.6622258828224203
4509,1.1694405082809765,1.2092705939181456,0.04179470457407735,0.43445994802058513,0.5073750095914263,0.08360630715856705,0.724918205437238,0.6840763268883859
4510,1.1212072813870049,1.2573239587530394,0.1439234985405296,0.43061674829123103,0.38594419202283403,0.12498190758387982,0.8038466096672088,0.6784332704220403
4511,1.1108987423470573,1.2100548559165978,0.09955863339363662,0.2717347219788285,0.1817421062461886,0.14751386732477634,0.8045876108180858,0.7046455762940962
4512,1.088215831138626,1.245704966052853,0.1590884378746622,0.07186628645059755,0.1555392452161961,0.12300847845979501,0.8745079797212805,0.7148545832658941
4513,1.0910666271562512,1.2460735637318836,0.15596065178788882,0.1449165798938514,0.21164609652837715,0.15057999159351895,0.870723079499198,0.7247203621097876
4514,1.1205454465304574,1.22922017569515,0.1146223946081493,0.12951603536695927,0.1253695349550869,0.07155628658624785,0.8588343013322427,0.7502435339789313
4515,1.1296262702783528,1.2319796087047432,0.10300694081836374,0.2149062576319692,0.09807464964279507,0.1246268341450298,0.8540999339342319,0.7505975579015316
4516,1.1246721424934358,1.210542728153121,0.08679122859270774,0.1260511544612269,0.23033688442468703,0.13494784816416858,0.8817327321533508,0.7111223165442289
4517,1.1241363035158425,1.2267649847814759,0.10706511414361734,0.21394045699692169,0.22516895570905854,0.13293211521070053,0.810329584152433,0.7306169273148632
4518,1.1366163885442295,1.208083986477639,0.07221535214643961,0.15993099072186293,0.3148080888334151,0.18198467390049847,0.8793997414603159,0.6903599752221065
4519,1.1187543244150089,1.2202352798958662,0.10458169616291738,0.5708782989761544,0.558088891893843,0.05847004115714845,0.8725842457463212,0.7566701563642259
4520,1.1116375740433058,1.211426801740748,0.10027865208169964,0.12954350406996892,0.21718892681515622,0.09165565851183394,0.9116899820710901,0.7388812857972491
4521,1.1189310321742891,1.2111709607141914,0.09481614839292714,0.2277647483788238,0.22689327045556093,0.10279376737792426,0.8355682330199556,0.735048990833903
4522,1.1254909318364283,1.2054314889086368,0.08434189581211177,0.36702775399475146,0.43508011956451326,0.08361994854007429,0.8623910434783599,0.7218531576319682
4523,1.0917166972534733,1.2112448199120869,0.12027711748323168,0.06401074887865348,0.07344906831066564,0.05334729771085744,0.8714748264233201,0.7460181766458206
4524,1.099397850604565,1.197253886855006,0.10228443936515769,0.3610823727148973,0.49615900527660006,0.2171633790430415,0.7749169674629118,0.6933874298625823
4525,1.0999697914642343,1.1973047494755433,0.09947521623339604,0.3244743033656444,0.3938590196501604,0.11102736213796456,0.818683830575885,0.7101688222885231
4526,1.1094811596995722,1.1915368648680131,0.08908788709051949,0.22633621677082513,0.3711436016798431,0.18379073674396634,0.7500023978890944,0.6333561212419732
4527,1.0963515995433009,1.1780460644157325,0.082097798737182,0.2545260122663425,0.2494376403919213,0.05516452540840005,0.7944079525811415,0.6896172724813591
4528,1.0848716014509423,1.1739884332516126,0.0955489939434183,0.20105772848430403,0.40900807630974256,0.2563697146823964,0.7277632240740689,0.6273307293737189
4529,1.0549298320254872,1.16885652248658,0.12006393715797588,0.15912536624069723,0.37801870541095495,0.2495190286127656,0.7448478723996615,0.6441554691383071
4530,1.0798287176696655,1.1804354434654656,0.11650367004069946,0.3701818558437779,0.641590663768206,0.35837831900139694,0.7093844609663926,0.5129192863689748
4531,1.0706909975426653,1.161795241691144,0.09501921072774178,0.361419086564175,0.4377359418500629,0.11600603321115323,0.7251859150440022,0.6305052107134035
4532,1.0604793084952995,1.1603361808476123,0.1000917558473826,0.25076427223662084,0.19653099480607,0.1139406334190614,0.7038086845365232,0.6608682043296508
4533,1.0663828480208604,1.1762691550947324,0.11201544709352884,0.27479461124000426,0.318844938103601,0.04689384292011192,0.7461924565060478,0.6501149239629085
4534,1.0671146810119299,1.2073124692213502,0.144667902710134,0.40635836286146004,0.4178587743929149,0.024931434309576006,0.7662053106281245,0.6675260723822972
4535,1.0647586786812742,1.1911538005702695,0.12985103998052414,0.3634453156519744,0.41811170364028954,0.10497940328142431,0.6964993676832645,0.67672309494614
4536,1.1043730626225068,1.1556413069352156,0.05642592813977351,0.29735566242533606,0.2848065947448287,0.18927512885901804,0.6554554587308512,0.6661793162977399
4537,1.069065481456654,1.1544759020701112,0.08543652652990107,0.17346447009067492,0.20598607837876165,0.08429353702138814,0.7694831883721431,0.6737875837032926
4538,1.0922303142148642,1.162003439180871,0.0700743548477329,0.2775094850391676,0.2777540385382273,0.139991572768867,0.7078219558264306,0.7086635199762239
4539,1.0700952583492451,1.1613633417196474,0.09291701120509242,0.2628810025151292,0.22296589295581917,0.043130359372814425,0.7340339455870737,0.6854465176495168
4540,1.069999108187981,1.1803345414342417,0.11639637290246801,0.09559224042906171,0.14413705590843248,0.08919125676352205,0.6960828750375315,0.6703898566345912
4541,1.0794141008197184,1.159235385003156,0.08040385405914714,0.2521781005585637,0.061447187202339305,0.19341482835289056,0.8078791015241734,0.6964592016265211
4542,1.0866606309795133,1.1773232496811585,0.09136953618174694,0.1128691378230693,0.12733720254191383,0.04314737341310276,0.8354339300716592,0.6713087678848669
