-0.00001145 0.00001222 0.00000097
0.38954828 0.31037524 0.02936960
0.82118581 0.63984412 0.04206312
1.25236222 1.01618659 0.05458047
1.69732064 1.41828159 0.06265143
2.13033391 1.84783258 0.07312648
2.59047205 2.32819120 0.07423125
3.04958554 2.82604984 0.07378576
3.51314056 3.36100414 0.07091043
4.01906245 3.95283096 0.06460564
4.50143576 4.54774403 0.05317713
4.95774941 5.15545667 0.04072772
5.41181948 5.80456610 0.02605151
5.88885793 6.47771328 0.01851385
6.34799707 7.16966740 0.00096039
6.80824865 7.88478841 -0.00187330
7.25684881 8.60726568 -0.01436274
7.72451979 9.39660895 -0.02997806
8.17549039 10.16563225 -0.03370214
8.63150667 10.97618634 -0.03888639
9.09428409 11.82395883 -0.04294778
9.53818585 12.64749687 -0.04463397
9.97592600 13.50072804 -0.04627300
10.40494628 14.35178954 -0.04620029
10.83679670 15.22160847 -0.04539879
11.26079476 16.09010321 -0.03935413
11.67962446 16.98768138 -0.03186146
12.09985997 17.87939362 -0.02027714
12.52795245 18.81630993 -0.01737891
12.95158766 19.74600791 -0.01847773
13.36914257 20.66409166 -0.02006049
13.77388768 21.60085017 -0.02767272
14.19382268 22.51224142 -0.03053571
14.61862500 23.43575189 -0.03275734
15.04021659 24.36339218 -0.02024682
15.45799355 25.31173204 -0.01410308
15.88123383 26.23489286 -0.00726849
16.30100740 27.18616327 -0.00389116
16.71710121 28.12461261 -0.00098626
17.13609286 29.08699536 0.00777810
17.54936712 30.02820244 0.02947399
17.97046233 31.00930664 0.03706389
18.38974887 31.97384390 0.04437034
18.81590191 32.95915547 0.06701185
19.23113096 33.93400735 0.09008696
19.65849580 34.91426363 0.08578752
20.09341646 35.88991848 0.08259042
20.51457393 36.83740444 0.08236737
20.92411620 37.80985722 0.07125512
21.32979597 38.75668371 0.07356994
21.73141299 39.68013760 0.08597824
22.13489628 40.63775230 0.10298637
22.54015375 41.57319205 0.11444013
22.94082583 42.48738744 0.11798521
23.34425685 43.40868614 0.12605592
23.74289662 44.31991207 0.13468080
24.15231057 45.22943409 0.15213128
24.55570750 46.12126224 0.16316005
24.96087666 47.02111411 0.17311874
25.37087084 47.93372308 0.18659594
25.76909134 48.83579882 0.19897093
26.18864926 49.73700437 0.21070638
26.59982815 50.62607275 0.22453897
27.00245162 51.55927571 0.22399085
27.40276779 52.45721139 0.22363978
27.80328017 53.35699374 0.20981544
28.19129891 54.22791383 0.20411533
28.57428989 55.08632288 0.19691756
28.95875907 55.92653185 0.21298917
29.33041924 56.73817640 0.21911580
29.70147202 57.55890463 0.22542057
30.08098761 58.35179638 0.22776441
30.42725059 59.13225789 0.22952626
30.77543724 59.88903790 0.23597836
31.12608198 60.64252448 0.24374641
31.47560212 61.38667156 0.25187019
31.80781582 62.13104501 0.25907839
32.14215851 62.87066324 0.26692801
32.45776249 63.56897010 0.26242615
32.76928360 64.25254819 0.25340203
33.07696457 64.90754499 0.25170213
33.37649144 65.57133638 0.25274067
33.66700854 66.20585503 0.26097303
33.95186794 66.81400945 0.28375485
34.22873812 67.40782712 0.28938561
34.50222470 67.97248040 0.29956046
34.75840825 68.52995613 0.30609261
35.00662452 69.06118765 0.31378753
35.24635373 69.58648032 0.32237898
35.48748187 70.09622552 0.33023537
35.73111862 70.58453885 0.34758024
35.97203204 71.06377352 0.36547795
36.20351111 71.53004493 0.37276527
36.42664935 71.97685278 0.37938028
36.66064346 72.40954967 0.36854964
36.90324039 72.83687833 0.36368839
37.14868357 73.24547461 0.36860366
37.39428888 73.64397351 0.37689685
37.65063369 74.03202411 0.37892019
37.90999827 74.40388374 0.38076421
38.18698751 74.74637434 0.38014507
38.47372262 75.09084467 0.37915056
38.78407502 75.42282357 0.37529306
39.07850440 75.72729207 0.37375144
39.38972579 76.02010746 0.37696651
39.71177572 76.27974563 0.37280832
40.04031188 76.52945954 0.35536281
40.39068640 76.75178284 0.34714410
40.75136397 76.93683244 0.34543206
41.12081263 77.11327042 0.34089704
41.48810760 77.25868402 0.33768779
41.86259359 77.36725412 0.33481302
42.24540708 77.45017989 0.32946105
42.63401892 77.50635266 0.32227976
43.01445814 77.55435067 0.31418399
43.39132743 77.58478360 0.30889534
43.76713186 77.58167904 0.30041752
44.15217363 77.55788032 0.28728911
44.53802497 77.49602762 0.28632345
44.90537268 77.41791152 0.28580438
45.28862630 77.35606674 0.28407820
45.66463361 77.28408826 0.27717932
46.05075617 77.19233372 0.26711237
46.43028936 77.06749383 0.25586373
46.83326845 76.93550551 0.24868767
47.21223460 76.77744139 0.22867816
47.65268549 76.62848844 0.20651702
48.05033430 76.46167175 0.20273208
48.49271755 76.27956085 0.20687886
48.94281110 76.08556844 0.21520177
49.42074919 75.87397592 0.21044854
49.91539885 75.64250526 0.20364260
50.36924213 75.40461145 0.20243319
50.84690662 75.15951205 0.18996357
51.34495271 74.89626202 0.18414417
51.85348880 74.64452002 0.17245363
52.36652181 74.37063731 0.16394871
52.93031552 74.06930003 0.15721429
53.45831886 73.77013977 0.15554622
54.00913878 73.46691717 0.15140494
54.56493972 73.14741045 0.15899205
55.12461182 72.82079777 0.15472555
55.72942237 72.48026947 0.15837468
56.34191492 72.11900594 0.15533755
56.98353974 71.76546576 0.15817909
57.63060572 71.40246356 0.15841731
58.30476803 71.02950604 0.15645276
58.98360119 70.65875841 0.15193133
59.69456712 70.27966100 0.15462147
60.44131745 69.90733018 0.15551828
61.15718416 69.53548031 0.14632395
61.86536718 69.15850563 0.14407546
62.58347765 68.78518836 0.13755051
63.30289812 68.40448562 0.12968409
64.03847617 68.03750733 0.13066560
64.76671076 67.66848752 0.14535051
65.49526053 67.29322629 0.16189420
66.23842438 66.91798607 0.17570427
66.94937583 66.55288986 0.18831458
67.67487571 66.18116251 0.20261516
68.39734289 65.80920246 0.20942140
69.10355896 65.44131724 0.21983146
69.81676617 65.07484932 0.22568001
70.51359268 64.70307949 0.23435228
71.22521277 64.32325791 0.24411855
71.93262735 63.94754895 0.25141143
72.62150812 63.55135029 0.25730286
73.30926897 63.15350851 0.25663372
73.97707996 62.76680058 0.25394216
74.65350992 62.36692930 0.25877182
75.32863986 61.95906071 0.25899699
75.98885997 61.55595391 0.25887121
76.64524684 61.14548150 0.25532348
77.28728966 60.71511453 0.25969441
77.92964549 60.29001048 0.25234272
78.54672769 59.86512114 0.25237086
79.17627798 59.42819418 0.25767510
79.80643613 58.98396674 0.25604498
80.41829659 58.54599058 0.26489664
81.02060447 58.10298769 0.27299465
81.61360120 57.67304372 0.27888877
82.17820484 57.24977468 0.29089842
82.74575781 56.81723064 0.28864778
83.30142763 56.39759175 0.29508866
83.83872889 55.99219119 0.29327310
84.37698297 55.58091897 0.29507262
84.89809373 55.18363723 0.29855754
85.41150498 54.79363074 0.30148204
85.92066734 54.41828081 0.30659368
86.37773202 54.07622474 0.30729991
86.83546291 53.74567089 0.30837971
87.27988200 53.43200438 0.30775200
87.71853218 53.13417813 0.32083663
88.16353149 52.83794854 0.32851897
88.61656587 52.55467212 0.33031186
89.05943121 52.29274422 0.33290913
89.50024114 52.04198837 0.33715544
89.95297950 51.81612788 0.35159135
90.41425522 51.60321270 0.36252343
90.86874449 51.41614508 0.36809948
91.32870897 51.24132371 0.37488514
91.78603574 51.10205477 0.37329792
92.23977956 50.99071367 0.38424502
92.69183937 50.90403880 0.38854113
93.14555926 50.85653585 0.38204483
93.59274006 50.84716801 0.38024318
94.02371012 50.87383064 0.38053745
94.48921361 50.91543415 0.40459977
94.88968197 50.98236914 0.41111777
95.29654847 51.08792351 0.43059075
95.69478894 51.22093785 0.44966539
96.09553506 51.38916459 0.45923988
96.49238963 51.57862536 0.47009673
96.88558124 51.80259937 0.47876873
97.27135122 52.06785450 0.48436546
97.64086813 52.34586712 0.48903409
98.00318069 52.65422064 0.48100368
98.35712343 52.95907116 0.46486162
98.71699708 53.29204175 0.46101037
99.06670003 53.62566827 0.45851295
99.41525666 53.97889791 0.45679053
99.76871789 54.35923790 0.44540182
100.13119582 54.76175218 0.44028855
100.48565087 55.14645069 0.42583647
100.85890388 55.56708735 0.42824711
101.23790553 55.98874244 0.41906751
101.63931618 56.41463361 0.41008852
102.04464363 56.84385369 0.40274813
102.45137558 57.28513954 0.40373105
102.86874345 57.73355646 0.40309570
103.30857494 58.18772724 0.41622556
103.76333795 58.65783762 0.42178338
104.23209618 59.12316648 0.42832946
104.70262868 59.59511867 0.42743466
105.18847683 60.06772004 0.42878603
105.65874585 60.53331632 0.42790459
106.15256419 61.01564877 0.41868894
106.66448377 61.51722161 0.40830369
107.16680494 62.00803884 0.40432137
107.68771696 62.51877527 0.41795986
108.21103873 63.04136776 0.43134544
108.72348611 63.55915572 0.43317720
109.24767299 64.10420441 0.42672008
109.77836044 64.64826708 0.41084183
110.32180183 65.20481407 0.40058245
110.87638502 65.78095607 0.40151889
111.43154968 66.35885680 0.40654952
111.99322242 66.95090128 0.41463571
112.55842630 67.54950406 0.40553064
113.14051213 68.18026108 0.39927721
113.70930495 68.80217079 0.39873838
114.28257930 69.41543426 0.39592689
114.85236533 70.03630759 0.39232109
115.42594938 70.64909327 0.39176639
116.01323376 71.30960438 0.38653702
116.60500193 71.96669044 0.38888346
117.19767922 72.58298647 0.38987433
117.79238326 73.20934795 0.37852728
118.39229402 73.82269691 0.37978235
118.99581430 74.43583436 0.38271009
119.59598139 75.05043371 0.38484083
120.18367699 75.65388136 0.39179755
120.78309653 76.26447266 0.39886749
121.38150367 76.87301837 0.40235441
121.99002473 77.48158981 0.39042735
122.59627926 78.07923799 0.37422445
123.21012395 78.67291083 0.36981006
123.81244252 79.28490994 0.38317709
124.41440950 79.88358455 0.41271587
125.01724524 80.49708706 0.44132799
125.59850907 81.09036857 0.43317551
126.17824485 81.68692967 0.40625777
126.75708911 82.26699169 0.38032954
127.34245826 82.85034265 0.38507784
127.92108512 83.44770444 0.39792208
128.49500094 84.03177385 0.40207749
129.06419241 84.61227314 0.40673328
129.61550543 85.19804428 0.41556020
130.16621324 85.78130948 0.41166207
130.72222609 86.37507513 0.41521765
131.28305434 86.97044226 0.42174761
131.83836142 87.55652210 0.42124590
132.38949236 88.14285319 0.42059365
132.94625187 88.72623625 0.41384753
133.48590845 89.31690730 0.41653532
134.02734837 89.91680076 0.41482587
134.57353101 90.52273676 0.42241994
135.11129466 91.13414391 0.43124874
135.64512340 91.75488561 0.42343893
136.17709964 92.38091626 0.40106989
136.71863896 92.99604294 0.37652871
137.25136101 93.60974189 0.35487217
137.78261241 94.23188534 0.33366810
138.28965918 94.85910000 0.33659342
138.79318731 95.49620809 0.33221537
139.28425107 96.11816209 0.32674722
139.78902603 96.76391478 0.32557472
140.29514386 97.41071902 0.33193725
140.78818404 98.05661571 0.34701473
141.27356482 98.73343545 0.35252907
141.76374990 99.39380442 0.34614119
142.24817889 100.05866257 0.34846587
142.72083486 100.73429323 0.34599087
143.20027090 101.43337099 0.33751647
143.66992558 102.11837412 0.32592968
144.13459883 102.79683646 0.31100627
144.59660795 103.47578263 0.31068648
145.06197946 104.18138403 0.31352964
145.52713108 104.89653542 0.32166943
145.98400608 105.58266777 0.30792801
146.44489692 106.26819834 0.29376455
146.90833829 106.96232049 0.27255386
147.35138482 107.65640642 0.26082367
147.79539663 108.36734054 0.26275069
148.24529592 109.07507297 0.26505560
148.68459900 109.77266054 0.25452682
149.11093782 110.46531303 0.25130213
149.53844910 111.17330486 0.23691575
149.96237418 111.88387718 0.21291187
150.39214491 112.60476152 0.20394900
150.81175031 113.34617646 0.20933390
151.21965311 114.10445862 0.21472320
151.61553900 114.81593563 0.22116916
152.00897127 115.56387422 0.21359697
152.40019151 116.30565350 0.19725526
152.77730231 117.04094015 0.17484272
153.16093125 117.79080379 0.16157892
153.56391663 118.52518601 0.16024208
153.95009812 119.29532815 0.16850686
154.33700734 120.04111679 0.16922771
154.72626289 120.79563472 0.15616842
155.11813508 121.54730948 0.13470624
155.51178003 122.28720232 0.11337095
155.90671406 123.02468266 0.10072970
156.29486730 123.77748666 0.10417855
156.67009125 124.51941018 0.11621318
157.05574617 125.25289960 0.11855245
157.44418288 125.98958460 0.10922869
157.80992898 126.69231814 0.09458369
158.17277077 127.41178877 0.08094733
158.52789926 128.13713533 0.07994328
158.88444018 128.85410315 0.08155824
159.25826678 129.58511017 0.07751374
159.59341753 130.27512091 0.07391969
159.97762896 131.00505612 0.05187551
160.32967285 131.72073011 0.03967595
160.67426267 132.45464220 0.02870203
161.02752142 133.17824403 0.01581887
161.37830705 133.89236239 0.01694817
161.71794712 134.57337552 0.00204579
162.05083421 135.23312923 -0.01811772
162.37249453 135.85794992 -0.03711795
162.69406977 136.50820864 -0.04231659
162.99984140 137.14430821 -0.04951267
163.30326440 137.76569916 -0.05290883
163.60096860 138.36562155 -0.06183281
163.89074317 138.95703095 -0.05845640
164.17931877 139.55284757 -0.05471026
164.47045710 140.13734367 -0.04454707
164.77214772 140.71641055 -0.04984100
165.06926718 141.31370179 -0.04904356
165.36755929 141.87837716 -0.05398095
165.66072916 142.43681584 -0.06076087
165.96212418 142.96788667 -0.05254894
166.27001988 143.53068550 -0.03735335
166.58456830 144.09162484 -0.01761552
166.89991707 144.63780322 0.00072159
167.21534223 145.17133405 0.00524705
167.53717830 145.73959508 0.00895173
167.85831568 146.28516470 0.01353024
168.17475473 146.84242059 0.02005835
168.49553206 147.39683115 0.03309951
168.80796884 147.93168732 0.03456455
169.12098368 148.48938956 0.02841502
169.43573090 149.03743517 0.02360444
169.74645867 149.58379116 0.02053331
170.06337324 150.11075731 0.03120117
170.37429815 150.69036958 0.03982033
170.70234206 151.25800323 0.05971067
171.02529952 151.82852615 0.07583115
171.34528756 152.40186706 0.08020950
171.65558290 152.98893571 0.07397593
171.96828371 153.57418821 0.05270849
172.29818423 154.14867929 0.04028935
172.63050358 154.74772701 0.04013142
172.95313443 155.34736555 0.04912887
173.27317462 155.94249547 0.05594171
173.58090183 156.53663159 0.05160818
173.90190480 157.13118156 0.03604042
174.23769090 157.73100672 0.02970319
174.56759491 158.34055817 0.02308685
174.88936116 158.93456898 0.02095216
175.21942775 159.53878361 0.02079657
175.53448340 160.11810601 0.01714273
175.83709384 160.68121681 -0.00067117
176.14667096 161.26771951 -0.00596239
176.44181719 161.84162724 -0.01595705
176.74251497 162.42995242 -0.01899147
177.03675201 163.01729063 -0.01305196
177.32917256 163.56255734 -0.00457969
177.61806402 164.10842964 0.00330256
177.88518307 164.63668374 0.00764462
178.14151876 165.17061659 0.00257918
178.40708985 165.65574977 0.00788739
178.66330601 166.15468813 0.00682152
178.90040222 166.63379515 0.00874193
179.12264677 167.09445788 0.00147411
179.33597692 167.58134214 0.00194712
179.53785939 168.03197872 -0.00136950
179.72275827 168.49488352 0.00204166
179.90433475 168.92431514 0.00575274
180.07645818 169.37588710 0.01139844
180.23411649 169.83324132 0.01360073
180.35381395 170.27860836 0.00401041
180.46373618 170.71729900 -0.00147425
180.56034444 171.16624066 -0.00317317
180.63421649 171.60148266 -0.00247489
180.67749144 172.03027351 0.00328006
180.69498373 172.45115324 0.00358788
180.70418266 172.86463803 0.00592267
180.68962615 173.28220962 0.00923511
180.66703810 173.71073675 0.00604575
180.59898496 174.12072783 0.00657853
180.50811852 174.53760167 0.01899124
180.38607292 174.90835913 0.01345083
180.24090020 175.25554399 -0.00115211
180.08680863 175.57112239 -0.00329187
179.92656291 175.89741454 -0.00253221
179.75887487 176.20018654 -0.01320127
179.57092079 176.49393169 -0.03601343
179.34273236 176.80313014 -0.04629549
179.08441069 177.10364008 -0.06414348
178.80117238 177.41481966 -0.07587283
178.48494734 177.73353962 -0.08205559
178.15294546 177.99133517 -0.08759306
177.78493227 178.30157254 -0.09101184
177.38627603 178.61247334 -0.10084564
176.97026273 178.89261470 -0.11907886
176.53194947 179.16233200 -0.12852305
176.09131281 179.42058381 -0.14194250
175.62934723 179.66557674 -0.15563015
175.15592152 179.91901260 -0.17977346
174.65500377 180.16604831 -0.18881971
174.13412454 180.41626053 -0.19589749
173.62820558 180.65142582 -0.20013012
173.09225412 180.91176915 -0.20772782
172.53430471 181.16231198 -0.21849569
171.96654142 181.43006748 -0.22722272
171.37348770 181.70022307 -0.23396443
170.75703058 182.02102368 -0.23195048
170.12536653 182.33856677 -0.23432252
169.47702157 182.64680561 -0.23740843
168.82965875 182.94799857 -0.23082467
168.14974836 183.28211330 -0.23752903
167.43414369 183.66332900 -0.24426447
166.69889151 184.07099496 -0.25912832
165.96299975 184.46433751 -0.26113058
165.18673638 184.92976768 -0.27275649
164.43161811 185.36501603 -0.27807302
163.64586730 185.85304262 -0.29321530
162.89023361 186.27342264 -0.29980094
162.12856962 186.68760778 -0.29043830
161.34790309 187.12092225 -0.29149503
160.56597607 187.54444185 -0.30298622
159.79956488 187.94901024 -0.31598039
158.99952579 188.38785358 -0.31298211
158.18599440 188.82524135 -0.31250649
157.39695948 189.24857040 -0.31195439
156.59499462 189.70928156 -0.31270648
155.80729956 190.11195765 -0.32333307
155.02296631 190.50334415 -0.33487168
154.23645076 190.91422609 -0.34566998
153.44147197 191.31997351 -0.34985170
152.66586094 191.70806038 -0.35080908
151.87507838 192.11213323 -0.35903744
151.09115067 192.49055691 -0.36591234
150.29674410 192.89417771 -0.36663854
149.53799569 193.27137760 -0.36164832
148.78559922 193.65912971 -0.35465663
148.05769501 194.02936219 -0.35475048
147.30296078 194.42453213 -0.34384280
146.54843991 194.83419399 -0.33665257
145.80140219 195.23948691 -0.33048344
145.08039985 195.62229811 -0.32893263
144.35022423 195.99529673 -0.33538654
143.62870378 196.37563675 -0.33604889
142.90698105 196.75842884 -0.32809716
142.17699316 197.13544856 -0.32304587
141.45141002 197.51109409 -0.32479351
140.73304411 197.88078536 -0.32193762
140.01971796 198.24741069 -0.32112042
139.31320509 198.60307883 -0.33019430
138.61687228 198.95318456 -0.32813908
137.91316760 199.31250631 -0.32644078
137.19898883 199.67351569 -0.32135122
136.50121744 200.00869278 -0.32403852
135.79153421 200.36819311 -0.32221957
135.07882679 200.70274938 -0.31031840
134.38539865 201.01749886 -0.32261150
133.68924416 201.34344201 -0.33201650
132.99320924 201.66411626 -0.34413065
132.29355234 202.00195706 -0.35105789
131.60826657 202.32485386 -0.35769869
130.95297713 202.64020936 -0.36160223
130.30621899 202.95431654 -0.36854725
129.66895026 203.25649147 -0.37182432
129.05285465 203.56259470 -0.37409275
128.44868017 203.85992123 -0.37530662
127.84957035 204.15792163 -0.37876975
127.27235914 204.44456773 -0.38340531
126.69676851 204.72292643 -0.38693525
126.13712790 204.99999477 -0.39450681
125.59088242 205.27449775 -0.39819473
125.06470525 205.53602850 -0.39914904
124.55242519 205.79424733 -0.39179495
124.04923713 206.05399184 -0.39268071
123.57490186 206.29329150 -0.39686265
123.11612269 206.54422551 -0.40204219
122.67170771 206.78055565 -0.40809076
122.24420554 207.00965523 -0.40362754
121.82291102 207.23755534 -0.40058117
121.42061056 207.45537104 -0.39929832
121.04113472 207.66862945 -0.39648393
120.67173293 207.88150824 -0.40023696
120.31347694 208.08179569 -0.39923899
119.97691538 208.28193827 -0.40297234
119.66970243 208.47662275 -0.40096927
119.38967096 208.67311506 -0.40134119
119.10485500 208.86309161 -0.39915115
118.85681691 209.02264897 -0.40078870
118.61891912 209.18140466 -0.40674495
118.40143878 209.32241720 -0.40819141
118.21521732 209.45507831 -0.41353014
118.03078801 209.57697910 -0.41714405
117.86278240 209.67715537 -0.41476146
117.72895394 209.75342189 -0.41451143
117.60750876 209.81978623 -0.41685148
117.52414446 209.85178838 -0.41181294
117.47246499 209.88557568 -0.40978364
117.42721333 209.91061192 -0.40539407
117.38447930 209.93376018 -0.40206064
117.33775423 209.96253245 -0.40259802
117.30642035 209.97233835 -0.40116469
117.27843142 209.98083144 -0.39816536
117.26047685 209.98827849 -0.39589070
117.24782726 209.98912184 -0.39759292
117.23908714 209.98220305 -0.39908501
117.22928934 209.98070779 -0.39585034
117.21614414 209.98792693 -0.39380547
117.20223107 209.99630321 -0.39466845
117.18836929 210.00079322 -0.39335805
117.16932066 210.00534372 -0.39088108
117.14185780 210.01047611 -0.38939462
117.11543623 210.02063786 -0.38678272
117.08316947 210.03229670 -0.38611629
117.04938348 210.04387380 -0.38385362
117.00596685 210.05385550 -0.38612904
116.96772534 210.06960781 -0.38861391
116.92999535 210.08629174 -0.39177469
116.89043911 210.10597512 -0.40025275
116.82617598 210.14260745 -0.39923029
116.74703505 210.16861883 -0.39984352
116.64714192 210.22120959 -0.39683541
116.53879875 210.28672876 -0.38278196
116.40739235 210.36155474 -0.37872302
116.26164635 210.44790660 -0.37035583
116.10676998 210.54263414 -0.37089198
115.92145077 210.64994161 -0.36774487
115.72654925 210.76963959 -0.37248905
115.51850151 210.90399503 -0.37423185
115.30560800 211.05444469 -0.36862207
115.07351421 211.21775243 -0.36851399
114.83797728 211.38349115 -0.37337914
114.60911509 211.57788976 -0.37462605
114.37520642 211.78161714 -0.37627730
114.13780165 211.99752382 -0.37684716
113.89851161 212.21547657 -0.37579136
113.66222004 212.45161532 -0.37114079
113.42794817 212.71318562 -0.36593855
113.19142005 212.96972420 -0.36831068
112.95045219 213.25012399 -0.36980230
112.75075229 213.55099560 -0.37878466
112.56840430 213.86507111 -0.38699347
112.39520566 214.19183482 -0.39517736
112.22306563 214.54591547 -0.40823690
112.07175501 214.91457900 -0.43044956
111.93969435 215.31937117 -0.45618355
111.83486284 215.73818921 -0.47111099
111.75278097 216.18758747 -0.48406748
111.68929320 216.67229877 -0.48862877
111.66726929 217.18161512 -0.49055622
111.67703846 217.70770358 -0.49934568
111.72285162 218.20029573 -0.50760787
111.80327308 218.73168589 -0.52414864
111.90269461 219.26926087 -0.53133459
112.03998015 219.82176060 -0.53774398
112.21155557 220.38040665 -0.54032467
112.40202069 220.98408474 -0.54865129
112.62722855 221.58574945 -0.55599096
112.87915196 222.17137462 -0.56039658
113.14501612 222.74881825 -0.56074447
113.42915852 223.34049434 -0.56042581
113.73194542 223.93390821 -0.56730049
114.05423757 224.53549514 -0.56717762
114.38051524 225.14286730 -0.57139312
114.71902321 225.78822971 -0.58131042
115.07260574 226.45193832 -0.58917587
115.43710475 227.09158507 -0.59381309
115.81134411 227.76013709 -0.59244026
116.19359672 228.43543681 -0.59549393
116.57911228 229.11922812 -0.60729221
116.97845273 229.82519759 -0.60707089
117.38070198 230.51640673 -0.61610795
117.78124237 231.22929759 -0.62997230
118.19504718 231.97726611 -0.64137002
118.61038979 232.78060701 -0.65942215
119.03356165 233.54081886 -0.65853617
119.47034976 234.30320411 -0.65108654
119.91061330 235.07139292 -0.65469907
120.36545922 235.85284920 -0.66431287
120.81946952 236.63578454 -0.69252596
121.27482367 237.43550431 -0.72416773
121.73128095 238.23115649 -0.74168936
122.19661694 239.05813313 -0.75294167
122.66278716 239.92784241 -0.75520294
123.13810726 240.80957179 -0.75656191
123.62963917 241.67722205 -0.75774184
124.11756994 242.55323416 -0.76549248
124.61396325 243.42132636 -0.78363297
125.11788566 244.32233925 -0.80671178
125.62777361 245.22567954 -0.82250208
126.14385540 246.12029594 -0.83591018
126.66291006 247.04110809 -0.84658655
127.18222686 247.98245122 -0.85048560
127.69924951 248.96139460 -0.85253966
128.21396609 249.89312104 -0.86254816
128.73350490 250.81067128 -0.87584983
129.25167846 251.75725894 -0.88677600
129.76184632 252.69072131 -0.88161082
130.27297411 253.63543669 -0.86733024
130.77992258 254.56304490 -0.85847048
131.28592029 255.49771229 -0.85221591
131.79003686 256.45821508 -0.85718937
132.29493169 257.38681388 -0.87242252
132.79420884 258.39677298 -0.89691392
133.30815678 259.32376218 -0.90464333
133.80625519 260.26860133 -0.92578146
134.29782421 261.19908061 -0.94052860
134.78750418 262.11846261 -0.94614358
135.27416258 263.04069096 -0.96226581
135.76246744 263.97399368 -0.96253988
136.26653414 264.86560615 -0.96551618
136.75591766 265.77122843 -0.98032913
137.24049718 266.68485312 -0.98919084
137.73068316 267.59943304 -0.99882469
138.21583688 268.53159471 -1.01740567
138.69738179 269.43053447 -1.04197285
139.17570189 270.35424130 -1.05974932
139.66255323 271.26181037 -1.07690735
140.15132430 272.19784355 -1.08404021
140.63244568 273.13205512 -1.10229850
141.12699033 274.06757103 -1.11080202
141.62269699 274.96717999 -1.11462979
142.11540576 275.89273563 -1.11792454
142.60485908 276.82761943 -1.12828259
143.10031518 277.77557119 -1.14120266
143.60751762 278.70224044 -1.15564445
144.10706695 279.65189734 -1.16595810
144.62795146 280.60581017 -1.17672044
145.13251583 281.55476548 -1.19338223
145.64147733 282.50201880 -1.20763517
146.14873335 283.46455083 -1.22216452
146.65635396 284.41019172 -1.23742086
147.16452987 285.35076679 -1.25448027
147.68296408 286.33261246 -1.25979992
148.20846311 287.31506886 -1.25937692
148.74953900 288.29520169 -1.26634735
149.28479687 289.25627626 -1.27261837
149.80254391 290.22993583 -1.28081670
150.31709822 291.16998068 -1.29206504
150.83551250 292.11015224 -1.30273241
151.35772678 293.06108320 -1.31588285
151.88113015 294.00735546 -1.32000423
152.40446599 294.94952465 -1.32505660
152.90997199 295.87737412 -1.31852158
153.42071015 296.80227799 -1.31571259
153.93988578 297.73495430 -1.31789268
154.44909978 298.65958981 -1.31560747
154.95927311 299.57528322 -1.32157231
155.45865934 300.49106570 -1.32568432
155.95210503 301.39856833 -1.32073843
156.43936187 302.30159626 -1.31893901
156.92874498 303.20469182 -1.31103914
157.41983940 304.10608858 -1.31168120
157.89334608 304.98582405 -1.31934575
158.35729504 305.85447295 -1.32456481
158.80688167 306.71939694 -1.32255580
159.24654757 307.59055881 -1.33244690
159.67762080 308.43433880 -1.32729327
160.11071907 309.27927046 -1.31325559
160.54225350 310.12597323 -1.29351976
160.98068687 310.97267554 -1.27071365
161.41048007 311.79996157 -1.23782656
161.83778156 312.62412195 -1.22135855
162.25631857 313.41914255 -1.21488135
162.66135854 314.18655729 -1.20432361
163.04329031 314.94843369 -1.19131073
163.42056113 315.68103803 -1.17981481
163.80258112 316.39937890 -1.16200866
164.18716988 317.10526160 -1.14218266
164.55850407 317.78670360 -1.12519341
164.91482786 318.44389108 -1.10695743
165.26570077 319.09049962 -1.08724104
165.59748805 319.72919158 -1.07598471
165.92469044 320.33733683 -1.06072433
166.24432204 320.92677763 -1.03283562
166.55393652 321.50018185 -1.01855950
166.85763722 322.04371681 -1.01415990
167.14896450 322.58642296 -1.00301489
167.40895521 323.08876686 -0.99548986
167.66950897 323.58784900 -0.99667214
167.92118515 324.04572211 -1.00885902
168.16373391 324.52405146 -1.00095826
168.38980527 324.98243091 -0.99773660
168.58912932 325.39482436 -0.99866543
168.76453594 325.80372056 -0.99334017
168.94218163 326.20960008 -0.97136435
169.08589759 326.60391265 -0.95459545
169.25496679 327.03473151 -0.91668131
169.41056577 327.44892613 -0.86855791
169.54579673 327.89306937 -0.81983418
169.63721534 328.29744601 -0.77964256
169.71567750 328.70485887 -0.74791384
169.78954790 329.12998958 -0.69332578
169.82789918 329.52590428 -0.65615186
169.86434880 329.94115120 -0.60391603
169.87012859 330.34945724 -0.54946876
169.84483231 330.72683207 -0.49914826
169.79642220 331.10763675 -0.45563731
169.73473409 331.50885215 -0.40875019
169.65313533 331.90842658 -0.35739825
169.55656896 332.29661118 -0.29807180
169.42384943 332.69433373 -0.23530515
169.26763467 333.10623372 -0.17480511
169.08501697 333.52334296 -0.12198406
168.86609843 333.92902057 -0.06964320
168.59398656 334.32711057 -0.01820729
168.26568225 334.71668912 -0.00006785
167.95819989 335.09086886 0.02452353
167.62364873 335.43888496 0.05039274
167.20259637 335.75706681 0.06106464
166.79533071 336.03701900 0.05501970
166.31960643 336.32974820 0.02224363
165.84902192 336.63866393 0.00161588
165.35176104 336.93565091 -0.05459023
164.85437143 337.24201880 -0.09661971
164.32171868 337.54810686 -0.14383976
163.77173376 337.85781244 -0.22117001
163.20516813 338.15059711 -0.31459109
162.61790468 338.45910799 -0.40528516
161.97906831 338.77260412 -0.51162632
161.33978735 339.06854180 -0.60828665
160.67704207 339.35486526 -0.70800950
160.00484887 339.64067774 -0.78435782
159.30262002 339.94048391 -0.86617099
158.62158931 340.21737783 -0.95576289
157.91722012 340.50403224 -1.05040009
157.19390877 340.79849472 -1.14414269
156.45639042 341.12474340 -1.22346321
155.69062776 341.46326613 -1.30396366
154.88931500 341.81678124 -1.38280346
154.06310575 342.18579214 -1.45902996
153.29656206 342.54048593 -1.51432984
152.47854697 342.92293719 -1.58834174
151.65419475 343.31694466 -1.65150355
150.79417930 343.73418992 -1.70974508
149.90131267 344.14818016 -1.76920010
149.05353514 344.53975356 -1.82213229
148.21902211 344.93524070 -1.86651819
147.40266472 345.31486872 -1.91878489
146.58091784 345.69859195 -1.95397042
145.76208578 346.09120024 -1.99424396
144.93953942 346.49228882 -2.02409394
144.11213184 346.88795535 -2.05826649
143.27338820 347.27802152 -2.09224190
142.44145359 347.67746678 -2.11718095
141.61497625 348.08237854 -2.13921593
140.79263777 348.48781035 -2.17961939
139.98583121 348.88956471 -2.22012903
139.17806266 349.28864616 -2.25791403
138.36504866 349.70141576 -2.28587715
137.52046477 350.13661679 -2.31320951
136.69761287 350.57847089 -2.32671323
135.86588464 351.02404302 -2.32985589
135.04851547 351.47858899 -2.34151208
134.20007014 351.92944801 -2.35075735
133.38733839 352.36773642 -2.38408382
132.61078396 352.79699708 -2.41381466
131.85544859 353.24195864 -2.42834883
131.08024371 353.68117109 -2.43381314
130.29746000 354.12672102 -2.44388654
129.51551604 354.59323790 -2.46471452
128.74421488 355.04131656 -2.48538301
127.98066707 355.50033620 -2.49537337
127.22472942 355.95650634 -2.51092669
126.47405538 356.42050301 -2.50337109
125.71779411 356.87079344 -2.49724990
124.95688933 357.32727484 -2.49342420
124.18149071 357.78022950 -2.48647759
123.44062674 358.22479289 -2.47281065
122.69798187 358.66610073 -2.46047402
121.97593253 359.09765893 -2.43545353
121.23837241 359.52566669 -2.41552824
120.50949196 359.95112077 -2.39356042
119.78052352 360.38208366 -2.36687277
119.07127178 360.79443886 -2.33790887
118.36031978 361.20044771 -2.29544610
117.65169976 361.61260394 -2.26397169
116.92724051 362.03464618 -2.22978341
116.22216214 362.44812822 -2.18683386
115.52510100 362.84136612 -2.14542038
114.85681248 363.22547008 -2.10328731
114.21423209 363.60423714 -2.05673593
113.56593743 363.99697521 -2.01373977
112.93303972 364.35251634 -1.96264437
112.33352577 364.69970317 -1.91439062
111.72570065 365.04446874 -1.87238708
111.13327092 365.38371092 -1.82967607
110.56086674 365.70522469 -1.78555124
110.00050357 366.02531950 -1.74505449
109.45873817 366.32787627 -1.71529786
108.95765850 366.61932178 -1.68520506
108.48018942 366.89357216 -1.65910741
108.02191728 367.16973048 -1.63137055
107.54587327 367.44913041 -1.60500645
107.09849417 367.71270451 -1.58411701
106.63533481 367.98605572 -1.55918708
106.21097569 368.24260376 -1.54038813
105.77853055 368.48945656 -1.51028919
105.33751833 368.73230449 -1.48470073
104.89251428 368.99468898 -1.45447697
104.43926169 369.24698112 -1.41797738
103.99567347 369.50860548 -1.38442932
103.55335689 369.77032640 -1.35043053
103.08666873 370.04820194 -1.30363045
102.63914200 370.30573355 -1.25770450
102.19075104 370.56055598 -1.21343117
101.72635408 370.82555993 -1.15666519
101.24696262 371.09085149 -1.09119988
100.76395982 371.36015063 -1.00679170
100.26324352 371.64049230 -0.91983892
99.76403223 371.90612632 -0.82576264
99.24692679 372.18402882 -0.72908719
98.69208586 372.47921620 -0.62299684
98.15642204 372.75802671 -0.51346312
97.58298055 373.05737836 -0.39097008
96.99606741 373.34452441 -0.25624183
96.34805708 373.64068570 -0.09649514
95.71678803 373.94743363 0.07258819
95.04386429 374.23928916 0.25569517
94.30860842 374.55337428 0.45620314
93.53205218 374.87753543 0.62651010
92.74891737 375.22966034 0.80906406
91.90154231 375.56965349 0.98530134
91.06317911 375.88812895 1.19300829
90.17506541 376.21930948 1.38259963
89.27745248 376.56960831 1.56789031
88.39890729 376.92302403 1.71623725
87.49082242 377.31416896 1.85116130
86.57903434 377.69852025 1.97953645
85.68839675 378.07128299 2.10404026
84.79956150 378.44484671 2.21234436
83.86436504 378.82051086 2.29504228
82.92416522 379.22494435 2.35647624
81.97727630 379.63642004 2.38900833
81.06025234 380.04243521 2.42387755
80.17633547 380.42593135 2.45265421
79.28967465 380.82094652 2.48462856
78.39467921 381.21454349 2.50181704
77.50340682 381.62501445 2.50789645
76.62146055 382.04163438 2.50652175
75.75113605 382.44739208 2.50322227
74.89177620 382.86637544 2.50390846
74.01237164 383.31127128 2.51466938
73.15285073 383.72867274 2.50982674
72.26357284 384.16715308 2.50202781
71.38372556 384.59882648 2.47754731
70.50761287 385.04637215 2.45284042
69.65414214 385.49162901 2.42558847
68.80521586 385.93637434 2.38642347
67.95139261 386.39792367 2.36523560
67.08463345 386.84786918 2.34032641
66.22579952 387.29004757 2.31651971
65.40031713 387.72502090 2.28274258
64.56526149 388.17749335 2.23887702
63.74140786 388.62102083 2.20587448
62.88166003 389.09246070 2.15886955
62.04600983 389.54538468 2.10911070
61.21029980 389.99066664 2.05848242
60.38535486 390.42422185 2.02044388
59.55879330 390.85480005 1.97645724
58.71091391 391.28017654 1.93446973
57.86712076 391.72627323 1.88752998
57.01600037 392.18859516 1.83257764
56.19254611 392.64110999 1.79686423
55.36618257 393.08819777 1.74457014
54.54407695 393.52231702 1.69371936
53.76089917 393.94113965 1.64532101
52.97457238 394.36492472 1.60347479
52.17388584 394.79509112 1.54548853
51.35356615 395.23517104 1.47242757
50.54713419 395.66971627 1.40648959
49.75087281 396.11752121 1.34896957
48.92708917 396.57045103 1.28747995
48.11936629 397.02183913 1.21772566
47.33610048 397.45256303 1.15681284
46.57003722 397.88253398 1.09874185
45.81553480 398.29251023 1.04094348
45.07766353 398.69494787 0.98669158
44.35391740 399.09361189 0.91836275
43.65293153 399.48401080 0.86104280
42.92968020 399.88676384 0.80055427
42.24102133 400.27797021 0.72497292
41.58397866 400.66121133 0.65312715
40.92715647 401.03861104 0.57902954
40.28482838 401.39422803 0.50198125
39.64951811 401.76178641 0.43056187
39.02094946 402.14316886 0.35051047
38.43422232 402.49153810 0.27862747
37.86780682 402.82263629 0.19977358
37.29430178 403.14706339 0.12374881
36.75007638 403.43856070 0.06400131
36.23086803 403.72971174 0.00399873
35.69619432 404.03220103 -0.06204269
35.18434812 404.33773898 -0.13917876
34.67561802 404.63553452 -0.21533599
34.16856759 404.91661192 -0.28310087
33.70177861 405.18295295 -0.36109357
33.20208964 405.46090797 -0.43763413
32.70325591 405.72815635 -0.50878643
32.21512499 405.99014803 -0.58022057
31.72137351 406.22121187 -0.63763566
31.24984579 406.44198064 -0.69498473
30.78052804 406.64403040 -0.74011302
30.29843328 406.82894451 -0.78803503
29.81496988 406.99732470 -0.80841589
29.32692672 407.13175866 -0.82939041
28.85212710 407.24646462 -0.84452261
28.37992901 407.34540500 -0.86773912
27.88744031 407.40808766 -0.86094358
27.39734220 407.45071738 -0.85951746
26.91479025 407.42979228 -0.82871112
26.44978160 407.37710687 -0.80211673
26.00573276 407.30481527 -0.78097243
25.54387244 407.17468964 -0.74432213
25.06655131 407.01986670 -0.70733488
24.62625477 406.80444471 -0.67477322
24.18090349 406.56598425 -0.63110006
23.73305941 406.30172500 -0.58814577
23.29097986 405.99579200 -0.54320483
22.85624230 405.64912411 -0.49551119
22.43999481 405.26767904 -0.46342812
22.03918072 404.85135525 -0.42648981
21.66856547 404.39021783 -0.40424135
21.30025357 403.89751579 -0.37769643
20.94140070 403.38886770 -0.35663056
20.58454021 402.85271428 -0.33661882
20.22107176 402.29666954 -0.30913792
19.86681764 401.73866225 -0.29407318
19.51059462 401.16466478 -0.28711086
19.15869254 400.56743640 -0.27944183
18.82636495 399.96536691 -0.25695162
18.49368826 399.34500488 -0.24158089
18.16267989 398.72341845 -0.22052050
17.82704650 398.07484756 -0.19974863
17.49286268 397.38138342 -0.17707492
17.15082345 396.69880245 -0.15868578
16.82171834 396.02141284 -0.14852621
16.47687119 395.32464273 -0.12802609
16.12971427 394.59850543 -0.10888408
15.78501717 393.84797904 -0.08860548
15.43927983 393.09740035 -0.07896466
15.08682868 392.34072171 -0.07502974
14.73454383 391.57238987 -0.07381412
14.37511271 390.78159528 -0.07367342
14.02351284 390.00806854 -0.07677927
13.64580637 389.17800973 -0.07213559
13.25751411 388.35152037 -0.05964810
12.88950794 387.51706059 -0.05603830
12.51781326 386.69902554 -0.04986110
12.14253072 385.88278175 -0.04592317
11.74039153 385.00741928 -0.03044196
11.32520973 384.11107473 -0.02874687
10.93136916 383.24931830 -0.01673558
10.52742945 382.38056657 -0.01144051
10.09897021 381.49473445 -0.01598172
9.69304865 380.64708566 -0.03093467
9.27720374 379.78174036 -0.05330614
8.87606785 378.95135964 -0.06862949
8.46387616 378.09926329 -0.07972625
8.04462944 377.26076222 -0.09471768
7.62563123 376.42803655 -0.10749287
7.22142084 375.60054670 -0.11999660
6.81087395 374.77203901 -0.13141167
6.39904827 373.94075981 -0.14237023
6.00004198 373.10077978 -0.15886826
5.59340149 372.26615218 -0.16405335
5.17019051 371.41867803 -0.17196136
4.74489617 370.57125861 -0.18750203
4.29192479 369.71198772 -0.20490830
3.84289910 368.87126735 -0.20671198
3.39726821 368.02902947 -0.23140905
2.95622601 367.19344945 -0.24798501
2.50502068 366.34546349 -0.25453774
2.06657224 365.50947277 -0.26173397
1.62919852 364.67815362 -0.28318444
1.19374663 363.84415724 -0.31177142
0.76441355 363.02496566 -0.33591232
0.33001109 362.18125263 -0.34309073
-0.10700075 361.33885305 -0.35407007
-0.53401682 360.52061368 -0.35764510
-0.96128077 359.69406350 -0.36611317
-1.39107549 358.85342925 -0.38271742
-1.81991850 358.03286685 -0.39076371
-2.25883679 357.19586317 -0.40497310
-2.68678731 356.36235925 -0.41710750
-3.11838299 355.53966181 -0.43242868
-3.56479096 354.70508122 -0.46314512
-4.01020395 353.88307465 -0.47693443
-4.46407055 353.04656570 -0.48485767
-4.89964593 352.22735369 -0.49628738
-5.33360632 351.41787401 -0.51796583
-5.76931374 350.59973243 -0.53991439
-6.21951521 349.78411335 -0.55641945
-6.66240893 348.96702786 -0.56732580
-7.10725788 348.13647375 -0.57518528
-7.52667193 347.31981069 -0.58401610
-7.93035767 346.50929387 -0.60629521
-8.35575039 345.67649181 -0.61738347
-8.77162297 344.84389870 -0.62513082
-9.18360634 344.02932049 -0.62917922
-9.60578244 343.20551033 -0.64096166
-10.03563055 342.36535831 -0.66438100
-10.46253992 341.51909162 -0.67996728
-10.87024605 340.65631952 -0.68670664
-11.27660290 339.80545201 -0.68791413
-11.69827899 338.93220825 -0.69920955
-12.14073779 338.05836799 -0.71520220
-12.57085430 337.18294376 -0.73468601
-13.01995363 336.31964878 -0.74718281
-13.45738856 335.46222042 -0.75407643
-13.90100748 334.57020137 -0.76943044
-14.38015940 333.68446552 -0.76793353
-14.81150594 332.82494399 -0.77505220
-15.26502535 331.93728406 -0.79907640
-15.70893140 331.06131109 -0.81047268
-16.20184782 330.17353752 -0.81922939
-16.68692180 329.27578104 -0.83117552
-17.14267674 328.39128875 -0.84532725
-17.61552442 327.47206739 -0.85736835
-18.06669704 326.58486071 -0.88164541
-18.52800096 325.68784932 -0.91480869
-18.98597909 324.79531026 -0.93247452
-19.45386251 323.89189909 -0.95015864
-19.90490334 322.98932562 -0.95132995
-20.34722801 322.08956379 -0.97070594
-20.78073876 321.19135664 -0.99189775
-21.24624816 320.27977553 -1.03381981
-21.70451434 319.38164057 -1.06673667
-22.12927051 318.50784139 -1.08182890
-22.58661831 317.60884190 -1.08686859
-22.99977418 316.72375081 -1.07579969
-23.44538169 315.80789556 -1.06680644
-23.87290167 314.90862175 -1.07308228
-24.30532530 314.01560652 -1.08824859
-24.72343224 313.12272165 -1.10304197
-25.17940091 312.20121850 -1.12402295
-25.62285104 311.29246182 -1.14958311
-26.07384132 310.38752364 -1.15207129
-26.51378940 309.51630628 -1.15302399
-26.95636926 308.62978953 -1.13341184
-27.41092793 307.71844978 -1.12198945
-27.84582040 306.83628928 -1.12170304
-28.27988302 305.96122262 -1.13383139
-28.70403403 305.09163978 -1.14361792
-29.13440679 304.24767095 -1.14260350
-29.55957479 303.40077504 -1.13862487
-29.98009995 302.56179045 -1.13061644
-30.41355260 301.73388348 -1.12687311
-30.84492906 300.92560077 -1.10642171
-31.24189295 300.13269202 -1.10938017
-31.67367198 299.33318105 -1.11490762
-32.07342550 298.56152694 -1.10069461
-32.43190769 297.79014084 -1.09770242
-32.80275254 297.03877534 -1.09805047
-33.19623266 296.32205332 -1.10243092
-33.58309798 295.60116735 -1.08222445
-33.93691512 294.87595668 -1.07145743
-34.29916474 294.17338197 -1.05584986
-34.65842328 293.49092454 -1.05188159
-35.06361001 292.81305063 -1.03714780
-35.44992479 292.15416534 -1.01685114
-35.82172639 291.50563065 -0.99530425
-36.17688929 290.90141768 -0.97952908
-36.52156057 290.30732406 -0.96264160
-36.87280219 289.74209476 -0.93938660
-37.20385010 289.19362663 -0.92384690
-37.51872458 288.65045759 -0.89887720
-37.79838977 288.13476900 -0.88847560
-38.08211516 287.62897402 -0.86372548
-38.35830468 287.13170720 -0.83635978
-38.61084894 286.69403641 -0.81517368
-38.84847534 286.29303718 -0.80494987
-39.05970943 285.85984732 -0.79417705
-39.26320329 285.46913752 -0.78597197
-39.47306200 285.05704526 -0.76359586
-39.66737197 284.65051353 -0.74092671
-39.86272224 284.25466173 -0.71490197
-40.02173067 283.89367978 -0.70816487
-40.19170553 283.51834677 -0.68546436
-40.32277790 283.14919113 -0.66203126
-40.42306924 282.79000526 -0.64126026
-40.52301642 282.41651787 -0.61161169
-40.58419816 282.04193558 -0.58841927
-40.64744121 281.63837824 -0.56508869
-40.68221056 281.22235778 -0.52485056
-40.71557227 280.80299920 -0.46915317
-40.69718894 280.39162481 -0.42626989
-40.66931035 279.95311217 -0.36490893
-40.63619175 279.51070427 -0.29716617
-40.56207742 279.06905656 -0.22243939
-40.46770681 278.62071185 -0.13425031
-40.33331949 278.18378442 -0.06607691
-40.16400328 277.70869303 0.01689086
-39.96409531 277.21218814 0.09356996
-39.74494935 276.72351212 0.15936484
-39.48150200 276.23722376 0.22721250
-39.18373466 275.76791885 0.27188876
-38.79845572 275.27570513 0.29641270
-38.44085967 274.84925097 0.29996096
-38.03872438 274.40998420 0.28982596
-37.60231434 273.99014271 0.23575828
-37.15206345 273.57445085 0.18580439
-36.67498926 273.16625277 0.14889960
-36.17032400 272.75798845 0.06707369
-35.67528014 272.36062941 -0.01411836
-35.14987365 271.95377887 -0.10211760
-34.57816306 271.51475043 -0.18066786
-33.98724003 271.09695810 -0.24006969
-33.39089788 270.69208621 -0.33117075
-32.81360716 270.30533823 -0.38317180
-32.15095742 269.85716208 -0.48379915
-31.53544678 269.45624349 -0.55588984
-30.91791734 269.04531829 -0.59948698
-30.25114772 268.63250426 -0.65386304
-29.57451649 268.21335601 -0.71544086
-28.89047466 267.82206789 -0.78307051
-28.20292413 267.42280334 -0.83699182
-27.51402430 266.99748002 -0.87807352
-26.80502367 266.56350151 -0.88705498
-26.11613219 266.15102348 -0.88845480
-25.42763623 265.75284369 -0.90452124
-24.71908313 265.38061466 -0.93312407
-24.02213621 265.00301064 -0.95452409
-23.29185260 264.61280671 -0.95450508
-22.54830763 264.19855523 -0.95438630
-21.78699704 263.78973818 -0.96181647
-21.03540258 263.38946589 -0.97909552
-20.26592937 262.99046131 -0.97462330
-19.50840409 262.61440509 -1.00207843
-18.73294397 262.23773842 -1.01544432
-17.93573363 261.83752216 -1.03064831
-17.16930138 261.41498535 -1.06441636
-16.41187457 261.02955895 -1.06933524
-15.61988556 260.59536662 -1.12376913
-14.83863586 260.18621965 -1.16307318
-14.07665101 259.80005787 -1.22138793
-13.31015296 259.40303040 -1.30103830
-12.56229043 258.98357510 -1.35683405
-11.78207969 258.57236596 -1.43012219
-11.02355058 258.17454911 -1.55271044
-10.29032579 257.78666480 -1.63009077
-9.54654710 257.38400106 -1.70506945
-8.83032779 256.97351850 -1.78888500
-8.06808967 256.56884383 -1.83635844
-7.30274270 256.13274967 -1.92010525
-6.57099210 255.72534765 -1.98004971
-5.83466881 255.29640630 -2.03090896
-5.12126169 254.84578492 -2.10712919
-4.40721039 254.41702973 -2.18462089
-3.68250841 253.97475932 -2.27417767
-2.93460879 253.57157326 -2.35737175
-2.23288390 253.14514756 -2.45790934
-1.53404983 252.70697773 -2.54661528
-0.86992152 252.27318671 -2.64129754
-0.18215736 251.84337739 -2.73519461
0.45541508 251.46718653 -2.81772341
1.11968647 251.06542352 -2.89862283
1.76641891 250.65772978 -2.96205809
2.38344410 250.28394701 -3.03640797
2.97202091 249.88120923 -3.11264482
3.55073082 249.53871602 -3.16987599
4.12144038 249.21074921 -3.20950715
4.69358706 248.97424050 -3.28940124
5.26484700 248.71961476 -3.39982982
5.78565102 248.53412148 -3.52300719
6.33966320 248.30551287 -3.63138754
6.87753465 248.15292743 -3.76637192
7.45289102 247.98545072 -3.90460615
7.99423526 247.84116335 -4.03929341
8.54986156 247.75001010 -4.21149423
9.08334203 247.66670525 -4.38260855
9.64118409 247.57304910 -4.51462150
10.17777700 247.51011350 -4.66069801
10.72525494 247.40749518 -4.79034424
11.24290591 247.36309039 -4.95626045
11.77554116 247.31299418 -5.11217834
12.33072448 247.24756697 -5.25406763
12.83679030 247.18474007 -5.38224085
13.35906101 247.11521005 -5.52629764
13.89430975 247.03913634 -5.67886158
14.43543373 246.96064987 -5.80092179
14.93804396 246.91314765 -5.92258559
15.46404768 246.83275106 -6.04335213
15.97230010 246.70778942 -6.08825095
16.47679398 246.61876458 -6.15621639
16.98135437 246.52036403 -6.20070900
17.44972873 246.39548328 -6.17489397
17.93394319 246.30554471 -6.17071359
18.40596948 246.21048605 -6.13315637
18.85494181 246.14315913 -6.10806245
19.34593872 246.04460733 -6.05839067
19.82035555 245.96422981 -5.98392987
20.27839347 245.87042837 -5.86280645
20.66798891 245.80147729 -5.71151486
21.08291784 245.73001609 -5.58327950
21.52168436 245.63928612 -5.42973138
21.92394652 245.56646041 -5.22294252
22.30098039 245.50739001 -4.94786703
22.66186725 245.46214895 -4.65883760
23.04010663 245.44167667 -4.41641349
23.35079483 245.44140920 -4.15236034
23.69199133 245.42372494 -3.81819361
23.99277527 245.45031906 -3.50840544
24.32181570 245.47577892 -3.14544753
24.62301580 245.52048509 -2.77376650
24.91185442 245.57836218 -2.38185371
25.15344598 245.66214515 -1.99004357
25.40370284 245.76315958 -1.61840204
25.63551760 245.88479964 -1.21167298
25.88779377 246.00474027 -0.85208772
26.16025225 246.12576072 -0.47035151
26.41993486 246.25999429 -0.08220762
26.67891539 246.41867958 0.32681434
26.92479857 246.56011013 0.71571680
27.17368315 246.71446830 1.11058162
27.42430817 246.86245810 1.48732042
27.68777226 247.00759772 1.85831135
27.93634952 247.15729565 2.22239693
28.21238916 247.29929596 2.55389996
28.50418821 247.45083065 2.88495280
28.77881397 247.57488130 3.17189594
29.06378139 247.69336590 3.46395448
29.36245858 247.80004738 3.72782360
29.65553080 247.94138164 4.01292394
29.94276288 248.07245308 4.25936972
30.27923582 248.19892552 4.49266993
30.61129575 248.31018423 4.67044426
30.95090246 248.38231539 4.81886228
31.26969965 248.44780590 4.92573250
31.61307206 248.51189953 5.02252017
31.96225079 248.54776037 5.09009862
32.29884598 248.58768392 5.16490752
32.65952237 248.62247933 5.22717471
33.00413743 248.65078408 5.24711958
33.38007498 248.66005102 5.27802812
33.76592083 248.67685987 5.30407462
34.19480768 248.64992878 5.30717453
34.62798614 248.61835424 5.28165236
35.07536722 248.57600945 5.23499406
35.51189425 248.53390723 5.19520631
35.97655595 248.48397655 5.13950338
36.45211839 248.43123227 5.07855427
36.96250955 248.35052210 5.00021331
37.46669490 248.27675371 4.91763287
37.94689408 248.19332573 4.81894790
38.41882845 248.09825961 4.73650479
38.91889812 247.99096734 4.62665107
39.48421041 247.85477216 4.50889107
40.04532120 247.71006229 4.38974125
40.62700491 247.54790561 4.26270149
41.23169698 247.38450812 4.14713983
41.84695270 247.22947920 4.03151347
42.44915703 247.06267646 3.92177048
43.05700707 246.88903233 3.80446955
43.66931392 246.70803053 3.68941315
44.33836130 246.51234041 3.57514426
44.99651877 246.30560579 3.45592074
45.67285257 246.09801718 3.33857629
46.34859725 245.87151735 3.21969802
47.06415343 245.63924593 3.09977047
47.79367201 245.37716588 2.98143376
48.52010761 245.11294537 2.84921611
49.23628986 244.84357678 2.71939810
49.97644035 244.56451731 2.59594019
50.70177421 244.27921248 2.46145702
51.43896714 243.99481303 2.33088476
52.23438458 243.68513197 2.21201989
52.98216002 243.39716619 2.09586814
53.76582353 243.09225265 1.98886553
54.56535920 242.77376540 1.86463112
55.36112461 242.45410186 1.75636525
56.12794554 242.12550160 1.63215177
56.92098302 241.79942834 1.51583448
57.72839193 241.46815908 1.40244231
58.52940827 241.11877655 1.28069406
59.36616630 240.75238751 1.16400558
60.17797091 240.39761560 1.04238289
60.97845621 240.04800760 0.93609847
61.81722671 239.70167238 0.84318672
62.63462663 239.34956425 0.75267566
63.46224952 238.99876474 0.65627544
64.26641153 238.64521834 0.56400496
65.09695098 238.28306798 0.48187355
65.95207081 237.91373275 0.38943959
66.75169656 237.55192634 0.31194865
67.59537374 237.18755644 0.23559309
68.38489133 236.81678216 0.16125997
69.19794141 236.45444253 0.08888388
69.98173429 236.10580428 0.00622573
70.78233769 235.75965914 -0.07055022
71.56081894 235.40992591 -0.13222265
72.32569329 235.05158247 -0.18208061
73.11587846 234.68756370 -0.22303413
73.86244747 234.33170126 -0.27212099
74.60785734 233.99262396 -0.31287139
75.35505625 233.64274619 -0.36899354
76.10740716 233.28678673 -0.41604425
76.85575567 232.92704265 -0.44903884
77.60496501 232.56989761 -0.47471093
78.35061552 232.22072779 -0.50662808
79.11464173 231.87826641 -0.53100780
79.85005836 231.52928982 -0.56811593
80.60877771 231.18308185 -0.60042472
81.38700688 230.80940021 -0.61084047
82.13333152 230.45763755 -0.62971151
82.87143594 230.10678816 -0.64808301
83.59996790 229.77151222 -0.66641381
84.28975065 229.44590942 -0.67700358
84.97972071 229.13565474 -0.69421999
85.64288477 228.82872967 -0.70232195
86.28786698 228.53692100 -0.71564550
86.95493692 228.24335351 -0.71787523
87.60756515 227.94768535 -0.72374248
88.26044677 227.65111856 -0.72786238
88.90157681 227.36143689 -0.72773117
89.49720712 227.07492309 -0.72634345
90.15236004 226.79478691 -0.72602974
90.77533094 226.51101492 -0.72804749
91.38974099 226.22214452 -0.72334340
92.02135996 225.94107743 -0.72241750
92.61240149 225.65613128 -0.71933452
93.21403022 225.38450285 -0.71842158
93.79461320 225.11106757 -0.72259148
94.33980824 224.85180089 -0.72480182
94.87174871 224.60940796 -0.71338055
95.37014157 224.36400877 -0.71137488
95.86600646 224.12805888 -0.70026104
96.32535200 223.89523664 -0.69568176
96.75743181 223.67113194 -0.69368242
97.18702813 223.44133435 -0.69361671
97.60137183 223.22262405 -0.69292429
97.99149136 223.01676715 -0.68886088
98.37217675 222.80617806 -0.69638371
98.73370092 222.59627208 -0.69834629
99.08030954 222.40015049 -0.69592365
99.41340629 222.20222616 -0.69306589
99.72332330 222.01548368 -0.69574481
100.02150876 221.83475720 -0.70044935
100.29526955 221.64993676 -0.70002830
100.58725100 221.44212176 -0.71051613
100.83628068 221.26280060 -0.71038068
101.05921081 221.09214312 -0.70736581
101.26893657 220.94039390 -0.70169550
101.48546170 220.80612669 -0.69745937
101.65940689 220.67792620 -0.69680202
101.81801561 220.56242951 -0.69810352
101.96124959 220.45216365 -0.69844704
102.09947460 220.34421850 -0.69938797
102.23938987 220.22378928 -0.70104495
102.35223160 220.10552645 -0.69577248
102.47603830 219.98866010 -0.68747532
102.58843737 219.86339572 -0.68363412
102.69465620 219.75448353 -0.68077142
102.81427881 219.64049142 -0.68065406
102.93437462 219.52424205 -0.67976093
103.05685126 219.38467113 -0.67369768
103.18282273 219.24445981 -0.66631953
103.32199537 219.09821369 -0.67243672
103.46671792 218.94217856 -0.67210023
103.60852927 218.77292961 -0.67254923
103.76278710 218.56108293 -0.68395816
103.92763550 218.32646839 -0.73412668
104.09435518 218.09431236 -0.74626641
104.26008875 217.84780908 -0.76077324
104.44456529 217.57585564 -0.77232003
104.62446245 217.26384021 -0.82515184
104.78416486 216.92640280 -0.86779756
104.92550973 216.57655896 -0.91025249
105.05277677 216.22608545 -0.96237784
105.15045816 215.85311278 -0.99526928
105.25428553 215.46313851 -1.03534640
105.33530760 215.02838146 -1.07907491
105.38621847 214.57069040 -1.11203786
105.43709433 214.11533834 -1.14702574
105.45040057 213.62381207 -1.18240834
105.41958378 213.10682671 -1.22441676
105.36300775 212.57801685 -1.26991965
105.26266930 212.04635343 -1.30690027
105.13339322 211.47244872 -1.34740513
104.97827634 210.88352912 -1.38605860
104.79046360 210.29620433 -1.42940833
104.57151060 209.68393789 -1.48127791
104.32314744 209.06578725 -1.53877993
104.04960326 208.44698607 -1.58865804
103.75532389 207.79902660 -1.64225723
103.44538249 207.14682352 -1.70006129
103.10644149 206.48424836 -1.75659117
102.75071598 205.81860520 -1.81221681
102.37921790 205.12606183 -1.85864536
102.00456313 204.43123612 -1.90911218
101.61380130 203.72215087 -1.96346872
101.20235052 202.98671191 -2.01841273
100.78459979 202.24896023 -2.05976025
100.35583564 201.48025922 -2.10987504
99.91548602 200.69539632 -2.15737832
99.47464010 199.91226441 -2.20011558
99.01563108 199.09939108 -2.24061496
98.56276492 198.28800755 -2.27545388
98.07507025 197.42373336 -2.31329559
97.58244812 196.54756317 -2.34886931
97.10856987 195.67711077 -2.37667381
96.61212508 194.78163898 -2.40431455
96.15372648 193.89413065 -2.41604920
95.66323589 192.97236196 -2.43781483
95.16537981 192.01479313 -2.44478725
94.67657567 191.05782579 -2.47002035
94.18569296 190.09152986 -2.48473087
93.68639866 189.11012360 -2.49742772
93.16506241 188.11400694 -2.50155683
92.64888943 187.10218864 -2.50118617
92.13905767 186.08684600 -2.50108500
91.63700794 185.07209041 -2.49677035
91.13622347 184.04831205 -2.49392603
90.62545173 183.00680654 -2.49172669
90.12310031 181.97441273 -2.48538280
89.64032758 180.95678744 -2.47425053
89.13943094 179.91885720 -2.46365237
88.64316440 178.87421742 -2.44340848
88.13659953 177.82795855 -2.42371595
87.64206795 176.78734382 -2.39854452
87.15537492 175.75447189 -2.36371395
86.65654576 174.70302892 -2.34231844
86.13661940 173.64010941 -2.31540167
85.61508151 172.56374004 -2.29363204
85.08722995 171.48896805 -2.27344847
84.56983413 170.40610819 -2.25481546
84.03719810 169.32685567 -2.23181936
83.49291764 168.23436272 -2.19992701
82.94471761 167.14155698 -2.17146329
82.39569577 166.04761419 -2.15975879
81.86344324 164.96686570 -2.14328165
81.31662390 163.86284895 -2.12534532
80.76880351 162.75025508 -2.10531497
80.18236432 161.61139180 -2.08110443
79.60602711 160.47528752 -2.05331426
79.03897969 159.34375252 -2.03150613
78.48348381 158.21646267 -2.00330466
77.90408365 157.07268429 -1.97169467
77.32957109 155.94109887 -1.94300804
76.73900497 154.78246730 -1.91053964
76.15969728 153.62095494 -1.88913575
75.57495635 152.46315289 -1.86110034
74.98238095 151.29651154 -1.82527353
74.37154392 150.11271115 -1.78799445
73.80031613 148.94964414 -1.74693896
73.21402706 147.76140717 -1.68807026
72.63829175 146.58870981 -1.65166062
72.06591329 145.42398775 -1.62617566
71.49316901 144.24598571 -1.59525770
70.90220204 143.07065960 -1.56281758
70.32450091 141.89163982 -1.52162275
69.75540408 140.73214277 -1.48941334
69.19274846 139.56791384 -1.44216227
68.62345518 138.39610984 -1.39701895
68.04643084 137.22807683 -1.36124544
67.48108040 136.07387381 -1.32958434
66.89530707 134.87406574 -1.29595205
66.29866684 133.65614378 -1.25956603
65.71630748 132.47907027 -1.22333326
65.15379741 131.32239573 -1.18338611
64.59546638 130.15906757 -1.14654023
64.04154877 128.99769074 -1.10998782
63.49143694 127.84478803 -1.08156788
62.93448218 126.68932608 -1.05805171
62.38365192 125.53369215 -1.02579955
61.82739231 124.37531310 -0.99370321
61.27353972 123.22866977 -0.97759850
60.72465210 122.06460527 -0.96418559
60.16957228 120.91593074 -0.94221079
59.63188458 119.77666069 -0.90728971
59.09363186 118.62786395 -0.88332952
58.54670188 117.47855787 -0.85484144
58.02081248 116.35633744 -0.82953784
57.50225039 115.23616780 -0.81041496
56.99334812 114.12474282 -0.78951657
56.47074771 112.99195797 -0.76576219
55.95792347 111.88263477 -0.73073305
55.45296900 110.80259919 -0.69824591
54.96065776 109.74107333 -0.67252723
54.45668539 108.67810473 -0.64032947
53.98372259 107.66148727 -0.60182253
53.51305617 106.65690020 -0.57336141
53.03531216 105.65451781 -0.54410249
52.57102949 104.67815243 -0.51658205
52.11278008 103.71518530 -0.48750625
51.66794607 102.78977696 -0.46169713
51.21850974 101.86841281 -0.42582777
50.77724379 100.97701831 -0.40141725
50.38061868 100.13594413 -0.36548264
49.96840454 99.28486665 -0.33142863
49.57036587 98.45794801 -0.31323665
49.18407748 97.65064308 -0.28899423
48.77241772 96.84525253 -0.27475090
48.38557134 96.06974929 -0.26066509
48.01861646 95.33034300 -0.23658145
47.63778955 94.59608499 -0.22556024
47.28432341 93.90417025 -0.20949549
46.95147253 93.24590048 -0.19626980
46.60926802 92.57046840 -0.18294820
46.28153639 91.93739810 -0.17745546
45.97152456 91.32421109 -0.16331001
45.67988397 90.70995922 -0.14699697
45.40477141 90.11499785 -0.13137188
45.14552219 89.52668279 -0.11849658
44.92612894 88.95631839 -0.10650277
44.71185642 88.39220394 -0.09409099
44.52561530 87.84761546 -0.07930677
44.38370378 87.31058140 -0.06769205
44.23887285 86.77285613 -0.06059323
44.13099736 86.24357236 -0.04904937
44.05474004 85.71761830 -0.03720381
43.99941691 85.19685743 -0.03726999
43.97756013 84.69391983 -0.03800282
43.98437271 84.20177817 -0.03819699
44.01898305 83.71573401 -0.05271768
44.07662488 83.22719655 -0.05403021
44.15631824 82.73821542 -0.05870753
44.27547398 82.26321968 -0.05942350
44.41959277 81.80899680 -0.05635713
44.61055992 81.29478455 -0.00638327
44.81648943 80.87361492 -0.01636211
45.04602409 80.45887902 -0.03195836
45.28009664 80.06540504 -0.03915226
45.54342323 79.67597781 -0.05426852
45.81747475 79.31924218 -0.06676095
46.12055865 78.96687158 -0.08084813
46.45234520 78.64227883 -0.09556839
46.80577675 78.32134109 -0.11684263
47.19727896 77.98465758 -0.12942907
47.59439488 77.67801260 -0.13518339
48.03589183 77.35905983 -0.13286848
48.46461058 77.06746428 -0.14718880
48.91550166 76.76185722 -0.17414775
49.37252535 76.47256715 -0.18877667
49.87263898 76.16420139 -0.19061407
50.37803046 75.86925682 -0.18735462
50.84526773 75.59140206 -0.19940961
51.36944817 75.28675078 -0.21612515
51.88649975 74.97264119 -0.22466325
52.42656757 74.65750129 -0.22973832
52.97615550 74.33216888 -0.23192161
53.52680636 73.99583792 -0.23305599
54.08337680 73.66161926 -0.24253866
54.66335104 73.31547574 -0.24490997
55.25276126 72.95748622 -0.24542802
55.86163186 72.59943320 -0.24727671
56.46980293 72.22690415 -0.24502189
57.09544779 71.84616928 -0.24771491
57.74985209 71.45518143 -0.25251482
58.43358962 71.05267373 -0.25186134
59.12596555 70.64184963 -0.26214419
59.83969441 70.23210413 -0.27428937
60.56424519 69.83069564 -0.28445033
61.33647714 69.42579049 -0.29982499
62.08630911 69.01764205 -0.31106085
62.85798218 68.61970775 -0.32235388
63.61682543 68.23101506 -0.34186402
64.39845244 67.84681912 -0.35070072
65.14225530 67.46417797 -0.35067216
65.91609073 67.08951850 -0.34935544
66.69516131 66.72806742 -0.34970997
67.51707831 66.36694823 -0.35260004
68.30005442 65.99927901 -0.35355068
69.10912126 65.64001585 -0.34947808
69.86693762 65.27368183 -0.35114577
70.63409726 64.90246234 -0.36444106
71.37853229 64.51748995 -0.35695113
72.13087665 64.12571149 -0.35485325
72.86446894 63.71918427 -0.35380493
73.59565420 63.31449860 -0.35984936
74.33403703 62.89643984 -0.37486068
75.06440361 62.46881074 -0.38783351
75.79877751 62.04548182 -0.39385912
76.52630891 61.60885993 -0.40226841
77.24224894 61.15686601 -0.41483028
77.95323521 60.69699552 -0.42631807
78.66515641 60.22461181 -0.43633582
79.39255839 59.73655139 -0.43692836
80.09370633 59.26988274 -0.44287494
80.82056512 58.78354138 -0.45632092
81.56832624 58.29637383 -0.47314905
82.28561612 57.80793710 -0.48229712
83.03396631 57.31089956 -0.47944031
83.77740827 56.81616758 -0.48172193
84.48285092 56.32325211 -0.47409680
85.22212100 55.83490565 -0.47656161
85.94975423 55.34810226 -0.47922769
86.68810566 54.85603230 -0.48282297
87.41112385 54.35779819 -0.48264362
88.14627104 53.86055267 -0.48043313
88.87587755 53.34721491 -0.47690872
89.61267107 52.83454723 -0.47761935
90.32181900 52.30421874 -0.47461628
91.02348791 51.75606062 -0.46368266
91.70515789 51.19935862 -0.45139973
92.39658341 50.61912188 -0.44152126
93.03962089 50.03856003 -0.43863668
93.66988585 49.43979944 -0.42849639
94.29981573 48.83440683 -0.42884747
94.90762348 48.20940924 -0.42336266
95.49831373 47.57046394 -0.41677828
96.06835960 46.93190325 -0.41882263
96.64472646 46.26840650 -0.42809066
97.18664768 45.60659886 -0.41782678
97.76900935 44.90147522 -0.41613819
98.32981857 44.21179778 -0.42509309
98.86603212 43.52874632 -0.44484352
99.39960809 42.84702368 -0.47160654
99.94905435 42.15898079 -0.49662995
100.49112191 41.47034150 -0.50112457
101.07308054 40.76339642 -0.49924863
101.65155027 40.05295289 -0.50295906
102.23292039 39.32328062 -0.49575457
102.80221920 38.60629246 -0.50158057
103.38190689 37.87116781 -0.51153537
103.96522893 37.11164808 -0.52529884
104.53429600 36.34450149 -0.54663978
105.13636100 35.52633822 -0.55738394
105.68801191 34.70236769 -0.56757976
106.23140548 33.88632706 -0.57722543
106.74877912 33.08419222 -0.59025148
107.26130711 32.27886579 -0.58169106
107.77353751 31.45909276 -0.56961822
108.28633496 30.63401523 -0.55867869
108.79723374 29.79647985 -0.55364128
109.30328191 28.95870443 -0.55312016
109.80793469 28.11973871 -0.54831741
110.31804440 27.28654644 -0.53860125
110.81441105 26.46999012 -0.52984209
111.33992541 25.63713188 -0.52267026
111.85721365 24.80777253 -0.51287848
112.38113228 23.95808781 -0.51435295
112.87556783 23.13629489 -0.50205878
113.37133513 22.30343430 -0.49278326
113.83877180 21.47911792 -0.47691885
114.30847897 20.63201952 -0.47219613
114.77170802 19.78275331 -0.47028020
115.22788735 18.93293403 -0.47136623
115.67967200 18.06977257 -0.46768152
116.08906342 17.21758392 -0.46834397
116.50587106 16.34471183 -0.47259737
116.88236360 15.48030294 -0.46568783
117.25475117 14.61134586 -0.45674462
117.62295908 13.72732300 -0.46002222
117.97432017 12.84846239 -0.45835966
118.30867797 11.97115596 -0.46050277
118.62850327 11.10778010 -0.45034738
118.93890971 10.22067208 -0.44252783
119.23405709 9.36261992 -0.42882338
119.52247087 8.49231582 -0.41789602
119.80387251 7.65788317 -0.41598813
120.08217176 6.83165971 -0.41210832
120.35387047 6.01803140 -0.40645005
120.62551784 5.22722951 -0.40630716
120.89161024 4.47460643 -0.40273369
121.15962585 3.76102400 -0.39063065
121.42948778 3.04381731 -0.38806838
121.68678686 2.37086088 -0.37943924
121.94223093 1.71876845 -0.37600048
122.21366560 1.05427831 -0.37284374
122.46112505 0.43140963 -0.36764299
122.67851726 -0.17768130 -0.36357954
122.92878875 -0.80622261 -0.35888231
123.16734090 -1.42614687 -0.35270012
123.40252601 -2.04613028 -0.34740528
123.64930064 -2.67888046 -0.33881186
123.89433669 -3.31034453 -0.32214767
124.11602391 -3.90925012 -0.32303192
124.34176552 -4.52987685 -0.33191984
124.56797383 -5.15062671 -0.34880783
124.79043245 -5.79152678 -0.36262912
125.02202230 -6.43092621 -0.36863958
125.26481700 -7.11374251 -0.37005123
125.48209687 -7.76437957 -0.37404766
125.70304728 -8.41569275 -0.37522823
125.91757732 -9.10233957 -0.37601994
126.16096308 -9.80982555 -0.36798183
126.41079678 -10.52009308 -0.37423111
126.64427202 -11.19147168 -0.37211627
126.91225564 -11.89215443 -0.38757355
127.19218250 -12.58851258 -0.40389444
127.48068694 -13.30818048 -0.41665842
127.77310550 -14.03829918 -0.42671927
128.08030053 -14.76067119 -0.43443905
128.38023630 -15.48194714 -0.45785406
128.69663074 -16.22969106 -0.47622038
129.00830938 -16.97998970 -0.48544941
129.31808142 -17.73128198 -0.47927155
129.66752499 -18.52799364 -0.46485414
130.01209985 -19.31350234 -0.47984051
130.35816440 -20.10482365 -0.47738054
130.69649807 -20.91418641 -0.48031872
131.05432966 -21.75607209 -0.49006604
131.41891875 -22.61200136 -0.48477961
131.77808873 -23.45457735 -0.47648894
132.14919385 -24.31495952 -0.48823550
132.51879501 -25.18334239 -0.49338897
132.87747649 -26.04187999 -0.50633743
133.24547172 -26.92254095 -0.50876878
133.68025191 -27.97937995 -0.50721396
134.04861227 -28.86360099 -0.50921597
134.41727504 -29.74941060 -0.50798409
134.79535919 -30.64360101 -0.52734845
135.16438997 -31.52350548 -0.54731252
135.54948421 -32.43069268 -0.57096567
135.92165008 -33.32750441 -0.58291456
136.29536264 -34.23004396 -0.59511730
136.65813886 -35.11965782 -0.59414102
137.02793029 -36.00100473 -0.60099957
137.39766975 -36.88150221 -0.61682097
137.76389311 -37.76599316 -0.61807098
138.14994871 -38.64326563 -0.61481125
138.55386347 -39.51625205 -0.61690658
138.93798824 -40.39312790 -0.61496678
139.33467847 -41.28713597 -0.62365689
139.71436089 -42.16241248 -0.63108837
140.09025524 -43.02196440 -0.63630176
140.48402351 -43.90668923 -0.66075199
140.85303217 -44.77896201 -0.68032962
141.21689571 -45.64710252 -0.69306861
141.58329121 -46.51817816 -0.71632178
141.94445814 -47.36004311 -0.71270246
142.31845783 -48.22630670 -0.70865061
142.68563746 -49.09403947 -0.70407757
143.04812264 -49.95459127 -0.69810756
143.41468816 -50.81358977 -0.70850308
143.77443796 -51.66262486 -0.71048528
144.12558282 -52.48897691 -0.71401738
144.48052771 -53.31399935 -0.71180136
144.82180802 -54.11820181 -0.70034568
145.16329970 -54.91682369 -0.69256618
145.49285701 -55.69987434 -0.70362769
145.81175386 -56.46933982 -0.71866332
146.10275153 -57.21664400 -0.72175994
146.38840090 -57.96741894 -0.70108570
146.67114992 -58.69836341 -0.66684523
146.94989443 -59.39956883 -0.65320436
147.21778893 -60.08838389 -0.65123818
147.45510804 -60.75814628 -0.66130721
147.68648078 -61.39972513 -0.65865670
147.92035451 -62.01975143 -0.66051188
148.15059961 -62.61763874 -0.65128034
148.36558035 -63.20512472 -0.64139122
148.57172079 -63.75305277 -0.62183807
148.77571577 -64.31696457 -0.61402510
148.98797661 -64.84476362 -0.60142845
149.21660540 -65.36726951 -0.59289352
149.46159603 -65.87361708 -0.57884008
149.72485930 -66.36166398 -0.57303958
150.00268739 -66.82328311 -0.56381846
150.30393403 -67.27978810 -0.55743158
150.62409244 -67.72353559 -0.54820317
150.96091071 -68.15077209 -0.54138321
151.32073740 -68.56411776 -0.53376977
151.70760457 -68.96828029 -0.53374880
152.10361282 -69.35671415 -0.52969595
152.54128367 -69.73929073 -0.50987599
152.98616220 -70.09156587 -0.50017887
153.45573752 -70.44019512 -0.51058166
153.92040023 -70.77634249 -0.50683627
154.41826454 -71.10860625 -0.50264736
154.96250643 -71.43324820 -0.51525060
155.48170971 -71.75217579 -0.52487865
156.02586464 -72.07125933 -0.53422508
156.56142853 -72.39715534 -0.54359143
157.11178087 -72.72572259 -0.55224488
157.68772429 -73.05329835 -0.56438954
158.23769311 -73.39389495 -0.56753381
158.80710564 -73.74202324 -0.56565841
159.38457152 -74.09929582 -0.57685778
159.94332335 -74.45428069 -0.59018899
160.53727747 -74.83032860 -0.60959064
161.13549479 -75.21725150 -0.62199148
161.72536526 -75.60376113 -0.61167112
162.39048231 -76.00819495 -0.61967879
163.00103123 -76.40921852 -0.61513325
163.60430607 -76.82338549 -0.62687761
164.19290799 -77.23563709 -0.63165084
164.77117515 -77.64585853 -0.62566230
165.41780540 -78.08437696 -0.61920893
166.04320909 -78.50812810 -0.61104812
166.69576471 -78.93955001 -0.61082845
167.27704274 -79.35993308 -0.60607816
167.87843829 -79.79450826 -0.60131955
168.52604772 -80.24042238 -0.59412451
169.19034298 -80.69785408 -0.59918469
169.81100483 -81.15124514 -0.62745926
170.58439507 -81.64866072 -0.66364914
171.23224230 -82.09393835 -0.67217994
171.84103418 -82.51398109 -0.68879059
172.44581068 -82.93998889 -0.70177117
173.07807929 -83.37781461 -0.71357813
173.74464334 -83.85329896 -0.71880590
174.39143251 -84.31145067 -0.71723575
175.00070549 -84.73587942 -0.71467257
175.70206121 -85.21042494 -0.73348257
176.32600972 -85.65490182 -0.73794175
176.99683996 -86.11449727 -0.74496057
177.61667048 -86.55612862 -0.73401351
178.33520429 -87.03770192 -0.73341879
179.03651698 -87.53745734 -0.73867066
179.77852768 -88.04347825 -0.73607792
180.45470845 -88.52604983 -0.72389521
181.15565374 -89.01189859 -0.72141831
181.83157081 -89.49850711 -0.72877294
182.50779393 -89.99522455 -0.72259193
183.18576703 -90.48611955 -0.71912568
183.88898229 -90.99011225 -0.71967523
184.58870502 -91.49218888 -0.71414700
185.28732639 -91.98431958 -0.71075422
185.98953882 -92.48667899 -0.70437442
186.68974450 -92.99177786 -0.71096877
187.39616793 -93.48982676 -0.72688932
188.08026943 -93.97071466 -0.74320934
188.77763078 -94.45311723 -0.72542542
189.46815249 -94.93611339 -0.70887101
190.15387391 -95.41549892 -0.70816178
190.84606991 -95.88963473 -0.72580356
191.54419146 -96.37146617 -0.74259067
192.23253866 -96.85265661 -0.74423483
192.90839530 -97.35248884 -0.73946341
193.60807594 -97.84148688 -0.72658016
194.30726764 -98.33550675 -0.72554238
195.02462503 -98.84993224 -0.74016621
195.73135832 -99.35282638 -0.75696274
196.45090399 -99.87547305 -0.76525248
197.14621965 -100.37363360 -0.76064835
197.86539708 -100.88113098 -0.75331163
198.58850593 -101.39023496 -0.75265502
199.30258518 -101.88538239 -0.75907389
200.02257858 -102.39196362 -0.76822674
200.74186283 -102.89235571 -0.77532900
201.47443702 -103.41303221 -0.77897290
202.22586179 -103.94349203 -0.78722554
202.97175955 -104.47024680 -0.79428427
203.70537954 -104.98945217 -0.78247578
204.46713573 -105.53394029 -0.78408335
205.22074390 -106.07176354 -0.81422085
205.94937596 -106.60691892 -0.81498686
206.70149847 -107.13514259 -0.81317504
207.42886704 -107.64810700 -0.80486193
208.16218887 -108.16393264 -0.80910702
208.90698826 -108.68371760 -0.82261718
209.62222986 -109.20542934 -0.83780368
210.31815092 -109.71377398 -0.85143838
211.04969518 -110.24501721 -0.85643925
211.77631373 -110.77286529 -0.85305661
212.50202663 -111.29326715 -0.84731465
213.20884425 -111.80115456 -0.84104225
213.90911482 -112.31314007 -0.84623521
214.61250021 -112.83531257 -0.84781735
215.32257975 -113.34501312 -0.84222432
216.01490842 -113.84489969 -0.83287438
216.70532510 -114.33537573 -0.82053945
217.39084421 -114.81171941 -0.82404037
218.08760920 -115.29737625 -0.83599884
218.77966630 -115.78725623 -0.82912183
219.46752734 -116.26861093 -0.81126661
220.14101527 -116.74969098 -0.79380088
220.80025905 -117.22138887 -0.78824094
221.45545270 -117.68879924 -0.78674255
222.10642254 -118.14371573 -0.78713225
222.76730368 -118.59282487 -0.77906601
223.39370810 -119.02665428 -0.77244380
224.02524967 -119.46147168 -0.75630577
224.63275843 -119.88491140 -0.74759268
225.22323504 -120.29683661 -0.74374052
225.83949736 -120.70944735 -0.74430839
226.40972194 -121.11975020 -0.74604960
226.98219379 -121.52638730 -0.73588285
227.55767124 -121.92786622 -0.72399921
228.11672820 -122.33161346 -0.71029620
228.67003116 -122.73056138 -0.69827855
229.20835138 -123.11636146 -0.68752349
229.73174457 -123.49861768 -0.67867658
230.23548649 -123.87021384 -0.66793666
230.75253974 -124.25973972 -0.64853420
231.22489350 -124.63441192 -0.62910748
231.69211025 -125.01652507 -0.60886132
232.15098780 -125.40188183 -0.58547947
232.59191859 -125.75745290 -0.57126979
233.02133445 -126.12480193 -0.55752128
233.43951898 -126.49805203 -0.54089597
233.83660536 -126.84681569 -0.52613688
234.21505167 -127.18087740 -0.51053373
234.57601445 -127.50994536 -0.49230739
234.91982713 -127.83175576 -0.46802652
235.23356276 -128.13387471 -0.45738591
235.53784063 -128.41007288 -0.43660980
235.81686916 -128.66487462 -0.42681320
236.09089629 -128.89997640 -0.41415162
236.33199814 -129.12406991 -0.40582173
236.57241900 -129.34367914 -0.39358233
236.80141114 -129.54274344 -0.39088111
237.02173848 -129.72477540 -0.37595744
237.22748845 -129.89527903 -0.37676917
237.42148514 -130.06072352 -0.36574405
237.61648328 -130.22383481 -0.35753685
237.81915460 -130.36683012 -0.35582840
238.01832335 -130.50117127 -0.35144538
238.22091673 -130.63637895 -0.34869649
238.42270386 -130.75801803 -0.34190426
238.61987847 -130.87240074 -0.33745574
238.82551090 -130.97590041 -0.32244965
239.03280455 -131.07245463 -0.32030477
239.25034683 -131.15742141 -0.30805561
239.46624665 -131.23514004 -0.30008063
239.69709429 -131.29653446 -0.29156058
239.94831147 -131.35260477 -0.27863437
240.21871698 -131.40406169 -0.27120914
240.49037875 -131.46911516 -0.25125820
240.78034938 -131.49816780 -0.23207632
241.07470432 -131.50053134 -0.20599741
241.36847042 -131.45811981 -0.19998372
241.66660536 -131.40209533 -0.18650869
241.97527942 -131.34438763 -0.18371526
242.29811723 -131.27282970 -0.16541304
242.61450093 -131.18057035 -0.14843111
242.95745623 -131.04519953 -0.12802642
243.30107976 -130.86903970 -0.10173194
243.64914017 -130.67334478 -0.09343537
244.00180635 -130.46202111 -0.08979954
244.36724327 -130.21357073 -0.07707513
244.73920045 -129.93621792 -0.08228656
245.11429125 -129.62899386 -0.09090004
245.50746587 -129.30250168 -0.08951516
245.91106161 -128.94258300 -0.08546558
246.31779242 -128.55709193 -0.08014724
246.72970342 -128.14479780 -0.08157792
247.14557642 -127.71090526 -0.09243310
247.56085566 -127.24835370 -0.10281612
247.97302709 -126.74834813 -0.09649447
248.37502476 -126.23636008 -0.10552072
248.78187824 -125.70900940 -0.13246137
249.19729859 -125.15026824 -0.16939621
249.61601833 -124.55995250 -0.19948143
250.00725917 -123.93830337 -0.20696489
250.41894585 -123.30469331 -0.20580817
250.83386516 -122.67681530 -0.20484089
251.23812507 -122.00561418 -0.24106453
251.65951997 -121.33158113 -0.26265132
252.09375108 -120.63727068 -0.29790259
252.54246616 -119.92412283 -0.34021224
253.00134904 -119.20900991 -0.37614658
253.46975887 -118.45245083 -0.39959493
253.96505476 -117.65208989 -0.47176644
254.45557721 -116.84523687 -0.54137508
254.98186820 -116.05957269 -0.56483665
255.49941390 -115.32524920 -0.56784634
256.01268962 -114.54329674 -0.60441788
256.54140591 -113.76783018 -0.65692359
257.06159482 -113.05335056 -0.63080033
257.59301478 -112.25787205 -0.66383300
258.11677300 -111.46195623 -0.69664505
258.66692346 -110.63422021 -0.71188205
259.20357923 -109.83168889 -0.72409786
259.74441543 -109.00252272 -0.75611788
260.31292249 -108.16634064 -0.79272408
260.86133372 -107.34323468 -0.83290498
261.40870794 -106.52978899 -0.86176746
261.94490338 -105.71399383 -0.89309431
262.45100740 -104.91088077 -0.90190629
262.99499059 -104.06189261 -0.93310122
263.55567177 -103.29217661 -0.89792098
264.11993762 -102.40601503 -0.96931919
264.68411838 -101.57109823 -1.00553089
265.24100343 -100.72859638 -1.02763496
265.79850273 -99.91999426 -1.05737197
266.36389078 -99.07037061 -1.12337354
266.92563847 -98.26527992 -1.16764490
267.47371563 -97.44799915 -1.18527323
268.05389033 -96.60731528 -1.22763883
268.64332794 -95.75962663 -1.26824532
269.22339937 -94.85157220 -1.28645880
269.80692921 -93.98180676 -1.31794430
270.39142958 -93.09680405 -1.34215167
270.97211254 -92.23927431 -1.38216903
271.58464767 -91.40121026 -1.40157270
272.14886193 -90.52715744 -1.43612281
272.83443482 -89.63876241 -1.37278652
273.51930274 -88.76137946 -1.31724535
274.03892062 -87.98441406 -1.36269364
274.61520157 -87.18890454 -1.35946748
275.21401002 -86.38995027 -1.37369075
275.78811636 -85.60661427 -1.39095431
276.32306179 -84.82841009 -1.38869207
276.86581888 -84.03250363 -1.40942602
277.42515442 -83.21468057 -1.42205712
277.93995006 -82.36357098 -1.42688403
278.49511630 -81.52274916 -1.43499714
279.04921651 -80.68217666 -1.44370126
279.59954296 -79.83248418 -1.43921018
280.13637390 -79.02527416 -1.42438686
280.67877762 -78.13485648 -1.44614085
281.24589188 -77.30365978 -1.45520215
281.80906664 -76.44875640 -1.46085642
282.38175598 -75.63851147 -1.46088623
282.93899436 -74.82350642 -1.47982820
283.47074357 -73.98822138 -1.46579413
284.00516515 -73.13117316 -1.48872616
284.53433389 -72.27794027 -1.49355997
285.08941845 -71.44630261 -1.48512275
285.66327539 -70.60316138 -1.43078191
286.19038951 -69.76195488 -1.38380048
286.70695089 -68.96173575 -1.40931539
287.34215699 -68.15198941 -1.31986713
287.88177501 -67.31270830 -1.29052416
288.43340971 -66.45748107 -1.27558769
288.95962498 -65.61558372 -1.22407332
289.47796751 -64.72382575 -1.16498127
290.00700881 -63.88247479 -1.08657010
290.53134993 -63.00660352 -1.04165695
291.07003284 -62.15356538 -0.99296056
291.60654967 -61.30322080 -0.94691784
292.13805726 -60.44106999 -0.88383066
292.66026622 -59.58005775 -0.80788570
293.17652723 -58.80376911 -0.75757467
293.69028732 -57.98078511 -0.66844215
294.20768291 -57.14955623 -0.57804464
294.73910701 -56.33192396 -0.49815262
295.24113302 -55.56386689 -0.41166782
295.73859146 -54.81181908 -0.33087397
296.24579174 -54.04103964 -0.24021038
296.73812120 -53.26714810 -0.14847007
297.21901554 -52.52144798 -0.04050053
297.72422163 -51.75279017 0.08765873
298.19912263 -50.96708097 0.23695531
298.65953350 -50.20809419 0.38188481
299.08920913 -49.43047864 0.48245025
299.54141467 -48.61514690 0.62256223
299.97008069 -47.83995697 0.77217570
300.40984311 -47.08458284 0.92534586
300.84404428 -46.29958534 1.08095131
301.25641508 -45.53027177 1.23784071
301.66261917 -44.75432873 1.39852764
302.07422902 -43.94819245 1.53858528
302.44718367 -43.16744068 1.69186568
302.83404634 -42.37224596 1.83334234
303.16257553 -41.66659350 1.95259691
303.49652729 -40.89287983 2.08669735
303.82589704 -40.21603055 2.25779972
304.11192100 -39.54941911 2.37471295
304.40882305 -38.84817047 2.51287870
304.71042177 -38.10684698 2.65376505
304.97414150 -37.47238164 2.78620778
305.24295473 -36.84273943 2.94516879
305.50357616 -36.19335287 3.10929939
305.73530491 -35.53904629 3.27979566
305.95673322 -34.94718099 3.44498266
306.16506813 -34.33606453 3.63548869
306.38377556 -33.75418336 3.82933124
306.56976058 -33.16401566 4.03670588
306.74444150 -32.63901171 4.23042980
306.90622311 -32.13742106 4.41853755
307.05571563 -31.63932916 4.60638991
307.18110515 -31.15893796 4.79768426
307.29438270 -30.66967426 5.00205943
307.40685782 -30.20818109 5.20385357
307.49276337 -29.80056376 5.41322166
307.56481176 -29.41429833 5.61949422
307.62052654 -29.01578780 5.79427503
307.67386618 -28.62898038 5.97574036
307.72269641 -28.18344063 6.18588592
307.74437403 -27.76414633 6.40030666
307.74730808 -27.34341286 6.63209025
307.71714965 -26.89938968 6.82040185
307.68538586 -26.45494248 7.00099407
307.63781943 -26.02502319 7.19007254
307.59130643 -25.61821919 7.36644633
307.52743066 -25.20726080 7.52534697
307.44989675 -24.76112957 7.63790269
307.36278809 -24.33349456 7.73575708
307.26317635 -23.92054843 7.84906815
307.14288351 -23.48612061 7.91085894
307.00697746 -23.05203331 7.94654693
306.87792896 -22.63987317 7.92891534
306.72643264 -22.19241595 7.90026665
306.59313851 -21.76990245 7.84328318
306.43741199 -21.31376355 7.76466165
306.31745442 -20.90690779 7.64684818
306.17143893 -20.49615394 7.50748154
306.03543745 -20.07613630 7.33635089
305.90156910 -19.62967360 7.11733661
305.78281584 -19.20255360 6.84857681
305.69667241 -18.77590611 6.56490200
305.59865177 -18.33619835 6.26785607
305.52035957 -17.94392358 5.92834447
305.44746183 -17.53784131 5.57875206
305.41092620 -17.13353051 5.17725886
305.39273693 -16.73821150 4.77223029
305.40173706 -16.36275528 4.34393120
305.43444482 -15.94699045 3.86502855
305.47273932 -15.56851575 3.39533252
305.53162457 -15.17659288 2.89138975
305.60846554 -14.77409342 2.38045230
305.68652536 -14.36739692 1.86732156
305.78838172 -13.94025318 1.36448981
305.90312289 -13.49769885 0.86840778
306.01065394 -13.03372200 0.36981730
306.12584634 -12.56239817 -0.11482655
306.25546060 -12.05087271 -0.59815326
306.38782217 -11.52551965 -1.07007173
306.52397642 -11.00798370 -1.51262405
306.65518878 -10.41141135 -1.97820746
306.76868013 -9.86328005 -2.39368684
306.89214894 -9.25931413 -2.83579294
306.99187965 -8.64315910 -3.25714583
307.10183217 -8.01351781 -3.67062840
307.19480075 -7.38788622 -4.04141082
307.31294503 -6.70230113 -4.42411299
307.41887541 -5.98606892 -4.80757892
307.52002644 -5.28136937 -5.15460360
307.61880311 -4.55598074 -5.49032124
307.72359968 -3.82457827 -5.81308324
307.80957148 -3.07855495 -6.10042403
307.86047039 -2.32122906 -6.36249499
307.92034868 -1.47797021 -6.62836648
307.95195316 -0.68233204 -6.88384787
307.96067471 0.10965574 -7.10810519
307.96390047 0.92510518 -7.31215210
307.93875288 1.73953268 -7.49095216
307.89904583 2.55515998 -7.64399126
307.82611007 3.34633496 -7.79327783
307.72237975 4.16842898 -7.94009385
307.59862388 4.98906525 -8.06989575
307.46274072 5.80529192 -8.16770673
307.30107332 6.62862129 -8.27723114
307.09848997 7.45279232 -8.36580407
306.87636269 8.29326241 -8.43408350
306.62800002 9.13187312 -8.49589120
306.37730839 9.97355748 -8.54600755
306.12639613 10.83572106 -8.57906430
305.87222039 11.71332470 -8.59147830
305.60197666 12.56397114 -8.58553788
305.28387357 13.41885491 -8.58259066
304.98132014 14.28169924 -8.56948112
304.68592465 15.13136220 -8.52199364
304.37046730 15.98225812 -8.47535111
304.04418683 16.83874512 -8.43200926
303.73305831 17.71231024 -8.36475899
303.39828197 18.58588931 -8.29888268
303.05037124 19.42334258 -8.23467519
302.69036811 20.26379752 -8.14673216
302.31961695 21.13959471 -8.03846590
301.95655870 22.01222042 -7.89443213
301.56437822 22.88255897 -7.75183339
301.17413135 23.74897682 -7.60094889
300.75687671 24.63935937 -7.45271106
300.32528567 25.49843803 -7.30550240
299.89514249 26.36968047 -7.13495192
299.46798483 27.22125413 -6.94394758
299.00531359 28.05264575 -6.74766541
298.56085017 28.87497029 -6.54386743
298.10525245 29.70580096 -6.32372196
297.63828690 30.51610133 -6.12159757
297.15798966 31.33352421 -5.91004474
296.67494605 32.13993029 -5.70226947
296.19233988 32.92864547 -5.51969560
295.67582107 33.71972288 -5.31355340
295.16279001 34.49799678 -5.12778528
294.63681656 35.30311112 -4.93113156
294.11162510 36.09638950 -4.75163770
293.56842561 36.87510453 -4.57871637
293.03751699 37.62130602 -4.39179091
292.49141815 38.37600519 -4.21005951
291.94426504 39.10950292 -4.03932884
291.37981195 39.85771997 -3.86392962
290.82619052 40.57755027 -3.68202386
290.26613049 41.32870107 -3.49202523
289.69562638 42.07043891 -3.31896273
289.14820968 42.78136532 -3.13271732
288.58981893 43.48135771 -2.96059813
288.03538547 44.17589278 -2.79411339
287.49000249 44.84604216 -2.62492305
286.93472046 45.49106198 -2.47480385
286.39240230 46.13300555 -2.33297355
285.87932045 46.76383293 -2.18718743
285.36815430 47.37431757 -2.05032582
284.86252870 47.96273213 -1.91108908
284.35388903 48.53924539 -1.79260566
283.84530446 49.11210003 -1.65577932
283.34041911 49.67301837 -1.52463906
282.84696631 50.22399028 -1.40045115
282.36126581 50.77979741 -1.28116144
281.90842451 51.29801219 -1.17033280
281.42851152 51.83527355 -1.05683298
280.97020894 52.34476403 -0.96217951
280.56233577 52.81372715 -0.89552381
280.16194440 53.27626913 -0.81018205
279.75962049 53.72329612 -0.73300451
279.38432426 54.13076318 -0.65475488
279.03688957 54.53892655 -0.59775985
278.67799917 54.96311186 -0.54781116
278.37690403 55.33957042 -0.50365324
278.08884608 55.70103338 -0.48409302
277.80531550 56.05213657 -0.46604730
277.55338242 56.38220285 -0.45269481
277.30849676 56.69895381 -0.45407284
277.07470356 57.00615577 -0.44783295
276.84753864 57.32366873 -0.43794739
276.68656816 57.53295653 -0.44291813
276.53612666 57.72325718 -0.45226363
276.41284350 57.89553104 -0.47652712
276.29545013 58.07503633 -0.50527533
276.18271733 58.26976029 -0.53644690
276.06499672 58.46917051 -0.57571093
275.95998883 58.64283177 -0.61912319
275.85370566 58.83524147 -0.66456269
275.75076336 59.04471867 -0.72399825
275.66958362 59.23023583 -0.76830879
275.59896988 59.38027810 -0.80514513
275.51057621 59.56686307 -0.83462703
275.42662177 59.76813615 -0.88237306
275.33405655 59.95813251 -0.93265892
275.25828683 60.15781373 -0.99004712
275.17231592 60.39684517 -1.04064533
275.09635386 60.63319570 -1.09370393
275.01289589 60.91609883 -1.14749636
274.92955460 61.23674716 -1.20162306
274.83677881 61.56669664 -1.25292118
274.72708167 61.92135672 -1.30717154
274.63812120 62.30383855 -1.38048955
274.53746300 62.71719196 -1.44634417
274.42797551 63.14301300 -1.48084783
274.36843153 63.60425487 -1.53550520
274.27965608 64.07828300 -1.57744530
274.16592207 64.54913777 -1.60759197
274.03038769 65.02476127 -1.64893281
273.94464262 65.54405595 -1.70301257
273.86175193 66.08165240 -1.75654033
273.73693797 66.59688827 -1.78625928
273.61810534 67.15270678 -1.82617877
273.47606227 67.70772355 -1.86218081
273.32066558 68.29140089 -1.89201397
273.17013013 68.86988401 -1.90601836
273.01267493 69.45822923 -1.91955438
272.83794244 70.07758418 -1.91224179
272.67360418 70.69159788 -1.90870760
272.49348735 71.31836391 -1.89998088
272.28532102 71.93390360 -1.90571494
272.06755542 72.58095870 -1.87002774
271.81972070 73.24433597 -1.83394386
271.58064518 73.91933040 -1.80846981
271.35799600 74.57696598 -1.76184082
271.11459213 75.26277620 -1.71485932
270.84218702 75.95696274 -1.65660002
270.56419435 76.64860054 -1.59599103
270.31559488 77.32076290 -1.52749531
270.05007426 78.00901403 -1.45302116
269.77724748 78.71152108 -1.36728939
269.51490870 79.40195636 -1.28167724
269.22699300 80.14711407 -1.15756263
268.94830383 80.84684557 -1.04292476
268.63510217 81.58672763 -0.90414655
268.32636603 82.31923803 -0.76954178
268.01572851 83.04424442 -0.62784035
267.70128809 83.77046318 -0.49599016
267.39516274 84.48363811 -0.35144387
267.06934878 85.22783516 -0.16842186
266.74596814 85.95393762 0.02559492
266.41405731 86.65703455 0.20189522
266.05688207 87.36126947 0.39130368
265.69669463 88.06223075 0.58265951
265.35824429 88.73929090 0.77611468
264.99742721 89.40932540 1.00314437
264.63387139 90.04731826 1.20970245
264.26873199 90.66451822 1.40163234
263.91089002 91.30793900 1.62856362
263.52090660 91.95977973 1.88247296
263.12263700 92.56193588 2.14409570
262.73089727 93.17230012 2.39765095
262.34631674 93.75813164 2.62319798
261.96922561 94.31286539 2.87932207
261.57783678 94.86137197 3.13106892
261.19435208 95.38260370 3.38631463
260.81648838 95.87438137 3.64193867
260.43093499 96.33954672 3.87499538
260.03629137 96.80852417 4.10558324
259.64372928 97.25743113 4.33889916
259.24828223 97.67543192 4.55640696
258.89843748 98.06078214 4.75517021
258.54466740 98.44459057 4.95788238
258.20111177 98.80158115 5.14392271
257.80299458 99.16197029 5.33821567
257.41880949 99.51252971 5.53271677
257.02961680 99.83553038 5.71228034
256.63967881 100.14995434 5.86801503
256.27097983 100.44370979 5.98492824
255.86037116 100.74033772 6.11350911
255.44338119 101.04626566 6.21557389
255.03157673 101.33903989 6.30854750
254.60908119 101.64548056 6.37200104
254.20516688 101.93111227 6.41982615
253.75839362 102.24873530 6.46398657
253.29820345 102.57058139 6.48089258
252.84765165 102.90973792 6.48998596
252.40103521 103.23195132 6.48844505
251.94258101 103.56878191 6.47896998
251.46717492 103.92744601 6.43124800
251.01444275 104.26929546 6.38805496
250.51575008 104.65306910 6.34639653
250.03576438 105.05421353 6.29990088
249.55669946 105.44692296 6.24967662
249.04275777 105.86222409 6.21943479
248.47642530 106.28511594 6.20877910
247.91548424 106.73479524 6.18180285
247.34117974 107.17978130 6.16973988
246.74109769 107.62894824 6.18231498
246.12280202 108.07687024 6.19289884
245.47265257 108.56508049 6.18740191
244.82545721 109.03803341 6.20312919
244.17801030 109.50925622 6.20637011
243.51979016 109.98718802 6.23215308
242.85536779 110.47212028 6.24081132
242.16344836 110.98540731 6.26615702
241.42211245 111.48540059 6.30577452
240.65889919 111.99352431 6.32436970
239.86249584 112.53142296 6.36486553
239.04688917 113.06514263 6.39952767
238.25066750 113.59790245 6.43816275
237.43231459 114.13258567 6.48203285
236.60420467 114.66894722 6.55185667
235.75242809 115.19144697 6.62106480
234.91965872 115.69541665 6.66179517
234.04288270 116.20917216 6.73495692
233.16308313 116.73113568 6.76572395
232.25629353 117.26302927 6.79332293
231.32255498 117.80811979 6.83107732
230.36576493 118.34890650 6.87924953
229.45335820 118.89847887 6.94532355
228.50810679 119.45235592 7.01765674
227.53536924 119.99610087 7.08887109
226.58251306 120.54143380 7.14529704
225.61021641 121.11300743 7.19652635
224.63102876 121.68556311 7.24169520
223.69123029 122.21955420 7.29345916
222.72177716 122.78124749 7.33561273
221.75348605 123.33089947 7.38700801
220.82270553 123.86383760 7.44693090
219.85837535 124.41150838 7.49666723
218.93304055 124.96364275 7.53559536
217.98895903 125.50479275 7.54465804
217.03400231 126.07697690 7.57704770
216.07668539 126.63245137 7.61459770
215.17471017 127.16173307 7.65286909
214.26316872 127.67737077 7.68406662
213.33645108 128.21289462 7.71830397
212.41941783 128.74259452 7.72988421
211.49368355 129.28671080 7.74626986
210.56299153 129.84732109 7.73654895
209.64793433 130.41380198 7.75044166
208.73515641 130.97570590 7.75330883
207.81724863 131.52755801 7.78307045
206.94696095 132.06077510 7.78936505
206.05671660 132.60135596 7.79373226
205.18146626 133.16252602 7.81261680
204.28968861 133.71340042 7.81802915
203.39973986 134.28416393 7.82054896
202.53191665 134.83528050 7.84129219
201.65085961 135.39979599 7.86090909
200.81473698 135.94131982 7.87835055
199.97969979 136.49488652 7.90247208
199.13240401 137.05086297 7.91243509
198.30708005 137.59818769 7.94712534
197.52217710 138.11310658 7.97217877
196.75543485 138.62804997 7.98418799
195.97670615 139.15274084 8.02140341
195.21967322 139.67607777 8.05482455
194.46498224 140.19756000 8.06712865
193.74682944 140.70137724 8.09206053
193.03235098 141.20475475 8.12003889
192.36712126 141.66909121 8.12562511
191.71340732 142.11773638 8.16677472
191.08599398 142.55531804 8.19212883
190.46374250 142.98993341 8.22482926
189.86030615 143.41871446 8.24141332
189.24963123 143.83566684 8.26176276
188.66378873 144.24188430 8.26091476
188.08574236 144.64883985 8.27108455
187.36193301 145.18659745 8.39074250
186.80561985 145.59587383 8.37354140
186.26419101 145.98730639 8.35440277
185.73347826 146.37993306 8.31161894
185.20347033 146.77543707 8.26001323
184.69797221 147.18640479 8.19997748
184.19146979 147.60325895 8.13057715
183.71144813 148.02506970 8.02993295
183.25054742 148.43946040 7.93537930
182.79986798 148.88325630 7.83160599
182.35045836 149.34131716 7.71089850
181.91317505 149.81070928 7.56562366
181.51508854 150.27935947 7.40811886
181.16079781 150.76916489 7.20968915
180.81478996 151.26781940 6.99382191
180.50953011 151.79757028 6.76108454
180.23840608 152.30879337 6.53606537
180.00307657 152.85007947 6.29812627
179.78489380 153.37101495 6.05657468
179.59256682 153.91585154 5.77483531
179.46626732 154.47221317 5.50215685
179.37527340 155.06709050 5.22744963
179.31068933 155.69236391 4.94863835
179.25617961 156.31251351 4.68137125
179.25039217 156.93205228 4.40548758
179.26050334 157.54077569 4.16349527
179.32792821 158.20308486 3.88854842
179.40225685 158.84941189 3.62196890
179.55773994 159.52269596 3.35482281
179.72115663 160.20147908 3.10324855
179.91753187 160.86990661 2.85951686
180.13628674 161.55497554 2.64260104
180.37549977 162.25564024 2.44037376
180.63543342 162.98013512 2.23000811
180.90084590 163.70183538 2.03013893
181.18939428 164.39954417 1.84064153
181.48359853 165.12317747 1.65559365
181.78010536 165.84958590 1.49978588
182.09244977 166.58167180 1.34998556
182.40415495 167.29417236 1.23022201
182.73697016 168.07299228 1.10838775
183.06886393 168.85273135 0.99740549
183.41977023 169.60154121 0.90462382
183.73173266 170.33416919 0.82520499
184.05061134 171.08651367 0.75657253
184.41540902 171.86848411 0.70580982
184.76006520 172.64665325 0.66852074
185.12601423 173.43277334 0.64504002
185.49685786 174.26491238 0.60805871
185.86305876 175.07000010 0.58213512
186.23061325 175.90697351 0.54468692
186.59662242 176.68807006 0.50005684
186.95236897 177.50060177 0.46586244
187.33410785 178.32245672 0.41844069
187.71283581 179.16653725 0.36695143
188.09238546 180.02599080 0.33410471
188.48438397 180.90779905 0.31653099
188.89456980 181.79326666 0.30862171
189.29865073 182.68642313 0.29588683
189.72008693 183.61503030 0.27311465
190.14328854 184.52681240 0.25009417
190.56930823 185.42799493 0.22980015
191.00421189 186.35212397 0.21458961
191.43057027 187.27567079 0.18439699
191.86849749 188.22187683 0.15969505
192.31575529 189.17754874 0.16317032
192.76745549 190.12899173 0.16898641
193.21848686 191.09471778 0.16465011
193.64486976 192.05679141 0.14693512
194.09382765 193.01993523 0.13478356
194.54620654 193.98747660 0.12414011
195.00318993 194.95628865 0.13017583
195.45384468 195.92921682 0.13483880
195.90616019 196.91383850 0.13338903
196.35981693 197.90085942 0.13388546
196.81000678 198.88587549 0.13776339
197.27088123 199.86580993 0.12852380
197.72597807 200.84618173 0.12265483
198.18453135 201.80942835 0.10992137
198.64263256 202.76312266 0.10954507
199.11071463 203.72938941 0.11701864
199.56571711 204.68314610 0.11955548
200.02592424 205.65213915 0.12787947
200.48546322 206.60970897 0.14216184
200.93966647 207.58535506 0.15955323
201.38659531 208.55608563 0.16663519
201.82816478 209.52219985 0.15855506
202.27047887 210.47475616 0.15251401
202.71956983 211.42214082 0.15780550
203.16993967 212.35319553 0.16341072
203.62020708 213.29811069 0.16849944
204.07240991 214.24097672 0.17584214
204.52856386 215.21390423 0.17969084
204.98536206 216.17193460 0.17882059
205.44250142 217.13689526 0.18128517
205.90018812 218.07729134 0.18375445
206.35795362 219.02162377 0.19997562
206.81419095 219.94989681 0.20843674
207.26273885 220.89460358 0.21163289
207.72612984 221.81212082 0.20807829
208.17677524 222.71772749 0.20092573
208.61951899 223.61751566 0.20038444
209.05582377 224.55771095 0.20532949
209.50365599 225.45398461 0.19899421
209.95422737 226.37760237 0.20496105
210.40023010 227.32199820 0.20030207
210.83382176 228.26163389 0.19050561
211.26004202 229.17537013 0.18041683
211.69605018 230.12347592 0.16907180
212.12548601 231.04345175 0.15376478
212.55342244 231.93003293 0.14510975
212.98102951 232.83538413 0.14961761
213.39479040 233.73721784 0.14296521
213.81698677 234.66241441 0.12843666
214.22951261 235.56572982 0.13029773
214.64017601 236.48510418 0.14105689
215.04684019 237.41496588 0.15852864
215.43971304 238.32213371 0.16352390
215.83086065 239.23586114 0.16018091
216.20390171 240.13520182 0.16672272
216.57829860 241.04024782 0.17543603
216.95287145 241.95939936 0.17121729
217.34142014 242.88591823 0.17315316
217.73146924 243.79841387 0.16828724
218.11465467 244.69613130 0.17260446
218.51227354 245.61063674 0.17347164
218.92862394 246.53092702 0.17552257
219.33845137 247.43710475 0.17488956
219.74702242 248.36737694 0.17017728
220.17556894 249.30777210 0.16684799
220.59258583 250.22902304 0.15072163
221.01725084 251.14851959 0.12820688
221.45642537 252.07842776 0.11190767
221.90042302 252.98533824 0.09794230
222.35934019 253.92247540 0.09913621
222.81422891 254.82344520 0.09447715
223.26103178 255.69334450 0.09019774
223.71256078 256.59470755 0.08540999
224.17172510 257.49864894 0.09228764
224.63078029 258.40240143 0.09441931
225.09362198 259.30982657 0.08728840
225.56136790 260.22496761 0.08433367
226.04046605 261.11000503 0.09211089
226.51706583 262.02088967 0.08694357
226.99069398 262.91060539 0.07165505
227.44961156 263.80004875 0.04735054
227.92205767 264.68079538 0.03414035
228.39018532 265.56679254 0.02715506
228.86170640 266.44299890 0.02469462
229.33114571 267.29845314 0.01950729
229.80297742 268.17135900 0.00018788
230.26760806 269.03351244 -0.01662200
230.73084679 269.91439491 -0.01724059
231.18161242 270.76941072 -0.02594082
231.63258413 271.59107324 -0.04278787
232.08119324 272.43097346 -0.05129598
232.51195593 273.23438767 -0.05614606
232.94658433 274.04194875 -0.07264358
233.37200535 274.82733329 -0.08257820
233.78952085 275.61165151 -0.08474227
234.20864766 276.38141197 -0.08609391
234.62339507 277.13382946 -0.09859967
235.03156372 277.87180115 -0.10759010
235.44678356 278.58579151 -0.11270591
235.86175175 279.30661430 -0.10786957
236.26826701 279.98492689 -0.11049166
236.66264530 280.65120140 -0.10867867
237.04581293 281.29972015 -0.12397882
237.42232508 281.91223526 -0.14631184
237.79077656 282.52552962 -0.16383385
238.15516856 283.11787627 -0.17322770
238.51305165 283.70952534 -0.18067859
238.86701950 284.29823776 -0.18840434
239.22488516 284.88412934 -0.20031620
239.58302940 285.46460650 -0.20922534
239.93599756 286.03833070 -0.20032501
240.29072792 286.61227284 -0.19613032
240.62444557 287.18081198 -0.19211446
240.94764585 287.74871882 -0.19910326
241.26479302 288.32062291 -0.20682411
241.58105965 288.89926634 -0.21299495
241.88594647 289.46644983 -0.21122186
242.17561059 290.05639389 -0.21207820
242.45440212 290.66613434 -0.19865305
242.75003806 291.29258003 -0.19684604
243.03694829 291.91712118 -0.19472591
243.32244359 292.57609029 -0.19322557
243.59528750 293.24848336 -0.18599430
243.87435651 293.94336667 -0.18506815
244.16405458 294.64417725 -0.17967878
244.45353247 295.34990191 -0.16466602
244.75765873 296.08967599 -0.14572011
245.06364512 296.82214614 -0.14038253
245.39240897 297.55870908 -0.14374726
245.72992391 298.32856252 -0.14372829
246.06567579 299.11452070 -0.15179065
246.42541815 299.91146846 -0.14710471
246.79514504 300.69400720 -0.13019711
247.19175174 301.50363520 -0.12496855
247.60294042 302.30095115 -0.12952985
248.03114598 303.13005998 -0.13909477
248.46919326 303.95250893 -0.14561417
248.92119585 304.78258509 -0.13735587
249.38753693 305.63558378 -0.12045532
249.86774174 306.48556542 -0.11261471
250.35507175 307.34345704 -0.10364326
250.85194296 308.20697806 -0.10577380
251.35485713 309.08883165 -0.10529024
251.87166723 309.98360307 -0.10843285
252.39433360 310.88534542 -0.10298634
252.91627203 311.80838716 -0.10335164
253.44192543 312.73101171 -0.10411746
253.97692833 313.69309385 -0.11402868
254.49391611 314.58625144 -0.11499893
255.03027473 315.54232730 -0.11750772
255.55260076 316.46728300 -0.11513092
256.06070438 317.40957680 -0.11953059
256.57920587 318.33222264 -0.10357762
257.08660945 319.28424685 -0.08401124
257.58370166 320.22471067 -0.07541443
258.08208799 321.17900901 -0.07126627
258.58481027 322.13300474 -0.07525689
259.07865886 323.08756101 -0.08237620
259.56831681 324.03409480 -0.08121741
260.05454851 324.97208407 -0.07889575
260.53504698 325.90201979 -0.08295081
261.02371849 326.83016666 -0.08322926
261.50716836 327.77934582 -0.07238454
262.00009619 328.71724967 -0.06063909
262.48331493 329.65276486 -0.05333924
262.95747149 330.58162964 -0.05100521
263.43792389 331.50500554 -0.05996047
263.91302139 332.42219587 -0.06192707
264.39119115 333.32165229 -0.07047787
264.87804637 334.24545574 -0.06892250
265.35964268 335.13947607 -0.05961098
265.82837549 336.04576864 -0.03857154
266.30117800 336.94321091 -0.02399494
266.75697593 337.82083045 -0.01707289
267.21847709 338.65906282 0.03913088
267.65187965 339.48992414 0.03696211
268.09208329 340.28409116 0.03054344
268.51365435 341.13556620 0.02937997
268.93714352 341.91909304 0.03359627
269.33700023 342.72039796 0.04240275
269.74448302 343.50824230 0.04174198
270.13880693 344.28550076 0.04308402
270.54249467 345.04148184 0.03140328
270.92186288 345.79806221 0.03073555
271.27580963 346.61625531 0.04859710
271.64140080 347.38595391 0.04365041
271.98843363 348.14485251 0.04187170
272.32263532 348.89898997 0.04594309
272.64036244 349.59838330 0.03951958
272.99198043 350.28937518 0.03795254
273.28516257 350.95699491 0.04599540
273.57492675 351.58956521 0.04830271
273.83229219 352.26633819 0.04964590
274.08664848 352.89569706 0.06831593
274.33089877 353.45540047 0.05568938
274.55262171 354.03010565 0.06447589
274.74876940 354.56085272 0.07055516
274.94292635 355.06496847 0.08539478
275.13720079 355.53102273 0.09414677
275.32836824 355.99517538 0.09975878
275.52155814 356.44346603 0.10907100
275.73496332 356.87451729 0.11492160
275.95974899 357.27942866 0.11642629
276.20093479 357.66625781 0.12931191
276.48617334 358.05283975 0.13823076
276.75954849 358.42742552 0.13604872
277.06724021 358.76750657 0.13199091
277.38389685 359.10109216 0.13735775
277.73393512 359.41265588 0.13514310
278.10983613 359.70982115 0.12761766
278.50792751 359.96779967 0.12638393
278.88632745 360.23302018 0.13092489
279.28914449 360.46371018 0.14374641
279.62817765 360.53834911 0.14966221
279.97229036 360.58962358 0.17723353
280.38599473 360.72198629 0.18080112
280.78058528 360.82840130 0.18809542
281.24207616 360.94082397 0.15797640
281.55216570 360.91616302 0.19203163
281.86450757 360.82851463 0.09012511
282.29315082 360.84788821 0.05374057
282.74624593 360.81736937 0.03615521
283.22355271 360.74819771 0.02924084
283.68755553 360.64519413 0.03005169
284.14417613 360.51579209 0.03027373
284.66226155 360.37906082 -0.00371303
285.13891315 360.23477142 -0.00652984
285.63713071 359.98606268 0.01423555
286.05624333 359.92324352 0.03072576
286.60039511 359.69355789 0.03181693
287.16419277 359.44497445 0.02470549
287.70439848 359.18700349 0.01559806
288.34164366 358.93102785 -0.00293182
288.88705978 358.63309344 0.01655480
289.43778773 358.35587852 0.04159443
289.98955506 358.06233041 0.03863465
290.60391631 357.76295309 0.02562854
291.20968467 357.44157407 0.00655063
291.81497578 357.12361487 0.01068930
292.41663218 356.79742824 -0.00006749
293.03725308 356.47896662 -0.01027483
293.69478724 356.15377542 -0.02457823
294.35509696 355.81259159 -0.03252595
295.03687165 355.47568423 -0.02692125
295.73143540 355.11680485 -0.02693434
296.44085854 354.76179697 -0.03744322
297.17106282 354.38836098 -0.05230638
297.92806656 354.00591586 -0.06507655
298.68836790 353.62068534 -0.07256946
299.45977045 353.23010111 -0.07675599
300.25221418 352.82539699 -0.08917369
301.01658818 352.43560942 -0.10506757
301.79356830 352.02947304 -0.10425703
302.58728910 351.63652681 -0.10470676
303.37194330 351.25097131 -0.09594859
304.19555522 350.83881829 -0.08189482
305.00757552 350.41879822 -0.07603311
305.81753980 350.00237795 -0.07822339
306.64625902 349.56870307 -0.08382300
307.49814428 349.11660955 -0.09647855
308.34704655 348.67194648 -0.09476778
309.19936866 348.23713626 -0.11044439
310.04750922 347.79524623 -0.12504246
310.90090697 347.35321559 -0.13478596
311.76974620 346.90666067 -0.14166654
312.71732471 346.41797822 -0.12901088
313.59517762 345.96406822 -0.09321317
314.43959712 345.54171890 -0.08645699
315.23369498 345.11941368 -0.07215717
316.07029367 344.66871661 -0.04114491
316.90125290 344.22824581 -0.03496531
317.72804538 343.78642866 -0.04102509
318.55652522 343.34487891 -0.02894278
319.38766007 342.90120679 -0.02152831
320.23922542 342.46098882 -0.03087495
321.09289067 342.01144834 -0.04589268
321.95950451 341.54913039 -0.05248076
322.87173804 341.10267832 -0.05784741
323.74696238 340.63262330 -0.05654089
324.64301127 340.16931432 -0.06756507
325.50222509 339.72215884 -0.08275552
326.33330270 339.27980447 -0.09539739
327.18411785 338.83409752 -0.10357108
328.00535667 338.40401422 -0.09645910
328.85666684 337.96480541 -0.08999868
329.70452980 337.52673471 -0.07500508
330.58126461 337.08653778 -0.05115809
331.41392662 336.65532282 -0.04028833
332.24421507 336.22330942 -0.03939011
333.09473459 335.79510267 -0.04282497
333.92674201 335.36778692 -0.04415911
334.79055973 334.95163314 -0.05020151
335.61266061 334.53542109 -0.05013127
336.42079959 334.11781093 -0.03031140
337.23354014 333.71262082 -0.01712781
338.04839549 333.30293065 -0.00312439
338.85555333 332.88909510 0.01169492
339.68922926 332.48350775 0.02280241
340.50026447 332.08035952 0.03171162
341.32726890 331.68612812 0.03777314
342.14251345 331.30644411 0.04916242
342.94055869 330.93287121 0.04943777
343.77154096 330.58108882 0.04374899
344.59584846 330.22490433 0.04071007
345.40775715 329.87883451 0.04290929
346.24836445 329.54833538 0.04635045
347.09385103 329.22414676 0.05321059
347.92961242 328.91993358 0.05274628
348.78501487 328.62686126 0.04555876
349.60650552 328.34342964 0.04116234
350.44302298 328.05062468 0.04455955
351.27486873 327.77639464 0.05557484
352.11099233 327.50387530 0.06484589
352.92904654 327.24216831 0.07083266
353.74216535 326.98729515 0.06332911
354.55343320 326.73450757 0.05622558
355.39263225 326.50667351 0.05755643
356.21827078 326.28919552 0.07129845
357.02570090 326.07685112 0.08053418
357.87091732 325.87153491 0.08072707
358.69269137 325.67727320 0.07812069
359.53892841 325.48877218 0.07743450
360.38444695 325.30464730 0.07785447
361.22159082 325.13894021 0.07713000
362.05918521 324.97311635 0.08009113
362.93554367 324.82670893 0.07922828
363.78008143 324.67921744 0.07658561
364.60495820 324.54587984 0.07385477
365.44540003 324.41058069 0.05973173
366.28077845 324.28798523 0.04988565
367.11584064 324.17149499 0.04923884
367.94578252 324.06649483 0.04965810
368.78794359 323.96135353 0.05856990
369.60190961 323.86653024 0.06294034
370.41473508 323.77303457 0.06131570
371.23094320 323.68519427 0.05760138
372.05434497 323.60560110 0.06699406
372.86425867 323.52727162 0.09408441
373.66488133 323.45733619 0.10734492
374.47023915 323.40256711 0.11720171
375.26797410 323.35959306 0.12683562
376.07408391 323.31824395 0.13744320
376.86664021 323.28953903 0.15034912
377.65164911 323.26247544 0.16183819
378.43945884 323.24946920 0.17029504
379.23478207 323.23426637 0.19380768
380.01311942 323.22346683 0.20443110
380.80552573 323.22401866 0.21463550
381.58946477 323.22966937 0.23562443
382.38113464 323.23557896 0.25684518
383.14973814 323.25535224 0.27093870
383.90892864 323.27591444 0.27034365
384.64448580 323.30654682 0.26537329
385.37614902 323.35212756 0.26259039
386.09012584 323.39503240 0.25981294
386.79371109 323.44168114 0.26865974
387.48778064 323.49875242 0.27226028
388.16485259 323.56657211 0.27602246
388.81825597 323.62637993 0.27932092
389.44490317 323.69674849 0.28099611
390.04561704 323.74902314 0.27910721
390.63135676 323.81357917 0.27825996
391.19338072 323.86802008 0.28231037
391.73368605 323.91687859 0.28700630
392.25757557 323.96120183 0.29224800
392.75194777 323.99876826 0.30612528
393.22435583 324.02335953 0.31568551
393.66481488 324.03611948 0.31971511
394.08510248 324.03542592 0.32810112
394.49847157 324.03996663 0.32637114
394.89509253 324.03124908 0.32368394
395.29928308 324.02043495 0.31406375
395.69394826 323.99924500 0.30671395
396.10234520 323.96401173 0.29438487
396.49426661 323.91913734 0.28543667
396.88806100 323.85180522 0.27216581
397.27269371 323.77603851 0.26991618
397.64821175 323.68303153 0.27742066
398.01440912 323.58770244 0.28814023
398.36637553 323.47832321 0.29626471
398.71642582 323.36509938 0.29481543
399.06417282 323.22542301 0.27826647
399.42265199 323.06700378 0.27121922
399.77500296 322.88344031 0.26786731
400.11955104 322.67562044 0.25862718
400.47757074 322.45446307 0.26524963
400.83121757 322.21654710 0.27207997
401.18970520 321.95876921 0.28089747
401.53082468 321.66777147 0.28745230
401.87404291 321.35163129 0.28583586
402.19640831 321.01493450 0.29002741
402.50700510 320.66210523 0.29271432
402.80400295 320.26908119 0.29150640
403.08893247 319.81950934 0.28180537
403.36254765 319.34995607 0.27629538
403.62275492 318.83551640 0.26593481
403.85841985 318.27625359 0.26122315
404.08286351 317.67025543 0.25819609
404.27159637 317.03644506 0.25109408
404.45235900 316.37055338 0.24245736
404.62269806 315.69217292 0.24078098
404.77942712 314.98491447 0.23283094
404.92390002 314.26084606 0.22813821
405.06749712 313.48816261 0.22297273
405.19890770 312.69303038 0.21365041
405.32078211 311.88425066 0.21089248
405.44950154 311.07316598 0.21155365
405.58126627 310.18452882 0.20328562
405.70741652 309.28841679 0.19374472
405.83327763 308.38474320 0.17723835
405.95688286 307.43852367 0.15979923
406.07983970 306.49275619 0.14846741
406.21470141 305.50159702 0.14999142
406.33414394 304.53622473 0.15291146
406.46796118 303.54178350 0.14133431
406.57917487 302.57506219 0.14282655
406.68371156 301.59856958 0.14139455
406.80863830 300.57539285 0.13496477
406.92910930 299.58626331 0.13438792
407.04739739 298.57497697 0.12610144
407.17616428 297.54245932 0.12313937
407.30223803 296.50806019 0.12103700
407.42944217 295.49954561 0.12391190
407.54790996 294.48450187 0.12467798
407.61483152 293.47871691 0.12272445
407.69533994 292.45871424 0.12178269
407.77948665 291.41225516 0.12090726
407.86827570 290.38683279 0.11563183
407.96018368 289.37134188 0.11611884
408.05525635 288.35271434 0.10968486
408.16356443 287.32910656 0.11214303
408.26898937 286.30866199 0.11733337
408.37242374 285.28723122 0.11794208
408.48184492 284.24747804 0.10889445
408.59039834 283.23078638 0.10575473
408.70299963 282.20588348 0.10459816
408.80702951 281.23176226 0.11126754
408.91980134 280.24977070 0.11426897
409.03548982 279.26503928 0.12188264
409.14635289 278.28261809 0.12814042
409.26236528 277.29638280 0.12985175
409.37321237 276.36538714 0.13438528
409.48214553 275.36326177 0.13262047
409.60451558 274.36793886 0.14122195
409.71633505 273.39872233 0.14803879
409.82612818 272.40733501 0.13958262
409.95045142 271.44874753 0.13323998
410.07295496 270.45754501 0.12260222
410.20373539 269.43764371 0.10689361
410.33578642 268.42686421 0.09680633
410.48274040 267.42229153 0.09295560
410.62825693 266.43631906 0.09335815
410.77675371 265.40380419 0.08018841
410.93426801 264.40269935 0.07878538
411.10394281 263.36484155 0.08586009
411.26658079 262.32967165 0.08253516
411.44029288 261.28694857 0.07312776
411.60952828 260.21799305 0.06725051
411.77770307 259.17777402 0.07893712
411.94742584 258.11433466 0.08577349
412.10609482 257.08783386 0.09909161
412.27732514 256.03931299 0.10178350
412.43598710 254.97823273 0.11125519
412.60249941 253.93164147 0.11154086
412.77564792 252.89769899 0.11138598
412.94508622 251.85949984 0.11208170
413.12141995 250.80965081 0.10732751
413.29555296 249.78083162 0.10696721
413.47304259 248.75074049 0.10156468
413.64268168 247.69907744 0.09563927
413.81525094 246.67908500 0.08957345
414.01011891 245.65853822 0.08167391
414.17615936 244.65282190 0.08035076
414.35688190 243.66163107 0.07778580
414.52849191 242.66518633 0.07164936
414.70598843 241.68121292 0.06779144
414.87644975 240.68099612 0.06225606
415.04346040 239.73122803 0.06379352
415.20443077 238.79480582 0.06205550
415.36378112 237.87414302 0.05879723
415.49580033 237.00921475 0.07546959
415.64090487 236.14191756 0.07485720
415.78190750 235.30690319 0.08672002
415.91994972 234.47106107 0.08229196
416.04436552 233.67349175 0.07863378
416.15499898 232.88789199 0.07847039
416.25018089 232.13366096 0.08027430
416.32319293 231.40662234 0.08530841
416.39086675 230.70597562 0.09133588
416.44039120 230.00417335 0.09240914
416.46793499 229.32626281 0.09209802
416.48178993 228.68443566 0.09541441
416.46812752 228.03782674 0.09874329
416.42991962 227.39701263 0.09962733
416.35849702 226.76513304 0.10183016
416.25902727 226.12661761 0.10851406
416.12503025 225.50713621 0.10756816
415.95263207 224.90237739 0.11330180
415.75285172 224.31996388 0.11288607
415.52515652 223.76114175 0.10455489
415.26025590 223.23317755 0.10433025
414.95437517 222.73134147 0.09740935
414.62730512 222.25107544 0.09863931
414.26554761 221.80304386 0.08857074
413.86586204 221.39117724 0.09121842
413.44530603 221.04056597 0.09109858
412.99545510 220.70737777 0.09043125
412.51166679 220.37294093 0.08939194
411.99646886 220.09149461 0.09340906
411.47265497 219.84342373 0.08938768
410.93042365 219.60655575 0.08495248
410.35832223 219.38682199 0.07574466
409.77672158 219.21296178 0.06202546
409.17205663 219.05104102 0.05041815
408.57243344 218.92480175 0.03558649
407.95063313 218.80988806 0.02230018
407.30621984 218.72790884 0.00651090
406.64692319 218.66500940 -0.01041969
405.96180634 218.61803482 -0.02771137
405.26745562 218.59516818 -0.04768644
404.56238148 218.62150994 -0.06626840
403.84666916 218.66341078 -0.07304114
403.09876848 218.73128951 -0.09232355
402.35109920 218.82132352 -0.10109473
401.59256183 218.93168435 -0.09952836
400.80996917 219.07457657 -0.10936239
400.01521731 219.24389999 -0.10956187
399.18364765 219.45336581 -0.10721898
398.34953175 219.66175073 -0.10925645
397.51744093 219.88298712 -0.11837200
396.66258059 220.12915165 -0.13413144
395.79747829 220.38570774 -0.14499342
394.92613879 220.65390706 -0.15357752
394.02377293 220.96630260 -0.16979493
393.14407011 221.27721525 -0.17672056
392.26271083 221.61122016 -0.18234765
391.37207985 221.95959336 -0.19096887
390.45398749 222.33037665 -0.19869851
389.51088326 222.71696892 -0.20692477
388.57573908 223.11156113 -0.20728410
387.63038671 223.51069612 -0.19505488
386.64378549 223.93679731 -0.19034103
385.69291193 224.34269687 -0.17731777
384.71855762 224.77606519 -0.17282582
383.72519793 225.20938639 -0.16941202
382.74224490 225.64084390 -0.16053548
381.75487152 226.07187863 -0.14025390
380.76388756 226.49928125 -0.12531209
379.76987158 226.95033304 -0.11887737
378.76752909 227.39788880 -0.10266967
377.78615828 227.82674157 -0.09746408
376.80000123 228.26892421 -0.09194853
375.79600248 228.72747400 -0.07304008
374.77692333 229.19816412 -0.06008756
373.77118937 229.66616191 -0.05192244
372.76350425 230.14224695 -0.04018824
371.73991739 230.63898885 -0.02614552
370.71734138 231.13843746 -0.01823291
369.68764275 231.63055343 -0.00864579
368.65971260 232.13660743 -0.00307215
367.65937887 232.61180659 0.00930925
366.67028616 233.10275476 0.01124617
365.66036953 233.60363195 0.01845750
364.65794394 234.10644675 0.02519644
363.64778763 234.62372747 0.02543700
362.64888324 235.11073031 0.03965254
361.66226172 235.61571200 0.04915922
360.64981423 236.13592232 0.05656620
359.64979078 236.64921091 0.06220437
358.64554016 237.17294472 0.06177128
357.66473013 237.67567195 0.06857988
356.66188832 238.18273204 0.07801880
355.69488457 238.66609653 0.07489049
354.74018602 239.14584167 0.08652257
353.77795419 239.64056821 0.08121286
352.82738355 240.14732995 0.08864212
351.88424169 240.64116986 0.09201692
350.95209361 241.14550152 0.08728178
350.01758657 241.63524364 0.07917095
349.08467017 242.11487257 0.07743850
348.14149657 242.60969599 0.05849863
347.21318315 243.08935187 0.04758678
346.29560250 243.58694197 0.03885625
345.36382106 244.06838042 0.03811752
344.44783069 244.53326537 0.03702265
343.52443343 245.01787068 0.02915557
342.61680991 245.48576237 0.03389952
341.69311659 245.98462028 0.03735921
340.79151025 246.46043476 0.03898268
339.87425500 246.95238386 0.03662454
338.99142338 247.42283036 0.04131599
338.10380780 247.90280456 0.05651872
337.23507231 248.37303807 0.07124241
336.37381528 248.83561676 0.07331243
335.53238026 249.29998046 0.07027606
334.72207052 249.72530088 0.07165989
333.93698088 250.16029118 0.06709492
333.17165405 250.58188137 0.06866663
332.42798707 251.00148259 0.07392677
331.70090541 251.41551476 0.08152038
330.98340491 251.81352318 0.08720026
330.28381055 252.20922816 0.08604040
329.60195563 252.59590096 0.09048129
328.92266584 252.97590964 0.09650615
328.26477817 253.33625925 0.10105500
327.63425980 253.68262207 0.10336319
327.00368779 254.00705566 0.10214563
326.39439712 254.32224359 0.09479498
325.79134052 254.61075700 0.09643806
325.20012672 254.88309418 0.09679428
324.63738556 255.13610408 0.09805241
324.08809886 255.36469576 0.09970529
323.56119856 255.57124399 0.09735423
323.05055295 255.74647246 0.09687883
322.56832734 255.89208136 0.09101875
322.07899318 256.00203647 0.09101772
321.60927632 256.09057879 0.08687461
321.14573343 256.15918979 0.08676642
320.67478116 256.19610890 0.08954412
320.21682445 256.19931892 0.09281918
319.78448396 256.15988797 0.09724732
319.36054703 256.08136174 0.09464971
318.94032469 255.97951406 0.08838910
318.53311384 255.84862521 0.08918490
318.13687114 255.68261346 0.09107614
317.74046412 255.48120885 0.08692792
317.35471389 255.24604957 0.08401209
316.99518261 254.99654992 0.08757633
316.61693415 254.70609961 0.08733755
316.23056637 254.37729497 0.07569009
315.84894900 254.01233745 0.06276137
315.49738561 253.62321352 0.04438900
315.14391159 253.21637968 0.03020501
314.78919163 252.77453352 0.01837012
314.45549697 252.33170757 0.02063752
314.12846530 251.87376721 0.02694936
313.76905336 251.37970666 0.02362966
313.45537648 250.88300700 0.01623233
313.10700215 250.35789706 0.00097773
312.76935262 249.81263066 -0.00845638
312.42284657 249.25771646 -0.01006260
312.09481695 248.70227245 -0.01290283
311.73420324 248.10157715 -0.01505445
311.39032559 247.50107412 -0.01924545
311.02697541 246.88407419 -0.02759308
310.65348146 246.25819224 -0.02911735
310.27786345 245.60569473 -0.02785333
309.89864589 244.93553883 -0.02519918
309.49968026 244.23706555 -0.03143229
309.10552461 243.52307026 -0.03343359
308.69365552 242.79602426 -0.03354239
308.29435808 242.05701851 -0.02765448
307.87831936 241.29463192 -0.02918478
307.46485792 240.53137920 -0.01988098
307.03881219 239.74085556 -0.01164006
306.60659923 238.93337300 0.00595779
306.16142374 238.10565194 0.00389392
305.73487027 237.27969034 0.00656138
305.30527109 236.42142275 0.00881725
304.87601448 235.55926077 0.01111072
304.42678208 234.66892167 0.00851282
303.97178042 233.78000051 -0.00375374
303.51728447 232.87577089 -0.01854005
303.05696595 231.95855800 -0.02010264
302.57121327 231.01772657 -0.01730455
302.09776524 230.08301714 -0.01543074
301.60172939 229.11750981 -0.02550003
301.13823514 228.17980269 -0.02895518
300.65059122 227.21532059 -0.02487863
300.16404687 226.25525141 -0.03248149
299.67059957 225.29551797 -0.03580796
299.19003738 224.35467120 -0.01734581
298.71732996 223.41501519 -0.00809974
298.25330499 222.46632772 0.00808473
297.78051948 221.51110647 0.02029290
297.32276186 220.56714576 0.02763144
296.84603319 219.60727804 0.02676645
296.35321196 218.64465588 0.03761868
295.85579175 217.67356409 0.05153586
295.36153097 216.71187602 0.06530174
294.86499917 215.73870347 0.06605618
294.39273385 214.80056677 0.06512798
293.91518068 213.86200549 0.06421169
293.43766003 212.91969310 0.05966664
292.96844327 211.97695759 0.07174121
292.46549556 211.01024112 0.07644000
291.98435873 210.06003122 0.07020598
291.49623766 209.09724965 0.06197306
290.98609541 208.09359595 0.06312149
290.45934817 207.08922019 0.06600955
289.91508933 206.07368534 0.07013498
289.38305697 205.08358642 0.06710175
288.86348888 204.09347866 0.05781121
288.33795887 203.09952171 0.04074782
287.80640257 202.10063471 0.03729020
287.29001281 201.12046124 0.03665096
286.76391156 200.12816606 0.04295713
286.25728105 199.13619322 0.03431944
285.73365067 198.13114024 0.03308176
285.21132624 197.11091507 0.04037989
284.69937989 196.09828908 0.04311811
284.18011365 195.07957598 0.05307371
283.67230079 194.07183656 0.05502412
283.15294529 193.06479353 0.05388938
282.63723178 192.06230281 0.04624210
282.10789140 191.04680525 0.03054140
281.57475005 190.04483711 0.02132652
281.03029332 189.02620036 0.01736716
280.46394548 187.97021739 0.01290630
279.91692631 186.93500219 0.01077071
279.37590708 185.90339798 0.01532055
278.80999164 184.85842387 0.02118162
278.27938492 183.83914213 0.03377511
277.75568459 182.83336778 0.04125619
277.19056613 181.78213617 0.04233919
276.66435483 180.77372907 0.03076506
276.12455613 179.74131006 0.02577016
275.59778577 178.70267085 0.03039373
275.06542817 177.65777174 0.05325428
274.54034692 176.62715616 0.07217535
274.00733621 175.58794843 0.08259747
273.47804213 174.55386148 0.08450345
272.94958139 173.52059152 0.07602746
272.42760166 172.48902110 0.07168688
271.89037622 171.44599156 0.07017236
271.38587925 170.42840047 0.06459967
270.86595668 169.40816554 0.06137302
270.35027366 168.38515302 0.06557721
269.82020275 167.36101519 0.08099460
269.29096902 166.31250006 0.09971156
268.75736093 165.25812440 0.10814585
268.24328995 164.23832860 0.11415862
267.73763835 163.23169347 0.10264588
267.23392826 162.24374309 0.08721789
266.71882577 161.24449226 0.08623212
266.20829750 160.24705640 0.08531606
265.70190949 159.24339918 0.10572087
265.19456486 158.24633577 0.13367019
264.69058449 157.23858327 0.14588003
264.19631799 156.23958787 0.14386842
263.71180314 155.26184686 0.13626811
263.20916350 154.25130408 0.11970510
262.73014061 153.26889215 0.08227130
262.24265749 152.28695445 0.06890801
261.77259338 151.32873631 0.06387484
261.31476722 150.37391084 0.05416205
260.83642026 149.41418364 0.05620117
260.35221112 148.45136176 0.07130088
259.87909841 147.50192588 0.08789822
259.41000631 146.54778502 0.09400832
258.95536537 145.61513049 0.09228102
258.50812419 144.70023514 0.08147364
258.06751992 143.79200681 0.06051098
257.64450823 142.90404532 0.05311878
257.19052421 141.98414813 0.04778379
256.77614174 141.09581655 0.05368538
256.35840137 140.20946117 0.06406483
255.94808460 139.33123792 0.07841217
255.52362194 138.46267029 0.09276746
255.15377909 137.64246504 0.08372793
254.79103361 136.85576899 0.07817524
254.41932600 136.06558978 0.07112998
254.06122968 135.28587327 0.07574899
253.69968227 134.49828205 0.07600241
253.35747407 133.75391069 0.07787441
253.01827155 133.01248943 0.08756820
252.69257708 132.29305350 0.09177687
252.37286879 131.60078155 0.09722782
252.07723746 130.93226162 0.10030142
251.80331120 130.28263769 0.09622081
251.54523203 129.64794743 0.08840543
251.30051607 129.04908071 0.09800203
251.07245840 128.44747597 0.10400934
250.84079879 127.86020650 0.11273617
250.61451345 127.28664304 0.11115496
250.39118885 126.73836736 0.10886584
250.17032540 126.20306520 0.10235913
249.94464783 125.68663081 0.09798650
249.73084190 125.19316272 0.08853009
249.50252397 124.69692979 0.07280755
249.28764088 124.23782916 0.06442644
249.07489288 123.81450742 0.06114669
248.83863259 123.40698886 0.06321456
248.61103128 123.02146250 0.06594485
248.34976624 122.64947536 0.07111735
248.09367001 122.27067846 0.06954918
247.82551389 121.92707030 0.08203288
247.53727073 121.60169045 0.08631292
247.24542667 121.28885950 0.09323017
246.94914019 120.98693023 0.09531664
246.63723749 120.70965599 0.09923403
246.31516178 120.43862215 0.10457621
245.97185590 120.18727658 0.10344230
245.61644525 119.96075418 0.10031243
245.22425687 119.72984634 0.09748734
244.83200755 119.53428748 0.09897858
244.43231203 119.33917859 0.09235799
244.04635438 119.16020230 0.08842412
243.60550449 119.02739283 0.08247110
243.16029713 118.94019081 0.05696861
242.69593364 118.87314582 0.05099422
242.19130925 118.81388729 0.03796396
241.68839545 118.79132785 0.03340488
241.19148130 118.77199269 0.03365730
240.67637785 118.79218339 0.02304354
240.13831894 118.85967535 0.01330443
239.60874788 118.94232630 0.00961802
239.05162782 119.05395689 0.00979495
238.49085158 119.18413770 0.01312736
237.92537649 119.34853524 0.00737869
237.33975167 119.53901295 -0.00125060
236.77243449 119.75180695 -0.01448397
236.17786079 119.98396609 -0.02540583
235.57045107 120.25915196 -0.02972732
234.94903936 120.54975710 -0.02479711
234.31596936 120.86472933 -0.02734225
233.67024670 121.18950816 -0.03125363
233.01044336 121.53386524 -0.02914980
232.33019463 121.88802074 -0.02368256
231.62848029 122.27130350 -0.03358656
230.92298672 122.65713064 -0.04276235
230.20390111 123.05831643 -0.04733277
229.47214516 123.49095743 -0.05274760
228.72365980 123.93031457 -0.05331596
227.97628643 124.37094606 -0.05016797
227.20659334 124.81667606 -0.03555768
226.41649742 125.27592501 -0.01997379
225.60715370 125.74490504 -0.00745388
224.78402842 126.22628577 0.00277040
223.93799603 126.71847119 -0.01021592
223.08880123 127.21053502 -0.02058529
222.23430038 127.71064816 -0.03373224
221.35500517 128.21363586 -0.02440632
220.45500314 128.72594771 -0.02795807
219.56088395 129.22164215 -0.01381167
218.66769606 129.72723400 -0.00994813
217.77872734 130.22588800 0.00816916
216.90459389 130.70272945 -0.00209721
216.01997351 131.19819366 -0.00028575
215.17245783 131.65620798 -0.00269673
214.31662236 132.12281436 0.01054430
213.45999951 132.59156039 0.02585367
212.57310840 133.05598989 0.03905456
211.69810238 133.51777849 0.04931383
210.84323535 133.96495082 0.05966920
209.96785179 134.39541798 0.05262678
209.11638811 134.83527482 0.05863992
208.24115139 135.27656744 0.06222394
207.38055862 135.71924968 0.08364596
206.49481113 136.15380705 0.09378574
205.61663570 136.59562130 0.12350013
204.73703630 137.01469476 0.14571717
203.83169908 137.45333682 0.14729479
202.91870926 137.90370445 0.13971703
201.99873696 138.31081456 0.14070385
201.09517824 138.72290826 0.12381303
200.23212547 139.12233051 0.11581136
199.34281449 139.54930343 0.11223906
198.48856580 139.96023206 0.11884457
197.60865169 140.36472962 0.11062001
196.72723076 140.76283404 0.10825122
195.86814914 141.18140293 0.11227035
194.98952604 141.60727143 0.12300683
194.11298512 142.03555350 0.12852744
193.26917340 142.42264022 0.12801350
192.46735237 142.80171555 0.14025249
191.61759051 143.18431855 0.15074953
190.78495646 143.55699645 0.16407554
189.99002471 143.93582965 0.17698861
189.23605286 144.28126273 0.19570226
188.48536597 144.63532618 0.20283144
187.79273303 144.97841759 0.21904048
187.13167395 145.30127679 0.22420077
186.50351130 145.61688683 0.23318302
185.87792213 145.92558610 0.24578737
185.31665334 146.20330177 0.25306126
184.77782676 146.47603186 0.26037853
184.25402946 146.75455436 0.25482548
183.77070818 147.01728499 0.24979127
183.28496183 147.29845867 0.25522223
182.84275398 147.56097625 0.26215804
182.41317599 147.81821971 0.25856083
181.98951619 148.08411413 0.26014440
181.56533186 148.34206605 0.25822517
181.17461247 148.60753963 0.25832651
180.78297138 148.90457865 0.25739169
180.37321488 149.19881872 0.25824091
179.99214761 149.50781308 0.25208840
179.62599824 149.83047333 0.25537446
179.28307502 150.15135260 0.24382448
178.94899842 150.49378906 0.23776884
178.63763269 150.85723550 0.22693313
178.32587089 151.20675513 0.22113597
178.03483096 151.57901938 0.21681767
177.74976983 151.94262057 0.19629270
177.49197671 152.36455346 0.19295325
177.23871018 152.78778233 0.18738539
177.00613908 153.24031134 0.19847779
176.77402806 153.69554030 0.19705946
176.56268418 154.13974214 0.19692756
176.39496378 154.60687622 0.20027081
176.24558354 155.09174101 0.19338068
176.11445030 155.56388055 0.18553563
176.01367401 156.06626583 0.16273773
175.93741081 156.56446685 0.14857248
175.90071085 157.07018833 0.14078520
175.87505961 157.60468512 0.14404426
175.87705206 158.11699568 0.15072586
175.88235085 158.61463964 0.16420258
175.89773637 159.09537419 0.15564792
175.96514145 159.60480319 0.15196820
176.05872033 160.11443975 0.15804643
176.17011460 160.62272505 0.16688594
176.28602988 161.11749045 0.16631856
176.42367144 161.60799782 0.15438738
176.57972833 162.07748988 0.15771888
176.75178960 162.54547857 0.14729926
176.93532490 163.00533343 0.14224848
177.12413963 163.46093860 0.13984348
177.35154225 163.92740067 0.14027436
177.58755307 164.40129332 0.14791658
177.81803600 164.85101434 0.15438624
178.05295237 165.29353617 0.15784244
178.29530095 165.74382479 0.14978527
178.55006909 166.19783562 0.13794859
178.80763163 166.65144928 0.13268842
179.05557581 167.11296091 0.12679778
179.29073491 167.56416513 0.11542341
179.52628633 168.00854637 0.10273089
179.75499760 168.43070849 0.09007695
179.96506665 168.88149200 0.08618340
180.16023563 169.33694893 0.08350216
180.33948180 169.80657760 0.08177076
180.49802749 170.26777874 0.08021286
180.65108171 170.74038788 0.07717497
180.78608546 171.19852477 0.07891000
180.88349444 171.64071565 0.07170726
180.95426539 172.07298263 0.06967453
181.01069314 172.49646369 0.06204187
181.03598894 172.91737341 0.06121119
181.03341040 173.34441034 0.04058074
181.02061608 173.78345860 0.03281827
180.96457774 174.18520141 0.03102193
180.89754449 174.59424138 0.02311149
180.78334212 174.99188900 0.01580958
180.63296112 175.34163183 0.00393204
180.47938043 175.68388074 -0.01612552
180.31527725 175.99433325 -0.03359071
180.12665537 176.34167635 -0.06111278
179.89335282 176.68823726 -0.06875251
179.62006445 176.98853605 -0.08830083
179.29907596 177.29635998 -0.09152469
178.95554247 177.54243589 -0.11162654
178.59256003 177.81780442 -0.11805232
178.17458135 178.15389492 -0.12437275
177.74572905 178.43806827 -0.14062417
177.28858374 178.71871865 -0.16466630
176.82237100 178.97024121 -0.18056756
176.33387891 179.21104154 -0.20312854
175.83309064 179.45630628 -0.22850994
175.31687027 179.71770361 -0.24384774
174.77997873 179.97232677 -0.25242105
174.23685502 180.22595796 -0.26084625
173.66193774 180.48581563 -0.27364274
173.06485776 180.75657584 -0.28642422
172.44662634 181.04480455 -0.29363374
171.80813997 181.38805322 -0.29650440
171.16362403 181.70806747 -0.29918399
170.49688052 182.05173745 -0.30836638
169.82612678 182.38046496 -0.31561812
169.12433512 182.73120542 -0.31703658
168.40699286 183.09874192 -0.32975627
167.68361422 183.44929247 -0.33633278
166.93320830 183.83136339 -0.34798293
166.15812706 184.26682977 -0.36092496
165.41023556 184.62169623 -0.36271129
164.58905070 185.08652500 -0.37528311
163.78911533 185.48560477 -0.37887702
162.93984362 185.94320428 -0.37945085
162.06892775 186.39215502 -0.37889049
161.21303626 186.82453742 -0.39731779
160.32765391 187.27068960 -0.40517805
159.44517096 187.70826870 -0.41411603
158.55936402 188.15788111 -0.41003718
157.65906883 188.64685940 -0.41563841
156.73830952 189.13234202 -0.41578852
155.79339277 189.63162549 -0.43688485
154.85137643 190.13729152 -0.45169624
153.89503191 190.64805995 -0.46879615
152.91687369 191.15514341 -0.46728337
151.95555551 191.66245619 -0.47010998
151.00262815 192.16131108 -0.46574344
150.04183250 192.66535490 -0.46327794
149.08698271 193.17663831 -0.45658287
148.13722693 193.68817201 -0.45153112
147.20752594 194.19366888 -0.44369631
146.24601118 194.75030873 -0.42900459
145.30343604 195.29294623 -0.41978030
144.34862079 195.82551046 -0.41868698
143.39492192 196.35065594 -0.41607458
142.43002147 196.88292067 -0.41467774
141.46212868 197.40893329 -0.42050436
140.52961602 197.91331195 -0.42122697
139.57810724 198.44610371 -0.43720659
138.64357939 198.96393832 -0.44484230
137.72437994 199.47942149 -0.44733688
136.80540231 199.98835439 -0.44921543
135.90022046 200.47672237 -0.44075735
134.98160668 200.98853094 -0.44286446
134.10401082 201.47220936 -0.44700345
133.22303356 201.95656606 -0.45711258
132.36092405 202.42435924 -0.47577406
131.51703039 202.88152705 -0.48416113
130.68522947 203.34658361 -0.49820387
129.86035586 203.81573937 -0.51761921
129.07432851 204.25809129 -0.53096146
128.30600351 204.69119789 -0.54166056
127.56350945 205.12944638 -0.55813556
126.83431931 205.54546507 -0.56823050
126.12766140 205.95164068 -0.58812875
125.43524159 206.34414414 -0.59544371
124.77528035 206.71615747 -0.60883033
124.13998286 207.08929179 -0.62052340
123.52869286 207.43174725 -0.63191304
122.94560615 207.77474128 -0.65261501
122.39082009 208.09676717 -0.65820498
121.85903370 208.40153376 -0.66083249
121.37006960 208.69637256 -0.66578919
120.90802527 208.97825956 -0.67740825
120.49012928 209.23566468 -0.68784614
120.07800219 209.48903395 -0.70133192
119.70462218 209.73175351 -0.70581462
119.35504049 209.95441185 -0.71632229
119.04427892 210.16645997 -0.72172852
118.74871808 210.36977522 -0.73622957
118.47321542 210.56941899 -0.73972808
118.23275084 210.75218750 -0.74276483
118.00534003 210.93730172 -0.74240372
117.80885359 211.09156897 -0.75305035
117.61295037 211.25028981 -0.75469647
117.41879471 211.41268890 -0.75835039
117.22704277 211.57204538 -0.76398398
117.03498542 211.73266087 -0.77144252
116.86118700 211.87954219 -0.76666112
116.68717411 212.04182089 -0.76568351
116.51730288 212.20608613 -0.76203662
116.34529964 212.36990787 -0.75555050
116.17383632 212.53854888 -0.75288480
116.00468574 212.69522677 -0.75231518
115.83923780 212.86187631 -0.76276776
115.65379954 213.05876708 -0.77503091
115.45613215 213.23985025 -0.78279748
115.26624328 213.47095850 -0.77983565
115.06607518 213.71635942 -0.77367749
114.85489531 213.99945632 -0.77724034
114.64390693 214.28532287 -0.77405551
114.44555229 214.58569131 -0.77605477
114.26793325 214.92280017 -0.78435212
114.11121184 215.26671741 -0.78802667
113.95504874 215.63962776 -0.79212689
113.81291274 216.03273438 -0.81047095
113.68013856 216.44511440 -0.83082989
113.57726860 216.87416916 -0.85956008
113.49563002 217.32958054 -0.88034165
113.44383601 217.80655059 -0.90228154
113.43145341 218.33577365 -0.91137631
113.45462708 218.88545409 -0.91565621
113.51162114 219.42563064 -0.92791950
113.59530438 219.98272267 -0.94362286
113.71061467 220.55839308 -0.96743893
113.86873332 221.15250888 -0.97940542
114.06438772 221.76155862 -0.98547707
114.29722728 222.38121956 -0.99225725
114.57526865 223.01421303 -0.99709381
114.87437366 223.64716669 -0.99254944
115.21184074 224.30449053 -0.99051681
115.56336736 224.96039793 -0.98770660
115.94499716 225.65323375 -0.98893751
116.32896143 226.34140679 -0.99137175
116.72406576 227.09578554 -0.99502058
117.12044440 227.82157200 -1.00507249
117.53551735 228.55337202 -1.00605813
117.96979560 229.30558814 -0.99937258
118.40822210 230.06565868 -0.99345029
118.86658650 230.87280140 -1.00579255
119.32543172 231.70023476 -1.01456753
119.79536144 232.51435933 -1.02800267
120.26488749 233.37801890 -1.03629281
120.74555940 234.24925496 -1.04445138
121.23406651 235.12935019 -1.03889052
121.73106105 236.05514382 -1.03256799
122.24663473 236.97941015 -1.04584311
122.76503397 237.91101627 -1.07011498
123.30157145 238.87765661 -1.09683101
123.83036551 239.86972937 -1.11025367
124.36715858 240.91050027 -1.10617806
124.91191383 241.94059535 -1.10294387
125.45753573 242.97321731 -1.09340134
126.00643947 243.99875364 -1.09992676
126.57479937 245.01029192 -1.11705599
127.14661155 246.05287511 -1.14391108
127.72640081 247.12189522 -1.16447316
128.30720624 248.19772518 -1.16701594
128.88420602 249.30835443 -1.16661114
129.46906503 250.42373558 -1.16725061
130.04556882 251.54772320 -1.17423674
130.62441478 252.65221062 -1.18953199
131.18753858 253.76001032 -1.21035959
131.74602581 254.84517728 -1.21779544
132.30489778 255.94631247 -1.22637050
132.86974383 257.08917976 -1.23179373
133.42716347 258.18908410 -1.24627612
133.99148022 259.29882385 -1.25340154
134.56402301 260.45907455 -1.26582856
135.13151406 261.54102735 -1.28286603
135.68617147 262.65317028 -1.29792098
136.25024346 263.74671309 -1.29883144
136.81504254 264.86295186 -1.32282817
137.38107952 265.97151556 -1.31956838
137.95910309 267.08044454 -1.32178261
138.51621972 268.18848889 -1.32515781
139.08297939 269.27886317 -1.32656245
139.64454802 270.37581036 -1.32915685
140.18867696 271.45727136 -1.33944432
140.74247590 272.56090149 -1.35522975
141.29360436 273.66378348 -1.36666769
141.83222034 274.75419248 -1.36265286
142.33724333 275.77495279 -1.38839754
142.77627618 276.87989517 -1.34350975
143.28893878 277.91130459 -1.36922908
143.71012726 279.13245236 -1.55044645
144.25805935 280.29498474 -1.57759033
144.80742261 281.39695861 -1.63624943
145.32823174 282.46902235 -1.69037957
145.82890713 283.69327425 -1.74407054
146.38608081 284.84489345 -1.76071980
146.93570100 286.02067721 -1.80076859
147.22099449 287.05986328 -1.83931303
147.77833409 288.18370101 -1.85900445
148.35230034 289.28700060 -1.85330455
148.91366480 290.44667619 -1.84903054
149.50737168 291.53894100 -1.82953109
150.05246975 292.60538631 -1.85466827
150.40348257 293.62448991 -1.90514533
150.97071830 294.73767659 -1.87574172
151.52611662 295.90060176 -1.85623344
152.09996849 296.96992468 -1.83242702
152.64406935 298.05251193 -1.79447823
153.19552027 299.10079432 -1.81389318
153.73829920 300.17171865 -1.84052583
154.61988481 301.47250649 -1.70732750
155.04889607 302.53275562 -1.68637048
155.58283040 303.60448626 -1.66404460
156.13608316 304.66440675 -1.66238636
156.65102535 305.69001534 -1.67494958
157.18924615 306.64546960 -1.69531213
157.68050736 307.61721566 -1.67754561
158.17135055 308.59409263 -1.60213345
158.63902471 309.52597236 -1.59168910
159.11693263 310.46954774 -1.56551717
159.58199675 311.39875730 -1.49531938
160.05094250 312.33760092 -1.43839504
160.51601671 313.26294151 -1.36446489
160.95045689 314.15892817 -1.30053642
161.39202500 315.02257750 -1.20433201
161.81607993 315.85900038 -1.09975585
162.26483485 316.69879534 -0.97170850
162.71185718 317.52813669 -0.82966375
163.12220589 318.31748471 -0.67857922
163.53578057 319.10570298 -0.50074894
163.93753334 319.82622432 -0.33312972
164.31737314 320.52201139 -0.12807917
164.68372196 321.19688290 0.07275552
165.02959551 321.85052600 0.28729612
165.35027346 322.47733910 0.52435479
165.69236744 323.10669308 0.80259912
166.00417857 323.68788543 1.08403808
166.29623837 324.22408211 1.35120703
166.57741798 324.71670526 1.61046574
166.84655327 325.20841285 1.88402451
167.06936157 325.64636397 2.12986876
167.28040881 326.06272189 2.38477949
167.49153324 326.48150288 2.66661886
167.67559289 326.84494460 2.92967572
167.83831225 327.19466068 3.21097675
167.99402443 327.52007033 3.48555453
168.13722675 327.82735774 3.76397510
168.24486092 328.16919387 4.08515711
168.33517594 328.48394332 4.37557919
168.37147012 328.80092476 4.67729948
168.37918648 329.09770181 4.93975615
168.36339505 329.36894924 5.16952109
168.30177317 329.65189029 5.38301916
168.24378865 329.94788637 5.63413964
168.13183780 330.23821017 5.85740363
168.01433845 330.52097295 6.06804241
167.83732178 330.80213228 6.24643623
167.64864237 331.09098893 6.39464315
167.43304448 331.37220068 6.49366306
167.21761956 331.67476283 6.62901472
166.94842243 331.94064542 6.70988139
166.67610057 332.21636196 6.75055950
166.38870011 332.48593632 6.73437690
166.10106424 332.76389275 6.67147511
165.79221847 333.06007796 6.59547027
165.47128664 333.31768022 6.48951729
165.12694322 333.58986201 6.34275127
164.77189505 333.87618854 6.16699317
164.42936631 334.16662881 5.97572049
164.09488696 334.46145807 5.75712734
163.75093825 334.77263313 5.53642508
163.40080573 335.09409276 5.31900657
163.04160746 335.43665565 5.08155089
162.66343467 335.76709134 4.84822978
162.26948296 336.14224751 4.60105454
161.86813260 336.54363327 4.36263255
161.41915634 336.97606658 4.13518563
160.96533288 337.38395546 3.89736848
160.48639662 337.80566666 3.65490507
160.00309867 338.22954429 3.41167454
159.52748385 338.64743565 3.19467920
159.03111745 339.08838721 2.98303528
158.49454573 339.55525426 2.77096845
157.92103319 340.05659850 2.56975467
157.33435832 340.55488719 2.37326749
156.70248897 341.06606040 2.20177719
156.08497262 341.55714982 2.04166704
155.42467217 342.07545278 1.89473968
154.68844697 342.60969175 1.76973900
153.92966092 343.14079729 1.65076943
153.12854484 343.66881314 1.53167779
152.33980257 344.19869543 1.41952415
151.53976214 344.72905152 1.32712225
150.72898445 345.26495960 1.23743238
149.89033242 345.82764215 1.15964133
149.03605385 346.37990284 1.09323726
148.15673490 346.93912283 1.03415971
147.27942988 347.48670166 0.96829290
146.39610757 348.03722274 0.89397098
145.51633468 348.58026202 0.81415008
144.59925099 349.12371501 0.73243278
143.67568932 349.66897718 0.64944834
142.74090093 350.20773124 0.56048533
141.80641847 350.74454784 0.47969693
140.85513131 351.28438196 0.39687791
139.88910446 351.82484986 0.30872312
138.93051755 352.37318574 0.20654700
137.96515773 352.90938479 0.10659381
137.02965271 353.43796216 0.00107388
136.08786723 353.97124949 -0.10172144
135.13255184 354.50202217 -0.21042770
134.17226249 355.03782734 -0.32780652
133.19342015 355.56955645 -0.45063993
132.23077513 356.09482432 -0.57984635
131.27204715 356.61657058 -0.70933052
130.24083875 357.15609879 -0.83773485
129.24879135 357.67624516 -0.96741231
128.25089154 358.21104345 -1.10218552
127.27415843 358.75933825 -1.24903584
126.27135757 359.27278350 -1.37106069
125.28158507 359.79206151 -1.48832653
124.26635895 360.30516184 -1.61202908
123.27097475 360.81899423 -1.73311779
122.24941666 361.34773377 -1.84994723
121.22801513 361.86730708 -1.97068538
120.20488686 362.33752443 -2.11370848
119.28388230 362.92661031 -2.64877298
118.24252668 363.41888846 -2.73312212
117.10096167 363.90855991 -2.84670556
116.09238278 364.36706402 -2.88812806
115.05115887 364.84538865 -2.90939324
114.00223133 365.30062720 -2.93090406
113.00880749 365.54731799 -2.91857952
111.96119349 365.73195510 -2.98052124
110.99483783 366.04284799 -3.00969717
109.99753439 366.48256652 -2.97770239
109.01758844 366.94224717 -2.93213512
108.12474540 367.38015185 -2.91595622
107.22564215 367.77101927 -2.87649389
106.39291567 368.16380974 -2.85082703
105.56501316 368.58503807 -2.81763183
104.76462291 369.00856106 -2.77623246
103.95499403 369.42831916 -2.69432070
103.21529978 369.83826903 -2.61484580
102.46322184 370.26634991 -2.55082632
101.72042170 370.72497940 -2.49306987
101.00776526 371.15841135 -2.39176820
100.29411656 371.61486904 -2.28478418
99.57796736 372.05366455 -2.15064376
98.86005404 372.50322439 -1.98895753
98.09837801 372.97675916 -1.88804298
97.34205917 373.44334759 -1.75339934
96.56836601 373.91109694 -1.63117396
95.78275496 374.40208517 -1.49810034
94.97574668 374.87363835 -1.34916410
94.14087378 375.34819095 -1.18269113
93.34700150 375.86604459 -1.18781426
92.50357769 376.32479366 -1.02294234
91.63297913 376.76638629 -0.93724761
90.71152257 377.23295827 -0.84700694
89.80101872 377.68901700 -0.72711280
88.86034736 378.15491949 -0.62477368
87.95609994 378.64482763 -0.53944749
87.06390356 379.11552595 -0.45703078
86.17131803 379.58475129 -0.37500681
85.26635737 380.04823440 -0.32863162
84.31954915 380.52277645 -0.28344609
83.37081260 381.00718892 -0.28204142
82.38179298 381.52074492 -0.29936508
81.45427434 381.99024143 -0.30980239
80.51493825 382.46775874 -0.33226178
79.51141645 382.97876078 -0.35861941
78.47959579 383.48655810 -0.41935023
77.46897864 383.99032387 -0.47479357
76.46662182 384.50787009 -0.51806677
75.45541401 385.02706391 -0.59341995
74.44752434 385.55882786 -0.65528355
73.43784869 386.06876265 -0.71516325
72.42554883 386.57891147 -0.79230843
71.41107879 387.11525631 -0.87785801
70.41867738 387.63768959 -0.94883217
69.43224249 388.16407258 -0.99988544
68.44681602 388.69285260 -1.04406431
67.45780860 389.22341649 -1.09363865
66.49611098 389.76504529 -1.13017428
65.52995117 390.30656308 -1.17638542
64.55552344 390.85938821 -1.22511803
63.57086982 391.40291901 -1.27919141
62.54892932 391.94996203 -1.34311492
61.56457847 392.47390026 -1.37682034
60.55532113 393.01805569 -1.41556435
59.57669854 393.55208870 -1.45855208
58.57084204 394.10623429 -1.50921100
57.63711483 394.64325750 -1.54758966
56.65360741 395.18275479 -1.59825521
55.69428876 395.71220986 -1.63849996
54.74279108 396.24067651 -1.67322552
53.79135731 396.76330086 -1.68084176
52.84139454 397.28884518 -1.70803904
51.91189544 397.80386846 -1.72697625
50.96752335 398.33145559 -1.74250233
50.03746921 398.85252386 -1.75698649
49.14594683 399.36432317 -1.75743755
48.23601641 399.88221297 -1.75220002
47.30150700 400.39418577 -1.76377121
46.39403497 400.87731868 -1.76128890
45.50235479 401.36309067 -1.76308954
44.60332011 401.85236056 -1.76673525
43.72054142 402.34306435 -1.77377844
42.82445592 402.82796672 -1.77346887
41.93745071 403.30989979 -1.77025942
41.04602652 403.80623567 -1.76500184
40.15489126 404.29874042 -1.74589945
39.26845222 404.78593067 -1.72671751
38.37723617 405.26995373 -1.71200119
37.46824285 405.75409829 -1.68545888
36.57425759 406.25316467 -1.65253548
35.65530368 406.75398199 -1.63923904
34.74820336 407.25349820 -1.61968870
33.84133285 407.75358135 -1.61473610
32.93374993 408.24969410 -1.59776460
32.02852980 408.75974139 -1.58186988
31.10288826 409.28299024 -1.58643202
30.18907394 409.80256870 -1.56978468
29.26097337 410.32923180 -1.55591407
28.31332910 410.85228706 -1.55369531
27.36304537 411.38082394 -1.54433952
26.44694448 411.88963807 -1.50767035
25.50741178 412.40729158 -1.48999248
24.56254338 412.93905243 -1.46890562
23.58797679 413.47949991 -1.45816695
22.60999172 414.01092625 -1.44792032
21.64538343 414.54560069 -1.43091280
20.69093232 415.07891725 -1.41291873
19.72857425 415.63287631 -1.38891975
18.75595987 416.18074226 -1.37665759
17.78788790 416.73718921 -1.36395207
16.81227543 417.29333495 -1.34540803
15.82971594 417.84915947 -1.32444017
14.85000892 418.41024935 -1.30644766
13.86569144 418.98219172 -1.29032384
12.88020987 419.55385383 -1.27302962
11.90333122 420.11632797 -1.25437725
10.91992636 420.68496500 -1.23886864
9.93124212 421.26447781 -1.21097470
8.94723704 421.84610375 -1.17986096
7.96485108 422.42484860 -1.15466849
6.98892610 423.00514085 -1.13564075
6.01258810 423.58645979 -1.10339979
5.03498730 424.17631167 -1.07366502
4.06865983 424.75376794 -1.04547807
3.11603800 425.32936506 -1.02407144
2.18542645 425.90363753 -1.00432396
1.26842236 426.47566228 -0.98294392
0.34963346 427.04954528 -0.97635118
-0.54716872 427.61867108 -0.97756800
-1.41486542 428.17870300 -0.97861632
-2.27030894 428.74088091 -0.97960998
-3.13725791 429.30211878 -0.97984923
-3.98662314 429.86426088 -0.97713767
-4.81369777 430.41258118 -0.97438073
-5.63019468 430.95161702 -0.98010858
-6.42018608 431.46858421 -0.98324248
-7.19508477 431.98937844 -0.97274559
-7.94255849 432.51769651 -0.95436766
-8.66475841 433.03036675 -0.93255511
-9.37749266 433.51466566 -0.91060357
-10.06930616 433.98258432 -0.89988169
-10.74421978 434.45142656 -0.89496758
-11.38550899 434.91698743 -0.89064854
-12.00375526 435.36440661 -0.90703843
-12.59782197 435.79116784 -0.92952916
-13.16504135 436.22199508 -0.95108177
-13.69778464 436.65893502 -0.98436916
-14.21501536 437.10141727 -1.02071527
-14.70917976 437.53134020 -1.06810129
-15.19331385 437.94014518 -1.12295066
-15.66162931 438.34079483 -1.16783720
-16.11184324 438.73105008 -1.22798656
-16.55252589 439.12064575 -1.28626210
-16.96259257 439.49469742 -1.32684068
-17.37194054 439.85982822 -1.37529327
-17.76978939 440.21527530 -1.42770663
-18.12751706 440.54310700 -1.44868386
-18.51052664 440.87484242 -1.49900203
-18.83473497 441.14857059 -1.49737975
-19.17524365 441.43899522 -1.52045037
-19.50615366 441.72308905 -1.54218833
-19.81369636 441.98170557 -1.53890371
-20.13129690 442.23299582 -1.53699490
-20.44926882 442.48022239 -1.52656481
-20.79401871 442.74908998 -1.53761532
-21.12919191 443.00069782 -1.53588254
-21.47762326 443.26759926 -1.53712871
-21.82784570 443.52223090 -1.53088649
-22.16149231 443.74936135 -1.51357685
-22.48149072 443.95578937 -1.48115437
-22.82470437 444.17845929 -1.44395045
-23.17025286 444.38643176 -1.40982263
-23.53227853 444.59808568 -1.36965363
-23.90175844 444.82986501 -1.33209668
-24.27794931 445.05628261 -1.29043760
-24.65864063 445.28021947 -1.25424115
-25.02609084 445.49963832 -1.21020644
-25.40701524 445.71898592 -1.17355352
-25.77534045 445.94693791 -1.14737033
-26.15566017 446.17949130 -1.10861960
-26.52494300 446.41942703 -1.08314318
-26.88757502 446.65745034 -1.05924518
-27.24007283 446.89243671 -1.03837212
-27.60292532 447.14279549 -1.01862043
-27.96225053 447.38940421 -1.01321745
-28.32440646 447.63196359 -1.00045046
-28.66346793 447.89294508 -0.99905913
-28.98676248 448.15044394 -1.00293281
-29.29996701 448.40152398 -1.00993840
-29.59140095 448.63717706 -1.01791257
-29.87618074 448.87147299 -1.03257100
-30.14497853 449.08476936 -1.05565577
-30.39963545 449.29503989 -1.09855694
-30.64819548 449.52074326 -1.11771983
-30.88016053 449.74647959 -1.13252989
-31.12929871 449.95916924 -1.14269585
-31.37311159 450.17090952 -1.14885113
-31.62177785 450.36674599 -1.17102397
-31.86648245 450.55756357 -1.19316261
-32.11728551 450.76441144 -1.21986926
-32.37693984 450.95633513 -1.23933000
-32.64535128 451.15169212 -1.25389065
-32.92610569 451.35482365 -1.26899269
-33.21953685 451.54210756 -1.28262097
-33.52031175 451.71558963 -1.29299210
-33.84148823 451.88886909 -1.33329661
-34.16709188 452.06006191 -1.34469469
-34.49684784 452.22105449 -1.35773093
-34.84547201 452.36520031 -1.35277211
-35.21087866 452.47360321 -1.35343739
-35.59915562 452.57876427 -1.38122119
-36.00757707 452.65217768 -1.37647076
-36.43637602 452.68534158 -1.37968809
-36.86269480 452.71168883 -1.35798854
-37.31696628 452.72342692 -1.33024898
-37.77914263 452.70313717 -1.29262712
-38.24903587 452.65019526 -1.26162031
-38.73595926 452.56582634 -1.21424576
-39.21396853 452.45138993 -1.16096123
-39.70149628 452.30973907 -1.10095307
-40.17579774 452.12952461 -1.05701610
-40.68405855 451.90797238 -1.00530488
-41.20936500 451.63259350 -0.94894896
-41.73095944 451.30993395 -0.89156048
-42.26499189 450.94193510 -0.82576531
-42.81555227 450.54508965 -0.76505961
-43.35558846 450.09786780 -0.70832754
-43.89197115 449.62809364 -0.65860116
-44.44705377 449.13240811 -0.60849449
-44.97672618 448.60527530 -0.56800012
-45.51265469 448.04569768 -0.52010356
-46.05487056 447.44892156 -0.46357165
-46.59896164 446.81996642 -0.40364486
-47.13461443 446.15417900 -0.35958958
-47.65827211 445.44342614 -0.31269884
-48.18918868 444.70694055 -0.26751389
-48.72224001 443.92368255 -0.23773200
-49.26051121 443.12805790 -0.21442693
-49.81113352 442.30985776 -0.17626728
-50.36348069 441.46246653 -0.13021145
-50.94263410 440.58186725 -0.10384479
-51.52823154 439.71939062 -0.07453190
-52.13385551 438.83563722 -0.04633545
-52.75091526 437.92413072 -0.01901888
-53.38371206 436.99161279 -0.00219578
-54.00835935 436.05296793 0.00888929
-54.62925363 435.13077098 0.02333101
-55.26025457 434.19720046 0.02735799
-55.90626345 433.24594344 0.02563328
-56.56011192 432.27666340 0.01503044
-57.21253300 431.30261595 0.00933049
-57.87643809 430.31298179 0.01420415
-58.55767423 429.29059345 0.01189654
-59.22653705 428.26818494 0.00963938
-59.91194252 427.25866397 0.00113919
-60.59978311 426.24677964 -0.02906099
-61.27354419 425.22551378 -0.06216576
-61.93752068 424.17842603 -0.08687846
-62.61530770 423.14983666 -0.09127313
-63.28501730 422.13046360 -0.07281135
-63.96929047 421.08000400 -0.06670202
-64.62985405 420.05219471 -0.06506739
-65.28927787 419.03189947 -0.07814303
-65.94511437 418.00770729 -0.09434215
-66.60709293 416.98542071 -0.11264278
-67.22959593 415.97871553 -0.13044903
-67.86517872 414.96073404 -0.15265169
-68.49962738 413.94132181 -0.16565719
-69.12922744 412.91960585 -0.18314824
-69.74188463 411.90587032 -0.19586940
-70.33090067 410.91854508 -0.21791010
-70.92400937 409.91324245 -0.24400743
-71.50037612 408.90392862 -0.26485936
-72.09464177 407.86328984 -0.26610273
-72.68167291 406.84391040 -0.29081513
-73.26506473 405.80340049 -0.31572426
-73.84858128 404.78032665 -0.34535276
-74.41311042 403.76023560 -0.36093590
-74.95587639 402.75510345 -0.37751480
-75.53424454 401.73685054 -0.41000213
-76.10890054 400.69433859 -0.43627331
-76.67631930 399.67899436 -0.45641277
-77.24499744 398.65252874 -0.47616385
-77.81842089 397.61308242 -0.50003910
-78.36740321 396.59855673 -0.50706721
-78.91934482 395.57848142 -0.50870720
-79.49021805 394.53965982 -0.52339088
-80.06804290 393.51258430 -0.53231583
-80.63813198 392.46984449 -0.54758573
-81.17974632 391.46300031 -0.56354735
-81.72697016 390.43958665 -0.56832951
-82.26486831 389.41413607 -0.58431937
-82.80807983 388.37854921 -0.58850263
-83.33160108 387.36902859 -0.59289724
-83.87443542 386.34817924 -0.58464785
-84.41801861 385.28763674 -0.58980320
-84.96572961 384.21237146 -0.58924910
-85.50370021 383.14221922 -0.59528512
-86.04672375 382.04369175 -0.60516615
-86.58260151 380.95910736 -0.61549407
-87.08062390 379.89338007 -0.62428874
-87.58773338 378.82095305 -0.63682440
-88.09786661 377.72049537 -0.64295429
-88.59861865 376.62731132 -0.64955185
-89.09628289 375.53773440 -0.65719927
-89.58975775 374.40990603 -0.65852202
-90.08104685 373.25255757 -0.66510948
-90.53744506 372.11142776 -0.66647018
-91.01448659 370.97872575 -0.67322190
-91.48559179 369.80926534 -0.67404961
-91.93698362 368.64430579 -0.67956715
-92.39426840 367.45063359 -0.68449387
-92.83074314 366.28752505 -0.69797962
-93.25149554 365.15149502 -0.70482097
-93.66257207 364.00837002 -0.70728689
-94.06068791 362.87483692 -0.70670304
-94.46472036 361.74643958 -0.70815866
-94.85206748 360.59881907 -0.70031103
-95.23795673 359.44553467 -0.69311418
-95.59728103 358.27003572 -0.69830478
-95.95098501 357.05132646 -0.69935075
-96.30305591 355.82142460 -0.71354227
-96.67223995 354.62501776 -0.71247960
-97.01806627 353.41180007 -0.71564997
-97.33762823 352.22429012 -0.71263202
-97.64660138 351.02203299 -0.71152598
-97.95485023 349.77244018 -0.72062544
-98.24373203 348.54537865 -0.72561878
-98.52672531 347.37846364 -0.73085770
-98.79759867 346.19564698 -0.73474024
-99.06568470 345.00263524 -0.74444107
-99.33560399 343.79240984 -0.73688064
-99.59151875 342.60244043 -0.73577585
-99.84518543 341.39195717 -0.73371315
-100.10088556 340.16432478 -0.72994448
-100.35000097 338.94993877 -0.72890995
-100.58161944 337.75295523 -0.73073028
-100.80715329 336.56074258 -0.73649317
-101.02303857 335.34011926 -0.73710364
-101.22637285 334.13185236 -0.73141068
-101.43366274 332.90973643 -0.73563102
-101.62917306 331.69471947 -0.73542275
-101.83122886 330.48830302 -0.73939554
-102.01565157 329.29437802 -0.74372955
-102.20813408 328.05701397 -0.75517532
-102.39400840 326.83453499 -0.76776009
-102.56667521 325.65544362 -0.77576561
-102.73162327 324.45624894 -0.78454079
-102.88802111 323.24564691 -0.78262462
-103.04583528 322.02969977 -0.77850463
-103.18866422 320.83904699 -0.77037177
-103.34009206 319.63360911 -0.76870444
-103.50165185 318.41238163 -0.77538249
-103.66055173 317.21255561 -0.78543447
-103.82759750 315.99682503 -0.79726112
-103.97991689 314.76513515 -0.81218414
-104.14755798 313.51897167 -0.82505177
-104.32920703 312.31382749 -0.83329147
-104.51266524 311.07040589 -0.85197411
-104.68940043 309.83527356 -0.84376178
-104.85956079 308.62879320 -0.84136491
-105.02373314 307.42692916 -0.83794050
-105.17356285 306.19667092 -0.82948620
-105.31610610 305.03159144 -0.83878649
-105.47157272 303.79959950 -0.82773265
-105.63370462 302.59760082 -0.82378264
-105.79472816 301.32000613 -0.82574827
-105.95642270 300.08036293 -0.82093701
-106.10389957 298.85788522 -0.80874732
-106.26312830 297.61518084 -0.78987779
-106.41948611 296.37189451 -0.77059571
-106.56916816 295.13865906 -0.75725266
-106.71053372 293.91975566 -0.75564337
-106.85833866 292.66042739 -0.75847296
-106.99338097 291.44055296 -0.75205580
-107.11034277 290.23737782 -0.74544613
-107.22337452 289.04569958 -0.72749681
-107.33022883 287.83651162 -0.71996716
-107.43807550 286.64939256 -0.70294220
-107.54215345 285.45587812 -0.68862709
-107.64037514 284.26231636 -0.67350437
-107.72954130 283.05603704 -0.66252428
-107.82236616 281.87312952 -0.65256851
-107.90319399 280.70083254 -0.64597659
-107.98498017 279.51698420 -0.65181498
-108.06636403 278.33259590 -0.64454155
-108.14477570 277.12996051 -0.64864800
-108.23332299 275.90695070 -0.64837591
-108.27846684 274.72220532 -0.64872545
-108.32417873 273.54383333 -0.65076404
-108.37386389 272.31404274 -0.65154551
-108.42380321 271.12090350 -0.65966984
-108.47750109 269.89175356 -0.67138536
-108.51695043 268.68303505 -0.67208882
-108.55130563 267.49144576 -0.66877289
-108.58707908 266.26969676 -0.66399928
-108.60993074 265.06544664 -0.66144211
-108.61542486 263.87556989 -0.64589841
-108.63562111 262.60814680 -0.63201251
-108.62109496 261.41298626 -0.61540330
-108.61399888 260.17836098 -0.59714253
-108.59030965 258.97154110 -0.59013990
-108.56934898 257.76960611 -0.57893156
-108.53102418 256.53760537 -0.56602942
-108.52113234 255.24280446 -0.55885095
-108.45928123 254.03796750 -0.54647146
-108.43117652 252.78154127 -0.53490571
-108.38786148 251.50990605 -0.53370218
-108.36029985 250.27720423 -0.51804785
-108.31716597 249.03317894 -0.50641956
-108.26410031 247.84628267 -0.48299730
-108.19876011 246.59972917 -0.46776188
-108.13386175 245.33397212 -0.45346264
-108.07913634 244.11803943 -0.44300357
-108.00133695 242.88497619 -0.42981241
-107.92096102 241.68182901 -0.41208936
-107.82715666 240.49617875 -0.40270110
-107.72185728 239.29439732 -0.38603873
-107.62327312 238.10776907 -0.35662136
-107.51008057 236.89337419 -0.34493478
-107.38300887 235.70183857 -0.33259747
-107.26066752 234.48218381 -0.31961974
-107.12798681 233.29126488 -0.30474714
-106.97146429 232.07799123 -0.29211519
-106.81980403 230.87093501 -0.27179216
-106.65971033 229.66257192 -0.26203282
-106.48568211 228.44022937 -0.24488162
-106.32518000 227.24967495 -0.22856367
-106.14115683 226.03926658 -0.21384092
-105.93446261 224.83634853 -0.19892046
-105.72107927 223.63088767 -0.18592686
-105.51522282 222.42729622 -0.17814767
-105.28995619 221.18144218 -0.17427981
-105.06703743 219.95265139 -0.17020205
-104.84404992 218.72584434 -0.15054787
-104.60780841 217.51530471 -0.13505437
-104.35846534 216.28486779 -0.13335733
-104.09772076 215.02544893 -0.13487875
-103.83584755 213.77226677 -0.13010846
-103.55446776 212.50696983 -0.13968258
-103.25565771 211.22596950 -0.15327932
-102.93370158 209.91962473 -0.16735206
-102.64136131 208.67201141 -0.16652396
-102.29773862 207.35951898 -0.17280631
-101.96265011 206.05818801 -0.18666990
-101.61889339 204.79378777 -0.20083036
-101.30450416 203.52546305 -0.19821655
-100.98508330 202.24449506 -0.19148414
-100.66275840 200.99197820 -0.18980351
-100.33596379 199.73365668 -0.18578670
-100.00762762 198.49243537 -0.17916651
-99.67591001 197.26795995 -0.17553969
-99.32604156 196.00413930 -0.18793376
-98.98413489 194.75743366 -0.19067274
-98.63524021 193.49932789 -0.18633980
-98.28274551 192.25712964 -0.17774905
-97.92011202 191.02452839 -0.17804969
-97.55055534 189.78968308 -0.17777042
-97.14594158 188.56925128 -0.17973487
-96.75647745 187.33114734 -0.18508226
-96.35875421 186.09124451 -0.18824798
-95.99046511 184.86714974 -0.18805485
-95.58736730 183.63424145 -0.18585044
-95.18998297 182.39781551 -0.17943608
-94.77718671 181.14224562 -0.18332752
-94.34790841 179.88883724 -0.18442770
-93.92580560 178.64696107 -0.19907111
-93.47805702 177.38540318 -0.20482028
-93.04715583 176.11715644 -0.21147615
-92.60943063 174.83430036 -0.20516187
-92.17571713 173.56694770 -0.19579571
-91.72636768 172.27310619 -0.20196183
-91.26686428 170.98697321 -0.20331477
-90.85251455 169.71013499 -0.21769639
-90.44907946 168.44739132 -0.23850615
-90.03286605 167.16431110 -0.25654867
-89.59944494 165.86236366 -0.25801396
-89.19762766 164.61552218 -0.25565673
-88.79950380 163.33552933 -0.25434674
-88.40559782 162.07381765 -0.26338576
-88.00248012 160.81411477 -0.27211998
-87.59859289 159.56402361 -0.27067706
-87.20337008 158.31512322 -0.27652100
-86.80121655 157.07410625 -0.27984708
-86.40240870 155.81957223 -0.28865172
-86.01352161 154.56264439 -0.28653760
-85.62210205 153.32572333 -0.27818902
-85.23250206 152.07411312 -0.27539885
-84.83729049 150.82480000 -0.26562924
-84.45985119 149.57230978 -0.25535196
-84.07788848 148.32494643 -0.25436942
-83.69480967 147.08803737 -0.24422997
-83.28994557 145.82303715 -0.23387095
-82.89841928 144.57701353 -0.23618140
-82.50080132 143.34883814 -0.23206981
-82.12353726 142.09225280 -0.21744435
-81.74146641 140.85621947 -0.21237926
-81.33025715 139.59763432 -0.21123706
-80.93097382 138.33662376 -0.22337041
-80.53620526 137.06008427 -0.22004856
-80.14137565 135.81845599 -0.22203603
-79.75696605 134.58079080 -0.22112464
-79.35920946 133.32489094 -0.22044709
-78.95823675 132.04568737 -0.22712181
-78.55263672 130.76327715 -0.22601638
-78.17726827 129.46460372 -0.22846344
-77.77870885 128.22405538 -0.22741662
-77.38896566 126.98282218 -0.21400746
-76.99886954 125.74965483 -0.20361375
-76.60653340 124.49937473 -0.19656789
-76.21466969 123.25283722 -0.18282782
-75.83451770 122.00249915 -0.18466695
-75.42957866 120.75552579 -0.18065416
-75.04232892 119.50543048 -0.17861073
-74.64071940 118.25966812 -0.18540419
-74.22211246 117.04417907 -0.18672164
-73.82564615 115.81277839 -0.19063757
-73.43942979 114.58795700 -0.19118063
-73.04944380 113.35005031 -0.18494198
-72.66291927 112.12946667 -0.18186014
-72.28560969 110.87783809 -0.18125157
-71.90857233 109.62100896 -0.19351845
-71.51875634 108.37903746 -0.19542698
-71.14795325 107.10042259 -0.20192733
-70.76472648 105.84009888 -0.19216621
-70.39966168 104.57947756 -0.18141729
-70.03675739 103.33700226 -0.17479883
-69.65030909 102.06577594 -0.15801809
-69.27340703 100.83869651 -0.16068147
-68.89280116 99.57861715 -0.14795152
-68.52094821 98.28185830 -0.15557226
-68.14423657 96.98720432 -0.16630029
-67.77181238 95.72497456 -0.16356072
-67.40049108 94.46931271 -0.15924017
-67.03465524 93.19844579 -0.14850633
-66.66993728 91.93897043 -0.13802721
-66.30805889 90.67061773 -0.14226877
-65.93509810 89.38762815 -0.14571848
-65.54799798 88.08017154 -0.12831561
-65.18781108 86.82186904 -0.11043456
-64.82336312 85.50459827 -0.09160850
-64.47048781 84.22160399 -0.07197776
-64.10925550 82.92944470 -0.06114649
-63.76222601 81.62964950 -0.04129720
-63.41610614 80.34669694 -0.00303497
-63.07892266 79.05782064 0.03334327
-62.73303025 77.76035141 0.06375680
-62.36948770 76.44011639 0.09685056
-62.03178989 75.12057994 0.12663013
-61.71226478 73.83671807 0.16125241
-61.38432377 72.55925694 0.19413933
-61.05734523 71.28844371 0.23155681
-60.72132085 70.00604943 0.27958579
-60.38042062 68.71133808 0.32476189
-59.98953602 67.40384729 0.39499276
-59.64902922 66.08683027 0.45358646
-59.37748755 64.84665641 0.51310532
-59.05993120 63.59470572 0.57160609
-58.79361871 62.35748310 0.62987230
-58.52997515 61.10876186 0.71144976
-58.21721595 59.87271199 0.79620479
-57.92845695 58.67254629 0.88619368
-57.60121495 57.49304962 0.95440625
-57.27919296 56.23451133 0.97651666
-56.91056660 54.99402202 1.05683803
-56.54493906 53.73324229 1.14410798
-56.20569640 52.51106862 1.22748260
-55.87074283 51.29988821 1.32381432
-55.50123620 50.08989919 1.38941212
-55.16461745 48.86292110 1.48515526
-54.84079040 47.69014404 1.58954454
-54.44471616 46.45064324 1.65290681
-54.07481603 45.26207975 1.77093821
-53.71138516 44.08324694 1.87880366
-53.34163048 42.88108610 1.99930004
-52.97535540 41.67268610 2.09349782
-52.62646838 40.46495436 2.21941449
-52.18802175 39.34071307 2.36086496
-51.85382765 38.19466379 2.47324342
-51.51552837 37.05906082 2.58114406
-51.13628653 35.88006903 2.69080820
-50.78915366 34.71847190 2.79523594
-50.44737243 33.58678723 2.90068312
-50.10929911 32.46689226 2.98778514
-49.75658037 31.37009052 3.07877089
-49.42208251 30.25942566 3.15615549
-49.08549566 29.17818909 3.25162066
-48.75766091 28.09264069 3.34402000
-48.40567675 27.01288910 3.41929772
-48.07133810 25.97730515 3.49778915
-47.74969910 24.96545716 3.57236398
-47.41980547 23.95805122 3.64401281
-47.07929577 22.93226855 3.73234844
-46.75307442 21.94208555 3.80515174
-46.43296450 20.97676387 3.88199276
-46.12921647 20.01933160 3.96402946
-45.79888067 19.05505492 4.04276342
-45.48874583 18.12517569 4.10985730
-45.18153547 17.19654926 4.18205122
-44.87270657 16.28970084 4.23542575
-44.56217948 15.40863587 4.30465428
-44.22467783 14.55700192 4.36593781
-43.88846636 13.70057570 4.42700643
-43.55749142 12.85405598 4.48588697
-43.25009786 12.04336258 4.53396617
-42.92778922 11.27341919 4.57904043
-42.59926518 10.52352781 4.61990606
-42.25483934 9.74441921 4.66312351
-41.90672681 9.01034508 4.70082945
-41.55401748 8.28066984 4.73801782
-41.18273544 7.58491449 4.76291223
-40.79363049 6.90218526 4.77581292
-40.39989858 6.23379309 4.79887763
-40.00554949 5.58427549 4.81808727
-39.57661932 4.94664890 4.82662649
-39.11417431 4.29981695 4.83383422
-38.63757437 3.67738236 4.82806511
-38.14865816 3.11061487 4.81607120
-37.64980752 2.56861162 4.79989392
-37.13293263 2.03854556 4.78390460
-36.58624310 1.55840309 4.75110976
-36.02091160 1.10821573 4.71925345
-35.43718888 0.67551931 4.67780816
-34.84324986 0.27935548 4.63205633
-34.24974592 -0.08001919 4.57804139
-33.64954478 -0.40240720 4.52211613
-33.02143933 -0.72461612 4.44931282
-32.37291262 -0.99254661 4.37887415
-31.72585342 -1.23396300 4.29618935
-31.06085396 -1.40025832 4.21106183
-30.40144205 -1.53536690 4.11290611
-29.71565230 -1.64472467 4.01112562
-29.04956757 -1.76208771 3.92649424
-28.38160113 -1.81522253 3.81788376
-27.72161872 -1.85457773 3.71461770
-27.06290243 -1.88327781 3.60726603
-26.40337281 -1.87515980 3.49727253
-25.72760795 -1.87786380 3.38689458
-25.06539775 -1.86762944 3.28028124
-24.39968904 -1.86048213 3.17854563
-23.74964598 -1.84145271 3.07609636
-23.10589716 -1.83367935 2.97275172
-22.45712700 -1.81124358 2.86402935
-21.81423074 -1.79545053 2.75839613
-21.19316174 -1.76740908 2.64893679
-20.56189950 -1.73508635 2.53596185
-19.94964410 -1.72624473 2.42759704
-19.33421640 -1.72339675 2.32324035
-18.71251991 -1.71684111 2.21729866
-18.10204976 -1.68726126 2.11661661
-17.51324249 -1.65305535 2.02188689
-16.93774410 -1.63213639 1.91932874
-16.39679541 -1.63779482 1.83402769
-15.86091457 -1.64458209 1.73985182
-15.33082610 -1.65271178 1.65731282
-14.79159517 -1.66994968 1.57163536
-14.31335841 -1.66472677 1.49283276
-13.84718507 -1.63345616 1.41007167
-13.40365309 -1.64858991 1.33776463
-12.96023651 -1.66942187 1.26424320
-12.53699921 -1.68100108 1.19924712
-12.17387652 -1.72407298 1.13712366
-11.82166332 -1.72406082 1.07911260
-11.47412643 -1.74762267 1.02294764
-11.16071528 -1.74049429 0.97211138
-10.84453765 -1.75250523 0.91406818
-10.50132091 -1.73444130 0.86115685
-10.20685796 -1.78284562 0.81783631
-9.92806328 -1.82760088 0.78462555
-9.65080532 -1.83663030 0.75454058
-9.36617559 -1.84032355 0.72187601
-9.09833938 -1.85254616 0.68920820
-8.82958220 -1.84892659 0.66218921
-8.58712099 -1.87089946 0.64432346
-8.34282797 -1.87542510 0.63092669
-8.09061213 -1.86044704 0.61277944
-7.83933851 -1.86019862 0.59005571
-7.57830401 -1.85083018 0.56945476
-7.28306625 -1.80806244 0.55000012
-6.99340992 -1.76750619 0.54300816
-6.70045997 -1.70174606 0.53953721
-6.39845030 -1.62800376 0.53325487
-6.07946969 -1.54010225 0.51815539
-5.73679980 -1.45826093 0.50941056
-5.43940632 -1.35141378 0.51549272
-5.08815042 -1.19794646 0.50335336
-4.72610992 -1.04158461 0.48650414
-4.37331855 -0.90470632 0.47404724
-3.98820877 -0.73468899 0.45879453
-3.63792417 -0.59267080 0.43620306
-3.25652455 -0.41128043 0.41696431
-2.89034258 -0.19446122 0.41621818
-2.48300226 0.05161603 0.40876171
-2.06979451 0.35331810 0.39961745
-1.66406876 0.64235235 0.38042100
-1.25650174 0.97141717 0.36972742
-0.84314370 1.32265289 0.36812022
-0.39803150 1.71963089 0.37527237
0.02757384 2.12926011 0.36371882
0.41654244 2.58298064 0.35297591
0.79517221 3.03956745 0.33762816
1.19584284 3.53856683 0.32867154
1.54718853 4.11433246 0.35703657
1.92215826 4.66439184 0.36033921
2.30807003 5.26997419 0.36283040
2.67476286 5.90871656 0.36561572
3.05510921 6.55373119 0.36748873
3.41411113 7.23662824 0.37268083
3.78732179 7.95819767 0.37925739
4.15759670 8.69920808 0.37666303
4.53074485 9.45507607 0.36607477
4.83420883 10.19988989 0.35878169
5.18357167 10.92488448 0.36521481
5.51836680 11.77314912 0.39133559
5.93297276 12.56101690 0.39423008
6.35366108 13.37397250 0.40032354
6.77718691 14.16725063 0.39812305
7.22273288 14.98604385 0.40407491
7.67262856 15.81522889 0.40557218
8.12806441 16.69647610 0.40624421
8.58573705 17.59432658 0.40375772
9.06219251 18.52541991 0.40283822
9.53321115 19.43081018 0.40061986
10.01160834 20.34523701 0.41003036
10.50704881 21.29191211 0.40961584
11.00596375 22.25393901 0.41681689
11.48008958 23.18158869 0.42562161
11.94571535 24.09174269 0.42841060
12.41049793 25.01760253 0.41248923
12.89163806 25.95011561 0.41503390
13.38695175 26.90643873 0.41999853
13.87900710 27.88389715 0.42496591
14.37234850 28.83756629 0.42934181
14.85756581 29.75438441 0.43178728
15.33379447 30.69423790 0.42732725
15.82686645 31.65946790 0.42681898
16.32196377 32.61465527 0.43197157
16.80616182 33.60748368 0.43164502
17.31340911 34.59504868 0.43009779
17.83358702 35.57632162 0.42578141
18.36588770 36.61865387 0.41689175
18.90792305 37.63006650 0.38968738
19.44962324 38.63730267 0.37395040
19.97467659 39.63837004 0.36564112
20.50080224 40.63818840 0.36906344
21.02050127 41.63734139 0.38931137
21.54003949 42.63562693 0.39670312
22.05430885 43.64103805 0.39507478
22.59474160 44.63828874 0.39939662
23.12756151 45.64812372 0.40619178
23.67405410 46.65491426 0.42141871
24.21739193 47.66118007 0.43718125
24.77042882 48.67315456 0.44999288
25.31171267 49.69970607 0.46202100
25.86851059 50.75696656 0.47707048
26.42250272 51.80307560 0.49599633
26.97645855 52.84846943 0.49458295
27.51684734 53.92143473 0.48769721
28.07310333 54.98211561 0.47508150
28.62654005 56.05574275 0.47426974
29.17372612 57.09574712 0.48743066
29.71470164 58.15352846 0.50120904
30.26369313 59.20847410 0.51534768
30.81678659 60.26258193 0.52944691
31.37035748 61.32262370 0.53071630
31.91898729 62.36816422 0.53299756
32.47349477 63.42135355 0.53986464
33.02571438 64.46817578 0.53599548
33.57758126 65.51541829 0.52476665
34.12587499 66.55546155 0.52637982
34.68225250 67.59383527 0.54352691
35.23076819 68.63513707 0.56868919
35.76739809 69.67208836 0.58424993
36.30830328 70.70010154 0.61106357
36.85929182 71.72309835 0.63375718
37.39341513 72.75549974 0.63850251
37.91573694 73.77899383 0.64638250
38.43319032 74.79702473 0.64341789
38.94688503 75.79981954 0.62416453
39.48369364 76.80868145 0.59396097
40.00351533 77.81003563 0.56824383
40.51433983 78.81070524 0.57779183
41.04110536 79.81632823 0.58557037
41.56980903 80.84221950 0.60213456
42.10011473 81.85496365 0.61437310
42.63607693 82.85764283 0.61219283
43.17250193 83.84328957 0.60810540
43.70858081 84.84434470 0.59994115
44.24075014 85.83710008 0.60590372
44.77717103 86.84020838 0.60229690
45.30997700 87.83478137 0.60974880
45.86294215 88.83407147 0.61558543
