-0.00000353 0.00000422 0.00000024
0.37644351 0.33564281 0.02430597
0.80824669 0.68625429 0.03493648
1.23252769 1.08819038 0.04230267
1.67140780 1.51276654 0.04935691
2.09323424 1.95832593 0.05819665
2.54780596 2.46193143 0.05991952
2.99552417 2.97590186 0.06161843
3.44887861 3.52701980 0.05868870
3.95323033 4.13559914 0.05447214
4.43000865 4.74238791 0.04755249
4.87354326 5.36382692 0.03705833
5.31582261 6.02360764 0.02339010
5.78446589 6.70120782 0.01841688
6.23069293 7.39777995 0.00559239
6.68114987 8.12115454 0.00515214
7.12113527 8.85123219 -0.00619530
7.58406692 9.64356087 -0.01623114
8.03179285 10.42103000 -0.01945206
8.48736979 11.23539637 -0.02325071
8.94685947 12.08197585 -0.02257835
9.38956068 12.91154397 -0.01891813
9.82393860 13.76319975 -0.01700143
10.24599211 14.61323944 -0.01704491
10.67680458 15.48408184 -0.01455129
11.10476117 16.35830855 -0.00925298
11.52415071 17.25721235 -0.00165886
11.94849439 18.15947702 0.01144327
12.38187124 19.09514653 0.01541370
12.80567089 20.02038341 0.01227548
13.22271380 20.93403358 0.01030321
13.62359113 21.85873478 0.00445980
14.04546118 22.76841578 0.00323220
14.47409176 23.69617923 0.00548748
14.89533543 24.61268465 0.01882171
15.31118180 25.55494761 0.02614668
15.73289315 26.46977147 0.03290894
16.14805220 27.40717856 0.03566176
16.55520514 28.33177115 0.04050637
16.97896425 29.30073697 0.04843662
17.38776997 30.22858870 0.06726143
17.81020219 31.20573258 0.07326987
18.22820522 32.15865316 0.08005186
18.66003986 33.13915209 0.09749559
19.07590734 34.10829697 0.11804173
19.51367144 35.08777404 0.11034041
19.96527061 36.07890562 0.10314022
20.39218683 37.01934832 0.10185036
20.80878492 37.99808654 0.08863429
21.21582717 38.93878792 0.08949431
21.61699724 39.85502971 0.09990008
22.02355387 40.80358084 0.11652614
22.43235188 41.73563924 0.12855587
22.83289727 42.64246125 0.13047675
23.23717650 43.54994192 0.13857074
23.63289934 44.45164635 0.14450909
24.04552937 45.35588450 0.16159361
24.44181825 46.23944144 0.16958876
24.84821920 47.12719811 0.17893485
25.26191017 48.03556666 0.18948068
25.66017623 48.92858345 0.20299225
26.08222531 49.82828251 0.21260297
26.49417319 50.71686049 0.22601957
26.90186234 51.63762519 0.22072219
27.30516203 52.52843242 0.21948470
27.71547445 53.41828319 0.20542212
28.11003782 54.28472996 0.20115225
28.49809714 55.13423170 0.19429630
28.88754322 55.97313005 0.20807840
29.26120260 56.77135908 0.21538496
29.63137604 57.57760792 0.22001324
30.00897153 58.36411034 0.22287172
30.35670254 59.13386469 0.22615096
30.70664023 59.88216459 0.23309650
31.05964482 60.62631284 0.24019221
31.40694593 61.36506090 0.24718575
31.74415270 62.11568731 0.24951609
32.08599648 62.85357830 0.25576884
32.40225885 63.54713200 0.25293630
32.71606565 64.22704340 0.24208771
33.02701074 64.87974808 0.24072129
33.33209823 65.54828996 0.24239114
33.62451921 66.18650041 0.24754962
33.91350308 66.79422027 0.26771801
34.19515407 67.38965904 0.27120390
34.47243199 67.94933998 0.28023604
34.73100672 68.50529611 0.29138411
34.98204956 69.03118159 0.29870031
35.22492212 69.55922828 0.30591760
35.46997827 70.07282846 0.31371308
35.71485278 70.56007859 0.33073787
35.96083264 71.04266640 0.34995583
36.19489707 71.50870337 0.36330069
36.41744655 71.94927743 0.36741532
36.65371256 72.37867921 0.35659290
36.89962306 72.80627498 0.35428878
37.14908919 73.21532784 0.35965593
37.39370707 73.61371270 0.37228303
37.65226450 74.00347921 0.37689272
37.90350822 74.37200231 0.37802248
38.17080934 74.70111870 0.37565867
38.44753502 75.03941330 0.37657668
38.75097953 75.35942520 0.37118902
39.03766416 75.65478763 0.36969564
39.34007865 75.93729941 0.36634421
39.65848181 76.18527588 0.36326458
39.98715840 76.43510534 0.34437874
40.34151915 76.65605822 0.33855213
40.69932604 76.83281658 0.33893568
41.07594307 77.00445811 0.33745953
41.44762929 77.15800669 0.33402646
41.82985505 77.26654479 0.32766094
42.21876844 77.34891098 0.32158794
42.61045910 77.40452952 0.31624746
42.99335515 77.45861345 0.31153230
43.37772044 77.49416388 0.30572308
43.76717069 77.49443263 0.29544341
44.16434355 77.47414188 0.27892879
44.55553965 77.40976969 0.27972817
44.92625516 77.33073498 0.28172205
45.32122533 77.27641940 0.28459749
45.70116514 77.20892061 0.27855632
46.09834455 77.12314284 0.26700188
46.48400101 76.99552030 0.25298664
46.88746116 76.86381879 0.24631907
47.27733871 76.70313699 0.22738924
47.69974977 76.55856580 0.20804708
48.11550862 76.38743514 0.20537489
48.56289286 76.20354958 0.20834810
49.00636834 76.01242200 0.21733161
49.47335927 75.80503592 0.21246171
49.95540060 75.57702058 0.20753367
50.41339353 75.34209076 0.20640702
50.88377555 75.10146644 0.19686667
51.38460134 74.83807182 0.18935582
51.88915415 74.59749513 0.18005647
52.39780453 74.32488921 0.17329560
52.95232775 74.02827015 0.16658480
53.48032076 73.73202187 0.16318860
54.03494496 73.43336996 0.16027432
54.59285204 73.11525772 0.16052220
55.15920176 72.79339674 0.15778109
55.75390164 72.45501987 0.16392009
56.37049278 72.08957857 0.16423852
57.01026812 71.73682198 0.16395052
57.65554702 71.37639318 0.16534286
58.32152999 71.00638438 0.16477401
59.00293258 70.63580983 0.16033979
59.71129025 70.25717432 0.16065561
60.45632500 69.88325949 0.16004294
61.16567348 69.51714313 0.15262397
61.88666267 69.14107040 0.15146950
62.60970389 68.77003078 0.14514367
63.32978419 68.39178418 0.14019000
64.05594020 68.03239933 0.14239936
64.78321469 67.66881707 0.15259268
65.50829547 67.29411776 0.16932659
66.24498448 66.91821886 0.18429621
66.94827739 66.55599666 0.19763362
67.67584060 66.18677954 0.21025790
68.39719631 65.81319873 0.21674753
69.10113768 65.44781271 0.22669299
69.80976187 65.08594451 0.23521523
70.50794007 64.71322525 0.24538425
71.22266606 64.33278640 0.25600872
71.92261670 63.96183177 0.26504762
72.61660662 63.56064683 0.26858382
73.30118118 63.16300276 0.27017961
73.97025710 62.77333749 0.26916144
74.64797567 62.36759078 0.27437654
75.33031451 61.95671131 0.27309544
75.99097437 61.55590960 0.27234251
76.64971175 61.13906412 0.26734961
77.28962263 60.70468147 0.27029773
77.93193622 60.28103254 0.26340047
78.54587017 59.85379550 0.26005534
79.17573125 59.41524890 0.26470323
79.81403170 58.96647082 0.26103314
80.43157483 58.52604944 0.26607721
81.03385399 58.08079935 0.27196931
81.62598225 57.65301238 0.27678094
82.19104825 57.23084650 0.28643812
82.74655921 56.80851250 0.28365466
83.29433926 56.39521687 0.28825612
83.82032411 56.00157536 0.28601436
84.34634871 55.59487627 0.28921298
84.86347550 55.19860025 0.29289380
85.37251239 54.80911884 0.29445451
85.87110541 54.44086014 0.30034998
86.32797340 54.09814153 0.29943575
86.78741747 53.77136472 0.30315196
87.22944024 53.45717764 0.30232066
87.67044195 53.16043976 0.31633736
88.12194022 52.86441219 0.32271908
88.57227349 52.58523711 0.32518072
89.01765177 52.32371919 0.32809377
89.46592167 52.07350351 0.33028832
89.92265867 51.85575002 0.34506261
90.39230243 51.64516573 0.35514362
90.84912853 51.46663444 0.36163542
91.31053853 51.29856956 0.36951767
91.76618441 51.17115950 0.36503376
92.22077550 51.06411900 0.37560816
92.67463790 50.98241523 0.38037831
93.13196358 50.94311454 0.38177979
93.58230322 50.93161016 0.38323287
94.01546725 50.95911501 0.38213381
94.47734302 51.00314009 0.39852562
94.89449090 51.07188783 0.40366340
95.31134630 51.18077431 0.42342871
95.71849381 51.31749791 0.44140050
96.12624401 51.49442087 0.45446272
96.53140947 51.68952957 0.46225343
96.92435300 51.91421330 0.47330503
97.30241513 52.17056908 0.48147748
97.67699720 52.45040809 0.48836212
98.03888109 52.75377379 0.48187465
98.39379171 53.06101594 0.46367991
98.75204506 53.39201094 0.46037962
99.09953614 53.72168937 0.45851496
99.45070627 54.06854441 0.46065540
99.80160262 54.44487425 0.44952714
100.15974858 54.84391159 0.44719546
100.51906504 55.23072032 0.43335361
100.89316085 55.64523935 0.43677451
101.26991100 56.05813878 0.42663233
101.67732319 56.48212555 0.41899861
102.08853687 56.91007688 0.41391961
102.49647047 57.35096913 0.41654223
102.92056748 57.80165065 0.41563581
103.36956363 58.26177908 0.42737176
103.82766663 58.73056951 0.43398224
104.30074692 59.19487588 0.44022022
104.77335801 59.65927716 0.43880899
105.25267825 60.12281823 0.43979686
105.72695340 60.58844502 0.44089915
106.21399687 61.06572526 0.43303766
106.71946603 61.55676930 0.42555703
107.22138012 62.04744976 0.41930272
107.73851205 62.55016586 0.43054234
108.25487238 63.06829831 0.44219059
108.76801829 63.58695943 0.44356237
109.28852205 64.13245536 0.43760179
109.81897872 64.67772743 0.42057014
110.36441667 65.23838879 0.40707026
110.92082591 65.81446097 0.40887223
111.47117262 66.39325396 0.40886309
112.03454398 66.99079386 0.41383655
112.60193217 67.58982784 0.40276459
113.17812086 68.21204882 0.39609952
113.74243388 68.83056808 0.39415900
114.32002125 69.45238375 0.38639423
114.88426673 70.06907039 0.38073904
115.45551413 70.67891160 0.38167173
116.04068237 71.33165611 0.37302021
116.63369110 71.98458905 0.37015892
117.22998980 72.60122483 0.37238497
117.81741565 73.21986248 0.36126336
118.41360219 73.82449387 0.36433969
119.01275029 74.43088018 0.36924497
119.60915118 75.04334860 0.37733198
120.19481114 75.64961552 0.38734231
120.79261408 76.26027151 0.39548847
121.38716600 76.87039424 0.39758156
121.98946317 77.47372334 0.38734391
122.58566775 78.06311905 0.37264116
123.19757460 78.65615539 0.37544109
123.79709308 79.26568522 0.38964594
124.39958696 79.86635527 0.41587377
125.00043680 80.47279379 0.44012621
125.58193248 81.06490645 0.42754878
126.16025175 81.66185236 0.40705419
126.73843684 82.24512221 0.37825004
127.32555285 82.82965775 0.38323218
127.90252379 83.42319299 0.39765121
128.47683452 84.01032230 0.40071800
129.04858996 84.60216276 0.40514300
129.59664273 85.18862530 0.41639256
130.14088101 85.76706271 0.41340994
130.69691914 86.36208020 0.41606150
131.25810475 86.95390443 0.42191456
131.81181807 87.53581643 0.42183375
132.35776969 88.11817137 0.42044529
132.91348903 88.70219522 0.41427662
133.45318899 89.29360603 0.41689636
133.99688146 89.90101706 0.41680554
134.54448475 90.51074519 0.42250220
135.08615922 91.12594981 0.42922147
135.62051235 91.75232664 0.41688245
136.16214106 92.38962628 0.38987497
136.71321288 93.01492087 0.36316532
137.25033487 93.63472792 0.33918061
137.78636454 94.25602637 0.31330218
138.29255844 94.88261971 0.31527506
138.79234289 95.51758050 0.30997015
139.27723975 96.13506532 0.30398524
139.78049896 96.77711179 0.30360054
140.28627974 97.42460433 0.31435170
140.78066154 98.07067434 0.32769509
141.26284475 98.74549696 0.33675459
141.74990719 99.41016287 0.33039801
142.21545604 100.06188089 0.33203256
142.68558325 100.73817422 0.33140026
143.14986996 101.42523540 0.32868037
143.60807498 102.10275077 0.32205277
144.09183769 102.79903850 0.30681675
144.56461182 103.47958741 0.30977238
145.03084850 104.17767146 0.31092820
145.49747692 104.89339363 0.32060136
145.96656636 105.57452864 0.31030367
146.42244964 106.24580507 0.29876236
146.89144598 106.94985949 0.27678116
147.34108427 107.64728439 0.27048972
147.78563801 108.35084999 0.26970707
148.24404836 109.06198250 0.27261929
148.69350616 109.77491872 0.25743045
149.12493946 110.48270399 0.25867939
149.55989885 111.19759009 0.24658735
149.97935504 111.90379107 0.22420042
150.40456515 112.62888406 0.22031538
150.82514011 113.37687267 0.22431972
151.22851595 114.13807442 0.22913534
151.62581909 114.85686350 0.23689698
152.01397964 115.58643622 0.22712621
152.39445270 116.32113830 0.21773281
152.76726904 117.06062931 0.19436552
153.14986361 117.80924798 0.17824929
153.54700603 118.55234267 0.18470161
153.93548377 119.32445306 0.19096488
154.32424382 120.08007600 0.18396877
154.71344905 120.83638015 0.16794680
155.10322071 121.58887454 0.14752770
155.48925829 122.30945665 0.12216810
155.88594337 123.04377971 0.11381051
156.25643196 123.77287942 0.12175570
156.63187942 124.51654403 0.13000461
157.01252867 125.23937355 0.13425891
157.39273287 125.95596323 0.12271839
157.75504572 126.66541572 0.10547039
158.11448755 127.36947955 0.09168059
158.47500331 128.09134442 0.08837490
158.82825066 128.80350914 0.09249708
159.19136982 129.54114344 0.08681249
159.54250059 130.24355266 0.07782076
159.91776044 130.98472521 0.06454896
160.27189778 131.69186148 0.04964894
160.62194724 132.40741137 0.04102570
160.97085119 133.12718425 0.03022873
161.33784889 133.86162463 0.03575381
161.68622843 134.54745642 0.01905553
162.01986925 135.22130696 -0.00099991
162.34899432 135.86389132 -0.02608800
162.66938624 136.50456177 -0.03597119
162.98234531 137.14644783 -0.04206653
163.29813309 137.76655814 -0.04273153
163.59935672 138.36406463 -0.05321419
163.88950177 138.96515186 -0.04746809
164.18821040 139.56398039 -0.03921441
164.47792306 140.15519033 -0.03098035
164.78807646 140.75424919 -0.03630724
165.08356904 141.32762490 -0.04379866
165.38068687 141.89980671 -0.04455375
165.67701744 142.45922325 -0.04613247
165.98488637 143.02153494 -0.03871499
166.28607987 143.56859576 -0.02347363
166.59587954 144.12041637 -0.00419044
166.92127822 144.67405496 0.01545436
167.23619507 145.20174592 0.02646842
167.54817453 145.76492764 0.03025888
167.87619209 146.32465184 0.03616215
168.20044341 146.89710097 0.04005089
168.53003819 147.46359297 0.05083978
168.83377592 148.01107794 0.05632001
169.13679449 148.55300932 0.05003588
169.44425347 149.08183902 0.04804207
169.74910771 149.63904920 0.04498982
170.05493318 150.17699782 0.06117686
170.36926814 150.74987923 0.06681834
170.68301793 151.29945076 0.08759936
170.99729255 151.87414222 0.10734206
171.31515381 152.44660773 0.11515583
171.62199853 153.01267980 0.10772659
171.92532311 153.59848805 0.08911206
172.25458068 154.15661027 0.07300997
172.57998842 154.74297769 0.07131472
172.89594477 155.33034786 0.08273094
173.20035513 155.90450162 0.08347911
173.50131836 156.50388048 0.07759209
173.81647012 157.09382620 0.06033443
174.14859914 157.68327622 0.04751945
174.47346322 158.28922214 0.04611061
174.80220788 158.88828313 0.03865866
175.12807099 159.47017065 0.03086162
175.42460690 160.03459394 0.02612571
175.73093333 160.59552010 0.00856783
176.03584877 161.18070587 -0.00111715
176.33118499 161.76432061 -0.01394441
176.63144045 162.36762271 -0.01658630
176.92602717 162.96645583 -0.00968633
177.22240402 163.51784958 -0.00390547
177.50346684 164.03366821 0.00326319
177.77555711 164.56063794 0.00768939
178.04517688 165.09533954 0.00212119
178.31248586 165.58070128 0.00408685
178.56880927 166.06788741 0.00626311
178.80683940 166.55604095 0.00817113
179.03453401 167.02575627 -0.00329387
179.25259711 167.50637396 -0.00342583
179.44774200 167.94702991 -0.00495843
179.63846759 168.42774069 0.00349018
179.82572636 168.88755827 0.00814866
180.01812937 169.35596175 0.01403686
180.18995280 169.82904305 0.01953791
180.32172262 170.28540175 0.00929305
180.46221373 170.75271600 0.00123974
180.58250214 171.20215958 0.00043741
180.67954018 171.65478454 0.00003736
180.73846325 172.09650112 0.00379516
180.79356755 172.55556023 0.00166612
180.82815330 173.00170083 0.00746842
180.82052784 173.44267791 0.01354894
180.80840828 173.89459377 0.01093556
180.79011176 174.32946436 0.01577036
180.70040197 174.75503657 0.02781271
180.60582739 175.14649769 0.02270247
180.48081434 175.53334832 0.01290481
180.34657962 175.87835276 0.00800337
180.19103053 176.24603273 0.00683109
180.03913903 176.58122343 -0.00518598
179.87567702 176.90054094 -0.02208233
179.66872580 177.23442078 -0.03880635
179.42732084 177.56347603 -0.05153204
179.14915139 177.87434556 -0.06837695
178.85828403 178.19691125 -0.07400245
178.54128458 178.48237131 -0.07702744
178.19506208 178.81097613 -0.08635677
177.81359133 179.11880824 -0.09498009
177.42024303 179.41615539 -0.10689295
177.01469180 179.69074087 -0.11545659
176.58085970 179.96190653 -0.12620638
176.13222982 180.23120432 -0.13564987
175.68111068 180.51526058 -0.15808077
175.21370306 180.77535057 -0.17531761
174.71426983 181.04451069 -0.18668266
174.23137055 181.28849596 -0.19378688
173.71010281 181.56197056 -0.20543926
173.15755860 181.82977465 -0.21397025
172.60025281 182.10960853 -0.22307426
172.02329520 182.39906525 -0.22847157
171.42663981 182.71233802 -0.23107045
170.80095014 183.03662469 -0.23340018
170.16418680 183.35550430 -0.23075639
169.51296865 183.69198231 -0.23353753
168.83531122 184.05424486 -0.24512477
168.12980470 184.45793765 -0.25468891
167.41115502 184.86714087 -0.26502763
166.68361697 185.28661654 -0.26577635
165.92651540 185.74907824 -0.27429201
165.17657168 186.18979804 -0.28125986
164.40486987 186.67552511 -0.29872879
163.64808529 187.10676439 -0.30700701
162.89679873 187.52972551 -0.30572717
162.12035094 187.96883859 -0.30352998
161.34994220 188.38784725 -0.31748937
160.57060549 188.79209961 -0.32983420
159.76202834 189.22540785 -0.33277205
158.94573604 189.66207740 -0.33710667
158.15214582 190.07648871 -0.33527139
157.34818928 190.50678011 -0.33986391
156.56674453 190.89799709 -0.35058001
155.76480762 191.28878910 -0.36321902
154.96511043 191.69872447 -0.37242469
154.17189352 192.08860264 -0.37956020
153.38229836 192.47093801 -0.38081741
152.59904593 192.85753122 -0.38513856
151.81999010 193.22861127 -0.38976215
151.02939777 193.61024304 -0.38829134
150.27363077 193.97707141 -0.37972808
149.52894036 194.35622710 -0.37169443
148.77567502 194.72513645 -0.36600782
148.02650576 195.10461334 -0.35597148
147.26673976 195.50238626 -0.35066197
146.50633123 195.90266945 -0.34662800
145.74752198 196.30237112 -0.34140392
145.00234123 196.67477547 -0.35613203
144.24946456 197.05233369 -0.35184810
143.49972003 197.43920808 -0.34910890
142.74495532 197.80251239 -0.34856787
141.99547472 198.15272879 -0.35295716
141.25549112 198.49947769 -0.36467749
140.50794056 198.85041928 -0.36868341
139.76060209 199.18992818 -0.37710325
139.03880182 199.52048031 -0.36952766
138.32034156 199.83939398 -0.36373792
137.57554736 200.15970377 -0.36314197
136.85515788 200.44947840 -0.37118068
136.11003835 200.75578250 -0.37248559
135.35740934 201.04399187 -0.37294781
134.63451562 201.31848758 -0.39034599
133.92100099 201.60117752 -0.39759749
133.20010917 201.89535130 -0.41152991
132.47497131 202.18851768 -0.42014971
131.76603372 202.47988982 -0.42879172
131.09216924 202.76913402 -0.43170246
130.42930270 203.04845790 -0.44084720
129.77574072 203.32739751 -0.43998699
129.15959904 203.59444053 -0.43872588
128.54656636 203.87029385 -0.43898444
127.94027774 204.15110995 -0.44273377
127.35784246 204.41768807 -0.44028009
126.77368616 204.69276802 -0.45337728
126.22454594 204.97326737 -0.45918238
125.66410149 205.26323397 -0.46450257
125.11362453 205.53130996 -0.46120329
124.59683276 205.80150891 -0.45380696
124.08108850 206.07979355 -0.44947841
123.59748897 206.33949585 -0.45273664
123.15330932 206.60667760 -0.45771643
122.69127046 206.86107062 -0.45871952
122.26018056 207.09595980 -0.45490009
121.82617908 207.33362763 -0.45289189
121.40383430 207.56702094 -0.44915088
121.00742316 207.78332823 -0.44043871
120.62830290 207.99802345 -0.44180526
120.25365553 208.20908865 -0.43514269
119.93519366 208.41105045 -0.43475953
119.64313654 208.60916438 -0.41945798
119.34867202 208.81270393 -0.41206824
119.08772683 208.98477147 -0.39828099
118.83665771 209.15352866 -0.39153373
118.59375103 209.31982533 -0.38608130
118.39599095 209.45523655 -0.38453090
118.21424748 209.58749060 -0.37939339
118.04253779 209.69064060 -0.37207235
117.86839407 209.77961137 -0.37108981
117.72380451 209.82677445 -0.36987987
117.59873749 209.86641103 -0.37148654
117.52782447 209.86094042 -0.36654512
117.46261680 209.87895536 -0.36756520
117.41425403 209.87121217 -0.36893727
117.36996423 209.87559613 -0.37436518
117.31938091 209.87721524 -0.37857060
117.29314099 209.86659923 -0.38684572
117.25977370 209.86496143 -0.39089739
117.25524648 209.85739984 -0.39293075
117.24699814 209.85726030 -0.40206700
117.23768427 209.84418193 -0.40679192
117.22692504 209.85267459 -0.40455531
117.21608662 209.86423632 -0.40721773
117.18007753 209.88638777 -0.40878295
117.16678914 209.90414062 -0.41761846
117.12420842 209.92315032 -0.41267420
117.07849116 209.94592829 -0.41592731
117.02774252 209.96508537 -0.41840959
116.98323662 209.96776045 -0.41565423
116.93330636 209.97929856 -0.41389942
116.87650493 209.98385860 -0.41663538
116.81132964 210.00658325 -0.42623745
116.77440127 210.02390804 -0.43559212
116.71922208 210.04039446 -0.44783300
116.64943075 210.08014037 -0.44269800
116.56069672 210.10053013 -0.44110089
116.46885381 210.14706488 -0.44296947
116.33269010 210.21661882 -0.44040636
116.17927317 210.30850472 -0.43544350
116.02170602 210.40271688 -0.42563643
115.83100384 210.48952475 -0.42680082
115.64741186 210.59045917 -0.42531095
115.43699262 210.69981907 -0.43219988
115.20631474 210.84767424 -0.42985942
114.99712211 210.98798808 -0.42426423
114.73863182 211.16031599 -0.42718843
114.49570457 211.32299488 -0.42678549
114.26472167 211.51164484 -0.42247822
114.03199335 211.73367766 -0.41639582
113.79021330 211.93111558 -0.40951089
113.55188335 212.14687687 -0.39586245
113.31216243 212.37348901 -0.38501081
113.08125056 212.64137970 -0.37859626
112.84338845 212.89193083 -0.37888469
112.59598887 213.16519191 -0.38021268
112.40858533 213.46675571 -0.38886864
112.23142939 213.78248804 -0.39580699
112.05951763 214.11996395 -0.39616240
111.87974929 214.47495572 -0.40449083
111.70397274 214.83278491 -0.42322125
111.55056368 215.23968069 -0.44651875
111.41854277 215.64362398 -0.46443127
111.32253843 216.10888958 -0.48498890
111.26447238 216.61419076 -0.47971236
111.23794136 217.13281198 -0.48237772
111.23137185 217.68501728 -0.48734083
111.26362333 218.20173356 -0.48839600
111.33580187 218.75147579 -0.49498119
111.43046704 219.30534071 -0.50123752
111.56638745 219.85321537 -0.50813630
111.72804154 220.40202620 -0.51906708
111.93482724 220.99731783 -0.52914564
112.15360056 221.58780441 -0.53445281
112.41824065 222.19093671 -0.52756736
112.69414299 222.77499979 -0.52879447
112.98708466 223.37814123 -0.52508837
113.30750385 223.99295797 -0.53976275
113.64181471 224.60073303 -0.54838108
113.98551439 225.21573055 -0.55712521
114.33706522 225.87546313 -0.56203539
114.68301519 226.50740124 -0.57062291
115.07264229 227.17486816 -0.57248891
115.47399751 227.83751708 -0.57845042
115.87507345 228.51056463 -0.58097365
116.27231990 229.18558721 -0.58965275
116.66926787 229.86038004 -0.59556559
117.06951108 230.53339892 -0.61743046
117.46747234 231.23316766 -0.62968892
117.88209873 231.96110386 -0.63977387
118.30891513 232.74901131 -0.65075632
118.74686349 233.49941086 -0.65810698
119.18911296 234.25725239 -0.64564943
119.64041295 235.00649381 -0.65852321
120.10312719 235.80926415 -0.66729754
120.57291638 236.60300711 -0.70445440
121.04384279 237.42403749 -0.73663914
121.49973955 238.21471260 -0.75596489
121.96966996 239.02532775 -0.76636694
122.43891307 239.89238765 -0.76722682
122.92822284 240.76562618 -0.76827354
123.41545466 241.60779423 -0.77032944
123.92096501 242.46990829 -0.78294908
124.43914853 243.34884497 -0.79780789
124.95536685 244.23061328 -0.81639410
125.48400832 245.13567972 -0.82682315
126.00557512 246.03646207 -0.83049427
126.53656823 246.96593507 -0.83466135
127.05263758 247.89608882 -0.83135161
127.58668678 248.86482689 -0.82422521
128.11136652 249.79027740 -0.82929447
128.61376775 250.69455204 -0.82885452
129.13179277 251.62451383 -0.82820874
129.65120425 252.55974050 -0.80789069
130.15229352 253.47511735 -0.78859474
130.65035331 254.40863692 -0.76068569
131.15653515 255.35414482 -0.73326859
131.65652360 256.30193514 -0.72948161
132.16538304 257.23299136 -0.73213751
132.66724700 258.22307971 -0.74939320
133.18256287 259.16499643 -0.75277978
133.66320436 260.08057367 -0.76341670
134.15949906 261.01181482 -0.76911967
134.65058783 261.93276592 -0.76047551
135.12899557 262.86597517 -0.76419453
135.60999669 263.80037629 -0.75584290
136.10302218 264.70759495 -0.76362460
136.60095920 265.63590848 -0.76838478
137.08637163 266.56031363 -0.76846600
137.57288194 267.48014068 -0.78230054
138.06110478 268.43039496 -0.79323559
138.52883513 269.32058735 -0.81288623
139.00460302 270.25387779 -0.83516248
139.48343527 271.17513271 -0.84449512
139.96903406 272.13724568 -0.85101471
140.44563094 273.08827303 -0.86096154
140.91800517 274.01778828 -0.85785965
141.39856159 274.93593590 -0.86631359
141.88198840 275.86899217 -0.86248596
142.37328839 276.81816624 -0.86249931
142.86007069 277.75760127 -0.85926325
143.37018735 278.68812024 -0.86098034
143.86775561 279.63982201 -0.86344394
144.38740148 280.59728247 -0.85947617
144.88859484 281.54212995 -0.87029456
145.37769802 282.47796132 -0.86125248
145.89810212 283.48286450 -0.85984051
146.40700475 284.43683861 -0.86122432
146.90698354 285.36783130 -0.85923414
147.41304702 286.33243200 -0.85271013
147.92223298 287.28719887 -0.83290452
148.46491178 288.30075297 -0.82662826
148.98512161 289.25366880 -0.82720707
149.49094133 290.20776717 -0.81817284
149.98869140 291.13432682 -0.82948311
150.49809245 292.07610980 -0.82303358
151.00081796 293.01632816 -0.82038915
151.51645523 293.94308078 -0.82319253
152.03925382 294.88518078 -0.81094298
152.53598631 295.81308809 -0.80171817
153.04335015 296.76425091 -0.79383986
153.54495225 297.69103042 -0.78645099
154.05632246 298.62848845 -0.78217471
154.56153455 299.52297247 -0.78061210
155.08011597 300.47102602 -0.78368979
155.57525732 301.38738544 -0.78361376
156.07325680 302.31247229 -0.78541495
156.54917832 303.20538704 -0.78284954
157.04410915 304.10535952 -0.79196811
157.50364962 304.95511635 -0.80885401
157.97564961 305.81898188 -0.81265369
158.43326153 306.66622577 -0.81174976
158.87164218 307.51833770 -0.82337012
159.29429768 308.37021791 -0.82546088
159.71913915 309.20172316 -0.83092452
160.14138054 310.03067905 -0.82537938
160.58787808 310.87798427 -0.81352216
161.02135857 311.71103663 -0.79922469
161.45278912 312.54333118 -0.79363957
161.86474698 313.34375592 -0.78909797
162.28710995 314.11279670 -0.79005810
162.67331769 314.86666320 -0.78740848
163.05337322 315.60667759 -0.78929649
163.43287704 316.32395532 -0.78160751
163.81664948 317.03262985 -0.77962629
164.19264901 317.72032763 -0.77239082
164.57101311 318.39988373 -0.76774594
164.93987317 319.06358054 -0.76266862
165.27344719 319.70020386 -0.76527749
165.60230751 320.31671987 -0.77320215
165.94131026 320.93318105 -0.77407103
166.25809448 321.50220233 -0.78504180
166.56545483 322.06115653 -0.79795104
166.85881431 322.60826391 -0.80049568
167.13560333 323.11367664 -0.80142999
167.41123162 323.62627819 -0.82272203
167.67125049 324.11219948 -0.83231644
167.90838422 324.57012184 -0.83880042
168.15174511 325.01906302 -0.84631396
168.36907111 325.44459477 -0.84642908
168.56246668 325.85512911 -0.83839890
168.74922877 326.26195365 -0.82988940
168.91008555 326.68901610 -0.81257935
169.07962154 327.09755301 -0.80649282
169.24917978 327.51385293 -0.79558632
169.39456018 327.90839064 -0.77470708
169.50126868 328.30421808 -0.76290623
169.60412956 328.72463283 -0.74694163
169.68554490 329.14159799 -0.72484359
169.76093008 329.54513402 -0.71198649
169.81869068 329.94181481 -0.70594998
169.85169709 330.33686361 -0.69028039
169.87243644 330.73646080 -0.66449987
169.85062825 331.13254701 -0.65261955
169.83370628 331.54783432 -0.64448036
169.79839640 331.98299693 -0.64474697
169.72892391 332.42043533 -0.62470298
169.63308981 332.84931508 -0.60879638
169.50659716 333.28603222 -0.59946834
169.35275306 333.73548512 -0.59728286
169.17082782 334.20331102 -0.58829365
168.95717127 334.65039022 -0.57973160
168.72920326 335.06763729 -0.56977028
168.45546167 335.47200862 -0.57094796
168.14731496 335.86997778 -0.56046767
167.81164073 336.23218743 -0.54210198
167.42144887 336.60321876 -0.52104798
166.98506045 336.93419805 -0.50035558
166.51671227 337.27082971 -0.48828814
166.04684161 337.60029885 -0.49054622
165.56397171 337.90010579 -0.48478365
165.04676571 338.20537827 -0.48217003
164.52364146 338.50766484 -0.47656670
163.96120619 338.80643890 -0.47790421
163.37892850 339.11584177 -0.48432506
162.77234891 339.39858019 -0.50798948
162.17286958 339.67619334 -0.52764382
161.56222736 339.95519942 -0.51649509
160.93402541 340.24239699 -0.49715151
160.28335748 340.53250153 -0.48808214
159.64505967 340.79447100 -0.47391136
158.99641827 341.06775176 -0.47114600
158.30269509 341.36126990 -0.46056736
157.60942426 341.66838405 -0.46499323
156.90921921 341.97290457 -0.45836070
156.18081811 342.30038775 -0.45762640
155.43840754 342.64634161 -0.44973267
154.68043240 342.99485804 -0.44981700
153.92208139 343.33364182 -0.45545543
153.13510943 343.70771650 -0.46416284
152.36132054 344.08577426 -0.47137586
151.55658971 344.47689336 -0.47680118
150.74503045 344.85581077 -0.47469554
149.95247698 345.24825379 -0.46991959
149.15309110 345.62844379 -0.46857516
148.37537023 346.01222723 -0.47536703
147.57578330 346.39047439 -0.49209895
146.79400201 346.78404449 -0.49371958
145.98583264 347.17993594 -0.48966852
145.17992931 347.58425522 -0.48058141
144.35349602 347.98919900 -0.47866797
143.53334371 348.38697529 -0.47705661
142.72785643 348.79150418 -0.47284656
141.93848215 349.18648400 -0.47170153
141.13720715 349.57403369 -0.46842233
140.31883205 349.96275790 -0.47571429
139.49924489 350.35941029 -0.47802097
138.66230283 350.79660475 -0.48083397
137.82420031 351.22452955 -0.48887866
136.98761971 351.65584703 -0.49473019
136.14179575 352.06519858 -0.48896039
135.31680765 352.47061403 -0.48496462
134.49051328 352.86256672 -0.48689184
133.69102753 353.23688077 -0.51807806
132.89185512 353.62059632 -0.51980163
132.08614055 354.02507320 -0.52031124
131.24275044 354.43438009 -0.53203820
130.44445012 354.82126092 -0.52843019
129.62232849 355.20471729 -0.53412040
128.80998657 355.58628623 -0.54637605
127.98581336 356.00433971 -0.55482181
127.18131518 356.40600656 -0.56120391
126.36324044 356.82561657 -0.55087802
125.53722150 357.23603292 -0.54496609
124.74501693 357.64342295 -0.54313816
123.96165173 358.05109303 -0.54341023
123.20127824 358.46040275 -0.53713215
122.40665007 358.86986679 -0.53226155
121.62878328 359.28180575 -0.52636343
120.84562428 359.69725220 -0.52177600
120.09223431 360.09982869 -0.50983365
119.32843969 360.52495759 -0.49927200
118.57935380 360.95135519 -0.48782294
117.83732431 361.37460631 -0.48112969
117.08037677 361.79897013 -0.47607466
116.32571280 362.22402163 -0.46570492
115.60476408 362.62823966 -0.45641097
114.90293761 363.03637352 -0.45676825
114.19362301 363.43601133 -0.45775102
113.49993470 363.83933718 -0.46121864
112.84326667 364.23730571 -0.45072146
112.18532652 364.61154023 -0.43771015
111.56737747 364.97477007 -0.43158073
110.95275752 365.33029514 -0.43196224
110.34352638 365.68915651 -0.42190195
109.76532516 366.03067541 -0.40764220
109.19908633 366.33823813 -0.39855026
108.67939456 366.63667219 -0.38989698
108.14974603 366.92856413 -0.37983522
107.63770962 367.19873366 -0.37702899
107.12328500 367.46398492 -0.37343614
106.60523888 367.72989211 -0.36234454
106.11572599 367.97776218 -0.35750078
105.58735603 368.23440052 -0.35109140
105.05595104 368.49908490 -0.34626414
104.52502109 368.76739408 -0.34715107
104.01337646 369.02284128 -0.34732207
103.49151659 369.26865758 -0.34296828
102.95900622 369.50476942 -0.34276433
102.40231426 369.76314610 -0.33922941
101.87194717 370.01173439 -0.32990041
101.34751561 370.24414385 -0.32494532
100.80122924 370.49702110 -0.32010098
100.22712998 370.74396444 -0.32117004
99.64336629 371.00096034 -0.32592596
99.05750373 371.26089422 -0.33139796
98.48356157 371.52500927 -0.32681235
97.89770973 371.77931832 -0.32890311
97.27847988 372.05008448 -0.32753836
96.66214501 372.31025210 -0.32894833
95.99951588 372.57820193 -0.33520318
95.33937353 372.87645799 -0.33597646
94.67629154 373.17769012 -0.34302640
94.00696366 373.46348819 -0.35630394
93.33846415 373.77278519 -0.39531683
92.63434846 374.08662523 -0.43876126
91.91033474 374.41592032 -0.45067147
91.16475409 374.74464725 -0.44775346
90.41403438 375.09793267 -0.45358543
89.68881927 375.47010385 -0.48837488
88.94378612 375.85683762 -0.53720552
88.16295505 376.25286113 -0.57241935
87.38824412 376.63597342 -0.59140776
86.58864878 377.03229974 -0.59406674
85.77575302 377.43775772 -0.60291821
84.98304281 377.85291327 -0.62666754
84.18554135 378.27255637 -0.64922370
83.38793586 378.70501277 -0.67711789
82.55887759 379.17006186 -0.67560488
81.71033169 379.65346988 -0.66809912
80.86103817 380.13532935 -0.65438644
80.02966247 380.61443303 -0.66279509
79.22274756 381.08873185 -0.68593354
78.40860497 381.57214183 -0.70359101
77.59636279 382.05165825 -0.71033171
76.78145808 382.53756622 -0.71571831
75.94353495 383.02609077 -0.73294485
75.09518980 383.52374089 -0.74825720
74.25383264 384.00798875 -0.76213302
73.41528012 384.49469220 -0.78047434
72.57190651 384.99095100 -0.80453834
71.71411453 385.49146495 -0.83003503
70.86579277 385.98458553 -0.84948906
70.01543359 386.49680104 -0.86220993
69.17072151 386.98445350 -0.86993109
68.32737187 387.46442237 -0.87592093
67.47556040 387.93107506 -0.89830776
66.64817170 388.39335360 -0.93237241
65.79187227 388.87001356 -0.96021256
64.95322205 389.34223430 -0.98086914
64.10761948 389.82690929 -0.99491622
63.26704031 390.30728076 -1.00622253
62.42793045 390.77523312 -1.02549624
61.58343314 391.24472303 -1.04942294
60.74528851 391.72540109 -1.07765421
59.89648393 392.19404443 -1.12264314
59.05227182 392.65904637 -1.16994203
58.20592162 393.11807673 -1.19287382
57.34240457 393.58456417 -1.21046951
56.50114423 394.03702565 -1.23012877
55.64749422 394.50154762 -1.24223606
54.80825948 394.96212915 -1.26132465
53.98810941 395.40703387 -1.27677031
53.16932675 395.84119976 -1.29349802
52.35826461 396.28241790 -1.31089390
51.53096501 396.72315234 -1.32244729
50.69581463 397.16429276 -1.34182446
49.86454224 397.61910507 -1.33549165
49.03398593 398.06513097 -1.33427067
48.19133585 398.52096170 -1.31808290
47.40118513 398.94062260 -1.31100484
46.59906868 399.35906955 -1.29004416
45.83521439 399.77669660 -1.27772958
45.05724584 400.19071479 -1.27059957
44.29866362 400.60294117 -1.24264512
43.55683470 401.00112537 -1.21254535
42.81276033 401.39602721 -1.18440373
42.10036526 401.77633929 -1.14882791
41.41981418 402.14444480 -1.11419535
40.73248837 402.51956647 -1.07221419
40.07842503 402.87363346 -1.03910738
39.41751207 403.23295462 -0.98105090
38.78561705 403.57655196 -0.91057211
38.16451700 403.90225217 -0.84181539
37.56996326 404.22014931 -0.78193171
36.98854484 404.51832557 -0.73508811
36.43202662 404.80787188 -0.68226202
35.88834094 405.07453181 -0.62702129
35.34258917 405.34215924 -0.55519779
34.81549467 405.59210128 -0.47193038
34.28641731 405.83322628 -0.38555640
33.77251423 406.07184944 -0.30182542
33.27078249 406.30005198 -0.21884447
32.77873666 406.51636256 -0.13366770
32.29410538 406.71447893 -0.04845174
31.79631545 406.91271311 0.05261669
31.30748944 407.07602481 0.15536216
30.82610830 407.21451330 0.25255634
30.35353556 407.33529868 0.36233175
29.88234314 407.43938514 0.46755860
29.40601331 407.50069589 0.58932327
28.91773142 407.53942446 0.71017655
28.45713521 407.56030313 0.82178343
28.00404287 407.55578022 0.92239244
27.55493041 407.50506479 1.02660615
27.11556399 407.42744414 1.12156635
26.66547503 407.32027153 1.22323850
26.26092905 407.19570775 1.28964125
25.83790828 407.03384727 1.37194514
25.40423575 406.83817535 1.44954070
24.98940288 406.61356088 1.51460612
24.57120228 406.35120346 1.56031269
24.17540216 406.05850038 1.59858710
23.79194518 405.73613797 1.63160970
23.40862274 405.39321104 1.65511163
23.00315318 405.00072859 1.67064779
22.62134160 404.59877322 1.65735360
22.24614352 404.16582178 1.62963605
21.88797120 403.71541218 1.57610141
21.52741199 403.23721380 1.52186086
21.16561767 402.72431627 1.45978919
20.79157826 402.18111212 1.39535758
20.43104662 401.62842172 1.33409926
20.06664293 401.06910046 1.26527472
19.71091018 400.50029176 1.18686359
19.36375122 399.92137755 1.10772867
19.02128446 399.31975708 1.04278950
18.68345753 398.72307930 0.96686551
18.35039039 398.09968866 0.88688117
18.01437950 397.47156414 0.81246730
17.68752421 396.83560615 0.72299934
17.34004392 396.17340692 0.64113585
16.99328543 395.50568102 0.56980035
16.65532984 394.84231787 0.50794230
16.31396440 394.16006995 0.43491619
15.95929822 393.43756793 0.34900971
15.60251810 392.73526084 0.26932835
15.24171934 392.01632621 0.19065792
14.86754266 391.27312318 0.10540870
14.49393008 390.52858114 0.02749253
14.12062209 389.77462179 -0.04884910
13.73184173 388.97383325 -0.12616102
13.34730738 388.16790873 -0.19054304
12.95287018 387.35360910 -0.27561472
12.56777050 386.55382407 -0.33837977
12.17215431 385.74680505 -0.40703526
11.77283344 384.87828700 -0.48182443
11.34093085 383.98829824 -0.53897010
10.93376072 383.13590739 -0.59346320
10.52076358 382.28624330 -0.64306331
10.08441471 381.40341213 -0.66983293
9.66670067 380.57307171 -0.69555185
9.24728516 379.74295590 -0.71932346
8.84401754 378.94168133 -0.74578450
8.42230805 378.09955869 -0.77446176
8.00947920 377.27674735 -0.77986933
7.60340732 376.45599945 -0.78116154
7.20073940 375.64902801 -0.79840602
6.79532674 374.83290858 -0.80744295
6.38505051 374.01644089 -0.81881979
5.95590317 373.18845453 -0.83766686
5.53630227 372.35820855 -0.85268826
5.11401253 371.51311533 -0.85120127
4.67887545 370.66343332 -0.84689811
4.24364585 369.79432746 -0.82141631
3.83263033 368.94600625 -0.80676080
3.40693870 368.10172331 -0.78552419
2.98656338 367.25796018 -0.76427097
2.55927830 366.39681706 -0.74896012
2.14079836 365.55090216 -0.74150690
1.71837442 364.72159890 -0.72398420
1.28476240 363.89390502 -0.70568052
0.86085724 363.06960593 -0.68338002
0.43403640 362.22384870 -0.68371140
-0.00085454 361.37648715 -0.67843463
-0.42348988 360.54126483 -0.67610667
-0.83805981 359.72615668 -0.67819889
-1.26784837 358.90733315 -0.67268193
-1.68659644 358.08952621 -0.67151122
-2.12298796 357.23502227 -0.66270486
-2.55845148 356.39514876 -0.66087199
-2.98263530 355.55631612 -0.64664147
-3.43017018 354.70065709 -0.62967408
-3.85435541 353.85245836 -0.61285534
-4.28948665 352.97686504 -0.59683139
-4.72132636 352.12349047 -0.58606948
-5.14334057 351.29823388 -0.57368608
-5.56560224 350.45591324 -0.56015185
-5.98349080 349.59919167 -0.54156721
-6.39107289 348.77115254 -0.53075521
-6.80035064 347.92152880 -0.52472627
-7.22188457 347.10496682 -0.53915351
-7.64993502 346.29386159 -0.54064024
-8.07522994 345.45900400 -0.55146637
-8.49530483 344.63436295 -0.57078796
-8.91557732 343.80865606 -0.59123154
-9.33019021 342.98889398 -0.59879211
-9.75442024 342.13669767 -0.59788444
-10.19248449 341.28135851 -0.60717830
-10.64218712 340.42894493 -0.62863870
-11.09163511 339.57619178 -0.65521222
-11.55621283 338.68542931 -0.67601265
-12.00283847 337.77969256 -0.68327199
-12.46748414 336.88176757 -0.69768474
-12.90773667 335.99018345 -0.71219837
-13.34207777 335.11365193 -0.73284207
-13.80127669 334.20838630 -0.74945804
-14.22299733 333.28996560 -0.78006772
-14.64860206 332.40896090 -0.80055883
-15.07697723 331.52102649 -0.81220723
-15.50742288 330.63030134 -0.83243122
-15.91831188 329.70450562 -0.86247183
-16.34271328 328.78452541 -0.89042969
-16.77354627 327.87979210 -0.90855039
-17.22241201 326.94348917 -0.92784341
-17.66236872 326.03361356 -0.93736823
-18.09567695 325.11835512 -0.93668444
-18.52578491 324.19887641 -0.95542591
-18.95662511 323.26376448 -0.97193825
-19.41144923 322.33933426 -0.99748209
-19.86234870 321.42023837 -1.01601877
-20.29680927 320.51357437 -1.02506591
-20.72633051 319.57348766 -1.02660233
-21.15927009 318.65479966 -1.04507037
-21.58874263 317.76605383 -1.06711194
-22.03294449 316.85878332 -1.10704867
-22.49815358 315.95910471 -1.14943111
-22.96568239 315.03302297 -1.18634576
-23.42231458 314.11932930 -1.20683377
-23.87642529 313.19617971 -1.22000337
-24.32179213 312.28576469 -1.23781642
-24.78407214 311.33889294 -1.25002289
-25.23369384 310.39820784 -1.27119203
-25.68621860 309.45543460 -1.30755624
-26.13881479 308.53517611 -1.33886223
-26.58699281 307.63833182 -1.38308639
-27.05816838 306.70604092 -1.42026307
-27.50904058 305.80581005 -1.45045538
-27.95713358 304.89958009 -1.47017458
-28.40431659 304.00225858 -1.48345273
-28.83540437 303.12777388 -1.51497959
-29.28460404 302.23190175 -1.55078761
-29.73449701 301.33941126 -1.58605440
-30.16265318 300.48470518 -1.61410853
-30.59826614 299.64589132 -1.65163157
-31.02110764 298.82763895 -1.67085961
-31.43186245 297.99664278 -1.69642201
-31.85500914 297.19938401 -1.72338666
-32.28570651 296.43521458 -1.71199706
-32.69576960 295.66308295 -1.70540627
-33.09284445 294.88909213 -1.72846309
-33.51557414 294.14706959 -1.73881850
-33.93427072 293.41503310 -1.73489911
-34.34880927 292.68662131 -1.72392085
-34.74562800 291.96953385 -1.72801238
-35.15542280 291.22872748 -1.74412935
-35.56167648 290.51414259 -1.76955691
-35.95471367 289.82091708 -1.78742647
-36.33476012 289.15023106 -1.80844702
-36.69406943 288.51434248 -1.82168328
-37.04561181 287.90944501 -1.84494616
-37.38679146 287.31300715 -1.87298375
-37.71985670 286.74289974 -1.90313660
-38.03572570 286.18735908 -1.92509047
-38.34371224 285.65440519 -1.94385004
-38.64040949 285.13639749 -1.95844603
-38.92228217 284.64218020 -1.98374436
-39.17685931 284.17390566 -2.01447615
-39.41652325 283.71854516 -2.01679936
-39.64201704 283.28260131 -2.04194603
-39.87944193 282.83715513 -2.05736327
-40.09219715 282.41393589 -2.06150540
-40.30494454 282.00078150 -2.06856551
-40.48847834 281.59766368 -2.06760455
-40.67818896 281.19516179 -2.05552750
-40.84405747 280.81347053 -2.05177553
-40.99437068 280.43891903 -2.02630056
-41.12436366 280.07086986 -1.99195966
-41.23627563 279.70293690 -1.93821605
-41.33745750 279.32294082 -1.85780773
-41.44407025 278.94667855 -1.75788343
-41.53055767 278.56957239 -1.65703014
-41.58027604 278.21463529 -1.52129702
-41.59792747 277.85700886 -1.35871611
-41.61444135 277.49524089 -1.18209046
-41.60250073 277.13568405 -0.98764773
-41.56583729 276.78475241 -0.78803574
-41.47829768 276.44005864 -0.58742181
-41.35440311 276.10997519 -0.34632459
-41.18694941 275.74604669 -0.11380792
-40.97366177 275.38215790 0.11899876
-40.70953802 275.03716115 0.34312587
-40.43905831 274.69414145 0.55600839
-40.09634063 274.36437949 0.75415098
-39.72274980 274.03109575 0.92784410
-39.29271156 273.68420734 1.09127365
-38.81726525 273.34151257 1.22697226
-38.32052523 272.99884134 1.32259076
-37.80925611 272.66309953 1.40934703
-37.25442501 272.30420902 1.47600722
-36.70883345 271.93865492 1.51341661
-36.09544983 271.55228882 1.55090267
-35.46421334 271.15755241 1.58203197
-34.83763373 270.78892638 1.59658986
-34.19954883 270.41476854 1.58470355
-33.54336501 270.03625254 1.58206233
-32.84540361 269.62924826 1.56635807
-32.17938221 269.23602707 1.54306373
-31.52401222 268.83649340 1.52125314
-30.81523845 268.43064200 1.48697483
-30.08592766 268.01995695 1.44502226
-29.34739785 267.62741935 1.38074239
-28.63195432 267.23101028 1.31763643
-27.91731033 266.82371264 1.27456301
-27.21154907 266.40528503 1.24372485
-26.47266197 265.98493842 1.18523565
-25.75333290 265.57754314 1.12736196
-25.02772811 265.18807628 1.05785778
-24.31011254 264.79141261 0.98614171
-23.56544162 264.38876812 0.92791139
-22.81027687 263.97171003 0.86892375
-22.04998476 263.56284226 0.79726007
-21.28984111 263.15070614 0.72152993
-20.51349300 262.73982999 0.65988742
-19.75003492 262.32574247 0.58116360
-18.96034831 261.91256413 0.49223014
-18.16519556 261.49451543 0.40536512
-17.38312908 261.04789550 0.30359053
-16.61557088 260.62787591 0.21937894
-15.81151876 260.17129061 0.10676260
-15.03934247 259.74500229 0.00444139
-14.26967134 259.31749652 -0.11479857
-13.51375234 258.88579054 -0.23683576
-12.75708274 258.42982155 -0.34006799
-11.97382188 257.98173468 -0.45988022
-11.21794124 257.54073914 -0.61135497
-10.46350324 257.09619850 -0.73506625
-9.71724939 256.65679111 -0.84506942
-8.98169520 256.20687387 -0.94656702
-8.23029782 255.75952627 -1.02927596
-7.47346105 255.29510312 -1.12009208
-6.72097858 254.85233119 -1.19742935
-6.00825729 254.40927983 -1.26467403
-5.27613536 253.95893859 -1.33079503
-4.52219743 253.50168380 -1.39504008
-3.77279641 253.05305377 -1.46319238
-3.04792595 252.64290098 -1.51852322
-2.36511160 252.22222192 -1.59353446
-1.69275739 251.80084074 -1.66274435
-1.02291637 251.38761121 -1.73250832
-0.34787510 250.96790780 -1.79793589
0.28975131 250.58714737 -1.85752726
0.91775904 250.21164550 -1.89550570
1.52394731 249.83176659 -1.91220751
2.12487652 249.45469225 -1.93168071
2.65963091 249.10365919 -1.95632624
3.20559214 248.77909696 -1.98101433
3.76135847 248.43270291 -1.98814941
4.26492915 248.14293721 -2.02403850
4.78658203 247.87327495 -2.07167467
5.31353424 247.62687511 -2.15472017
5.84482237 247.36766744 -2.23210049
6.36227392 247.12899819 -2.32213389
6.88825486 246.90431785 -2.43011459
7.38539953 246.71207292 -2.54541418
7.85392451 246.52424571 -2.66393005
8.32970153 246.35240245 -2.81657030
8.84321086 246.18709088 -2.93563136
9.34143698 246.04608117 -3.06235738
9.84735031 245.92775706 -3.21526012
10.33953676 245.81107480 -3.37848448
10.86056643 245.69796201 -3.50961519
11.36423613 245.62378212 -3.65765694
11.87505310 245.53093642 -3.81058606
12.37365676 245.44024551 -3.93215776
12.85244844 245.38720886 -4.08056999
13.32450387 245.33596385 -4.21518123
13.79290486 245.29195689 -4.32183380
14.29885548 245.24167961 -4.43428923
14.80207860 245.17126899 -4.52163947
15.30109319 245.11299250 -4.61932983
15.75822229 245.08182941 -4.68604834
16.21215835 245.02674070 -4.71503634
16.66383569 244.99755039 -4.75105465
17.13396895 244.98109737 -4.76417965
17.57902836 244.97141509 -4.76801895
18.03561742 244.96165099 -4.76521475
18.49794207 244.95369724 -4.73333124
18.98434028 244.95051876 -4.68823025
19.42442157 244.95020444 -4.63312492
19.87732884 244.96735187 -4.58002861
20.31486413 244.98982889 -4.51001436
20.72475286 245.01366615 -4.39693637
21.12617214 245.05891066 -4.27538995
21.52826247 245.12127089 -4.13137226
21.91544890 245.18285147 -3.98444505
22.29377931 245.25523880 -3.80346436
22.65317078 245.33408178 -3.58607604
22.99433520 245.44724452 -3.33578592
23.34765477 245.57355145 -3.08704780
23.68328765 245.71561230 -2.81712433
24.00286568 245.87659630 -2.51567942
24.30016433 246.02910330 -2.18863581
24.58586679 246.20260146 -1.89368898
24.87939065 246.38287285 -1.59106972
25.15973024 246.57616284 -1.33765295
25.45899272 246.76681098 -1.06126629
25.72819521 246.95943352 -0.79224132
26.02558750 247.16859281 -0.50825155
26.31110488 247.37862759 -0.23257015
26.59972648 247.59513334 0.02265204
26.87720689 247.82539151 0.26632355
27.18284612 248.05524798 0.52373115
27.45311935 248.27918595 0.77944500
27.74265863 248.50041690 0.98848752
28.05073776 248.73722588 1.21143813
28.35284333 248.96259939 1.39373815
28.66281727 249.19482467 1.57785809
28.97040058 249.44172240 1.79322234
29.26171802 249.70527192 2.00033843
29.54416268 249.96481238 2.15828984
29.88933927 250.19852451 2.27838509
30.20903665 250.40685700 2.36760641
30.54875051 250.58482506 2.41196225
30.89988179 250.74824236 2.44442319
31.25036975 250.88912656 2.43253554
31.61536946 251.00718709 2.40514176
31.95960420 251.11181231 2.33031755
32.28090043 251.21324132 2.29221811
32.62597010 251.32000640 2.26372364
33.02050045 251.40763997 2.20898185
33.42590159 251.47176120 2.15456170
33.85204112 251.50181781 2.06249021
34.27941505 251.51480449 1.97462647
34.75729759 251.52085043 1.86670394
35.24187212 251.51945492 1.76505411
35.75823755 251.49472977 1.66015505
36.26250968 251.45262773 1.54565387
36.77976424 251.41500411 1.43689009
37.28512958 251.37438743 1.32085565
37.83260501 251.29920958 1.21132314
38.33763958 251.19769959 1.09915831
38.90210858 251.06152860 0.95255796
39.47353805 250.88210029 0.79014881
40.08651320 250.68108866 0.63961302
40.71759061 250.46216478 0.48283236
41.35563135 250.23661770 0.33471176
41.97572617 250.02382724 0.21441388
42.55772479 249.81821076 0.09806954
43.14308417 249.57982945 -0.02632089
43.77444993 249.31481033 -0.15306541
44.41012380 249.04496373 -0.26930852
45.05153629 248.73302357 -0.38958485
45.70608499 248.41534042 -0.49655225
46.36039315 248.09791235 -0.59475336
47.02078157 247.78581746 -0.68683322
47.69905507 247.43869513 -0.79040551
48.38118758 247.08047480 -0.89848784
49.07658459 246.70033075 -1.02516673
49.79401498 246.30780251 -1.14154886
50.50141499 245.92869573 -1.24397800
51.20335388 245.55016847 -1.33094353
51.93370699 245.14875015 -1.40030056
52.63889899 244.77161645 -1.47265005
53.36524448 244.39790523 -1.53831390
54.12416065 244.01752966 -1.57561533
54.86040498 243.60182962 -1.61937321
55.61093105 243.17526117 -1.65730310
56.37323629 242.71783394 -1.70492542
57.10865608 242.27959700 -1.74865086
57.89329522 241.80248894 -1.77806535
58.66603891 241.34784778 -1.81866972
59.44663340 240.89600894 -1.84623415
60.19289979 240.45822668 -1.86196039
60.97469533 240.02131853 -1.88659290
61.74081006 239.57178855 -1.89094739
62.56089329 239.12672566 -1.90006788
63.34636109 238.71707122 -1.89645543
64.15097843 238.27690743 -1.87808273
64.95086741 237.84454134 -1.86911267
65.74302580 237.40798410 -1.87972717
66.56024048 236.95086517 -1.89273023
67.32521693 236.52021523 -1.88216173
68.10656837 236.09289116 -1.85455772
68.85689564 235.69335479 -1.83310120
69.58740097 235.29233390 -1.80960255
70.30332285 234.87826020 -1.79972320
71.01671099 234.43463283 -1.78544184
71.74253954 233.99591241 -1.77305278
72.44679183 233.57396004 -1.76555933
73.15527682 233.17760753 -1.76498195
73.87307173 232.76755940 -1.74930721
74.59611094 232.34550457 -1.74292573
75.31053198 231.90858312 -1.73494601
76.02650276 231.49152166 -1.71664460
76.74579413 231.06941133 -1.70647014
77.47743159 230.63284675 -1.69229353
78.21248279 230.20878396 -1.69617219
78.95840294 229.79053905 -1.69803213
79.72925580 229.33964328 -1.68144715
80.48507829 228.92039423 -1.66188040
81.23048591 228.50501442 -1.65113222
81.95812957 228.11922004 -1.62028358
82.64107617 227.72797032 -1.60511440
83.31456944 227.38913116 -1.55010131
83.98036777 227.04491146 -1.51186281
84.60989188 226.73160406 -1.48276939
85.25111338 226.41423839 -1.43899132
85.91589547 226.09742808 -1.40195607
86.56600597 225.78984334 -1.35209339
87.18972713 225.49638331 -1.30008080
87.77077920 225.20521175 -1.27674787
88.39312416 224.92368664 -1.22402801
89.02582931 224.64699047 -1.19276044
89.62632068 224.38006869 -1.15754807
90.21458886 224.11996995 -1.14908873
90.79277573 223.84849410 -1.13124074
91.37587561 223.61581216 -1.13234315
91.96198720 223.35648573 -1.13437955
92.52993958 223.12551279 -1.13270541
93.08941554 222.89322629 -1.11262908
93.60291983 222.68291578 -1.09011588
94.11945640 222.47117546 -1.08672141
94.60403653 222.26593336 -1.08488547
95.06652300 222.07148209 -1.09808032
95.54739102 221.87015354 -1.09991273
96.00800581 221.69056383 -1.09346497
96.44955515 221.50618109 -1.08400933
96.87843399 221.32316277 -1.08604617
97.25688531 221.15088883 -1.07178069
97.64080692 220.97063907 -1.07342715
98.00499765 220.82449813 -1.04896595
98.35038701 220.66316575 -1.04506178
98.69600890 220.51083890 -1.04601033
99.00854187 220.35090810 -1.05375685
99.31480949 220.17013053 -1.06181977
99.59649385 220.00482014 -1.05863303
99.86617191 219.84590807 -1.03790334
100.10826308 219.68319538 -1.04469237
100.35625215 219.55260034 -1.04219278
100.56692809 219.45228239 -1.03452217
100.76878132 219.33757462 -1.02065720
100.97919377 219.20756153 -1.02287633
101.15582075 219.06193834 -1.02406830
101.34537778 218.92521758 -1.00930106
101.49455268 218.76627808 -0.98362489
101.64524921 218.59227876 -0.96832438
101.78730716 218.41484093 -0.96550212
101.93961843 218.23429777 -0.95161525
102.06772765 218.09737197 -0.93972318
102.24330572 217.95724053 -0.92222531
102.37940434 217.78482371 -0.91447526
102.50388195 217.61835067 -0.91261775
102.65353597 217.44406968 -0.91120863
102.80839272 217.26725600 -0.89569005
102.98357947 217.07261275 -0.88214744
103.14014045 216.85157725 -0.88283482
103.31678391 216.58757820 -0.90327111
103.52236276 216.34271146 -0.88785305
103.71594291 216.07096936 -0.88077366
103.91915642 215.81235838 -0.86824222
104.09888989 215.48492423 -0.88959568
104.28002928 215.12898147 -0.89928689
104.43821154 214.71327823 -0.92529373
104.57478842 214.32601542 -0.94593027
104.67890841 213.92434645 -0.96276143
104.76727553 213.50461549 -0.97915711
104.85961950 213.03052649 -0.98324926
104.91063234 212.56175351 -0.98427794
104.95347820 212.04662755 -0.98800491
104.95979817 211.53806320 -0.99082521
104.93489051 211.00637973 -0.99839796
104.88284272 210.43596577 -1.00772236
104.79793274 209.86137983 -1.00595591
104.66483512 209.24595984 -0.99356386
104.51089335 208.59528581 -0.99143514
104.34098404 207.99410634 -0.99481046
104.14083312 207.36592942 -1.00388152
103.93034492 206.74415972 -1.00823672
103.66626716 206.10074828 -1.01325501
103.39167007 205.40974177 -1.01914767
103.11432336 204.74111768 -1.04441962
102.81064867 204.08001905 -1.06670059
102.48617266 203.41284912 -1.08845783
102.15553335 202.71517519 -1.10483415
101.79388572 201.99464301 -1.11927255
101.41701387 201.27866997 -1.14379080
101.02276350 200.55409342 -1.16961890
100.61643874 199.85904079 -1.17445907
100.20561673 199.11167920 -1.19567031
99.79885666 198.34689992 -1.20998608
99.40015578 197.59082993 -1.22508050
98.96402339 196.77015086 -1.23833163
98.54317160 195.96008218 -1.25192944
98.10634110 195.07638571 -1.26629690
97.64363143 194.16627537 -1.28621832
97.22452310 193.27988795 -1.29770003
96.80462497 192.37999185 -1.30691006
96.40679555 191.47005311 -1.31702583
95.99940542 190.55209079 -1.33205010
95.57606381 189.57859093 -1.33364966
95.13456020 188.58591110 -1.34548909
94.70107747 187.58683328 -1.33921113
94.24356387 186.57190525 -1.32905388
93.77972299 185.56055814 -1.32849785
93.32701921 184.55373977 -1.31419632
92.84315036 183.53966350 -1.29630759
92.39765562 182.54690340 -1.27005624
91.95614230 181.56840792 -1.26204771
91.51855545 180.54559243 -1.26277507
91.08920324 179.51519626 -1.24206461
90.65022403 178.47773032 -1.23163357
90.18103595 177.45848281 -1.21568703
89.72209614 176.45218266 -1.19085981
89.26575840 175.46654974 -1.16947328
88.80629971 174.46297976 -1.13917219
88.33929386 173.45365054 -1.09604695
87.86049511 172.44039318 -1.06235433
87.34556360 171.39329187 -1.02353503
86.79650001 170.35948047 -0.99899046
86.22968622 169.33429173 -0.97604729
85.66834340 168.29904421 -0.95527704
85.10335256 167.26964999 -0.91904217
84.52927476 166.19906708 -0.88108907
83.95153011 165.14541304 -0.85870465
83.40034007 164.11930470 -0.85467333
82.85321811 163.06969944 -0.84705187
82.30763545 161.99517112 -0.83715494
81.74704525 160.91367404 -0.83093912
81.13596360 159.81854708 -0.82301308
80.53962337 158.73013612 -0.80499115
79.91810953 157.63735218 -0.79905366
79.33620191 156.56466363 -0.78246997
78.74080942 155.46745081 -0.75799971
78.12018147 154.36227839 -0.73968000
77.47801218 153.22060539 -0.72098623
76.83157932 152.04481503 -0.73314656
76.22256773 150.89120250 -0.73487608
75.62135083 149.74628799 -0.71091842
74.97856718 148.57550692 -0.68945887
74.37038505 147.38104894 -0.67272907
73.76692975 146.20724345 -0.64263720
73.16941484 145.02777767 -0.64197223
72.56946450 143.85156411 -0.64899289
71.97685557 142.67737522 -0.64729499
71.35766995 141.50100378 -0.65050079
70.75288025 140.30540092 -0.63962263
70.18209286 139.13200210 -0.63872812
69.63143156 137.99462011 -0.62590833
69.06476337 136.85787014 -0.61283402
68.45304461 135.71755272 -0.61811630
67.85892855 134.59501939 -0.62577399
67.22236001 133.42935456 -0.63768627
66.57341617 132.26289218 -0.64901933
65.93823758 131.13379786 -0.66181763
65.34730688 130.04423018 -0.66668086
64.76114350 128.93417815 -0.67874985
64.17681470 127.80955213 -0.67433934
63.58560203 126.69910017 -0.68176527
62.97558027 125.56759496 -0.68954090
62.37834360 124.46372162 -0.69800532
61.78605093 123.36016605 -0.70800762
61.20572612 122.27586947 -0.73165757
60.63141201 121.16191295 -0.75415497
60.06696245 120.06700742 -0.77685833
59.51410510 118.98540129 -0.79046008
58.97581078 117.88201482 -0.79679242
58.44754741 116.79412842 -0.80341765
57.93984158 115.69802584 -0.80287704
57.44069226 114.60449349 -0.80631222
56.97738445 113.52813598 -0.80326930
56.47798894 112.43922482 -0.79676420
55.99302324 111.35291781 -0.77788390
55.52770422 110.28909319 -0.76417401
55.07391631 109.25822075 -0.74337939
54.62990060 108.23286433 -0.72482719
54.18735638 107.23553481 -0.69205819
53.74284132 106.24069891 -0.66823365
53.28279090 105.21124901 -0.65352383
52.83686905 104.22269739 -0.63803523
52.41818231 103.27440511 -0.61118615
52.01912829 102.37202527 -0.58418708
51.60719218 101.46425678 -0.55283935
51.21628024 100.58085139 -0.53265985
50.84930461 99.70654240 -0.50584315
50.47299306 98.82130375 -0.48048538
50.12146839 97.98009092 -0.45848083
49.78428337 97.13604381 -0.43711398
49.40961822 96.31682628 -0.42542049
49.05183445 95.52964249 -0.41505308
48.71003529 94.75133691 -0.39427914
48.39206637 93.97605144 -0.38262162
48.07044302 93.25482571 -0.36313559
47.77698167 92.56326633 -0.35324751
47.47234143 91.87224189 -0.33529910
47.14828278 91.20183317 -0.33088779
46.87054332 90.57662290 -0.30817570
46.61855876 89.94971569 -0.28719084
46.37169561 89.33162799 -0.26195205
46.15478033 88.73881307 -0.24248640
45.98064185 88.14249066 -0.22054809
45.82454169 87.59783558 -0.19557209
45.67170884 87.03581884 -0.16314543
45.54172463 86.48677489 -0.13028326
45.43016140 85.98113495 -0.10276217
45.33542720 85.45399674 -0.08231802
45.26040697 84.93450140 -0.06059003
45.21115706 84.44829726 -0.06362631
45.21431028 83.93966864 -0.05819989
45.21672570 83.46337102 -0.06241233
45.26622808 82.97835963 -0.07011790
45.31611522 82.51030466 -0.06962092
45.39120353 82.02390934 -0.06940289
45.49433792 81.56677917 -0.06850180
45.64025089 81.14674496 -0.06566616
45.76712729 80.73103006 -0.04704322
45.95167197 80.34203921 -0.04408794
46.16304847 79.96236912 -0.05826378
46.36472296 79.58222289 -0.06826396
46.59079936 79.22390357 -0.09456938
46.84867293 78.88994622 -0.10268182
47.14798607 78.56479920 -0.11566012
47.44196167 78.28612365 -0.12794275
47.76206781 77.99270910 -0.15396427
48.12061936 77.70454917 -0.16409854
48.49943660 77.38917807 -0.16897020
48.91040521 77.09127718 -0.16516641
49.31659929 76.83168848 -0.17009645
49.75344034 76.54689201 -0.18122502
50.19161350 76.26615598 -0.19912635
50.66906661 75.95706734 -0.19653541
51.16919494 75.66098797 -0.19756502
51.64114684 75.38379494 -0.21507311
52.12954666 75.08140739 -0.22580827
52.61514322 74.77248616 -0.22290306
53.12757084 74.47063980 -0.22356428
53.65462815 74.15434049 -0.21918992
54.17394512 73.84216937 -0.22864717
54.71596952 73.50288202 -0.23215828
55.27319644 73.16634378 -0.23558438
55.84318293 72.81839010 -0.23925796
56.41542002 72.45153887 -0.23391291
56.99573077 72.09367564 -0.23463265
57.61694701 71.69744702 -0.23836231
58.23948281 71.31303032 -0.24104983
58.87712702 70.91387974 -0.23878027
59.56167033 70.49346435 -0.25714712
60.24487462 70.07933678 -0.26248074
60.95126784 69.67832263 -0.28180665
61.69630074 69.28016646 -0.30031513
62.43626465 68.87123303 -0.31012365
63.20242886 68.49475552 -0.32629546
63.93370499 68.10987121 -0.34550668
64.70264086 67.73680411 -0.34737983
65.48023558 67.34545549 -0.34859583
66.25789775 66.97165733 -0.35378775
67.03408612 66.60947509 -0.34550341
67.83286576 66.24644868 -0.34441472
68.60400652 65.88126835 -0.33345413
69.37516321 65.52633515 -0.33435888
70.10237212 65.16362893 -0.34071626
70.86252952 64.78571340 -0.34908408
71.60141741 64.41335046 -0.33818579
72.33440153 64.04237969 -0.33343563
73.04028250 63.64872234 -0.33195805
73.77369409 63.23811670 -0.34016752
74.49477702 62.81800852 -0.34498060
75.22084374 62.39732059 -0.35346369
75.96260937 61.97158663 -0.36875846
76.67570977 61.53024167 -0.37759427
77.38414951 61.07252734 -0.38489243
78.09901260 60.59681319 -0.40435931
78.79947929 60.12776987 -0.41891441
79.50783574 59.64928005 -0.42668326
80.23996077 59.15757671 -0.44249224
80.99407571 58.67176890 -0.46002512
81.74401274 58.17668750 -0.46203843
82.46968839 57.67464355 -0.47146853
83.19508940 57.19787248 -0.47397807
83.91360778 56.70897759 -0.48588415
84.61147415 56.23399321 -0.48657685
85.33354518 55.75238598 -0.49436665
86.05190904 55.26916056 -0.49433027
86.77647556 54.78211610 -0.49938803
87.49073788 54.28800584 -0.49298190
88.21806115 53.79253301 -0.49324222
88.92369354 53.29140857 -0.49124069
89.66691815 52.76836335 -0.49622742
90.38440240 52.23301602 -0.49359579
91.07566055 51.68922204 -0.49015045
91.75662109 51.10631753 -0.47415106
92.44695779 50.50839744 -0.46377214
93.09185284 49.91897972 -0.46414794
93.69274552 49.32991770 -0.45796669
94.30733645 48.72120000 -0.45582453
94.90749583 48.10503803 -0.45271541
95.49699153 47.45703921 -0.44149829
96.05815865 46.82789501 -0.43514500
96.62745858 46.16131048 -0.44259739
97.19099857 45.49209257 -0.43068858
97.77034199 44.79231424 -0.42626991
98.31557524 44.10518876 -0.43179930
98.85450573 43.41673712 -0.44918431
99.37847320 42.74826499 -0.47729611
99.92733179 42.07077376 -0.49868087
100.48779464 41.37004794 -0.50255882
101.07155898 40.64868029 -0.49366095
101.65602502 39.93002945 -0.49338044
102.23401206 39.21815088 -0.48301471
102.81215596 38.52296666 -0.49523951
103.39548942 37.78200984 -0.50077544
103.98377432 37.02828005 -0.51020002
104.53325556 36.27356475 -0.52977531
105.11999296 35.47934932 -0.54041936
105.68724886 34.64810439 -0.55965152
106.23950531 33.83031604 -0.57478592
106.75400917 33.02972767 -0.58184454
107.26721858 32.22480188 -0.57255213
107.79455406 31.38600458 -0.56937715
108.31389142 30.54710266 -0.55657006
108.83413264 29.71189600 -0.56049525
109.32681232 28.88209954 -0.55514158
109.82662007 28.06590423 -0.54716723
110.33533289 27.23242352 -0.53426866
110.82398260 26.42006376 -0.51803687
111.34092747 25.60236476 -0.50688926
111.84044331 24.77417356 -0.50037190
112.35370969 23.93295480 -0.48868346
112.85345718 23.11252301 -0.48527185
113.34665841 22.27595248 -0.47905526
113.82806751 21.42885514 -0.46477740
114.29092464 20.58582267 -0.45843167
114.73693594 19.74207998 -0.45685042
115.17588408 18.90909883 -0.45455579
115.61876214 18.03129298 -0.45998425
116.02239879 17.18348746 -0.46295164
116.43378278 16.31175928 -0.46974149
116.81085655 15.45263904 -0.45853652
117.18633862 14.58334717 -0.45463415
117.53275294 13.70738712 -0.45458796
117.87870107 12.83284137 -0.45278657
118.20382862 11.94639805 -0.45317141
118.51017437 11.09359609 -0.44150444
118.80715799 10.23142821 -0.43101887
119.09981289 9.37436280 -0.41972068
119.40446883 8.51365641 -0.41423613
119.68018197 7.68183237 -0.41515679
119.95807338 6.87894601 -0.41118226
120.23292254 6.06016647 -0.40977842
120.49415191 5.28560438 -0.40860020
120.76193188 4.55144714 -0.40781723
121.03264454 3.85183666 -0.39797960
121.30808787 3.13247261 -0.39044757
121.56372941 2.46248263 -0.38199498
121.81490418 1.80222413 -0.38145085
122.09295558 1.14085931 -0.36898706
122.35138456 0.51974179 -0.36886243
122.59490094 -0.09532809 -0.36596440
122.84067422 -0.73444350 -0.36435248
123.09388674 -1.36640038 -0.36410032
123.33752218 -2.00649108 -0.35894925
123.57582925 -2.63867026 -0.35634504
123.81978576 -3.27371383 -0.33171828
124.06048472 -3.88821326 -0.33414208
124.29791354 -4.51478164 -0.34641141
124.51193890 -5.14142109 -0.36677538
124.75358198 -5.77994251 -0.37583300
124.99044559 -6.42486483 -0.38392337
125.22867309 -7.08640776 -0.38223424
125.45178744 -7.73186752 -0.39434322
125.68057789 -8.41012074 -0.39097718
125.89892426 -9.09500866 -0.38978429
126.14358303 -9.79788825 -0.37562733
126.38693526 -10.50447913 -0.38250933
126.62454010 -11.19151596 -0.37676397
126.89452273 -11.89078046 -0.38814687
127.17146240 -12.59579937 -0.40009376
127.46667907 -13.29869195 -0.40679599
127.75791204 -14.01364686 -0.41234614
128.08021570 -14.73566425 -0.42255939
128.39093085 -15.47174727 -0.44694766
128.69671037 -16.21833674 -0.46620442
129.02473398 -16.98295034 -0.47541115
129.35312670 -17.76351069 -0.47229037
129.69300616 -18.56420789 -0.45675638
130.04439089 -19.37172145 -0.47867075
130.39745206 -20.18871959 -0.47578598
130.74994144 -20.99885195 -0.47605161
131.11640951 -21.85155090 -0.48429197
131.47611244 -22.70115721 -0.48499303
131.83626674 -23.56635533 -0.47879063
132.20767281 -24.43259714 -0.48651488
132.57878581 -25.30954677 -0.49608180
132.95605521 -26.18686198 -0.51117989
133.32282379 -27.07853759 -0.51653806
133.69824263 -27.96137686 -0.51210835
134.07115875 -28.86538729 -0.51029222
134.44153523 -29.74880772 -0.51208454
134.81962779 -30.63187638 -0.52689025
135.18152320 -31.49837440 -0.54042786
135.55616989 -32.38789505 -0.55819950
135.92589771 -33.27946434 -0.57106130
136.28816238 -34.17729298 -0.57499072
136.65261228 -35.06615930 -0.57242777
137.01317149 -35.94995236 -0.57709655
137.38452124 -36.83834318 -0.59067808
137.74122478 -37.72191392 -0.58805698
138.12659948 -38.60011341 -0.58085208
138.52910879 -39.48318984 -0.59204000
138.92229196 -40.37365974 -0.59222852
139.32151817 -41.26151239 -0.59908214
139.70020255 -42.13966556 -0.61678010
140.07410655 -43.00758759 -0.62111615
140.45678446 -43.87207897 -0.66715662
140.81311936 -44.72268767 -0.67613834
141.18097118 -45.59081108 -0.69190864
141.54791553 -46.45569511 -0.70500988
141.90804068 -47.31639661 -0.70797717
142.28080308 -48.18372817 -0.70063969
142.64212218 -49.04609984 -0.70481218
143.00394940 -49.90568395 -0.69703067
143.36559900 -50.75820597 -0.70265311
143.71996669 -51.59523415 -0.70165461
144.07377783 -52.42686610 -0.70895601
144.42663954 -53.24553712 -0.71218684
144.77327763 -54.05901146 -0.70863210
145.10794855 -54.85783646 -0.70525390
145.42057573 -55.63329499 -0.70866478
145.72942361 -56.39883824 -0.71820546
146.01908300 -57.15107576 -0.71910963
146.30557644 -57.89847526 -0.70017460
146.59404273 -58.63050747 -0.67124605
146.87575974 -59.34114796 -0.66092910
147.15001859 -60.03069959 -0.65863737
147.40181406 -60.67685435 -0.66476597
147.64859700 -61.31796430 -0.66233252
147.87784546 -61.93707668 -0.66470817
148.09775768 -62.54271953 -0.65657356
148.30705091 -63.11684623 -0.63975814
148.51100707 -63.68147725 -0.62676741
148.72667578 -64.23028632 -0.61830333
148.94886768 -64.76590308 -0.60704891
149.18268323 -65.29370179 -0.60019556
149.43822560 -65.80039487 -0.58942306
149.71822663 -66.30211133 -0.58525598
150.00487323 -66.75571378 -0.57558165
150.31342133 -67.21735877 -0.57264431
150.63870122 -67.65899102 -0.56219395
150.98248854 -68.08209170 -0.55778618
151.35368747 -68.50098949 -0.55599844
151.74378578 -68.91297383 -0.55255550
152.15740522 -69.31393333 -0.54997260
152.58663946 -69.68791783 -0.53542746
153.04623094 -70.04329036 -0.52377275
153.52071354 -70.40085662 -0.52198911
154.00058841 -70.73620057 -0.52010637
154.51027660 -71.07753996 -0.51924728
155.04797056 -71.39914140 -0.52321441
155.57084937 -71.72223892 -0.53933224
156.11608966 -72.04346993 -0.54878317
156.65400101 -72.36576828 -0.55771636
157.21005656 -72.69638484 -0.57085566
157.78819209 -73.03725899 -0.58177388
158.35444978 -73.38561401 -0.58803579
158.92635213 -73.74369558 -0.58682523
159.50862921 -74.10792145 -0.59866168
160.07263727 -74.46609450 -0.60678938
160.66145487 -74.84071670 -0.62144528
161.25578447 -75.23264308 -0.62778572
161.85131294 -75.62757406 -0.61738934
162.49399047 -76.03983605 -0.61338328
163.09544521 -76.43764504 -0.60700148
163.69660918 -76.85501372 -0.61576495
164.29062722 -77.27998672 -0.62168251
164.87227313 -77.68797293 -0.61408751
165.49582034 -78.12173580 -0.60767310
166.11380684 -78.54280823 -0.59945265
166.75825876 -78.97459344 -0.60183913
167.36271277 -79.40758859 -0.59539555
167.96620134 -79.84542878 -0.59915776
168.61893142 -80.28583590 -0.59932031
169.27923761 -80.72994683 -0.61703183
169.91549512 -81.18816933 -0.63216993
170.63755964 -81.66244458 -0.65384001
171.27686915 -82.11005626 -0.66793966
171.88715973 -82.53308854 -0.67478392
172.49706637 -82.96564516 -0.67927105
173.12594548 -83.39792747 -0.68809542
173.77949961 -83.85729137 -0.69790680
174.42544751 -84.31447619 -0.69368467
175.04452164 -84.75675292 -0.69283001
175.73258476 -85.22759857 -0.70921738
176.36963193 -85.68716637 -0.71407457
177.03900336 -86.14986463 -0.71510626
177.67432578 -86.61385682 -0.70773897
178.36164225 -87.09832836 -0.70079346
179.05544062 -87.58219759 -0.69828019
179.78041588 -88.07885232 -0.69433559
180.44997297 -88.55618827 -0.68133114
181.13627638 -89.04639510 -0.67922045
181.81367428 -89.53043443 -0.67969968
182.48963788 -90.02337614 -0.68157527
183.17143112 -90.52072394 -0.67537411
183.87504429 -91.00659441 -0.67497441
184.57900222 -91.49905957 -0.66490230
185.28439302 -91.98570533 -0.66711459
185.98641733 -92.46993480 -0.66692815
186.68519724 -92.96601221 -0.66609393
187.38074045 -93.45416417 -0.68356902
188.08248479 -93.94218684 -0.69663462
188.78342571 -94.43212709 -0.67928462
189.48344319 -94.92786303 -0.66256226
190.17611970 -95.40498786 -0.65503449
190.87451694 -95.88705715 -0.66198503
191.55608839 -96.36674714 -0.67793954
192.25088930 -96.85579185 -0.67838910
192.93809995 -97.35647328 -0.67164620
193.64627041 -97.85824089 -0.66146099
194.35154675 -98.36123764 -0.66214053
195.04988203 -98.86688824 -0.66402383
195.74237118 -99.36444173 -0.67009414
196.44955730 -99.88391920 -0.67314337
197.13188681 -100.37815429 -0.66827923
197.83255076 -100.87176535 -0.66283127
198.52648811 -101.36889244 -0.65569571
199.23237615 -101.85539813 -0.65511184
199.94515641 -102.35576138 -0.66125770
200.65151639 -102.84764806 -0.66704498
201.37992572 -103.36413585 -0.66440487
202.13859784 -103.88730773 -0.67173158
202.88455159 -104.41651611 -0.67677180
203.62967987 -104.95228633 -0.66162306
204.37908446 -105.49685004 -0.66549719
205.11823814 -106.03039859 -0.68533658
205.83672339 -106.56514538 -0.67965665
206.57855676 -107.09151862 -0.66964062
207.32206288 -107.61443162 -0.66075600
208.05311364 -108.13380522 -0.66171662
208.79672831 -108.65858293 -0.66887932
209.51626078 -109.17002545 -0.67902893
210.22181676 -109.69248458 -0.68694359
210.95159072 -110.22901511 -0.67858123
211.67828848 -110.74764368 -0.67363772
212.40555115 -111.27048846 -0.66301560
213.12924093 -111.78988991 -0.65208872
213.83405630 -112.30272549 -0.65062900
214.53836636 -112.81524752 -0.65496889
215.25026718 -113.32345688 -0.64180930
215.96535207 -113.83453917 -0.63267035
216.64366637 -114.31594145 -0.61554346
217.32204186 -114.78576787 -0.61455297
217.99195979 -115.26370090 -0.61996937
218.68088799 -115.75143063 -0.60732857
219.37073992 -116.24120725 -0.58759394
220.04856577 -116.71542382 -0.56800667
220.69664851 -117.18418888 -0.56654788
221.36456381 -117.65377974 -0.56459625
222.02094367 -118.10290691 -0.56778879
222.67127969 -118.54700494 -0.56158692
223.31567869 -118.99084655 -0.55156567
223.93912277 -119.42119912 -0.53826907
224.54164549 -119.83608117 -0.52782132
225.13585851 -120.25506145 -0.52650494
225.72108480 -120.65459008 -0.53410684
226.30970852 -121.06893298 -0.53450564
226.88659751 -121.47371059 -0.53173626
227.47314261 -121.87878377 -0.52315528
228.04346039 -122.29231507 -0.51601617
228.61116374 -122.67913678 -0.51097620
229.15252379 -123.06681026 -0.50594329
229.68278638 -123.44986863 -0.51063326
230.20297834 -123.82711713 -0.50326630
230.71649180 -124.21087261 -0.49764023
231.20983033 -124.60273002 -0.49304994
231.69417435 -124.98517001 -0.48094921
232.14403871 -125.36250962 -0.46760777
232.59665818 -125.74279674 -0.45905197
233.02493490 -126.10593932 -0.45963088
233.44684823 -126.47379702 -0.45670707
233.83224324 -126.81660706 -0.45108547
234.20771831 -127.14492139 -0.44715818
234.56000393 -127.46207421 -0.44188422
234.89624496 -127.78307159 -0.44014880
235.20685537 -128.08185557 -0.43681289
235.50892030 -128.36022277 -0.42600261
235.77813203 -128.61696927 -0.41507473
236.04686829 -128.85990611 -0.41264919
236.29002114 -129.07285042 -0.41487792
236.53061872 -129.29307501 -0.40728729
236.77719711 -129.50611360 -0.40969352
236.98601135 -129.68575507 -0.40409598
237.19303184 -129.85678476 -0.40743270
237.39409943 -130.02412827 -0.40018511
237.60586865 -130.19990420 -0.40574621
237.81936553 -130.34030509 -0.40714042
238.02686420 -130.48184936 -0.40517526
238.22027579 -130.60382853 -0.39925169
238.42692925 -130.71360971 -0.40687890
238.63359656 -130.82814724 -0.40042803
238.84799146 -130.92331282 -0.39514220
239.05935194 -131.01220941 -0.38759996
239.27341443 -131.09442773 -0.38854443
239.50887788 -131.17556033 -0.39522415
239.74272982 -131.23919398 -0.39321336
240.00424253 -131.30091446 -0.39662991
240.27094631 -131.35386320 -0.40526648
240.53659254 -131.40417116 -0.40603471
240.83544894 -131.43000481 -0.40821645
241.13857031 -131.43141832 -0.39823174
241.43335707 -131.39351104 -0.39896556
241.74260680 -131.32146529 -0.39176388
242.07216680 -131.25689180 -0.40406184
242.41424681 -131.15681634 -0.41097597
242.75365522 -131.05759802 -0.41146760
243.09639001 -130.91737041 -0.41152551
243.42728703 -130.75539731 -0.39777744
243.77147208 -130.54552341 -0.39961691
244.11966545 -130.32872739 -0.40747723
244.47719313 -130.08062169 -0.40461773
244.85619588 -129.78889234 -0.41745215
245.22524245 -129.48569445 -0.42463427
245.61498371 -129.14735112 -0.43801216
246.03021840 -128.79550234 -0.44435213
246.45168667 -128.39038153 -0.44603844
246.84945586 -127.99024170 -0.44195134
247.26912647 -127.56696372 -0.45344460
247.70337149 -127.10278184 -0.47415098
248.12012107 -126.62508060 -0.46276368
248.50514619 -126.12931636 -0.45044347
248.91192830 -125.60195296 -0.46759993
249.30897253 -125.05200738 -0.48200975
249.72654714 -124.44701781 -0.49058552
250.13965380 -123.82089800 -0.46885862
250.56667595 -123.18358542 -0.44753881
250.98559244 -122.53357305 -0.42700593
251.39327214 -121.86483860 -0.42764518
251.79704018 -121.19073267 -0.43063695
252.22464907 -120.48166399 -0.42746025
252.67005402 -119.77244019 -0.44366164
253.12610713 -119.01738066 -0.45357806
253.62803695 -118.23045705 -0.46415494
254.11225495 -117.41100939 -0.49289662
254.59745899 -116.58090746 -0.51917433
255.12806514 -115.78073431 -0.52879673
255.62622163 -115.02142578 -0.53784232
256.13591224 -114.20838745 -0.56131400
256.64065236 -113.41454017 -0.59254488
257.16290960 -112.64877084 -0.58727248
257.65616899 -111.84465771 -0.60923378
258.18372072 -111.00576062 -0.63341469
258.74124911 -110.14340488 -0.64072730
259.29651341 -109.28459560 -0.65070142
259.83130224 -108.42070246 -0.66505224
260.38036106 -107.52608517 -0.67730397
260.93939299 -106.62568864 -0.72192802
261.48918236 -105.74989986 -0.74111883
262.03830168 -104.85395027 -0.74936794
262.55272333 -103.96961317 -0.72602288
263.06865841 -103.06106963 -0.73687235
263.69083198 -102.28561541 -0.67462232
264.22683422 -101.37185064 -0.70515814
264.75543013 -100.50752247 -0.72179478
265.27679452 -99.64415593 -0.73752711
265.88992175 -98.90691500 -0.75924336
266.42236145 -98.02097912 -0.80281338
266.97081699 -97.22575421 -0.84122178
267.32066916 -96.27550198 -0.79927247
267.73541018 -95.54699571 -0.76076384
268.20263700 -94.72313917 -0.76223621
268.67904202 -93.80468335 -0.72891262
269.20158641 -92.99194544 -0.76777038
269.76301252 -91.81138375 -0.78064683
270.19188381 -91.04585985 -0.80529697
270.82697407 -90.34714570 -0.84030246
271.28076406 -89.49921765 -0.81944667
272.03337669 -88.29367516 -0.85899370
272.80398140 -87.19989374 -0.86678610
273.15362085 -86.52800984 -0.86413609
273.64758904 -85.97289555 -0.88931709
274.30384911 -85.44728288 -0.82719387
274.72455006 -84.87562826 -0.84910823
275.00036808 -84.03826955 -0.78968872
275.43031683 -83.08064689 -0.84517182
275.78155243 -82.23876933 -0.85861878
276.16875061 -81.24168778 -0.76746222
276.60847424 -80.13424391 -0.76684061
277.15213856 -79.32988634 -0.75044249
277.69663432 -78.42789312 -0.75210631
278.08422784 -77.61239329 -0.73078677
278.60684823 -76.69403391 -0.79361992
278.97732785 -75.94209334 -0.78589219
279.12366668 -75.47094255 -0.68387614
279.93193513 -74.91527446 -0.67796128
280.50188470 -74.14514471 -0.77703918
281.02126327 -73.46299113 -0.84811760
281.36297497 -72.79744325 -0.88802321
281.69436853 -72.04456285 -0.86038153
281.97545330 -71.38443157 -0.92604852
282.54970530 -70.68611833 -0.93798541
283.16983458 -69.79076999 -0.93376963
283.47909803 -68.84746694 -0.97634096
284.08712660 -68.02685330 -1.05517129
284.55138803 -67.20544356 -1.07568930
285.70585137 -66.04699448 -0.91716701
286.27071676 -65.17265552 -0.90511316
286.93209549 -64.33161238 -0.89009492
287.50112637 -63.54543123 -0.88278470
288.05275965 -62.84650287 -0.89850131
288.45444613 -62.28562395 -0.91192551
289.00314665 -61.27154738 -0.92244666
289.65067340 -60.34158102 -0.98036464
290.04458849 -59.22203432 -0.97983844
290.57693328 -58.23730085 -1.02293274
291.18632715 -57.39506289 -1.02827126
291.45250476 -56.99351434 -0.98853269
292.04822073 -55.71186864 -1.02122393
292.60015321 -54.73124442 -0.98435894
293.57053750 -53.59357989 -1.01626051
293.68439621 -53.35170549 -1.00551775
293.94777452 -53.10339150 -0.89042318
294.36370156 -52.43995626 -0.87060428
294.65460809 -51.92902467 -0.84388634
295.27070434 -51.29992609 -0.84604975
296.01924903 -50.70524504 -0.87490695
296.31959395 -49.78718779 -0.86305446
296.84379886 -48.93448065 -0.87396098
297.50408731 -47.96800300 -0.88832343
298.36070735 -46.97610678 -0.89927405
298.86557384 -46.12982029 -0.95772115
299.49221401 -45.21335158 -0.99977283
300.26457591 -44.76577191 -1.03035617
300.91022661 -44.08752756 -1.05856301
301.61164338 -43.01890241 -1.10545691
302.33545420 -41.99314274 -1.03169502
303.22937219 -41.13421604 -1.11742137
303.86248612 -40.28537224 -1.15570386
304.37983831 -39.47989277 -1.12410567
304.35079830 -39.14800222 -1.11837471
304.91637407 -38.62702333 -1.12852177
305.39796974 -38.09239044 -1.13548257
305.96000338 -37.70321761 -1.16813173
306.73783291 -36.91383985 -1.20739025
307.25887729 -36.29156986 -1.20676699
307.98341369 -35.31588524 -1.23528184
308.45642821 -34.97966907 -1.28146362
309.06952026 -33.98752701 -1.27194590
309.24626320 -33.93292282 -1.29374611
309.44517260 -34.02631390 -1.25038218
310.04707291 -33.48098344 -1.26123242
310.40017022 -33.18438521 -1.17382020
310.66536010 -33.15378566 -1.17396808
311.31181738 -32.48509128 -1.17128638
311.33072143 -32.09118206 -1.03666551
311.87876275 -31.85551330 -1.04561039
312.46217342 -31.00385163 -1.03073644
312.84076272 -30.67822877 -1.04602726
313.50020955 -30.04017948 -1.02724338
313.68183005 -30.00487005 -1.01679551
313.88332188 -30.11369760 -0.95328465
314.43879916 -29.78575158 -0.94500764
314.53419038 -29.63389322 -0.88823709
314.80482302 -28.91585900 -0.85069457
314.83977388 -28.85624991 -0.81733413
315.02070301 -28.59349857 -0.80286437
315.08082980 -28.03037355 -0.81633971
315.34002803 -27.57957747 -0.81969081
315.41079627 -27.11036946 -0.82211935
315.47927558 -26.40208503 -0.78844127
315.67933084 -25.85763167 -0.82229967
315.86347724 -25.24953126 -0.80268998
315.97309547 -24.83563074 -0.79983877
316.10727402 -24.29889334 -0.79927750
316.15544371 -23.84871682 -0.78525363
316.33807713 -22.98802033 -0.80696819
316.47671725 -22.39824612 -0.82737670
316.54072833 -22.41481496 -0.83802427
316.62794607 -22.07979613 -0.87490875
316.74409104 -21.25867089 -0.84505685
316.87874445 -20.56048676 -0.84702583
317.14792459 -20.08673710 -0.85048028
317.02642425 -20.04201021 -0.83933866
317.10489631 -19.33252860 -0.82898246
316.71864779 -18.69818764 -0.73383474
316.84864218 -17.96954297 -0.71781583
316.79082372 -17.19993286 -0.75402359
316.84683431 -16.70842178 -0.79369740
316.68707275 -16.16021732 -0.80345196
316.44283404 -15.64264023 -0.84059611
316.01206756 -14.66679822 -0.87495195
315.69710326 -13.72788780 -0.78754104
315.49801658 -13.51466011 -0.84047081
315.26938824 -13.06203670 -0.88727759
314.68352604 -12.17980297 -0.87318524
314.31755828 -11.47679404 -0.85114239
313.82760161 -10.76498998 -0.83488014
313.40790683 -10.05475526 -0.82493281
312.99858705 -9.11307729 -0.75932504
312.61647029 -8.23512673 -0.77143355
312.44923027 -7.84062235 -0.86312696
311.70021996 -6.75070813 -0.83810461
311.39985196 -5.95936522 -0.84441338
311.13539568 -5.27086043 -0.82820686
310.59206991 -4.36298835 -0.73888540
310.21478922 -3.60193629 -0.75001636
309.71033762 -3.03517106 -0.63747641
309.35360610 -2.45684262 -0.61148717
308.75142563 -1.30658432 -0.56183212
308.60217044 -0.95892404 -0.58907129
307.98184657 0.06200338 -0.56586443
307.48914157 0.80101700 -0.51901133
307.41610175 0.90196073 -0.57306899
307.02647333 1.60597120 -0.57646156
306.61473114 2.65447610 -0.52357966
306.12803882 3.28705383 -0.48017638
305.62190268 4.37632464 -0.43239603
305.41294263 4.88556275 -0.41199864
305.14834373 5.24428594 -0.39607400
304.63099131 6.01387754 -0.40151007
303.97955866 7.00815805 -0.33488780
303.72283735 7.86569157 -0.35867176
303.06944784 8.45009823 -0.35456143
302.80620112 9.09023880 -0.36158190
302.52531455 9.82599804 -0.38942252
302.08546885 10.86040294 -0.41970211
301.63519583 11.55790408 -0.45539002
300.95772519 12.88619678 -0.44206552
300.66127422 13.48870273 -0.45716113
300.27292424 14.19789157 -0.46454444
300.01058861 14.90582793 -0.38629717
299.73260897 16.00476117 -0.37477142
299.42596397 16.52781025 -0.39834821
298.98346653 17.33547039 -0.44003268
298.40090486 18.49307161 -0.49118246
297.70661899 19.45592281 -0.56393381
297.56936006 20.05560364 -0.33986862
297.06823045 21.10066535 -0.41176552
296.58457519 22.09500363 -0.41518622
296.28896974 22.77519062 -0.38794670
295.92879119 23.65968278 -0.39102189
295.49675074 24.59053826 -0.41953576
295.17570828 25.00258333 -0.41062836
294.56469094 26.07475459 -0.41479400
294.12870733 26.91633814 -0.48867794
293.72352245 27.89910313 -0.48544096
293.44675692 28.62617380 -0.48115765
292.74984604 29.28219398 -0.42671400
292.19208035 30.33439617 -0.49817274
291.62941655 31.03494450 -0.53895023
291.50539425 31.62284559 -0.58147132
290.83293906 32.33567870 -0.60294306
290.19942225 33.11071353 -0.64088993
289.57314289 34.13052795 -0.66694888
289.05836560 34.94412587 -0.64620663
288.61848393 35.72848994 -0.70690036
288.27623205 36.74057359 -0.78696016
287.99819993 37.66478119 -0.84023500
287.94659884 38.12653550 -0.83702608
287.67798302 38.81115057 -0.82983574
287.22684925 39.87353445 -0.87892598
286.80994168 40.91981222 -0.92054815
286.38372416 41.85690161 -0.94168998
286.32727238 42.80699754 -0.99345383
286.02313750 43.75220013 -0.99309762
285.58115106 44.73850756 -1.12407387
285.13014369 45.78107167 -1.13447303
284.68720105 46.64681013 -1.07074499
284.38631723 47.34260222 -1.07870085
283.89584115 48.20386914 -1.07602583
283.52298597 49.03984204 -1.10134902
283.14275298 49.84571717 -1.08890505
282.69146848 50.52453814 -1.15683599
282.34488748 51.22718580 -1.20954484
282.34401813 51.50826214 -1.20106559
282.09843365 52.05493332 -1.24206457
281.54133415 52.89351294 -1.25055331
281.03457107 53.39905888 -1.21571185
281.08084338 53.34845515 -1.09159042
280.52847299 54.21237911 -1.15227278
280.15594467 54.82917963 -1.15375053
279.82933746 55.42390731 -1.16273896
279.37259301 56.48659837 -1.12005838
278.91234610 57.06215712 -1.09544025
278.49725472 57.48134265 -1.07154816
278.52747197 57.16557631 -1.03190101
278.23254195 57.87232310 -1.02224528
277.88508127 58.61289284 -0.99913216
277.61143969 59.10573864 -0.95769767
277.08265064 59.85176929 -0.92620681
277.00819733 59.97339194 -0.87591355
276.60483190 60.56281270 -0.84743617
276.29027049 61.12118024 -0.85302279
276.08080895 61.41324140 -0.86167804
275.78176362 61.79056354 -0.82707677
275.66676384 62.00414505 -0.78488434
275.36788098 62.57095707 -0.79231524
275.39254322 62.57874165 -0.74248114
275.03528162 62.97019771 -0.73592191
274.82190215 63.27243082 -0.72771725
274.62285589 63.34177043 -0.68731516
274.69358201 63.11580404 -0.65823311
274.53374623 63.15384174 -0.60598073
274.31764392 63.57866059 -0.60969190
274.17411801 63.96194311 -0.63169516
274.05449759 64.27264473 -0.62822291
274.01563905 64.26749284 -0.60533488
273.87890963 64.33157085 -0.60173098
273.93138381 64.74534785 -0.58852326
273.61716467 64.86254485 -0.52533892
273.72970993 64.90217937 -0.51248091
273.75173502 65.07196304 -0.52523653
273.60760196 65.20265822 -0.52193218
273.69311564 65.68348599 -0.57036686
273.38971343 65.99189891 -0.56124478
273.16332945 66.21651137 -0.53770243
273.33597830 66.64646367 -0.51073727
273.38004473 66.97616396 -0.48223371
273.03667464 67.28814107 -0.47421485
272.89787938 67.59321500 -0.46993361
273.02818456 68.11797066 -0.39968359
273.05716486 68.70276896 -0.35640424
272.75113275 69.24620275 -0.33611950
273.06182838 69.84947483 -0.25612758
273.03671773 70.33588970 -0.25205904
272.70396794 70.72185109 -0.26238629
272.74286172 71.18395630 -0.26457214
272.68808630 71.60070944 -0.26082724
272.33350384 72.16764505 -0.27416394
272.22363479 72.45800471 -0.29900826
272.19832286 72.73067008 -0.30333878
272.35730273 73.30152675 -0.27969674
272.31932033 73.84195489 -0.26713856
272.14804917 74.20560803 -0.26378802
271.81180002 75.15753979 -0.27063992
271.68163181 75.55963734 -0.29821531
271.27166469 76.39653430 -0.33139249
271.20125478 76.73436766 -0.36377317
271.04445617 77.04898022 -0.40941213
270.50329761 77.98047856 -0.46496084
270.46530567 78.21802914 -0.47466644
269.96933190 79.00925516 -0.54667300
269.90992692 79.63407056 -0.56652822
269.69735560 80.22309746 -0.62778437
269.48368314 80.72880755 -0.61639866
269.14525736 81.82403005 -0.59152344
268.57118627 82.66565960 -0.56486403
268.20040089 83.38775566 -0.55734753
267.86106726 84.09771533 -0.55199131
267.58600117 84.68871727 -0.53001134
267.08847447 85.87129155 -0.51688434
266.62928787 86.76485554 -0.49529063
266.11610636 87.86268894 -0.31485541
265.71745419 88.70278874 -0.29101106
265.16530080 89.56042117 -0.26311140
264.65538626 90.30425025 -0.25311468
264.46312836 90.45175096 -0.21230563
264.33753592 90.57428105 -0.16525391
263.75709130 91.74330253 -0.12405830
263.19145760 92.75988562 -0.13175234
262.94885542 93.13165702 -0.08846186
262.39648928 94.17109658 -0.07245193
261.84929975 94.73112298 -0.10189053
261.89296555 94.92987152 -0.06237558
261.36334526 95.69559060 -0.00435505
260.82833836 96.23617684 0.00262037
260.25882816 96.94987491 0.08175538
260.02081543 97.82467693 0.22041829
259.33413392 98.64172717 0.26655069
259.08248309 99.01718520 0.25844161
258.74153575 99.56527611 0.25898480
258.55401531 99.93192117 0.33750863
257.95611723 100.77464522 0.31710531
257.74318420 101.08330680 0.26378927
257.07562904 101.90750210 0.25465094
256.87569502 102.17941039 0.22690583
256.54436198 102.57364340 0.18130191
256.22816936 102.72975020 0.18911926
255.69677794 103.45639382 0.20895691
255.33218061 104.00608969 0.22680837
254.90950289 104.61697022 0.23976879
254.65755574 104.94189459 0.25270673
254.31572978 105.28826217 0.28204278
253.66740953 105.97160217 0.30302929
253.26727061 106.49405529 0.31993446
252.84873226 106.94685126 0.37406888
252.32447473 107.61195024 0.38585117
252.00963736 107.86758690 0.41523938
251.47773524 108.37395082 0.41694288
250.98621907 108.85612314 0.43972248
250.65881864 109.01915099 0.40368982
250.24316294 109.22243235 0.38961778
249.72481231 109.64318869 0.41361079
249.41665700 109.74868988 0.44695842
248.95632203 109.99164549 0.44890611
248.21754900 110.47274675 0.47948955
247.49647657 110.96618955 0.48311085
246.89518338 111.30124457 0.53209930
246.54754548 111.55706324 0.53512586
246.18444376 111.90570736 0.54567011
245.68707214 112.22297941 0.53737401
245.18587744 112.56635393 0.51947162
244.70050730 112.90519923 0.51309595
244.16796071 113.27482851 0.52766585
243.63450624 113.62468580 0.52524868
243.07932479 113.97748514 0.52941292
242.48768923 114.36040279 0.53051660
241.84434365 114.77015914 0.54522821
241.18067490 115.18662965 0.56403373
240.46253170 115.55992280 0.57298584
239.78199760 115.93381940 0.58338048
239.05532251 116.33733624 0.57994592
238.33120325 116.73752586 0.57045796
237.58702626 117.17423953 0.57122209
236.81560303 117.56652248 0.59167942
236.04684051 117.99926870 0.60579375
235.26332269 118.43835827 0.60119063
234.47995243 118.90065326 0.58301288
233.67195153 119.32939929 0.57296964
232.85165548 119.81129285 0.56491418
232.08869133 120.28638979 0.56858959
231.30876207 120.75865424 0.57545781
230.51046040 121.25226377 0.57313161
229.72795784 121.70207900 0.60978266
228.92828097 122.15580117 0.65517406
228.10223828 122.58268375 0.67474938
227.26333109 123.05476778 0.68431723
226.42114923 123.53796372 0.68391334
225.54154672 123.99621888 0.66932313
224.64279164 124.45184625 0.67874405
223.75668350 124.89364860 0.66822834
222.87587677 125.31737448 0.66299857
222.00111640 125.72547262 0.66243339
221.15820135 126.17590891 0.67142605
220.34327191 126.65643016 0.66490023
219.54986040 127.10525083 0.66011740
218.79187541 127.55004503 0.64168816
218.09042486 128.02002563 0.62882062
217.30309606 128.47471613 0.62553687
216.55435831 128.92164452 0.63055439
215.78120190 129.33138791 0.61900900
215.01506193 129.75855161 0.61730095
214.21011795 130.18176448 0.60104270
213.41919484 130.60549196 0.59792866
212.60802065 131.03215554 0.59465249
211.81438616 131.46107203 0.61141355
211.01908072 131.90989326 0.61958371
210.21203420 132.35913775 0.63779089
209.36586606 132.82478486 0.65692965
208.53366316 133.30755944 0.67944548
207.68311182 133.77430535 0.67341256
206.85127718 134.25840184 0.69421285
205.99650270 134.73920353 0.69839553
205.10815103 135.21773902 0.73015673
204.23160874 135.69660311 0.74533626
203.36735794 136.19951163 0.76398859
202.51326344 136.70238257 0.77611792
201.67409742 137.19603302 0.77507338
200.81634666 137.69717744 0.77794502
199.97362657 138.19515604 0.79328590
199.15029319 138.67488674 0.80001576
198.32204338 139.13439617 0.80457434
197.50444998 139.61571327 0.80808717
196.74627192 140.07595434 0.80625267
196.00252108 140.54822138 0.81065398
195.29654814 140.99249400 0.80083235
194.58713946 141.45147860 0.80574170
193.85986595 141.89309545 0.81043638
193.15156387 142.29296152 0.81533807
192.46230681 142.68315653 0.81536859
191.80274087 143.04573942 0.79887869
191.13520877 143.41788615 0.78863200
190.48173967 143.78261047 0.76944343
189.82648244 144.16087575 0.74423785
189.19400451 144.52914312 0.71128444
188.62705166 144.90239943 0.68367633
188.05302627 145.27086543 0.65258443
187.52460195 145.63417621 0.62301167
186.99977901 145.98220347 0.59063166
186.47799572 146.32413456 0.55865673
185.95992025 146.65588695 0.52995756
185.40171867 147.03004657 0.49212508
184.86955467 147.42050708 0.46571518
184.35908261 147.82285636 0.43068200
183.87717366 148.22198377 0.39527937
183.38049933 148.63985092 0.37122710
182.94202098 149.06996986 0.35600786
182.51059245 149.53117669 0.33602087
182.09236672 150.02942285 0.32131360
181.71050924 150.53924648 0.30553410
181.35458456 151.06678838 0.29316086
181.02177154 151.60798389 0.27085361
180.73646922 152.16969465 0.24450193
180.48812148 152.70289221 0.23264809
180.27908701 153.25757026 0.21724501
180.09457460 153.81695044 0.19927265
179.94433406 154.38955463 0.16654671
179.83823161 154.99126674 0.15331581
179.77009687 155.61863394 0.15493629
179.73118105 156.27609622 0.15697890
179.71211960 156.89820432 0.15527139
179.73685801 157.51637520 0.15131378
179.78689248 158.14087588 0.14995216
179.86789167 158.78798680 0.15399204
179.98027771 159.46492646 0.15115349
180.15930835 160.14460410 0.15153289
180.34427571 160.81260156 0.15284708
180.56046143 161.47850101 0.15243419
180.80443468 162.17121809 0.16881057
181.06496113 162.86747501 0.18984828
181.32249274 163.56539903 0.20625665
181.59256484 164.28199532 0.21602657
181.88661411 164.96690183 0.21525562
182.17932990 165.66134139 0.21467099
182.46931029 166.33892818 0.21430850
182.78251899 167.04797517 0.21974047
183.09778234 167.73872343 0.22095794
183.40065787 168.48033340 0.23232955
183.73125295 169.23716211 0.24042413
184.07375452 169.96256174 0.25067402
184.37900604 170.67742332 0.25140816
184.69786654 171.42067543 0.25117761
185.04537402 172.18372923 0.27601775
185.37578264 172.94499626 0.30097686
185.72051613 173.70714993 0.33338435
186.07034893 174.51905146 0.36010484
186.41450044 175.30609501 0.38878213
186.76265991 176.12654647 0.40285468
187.11270161 176.89782333 0.40726912
187.44908929 177.69762599 0.41096418
187.81730726 178.51000808 0.40486509
188.18288154 179.33358943 0.39573597
188.54829691 180.18144311 0.39186089
188.91955406 181.04008929 0.40233585
189.30527635 181.90805868 0.42489796
189.69172699 182.78952061 0.44230848
190.09783692 183.69512334 0.44543838
190.50885929 184.59657937 0.45045257
190.91690003 185.47952946 0.45160041
191.33746130 186.39179052 0.45613500
191.74921572 187.29680572 0.44467766
192.17384406 188.24044541 0.43638658
192.60361810 189.19051025 0.45294683
193.03895366 190.14631332 0.47400045
193.47282708 191.11829200 0.48198371
193.88641804 192.07597257 0.46803506
194.31779033 193.03658777 0.46160452
194.75766929 194.00291967 0.45818514
195.20065547 194.97222887 0.46685657
195.63996664 195.95316388 0.47270884
196.08025620 196.94223642 0.47341386
196.52689317 197.93450400 0.47145826
196.96361310 198.91392810 0.46767597
197.41651145 199.89852757 0.45607461
197.86718510 200.88149199 0.44581628
198.32221691 201.85782620 0.43269528
198.77092899 202.81262875 0.42894076
199.23187379 203.78269133 0.43164751
199.67765444 204.73237948 0.42831708
200.13074811 205.70503487 0.42922950
200.58276962 206.66923219 0.43383276
201.02630573 207.65034525 0.44004241
201.46541107 208.61589945 0.43840812
201.90252699 209.57395796 0.42347589
202.33228025 210.51996678 0.40779838
202.77469841 211.46477828 0.40525715
203.21631881 212.38235746 0.40527434
203.66128960 213.32155237 0.40505667
204.10909594 214.25714555 0.40337101
204.56744369 215.22964901 0.39771054
205.02416280 216.18725328 0.39128624
205.48101893 217.15089141 0.38752797
205.93700032 218.09691514 0.38251262
206.39050850 219.04283697 0.39107666
206.84206010 219.96615640 0.39131623
207.28799730 220.90750349 0.38773471
207.75186146 221.82613984 0.37913391
208.19807769 222.72265828 0.36841702
208.63427230 223.61319453 0.36330080
209.06170020 224.54170841 0.35926657
209.51399224 225.43910432 0.35330907
209.95976672 226.36595262 0.35633006
210.40835450 227.31405886 0.34392078
210.84317939 228.24825624 0.32556834
211.26947169 229.16467249 0.30916160
211.70598033 230.10509486 0.29102708
212.13638386 231.02616797 0.27174521
212.56372766 231.92998154 0.25875620
212.98715710 232.83856946 0.25922825
213.39688407 233.73984672 0.24597220
213.82386069 234.66892545 0.22824465
214.23669969 235.58307902 0.22622731
214.64242365 236.50539264 0.22987753
215.04468845 237.42496688 0.23781631
215.43397529 238.33188111 0.23348141
215.82451581 239.24531384 0.22136256
216.19675131 240.15155521 0.21735184
216.56859923 241.06541051 0.21977549
216.94289561 241.97995149 0.20011604
217.32928464 242.89974389 0.19473258
217.71918558 243.81639961 0.18013271
218.10626773 244.71457288 0.17757901
218.50847011 245.63603869 0.16873046
218.92094381 246.55839088 0.16983798
219.34031622 247.47316243 0.16496017
219.75478043 248.41537352 0.15807832
220.19670662 249.36659280 0.14520682
220.62127461 250.28750078 0.12290876
221.05335177 251.21267333 0.09594469
221.50421783 252.15441307 0.07176829
221.95213766 253.06621682 0.04981620
222.40944945 254.01018640 0.05087118
222.86104817 254.90553208 0.05084977
223.29778022 255.75821504 0.05281350
223.73812960 256.64279221 0.04831144
224.19331328 257.53643968 0.05261353
224.64612230 258.42561337 0.05334276
225.10708141 259.33064214 0.04662117
225.57237573 260.23154274 0.04009381
226.04172398 261.10577766 0.05146877
226.51481936 262.00877986 0.04775012
226.98647541 262.88985168 0.03646485
227.43958767 263.75927409 0.01686264
227.90958703 264.64173504 0.00893730
228.37176156 265.51405234 0.00602543
228.83707818 266.38610500 0.00680456
229.29942609 267.23821191 0.00748518
229.76917202 268.12007441 -0.00545055
230.23223091 268.98875505 -0.02164101
230.69465075 269.86479971 -0.02151887
231.14534761 270.71407658 -0.03270370
231.59712962 271.53757144 -0.04966450
232.04874880 272.38195198 -0.06104144
232.47502588 273.18153794 -0.06552254
232.91032564 273.99181871 -0.07766319
233.33598153 274.78141502 -0.08902468
233.75064909 275.56867300 -0.09253966
234.17240860 276.33720268 -0.09460323
234.58835737 277.08720396 -0.10993450
234.99852598 277.82618664 -0.11925754
235.41427786 278.54635783 -0.12450660
235.83408673 279.27244633 -0.11632281
236.24404890 279.94915499 -0.11720823
236.63766366 280.61837307 -0.11361575
237.02162326 281.26457828 -0.12503881
237.39603396 281.87214314 -0.14284747
237.76610719 282.49324063 -0.15809132
238.13109524 283.08604765 -0.16517712
238.49023835 283.67446287 -0.16746580
238.84783760 284.26528896 -0.17255631
239.20832312 284.85704466 -0.18309043
239.56817377 285.44165368 -0.18912517
239.91920463 286.01631807 -0.17466943
240.27627918 286.59640895 -0.16614530
240.60959618 287.16381362 -0.16134726
240.93402365 287.73448763 -0.16623759
241.25368851 288.31119611 -0.17212405
241.57322245 288.89491864 -0.17781380
241.87369059 289.46246429 -0.17389183
242.16075178 290.05163930 -0.17398163
242.43535470 290.66416599 -0.16400657
242.73640577 291.29182260 -0.16621220
243.02222231 291.91711219 -0.16615306
243.30951842 292.57726913 -0.16910209
243.57689494 293.24530624 -0.16821683
243.85853159 293.93913204 -0.17315673
244.14454793 294.64871481 -0.17588667
244.43223299 295.36084072 -0.16221938
244.73699831 296.10357372 -0.14885300
245.04789189 296.83864919 -0.15273123
245.37971753 297.57510177 -0.15996805
245.71730593 298.34239364 -0.16176973
246.05112890 299.13877539 -0.17344584
246.41416291 299.93902910 -0.17089495
246.78150430 300.71858933 -0.15749461
247.18631339 301.53030199 -0.15360122
247.60777305 302.32942472 -0.15992360
248.04214623 303.15763379 -0.16922405
248.48619401 303.98474072 -0.17309149
248.94109538 304.81789252 -0.16086616
249.40796079 305.67344904 -0.13959156
249.89006544 306.52357190 -0.12522008
250.37172178 307.37304887 -0.11129234
250.86638226 308.23386627 -0.10618569
251.36623622 309.10877478 -0.10330833
251.88217074 309.99768183 -0.10274057
252.40239289 310.89679912 -0.09603957
252.92278802 311.80709517 -0.09419984
253.44831943 312.72702748 -0.09479052
253.98142106 313.68048979 -0.10996123
254.48993496 314.57768981 -0.10693320
255.02457127 315.53248062 -0.10899784
255.54226448 316.45769244 -0.10429895
256.04560824 317.39000901 -0.10477335
256.56077122 318.31530529 -0.08899281
257.05897169 319.25998830 -0.06802414
257.54975837 320.19587790 -0.06157902
258.04383832 321.14902785 -0.05775362
258.54517292 322.10524476 -0.06095199
259.03641836 323.06028784 -0.06886531
259.52236588 324.00877551 -0.07276158
260.00383796 324.94332256 -0.06951400
260.47370009 325.87702601 -0.07323460
260.95657905 326.80403776 -0.07582280
261.43459408 327.75251456 -0.07020032
261.92854229 328.69590919 -0.06117937
262.40077956 329.62683896 -0.05583909
262.86328407 330.54894060 -0.05699670
263.34169213 331.46843794 -0.06840692
263.80814286 332.37918076 -0.06889672
264.27924201 333.27322713 -0.07423709
264.76335766 334.19578743 -0.07587463
265.24522053 335.08510581 -0.06526527
265.71060994 335.96912946 -0.04653227
266.17942422 336.85528040 -0.02852048
266.63091617 337.71429061 -0.01739991
267.08553981 338.54873960 0.02613849
267.51885730 339.37561565 0.02719719
267.95693902 340.18294190 0.02531472
268.37718988 341.02539220 0.02540187
268.80075032 341.81151225 0.03033465
269.20713036 342.62340711 0.03993000
269.61765369 343.42394723 0.04009224
270.01855385 344.20944506 0.04147574
270.42360409 344.97135523 0.03124259
270.80410689 345.73435614 0.02884997
271.16181019 346.54417535 0.04240970
271.53002853 347.31688521 0.03705246
271.88054474 348.07361346 0.03412669
272.21807267 348.83170269 0.03953623
272.54061584 349.53912355 0.03471342
272.90358875 350.23633840 0.03485454
273.19909140 350.90608108 0.04287971
273.48958139 351.53800067 0.04577727
273.75188935 352.20179980 0.04883083
274.00642824 352.82608438 0.06659764
274.25219956 353.38473675 0.05413256
274.47192407 353.95173752 0.06137495
274.67636507 354.49818017 0.06859494
274.87761570 355.00759271 0.08279355
275.07434487 355.46873516 0.09075041
275.27220218 355.96589970 0.10075103
275.48701073 356.42896475 0.10700112
275.71444500 356.86614504 0.11138022
275.94162171 357.26396008 0.11251863
276.18901718 357.66042508 0.12258533
276.46944571 358.03456806 0.13328278
276.74539630 358.39456307 0.13223619
277.04882470 358.71510608 0.12827236
277.36657081 359.03307341 0.13394109
277.70890250 359.32656553 0.13480049
278.07995257 359.59859296 0.13423709
278.45988002 359.82639306 0.13773026
278.84129100 360.06487277 0.14497826
279.24247243 360.26453551 0.15512186
279.59468327 360.34848485 0.15693989
279.96194003 360.41923743 0.17769933
280.36636128 360.51100645 0.17489033
280.76668954 360.59125320 0.18116880
281.20135677 360.64417776 0.16273009
281.42983399 360.41402472 0.13140638
282.01477904 360.33646959 0.08124351
282.29824351 360.09599007 0.06560404
282.80893824 360.47214174 0.07968945
283.37527437 360.53231935 0.08081194
283.90117084 360.40588420 0.09919985
284.26377757 360.38263444 0.10210928
284.64781980 360.29881450 0.07877908
285.37032094 360.08427091 0.04470582
285.90920101 359.77264449 0.04704733
286.49767351 359.65342907 0.15951738
286.96678184 359.65148140 0.11287516
287.51200386 359.39888679 0.10164554
287.69749229 359.26062438 -0.03369592
288.15392180 359.16934756 0.02345939
288.40675968 359.01140997 0.02744265
288.26383535 359.17437336 0.06020453
289.11810770 358.75411782 0.02871907
289.94731344 358.45414658 0.15109448
290.73170681 357.86256607 0.12308146
290.87890216 357.84882561 0.09976050
292.19114563 356.98375777 0.03885786
292.52525000 356.79878608 0.05189982
293.34942004 356.23000806 0.02298155
294.17679241 355.90409569 -0.02274698
294.23511454 355.74329801 -0.01460303
295.25538096 355.08199908 -0.02268302
296.23757232 354.63569715 -0.03224139
297.11756532 354.30775984 -0.11744495
298.03370254 353.86527913 -0.18505744
298.20463807 354.07589325 -0.04618607
299.13263633 353.67330334 -0.07651590
299.43641359 353.44990409 -0.08846244
299.94715831 353.17213939 -0.15020861
300.11986364 353.05878129 0.05163613
301.38091042 352.39216841 0.00085973
302.77503311 351.61075358 0.15339657
303.54404670 351.19281232 0.12734954
304.50619085 350.55632879 0.13506353
305.27451506 350.01762882 0.06470164
306.22555979 349.46341231 -0.00875364
307.32670220 348.99846247 -0.02366939
308.39363339 348.43466746 -0.01818679
308.81175256 348.30293452 -0.02360895
309.86233618 347.77590362 -0.11926184
310.67689907 347.34039112 -0.16890372
311.44862893 346.83287217 -0.23604783
312.65246218 346.31211235 -0.30890162
313.61252116 345.81951695 -0.34001341
314.49658850 345.42031387 -0.41035527
314.81181657 345.26306459 -0.35281028
315.40816374 344.67728898 -0.34395923
316.46340922 344.28686780 -0.38302118
317.15071793 344.10741202 -0.38578537
318.42709870 343.35933437 -0.23416940
319.32504531 342.81702763 -0.16471590
320.53117799 342.58010080 -0.16240444
321.42535886 342.17631669 -0.15141058
322.70145461 341.58089091 -0.22511862
324.00327387 340.97245595 -0.11638223
324.91617798 340.38161871 -0.06228315
325.78317975 339.85544554 -0.07127550
325.62422243 339.77035221 -0.02369162
326.18551954 339.46725151 0.00460252
327.25233745 339.00859657 -0.00761928
328.35051254 338.49466661 -0.02391474
329.32149805 337.92973316 0.01649620
330.05180561 337.40602803 0.01369005
331.09997109 337.19048666 0.06277666
331.19785256 336.99627599 0.18212482
332.28532802 336.42237007 0.15174516
333.12082512 335.94883062 0.21783744
333.85587657 335.48630431 0.23870119
334.40347609 335.15149954 0.22333382
334.95436058 334.95927813 0.22104836
335.60639329 334.51866028 0.21303625
336.37458244 333.95002217 0.22976554
337.16705223 333.46090515 0.22593487
337.87519922 333.00578991 0.20609197
338.94745053 332.45135686 0.14328216
340.01574255 331.95343377 0.11157732
341.07422911 331.33619762 0.10962845
341.51879983 331.15534837 0.21423872
342.07062015 330.83105029 0.21147072
343.10400177 330.27784864 0.19823108
344.03170480 329.83546585 0.20466652
344.95147152 329.30885581 0.25459834
345.94031664 328.85443434 0.28095384
347.15634296 328.45742961 0.32550459
347.91741130 328.09144909 0.36083917
348.12260888 327.97781526 0.35362181
349.06397837 327.79104649 0.35309249
349.45529491 327.71806433 0.37355576
349.72969605 327.50883224 0.36909485
350.77109707 327.05632390 0.36834621
352.03875607 326.57210145 0.37375874
352.85081784 326.26827958 0.36603736
353.64717767 326.04767492 0.35344255
354.48270687 325.85973267 0.32930720
355.34363365 325.74890277 0.32430435
356.11360471 325.63731319 0.32025734
357.14907652 325.49305607 0.37172438
357.69585036 325.44751766 0.29971315
358.14257783 325.29193563 0.23970150
358.68722892 325.15465201 0.21192783
359.03412155 324.88804038 0.18407387
359.94601154 324.53849021 0.08426687
361.07941041 324.21278721 0.05173924
361.88778649 323.97248248 -0.00606407
362.78692418 323.71121234 -0.04495271
363.44959150 323.65970108 -0.09943049
364.15362068 323.57530399 -0.15161634
364.89911695 323.58194145 -0.19354628
365.56647001 323.63026071 -0.21734258
366.32403397 323.67161681 -0.22368009
367.11055312 323.69872242 -0.23892531
367.91261351 323.66835888 -0.27384348
368.67523453 323.61501667 -0.28745171
369.48649461 323.60820316 -0.26505071
370.21297957 323.65662253 -0.21796472
370.90176448 323.65631302 -0.19045477
371.52783935 323.71899888 -0.14950837
372.20427382 323.84535026 -0.12065781
372.96251025 323.97359249 -0.09619196
373.76513142 324.06972923 -0.06290275
374.57616881 324.10810688 -0.03456463
375.30936850 324.13323066 -0.00195986
376.11244618 324.14360529 0.05940205
376.98023862 324.16998945 0.12540765
377.87525727 324.28094995 0.20226077
378.75740678 324.31003677 0.29081019
379.56571818 324.36787839 0.38550026
380.38509520 324.44258079 0.49255972
381.22779710 324.45955064 0.59429384
382.08767297 324.50154723 0.66245231
383.00771955 324.60129142 0.71664568
383.84085161 324.69971457 0.76310487
384.63044973 324.89000994 0.80642374
385.44106529 325.06913139 0.83590386
386.21048929 325.31621160 0.89079480
386.94515466 325.60835559 0.92420524
387.70818401 325.87413006 0.96520450
388.38907406 326.12272213 0.98080337
389.08660342 326.32412447 0.99253256
389.72460071 326.55844573 1.02047545
390.37374065 326.79596983 1.03102649
391.01565075 326.95680915 1.04608370
391.69104234 327.07917969 1.07629774
392.31064285 327.11559954 1.10501725
392.83146935 327.16610541 1.11361301
393.31616624 327.19475989 1.14885069
393.73403186 327.29087505 1.17472871
394.12503550 327.40796352 1.18846415
394.53377071 327.45217478 1.19999497
395.00817749 327.48591696 1.21462713
395.44380290 327.56442924 1.21740911
395.78492800 327.64713772 1.21358960
396.18432375 327.66124492 1.20332650
396.49327405 327.65848032 1.19917650
396.71398537 327.62799375 1.20680118
396.96342203 327.55954668 1.23190090
397.25083370 327.49401010 1.24445173
397.57766681 327.48231235 1.23645180
397.93995125 327.39066676 1.22965625
398.30736665 327.21495859 1.23003179
398.72219840 326.96167838 1.23987254
399.07529140 326.75950418 1.24347493
399.40758702 326.63304678 1.26611101
399.74129693 326.47562806 1.27393323
400.01542794 326.32273145 1.27058871
400.28708749 326.06284362 1.26067517
400.59844458 325.76040451 1.22769672
400.84317838 325.47758645 1.21681346
401.11864326 325.15269285 1.19142423
401.37435160 324.72648824 1.17410740
401.70328085 324.27023083 1.14075567
402.03776545 323.82393922 1.09547900
402.45802920 323.34761214 1.04478378
402.80667410 322.77134918 0.99309723
403.07965419 322.11764154 0.94151576
403.29349793 321.37529012 0.89404244
403.56719135 320.57602414 0.86255035
403.87666124 319.73298505 0.85061121
404.09768719 318.85614769 0.82509534
404.34325057 317.87884550 0.79308023
404.52125160 316.91842869 0.76234768
404.71864551 315.88384579 0.74493630
404.94482159 314.84881515 0.71283813
405.24327953 313.86792641 0.69328522
405.49318565 312.81526834 0.68606403
405.76307126 311.84812105 0.68163650
405.99458812 310.92029977 0.68898265
406.25121868 309.99933965 0.71935946
406.43426449 309.07062977 0.74820127
406.60795282 308.04741929 0.77506908
406.80612448 307.13145744 0.80448879
407.07709192 306.13515989 0.82172536
407.33344741 305.12970611 0.83143520
407.57269090 304.09880577 0.81787699
407.84393415 302.98671371 0.81839272
408.04693759 301.93798031 0.82285665
408.31368801 300.86990469 0.80978711
408.55591163 299.75122817 0.78507087
408.72722842 298.56997057 0.75840580
408.87879858 297.50177102 0.73695057
408.94066479 296.42319545 0.70211372
408.91076283 295.34095265 0.66248778
408.89873646 294.25586094 0.62970351
408.89723125 293.13759756 0.59697339
408.89913267 292.05368373 0.56107395
408.90906806 290.96143997 0.53258416
408.92961201 289.87013864 0.49943921
408.96447595 288.78150197 0.47649950
409.00158005 287.68369885 0.45413484
409.04052023 286.59967920 0.43005377
409.08371130 285.50470113 0.39910232
409.12998452 284.41737517 0.37426135
409.18563767 283.34482179 0.35369522
409.23434670 282.31091837 0.34109903
409.29877748 281.29482771 0.32629803
409.36943355 280.26583361 0.31879406
409.43584494 279.23408451 0.31228542
409.51339044 278.21401312 0.30260828
409.58642674 277.24953183 0.29483216
409.65953881 276.21369107 0.28306023
409.74953103 275.16995392 0.28413075
409.82937228 274.16515479 0.27989910
409.90840040 273.14467475 0.26219176
410.00959389 272.15450382 0.24533002
410.10977544 271.12706497 0.22646700
410.21953259 270.07408681 0.20366022
410.33201475 269.03474185 0.18543192
410.45891917 267.99374748 0.17585560
410.58783803 266.97208746 0.16781381
410.72314904 265.91013606 0.15143922
410.86377917 264.87572673 0.14610867
411.01662253 263.80821191 0.14854244
411.17115149 262.74710679 0.14126388
411.33845057 261.68008680 0.12671071
411.49703771 260.59118057 0.12004765
411.65696110 259.52236707 0.12848566
411.81540582 258.43766670 0.13301996
411.96353576 257.39669265 0.14316287
412.12595084 256.33405526 0.14488234
412.27362292 255.24179386 0.15029907
412.43614023 254.17133736 0.14891889
412.60530594 253.12966864 0.14604534
412.77241071 252.07048565 0.14587167
412.94579214 251.00381918 0.14088882
413.11936998 249.96227732 0.14059158
413.29124550 248.92209448 0.13595853
413.46134699 247.84770144 0.13191264
413.63594799 246.81483942 0.13016257
413.83535452 245.76572638 0.12669357
414.00107374 244.76187651 0.12839066
414.18486674 243.76368504 0.13174005
414.35734239 242.76192405 0.13180672
414.53795127 241.76957972 0.13330808
414.71081087 240.78345967 0.13462061
414.88113719 239.82117963 0.13791883
415.04346495 238.88181038 0.13635850
415.20460543 237.95987513 0.13702279
415.34494672 237.08003875 0.14999340
415.49236380 236.20897211 0.14843532
415.63674559 235.36758968 0.15897985
415.77714016 234.52989238 0.15632790
415.90893076 233.73177475 0.15703369
416.01857730 232.94341777 0.15903408
416.11961407 232.18665657 0.16539606
416.19580893 231.45813904 0.17187885
416.26843980 230.74894609 0.17785996
416.32366994 230.03033228 0.18085417
416.35707732 229.34563417 0.18143347
416.37886654 228.70637187 0.18724979
416.37134136 228.06109584 0.18859296
416.34171166 227.40855356 0.18807238
416.28000211 226.78071517 0.19023474
416.19456266 226.14040627 0.19260192
416.07116191 225.53057156 0.18891171
415.91551972 224.92402469 0.18836459
415.73127466 224.34738277 0.18406403
415.50920102 223.80011671 0.17207750
415.24545727 223.27716799 0.16381633
414.93959105 222.78632232 0.14943861
414.61763169 222.32190942 0.14371287
414.27412605 221.88556932 0.12905892
413.89370576 221.49129004 0.12462802
413.48191053 221.15104987 0.11715225
413.04271142 220.82248517 0.10816886
412.57134924 220.48313418 0.09841819
412.06167214 220.20597416 0.09330275
411.55429456 219.95784290 0.08305933
411.03466738 219.71754678 0.07131359
410.47969268 219.48736853 0.05542166
409.91765076 219.30836108 0.03490936
409.32883968 219.13506474 0.01547071
408.75850597 219.00926357 -0.00505235
408.15765983 218.88410896 -0.02727980
407.53406068 218.79647282 -0.05466000
406.90065702 218.72220935 -0.08204623
406.23451871 218.66226060 -0.10973669
405.55751415 218.62670289 -0.13951518
404.87329562 218.64751977 -0.16640445
404.18176524 218.67667897 -0.18203576
403.45328236 218.73550209 -0.20758357
402.73418477 218.81369592 -0.22350732
402.00266463 218.91275822 -0.23286173
401.24760551 219.04331184 -0.25410232
400.47552180 219.19700379 -0.26035819
399.66513268 219.38730203 -0.26761461
398.85315503 219.57433930 -0.27799525
398.03715463 219.78324889 -0.29306303
397.20016021 220.00463746 -0.31590102
396.34778320 220.25050507 -0.33503701
395.48907215 220.50735542 -0.35271188
394.60910022 220.79813969 -0.37561175
393.74582633 221.09996923 -0.39134891
392.88758526 221.41388019 -0.40465059
392.02229258 221.74770627 -0.42093774
391.13590199 222.09382828 -0.43532124
390.21387333 222.45861087 -0.45041643
389.29220240 222.83265990 -0.45947271
388.37006511 223.20442631 -0.45900937
387.39356615 223.61413276 -0.46755438
386.46615349 223.99786664 -0.46667678
385.51130542 224.40790960 -0.47241350
384.54006539 224.82075251 -0.48180294
383.56946143 225.23939475 -0.48707464
382.59892801 225.65256309 -0.48387941
381.62452756 226.06734690 -0.48741777
380.64404492 226.50318114 -0.49616400
379.65833048 226.93450679 -0.49853891
378.69382462 227.34857891 -0.51253598
377.72293972 227.77797719 -0.52437546
376.72592244 228.22516382 -0.52589046
375.71705382 228.68848687 -0.53498593
374.72159447 229.14703239 -0.54884391
373.72436511 229.61647887 -0.55943705
372.70923989 230.10547395 -0.56984865
371.69608437 230.59924531 -0.58463906
370.66384423 231.09101603 -0.59971039
369.64033012 231.59063205 -0.61689668
368.64064932 232.07111737 -0.63037204
367.66433735 232.56064206 -0.65343413
366.66036849 233.06284853 -0.66906837
365.65960106 233.57216931 -0.68811121
364.65071349 234.09198383 -0.71221852
363.64870980 234.59090260 -0.73075502
362.65434901 235.11185772 -0.75113484
361.63946529 235.63951321 -0.77699720
360.63117077 236.16785338 -0.80017230
359.62116884 236.69916992 -0.83384538
358.62171045 237.22252505 -0.85998741
357.60106655 237.74095622 -0.88252559
356.62492794 238.23994546 -0.91784536
355.66110103 238.73884239 -0.94146910
354.69460796 239.24393768 -0.97554631
353.74405191 239.75757732 -0.99460908
352.79654634 240.26169917 -1.01850584
351.86281113 240.77531844 -1.04287578
350.91701308 241.27724309 -1.07265238
349.96952016 241.77234868 -1.09917907
349.01274863 242.28153392 -1.13303878
348.06736639 242.77508884 -1.16253191
347.13707113 243.28216893 -1.18517244
346.19739614 243.78026319 -1.19591934
345.26769344 244.26342565 -1.20444887
344.32983947 244.76460450 -1.21166890
343.40910831 245.24694945 -1.21161671
342.45460477 245.76884711 -1.20124578
341.52689661 246.26792621 -1.18778718
340.57705369 246.78354667 -1.17345527
339.67453371 247.27127958 -1.14709965
338.76044782 247.76688083 -1.10707095
337.86937057 248.24767365 -1.06188437
336.98368864 248.72480491 -1.02127018
336.11190383 249.20204607 -0.97757728
335.27735516 249.64454365 -0.93069663
334.47336371 250.09184906 -0.88193340
333.68411409 250.52432950 -0.82087827
332.91995832 250.94646470 -0.75014671
332.17216507 251.36697523 -0.67064201
331.42633413 251.77101997 -0.58567169
330.70782532 252.16794395 -0.50238058
330.00060161 252.55333120 -0.40676364
329.29727072 252.92793970 -0.29925501
328.61742559 253.28312806 -0.19113814
327.96855056 253.62100102 -0.08491714
327.32049122 253.93363262 0.02423843
326.69245582 254.23794191 0.13326326
326.07545611 254.51089573 0.25326071
325.46865262 254.76683838 0.37966504
324.89150181 255.00155824 0.50275783
324.33349963 255.21038470 0.62415988
323.80281404 255.39858956 0.74163574
323.28430880 255.54952114 0.85672469
322.79741633 255.66873721 0.95690204
322.30822786 255.74710786 1.05707678
321.84108081 255.79838512 1.15039031
321.38097732 255.82314958 1.24957762
320.92150051 255.81382712 1.35092903
320.47256133 255.77388826 1.44801695
320.04915919 255.69589732 1.52861480
319.63383758 255.58513794 1.59327379
319.22530278 255.45470048 1.64750925
318.82439502 255.29432048 1.70277710
318.44190455 255.09788255 1.74494930
318.05484157 254.87173421 1.77264245
317.67457746 254.61369833 1.79092423
317.32054347 254.34307021 1.79839447
316.95707810 254.03550179 1.80068531
316.58257924 253.69966225 1.79127062
316.21444852 253.33622454 1.76880588
315.86117712 252.95846256 1.72028363
315.50358756 252.56040279 1.68048282
315.14818358 252.13592017 1.62595282
314.80909541 251.69839018 1.57362497
314.47364987 251.24268489 1.51971282
314.12363536 250.76294101 1.47002572
313.78348101 250.28270023 1.39556961
313.42472819 249.77811239 1.32893233
313.06982463 249.25735354 1.25699769
312.71759275 248.71806801 1.19503653
312.37134784 248.17700549 1.12809848
312.00177761 247.59383569 1.06420962
311.63900194 247.01368327 0.99828920
311.26105822 246.41536788 0.93841541
310.88753054 245.80329906 0.89139019
310.50587018 245.15992326 0.84056954
310.12313390 244.50574501 0.78749305
309.72073383 243.82226410 0.73456001
309.32289580 243.12878539 0.67890800
308.91962546 242.42406925 0.63326909
308.52420506 241.70944308 0.58270196
308.11584471 240.97508180 0.53653044
307.71592503 240.23125846 0.49311874
307.30171895 239.45784801 0.45081648
306.88932783 238.66503853 0.40787245
306.45531774 237.86042249 0.36987349
306.03146031 237.06204330 0.32512158
305.58837054 236.23287300 0.26829749
305.14309526 235.40173438 0.21353812
304.68316547 234.54014929 0.16305922
304.21441463 233.67980482 0.12792614
303.73384340 232.79902951 0.08814902
303.25806684 231.90662673 0.04493321
302.77177236 230.97494631 0.01419375
302.29186403 230.05537925 -0.02159486
301.78876569 229.11370637 -0.04741538
301.29936715 228.18890928 -0.08342860
300.80047950 227.22086431 -0.11177329
300.29991698 226.26948603 -0.13366125
299.81152430 225.32971750 -0.15158866
299.34719663 224.38627622 -0.17553268
298.88239495 223.46066314 -0.20154978
298.41339833 222.53160217 -0.23877279
297.93665569 221.59280677 -0.26611701
297.46332182 220.67036078 -0.30139732
296.98139291 219.72676757 -0.31962051
296.50576802 218.76942357 -0.33476971
296.03014008 217.79892132 -0.34993081
295.55806040 216.83511760 -0.36787406
295.06755692 215.86517066 -0.37767432
294.59128783 214.93205952 -0.38984335
294.12269332 214.00567566 -0.39830998
293.64207794 213.07064381 -0.40582623
293.16682969 212.12469142 -0.42723822
292.68432890 211.15718185 -0.43693740
292.19850126 210.21838647 -0.44728365
291.70042418 209.25163275 -0.45364173
291.18126236 208.24698835 -0.46738073
290.66081262 207.22702497 -0.47461767
290.14193741 206.19006869 -0.48119312
289.63905253 205.18343426 -0.47742911
289.12502255 204.18249376 -0.46787224
288.60766192 203.18397987 -0.45885448
288.09769148 202.18105892 -0.45867196
287.59644726 201.19898607 -0.46195217
287.09086584 200.20082954 -0.47140100
286.56604644 199.20428605 -0.47104591
286.03627722 198.18463508 -0.47667794
285.49590754 197.16244008 -0.49082977
284.95276301 196.14662852 -0.50071759
284.40525396 195.11572196 -0.51668314
283.86157355 194.10678779 -0.52233068
283.32473813 193.09505059 -0.52218325
282.78646512 192.08668698 -0.51577964
282.24116195 191.06696097 -0.50169754
281.71431899 190.06197975 -0.49335429
281.18156865 189.04368082 -0.48679912
280.62975266 187.98851480 -0.48205278
280.07537675 186.93503284 -0.47657797
279.51893418 185.89298003 -0.47863454
278.96487598 184.84247513 -0.48486464
278.41149812 183.81562484 -0.49406365
277.86833611 182.79958589 -0.49527607
277.31039199 181.74005125 -0.49167551
276.77463963 180.73821112 -0.47237294
276.22392591 179.70816848 -0.46101809
275.65591888 178.65170003 -0.45302941
275.08794366 177.59892122 -0.45909955
274.53025339 176.56395946 -0.46431635
273.97134179 175.51083890 -0.45762998
273.42551424 174.47103493 -0.44179263
272.88228793 173.41930125 -0.41896764
272.33816485 172.37689610 -0.39848681
271.79296941 171.32569616 -0.38326762
271.26319945 170.31676341 -0.36465211
270.73387888 169.29511856 -0.35369407
270.19946390 168.27745936 -0.34577969
269.67095378 167.24837961 -0.35283608
269.12264887 166.19742277 -0.35557682
268.57564241 165.13529868 -0.35039522
268.04955029 164.10773876 -0.34527284
267.54657938 163.10508510 -0.32624055
267.05972121 162.11150800 -0.31069778
266.56572962 161.11156668 -0.31300990
266.07414327 160.11405574 -0.31126181
265.56746813 159.11930931 -0.32426910
265.05814084 158.11565013 -0.33728378
264.55424094 157.10997918 -0.34057303
264.06327763 156.12411266 -0.33022062
263.59022427 155.14904869 -0.32041425
263.10886751 154.14643961 -0.30653158
262.64995645 153.15854329 -0.27343693
262.18592033 152.17839272 -0.25672786
261.72858440 151.22201431 -0.24425194
261.27328931 150.28918196 -0.22480028
260.81581022 149.34323350 -0.22217544
260.34418369 148.39421023 -0.23026846
259.88520379 147.46189077 -0.23846937
259.42593419 146.52836646 -0.23272767
258.98551728 145.60906306 -0.22027876
258.56103966 144.69933926 -0.20699457
258.15462866 143.80265061 -0.18261035
257.74077207 142.92120308 -0.15808123
257.31634472 142.01308184 -0.13711707
256.88788857 141.12687880 -0.10427811
256.45992569 140.24839279 -0.07565780
256.03517723 139.38788718 -0.04190806
255.60682722 138.51945334 -0.02330326
255.23422314 137.70727150 0.02305498
254.87954147 136.94955164 0.06663961
254.52212265 136.18634316 0.11148409
254.16152187 135.43741583 0.16067293
253.79736814 134.67015702 0.21699264
253.45664831 133.95159479 0.27100032
253.10959755 133.23956328 0.33095195
252.77762765 132.54522566 0.39304605
252.46219159 131.88212858 0.45312908
252.15991128 131.24262315 0.51877117
251.87436350 130.61872770 0.59260600
251.60369609 130.00327252 0.67514942
251.34013351 129.43669563 0.75547704
251.07803393 128.86878459 0.85992050
250.81713590 128.31159817 0.95840969
250.57556837 127.76322995 1.05750363
250.33454337 127.23990210 1.14824773
250.10302259 126.72967944 1.23602310
249.87104168 126.22950832 1.32079710
249.65007056 125.75324042 1.40729457
249.42367152 125.26933326 1.48935949
249.20510717 124.82733053 1.56488647
248.99405994 124.42358744 1.63658035
248.75539047 124.02569733 1.69451359
248.52981321 123.65508567 1.76197535
248.27934304 123.29016345 1.80316209
248.02910758 122.91543376 1.85296925
247.77110533 122.57389051 1.88548153
247.50113630 122.24027219 1.90738593
247.22914656 121.91898014 1.93011211
246.95620192 121.60400747 1.94951409
246.67189571 121.31573195 1.94960753
246.37863462 121.02791646 1.95423814
246.07588847 120.75575545 1.94448379
245.75623331 120.52057841 1.90330754
245.40320029 120.27686461 1.86289001
245.04672091 120.06326004 1.81914310
244.68716257 119.84357423 1.76958043
244.30894630 119.66082671 1.70908433
243.90510108 119.46640158 1.64636667
243.49609702 119.30795770 1.55444275
243.06233908 119.17709336 1.45803005
242.62089539 119.07110399 1.36594191
242.14160274 118.98872563 1.27543263
241.65296123 118.95748855 1.18171813
241.13714508 118.96123530 1.06135286
240.60274217 118.99047581 0.93835085
240.05798007 119.05571655 0.80275205
239.50254841 119.13747255 0.68881571
238.93709598 119.25299934 0.57742028
238.37745919 119.37473689 0.46805518
237.79077058 119.53739389 0.34715779
237.21708529 119.70310028 0.23612787
236.61756062 119.89063335 0.12662060
235.97154556 120.12749999 -0.00221493
235.32083296 120.37619786 -0.11367806
234.68683983 120.63776388 -0.22757609
234.03972676 120.89927678 -0.32048594
233.36493373 121.17843866 -0.41688181
232.68715215 121.48018111 -0.50408910
231.99688611 121.80572428 -0.59614195
231.29351838 122.14557457 -0.69330923
230.59268807 122.51059057 -0.76741743
229.86337481 122.89967639 -0.83843165
229.13586170 123.30301649 -0.90913828
228.36581813 123.71060910 -0.96594818
227.61457121 124.11811647 -1.00255094
226.81325764 124.55459625 -1.03965228
225.97093986 124.97877424 -1.07049286
225.15453798 125.41830224 -1.09802183
224.30022751 125.86623283 -1.14341374
223.43193467 126.33671831 -1.18518069
222.55800841 126.80541896 -1.20968927
221.65589479 127.29963791 -1.22993423
220.73834942 127.79338905 -1.23844518
219.82410772 128.28822462 -1.23923437
218.87295939 128.81074660 -1.24549911
217.94383930 129.31670227 -1.23135594
217.04060072 129.82734863 -1.22416078
216.16410133 130.30469737 -1.20605084
215.27320891 130.79751087 -1.19374436
214.38953984 131.31281133 -1.16318063
213.52627117 131.82260597 -1.13413783
212.61891676 132.33293085 -1.10027970
211.70445501 132.84336718 -1.06452327
210.82868368 133.32164498 -1.03032351
209.92636241 133.81706454 -1.00536239
209.03619386 134.30041288 -0.97276794
208.13077757 134.78319350 -0.93556711
207.26489661 135.25769754 -0.89194644
206.35675505 135.74588999 -0.84727982
205.46514600 136.23597530 -0.79320192
204.55673086 136.69079002 -0.73643615
203.63112832 137.15595812 -0.69605735
202.74757764 137.61348259 -0.66044809
201.85448303 138.04561644 -0.62557266
200.98209252 138.48374011 -0.60203586
200.08670414 138.93087891 -0.56995638
199.21184605 139.37791000 -0.53001092
198.35842532 139.80956982 -0.48957840
197.48974078 140.25472330 -0.46631481
196.61315832 140.68686315 -0.43681311
195.74451251 141.13095944 -0.40671377
194.87617310 141.56046184 -0.35697444
194.00542326 141.98950140 -0.32164105
193.19146699 142.38861400 -0.29932414
192.38229555 142.80266599 -0.25982098
191.55545018 143.20237123 -0.21031260
190.75216223 143.58545593 -0.16966660
189.98329275 143.95237964 -0.12577889
189.23618760 144.31956485 -0.07719262
188.51104714 144.66592370 -0.03421339
187.82281776 144.99999220 0.00235362
187.16975484 145.31967782 0.03040693
186.53066256 145.64027068 0.06411280
185.93291994 145.94487424 0.09450006
185.37017827 146.23359244 0.12325008
184.83209563 146.51226059 0.15130253
184.31733782 146.78384810 0.16743195
183.84535063 147.05918358 0.17716704
183.39933269 147.32518286 0.20971768
182.96139681 147.57845463 0.22992865
182.53722084 147.82444741 0.23590195
182.11038716 148.07877368 0.24355858
181.68320707 148.35519401 0.26236854
181.26028753 148.62291956 0.27196366
180.88050743 148.89985379 0.27777335
180.48059893 149.18558457 0.28493465
180.09710616 149.48154130 0.27888410
179.72509147 149.79277272 0.28015749
179.37527520 150.10498538 0.28506399
179.02447225 150.42196971 0.29325948
178.68374634 150.74596443 0.30220567
178.37389211 151.09436966 0.30266927
178.08480652 151.43676194 0.29832996
177.79627839 151.80847219 0.29379699
177.53671539 152.22298033 0.29404265
177.27246292 152.62669248 0.29460577
177.01132865 153.07145302 0.30351862
176.79246119 153.53690004 0.29982830
176.57664557 153.99315133 0.30266645
176.39545303 154.46183535 0.29759872
176.23625083 154.95234894 0.28804059
176.09516974 155.43918731 0.27392929
175.98940393 155.91966563 0.24729483
175.91797031 156.42943361 0.22695671
175.88917650 156.94730676 0.21425679
175.87325331 157.47558443 0.21514544
175.88252103 157.98720020 0.21434338
175.89658891 158.49220387 0.21542605
175.93265823 158.99987703 0.20055242
176.00906419 159.54810584 0.19383733
176.10721707 160.08938660 0.18473730
176.21108767 160.56791162 0.18191861
176.32808770 161.08437440 0.16990667
176.45521524 161.58192474 0.15048415
176.61873830 162.06999931 0.14552431
176.79852813 162.55574574 0.12700433
176.98790886 163.04152150 0.11338534
177.18449758 163.52296176 0.10163339
177.41349644 164.00383615 0.09409102
177.64853355 164.49882245 0.09467042
177.88140111 164.96888055 0.09431617
178.11914845 165.43058382 0.08805211
178.36242016 165.89540253 0.07193524
178.61703807 166.35685569 0.04990531
178.87557533 166.81273188 0.03317540
179.12243743 167.27158404 0.01784739
179.35249734 167.71557179 -0.00216502
179.58869624 168.15605163 -0.02541486
179.81489788 168.58463506 -0.04806991
180.01898685 169.04150441 -0.06183456
180.21035584 169.49550494 -0.07362781
180.38946575 169.96173446 -0.08444868
180.54645966 170.41320916 -0.09374801
180.69806810 170.88734946 -0.10327374
180.83145195 171.34112284 -0.10943352
180.92437817 171.78103988 -0.12269425
180.98594590 172.21827690 -0.13027956
181.03961399 172.64520653 -0.14278000
181.05648187 173.06791167 -0.15244616
181.04378925 173.49311731 -0.17097278
181.01071916 173.92585466 -0.18837629
180.95283555 174.32750940 -0.19786944
180.87109589 174.73493236 -0.21716790
180.74324823 175.11420522 -0.22808455
180.58959760 175.46672829 -0.24157123
180.40701369 175.80470983 -0.27069020
180.25247386 176.12792416 -0.29126061
180.04689369 176.50114339 -0.32360909
179.80926529 176.87159227 -0.33663350
179.52393372 177.21015208 -0.35477363
179.18448210 177.54138732 -0.36312659
178.81768791 177.82242872 -0.38274941
178.42187074 178.13006770 -0.39606125
177.97708552 178.44018153 -0.41620033
177.49840611 178.72521734 -0.44417885
177.00830122 178.99830589 -0.47200580
176.50021136 179.25301544 -0.49615896
175.97934360 179.47994479 -0.52703279
175.45028850 179.72832484 -0.55856480
174.90453673 180.00513890 -0.58057451
174.35727195 180.26869894 -0.59261338
173.77871272 180.54512081 -0.60297789
173.15393479 180.80604416 -0.62131206
172.53034503 181.08833992 -0.63501235
171.86779437 181.35064890 -0.63419666
171.17832428 181.69836342 -0.64750542
170.50100657 182.03196272 -0.65973645
169.81867616 182.37849172 -0.67015762
169.11034300 182.72961401 -0.68886588
168.39022897 183.05959096 -0.69731221
167.64988460 183.42692706 -0.72494607
166.90589405 183.77405787 -0.73395797
166.13681208 184.13101605 -0.74575571
165.34460980 184.54363060 -0.76288066
164.53473188 184.88236418 -0.77405652
163.69786056 185.27785401 -0.78234272
162.87512139 185.66885642 -0.78452521
162.02131860 186.05344288 -0.78328935
161.15616833 186.43704366 -0.78395500
160.27476744 186.83368847 -0.79166972
159.33400250 187.24883524 -0.79074677
158.40802925 187.66202686 -0.80406324
157.47498717 188.08197819 -0.80135871
156.54261299 188.53585519 -0.80150259
155.59793905 188.96178262 -0.80008440
154.59769227 189.41016659 -0.81738073
153.61991571 189.85119810 -0.82972986
152.62405875 190.31105886 -0.85069000
151.64382901 190.76929694 -0.84943168
150.63401372 191.23818720 -0.84806723
149.63094540 191.69111323 -0.84480202
148.63456116 192.13040188 -0.83767698
147.65978845 192.54494531 -0.82937683
146.69180316 192.98277585 -0.82804824
145.69823137 193.43974431 -0.82258264
144.66287400 193.96222157 -0.81803025
143.69319088 194.43972404 -0.81819666
142.69018221 194.90794091 -0.83411257
141.69709186 195.39504456 -0.85174015
140.68592153 195.88694357 -0.87324447
139.66367295 196.38176204 -0.89415428
138.73946800 196.84872699 -0.92095021
137.82986271 197.33394339 -0.94240468
136.91601217 197.82118946 -0.95599953
136.04721927 198.31900725 -0.95688823
135.16448718 198.80770273 -0.95296097
134.26399623 199.30842358 -0.96281787
133.39491183 199.80483494 -0.97984614
132.54758254 200.27191148 -0.98903327
131.70616129 200.75697680 -1.00021632
130.85177974 201.22367151 -1.01554269
130.04913917 201.70553702 -1.02388203
129.28181541 202.18985880 -1.02844122
128.52643816 202.65655944 -1.02512963
127.80436262 203.16061916 -1.03234634
127.10560830 203.64532610 -1.01163848
126.39484142 204.12079191 -1.00569435
125.72794822 204.61216005 -0.99944917
125.06382437 205.10246379 -0.99309952
124.43005893 205.56440576 -0.98563552
123.82310388 206.00102309 -0.97628928
123.19550184 206.45498043 -0.95722239
122.59931169 206.87398292 -0.95229547
122.06208915 207.27344388 -0.95702986
121.56035323 207.65159844 -0.95664174
121.07296603 208.01933985 -0.95145204
120.61782282 208.36683208 -0.93157975
120.20178578 208.70154499 -0.93428305
119.81334917 209.01934933 -0.92675641
119.43543861 209.30617464 -0.92643381
119.11658490 209.57941062 -0.91455403
118.80969509 209.82382254 -0.90323583
118.52162581 210.06838380 -0.90019151
118.28536020 210.29264011 -0.89900926
118.05725697 210.50361189 -0.89574643
117.82356229 210.71109663 -0.89097223
117.61859823 210.91722914 -0.87861954
117.42668837 211.08726630 -0.87546571
117.24578022 211.25541833 -0.86406133
117.07336713 211.43164626 -0.85957508
116.91363716 211.60817735 -0.85666204
116.72495140 211.78284327 -0.85107221
116.55400004 211.94699237 -0.84836230
116.40068214 212.10438079 -0.84255225
116.24181247 212.28089386 -0.83617775
116.09210754 212.44418435 -0.82407214
115.93816142 212.62729797 -0.81667908
115.78982146 212.79869353 -0.81335921
115.63388539 212.97381194 -0.81836942
115.47748937 213.16633337 -0.82398059
115.30715096 213.36525394 -0.81828492
115.14248984 213.59666835 -0.80477418
114.96683644 213.84736333 -0.78086766
114.78383462 214.12018005 -0.77580459
114.58912002 214.40225911 -0.75753215
114.38701095 214.70393947 -0.75156952
114.21200083 215.05067451 -0.74963496
114.05464617 215.39619026 -0.74253617
113.92478571 215.77949409 -0.73886140
113.78422077 216.17671278 -0.74077246
113.66280780 216.58734246 -0.74836875
113.57802381 217.02210321 -0.76661821
113.49773968 217.47730699 -0.77339366
113.45566358 217.95594526 -0.78419270
113.45884707 218.48858089 -0.78346183
113.50066140 219.03983197 -0.77900995
113.57134656 219.58020806 -0.78425950
113.65944438 220.13481560 -0.79166880
113.77977863 220.71254538 -0.81108244
113.94321184 221.30647669 -0.82238214
114.14449528 221.91221367 -0.82672728
114.38118015 222.52079577 -0.83600478
114.66482967 223.14607750 -0.84425670
114.97038569 223.77416328 -0.84601323
115.31548027 224.42457425 -0.85086162
115.66827515 225.07443132 -0.85758859
116.05168006 225.76221473 -0.86815700
116.43671569 226.44483244 -0.87862847
116.83594875 227.18218449 -0.89184287
117.22820360 227.89600627 -0.90545487
117.64384748 228.63033851 -0.91397620
118.07610823 229.37924014 -0.91678193
118.51050617 230.13470756 -0.92032970
118.96164603 230.92568853 -0.93744980
119.40897119 231.72830065 -0.94995566
119.87000100 232.53598135 -0.96741008
120.33069165 233.38582496 -0.97964787
120.80284620 234.25291342 -0.98797285
121.28182065 235.12924881 -0.98496280
121.77482604 236.04851506 -0.98142932
122.28269432 236.97025236 -0.99555353
122.79135090 237.90117571 -1.01840109
123.31864092 238.87364198 -1.04229632
123.83541791 239.85453337 -1.05152581
124.36502195 240.88071248 -1.04217772
124.90046697 241.90762900 -1.03261610
125.43809854 242.93783050 -1.01674574
125.97768655 243.96098250 -1.02048844
126.53837425 244.98161754 -1.03543895
127.09314428 246.02559758 -1.05806461
127.66685781 247.09048928 -1.07032145
128.24149768 248.16953089 -1.06646245
128.81353253 249.26722719 -1.05450379
129.38362966 250.38163883 -1.04233453
129.94637204 251.49150352 -1.03653427
130.50699870 252.57914181 -1.03986059
131.05043923 253.67235889 -1.04606781
131.58707248 254.73319407 -1.03606369
132.12004089 255.81121031 -1.01985510
132.65157297 256.91875233 -1.00200715
133.19192231 258.01686299 -0.99915226
133.72767243 259.11414134 -0.98894161
134.28316027 260.25197036 -0.98255641
134.83417855 261.33535229 -0.97898665
135.35328600 262.42484920 -0.96609747
135.89050573 263.51753509 -0.94641747
136.41598790 264.61186911 -0.94126911
136.95092894 265.68224695 -0.91439068
137.48967181 266.77519057 -0.90083827
138.01557105 267.84276060 -0.88793531
138.52662887 268.88542477 -0.86582289
139.03194210 269.93071694 -0.85113236
139.53071093 270.95078884 -0.84430275
140.03892322 272.01177190 -0.83259202
140.54918346 273.08381613 -0.81427501
141.04309074 274.15091522 -0.80137568
141.52922910 275.17672008 -0.77880967
141.96510543 276.25214716 -0.71378113
142.43794436 277.21606078 -0.67691375
142.82761711 278.32620926 -0.75684421
143.30392379 279.39533939 -0.74671784
143.79733090 280.39429477 -0.74076398
144.44898356 281.73624395 -0.74686610
144.71689069 282.63039954 -0.76517179
145.42600594 284.08290939 -0.76467532
145.97568163 285.35036632 -0.78478806
146.34269200 286.66603703 -0.75149488
147.06749661 288.01275608 -0.73597406
147.44416155 288.77025738 -0.75772715
148.00434681 290.18076670 -0.73971981
148.44046082 290.84418585 -0.69547519
148.90451203 292.19852434 -0.63813433
149.27584851 293.57108243 -0.62577700
149.98232910 294.81678634 -0.60021965
150.54142012 296.06865945 -0.53290420
150.92213291 297.07592906 -0.48455436
151.54225195 298.10807377 -0.43044088
152.07406179 299.10751391 -0.38954460
152.38595186 299.87910354 -0.38979655
152.86913741 300.32947067 -0.30344182
152.92701305 301.01943050 -0.22917426
153.45638211 302.24250705 -0.19757485
153.96838101 303.48329754 -0.24224633
154.52459014 304.72389325 -0.31509974
155.39724410 305.88073223 -0.55295279
155.82733665 306.52388196 -0.47676729
156.24713286 307.68226674 -0.48760180
156.76537856 309.42666695 -0.43430522
157.50570796 310.65566850 -0.45857154
158.00531860 311.66627664 -0.45624524
158.54154813 313.03810242 -0.43364843
158.83741183 314.21226118 -0.44317847
159.07365207 314.88704764 -0.39972272
159.52507586 315.65726572 -0.35897128
159.80379985 316.31688481 -0.27485634
160.38417191 317.38816295 -0.30065129
160.75732025 317.85128707 -0.33947994
161.37348208 318.89557190 -0.41628360
161.65111097 319.54800236 -0.40954172
161.94248070 320.25177946 -0.33532810
162.36289133 321.06214787 -0.37681449
162.87921015 321.66000694 -0.43884808
163.36397375 322.52577107 -0.48646680
163.74119178 323.45491050 -0.54025187
164.02980645 324.22886626 -0.58478855
164.16952517 324.64060824 -0.55554031
164.66447684 325.09839698 -0.59979060
165.07619265 325.68331558 -0.67408784
165.24784625 326.04848590 -0.69779579
165.50254634 326.57828588 -0.74372270
165.92237323 327.48570663 -0.92099028
166.21054633 328.25106405 -1.01584710
166.49065083 328.48806505 -0.97218756
166.50325105 328.98352229 -0.96846387
166.57211433 329.36120414 -0.88337163
167.16536564 329.91795178 -1.05052044
167.38514059 330.33048766 -1.12785472
167.42778015 330.91891846 -1.21483696
167.44634160 331.34423672 -1.21469041
167.52034744 331.74955059 -1.23691602
167.59604984 332.11603902 -1.27789622
167.95513544 332.55664983 -1.46252781
168.06465074 332.93462423 -1.55086169
167.92874067 333.58417409 -1.76059314
168.02328212 333.72493075 -1.70952041
167.97375514 334.04736719 -1.76422790
168.03147179 334.42447277 -1.88681297
168.00679238 334.93171057 -2.08822137
167.82148835 335.40777722 -2.26172531
167.68562992 335.67451657 -2.28291350
167.26564222 336.10486549 -2.29765738
166.99942041 336.25242240 -2.22209894
166.79856678 336.88580589 -2.51631852
166.26453327 337.22528217 -2.48235960
165.86525299 337.58408703 -2.51810960
165.44777698 337.94508884 -2.51082126
165.03048441 338.30950626 -2.50261991
164.58402312 338.61889221 -2.47490971
164.10800682 338.92868299 -2.46474756
163.64476207 339.20438695 -2.42198526
163.16803616 339.46189191 -2.38214110
162.65790493 339.72263071 -2.32444999
162.13505312 339.99884434 -2.26004499
161.59344486 340.26657864 -2.22563138
161.03007703 340.51598191 -2.17414272
160.46215186 340.78650436 -2.12049020
159.88874773 341.10186029 -2.05583786
159.30336573 341.44822542 -1.98473036
158.71220960 341.77742982 -1.92635665
158.09003406 342.13374472 -1.85425513
157.47840297 342.49558813 -1.80792634
156.84552650 342.86540974 -1.76076591
156.17062011 343.25909244 -1.72375354
155.48619104 343.65920792 -1.68855683
154.77626147 344.07183158 -1.67908494
154.05182679 344.50673457 -1.67763283
153.29850589 344.93791287 -1.67001948
152.51141540 345.39492093 -1.67965633
151.71928772 345.86248889 -1.70355317
150.89838795 346.35186449 -1.72896551
150.10546957 346.82164345 -1.75130915
149.31129992 347.28725508 -1.78659484
148.51371102 347.75732369 -1.81627517
147.67156925 348.23426663 -1.84001407
146.82554957 348.69757306 -1.87159025
145.96658209 349.17894513 -1.90253262
145.11471230 349.66847063 -1.93625930
144.24607094 350.15562048 -1.95940804
143.37817562 350.64149321 -1.97620829
142.48687413 351.13823362 -2.00554403
141.57676998 351.63395299 -2.02940442
140.65684399 352.13196611 -2.05609707
139.73000139 352.62038741 -2.08194276
138.77393586 353.11609288 -2.10647714
137.80401117 353.61537384 -2.13302126
136.82286178 354.11604707 -2.14167723
135.85574084 354.60952784 -2.15591103
134.90575876 355.08717273 -2.15311552
133.94989148 355.55538090 -2.14743341
132.98379308 356.02798013 -2.14138724
132.00219119 356.51151045 -2.12608466
131.02330521 356.99190862 -2.10800324
130.06087014 357.46778841 -2.08738646
129.10090353 357.93728492 -2.06245834
128.07748954 358.43201523 -2.04460192
127.10232799 358.90567640 -2.02333706
126.11768065 359.38128083 -1.98567510
125.14332330 359.85810003 -1.92720525
124.17913381 360.31791654 -1.90121674
123.23023892 360.76531460 -1.86520434
122.26983426 361.22679848 -1.84188541
121.33709480 361.67736555 -1.80608202
120.38406656 362.13649770 -1.76524915
119.44487547 362.59699782 -1.73246573
118.52666106 363.06289693 -1.72942725
117.74283833 363.75151163 -1.66074347
116.81906200 364.18680258 -1.65142409
115.98671380 364.57281090 -1.62391687
115.12713358 364.96085593 -1.61730707
114.25651313 365.34477264 -1.59845282
113.40705934 365.72781766 -1.60483384
112.68635567 365.99282765 -1.73193008
111.92850308 366.31870392 -1.92458822
111.65373234 366.40260257 -2.09821947
110.97603448 366.65095339 -2.30308792
109.97621315 367.17561133 -2.18016694
108.95049653 367.59414576 -2.30643863
108.12847323 367.92754063 -2.39485561
107.26066108 368.29844212 -2.52953921
106.16066333 368.89497918 -2.47245718
106.08348425 368.96874743 -2.42742221
105.52071853 369.26145283 -2.42238680
104.90222233 369.52760483 -2.52619459
104.32756896 369.81397351 -2.56845608
103.47969495 370.46197870 -2.36867172
102.55727978 370.88633072 -2.46384531
101.49679535 371.54780331 -2.37743357
100.66738580 372.13881667 -2.26429148
99.88501942 372.62587085 -2.21644626
99.02884697 372.95014509 -2.38964625
98.12033244 373.36148717 -2.45616956
97.44405234 373.81870355 -2.35324975
96.60390566 374.13980106 -2.46941247
95.79168138 374.48863249 -2.52258156
95.12883974 375.07012948 -2.33486351
93.88749437 375.57576381 -2.24800699
92.89416885 375.98407221 -2.03203715
91.93084859 376.37651458 -1.86156850
90.89197213 376.84637571 -1.65899488
89.83501646 377.31164936 -1.33989435
88.80071868 377.76512132 -1.03640711
87.79645180 378.32719845 -0.84550301
86.77574451 378.94098773 -0.78470502
85.78305163 379.57360867 -0.78673696
84.78319781 380.18219766 -0.88769149
83.74905923 380.81069018 -0.89408988
82.71484175 381.49360538 -1.05022540
81.64258749 382.18229364 -1.14001951
80.55746712 382.81596282 -1.15841155
79.50664655 383.44000641 -1.28312307
78.43410818 384.01270568 -1.29934729
77.33522712 384.48947055 -1.30075596
76.27672478 384.88583262 -1.35636431
75.21662309 385.38130721 -1.38621455
74.12468750 385.84465187 -1.31718755
73.00247547 386.33295453 -1.19882714
71.89670904 386.88534085 -1.09601955
70.82208156 387.36144441 -1.01206636
69.74215312 387.86063660 -0.94632734
68.68555005 388.34883269 -0.87527010
67.63353040 388.85672057 -0.79493513
66.59480584 389.37090826 -0.70455231
65.55345120 389.88277793 -0.61815356
64.53079634 390.41020502 -0.53817012
63.52108642 390.92658577 -0.45996345
62.49416644 391.45018586 -0.38818607
61.47272701 391.96608080 -0.31366594
60.43574778 392.48100096 -0.22830173
59.42686867 392.99705621 -0.13624132
58.39190399 393.52501448 -0.05870596
57.37188149 394.04170814 0.01929944
56.34782250 394.56422618 0.08488184
55.36442258 395.07007319 0.14565277
54.35760403 395.58207120 0.20617761
53.37922201 396.08074604 0.25572252
52.40077045 396.59276506 0.29658637
51.42226400 397.12050576 0.33665135
50.43880552 397.63231174 0.36562161
49.46963756 398.14174402 0.37632837
48.47245502 398.66909106 0.38327585
47.48401138 399.18938795 0.38351848
46.53147837 399.69867845 0.36629270
45.56700436 400.22152481 0.34246447
44.58432496 400.73569537 0.32606971
43.63496507 401.23939238 0.31665989
42.68337359 401.73298535 0.29205210
41.72152861 402.22738901 0.26803996
40.76397969 402.71243238 0.23305772
39.80163367 403.21217682 0.20182364
38.83941038 403.70793662 0.16903164
37.86652906 404.20639198 0.12062337
36.88887764 404.72280168 0.07586009
35.92957747 405.22524168 0.02998755
34.95995653 405.72969841 -0.00956649
33.97867206 406.25673312 -0.04834941
32.98947352 406.78048376 -0.10164892
31.97774235 407.30349523 -0.13900053
30.98750975 407.82483505 -0.18266595
29.98284541 408.33639199 -0.21607020
28.99239381 408.85024164 -0.25347569
27.99710999 409.36632414 -0.29563002
26.96872615 409.86944958 -0.33188034
25.96293868 410.38472785 -0.37291639
24.94117380 410.91286218 -0.41498257
23.91214323 411.44412300 -0.43066121
22.88139815 411.98181034 -0.45155230
21.90599228 412.52570939 -0.48629076
20.90788025 413.06355937 -0.50263212
19.91764772 413.60128546 -0.52866831
18.89563283 414.15822241 -0.53873289
17.88182020 414.72006827 -0.54312440
16.89637522 415.27527297 -0.55694727
15.91128965 415.82995546 -0.57039321
14.91709443 416.39453587 -0.59469865
13.92981833 416.95460366 -0.60432033
12.94892677 417.51658287 -0.61788979
11.97049774 418.08217940 -0.62829398
11.00007620 418.66196452 -0.64569970
10.03016477 419.23991480 -0.65583003
9.05715959 419.81580927 -0.66885629
8.09065907 420.40100278 -0.68039266
7.14298901 420.98374873 -0.68922132
6.19789020 421.57194021 -0.69407366
5.23784304 422.17998157 -0.71141051
4.28491738 422.79148667 -0.72949764
3.34074059 423.40378686 -0.73790094
2.40560993 424.01131513 -0.74064346
1.48442430 424.62448502 -0.75690624
0.56075057 425.24197181 -0.77349405
-0.34000865 425.85145129 -0.78862898
-1.21344401 426.45080012 -0.80373777
-2.07553688 427.03335851 -0.81434024
-2.92677846 427.61437326 -0.82813624
-3.77152487 428.19545918 -0.82935128
-4.59457221 428.76030012 -0.82446327
-5.39570449 429.31613391 -0.81855376
-6.18714481 429.86126417 -0.81108904
-6.97841558 430.42446784 -0.80282061
-7.76634851 430.98583697 -0.79591080
-8.52211803 431.53678875 -0.79162124
-9.26144851 432.08316149 -0.77928944
-9.96860783 432.61556860 -0.77229279
-10.67173859 433.13252782 -0.77527197
-11.36293056 433.62954400 -0.78140981
-12.02787884 434.11226506 -0.78959501
-12.65159030 434.59322644 -0.79833923
-13.25205522 435.07086718 -0.80123061
-13.84971848 435.53812124 -0.79979830
-14.41770995 435.97735634 -0.79594454
-14.95849220 436.40784371 -0.77443398
-15.47094398 436.83407039 -0.75532784
-15.97430469 437.23662066 -0.73053420
-16.46604218 437.61488200 -0.67822856
-16.95609814 437.98505930 -0.62232871
-17.41744652 438.34536877 -0.55538647
-17.85776185 438.70698267 -0.48595793
-18.28978964 439.06368376 -0.42724781
-18.69448218 439.40923385 -0.35559502
-19.09300018 439.75171731 -0.28669639
-19.47704480 440.07535349 -0.22667252
-19.84507547 440.39505284 -0.16540500
-20.19864859 440.70570695 -0.10568604
-20.53093461 440.98340505 -0.06366576
-20.85648204 441.27956188 -0.01983553
-21.15228380 441.53632226 -0.00562019
-21.44982369 441.80584257 0.02256086
-21.74081475 442.06620807 0.05096253
-22.01823780 442.30188587 0.06427700
-22.29256113 442.54256398 0.06896479
-22.57630218 442.78003005 0.06779389
-22.87195987 443.03672585 0.07723880
-23.15277031 443.27421252 0.06955863
-23.44831471 443.51720222 0.06618612
-23.73893864 443.75572282 0.05119883
-24.01770985 443.97931782 0.02667098
-24.28906892 444.18363236 -0.01002417
-24.58876626 444.40147873 -0.04758719
-24.88063639 444.61958179 -0.08935394
-25.18714574 444.84117497 -0.14011904
-25.50956050 445.06851203 -0.17612712
-25.83747977 445.29536511 -0.21812232
-26.16056547 445.52097584 -0.26096283
-26.47887238 445.73359753 -0.30194445
-26.80940918 445.96228517 -0.34220612
-27.12209088 446.18595801 -0.36720530
-27.45980911 446.41595973 -0.39740621
-27.78864749 446.65116235 -0.40818461
-28.10873983 446.87940291 -0.41989339
-28.41995220 447.09773971 -0.42538515
-28.75289271 447.33384868 -0.42060491
-29.07158524 447.57537430 -0.41790383
-29.39627369 447.82066024 -0.41161058
-29.70828310 448.06780792 -0.37925909
-30.00170948 448.30934080 -0.34199598
-30.28721199 448.54863154 -0.30246259
-30.54822120 448.77255634 -0.26144226
-30.80287900 448.99541534 -0.21856205
-31.03629205 449.20825156 -0.18548435
-31.24527318 449.42505221 -0.13776893
-31.46572713 449.63210899 -0.07465165
-31.67594958 449.82450722 -0.00035930
-31.91082205 450.01690607 0.05822523
-32.13948470 450.20175645 0.11876926
-32.35847847 450.38412068 0.16964368
-32.57421077 450.56476732 0.21715084
-32.81028900 450.75884067 0.27016817
-33.04904295 450.93919617 0.31168780
-33.30214452 451.11906045 0.36126745
-33.56539263 451.30268496 0.40786215
-33.83707596 451.47525663 0.44420508
-34.11643896 451.63862859 0.47554958
-34.40278180 451.82438029 0.49584140
-34.70483183 451.98447365 0.52652703
-35.00725450 452.13552452 0.55793048
-35.33658425 452.25479051 0.58117899
-35.67135277 452.36108050 0.57979321
-36.02176248 452.47285439 0.56764848
-36.40849206 452.55613475 0.55473486
-36.80703155 452.60496583 0.52186265
-37.21039992 452.63349238 0.50466964
-37.63572034 452.63126558 0.48413549
-38.07049983 452.60353226 0.46481011
-38.51770719 452.54593497 0.42339191
-38.99002863 452.45735422 0.38389193
-39.45067184 452.33666597 0.34053541
-39.93976719 452.18298383 0.28969739
-40.40176321 452.00705766 0.23417314
-40.89949384 451.78214445 0.17148368
-41.40691717 451.50612224 0.09350154
-41.92665192 451.20034427 0.01231951
-42.44258679 450.85226826 -0.06456095
-42.98709627 450.46368846 -0.15105091
-43.52278538 450.04561094 -0.24400730
-44.07111967 449.58957168 -0.34413294
-44.60320510 449.12660155 -0.43531687
-45.13242209 448.63060846 -0.52779782
-45.67069622 448.07635201 -0.61586062
-46.20441837 447.49237287 -0.69470907
-46.74938266 446.85076630 -0.77346787
-47.27300257 446.19237856 -0.85396647
-47.80379863 445.49242062 -0.93100710
-48.32309211 444.76052662 -1.01138790
-48.84686468 444.01212051 -1.08728497
-49.38817442 443.22467222 -1.16928479
-49.92492166 442.41304782 -1.22622121
-50.46822290 441.58072993 -1.27242490
-51.03863056 440.70816880 -1.32485237
-51.60430372 439.85329562 -1.35899180
-52.21799915 438.95177495 -1.39608633
-52.82520079 438.05806453 -1.41892152
-53.44417445 437.15135269 -1.45447859
-54.04752123 436.21413476 -1.48113460
-54.65954720 435.30852087 -1.49263254
-55.28715161 434.36743649 -1.52516524
-55.92832201 433.40729724 -1.55061463
-56.58102727 432.43140026 -1.57407180
-57.22411438 431.45425746 -1.58578420
-57.87423288 430.46049475 -1.59096885
-58.53088594 429.46766407 -1.58877186
-59.19042428 428.45872377 -1.57961179
-59.87682197 427.44475169 -1.57928824
-60.54031418 426.44352435 -1.58364954
-61.21113932 425.44420508 -1.59088173
-61.87192309 424.41921193 -1.58405733
-62.53274001 423.39865956 -1.56122590
-63.21093937 422.36866411 -1.52120091
-63.87456910 421.32179262 -1.48793331
-64.52574369 420.29117287 -1.44990560
-65.17142167 419.27023371 -1.43458748
-65.81907510 418.25576053 -1.41041780
-66.45525789 417.24119223 -1.38786439
-67.08094890 416.23560480 -1.37101823
-67.70369454 415.21430195 -1.35019243
-68.33769005 414.18665808 -1.32800968
-68.97563250 413.18132640 -1.28587774
-69.59805271 412.17666002 -1.25995520
-70.19520596 411.19272275 -1.24637207
-70.79910136 410.19181449 -1.22317985
-71.39088971 409.18925282 -1.19816471
-71.97566457 408.15065459 -1.17681677
-72.57979566 407.10201075 -1.15063675
-73.16608309 406.06286083 -1.12748391
-73.76456190 405.02833583 -1.11158432
-74.34580343 403.99271819 -1.09564059
-74.89822668 402.97630461 -1.08309239
-75.49042511 401.94207155 -1.07502421
-76.05604183 400.89103147 -1.06339170
-76.63274133 399.83429318 -1.05072654
-77.19908162 398.80140582 -1.03286973
-77.76678808 397.76679191 -1.03229101
-78.32607721 396.75714221 -1.00658136
-78.88591976 395.74038734 -0.97934819
-79.45448953 394.70568789 -0.96321176
-80.03721507 393.66286741 -0.93775375
-80.59370024 392.62766304 -0.92541353
-81.15505900 391.59901646 -0.91916439
-81.71197728 390.56502813 -0.89042711
-82.26291585 389.54377840 -0.88132900
-82.80204785 388.51832886 -0.86487822
-83.34076689 387.47172283 -0.85049723
-83.90017402 386.43402857 -0.81151954
-84.42938660 385.39695096 -0.79623234
-84.98457069 384.31786819 -0.77357686
-85.50071315 383.28448896 -0.75895226
-86.02718258 382.22515932 -0.74564420
-86.54127272 381.13410494 -0.74055172
-87.05290193 380.07717165 -0.72752705
-87.56356443 379.01336946 -0.71613204
-88.03989708 377.92930645 -0.71791609
-88.51944449 376.85844610 -0.71616763
-89.00200891 375.77399956 -0.71176341
-89.49006644 374.64919788 -0.71374858
-89.96368245 373.51474658 -0.70638783
-90.42846179 372.37856503 -0.70109092
-90.89308511 371.21497583 -0.70363572
-91.35781236 370.04648664 -0.70335249
-91.81614343 368.86786179 -0.69695319
-92.25577152 367.71639119 -0.69287475
-92.67920785 366.58015036 -0.68927576
-93.10934442 365.40854888 -0.69289070
-93.52752992 364.25372955 -0.69018666
-93.94261584 363.06755149 -0.69115112
-94.34431566 361.89292506 -0.68866485
-94.72655576 360.72604592 -0.67568176
-95.09577098 359.54833619 -0.66848969
-95.47211053 358.36510836 -0.67335853
-95.83913128 357.15654253 -0.66761384
-96.18925561 355.93933249 -0.67800653
-96.54887158 354.72524405 -0.67283433
-96.90144340 353.49507260 -0.67341577
-97.24640677 352.27938357 -0.67524421
-97.56186731 351.03839552 -0.67883991
-97.88006467 349.78053525 -0.69397093
-98.17706608 348.54052298 -0.70315848
-98.46996170 347.33820741 -0.70846857
-98.74092631 346.13446712 -0.72912532
-99.00890265 344.94175661 -0.73528189
-99.26809228 343.73946868 -0.72678559
-99.52179090 342.54955258 -0.72184061
-99.77116120 341.34407167 -0.72840981
-100.02077457 340.11376344 -0.72467779
-100.26532979 338.88092270 -0.72047674
-100.48521020 337.67778616 -0.72062274
-100.70891453 336.47534555 -0.72112136
-100.92577675 335.26655851 -0.72680440
-101.12055085 334.08182552 -0.72587260
-101.32602900 332.86126341 -0.72934209
-101.52091849 331.62590142 -0.73357106
-101.72090523 330.41852703 -0.74092405
-101.89503466 329.21176012 -0.74817042
-102.08252305 327.96555558 -0.76413017
-102.26454394 326.72943437 -0.77849363
-102.42190309 325.55787121 -0.78712085
-102.58535925 324.36601812 -0.79622563
-102.74074091 323.17026937 -0.79978076
-102.88810576 321.95949228 -0.79880853
-103.03034023 320.73109734 -0.79517797
-103.18933154 319.49081705 -0.79542598
-103.35664390 318.24518470 -0.79983732
-103.50625557 317.04950135 -0.81216317
-103.67106933 315.80783283 -0.82814509
-103.83644132 314.55676023 -0.84374745
-104.00521972 313.30743763 -0.85772105
-104.21955342 312.04512061 -0.86052800
-104.40625652 310.78293728 -0.87240815
-104.58404602 309.52269084 -0.86991861
-104.76147390 308.31480102 -0.86864151
-104.94092359 307.09514738 -0.86002357
-105.10095228 305.85164158 -0.85048189
-105.25024905 304.62490742 -0.85266880
-105.41612636 303.38170696 -0.84746651
-105.60871288 302.15006699 -0.84438496
-105.78901555 300.87594184 -0.84091320
-105.96675556 299.59538970 -0.83294837
-106.16734261 298.33095208 -0.82812498
-106.35650619 297.07991415 -0.80407138
-106.54104643 295.83304057 -0.77937459
-106.73361660 294.55641291 -0.76455571
-106.89438009 293.32915915 -0.76435769
-107.08424313 292.07959946 -0.76856119
-107.26136088 290.86967672 -0.74276113
-107.40683659 289.69225627 -0.73841432
-107.54425794 288.51012569 -0.72731047
-107.67189573 287.32284534 -0.72905434
-107.79942159 286.10690767 -0.71415734
-107.90328439 284.91357580 -0.70585098
-108.00901014 283.70893116 -0.70048629
-108.08981887 282.48633114 -0.69989018
-108.18826275 281.29166485 -0.70131466
-108.27711344 280.12627982 -0.69867366
-108.37242308 278.93553152 -0.69965362
-108.47947088 277.70115510 -0.70377968
-108.57520043 276.50057979 -0.70433990
-108.64404653 275.26959390 -0.70913733
-108.68783666 274.05717366 -0.69722659
-108.73390536 272.80856409 -0.72333120
-108.78607012 271.57732964 -0.71194162
-108.85582559 270.36247562 -0.71422016
-108.92252021 269.15513306 -0.70020666
-108.99021158 267.88710359 -0.71016885
-109.07855285 266.63547693 -0.69605971
-109.12407165 265.38825447 -0.69231073
-109.20323370 264.17093991 -0.69066693
-109.25519585 262.95214006 -0.67530973
-109.29362434 261.66314624 -0.66728549
-109.29362636 260.40807825 -0.64184571
-109.30602254 259.18590834 -0.63882810
-109.28714605 257.93382248 -0.62362496
-109.29513440 256.70248929 -0.61111020
-109.26636172 255.45312484 -0.60144770
-109.25529363 254.14446286 -0.59689331
-109.22486467 252.90865391 -0.58085324
-109.24376420 251.62936205 -0.56985774
-109.24701682 250.35708585 -0.55653861
-109.25961326 249.12152422 -0.53155646
-109.24077105 247.89055990 -0.49984383
-109.19167200 246.67928669 -0.48013267
-109.13247652 245.44958478 -0.45760073
-109.06576424 244.21320418 -0.44526623
-109.02453146 243.04554351 -0.43584441
-108.95893366 241.87965536 -0.41517079
-108.87287568 240.72940202 -0.39863003
-108.78404059 239.56552138 -0.39512305
-108.68869580 238.39148686 -0.38589561
-108.57684990 237.22564492 -0.36140960
-108.45055038 236.05965306 -0.35163495
-108.30730616 234.86548971 -0.32628005
-108.17999745 233.69010960 -0.30474896
-108.03622184 232.50221818 -0.28936431
-107.87786043 231.29826693 -0.26489164
-107.70227881 230.10006349 -0.24878632
-107.51108000 228.90001658 -0.23986489
-107.31073543 227.68971829 -0.21830256
-107.10973012 226.49699874 -0.19743507
-106.89834321 225.28605101 -0.18658349
-106.65406328 224.09329065 -0.19013427
-106.39259745 222.89197876 -0.18913227
-106.13223992 221.68571052 -0.18439117
-105.85437766 220.44721645 -0.18743441
-105.58517726 219.20567602 -0.18919902
-105.32992997 217.96523878 -0.17341927
-105.05962071 216.77391028 -0.14973303
-104.78691571 215.57631105 -0.13545468
-104.49922928 214.34599303 -0.14025260
-104.20539970 213.14008132 -0.13585015
-103.90644690 211.91041270 -0.13873506
-103.58529312 210.67204697 -0.15412311
-103.25334711 209.42204227 -0.15649724
-102.91496588 208.21887839 -0.16011406
-102.55950052 206.99919171 -0.16333413
-102.20543530 205.74292706 -0.17516151
-101.85041217 204.47216932 -0.18691361
-101.50559552 203.23183560 -0.19291579
-101.15756454 201.96559231 -0.19297888
-100.81307538 200.72294125 -0.19674631
-100.45491956 199.50577345 -0.19619632
-100.12915677 198.32126470 -0.18873882
-99.78382679 197.12169740 -0.18973661
-99.43947168 195.88571405 -0.19904679
-99.07380412 194.64292816 -0.20255602
-98.71225052 193.38830494 -0.20408195
-98.34297619 192.17085477 -0.18943986
-97.98169793 190.96168105 -0.18445853
-97.60527117 189.75438083 -0.18322390
-97.20571025 188.57782916 -0.18187964
-96.81326096 187.37179059 -0.19364691
-96.40990804 186.16120173 -0.19456119
-96.03653881 184.95994217 -0.19145094
-95.61194514 183.71276130 -0.19510960
-95.17683179 182.43605311 -0.18672725
-94.76239679 181.18004200 -0.18657427
-94.31362463 179.88855977 -0.19451419
-93.87976091 178.63334132 -0.20579872
-93.38866281 177.32466274 -0.21308292
-92.93868842 176.03862006 -0.21496500
-92.49518731 174.75718470 -0.21289579
-92.06759064 173.49184368 -0.20401625
-91.62386569 172.20690175 -0.20861829
-91.17741159 170.92187444 -0.21222399
-90.76566492 169.64187420 -0.22769486
-90.36266386 168.37923829 -0.24855661
-89.94787481 167.09339252 -0.25945018
-89.52973656 165.78852032 -0.25872074
-89.12897693 164.55521077 -0.25361837
-88.73764047 163.28135816 -0.24707568
-88.34695684 162.02959434 -0.25305631
-87.93913963 160.76874305 -0.25962402
-87.53339566 159.50780608 -0.26109504
-87.13707334 158.26080482 -0.26470833
-86.73183567 157.01861394 -0.26781115
-86.33677535 155.76208115 -0.27466858
-85.94622524 154.50633869 -0.27066525
-85.55568756 153.26836480 -0.25952347
-85.16074868 152.01790901 -0.25404808
-84.75978632 150.77032443 -0.24504768
-84.37664650 149.51824803 -0.23189604
-83.99096909 148.27782556 -0.22437784
-83.59831435 147.04512830 -0.21119997
-83.18802770 145.77416250 -0.19793739
-82.79410562 144.53131035 -0.19675120
-82.39121530 143.32132222 -0.18923493
-82.00591060 142.05648500 -0.17808981
-81.62084247 140.81781735 -0.17000403
-81.21228374 139.56093825 -0.16613195
-80.81058508 138.30161508 -0.17463257
-80.41420697 137.02747524 -0.16912179
-80.01206816 135.78720458 -0.16883520
-79.62281192 134.56150398 -0.16518372
-79.21600100 133.30548340 -0.16007934
-78.80746630 132.00955446 -0.16432920
-78.39468762 130.72709111 -0.16090518
-78.00954752 129.45514588 -0.15985395
-77.60151028 128.21229142 -0.15428676
-77.19960759 126.96985018 -0.13670778
-76.80206414 125.72940639 -0.12292476
-76.39497410 124.48803580 -0.11069684
-75.99169189 123.23400021 -0.09644007
-75.60051275 121.99235727 -0.09450694
-75.18110756 120.73646352 -0.08991966
-74.78467425 119.49046511 -0.08612251
-74.37011028 118.23241879 -0.09013891
-73.94096056 117.00514671 -0.09196081
-73.52489689 115.75746204 -0.09394479
-73.12474295 114.53120099 -0.09372370
-72.72041744 113.29111495 -0.08655313
-72.31789288 112.05708649 -0.07867925
-71.91881308 110.79168651 -0.07591850
-71.52104848 109.52019366 -0.08595904
-71.11114570 108.24453167 -0.08712069
-70.71692147 106.94792218 -0.09344288
-70.31041938 105.66005668 -0.08646220
-69.91594596 104.36967229 -0.07779476
-69.53542569 103.10032296 -0.07269254
-69.11992793 101.79532420 -0.05809632
-68.72336305 100.54289668 -0.06193350
-68.32353166 99.25048741 -0.05589300
-67.91854422 97.92729527 -0.06207780
-67.52199315 96.59737845 -0.07383979
-67.12873548 95.29679588 -0.07518193
-66.74319692 93.98639411 -0.07565106
-66.36303371 92.68396830 -0.06259791
-65.98448925 91.38645718 -0.06351435
-65.59799796 90.07819791 -0.08183746
-65.21840853 88.76200288 -0.09593038
-64.81740231 87.41929077 -0.09427094
-64.43012796 86.07192321 -0.10094608
-64.05020284 84.71136921 -0.09508244
-63.69275308 83.39449818 -0.09760507
-63.32323206 82.06776416 -0.10079877
-62.98395126 80.72622500 -0.10322413
-62.65244429 79.39370584 -0.10431855
-62.32341843 78.06432435 -0.09693239
-61.98344667 76.70947007 -0.09487233
-61.64260121 75.30228954 -0.09531626
-61.31496340 73.91327284 -0.10333454
-61.01298437 72.54215512 -0.11422249
-60.71647710 71.18042826 -0.12101470
-60.40047630 69.82194960 -0.12432134
-60.12493719 68.43898523 -0.13635254
-59.82229721 67.07749000 -0.13011124
-59.50075987 65.68654400 -0.12049268
-59.20994614 64.26926100 -0.12133803
-58.93703713 63.15891171 -0.12420894
-58.74400901 61.49240519 -0.12610635
-58.60473130 60.87970277 -0.11377674
-58.09404923 60.21814305 -0.15521325
-57.73834675 59.27600803 -0.14921329
-57.81192148 57.49634140 -0.01268237
-57.67347007 56.07803518 0.02481240
-57.23870477 55.13968823 -0.03518317
-56.98441631 53.38328934 -0.04811394
-56.49999751 51.70110601 -0.09595689
-56.68349023 50.13493540 -0.02769921
-56.59857398 48.86932028 0.01082511
-56.31408849 47.10250635 -0.03709728
-56.05893407 45.91941834 -0.08587887
-55.72772679 44.60463391 -0.02544550
-55.67567860 43.81003249 -0.09935352
-55.15727551 42.88115098 -0.14627620
-54.77027583 41.69037247 -0.16260393
-54.77269361 41.45165317 -0.13335020
-54.65105390 40.46580279 -0.18484342
-54.31937419 38.91192970 -0.24726414
-53.91517960 37.39644573 -0.20018047
-53.80239743 35.64212477 -0.29532971
-53.80715806 33.76051836 -0.24689225
-53.68033562 32.38751327 -0.24149415
-53.48397443 30.96579158 -0.28440096
-53.32325920 29.46282592 -0.24244542
-53.16241976 28.16340790 -0.26468532
-52.93729175 26.87688641 -0.30862537
-52.64019840 26.04642933 -0.36032967
-52.34181349 25.27997809 -0.38204884
-52.05338759 24.41056992 -0.37871048
-51.96760037 23.04254359 -0.40123732
-51.39561082 21.56248768 -0.44957128
-50.95366084 20.25375592 -0.47025186
-50.40155728 18.80416004 -0.43045913
-49.89750973 16.79369712 -0.49307705
-49.56387211 15.78950060 -0.51988617
-49.29559041 15.26809009 -0.50337397
-49.20290252 14.89625065 -0.45650076
-48.83040318 13.44245214 -0.50404432
-48.96833626 13.22223760 -0.47628791
-49.14581940 12.93849807 -0.21886665
-49.05383509 11.86073956 -0.24512690
-48.99897208 11.48867992 -0.29661455
-48.77967935 10.96326900 -0.27489887
-48.30457866 11.70506479 -0.17630392
-47.98599257 10.18624953 -0.21721080
-47.75264920 9.60971805 -0.23078695
-47.29121335 7.97315949 -0.25582308
-46.93537214 7.57019516 -0.23112218
-46.67535949 6.95261248 -0.26401723
-46.31151872 6.15923369 -0.26310562
-46.19739391 5.65770890 -0.27441866
-45.49300362 4.82990107 -0.32351482
-45.30702615 4.74249574 -0.32682677
-45.08302056 4.09919755 -0.38806932
-44.59234410 3.51318345 -0.45951917
-44.20252980 3.33172915 -0.33916367
-43.96017449 2.79582979 -0.33682449
-43.51477656 2.09261018 -0.36815028
-42.73218857 1.14396740 -0.41582466
-41.99980329 0.21037451 -0.45957293
-41.31812198 -0.14119115 -0.47263359
-40.65176595 -1.06869546 -0.50643819
-40.38968332 -1.42948870 -0.42470486
-39.68448262 -2.11350405 -0.45160872
-39.26026177 -2.16304008 -0.46524892
-38.69142391 -2.28625898 -0.48956421
-37.91026497 -2.60835839 -0.48767356
-37.10359081 -3.11855845 -0.48743619
-36.23118760 -3.48151610 -0.46135794
-35.52708073 -3.69499806 -0.45732000
-34.79246815 -3.84866720 -0.44805872
-34.02343927 -3.96287648 -0.44746572
-33.29117613 -4.06137281 -0.42249551
-32.55445481 -4.15893328 -0.41033459
-31.81748179 -4.18840159 -0.38636908
-31.07023691 -4.18263747 -0.35534687
-30.31709256 -4.15401195 -0.31640896
-29.57852711 -4.11490033 -0.27396626
-28.82302932 -4.05170588 -0.24360563
-28.07238674 -3.97904808 -0.21526375
-27.30683460 -3.88252869 -0.19218072
-26.52298067 -3.80494522 -0.16890069
-25.74397146 -3.73250312 -0.13605806
-25.00370997 -3.64113177 -0.11153704
-24.26787220 -3.54856791 -0.08767738
-23.54292191 -3.46703808 -0.06644466
-22.84372545 -3.38597298 -0.04838611
-22.13658433 -3.28520264 -0.03191794
-21.43120481 -3.19148263 -0.01061276
-20.71528085 -3.10728690 0.00314622
-20.04796225 -3.02095637 0.02223459
-19.39952800 -2.93518458 0.04524598
-18.76703052 -2.87793559 0.06299310
-18.13686750 -2.80313117 0.08775979
-17.51675424 -2.74935089 0.10494039
-16.90565565 -2.69653328 0.12845062
-16.29943962 -2.65019305 0.14706920
-15.74100566 -2.58598524 0.16791563
-15.19972560 -2.51319229 0.18065921
-14.68530746 -2.47461138 0.19963644
-14.18245749 -2.43692577 0.20946727
-13.70567953 -2.39209551 0.22403863
-13.27663786 -2.37524078 0.23518377
-12.86539933 -2.33891029 0.24559553
-12.47423513 -2.31495687 0.25413802
-12.11412748 -2.28223650 0.26000731
-11.76023148 -2.26078690 0.25922776
-11.38951915 -2.22085417 0.26289911
-11.05710272 -2.22773647 0.26563815
-10.73972939 -2.22725091 0.27182594
-10.42687618 -2.20930931 0.27713237
-10.11302211 -2.18364686 0.27899595
-9.81450125 -2.16760638 0.27995882
-9.51806268 -2.14241794 0.28351216
-9.24371861 -2.13685557 0.28940155
-8.96967925 -2.11745395 0.29564287
-8.69560004 -2.08485446 0.29783143
-8.42092919 -2.06071375 0.29536734
-8.14027663 -2.02826720 0.29251351
-7.83370913 -1.97154405 0.29232859
-7.52172063 -1.91756434 0.30195260
-7.20660915 -1.84275672 0.31906964
-6.88465137 -1.75444758 0.33305985
-6.54702795 -1.65393209 0.33625032
-6.18943350 -1.55563002 0.34987565
-5.87404435 -1.44048391 0.37224302
-5.50967859 -1.27287449 0.38130873
-5.13591843 -1.10489830 0.38510841
-4.77240756 -0.95435275 0.39165491
-4.38423637 -0.77136460 0.38553827
-4.13425258 -0.51390946 0.38065006
-3.80355815 -0.13892037 0.39141277
-3.65185852 0.02047937 0.41206181
-3.35610126 0.15954373 0.42475216
-2.89414562 0.41891523 0.43901379
-2.55468563 1.04358497 0.45497348
-2.15410621 1.74002198 0.45665497
-1.57207153 2.41772277 0.54894629
-0.90500898 2.79096951 0.63590904
-0.32882842 3.32570053 0.64769216
-0.17080311 3.71741626 0.63175806
0.37615171 3.91692015 0.63190623
0.62315347 4.64925030 0.64138324
0.43170464 5.09334893 0.80681316
0.74983569 5.52599590 0.80807412
1.09566460 6.01377263 0.82831696
1.18950187 6.65319255 0.83906955
1.34620523 7.22665178 0.86362200
1.83077760 8.09645464 0.90595361
2.18432081 9.03588772 0.94037790
2.44841717 9.55856003 0.94936813
2.66332802 10.05630306 0.98554689
2.91641976 11.03243983 0.99956281
3.18388801 11.80895001 1.03867401
3.44608836 12.66078343 1.08271001
3.76075806 13.46029638 1.11477696
4.04589861 14.31744210 1.14373500
4.35794398 15.10271745 1.16916343
4.67122481 15.92855469 1.18167060
5.03898508 16.70390031 1.21665057
5.35394591 17.61416082 1.23929741
5.66698724 18.42444657 1.24703884
6.05655036 19.31507094 1.25412344
6.47963217 20.10579009 1.25082535
6.88244371 20.99767153 1.26456569
7.33252953 21.92799127 1.28841328
7.83603647 22.90499722 1.31159123
8.34843758 23.77003873 1.32737968
8.83007400 24.69399673 1.33894339
9.34179590 25.71763000 1.31896890
9.91986506 26.67798869 1.31793855
10.52874753 27.67874079 1.30352035
11.20175939 28.65068979 1.29671382
11.83995651 29.65848400 1.27292410
12.49020778 30.58969103 1.23428051
13.12549567 31.54432973 1.18526973
13.76170144 32.51833369 1.14273419
14.39524285 33.48478238 1.10878542
15.01157669 34.46952722 1.06881374
15.64277336 35.45509545 1.03149797
16.27904190 36.43677254 0.99294483
16.92365344 37.46110830 0.95026943
17.56859187 38.46149910 0.89793878
18.20621490 39.45231050 0.85699204
18.82594123 40.43527730 0.81901692
19.43726639 41.39171390 0.79063338
20.02885336 42.34417906 0.77577352
20.61485038 43.30118443 0.75768279
21.18854799 44.24900626 0.72858846
21.79414968 45.21279157 0.71078495
22.38731515 46.19135170 0.69534629
22.98877949 47.16637414 0.69049855
23.58277729 48.13031722 0.68411431
24.18613327 49.11065401 0.67705897
24.76760874 50.09801049 0.66733168
25.36896700 51.12634877 0.66034014
25.96561290 52.14802608 0.65632597
26.56210757 53.16167061 0.63919717
27.14250234 54.20399415 0.61466032
27.74093203 55.24919989 0.58980338
28.32867546 56.28592039 0.57215494
28.90056798 57.30367644 0.57172164
29.46242258 58.32586527 0.57302766
30.02885409 59.34708634 0.57670193
30.60633190 60.37518811 0.58043685
31.17874245 61.41357675 0.57420381
31.74645261 62.44118796 0.56859788
32.31749366 63.47295688 0.56211332
32.88727302 64.50558100 0.55024362
33.45544819 65.53085653 0.53244901
34.01150644 66.55396489 0.52695202
34.57507103 67.57732924 0.53369091
35.13543920 68.60412593 0.55334538
35.67552672 69.62049765 0.55956050
36.22251272 70.63179744 0.57491276
36.77768156 71.63843355 0.59645141
37.31716025 72.65784093 0.60253786
37.84486845 73.66812505 0.60488279
38.36605293 74.67146233 0.60334119
38.87795786 75.65541866 0.58631931
39.41545781 76.64700086 0.56598959
39.93567762 77.63317566 0.54057547
40.44554995 78.61671926 0.54560006
40.97355369 79.60055399 0.55243975
41.50439788 80.59582582 0.55918653
42.03765423 81.58018080 0.56524128
42.58415787 82.56916672 0.56135386
43.12248280 83.53594169 0.55453712
43.66449534 84.51935599 0.54160098
44.20069084 85.48912116 0.54100265
44.74500453 86.46113393 0.53243631
45.28222080 87.43392677 0.53294277
45.83970878 88.40735573 0.53523523
