-0.00001005 0.00001054 0.00000109
0.38051564 0.32944714 0.03837011
0.79482541 0.68009321 0.05813079
1.21302375 1.07412047 0.07953267
1.64446060 1.49489507 0.09382226
2.06717533 1.94597376 0.11077429
2.51361456 2.44205971 0.11672726
2.96278519 2.95858578 0.11992503
3.41595464 3.51056948 0.12181291
3.90653466 4.11733748 0.11876400
4.37643606 4.72855735 0.10876227
4.82523105 5.34969387 0.09885680
5.27190518 6.01234244 0.08702167
5.74019115 6.70101191 0.08113458
6.19409148 7.40667731 0.06346682
6.64804500 8.13152189 0.06164932
7.09045947 8.86252030 0.05061903
7.55081506 9.66156541 0.03351969
7.99428959 10.43546923 0.03114079
8.44235304 11.25223560 0.02658724
8.90018362 12.10779961 0.02081763
9.33849769 12.93352009 0.01678639
9.77335653 13.79233116 0.01372590
10.20271825 14.64741565 0.01438823
10.63231342 15.51885790 0.01455418
11.05184859 16.38510039 0.02134472
11.46958401 17.28216705 0.02885912
11.88716935 18.16672761 0.03943310
12.31339620 19.10281604 0.04152140
12.73914065 20.03285875 0.04132325
13.15979561 20.95061251 0.03947339
13.57071849 21.89124987 0.03010419
13.99340834 22.79938209 0.02549676
14.42044083 23.71536651 0.01968426
14.84775684 24.64450081 0.03083691
15.27297191 25.59076471 0.03529056
15.70356676 26.51279340 0.04116738
16.13347927 27.46605234 0.04379165
16.56253507 28.40620428 0.04420229
16.98649634 29.35750630 0.05218910
17.41073170 30.29976967 0.07429226
17.83986576 31.27581938 0.08144509
18.26884906 32.23985120 0.08766260
18.70090515 33.22014637 0.11214369
19.12512971 34.19047364 0.13538822
19.55557144 35.16290967 0.13190368
19.98957332 36.12047159 0.12992716
20.41642633 37.06380978 0.12914955
20.83114459 38.02397507 0.11811768
21.24531688 38.96612342 0.12019398
21.65626018 39.88557640 0.13279529
22.06732717 40.84034169 0.14911419
22.47944818 41.76936316 0.15934968
22.88893452 42.67964297 0.16310102
23.30060614 43.60095827 0.17048413
23.70958127 44.50956832 0.18014027
24.12532472 45.41380767 0.19731198
24.54113054 46.30218855 0.20966823
24.95350173 47.20101510 0.21961575
25.36917231 48.10773256 0.23454282
25.77504138 49.00704454 0.24585476
26.20055847 49.90060426 0.25853976
26.61842886 50.78151708 0.27225331
27.02552056 51.71411049 0.27432963
27.43094120 52.60830057 0.27411589
27.83215416 53.50619267 0.26003034
28.22234525 54.37211621 0.25295779
28.60810586 55.22850477 0.24505730
28.99503414 56.06210884 0.26203854
29.37049850 56.87496677 0.26694520
29.74705795 57.69775324 0.27375145
30.13220791 58.48776200 0.27515505
30.48172431 59.26855487 0.27541374
30.83260619 60.02439527 0.28097578
31.18539275 60.77761588 0.28856200
31.53968952 61.51922227 0.29670702
31.87201432 62.25406263 0.30628797
32.20473194 62.98927771 0.31446312
32.52245472 63.68541747 0.30817128
32.83484843 64.36629991 0.29950947
33.14242492 65.01795321 0.29680761
33.44035351 65.67418972 0.29663573
33.73128717 66.30202233 0.30594566
34.01492463 66.90628551 0.32954022
34.28996009 67.49512456 0.33565864
34.56195596 68.05908540 0.34568041
34.81735134 68.61402813 0.34844439
35.06432849 69.14528337 0.35547920
35.30253663 69.66578363 0.36401781
35.54151523 70.17021064 0.37100680
35.78453038 70.65636783 0.38762827
36.02235760 71.13087426 0.40379179
36.25215639 71.59480824 0.40640311
36.47552169 72.04312550 0.41365799
36.70784751 72.47556729 0.40190478
36.94810809 72.90048548 0.39453463
37.19073701 73.30663494 0.39826956
37.43660342 73.70312840 0.40296567
37.69122440 74.08805932 0.40250732
37.95525477 74.46001015 0.40389025
38.23778592 74.80879218 0.40347545
38.53032278 75.15514325 0.40039559
38.84458844 75.49255057 0.39661322
39.14342337 75.80082487 0.39420550
39.45979583 76.09818217 0.40064502
39.78368913 76.36322013 0.39501415
40.11180026 76.61106224 0.37763946
40.45934074 76.83242663 0.36713250
40.82135820 77.02085371 0.36330558
41.18600292 77.19851775 0.35612161
41.55024956 77.33722789 0.35229570
41.91956602 77.44418817 0.35088929
42.29821675 77.52589039 0.34529303
42.68450836 77.58089016 0.33627077
43.06308434 77.62369478 0.32538686
43.43499484 77.64959494 0.31977220
43.80198754 77.64310405 0.31181303
44.17915034 77.61587537 0.30017922
44.56122747 77.55441847 0.29752000
44.92602215 77.47582972 0.29487231
45.30162987 77.40828422 0.28972238
45.67479426 77.33257540 0.28169129
46.05361511 77.23620401 0.27196149
46.42883112 77.11225957 0.26185312
46.83093176 76.97927781 0.25374067
47.20246841 76.82214793 0.23254895
47.65338529 76.66967234 0.20790142
48.03910664 76.50494293 0.20294983
48.47762085 76.32330071 0.20725520
48.93098377 76.12693676 0.21456977
49.41478690 75.91214079 0.20925452
49.91629210 75.67795015 0.20065257
50.36664545 75.43780562 0.19889962
50.84787765 75.18947967 0.18408443
51.34330480 74.92586913 0.17885143
51.85340214 74.66675851 0.16523118
52.36828239 74.39166510 0.15526251
52.93696078 74.08692063 0.14812968
53.46418352 73.78556558 0.14728811
54.01189404 73.47911168 0.14219336
54.56572610 73.15835036 0.15418367
55.12056410 72.82844997 0.14888384
55.73094256 72.48619930 0.15083102
56.34017970 72.12721080 0.14563589
56.98226754 71.77287096 0.15030975
57.62975950 71.40798188 0.14972936
58.30830213 71.03292378 0.14675878
58.98490206 70.66183623 0.14208526
59.69690468 70.28221518 0.14612104
60.44418014 69.91063480 0.14780305
61.16360806 69.53503980 0.13735585
61.86346125 69.15737241 0.13432677
62.57818238 68.78250901 0.12752725
63.29691567 68.40013918 0.11767917
64.03809654 68.02831212 0.11768902
64.76678163 67.65579176 0.13498901
65.49739657 67.28004406 0.15124355
66.24452557 66.90508219 0.16413209
66.96026489 66.53807958 0.17609578
67.68461438 66.16463882 0.19123997
68.40793317 65.79352953 0.19800665
69.11581163 65.42395098 0.20845943
69.83213013 65.05449179 0.21236239
70.52840962 64.68318485 0.21982061
71.23842320 64.30360884 0.22875039
71.95080754 63.92484819 0.23461889
72.63684443 63.53165641 0.24165420
73.32692473 63.13361263 0.23920864
73.99426425 62.74868062 0.23512616
74.67018118 62.35241963 0.23936780
75.34106265 61.94641107 0.24020908
76.00118727 61.54192215 0.24016704
76.65623695 61.13548179 0.23720947
77.29965558 60.70775997 0.24217528
77.94202947 60.28196099 0.23428062
78.56100803 59.85878642 0.23615740
79.19022629 59.42319507 0.24166390
79.81513367 58.98216431 0.24112770
80.42320278 58.54617232 0.25220091
81.02519917 58.10510386 0.26154132
81.61836750 57.67439930 0.26800439
82.18228005 57.25108910 0.28140014
82.75684987 56.81294702 0.27939555
83.31694844 56.39013714 0.28690571
83.86076295 55.97828411 0.28529360
84.40608024 55.56507496 0.28615353
84.92916605 55.16810206 0.28947505
85.44479840 54.77876527 0.29320500
85.96003808 54.40005926 0.29779287
86.41678320 54.05949345 0.29950467
86.87302673 53.72771751 0.29896184
87.31854983 53.41552632 0.29845847
87.75539383 53.11823911 0.31098917
88.19605258 52.82314689 0.31950790
88.65046344 52.53860696 0.32088144
89.09150140 52.27773610 0.32329762
89.52745761 52.02798580 0.32885411
89.97749596 51.79844362 0.34313029
90.43339604 51.58546593 0.35464328
90.88623907 51.39447631 0.35970775
91.34514451 51.21682171 0.36587136
91.80334266 51.07154822 0.36614862
92.25643059 50.95884920 0.37741219
92.70726340 50.87036140 0.38151312
93.15860086 50.81901299 0.37024180
93.60376253 50.81216100 0.36655204
94.03330821 50.83946111 0.36788484
94.50101996 50.88065878 0.39686663
94.89113743 50.94762293 0.40449986
95.29177106 51.05217330 0.42403024
95.68443707 51.18388036 0.44402097
96.08073286 51.34763773 0.45164627
96.47233238 51.53443840 0.46461590
96.86555806 51.75868203 0.47199380
97.25601928 52.03004882 0.47616105
97.62225506 52.30752066 0.47965951
97.98470544 52.61946415 0.47085579
98.33790033 52.92325896 0.45615676
98.69863646 53.25777835 0.45211531
99.04957557 53.59411628 0.44936984
99.39635974 53.95147793 0.44541959
99.75127520 54.33440474 0.43401712
100.11628830 54.73907494 0.42731938
100.46759664 55.12239834 0.41263492
100.84017050 55.54664689 0.41455694
101.22039602 55.97347664 0.40609305
101.61790631 56.40024799 0.39640633
102.01937832 56.82989233 0.38778969
102.42514661 57.27102091 0.38788541
102.83812550 57.71760581 0.38757886
103.27204780 58.16759775 0.40174184
103.72446743 58.63802726 0.40681503
104.19025401 59.10344690 0.41372684
104.65918316 59.57952887 0.41333236
105.14875826 60.05721033 0.41504828
105.61622438 60.52225733 0.41309559
106.11390981 61.00719068 0.40315811
106.62951478 61.51477770 0.39109850
107.13180448 62.00517851 0.38868497
107.65481847 62.52037359 0.40402295
108.18222939 63.04519270 0.41870671
108.69404526 63.56193178 0.42104484
109.22034383 64.10621111 0.41447089
109.75103099 64.64902053 0.39947137
110.29312584 65.20251235 0.39138569
110.84652314 65.77819908 0.39198109
111.40467009 66.35499717 0.40034007
111.96532239 66.94311791 0.41058640
112.52926572 67.54098797 0.40293951
113.11515968 68.17653588 0.39720644
113.68691864 68.80009912 0.39781583
114.25770858 69.40765938 0.39836017
114.83118186 70.03072246 0.39632328
115.40649661 70.64499939 0.39517092
115.99545063 71.30997632 0.39246526
116.58684255 71.96934573 0.39845719
117.17754034 72.58529983 0.39918701
117.77678451 73.21629434 0.38834277
118.37879299 73.83467223 0.38879538
118.98459428 74.45131625 0.39068087
119.58680471 75.06685691 0.38931308
120.17582200 75.66823337 0.39480602
120.77629679 76.27831978 0.40155524
121.37744693 76.88545331 0.40641833
121.99024840 77.49689998 0.39370052
122.60281334 78.09926226 0.37685550
123.21797159 78.69252529 0.36790923
123.82202821 79.30574918 0.38068753
124.42356182 79.90232150 0.41237630
125.02745163 80.51937647 0.44390225
125.60851382 81.11223898 0.43842227
126.18934114 81.70763001 0.40724452
126.76846585 82.28445604 0.38255732
127.35251248 82.86570445 0.38658936
127.93177059 83.46416581 0.39820896
128.50571866 84.04562549 0.40292000
129.07365461 84.61885057 0.40767379
129.62736623 85.20379087 0.41539324
130.18221589 85.78989442 0.41153861
130.73866008 86.38325994 0.41637307
131.29950692 86.98115928 0.42399032
131.85614868 87.56994939 0.42395461
132.41090108 88.15838444 0.42412954
132.96890262 88.74153176 0.41724589
133.50854849 89.33226503 0.42022089
134.04798901 89.92805034 0.41803031
134.59297878 90.53204446 0.42793824
135.12810458 91.14146329 0.43908104
135.66114283 91.75857102 0.43502225
136.18653374 92.37699062 0.41644963
136.72252329 92.98490019 0.39374605
137.25303190 93.59399667 0.37452744
137.78206570 94.21650536 0.35663116
138.29033084 94.84452404 0.36044791
138.79712543 95.48315430 0.35699982
139.29238365 96.10738844 0.35150443
139.79846367 96.75480133 0.34897431
140.30522358 97.40014072 0.35145040
140.79805953 98.04490355 0.36650137
141.28600657 98.72163202 0.36827195
141.77754221 99.37982128 0.36033438
142.25454807 100.03927253 0.35979618
142.72649165 100.72132642 0.35614195
143.20184321 101.41394580 0.34424508
143.66809428 102.09540040 0.33331098
144.14212014 102.78003461 0.31637716
144.60894928 103.45882015 0.31218783
145.07075490 104.15871227 0.31279160
145.53150518 104.87195206 0.32314626
145.99403288 105.55492846 0.31300935
146.44865737 106.23528059 0.29976241
146.91563364 106.94281581 0.26927538
147.36511381 107.63892904 0.25594438
147.81171011 108.35632305 0.25698798
148.26391722 109.06630985 0.25622619
148.70524838 109.76949386 0.24274200
149.13676395 110.47441118 0.23750394
149.56894979 111.18667333 0.22042446
149.99173571 111.89884534 0.19918506
150.41501944 112.61925314 0.18725512
150.83339332 113.36177440 0.18588146
151.23907554 114.11914675 0.18905979
151.63471700 114.82087541 0.19584501
152.02790672 115.56292850 0.18765425
152.41426896 116.30763336 0.16739277
152.79518869 117.04980345 0.13929717
153.17750982 117.79999356 0.12799586
153.57469416 118.52894032 0.12966273
153.95921342 119.30947903 0.13324873
154.34761952 120.05310638 0.13484086
154.73751096 120.80496932 0.12556836
155.12864530 121.55411274 0.10629269
155.52256164 122.29256940 0.08686062
155.92130588 123.03323517 0.07747053
156.30081477 123.77656672 0.08309844
156.67744426 124.52104446 0.09597856
157.06416221 125.25198929 0.10189024
157.44942957 125.97787533 0.08980588
157.82105587 126.69308952 0.07168011
158.18577383 127.40678044 0.05786620
158.54901463 128.13878011 0.05586619
158.90402595 128.84671629 0.05914182
159.27717251 129.58453786 0.05264814
159.61510596 130.27219273 0.05051008
160.00459011 131.01482417 0.02599259
160.36186730 131.73363927 0.00883898
160.70628735 132.46843977 -0.00142239
161.04949668 133.17413436 -0.00820353
161.39509068 133.87529726 -0.00432849
161.73245859 134.54748925 -0.01319308
162.05981619 135.20733520 -0.03125957
162.38803585 135.83744825 -0.04833105
162.70907680 136.48477786 -0.05203416
163.01365433 137.12587118 -0.05299821
163.32136538 137.75129630 -0.05429128
163.61754081 138.35103810 -0.06097292
163.90741209 138.94789337 -0.05512477
164.19819706 139.54275679 -0.04405475
164.49177556 140.12732221 -0.03124292
164.79479499 140.71979135 -0.03139042
165.09115712 141.31731859 -0.03143278
165.38920404 141.88536389 -0.03166939
165.68807075 142.45105171 -0.03679557
165.99192610 142.98506208 -0.02344956
166.29589215 143.54260255 -0.00645169
166.60265308 144.09545919 0.01537028
166.92053853 144.64992095 0.03441139
167.23820565 145.17889824 0.03704487
167.55370166 145.74712184 0.04127900
167.87703998 146.29391048 0.04643748
168.19849509 146.85107994 0.05275167
168.52393808 147.41136112 0.06011830
168.83777108 147.94912595 0.05934941
169.14656767 148.49962431 0.05254841
169.45692551 149.04080818 0.04976712
169.77420870 149.59563492 0.04373127
170.08933321 150.12360798 0.05377282
170.40781677 150.70652706 0.06492602
170.72887700 151.25378211 0.09149694
171.04897215 151.83303276 0.11126823
171.37506654 152.41692794 0.11224811
171.69073509 153.00279157 0.10442280
172.00831503 153.59246068 0.08254270
172.34293219 154.15506107 0.06898394
172.67207624 154.74270408 0.06864152
172.99510114 155.33107312 0.07646072
173.30943378 155.91310624 0.08267282
173.62119907 156.51659484 0.07964795
173.94514718 157.10559747 0.06447541
174.27873896 157.69012858 0.05830157
174.60951550 158.30095144 0.05360071
174.93586822 158.89219886 0.04959622
175.26345171 159.48916291 0.04624579
175.57341999 160.05958116 0.04152649
175.88340062 160.62352114 0.02262764
176.18807535 161.20669815 0.01417857
176.48776255 161.78932581 0.00651148
176.79005690 162.38551610 0.00438872
177.08651517 162.98650022 0.01506963
177.38158476 163.52978062 0.02634464
177.66647124 164.05415808 0.03222218
177.93814934 164.57652363 0.03823967
178.20006182 165.11101504 0.03405126
178.46954948 165.58818106 0.03946753
178.72554567 166.08656926 0.03882389
178.96019682 166.56802976 0.04045297
179.18625302 167.02568497 0.03021825
179.39814351 167.50775716 0.03113647
179.59651756 167.94924521 0.02482610
179.78341340 168.41743915 0.02847337
179.96798987 168.84609639 0.03031483
180.13970523 169.29650771 0.03071672
180.29324048 169.74852671 0.03045880
180.41415716 170.19696014 0.01944020
180.53444535 170.64412412 0.01150798
180.63594910 171.08210446 0.01213257
180.71379869 171.51229988 0.01023995
180.76063377 171.92639627 0.01353350
180.79367764 172.35436400 0.01325163
180.80913753 172.77438589 0.01483906
180.79236829 173.19268947 0.01907213
180.76404745 173.61901239 0.01235929
180.71262785 174.03516403 0.01104907
180.61525592 174.44771041 0.02317149
180.49470755 174.82461534 0.02084982
180.34715515 175.17669071 0.00339406
180.19880804 175.48951389 0.00317167
180.03522978 175.81807452 0.00524283
179.86222138 176.11216441 -0.00447536
179.67486500 176.38922079 -0.02769381
179.44614945 176.70353460 -0.03875654
179.18460552 177.00049932 -0.05494413
178.88685712 177.30129956 -0.06852043
178.56735218 177.61926705 -0.07191380
178.22997970 177.87179421 -0.07448799
177.85121755 178.19790003 -0.07595017
177.43982394 178.50968978 -0.08386156
177.01598918 178.78848870 -0.10057290
176.58139881 179.04703949 -0.11243198
176.12880861 179.29355579 -0.12846603
175.64863369 179.54217575 -0.14444023
175.17121663 179.79851008 -0.17099035
174.67678198 180.03433986 -0.17896840
174.16337449 180.27553133 -0.18371473
173.65489952 180.50418703 -0.18792330
173.11928900 180.75306483 -0.19444853
172.55731479 180.99574772 -0.20386008
171.98600683 181.25378098 -0.21429754
171.39698185 181.51583590 -0.21880280
170.77211511 181.83258061 -0.21771271
170.12914178 182.14566662 -0.22075252
169.48517026 182.43858596 -0.22224693
168.83009550 182.73900385 -0.21490428
168.14381531 183.07302982 -0.22284918
167.42015727 183.45950318 -0.23414017
166.68103312 183.86185519 -0.24903123
165.94693277 184.25549607 -0.25129794
165.15899163 184.74024704 -0.26555744
164.39167124 185.18756366 -0.26847615
163.59209135 185.69864665 -0.28380352
162.82259616 186.12866799 -0.28860942
162.05153730 186.55550012 -0.28069944
161.25410151 187.00681491 -0.27872282
160.46797633 187.43248514 -0.28888182
159.70161240 187.82507251 -0.30308533
158.88848230 188.27127059 -0.29927642
158.06642301 188.71958398 -0.29806351
157.26697060 189.14688433 -0.29425912
156.44172984 189.61352968 -0.29783568
155.65116633 190.01096632 -0.30716249
154.85487779 190.40518478 -0.32025143
154.04839584 190.82921938 -0.33221820
153.24783688 191.23947912 -0.33587330
152.45982096 191.62519344 -0.33612524
151.66350837 192.03073176 -0.34569654
150.88135561 192.40635634 -0.35419034
150.06976008 192.81389854 -0.35413754
149.30250704 193.18686357 -0.35015424
148.55160678 193.56830989 -0.34530508
147.80405146 193.93741701 -0.34705287
147.04644874 194.33010807 -0.33443693
146.28749473 194.73518221 -0.32801746
145.53411528 195.13447506 -0.32587844
144.79495066 195.51510817 -0.32494522
144.06681590 195.87777463 -0.33079738
143.33823619 196.25279983 -0.32949123
142.61576380 196.62911701 -0.32235365
141.88537267 196.99484628 -0.31857461
141.16156636 197.35847444 -0.31841259
140.44609180 197.71848256 -0.31974803
139.72256078 198.08068269 -0.32234471
139.00179528 198.42931159 -0.33212183
138.29591718 198.77579243 -0.32850226
137.58660658 199.12550293 -0.32649469
136.86065295 199.48123777 -0.32446751
136.16085555 199.80880102 -0.32965261
135.43626063 200.16528026 -0.32831476
134.70588572 200.49466789 -0.32074534
134.00843691 200.79837779 -0.33500546
133.30885820 201.10982319 -0.34411598
132.60643437 201.42659896 -0.35673251
131.89716056 201.75406861 -0.36463984
131.21048701 202.06546453 -0.37133486
130.55010079 202.36914014 -0.37711203
129.89146417 202.67625938 -0.38606916
129.24776507 202.97844481 -0.38809272
128.62676540 203.27428724 -0.38946363
128.01635456 203.56978015 -0.39255421
127.41322285 203.86210906 -0.39702955
126.82847959 204.14550525 -0.40126841
126.25085866 204.41992738 -0.40775395
125.69176619 204.69252609 -0.41536329
125.13645009 204.96524993 -0.42056219
124.59645914 205.22473301 -0.42167022
124.07641056 205.48308302 -0.41134130
123.56140696 205.74387179 -0.41335741
123.07369211 205.98590956 -0.42132574
122.61417321 206.23083574 -0.42646262
122.15221241 206.47002902 -0.43051495
121.71617059 206.69731462 -0.42486766
121.28887298 206.92388734 -0.42167785
120.87689992 207.14320172 -0.41989753
120.49047848 207.35384098 -0.41514483
120.12049111 207.56156403 -0.41541424
119.75669232 207.75772586 -0.41058089
119.42929095 207.94871178 -0.41456317
119.12654839 208.13729632 -0.40856041
118.83803842 208.33695073 -0.40857423
118.56773931 208.51218779 -0.40371660
118.31187153 208.67652788 -0.40297988
118.07102383 208.84014461 -0.40830827
117.86061522 208.97394145 -0.40885719
117.67376837 209.10953179 -0.41238707
117.50569104 209.22082878 -0.41483394
117.34498149 209.31691456 -0.41484676
117.20708253 209.38365236 -0.41509781
117.09075534 209.44471138 -0.42184076
117.01344758 209.46764422 -0.41946635
116.95309064 209.50307857 -0.41945971
116.90638439 209.52688990 -0.41999529
116.86362680 209.54359831 -0.41862302
116.82426762 209.56220538 -0.42085005
116.80265545 209.56757702 -0.42358374
116.78198942 209.57067459 -0.42530782
116.77626654 209.56573948 -0.42571374
116.77231958 209.56286340 -0.42841134
116.76625884 209.55221914 -0.43224012
116.76047030 209.55198445 -0.43320658
116.75562419 209.55371653 -0.43290122
116.73961566 209.55768727 -0.43574122
116.73243706 209.56320842 -0.44017808
116.71241791 209.56955380 -0.43775365
116.69100934 209.57763395 -0.44200419
116.66615391 209.58492134 -0.44120419
116.64127276 209.58866225 -0.44024711
116.61368091 209.59430657 -0.43978165
116.58192126 209.59883771 -0.44144548
116.54401854 209.61378158 -0.44641599
116.51360990 209.63213224 -0.45339474
116.47190018 209.65209701 -0.46786777
116.41158683 209.69008877 -0.46386611
116.33276298 209.72116562 -0.46439045
116.23927941 209.77302624 -0.46280383
116.12136492 209.84236030 -0.45053578
115.98223402 209.92944044 -0.44512264
115.83360683 210.02089105 -0.43569669
115.66376658 210.11655156 -0.43572451
115.48676147 210.22101677 -0.43243165
115.28804491 210.34113320 -0.43714740
115.08080561 210.48579859 -0.43500177
114.87253184 210.63107078 -0.42904081
114.64203956 210.80093871 -0.42841065
114.41453360 210.97329698 -0.43197521
114.18918431 211.16287246 -0.43009413
113.95841441 211.37934343 -0.42880116
113.72386795 211.59135350 -0.42361843
113.48613292 211.81919556 -0.41810796
113.25402134 212.05605566 -0.40894342
113.03406642 212.31818687 -0.40168042
112.80971647 212.58057768 -0.40098690
112.58566469 212.86231017 -0.39430460
112.39693473 213.16477247 -0.39881980
112.22406589 213.48689054 -0.40254088
112.05967133 213.82505504 -0.40709739
111.89924779 214.18477194 -0.41936770
111.75346880 214.55353197 -0.44261588
111.62240134 214.96086904 -0.46689245
111.51471956 215.37210638 -0.48153869
111.43730131 215.82676041 -0.49406636
111.39019946 216.32040055 -0.49118511
111.37618375 216.83184293 -0.49131637
111.38956766 217.35987125 -0.50121626
111.44089635 217.86659397 -0.50892736
111.52833156 218.39192036 -0.52452447
111.63615238 218.93245544 -0.53121977
111.78415203 219.48630110 -0.53873571
111.95967910 220.03630789 -0.54555513
112.16111916 220.64347916 -0.55584960
112.38375685 221.24771441 -0.56214596
112.64347489 221.84206210 -0.56015374
112.92039003 222.42453959 -0.56082325
113.21258145 223.01978531 -0.55733067
113.52512693 223.62347705 -0.56806879
113.85567465 224.22455092 -0.56916000
114.19265033 224.84556186 -0.57544360
114.53393366 225.50794386 -0.58555724
114.88463678 226.17685402 -0.59885050
115.26898817 226.83184808 -0.60395948
115.65748262 227.50930952 -0.60709739
116.05163631 228.18864371 -0.61113520
116.44796783 228.88349766 -0.62384643
116.85108781 229.59221965 -0.61990227
117.25714835 230.28313109 -0.63351124
117.67004897 231.01274374 -0.64658258
118.09026142 231.76235845 -0.65602221
118.51028397 232.58193222 -0.67613933
118.94228471 233.34493114 -0.67617899
119.37932599 234.10311654 -0.66478174
119.82656711 234.87037706 -0.67119956
120.28910225 235.66676869 -0.68052107
120.74658294 236.45527833 -0.71455673
121.20630096 237.26190417 -0.74909912
121.66477706 238.05538938 -0.76456363
122.13734220 238.87761907 -0.77748014
122.60714779 239.75193978 -0.77876966
123.08773102 240.64594919 -0.78119073
123.57624390 241.50624409 -0.78340603
124.07212393 242.38735601 -0.79552715
124.57882096 243.26733301 -0.81363812
125.08646900 244.16837868 -0.83796278
125.60191858 245.06808387 -0.85249158
126.11698859 245.95713962 -0.86900935
126.64023111 246.88304999 -0.88208210
127.15827993 247.82765313 -0.88578354
127.68215857 248.82479337 -0.88706964
128.20041058 249.76358337 -0.89589805
128.71318210 250.67727153 -0.90895065
129.22800164 251.62827067 -0.92071413
129.74281119 252.56194830 -0.91323241
130.25202965 253.49627310 -0.89767486
130.75435385 254.42107982 -0.88500932
131.25997839 255.35926230 -0.87157276
131.76526917 256.32166818 -0.87488986
132.27828217 257.25613266 -0.88869247
132.77901784 258.28805793 -0.91088145
133.29545565 259.21502372 -0.91566987
133.78544281 260.15120803 -0.93496043
134.28142988 261.08751352 -0.94801703
134.77434171 262.00739465 -0.94726776
135.26356613 262.94735390 -0.96310721
135.75455780 263.88670247 -0.95751690
136.25778619 264.76673328 -0.96209080
136.75756673 265.67490855 -0.97353919
137.24460605 266.59189166 -0.97512891
137.73485134 267.50199104 -0.98476807
138.22441388 268.44604669 -1.00197582
138.70452140 269.34010295 -1.02269094
139.18069311 270.27024924 -1.03676896
139.66783698 271.18406660 -1.05051119
140.15614533 272.12852551 -1.05647156
140.63290968 273.07342111 -1.07351854
141.12342380 273.99687703 -1.07222204
141.61680848 274.89591916 -1.07895587
142.10956782 275.82210413 -1.08198687
142.60929599 276.77689257 -1.09068201
143.09944619 277.72416406 -1.10042070
143.61137632 278.65546997 -1.11229614
144.10846204 279.60718476 -1.12422078
144.62528168 280.55783453 -1.13549247
145.12730931 281.51288206 -1.15434180
145.62685320 282.45575112 -1.16268769
146.13808224 283.45042525 -1.18111856
146.64951373 284.41427682 -1.19707425
147.16093052 285.35957850 -1.21237168
147.67397832 286.34581838 -1.21922285
148.19220404 287.31729104 -1.21991249
148.73040809 288.30261906 -1.22443784
149.25966423 289.25938814 -1.23038544
149.76767002 290.23064375 -1.23464003
150.27781388 291.17367102 -1.24916210
150.79422854 292.11381582 -1.25361574
151.30539779 293.06568024 -1.26927169
151.82561788 294.00264358 -1.27878313
152.34934878 294.94083702 -1.28073858
152.85444672 295.87292131 -1.27791811
153.36341447 296.81376767 -1.27824763
153.87301263 297.73525641 -1.28062447
154.38219644 298.66488915 -1.27867886
154.89119241 299.56979638 -1.28330753
155.39168440 300.49020292 -1.28825631
155.88365381 301.39854028 -1.28076288
156.37458151 302.31625489 -1.27868628
156.85374551 303.20953224 -1.27003735
157.34098440 304.10693807 -1.27068788
157.80631972 304.97583181 -1.27838849
158.27502092 305.85273285 -1.28080968
158.73198248 306.71951599 -1.27826646
159.17376900 307.60121047 -1.28702073
159.60669622 308.45708012 -1.27952996
160.04501297 309.31485755 -1.26729871
160.47421849 310.16985381 -1.24451564
160.91906285 311.02627590 -1.21635776
161.35425236 311.86382248 -1.17868136
161.78249112 312.69645051 -1.15694075
162.19630540 313.49928400 -1.14233509
162.61515983 314.27170547 -1.13046946
162.99699422 315.04075884 -1.11194864
163.38019757 315.78901739 -1.09579572
163.76007599 316.50912266 -1.07374491
164.14274879 317.22623533 -1.04553792
164.51409909 317.90582531 -1.02046257
164.88799468 318.57582702 -0.99549790
165.24886151 319.23620855 -0.96442485
165.58011962 319.87305174 -0.94692317
165.90836758 320.49085730 -0.92528290
166.24434990 321.10201279 -0.88791795
166.56032591 321.67651247 -0.86921045
166.86973414 322.23488229 -0.85381953
167.16557450 322.78396247 -0.82716165
167.43492280 323.29463706 -0.80769928
167.70866994 323.80667760 -0.80277625
167.96899255 324.29534376 -0.80073915
168.20754956 324.76456249 -0.79795137
168.45660294 325.22961930 -0.79277773
168.68197598 325.67588677 -0.78164569
168.87779983 326.11098801 -0.76608215
169.07524715 326.53282683 -0.73276825
169.24143905 326.97903533 -0.69210737
169.42029719 327.41637609 -0.65569816
169.60532728 327.84999621 -0.60422762
169.76397007 328.25328578 -0.55129010
169.87455452 328.67261419 -0.50136701
169.98705538 329.12756367 -0.44345488
170.08373770 329.57733118 -0.37449052
170.17665341 330.00194753 -0.30997998
170.25628983 330.42666360 -0.25350185
170.30749855 330.84731681 -0.18833849
170.34883352 331.26090849 -0.10543253
170.35542538 331.66095948 -0.04468342
170.36316184 332.07869932 0.02913625
170.36950326 332.51572673 0.11095348
170.34009820 332.94241224 0.21285025
170.28459530 333.35240073 0.30303416
170.21999811 333.78387997 0.40545584
170.13479782 334.23462517 0.51048795
170.02358358 334.70535641 0.63998396
169.86755951 335.15432593 0.75915112
169.71040197 335.56706158 0.86913436
169.52221894 335.95686559 0.95438184
169.29190506 336.33486825 1.04932245
169.04134041 336.66067342 1.12759561
168.74106590 336.99365663 1.20577369
168.39835468 337.31252828 1.26105982
168.02151205 337.66821085 1.31794432
167.64717824 338.02735289 1.37195026
167.26924815 338.37031493 1.41818331
166.84687744 338.72785925 1.46649366
166.41994072 339.08269569 1.51827805
165.94153957 339.45240953 1.55301985
165.43786783 339.82908632 1.59304059
164.90351546 340.18729418 1.58007203
164.37862373 340.52467249 1.57113446
163.83266101 340.83249197 1.57909796
163.25675265 341.14824852 1.60119461
162.65333817 341.47983611 1.60765841
162.06494207 341.77734692 1.60597562
161.46571232 342.07839214 1.59823790
160.80222348 342.40723284 1.60591554
160.13691090 342.77284849 1.62687138
159.45707794 343.11871757 1.64726141
158.73546468 343.49229294 1.66221512
157.98504496 343.87423190 1.70529760
157.22990681 344.25921150 1.73686603
156.48123250 344.63832512 1.75429992
155.68756343 345.04196616 1.79048331
154.89887658 345.44308036 1.83653579
154.07333177 345.84998427 1.87444813
153.25133595 346.23518355 1.89582813
152.44029890 346.61739702 1.94206404
151.62860767 346.99326961 1.96624917
150.84916837 347.36098365 2.00597886
150.05348930 347.74320779 2.02707327
149.26920021 348.10037301 2.07083161
148.44657399 348.46911807 2.10428190
147.62204858 348.82884538 2.14519872
146.77835135 349.20771025 2.16069831
145.95633032 349.58123289 2.17353369
145.13274421 349.94873232 2.19264675
144.33423637 350.30838151 2.20431439
143.51859512 350.67234635 2.19037880
142.69405722 351.05514455 2.17249462
141.85790362 351.43950942 2.16466993
141.00192479 351.83523546 2.18982920
140.15551496 352.23092043 2.19763044
139.30066470 352.63734107 2.22490223
138.44562050 353.03365717 2.20731944
137.62238712 353.41032687 2.19381117
136.81567433 353.78880747 2.16614623
136.05583884 354.18152457 2.15231217
135.28937945 354.54780076 2.12814265
134.50126068 354.92715769 2.12291708
133.67750614 355.33976585 2.10659097
132.91407952 355.71400297 2.07951951
132.13065250 356.12015301 2.04179074
131.35683290 356.52700702 2.00675420
130.54903962 356.93585450 2.00168864
129.76089273 357.34610602 1.98457961
128.95694391 357.74959812 1.96541640
128.13445336 358.16690211 1.93914919
127.34584381 358.56839269 1.93016675
126.55764015 358.97035921 1.91446670
125.78978532 359.34890427 1.90810524
124.99430040 359.75407735 1.87498809
124.20479359 360.14794476 1.85390305
123.40630980 360.55348874 1.83020944
122.63366634 360.93814587 1.80020318
121.84207597 361.32047313 1.78181900
121.06241147 361.70040221 1.75787479
120.27699823 362.08031712 1.73594073
119.47088398 362.47994220 1.70361305
118.66315323 362.87591914 1.66532893
117.88996676 363.25707505 1.62605456
117.12462017 363.63067917 1.59931586
116.34777758 364.01194589 1.56228664
115.56442723 364.38575503 1.53032975
114.79256717 364.72953879 1.49741635
114.02555811 365.08500758 1.43984728
113.28205175 365.41884267 1.39142360
112.53420489 365.76122644 1.34103144
111.76903811 366.09549645 1.27772921
111.03519408 366.41427294 1.20634356
110.32709845 366.74572882 1.11406602
109.65400214 367.03398977 1.02558084
108.96951629 367.33660961 0.92028484
108.31053910 367.63228845 0.81320414
107.65289907 367.92771386 0.69218243
106.98734424 368.21839308 0.55831736
106.39578656 368.48784531 0.43344042
105.78550403 368.77746302 0.30869503
105.18560669 369.04988317 0.19315760
104.60324004 369.31515603 0.09323127
104.06520495 369.56913130 0.00208542
103.54323261 369.82626985 -0.09039094
103.03691405 370.09424751 -0.17208093
102.49773988 370.36292505 -0.24990894
101.99862906 370.61039612 -0.32338900
101.52356953 370.85709742 -0.38334458
101.01515798 371.10858691 -0.43806712
100.49243675 371.38875496 -0.47966974
99.95924506 371.66835324 -0.51261560
99.42048963 371.94597708 -0.53687938
98.88390245 372.20738633 -0.56660515
98.34245024 372.48413030 -0.58140146
97.75925029 372.78306283 -0.59735310
97.18693564 373.08735967 -0.60523779
96.56268428 373.42930878 -0.60172306
95.90784071 373.74949796 -0.60569535
95.25162402 374.07403375 -0.59927056
94.59172035 374.41408820 -0.58167393
93.90332753 374.73375216 -0.54308969
93.18037654 375.08129015 -0.49316409
92.42462285 375.44880332 -0.47062262
91.64990595 375.84460601 -0.45605180
90.85366622 376.22653919 -0.44351019
90.05121980 376.57293067 -0.40804617
89.21056654 376.92598229 -0.36611640
88.34016545 377.31429741 -0.33227207
87.48862068 377.71609219 -0.30369868
86.60766639 378.13831531 -0.29169304
85.71264912 378.56838160 -0.27283467
84.82706506 378.97412308 -0.25138720
83.93643151 379.38736732 -0.22822610
83.03943772 379.79747543 -0.20703752
82.09774346 380.23173662 -0.22013426
81.14190613 380.68565675 -0.24523331
80.18444962 381.15199103 -0.27279941
79.23559795 381.59847965 -0.28722065
78.31644873 382.02355343 -0.29523300
77.38441340 382.45897329 -0.31165138
76.47071170 382.90868158 -0.33147718
75.55110777 383.35864880 -0.35848473
74.60513291 383.82686749 -0.37475712
73.65710759 384.30430674 -0.39729441
72.72190011 384.78272388 -0.41727784
71.78821593 385.25779124 -0.44124143
70.85582585 385.73121164 -0.46881945
69.91134084 386.21811278 -0.49368585
68.98344877 386.70092951 -0.52422453
68.05950364 387.18606030 -0.57367162
67.16201748 387.67806330 -0.61309972
66.27434991 388.17578303 -0.65020860
65.39258709 388.66724538 -0.66233401
64.52649834 389.13223693 -0.68293378
63.63566840 389.61944343 -0.70100762
62.76146173 390.10369017 -0.74175455
61.88239206 390.59429496 -0.78831376
61.01772110 391.08548757 -0.83766071
60.16417981 391.56730613 -0.87205214
59.31275273 392.04683042 -0.90321998
58.46685454 392.51764805 -0.94621151
57.60807022 392.97886961 -0.96934403
56.75597189 393.43198375 -0.99251773
55.92363167 393.90595186 -1.01653544
55.07736450 394.39044395 -1.04133068
54.25887315 394.85936222 -1.06354332
53.42730286 395.34057811 -1.08875706
52.61194183 395.80081271 -1.11596517
51.82506583 396.25111982 -1.14088573
51.04915831 396.69480035 -1.14926381
50.28194591 397.12755479 -1.16783790
49.50023360 397.56801990 -1.18143844
48.70156072 398.00294365 -1.19054712
47.91868555 398.45476031 -1.20963334
47.12759948 398.90395213 -1.22160941
46.32463520 399.36112798 -1.23384664
45.57932394 399.77803188 -1.23700178
44.82642250 400.20743930 -1.23430046
44.11824262 400.60198019 -1.24939390
43.38847254 400.99263122 -1.25390130
42.68425678 401.38958826 -1.26263571
41.99683035 401.77413899 -1.26401862
41.30414307 402.14778468 -1.26371727
40.64586474 402.50584190 -1.26391728
40.02172837 402.84745276 -1.27031483
39.38396727 403.19322900 -1.27894060
38.78433855 403.50905778 -1.28703323
38.17140014 403.84634012 -1.29512040
37.59205135 404.17693699 -1.30160422
37.02442379 404.48899213 -1.29757401
36.48313389 404.78117916 -1.30392133
35.95023272 405.04270729 -1.30737104
35.44424679 405.30111997 -1.32006508
34.94969678 405.53951520 -1.31899150
34.44872553 405.78509133 -1.32023664
33.96940128 406.02515165 -1.31017181
33.48399273 406.25550497 -1.30430611
33.00821370 406.47507626 -1.30475119
32.54301938 406.68328264 -1.31242972
32.08620611 406.87789068 -1.32274729
31.63784173 407.05214371 -1.32866535
31.16425353 407.23037178 -1.33525588
30.70474103 407.38437148 -1.32631130
30.25051381 407.50718227 -1.31101139
29.80340822 407.62214305 -1.28854748
29.36146409 407.71414185 -1.27342297
28.90606735 407.78262010 -1.22751547
28.42888931 407.82128174 -1.17967364
27.98685341 407.83870063 -1.13832143
27.54659489 407.81841468 -1.09493839
27.10800374 407.75763230 -1.02662256
26.68961824 407.67720825 -0.96651313
26.25355871 407.58414372 -0.90426006
25.87436602 407.47252638 -0.86245439
25.45673889 407.34340169 -0.80738868
25.02864381 407.18184346 -0.75380306
24.61031026 406.99348967 -0.69737148
24.19103389 406.76030966 -0.64985131
23.79201464 406.50344170 -0.59442360
23.39863458 406.21944913 -0.53822888
23.00311058 405.91378422 -0.49099174
22.60130393 405.55509509 -0.44339906
22.22460062 405.17277584 -0.41274458
21.86318253 404.75948210 -0.38578199
21.51904901 404.31288900 -0.37017511
21.17234693 403.84057324 -0.35307042
20.82306435 403.32885084 -0.33241079
20.46340352 402.78371621 -0.31111825
20.11008366 402.23227056 -0.28432510
19.75988776 401.66542759 -0.26966949
19.42318180 401.08474085 -0.26006756
19.09124425 400.49342699 -0.24881739
18.75069382 399.89137365 -0.22777270
18.42570183 399.28201081 -0.21592992
18.10063302 398.64869949 -0.18890557
17.77142229 398.00465102 -0.16737895
17.45945038 397.34641088 -0.14112194
17.12594664 396.66341733 -0.12094051
16.78850607 395.97962989 -0.10167364
16.44937961 395.29733853 -0.07895690
16.11068485 394.58293645 -0.05498281
15.76656104 393.82323651 -0.02547189
15.42247234 393.07829084 -0.01497006
15.07858324 392.31885927 -0.00662920
14.72383005 391.53578724 -0.00267181
14.37190749 390.74681240 -0.00139207
14.01568664 389.95128739 0.00053570
13.63890923 389.11566737 0.00937639
13.25118978 388.28253805 0.02369618
12.88471893 387.44196319 0.03157244
12.51608854 386.62247028 0.04310558
12.14598610 385.80901762 0.05234915
11.74980434 384.93676421 0.06902493
11.35601138 384.06533824 0.07556833
10.95615228 383.19623327 0.09109517
10.55200973 382.32742532 0.09915664
10.12685154 381.45257613 0.10060445
9.71910223 380.60019455 0.08773163
9.30572170 379.74087443 0.06865857
8.90562766 378.90368732 0.05516620
8.48823520 378.04005161 0.04376092
8.06869221 377.19466050 0.03062583
7.65075453 376.35719909 0.02029004
7.24279765 375.52515243 0.00729167
6.83153318 374.69385969 -0.00401673
6.41649952 373.86029129 -0.01389681
6.02072277 373.02648626 -0.03078513
5.61644810 372.19694527 -0.03421760
5.19852451 371.34891841 -0.04069527
4.77827973 370.50719083 -0.05463503
4.33043161 369.64840472 -0.06963734
3.87915111 368.80303711 -0.06965646
3.43126260 367.95823837 -0.09835287
2.99207880 367.12121698 -0.11713661
2.54041450 366.27464923 -0.12300606
2.10102301 365.43911857 -0.13465448
1.65932785 364.60345379 -0.16079115
1.21785298 363.76706591 -0.19388815
0.78865115 362.94779556 -0.22224598
0.35137732 362.10263892 -0.23681563
-0.08887348 361.26229350 -0.25243112
-0.51722486 360.43711584 -0.26271337
-0.95166485 359.60833908 -0.27606312
-1.38399459 358.76987623 -0.29920251
-1.80961429 357.94840556 -0.31207929
-2.25637102 357.11280598 -0.33180500
-2.68735416 356.28547925 -0.34994063
-3.12144409 355.47289851 -0.36674920
-3.56487235 354.63789078 -0.40009309
-4.00427382 353.82375365 -0.41888230
-4.45293385 353.00048736 -0.42924822
-4.88986447 352.18627514 -0.44805263
-5.31626053 351.38452426 -0.47142976
-5.74924400 350.56997614 -0.49910208
-6.19730290 349.75995958 -0.52310272
-6.63672210 348.94931130 -0.53981784
-7.08242251 348.12982196 -0.55510898
-7.49825635 347.31117849 -0.57136394
-7.90661821 346.49856428 -0.60238941
-8.33514212 345.66565859 -0.62143863
-8.75142934 344.83790180 -0.63846237
-9.15936936 344.02229139 -0.65192108
-9.58338726 343.19447567 -0.67750148
-10.02035176 342.35824513 -0.70851398
-10.44744105 341.51530079 -0.73503360
-10.85795815 340.65831933 -0.74852326
-11.26088854 339.81308784 -0.75933233
-11.67502808 338.94936883 -0.77752899
-12.11441428 338.08849885 -0.79819205
-12.54682028 337.20806866 -0.82491447
-12.99840349 336.33746001 -0.84005466
-13.43161180 335.47909561 -0.85565298
-13.87342414 334.58494941 -0.87678372
-14.35932715 333.69493297 -0.87648917
-14.79497581 332.83076505 -0.88933271
-15.24531520 331.94426722 -0.92048328
-15.69325143 331.05649647 -0.93594104
-16.19499777 330.15482322 -0.95031496
-16.69099655 329.24724769 -0.96809093
-17.14769562 328.36659843 -0.98949480
-17.62854832 327.45277553 -1.00702691
-18.07665864 326.55847548 -1.03907362
-18.54496751 325.65916325 -1.07625533
-19.01163944 324.76330828 -1.09239002
-19.48095416 323.87133885 -1.11127554
-19.94071744 322.96091757 -1.11394978
-20.38264436 322.05691316 -1.13108820
-20.80737627 321.17745187 -1.15377370
-21.26829828 320.27939863 -1.19652345
-21.72780591 319.37615519 -1.23019182
-22.15245494 318.49902712 -1.24916260
-22.60830726 317.59719429 -1.26060000
-23.02376409 316.69702113 -1.25623156
-23.47768098 315.77445603 -1.24671845
-23.90166407 314.87664788 -1.25371477
-24.33375407 313.97787369 -1.26837062
-24.75403127 313.09082123 -1.28252858
-25.20076764 312.17683963 -1.30216994
-25.63935315 311.28257498 -1.32456776
-26.08760933 310.38295729 -1.32474460
-26.53290946 309.49964111 -1.32267848
-26.97027858 308.61995498 -1.29867508
-27.41497914 307.71654160 -1.28534251
-27.84250188 306.84259427 -1.27860907
-28.28018450 305.96477235 -1.28380492
-28.70635037 305.09497636 -1.29018150
-29.13601306 304.24811000 -1.28258964
-29.57038424 303.39715094 -1.27132431
-29.99345545 302.55734308 -1.25262668
-30.41342743 301.73845164 -1.24382074
-30.84483978 300.92727588 -1.22056022
-31.25370873 300.13568487 -1.21195852
-31.68241262 299.34599112 -1.21227264
-32.08826658 298.58118352 -1.19775213
-32.45726476 297.81895403 -1.19087521
-32.83575044 297.06441641 -1.18302787
-33.23112124 296.34282430 -1.17759255
-33.59966297 295.63476911 -1.16096534
-33.95431335 294.92158265 -1.14190570
-34.30845380 294.20848328 -1.12190979
-34.67149106 293.53275283 -1.11785889
-35.06830575 292.83892133 -1.10421154
-35.45885205 292.16719387 -1.07365806
-35.83374388 291.51653808 -1.05101280
-36.19903555 290.89327587 -1.02538560
-36.53958712 290.30687101 -1.01366921
-36.87030651 289.74850935 -0.98909580
-37.20788672 289.20918756 -0.97299132
-37.53165202 288.69442115 -0.94965091
-37.83904956 288.19582223 -0.93648924
-38.11984012 287.71064017 -0.91499173
-38.38634622 287.23434128 -0.89358922
-38.64526978 286.78982385 -0.87040832
-38.88567776 286.37477052 -0.85144784
-39.09541106 285.94573498 -0.83907078
-39.30945351 285.55072000 -0.82412661
-39.53101137 285.13656747 -0.79843810
-39.71952780 284.74671329 -0.78369007
-39.91368764 284.36118764 -0.74794366
-40.07903152 283.99796803 -0.73832981
-40.25010304 283.62656608 -0.71369733
-40.39431586 283.29293821 -0.69442472
-40.50820728 282.94804820 -0.66981724
-40.59855587 282.60471043 -0.64826569
-40.66370660 282.24209226 -0.62348727
-40.72738806 281.84311978 -0.59127681
-40.78843707 281.43635850 -0.53022811
-40.83273314 281.04252403 -0.47753344
-40.82079578 280.63886877 -0.41831459
-40.76769813 280.21381138 -0.36643781
-40.72341115 279.76600814 -0.27758144
-40.64482917 279.32648851 -0.19532167
-40.54563588 278.90232149 -0.10838441
-40.40565505 278.48035506 -0.03556433
-40.22078886 278.01990095 0.04768366
-40.01079265 277.53101858 0.14006104
-39.76940521 277.04088416 0.21769678
-39.47205498 276.55530018 0.28559876
-39.17538100 276.08688884 0.36183697
-38.80163229 275.62737914 0.39528201
-38.42419035 275.18377344 0.41892806
-38.01154515 274.73217490 0.41521886
-37.56827733 274.29579306 0.37899268
-37.13030835 273.90103802 0.30522266
-36.65453589 273.50148913 0.23343389
-36.15054609 273.09026187 0.13645092
-35.66336316 272.69949767 0.03451077
-35.09775972 272.25531135 -0.07465903
-34.52475608 271.80760922 -0.16383385
-33.94032638 271.39031468 -0.24831276
-33.36086513 270.98738913 -0.34953352
-32.76103047 270.57527824 -0.41895265
-32.11997868 270.12498893 -0.50840860
-31.49975267 269.70474638 -0.59617500
-30.86426861 269.27409346 -0.66379210
-30.19936883 268.84466811 -0.73479503
-29.50797497 268.39961890 -0.80399492
-28.80181888 267.96919674 -0.90030136
-28.11471824 267.54388154 -0.98157175
-27.42603774 267.11911118 -1.00530234
-26.75119326 266.69578227 -1.01062144
-26.04926953 266.26405887 -1.02304340
-25.35628460 265.85433209 -1.02709069
-24.64804108 265.46474327 -1.04437697
-23.94828047 265.06556112 -1.05903890
-23.21191451 264.65844250 -1.04564766
-22.47701845 264.23210465 -1.03415786
-21.72083759 263.80764068 -1.02736420
-20.97828394 263.38096981 -1.03925922
-20.21474872 262.95531901 -1.02965089
-19.47228595 262.54521664 -1.04679631
-18.70581387 262.14069070 -1.04600860
-17.91879145 261.71782551 -1.03604075
-17.17232837 261.27072456 -1.03900310
-16.42282852 260.85953730 -1.01884787
-15.64726300 260.38060688 -1.04090931
-14.87705725 259.92441446 -1.05282226
-14.12435262 259.48356131 -1.08119858
-13.37238349 259.03531666 -1.11660066
-12.63802432 258.55723106 -1.12489754
-11.88922120 258.08747888 -1.15098676
-11.16511266 257.62364712 -1.21595557
-10.43023704 257.15781597 -1.22810075
-9.69847184 256.70950824 -1.23228563
-8.97798386 256.25486865 -1.21722049
-8.22945990 255.80624567 -1.17300493
-7.48341481 255.34643995 -1.13668833
-6.72630983 254.89644378 -1.08612357
-6.01705998 254.44317977 -1.01978831
-5.29203135 253.97558484 -0.95225402
-4.52201017 253.50083036 -0.89278994
-3.74793151 253.05054811 -0.80697043
-3.00039735 252.63057573 -0.76098722
-2.29639042 252.20882779 -0.70250316
-1.59351211 251.77114467 -0.64772669
-0.90057926 251.34855738 -0.58631867
-0.19908999 250.93051865 -0.51609405
0.46275347 250.55054152 -0.47965505
1.09836950 250.17562279 -0.45438677
1.72977082 249.80620845 -0.46012470
2.35375456 249.46192986 -0.47841290
2.89669696 249.14892004 -0.50354038
3.46942573 248.84922845 -0.53350583
4.04853541 248.51740147 -0.53642715
4.56118396 248.23635031 -0.58607275
5.08891601 247.97419825 -0.68529379
5.60435099 247.73561373 -0.82261538
6.12543184 247.46597926 -0.93817172
6.63653774 247.20110559 -1.07051170
7.17298458 246.92942612 -1.23438502
7.65841761 246.69401121 -1.41162733
8.11370243 246.44225815 -1.57938439
8.55854498 246.19589070 -1.79133480
9.04449428 245.96175696 -1.96961649
9.52123874 245.73842536 -2.15263893
10.01513212 245.50433717 -2.37040556
10.47223575 245.26639288 -2.57934748
10.96273418 245.04223890 -2.76704841
11.42636181 244.84528952 -2.98227623
11.89308224 244.61657257 -3.16388668
12.35707562 244.40218799 -3.31884478
12.82599237 244.18930048 -3.51680599
13.26945953 243.99457333 -3.70221499
13.72574989 243.82039514 -3.83846941
14.21024519 243.62614920 -3.97916826
14.69723250 243.42839912 -4.07009854
15.18490744 243.22975312 -4.17570164
15.63091969 243.08815942 -4.26492346
16.08226572 242.94621145 -4.28472812
16.52972194 242.82273032 -4.32705935
17.00179766 242.72571343 -4.34979502
17.45217846 242.64915036 -4.35461608
17.90321563 242.57776075 -4.34315185
18.35973344 242.53881011 -4.29803568
18.84576006 242.51084098 -4.24261914
19.28672082 242.50752498 -4.17106030
19.75878264 242.50878324 -4.09767989
20.20767572 242.54016902 -4.00385704
20.64087350 242.61801461 -3.85562231
21.03749102 242.72553257 -3.72796182
21.47164249 242.84905831 -3.59174534
21.88329647 242.99207271 -3.43803402
22.26949177 243.16581190 -3.28355195
22.65172877 243.38973998 -3.09142547
23.01541560 243.66799180 -2.91343052
23.39883162 243.94771181 -2.73991669
23.76536023 244.25261300 -2.56547671
24.14003138 244.59311944 -2.38290432
24.47783172 244.96642514 -2.17599467
24.79992640 245.32817531 -2.00853158
25.14527438 245.70942351 -1.83093959
25.45452916 246.07200142 -1.70158030
25.79836966 246.44383768 -1.54723930
26.09335877 246.81846385 -1.39424250
26.42410189 247.21745665 -1.24524781
26.74536459 247.60353947 -1.07454682
27.06062515 247.97270099 -0.93374014
27.36634270 248.32673477 -0.79551679
27.70589212 248.67111227 -0.63926534
28.00715700 249.02506941 -0.48621545
28.31429133 249.35102635 -0.36624214
28.63875143 249.69138613 -0.25798655
28.94971662 249.99146313 -0.17866268
29.28518976 250.26311952 -0.06435850
29.62675142 250.53990358 0.05337764
29.96562459 250.82674788 0.14696617
30.29585516 251.07128639 0.22617426
30.66578085 251.30340295 0.29162552
31.01451700 251.50683107 0.32968889
31.37928610 251.66397726 0.34951893
31.74115996 251.82581285 0.35605262
32.10470604 251.93676771 0.36305628
32.46772660 252.01650130 0.37504251
32.82458994 252.06347215 0.37301201
33.17890526 252.12510102 0.37433057
33.54090220 252.17368701 0.36173290
33.92899331 252.18350610 0.34729302
34.32543861 252.18166702 0.32837418
34.73243552 252.13289171 0.30731209
35.13246263 252.07428551 0.28023182
35.57327189 251.99513728 0.23478609
36.00596413 251.90376496 0.18969245
36.47331623 251.79812783 0.13825267
36.94299660 251.67677516 0.08539012
37.43259350 251.53871378 0.02402377
37.91692212 251.40359057 -0.04310614
38.41583388 251.24969156 -0.11045357
38.89953989 251.08715840 -0.16212824
39.41385915 250.89359132 -0.23292821
39.93698983 250.67553083 -0.29487433
40.48357110 250.44744644 -0.35292533
41.04377990 250.20615598 -0.40877900
41.61881317 249.95334591 -0.46889188
42.20965327 249.70981337 -0.53111828
42.78386668 249.46778461 -0.58965630
43.37430703 249.21004584 -0.65298743
43.99167011 248.93186244 -0.71450082
44.63388957 248.65228207 -0.77313059
45.27174690 248.35517800 -0.82013948
45.92341605 248.05847711 -0.85716786
46.56960456 247.75125088 -0.89501426
47.24432996 247.43318127 -0.93994871
47.93335907 247.09522053 -0.97633602
48.63085101 246.75500254 -1.02047562
49.33344615 246.40377733 -1.06560008
50.06471379 246.03840980 -1.10286779
50.78778626 245.66563275 -1.14587935
51.50813298 245.29456326 -1.18676421
52.28372358 244.91194629 -1.21262085
53.00458825 244.54299195 -1.24629328
53.76559536 244.15766443 -1.28344498
54.55642542 243.76544141 -1.31275775
55.32705744 243.36526806 -1.33223837
56.07383312 242.96104382 -1.34203172
56.85428814 242.54472356 -1.35978443
57.62398515 242.13071079 -1.37579743
58.41099156 241.69878160 -1.37213790
59.20613456 241.26980007 -1.38514964
60.00645339 240.84024549 -1.39947660
60.78155123 240.42821024 -1.40695255
61.59126904 240.01216829 -1.41992341
62.37466404 239.60317763 -1.41433278
63.18578309 239.18888242 -1.42697239
63.96774566 238.77922148 -1.43654308
64.78188652 238.36657565 -1.42912633
65.60404954 237.93767834 -1.43867471
66.39154120 237.51957125 -1.44419415
67.21767512 237.09221723 -1.45072460
67.99821053 236.67922592 -1.44244299
68.81287567 236.25986142 -1.43814463
69.58469568 235.86290990 -1.44917480
70.36128010 235.46605745 -1.45525857
71.11022568 235.07377987 -1.45136541
71.86901778 234.67471590 -1.43354028
72.64103185 234.27228574 -1.41506102
73.38994735 233.88173245 -1.40040839
74.12929626 233.50455856 -1.40057000
74.87482966 233.12376903 -1.39855445
75.61294895 232.73875992 -1.39299473
76.35048803 232.35287303 -1.37266167
77.09190344 231.96821911 -1.34762254
77.83697729 231.58854059 -1.33216575
78.60474236 231.20975633 -1.31287234
79.34846951 230.83555620 -1.30501943
80.10275403 230.46422124 -1.29980631
80.87793752 230.06835817 -1.26441170
81.61703605 229.70118092 -1.24165327
82.35435113 229.33568910 -1.22455864
83.08747804 228.98398037 -1.20566112
83.77921222 228.63264274 -1.18522086
84.46877129 228.31447046 -1.16597592
85.13552629 227.99082785 -1.14356715
85.77267618 227.68239354 -1.13513309
86.44619505 227.37836795 -1.11273283
87.11333412 227.06640085 -1.10055059
87.77140714 226.76217731 -1.07774785
88.41263412 226.46522050 -1.05788367
88.99972206 226.16730078 -1.04323796
89.65784295 225.87636384 -1.02657773
90.28756126 225.58230128 -1.01962912
90.90933144 225.28974772 -1.00522335
91.54835749 225.00307586 -1.00398437
92.14460386 224.71370047 -0.99126262
92.74706898 224.43815717 -0.99888719
93.33331435 224.15381426 -1.00743736
93.88848657 223.88793547 -1.01551857
94.45254049 223.63293098 -1.01053946
94.96801627 223.38576233 -1.00447261
95.48207684 223.15225806 -1.00363171
95.93868224 222.92427845 -1.00825697
96.37092940 222.70044351 -1.01909590
96.81005247 222.47198991 -1.02665071
97.23187082 222.25781973 -1.03205716
97.63897943 222.04611766 -1.03338105
98.03323973 221.82337561 -1.04490969
98.38900635 221.61878998 -1.04297124
98.74674033 221.41711333 -1.04866001
99.08476349 221.23046684 -1.04336127
99.40816687 221.03988913 -1.04975674
99.73258169 220.86252634 -1.05957522
100.01612660 220.68149025 -1.06453299
100.30230747 220.49261491 -1.07032053
100.55768952 220.32550458 -1.07154398
100.79604716 220.16410757 -1.06317380
101.00522515 220.01714766 -1.06114636
101.23288713 219.88108057 -1.06559113
101.41510119 219.76338877 -1.06944203
101.58288774 219.64936570 -1.07077878
101.73657391 219.53390842 -1.07725827
101.87927974 219.41633455 -1.08247703
102.03297659 219.30588667 -1.08295791
102.16010150 219.18727068 -1.06601376
102.28891509 219.07002956 -1.05394753
102.41527914 218.94072073 -1.04780032
102.53458480 218.81615782 -1.04014517
102.65290730 218.70544289 -1.03568658
102.79814599 218.58412292 -1.03246311
102.93106106 218.44174925 -1.02091353
103.06058668 218.30173747 -1.00634487
103.19851846 218.16260624 -1.00740386
103.34308501 218.00093427 -0.99890230
103.50150543 217.81477167 -0.99212767
103.66359639 217.59879403 -0.99339642
103.84062934 217.35011337 -1.03596160
104.02324057 217.11678507 -1.03147494
104.19666455 216.86451958 -1.02894177
104.38736241 216.59764698 -1.02256136
104.56321807 216.28129717 -1.06051058
104.71676817 215.95066995 -1.07900117
104.85447803 215.58729536 -1.09604342
104.97646706 215.22547836 -1.12441853
105.07145893 214.85655483 -1.12873924
105.17113075 214.48086087 -1.13543693
105.25461198 214.03691625 -1.13930830
105.30669719 213.59324304 -1.13227046
105.35374511 213.13103286 -1.12524885
105.36443327 212.64499543 -1.11429537
105.33478967 212.13300742 -1.10597479
105.28527910 211.60818432 -1.10243330
105.19316636 211.08037957 -1.09166906
105.05992441 210.50377219 -1.07126124
104.90922152 209.91270506 -1.05199068
104.73440231 209.34570280 -1.03953971
104.52009198 208.74782987 -1.03704594
104.27199318 208.12965919 -1.03723031
103.99913739 207.50465682 -1.03465420
103.70098214 206.83971907 -1.03095691
103.39266274 206.18180522 -1.04010990
103.06129226 205.52537974 -1.04881361
102.70953152 204.86559329 -1.06211657
102.34832061 204.17443536 -1.06381131
101.98266438 203.47362717 -1.06833897
101.59731548 202.76150961 -1.08252426
101.18466525 202.02068707 -1.09732278
100.77134888 201.28924929 -1.09653892
100.35016472 200.52009560 -1.11107719
99.91701415 199.73290781 -1.12106135
99.49011353 198.96342563 -1.13057769
99.03652632 198.14605810 -1.13805818
98.58617518 197.32936800 -1.14325531
98.11010211 196.46639352 -1.15611242
97.61456369 195.58415827 -1.16844531
97.14151805 194.71449780 -1.17304456
96.66372035 193.83358108 -1.18234385
96.21796839 192.95227555 -1.17913231
95.73981482 192.04063695 -1.18390915
95.24860339 191.08799049 -1.17570589
94.76450714 190.13417227 -1.18296228
94.28876474 189.17337846 -1.17889420
93.79850734 188.19113075 -1.17361361
93.29256692 187.20369974 -1.16964434
92.79002590 186.19677155 -1.15612146
92.28081526 185.17853873 -1.14410664
91.79478841 184.17175454 -1.12834626
91.30527407 183.17375121 -1.12587818
90.80614277 182.14439082 -1.12680900
90.31145214 181.11681421 -1.11617687
89.83973759 180.09545176 -1.10807890
89.34195997 179.07064444 -1.09805181
88.85381105 178.03392582 -1.08065469
88.35176086 176.99636380 -1.06829979
87.86555138 175.96422072 -1.04696140
87.39263218 174.94598694 -1.01452949
86.89832567 173.90841380 -0.99545460
86.39088462 172.85194607 -0.97175451
85.86723741 171.77964818 -0.95455927
85.34034749 170.71298076 -0.93661741
84.82915608 169.64338445 -0.92270578
84.30109871 168.57275964 -0.90026971
83.75750702 167.48538640 -0.87624371
83.21030269 166.40366915 -0.85852702
82.66116594 165.31048061 -0.86330689
82.13290876 164.23418714 -0.86361082
81.59855123 163.14134174 -0.85961489
81.05011446 162.03138375 -0.85602185
80.45120331 160.88724305 -0.84689422
79.88345807 159.76213102 -0.83454178
79.31211857 158.63287820 -0.83218272
78.76652563 157.52121540 -0.82226609
78.19415586 156.38727228 -0.80678119
77.61984394 155.25619716 -0.80009515
77.03336122 154.11792203 -0.78746137
76.45260092 152.96235679 -0.79378054
75.87431367 151.81582336 -0.79081626
75.27716789 150.66335002 -0.77737974
74.66900278 149.50644252 -0.75675040
74.10361833 148.36251616 -0.74031754
73.51893467 147.19671740 -0.70218898
72.94653352 146.03952614 -0.69450735
72.36877151 144.88513420 -0.69610203
71.80758021 143.73749933 -0.68975018
71.21631162 142.57640989 -0.68556301
70.64037645 141.40989025 -0.67012099
70.07209466 140.26635180 -0.66831908
69.50926863 139.10838777 -0.65429530
68.94455638 137.95084424 -0.63993168
68.36261662 136.80367777 -0.63994296
67.79141054 135.65332137 -0.64037116
67.20516940 134.46948096 -0.64147344
66.61243733 133.28144770 -0.64278511
66.02654415 132.11519643 -0.64298764
65.46637323 130.97783377 -0.63588781
64.90841506 129.82762053 -0.63127680
64.35864753 128.68204219 -0.62215884
63.80529072 127.53613260 -0.61768264
63.24635651 126.38310951 -0.61929887
62.69405844 125.24396963 -0.61583258
62.13506615 124.09829414 -0.60947730
61.58622719 122.96626766 -0.62253079
61.03582397 121.82061163 -0.63991053
60.47825752 120.68401582 -0.64718091
59.93967154 119.55866019 -0.64468677
59.40390568 118.42266372 -0.65066597
58.85420930 117.29560421 -0.65210959
58.32135736 116.18106295 -0.65650626
57.80172363 115.07206948 -0.65942097
57.29835797 113.97893804 -0.65719903
56.77460761 112.87279826 -0.65589843
56.26173519 111.78066481 -0.63685636
55.75374173 110.70471971 -0.62384423
55.25352207 109.64998678 -0.61229933
54.75684795 108.60864361 -0.59662800
54.27891118 107.60126580 -0.56665412
53.79653537 106.60544120 -0.54809649
53.31512135 105.59920922 -0.52785733
52.83862357 104.62095391 -0.51069384
52.37422311 103.66770162 -0.49155723
51.92532814 102.74709989 -0.47514434
51.46961887 101.83463292 -0.45059805
51.02519901 100.94449680 -0.43817369
50.61975802 100.08704725 -0.40908607
50.20213577 99.22497420 -0.38238530
49.80505399 98.39642914 -0.36940645
49.42518326 97.58803386 -0.35016566
49.00589085 96.77508518 -0.34092135
48.61585732 96.00210324 -0.33230920
48.23439777 95.25681350 -0.31248917
47.84962952 94.51450474 -0.30514520
47.49068340 93.82072897 -0.29086600
47.15483478 93.15390693 -0.28040089
46.80804178 92.47865460 -0.26761704
46.46462195 91.83435633 -0.26548149
46.15620723 91.21657361 -0.24946247
45.86829086 90.60458385 -0.23448696
45.58656376 90.00435992 -0.21700110
45.32677757 89.41681187 -0.20158233
45.11408182 88.83850388 -0.18828987
44.90791258 88.28322331 -0.17529854
44.71152836 87.72267905 -0.15431165
44.55098101 87.17507919 -0.13485813
44.40091950 86.64075333 -0.12148098
44.28285794 86.09983733 -0.10874272
44.19658148 85.57423400 -0.09583769
44.13512082 85.06617850 -0.10044651
44.10977472 84.55921558 -0.10259817
44.11285859 84.05568826 -0.10896729
44.13853815 83.55804343 -0.12916505
44.19110636 83.06674398 -0.13392405
44.26384642 82.56763042 -0.14014461
44.38081949 82.09362521 -0.13992108
44.52742233 81.63148380 -0.13609747
44.69034496 81.17563054 -0.08041201
44.89378372 80.74839118 -0.08753128
45.12347085 80.32408402 -0.10751562
45.34953317 79.93855834 -0.11667100
45.60200999 79.56451226 -0.13573552
45.87276249 79.21345033 -0.14789495
46.18283573 78.86495542 -0.16385383
46.51032586 78.54548153 -0.18067370
46.86227885 78.22834482 -0.20197640
47.25576344 77.89877141 -0.21481195
47.65293664 77.58108267 -0.21932699
48.09812091 77.26555588 -0.21781644
48.53416730 76.97690360 -0.22719100
48.99821971 76.67267015 -0.24681599
49.45552580 76.38823701 -0.25788116
49.96357402 76.07376051 -0.25806738
50.48775307 75.77422691 -0.25597737
50.95737968 75.49993638 -0.26991417
51.47500099 75.20234410 -0.28202182
51.97855519 74.89659928 -0.28210301
52.51234731 74.58904479 -0.28286505
53.06656516 74.26503730 -0.27951949
53.61025988 73.93772934 -0.27929364
54.17321386 73.60148130 -0.28562960
54.75782738 73.25658257 -0.28785858
55.35096500 72.90125181 -0.28955799
55.95709509 72.53987700 -0.28568573
56.56157895 72.17739426 -0.28332828
57.19990334 71.78474133 -0.29141456
57.84763524 71.39838415 -0.29852842
58.51621483 71.00265216 -0.29649519
59.21003299 70.58890013 -0.31238442
59.91736661 70.17959572 -0.32201805
60.63468245 69.78319212 -0.33659680
61.41143461 69.37992869 -0.35413619
62.14390990 68.97113317 -0.36293129
62.91037184 68.58258921 -0.37472673
63.65680745 68.18777258 -0.39151268
64.43341356 67.80375637 -0.39898887
65.17831931 67.41372848 -0.39641067
65.94522212 67.04144562 -0.39656215
66.73251562 66.67242336 -0.39419898
67.56283905 66.30925083 -0.39297037
68.34830697 65.94037965 -0.38921256
69.16268336 65.58019474 -0.38376609
69.91792987 65.20872361 -0.38859265
70.69694018 64.83222663 -0.40246933
71.43826360 64.45321927 -0.39178985
72.19009465 64.07098642 -0.38623020
72.91403749 63.66938143 -0.38400066
73.64488793 63.26720250 -0.38796446
74.37920737 62.85448937 -0.40118150
75.10703326 62.43445281 -0.41321531
75.84067822 62.01521820 -0.41989355
76.55524238 61.58449109 -0.42475451
77.25825649 61.14091792 -0.43438261
77.96685284 60.68425503 -0.44939310
78.67033502 60.22172282 -0.45942227
79.38913433 59.73960755 -0.45741087
80.09996592 59.26901242 -0.46457327
80.83301899 58.78775389 -0.47482542
81.58690081 58.30253043 -0.48154028
82.30474518 57.81042668 -0.48865607
83.04643032 57.32530257 -0.48797595
83.77881163 56.83132610 -0.49395651
84.46785603 56.34715791 -0.49031926
85.21181540 55.85027452 -0.49093814
85.93119643 55.36579659 -0.49033292
86.66939578 54.87324397 -0.49061206
87.38913553 54.37483140 -0.48372793
88.12200012 53.87631316 -0.47670783
88.84719841 53.35932848 -0.47435867
89.59872098 52.83672122 -0.47386418
90.30666619 52.30860042 -0.47141939
91.00592418 51.76228049 -0.46096142
91.68476173 51.19720007 -0.44512049
92.38626036 50.60577410 -0.43606396
93.03315294 50.02437069 -0.43083659
93.66169419 49.42826291 -0.42453579
94.28633436 48.81982490 -0.42052598
94.89395830 48.20325963 -0.41518036
95.48184852 47.56532413 -0.40955161
96.04627699 46.93093639 -0.40904333
96.63023119 46.26598289 -0.42115451
97.18103992 45.60460377 -0.41226156
97.76907920 44.89820494 -0.41303763
98.32547170 44.20611566 -0.42068720
98.85726932 43.51980383 -0.44097601
99.38612772 42.84346551 -0.47145218
99.93854233 42.15872372 -0.50009513
100.48330673 41.46678387 -0.50550251
101.07129325 40.75323095 -0.50537547
101.64768279 40.04023183 -0.50729770
102.22457628 39.32187758 -0.50026854
102.79545561 38.60914576 -0.51077419
103.37938241 37.86829583 -0.52256126
103.97748641 37.09958136 -0.53544424
104.54280587 36.33456982 -0.55514334
105.15123764 35.51137092 -0.56566028
105.70385360 34.67602862 -0.57851242
106.23864464 33.87024261 -0.58264268
106.75032873 33.07219704 -0.59192825
107.26047965 32.27312181 -0.57997233
107.77198434 31.45229127 -0.56735596
108.28259005 30.62910731 -0.55373048
108.79160485 29.79217759 -0.55238749
109.28534736 28.95992327 -0.55370059
109.78708065 28.12534698 -0.54817754
110.29586898 27.28936950 -0.53727927
110.78132439 26.47331000 -0.52606764
111.30667091 25.64315798 -0.51504446
111.81360088 24.81505688 -0.50481333
112.33985996 23.96162009 -0.50534865
112.83448081 23.14517029 -0.49666911
113.32887745 22.30962743 -0.48786673
113.80763388 21.47109840 -0.47511822
114.27202517 20.63081050 -0.47194055
114.73604446 19.78142572 -0.46814833
115.18717831 18.93830112 -0.46829692
115.64315013 18.06461137 -0.46601577
116.04244513 17.22175731 -0.46852311
116.45856508 16.35162489 -0.47164761
116.83294815 15.49195931 -0.46072028
117.20995133 14.62452783 -0.45234636
117.56605034 13.75462843 -0.45437610
117.91535186 12.88648520 -0.45179501
118.25149886 12.00675601 -0.45362180
118.57411458 11.14074630 -0.44374963
118.88616698 10.24860380 -0.43495153
119.18521061 9.37805277 -0.42115715
119.47885319 8.50918930 -0.41363254
119.75540957 7.67408469 -0.41511583
120.03372107 6.86314619 -0.41373963
120.30527449 6.04257441 -0.40871072
120.57047246 5.26275462 -0.40690991
120.83657110 4.51983077 -0.40187526
121.10644567 3.81240670 -0.38787158
121.38107497 3.08696208 -0.38065468
121.64098600 2.40829047 -0.36993804
121.89449247 1.75379737 -0.37141926
122.17731593 1.08414993 -0.36369730
122.43391445 0.45753793 -0.35959322
122.65515162 -0.15821739 -0.35371623
122.90705831 -0.79808350 -0.35291757
123.15348515 -1.42428005 -0.34640282
123.39326801 -2.05066798 -0.34336112
123.63481912 -2.68168164 -0.33605946
123.88237424 -3.31576054 -0.31712779
124.11328657 -3.92354626 -0.31872449
124.34566088 -4.54988932 -0.33104821
124.56936830 -5.18221281 -0.35076060
124.80310238 -5.82878078 -0.36898020
125.03818095 -6.47460858 -0.37251922
125.29300156 -7.15825696 -0.37685151
125.50797424 -7.80019247 -0.38024119
125.73414718 -8.45915288 -0.38151813
125.95832683 -9.14196104 -0.38191315
126.20332457 -9.85164562 -0.37384515
126.45475468 -10.56422054 -0.38117645
126.69018195 -11.23834142 -0.37727005
126.95788007 -11.94310538 -0.39297119
127.23433414 -12.64603706 -0.40819809
127.52632294 -13.36720991 -0.41970867
127.82573695 -14.09607331 -0.42696262
128.14126730 -14.82247536 -0.43674469
128.44782065 -15.55356818 -0.46115594
128.75951422 -16.29729628 -0.48146055
129.07492417 -17.05052066 -0.48670679
129.38897559 -17.81073449 -0.47980031
129.73544596 -18.60527961 -0.47007907
130.08274799 -19.40105041 -0.48485176
130.42934478 -20.20213551 -0.47855846
130.77382197 -21.01085908 -0.47734703
131.13597458 -21.85803728 -0.48471411
131.50498866 -22.71785390 -0.48320277
131.86534426 -23.56984459 -0.47559848
132.23716335 -24.43711091 -0.48759508
132.60370688 -25.30026069 -0.49217167
132.96448151 -26.16682947 -0.50279730
133.33351889 -27.05424495 -0.50556967
133.70069124 -27.93130872 -0.49821117
134.07114381 -28.82738569 -0.49552209
134.43630888 -29.70867730 -0.49655947
134.82403271 -30.60763061 -0.51474602
135.18902127 -31.48465841 -0.53559122
135.57111455 -32.38797676 -0.55748761
135.94235081 -33.28435896 -0.56947184
136.31347885 -34.18921162 -0.57522540
136.67281472 -35.07459667 -0.57457430
137.03886497 -35.96037471 -0.58113595
137.40562971 -36.84272657 -0.58980265
137.77262280 -37.73440236 -0.59597556
138.15815154 -38.60987778 -0.59076898
138.55557846 -39.49107121 -0.60080183
138.94540361 -40.37460449 -0.60061640
139.34321332 -41.25949871 -0.60745897
139.72071875 -42.12963966 -0.62080087
140.09040041 -42.98303225 -0.62763874
140.47746022 -43.86457780 -0.65715267
140.84080272 -44.72965237 -0.66767607
141.21036288 -45.60275574 -0.68126095
141.57733667 -46.47253067 -0.69797855
141.93992767 -47.32705815 -0.69562858
142.31498838 -48.20313315 -0.69475926
142.68246698 -49.07525968 -0.69141428
143.04495195 -49.93888113 -0.68590601
143.40780824 -50.80283760 -0.69900977
143.76345308 -51.65327887 -0.69657978
144.11565412 -52.48680411 -0.70133643
144.47201618 -53.31656187 -0.70235980
144.81693929 -54.12908423 -0.69415327
145.15797573 -54.93195809 -0.68906807
145.47892144 -55.71018381 -0.69478561
145.79303789 -56.47808052 -0.71002475
146.07580256 -57.22230755 -0.71182605
146.36429392 -57.96340671 -0.69267360
146.65151560 -58.68748531 -0.66572844
146.93030090 -59.39126750 -0.65221442
147.19965661 -60.07019942 -0.65200900
147.44039873 -60.72142002 -0.65986847
147.68192094 -61.35562568 -0.66353197
147.91466805 -61.97602488 -0.66429166
148.13580495 -62.57854681 -0.65913059
148.34608990 -63.15877574 -0.64833086
148.54540757 -63.70857456 -0.63235972
148.75302059 -64.26325594 -0.62670785
148.96705072 -64.78911459 -0.61913480
149.19196117 -65.31243232 -0.61516607
149.43905496 -65.82143449 -0.61018832
149.70849587 -66.31889692 -0.60703670
149.98753489 -66.78122169 -0.60228753
150.29028336 -67.23835027 -0.59133644
150.61516810 -67.68194800 -0.58219457
150.95514411 -68.11141410 -0.57647707
151.31340354 -68.52586129 -0.56785113
151.70083873 -68.93757714 -0.57168814
152.10177154 -69.33466966 -0.56675784
152.53877026 -69.71426635 -0.55077989
152.98772785 -70.07324743 -0.53743707
153.46204475 -70.43047807 -0.53992050
153.92851918 -70.76919988 -0.54030455
154.42911960 -71.10786800 -0.53677894
154.97718655 -71.43487822 -0.54611232
155.48893167 -71.75499838 -0.55628250
156.02989219 -72.07737508 -0.56549726
156.56123340 -72.40180472 -0.57429931
157.10918319 -72.73229920 -0.58596966
157.69293452 -73.06953714 -0.59572408
158.24880108 -73.41288235 -0.59724061
158.82313863 -73.76303424 -0.59546309
159.40489333 -74.12066151 -0.60451043
159.96061569 -74.47424890 -0.61536701
160.55348900 -74.84321345 -0.63503632
161.14444736 -75.22614371 -0.63987239
161.73022971 -75.60763997 -0.62470838
162.41140781 -76.01436054 -0.62783475
163.02572024 -76.41212558 -0.62515976
163.62543534 -76.82019774 -0.63673712
164.21576169 -77.23702698 -0.63966848
164.79105746 -77.64280667 -0.63205153
165.44538386 -78.08453096 -0.63023531
166.07351697 -78.51215448 -0.62205266
166.73579516 -78.95051821 -0.62217213
167.31902352 -79.37417206 -0.61753203
167.91675712 -79.80594737 -0.61735462
168.57660243 -80.25637939 -0.61640131
169.21451386 -80.69049373 -0.62445080
169.80276581 -81.11750176 -0.62357880
170.59725443 -81.60375260 -0.65226662
171.23101925 -82.04319703 -0.65951500
171.82746040 -82.45411421 -0.66803074
172.42539252 -82.88259969 -0.67693957
173.05317072 -83.32460497 -0.68432690
173.72591913 -83.81612504 -0.69305157
174.37495043 -84.28011600 -0.69487646
174.97337756 -84.70426604 -0.69011664
175.69063436 -85.18952375 -0.70857422
176.30837713 -85.63841133 -0.71650118
176.98027805 -86.10557238 -0.71940634
177.57614813 -86.54993968 -0.70901654
178.29403615 -87.03806568 -0.70280287
178.99948846 -87.52959598 -0.70824845
179.76069309 -88.03376829 -0.70896271
180.43435570 -88.51483701 -0.69913509
181.14286635 -89.00901153 -0.69715304
181.82341364 -89.49820042 -0.70171593
182.49616707 -89.99311324 -0.69748116
183.17860437 -90.48721852 -0.69531155
183.88818559 -90.98019762 -0.69860338
184.58808882 -91.47799071 -0.69281891
185.28966909 -91.96934323 -0.69171148
185.99063857 -92.46300847 -0.68452174
186.69349878 -92.96777026 -0.68687119
187.39961428 -93.46611312 -0.70694060
188.08721225 -93.95217916 -0.71901987
188.79060871 -94.44044888 -0.69782564
189.49209104 -94.93417610 -0.67547909
190.18182656 -95.41103475 -0.66591204
190.87584724 -95.88656528 -0.67528623
191.56054378 -96.36376199 -0.68690493
192.24055975 -96.84740268 -0.68336247
192.90950411 -97.34254220 -0.67398397
193.61750593 -97.83864628 -0.65606938
194.31832113 -98.33385914 -0.64983662
195.00880697 -98.83674005 -0.64671234
195.70585735 -99.33482727 -0.65400667
196.42416263 -99.86152161 -0.66142781
197.10879450 -100.35999647 -0.65353015
197.82445983 -100.86564340 -0.64629440
198.53679261 -101.37608763 -0.64362068
199.24368468 -101.87077006 -0.64405633
199.96445430 -102.38303710 -0.64956617
200.67906103 -102.88404428 -0.65439486
201.40024508 -103.39960490 -0.65331286
202.14595849 -103.92240461 -0.65792249
202.89120789 -104.45239539 -0.65596346
203.62363051 -104.97724323 -0.64205203
204.36231867 -105.50831988 -0.64156433
205.10265906 -106.03369657 -0.65809757
205.81435823 -106.56020404 -0.65326282
206.56857554 -107.08520996 -0.64606006
207.29784803 -107.60439814 -0.63025561
208.03623126 -108.12419728 -0.63013595
208.79380351 -108.65172867 -0.64128398
209.51750692 -109.16721393 -0.65444665
210.22492082 -109.68940702 -0.66358346
210.96564722 -110.22214618 -0.66616491
211.68933110 -110.74155774 -0.65845507
212.42739267 -111.26626398 -0.64988600
213.14735824 -111.78596684 -0.63756598
213.84859396 -112.29962694 -0.63809440
214.55838824 -112.82272332 -0.63922859
215.26192505 -113.32980997 -0.62789241
215.97088179 -113.83745828 -0.61530433
216.66953337 -114.33392554 -0.59798427
217.36245417 -114.81322436 -0.60255432
218.06032281 -115.30287937 -0.61121806
218.75673971 -115.79473375 -0.60109570
219.45103075 -116.28533244 -0.58127995
220.12896392 -116.76384396 -0.56109859
220.77965412 -117.23539673 -0.55391120
221.44453262 -117.70883827 -0.55628826
222.10950290 -118.16564055 -0.56439873
222.77519337 -118.61639401 -0.55809085
223.41434178 -119.05779666 -0.55131584
224.04724990 -119.49096576 -0.53455975
224.64869530 -119.91013043 -0.52172241
225.24923730 -120.33094948 -0.52292092
225.85984777 -120.73886883 -0.52891625
226.43501201 -121.14715301 -0.53002782
226.99781757 -121.54620788 -0.52192209
227.58173591 -121.94606197 -0.51313064
228.13793994 -122.34555093 -0.50659743
228.68959656 -122.73303484 -0.49647753
229.22062499 -123.11585316 -0.48883100
229.73673997 -123.49512923 -0.48793817
230.24542631 -123.86832611 -0.48010264
230.75653798 -124.24924954 -0.47188176
231.24057318 -124.62990573 -0.46240379
231.71281829 -125.00595317 -0.45203731
232.17079566 -125.38825149 -0.43950103
232.61769603 -125.75557477 -0.42762983
233.04798544 -126.12156992 -0.42909944
233.47053142 -126.49699730 -0.42547642
233.86066916 -126.84326443 -0.41863820
234.23886113 -127.17270644 -0.41253413
234.59626567 -127.49303329 -0.40470718
234.93407340 -127.81102266 -0.39743495
235.24952927 -128.12156370 -0.39538903
235.55183597 -128.39107269 -0.38087301
235.83393992 -128.64860303 -0.37293699
236.10700250 -128.87775130 -0.36770462
236.34883867 -129.09709184 -0.36732989
236.58440155 -129.31425365 -0.35764240
236.81888443 -129.51218324 -0.35927165
237.03243471 -129.69170959 -0.34985786
237.23636249 -129.86226678 -0.35535784
237.43432370 -130.03049167 -0.34386291
237.63390854 -130.19981664 -0.34349945
237.83892950 -130.34122821 -0.34552465
238.03698139 -130.47854804 -0.34293532
238.22997987 -130.60861743 -0.33982621
238.42878874 -130.72441166 -0.33902806
238.62962989 -130.84032822 -0.33542563
238.83567860 -130.94257179 -0.32552833
239.03965154 -131.03724759 -0.32674508
239.25392627 -131.12597538 -0.32494281
239.47840343 -131.21138281 -0.32715962
239.70885727 -131.28194999 -0.32428741
239.96277692 -131.34701569 -0.32429029
240.23046988 -131.40648562 -0.32925320
240.50450837 -131.46631227 -0.33023000
240.79832701 -131.49785330 -0.33423883
241.09956511 -131.50126498 -0.32706289
241.37937842 -131.46650824 -0.33462255
241.67151749 -131.40289920 -0.33523079
241.98732704 -131.33590968 -0.34593662
242.31251635 -131.25125224 -0.34878910
242.64181295 -131.15608129 -0.35309227
242.98759566 -131.02077301 -0.35755192
243.33078367 -130.85756710 -0.34287136
243.67477093 -130.66090996 -0.34944254
244.02166802 -130.44957537 -0.36139588
244.38315486 -130.20305711 -0.36066350
244.76124080 -129.91865495 -0.38156040
245.13290469 -129.61437723 -0.39736664
245.52460086 -129.28405874 -0.40339229
245.93260197 -128.93670670 -0.40947076
246.35013829 -128.54646591 -0.41619664
246.75741699 -128.14149033 -0.42001739
247.17733143 -127.71113103 -0.43713832
247.60483102 -127.25043367 -0.45613446
248.01925099 -126.77137794 -0.44469737
248.42175654 -126.26000408 -0.44343551
248.83514413 -125.73339936 -0.46418545
249.24666575 -125.17258717 -0.49184596
249.66685186 -124.56893220 -0.50541912
250.05748011 -123.95189911 -0.48854982
250.47855879 -123.32004697 -0.46583612
250.90485376 -122.67709972 -0.44539858
251.31372737 -121.99159196 -0.44967421
251.73930347 -121.30991367 -0.44549712
252.17740179 -120.59973376 -0.45436568
252.62831811 -119.88186723 -0.47765662
253.09211992 -119.13892738 -0.49297731
253.57507508 -118.36579896 -0.49148589
254.06206870 -117.53122271 -0.53939946
254.54759649 -116.68783976 -0.58276005
255.08682771 -115.89705769 -0.59491758
255.60847534 -115.17751274 -0.59526996
256.11882164 -114.38112094 -0.61825715
256.63356796 -113.60034304 -0.66186698
257.17478102 -112.89547052 -0.63492086
257.68759505 -112.10543551 -0.65558039
258.23523316 -111.27759296 -0.67958720
258.80884360 -110.42646476 -0.68065020
259.38179893 -109.58109412 -0.68273646
259.93293457 -108.72261526 -0.69664357
260.50628939 -107.84660265 -0.70932822
261.08422057 -106.97062279 -0.74886384
261.64842071 -106.11584014 -0.76588212
262.21762726 -105.24015767 -0.77579339
262.75000485 -104.37553960 -0.74918045
263.29429912 -103.48549628 -0.76180353
263.92338541 -102.72128694 -0.70914061
264.48044994 -101.76498760 -0.76481560
265.04295206 -100.90218587 -0.79520436
265.59642191 -100.03612130 -0.80598464
266.18370232 -99.24548999 -0.83380635
266.72986838 -98.35180031 -0.88138108
267.29541853 -97.56584509 -0.91885892
267.64791241 -96.61528379 -0.87797109
268.08143383 -95.89988912 -0.83619417
268.55161946 -95.09254748 -0.83134397
269.09391510 -94.16101578 -0.82079359
269.65187506 -93.31488625 -0.85358183
270.22891418 -92.31162481 -0.86647700
270.74314972 -91.47516631 -0.90801258
271.37846778 -90.69656421 -0.95475351
271.89297014 -89.82005778 -0.96134964
272.69770488 -88.77941923 -0.95739023
273.51242792 -87.77826756 -0.95174366
273.92748006 -87.15201896 -0.95766355
274.46191557 -86.49459221 -0.98458894
275.13520504 -86.03271202 -0.92573911
275.57322408 -85.52574886 -0.94764371
275.86690324 -84.75733133 -0.88316455
276.32613802 -83.87662156 -0.93565606
276.79763344 -83.04383501 -0.96707145
277.25875467 -82.11453193 -0.90809695
277.71041182 -81.05916029 -0.90792636
278.25864521 -80.30757084 -0.89266228
278.81402713 -79.44228052 -0.90779470
279.29024843 -78.65474813 -0.90114563
279.81444259 -77.73445690 -0.93765656
280.26666174 -76.94711973 -0.96032569
280.20068450 -76.68300634 -0.79973583
280.97910708 -76.16042288 -0.80034696
281.52949337 -75.42072206 -0.90318207
282.05425040 -74.65650531 -0.93832675
282.48630652 -73.87280983 -0.97787468
282.90288586 -73.06464540 -0.96738622
283.18227102 -72.44235452 -1.03868089
283.78448873 -71.67748510 -1.05204011
284.40312529 -70.80924071 -1.03695949
284.75208656 -69.90207225 -1.08461526
285.44630050 -69.11543577 -1.14630465
285.97634572 -68.29394851 -1.16831565
287.14718718 -67.20031692 -1.02083194
287.73034476 -66.36023211 -1.00592910
288.33882953 -65.50491896 -0.98132426
288.91908497 -64.71675961 -0.96545950
289.47848323 -63.91657742 -0.97471167
289.96771226 -63.21284791 -0.99170785
290.54164653 -62.29705848 -1.00585123
291.15290966 -61.41838063 -1.03393722
291.64294802 -60.42335317 -1.02458069
292.18785265 -59.39416040 -1.06655068
292.77213995 -58.57943104 -1.07184342
293.20915950 -57.96540335 -1.06460182
293.85080618 -56.73768355 -1.09623062
294.41072988 -55.76453293 -1.03332846
295.41483523 -54.70132088 -1.06816847
295.53101374 -54.52618939 -1.06716149
295.77755759 -54.33767464 -0.96196875
296.17563836 -53.72185478 -0.94305864
296.46216292 -53.22724575 -0.91900499
297.05591067 -52.55566089 -0.92310795
297.75109494 -51.92533050 -0.94567530
298.04188754 -51.03423434 -0.93609187
298.57045168 -50.20516481 -0.95083617
299.18051940 -49.31420477 -0.95690449
299.98630228 -48.34680229 -0.96193010
300.52978601 -47.54051652 -1.00063175
301.12397235 -46.70200763 -1.02976378
301.79579406 -46.10043664 -1.05004802
302.45391066 -45.36784023 -1.07815021
303.10330823 -44.35932479 -1.09948073
303.79229568 -43.31582554 -1.02140146
304.68635625 -42.39039440 -1.09948446
305.27478568 -41.54993029 -1.12433393
305.80313360 -40.80808449 -1.10067331
306.08104469 -40.17528353 -1.10866372
306.68097006 -39.77744055 -1.13465857
307.16131514 -39.29822497 -1.13854353
307.74588160 -38.86668457 -1.17697776
308.51601909 -38.00813669 -1.21537014
309.06149766 -37.39788348 -1.22729871
309.84612690 -36.32928462 -1.26631667
310.29943328 -36.13197131 -1.33117287
310.91998599 -35.02651026 -1.31709306
310.96804115 -35.18349129 -1.33970497
311.14322069 -35.36151306 -1.30125921
311.81259510 -34.77397448 -1.32008570
312.16419743 -34.58838654 -1.19783378
312.37534838 -34.75045394 -1.21789734
313.13081804 -33.96913051 -1.21784569
313.00095503 -33.61748401 -1.03354092
313.61213545 -33.52010672 -1.03310499
314.28300569 -32.47016879 -1.00884143
314.67953317 -32.19186605 -1.02545159
315.37514967 -31.50852436 -1.00543897
315.51454165 -31.62192194 -1.00179812
315.76501297 -31.75477447 -0.94916946
316.43278831 -31.47691346 -0.93206347
316.43067080 -31.48551590 -0.87889692
316.70465652 -30.60346051 -0.82562545
316.67111829 -30.75258654 -0.81224650
316.84730563 -30.59041798 -0.80772127
316.87357855 -30.00343923 -0.79641001
317.15386871 -29.59819581 -0.81366365
317.14876084 -29.18988854 -0.81438739
317.12633344 -28.35895228 -0.76086902
317.26144864 -27.81265233 -0.78218187
317.41423922 -27.17658413 -0.77182425
317.47495445 -26.83439683 -0.76780625
317.57589598 -26.31944098 -0.77147066
317.57374193 -25.86802019 -0.74520174
317.73310926 -24.82145151 -0.76197577
317.81663497 -24.15254777 -0.78470895
317.82652468 -24.15509073 -0.80079467
317.91350320 -23.91019672 -0.81707169
317.99135158 -22.92186264 -0.80425046
318.12463721 -22.12201494 -0.81380577
318.52783850 -21.63541642 -0.82458024
318.39908114 -21.54932854 -0.81977789
318.51268727 -20.72107093 -0.81094694
317.96612650 -20.03993289 -0.66598461
318.22477564 -19.14781400 -0.65027433
318.19520811 -18.22330193 -0.71217287
318.34745351 -17.73249674 -0.78039972
318.17084892 -17.16455617 -0.79623601
317.92921541 -16.74233515 -0.83033537
317.35330662 -15.61308918 -0.89873771
316.98423176 -14.51482934 -0.79343614
316.83504880 -14.50841274 -0.87264211
316.64152126 -14.17461727 -0.93246070
315.87470404 -13.20472303 -0.91193292
315.45325493 -12.52621388 -0.88883406
314.89845879 -11.83233034 -0.83531689
314.45815468 -11.15963422 -0.82589467
314.02948566 -10.15921533 -0.73473873
313.63393655 -9.26873840 -0.74925509
313.58656469 -9.02326739 -0.88364777
312.59008157 -7.73471464 -0.88460800
312.31679074 -6.92527348 -0.90590558
312.06571049 -6.28547053 -0.91550322
311.39409724 -5.32919287 -0.79922211
310.99856133 -4.58965435 -0.79984217
310.39254875 -4.13245817 -0.62714787
310.02160682 -3.65462684 -0.59323779
309.23911488 -2.32892068 -0.51833236
309.15656148 -2.17178631 -0.51957330
308.40410941 -1.06036603 -0.48616153
307.92060658 -0.22613792 -0.45861918
308.01372209 -0.47078231 -0.54439710
307.63192278 0.19877127 -0.54045130
307.23143072 1.36195796 -0.46194022
306.77833217 1.91549507 -0.39044129
306.29084558 3.17443708 -0.34178656
306.22730488 3.51689162 -0.32114454
306.01085934 3.89433542 -0.30786413
305.51556172 4.64419578 -0.30989032
304.85983054 5.74310639 -0.22353170
304.81385297 6.63560362 -0.26041417
304.13375385 7.08339927 -0.25377915
304.00599447 7.57349635 -0.23678257
303.85506503 8.22322435 -0.28832171
303.47326789 9.32440154 -0.34479257
303.09718994 9.92645183 -0.40051172
302.53346918 11.25716833 -0.39986000
302.34216021 11.68381378 -0.41054529
302.02882706 12.23328634 -0.42433203
301.92636666 12.83153262 -0.33848937
301.81989675 14.00624301 -0.35577637
301.63287708 14.34135069 -0.36384994
301.25306105 15.08195015 -0.40725280
300.72127561 16.36957499 -0.48592247
300.01911053 17.40042292 -0.53806826
299.98862501 17.87145815 -0.50332395
299.56700152 18.94475693 -0.56124827
299.12732237 20.02130784 -0.54805015
298.89819792 20.75988691 -0.52048980
298.62200548 21.68624898 -0.50843981
298.24647900 22.69589893 -0.53753361
298.05809069 22.94296824 -0.51234548
297.47089042 24.18108416 -0.52549030
296.99378544 25.04493225 -0.57571530
296.49139635 26.17515719 -0.57966960
296.09907632 26.99431303 -0.60812852
295.36851926 27.67360439 -0.59651460
294.75854937 28.91932365 -0.68269056
294.20911230 29.63816685 -0.68120365
294.24930579 30.17615119 -0.72383967
293.49314334 30.87259277 -0.76972795
292.74591433 31.66756167 -0.80316456
292.03734886 32.80818461 -0.82037663
291.41870789 33.65173232 -0.78568040
290.86714550 34.39361694 -0.84818202
290.48054705 35.50632527 -0.93771283
290.13045282 36.47617221 -0.97119074
290.22462079 36.79514479 -0.94776271
289.88601390 37.45434316 -0.95926652
289.31293707 38.65344986 -1.01337076
288.80813443 39.81506929 -1.05709927
288.26571702 40.78677997 -1.06444517
288.07605233 41.77233236 -1.10947555
287.71985517 42.75337662 -1.08246371
287.17586120 43.80429401 -1.24837178
286.63041878 44.94004663 -1.22992667
286.03426521 45.84103753 -1.12808458
285.67473255 46.56457017 -1.14761336
285.04480028 47.54648789 -1.13583490
284.59117105 48.48403862 -1.13256623
284.11775075 49.41671320 -1.16306702
283.56155229 50.17079108 -1.24506459
283.18506571 50.96165402 -1.30929512
283.30527146 51.15573097 -1.29898378
283.08489455 51.73709715 -1.36059225
282.44357937 52.73106616 -1.36602428
281.96376766 53.30258727 -1.37025348
282.03301138 53.05094336 -1.20784049
281.45296391 54.04473472 -1.27197594
281.09798252 54.71206444 -1.27808023
280.73937937 55.32413046 -1.27596048
280.19591281 56.64736692 -1.21461463
279.71287717 57.30453492 -1.21618711
279.27281029 57.73619791 -1.18054008
279.42070762 57.06148391 -1.10953687
279.11121018 57.91461088 -1.10385294
278.71608333 58.81890804 -1.04696194
278.47502121 59.36715683 -1.02395130
277.81933800 60.28432272 -0.98812562
277.82003208 60.25745296 -0.93394408
277.28298617 60.98105203 -0.88670543
276.91987971 61.61080975 -0.89354130
276.69378528 61.84274402 -0.89007521
276.37666756 62.24696237 -0.88621386
276.30613764 62.39017049 -0.83552127
275.94375143 63.06510049 -0.83689175
276.06916303 62.93286937 -0.77275705
275.66118785 63.38205681 -0.75934939
275.47800855 63.72623096 -0.75034338
275.25459126 63.72166471 -0.72569530
275.41571807 63.27210071 -0.69076572
275.30677344 63.22841904 -0.60961350
275.07054775 63.72908288 -0.61246279
274.91502445 64.17628396 -0.63169562
274.83539603 64.52738455 -0.63078023
274.85214299 64.42818277 -0.60982067
274.74756762 64.41284589 -0.60489303
274.90853794 64.97013417 -0.59857081
274.53368522 65.02212481 -0.52238255
274.73262835 64.98489919 -0.51217160
274.84179124 65.13245388 -0.53807913
274.71611731 65.21898162 -0.53313037
274.91544925 65.82350866 -0.58769827
274.48465719 66.16089080 -0.58460462
274.23725362 66.36489146 -0.54786005
274.57575106 66.89351469 -0.52034071
274.68191413 67.26921784 -0.50216887
274.20957816 67.61951690 -0.48231477
274.00935198 67.93615643 -0.47244267
274.22908315 68.61731902 -0.39158089
274.26625886 69.30701566 -0.34557940
273.82953913 69.96759598 -0.31765558
274.26149392 70.73866526 -0.24710003
274.22204417 71.30520580 -0.23739146
273.74349729 71.72917024 -0.24415404
273.85108387 72.25488573 -0.25729103
273.78927301 72.71796195 -0.24773095
273.29872466 73.36178264 -0.25062664
273.17513121 73.57990176 -0.27404789
273.18370107 73.76509508 -0.27372217
273.41357355 74.36899212 -0.27723864
273.39581367 74.91789758 -0.24450856
273.19738781 75.21662413 -0.23173921
272.74637003 76.34673217 -0.22675549
272.61964761 76.71325300 -0.26271116
272.11399521 77.74567470 -0.32247867
272.10552393 77.99875275 -0.37027090
272.00384929 78.20175775 -0.43329523
271.35631123 79.34951446 -0.50266770
271.48208851 79.38483853 -0.52745797
270.88312422 80.25641002 -0.62439240
270.96255295 80.85957544 -0.64026212
270.81810010 81.39548373 -0.71675462
270.72847145 81.78348421 -0.68007085
270.34979355 83.08021451 -0.63501474
269.59471533 84.03059811 -0.59109558
269.16437377 84.77971081 -0.58451635
268.77063121 85.50246937 -0.57095938
268.48245058 86.02866925 -0.54379295
267.87734171 87.41585054 -0.51732632
267.38795505 88.41658289 -0.49240445
266.76166070 89.68886118 -0.25174623
266.33426626 90.56422978 -0.21876898
265.67841768 91.45698872 -0.17360569
265.10028293 92.16123982 -0.16341411
264.91610448 92.26610250 -0.12342936
264.79410861 92.32305652 -0.07650405
264.16364299 93.63650236 -0.02296355
263.56734715 94.72936391 -0.04132089
263.47182475 94.84299632 0.02321400
262.95491377 96.00797590 0.04112925
262.38065211 96.46225902 -0.02017076
262.69217061 96.40954281 0.03907744
262.23053083 97.42240224 0.09731785
261.71542081 97.88876275 0.07906123
261.22196020 98.54875558 0.09772418
261.12570649 99.54671796 0.29109536
260.33865780 100.49022010 0.31298148
260.22554275 100.76369278 0.30189027
259.94921638 101.34252250 0.29244070
259.90718761 101.62238163 0.40171650
259.25643890 102.66824893 0.34803324
259.17741975 102.84428032 0.25307813
258.42578923 103.83014615 0.22665601
258.38206297 103.95411613 0.18332151
258.15720516 104.27430646 0.10804679
257.91268805 104.28748632 0.11329622
257.33836911 105.19371186 0.13445758
256.97469452 105.83641419 0.16047868
256.48484630 106.59326909 0.18087987
256.22477937 106.86524425 0.19586239
255.84897461 107.17429769 0.24026392
255.05472147 108.00488315 0.27486496
254.63682092 108.57784650 0.29227055
254.19444137 109.05003529 0.36959378
253.61283773 109.86095337 0.37435988
253.35657338 110.05965241 0.41041473
252.82662004 110.68193502 0.40772859
252.35662139 111.23300707 0.43532617
252.13843649 111.32216624 0.37395572
251.78883090 111.47220236 0.35538463
251.30316725 111.95895176 0.38756035
251.12642722 111.91964346 0.43244847
250.74665998 112.09900455 0.42831545
249.89507154 112.60791073 0.47557311
249.09834358 113.11995187 0.47853866
248.44586937 113.39930971 0.54559434
248.17330996 113.58479446 0.54594480
247.86587222 113.89249984 0.55436410
247.32085087 114.21704702 0.54828289
246.74743336 114.55622219 0.52334474
246.18039594 114.90659395 0.52077097
245.55800311 115.28921795 0.54258157
244.94490758 115.64749546 0.54093906
244.30204176 116.02166888 0.54893432
243.65802514 116.40994544 0.55711188
243.00926885 116.82461639 0.57603577
242.33600567 117.25825410 0.59174164
241.60858847 117.66699262 0.60173401
240.90002529 118.06791067 0.62083316
240.17329536 118.50013977 0.61485500
239.45054082 118.88355819 0.60056446
238.71762668 119.33566532 0.60415343
237.95826934 119.81174076 0.61556294
237.19276508 120.26864948 0.62710307
236.38051388 120.76205367 0.61785612
235.56478549 121.26206699 0.58949053
234.78280223 121.71386249 0.57806728
233.97369767 122.23762980 0.56616145
233.19312202 122.75581722 0.56903641
232.41362581 123.23758906 0.57953462
231.60318657 123.77723963 0.56868490
230.77692777 124.27967843 0.61689872
229.92211440 124.81564915 0.66513831
229.04780012 125.32318159 0.67885329
228.15758451 125.86585458 0.67818930
227.28350295 126.41341209 0.66645657
226.34227589 126.91041646 0.64525145
225.41779746 127.44090417 0.66023970
224.48577337 127.95201357 0.64480297
223.56714247 128.45204755 0.62724341
222.65967624 128.94297135 0.62304692
221.76436391 129.45947366 0.62682775
220.87672903 129.97544906 0.61669706
219.99669410 130.47225141 0.60781149
219.13159777 130.95066422 0.58357184
218.34339513 131.42566295 0.57089686
217.42532652 131.88336589 0.56603105
216.57909523 132.33872751 0.57100991
215.72279541 132.79964028 0.54867695
214.86447270 133.24241734 0.54383348
213.99423451 133.70312645 0.52520827
213.16544289 134.15237731 0.52922765
212.29404619 134.60396910 0.52342342
211.46725426 135.04987751 0.53942634
210.62490857 135.50377283 0.55289731
209.78524881 135.96396078 0.56909764
208.91524277 136.42906348 0.58274372
208.05179333 136.89196989 0.60442522
207.17107237 137.31902726 0.59319941
206.30419043 137.74922208 0.61288257
205.42299407 138.17856505 0.61115723
204.55627745 138.59698580 0.64736240
203.70579137 139.01255577 0.66796002
202.84753464 139.44046376 0.68795910
201.98898220 139.85540637 0.70231426
201.13861066 140.26500421 0.70460975
200.24792164 140.68605059 0.71439539
199.39069649 141.07222493 0.73958389
198.57176138 141.43624726 0.75458284
197.72738219 141.81410959 0.76668161
196.89829486 142.20116150 0.78321850
196.12327707 142.56053979 0.78957261
195.35877894 142.90876620 0.80380479
194.62868488 143.24325192 0.79704061
193.89788013 143.58637972 0.81201839
193.12918386 143.91704926 0.82269383
192.40822473 144.23450779 0.83079211
191.70693768 144.53565364 0.82950517
191.06863037 144.81366191 0.81791023
190.43148210 145.10815838 0.80374192
189.80910320 145.37842067 0.77872229
189.16842961 145.66151980 0.75515029
188.56163119 145.94726914 0.73924643
187.99393709 146.23641047 0.71948943
187.41630821 146.55029475 0.69850263
186.89302793 146.83251206 0.68952137
186.37123178 147.12245851 0.66251799
185.84219300 147.42240725 0.62946016
185.32763731 147.70887075 0.59284553
184.80950314 148.03634658 0.54991137
184.31359014 148.37819858 0.52153360
183.83768070 148.72336724 0.48240670
183.38037126 149.07617668 0.45299218
182.91040683 149.45844156 0.42772917
182.50002112 149.84711073 0.41613431
182.08656208 150.26949185 0.39706783
181.69970740 150.73296425 0.38586305
181.35615729 151.20445215 0.37250264
181.03360071 151.69098007 0.35848098
180.73444402 152.18788189 0.32652555
180.46173892 152.70031283 0.29402531
180.21389519 153.22373524 0.28094309
180.01249774 153.75725027 0.26943280
179.83755574 154.29677276 0.25942343
179.69446655 154.85009941 0.22943400
179.59525615 155.42955888 0.21441797
179.53455826 156.04407137 0.21641578
179.50068856 156.68951229 0.21808864
179.48511810 157.29615428 0.21100792
179.50681723 157.90501794 0.20836749
179.55223091 158.51761918 0.20594541
179.62200692 159.15303463 0.20981784
179.72683165 159.80764293 0.20778188
179.90595492 160.46668410 0.20572529
180.07375037 161.11899736 0.20813490
180.27737246 161.77035991 0.21058783
180.51182115 162.45366396 0.22318662
180.76389826 163.14460296 0.24333863
181.01482513 163.83082095 0.25175344
181.27922749 164.53391729 0.25600399
181.56606679 165.20333011 0.24927889
181.85172671 165.87823931 0.24170160
182.12878298 166.54524918 0.23652062
182.43618080 167.23530032 0.23942671
182.74726780 167.91981482 0.23869843
183.04989939 168.64121008 0.24700470
183.38188502 169.38265326 0.25197833
183.72506890 170.10038378 0.26051506
184.03068413 170.80219634 0.25963289
184.34101844 171.52700743 0.25853334
184.68982924 172.27874698 0.28200932
185.01968003 173.02513267 0.30554153
185.36859556 173.77881158 0.33682414
185.72531088 174.59002239 0.36284667
186.07884735 175.36938364 0.39102304
186.43970032 176.18798035 0.40363924
186.79985680 176.94409336 0.40709456
187.15470887 177.73633178 0.41066758
187.53320993 178.53610081 0.40170658
187.91106720 179.37306982 0.38914034
188.28462229 180.21795042 0.38276168
188.67245073 181.09728279 0.39661928
189.07875146 181.97688975 0.41998102
189.47376442 182.85844263 0.43312155
189.88963169 183.78325294 0.43990200
190.30830431 184.68343749 0.43817340
190.73321086 185.57974836 0.43941111
191.16321827 186.49748488 0.44290869
191.58962261 187.42019307 0.42650504
192.02429859 188.35641986 0.41481098
192.46275010 189.30652995 0.43162035
192.90439283 190.24894278 0.44758282
193.34770584 191.20354638 0.45182664
193.76790288 192.16084136 0.43899624
194.21192758 193.11908812 0.43365009
194.65807904 194.08118039 0.42602154
195.10590297 195.04453462 0.43663988
195.54752035 196.00735054 0.44296308
195.99439290 196.98466971 0.43893257
196.43940915 197.96419773 0.43809881
196.88561237 198.94785573 0.44137801
197.34315668 199.92034726 0.43012016
197.79294624 200.89503096 0.42028405
198.24821038 201.84513193 0.40205378
198.70480558 202.79460238 0.39660308
199.16848390 203.75702622 0.40011873
199.62196038 204.71106964 0.39669125
200.07790116 205.67658878 0.39935709
200.53197137 206.62884496 0.41022064
200.98268823 207.60060833 0.42119883
201.42773395 208.57294834 0.41885935
201.86953676 209.54129303 0.39917507
202.31659518 210.49580724 0.38440599
202.76449147 211.44428267 0.38169925
203.21508833 212.38324902 0.37979288
203.66410035 213.33137363 0.37574577
204.11438791 214.27859097 0.37720649
204.56483672 215.25137369 0.37407943
205.01932355 216.20879028 0.36522433
205.47336226 217.17442667 0.35957877
205.92875658 218.11145585 0.35777357
206.38303850 219.05596865 0.36922500
206.83819590 219.98791114 0.37484484
207.28584726 220.93474168 0.37116013
207.74792613 221.85087370 0.36617009
208.20150287 222.76073347 0.35508909
208.64710673 223.66540535 0.35048649
209.08691389 224.61225531 0.34860866
209.53213439 225.50601089 0.33756084
209.98312849 226.42688437 0.33877079
210.42756768 227.36736567 0.32998077
210.86150787 228.30826732 0.31468653
211.28879639 229.21832479 0.29916419
211.72589510 230.16913431 0.28169630
212.15684396 231.08608167 0.26047580
212.58570266 231.96051614 0.24946944
213.01380430 232.86371260 0.24974500
213.43047243 233.76453454 0.23853130
213.85162732 234.68529136 0.21731972
214.26252809 235.58151678 0.21320712
214.67316412 236.49953655 0.21826359
215.07827698 237.43690143 0.23013224
215.47162322 238.34411480 0.22930484
215.86303716 239.25713684 0.21926025
216.23458757 240.15229306 0.21815091
216.60800907 241.05224113 0.21646826
216.98293515 241.97327427 0.20671287
217.37150403 242.90370319 0.20015127
217.76157635 243.81277452 0.19008690
218.14041858 244.71032569 0.18757023
218.53387818 245.62028993 0.18457264
218.95077759 246.53934066 0.18021611
219.35338882 247.43998315 0.17546322
219.75786222 248.36218066 0.16273999
220.17739565 249.29536572 0.15876408
220.59142731 250.21507929 0.13950132
221.01426750 251.12877928 0.11417309
221.44778398 252.04972882 0.09865777
221.89049326 252.95223471 0.08820885
222.34872139 253.88519352 0.08753581
222.80499554 254.78928151 0.08047970
223.25737311 255.66949738 0.07388666
223.71541194 256.58079317 0.06822571
224.17455796 257.49177579 0.07684321
224.63584622 258.40477305 0.07977224
225.09974526 259.31311144 0.07244306
225.56826666 260.23680248 0.07162355
226.05057470 261.12929972 0.08118489
226.52878960 262.04465839 0.07638213
227.00470518 262.93844522 0.06099377
227.46990570 263.83812423 0.03351420
227.94444440 264.71674633 0.01938485
228.41591195 265.61061037 0.01085022
228.89008575 266.48920661 0.00850786
229.36309008 267.34639000 0.00303061
229.83760443 268.21219515 -0.01804241
230.30426745 269.06893608 -0.03344971
230.76664051 269.95268060 -0.03473336
231.21741478 270.81042069 -0.04201965
231.66899013 271.62956324 -0.05631022
232.11562713 272.46590873 -0.06260038
232.54856179 273.27118172 -0.06726379
232.98385278 274.07570253 -0.08579094
233.40927584 274.85760849 -0.09400022
233.82759224 275.63981862 -0.09578625
234.24399696 276.41013234 -0.09585401
234.65857457 277.16296991 -0.10513085
235.06553649 277.89953384 -0.11246371
235.47981037 278.60923975 -0.11335280
235.88972992 279.32710296 -0.10713825
236.29315931 280.00620077 -0.10539582
236.68648820 280.67070780 -0.10022923
237.07006986 281.31947006 -0.11367681
237.44972944 281.93341946 -0.13286731
237.81837557 282.54058134 -0.14708043
238.18250054 283.13200008 -0.15227204
238.53947019 283.72515632 -0.15809986
238.89112018 284.31207944 -0.16289184
239.24784536 284.89365079 -0.17028602
239.60502422 285.47114556 -0.17511855
239.95700781 286.04514666 -0.16401062
240.30874743 286.61591057 -0.15645912
240.64138018 287.18573526 -0.14907670
240.96395222 287.75181183 -0.15459469
241.27981217 288.32064456 -0.16151122
241.59418519 288.89618174 -0.16640211
241.90102166 289.46372301 -0.16491986
242.19198421 290.05449788 -0.16830057
242.47144247 290.66373497 -0.15723115
242.76318205 291.29000370 -0.15611759
243.05022185 291.91463757 -0.15668383
243.33421649 292.57336002 -0.15850697
243.60949383 293.24925647 -0.15560778
243.88674723 293.94521765 -0.15973829
244.17795125 294.64131057 -0.15708836
244.46664461 295.34440578 -0.14925176
244.76807917 296.08387766 -0.13514976
245.07024325 296.81547099 -0.13166348
245.39718620 297.55233225 -0.13794420
245.73437226 298.32414572 -0.14317545
246.07193131 299.10353590 -0.15655355
246.42884999 299.89902295 -0.15626553
246.79795657 300.68466390 -0.14125057
247.18854792 301.49362662 -0.13804433
247.59339673 302.28988667 -0.14239207
248.01832133 303.11929423 -0.15325410
248.45285883 303.93869568 -0.16147417
248.90181260 304.76742532 -0.15503509
249.36576226 305.61980332 -0.14024607
249.84359435 306.47012287 -0.13452739
250.33315833 307.33363643 -0.12664550
250.83112128 308.19869118 -0.13080899
251.33544803 309.08474804 -0.12988249
251.85262243 309.98284946 -0.13282936
252.37582561 310.88633704 -0.12557526
252.89830167 311.81705071 -0.12585115
253.42357727 312.74111058 -0.12497829
253.96014565 313.70778247 -0.13092395
254.48180356 314.59811538 -0.13207789
255.01885919 315.55457208 -0.13373181
255.54321248 316.47911885 -0.13145214
256.05404370 317.42699429 -0.13883367
256.57260794 318.34832199 -0.12157876
257.08353782 319.30524163 -0.10374441
257.58323016 320.24839118 -0.09484351
258.08332219 321.20296156 -0.09187916
258.58653090 322.15474472 -0.09730751
259.08186655 323.10800227 -0.10547732
259.57306164 324.05257445 -0.10261136
260.06137172 324.99193796 -0.10207556
260.54801137 325.91849002 -0.10754172
261.03955428 326.84634673 -0.10681043
261.52496756 327.79528780 -0.09417207
262.01574489 328.72911403 -0.08094416
262.50464486 329.66649355 -0.07311875
262.98526844 330.59832962 -0.06959662
263.46698514 331.52238302 -0.07731565
263.94702161 332.44195085 -0.08058664
264.42955659 333.34282649 -0.09064197
264.91766326 334.26560016 -0.08679380
265.39818384 335.16086399 -0.07729580
265.86769398 336.07952865 -0.05494795
266.34213083 336.98210363 -0.04204304
266.80036354 337.86931088 -0.03759590
267.26308905 338.70913022 0.02837771
267.69679079 339.53991064 0.02441900
268.13903202 340.32071977 0.01629383
268.56332846 341.18258623 0.01290723
268.98766899 341.96277371 0.01799112
269.38394178 342.76295378 0.02712743
269.77874089 343.54921047 0.02571224
270.14878832 344.30580806 0.02514843
270.55770246 345.04581604 0.01045684
270.93689563 345.78849841 0.01290009
271.28408019 346.62637478 0.03600521
271.64780734 347.38874451 0.03286763
271.99124847 348.14738409 0.03190799
272.32112293 348.89611799 0.04211742
272.63286410 349.59189175 0.03619704
273.00053571 350.28213623 0.03501371
273.28913148 350.94422674 0.04162891
273.57953762 351.57214275 0.04048720
273.83194907 352.25970442 0.03577401
274.08715722 352.89327608 0.05315123
274.33726141 353.44758678 0.03007588
274.56327995 354.02411038 0.03876171
274.75404094 354.55322383 0.04299401
274.94826010 355.05766251 0.05552929
275.13028728 355.51145385 0.06069851
275.31370903 355.97058792 0.06356061
275.50322666 356.41069233 0.06870176
275.71320000 356.83135297 0.07101147
275.93235436 357.22001579 0.06881371
276.17181904 357.59996771 0.07770494
276.46944745 357.98443824 0.08610532
276.74801442 358.36199763 0.08350287
277.06394226 358.70285112 0.08096975
277.38397562 359.03289310 0.08761290
277.74371986 359.34151961 0.08472571
278.12643309 359.63973336 0.07365492
278.53864812 359.90112600 0.07071022
278.91809618 360.16844592 0.07336467
279.32317010 360.40188892 0.08877446
279.65139364 360.45372295 0.09659138
279.97818279 360.47503690 0.12725250
280.39579176 360.61365677 0.13390886
280.78472069 360.71628035 0.14016033
281.26059425 360.84386620 0.10078560
281.49583887 360.70720304 0.11992730
281.88876706 360.58011302 0.00077819
282.25217416 360.48804858 -0.03082640
282.72805386 360.64788973 -0.03565622
283.25563921 360.65475409 -0.04463028
283.75018179 360.55175169 -0.03651005
284.15562347 360.46499116 -0.03327804
284.63323647 360.35818468 -0.06577704
285.20042500 360.20430108 -0.07034411
285.72056569 359.91395845 -0.04410574
286.18203329 359.89904407 0.01720650
286.70631021 359.77072407 0.00307847
287.27903086 359.52734919 -0.00397552
287.67982123 359.31353095 -0.06327115
288.28023464 359.13357439 -0.05626100
288.67355564 358.90165176 -0.03561971
288.91867470 358.80627891 0.00059997
289.64200637 358.44990620 -0.01394334
290.45719259 358.16407107 0.10399478
291.17437774 357.69930547 0.07721261
291.30148003 357.66668775 0.03873788
292.63072029 356.83771991 -0.01607105
292.94896424 356.65654544 -0.00735150
293.80583731 356.06961444 -0.02845064
294.68751727 355.76474233 -0.07446359
294.51662624 355.63554860 -0.07706395
295.55119860 354.97616309 -0.07644513
296.57744788 354.51189552 -0.06177214
297.46718979 354.17435141 -0.14970182
298.43423368 353.68840512 -0.21886322
298.61125033 353.86713095 -0.09962437
299.58139527 353.45965304 -0.11979306
299.75389482 353.26301698 -0.13608523
300.16294710 353.00502704 -0.20813305
300.18206191 353.02837242 -0.00873409
301.46044214 352.36626392 -0.04054515
302.85959458 351.59790181 0.13765323
303.59706767 351.16834220 0.10907521
304.55570941 350.53854508 0.13197702
305.30028313 349.96315563 0.06339048
306.24288606 349.41675014 0.00608981
307.42510846 348.95287909 0.03240756
308.40611180 348.45069728 0.05164488
309.03941560 348.17754380 0.03837687
309.98348623 347.70252641 -0.00602133
310.82098663 347.27493051 -0.02840110
311.61611944 346.78957784 -0.06497331
312.78881892 346.27542451 -0.09143792
313.71637765 345.79180203 -0.07557989
314.59304757 345.39898039 -0.10082304
314.89724387 345.23413155 -0.03620021
315.34855919 344.57004335 0.00283809
316.44350093 344.18257567 -0.04844938
317.11176815 343.99999418 -0.05187039
318.37213196 343.26317690 0.07384564
319.26628327 342.66877440 0.12122739
320.53945871 342.41678383 0.13175276
321.42284444 342.04109682 0.11485585
322.69657296 341.50418708 0.02435269
323.94190449 340.98227739 0.09032214
324.84198655 340.32221666 0.13296850
325.70794657 339.78815492 0.09883621
325.55128754 339.67998603 0.14150698
326.01233471 339.43817065 0.15953548
327.04511916 338.98073753 0.12579640
328.19122043 338.44841957 0.07309177
329.10647632 337.93846637 0.08202353
329.91814137 337.46343668 0.07376580
330.87429964 337.11189091 0.09422990
331.37822663 336.77924266 0.14546085
332.32806813 336.28849278 0.11350938
333.19057112 335.84121094 0.11850429
334.00043818 335.39470785 0.11515539
334.77129377 335.01276303 0.09935329
335.50418891 334.68690720 0.08898925
336.26531301 334.26361369 0.09121079
337.07985956 333.79584794 0.09968071
337.90197462 333.36228759 0.10254847
338.68472879 332.94193055 0.10374024
339.63705175 332.49691236 0.09302137
340.56911893 332.07089336 0.09380406
341.50279821 331.60091030 0.09774117
342.18610192 331.30436599 0.14475618
342.88415826 330.95331991 0.13875983
343.82144686 330.52919399 0.12476622
344.71242743 330.13835111 0.13254225
345.59200149 329.71581182 0.15342036
346.50196349 329.33806355 0.16771175
347.53040727 328.98852862 0.19723338
348.35765420 328.66621760 0.20729758
348.94720106 328.46243215 0.19659509
349.85244777 328.22136765 0.20554335
350.52885100 328.01718151 0.21791844
351.13539352 327.77328871 0.21293250
352.09571949 327.42982220 0.21188235
353.12973781 327.08995950 0.20360924
353.99545654 326.83356388 0.19370587
354.82050624 326.62108583 0.18532734
355.68238516 326.40797269 0.17930360
356.55597474 326.23776972 0.18647746
357.37310484 326.03384030 0.18208072
358.36293850 325.84224789 0.20792115
359.16044576 325.71043732 0.18696946
359.93519647 325.56395520 0.16890180
360.74225130 325.45084144 0.17163203
361.44622835 325.27961680 0.16152055
362.40823345 325.06591721 0.14642149
363.47471752 324.84179932 0.14909506
364.37881792 324.63807561 0.13359076
365.29843877 324.43532776 0.12907821
366.11815716 324.34010052 0.11790925
366.94995366 324.22488310 0.10134445
367.78159752 324.11432450 0.09589757
368.61252396 324.01595761 0.09777422
369.45500955 323.91942783 0.11244331
370.27768082 323.83151019 0.11901486
371.09396842 323.74550248 0.11790536
371.91192733 323.66687352 0.11851068
372.73172604 323.59739804 0.14404869
373.53799033 323.52572244 0.19231337
374.33504074 323.46203877 0.22050487
375.14100658 323.41564781 0.25060032
375.94134981 323.38523079 0.28037555
376.74740325 323.35334857 0.30860730
377.54437140 323.33476943 0.34028244
378.33427270 323.31661154 0.36861341
379.12379290 323.31261903 0.39815884
379.92568936 323.30927455 0.45014133
380.70682274 323.31039511 0.48548348
381.49626048 323.32217755 0.52721947
382.28017454 323.33867647 0.58068300
383.06824317 323.35575665 0.63503330
383.83444394 323.38519169 0.68863081
384.58993258 323.41545270 0.73265596
385.32641928 323.45544641 0.76610784
386.05772289 323.51235040 0.79986265
386.76938369 323.56484375 0.82866963
387.47000099 323.61834091 0.86738220
388.16062598 323.68566622 0.89200598
388.83389360 323.76636319 0.92312151
389.48602829 323.83789756 0.94765810
390.11293300 323.91810219 0.96734369
390.71275775 323.97986128 0.97729174
391.29823964 324.05575554 0.98384965
391.85925570 324.12059071 1.00555777
392.39707905 324.17637009 1.01987133
392.91989197 324.23027181 1.03092922
393.40998356 324.27784807 1.05310807
393.87905136 324.31139737 1.07016306
394.31773389 324.32930753 1.07577486
394.73263043 324.33317542 1.09473580
395.14049271 324.34470416 1.10747718
395.53709892 324.34168700 1.10870963
395.94026941 324.33661968 1.10395447
396.33700157 324.32061031 1.09848529
396.74158908 324.29195703 1.08702225
397.13203286 324.25110022 1.07602979
397.52247575 324.18545507 1.05928173
397.90308979 324.11218337 1.05538492
398.27371785 324.02385179 1.06096828
398.63379180 323.93035755 1.07767659
398.98315564 323.82354026 1.08406438
399.33122654 323.71130649 1.07496062
399.67696463 323.57493867 1.05512094
400.02943235 323.41817947 1.04648364
400.38021487 323.23793426 1.04458550
400.72231586 323.03117290 1.03327010
401.07532013 322.81145877 1.04054297
401.42429262 322.57268403 1.03953790
401.77710264 322.31485046 1.03853903
402.11595385 322.02530158 1.03494637
402.45038234 321.71119572 1.01617771
402.76889427 321.37555845 1.01068356
403.07403596 321.02197915 0.99717582
403.36409838 320.63354271 0.98645359
403.64500135 320.19225254 0.96546304
403.91152430 319.72543092 0.93897275
404.16452396 319.21304075 0.90817062
404.39246449 318.65973293 0.87968084
404.60952341 318.05593990 0.85127720
404.79055311 317.42569932 0.82390833
404.96232891 316.76615793 0.80104353
405.12431849 316.08495893 0.79261973
405.27637119 315.37310956 0.77259671
405.40932434 314.65154502 0.75490432
405.54257772 313.87868319 0.73677322
405.66491320 313.07891983 0.71787741
405.77684098 312.26370963 0.70005855
405.89229762 311.45520991 0.69353540
406.01132883 310.56032907 0.68028911
406.12529521 309.65967039 0.66702171
406.23859734 308.74563585 0.65337163
406.35081889 307.78510239 0.64421227
406.45647967 306.83137752 0.64285142
406.57908575 305.82980282 0.64817257
406.68216084 304.86117953 0.65564394
406.79998588 303.85026027 0.64916232
406.89288242 302.88347753 0.64842663
406.98457221 301.90800899 0.63713282
407.09533680 300.87006327 0.62561755
407.19532616 299.87625504 0.62060268
407.29775666 298.84783869 0.60098213
407.41183390 297.80040116 0.57974003
407.52389425 296.75523398 0.56131347
407.63464020 295.73504614 0.54598458
407.73846390 294.70861706 0.52963442
407.78047673 293.69371586 0.51170851
407.83718672 292.65821024 0.49273861
407.89714688 291.60144330 0.47480133
407.96693850 290.55839327 0.45358305
408.04076766 289.53768265 0.43867540
408.11715032 288.51264115 0.41683175
408.20944344 287.47870545 0.40466074
408.29938361 286.45692930 0.39779123
408.38865396 285.42649113 0.38576866
408.48833862 284.37464344 0.36329275
408.58825679 283.35669956 0.34812383
408.69195187 282.31757972 0.33477861
408.78977258 281.33816076 0.33089332
408.89509207 280.33629397 0.32385138
409.00373598 279.33925610 0.32077416
409.10989660 278.34930568 0.31567664
409.22029287 277.34737051 0.30639785
409.32854753 276.40197614 0.30223132
409.43482346 275.38725636 0.28985969
409.55420099 274.38946687 0.28772767
409.66560296 273.41149812 0.28699111
409.77636299 272.40908984 0.27023754
409.89925020 271.44208425 0.25826439
410.02111587 270.44686475 0.24069729
410.15184335 269.42230263 0.21787268
410.28449554 268.40525080 0.20223563
410.43350039 267.40027032 0.19250999
410.58040816 266.41460533 0.18967861
410.72916651 265.37979842 0.17013975
410.89035522 264.37974749 0.16396126
411.06414969 263.34156699 0.16716057
411.22686450 262.30493976 0.16013687
411.40069158 261.26076271 0.14849939
411.57312210 260.18864926 0.13759101
411.74355283 259.15137451 0.14656744
411.91817467 258.08732339 0.15024298
412.08213703 257.05686350 0.16148826
412.25829363 256.00500011 0.16121823
412.42346415 254.95194846 0.16928193
412.59301084 253.90958826 0.16752721
412.76985323 252.87055456 0.16660940
412.94215880 251.83612471 0.16541515
413.12219941 250.78812024 0.15859790
413.29883403 249.75913754 0.15638368
413.48236468 248.72787350 0.14875447
413.65440711 247.68338089 0.13968681
413.82868321 246.66491073 0.12954197
414.02390451 245.65605176 0.11815584
414.19352122 244.64358389 0.11365119
414.37586127 243.65154715 0.10674323
414.55076418 242.65371337 0.09578386
414.73033766 241.67065682 0.08800408
414.90363194 240.65787964 0.07735833
415.07302261 239.71248527 0.07731875
415.23793509 238.77498333 0.07495855
415.40107120 237.85260225 0.06889203
415.53261491 236.99462381 0.08752133
415.68147971 236.12787467 0.08729224
415.82531968 235.29502501 0.09998153
415.96719273 234.45872297 0.09428453
416.09222124 233.65969345 0.08789395
416.20863927 232.87375356 0.08586130
416.30521092 232.11866911 0.08440400
416.38124417 231.38969470 0.08778460
416.45081807 230.69114892 0.09319426
416.50188629 229.99627393 0.09182111
416.53094213 229.31866341 0.08947120
416.54490389 228.67092387 0.08992416
416.53266845 228.01895488 0.09233374
416.49453555 227.38075704 0.09132697
416.42248288 226.74162363 0.09020411
416.31983740 226.09954642 0.09542860
416.18492061 225.46978096 0.09149473
416.00775306 224.86197347 0.09579672
415.80394636 224.27217819 0.09218054
415.57840092 223.70278325 0.08006667
415.31819546 223.16844048 0.07832351
415.01766656 222.65691347 0.06913488
414.69247938 222.16413700 0.06783446
414.32447991 221.70674219 0.05384898
413.91757387 221.28198468 0.05414394
413.49619374 220.92341916 0.05237478
413.04436834 220.58631602 0.05036425
412.55763109 220.25435589 0.04736283
412.04368254 219.97008645 0.05023074
411.51467017 219.72266117 0.04390315
410.96378322 219.48916664 0.03769838
410.38692147 219.27780923 0.02587123
409.79963633 219.10977381 0.01060085
409.19226873 218.95802528 -0.00232333
408.58241098 218.83532953 -0.01842107
407.95666842 218.73093669 -0.03155461
407.30961601 218.65715092 -0.04506850
406.64599498 218.60627877 -0.06035424
405.96246761 218.57240410 -0.07637646
405.27256002 218.56255689 -0.09511284
404.57062484 218.59434306 -0.11207378
403.85610996 218.64531101 -0.11691902
403.11264821 218.71982097 -0.13588996
402.36369229 218.81754071 -0.14324384
401.60468903 218.93456288 -0.13777437
400.82146466 219.08481211 -0.14308096
400.02871492 219.26266406 -0.14187389
399.19992087 219.48255456 -0.13563978
398.36780241 219.70258491 -0.13514682
397.54114854 219.92976223 -0.14299920
396.69055614 220.18964448 -0.15713669
395.83232951 220.45081363 -0.16561062
394.96748883 220.72377427 -0.17150253
394.06539672 221.04745951 -0.18603294
393.18895008 221.36141520 -0.18978645
392.30632129 221.70515620 -0.19283671
391.41261335 222.05992887 -0.19885291
390.48714725 222.44341070 -0.20512715
389.54278512 222.84090423 -0.21242604
388.61043277 223.24524380 -0.21091517
387.66120104 223.65806829 -0.19563391
386.67852177 224.09148509 -0.18727815
385.72260470 224.50800504 -0.17197595
384.74540423 224.95317431 -0.16657682
383.74713128 225.39685122 -0.16176380
382.76466021 225.83380613 -0.15116511
381.77427947 226.27321107 -0.12839625
380.78008311 226.70621093 -0.11101096
379.78453455 227.16499120 -0.10413114
378.77809225 227.62079954 -0.08661461
377.79229973 228.05776355 -0.08096129
376.80229831 228.50703758 -0.07642909
375.79892057 228.97149795 -0.05729291
374.77840179 229.44645130 -0.04352627
373.77102886 229.92058422 -0.03534663
372.76117611 230.40122127 -0.02372614
371.73643132 230.90362643 -0.00878825
370.71192679 231.40810235 -0.00159640
369.68730526 231.90225111 0.00690634
368.65996365 232.41467638 0.01016747
367.66194457 232.88901957 0.02099246
366.66763805 233.38424355 0.02141789
365.65620040 233.88768662 0.02506516
364.65466789 234.39046046 0.02999747
363.64551878 234.91101230 0.02743760
362.64964472 235.39541998 0.04241257
361.66864603 235.89588331 0.05218907
360.65836645 236.41776335 0.06146214
359.66356472 236.92823977 0.06621058
358.66277555 237.45494206 0.06761916
357.69259642 237.95233077 0.07575641
356.69918915 238.45988645 0.08504544
355.73587840 238.94228681 0.08157615
354.78400274 239.41833073 0.09529377
353.82124096 239.91601317 0.08872712
352.86664458 240.42710977 0.09503803
351.92159354 240.92388977 0.09763531
350.98516479 241.43219833 0.08915443
350.05174980 241.92490930 0.07825905
349.12115994 242.40547408 0.07618171
348.17902861 242.90301742 0.05325189
347.25306059 243.38555080 0.04085165
346.33427911 243.88852032 0.03092743
345.39744713 244.36991950 0.02783330
344.47924384 244.83374004 0.02357396
343.55323365 245.31859450 0.01206649
342.64147844 245.78735990 0.01723986
341.72378572 246.28124545 0.02218061
340.82456163 246.75158843 0.02279745
339.91278968 247.23809327 0.02288444
339.02710354 247.70539885 0.02665037
338.14036667 248.18177310 0.04511736
337.26942965 248.65073846 0.06181890
336.40621140 249.11019208 0.06527439
335.56567537 249.57210786 0.06347227
334.75230633 249.99129192 0.06560033
333.96004258 250.42286294 0.06152664
333.19098735 250.83978867 0.06292053
332.44174404 251.25804037 0.06730791
331.70926942 251.66667639 0.07525258
330.99134687 252.05823334 0.08099933
330.28496309 252.45031544 0.07985993
329.60136840 252.83220616 0.08487903
328.92058257 253.20730429 0.09112594
328.26018886 253.56148048 0.09616846
327.62502862 253.90298098 0.09928996
326.98995344 254.22287550 0.09850769
326.37696432 254.53211432 0.09173854
325.76998412 254.81359680 0.09406639
325.17739331 255.07682022 0.09457328
324.61320210 255.32063522 0.09740523
324.06001487 255.53927438 0.10151835
323.52695227 255.73372868 0.10006825
323.01418210 255.89837979 0.10082073
322.52732243 256.03495900 0.09475959
322.03235410 256.13627511 0.09789385
321.55621227 256.21817417 0.09447117
321.08912637 256.27992257 0.09516683
320.61243403 256.30775533 0.09974184
320.15136702 256.30029327 0.10434830
319.71803690 256.25021515 0.10860432
319.29318981 256.16139514 0.10494538
318.86990345 256.05072106 0.09994850
318.46747547 255.91114583 0.10238295
318.07298527 255.73928743 0.10261443
317.67840820 255.53353927 0.09898170
317.29760201 255.29504636 0.09605785
316.94330433 255.04349400 0.10072475
316.56503294 254.75008582 0.09995271
316.17679615 254.41681235 0.08692988
315.79055718 254.04536954 0.07123672
315.43614715 253.65151895 0.05038284
315.08529721 253.23964684 0.03425572
314.72753985 252.79152233 0.02233556
314.39813638 252.34797674 0.02606699
314.07841396 251.89144734 0.03393475
313.71606308 251.39139535 0.02858001
313.41036486 250.89659680 0.02222146
313.06106016 250.37037645 0.00619067
312.72596292 249.82293367 -0.00252311
312.38158659 249.26726180 -0.00428990
312.06051699 248.71448489 -0.00724605
311.70221352 248.11415958 -0.00827704
311.36451718 247.51431793 -0.01169379
311.00407334 246.89954415 -0.01780388
310.63295603 246.27374238 -0.01821134
310.26352409 245.62475857 -0.01662332
309.88739637 244.95525914 -0.01276438
309.48864432 244.26000648 -0.01973628
309.09514268 243.54608393 -0.02291402
308.67952147 242.81604924 -0.02189137
308.28019963 242.07277588 -0.01626796
307.86123795 241.30426006 -0.01994857
307.44659933 240.53723003 -0.01167606
307.02037789 239.74449527 -0.00473526
306.58694684 238.93421666 0.01212551
306.13874624 238.10240649 0.00701722
305.71157028 237.27134005 0.00679839
305.28208167 236.41242608 0.00717382
304.85254957 235.54934662 0.00924846
304.40140381 234.65838677 0.00375138
303.94645305 233.76848189 -0.00946720
303.49472958 232.86913357 -0.02626655
303.03344983 231.95442525 -0.02736781
302.54901051 231.01927944 -0.02384997
302.07567270 230.08920583 -0.02234862
301.57623924 229.12475601 -0.03164464
301.11672206 228.19727478 -0.03481437
300.63577682 227.24670204 -0.03019329
300.15178509 226.29587016 -0.03749850
299.65348533 225.33586758 -0.03978265
299.17547938 224.40113000 -0.02090592
298.70126269 223.46203002 -0.01292509
298.23595538 222.51443109 0.00370080
297.76318548 221.56084509 0.01835955
297.30437380 220.61946212 0.02431943
296.82918437 219.66008864 0.02188184
296.33551118 218.69831573 0.03370698
295.83962939 217.72779983 0.04763869
295.34538638 216.76852585 0.06026575
294.84973943 215.79851217 0.06145613
294.37911968 214.86460920 0.06038221
293.89997165 213.92266808 0.05910775
293.42235540 212.98242243 0.05512096
292.95934080 212.04536389 0.06736976
292.45413848 211.07785667 0.07177340
291.97038244 210.12683298 0.06401210
291.48653633 209.17009973 0.05393120
290.97699309 208.17157779 0.05563355
290.44972425 207.17622392 0.06097577
289.90319859 206.16731788 0.06526336
289.37004875 205.17812684 0.06276363
288.85301585 204.19020459 0.05650992
288.32431553 203.19582261 0.03805879
287.78845399 202.19165231 0.03382732
287.26937650 201.20524175 0.03202329
286.74024748 200.20670365 0.03675768
286.23815007 199.21523773 0.02655138
285.71759631 198.21278544 0.02295936
285.19599430 197.19142343 0.02938440
284.68832124 196.17974145 0.03123410
284.17453239 195.16487595 0.04012838
283.67154631 194.15582808 0.04250231
283.15482486 193.14367473 0.04162072
282.64285663 192.13670531 0.03385512
282.11311002 191.11458319 0.01731120
281.57596114 190.09872524 0.00641289
281.02526667 189.06237482 0.00284738
280.45120739 187.98706097 -0.00269892
279.90670849 186.94503714 -0.00415391
279.36517449 185.90473260 0.00057540
278.78841901 184.84314332 0.00458996
278.25701399 183.81326489 0.01758949
277.73435466 182.79813081 0.02644301
277.16068930 181.73391449 0.02725861
276.62694719 180.70953303 0.01592512
276.07997245 179.66533493 0.00913418
275.56092585 178.63091631 0.01458983
275.03162712 177.58560629 0.03995174
274.50783678 176.55324982 0.05886223
273.97764863 175.51681228 0.07179108
273.44938508 174.47984390 0.07671619
272.92715545 173.44971280 0.06995200
272.40983872 172.42088004 0.06738492
271.87179197 171.37826255 0.06666607
271.36943150 170.35579702 0.06016435
270.84903818 169.33411375 0.05419350
270.33176053 168.30994370 0.05672897
269.80126101 167.28483144 0.07191958
269.27469523 166.23982673 0.09246936
268.74383955 165.19152462 0.10241489
268.23362389 164.17789834 0.10963831
267.72712974 163.16907032 0.09896730
267.22402037 162.18063117 0.08371025
266.70809537 161.17797524 0.08161278
266.19695360 160.17817413 0.08199224
265.69163126 159.17246797 0.10398591
265.18747362 158.18325755 0.13849769
264.68698577 157.17819036 0.15399561
264.19085719 156.17777212 0.15339034
263.70932211 155.20099118 0.14768475
263.20619068 154.18769076 0.13066618
262.73096960 153.20995890 0.09347146
262.24379692 152.22933711 0.08402440
261.77745747 151.27450134 0.08359204
261.31833537 150.31675901 0.07311279
260.83820008 149.35388130 0.07645108
260.35258994 148.39057288 0.09063332
259.88061607 147.43725732 0.10844500
259.40956091 146.48067407 0.11303038
258.95588093 145.54781233 0.11167074
258.51223015 144.63421179 0.10012946
258.07111050 143.72222844 0.07989378
257.65261706 142.83927782 0.07299692
257.19546492 141.91848031 0.06870303
256.78936987 141.04407146 0.07671700
256.37849357 140.16736035 0.08804103
255.97215312 139.29541582 0.10270971
255.55521892 138.43848926 0.11386422
255.19522804 137.62423552 0.10608606
254.83147527 136.83291723 0.09916818
254.45575146 136.03886697 0.09065580
254.09720881 135.25658434 0.09485318
253.73770616 134.47132587 0.09511939
253.39547445 133.72470234 0.09649878
253.05550595 132.98159935 0.10532346
252.73130202 132.26139363 0.10883032
252.40825385 131.56284201 0.11336576
252.11336376 130.88823250 0.11516818
251.84532797 130.23464021 0.11319456
251.59607954 129.59970273 0.10840705
251.35705381 128.99439475 0.11975663
251.13513166 128.39130823 0.12601636
250.91014884 127.80298839 0.13775131
250.68992714 127.22571161 0.14007690
250.47313483 126.67475464 0.14092446
250.25755602 126.13202519 0.14141198
250.03612145 125.61179249 0.14174162
249.82800374 125.11255406 0.13252285
249.60437458 124.61224766 0.11965223
249.39659300 124.14547503 0.11476294
249.18611765 123.71292277 0.11426652
248.95510956 123.30153487 0.11616965
248.72625867 122.91129886 0.12013391
248.46342261 122.53133297 0.12478450
248.21081475 122.14520880 0.12364401
247.94854196 121.79381843 0.14085073
247.66029675 121.46262119 0.14638731
247.36934951 121.14352938 0.15434932
247.07454659 120.83612780 0.15703738
246.76819097 120.54753478 0.16012631
246.44952103 120.27194096 0.16812591
246.11502287 120.00719092 0.16579559
245.75652995 119.77649612 0.16186246
245.36703800 119.53453346 0.15735419
244.97520446 119.33141953 0.15447380
244.56791420 119.13442639 0.14119019
244.15483682 118.98250858 0.13193390
243.71282653 118.82011849 0.11788976
243.26364264 118.71210460 0.08652912
242.79712450 118.63281966 0.06387039
242.32616873 118.56888666 0.04251426
241.82248124 118.52505576 0.03876757
241.31522159 118.52026601 0.03973234
240.79312125 118.56341369 0.03194742
240.25446138 118.62679599 0.02642864
239.71228007 118.71744600 0.01576652
239.15110465 118.82915286 0.01741753
238.58666228 118.95930067 0.02368662
238.02135083 119.11382338 0.02175897
237.43495286 119.30910255 0.02043493
236.85353329 119.51454233 0.00890727
236.25558650 119.74998673 -0.00053459
235.62782090 120.03473324 -0.00880636
234.98917151 120.32927048 -0.00823058
234.35112344 120.64700898 -0.01242725
233.70293176 120.96484396 -0.01351271
233.03246872 121.31112872 -0.01249796
232.35119938 121.67382184 -0.00752867
231.64471447 122.06083948 -0.01593617
230.92302031 122.45820471 -0.02590128
230.21327780 122.86340781 -0.02771749
229.47553868 123.29673654 -0.03287316
228.73384906 123.73825395 -0.03302544
227.97722994 124.18291212 -0.03017688
227.22628381 124.62539235 -0.02112330
226.43656996 125.08866171 -0.00768460
225.61746824 125.55029442 0.00455121
224.81108731 126.02593562 0.01207281
223.95818432 126.51940053 0.00221616
223.11028212 127.02228569 -0.01042506
222.27375858 127.50873516 -0.01293982
221.40874516 128.01631672 -0.01109380
220.52560067 128.52825531 -0.00553528
219.64446675 129.03806638 0.00085692
218.73478134 129.56817548 -0.00182767
217.86111168 130.06638468 0.01138336
217.01648323 130.55607821 0.00635445
216.19502954 131.01946293 0.01272850
215.33742630 131.51812233 0.01688641
214.50145147 132.01016511 0.04267317
213.68768061 132.49185240 0.05347038
212.81532182 132.98290841 0.06447103
211.94418999 133.45496067 0.07729733
211.11109580 133.90860676 0.08401768
210.24064004 134.37279569 0.08039500
209.38929068 134.82498469 0.07918000
208.51720430 135.27286552 0.08497971
207.67017776 135.71616557 0.09628938
206.78655230 136.17160960 0.10869287
205.91676745 136.62688481 0.13385070
205.02387265 137.04516091 0.15868418
204.11467087 137.48030645 0.16516930
203.23713303 137.90346000 0.16565940
202.32887173 138.26208650 0.16090702
201.46343406 138.65341484 0.14745196
200.56383580 139.06615666 0.14414468
199.69460484 139.47872900 0.14862746
198.85858388 139.87772564 0.15525841
198.00495324 140.28983228 0.14804657
197.13801665 140.67913801 0.14336226
196.26727168 141.11830961 0.13955041
195.38903606 141.54521770 0.15523331
194.50227135 141.97774966 0.15681358
193.67581384 142.37059374 0.14686548
192.83073664 142.79200277 0.15683335
191.94328581 143.18935088 0.17839938
191.08678555 143.56514919 0.19089501
190.26757967 143.92141346 0.20603231
189.49392229 144.28148017 0.22847693
188.74128083 144.62942951 0.24105402
188.03291278 144.96834407 0.25038095
187.36222196 145.28762429 0.24982732
186.71181869 145.60545089 0.25463777
186.10914448 145.91590959 0.26150990
185.52921255 146.20326705 0.26847866
184.97589485 146.48461651 0.27425956
184.45063506 146.75935772 0.26983080
183.97210284 147.03694130 0.26143910
183.52136596 147.30664524 0.27507257
183.07862008 147.56217865 0.28341904
182.65628802 147.81513836 0.28119273
182.22953808 148.07344349 0.27580833
181.80024224 148.36095907 0.27688580
181.37678540 148.63742637 0.26991704
181.00314532 148.92235951 0.26424376
180.60321163 149.21721661 0.25591170
180.22441279 149.52806822 0.23741145
179.85780073 149.85754922 0.22866551
179.51459170 150.18148030 0.22373202
179.16048078 150.51050121 0.21683171
178.82103198 150.84524609 0.21076010
178.51259974 151.21103348 0.20372189
178.22541690 151.56437463 0.19278489
177.93632830 151.94882749 0.17694202
177.67792565 152.37790309 0.17329542
177.41134080 152.79116093 0.16699071
177.14922894 153.24599659 0.17191081
176.93044815 153.72174647 0.16588686
176.71188267 154.18692204 0.16482237
176.52705179 154.66471257 0.15899581
176.36436541 155.16553618 0.14990292
176.21959086 155.65849118 0.13677844
176.10940915 156.14830815 0.11113309
176.03236233 156.67303437 0.09370820
176.00207112 157.20027869 0.08415461
175.97871940 157.73509798 0.09133292
175.98275469 158.24852746 0.09700999
175.98784601 158.75093228 0.10188489
176.01527264 159.24798600 0.09102661
176.08666743 159.79307216 0.09106090
176.17786851 160.32739234 0.08985458
176.27056393 160.78607776 0.09429922
176.37852704 161.28597777 0.08824717
176.49427177 161.75980555 0.07248981
176.64716925 162.22509341 0.07526688
176.81678251 162.68626074 0.06190165
176.99439223 163.14192159 0.05483937
177.18003124 163.59612889 0.04992960
177.39902702 164.04884819 0.05019177
177.62619768 164.51516205 0.05994186
177.85430668 164.94918589 0.06647545
178.08650016 165.37980226 0.06689813
178.32830630 165.82125690 0.06104183
178.58070776 166.27280947 0.05374852
178.83500711 166.72357584 0.05224941
179.08140854 167.18538948 0.04840040
179.31733009 167.63866199 0.03969180
179.54954759 168.08378333 0.03076697
179.77640960 168.49908073 0.02168957
179.98531683 168.94305386 0.02064174
180.17766307 169.39688227 0.02180118
180.35048917 169.86514374 0.02235260
180.50444346 170.32797376 0.02178158
180.65452818 170.79680435 0.01777889
180.78816555 171.25496859 0.01885574
180.88341932 171.69329371 0.01142581
180.95581812 172.11897525 0.00870330
181.01096175 172.53414642 -0.00193302
181.03843450 172.95018107 -0.00131756
181.03934160 173.37938138 -0.02628938
181.01859086 173.80649338 -0.03459798
180.96073857 174.20325730 -0.03405282
180.89417322 174.60904321 -0.04641525
180.77861228 174.99799150 -0.04902422
180.62803714 175.32656278 -0.06387470
180.46896607 175.64190614 -0.08392139
180.31608246 175.91996923 -0.10023721
180.11963789 176.25842660 -0.13045469
179.88531430 176.60604746 -0.14462722
179.61488681 176.89676953 -0.17166736
179.29373785 177.18937702 -0.18063632
178.95209438 177.41770864 -0.20564863
178.58076058 177.69392091 -0.21775386
178.14527570 178.04423992 -0.22805972
177.68348088 178.32592975 -0.26002264
177.21473833 178.59141707 -0.29434492
176.72495724 178.83928014 -0.32001543
176.22063454 179.07226206 -0.35069071
175.70810493 179.31299628 -0.38923792
175.18418771 179.57324230 -0.41149230
174.64568414 179.82395436 -0.42608899
174.08767138 180.08060722 -0.44451319
173.50021657 180.34132028 -0.46713760
172.90493106 180.61044367 -0.48656871
172.28264632 180.87889128 -0.49665867
171.62748396 181.22678190 -0.50594646
170.97518388 181.54313590 -0.51501927
170.30563995 181.88780199 -0.53037271
169.62828655 182.21451761 -0.54444594
168.91966701 182.56086230 -0.55008092
168.19324363 182.92904391 -0.57346975
167.46685058 183.27483516 -0.58426241
166.71777266 183.64904151 -0.60134858
165.94409259 184.09228810 -0.62364623
165.18997549 184.43026575 -0.63490601
164.35542500 184.90138667 -0.65427739
163.55545379 185.28770550 -0.66058863
162.70142079 185.74631291 -0.66498150
161.82251314 186.18922961 -0.67036073
160.96464973 186.62068082 -0.69248204
160.05943833 187.06584539 -0.69754227
159.17629729 187.50687908 -0.71563684
158.29209870 187.95292699 -0.71163883
157.38981305 188.44261698 -0.71704354
156.47167422 188.92727199 -0.72111651
155.51820621 189.43281703 -0.74824068
154.57310203 189.93887281 -0.76574776
153.61820979 190.45274744 -0.79121583
152.65400303 190.96025357 -0.79584740
151.69462741 191.46612667 -0.80314152
150.74018552 191.97255558 -0.80348101
149.78593858 192.47602170 -0.80392871
148.84590027 192.97352414 -0.80120765
147.90864061 193.48064244 -0.80285408
146.97138276 193.98549371 -0.80025395
146.01035049 194.55441906 -0.79122024
145.07453001 195.10170616 -0.79076120
144.12146594 195.63357018 -0.79855973
143.16438172 196.16908863 -0.80383252
142.20777387 196.70168507 -0.81417643
141.23913417 197.23638294 -0.82235560
140.32098578 197.73758175 -0.83453698
139.37429792 198.28286411 -0.85334415
138.43353675 198.80965420 -0.86462393
137.51190356 199.33812637 -0.86835738
136.59725811 199.85242569 -0.87096071
135.68809522 200.35430230 -0.87352148
134.78179829 200.86719394 -0.88460350
133.90588053 201.35888611 -0.89047127
133.02452055 201.85038339 -0.89991866
132.14854226 202.33308283 -0.91764501
131.31369477 202.79831625 -0.92507711
130.48653768 203.27398419 -0.93618677
129.66286798 203.73874271 -0.94412257
128.88844923 204.18934389 -0.95098827
128.12871398 204.63137151 -0.94522367
127.37671905 205.08425828 -0.95072595
126.65373926 205.50544928 -0.94985273
125.94589018 205.92498213 -0.95683264
125.25507520 206.32793106 -0.95388255
124.60172417 206.70974192 -0.95359659
123.95690096 207.09797388 -0.94656972
123.33603370 207.44911388 -0.94695567
122.75720231 207.79857997 -0.95487191
122.21440121 208.12189725 -0.94922496
121.69147954 208.43296330 -0.94144330
121.20668610 208.73427017 -0.92940937
120.75442683 209.02422726 -0.92992961
120.33058008 209.29912982 -0.92854738
119.92540234 209.55176815 -0.93310255
119.56730539 209.79411605 -0.92507760
119.23098673 210.01559808 -0.92295622
118.91552932 210.23277371 -0.92259638
118.63946349 210.43326134 -0.92566221
118.38384560 210.62941777 -0.92495665
118.13877595 210.81660979 -0.92294661
117.92007570 211.00393910 -0.91408966
117.72010007 211.15532832 -0.91849588
117.52997666 211.30877395 -0.91082948
117.34752827 211.47157850 -0.90864603
117.16278557 211.63887066 -0.90792437
116.97174067 211.80263886 -0.90881854
116.78697351 211.96174354 -0.89932844
116.61407974 212.11991644 -0.89293587
116.44339304 212.28318183 -0.88378149
116.27758300 212.43976914 -0.87442032
116.11320256 212.60886057 -0.86835628
115.94984593 212.77393892 -0.86330410
115.78048577 212.94417927 -0.86946914
115.60439608 213.13319801 -0.87818059
115.40816340 213.30414475 -0.87761983
115.21804467 213.53102229 -0.86711655
115.01969505 213.77771353 -0.84971963
114.81231459 214.04755852 -0.84585421
114.59693781 214.33897310 -0.82828462
114.39334105 214.64236007 -0.81822236
114.21605012 214.97849757 -0.81529342
114.05619418 215.31720826 -0.80886069
113.90933712 215.68717738 -0.80326743
113.76453283 216.07671463 -0.81203486
113.63622067 216.48292060 -0.82114906
113.53153297 216.91257516 -0.84351808
113.44277209 217.36274833 -0.85353746
113.39006513 217.83812986 -0.86557535
113.37361912 218.36061481 -0.86616449
113.39088781 218.90420326 -0.86304737
113.44345454 219.43937898 -0.86964925
113.52773942 219.99327436 -0.88138989
113.64201604 220.56319208 -0.90029837
113.79969307 221.15222805 -0.90781160
113.99495215 221.75771192 -0.91249376
114.22788055 222.37860474 -0.91791091
114.50473858 223.01053848 -0.92436911
114.80271081 223.64025071 -0.92120858
115.13773471 224.29570731 -0.92247899
115.49040041 224.94935935 -0.92213601
115.87226385 225.63955082 -0.92663532
116.25636447 226.32569238 -0.93291371
116.64968521 227.08538734 -0.93628384
117.04809222 227.81393412 -0.95065845
117.46288353 228.53917616 -0.95467899
117.89914047 229.28813457 -0.95021917
118.34040904 230.04593383 -0.94582272
118.80128817 230.85919454 -0.96133392
119.26561165 231.69802249 -0.97193180
119.73824926 232.51265729 -0.98850662
120.21108174 233.38113852 -0.99586714
120.69455254 234.25133021 -1.00553007
121.18799567 235.12923700 -0.99968765
121.68648567 236.05454862 -0.99008573
122.20279170 236.97741770 -1.00303207
122.72140912 237.90732018 -1.02742424
123.25720917 238.86844574 -1.05420715
123.78882770 239.86438108 -1.06490451
124.32778688 240.90963643 -1.05544773
124.87545199 241.93721767 -1.04849527
125.42376605 242.96626321 -1.03439585
125.97338630 243.98954660 -1.03437991
126.53926795 244.99273309 -1.04786343
127.11268555 246.03231967 -1.06940621
127.68798673 247.10116209 -1.08574113
128.26661317 248.17060374 -1.08177443
128.84107429 249.28425589 -1.07389531
129.42872891 250.39510030 -1.06760583
130.00615498 251.52299512 -1.06500574
130.58575512 252.62823875 -1.07458830
131.14912665 253.74523953 -1.09052596
131.71327157 254.82508072 -1.09097179
132.27950169 255.93525238 -1.09096221
132.84034064 257.07697104 -1.08694195
133.40183509 258.18243762 -1.09410347
133.96763184 259.29097027 -1.08809777
134.53685978 260.45894419 -1.08602206
135.11164784 261.54353221 -1.09451384
135.66356036 262.66706732 -1.09872445
136.23552645 263.77061772 -1.09083033
136.79067495 264.87191565 -1.10856257
137.35603004 265.95603645 -1.08979697
137.92233937 267.04357874 -1.08811871
138.48037171 268.13784266 -1.08015787
139.04575199 269.22249166 -1.07572176
139.60773903 270.30825097 -1.07188778
140.14870699 271.37419579 -1.07183468
140.69658472 272.46702716 -1.07724755
141.24764414 273.56698756 -1.07648521
141.77828549 274.64396394 -1.06264428
142.23499527 275.59034192 -1.06093531
142.64926780 276.68900724 -0.98069849
143.08908919 277.58021157 -0.96570040
143.45082225 278.81902206 -1.15168383
143.98278600 279.96661624 -1.16658961
144.45573356 280.90629964 -1.18607138
145.09481884 282.17234249 -1.21914286
145.49212068 283.31558904 -1.26640299
146.14889044 284.61644191 -1.27731131
146.72598581 285.87683422 -1.31808523
146.96092713 287.06071489 -1.30882505
147.69804240 288.34795429 -1.30642146
148.15872976 289.19399270 -1.32228553
148.74094561 290.46495637 -1.32398929
149.30530653 291.37268747 -1.30245929
149.78299703 292.68200725 -1.29126653
150.11883573 293.98122257 -1.31636150
150.77015486 295.14833909 -1.29839763
151.34771260 296.37497407 -1.27933109
151.87196984 297.40366216 -1.27541805
152.48827506 298.45583637 -1.23748507
153.02709830 299.40983145 -1.20257954
153.29549815 300.02748853 -1.23000268
154.15787976 301.01581027 -1.15635711
154.26122431 301.79664027 -1.11665968
154.81730702 302.95504064 -1.12565020
155.36931283 304.26814905 -1.20569359
155.98595259 305.59429176 -1.28969461
156.90482214 306.85870182 -1.38806129
157.34418035 307.42396981 -1.29754839
157.84644143 308.49654729 -1.31353355
158.42008029 310.24323993 -1.28956124
159.20357996 311.44511603 -1.32260147
159.72609435 312.42579533 -1.30990633
160.28894214 313.85565994 -1.23710445
160.56770949 314.99930192 -1.25075883
160.95259602 315.53441290 -1.22734622
161.39899234 316.14053818 -1.15713703
161.59902239 316.63555244 -1.10061598
162.17775874 317.69233081 -1.05073118
162.44949463 317.87630874 -1.12369993
163.14027681 318.90198865 -1.11409459
163.28697392 319.38331034 -1.11119244
163.51142258 319.98985854 -1.08559205
163.87547377 320.75704694 -1.07275339
164.40534432 321.24132472 -1.09028313
164.90109202 322.12888483 -1.02775630
165.32075801 323.10998510 -1.00528867
165.52095987 323.92174174 -0.98371508
165.50733984 324.20574500 -0.96873118
166.00531637 324.59012154 -0.94521988
166.36443244 325.17591065 -0.94902175
166.44081606 325.42526617 -0.98773375
166.64578082 325.90160394 -0.97969037
167.09877197 326.97407561 -0.97567791
167.32565936 327.80991825 -0.93843552
167.55935946 327.84835915 -0.89369436
167.43449324 328.30311767 -0.86674289
167.35371756 328.59582455 -0.73425988
168.15221103 329.20789560 -0.65108355
168.40042759 329.60726044 -0.64750278
168.38545723 330.29272377 -0.61426919
168.32767270 330.65364818 -0.55884989
168.37303156 330.97504412 -0.52277478
168.39136128 331.31786698 -0.50700262
168.90340341 331.77823993 -0.48268776
169.03888206 332.13325363 -0.47951155
168.85528891 332.85069022 -0.53258489
168.96342316 332.86561509 -0.49872148
168.95719396 333.13549403 -0.47649383
169.10044372 333.51255414 -0.47136099
169.17114473 334.12224711 -0.49566999
169.05214771 334.71547193 -0.55073586
168.96513966 334.88318994 -0.54735440
168.47645263 335.28854865 -0.55522499
168.19682166 335.24368454 -0.58707101
168.13110100 336.10931968 -0.60383331
167.51193265 336.36576301 -0.66534607
167.12907062 336.70005929 -0.69897042
166.70734728 336.99496012 -0.70807508
166.27512758 337.27242569 -0.71118785
165.82927396 337.50821674 -0.72921725
165.35349860 337.78540549 -0.76692444
164.88151592 338.01110977 -0.80056358
164.37568445 338.24726481 -0.83785199
163.82341643 338.46502316 -0.87485281
163.29178606 338.68830360 -0.89391246
162.73913416 338.94509684 -0.94683836
162.17445467 339.17310273 -0.99545008
161.60397310 339.43441926 -1.02616867
161.01745363 339.70594825 -1.01595666
160.39798153 340.00440619 -0.99020109
159.80509747 340.28756266 -0.97597085
159.16995566 340.59183176 -0.95154073
158.53201175 340.90689093 -0.93881923
157.86086241 341.23476051 -0.92312176
157.16599307 341.58899713 -0.92099053
156.44511925 341.94717712 -0.91826654
155.71433658 342.32999245 -0.93158392
154.97796986 342.73604482 -0.94092128
154.19807746 343.13442079 -0.96026642
153.38476486 343.57239518 -0.97991543
152.56019161 344.02599683 -1.00072870
151.70947936 344.50160994 -1.00452928
150.86090492 344.96989988 -1.01218242
150.01192050 345.45035702 -1.02978550
149.15122813 345.93639301 -1.04378395
148.26918389 346.41751673 -1.07294760
147.39227657 346.89959192 -1.10050034
146.50238800 347.39921579 -1.12336835
145.61515764 347.90445204 -1.14423362
144.71327427 348.40133832 -1.15682659
143.81898364 348.88766085 -1.16847415
142.90024638 349.40772133 -1.17813069
141.97633960 349.91899819 -1.19027099
141.04412601 350.43980874 -1.19598179
140.11245114 350.96024310 -1.21643851
139.17147682 351.49130906 -1.23985664
138.21676300 352.02774307 -1.26222635
137.25809783 352.54093205 -1.27935385
136.29691277 353.06725323 -1.30164353
135.35858025 353.56371528 -1.32289826
134.40925776 354.05924475 -1.35205061
133.45468067 354.56095725 -1.37693848
132.49879773 355.05253027 -1.40006076
131.53006506 355.56386181 -1.41637969
130.57483474 356.05260196 -1.43020254
129.62850637 356.53246294 -1.44453384
128.63499766 357.06321456 -1.46201713
127.67709963 357.56254700 -1.47739549
126.70730917 358.05123355 -1.48995857
125.74144836 358.49962384 -1.49377890
124.79447891 358.99518623 -1.51449995
123.85179711 359.46859664 -1.54041754
122.90672693 359.95770614 -1.55463764
121.97500082 360.42427043 -1.56948014
121.02408763 360.89954421 -1.58662189
120.08601218 361.37040492 -1.59151067
119.20080726 361.86109548 -1.54783592
118.19552386 362.10038801 -1.05245213
117.30394222 362.57931482 -1.06785268
116.53828978 362.86745798 -1.08885395
115.71372677 363.33205463 -1.12184286
114.88155324 363.79218739 -1.16509005
114.07357712 364.26391579 -1.19048081
113.61149299 364.76436104 -1.20701362
113.11190628 365.41220550 -1.10796195
112.95564483 365.69764559 -1.03967194
112.45929288 366.16439993 -1.01431144
111.47765971 366.53893017 -1.04484578
110.65957190 367.07529552 -1.04108535
109.93908161 367.58383691 -1.06020586
109.22249088 368.08062103 -1.04873100
108.32483804 368.55110824 -1.04724771
107.87635822 368.77452283 -1.04607183
107.41226429 369.06441062 -1.03770145
106.90692457 369.48323331 -1.01699632
106.34480697 369.86516627 -1.00139833
105.48349948 370.21022998 -0.98273025
104.79080470 370.88521239 -0.96216079
103.78191474 371.43709494 -0.94707861
102.94648122 371.86791428 -0.92196808
102.29437699 372.38714566 -0.90993847
101.56790249 372.93463432 -0.90913722
100.85074640 373.59297676 -0.90834592
100.11857916 374.02976674 -0.92681500
99.43707824 374.65907543 -0.92930267
98.77349682 375.32434518 -0.94787423
97.99824794 375.75447153 -0.97202371
96.81353708 376.62223466 -1.03715208
95.79068287 376.95928886 -1.06420587
94.85001115 377.38113429 -1.08419026
93.83159612 377.86475886 -1.11506060
92.79275338 378.32314996 -1.16140487
91.75270533 378.79353734 -1.19543932
90.69157771 379.23254340 -1.19584920
89.58448038 379.66947788 -1.19055835
88.46843412 380.10582145 -1.17770699
87.37441131 380.56413550 -1.17592457
86.23985012 381.03307751 -1.16049707
85.09477434 381.53285978 -1.12484454
83.97746635 382.04905361 -1.09821483
82.85162300 382.53021898 -1.09876619
81.76286463 383.04076351 -1.10913399
80.66764961 383.56586729 -1.11479605
79.57364390 384.13566972 -1.11509005
78.49877250 384.68482915 -1.11889377
77.42327334 385.20716859 -1.12115717
76.35013686 385.76133786 -1.10596103
75.26914825 386.29539814 -1.09894755
74.20379599 386.83630380 -1.11458585
73.13584504 387.39519367 -1.11590467
72.05660032 387.95819830 -1.09858530
70.99756495 388.49442103 -1.09410314
69.94172589 389.00767252 -1.09731043
68.87969989 389.51989672 -1.10184006
67.81880001 390.03725129 -1.10739014
66.77334818 390.52232108 -1.09868821
65.72300305 391.02608095 -1.08671521
64.66818386 391.53068417 -1.06881698
63.61099755 392.05422358 -1.06510045
62.51687447 392.61912355 -1.07353374
61.46562267 393.13008925 -1.09380099
60.38672290 393.66135624 -1.10795209
59.34930754 394.17686008 -1.11106395
58.27355753 394.72375035 -1.11328631
57.26994424 395.20931236 -1.09399815
56.22481262 395.74795090 -1.09731762
55.19171133 396.26675894 -1.10040362
54.17059130 396.78086073 -1.09972593
53.14345768 397.26667544 -1.11234863
52.12143947 397.77531437 -1.11190857
51.12030883 398.26727876 -1.11742727
50.10687185 398.76352282 -1.11455946
49.10868936 399.25335978 -1.10754708
48.13652049 399.71262891 -1.09166495
47.14451670 400.18230199 -1.08107922
46.14160717 400.68560314 -1.08374426
45.16742314 401.16156287 -1.10000624
44.20953021 401.63326662 -1.10501558
43.24537114 402.11287895 -1.10630099
42.29704622 402.59005380 -1.09630091
41.34124874 403.07166674 -1.09954392
40.39539901 403.54483697 -1.09920375
39.43887883 404.02323857 -1.09014112
38.48719290 404.48755493 -1.08176711
37.53344041 404.95526070 -1.07657737
36.58540236 405.42957388 -1.07506187
35.62374345 405.90383893 -1.08451114
34.66965673 406.36341713 -1.07161169
33.70672474 406.85701262 -1.06787585
32.74964321 407.34672967 -1.05926140
31.80565772 407.84696438 -1.04872228
30.85419864 408.33955648 -1.04655531
29.90356242 408.83794436 -1.02723776
28.94273394 409.36433036 -1.01274990
27.98533428 409.86794363 -0.99295870
27.02406149 410.38464258 -0.97693720
26.05455148 410.91930237 -0.97149511
25.08176579 411.45003976 -0.96438950
24.13374944 411.94290970 -0.95541791
23.17245271 412.46309496 -0.95396648
22.19658237 412.99453986 -0.94361969
21.20855494 413.54681619 -0.94198360
20.22554271 414.09899106 -0.95438253
19.24536537 414.64854618 -0.95611630
18.28237429 415.18801631 -0.95607010
17.30674253 415.73542332 -0.94048653
16.32852756 416.29740750 -0.94304933
15.35481405 416.86396866 -0.93525439
14.37172233 417.42559289 -0.93466105
13.38789474 417.99465499 -0.94128384
12.40889985 418.56445773 -0.94265536
11.42455763 419.14399317 -0.94216898
10.44390758 419.72420369 -0.94338333
9.47409947 420.29644830 -0.95154982
8.49968461 420.87905546 -0.95972067
7.52347367 421.45456155 -0.96007828
6.55248200 422.02665466 -0.95618697
5.58840834 422.60161478 -0.95817668
4.63365908 423.18163815 -0.96019658
3.67134787 423.75586420 -0.96075741
2.71112963 424.33850576 -0.95824382
1.76409345 424.91438239 -0.96731486
0.83019104 425.49974599 -0.97455067
-0.08288480 426.07531837 -0.97675536
-0.97969111 426.64463571 -0.97572445
-1.87125883 427.23108942 -0.98324970
-2.73963758 427.81704088 -0.99032367
-3.57585647 428.38769159 -0.99004573
-4.40360126 428.95654106 -0.98624791
-5.23836600 429.52778216 -0.99085572
-6.05303372 430.08887716 -0.98523961
-6.84606728 430.63993838 -0.98086849
-7.62357787 431.18960003 -0.98649127
-8.37343519 431.71745034 -0.99957408
-9.11947032 432.23230954 -1.00026752
-9.84876192 432.73993492 -0.97596263
-10.55461795 433.22871948 -0.95208450
-11.25205525 433.69995863 -0.94683958
-11.91744727 434.16417683 -0.95045062
-12.56185446 434.62864662 -0.95259529
-13.18112494 435.08856516 -0.94086779
-13.76542315 435.54565381 -0.94653206
-14.31657511 435.98922902 -0.95972358
-14.84746721 436.42877292 -0.95934840
-15.34674848 436.86865737 -0.94544057
-15.82943183 437.31288766 -0.92412853
-16.28650285 437.75273929 -0.90764712
-16.72651409 438.17921161 -0.91003225
-17.15174590 438.58895058 -0.90438502
-17.55684077 439.00120634 -0.90888288
-17.95336545 439.41146350 -0.90743911
-18.32542052 439.78710767 -0.89024470
-18.69708096 440.16599515 -0.88718049
-19.05595483 440.54121844 -0.89023383
-19.38705527 440.86025363 -0.87183658
-19.73241828 441.22012292 -0.88449915
-20.03108832 441.47059443 -0.87114567
-20.34064190 441.76170645 -0.87023224
-20.64184855 442.04523738 -0.86850633
-20.92877679 442.28322794 -0.85498837
-21.22478905 442.52089964 -0.85038468
-21.52109978 442.74732126 -0.84278686
-21.83981880 443.01658200 -0.84793643
-22.15532522 443.26680308 -0.84926670
-22.48483164 443.53637486 -0.84771626
-22.81879207 443.79230463 -0.84666212
-23.13593390 444.01051006 -0.84722318
-23.44249943 444.19853078 -0.84280016
-23.77255163 444.40003918 -0.83144561
-24.10338462 444.59003689 -0.83175531
-24.45223029 444.78430836 -0.82965114
-24.80980573 444.99801707 -0.81893086
-25.17420377 445.20542023 -0.80994781
-25.54380574 445.41789953 -0.80827074
-25.90285833 445.62014333 -0.79549645
-26.26873121 445.82425713 -0.79380797
-26.62551451 446.04496481 -0.78887211
-26.99275953 446.26081002 -0.77289854
-27.34641193 446.48734728 -0.76000136
-27.69429260 446.71690609 -0.74612280
-28.03261782 446.94576897 -0.73467271
-28.37720221 447.18571405 -0.71839429
-28.71471403 447.43339905 -0.71508476
-29.05826406 447.66759981 -0.70770339
-29.37646436 447.92457430 -0.69352690
-29.68012948 448.18273744 -0.68109295
-29.97164674 448.43362402 -0.67004215
-30.24286690 448.66931369 -0.65941912
-30.50516380 448.90739478 -0.65338026
-30.74812222 449.13036946 -0.65992976
-30.97792077 449.35536394 -0.68514477
-31.20989929 449.58377310 -0.67493346
-31.42901609 449.81246193 -0.65716016
-31.65943553 450.02278194 -0.64135516
-31.88875218 450.23326500 -0.61873410
-32.12324416 450.43797512 -0.62270372
-32.35355117 450.63738085 -0.62429517
-32.58229004 450.85444622 -0.62296695
-32.82472504 451.05507829 -0.61935799
-33.07682835 451.25348983 -0.60778026
-33.34107574 451.46353729 -0.59438113
-33.61986202 451.65843916 -0.58426002
-33.90306195 451.83595218 -0.57301607
-34.20356066 452.02472807 -0.59718205
-34.51560711 452.20263768 -0.58797115
-34.83287232 452.37145067 -0.58199470
-35.16948940 452.52392472 -0.56468645
-35.52529635 452.63818995 -0.55955494
-35.89705651 452.76455306 -0.58984040
-36.29134631 452.84255658 -0.59418763
-36.70752217 452.88444361 -0.61898411
-37.12438794 452.91207252 -0.61277117
-37.56235197 452.91859073 -0.60676845
-38.01164929 452.88463781 -0.59643144
-38.47413066 452.82005489 -0.59171303
-38.95378601 452.72324296 -0.57904883
-39.41335434 452.59901736 -0.56222704
-39.90126355 452.43837388 -0.54384692
-40.35691064 452.25621721 -0.54475725
-40.85477257 452.02530040 -0.53884353
-41.37196742 451.74719512 -0.53508196
-41.88953170 451.43240076 -0.53392560
-42.40817368 451.07234675 -0.52816886
-42.96705473 450.67235401 -0.52866328
-43.50461339 450.23949765 -0.53441540
-44.04922127 449.76774009 -0.54360074
-44.59923650 449.26863141 -0.55629232
-45.12787120 448.74428900 -0.57289355
-45.66316030 448.18143033 -0.57960346
-46.20190159 447.58469764 -0.58264125
-46.74226877 446.95070134 -0.57915168
-47.26854120 446.28473618 -0.58623489
-47.79653485 445.57483546 -0.59136702
-48.31973352 444.83709591 -0.59813705
-48.85159838 444.05738685 -0.61496451
-49.39611533 443.24768054 -0.63719083
-49.93367482 442.42114881 -0.63876761
-50.47955251 441.56482334 -0.63480607
-51.05441587 440.67229910 -0.64915689
-51.63445438 439.80891259 -0.64914994
-52.24347682 438.90579472 -0.65098330
-52.85881468 437.99075001 -0.64853262
-53.48963996 437.06230577 -0.66149452
-54.10226889 436.12971346 -0.67016901
-54.72059260 435.21417735 -0.67083349
-55.35238800 434.27458815 -0.68699464
-55.98997386 433.31789479 -0.70277506
-56.64553404 432.34505180 -0.72210914
-57.29320180 431.37315187 -0.73131448
-57.94560073 430.38883130 -0.73199420
-58.60463478 429.37321638 -0.73597638
-59.26733471 428.35100006 -0.73616046
-59.94826063 427.33773906 -0.74188944
-60.61934182 426.32660609 -0.76800452
-61.29744810 425.28792716 -0.79944401
-61.96127905 424.22810077 -0.81793098
-62.64263587 423.18921358 -0.82082196
-63.31220338 422.15956022 -0.79711717
-63.99331425 421.10038059 -0.78290949
-64.65287976 420.07021036 -0.77011305
-65.30028386 419.05416955 -0.76990111
-65.94859098 418.03315090 -0.77069019
-66.60469090 417.00972203 -0.76799656
-67.22168521 416.00237909 -0.77562058
-67.85240364 414.98288910 -0.77964801
-68.48466207 413.96057085 -0.77867000
-69.11992126 412.93365804 -0.77421099
-69.73137788 411.92780704 -0.77152846
-70.31441684 410.94031182 -0.77929122
-70.89810582 409.94544777 -0.78654636
-71.46956093 408.93938398 -0.79081166
-72.05530390 407.88833335 -0.77348185
-72.64152237 406.85925844 -0.77519497
-73.23033523 405.81878288 -0.77260052
-73.80865503 404.79380613 -0.77595621
-74.37254250 403.77167027 -0.77121796
-74.90444225 402.77646838 -0.76285296
-75.49778801 401.75057242 -0.77421759
-76.07131997 400.70051143 -0.77712351
-76.64546983 399.66071072 -0.77892485
-77.21356201 398.63893368 -0.77984458
-77.78814906 397.60452642 -0.79271928
-78.33564421 396.59532082 -0.78239550
-78.88502800 395.58025592 -0.77024003
-79.45519233 394.53855282 -0.77134676
-80.03962154 393.50249772 -0.76043715
-80.60381045 392.45973612 -0.76496543
-81.15662536 391.43309518 -0.77225606
-81.70716772 390.39832331 -0.76088318
-82.24519164 389.38086788 -0.76231411
-82.78295991 388.34991494 -0.75409454
-83.31371675 387.32000423 -0.74356251
-83.87471017 386.29295004 -0.70997692
-84.42024111 385.23476493 -0.70259259
-84.97880994 384.15923634 -0.68777544
-85.51003457 383.11182565 -0.67988825
-86.04853104 382.04285436 -0.67685344
-86.57730179 380.95174272 -0.67503457
-87.10049435 379.88606856 -0.67100623
-87.61958698 378.81266506 -0.66837954
-88.10859389 377.72226819 -0.67535420
-88.59992044 376.64355454 -0.67938073
-89.09912771 375.55543669 -0.68004208
-89.59975637 374.42861498 -0.68719495
-90.08411524 373.28970192 -0.68420611
-90.56359106 372.14358783 -0.68707526
-91.03800731 370.97268782 -0.69552247
-91.51149467 369.79771194 -0.70162802
-91.97631403 368.61136555 -0.70028275
-92.41894899 367.46311028 -0.70133990
-92.84408487 366.33262534 -0.70167269
-93.27978887 365.16536201 -0.70669749
-93.70531757 364.01485369 -0.70776561
-94.12621375 362.83924836 -0.71261590
-94.53203884 361.67233497 -0.71368694
-94.91256626 360.52276443 -0.70196619
-95.28161251 359.35931315 -0.69692593
-95.65484842 358.19442051 -0.70350652
-96.01917816 357.00094858 -0.69960537
-96.36313171 355.80256286 -0.71156423
-96.71860774 354.60873402 -0.70927170
-97.06452956 353.40042988 -0.71131549
-97.40344280 352.20728818 -0.71628757
-97.71068160 350.99083602 -0.71995235
-98.01916544 349.75859209 -0.73416893
-98.30975650 348.54141149 -0.74286506
-98.59297024 347.35773268 -0.74536528
-98.85936910 346.16323442 -0.76562985
-99.12491608 344.97554552 -0.77223808
-99.39118434 343.76081873 -0.76246053
-99.64740547 342.57697853 -0.75898085
-99.89579595 341.37569013 -0.76024847
-100.14453798 340.14832208 -0.75842468
-100.39069568 338.93584812 -0.75441052
-100.61778071 337.73925804 -0.75048146
-100.84010077 336.53385000 -0.75553395
-101.04689694 335.31681445 -0.75790225
-101.24752385 334.10996844 -0.75131189
-101.45233234 332.89033541 -0.75325251
-101.63774735 331.67850964 -0.75058061
-101.83051946 330.45833394 -0.75101218
-102.01032330 329.25987722 -0.75187924
-102.19455029 328.01599510 -0.75814427
-102.37424161 326.79060847 -0.76868221
-102.53623703 325.60946327 -0.77417025
-102.69125947 324.42228419 -0.77839274
-102.84214353 323.22858165 -0.77576739
-102.99673733 322.01674262 -0.77517322
-103.13226660 320.82897639 -0.76899318
-103.28564862 319.62079670 -0.76736205
-103.44822959 318.39868093 -0.77189129
-103.59845219 317.21317049 -0.77917103
-103.75976264 315.98741391 -0.78835548
-103.90535710 314.75168999 -0.79612665
-104.06558258 313.50805457 -0.80505918
-104.25569871 312.27085915 -0.81117216
-104.43776520 311.02371659 -0.83322719
-104.60564360 309.78829108 -0.82508197
-104.77649623 308.57496717 -0.82390670
-104.94070802 307.36402787 -0.82100355
-105.08952529 306.14058940 -0.81448283
-105.22110070 304.98157920 -0.82416672
-105.37569273 303.75676837 -0.81682218
-105.53964258 302.54865422 -0.81906067
-105.69886083 301.27924128 -0.81691063
-105.86032715 300.04265848 -0.80659272
-106.01772373 298.82683903 -0.79484544
-106.17049857 297.59399080 -0.77293002
-106.33040583 296.36181890 -0.74744998
-106.48745761 295.12471717 -0.73330643
-106.62991035 293.90055639 -0.73569489
-106.78509655 292.62945177 -0.74497270
-106.92805864 291.42424991 -0.73302583
-107.05793705 290.24011263 -0.72868295
-107.18149391 289.04918246 -0.71532030
-107.29220920 287.84531949 -0.70898014
-107.41031936 286.65457475 -0.69033279
-107.50940250 285.45923465 -0.68060413
-107.61291466 284.26248305 -0.67063327
-107.70532495 283.05479844 -0.66392254
-107.80692512 281.86044667 -0.65916860
-107.89934491 280.69663756 -0.65575459
-107.99360010 279.51913831 -0.66744536
-108.08551336 278.33178405 -0.66352563
-108.17105117 277.13603068 -0.66611604
-108.26242462 275.91323504 -0.67026723
-108.31247242 274.73813752 -0.66398172
-108.36783536 273.53922317 -0.67811474
-108.42132464 272.32289368 -0.67419021
-108.47823021 271.12748369 -0.68303920
-108.53629521 269.91692966 -0.69142708
-108.58231323 268.69778969 -0.69514591
-108.63146089 267.48317320 -0.69381728
-108.67056389 266.24194180 -0.68855445
-108.70908496 265.05292070 -0.68661759
-108.72705514 263.88179994 -0.67062024
-108.74996289 262.61133323 -0.66475878
-108.73846198 261.42249959 -0.64596785
-108.73783934 260.20336664 -0.63303567
-108.70926598 259.00375612 -0.63044080
-108.69231314 257.81303437 -0.61900271
-108.65679718 256.58329931 -0.60761784
-108.64608096 255.28243375 -0.60501792
-108.58106603 254.10602587 -0.59048229
-108.56517143 252.84229029 -0.58262789
-108.53006602 251.57809275 -0.58389129
-108.51116220 250.33989632 -0.56696370
-108.47996995 249.09324482 -0.54662591
-108.43174287 247.91027514 -0.52437506
-108.37159061 246.66132126 -0.50444453
-108.31589653 245.38593524 -0.49142910
-108.25951828 244.16452716 -0.48308654
-108.18004790 242.94624443 -0.47330846
-108.09885352 241.76105292 -0.46052659
-108.00670543 240.57723735 -0.45519938
-107.90708155 239.38101071 -0.44431054
-107.80662529 238.20706145 -0.41483719
-107.68583994 237.01934991 -0.41013286
-107.55634114 235.82148794 -0.39132870
-107.43890957 234.62655394 -0.37800376
-107.31146709 233.44805559 -0.36536130
-107.16106543 232.23369688 -0.34974616
-107.00834479 231.03779847 -0.33035795
-106.84571321 229.84372354 -0.32177350
-106.67257986 228.62075868 -0.30410383
-106.50910445 227.44305688 -0.28256270
-106.32844979 226.23594782 -0.26837678
-106.11716835 225.03100142 -0.25738218
-105.90112581 223.81454348 -0.24484508
-105.70029146 222.60557749 -0.23582559
-105.47441890 221.36490606 -0.23074593
-105.25316304 220.12945366 -0.23129688
-105.03702748 218.89380653 -0.21121410
-104.80316243 217.68496568 -0.18908605
-104.55964123 216.45399017 -0.18037966
-104.30162989 215.18683374 -0.18346406
-104.04037739 213.95631867 -0.17837350
-103.74968530 212.67373703 -0.18539215
-103.43254883 211.37294027 -0.20327968
-103.10484481 210.04876334 -0.21350821
-102.80167484 208.80825457 -0.21254396
-102.45060445 207.48854664 -0.21837226
-102.10400119 206.15804720 -0.23026080
-101.75549988 204.86339036 -0.24339222
-101.43589676 203.61080203 -0.24086215
-101.11939414 202.32216044 -0.23407118
-100.79998414 201.06446345 -0.23078943
-100.47069373 199.81247442 -0.22583167
-100.14866445 198.59037535 -0.21375412
-99.82349107 197.37740838 -0.20434986
-99.48002360 196.10894143 -0.21317405
-99.12958301 194.84563363 -0.21278644
-98.77101163 193.56310569 -0.20824485
-98.40972118 192.31663306 -0.19365229
-98.04660884 191.07762477 -0.19000731
-97.67725314 189.84417920 -0.18940214
-97.26496527 188.61663494 -0.18293270
-96.87557938 187.37205035 -0.18853613
-96.47023405 186.12471758 -0.18897023
-96.11105269 184.91142428 -0.18507468
-95.69090018 183.66002414 -0.18149865
-95.26604311 182.39494910 -0.16916426
-94.86905861 181.16112758 -0.16816548
-94.43890220 179.89428960 -0.17421871
-94.02451502 178.66752013 -0.18484597
-93.55080526 177.38410279 -0.18953810
-93.11527301 176.12138654 -0.18950548
-92.67061843 174.85066858 -0.17711312
-92.23917000 173.59070490 -0.16381863
-91.78522224 172.29426620 -0.16724219
-91.31662249 171.00927460 -0.16246232
-90.89922685 169.73629171 -0.17376157
-90.49370473 168.47543636 -0.19260754
-90.07466946 167.19602742 -0.21282502
-89.63070956 165.89746866 -0.21253210
-89.22745485 164.64365944 -0.20989951
-88.82403354 163.36116796 -0.21033495
-88.42648452 162.09468677 -0.21975809
-88.02450519 160.83703463 -0.22783623
-87.62049105 159.59468044 -0.22220575
-87.22403871 158.34568430 -0.22746962
-86.82186722 157.10636368 -0.22841808
-86.41822611 155.85397994 -0.23607254
-86.02817790 154.59699670 -0.23339011
-85.63417016 153.36120031 -0.22443168
-85.24517335 152.10932191 -0.22130252
-84.85098166 150.85919651 -0.20858223
-84.47410132 149.60654703 -0.19857268
-84.09051726 148.35511401 -0.19960969
-83.70972534 147.11557687 -0.18905811
-83.30410858 145.85417741 -0.17712171
-82.90882434 144.60618821 -0.17853135
-82.50928955 143.36654558 -0.17273496
-82.13186445 142.11442745 -0.15370486
-81.74543345 140.87949741 -0.14738480
-81.32557977 139.61938368 -0.14316168
-80.91937924 138.35687980 -0.15354338
-80.51757359 137.07793839 -0.14807881
-80.11853267 135.83445359 -0.14729329
-79.72800259 134.58805678 -0.14442328
-79.32597361 133.33082634 -0.14224268
-78.91859690 132.06047175 -0.14624864
-78.50632251 130.77618660 -0.14221524
-78.12491967 129.45865122 -0.14502794
-77.72017657 128.21680354 -0.14200197
-77.32615723 126.97288680 -0.12707395
-76.92812848 125.74037394 -0.11432656
-76.53147265 124.48029820 -0.10643297
-76.13313052 123.23339217 -0.08878989
-75.74449705 121.97239120 -0.08978548
-75.33308986 120.72507078 -0.08112883
-74.93531236 119.46585734 -0.07665605
-74.52427471 118.22066352 -0.08064741
-74.09483243 117.00457109 -0.07526634
-73.69215603 115.77444304 -0.07640126
-73.29595722 114.54052458 -0.07428839
-72.89598812 113.29268924 -0.06587897
-72.49976507 112.06825147 -0.06318105
-72.11543334 110.81178507 -0.06340141
-71.72913647 109.54977506 -0.07714639
-71.33009639 108.31285543 -0.07865831
-70.95120442 107.02809330 -0.08776583
-70.56087763 105.76544131 -0.07790585
-70.19226933 104.50202912 -0.06971052
-69.81797543 103.25323790 -0.06624917
-69.42793919 101.97773724 -0.05242452
-69.04017148 100.73961379 -0.05854109
-68.65130664 99.47102107 -0.04776604
-68.25421301 98.15060144 -0.06531497
-67.86314134 96.84114518 -0.08351418
-67.48467839 95.56568432 -0.08598010
-67.10476376 94.29220895 -0.08764188
-66.73422567 93.01952432 -0.08277655
-66.36351505 91.73943823 -0.08243626
-65.98892917 90.44936099 -0.10294831
-65.60397884 89.15000235 -0.12088276
-65.20589129 87.82031489 -0.12039231
-64.83342857 86.52169969 -0.11958313
-64.45788692 85.18625377 -0.12029870
-64.09805803 83.88429997 -0.12065515
-63.72855171 82.56811223 -0.13058655
-63.38355828 81.24498726 -0.13960646
-63.04872916 79.94369572 -0.12938875
-62.72468940 78.64657574 -0.11724532
-62.39214390 77.32385363 -0.11537137
-62.04281680 75.96717473 -0.11352577
-61.72077987 74.62240163 -0.11680429
-61.41537624 73.29642144 -0.11685797
-61.10710710 71.97428553 -0.12226560
-60.79163044 70.65916841 -0.12455685
-60.48470590 69.32543023 -0.12760197
-60.16472561 67.99673588 -0.12905951
-59.78833328 66.63014204 -0.10935198
-59.47188629 65.25629932 -0.10803954
-59.27977144 64.17206988 -0.10350381
-59.01553901 62.72576380 -0.10546354
-58.96527987 62.20821878 -0.08072473
-58.41213155 61.90228325 -0.12624508
-58.08356395 60.88487316 -0.10462776
-58.13156190 59.18137857 0.02928341
-57.95712195 57.84753302 0.06625517
-57.57531052 56.78545891 -0.01719162
-57.23254438 55.26388093 -0.02892637
-56.81608154 53.85299105 -0.05083542
-56.95765208 52.33474363 0.02590151
-56.79471482 51.21938133 0.06251801
-56.44016596 49.79911592 0.01858686
-56.12927601 48.65538597 -0.01217537
-55.63197168 47.42829586 0.07039775
-55.46946486 46.64674791 -0.01297125
-54.80292859 46.17293127 -0.04494044
-54.26792538 45.17539318 -0.05057692
-54.15963322 45.10695441 -0.01917785
-53.87799832 44.03844090 -0.05707358
-53.33501317 42.43128508 -0.11189597
-52.80162290 41.11802355 -0.04270951
-52.54920187 39.24681582 -0.15494846
-52.39058587 37.48075042 -0.10476337
-52.13337242 36.18008575 -0.09990085
-51.86597994 34.84810361 -0.14077225
-51.66450746 33.33919044 -0.06623704
-51.45408789 32.11319193 -0.08999668
-51.18735771 30.89216687 -0.13701548
-50.88961077 30.05607109 -0.19163013
-50.60812846 29.35753884 -0.21562284
-50.35204830 28.40118297 -0.22462219
-50.20150080 27.13919880 -0.26030162
-49.48672933 25.55452994 -0.31186529
-48.97189646 24.19605712 -0.34983548
-48.41757277 22.81274987 -0.31476339
-47.96234066 20.84684726 -0.39276429
-47.64249055 19.94452816 -0.44029218
-47.42267562 19.75799828 -0.40933813
-47.41045370 19.78940295 -0.33067296
-47.03356106 18.15734848 -0.41143025
-47.37763536 18.43948513 -0.35809085
-47.68100700 18.52606484 0.01056889
-47.68206963 17.49711599 -0.00316306
-47.69984543 17.53666095 -0.06276601
-47.59837883 17.22761368 -0.05508914
-47.06225018 18.06131962 0.04761381
-46.80147622 16.66890159 0.00852851
-46.55905298 16.31521706 0.00753250
-46.19030945 14.80633700 -0.01419571
-45.78614629 14.71462925 0.05119445
-45.55931280 14.31217025 0.02224859
-45.17123724 13.70359753 0.03177716
-45.12943147 13.55278124 0.03327943
-44.31555707 12.73072260 -0.02745611
-44.15662696 12.76217372 -0.02615860
-44.03184748 12.22235719 -0.08534853
-43.56874565 11.76667681 -0.19565627
-43.20289237 11.89517751 0.01671633
-43.13173480 11.42501141 0.05818358
-42.81367607 10.71586558 0.01932743
-42.06144969 9.54994892 -0.06423554
-41.40796878 8.39088763 -0.14944142
-40.68394189 8.04430072 -0.19855432
-40.09709133 6.83464665 -0.25822737
-39.97669100 6.34996793 -0.20185068
-39.32203582 5.41431166 -0.25841442
-38.93652292 5.47111469 -0.28227909
-38.36854719 5.37380861 -0.31920965
-37.52890811 4.90879099 -0.32469462
-36.70110532 4.08989260 -0.32939474
-35.74933787 3.45416821 -0.30665320
-35.03547583 3.07513492 -0.30860211
-34.31130537 2.71400944 -0.30783298
-33.54857071 2.40234426 -0.32068007
-32.80408347 2.08801743 -0.29712504
-32.08156530 1.78015529 -0.28507157
-31.34649110 1.56005871 -0.25662234
-30.60833296 1.36578698 -0.23015180
-29.86434708 1.18855381 -0.18439880
-29.13312288 1.01962556 -0.13927998
-28.38790197 0.85756386 -0.11002884
-27.66148304 0.71001965 -0.08365083
-26.89806758 0.58565893 -0.06035712
-26.12591324 0.42875382 -0.04544434
-25.35850740 0.27316450 -0.01484704
-24.63682894 0.15535682 0.00712770
-23.91371400 0.04182703 0.02522436
-23.18808382 -0.08253102 0.04537711
-22.49162765 -0.20705553 0.05982824
-21.76799529 -0.29962614 0.06580071
-21.05815938 -0.39454087 0.07570974
-20.33689377 -0.49137169 0.08523089
-19.66666747 -0.58487860 0.09976138
-19.01125386 -0.66681058 0.11404780
-18.38043390 -0.76857647 0.12245627
-17.74357591 -0.84697710 0.13941640
-17.11884723 -0.93195096 0.15098245
-16.50201632 -1.01896992 0.17270552
-15.87938478 -1.11115999 0.19090255
-15.31315430 -1.17186879 0.20938971
-14.75675314 -1.20405546 0.22211425
-14.22926817 -1.27597886 0.23712220
-13.70460231 -1.35040980 0.24911554
-13.20119660 -1.41146021 0.26626110
-12.75790794 -1.49501135 0.27532620
-12.33055883 -1.53116874 0.28535670
-11.91500590 -1.58853299 0.29277533
-11.53699188 -1.61071834 0.29895891
-11.16566639 -1.65088454 0.29503839
-10.77532156 -1.66497751 0.29666647
-10.44023640 -1.73412645 0.29645955
-10.12583590 -1.79566671 0.30109751
-9.81576014 -1.82199748 0.30624639
-9.50199967 -1.84154749 0.30718070
-9.20856073 -1.86710201 0.30378212
-8.91695267 -1.87679041 0.30371462
-8.65564923 -1.90853357 0.30679344
-8.39410729 -1.92293313 0.31224089
-8.12622887 -1.91880659 0.31231814
-7.86136472 -1.92774958 0.30620523
-7.58849789 -1.92805207 0.30120971
-7.28424130 -1.89911522 0.29973605
-6.98498912 -1.87300825 0.30877829
-6.68232259 -1.82758515 0.32546541
-6.37100294 -1.76827921 0.34054605
-6.04275384 -1.69995874 0.34297435
-5.70040623 -1.62804209 0.35867428
-5.41109773 -1.51684310 0.38891254
-5.04397741 -1.37922793 0.39575095
-4.67043747 -1.24863114 0.39940311
-4.30419886 -1.13198201 0.40590415
-3.90435693 -0.98580170 0.40507952
-3.64173859 -0.74143418 0.40332447
-3.28592428 -0.36794275 0.41889555
-3.12688827 -0.22816321 0.44071430
-2.82603094 -0.11845348 0.45482883
-2.37112336 0.02374096 0.45310880
-1.98619933 0.65304383 0.47871503
-1.54415628 1.30885116 0.48825413
-0.92300713 1.93517381 0.58904042
-0.13131748 2.29150753 0.66743053
0.54543436 2.82251276 0.69429049
0.62960733 3.18915479 0.68012146
1.25289475 3.26614078 0.68386154
1.51609962 4.05020028 0.71095522
1.56999495 4.20876166 0.77690788
1.90491778 4.56488298 0.78627950
2.28221423 4.98695423 0.82170609
2.53435135 5.62457470 0.84070289
2.71294164 6.18350244 0.86551838
3.33830751 7.08953521 0.91935684
3.76826194 7.95672433 0.95748712
4.13184764 8.58917674 0.97285842
4.47963490 9.23300010 0.98890658
4.79215675 10.09356899 1.00140030
5.14479576 10.83028149 1.03261021
5.45696784 11.69266746 1.07471093
5.88144403 12.47223920 1.10579702
6.30935325 13.28221460 1.13633300
6.72939033 14.06503173 1.15604387
7.16946950 14.88309696 1.15914524
7.61777719 15.69769815 1.18472606
8.06935768 16.56920784 1.20494830
8.52384801 17.45025706 1.21249992
8.99525385 18.36761854 1.22308698
9.46418710 19.25258530 1.21948787
9.93580194 20.15462742 1.24251069
10.42645688 21.08782567 1.28202738
10.92152197 22.04107679 1.31068380
11.39440513 22.96028063 1.32880120
11.86049616 23.86461136 1.34428417
12.33010438 24.79567471 1.33018242
12.81394956 25.72609975 1.33392666
13.31201762 26.68272846 1.32009953
13.80771858 27.66270730 1.31108500
14.30468290 28.62217013 1.28502060
14.79885234 29.54545369 1.24279876
15.28172465 30.48423390 1.18692225
15.77619668 31.45827106 1.14301473
16.27393040 32.41147501 1.10064649
16.76203594 33.41277132 1.06051120
17.27078126 34.41231042 1.02154961
17.79196685 35.39344615 0.97770056
18.32148644 36.43410322 0.93697055
18.86436851 37.43940933 0.87723880
19.40515352 38.43904283 0.83212843
19.93073799 39.45037818 0.79809801
20.45918125 40.46268228 0.78171709
20.98353987 41.47841004 0.78478138
21.51009437 42.48874386 0.77073607
22.03410466 43.51566883 0.74898495
22.57732650 44.51923274 0.73602056
23.11350722 45.53462948 0.72451778
23.66269741 46.54817230 0.72385336
24.20863360 47.56810992 0.72596071
24.76305536 48.58682143 0.72588436
25.31027888 49.62543733 0.72414347
25.86886805 50.68843162 0.72590023
26.42300775 51.73836060 0.73391535
26.97816725 52.79029507 0.71846058
27.52126501 53.86912798 0.69485934
28.07791170 54.92581309 0.66682468
28.63311256 56.01047638 0.65244119
29.18378536 57.05469876 0.65322710
29.72935734 58.12557437 0.65196963
30.28360290 59.19285819 0.65205258
30.83645766 60.25470496 0.65343988
31.39422042 61.31898375 0.64046084
31.94538409 62.36702251 0.62999985
32.50234284 63.42566105 0.62813770
33.05707957 64.47269147 0.61309766
33.61245542 65.52452304 0.59017822
34.16677586 66.56782156 0.58085502
34.72641784 67.60996998 0.59080043
35.27361419 68.65576419 0.60445883
35.81501768 69.70051687 0.60984465
36.35673755 70.73517833 0.62949871
36.90978652 71.76431053 0.64093784
37.44803356 72.79928606 0.62969803
37.97365357 73.82604047 0.62496532
38.49685913 74.84735613 0.60503542
39.02185689 75.85455452 0.56942715
39.57002919 76.86558029 0.52128003
40.10075016 77.86846729 0.48161736
40.61798353 78.87539174 0.47855582
41.15013219 79.88983179 0.47355345
41.68273120 80.93085122 0.48107488
42.21713071 81.95683408 0.48350577
42.75492526 82.96208530 0.47061899
43.29888146 83.95331967 0.45799883
43.84130404 84.95862428 0.44081679
44.37914298 85.96031987 0.43862288
44.92094279 86.97621960 0.42527593
45.46012374 87.97886275 0.42407905
46.02019191 88.98836463 0.42149393
