-0.00001005 0.00001054 0.00000101
0.38040409 0.32954579 0.03605000
0.79460087 0.68029102 0.05347293
1.21268453 1.07442096 0.07254097
1.64400426 1.49529892 0.08452497
2.06660103 1.94648243 0.09922535
2.51292132 2.44266926 0.10299716
2.96197431 2.95929180 0.10410679
3.41502751 3.51136750 0.10401133
3.90549382 4.11822118 0.09908202
4.37528655 4.72951805 0.08733701
4.82398268 5.35072337 0.07582701
5.27056542 6.01343299 0.06251410
5.73877107 6.70215768 0.05526526
6.19259670 7.40786771 0.03636904
6.64649109 8.13275226 0.03343974
7.08885384 8.86378109 0.02142207
7.54916328 9.66284993 0.00343041
7.99260475 10.43677354 0.00026605
8.44064031 11.25355448 -0.00498764
8.89844790 12.10912856 -0.01138302
9.33674482 12.93485527 -0.01595728
9.77159045 13.79366970 -0.01950048
10.20094357 14.64875525 -0.01926102
10.63053321 15.52019587 -0.01946348
11.05006762 16.38643482 -0.01298411
11.46780559 17.28349539 -0.00572860
11.88539703 18.16804798 0.00463956
12.31163123 19.10412589 0.00656550
12.73738528 20.03415665 0.00625084
13.15805227 20.95189730 0.00433084
13.56898903 21.89252017 -0.00506342
13.99169550 22.80063706 -0.00965603
14.41874632 23.71660497 -0.01541834
14.84608330 24.64572224 -0.00418928
15.27132021 25.59196782 0.00037142
15.70193812 26.51397722 0.00638339
16.13187627 27.46721604 0.00918022
16.56096197 28.40734604 0.00981260
16.98495852 29.35862370 0.01807432
17.40923336 30.30085971 0.04049908
17.83840946 31.27688094 0.04800672
18.26743525 32.24088359 0.05458763
18.69953211 33.22114967 0.07942107
19.12379593 34.19144871 0.10300784
19.55427607 35.16385905 0.09985679
19.98831438 36.12139633 0.09819269
20.41520018 37.06471188 0.09769652
20.82994895 38.02485748 0.08691584
21.24414672 38.96698739 0.08919860
21.65510951 39.88642363 0.10195316
22.06619177 40.84117418 0.11837988
22.47832403 41.77018351 0.12867835
22.88781809 42.68045365 0.13245195
23.29949391 43.60176048 0.13982272
23.70846957 44.51036339 0.14943293
24.12420938 45.41459666 0.16652262
24.54000907 46.30297321 0.17876679
24.95237222 47.20179687 0.18858085
25.36803276 48.10851166 0.20336199
25.77389183 49.00782142 0.21452749
26.19939914 49.90137823 0.22707831
26.61726109 50.78228775 0.24067571
27.02435043 51.71487881 0.24267403
27.42977199 52.60906652 0.24241691
27.83099271 53.50695734 0.22833420
28.22119315 54.37287767 0.22130204
28.60696632 55.22926182 0.21348100
28.99390323 56.06285661 0.23057072
29.36938073 56.87570627 0.23561691
29.74595471 57.69848328 0.24259731
30.13112164 58.48848247 0.24420724
30.48065667 59.26926611 0.24469516
30.83155627 60.02509553 0.25051084
31.18436100 60.77830406 0.25838062
31.53867689 61.51989750 0.26684162
31.87102189 62.25472446 0.27676925
32.20376208 62.98992596 0.28533549
32.52151350 63.68605622 0.27946579
32.83393796 64.36693007 0.27125988
33.14154335 65.01857321 0.26903832
33.43950095 65.67479851 0.26938116
33.73045976 66.30261632 0.27922633
34.01411622 66.90685896 0.30337377
34.28917778 67.49568268 0.31006764
34.56119792 68.05962645 0.32068367
34.81662077 68.61455470 0.32406241
35.06362361 69.14579367 0.33172585
35.30185742 69.66627596 0.34090834
35.54086293 70.17068399 0.34855350
35.78389955 70.65681800 0.36583862
36.02174786 71.13130111 0.38267201
36.25157358 71.59521708 0.38595728
36.47496384 72.04351474 0.39388638
36.70732445 72.47594401 0.38281855
36.94761737 72.90084753 0.37613489
37.19027109 73.30697840 0.38054164
37.43616011 73.70345357 0.38589737
37.69080523 74.08836837 0.38608893
37.95485739 74.46030255 0.38810929
38.23740985 74.80906870 0.38832185
38.52996878 75.15540520 0.38586595
38.84425566 75.49279815 0.38270683
39.14310972 75.80105846 0.38089083
39.45949532 76.09839848 0.38791627
39.78340728 76.36342410 0.38286260
40.11154314 76.61125833 0.36606323
40.45910341 76.83261200 0.35612814
40.82113544 77.02102628 0.35286172
41.18579590 77.19867907 0.34622754
41.55005466 77.33737737 0.34292393
41.91938045 77.44432507 0.34202026
42.29804197 77.52601628 0.33691830
42.68434571 77.58100634 0.32838475
43.06293439 77.62380296 0.31797879
43.43485396 77.64969357 0.31282691
43.80185615 77.64319382 0.30531473
44.17903009 77.61595715 0.29412647
44.56111238 77.55448967 0.29190080
44.92591177 77.47589188 0.28967014
45.30152549 77.40833798 0.28494871
45.67469770 77.33262142 0.27734913
46.05352684 77.23624157 0.26805459
46.42875075 77.11228878 0.25837170
46.83085772 76.97929804 0.25069172
47.20240714 76.82216399 0.22990101
47.65333910 76.66968447 0.20569454
48.03906468 76.50494672 0.20114189
48.47757753 76.32329272 0.20586889
48.93093673 76.12691627 0.21360409
49.41474253 75.91211096 0.20871439
49.91625165 75.67791203 0.20052810
50.36660531 75.43775894 0.19914220
50.84784429 75.18942782 0.18468775
51.34327318 74.92581056 0.17978770
51.85337640 74.66669612 0.16647586
52.36826072 74.39159928 0.15677509
52.93694170 74.08685148 0.14988834
53.46416446 73.78549355 0.14923184
54.01187726 73.47903884 0.14429254
54.56570424 73.15827428 0.15639949
55.12054504 72.82837534 0.15119165
55.73092335 72.48612503 0.15322864
56.34016346 72.12713907 0.14810325
56.98225051 71.77280023 0.15284712
57.62974382 71.40791341 0.15233201
58.30828878 71.03285803 0.14943736
58.98489183 70.66177361 0.14483829
59.69689424 70.28215407 0.14895621
60.44417062 69.91057551 0.15073782
61.16360390 69.53498427 0.14038796
61.86345974 69.15731927 0.13745345
62.57818479 68.78245858 0.13076107
63.29692301 68.40009186 0.12102823
64.03810542 68.02826613 0.12116606
64.76678626 67.65574454 0.13858698
65.49739756 67.27999591 0.15496492
66.24452404 66.90503336 0.16799078
66.96026119 66.53803012 0.18009412
67.68460740 66.16458804 0.19539220
68.40792555 65.79347817 0.20233170
69.11580207 65.42389822 0.21297248
69.83212056 65.05443799 0.21708818
70.52839882 64.68312934 0.22477027
71.23841061 64.30355120 0.23394170
71.95079401 63.92478849 0.24006565
72.63682952 63.53159442 0.24735957
73.32691120 63.13354891 0.24518931
73.99425252 62.74861509 0.24138684
74.67016875 62.35235159 0.24591094
75.34105027 61.94634060 0.24702994
76.00117512 61.54184942 0.24725900
76.65622569 61.13540694 0.24456577
77.29964298 60.70768260 0.24978024
77.94201871 60.28188180 0.24212665
78.56099665 59.85870503 0.24422338
79.19021335 59.42311135 0.24993502
79.81512055 58.98207862 0.24958700
80.42318689 58.54608425 0.26082511
81.02518093 58.10501357 0.27031414
81.61834754 57.67430700 0.27691222
82.18225703 57.25099478 0.29042188
82.75682675 56.81285128 0.28852449
83.31692347 56.39003997 0.29612685
83.86073778 55.97818600 0.29459578
84.40605442 55.56497609 0.29552647
84.92913921 55.16800267 0.29890593
85.44477052 54.77866555 0.30268563
85.96000910 54.39995931 0.30731886
86.41675363 54.05939350 0.30906624
86.87299688 53.72761765 0.30855572
87.31851978 53.41542674 0.30807608
87.75536224 53.11814000 0.32061896
88.19601997 52.82304832 0.32914609
88.65043056 52.53850883 0.33052841
89.09146828 52.27763840 0.33294780
89.52742414 52.02788861 0.33849920
89.97746172 51.79834707 0.35276043
90.43336139 51.58537005 0.36425002
90.88620447 51.39438105 0.36928219
91.34510986 51.21672728 0.37540077
91.80330806 51.07145474 0.37561523
92.25639536 50.95875728 0.38679513
92.70722753 50.87027087 0.39079896
93.15856461 50.81892341 0.37941929
93.60372553 50.81207293 0.37559897
94.03327048 50.83937552 0.37677711
94.50098140 50.88057765 0.40558230
94.89109814 50.94754523 0.41303858
95.29173114 51.05209957 0.43239018
95.68439666 51.18381072 0.45220633
96.08069205 51.34757096 0.45966387
96.47229103 51.53437490 0.47246679
96.86551618 51.75862111 0.47967968
97.25597670 52.02999017 0.48367990
97.62221147 52.30746400 0.48701190
97.98466036 52.61940833 0.47804554
98.33785326 52.92320303 0.46319384
98.69858769 53.25772292 0.45900217
99.04952515 53.59406092 0.45611256
99.39630762 53.95142217 0.45202003
99.75122089 54.33434744 0.44048013
100.11623208 54.73901614 0.43365363
100.46753789 55.12233695 0.41885653
100.84011018 55.54658406 0.42066710
101.22033351 55.97341084 0.41209913
101.61784142 56.40017858 0.40230979
102.01931100 56.82981896 0.39359300
102.42507734 57.27094412 0.39358892
102.83805416 57.71752522 0.39318161
103.27197534 58.16751457 0.40723535
103.72439335 58.63793987 0.41219331
104.19017834 59.10335494 0.41898273
104.65910527 59.57943100 0.41845891
105.14867814 60.05710604 0.42003954
105.61614149 60.52214580 0.41795686
106.11382356 61.00707004 0.40789194
106.62942506 61.51464688 0.39570761
107.13171169 62.00503824 0.39317524
107.65472414 62.52022542 0.40838673
108.18213346 63.04503589 0.42294162
108.69394648 63.56176427 0.42515591
109.22024165 64.10603084 0.41845950
109.75092461 64.64882556 0.40334570
110.29301588 65.20230266 0.39514598
110.84641054 65.77797490 0.39562221
111.40455547 66.35475870 0.40385659
111.96520596 66.94286458 0.41397236
112.52914587 67.54071649 0.40619122
113.11503685 68.17624543 0.40030503
113.68679297 68.79978995 0.40074588
114.25757945 69.40733075 0.40110436
114.83104885 70.03037315 0.39886228
115.40635946 70.64462847 0.39749065
115.99530978 71.30958243 0.39454544
116.58669880 71.96892898 0.40028220
117.17739285 72.58485833 0.40066831
117.77663273 73.21582467 0.38936749
118.37863711 73.83417499 0.38957268
118.98443450 74.45079022 0.39130494
119.58664072 75.06630043 0.38977835
120.17565330 75.66764732 0.39494832
120.77612392 76.27770249 0.40143363
121.37726912 76.88480339 0.40592345
121.99006531 77.49621455 0.39298396
122.60262419 78.09853916 0.37585531
123.21777739 78.69176273 0.36683667
123.82183128 79.30494794 0.37959108
124.42336309 79.90148294 0.41119584
125.02725096 80.51849950 0.44258958
125.60831071 81.11131836 0.43711689
126.18913576 81.70666248 0.40601848
126.76826239 82.28344147 0.38157685
127.35231319 82.86464385 0.38589754
127.93157441 83.46306039 0.39759856
128.50552431 84.04447435 0.40231163
129.07346157 84.61765337 0.40700774
129.62717286 85.20255019 0.41438014
130.18202088 85.78861009 0.41003715
130.73846328 86.38193202 0.41430737
131.29930874 86.97978682 0.42139107
131.85594946 87.56853133 0.42077063
132.41070190 88.15691964 0.42059105
132.96870349 88.74001860 0.41344140
133.50835018 89.33070352 0.41614834
134.04779002 89.92644123 0.41352012
134.59277503 90.53039292 0.42257024
135.12789787 91.13976885 0.43294973
135.66093639 91.75683325 0.42817268
136.18632628 92.37521137 0.40887407
136.72231986 92.98308089 0.38568467
137.25282512 93.59213633 0.36562218
137.78186283 94.21460185 0.34728378
138.29013294 94.84257660 0.35076499
138.79693239 95.48116675 0.34694050
139.29219976 96.10536068 0.34152252
139.79829040 96.75273380 0.33940355
140.30506062 97.39803435 0.34249595
140.79790490 98.04275875 0.35812861
141.28586328 98.71945277 0.36079133
141.77741266 99.37761194 0.35363907
142.25443150 100.03703733 0.35410486
142.72639034 100.71907257 0.35171390
143.20175615 101.41167640 0.34070679
143.66802299 102.09312172 0.33077894
144.14206809 102.77775347 0.31478579
144.60891380 103.45653944 0.31144974
145.07073384 104.15643718 0.31300549
145.53149735 104.86968032 0.32395537
145.99404472 105.55267738 0.31459102
146.44869095 106.23306013 0.30213819
146.91569265 106.94064181 0.27241208
147.36519584 107.63681066 0.26025522
147.81181224 108.35426457 0.26251872
148.26404080 109.06432436 0.26313614
148.70539496 109.76759393 0.25076185
149.13693428 110.47261080 0.24688114
149.56914827 111.18498826 0.23119179
149.99195264 111.89728932 0.21089937
150.41526915 112.61784005 0.20047898
150.83365750 113.36052698 0.20025971
151.23934614 114.11808150 0.20442039
151.63500077 114.82000654 0.21223549
152.02820648 115.56227658 0.20513716
152.41457776 116.30722009 0.18572117
152.79550702 117.04965250 0.15843345
153.17782906 117.80012792 0.14761501
153.57501792 118.52938930 0.14993842
153.95953839 119.31026899 0.15429275
154.34794099 120.05426077 0.15634387
154.73782420 120.80651428 0.14729314
155.12894187 121.55607347 0.12780493
155.52282331 122.29497589 0.10742092
155.92152564 123.03612309 0.09677166
156.30100023 123.77997096 0.10124111
156.67761009 124.52499889 0.11337063
157.06430707 125.25653277 0.11841377
157.44953729 125.98304433 0.10492864
157.82112663 126.69891899 0.08529602
158.18582952 127.41330854 0.07050207
158.54905526 128.14606143 0.06744959
158.90405454 128.85480207 0.06951983
159.27719292 129.59346970 0.06184843
159.61513641 130.28202117 0.05889464
160.00464130 131.02559195 0.03390584
160.36196257 131.74540375 0.01691051
160.70642128 132.48125836 0.00602379
161.04965765 133.18806469 -0.00247358
161.39529516 133.89040663 -0.00011311
161.73270868 134.56383093 -0.01083472
162.06013777 135.22497236 -0.03020833
162.38843412 135.85644474 -0.04893535
162.70957534 136.50521139 -0.05397060
163.01426363 137.14781633 -0.05656676
163.32210624 137.77482487 -0.05915107
163.61842190 138.37622159 -0.06764036
163.90845442 138.97481899 -0.06338146
164.19942701 139.57150701 -0.05350054
164.49321077 140.15798468 -0.04188811
164.79645936 140.75244744 -0.04291283
165.09307736 141.35206219 -0.04374473
165.39139737 141.92228710 -0.04463806
165.69056960 142.49024375 -0.05080713
165.99474861 143.02663086 -0.03869097
166.29907768 143.58664076 -0.02233421
166.60623895 144.14204977 -0.00055344
166.92456701 144.69915717 0.01802750
167.24270788 145.23086126 0.02056632
167.55876564 145.80189694 0.02492853
167.88274447 146.35150435 0.03018645
168.20493701 146.91153322 0.03665297
168.53121009 147.47472733 0.04490756
168.84593406 148.01546904 0.04488161
169.15572636 148.56901035 0.03840673
169.46716790 149.11329821 0.03579318
169.78564831 149.67130686 0.02931092
170.10202414 150.20256917 0.03868146
170.42194179 150.78886627 0.04886433
170.74447280 151.33959671 0.07516272
171.06619491 151.92243749 0.09491416
171.39403433 152.51002992 0.09643907
171.71156154 153.09972520 0.08914042
172.03113552 153.69331949 0.06751390
172.36784396 154.25987963 0.05419778
172.69928592 154.85157949 0.05409027
173.02476009 155.44412081 0.06211512
173.34167866 156.03043669 0.06782732
173.65626681 156.63833221 0.06473693
173.98318561 157.23180822 0.04912396
174.31992785 157.82083007 0.04198316
174.65421378 158.43600019 0.03630569
174.98428369 159.03168904 0.03223895
175.31586963 159.63312936 0.02888815
175.63000170 160.20807311 0.02398842
175.94438757 160.77654084 0.00462852
176.25385342 161.36409418 -0.00431201
176.55858809 161.95111779 -0.01343841
176.86631459 162.55168661 -0.01650555
177.16856432 163.15712839 -0.00661901
177.46949007 163.70497094 0.00341922
177.76053610 164.23397904 0.00939594
178.03876627 164.76092352 0.01583760
178.30767860 165.29997086 0.01242000
178.58426647 165.78163647 0.01906267
178.84787420 166.28461035 0.01956318
179.09047630 166.77031219 0.02261306
179.32474005 167.23217359 0.01333655
179.54543127 167.71834395 0.01576688
179.75279919 168.16387994 0.01083750
179.94924315 168.63562653 0.01561210
180.14358950 169.06763807 0.01884564
180.32561874 169.52096394 0.02064708
180.48986966 169.97564178 0.02156385
180.62185427 170.42679301 0.01085760
180.75359729 170.87648099 0.00320319
180.86687531 171.31678189 0.00402916
180.95683586 171.74920759 0.00222727
181.01602099 172.16530701 0.00557526
181.06187904 172.59501112 0.00580558
181.09042352 173.01646806 0.00838740
181.08703220 173.43606929 0.01344008
181.07240120 173.86350327 0.00685195
181.03485569 174.28055661 0.00561536
180.95154354 174.69411412 0.01775659
180.84499269 175.07202683 0.01429773
180.71141645 175.42518457 -0.00356870
180.57685678 175.73891583 -0.00353817
180.42717029 176.06848435 -0.00088247
180.26781703 176.36390445 -0.01066461
180.09393578 176.64253742 -0.03446205
179.87879333 176.95870632 -0.04629817
179.63049022 177.25792886 -0.06262840
179.34579984 177.56116779 -0.07655411
179.03912131 177.88161675 -0.07963611
178.71390760 178.13667001 -0.08240923
178.34723559 178.46537687 -0.08439133
177.94739027 178.77977865 -0.09284612
177.53441049 179.06135484 -0.10925337
177.10999174 179.32273912 -0.12033046
176.66688697 179.57216022 -0.13605491
176.19545663 179.82393682 -0.15129654
175.72604839 180.08349639 -0.17863527
175.23874212 180.32275282 -0.18771794
174.73153933 180.56780654 -0.19301578
174.22835578 180.80051185 -0.19720412
173.69705814 181.05387930 -0.20450897
173.13841813 181.30131807 -0.21474030
172.56936975 181.56456013 -0.22512261
171.98181313 181.83144340 -0.22936475
171.35752085 182.15273653 -0.22782840
170.71430110 182.46992345 -0.23037080
170.06911906 182.76690736 -0.23119292
169.41184046 183.07130475 -0.22319044
168.72270984 183.40814909 -0.23047338
167.99527654 183.79663936 -0.24110651
167.25133710 184.20067590 -0.25544844
166.51126995 184.59621503 -0.25755971
165.71594677 185.08235756 -0.27229727
164.94044439 185.53079917 -0.27625203
164.13150125 186.04217537 -0.29315395
163.35205671 186.47247194 -0.29908540
162.56998473 186.89946417 -0.29158592
161.76020306 187.35067701 -0.28993114
160.96139520 187.77520299 -0.30061238
160.18177779 188.16642154 -0.31489306
159.35402504 188.61034507 -0.31144723
158.51626661 189.05618696 -0.31059097
157.70057744 189.48071383 -0.30615419
156.85829531 189.94313455 -0.30888600
156.05050201 190.33640262 -0.31825698
155.23635398 190.72581741 -0.33053976
154.41088253 191.14459314 -0.34133567
153.59055489 191.54931612 -0.34479696
152.78301571 191.92841499 -0.34484297
151.96628376 192.32673418 -0.35388357
151.16342486 192.69502907 -0.36215981
150.33061242 193.09365310 -0.36186132
149.54215070 193.45793674 -0.35676492
148.76958511 193.83026939 -0.35083001
148.00035083 194.18962426 -0.35152564
147.22023506 194.57191721 -0.33831133
146.43833144 194.96589540 -0.33108082
145.66189536 195.35352395 -0.32814770
144.90046358 195.72174133 -0.32658225
144.15067532 196.07133494 -0.33148076
143.40054484 196.43243289 -0.32956703
142.65684339 196.79412486 -0.32191027
141.90586535 197.14431491 -0.31763357
141.16185658 197.49190209 -0.31696635
140.42667800 197.83537139 -0.31776630
139.68388645 198.18026078 -0.31984759
138.94452430 198.51097287 -0.32882153
138.22041957 198.83915960 -0.32421733
137.49331096 199.17002476 -0.32120501
136.74993402 199.50602396 -0.31853498
136.03374506 199.81371285 -0.32333035
135.29273399 200.14945549 -0.32158849
134.54713166 200.45756769 -0.31392786
133.83568406 200.74069196 -0.32828567
133.12258676 201.03134130 -0.33762343
132.40719420 201.32717257 -0.35058454
131.68542559 201.63318950 -0.35834033
130.98732462 201.92347547 -0.36486810
130.31628053 202.20678130 -0.37049653
129.64768310 202.49330127 -0.37931781
128.99503277 202.77463691 -0.38051141
128.36593343 203.05019192 -0.38112349
127.74797903 203.32592532 -0.38329227
127.13800479 203.59887870 -0.38689498
126.54703026 203.86378626 -0.38995224
125.96404332 204.12004049 -0.39526399
125.39996382 204.37548613 -0.40226411
124.84006453 204.63168023 -0.40732438
124.29611802 204.87549967 -0.40875804
123.77271706 205.11879800 -0.39876571
123.25495866 205.36487249 -0.40126942
122.76537629 205.59310939 -0.40956773
122.30432336 205.82525408 -0.41426684
121.84128407 206.05209004 -0.41858363
121.40515206 206.26739648 -0.41319848
120.97790504 206.48286239 -0.41099447
120.56649394 206.69178991 -0.41029214
120.18191739 206.89210587 -0.40695812
119.81433146 207.08999462 -0.40866125
119.45383750 207.27647935 -0.40471210
119.13050054 207.45849003 -0.40954838
118.83281372 207.63823363 -0.40402083
118.54957821 207.82958369 -0.40449262
118.28585029 207.99661310 -0.40046870
118.03773066 208.15269492 -0.40069310
117.80579285 208.30795527 -0.40665990
117.60561135 208.43363900 -0.40754221
117.42958159 208.56143700 -0.41139580
117.27302072 208.66547388 -0.41401153
117.12425719 208.75465419 -0.41416072
116.99917528 208.81491891 -0.41420589
116.89571422 208.87021982 -0.42038692
116.83211240 208.88808365 -0.41705883
116.78555277 208.91892750 -0.41608682
116.75266052 208.93879289 -0.41550562
116.72341791 208.95214396 -0.41246337
116.69747500 208.96783994 -0.41293224
116.68942928 208.97082453 -0.41371995
116.68208547 208.97201393 -0.41373695
116.68953427 208.96579412 -0.41230172
116.69820011 208.96218959 -0.41245520
116.70459129 208.95120079 -0.41384372
116.71075785 208.95112216 -0.41256355
116.71747986 208.95344186 -0.40976633
116.71293767 208.95823194 -0.41022374
116.71700277 208.96505133 -0.41225886
116.70792473 208.97299462 -0.40773333
116.69716286 208.98305666 -0.40975735
116.68313162 208.99256523 -0.40707960
116.66888705 208.99888802 -0.40422802
116.65139692 209.00752147 -0.40213029
116.62972491 209.01535560 -0.40222904
116.60159351 209.03388879 -0.40564100
116.58086973 209.05622205 -0.41102259
116.54879194 209.08041735 -0.42402746
116.49774328 209.12288547 -0.41876458
116.42796998 209.15865881 -0.41833746
116.34319604 209.21547193 -0.41601040
116.23353060 209.28998223 -0.40337560
116.10268946 209.38241437 -0.39797414
115.96220078 209.47953322 -0.38868241
115.80051522 209.58103701 -0.38912980
115.63154471 209.69165694 -0.38645660
115.44073851 209.81808543 -0.39221029
115.24157100 209.96938285 -0.39138419
115.04126325 210.12163295 -0.38676321
114.81883588 210.29863310 -0.38821728
114.59917206 210.47842993 -0.39402041
114.38133814 210.67576057 -0.39454188
114.15779185 210.90021977 -0.39593140
113.93049370 211.12046957 -0.39363804
113.69991791 211.35676255 -0.39118362
113.47451200 211.60229650 -0.38488704
113.26084274 211.87334102 -0.38057165
113.04259193 212.14471883 -0.38286585
112.82408083 212.43558448 -0.37905932
112.64068107 212.74739753 -0.38613618
112.47269938 213.07900453 -0.39224907
112.31277099 213.42672887 -0.39942164
112.15634225 213.79601009 -0.41474489
112.01412189 214.17435070 -0.44028153
111.88595212 214.59131768 -0.46681000
111.78062271 215.01230779 -0.48353147
111.70495612 215.47682330 -0.49806497
111.65873947 215.98049459 -0.49696212
111.64521030 216.50202080 -0.49866434
111.65862864 217.04012127 -0.51047085
111.70964546 217.55701575 -0.51970666
111.79650287 218.09251398 -0.53645474
111.90325584 218.64323471 -0.54409527
112.04978885 219.20734458 -0.55183825
112.22378734 219.76757436 -0.55862366
112.42297656 220.38494653 -0.56863869
112.64296983 220.99935669 -0.57458777
112.89960890 221.60400188 -0.57188947
113.17336976 222.19666835 -0.57148498
113.46189989 222.80204246 -0.56676919
113.77068904 223.41568928 -0.57575351
114.09714984 224.02669884 -0.57475638
114.42975745 224.65743039 -0.57920590
114.76631441 225.32929432 -0.58787136
115.11205690 226.00751227 -0.59966124
115.49131179 226.67189644 -0.60253638
115.87446697 227.35853581 -0.60362932
116.26335422 228.04682518 -0.60599618
116.65451465 228.75033537 -0.61722716
117.05202165 229.46766542 -0.61204706
117.45298973 230.16681881 -0.62419886
117.86067546 230.90448242 -0.63602363
118.27541763 231.66198505 -0.64427224
118.68954883 232.48907858 -0.66380652
119.11564192 233.25962210 -0.66273122
119.54667598 234.02526747 -0.65045183
119.98833861 234.79965143 -0.65596055
120.44520638 235.60299005 -0.66451296
120.89755327 236.39790383 -0.69697148
121.35220976 237.21070862 -0.73021164
121.80543427 238.01033568 -0.74440576
122.27271113 238.83861220 -0.75608532
122.73680381 239.71884180 -0.75667459
123.21175629 240.61857426 -0.75818695
123.69492083 241.48437357 -0.75917163
124.18566106 242.37067310 -0.77017048
124.68751940 243.25559774 -0.78684974
125.19052434 244.16129700 -0.80986475
125.70133452 245.06560347 -0.82285789
126.21206413 245.95901758 -0.83747364
126.73086185 246.88913989 -0.84889760
127.24433022 247.83783070 -0.85143245
127.76349453 248.83888861 -0.85201187
128.27767180 249.78126758 -0.85968435
128.78674777 250.69823014 -0.87147413
129.29784238 251.65231516 -0.88236409
129.80871811 252.58909463 -0.87378484
130.31400357 253.52643414 -0.85708429
130.81263558 254.45401411 -0.84368864
131.31463985 255.39482511 -0.82984338
131.81673132 256.35943575 -0.83295782
132.32707826 257.29582545 -0.84605410
132.82517361 258.32931054 -0.86904277
133.33902253 259.25793136 -0.87282747
133.82692183 260.19531710 -0.89197690
134.32079852 261.13280627 -0.90493551
134.81143858 262.05386369 -0.90389664
135.29888702 262.99461102 -0.92018716
135.78767944 263.93487136 -0.91496181
136.28922425 264.81556352 -0.91893599
136.78759883 265.72409060 -0.93040492
137.27307646 266.64136904 -0.93255966
137.76208345 267.55152033 -0.94283102
138.25068941 268.49534825 -0.96112514
138.73011789 269.38896105 -0.98242285
139.20549576 270.31859262 -0.99772663
139.69202797 271.23180482 -1.01147822
140.17958134 272.17563748 -1.01775655
140.65602940 273.11958109 -1.03544252
141.14583761 274.04224164 -1.03400079
141.63889818 274.94022801 -1.03998064
142.13134793 275.86528899 -1.04220012
142.63103101 276.81871321 -1.05025244
143.12131208 277.76442415 -1.05957600
143.63356392 278.69401859 -1.07002122
144.13109161 279.64391496 -1.08072907
144.64844333 280.59265109 -1.09002949
145.15133980 281.54554522 -1.10737953
145.65151973 282.48631219 -1.11426712
146.16376788 283.47862189 -1.13181775
146.67622313 284.44003423 -1.14651648
147.18874575 285.38282372 -1.15999379
147.70273764 286.36658229 -1.16511365
148.22177185 287.33554601 -1.16362001
148.76089624 288.31820368 -1.16619676
149.29113953 289.27216911 -1.17032419
149.80015019 290.24054169 -1.17357769
150.31165075 291.18042205 -1.18711589
150.82915871 292.11752360 -1.19020464
151.34187478 293.06609208 -1.20371705
151.86346426 293.99980232 -1.21066472
152.38834791 294.93481362 -1.20987492
152.89445778 295.86370730 -1.20506877
153.40443648 296.80124614 -1.20313077
153.91509649 297.71934140 -1.20271981
154.42513068 298.64561212 -1.19883928
154.93510660 299.54699726 -1.20123429
155.43648514 300.46383883 -1.20486773
155.92887076 301.36880826 -1.19638669
156.42026547 302.28303096 -1.19361786
156.89953883 303.17289883 -1.18465743
157.38695341 304.06676933 -1.18482671
157.85263240 304.93194496 -1.19274341
158.32126434 305.80524763 -1.19604588
158.77778426 306.66854015 -1.19498997
159.21925340 307.54653093 -1.20651206
159.65108132 308.39906020 -1.20193657
160.08794052 309.25360075 -1.19205770
160.51504579 310.10555596 -1.17200792
160.95726210 310.95918111 -1.14618146
161.38927869 311.79403652 -1.11064659
161.81469951 312.62318201 -1.09203181
162.22605291 313.42128944 -1.08204938
162.64228115 314.18888945 -1.07479494
163.02085193 314.95298713 -1.06250017
163.40038552 315.69666077 -1.05188716
163.77611126 316.41206406 -1.03546352
164.15379386 317.12493119 -1.01287006
164.52023563 317.79886700 -0.99531414
164.88872951 318.46296753 -0.97804213
165.24303811 319.11906822 -0.95388382
165.56810263 319.74965703 -0.94498147
165.88904257 320.36332010 -0.93145636
166.21637707 320.97105529 -0.90217606
166.52397617 321.54164636 -0.89253002
166.82434979 322.09484671 -0.88808559
167.10985863 322.63871849 -0.87465526
167.36843465 323.14333436 -0.87102135
167.63059141 323.64977891 -0.88364241
167.87792581 324.13037544 -0.90029855
168.10219349 324.59042418 -0.91287437
168.33506908 325.04651138 -0.92288986
168.54255338 325.48363777 -0.92740418
168.71790090 325.90844310 -0.92744498
168.89343361 326.32305933 -0.90782261
169.03352849 326.76080180 -0.88289687
169.18471866 327.19136424 -0.86252275
169.33916978 327.61998761 -0.82609173
169.46399419 328.01832139 -0.79098726
169.53898500 328.43378963 -0.76209527
169.60830548 328.88516104 -0.72734892
169.65853952 329.33227123 -0.68059142
169.70342369 329.75640767 -0.63894013
169.72996379 330.18139230 -0.60622826
169.72156467 330.60308565 -0.56609945
169.69760320 331.01935950 -0.50719981
169.63424870 331.42192424 -0.47136606
169.56556685 331.84581297 -0.42335100
169.48917734 332.29165117 -0.36921078
169.37001170 332.72946425 -0.29843943
169.21918342 333.15303631 -0.24226144
169.05671414 333.59984663 -0.17451252
168.86508532 334.06891983 -0.10786654
168.63944080 334.56125180 -0.02027160
168.36661747 335.03162804 0.05700047
168.08913479 335.46792889 0.12535696
167.77645087 335.87926964 0.17038965
167.41972510 336.27836030 0.22367647
167.04050706 336.62410696 0.26204766
166.60917048 336.97671392 0.29506527
166.13725650 337.31290194 0.30537165
165.63222095 337.68537898 0.31516062
165.12884765 338.06175740 0.32266877
164.62173520 338.42572171 0.32179284
164.07533533 338.80038137 0.32116645
163.52861983 339.17644079 0.32262741
162.92999767 339.56266503 0.30796825
162.30927894 339.95048691 0.29911423
161.66264496 340.31360400 0.23967380
161.02883754 340.65147129 0.18752326
160.38067936 340.95859456 0.15055903
159.70384092 341.27298582 0.12499400
159.00496214 341.60048325 0.08241732
158.32712583 341.88846631 0.03615206
157.64165398 342.17532483 -0.01486465
156.89758545 342.48696594 -0.05403838
156.15982372 342.84002288 -0.08349518
155.41587894 343.17222471 -0.11447368
154.63694974 343.53001464 -0.15325021
153.83530026 343.89725501 -0.16627522
153.03714442 344.26640142 -0.19105462
152.25497566 344.63205083 -0.23012086
151.43277950 345.02046757 -0.25166622
150.62304174 345.40974023 -0.26303652
149.78231616 345.80236740 -0.28277105
148.95310639 346.17414921 -0.31713045
148.14002009 346.54491637 -0.32395963
147.33200148 346.90918992 -0.35028323
146.56126562 347.26577446 -0.35822243
145.78034493 347.63869796 -0.38336750
145.01496335 347.98836707 -0.38336217
144.21662752 348.35069484 -0.39281909
143.41936627 348.70428821 -0.39188183
142.60965902 349.08234046 -0.41435369
141.82666463 349.46011754 -0.43545829
141.04496065 349.83196378 -0.44674319
140.29001095 350.19601533 -0.46074434
139.51975158 350.56464286 -0.49693314
138.74331915 350.95526023 -0.53300210
137.95683295 351.34956748 -0.55464051
137.15114709 351.76079741 -0.53880432
136.35536697 352.17331466 -0.53558282
135.55226058 352.60129402 -0.50775322
134.74695072 353.01693373 -0.52107691
133.96911312 353.41118390 -0.52648249
133.20520488 353.80659242 -0.54205781
132.48796948 354.21735504 -0.53787096
131.76008039 354.60190945 -0.54106367
131.00823528 355.00144831 -0.52147290
130.21823240 355.43484508 -0.50981631
129.48416729 355.82869913 -0.50647152
128.72783320 356.25522494 -0.51073808
127.97785461 356.68180968 -0.50951547
127.19118403 357.11230495 -0.47553380
126.42089427 357.54362002 -0.45250413
125.63063667 357.96703737 -0.43053627
124.81829594 358.40318151 -0.41687656
124.03683535 358.82250207 -0.38496537
123.25258307 359.24027113 -0.36215064
122.48537110 359.63259605 -0.33224882
121.68881214 360.05106622 -0.33034479
120.89644200 360.45648150 -0.31848471
120.09634267 360.87556621 -0.30907415
119.32116870 361.27193144 -0.30907956
118.52867913 361.66640395 -0.29858609
117.75028214 362.05719461 -0.29629451
116.96912108 362.44619684 -0.29577335
116.17188206 362.85449213 -0.30758433
115.37861721 363.26010206 -0.32589966
114.62584071 363.64934871 -0.34750650
113.88841278 364.03020464 -0.35779491
113.14710174 364.41730998 -0.38116651
112.40896842 364.79582732 -0.40064054
111.69183097 365.14388887 -0.42154831
110.98989309 365.50154489 -0.46926594
110.32267963 365.83420883 -0.50967471
109.66516805 366.17365529 -0.55077628
109.00249853 366.50510144 -0.60212091
108.38340959 366.81821574 -0.66019321
107.80402874 367.13995689 -0.73849810
107.26683547 367.41474116 -0.81351530
106.73240900 367.70167010 -0.90086492
106.23369146 367.97783601 -0.98681301
105.74366402 368.25171579 -1.08282425
105.25239980 368.52038276 -1.18379190
104.80846549 368.77260854 -1.27609223
104.33572110 369.05035334 -1.37296981
103.86462928 369.31320447 -1.47197462
103.39752693 369.57214250 -1.56552111
102.96714423 369.81996588 -1.65148870
102.54893120 370.07195385 -1.74192327
102.14547805 370.33433095 -1.82363448
101.71118533 370.59834276 -1.90004791
101.31845183 370.83797083 -1.97627671
100.95612112 371.07266410 -2.03980867
100.56664693 371.31101534 -2.09188794
100.17076689 371.57515173 -2.12295358
99.77346916 371.83445425 -2.13906951
99.37837694 372.08744786 -2.13921526
98.99339196 372.31953108 -2.13898690
98.61087801 372.56202978 -2.11191309
98.19246528 372.82420960 -2.06896455
97.79205939 373.08571991 -2.00604112
97.34506756 373.38165851 -1.90991420
96.87009733 373.65230110 -1.80553563
96.39570134 373.92222027 -1.67522281
95.91964187 374.20211442 -1.51623883
95.41460879 374.45619296 -1.31820501
94.86672164 374.73583936 -1.08519091
94.27066761 375.03615971 -0.85461312
93.63658700 375.36490863 -0.60886273
92.95523000 375.68244976 -0.34881739
92.24536797 375.96387966 -0.05172403
91.46718331 376.25395367 0.27425558
90.61940277 376.58472393 0.61195806
89.77479069 376.93275908 0.92226958
88.88895653 377.30661743 1.19335670
87.98453987 377.69118077 1.44631030
87.08851603 378.05412058 1.67482244
86.18941793 378.42684596 1.88036123
85.28751346 378.79793374 2.06225255
84.34296084 379.19560576 2.19552234
83.38831270 379.61590110 2.29849966
82.44052747 380.04779596 2.38531970
81.51209572 380.45887016 2.46696871
80.62329549 380.84855907 2.53643452
79.72909450 381.24818393 2.58608881
78.85916402 381.66240906 2.62158539
77.99047633 382.07621745 2.64074644
77.10252999 382.50568033 2.66486590
76.21491264 382.94384184 2.67764096
75.34412767 383.38199681 2.68680993
74.47541186 383.81626284 2.68843677
73.60649383 384.24825260 2.68426232
72.72560809 384.69182441 2.68102312
71.85947436 385.13082835 2.66968162
70.99805213 385.57080443 2.63690810
70.15822092 386.01655162 2.61385652
69.32247205 386.46700941 2.59309720
68.48854951 386.90912834 2.59636662
67.66544984 387.32452690 2.58935730
66.81069916 387.76029805 2.58529427
65.96691192 388.19339779 2.55739421
65.11041885 388.63263337 2.52317469
64.26158011 389.07265618 2.48507021
63.41733603 389.50309849 2.46039669
62.56854464 389.93139840 2.43714628
61.71906002 390.35188566 2.39979142
60.85059602 390.76231132 2.37959338
59.98275295 391.16601973 2.35660071
59.12742979 391.59252980 2.33066309
58.25157408 392.03012769 2.30089762
57.39826384 392.45478499 2.27107354
56.52610827 392.89287720 2.23445496
55.66544224 393.31253053 2.19215446
54.82900886 393.72563431 2.14874596
53.99901641 394.13492212 2.11805501
53.17481473 394.53660580 2.07314438
52.33255088 394.94867260 2.02824178
51.47176415 395.35777818 1.98312354
50.62214456 395.78819604 1.92412221
49.76547650 396.21864456 1.86770812
48.89547700 396.65993170 1.80641985
48.08245565 397.06640199 1.75324985
47.25940729 397.48896032 1.70103161
46.48022451 397.88227560 1.62914936
45.67734160 398.27568953 1.56195895
44.89956542 398.68016334 1.48747197
44.13927684 399.07666488 1.41754069
43.37479948 399.46631601 1.34527132
42.64644133 399.84506679 1.27168452
41.95219572 400.21333650 1.19053747
41.24676022 400.58936670 1.10314945
40.58120529 400.94006023 1.01674659
39.90315181 401.31665374 0.92571177
39.26029016 401.69099604 0.83627077
38.63064730 402.05127290 0.75639466
38.03041150 402.39567131 0.66661529
37.44037373 402.71390098 0.57926936
36.88061733 403.03210270 0.48356538
36.33297118 403.33473344 0.40163231
35.78159724 403.64849977 0.31552573
35.25380090 403.96011071 0.24226192
34.72286492 404.26610560 0.16402072
34.20502958 404.56421898 0.08060507
33.70115044 404.85408803 -0.00894551
33.20825215 405.13428836 -0.10035730
32.72588002 405.39779437 -0.18622180
32.22165984 405.66982797 -0.27559337
31.73231496 405.92195175 -0.34805229
31.24978836 406.14657810 -0.41303051
30.77635337 406.36793858 -0.47082410
30.31070538 406.57069890 -0.53556422
29.83053111 406.75710557 -0.57128534
29.32966074 406.92024374 -0.60725299
28.86546694 407.06688403 -0.64742741
28.40290214 407.18086648 -0.68507473
27.93899889 407.26152778 -0.69769293
27.49092149 407.30912460 -0.70798179
27.01262350 407.32698728 -0.70658666
26.58426867 407.30596984 -0.71114178
26.11149111 407.25341598 -0.69752627
25.62544285 407.15412780 -0.67890619
25.14848922 407.01472563 -0.65089725
24.67187735 406.81871187 -0.62662527
24.21802809 406.58863487 -0.58945393
23.77255514 406.32328181 -0.54824372
23.33035693 406.02932499 -0.51422325
22.88458999 405.67720577 -0.47776884
22.46929404 405.29594076 -0.45527036
22.07365354 404.87988271 -0.43442714
21.69992921 404.42739391 -0.42297573
21.32768262 403.94780882 -0.41001196
20.95614205 403.42833733 -0.39326388
20.57737691 402.87546870 -0.37635502
20.20798936 402.31685191 -0.35420761
19.84505480 401.74289887 -0.34425200
19.49803896 401.15493881 -0.33874520
19.15756252 400.55668225 -0.33161757
18.80960343 399.94799243 -0.31550429
18.47909022 399.33245693 -0.30791855
18.14826190 398.69454865 -0.28497060
17.81438124 398.04657883 -0.26782777
17.49791898 397.38511327 -0.24479581
17.16076375 396.69936846 -0.22867996
16.82036884 396.01318208 -0.21386460
16.47830492 395.32929482 -0.19571237
16.13624982 394.61406210 -0.17531929
15.78845441 393.85388649 -0.14862307
15.44236122 393.10806140 -0.14133249
15.09722701 392.34750635 -0.13605274
14.74171225 391.56335698 -0.13518508
14.38921733 390.77348468 -0.13649764
14.03338350 389.97671019 -0.13761819
13.65576092 389.14076524 -0.13133318
13.26752907 388.30734104 -0.12036664
12.90035838 387.46662032 -0.11387448
12.53061013 386.64737929 -0.10391833
12.15952490 385.83422679 -0.09620686
11.76183078 384.96258800 -0.08081142
11.36703022 384.09159044 -0.07508508
10.96573737 383.22320338 -0.06051267
10.56060952 382.35495793 -0.05334009
10.13484999 381.48058438 -0.05344342
9.72732759 380.62826616 -0.06716186
9.31448248 379.76887589 -0.08686496
8.91468993 378.93173246 -0.10054533
8.49742028 378.06824340 -0.11204021
8.07814233 377.22295060 -0.12551514
7.66029947 376.38566349 -0.13597686
7.25257516 375.55368249 -0.14838536
6.84141936 374.72250561 -0.15895779
6.42635987 373.88910048 -0.16789474
6.03086074 373.05521888 -0.18248471
5.62616272 372.22596885 -0.18385703
5.20789917 371.37816122 -0.18810863
4.78766538 370.53643403 -0.19974479
4.33982713 369.67764344 -0.21301146
3.88779339 368.83267117 -0.21151903
3.44053413 367.98744323 -0.23815956
3.00143892 367.15024027 -0.25436093
2.54915949 366.30386226 -0.25771693
2.10940814 365.46832677 -0.26625096
1.66802702 364.63222744 -0.28906813
1.22715907 363.79518363 -0.31851527
0.79832382 362.97533914 -0.34282720
0.36066969 362.12999355 -0.35276694
-0.07992179 361.28940556 -0.36378266
-0.50887517 360.46410833 -0.36911674
-0.94378953 359.63510812 -0.37746919
-1.37616969 358.79611941 -0.39498995
-1.80231796 357.97438984 -0.40223363
-2.24929990 357.13833181 -0.41669865
-2.68059489 356.31056611 -0.42889377
-3.11503822 355.49756748 -0.44017466
-3.55809414 354.66165723 -0.46758865
-3.99777088 353.84701145 -0.48075970
-4.44710682 353.02348234 -0.48555995
-4.88432150 352.20874573 -0.49841731
-5.31078076 351.40631688 -0.51563571
-5.74364877 350.59096264 -0.53700165
-6.19173561 349.78024155 -0.55546676
-6.63151681 348.96909090 -0.56621113
-7.07764469 348.14914355 -0.57554346
-7.49387978 347.32999661 -0.58451109
-7.90197063 346.51644238 -0.60806872
-8.33077064 345.68295662 -0.62000455
-8.74741323 344.85467527 -0.62955231
-9.15584504 344.03863835 -0.63555749
-9.57980667 343.21006321 -0.65406959
-10.01646270 342.37292476 -0.67839209
-10.44344693 341.52919904 -0.69765921
-10.85445488 340.67181489 -0.70287222
-11.25796954 339.82626246 -0.70549959
-11.67236589 338.96203562 -0.71556850
-12.11185757 338.10060267 -0.72938534
-12.54411890 337.21945972 -0.74849633
-12.99601678 336.34847096 -0.75726113
-13.42950410 335.48971948 -0.76612665
-13.87137327 334.59505960 -0.78000356
-14.35819495 333.70513662 -0.77463188
-14.79418723 332.84070483 -0.78101073
-15.24406637 331.95346513 -0.80579703
-15.69220760 331.06539780 -0.81488472
-16.19414416 330.16347191 -0.82495968
-16.69017221 329.25557082 -0.83815760
-17.14672995 328.37450858 -0.85414675
-17.62759380 327.46040418 -0.86659064
-18.07507174 326.56545793 -0.89280451
-18.54248443 325.66538313 -0.92506943
-19.00913090 324.76932282 -0.93654477
-19.47826207 323.87708371 -0.95119839
-19.93853011 322.96682492 -0.94900494
-20.38031271 322.06263018 -0.96088828
-20.80462339 321.18285594 -0.97841304
-21.26420489 320.28400188 -1.01729239
-21.72272300 319.38019722 -1.04715822
-22.14698447 318.50287266 -1.06175059
-22.60271871 317.60101446 -1.06982596
-23.01873085 316.70120291 -1.06071175
-23.47336177 315.77910839 -1.04787379
-23.89732686 314.88139764 -1.05112019
-24.32902103 313.98255086 -1.06263296
-24.74888580 313.09545336 -1.07369883
-25.19491531 312.18130301 -1.09105044
-25.63262805 311.28681379 -1.11153823
-26.08090932 310.38745613 -1.11043780
-26.52628179 309.50443901 -1.10763519
-26.96462581 308.62552010 -1.08296412
-27.40979487 307.72263864 -1.06905925
-27.83746989 306.84908893 -1.06192281
-28.27473372 305.97141443 -1.06732739
-28.70038359 305.10174514 -1.07379018
-29.13010313 304.25529901 -1.06731866
-29.56464702 303.40485552 -1.05759351
-29.98814189 302.56569890 -1.04028317
-30.40810306 301.74732194 -1.03353862
-30.84000222 300.93687245 -1.01292371
-31.24868073 300.14581577 -1.00637391
-31.67676896 299.35648582 -1.01022987
-32.08250643 298.59235937 -0.99819368
-32.45099655 297.83078381 -0.99232151
-32.82891547 297.07669700 -0.98673692
-33.22350484 296.35557689 -0.98449603
-33.59169190 295.64836341 -0.96980674
-33.94608483 294.93599843 -0.95287925
-34.29998019 294.22363914 -0.93574139
-34.66201523 293.54854529 -0.93513052
-35.05814238 292.85531909 -0.92682532
-35.44870924 292.18429122 -0.90223187
-35.82330865 291.53424023 -0.88566466
-36.18848121 290.91151230 -0.86678861
-36.52848138 290.32554408 -0.86195467
-36.85915060 289.76763907 -0.84442212
-37.19629882 289.22856788 -0.83630818
-37.51989912 288.71397860 -0.82089645
-37.82655822 288.21535267 -0.81523041
-38.10702538 287.73004997 -0.80097669
-38.37343887 287.25334730 -0.78782275
-38.63251306 286.80816228 -0.77362013
-38.87323584 286.39208925 -0.76449728
-39.08303442 285.96176991 -0.76141826
-39.29784616 285.56495213 -0.75806989
-39.52041140 285.14867740 -0.74459082
-39.70981233 284.75634972 -0.74175772
-39.90638953 284.36764908 -0.72035712
-40.07298495 284.00118826 -0.72391982
-40.24596525 283.62599851 -0.71345492
-40.39159920 283.28861166 -0.70656074
-40.50712179 282.93964226 -0.69364355
-40.59881874 282.59206034 -0.68301174
-40.66631594 282.22419824 -0.67068796
-40.73332746 281.81888823 -0.65345199
-40.80003338 281.40425849 -0.60969433
-40.84909926 281.00276983 -0.57310499
-40.84309562 280.59050930 -0.52921814
-40.79512695 280.15704315 -0.49121016
-40.75972525 279.69781190 -0.42074470
-40.68861632 279.24798241 -0.35382188
-40.59704524 278.81336855 -0.28102580
-40.46389400 278.38133849 -0.22044681
-40.28764826 277.90909649 -0.15031057
-40.08733663 277.40747638 -0.07174253
-39.85635200 276.90356559 -0.00815002
-39.56985539 276.40399272 0.04796951
-39.28458104 275.92166080 0.11288629
-38.91842183 275.45225476 0.14089249
-38.54781116 274.99966228 0.16012258
-38.13917653 274.54231605 0.15469294
-37.69667606 274.10398288 0.12016082
-37.25706584 273.71008264 0.05002608
-36.77797668 273.31416408 -0.01562291
-36.26829725 272.90924358 -0.10521159
-35.77477374 272.52568178 -0.19996732
-35.20221619 272.08945528 -0.30073970
-34.62604746 271.64533291 -0.38228153
-34.03823773 271.23263074 -0.45736149
-33.45171686 270.83912759 -0.54906189
-32.84734367 270.43368127 -0.60900778
-32.20112477 269.99053736 -0.68915477
-31.57386276 269.58040798 -0.76810719
-30.93239889 269.15850550 -0.82757515
-30.26042141 268.73953655 -0.88968188
-29.56433125 268.30148358 -0.94914802
-28.85011965 267.88301776 -1.03549313
-28.15525858 267.46924027 -1.10879036
-27.46661820 267.04493296 -1.12245112
-26.79374526 266.61923552 -1.11842348
-26.09291715 266.18618188 -1.12160030
-25.39986805 265.77706144 -1.11753482
-24.68654482 265.39600244 -1.12932512
-23.98201192 265.00499825 -1.13985754
-23.24368826 264.60203084 -1.11971964
-22.50966019 264.17546481 -1.09850026
-21.75420037 263.75109834 -1.08090437
-21.01018200 263.32833553 -1.08475021
-20.24479627 262.90791403 -1.06896926
-19.49561210 262.51045842 -1.08610120
-18.72569425 262.11382779 -1.07940606
-17.93669889 261.69628836 -1.06094581
-17.18960756 261.25177013 -1.05329870
-16.44091001 260.84232120 -1.02129848
-15.66122190 260.37225683 -1.03854464
-14.88767853 259.92490902 -1.04487150
-14.12852276 259.49796526 -1.07441794
-13.36801498 259.06683376 -1.11640365
-12.62779058 258.60171228 -1.12720811
-11.87210728 258.14778356 -1.15388227
-11.13654594 257.70612091 -1.23029176
-10.39376432 257.25667754 -1.24783613
-9.65512264 256.82406346 -1.25517069
-8.92817361 256.38283509 -1.24492818
-8.17580888 255.94477427 -1.19366392
-7.42377326 255.49659438 -1.15998717
-6.66206406 255.05813706 -1.10784983
-5.94868866 254.61559270 -1.03992411
-5.21882466 254.16014265 -0.97041635
-4.44295929 253.69913825 -0.91239601
-3.66744468 253.24465191 -0.86638615
-2.91293313 252.84643043 -0.80953424
-2.20403016 252.43410870 -0.77425601
-1.49553786 252.00646382 -0.74758792
-0.79700674 251.59418525 -0.71195340
-0.08940536 251.18774294 -0.66513883
0.57818410 250.82135971 -0.65385748
1.21983072 250.46092077 -0.65631307
1.85876086 250.11048267 -0.68550355
2.49112290 249.78906140 -0.72337120
3.04335195 249.50048215 -0.76547581
3.62629577 249.22932405 -0.80867706
4.21821045 248.92785987 -0.82442182
4.74180367 248.67831691 -0.88972142
5.27803950 248.44947599 -1.01348809
5.80278426 248.24969774 -1.17343835
6.33507767 248.01969255 -1.31364478
6.85801109 247.79719055 -1.47068462
7.40862786 247.57540645 -1.65805527
7.90925634 247.39355121 -1.85302736
8.38214954 247.19725129 -2.03926510
8.85102161 247.02182551 -2.25637863
9.35918805 246.85490504 -2.43839686
9.85753856 246.69827874 -2.62574659
10.37730586 246.54187905 -2.84284241
10.85904361 246.37676905 -3.05616534
11.36914167 246.21501900 -3.25263393
11.85402043 246.08693848 -3.47048956
12.34401326 245.92643946 -3.65655895
12.82234284 245.75909238 -3.82664853
13.31000822 245.60653865 -4.03426493
13.77204437 245.47021282 -4.22677025
14.23939668 245.33389940 -4.37413559
14.73675777 245.18115355 -4.52654063
15.23438699 245.01459040 -4.63097671
15.73509421 244.85333839 -4.74755762
16.18836325 244.73371232 -4.84371934
16.64696356 244.60783904 -4.86884264
17.10067701 244.49894360 -4.91393702
17.57396515 244.40109212 -4.93659722
18.02485927 244.32018355 -4.93835318
18.47569653 244.24097429 -4.92298523
18.92881048 244.18222580 -4.86866537
19.40875838 244.12519780 -4.80121610
19.84622414 244.10015655 -4.71441826
20.30993437 244.06301354 -4.62330313
20.74779050 244.04542072 -4.50689922
21.16777491 244.06385879 -4.32798382
21.55229539 244.11687816 -4.16508741
21.97302888 244.17989476 -3.98834866
22.37203193 244.26486903 -3.79220710
22.74414076 244.37379917 -3.58875600
23.10874822 244.51540582 -3.33617788
23.45237067 244.69869467 -3.08340964
23.81562847 244.88233697 -2.83259531
24.16169870 245.08957709 -2.57543604
24.51510376 245.32737313 -2.30129125
24.83188675 245.59847815 -2.00058671
25.13509011 245.86785358 -1.74072873
25.46118610 246.15395003 -1.46543241
25.75387934 246.43464296 -1.24377746
26.07991835 246.71816209 -0.99278761
26.35807546 247.00886175 -0.74587787
26.67216529 247.32280854 -0.49564910
26.97695463 247.62359613 -0.22697711
27.27721041 247.91546669 0.00725509
27.56751799 248.19029741 0.23950572
27.89191068 248.45583843 0.48743715
28.17902591 248.73602308 0.72948551
28.47238068 248.99071672 0.93696806
28.78276900 249.25740726 1.13917685
29.07956955 249.48593707 1.30746755
29.40339765 249.69629375 1.49757037
29.73351837 249.91194082 1.69231605
30.06134700 250.13868445 1.86733059
30.38197910 250.33082614 2.01778509
30.74360312 250.51698942 2.14979571
31.08443820 250.67868816 2.24859374
31.44067025 250.79273269 2.32604529
31.79388438 250.91181303 2.39202713
32.15218842 250.99810055 2.43657461
32.51106919 251.05846530 2.47745942
32.86455204 251.09030055 2.49833040
33.21500891 251.13452538 2.52553247
33.57409366 251.17089589 2.53494594
33.96001204 251.17223073 2.53550003
34.35515040 251.16703315 2.52508495
34.76142338 251.11818813 2.50348811
35.16107610 251.06166339 2.47292975
35.60223915 250.98870332 2.42139396
36.03545052 250.90392238 2.36872892
36.50391385 250.80849658 2.30514144
36.97472471 250.69692801 2.23974540
37.46555953 250.56956790 2.16412705
37.95108542 250.44531899 2.08396011
38.45145805 250.30348105 1.99993868
38.93696278 250.15357006 1.92613200
39.45411902 249.97787680 1.82790018
39.98058705 249.77895384 1.73261792
40.53073776 249.57032873 1.63958074
41.09458095 249.34848880 1.54646876
41.67313048 249.11399299 1.45105955
42.26728561 248.88811588 1.35681749
42.84482005 248.66297075 1.26643775
43.43878756 248.42277098 1.16982181
44.05988407 248.16225392 1.07262572
44.70600970 247.90059412 0.97844768
45.34807639 247.62118186 0.89228722
46.00486267 247.34486056 0.80925480
46.65573844 247.05633261 0.72688144
47.33489663 246.75628952 0.64073250
48.02886793 246.43697550 0.55893322
48.73091529 246.11458869 0.47285656
49.43813694 245.78116737 0.38545809
50.17382069 245.43218821 0.30566168
50.90167116 245.07688099 0.21947018
51.62674422 244.72294317 0.13590257
52.40693300 244.35564281 0.06782163
53.13222102 244.00218425 -0.00671078
53.89801221 243.63329091 -0.08498184
54.69359739 243.25692475 -0.15567862
55.47019398 242.87469048 -0.22273365
56.22422598 242.49171151 -0.28894288
57.01133232 242.09468535 -0.35719886
57.78813909 241.70113952 -0.42563285
58.58326438 241.29102590 -0.48195255
59.38547249 240.88178072 -0.54640010
60.19307028 240.47284752 -0.61272050
60.97446945 240.07790638 -0.66595376
61.78968050 239.67728321 -0.71925727
62.57867627 239.28273624 -0.75579559
63.39555077 238.88459324 -0.80863374
64.18286364 238.48950087 -0.85616593
65.00208690 238.08988581 -0.88605197
65.82952221 237.67509756 -0.93207787
66.62192477 237.26967295 -0.97191691
67.45285946 236.85500506 -1.01136004
68.23822456 236.45362027 -1.03681815
69.05812088 236.04724530 -1.06681817
69.83511313 235.66410593 -1.10928293
70.61706646 235.28132363 -1.14747220
71.37102712 234.90151288 -1.17456096
72.13431982 234.51253305 -1.18582631
72.91036096 234.11912624 -1.19347514
73.66292847 233.73695556 -1.20194726
74.40608832 233.36968429 -1.22362058
75.15557335 232.99898098 -1.24353493
75.89775488 232.62407309 -1.26072742
76.63889305 232.24676204 -1.26199381
77.38354045 231.86935877 -1.25638289
78.13187409 231.49767905 -1.25866006
78.90289130 231.12693765 -1.25643878
79.64974551 230.76092871 -1.26355530
80.40730093 230.39843343 -1.27294936
81.18505567 230.00848678 -1.25222544
81.92667897 229.64799134 -1.24184483
82.66672394 229.28986336 -1.23706849
83.40269426 228.94599348 -1.23059669
84.09729561 228.60210214 -1.22333080
84.78983710 228.29241549 -1.21659583
85.45928677 227.97615717 -1.20569247
86.09920700 227.67579908 -1.20719328
86.77518802 227.37913924 -1.19351263
87.44457481 227.07428018 -1.18734612
88.10478455 226.77669256 -1.17115852
88.74829430 226.48687347 -1.15845137
89.33766019 226.19601329 -1.15094828
89.99779882 225.91200583 -1.13813739
90.62919288 225.62455151 -1.13187969
91.25201049 225.33689337 -1.11548275
91.89217406 225.05587274 -1.10978624
92.48895795 224.77033686 -1.09186481
93.09194989 224.49941819 -1.09017333
93.67880221 224.21963125 -1.09026637
94.23412106 223.95758238 -1.08765527
94.79783516 223.70572615 -1.07082291
95.31287496 223.46118234 -1.05385606
95.82637347 223.23045658 -1.04025043
96.28226858 223.00507658 -1.03182002
96.71348504 222.78327144 -1.02668019
97.15177723 222.55733899 -1.02041866
97.57314214 222.34616687 -1.01527468
97.97958766 222.13729931 -1.00575405
98.37367226 221.91787191 -1.00790360
98.72889326 221.71580322 -0.99766579
99.08609666 221.51717881 -0.99380943
99.42352818 221.33334291 -0.98109706
99.74661516 221.14580755 -0.97956576
100.07049227 220.97194456 -0.97966211
100.35368384 220.79374223 -0.97737690
100.63970759 220.60801509 -0.97716680
100.89462531 220.44376638 -0.97216302
101.13257192 220.28511098 -0.96038874
101.34104538 220.14048262 -0.95226959
101.56810458 220.00740289 -0.95018984
101.74934310 219.89292357 -0.94728374
101.91636811 219.78167466 -0.94359651
102.06932510 219.66910765 -0.94495957
102.21158519 219.55500513 -0.94873110
102.36495314 219.44820275 -0.94922737
102.49137340 219.33232833 -0.93300276
102.61985414 219.21819094 -0.92266966
102.74609224 219.09221125 -0.91803491
102.86523029 218.97075193 -0.91172047
102.98347048 218.86345997 -0.90889625
103.12864775 218.74564734 -0.90618659
103.26140569 218.60612711 -0.89494168
103.39064034 218.46886251 -0.87977524
103.52861188 218.33345060 -0.88021748
103.67322305 218.17589193 -0.87340682
103.83187491 217.99326447 -0.86797651
103.99449628 217.78164238 -0.87178936
104.17316699 217.53844039 -0.91821728
104.35644753 217.30894057 -0.91694102
104.53079737 217.06043006 -0.91910925
104.72264632 216.79720967 -0.91717580
104.90117872 216.48606455 -0.96124798
105.05742564 216.15975510 -0.98666910
105.19810907 215.80053586 -1.01156668
105.32344510 215.44343460 -1.04837315
105.42166968 215.07794328 -1.06165848
105.52482128 214.70589447 -1.07773063
105.61217961 214.26550676 -1.09626925
105.66837540 213.82502636 -1.10416134
105.71944367 213.36567391 -1.11209483
105.73428579 212.88215103 -1.11747345
105.70902899 212.37254224 -1.12712079
105.66418816 211.85006576 -1.14229355
105.57665552 211.32413497 -1.15075216
105.44816828 210.74900732 -1.15329923
105.30218967 210.15923519 -1.15578585
105.13189756 209.59355427 -1.16410781
104.92226893 208.99705728 -1.18334872
104.67893830 208.38019387 -1.20704851
104.41070412 207.75623858 -1.22715084
104.11707560 207.09213351 -1.24525141
103.81309097 206.43519075 -1.27360870
103.48580617 205.77953011 -1.29949713
103.13802753 205.12042306 -1.32864977
102.78075574 204.42960697 -1.34684561
102.41887829 203.72913545 -1.36685472
102.03721837 203.01746393 -1.39646145
101.62814093 202.27699390 -1.42668596
101.21820370 201.54562093 -1.44249209
100.80030278 200.77671720 -1.47206049
100.37020363 199.98965906 -1.49645775
99.94590142 199.22028032 -1.51688176
99.49477752 198.40290288 -1.53492666
99.04660888 197.58617892 -1.54961814
98.57260606 196.72323633 -1.57261523
98.07882544 195.84101234 -1.59355944
97.60702903 194.97134563 -1.60263912
97.13024604 194.09048413 -1.61598400
96.68508377 193.20919717 -1.61427507
96.20734781 192.29763627 -1.62196169
95.71629801 191.34495119 -1.61663379
95.23215872 190.39124230 -1.62729387
94.75616198 189.43045431 -1.62677996
94.26541124 188.44821242 -1.62616391
93.75864410 187.46083497 -1.62457921
93.25505481 186.45389658 -1.61462481
92.74449074 185.43569537 -1.60461174
92.25687419 184.42890953 -1.59113789
91.76541275 183.43104045 -1.58792377
91.26395386 182.40188897 -1.58575671
90.76678779 181.37442248 -1.57347498
90.29232424 180.35316623 -1.56233629
89.79153873 179.32850346 -1.54926476
89.30010031 178.29190823 -1.52919036
88.79448893 177.25451762 -1.51384059
88.30466097 176.22240165 -1.49136921
87.82811896 175.20404056 -1.45889613
87.33023613 174.16623219 -1.43958806
86.81897318 173.10953484 -1.41584504
86.29126287 172.03702996 -1.39807918
85.76011722 170.97015645 -1.37883389
85.24459678 169.90022335 -1.36334204
84.71210557 168.82923569 -1.34041743
84.16375653 167.74159149 -1.31415970
83.61148285 166.65967018 -1.29249518
83.05692536 165.56628910 -1.29132567
82.52302459 164.48976907 -1.28463150
81.98287208 163.39666445 -1.27405956
81.42846974 162.28644362 -1.26329143
80.82331894 161.14220542 -1.24673793
80.24934582 160.01680181 -1.22816675
79.67155412 158.88721742 -1.21922531
79.11940537 157.77514136 -1.20236650
78.54029039 156.64086353 -1.17981746
77.95925167 155.50932036 -1.16583635
77.36591536 154.37060986 -1.14587932
76.77798589 153.21452251 -1.14285401
76.19246589 152.06745400 -1.13097178
75.58798036 150.91450522 -1.11000506
74.97237581 149.75713041 -1.08300055
74.39934093 148.61259738 -1.05798942
73.80682594 147.44636820 -1.01090430
73.22630100 146.28860317 -0.99130409
72.64048436 145.13351720 -0.98095861
72.07119305 143.98512042 -0.96237759
71.47167107 142.82333378 -0.94658461
70.88750278 141.65601180 -0.92080465
70.31084770 140.51157297 -0.90698657
69.73949326 139.35277568 -0.87942728
69.16626793 138.19433877 -0.85172165
68.57568179 137.04627833 -0.83614760
67.99570675 135.89493540 -0.82131239
67.40041959 134.71013466 -0.80619163
66.79868678 133.52108941 -0.79175788
66.20389799 132.35373079 -0.77714341
65.63498834 131.21510229 -0.75605536
65.06835761 130.06351210 -0.73790451
64.51001632 128.91644105 -0.71669996
63.94806783 127.76894020 -0.70097203
63.38063313 126.61424119 -0.69112261
62.81985508 125.47339870 -0.67489507
62.25233219 124.32601980 -0.65512290
61.69500437 123.19205954 -0.65467697
61.13600479 122.04439329 -0.65764100
60.56998523 120.90581325 -0.65015108
60.02325328 119.77837602 -0.63338042
59.47941860 118.64013507 -0.62633515
58.92182147 117.51082388 -0.61561655
58.38128156 116.39379714 -0.61066404
57.85402932 115.28220393 -0.60372211
57.34328528 114.18629259 -0.59376878
56.81226369 113.07734360 -0.58555323
56.29241572 111.98235041 -0.56035774
55.77761685 110.90340085 -0.54202852
55.27078791 109.84550393 -0.52656128
54.76774732 108.80090347 -0.50748010
54.28382513 107.79020500 -0.47433705
53.79594313 106.79119171 -0.45278451
53.30922032 105.78175621 -0.42940678
52.82775807 104.80027416 -0.40947026
52.35871713 103.84371574 -0.38871328
51.90571933 102.91989505 -0.37138433
51.44634478 102.00439261 -0.34583829
50.99864676 101.11130748 -0.33252253
50.59034679 100.25090997 -0.30288153
50.17020766 99.38604813 -0.27576633
49.77077923 98.55465209 -0.26197467
49.38875749 97.74333788 -0.24239247
48.96734470 96.92752587 -0.23172493
48.57563928 96.15186472 -0.22151385
48.19277356 95.40375625 -0.20307650
47.80664555 94.65861782 -0.19642433
47.44657822 93.96188486 -0.18463294
47.10985278 93.29219055 -0.17660776
46.76229851 92.61408121 -0.16648414
46.41830228 91.96701447 -0.16706159
46.10947843 91.34638108 -0.15438298
45.82134309 90.73165747 -0.14268298
45.53951406 90.12874456 -0.12838723
45.27971994 89.53849974 -0.11618668
45.06722344 88.95761115 -0.10637013
44.86143839 88.39969456 -0.09868640
44.66555831 87.83659935 -0.08298008
44.50548701 87.28640212 -0.06764121
44.35596429 86.74951908 -0.05830348
44.23838601 86.20602729 -0.04807721
44.15260760 85.67780248 -0.03719630
44.09164041 85.16709983 -0.04318242
44.06680809 84.65746130 -0.04656485
44.07041445 84.15121475 -0.05402904
44.09664275 83.65087168 -0.07557366
44.14980378 83.15682635 -0.08188444
44.22314013 82.65494777 -0.09012165
44.34075946 82.17811966 -0.09114505
44.48803657 81.71309643 -0.08788875
44.65172410 81.25429349 -0.03240263
44.85587871 80.82414966 -0.04096618
45.08628451 80.39703786 -0.06261708
45.31314141 80.00875081 -0.07312185
45.56641739 79.63207337 -0.09360645
45.83800551 79.27848227 -0.10687328
46.14891826 78.92745708 -0.12390143
46.47727881 78.60549213 -0.14174534
46.83009612 78.28593832 -0.16394126
47.22444369 77.95392611 -0.17768206
47.62249650 77.63383743 -0.18302529
48.06856143 77.31588924 -0.18275974
48.50548955 77.02493568 -0.19313806
48.97038884 76.71842457 -0.21375704
49.42856350 76.43178990 -0.22577888
49.93743962 76.11511881 -0.22677247
50.46245579 75.81344642 -0.22572665
50.93289991 75.53722974 -0.24120222
51.45129534 75.23773805 -0.25397293
51.95561992 74.93015952 -0.25467614
52.49016559 74.62079179 -0.25577914
53.04512093 74.29498951 -0.25272793
53.58953798 73.96595444 -0.25253223
54.15319221 73.62801911 -0.25904779
54.73848750 73.28149050 -0.26160118
55.33228097 72.92460181 -0.26356860
55.93904208 72.56173115 -0.25960410
56.54413919 72.19782211 -0.25685941
57.18302340 71.80378189 -0.26424438
57.83130192 71.41609638 -0.27043593
58.50041470 71.01911088 -0.26802504
59.19472871 70.60418757 -0.28399272
59.90254813 70.19376315 -0.29354366
60.62035376 69.79629942 -0.30836614
61.39757226 69.39197729 -0.32597779
62.13051029 68.98223785 -0.33535981
62.89744045 68.59276903 -0.34769155
63.64431938 68.19709359 -0.36488283
64.42137055 67.81225488 -0.37295726
65.16672323 67.42149017 -0.37165683
65.93406278 67.04848267 -0.37235095
66.72181068 66.67875851 -0.37125990
67.55257235 66.31490399 -0.37104423
68.33846411 65.94540988 -0.36792846
69.15325469 65.58462797 -0.36327945
69.90889162 65.21263013 -0.36852270
70.68826908 64.83563630 -0.38310096
71.42996334 64.45617142 -0.37251105
72.18214371 64.07351335 -0.36798248
72.90641589 63.67152516 -0.36638746
73.63758442 63.26899197 -0.37070278
74.37219972 62.85595432 -0.38445427
75.10031307 62.43561953 -0.39691412
75.83423716 62.01610878 -0.40443457
76.54907025 61.58513168 -0.41008748
77.25233899 61.14133430 -0.42053955
77.96117797 60.68446414 -0.43595400
78.66489566 60.22174320 -0.44632523
79.38392526 59.73944801 -0.44441970
80.09497777 59.26869669 -0.45197236
80.82824246 58.78729690 -0.46294614
81.58232831 58.30193981 -0.47007500
82.30036665 57.80971950 -0.47728702
83.04224361 57.32448333 -0.47643794
83.77480640 56.83041278 -0.48249378
84.46403306 56.34616575 -0.47896911
85.20816389 55.84921348 -0.48036128
85.92771173 55.36467957 -0.48063254
86.66607089 54.87207966 -0.48205849
87.38596842 54.37362840 -0.47628541
88.11898509 53.87507691 -0.47037092
88.84432806 53.35807162 -0.46866198
89.59598873 52.83544778 -0.46884767
90.30406796 52.30732154 -0.46690695
91.00345653 51.76099207 -0.45725174
91.68242226 51.19591080 -0.44202150
92.38404111 50.60448954 -0.43352364
93.03105080 50.02310364 -0.42850123
93.65970441 49.42701538 -0.42247032
94.28445082 48.81859839 -0.41886391
94.89217784 48.20205791 -0.41378931
95.48016708 47.56414864 -0.40853714
96.04468907 46.92978965 -0.40843394
96.62872847 46.26486859 -0.42091079
97.17962661 45.60352041 -0.41239511
97.76774869 44.89715547 -0.41380356
98.32421955 44.20510160 -0.42204770
98.85608986 43.51882390 -0.44273955
99.38501485 42.84252114 -0.47359878
99.93749383 42.15781457 -0.50256014
100.48232436 41.46590520 -0.50786174
101.07037698 40.75238362 -0.50776260
101.64682996 40.03941613 -0.50977670
102.22378635 39.32109303 -0.50281499
102.79472105 38.60839199 -0.51327447
103.37870138 37.86757340 -0.52505265
103.97685796 37.09889318 -0.53819008
104.54222651 36.33391544 -0.55817136
105.15070886 35.51075114 -0.56905136
105.70337234 34.67544043 -0.58214172
106.23820733 33.86968407 -0.58632835
106.74993189 33.07166663 -0.59562330
107.26012325 32.27261956 -0.58363239
107.77166698 31.45181662 -0.57097891
108.28230866 30.62865996 -0.55725644
108.79135311 29.79175602 -0.55563082
109.28512471 28.95952624 -0.55672026
109.78688464 28.12497417 -0.55089979
110.29569568 27.28902026 -0.53957180
110.78117228 26.47298321 -0.52795225
111.30653900 25.64285376 -0.51653788
111.81348771 24.81477375 -0.50592684
112.33976454 23.96135663 -0.50608918
112.83440146 23.14492580 -0.49705363
113.32881288 22.30940095 -0.48790349
113.80758296 21.47088926 -0.47481854
114.27198692 20.63061687 -0.47131205
114.73601803 19.78124674 -0.46719621
115.18716252 18.93813568 -0.46702725
115.64314433 18.06445907 -0.46443375
116.04244801 17.22161614 -0.46664124
116.45857618 16.35149418 -0.46947518
116.83296576 15.49183884 -0.45827564
117.20997461 14.62441673 -0.44964264
117.56607884 13.75452527 -0.45142835
117.91538452 12.88638955 -0.44862751
118.25153515 12.00666695 -0.45026044
118.57415296 11.14066349 -0.44022664
118.88620716 10.24852656 -0.43129442
119.18525149 9.37798055 -0.41739374
119.47889460 8.50912146 -0.40978590
119.75545131 7.67402070 -0.41120866
120.03376257 6.86308573 -0.40980079
120.30531546 6.04251708 -0.40477424
120.57051278 5.26270026 -0.40300864
120.83661044 4.51977907 -0.39804537
121.10648346 3.81235705 -0.38415121
121.38111182 3.08691477 -0.37707647
121.64102158 2.40824503 -0.36652665
121.89452756 1.75375461 -0.36819136
122.17734984 1.08410882 -0.36067279
122.43394716 0.45749857 -0.35678177
122.65518294 -0.15825557 -0.35112754
122.90708844 -0.79812001 -0.35055739
123.15351337 -1.42431581 -0.34427560
123.39329414 -2.05070285 -0.34146711
123.63484257 -2.68171662 -0.33439855
123.88239380 -3.31579793 -0.31570119
124.11330380 -3.92358344 -0.31752176
124.34567643 -4.54992483 -0.33006424
124.56938243 -5.18224553 -0.34998656
124.80311454 -5.82881110 -0.36840927
125.03818957 -6.47463925 -0.37214737
125.29300649 -7.15828813 -0.37668474
125.50797522 -7.80022442 -0.38028367
125.73414372 -8.45918612 -0.38178022
125.95831852 -9.14199579 -0.38241031
126.20331006 -9.85168389 -0.37459438
126.45473601 -10.56425936 -0.38218989
126.69015728 -11.23838319 -0.37855803
126.95785181 -11.94314616 -0.39454388
127.23430182 -12.64607668 -0.41005511
127.52628558 -13.36724949 -0.42185123
127.82569391 -14.09611393 -0.42938327
128.14121868 -14.82251699 -0.43943501
128.44776905 -15.55360752 -0.46410360
128.75945892 -16.29733414 -0.48465361
129.07486282 -17.05056004 -0.49013921
129.38890551 -17.81077810 -0.48347128
129.73536627 -18.60532826 -0.47398182
130.08266407 -19.40109886 -0.48897133
130.42925218 -20.20218807 -0.48289293
130.77372172 -21.01091456 -0.48188389
131.13586865 -21.85809370 -0.48943714
131.50487516 -22.71791284 -0.48810101
131.86522171 -23.56990706 -0.48066125
132.23703659 -24.43717336 -0.49280660
132.60357418 -25.30032422 -0.49751921
132.96434473 -26.16689286 -0.50826858
133.33337590 -27.05430939 -0.51115593
133.70053913 -27.93137572 -0.50390184
134.07098421 -28.82745436 -0.50130265
134.43614330 -29.70874706 -0.50240977
134.82386716 -30.60769919 -0.52063571
135.18885763 -31.48472550 -0.54149831
135.57095426 -32.38804229 -0.56338337
135.94219193 -33.28442397 -0.57533209
136.31332010 -34.18927660 -0.58103195
136.67265451 -35.07466215 -0.58031322
137.03870654 -35.96043974 -0.58678730
137.40547432 -36.84279087 -0.59534718
137.77246987 -37.73446605 -0.60139795
138.15799695 -38.60994153 -0.59605184
138.55542808 -39.49113383 -0.60592239
138.94525363 -40.37466652 -0.60556125
139.34306702 -41.25955938 -0.61220173
139.72057933 -42.12969864 -0.62532379
140.09026599 -42.98308983 -0.63192243
140.47734167 -43.86463294 -0.66116436
140.84069194 -44.72970589 -0.67141036
141.21026225 -45.60280732 -0.68470354
141.57724788 -46.47258014 -0.70112286
141.93984190 -47.32710679 -0.69847663
142.31490642 -48.20318063 -0.69730726
142.68238723 -49.07530584 -0.69367252
143.04487252 -49.93892606 -0.68788425
143.40773836 -50.80288058 -0.70070873
143.76338489 -51.65332064 -0.69800389
144.11559166 -52.48684433 -0.70247636
144.47195779 -53.31660059 -0.70320453
144.81688015 -54.12912170 -0.69470374
145.15791781 -54.93199375 -0.68931829
145.47887033 -55.71021678 -0.69473567
145.79299902 -56.47811043 -0.70966563
146.07576953 -57.22233575 -0.71116348
146.36425631 -57.96343422 -0.69169961
146.65146902 -58.68751219 -0.66443805
146.93025223 -59.39129216 -0.65060864
147.19961232 -60.07022067 -0.65008986
147.44036312 -60.72143755 -0.65764300
147.68189210 -61.35563996 -0.66099708
147.91464423 -61.97603665 -0.66144963
148.13578259 -62.57855667 -0.65599354
148.34606537 -63.15878444 -0.64492038
148.54537780 -63.70858300 -0.62870545
148.75299060 -64.26326279 -0.62283033
148.96701944 -64.78912030 -0.61505356
149.19193075 -65.31243625 -0.61090216
149.43902526 -65.82143674 -0.60575640
149.70846840 -66.31889669 -0.60245304
149.98750886 -66.78121912 -0.59756738
150.29025562 -67.23834645 -0.58648923
150.61513979 -67.68194239 -0.57722101
150.95511724 -68.11140577 -0.57137693
151.31337661 -68.52585098 -0.56261770
151.70081855 -68.93756135 -0.56630780
152.10175348 -69.33465076 -0.56122998
152.53874851 -69.71424743 -0.54509347
152.98770380 -70.07322775 -0.53158873
153.46202690 -70.43045234 -0.53390209
153.92850631 -70.76916871 -0.53411665
154.42910959 -71.10783246 -0.53039813
154.97718627 -71.43483323 -0.53949776
155.48894148 -71.75494359 -0.54944377
156.02991173 -72.07731035 -0.55841153
156.56126248 -72.40173001 -0.56696341
157.10922353 -72.73221283 -0.57837089
157.69298499 -73.06943952 -0.58784554
158.24885726 -73.41277718 -0.58910242
158.82319848 -73.76292283 -0.58705984
159.40496253 -74.12053836 -0.59584043
159.96069533 -74.47411301 -0.60644026
160.55358396 -74.84306003 -0.62583766
161.14455033 -75.22598040 -0.63041358
161.73033023 -75.60747774 -0.61499982
162.41151511 -76.01418915 -0.61784968
163.02583072 -76.41194927 -0.61495384
163.62555553 -76.82000893 -0.62634946
164.21588657 -77.23683191 -0.62913855
164.79118111 -77.64261290 -0.62140879
165.44550895 -78.08433542 -0.61948777
166.07364016 -78.51196205 -0.61122884
166.73592008 -78.95032407 -0.61128327
167.31914742 -79.37398024 -0.60662744
167.91688171 -79.80575524 -0.60645096
168.57672703 -80.25618796 -0.60550140
169.21464216 -80.69029671 -0.61357043
169.80289334 -81.11730625 -0.61275393
170.59739364 -81.60353610 -0.64146801
171.23115966 -82.04297684 -0.64881193
171.82760153 -82.45388983 -0.65744914
172.42553345 -82.88237144 -0.66652584
173.05331010 -83.32437471 -0.67410879
173.72605704 -83.81589185 -0.68307348
174.37508382 -84.27988650 -0.68514941
174.97350349 -84.70404674 -0.68064957
175.69076159 -85.18929391 -0.69938846
176.30850143 -85.63818012 -0.70761934
176.98039712 -86.10534524 -0.71084190
177.57625707 -86.54972942 -0.70079462
178.29413620 -87.03786938 -0.69493211
178.99958439 -87.52940201 -0.70074672
179.76078266 -88.03358217 -0.70183686
180.43443517 -88.51466959 -0.69241116
181.14293872 -89.00885497 -0.69084556
181.82348111 -89.49804793 -0.69584577
182.49622635 -89.99297436 -0.69207673
183.17865633 -90.48709106 -0.69038072
183.88823193 -90.98007603 -0.69414541
184.58812620 -91.47788509 -0.68885719
185.28969939 -91.96924795 -0.68824607
185.99066005 -92.46292995 -0.68155825
186.69351500 -92.96769802 -0.68442260
187.39963163 -93.46602654 -0.70500052
188.08722738 -93.95208662 -0.71758980
188.79060905 -94.44039008 -0.69692269
189.49207672 -94.93415312 -0.67512822
190.18180254 -95.41103337 -0.66611587
190.87582033 -95.88656303 -0.67605027
191.56051419 -96.36375580 -0.68824026
192.24052163 -96.84741005 -0.68528149
192.90945499 -97.34256989 -0.67650306
193.61744217 -97.83870546 -0.65916856
194.31824847 -98.33393459 -0.65350129
195.00872746 -98.83682722 -0.65093487
195.70577616 -99.33491206 -0.65874990
196.42408019 -99.86160279 -0.66669032
197.10870395 -100.36009209 -0.65926779
197.82436187 -100.86575211 -0.65248004
198.53668973 -101.37620331 -0.65024430
199.24357857 -101.87088851 -0.65108404
199.96434809 -102.38315080 -0.65699085
200.67895488 -102.88415331 -0.66218418
201.40013609 -103.39971637 -0.66146466
202.14585029 -103.92251044 -0.66641608
202.89109707 -104.45250320 -0.66479320
203.62351026 -104.97736774 -0.65120212
204.36219781 -105.50844316 -0.65101599
205.10254915 -106.03379556 -0.66781808
205.81424567 -106.56030571 -0.66325422
206.56845897 -107.08531641 -0.65626700
207.29772190 -107.60451961 -0.64066271
208.03610718 -108.12431240 -0.64070664
208.79369072 -108.65182161 -0.65198159
209.51740835 -109.16728081 -0.66524672
210.22483488 -109.68945179 -0.67447662
210.96556994 -110.22217592 -0.67711634
211.68925523 -110.74158468 -0.66944033
212.42731786 -111.26628801 -0.66088172
213.14728150 -111.78599212 -0.64856967
213.84852612 -112.29963621 -0.64910324
214.55833039 -112.82271517 -0.65023747
215.26186665 -113.32980023 -0.63888261
215.97082157 -113.83744824 -0.62627302
216.66946636 -114.33392192 -0.60894075
217.36240003 -114.81319855 -0.61348866
218.06028535 -115.30282610 -0.62214661
218.75670100 -115.79467827 -0.61204039
219.45098098 -116.28528831 -0.59226343
220.12890215 -116.76381248 -0.57214097
220.77959267 -117.23536109 -0.56504332
221.44448069 -117.70878605 -0.56750722
222.10946575 -118.16556476 -0.57569501
222.77515558 -118.61631449 -0.56948215
223.41430220 -119.05771476 -0.56284525
224.04719687 -119.49089588 -0.54625500
224.64863225 -119.91006867 -0.53362938
225.24917939 -120.33087796 -0.53507277
225.85979877 -120.73878234 -0.54131426
226.43496529 -121.14705827 -0.54274540
226.99776121 -121.54611792 -0.53498918
227.58166893 -121.94597823 -0.52654539
228.13786444 -122.34547148 -0.52041852
228.68950722 -122.73296557 -0.51070977
229.22052441 -123.11579104 -0.50352777
229.73663599 -123.49506605 -0.50310921
230.24530942 -123.86827107 -0.49576938
230.75640626 -124.24920312 -0.48805927
231.24042427 -124.62986907 -0.47913377
231.71264974 -125.00592711 -0.46933509
232.17060298 -125.38823886 -0.45738885
232.61747956 -125.75557486 -0.44609673
233.04776603 -126.12156597 -0.44815156
233.47030034 -126.49699559 -0.44512580
233.86042096 -126.84326867 -0.43888969
234.23859574 -127.17271534 -0.43337786
234.59597888 -127.49304754 -0.42615327
234.93376449 -127.81104129 -0.41950350
235.24920683 -128.12158010 -0.41809577
235.55147667 -128.39110006 -0.40418823
235.83355444 -128.64863360 -0.39686071
236.10659509 -128.87778197 -0.39220843
236.34841796 -129.09711718 -0.39244744
236.58394674 -129.31428270 -0.38336201
236.81841838 -129.51220482 -0.38554468
237.03193254 -129.69173343 -0.37668514
237.23585584 -129.86227823 -0.38272377
237.43377183 -130.03050491 -0.37175831
237.63333487 -130.19982148 -0.37189449
237.83833890 -130.34122349 -0.37437089
238.03636063 -130.47853688 -0.37224136
238.22932566 -130.60859875 -0.36962421
238.42810518 -130.72438361 -0.36928928
238.62890828 -130.84029236 -0.36612876
238.83489864 -130.94253320 -0.35678656
239.03884318 -131.03719803 -0.35845925
239.25307742 -131.12591819 -0.35720746
239.47752693 -131.21131227 -0.35984100
239.70793083 -131.28187311 -0.35760821
239.96180865 -131.34692928 -0.35808854
240.22947397 -131.40638489 -0.36346479
240.50347677 -131.46619394 -0.36451475
240.79727202 -131.49771785 -0.36829213
241.09844909 -131.50111811 -0.36079213
241.37824906 -131.46634263 -0.36825620
241.67035179 -131.40271731 -0.36855797
241.98615432 -131.33570926 -0.37895999
242.31130928 -131.25103610 -0.38141789
242.64057957 -131.15584824 -0.38488481
242.98633587 -131.02052510 -0.38844203
243.32942839 -130.85730392 -0.37256991
243.67340099 -130.66062648 -0.37778750
244.02029625 -130.44925985 -0.38808536
244.38173674 -130.20272724 -0.38599078
244.75986734 -129.91830302 -0.40501612
245.13155499 -129.61400196 -0.41889253
245.52323345 -129.28367337 -0.42326428
245.93121414 -128.93631380 -0.42763779
246.34873383 -128.54605661 -0.43225183
246.75598365 -128.14106962 -0.43411370
247.17592865 -127.71071970 -0.44970753
247.60346789 -127.25003841 -0.46721655
248.01778530 -126.77098534 -0.45421279
248.42023811 -126.25961708 -0.45135932
248.83367961 -125.73302877 -0.47039313
249.24529298 -125.17223800 -0.49627142
249.66550523 -124.56859843 -0.50785495
250.05600325 -123.95156054 -0.48884669
250.47691916 -123.31970347 -0.46362977
250.90306044 -122.67676037 -0.44075451
251.31189038 -121.99128666 -0.44318790
251.73739629 -121.30962828 -0.43645599
252.17549827 -120.59950317 -0.44326933
252.62646110 -119.88169114 -0.46387476
253.09031689 -119.13882338 -0.47676075
253.57323962 -118.36578393 -0.47335082
254.06049836 -117.53134550 -0.51924492
254.54627748 -116.68809574 -0.56017594
255.08556859 -115.89746079 -0.57037149
255.60720020 -115.17804889 -0.56844007
256.11769282 -114.38182170 -0.58929769
256.63271110 -113.60124899 -0.63085196
257.17375456 -112.89651427 -0.60131780
257.68644078 -112.10672806 -0.61920118
258.23396174 -111.27919686 -0.64136481
258.80708713 -110.42845287 -0.64002983
259.37953909 -109.58352061 -0.64143666
259.93031758 -108.72553839 -0.65642483
260.50366677 -107.84992850 -0.66746706
261.08140729 -106.97458752 -0.70640275
261.64527313 -106.12044137 -0.72291583
262.21428798 -105.24538797 -0.73298401
262.74633326 -104.38129400 -0.70630029
263.29076651 -103.49178124 -0.71820624
263.91926502 -102.72818908 -0.66514556
264.47696371 -101.77249617 -0.72114054
265.03992437 -100.91025855 -0.75136397
265.59372070 -100.04472495 -0.76180544
266.18143507 -99.25468956 -0.78882212
266.72813850 -98.36174180 -0.83705788
267.29364099 -97.57711173 -0.87829322
267.64583081 -96.62731822 -0.84060891
268.07865206 -95.91308011 -0.80247929
268.54881520 -95.10687175 -0.79616497
269.09152108 -94.17601452 -0.78267637
269.65024161 -93.33064226 -0.81204210
270.22801558 -92.32813386 -0.82146918
270.74314308 -91.49243540 -0.85960878
271.37936777 -90.71473306 -0.90162521
271.89451541 -89.83894669 -0.90376813
272.69991708 -88.79930217 -0.89069589
273.51522246 -87.79933314 -0.87777411
273.93051753 -87.17442198 -0.87888866
274.46571508 -86.51794135 -0.90011476
275.13863381 -86.05806795 -0.83043629
275.57727258 -85.55321874 -0.84461189
275.87091576 -84.78675352 -0.77751742
276.33153250 -83.90840408 -0.82495179
276.80422437 -83.07663879 -0.85043612
277.26569100 -82.14821024 -0.78537595
277.71852682 -81.09506163 -0.77824099
278.26743451 -80.34581470 -0.75752247
278.82393553 -79.48165252 -0.76794168
279.30094218 -78.69516044 -0.75822515
279.82655419 -77.77599862 -0.79270098
280.27990601 -76.98990936 -0.81423593
280.21236098 -76.72727635 -0.65800000
280.99146553 -76.20751379 -0.65493859
281.54414347 -75.47062091 -0.75638185
282.07028753 -74.70765156 -0.78712768
282.50385382 -73.92523115 -0.82332047
282.92138237 -73.11836513 -0.80836995
283.20300155 -72.49889193 -0.87554901
283.80643269 -71.73538945 -0.88089614
284.42627378 -70.86916869 -0.85540546
284.77724346 -69.96367497 -0.89854354
285.47330154 -69.17858677 -0.95249711
286.00467137 -68.35837352 -0.96904847
287.17521451 -67.26863061 -0.81216053
287.75939856 -66.43058750 -0.79268435
288.36857977 -65.57659592 -0.76138322
288.94956264 -64.78971216 -0.73990156
289.51003354 -63.99074610 -0.74403510
290.00042336 -63.28826395 -0.75407422
290.57560174 -62.37370479 -0.76071761
291.18826189 -61.49623474 -0.77894570
291.67930317 -60.50250035 -0.76028775
292.22643945 -59.47590521 -0.79655173
292.81157522 -58.66230431 -0.79580119
293.24912998 -58.04928204 -0.78265356
293.89292035 -56.82429668 -0.80561560
294.45310149 -55.85337872 -0.73143947
295.45893805 -54.79284844 -0.75532193
295.57592623 -54.61992321 -0.75363799
295.82114587 -54.43358354 -0.65479246
296.21953679 -53.81987232 -0.63396612
296.50610357 -53.32714187 -0.61542309
297.10009543 -52.65638547 -0.60776286
297.79579573 -52.02687859 -0.61788059
298.08649111 -51.13660554 -0.60081061
298.61522030 -50.30794237 -0.60311977
299.22525591 -49.41739658 -0.59232926
300.03099959 -48.45060060 -0.57568933
300.57502158 -47.64451085 -0.59878527
301.16954286 -46.80621389 -0.60996939
301.84160452 -46.20482512 -0.61151120
302.50068717 -45.47355733 -0.61391268
303.14992088 -44.46521924 -0.61697459
303.83674199 -43.42231512 -0.51279712
304.73249142 -42.49756782 -0.55302439
305.32054233 -41.65691428 -0.55957556
305.84755565 -40.91501110 -0.51751386
306.12536659 -40.28307631 -0.50905014
306.72571327 -39.88524764 -0.51129290
307.20557757 -39.40595712 -0.49416959
307.79052806 -38.97410245 -0.50710415
308.55979556 -38.11457956 -0.50674638
309.10428724 -37.50364189 -0.48812193
309.88679456 -36.43318350 -0.49000072
310.34133099 -36.23486975 -0.52353388
310.95765128 -35.12766042 -0.48285842
311.00678496 -35.28463797 -0.51007263
311.18167761 -35.46213004 -0.46838973
311.84850554 -34.87165167 -0.48112205
312.19592197 -34.68453708 -0.36345889
312.40782110 -34.84524998 -0.39003341
313.15807473 -34.05946881 -0.37435029
313.02092376 -33.70821275 -0.19811703
313.63029068 -33.60641903 -0.18448002
314.29244630 -32.55134808 -0.13997861
314.68602333 -32.26928340 -0.14179392
315.37433426 -31.57956035 -0.10095499
315.51306276 -31.69056917 -0.09812459
315.76163179 -31.81973206 -0.04921575
316.42471940 -31.53445123 -0.02123053
316.41942011 -31.54115570 0.03167656
316.68155694 -30.65442609 0.08454879
316.64711116 -30.80174920 0.08760573
316.81921018 -30.63533061 0.09212602
316.83649593 -30.04538476 0.10365422
317.11008720 -29.63403629 0.10076876
317.09761772 -29.22261153 0.10486694
317.06095533 -28.38837168 0.16061356
317.18683673 -27.83710757 0.13634596
317.32796440 -27.19542368 0.14100362
317.38080738 -26.84853018 0.14368143
317.47152027 -26.32805712 0.14226046
317.45890366 -25.87194250 0.17278816
317.60000660 -24.81883043 0.15112671
317.67071085 -24.14388748 0.13375449
317.67693160 -24.14146809 0.11073096
317.75650881 -23.89062142 0.08539052
317.81408624 -22.89651504 0.07324724
317.93028292 -22.08996761 0.04068628
318.32120926 -21.59130048 0.03052873
318.18614145 -21.50108599 0.02512867
318.28092576 -20.66538393 0.01470507
317.71379241 -19.98671803 0.11700890
317.95160967 -19.08425792 0.11490960
317.90322828 -18.15448433 0.03759033
318.04407335 -17.65500295 -0.03551388
317.85316091 -17.08395086 -0.07682351
317.60030306 -16.65957291 -0.13292130
317.00196112 -15.53411935 -0.22897369
316.60492214 -14.43433151 -0.15222816
316.45320273 -14.42420732 -0.24520442
316.25045991 -14.08738679 -0.32580729
315.46108862 -13.12456002 -0.36710109
315.02154715 -12.44625627 -0.39301628
314.44729246 -11.75501914 -0.38309162
313.98932614 -11.08306840 -0.41215096
313.53365223 -10.08254176 -0.35084787
313.11664296 -9.19197518 -0.39176981
313.06321063 -8.94062374 -0.52701341
312.03704419 -7.66353371 -0.56756576
311.74299811 -6.85185678 -0.59377617
311.47396059 -6.20936625 -0.60566142
310.77435268 -5.25805547 -0.50927849
310.35845652 -4.51879960 -0.51778334
309.73221412 -4.06472671 -0.37119404
309.34532635 -3.58583233 -0.35977928
308.53013536 -2.26681430 -0.33266343
308.43972513 -2.10265036 -0.36799038
307.66034141 -0.99710131 -0.38166210
307.15478883 -0.16378649 -0.38347941
307.24969046 -0.39842710 -0.47779658
306.84937524 0.27125667 -0.50349201
306.41841986 1.43372109 -0.45078808
305.94650116 1.98580218 -0.40541952
305.42731724 3.24249508 -0.37292807
305.35014849 3.59065849 -0.34430603
305.11890704 3.97123643 -0.32802957
304.60354370 4.71837646 -0.33401148
303.91786312 5.81018042 -0.25234235
303.84916354 6.70783513 -0.27546890
303.15389498 7.14918019 -0.26567018
303.00976634 7.64283213 -0.22589883
302.84182369 8.29623631 -0.25099014
302.43446936 9.39570315 -0.28269179
302.04214403 9.99612342 -0.33371900
301.44795454 11.32151997 -0.33319200
301.24334161 11.74950557 -0.34906662
300.91498767 12.29834758 -0.37073665
300.79483280 12.89904615 -0.26382471
300.66421739 14.07739448 -0.24678935
300.46715679 14.41506389 -0.23456023
300.07233571 15.15527058 -0.26746909
299.51890191 16.44085675 -0.33063552
298.79875092 17.46645625 -0.37979121
298.75628382 17.94050353 -0.34073173
298.31756962 19.01235935 -0.40288265
297.85870106 20.08521015 -0.39339374
297.61453195 20.82239399 -0.37388169
297.32259579 21.74746209 -0.36141635
296.93212163 22.75483394 -0.39675244
296.73677883 23.00086597 -0.38228556
296.13312475 24.23390117 -0.40193298
295.64561255 25.09444587 -0.46688867
295.12893795 26.21919548 -0.48242022
294.72698731 27.03499018 -0.51706117
293.98813451 27.70773543 -0.52328978
293.36822462 28.94928989 -0.61412529
292.81159419 29.66293738 -0.62766929
292.84788283 30.20096629 -0.67317568
292.08788208 30.89358245 -0.72379787
291.33687502 31.68525714 -0.75576034
290.62363140 32.82366651 -0.75464362
290.00163573 33.66508799 -0.70390133
289.45054499 34.40774961 -0.74557498
289.06398446 35.52092010 -0.79731730
288.71410715 36.49048037 -0.80145386
288.80914136 36.80871626 -0.76138659
288.47251556 37.46732227 -0.76381040
287.90306739 38.66693844 -0.80106273
287.40288862 39.82914457 -0.83525799
286.86527413 40.80154123 -0.83005027
286.68262750 41.78827662 -0.86255051
286.33230647 42.76992801 -0.81207891
285.79961192 43.82576949 -0.95853897
285.26194582 44.96276321 -0.91381675
284.67175675 45.86377018 -0.79534125
284.32112158 46.58909145 -0.80085329
283.70070199 47.57294635 -0.78829266
283.25693521 48.51156175 -0.78679699
282.79504063 49.44652752 -0.79976754
282.25168844 50.20486354 -0.85803010
281.88740540 50.99767245 -0.89608717
282.01507216 51.18979617 -0.86941937
281.80636378 51.77213513 -0.91794266
281.17777572 52.76786653 -0.93933261
280.70903013 53.34088265 -0.94819680
280.78104068 53.08566034 -0.78000882
280.21605866 54.08182307 -0.84626556
279.87309036 54.74956470 -0.85916785
279.52635722 55.36202929 -0.86282428
278.99628256 56.68524561 -0.79676775
278.52518832 57.34274936 -0.79640491
278.09515807 57.77414020 -0.76181750
278.24701690 57.09531217 -0.69948615
277.94967818 57.94632772 -0.70565894
277.56541913 58.84805054 -0.66750366
277.33487493 59.39343415 -0.66676270
276.68981287 60.30731988 -0.66211779
276.69757719 60.27542912 -0.61977028
276.16938122 60.99371463 -0.58835346
275.81512681 61.61594622 -0.60522242
275.59621996 61.83905911 -0.61535969
275.28521750 62.23187539 -0.62350676
275.21878474 62.36237661 -0.57520083
274.86194806 63.02378442 -0.58814335
274.98971363 62.87604851 -0.53039973
274.58526156 63.30899035 -0.53560709
274.40417296 63.63422884 -0.53860727
274.18155885 63.60812887 -0.53134533
274.34278528 63.13634199 -0.50591806
274.23256422 63.06947181 -0.44009663
273.99743302 63.54780555 -0.45150069
273.84317728 63.97161118 -0.47630172
273.76460245 64.29921000 -0.47365011
273.78180447 64.17497170 -0.44850768
273.67826332 64.13459882 -0.44550511
273.83906677 64.66680843 -0.43998731
273.46290245 64.69196552 -0.39688887
273.66340540 64.63057462 -0.37776490
273.77501723 64.75440846 -0.39357101
273.65122157 64.81570553 -0.39246799
273.85280400 65.39584540 -0.44649087
273.42324232 65.70552979 -0.46348157
273.17644847 65.88224455 -0.44323234
273.51463178 66.38497404 -0.41843161
273.62173996 66.73424312 -0.39614008
273.15090680 67.05674286 -0.38596493
272.95257186 67.34602650 -0.37387793
273.17060804 68.00062862 -0.29139133
273.20732088 68.66306213 -0.24562553
272.77103832 69.29489498 -0.23014030
273.20144938 70.04014694 -0.13887876
273.16343714 70.57889481 -0.12413885
272.68765114 70.97303687 -0.13485112
272.79769385 71.46966537 -0.12704464
272.73808124 71.90306122 -0.11489533
272.24970764 72.51572140 -0.12529843
272.13092123 72.70375539 -0.14050486
272.14385983 72.85891850 -0.13700567
272.37641842 73.43405457 -0.12739807
272.36071896 73.95342026 -0.09921292
272.16627551 74.22261311 -0.09763425
271.71623204 75.32235891 -0.08851968
271.59517054 75.66055403 -0.12164096
271.09350152 76.66348970 -0.16745967
271.09208302 76.88983181 -0.19597899
270.99846036 77.06618220 -0.24228894
270.35545119 78.18478242 -0.30258169
270.48937077 78.19419725 -0.30361732
269.89761413 79.03802907 -0.38771673
269.98271918 79.61622040 -0.37807126
269.84630243 80.12680341 -0.45122119
269.76283294 80.48730516 -0.41620112
269.38668312 81.75592922 -0.37434189
268.63662708 82.67536372 -0.34515324
268.21293855 83.39637163 -0.35339089
267.82652128 84.09039926 -0.35978648
267.54615497 84.58876123 -0.36341676
266.94658023 85.94735242 -0.36545841
266.46435610 86.92011761 -0.36611830
265.83815553 88.16342363 -0.14341012
265.41820184 89.01240392 -0.11437706
264.76984115 89.87892046 -0.08939483
264.20070598 90.55791604 -0.08336944
264.02635746 90.63677960 -0.03867678
263.91373255 90.66838508 -0.00424038
263.29103589 91.95858767 0.03558611
262.70523197 93.02938849 0.00941105
262.61759496 93.12122458 0.07519674
262.11072101 94.26579928 0.09128636
261.54849766 94.70113285 0.02818574
261.86757565 94.62769843 0.11116261
261.41575580 95.62202213 0.17554911
260.91292888 96.06964420 0.15660561
260.43183623 96.71060690 0.17421225
260.34331440 97.68850168 0.37227581
259.57009708 98.61545177 0.37756506
259.46911169 98.87029295 0.36241263
259.20641425 99.43185428 0.34266990
259.17385515 99.69196593 0.45066870
258.54209984 100.72282996 0.38048308
258.47800939 100.88130808 0.27660570
257.74468677 101.85447288 0.22171166
257.71371205 101.96148470 0.16472057
257.50380658 102.26698268 0.07681077
257.26887051 102.26657979 0.07005378
256.71118397 103.16251631 0.06596790
256.36217248 103.79344532 0.07990591
255.88873711 104.54011094 0.08610080
255.64026978 104.80054478 0.08921586
255.27505101 105.10029899 0.11493399
254.49738172 105.92701112 0.11730173
254.09357811 106.49287991 0.11634378
253.66243937 106.95875552 0.16870301
253.09900959 107.76553151 0.14102592
252.85203492 107.95668594 0.15466688
252.33873061 108.57537303 0.11571321
251.88396055 109.12265045 0.11487925
251.67753508 109.20485612 0.03948525
251.33918450 109.35086660 0.01516836
250.86847153 109.83614935 0.01461976
250.69762243 109.79134754 0.05191984
250.32925355 109.96899340 0.03010485
249.49323786 110.48521997 0.05154300
248.71362426 111.00455029 0.03287652
248.07242603 111.28959049 0.07291951
247.81222809 111.47385460 0.06046047
247.51955462 111.78151164 0.06230923
246.99041650 112.11156263 0.03945320
246.43452326 112.45737268 -0.00404658
245.88717452 112.81411801 -0.02943860
245.28733148 113.20417825 -0.04420212
244.69745785 113.57028551 -0.07937406
244.07892678 113.95344052 -0.10812962
243.45941114 114.35162104 -0.13454703
242.83521838 114.77720660 -0.15834121
242.18711042 115.22314153 -0.17896856
241.48473319 115.64620289 -0.20340039
240.80096637 116.06170657 -0.22084160
240.10001034 116.50984911 -0.24879794
239.40146691 116.90991370 -0.28242392
238.69383941 117.37970026 -0.29930852
237.96013560 117.87482212 -0.30008895
237.21995584 118.35144188 -0.30065807
236.43484034 118.86640256 -0.32360753
235.64679940 119.38864933 -0.36328425
234.89083423 119.86202176 -0.38821102
234.11009537 120.40835567 -0.42466566
233.35701483 120.94876487 -0.44395511
232.60318874 121.45322160 -0.45014585
231.82006297 122.01682260 -0.48587328
231.01832610 122.54375067 -0.46969726
230.18868154 123.10539347 -0.44892778
229.33905955 123.63970732 -0.45000318
228.47432404 124.20990911 -0.46034984
227.62559500 124.78477367 -0.47294636
226.70778471 125.31117802 -0.50417478
225.80654018 125.87011796 -0.51409258
224.89707216 126.41041402 -0.53145216
224.00009699 126.93938159 -0.53013700
223.11283580 127.45860660 -0.53135069
222.23758037 128.00292993 -0.52162137
221.36928654 128.54653292 -0.52390359
220.50730077 129.07069815 -0.51516408
219.65909929 129.57602864 -0.52531148
218.88667811 130.07536132 -0.53714157
217.98320112 130.56064987 -0.53543121
217.15065842 131.04128131 -0.51309370
216.30748875 131.52779104 -0.51514347
215.46090747 131.99566810 -0.50597821
214.60219460 132.48163276 -0.50605262
213.78365791 132.95437208 -0.49111348
212.92185220 133.43034336 -0.48505039
212.10374238 133.89891121 -0.45328628
211.26933425 134.37547206 -0.42940869
210.43689382 134.85786233 -0.40105560
209.57340746 135.34552160 -0.37220073
208.71540743 135.83019191 -0.34219909
207.83855775 136.27945161 -0.34679207
206.97497774 136.73074694 -0.32110234
206.09623356 137.18144449 -0.31357343
205.23039842 137.61948268 -0.28642595
204.38013477 138.05427862 -0.27377609
203.52206323 138.50154168 -0.24921289
202.66300992 138.93579161 -0.22402444
201.81098866 139.36402911 -0.22264266
200.91834462 139.80407323 -0.20810197
200.05768682 140.20784409 -0.18686167
199.23427140 140.58873065 -0.17268113
198.38490220 140.98351020 -0.15884097
197.55018446 141.38677458 -0.14289572
196.76864857 141.76181288 -0.12752151
195.99670561 142.12489964 -0.11062746
195.25840193 142.47422559 -0.10279695
194.51903253 142.83146980 -0.07781199
193.74087218 143.17635623 -0.06027717
193.00979626 143.50740276 -0.04112707
192.29771215 143.82231176 -0.01620725
191.64762033 144.11319302 -0.01101778
190.99829367 144.42062758 -0.00011732
190.36286940 144.70393445 0.00583228
189.70901277 145.00021167 0.01775914
189.08840925 145.29823909 0.02707424
188.50625967 145.59912723 0.02652370
187.91378991 145.92481863 0.03007680
187.37529293 146.21826605 0.04422626
186.83768492 146.51995212 0.04807243
186.29251678 146.83194285 0.05322176
185.76150298 147.13045971 0.05528601
185.22662825 147.47005165 0.05362102
184.71644903 147.82450949 0.06358232
184.22625724 148.18260068 0.06188098
183.75446412 148.54799543 0.06588040
183.26983446 148.94268263 0.07302233
182.84581099 149.34361813 0.09151414
182.41904065 149.77853546 0.10262527
182.01851619 150.25435522 0.11321147
181.66112041 150.73822897 0.12239047
181.32498964 151.23720646 0.13725437
181.01304927 151.74705001 0.13343425
180.72777343 152.27255762 0.14073277
180.46709369 152.80863357 0.15322122
180.25364350 153.35486693 0.16465678
180.06647138 153.90717197 0.17034904
179.91056730 154.47380421 0.15286672
179.79953306 155.06634814 0.15137903
179.72741413 155.69370443 0.16934974
179.68291015 156.35188202 0.18818795
179.65668499 156.97152260 0.19576751
179.66777066 157.59353883 0.20189361
179.70293406 158.21922989 0.21132181
179.76273663 158.86763246 0.22414131
179.85769239 159.53541990 0.23039344
180.02711068 160.20797625 0.23379909
180.18597057 160.87328583 0.24522329
180.38092321 161.53759460 0.25453012
180.60700509 162.23368711 0.27234209
180.85096922 162.93737528 0.29624665
181.09403511 163.63596484 0.30891479
181.35054886 164.35112107 0.31293115
181.62995125 165.03271593 0.30626948
181.90885032 165.71941758 0.29893421
182.17980429 166.39773172 0.29404559
182.48160912 167.09862130 0.29689363
182.78728827 167.79405398 0.29514387
183.08506639 168.52494335 0.30285650
183.41256845 169.27591892 0.30681652
183.75169725 170.00260555 0.31292410
184.05356976 170.71231874 0.31016932
184.36032200 171.44575378 0.30707968
184.70617004 172.20498116 0.32851202
185.03345835 172.95832448 0.35044640
185.38024904 173.71855136 0.37871106
185.73482272 174.53477088 0.40181425
186.08667863 175.31863305 0.42753453
186.44571947 176.14131380 0.43809465
186.80427559 176.90097918 0.43965469
187.15767456 177.69673294 0.44139716
187.53466243 178.49978165 0.43054568
187.91089665 179.33949904 0.41645609
188.28326808 180.18732271 0.40866788
188.67018802 181.06902015 0.42170787
189.07580047 181.95070541 0.44398142
189.47004449 182.83419441 0.45628733
189.88503754 183.76083973 0.46228982
190.30289731 184.66281747 0.45989603
190.72718541 185.56077486 0.46133715
191.15669035 186.48005493 0.46539153
191.58236160 187.40432068 0.44967462
192.01644779 188.34201974 0.43849741
192.45476339 189.29332973 0.45580963
192.89630914 190.23689491 0.47156761
193.33939449 191.19264934 0.47557712
193.75917704 192.15109881 0.46281510
194.20295626 193.11040454 0.45726241
194.64888016 194.07349929 0.44936706
195.09676457 195.03768695 0.45929335
195.53839885 196.00130968 0.46444447
195.98520654 196.97941750 0.45988505
196.43024129 197.95965256 0.45857177
196.87653319 198.94394708 0.46096562
197.33400555 199.91711614 0.44867139
197.78377424 200.89241074 0.43795572
198.23894621 201.84312362 0.41877071
198.69567183 202.79306988 0.41277028
199.15961958 203.75587437 0.41576611
199.61329409 204.71029130 0.41201205
200.06951971 205.67611670 0.41425623
200.52398715 206.62860645 0.42435270
200.97511356 207.60056860 0.43475618
201.42039623 208.57315216 0.43194378
201.86222015 209.54180757 0.41198034
202.30938319 210.49657438 0.39694570
202.75754893 211.44520938 0.39387450
203.20843309 212.38430603 0.39159739
203.65769988 213.33255481 0.38714303
204.10830541 214.27985275 0.38791868
204.55899743 215.25273188 0.38395269
205.01365510 216.21025945 0.37418259
205.46790928 217.17596984 0.36778195
205.92356448 218.11303897 0.36499307
206.37827849 219.05750319 0.37556337
206.83379237 219.98941610 0.38033517
207.28167899 220.93625807 0.37599475
207.74396993 221.85240023 0.36998397
208.19768527 222.76229118 0.35816923
208.64350317 223.66695243 0.35281627
209.08355884 224.61376935 0.35049128
209.52889899 225.50753915 0.33855327
209.98016334 226.42835380 0.33890883
210.42474411 227.36882805 0.32940140
210.85875108 228.30975147 0.31376067
211.28609641 229.21982867 0.29781832
211.72322798 230.17066365 0.28004417
212.15415487 231.08765431 0.25842952
212.58310471 231.96207440 0.24684448
213.01143281 232.86519270 0.24672817
213.42818337 233.76599732 0.23527166
213.84929786 234.68678772 0.21389260
214.26035346 235.58295463 0.20961589
214.67124990 236.50086544 0.21464095
215.07670053 237.43808471 0.22665613
215.47022521 238.34522142 0.22596963
215.86170601 239.25821564 0.21613845
216.23342132 240.15329869 0.21539356
216.60699726 241.05317659 0.21410026
216.98198404 241.97418209 0.20485536
217.37064716 242.90456544 0.19872075
217.76076668 243.81361013 0.18898244
218.13973677 244.71109695 0.18688770
218.53331601 245.62099855 0.18424380
218.95031634 246.53999222 0.18005300
219.35301898 247.44058248 0.17555121
219.75749577 248.36277022 0.16319394
220.17712741 249.29589948 0.15949099
220.59108509 250.21563883 0.14051713
221.01378155 251.12939659 0.11537450
221.44725896 252.05035320 0.09998620
221.88997747 252.95284060 0.08948780
222.34831996 253.88572998 0.08876549
222.80463258 254.78978331 0.08153772
223.25704717 255.66996430 0.07468953
223.71513398 256.58122100 0.06887850
224.17447483 257.49209290 0.07734265
224.63589571 258.40500981 0.08012970
225.09981802 259.31332141 0.07264215
225.56843029 260.23695354 0.07173765
226.05092919 261.12934018 0.08096056
226.52919005 262.04466236 0.07602460
227.00504125 262.93846809 0.06046054
227.47005712 263.83822898 0.03297610
227.94454221 264.71686716 0.01865556
228.41601302 265.61072069 0.01004679
228.89024812 266.48927654 0.00752647
229.36327888 267.34643669 0.00177074
229.83766678 268.21229710 -0.01955223
230.30425723 269.06906709 -0.03518337
230.76669619 269.95277224 -0.03652865
231.21747430 270.81050457 -0.04389683
231.66898096 271.62967515 -0.05846117
232.11562629 272.46601098 -0.06488359
232.54858065 273.27126870 -0.06968481
232.98375945 274.07584183 -0.08835870
233.40916383 274.85775232 -0.09672275
233.82752001 275.63993752 -0.09858524
234.24397747 276.41021937 -0.09875517
234.65852015 277.16306994 -0.10818270
235.06546257 277.89963923 -0.11565902
235.47977134 278.60932117 -0.11687278
235.88978899 279.32712837 -0.11089602
236.29327181 280.00619269 -0.10950839
236.68668252 280.67065194 -0.10467480
237.07017941 281.31945396 -0.11843609
237.44970122 281.93347073 -0.13806561
237.81825257 282.54067833 -0.15265791
238.18235903 283.13210282 -0.15826979
238.53930327 283.72526880 -0.16445793
238.89093471 284.31219823 -0.16960878
239.24761668 284.89378853 -0.17744664
239.60477182 285.47129191 -0.18276250
239.95686355 286.04523248 -0.17213661
240.30867859 286.61595341 -0.16510898
240.64138339 287.18573796 -0.15812780
240.96391897 287.75183219 -0.16400582
241.27972959 288.32069001 -0.17124473
241.59406828 288.89624472 -0.17644282
241.90092055 289.46377710 -0.17526315
242.19186010 290.05456487 -0.17873523
242.47141006 290.66375435 -0.16760781
242.76316070 291.29001883 -0.16646940
243.05019774 291.91465629 -0.16698216
243.33418120 292.57338719 -0.16857723
243.60948442 293.24927251 -0.16529771
243.88670918 293.94525185 -0.16895722
244.17793477 294.64133472 -0.16592100
244.46668937 295.34439760 -0.15762161
244.76823215 296.08381087 -0.14296148
245.07042403 296.81539002 -0.13890376
245.39732189 297.55227777 -0.14472217
245.73447185 298.32411300 -0.14936935
246.07193607 299.10355767 -0.16206980
246.42885889 299.89904277 -0.16111135
246.79807422 300.68462135 -0.14548316
247.18868952 301.49356898 -0.14164458
247.59350852 302.28984421 -0.14543130
248.01835871 303.11929260 -0.15565405
248.45284021 303.93872393 -0.16326127
248.90183838 304.76742415 -0.15619595
249.36588879 305.61973810 -0.14071734
249.84375911 306.47002809 -0.13434318
250.33337529 307.33350320 -0.12578977
250.83131008 308.19856665 -0.12930347
251.33564315 309.08461292 -0.12767973
251.85279879 309.98271979 -0.12996571
252.37604833 310.88617442 -0.12207797
252.89852156 311.81688387 -0.12162627
253.42380114 312.74093622 -0.12009089
253.96033057 313.70762719 -0.12530605
254.48197870 314.59796260 -0.12595298
255.01901939 315.55442394 -0.12699209
255.54338040 316.47896205 -0.12418560
256.05415818 317.42686526 -0.13092240
256.57281739 318.34813552 -0.11322447
257.08384324 319.30499755 -0.09482696
257.58357532 320.24812252 -0.08539575
258.08366951 321.20268994 -0.08192014
258.58682890 322.15450023 -0.08691894
259.08209788 323.10779499 -0.09466060
259.57328980 324.05236854 -0.09142853
260.06158112 324.99174214 -0.09058454
260.54816555 325.91832493 -0.09583285
261.03968715 326.84619402 -0.09496699
261.52514504 327.79511160 -0.08215544
262.01596817 328.72891481 -0.06889205
262.50488150 329.66628933 -0.06106514
262.98549291 330.59813423 -0.05756323
263.46713383 331.52223003 -0.06537336
263.94711820 332.44182722 -0.06877668
264.42956312 333.34275178 -0.07906280
264.91765378 334.26553582 -0.07544743
265.39818822 335.16079503 -0.06624954
265.86777929 336.07942057 -0.04410469
266.34224602 336.98198267 -0.03148590
266.80046357 337.86919981 -0.02729899
267.26349618 338.70887151 0.03824201
267.69714255 339.53968169 0.03401614
268.13930935 340.32053065 0.02548055
268.56355563 341.18242378 0.02200713
268.98789219 341.96261689 0.02683524
269.38417961 342.76279388 0.03596463
269.77894396 343.54907076 0.03457559
270.14895971 344.30568935 0.03430339
270.55778052 345.04574349 0.01944174
270.93696346 345.78843341 0.02182089
271.28423350 346.62627364 0.04518548
271.64792371 347.38866173 0.04209339
271.99133995 348.14731363 0.04123949
272.32124152 348.89603809 0.05168374
272.63293891 349.59183098 0.04607998
273.00058942 350.28208588 0.04495095
273.28920185 350.94417025 0.05190685
273.57959067 351.57209285 0.05097841
273.83196890 352.25966501 0.04667893
274.08723981 352.89321228 0.06440815
274.33723479 353.44755942 0.04166168
274.56327877 354.02407245 0.05064631
274.75404681 354.55317804 0.05574187
274.94830868 355.05759815 0.06892883
275.13034819 355.51137506 0.07530372
275.31377209 355.97050006 0.07926951
275.50330452 356.41059364 0.08553517
275.71328472 356.83124533 0.08895858
275.93242946 357.21989931 0.08819858
276.17192807 357.59983591 0.09804901
276.46958408 357.98429940 0.10636107
276.74813824 358.36185874 0.10387494
277.06405521 358.70271257 0.10113323
277.38411308 359.03274870 0.10755340
277.74384688 359.34137497 0.10431286
278.12651985 359.63959195 0.09281271
278.53872462 359.90098529 0.08929639
278.91818576 360.16830221 0.09165474
279.32331753 360.40174023 0.10654416
279.65157439 360.45357003 0.11405029
279.97847755 360.47487848 0.14442290
280.39611497 360.61349519 0.15052864
280.78507229 360.71611471 0.15637726
281.26081784 360.84369020 0.11635537
281.49614282 360.70702593 0.13577205
281.88867617 360.57989780 0.01656009
282.25198487 360.48781630 -0.01509861
282.72785495 360.64764693 -0.02057157
283.25541689 360.65450261 -0.03038282
283.74999521 360.55150477 -0.02289192
284.15545421 360.46474845 -0.02025084
284.63296233 360.35792177 -0.05362824
285.20013992 360.20403843 -0.05940791
285.72037523 359.91372285 -0.03410335
286.18205116 359.89887166 0.02617971
286.70628381 359.77054343 0.01089913
287.27898537 359.52716774 0.00266129
287.67958021 359.31328786 -0.05727919
288.28002157 359.13334791 -0.05165572
288.67341978 358.90146219 -0.03158298
288.91866740 358.80614758 0.00428393
289.64195606 358.44976916 -0.01173225
290.45755316 358.16413009 0.10461438
291.17465263 357.69932999 0.07667478
291.30164211 357.66664946 0.03988605
292.63070481 356.83758320 -0.01580044
292.94899064 356.65641077 -0.00634313
293.80580332 356.06943035 -0.02758319
294.68733300 355.76444526 -0.07394651
294.51644164 355.63522489 -0.07364784
295.55102331 354.97583446 -0.07302631
296.57732668 354.51158940 -0.05937362
297.46675395 354.17382178 -0.14775451
298.43354599 353.68770037 -0.21789703
298.61102235 353.86675382 -0.09879763
299.58108796 353.45923758 -0.12106216
299.75352531 353.26258436 -0.13716059
300.16229387 353.00443282 -0.21010584
300.18219131 353.02842122 -0.01143342
301.46043518 352.36628229 -0.04696280
302.86029881 351.59853179 0.12733871
303.59764319 351.16893214 0.09707932
304.55636723 350.53925987 0.11843733
305.30064717 349.96367457 0.04931419
306.24300127 349.41710988 -0.00907542
307.42532790 348.95336504 0.01467277
308.40641044 348.45126409 0.03188728
309.03965329 348.17806933 0.01725691
309.98352122 347.70288585 -0.02912848
310.82091608 347.27520628 -0.05323359
311.61587937 346.78972148 -0.09092790
312.78844746 346.27547516 -0.12011699
313.71606899 345.79193265 -0.10625810
314.59260470 345.39901114 -0.13388599
314.89710146 345.23450438 -0.07005581
315.34859627 344.57065453 -0.03041617
316.44322999 344.18295323 -0.08601595
317.11144950 344.00040341 -0.09297604
318.37250053 343.26432872 0.02833624
319.26690060 342.67025252 0.07275479
320.54011438 342.41834249 0.07587035
321.42336297 342.04257839 0.05500876
322.69642390 341.50502458 -0.04095595
323.94215690 340.98352560 0.01973359
324.84246937 340.32379912 0.06027593
325.70810319 339.78944080 0.02358309
325.55175694 339.68178363 0.06773364
326.01290377 339.44015524 0.08390744
327.04532983 338.98229054 0.04598268
328.19089503 338.44935667 -0.01112336
329.10610820 337.93933539 -0.00491281
329.91759089 337.46407910 -0.01537998
330.87381687 337.11253902 0.00039711
331.37808457 336.78032406 0.05044453
332.32751427 336.28904323 0.01514301
333.18992389 335.84161644 0.01702212
333.99962000 335.39488686 0.01094274
334.77020301 335.01258218 -0.00798824
335.50287623 334.68641944 -0.02182393
336.26385358 334.26293752 -0.02237464
337.07828382 333.79502598 -0.01676426
337.90023032 333.36124351 -0.01730260
338.68279377 332.94064728 -0.01943249
339.63479501 332.49518206 -0.03482874
340.56663387 332.06883817 -0.03891670
341.50008507 331.59855452 -0.03951902
342.18358638 331.30228865 0.00298770
342.88132763 330.95087515 -0.00741500
343.81819616 330.52618083 -0.02690239
344.70890816 330.13502097 -0.02539979
345.58830889 329.71232146 -0.01014402
346.49806308 329.33431204 -0.00185071
347.52639531 328.98463829 0.01994802
348.35338825 328.66201567 0.02392067
348.94252214 328.45770338 0.00694327
349.84748827 328.21623947 0.00803212
350.52364555 328.01179386 0.01387937
351.12973828 327.76738375 0.00254913
352.08959116 327.42330217 -0.00555364
353.12313871 327.08270829 -0.02039345
353.98855383 326.82578905 -0.03047213
354.81333938 326.61284428 -0.03858991
355.67497534 326.39930702 -0.04365771
356.54847692 326.22903092 -0.02976050
357.36545766 326.02488950 -0.02569836
358.35530342 325.83356109 0.00976731
359.15269877 325.70129645 0.00285577
359.92733830 325.55442102 -0.00221814
360.73440632 325.44130662 0.00896914
361.43829117 325.26984781 0.01405208
362.40018578 325.05574909 0.01123334
363.46665398 324.83152099 0.03171457
364.37069129 324.62746438 0.03748387
365.29019931 324.42450023 0.04366435
366.10968749 324.32886961 0.03426262
366.94124815 324.21320325 0.02468956
367.77274145 324.10238003 0.02242478
368.60358721 324.00384210 0.02178941
369.44611573 323.90734948 0.03096411
370.26876290 323.81934516 0.03289356
371.08494778 323.73312184 0.03098704
371.90285066 323.65427109 0.02292792
372.72301077 323.58499418 0.03225430
373.53002020 323.51391677 0.06109354
374.32748227 323.45050863 0.07427472
375.13394350 323.40436725 0.08298806
375.93477678 323.37420252 0.09132732
376.74127626 323.34258659 0.10059760
377.53877562 323.32432250 0.11134054
378.32913943 323.30646134 0.12116631
379.11916280 323.30274349 0.12785371
379.92207109 323.30006799 0.15451086
380.70386266 323.30155725 0.16432130
381.49420186 323.31377653 0.17465184
382.27930237 323.33092598 0.19555070
383.06859606 323.34867705 0.21644095
383.83599866 323.37871204 0.22971102
384.59241508 323.40935531 0.22845417
385.32962923 323.44956871 0.22250150
386.06166712 323.50672483 0.21845093
386.77397250 323.55940916 0.21413302
387.47548019 323.61331927 0.22371386
388.16667864 323.68085083 0.22597896
388.84065935 323.76182912 0.22825041
389.49337657 323.83358703 0.23045494
390.12077451 323.91396139 0.23129097
390.72090316 323.97576538 0.22839748
391.30662078 324.05166669 0.22440649
391.86821912 324.11671856 0.22899881
392.40644088 324.17268051 0.23382696
392.92958564 324.22673126 0.23713683
393.42021545 324.27467402 0.25197930
393.88972227 324.30848762 0.26109261
394.32870053 324.32651041 0.26412389
394.74399702 324.33069335 0.27302798
395.15209713 324.34241623 0.27229035
395.54885718 324.33938988 0.26742264
395.95209400 324.33421474 0.25610958
396.34888837 324.31809009 0.24653546
396.75345551 324.28921874 0.23279098
397.14387657 324.24817543 0.22259756
397.53421810 324.18226166 0.20910426
397.91491724 324.10896513 0.20692962
398.28574948 324.02079233 0.21352649
398.64620847 323.92770158 0.22531586
398.99579843 323.82106296 0.23262744
399.34388149 323.70868543 0.22995779
399.68958986 323.57200879 0.21177408
400.04215545 323.41515568 0.20481894
400.39314339 323.23494633 0.20293999
400.73535951 323.02806231 0.19283351
401.08869502 322.80856669 0.19972892
401.43779196 322.56990857 0.20514899
401.79067127 322.31222138 0.21387902
402.12955889 322.02278418 0.22129534
402.46384739 321.70856238 0.22015325
402.78237129 321.37301811 0.22559392
403.08745784 321.01942838 0.22873865
403.37749403 320.63101167 0.22948821
403.65830689 320.18958475 0.22339970
403.92474387 319.72259402 0.21944895
404.17762661 319.20997287 0.21197396
404.40549877 318.65650487 0.20924363
404.62251126 318.05257347 0.20737708
404.80347549 317.42218119 0.20227711
404.97519956 316.76253542 0.19585228
405.13723059 316.08144714 0.19835881
405.28925406 315.36954765 0.19233660
405.42220327 314.64799153 0.19099447
405.55546275 313.87514138 0.18883995
405.67780162 313.07535474 0.18061695
405.78974493 312.26019039 0.18049297
405.90530326 311.45188797 0.18720336
406.02442080 310.55710996 0.18165885
406.13847865 309.65656068 0.17512226
406.25190721 308.74264048 0.16129844
406.36433641 307.78229267 0.14501907
406.47027426 306.82889063 0.13689798
406.59317770 305.82776381 0.14100868
406.69656761 304.85959858 0.14694024
406.81462064 303.84897982 0.13864607
406.90773962 302.88256894 0.14285651
406.99953793 301.90733936 0.14366036
407.11046834 300.86965824 0.13846950
407.21065794 299.87620177 0.13929171
407.31314735 298.84797424 0.13096441
407.42720584 297.80072709 0.12712037
407.53927785 296.75579376 0.12502502
407.65003438 295.73589318 0.12680377
407.75385122 294.70974530 0.12849398
407.79585464 293.69508959 0.12846474
407.85258041 292.65979347 0.12705207
407.91259685 291.60322709 0.12640237
407.98245197 290.56031831 0.12176188
408.05641029 289.53979833 0.12263084
408.13291583 288.51484022 0.11611083
408.22542005 287.48108147 0.11879125
408.31563179 286.45952205 0.12615424
408.40517666 285.42922008 0.12798661
408.50511401 284.37736934 0.11907004
408.60535397 283.35947716 0.11660129
408.70941427 282.32040427 0.11569579
408.80767709 281.34110241 0.12318036
408.91345499 280.33929236 0.12726312
409.02260797 279.34232121 0.13480983
409.12929654 278.35238461 0.13985714
409.24022688 277.35038984 0.14040757
409.34906850 276.40494808 0.14513453
409.45591329 275.39007086 0.14192633
409.57593342 274.39217740 0.14834193
409.68800676 273.41407496 0.15563588
409.79937437 272.41135127 0.14676402
409.92291217 271.44402224 0.14195659
410.04540745 270.44838631 0.13144647
410.17674025 269.42331463 0.11552902
410.31003501 268.40575606 0.10638772
410.45971097 267.40024892 0.10265836
410.60732293 266.41404452 0.10537399
410.75667650 265.37851511 0.09141920
410.91851722 264.37775921 0.09022827
411.09295898 263.33885398 0.09832912
411.25624653 262.30136364 0.09597659
411.43058121 261.25620734 0.08874896
411.60345360 260.18303748 0.08217370
411.77438703 259.14473509 0.09504383
411.94940107 258.07952769 0.10252724
412.11375227 257.04786751 0.11723606
412.29014725 255.99462771 0.12031786
412.45549938 254.94015401 0.13161803
412.62510657 253.89621224 0.13288574
412.80191348 252.85548419 0.13481499
412.97407695 251.81925805 0.13634811
413.15380640 250.76930915 0.13218664
413.33005100 249.73829928 0.13245880
413.51302700 248.70486152 0.12721581
413.68433071 247.65810622 0.12055106
413.85776744 246.63725629 0.11261701
414.05200364 245.62585510 0.10325779
414.22047919 244.61083793 0.10080866
414.40154880 243.61610898 0.09577169
414.57496251 242.61550205 0.08667066
414.75291149 241.62958474 0.08062353
414.92427082 240.61388459 0.07177976
415.09179496 239.66555283 0.07326610
415.25466055 238.72506964 0.07236878
415.41559538 237.79966083 0.06767801
415.54507775 236.93883606 0.08752306
415.69159051 236.06909565 0.08846683
415.83307719 235.23332214 0.10222661
415.97234545 234.39406842 0.09761936
416.09477428 233.59221011 0.09225588
416.20850400 232.80355826 0.09123357
416.30238993 232.04596621 0.09075551
416.37575110 231.31472347 0.09509489
416.44269681 230.61409781 0.10140952
416.49101603 229.91741431 0.10099489
416.51731061 229.23834608 0.09962747
416.52861696 228.58950147 0.10103533
416.51361131 227.93690102 0.10448753
416.47273377 227.29857391 0.10456289
416.39788275 226.65993598 0.10461019
416.29240421 226.01902790 0.11108718
416.15474126 225.39113055 0.10845253
415.97507023 224.78608466 0.11408236
415.76899983 224.19982495 0.11180198
415.54151198 223.63475274 0.10100964
415.27991406 223.10574054 0.10054780
414.97849989 222.60060571 0.09263410
414.65299502 222.11523181 0.09258109
414.28550345 221.66640425 0.07979274
413.88004579 221.25144685 0.08122326
413.46150777 220.90364673 0.08041926
413.01361410 220.57842767 0.07931824
412.53184431 220.25951678 0.07721263
412.02452391 219.98936925 0.08084356
411.50386767 219.75687133 0.07515906
410.96295641 219.53913975 0.06953662
410.39793737 219.34432998 0.05821151
409.82484074 219.19325350 0.04329333
409.23381928 219.05887908 0.03063842
408.64283970 218.95346214 0.01467919
408.03852494 218.86621339 0.00157495
407.41574604 218.80928079 -0.01204391
406.77930851 218.77455286 -0.02754813
406.12592062 218.75581370 -0.04390291
405.46929910 218.75956749 -0.06310679
404.80167177 218.80457678 -0.08070444
404.12206699 218.86842124 -0.08629335
403.41408058 218.95565355 -0.10612080
402.70107369 219.06558332 -0.11444813
401.97834564 219.19439783 -0.11006262
401.23184636 219.35620425 -0.11654413
400.47611169 219.54512679 -0.11659214
399.68475747 219.77606348 -0.11170774
398.88980575 220.00653838 -0.11260027
398.10007595 220.24347389 -0.12189075
397.28647429 220.51287318 -0.13759041
396.46477051 220.78306067 -0.14763979
395.63607832 221.06456234 -0.15510475
394.77026553 221.39675677 -0.17129485
393.92929679 221.71833650 -0.17670017
393.08185781 222.06926948 -0.18145940
392.22274170 222.43087698 -0.18918519
391.33145362 222.82110549 -0.19717156
390.42060065 223.22509235 -0.20613655
389.52094670 223.63533809 -0.20621228
388.60356992 224.05385059 -0.19246046
387.65199831 224.49290179 -0.18562162
386.72592980 224.91431068 -0.17173226
385.77782053 225.36420576 -0.16771895
384.80748547 225.81245541 -0.16420272
383.85170330 226.25344347 -0.15481161
382.88682945 226.69663416 -0.13317774
381.91684365 227.13312282 -0.11681507
380.94448697 227.59507914 -0.11088728
379.95992229 228.05388038 -0.09420637
378.99454224 228.49336544 -0.08925388
378.02373676 228.94493881 -0.08531299
377.03834015 229.41158107 -0.06667088
376.03452952 229.88859268 -0.05330133
375.04250266 230.36447066 -0.04539684
374.04667342 230.84666207 -0.03394169
373.03469671 231.35050438 -0.01908052
372.02158274 231.85620845 -0.01187808
371.00692696 232.35139965 -0.00325756
369.98823322 232.86468858 0.00019828
368.99737606 233.33964397 0.01133930
368.00892383 233.83530278 0.01212609
367.00199974 234.33906243 0.01620125
366.00362796 234.84198516 0.02161629
364.99630227 235.36252917 0.01956956
364.00091866 235.84679512 0.03512455
363.01908283 236.34697116 0.04548767
362.00662778 236.86838736 0.05537520
361.00835317 237.37826105 0.06076925
360.00275491 237.90418763 0.06282976
359.02656635 238.40073197 0.07163833
358.02585464 238.90721215 0.08161703
357.05407618 239.38847388 0.07886024
356.09255186 239.86328308 0.09330596
355.11881072 240.35948742 0.08748948
354.15196237 240.86898201 0.09456016
353.19354219 241.36403267 0.09795394
352.24247743 241.87046570 0.09026320
351.29336567 242.36112410 0.08016281
350.34602036 242.83946349 0.07886192
349.38585926 243.33444110 0.05666594
348.44087452 243.81432500 0.04496061
347.50179273 244.31446495 0.03564483
346.54379095 244.79261212 0.03311183
345.60353836 245.25309748 0.02933258
344.65421836 245.73423744 0.01819853
343.71833360 246.19916463 0.02364475
342.77523851 246.68881738 0.02875071
341.84993572 247.15482143 0.02947032
340.91095637 247.63648485 0.02956990
339.99743400 248.09893599 0.03328953
339.08190033 248.57008195 0.05163821
338.18145853 249.03365682 0.06819989
337.28810646 249.48742491 0.07149523
336.41667811 249.94357249 0.06949950
335.57239322 250.35699838 0.07141991
334.74840125 250.78269972 0.06708650
333.94727184 251.19368932 0.06817989
333.16540104 251.60586434 0.07221040
332.39996790 252.00822973 0.07979242
331.64893391 252.39327218 0.08513833
330.90903676 252.77853181 0.08356011
330.19173791 253.15348419 0.08809533
329.47704946 253.52116029 0.09384448
328.78283907 253.86771916 0.09839295
328.11384762 254.20148299 0.10098627
327.44511969 254.51306907 0.09964480
326.79849310 254.81379599 0.09227246
326.15822976 255.08627256 0.09397711
325.53258156 255.34011018 0.09384656
324.93560900 255.57438303 0.09603160
324.35005849 255.78298957 0.09947740
323.78505536 255.96707383 0.09733228
323.24088110 256.12103312 0.09738817
322.72316621 256.24660019 0.09063751
322.19802574 256.33605174 0.09308807
321.69216375 256.40567125 0.08901800
321.19588472 256.45446861 0.08907445
320.69078083 256.46842185 0.09305439
320.20497843 256.45059883 0.09698124
319.74986434 256.38965747 0.10069140
319.30598851 256.28948864 0.09659172
318.86602897 256.16714291 0.09121737
318.44925822 256.01599038 0.09333861
318.04263657 255.83265592 0.09333146
317.63799192 255.61558470 0.08953644
317.24902679 255.36618238 0.08652434
316.88806160 255.10440024 0.09114602
316.50482873 254.80087467 0.09039122
316.11319018 254.45780432 0.07744014
315.72492400 254.07709841 0.06186749
315.36956132 253.67487007 0.04116960
315.01865980 253.25519353 0.02521495
314.66185267 252.79974278 0.01349464
314.33386718 252.34972237 0.01742356
314.01612914 251.88735851 0.02549572
313.65656209 251.38156214 0.02036573
313.35387448 250.88208849 0.01423196
313.00810114 250.35127301 -0.00156661
312.67688400 249.79985663 -0.01004104
312.33656171 249.24059942 -0.01157479
312.01957616 248.68487953 -0.01430040
311.66576236 248.08172868 -0.01508165
311.33251760 247.47962947 -0.01824929
310.97657217 246.86280227 -0.02411020
310.60993394 246.23523574 -0.02426812
310.24501594 245.58484414 -0.02241414
309.87338356 244.91421282 -0.01827267
309.47911587 244.21797476 -0.02494827
309.09000854 243.50338305 -0.02781499
308.67865511 242.77281028 -0.02647472
308.28343935 242.02933603 -0.02051923
307.86847135 241.26072570 -0.02384869
307.45755690 240.49383205 -0.01521799
307.03492135 239.70135911 -0.00789632
306.60488289 238.89148063 0.00935733
306.15989741 238.06014363 0.00466957
305.73565574 237.22977387 0.00489267
305.30893374 236.37166189 0.00574195
304.88190848 235.50948384 0.00830926
304.43309507 234.61943280 0.00333351
303.98020825 233.73049490 -0.00935067
303.53031880 232.83218305 -0.02558507
303.07065998 231.91854431 -0.02610035
302.58764879 230.98445519 -0.02198021
302.11549326 230.05549735 -0.01987194
301.61709300 229.09212692 -0.02854769
301.15832173 228.16582348 -0.03111698
300.67796269 227.21640037 -0.02590451
300.19437246 226.26670843 -0.03264063
299.69631022 225.30782371 -0.03438281
299.21834127 224.37423134 -0.01500877
298.74402304 223.43625966 -0.00655983
298.27848558 222.48978166 0.01051033
297.80536722 221.53728414 0.02557657
297.34608817 220.59696868 0.03190716
296.87034543 219.63861808 0.02980856
296.37602484 218.67783298 0.04192766
295.87941923 217.70827409 0.05611926
295.38437852 216.74992428 0.06896114
294.88788134 215.78079673 0.07032873
294.41635572 214.84774952 0.06938247
293.93626303 213.90662752 0.06820197
293.45767121 212.96716510 0.06427421
292.99364999 212.03085982 0.07655075
292.48742305 211.06407176 0.08095414
292.00263695 210.11372793 0.07317573
291.51775493 209.15764188 0.06306661
291.00716198 208.15974435 0.06473092
290.47884552 207.16499005 0.07002436
289.93127674 206.15665984 0.07425689
289.39710478 205.16801191 0.07170077
288.87906865 204.18060047 0.06539320
288.34938846 203.18670503 0.04688151
287.81256105 202.18300194 0.04257090
287.29254959 201.19702902 0.04067187
286.76250817 200.19891076 0.04528821
286.25953878 199.20783022 0.03496110
285.73813853 198.20575070 0.03121895
285.21571237 197.18474350 0.03746662
284.70725665 196.17339128 0.03911795
284.19271686 195.15884110 0.04778308
283.68902226 194.15008703 0.04991126
283.17162964 193.13821682 0.04876281
282.65903264 192.13151347 0.04072220
282.12869287 191.10964973 0.02388997
281.59098713 190.09404049 0.01269118
281.03976170 189.05793155 0.00880855
280.46519543 187.98285489 0.00292570
279.92023483 186.94104717 0.00114362
279.37827154 185.90094771 0.00555091
278.80111440 184.83956458 0.00923596
278.26934611 183.80986919 0.02193216
277.74636188 182.79490644 0.03049714
277.17239269 181.73086678 0.03101527
276.63839368 180.70664232 0.01942132
276.09118329 179.66259692 0.01237907
275.57192482 178.62831704 0.01761122
275.04242816 177.58314138 0.04274936
274.51847254 176.55091057 0.06144586
273.98814662 175.51459242 0.07416156
273.45976956 174.47773487 0.07887545
272.93745494 173.44770572 0.07190131
272.42007113 172.41896662 0.06912139
271.88197280 171.37643864 0.06817059
271.37958427 170.35404950 0.06144653
270.85917870 169.33243747 0.05522822
270.34189835 168.30833029 0.05750328
269.81140226 167.28327434 0.07240787
269.28484668 166.23831693 0.09264796
268.75401681 165.19005426 0.10225983
268.24384044 164.17645710 0.10913974
267.73740282 163.16765001 0.09810756
267.23436003 162.17922330 0.08247376
266.71849698 161.17657257 0.07997426
266.20741827 160.17676845 0.07995115
265.70214743 159.17105039 0.10154483
265.19803513 158.18181932 0.13565697
264.69759918 157.17672401 0.15076929
264.20152755 156.17627040 0.14979686
263.72004833 155.19944574 0.14374832
263.21696932 154.18609613 0.12638960
262.74180639 153.20830639 0.08888636
262.25466689 152.22761989 0.07912643
261.78834726 151.27271093 0.07840020
261.32923927 150.31488873 0.06763999
260.84909749 149.35192679 0.07068391
260.36346128 148.38852919 0.08456159
259.89144579 147.43511835 0.10206766
259.42034048 146.47843683 0.10634011
258.96659959 145.54547220 0.10466807
258.52287845 144.63176573 0.09281309
258.08167548 143.71967443 0.07225936
257.66307615 142.83661220 0.06504941
257.20579237 141.91570789 0.06041295
256.79954528 141.04118353 0.06810454
256.38849484 140.16436037 0.07909296
255.98195872 139.29230644 0.09341564
255.56481457 138.43528239 0.10420871
255.20460929 137.62093045 0.09619698
254.84062666 136.82952261 0.08901316
254.46465593 136.03539373 0.08014811
254.10584490 135.25303867 0.08391401
253.74605207 134.46772645 0.08399755
253.40351804 133.72106299 0.08535813
253.06322412 132.97793936 0.09435603
252.73869005 132.25772438 0.09776936
252.41529327 131.55918420 0.10256907
252.12003391 130.88459715 0.10427175
251.85161701 130.23104737 0.10187602
251.60197266 129.59618058 0.09683392
251.36256996 128.99097288 0.10756684
251.14027970 128.38801427 0.11340083
250.91493748 127.79985405 0.12439781
250.69435615 127.22277670 0.12623390
250.47721271 126.67207141 0.12555718
250.26124302 126.12969268 0.12451142
250.03948952 125.60977952 0.12413372
249.83107880 125.11089736 0.11469920
249.60716538 124.61101676 0.10043121
249.39913233 124.14470171 0.09464694
249.18843806 123.71265842 0.09328855
248.95724888 123.30182739 0.09517924
248.72825380 122.91219856 0.09893047
248.46531504 122.53289912 0.10411276
248.21264718 122.14749249 0.10393596
247.95036196 121.79688209 0.12175576
247.66216603 121.46652169 0.12798163
247.37132921 121.14831635 0.13610016
247.07670176 120.84184692 0.13879844
246.77058290 120.55423459 0.14189639
246.45221484 120.27966762 0.14988720
246.11811455 120.01601220 0.14740447
245.76019618 119.78667305 0.14365628
245.37146957 119.54636839 0.14008648
244.98052842 119.34495812 0.13846301
244.57438432 119.14999228 0.12805460
244.16339286 119.00125454 0.12222883
243.72325135 118.84156852 0.11202460
243.27673540 118.73690838 0.08563784
242.81326651 118.66110291 0.06775710
242.34529949 118.60028908 0.05074522
241.84434871 118.55884372 0.04625083
241.33986525 118.55621664 0.04623153
240.82076884 118.60155714 0.03954678
240.28413219 118.66617035 0.03299878
239.74349464 118.75759490 0.02228112
239.18333635 118.86962526 0.02275788
238.61971449 118.99989728 0.02765291
238.05517281 119.15441651 0.02362751
237.46941596 119.34953710 0.02004263
236.88854728 119.55470947 0.00688081
236.29104107 119.78975457 -0.00406039
235.66358392 120.07397049 -0.01328620
235.02511946 120.36787259 -0.01304650
234.38711525 120.68486078 -0.01762715
233.73884350 121.00182901 -0.01865158
233.06811907 121.34710046 -0.01824904
232.38642203 121.70868701 -0.01346608
231.67933481 122.09444337 -0.02274871
230.95685341 122.49042590 -0.03397928
230.24613467 122.89416153 -0.03722904
229.50720172 123.32590396 -0.04414986
228.76412779 123.76575103 -0.04608875
228.00591234 124.20868162 -0.04486422
227.25316382 124.64940299 -0.03716261
226.46135186 125.11083474 -0.02506599
225.63998248 125.57062612 -0.01421287
224.83049247 126.04416508 -0.00814584
223.97436563 126.53554779 -0.01929368
223.12278833 127.03630091 -0.03324189
222.28110347 127.52026167 -0.03701185
221.41039424 128.02542506 -0.03662792
220.51985334 128.53472265 -0.03267428
219.62757160 129.04135814 -0.02798356
218.70538140 129.56858034 -0.03319426
217.81799317 130.06455650 -0.02249438
216.95919472 130.55303747 -0.02895530
216.12287639 131.01631423 -0.02481875
215.25013641 131.51616618 -0.02639174
214.39888658 132.01104999 -0.00250206
213.57008909 132.49730725 0.00918561
212.68273163 132.99495654 0.02042540
211.79735775 133.47563224 0.03346188
210.95073800 133.93998505 0.04238371
210.06956153 134.41625066 0.04116269
209.20760551 134.88246665 0.04255544
208.32694790 135.34524596 0.05053690
207.47525548 135.80190596 0.06329270
206.58663534 136.27340028 0.07729452
205.71326652 136.74533708 0.10379303
204.81813455 137.18006179 0.12903538
203.90743666 137.63318899 0.13615129
203.02796100 138.07692137 0.13556660
202.11687542 138.45854363 0.13041515
201.24970813 138.87017258 0.11184655
200.34936027 139.30212878 0.10432216
199.47931283 139.73473170 0.10471729
198.64334046 140.15175656 0.10770204
197.79118428 140.58029920 0.09707694
196.92644169 140.98844807 0.08875731
196.05897619 141.44559447 0.08500439
195.18502550 141.89065044 0.10284459
194.30338217 142.34059897 0.10781319
193.48230185 142.74957240 0.09931565
192.64357841 143.18617880 0.11071729
191.76288102 143.59846856 0.13398674
190.91301334 143.98769163 0.14814287
190.10036215 144.35576180 0.16450124
189.33296704 144.72571566 0.18882532
188.58650939 145.08207888 0.20275711
187.88405822 145.42766153 0.21518711
187.21896185 145.75182041 0.21645890
186.57390652 146.07293366 0.22265754
185.97627461 146.38493385 0.23184283
185.40095195 146.67217377 0.24092605
184.85183625 146.95186994 0.24848101
184.33042633 147.22344771 0.24533557
183.85542786 147.49628791 0.23845120
183.40784264 147.75983280 0.25387111
182.96787482 148.00772116 0.26354635
182.54793969 148.25193979 0.26252433
182.12330987 148.50036560 0.25931317
181.69594102 148.77685655 0.26263182
181.27408536 149.04131218 0.25785052
180.90182360 149.31325002 0.25425361
180.50306889 149.59443725 0.24798789
180.12528562 149.89083514 0.23149455
179.75961641 150.20501229 0.22470190
179.41724559 150.51347589 0.22156868
179.06392557 150.82658544 0.21640344
178.72525731 151.14569395 0.21196181
178.41771223 151.49553464 0.20651887
178.13141890 151.83343774 0.19710379
177.84337362 152.20239953 0.18293656
177.58618079 152.61729816 0.18106083
177.32089700 153.01623456 0.17651501
177.06029247 153.45793733 0.18334229
176.84313030 153.92157049 0.17928356
176.62630930 154.37479551 0.18022684
176.44342371 154.84034966 0.17647717
176.28279509 155.33011863 0.16959442
176.14020384 155.81208791 0.15875666
176.03237167 156.29060831 0.13550871
175.95788713 156.80450650 0.12061293
175.93041100 157.32038466 0.11357810
175.91000457 157.84456122 0.12325472
175.91697514 158.34806255 0.13126982
175.92502445 158.84120708 0.13841209
175.95540720 159.32953872 0.12969564
176.02998553 159.86634728 0.13186315
176.12437197 160.39277252 0.13262300
176.21999539 160.84396092 0.13866792
176.33099060 161.33702451 0.13425898
176.44963557 161.80443781 0.11994436
176.60541360 162.26351290 0.12392717
176.77782370 162.71885429 0.11162607
176.95815069 163.16920071 0.10549864
177.14641851 163.61867990 0.10142634
177.36801080 164.06680320 0.10232881
177.59779696 164.52888542 0.11220465
177.82837741 164.95863785 0.11899050
178.06295805 165.38545201 0.11988301
178.30711171 165.82361271 0.11420993
178.56184027 166.27229925 0.10685495
178.81842857 166.72059883 0.10532137
179.06716010 167.18011544 0.10152743
179.30534461 167.63124881 0.09244978
179.53979849 168.07425138 0.08315391
179.76878757 168.48745848 0.07364444
179.98001836 168.92939907 0.07254892
180.17472647 169.38128655 0.07278635
180.35006197 169.84771486 0.07332962
180.50656175 170.30883826 0.07328276
180.65926150 170.77600854 0.07021366
180.79554913 171.23259144 0.07285306
180.89338688 171.66956052 0.06622090
180.96837983 172.09398290 0.06456611
181.02618052 172.50803314 0.05613668
181.05636944 172.92305975 0.05766346
181.06008100 173.35150099 0.03421394
181.04227412 173.77791855 0.02692068
180.98740978 174.17412962 0.02807308
180.92393954 174.57956185 0.01574080
180.81151634 174.96839696 0.01300523
180.66387353 175.29715834 -0.00164756
180.50771576 175.61284013 -0.02017986
180.35767487 175.89126065 -0.03534042
180.16436448 176.23043597 -0.06303305
179.93330967 176.57895305 -0.07408336
179.66585162 176.87083552 -0.09808379
179.34777915 177.16480803 -0.10327359
179.00893219 177.39475614 -0.12479976
178.64067565 177.67268066 -0.13294189
178.20865310 178.02499868 -0.13774603
177.75040589 178.30894680 -0.16361340
177.28496081 178.57672149 -0.19184984
176.79810943 178.82700523 -0.21186392
176.29649998 179.06250166 -0.23790467
175.78658898 179.30584098 -0.27175271
175.26533340 179.56879231 -0.28879760
174.72940680 179.82222224 -0.29820733
174.17391619 180.08162696 -0.31211241
173.58893064 180.34518421 -0.33047328
172.99609751 180.61711116 -0.34567777
172.37620326 180.88835158 -0.35113300
171.72363857 181.23914111 -0.35490866
171.07375374 181.55836894 -0.35824291
170.40668860 181.90594993 -0.36868508
169.73165944 182.23550655 -0.37695989
169.02531539 182.58465400 -0.37638802
168.30110940 182.95572157 -0.39348518
167.57681746 183.30423982 -0.39852256
166.82978727 183.68124360 -0.40999561
166.05822952 184.12724954 -0.42511437
165.30588469 184.46780509 -0.42998243
164.47329854 184.94157385 -0.44290964
163.67541394 185.33033490 -0.44190911
162.82303164 185.79112566 -0.44089363
161.94562371 186.23606178 -0.44199152
161.08911871 186.66937036 -0.46130120
160.18518389 187.11625179 -0.46355528
159.30322153 187.55887874 -0.47771143
158.42000486 188.00666833 -0.46992515
157.51865917 188.49809941 -0.47142364
156.60129561 188.98453169 -0.47143291
155.64844761 189.49227884 -0.49394887
154.70382596 190.00042776 -0.50658223
153.74925819 190.51649444 -0.52671341
152.78521332 191.02600204 -0.52564044
151.82577829 191.53415801 -0.52611835
150.87113299 192.04274213 -0.51895688
149.91643824 192.54859944 -0.51153236
148.97583797 193.04827825 -0.50175202
148.03790325 193.55742492 -0.49668672
147.09984935 194.06409959 -0.48670791
146.13790885 194.63459595 -0.47022280
145.20105584 195.18332272 -0.46275428
144.24689665 195.71643867 -0.46359210
143.28863017 196.25302184 -0.45952766
142.33074689 196.78645113 -0.46173666
141.36075751 197.32169405 -0.46295916
140.44120155 197.82324222 -0.46874796
139.49305008 198.36858123 -0.48416374
138.55069654 198.89514876 -0.49273034
137.62732208 199.42311129 -0.49638796
136.71085466 199.93667427 -0.49839258
135.79981794 200.43758947 -0.49960027
134.89168642 200.94933172 -0.50860805
134.01383430 201.43967281 -0.51313326
133.13046537 201.92955803 -0.52288392
132.25269182 202.41045079 -0.54507544
131.41592788 202.87371912 -0.55813350
130.58692396 203.34722961 -0.57793659
129.76133561 203.80972681 -0.59551194
128.98496336 204.25797145 -0.61142685
128.22312762 204.69751642 -0.61752478
127.46915889 205.14776034 -0.63507950
126.74421014 205.56622970 -0.64785357
126.03448671 205.98295356 -0.66827159
125.34152795 206.38304092 -0.67776934
124.68611862 206.76192942 -0.68996470
124.03907515 207.14723867 -0.69614871
123.41616766 207.49539063 -0.70833106
122.83547722 207.84184575 -0.72743782
122.29047731 208.16227947 -0.73216338
121.76537113 208.47048819 -0.73558956
121.27832329 208.76900516 -0.73507688
120.82415495 209.05617901 -0.74643944
120.39836466 209.32839154 -0.75536148
119.99147562 209.57838219 -0.76987235
119.63126421 209.81835443 -0.77067473
119.29307305 210.03748464 -0.77675919
118.97578857 210.25233550 -0.78393903
118.69805590 210.45060978 -0.79319936
118.44062748 210.64463426 -0.79805069
118.19373319 210.82974322 -0.80155144
117.97289144 211.01514679 -0.79728954
117.77140761 211.16447049 -0.80505031
117.57924279 211.31605865 -0.80047827
117.39497678 211.47703554 -0.80138536
117.20847694 211.64254811 -0.80428735
117.01578173 211.80457942 -0.80935023
116.82892923 211.96227360 -0.80382778
116.65411568 212.11911707 -0.80103826
116.48140010 212.28122901 -0.79570749
116.31360018 212.43679632 -0.79002880
116.14742920 212.60490537 -0.78805350
115.98240563 212.76907895 -0.78720163
115.81207419 212.93825439 -0.79825226
115.63520752 213.12621490 -0.81292387
115.43780415 213.29632900 -0.81940993
115.24588559 213.52269223 -0.81728222
115.04536049 213.76905792 -0.80965104
114.83669902 214.03827263 -0.81708630
114.61923738 214.32941986 -0.81239885
114.41408119 214.63243184 -0.81527602
114.23568576 214.96811971 -0.82494018
114.07454038 215.30655680 -0.83055220
113.92646629 215.67626972 -0.83754800
113.78151783 216.06513501 -0.85994693
113.65314494 216.47070055 -0.88265884
113.54939137 216.89936994 -0.91825651
113.46072488 217.34896702 -0.94171330
113.40828086 217.82379349 -0.96601908
113.39120251 218.34616267 -0.97843500
113.40754327 218.88983462 -0.98600040
113.45995588 219.42484710 -1.00089500
113.54451021 219.97844983 -1.01973614
113.65966957 220.54786248 -1.04454985
113.81725458 221.13690365 -1.05580220
114.01216130 221.74256418 -1.06236082
114.24477379 222.36367155 -1.06765972
114.52134329 222.99587304 -1.07118750
114.81818548 223.62627388 -1.06376641
115.15242880 224.28229656 -1.05904603
115.50417851 224.93660325 -1.05155682
115.88555854 225.62725885 -1.04827436
116.26942156 226.31374942 -1.04686053
116.66233757 227.07383478 -1.04553331
117.06145126 227.80226197 -1.05371468
117.47594501 228.52788949 -1.05031794
117.91106185 229.27765546 -1.03796354
118.35125130 230.03623406 -1.02604323
118.81314158 230.84923246 -1.03512946
119.27808330 231.68798105 -1.04074279
119.75197243 232.50224270 -1.05058244
120.22527177 233.37072267 -1.05455191
120.70949157 234.24078912 -1.06018939
121.20203937 235.11942556 -1.05019546
121.69936098 236.04560738 -1.03900404
122.21696802 236.96811253 -1.04846409
122.73827559 237.89694588 -1.06980177
123.27711796 238.85683587 -1.09376273
123.81015673 239.85238664 -1.10472608
124.34836425 240.89841238 -1.09826363
124.89553467 241.92668278 -1.09254324
125.44256508 242.95687510 -1.08011192
125.99263272 243.98043732 -1.08143271
126.56049421 244.98315451 -1.09311456
127.13703256 246.02169715 -1.11447574
127.71497642 247.08978598 -1.13263536
128.29374054 248.15987170 -1.13055590
128.86808053 249.27434255 -1.12838562
129.45574795 250.38601733 -1.12611065
130.03385522 251.51443912 -1.13021148
130.61568693 252.61946357 -1.14464922
131.18237676 253.73570812 -1.16853134
131.74766620 254.81606787 -1.17448427
132.31511261 255.92679590 -1.18208079
132.87680243 257.06932721 -1.18894521
133.44057230 258.17497183 -1.20421573
134.00676733 259.28479446 -1.20624765
134.57711493 260.45372842 -1.21630297
135.15415622 261.53887819 -1.22968568
135.70804044 262.66314268 -1.24519273
136.27986213 263.76871912 -1.24431460
136.83882315 264.87007272 -1.27109727
137.40232942 265.95743431 -1.25909061
137.96929021 267.04707039 -1.26409418
138.52683556 268.14400974 -1.26443187
139.09201484 269.23138841 -1.26601105
139.65376410 270.32002647 -1.26876316
140.19510069 271.38862730 -1.27695054
140.74396719 272.48389233 -1.29162435
141.29469083 273.58706749 -1.30035243
141.82280962 274.66848001 -1.29721500
142.29400269 275.62129248 -1.33226632
142.69548842 276.72903384 -1.28466763
143.14786228 277.62923510 -1.30755649
143.54203415 278.85472009 -1.54243989
144.07430892 280.00604883 -1.57324593
144.56542829 280.95476441 -1.63928458
145.22268828 282.23131284 -1.71827212
145.62719608 283.37522943 -1.80354736
146.28121011 284.68437163 -1.82326189
146.86275703 285.95058321 -1.88657771
147.10052445 287.14009581 -1.96413541
147.83732953 288.44409658 -1.97278002
148.30402661 289.30148696 -2.00705137
148.87879791 290.58390529 -2.02118806
149.43262148 291.50607896 -1.98592214
149.92696794 292.84007232 -2.07941993
150.27223533 294.15083069 -2.19146203
150.90724533 295.33547186 -2.15719293
151.46910398 296.57883528 -2.14071455
151.98271975 297.62294111 -2.13358577
152.58132317 298.69715062 -2.08232100
153.12820834 299.68403469 -2.10630145
153.42495409 300.32457481 -2.21491448
154.24926806 301.34452434 -2.05019782
154.35202209 302.13966803 -2.09812475
154.89133671 303.31750877 -2.08511600
155.46349654 304.65843695 -2.21287317
156.09420640 306.01569886 -2.31463907
157.02340809 307.32042961 -2.35483439
157.44956478 307.91796696 -2.27063922
157.93076600 309.01166963 -2.24395126
158.48512311 310.79708745 -2.26285065
159.26920526 312.04353152 -2.26054807
159.77321911 313.05454099 -2.21564518
160.29711851 314.52107633 -2.14278979
160.57286842 315.68841334 -2.20696170
160.97133973 316.25438604 -2.22619736
161.40724249 316.89342089 -2.17214441
161.61426497 317.41136496 -2.19858987
162.14546796 318.50549988 -2.07894331
162.47543410 318.72575673 -2.20024439
163.09669783 319.79460828 -2.01175966
163.25408924 320.29916387 -2.06670558
163.45653135 320.92550709 -2.04924262
163.75310544 321.71383300 -1.92212967
164.23633893 322.23632985 -1.77735826
164.57629427 323.12254812 -1.46719186
164.82649891 324.09254509 -1.16454227
164.89812071 324.88520146 -0.98529244
164.88263467 325.16886966 -1.05382509
165.25490664 325.54300202 -0.78489206
165.46989784 326.10493064 -0.54147915
165.54844639 326.36811220 -0.58731111
165.62663047 326.79974998 -0.42463027
165.70809484 327.74072388 0.13587750
165.65186808 328.44977815 0.49558722
165.84678147 328.46994371 0.54030420
165.62440388 328.84553374 0.52795405
165.41056204 329.00257131 0.53601619
165.67360963 329.33201453 1.32481999
165.69405787 329.59204269 1.57521169
165.38237509 330.05822430 1.79432063
165.17250947 330.26479267 1.82289323
165.05235838 330.43122183 1.90438476
164.91556365 330.62547716 1.97235132
164.96637043 330.74949927 2.50920455
164.86688902 330.88445811 2.68638052
164.40359981 331.32646305 2.80697071
164.47608455 331.23858958 2.77631113
164.32979249 331.30364041 2.79503387
164.18522390 331.36138840 2.99611632
163.85235180 331.54368854 3.27170493
163.45440407 331.78830325 3.38620898
163.35333458 331.79439870 3.27717773
162.92936821 332.06005377 2.97458210
162.95425457 332.10073635 2.59678981
162.34997392 332.29558315 2.88416635
162.04755684 332.60094311 2.41265182
161.76254813 332.77349801 2.16128261
161.50530930 332.95001326 1.86020107
161.27458256 333.12482790 1.54665394
161.08920687 333.29809622 1.20993793
160.87278854 333.50720683 0.89170568
160.70563962 333.70803855 0.55857874
160.53407283 333.94723003 0.22795956
160.37559997 334.21652865 -0.13339155
160.23173945 334.46595602 -0.46867196
160.06523022 334.75266845 -0.77170520
159.93846046 335.06252166 -1.06279719
159.78933642 335.38118126 -1.32265290
159.63668830 335.70019115 -1.59037108
159.46459791 336.04117038 -1.85801685
159.31019810 336.36957994 -2.08550342
159.13802634 336.73088832 -2.31234015
158.94877492 337.10385046 -2.52088290
158.75191276 337.50258320 -2.71082860
158.51588534 337.92684562 -2.86396806
158.25701782 338.37158439 -3.00977634
157.95685145 338.82384573 -3.11807389
157.64336252 339.26778496 -3.20714440
157.21765210 339.78142364 -3.28351059
156.70127550 340.31654753 -3.35432928
156.09884463 340.86945288 -3.42855595
155.43844031 341.43709897 -3.51442876
154.78318097 342.00698124 -3.59968345
154.10920139 342.57398301 -3.67737830
153.41925559 343.14889711 -3.76354524
152.71242725 343.74172807 -3.83689210
151.97854996 344.32234859 -3.91014912
151.21378051 344.90940818 -3.99668891
150.44193067 345.49077989 -4.08704333
149.65272479 346.08072674 -4.18562594
148.86115500 346.66366035 -4.28451807
148.01832139 347.25245037 -4.38986800
147.16028891 347.84339932 -4.49266510
146.27652504 348.43400659 -4.60380249
145.37722414 349.02159604 -4.70090323
144.45165509 349.61089846 -4.79726519
143.50055354 350.20699594 -4.89605051
142.55434992 350.81385076 -4.99923134
141.58156541 351.41440220 -5.09696303
140.63289843 352.00574385 -5.19206676
139.66726969 352.60460011 -5.27689749
138.68280589 353.20299731 -5.36254096
137.69565678 353.80550308 -5.44539078
136.67357095 354.40899399 -5.53286807
135.66429282 355.01131494 -5.61954913
134.65062496 355.61113135 -5.70523637
133.59521047 356.21597865 -5.76036372
132.60708243 356.79456573 -5.78891519
131.64191465 357.37946335 -5.79419965
130.73083798 357.97328045 -5.78209352
129.80149480 358.51922390 -5.73718564
128.90513996 359.06544981 -5.66673023
128.00427876 359.60224415 -5.59181158
127.13737385 360.13408079 -5.49966487
126.25936347 360.67456671 -5.38972651
125.39633403 361.20515167 -5.27960790
124.54720483 361.68601084 -5.21398330
123.87430361 362.46641617 -5.53936810
123.03505940 362.94485504 -5.38860229
122.49522228 363.28048884 -4.98980282
121.69972351 363.70658564 -4.80994859
120.90340660 364.13537422 -4.59673531
120.10420037 364.54529180 -4.39908406
119.45221036 364.64375914 -4.23356878
118.65005236 364.74118834 -4.21276657
118.32710916 364.70942379 -4.10201254
117.66589511 364.86871844 -3.87280005
116.82609972 365.47128685 -3.43328168
115.93284194 365.88829201 -3.20513582
115.10957598 366.23716778 -3.00110283
114.29401761 366.60122919 -2.82025312
113.39948248 367.12906448 -2.56977605
112.94004743 367.40574982 -2.36804723
112.35250208 367.69562474 -1.97825942
111.64362572 367.96761219 -1.67794455
110.94477775 368.30500949 -1.38850286
110.14777606 368.90085992 -1.14033390
109.07482913 369.31048945 -0.92336252
107.97635957 370.02481709 -0.70423023
107.06680106 370.70668459 -0.56001334
106.16716334 371.27605586 -0.54890554
105.29366396 371.70457249 -0.57833163
104.31942867 372.18729117 -0.70906127
103.53120042 372.71552069 -0.73769472
102.63373635 373.15149034 -0.91507403
101.72351317 373.61305277 -1.15539729
100.93403334 374.27986027 -1.27214631
99.42598421 374.97373888 -1.54783523
98.32488143 375.49657541 -1.54946377
97.32361253 375.96546119 -1.57962047
96.24206105 376.46990443 -1.62169367
95.13725238 376.96141600 -1.63263030
94.04484569 377.45026280 -1.63419124
92.95132013 377.99272618 -1.65110045
91.75856068 378.56967007 -1.71370279
90.55015806 379.14725256 -1.76444827
89.32741083 379.72842262 -1.85095753
88.07355330 380.30076505 -1.89908999
86.79399026 380.91696688 -1.98493362
85.60273128 381.49685439 -2.02817491
84.33167711 382.07778894 -2.06491470
83.12380002 382.64415137 -2.10180329
81.96040931 383.18503044 -2.10741579
80.77740070 383.72150306 -2.14399410
79.62308672 384.24406955 -2.16165271
78.48407604 384.76728649 -2.14893414
77.33643176 385.30239473 -2.16359616
76.19265390 385.83936877 -2.15071775
75.04812198 386.34708689 -2.13769886
73.89506815 386.86214379 -2.13585777
72.73828016 387.39858998 -2.13094355
71.60448561 387.91313949 -2.10416456
70.48064887 388.41768285 -2.05265057
69.34888717 388.92343932 -1.99221944
68.21498912 389.42742644 -1.93258538
67.11211258 389.93432068 -1.84956969
65.99795324 390.44756847 -1.77762118
64.88163112 390.96783856 -1.70176883
63.74616958 391.47943450 -1.63747611
62.55173548 392.00281712 -1.58801876
61.41294566 392.48969588 -1.51165307
60.24734493 392.99683541 -1.44046681
59.12462876 393.49656779 -1.37540540
57.95689171 394.01933601 -1.32008861
56.88121713 394.52300278 -1.24592361
55.74229637 395.03399925 -1.20085822
54.62179687 395.53708073 -1.14564125
53.51504235 396.03891014 -1.09334700
52.40996145 396.52403418 -1.01589390
51.30606356 397.02578752 -0.96136860
50.22421386 397.51096107 -0.90435438
49.13518809 398.00940720 -0.84588131
48.06438466 398.50490845 -0.79010341
47.03175850 398.99111669 -0.72049752
45.97794388 399.48269217 -0.65235331
44.89807856 399.97702531 -0.61120630
43.84791884 400.44199086 -0.56306525
42.81925679 400.91093017 -0.51844649
41.78597249 401.38834122 -0.47813119
40.77352712 401.87083617 -0.44206624
39.74967845 402.34621544 -0.40939619
38.74076387 402.81920257 -0.37423878
37.72718859 403.30570200 -0.33740776
36.72458099 403.78572448 -0.29138018
35.72000092 404.26567742 -0.24835129
34.71871842 404.74413391 -0.21472539
33.70377570 405.21779461 -0.17743824
32.71234887 405.70366040 -0.12586280
31.70076685 406.19915142 -0.10116320
30.70011337 406.69669158 -0.07443909
29.71058162 407.19790351 -0.06177886
28.71623640 407.69207584 -0.04106514
27.73097458 408.20447971 -0.02027242
26.72903012 408.72967358 -0.01891064
25.74205625 409.24952571 0.00219732
24.74889077 409.77503029 0.01390652
23.74145455 410.30422200 0.01201424
22.73591379 410.83566918 0.01624688
21.76601708 411.34545213 0.04186875
20.77636633 411.86777701 0.04952611
19.77790800 412.40881144 0.05881078
18.76225343 412.95848401 0.05481171
17.74750156 413.49736521 0.04467546
16.74347886 414.04473679 0.04056052
15.76047117 414.58573615 0.03880316
14.77433940 415.14855039 0.04396636
13.77691066 415.70744178 0.03308018
12.78966344 416.27800900 0.02243140
11.79522074 416.84445839 0.01864475
10.79789166 417.41169381 0.00808108
9.80976523 417.98426823 -0.00113068
8.81838048 418.56720471 -0.01279028
7.83215366 419.15034748 -0.02532945
6.85686685 419.72275856 -0.03772540
5.87808133 420.30436860 -0.05396268
4.90577305 420.88987464 -0.05812780
3.94348390 421.47698807 -0.05777628
2.98670583 422.06165602 -0.06317413
2.03967500 422.64909933 -0.07414049
1.09068861 423.23736037 -0.07434760
0.14583643 423.83451841 -0.07761022
-0.78881115 424.41760994 -0.08522340
-1.71056015 425.00702131 -0.10207876
-2.60746561 425.59066212 -0.11570598
-3.48511652 426.17046521 -0.12759584
-4.36296665 426.75629197 -0.15604696
-5.21796956 427.33879338 -0.19132297
-6.03655818 427.91059628 -0.22308579
-6.84368309 428.48333211 -0.25257099
-7.65916783 429.05499382 -0.28290388
-8.44874952 429.62364917 -0.30648386
-9.21636542 430.18121763 -0.33076323
-9.97281098 430.72931428 -0.36431787
-10.70302878 431.25246441 -0.39733041
-11.42071661 431.77470289 -0.41346909
-12.10992364 432.30546350 -0.41428126
-12.77445915 432.81824506 -0.41076204
-13.43600246 433.30532384 -0.40909039
-14.07100580 433.77644586 -0.42009234
-14.68575367 434.24574915 -0.43709216
-15.27047016 434.71639468 -0.45065010
-15.83041656 435.16876788 -0.48650047
-16.36168737 435.60126840 -0.53089887
-16.86781291 436.03621887 -0.57024704
-17.33933497 436.47485535 -0.61179732
-17.79289282 436.91934992 -0.65577669
-18.22471124 437.35420555 -0.70909747
-18.64748696 437.76580791 -0.77288320
-19.05149384 438.16717388 -0.82570751
-19.44185820 438.56264375 -0.89389620
-19.82168160 438.95950527 -0.95876994
-20.16921482 439.33362464 -1.00138670
-20.52270827 439.70350190 -1.05519442
-20.86690001 440.06591383 -1.11564973
-21.17183677 440.38922733 -1.13998271
-21.50646036 440.73330506 -1.20324265
-21.77837293 440.99214230 -1.20691593
-22.06907576 441.28093353 -1.23703163
-22.35138319 441.56282846 -1.26578339
-22.61237312 441.80977696 -1.26782991
-22.88541860 442.05340071 -1.27340739
-23.15682104 442.28881102 -1.27132554
-23.45701467 442.55840037 -1.29212516
-23.75132667 442.81278560 -1.30225428
-24.05856850 443.08725978 -1.31444178
-24.36899393 443.34995389 -1.31932221
-24.66193094 443.57616852 -1.31481915
-24.94113060 443.77608491 -1.29712068
-25.23990658 443.99340546 -1.27197549
-25.54288101 444.19497622 -1.25170902
-25.86152589 444.40299278 -1.22549370
-26.18573710 444.63255147 -1.19789379
-26.51626149 444.85589027 -1.16706542
-26.85423783 445.08093931 -1.14300210
-27.17756053 445.29930119 -1.10949132
-27.51104671 445.51527361 -1.08394845
-27.83529724 445.74627232 -1.06543671
-28.16483648 445.97747116 -1.03191592
-28.48297018 446.21557507 -1.00958994
-28.79525647 446.45585723 -0.98922606
-29.09932920 446.69345668 -0.97394023
-29.40770722 446.94319773 -0.95565883
-29.71404844 447.19497208 -0.95297247
-30.02412740 447.43556244 -0.93946900
-30.30853367 447.69720884 -0.93481697
-30.57971862 447.95795632 -0.93569204
-30.83979650 448.21039945 -0.93931719
-31.08058149 448.44668367 -0.94493049
-31.31466528 448.68342490 -0.95812095
-31.53446718 448.90081971 -0.98427849
-31.74812348 449.11454141 -1.03230757
-31.95220871 449.34092743 -1.04793491
-32.14162018 449.56828445 -1.06024160
-32.34243874 449.77861187 -1.06762219
-32.54010930 449.99058815 -1.06886763
-32.75117761 450.19123550 -1.09180162
-32.95755331 450.38738302 -1.11317462
-33.16113311 450.60095037 -1.13868953
-33.37736781 450.80092015 -1.15463650
-33.60020506 451.00103228 -1.16172763
-33.83308200 451.21392290 -1.17063166
-34.08117133 451.41266944 -1.17490721
-34.33380385 451.59601685 -1.17129473
-34.61357032 451.78599900 -1.19903654
-34.89488259 451.97157167 -1.18952045
-35.18191631 452.14800380 -1.18081160
-35.48438223 452.31118525 -1.15368973
-35.80917128 452.43621917 -1.12974868
-36.15957903 452.57025330 -1.13537414
-36.52428857 452.65909749 -1.10505505
-36.91628345 452.71128790 -1.08658117
-37.30019977 452.75227935 -1.03692729
-37.70485373 452.77235809 -0.98024994
-38.12148468 452.75302106 -0.91399481
-38.55471675 452.70258142 -0.85011662
-39.00486438 452.62157025 -0.77144623
-39.43689266 452.51233450 -0.69469956
-39.89813451 452.36675362 -0.60914466
-40.33615732 452.19791729 -0.55295143
-40.81522320 451.97989151 -0.48108142
-41.31560598 451.71389568 -0.40791505
-41.81882344 451.41002133 -0.33920255
-42.32357757 451.05994419 -0.26812527
-42.87092928 450.66990834 -0.19510920
-43.40053925 450.24528558 -0.13723355
-43.93958651 449.78120307 -0.08509317
-44.48612346 449.28906392 -0.03893334
-45.01472224 448.77125759 -0.00698833
-45.54800548 448.21338066 0.03083906
-46.08489155 447.62112362 0.06886693
-46.62262016 446.98990914 0.10721237
-47.15110443 446.32668873 0.12495118
-47.68184107 445.61888406 0.13875264
-48.20942299 444.88338690 0.14481746
-48.74950874 444.10675808 0.13667484
-49.30400377 443.30073049 0.12178445
-49.84623937 442.47493864 0.11914687
-50.39556181 441.61897886 0.11947493
-50.97874801 440.72876953 0.10513342
-51.56187028 439.86482305 0.10585488
-52.17453172 438.96131448 0.10461216
-52.79185817 438.04525227 0.10673748
-53.42881901 437.11733066 0.09525819
-54.04696828 436.18495929 0.08017858
-54.66711859 435.26783968 0.07621323
-55.30553336 434.32910831 0.05681841
-55.94958452 433.37273458 0.03483569
-56.61204597 432.40068227 0.01167008
-57.26309509 431.42744084 -0.00448532
-57.91570063 430.43995748 -0.01391669
-58.57690247 429.42246395 -0.03184321
-59.23968972 428.39724748 -0.04459808
-59.92124580 427.38167828 -0.05520163
-60.60049679 426.37292007 -0.08703628
-61.28888080 425.33818792 -0.12573115
-61.95981529 424.28066662 -0.16203894
-62.63958375 423.23965609 -0.17004726
-63.29805135 422.20271166 -0.15632250
-63.97201223 421.13849223 -0.15400361
-64.62466525 420.10347642 -0.15260891
-65.26989296 419.08510227 -0.16321297
-65.91637644 418.06200925 -0.17477578
-66.56871715 417.03531862 -0.18077894
-67.18814686 416.02847772 -0.20586388
-67.81895880 415.00810729 -0.22382690
-68.44959382 413.98432834 -0.23686607
-69.08164358 412.95543133 -0.24571235
-69.69110236 411.94802927 -0.25855016
-70.27811309 410.96221214 -0.28707673
-70.86630316 409.96872186 -0.32072552
-71.44129608 408.96489670 -0.35044528
-72.02140412 407.91021713 -0.36421408
-72.60865345 406.88140614 -0.38737138
-73.19892321 405.84148931 -0.41735749
-73.77993502 404.81712750 -0.44358504
-74.34436711 403.79281288 -0.47131542
-74.87706519 402.79562074 -0.50159363
-75.47561058 401.76944832 -0.52982246
-76.05536426 400.72078296 -0.56895777
-76.63040998 399.68125989 -0.58234823
-77.19839846 398.65948992 -0.58963855
-77.77880641 397.62916346 -0.60296826
-78.32186330 396.61854051 -0.60287875
-78.86628934 395.60211443 -0.60082167
-79.43627434 394.56060258 -0.60218015
-80.01271488 393.52071816 -0.58792659
-80.57939543 392.47919980 -0.59295063
-81.13684773 391.45384223 -0.60202961
-81.68134388 390.41562922 -0.59457535
-82.22065391 389.39824254 -0.59691098
-82.75451598 388.36506855 -0.59221689
-83.28108107 387.33313157 -0.58792212
-83.81861715 386.29477026 -0.54794196
-84.36079252 385.23542206 -0.54102461
-84.90909917 384.15507746 -0.52184944
-85.43681050 383.10573407 -0.51515288
-85.97371961 382.03511350 -0.50950912
-86.50534329 380.94394874 -0.51521406
-87.02751184 379.87671651 -0.51165928
-87.54576959 378.80137531 -0.50830338
-88.04811377 377.71468073 -0.53364964
-88.54798166 376.63770043 -0.54812799
-89.05196798 375.54976314 -0.55495641
-89.56295394 374.42519372 -0.56940327
-90.05306024 373.28664439 -0.58254770
-90.54270726 372.14248157 -0.60037620
-91.03200725 370.97547265 -0.62341108
-91.51684475 369.80290721 -0.64012543
-91.98745777 368.61701628 -0.65142543
-92.43652021 367.46957237 -0.66177597
-92.86619896 366.33947964 -0.66889321
-93.30680774 365.17287936 -0.67213362
-93.73069232 364.02120311 -0.66647282
-94.15193502 362.84540186 -0.66157511
-94.55375230 361.67731464 -0.65294349
-94.92198891 360.52442953 -0.64309869
-95.28433034 359.35948702 -0.63796180
-95.65254315 358.19362682 -0.62510549
-96.00532754 356.99746524 -0.61286022
-96.35788356 355.80171360 -0.61994800
-96.69700668 354.60414300 -0.60132478
-97.03094426 353.39322304 -0.58732496
-97.35576203 352.19689973 -0.56899462
-97.66206626 350.98025893 -0.57377268
-97.97470677 349.74872230 -0.57695313
-98.26764545 348.53179745 -0.58269684
-98.54170628 347.34611339 -0.57745656
-98.82284586 346.15368984 -0.59153834
-99.08607748 344.96460111 -0.59428390
-99.33392159 343.74534981 -0.58974153
-99.57681981 342.55786835 -0.58600924
-99.82003799 341.35473908 -0.58962291
-100.06003063 340.12537914 -0.59155974
-100.29146628 338.90903870 -0.58887879
-100.51067314 337.70886071 -0.59797211
-100.73238769 336.50075293 -0.61052154
-100.94470528 335.28175842 -0.63513239
-101.14218435 334.07186229 -0.65632312
-101.34870543 332.84863516 -0.67705491
-101.54131326 331.63360757 -0.71040506
-101.73539741 330.40869413 -0.73404126
-101.92181373 329.20456870 -0.76601430
-102.11772312 327.95498695 -0.79991540
-102.31602865 326.72586399 -0.83414123
-102.49858891 325.54182909 -0.87329667
-102.67358088 324.35004887 -0.91562793
-102.84221872 323.15101475 -0.95960118
-103.01579573 321.93566284 -0.99812277
-103.17531141 320.74532614 -1.04599384
-103.34772022 319.53329535 -1.07959780
-103.53012156 318.30619002 -1.10626632
-103.70541145 317.11340326 -1.13969825
-103.88931754 315.87946781 -1.16523229
-104.06729278 314.63308492 -1.20715477
-104.25248905 313.38210925 -1.22761778
-104.44681567 312.13696272 -1.21532240
-104.65241105 310.88613408 -1.20599203
-104.82139936 309.64322919 -1.19964127
-104.99446746 308.42218933 -1.18571650
-105.16657056 307.20583219 -1.17309147
-105.32752136 305.97650340 -1.17010625
-105.49825518 304.81319195 -1.17986602
-105.66514152 303.58275119 -1.16670014
-105.84200064 302.36920511 -1.14074290
-106.01825122 301.09387980 -1.12063931
-106.18506696 299.84942926 -1.09232107
-106.34984467 298.62655919 -1.06238453
-106.50320282 297.38566350 -1.03254666
-106.64680861 296.14344978 -0.99007200
-106.79982941 294.89772300 -0.94747199
-106.96326524 293.66735450 -0.91495572
-107.14071119 292.39034785 -0.87062597
-107.28344344 291.17690596 -0.82663819
-107.42319947 289.98496880 -0.78941332
-107.55016529 288.78533539 -0.75422170
-107.68153418 287.57383783 -0.72863987
-107.79315046 286.37365953 -0.68884391
-107.91148456 285.17083602 -0.66377625
-108.02253346 283.96572584 -0.62923036
-108.13334187 282.75106078 -0.59994392
-108.24264352 281.54950378 -0.55614074
-108.34518321 280.37877030 -0.51481995
-108.46248088 279.19585987 -0.46692471
-108.55801166 278.00153341 -0.41675784
-108.65507107 276.79943768 -0.36733893
-108.74653935 275.57163857 -0.30373627
-108.82035526 274.39126218 -0.27555224
-108.91225592 273.18704971 -0.23791494
-108.98404969 271.96571291 -0.19645413
-109.06718438 270.76724810 -0.14465248
-109.14127009 269.55601519 -0.08122318
-109.20289351 268.33592483 -0.02407730
-109.25606708 267.12033087 0.04047987
-109.30022382 265.87842999 0.10124133
-109.34113871 264.68925448 0.16606174
-109.36203784 263.51737844 0.21360951
-109.38597497 262.24682184 0.27548091
-109.39201343 261.05710378 0.30466047
-109.39509538 259.83781813 0.35128770
-109.40518411 258.63729757 0.37612926
-109.39920814 257.44660992 0.41600614
-109.38430447 256.21699066 0.44595480
-109.36692348 254.91852534 0.51165213
-109.34153613 253.74131607 0.51899943
-109.30755167 252.48096935 0.58607844
-109.27342695 251.21900258 0.64168393
-109.21218157 249.98580231 0.71326086
-109.13848658 248.74420885 0.77731797
-109.05906596 247.56542837 0.82288391
-108.97513355 246.32068328 0.86806924
-108.88062518 245.05104126 0.92715129
-108.78736102 243.83547572 0.98568259
-108.69019804 242.62156838 1.02644244
-108.58431565 241.44146829 1.06592503
-108.47444974 240.26195514 1.09949036
-108.34994016 239.07144396 1.13132937
-108.20135798 237.90623696 1.16030209
-108.07042497 236.72391155 1.18163184
-107.91824657 235.53253579 1.19769455
-107.75815594 234.34700416 1.23050801
-107.59350996 233.17763273 1.25592227
-107.41807590 231.97165405 1.26851172
-107.23154482 230.78490364 1.27884775
-107.04436347 229.59862924 1.28630163
-106.83660450 228.38529894 1.28946423
-106.62112715 227.21996307 1.29729079
-106.40333262 226.02334096 1.30051447
-106.18886136 224.82322432 1.27918213
-105.96008176 223.61361850 1.25916969
-105.72226260 222.41566056 1.25708274
-105.48104828 221.18233085 1.24277582
-105.23547339 219.95573119 1.23760159
-104.96177906 218.73532039 1.23343824
-104.69117029 217.53802895 1.21193713
-104.42001886 216.31676966 1.19408557
-104.14671881 215.05672723 1.17811733
-103.86948583 213.83356890 1.15380716
-103.59054633 212.55247422 1.12144120
-103.31684108 211.24620680 1.07748610
-103.02450725 209.91804028 1.02938113
-102.73106424 208.67900854 0.98705196
-102.42931489 207.35171003 0.92442266
-102.11999650 206.01581330 0.87476621
-101.81692061 204.71365889 0.82172913
-101.49461389 203.46500009 0.78300680
-101.14789307 202.18722935 0.75683203
-100.80986081 200.93743366 0.72775081
-100.46973743 199.69132346 0.69222320
-100.12486383 198.47808200 0.65735484
-99.78108303 197.27279857 0.62328882
-99.43397755 196.00779417 0.59823590
-99.07794927 194.74886002 0.56654005
-98.70884088 193.47229618 0.53475900
-98.34090716 192.23115590 0.49275726
-97.98049435 190.99501220 0.45809614
-97.62264919 189.76211758 0.42337563
-97.27665832 188.52030315 0.35385076
-96.91927377 187.27058516 0.31775200
-96.55971895 186.01429672 0.27102289
-96.17928252 184.81171629 0.25733607
-95.79456805 183.55656442 0.21211150
-95.38014240 182.29649648 0.17122133
-94.96334767 181.07665441 0.16032804
-94.54844877 179.81274606 0.14224809
-94.14067151 178.59041587 0.13710188
-93.73273706 177.29198518 0.10120894
-93.31417763 176.02745704 0.08939646
-92.90457220 174.74735715 0.06173978
-92.50149482 173.47896344 0.04005742
-92.10827506 172.16344906 0.02265794
-91.72219394 170.85190462 -0.01067314
-91.32630134 169.57112758 0.00299719
-90.93482304 168.30450979 0.02993016
-90.54250518 167.01504124 0.05512761
-90.14028547 165.70117594 0.05595909
-89.73614830 164.44536340 0.07521717
-89.32074196 163.16428929 0.10518037
-88.91628303 161.89756895 0.14385534
-88.51807616 160.63607931 0.17861256
-88.11991257 159.38885557 0.20070932
-87.72202441 158.13740501 0.23882452
-87.32991669 156.89175625 0.26960556
-86.93727069 155.63286020 0.30891713
-86.52835109 154.37877194 0.35172307
-86.12884121 153.14141169 0.38393920
-85.72276507 151.89186501 0.42836932
-85.31514310 150.64261599 0.46288926
-84.89818356 149.39945749 0.51136171
-84.49310356 148.15159253 0.56441645
-84.08562012 146.91679365 0.60801709
-83.68191371 145.65060329 0.64067477
-83.28709057 144.39837111 0.68711691
-82.89528380 143.15169432 0.72373230
-82.47594626 141.90802280 0.76506857
-82.07883747 140.67143818 0.80741070
-81.69163666 139.39542886 0.83736234
-81.30325866 138.12201402 0.88689868
-80.89488273 136.83948013 0.92883865
-80.50601034 135.58703842 0.96858242
-80.10915927 134.33686139 1.01112951
-79.71490236 133.07128885 1.04947181
-79.32104972 131.79091820 1.09190297
-78.91919976 130.49746020 1.12684781
-78.48319066 129.19186526 1.18853846
-78.09990929 127.93758244 1.21863729
-77.70259870 126.68898474 1.24330695
-77.31572468 125.44733316 1.26463479
-76.91650698 124.18268630 1.29433378
-76.52122508 122.92920458 1.31114242
-76.12158302 121.66650908 1.34942961
-75.74116422 120.40394700 1.36474815
-75.34771755 119.13805716 1.39025750
-74.97596554 117.87543625 1.41329641
-74.62943927 116.62824989 1.41376147
-74.26030850 115.38301041 1.43258399
-73.88416546 114.13861243 1.45043640
-73.50167918 112.88144940 1.46148490
-73.13267992 111.64524785 1.47420424
-72.74045895 110.38851213 1.49737553
-72.35356295 109.12460845 1.53087507
-71.98585981 107.87640148 1.54308023
-71.58212561 106.59843999 1.57470837
-71.19277558 105.33515036 1.57988608
-70.78903249 104.08285182 1.59318975
-70.40092214 102.83922575 1.60490017
-70.00853529 101.56588723 1.60239037
-69.64380767 100.32278289 1.61311883
-69.25968880 99.05526740 1.60919678
-68.86630555 97.73683833 1.63242449
-68.47664018 96.43076629 1.65547030
-68.09244931 95.16162519 1.66291367
-67.71273769 93.89352489 1.66737510
-67.32674392 92.63177895 1.66711092
-66.94118047 91.36331016 1.67019770
-66.56248485 90.08231817 1.69119207
-66.18906054 88.78832724 1.70585225
-65.80790192 87.46384471 1.70028487
-65.42609821 86.17910882 1.69807962
-65.03152506 84.86168272 1.69800371
-64.64684174 83.58105470 1.69907247
-64.26754780 82.28178843 1.70549388
-63.86722956 80.98915052 1.71557395
-63.47120660 79.72101964 1.70781340
-63.07303137 78.46104681 1.69887518
-62.67546230 77.17298913 1.69793357
-62.27585641 75.84842848 1.69347201
-61.86412200 74.54725356 1.69686122
-61.44707528 73.27217571 1.69507561
-61.03228480 72.00051580 1.69196272
-60.63049343 70.72950112 1.68074257
-60.21165225 69.44988480 1.67035614
-59.80801534 68.16761497 1.65289284
-59.42925884 66.82499956 1.60104610
-58.99936898 65.50669059 1.57185111
-58.75875710 64.51900995 1.63531757
-58.24356036 63.16975603 1.60246421
-58.12833231 62.74513401 1.64872475
-58.56475873 62.24426312 1.70891128
-58.35036360 61.23485603 1.63720889
-57.45423826 59.92856129 1.44962377
-56.92780417 58.80146097 1.30306834
-56.68570719 57.71385055 1.25497371
-56.13618172 56.28497901 1.08278036
-55.70223460 54.90106317 0.92898083
-54.76112098 53.76520395 0.63004792
-54.30823561 52.79219081 0.32528681
-53.80894626 51.43013199 0.16145416
-53.43802615 50.31696330 -0.01064299
-53.20385002 49.03845290 -0.39631850
-52.92040195 48.29069846 -0.51385017
-53.25750681 47.49148352 -0.74476689
-53.19254953 46.34003885 -1.07011927
-53.31862521 46.17738719 -1.30580146
-52.95036966 45.13529215 -1.48458758
-52.52705634 43.47263559 -1.83525995
-52.23927941 42.09001284 -2.19725447
-51.41362011 40.38175508 -2.58008432
-50.59777652 38.82862372 -3.11954976
-50.08258648 37.61178600 -3.44594370
-49.56273397 36.34929517 -3.81194400
-48.91159230 34.99526837 -4.35665661
-48.38744797 33.86670584 -4.68683814
-47.91515843 32.69513178 -5.03265505
-47.66374185 31.82600060 -5.22757327
-47.51937079 31.04670396 -5.51761506
-47.14676055 30.13309329 -5.74623447
-46.50013358 29.05166540 -6.04001196
-46.09007590 27.33206895 -6.37980582
-45.65466682 25.91859665 -6.69383646
-45.24163503 24.46858856 -7.08603560
-44.33018145 22.66201133 -7.51313405
-43.99813219 21.73677980 -7.74717734
-44.07608698 21.40938725 -7.91215667
-44.16550621 21.39113718 -8.12443450
-43.35340143 19.93405076 -8.53089458
-43.35646952 20.35053130 -8.74332630
-43.38458681 20.59494421 -9.27129921
-42.70920159 19.86171017 -9.67590712
-42.71709266 19.88582193 -9.75708338
-42.56590055 19.59170010 -9.92380633
-43.46016189 19.75338146 -9.67199922
-42.59200129 18.64792583 -10.03173445
-42.44352063 18.24697639 -10.11172096
-41.53028852 17.01237119 -10.48418084
-41.65643213 16.66683220 -10.48528090
-41.42014201 16.27208170 -10.58259163
-41.10565302 15.63568460 -10.67304408
-40.93352665 15.55842487 -10.76409033
-40.60986111 14.48861342 -10.67412334
-40.61265175 14.44448903 -10.66594990
-40.15744117 14.08419451 -10.81512161
-39.87037359 13.53647210 -10.72510804
-40.13497011 13.34866482 -10.72277096
-39.74899423 13.06806965 -10.94900710
-39.21982029 12.48776962 -11.06748377
-38.44732767 11.33968396 -11.07811179
-37.62398172 10.29008959 -11.15318136
-37.37988753 9.65814046 -10.85559190
-36.46178572 8.66503420 -11.00642861
-36.05013906 8.37736339 -11.22157298
-35.28613851 7.52262711 -11.20993774
-35.20318348 7.39015223 -10.94600191
-35.00438005 7.05427310 -10.62219675
-34.54405728 6.33886676 -10.28537954
-33.80778093 5.46612210 -10.13063695
-33.16842257 4.61912575 -9.79391341
-32.68496773 4.08500671 -9.49721000
-32.18728917 3.56931899 -9.18614216
-31.66776569 3.09151320 -8.81065194
-31.15070304 2.61808365 -8.46202423
-30.61444248 2.18128730 -8.12925237
-30.11138496 1.79517665 -7.73934027
-29.60055481 1.43684609 -7.33639774
-29.07714169 1.09976185 -6.92200217
-28.54186996 0.78920453 -6.51925907
-27.98351714 0.49225706 -6.10934428
-27.42321524 0.22523711 -5.71403984
-26.84028957 -0.03125180 -5.28434569
-26.21387438 -0.29083104 -4.87894031
-25.58242983 -0.54351889 -4.48290153
-24.97873321 -0.74395681 -4.10657642
-24.35987057 -0.92800254 -3.73677149
-23.72180036 -1.10821038 -3.38097602
-23.08839118 -1.26726895 -3.05698792
-22.43848122 -1.40169038 -2.70387685
-21.79289989 -1.53151707 -2.36794898
-21.13157449 -1.65859592 -2.03416471
-20.50012524 -1.76491354 -1.74080720
-19.87400394 -1.85139549 -1.46624271
-19.24741188 -1.93387014 -1.23373908
-18.61676302 -1.99499668 -0.99721427
-17.98557168 -2.05004583 -0.78375284
-17.35862862 -2.10663712 -0.58221297
-16.71923539 -2.16091947 -0.39375489
-16.13123093 -2.18073181 -0.22602169
-15.55308876 -2.17067017 -0.05895906
-14.98669220 -2.18764055 0.06046977
-14.41933342 -2.20299826 0.16923857
-13.87450055 -2.20829843 0.27285924
-13.37325603 -2.22250829 0.32198252
-12.90007358 -2.20144813 0.38439965
-12.43427515 -2.19852370 0.42434190
-12.01217899 -2.16764602 0.46149605
-11.59337148 -2.15037668 0.47226329
-11.16812029 -2.11914017 0.50472295
-10.78645289 -2.13593113 0.48116235
-10.43020146 -2.15212319 0.45363904
-10.08728511 -2.14178378 0.43905663
-9.74279995 -2.12602808 0.42063350
-9.41775638 -2.11608383 0.38573318
-9.09933781 -2.09586752 0.35622850
-8.80958879 -2.09917638 0.30842476
-8.52340202 -2.08954503 0.26613418
-8.23306959 -2.06232153 0.22475121
-7.94444835 -2.04646747 0.17050906
-7.64974581 -2.02415871 0.11878090
-7.32892852 -1.97672885 0.08678516
-7.01695747 -1.93763336 0.06821204
-6.70763447 -1.88494185 0.07477007
-6.39476212 -1.82061380 0.10229604
-6.06097013 -1.74195385 0.10892534
-5.71663025 -1.66448910 0.13541543
-5.43176038 -1.55681193 0.18829339
-5.06671179 -1.41412036 0.22995121
-4.69270777 -1.27642020 0.25855120
-4.32143429 -1.15143268 0.26391958
-3.91423327 -0.99388461 0.25734520
-3.65125182 -0.74643236 0.26777591
-3.30505600 -0.37783399 0.33596924
-3.13124102 -0.23620255 0.27280082
-2.81327121 -0.11743532 0.21051331
-2.34593474 0.04018114 0.17905880
-1.98379444 0.65612257 0.31634632
-1.55395756 1.30828877 0.39950642
-0.95290608 1.91425559 0.57757425
-0.16886820 2.26810228 0.70439901
0.49843852 2.80195710 0.80701570
0.59050560 3.17313290 0.75722104
1.22956019 3.27155168 0.71874552
1.47397933 4.04398857 0.83469485
1.53837938 4.19501381 0.81039370
1.88160634 4.55946996 0.79111697
2.26311458 4.98492490 0.80950699
2.50079419 5.61763328 0.90951465
2.67715582 6.17521770 0.94487008
3.29099821 7.08098117 1.07336557
3.70461881 7.94437742 1.21029598
4.05698003 8.57708557 1.29957640
4.39289763 9.22058095 1.39217830
4.68983847 10.07954291 1.49763355
5.02822989 10.81366136 1.61265606
5.32584384 11.67255325 1.73895930
5.73597298 12.45018764 1.85710454
6.15047073 13.25790985 1.97179741
6.56468500 14.04080447 2.02899052
6.99859273 14.85853046 2.09085975
7.44387961 15.67392006 2.13716200
7.89285132 16.54708233 2.17416120
8.34461656 17.43017060 2.20671714
8.81510504 18.35011203 2.22653405
9.28533796 19.23782160 2.22799720
9.75926541 20.14198369 2.23436887
10.25321948 21.07774987 2.22826088
10.75188974 22.03329233 2.22284719
11.22876373 22.95467840 2.21145234
11.69924031 23.86117857 2.18976828
12.17308840 24.79496435 2.14300921
12.66230358 25.72746361 2.10729848
13.16480578 26.68599912 2.07491055
13.66494291 27.66754303 2.04333022
14.16724375 28.62887280 1.99897698
14.66703135 29.55416260 1.95141969
15.15656082 30.49516417 1.88315726
15.65702040 31.47078372 1.82458200
16.16236397 32.42573668 1.75842118
16.65598032 33.42795308 1.69821075
17.17088807 34.42836166 1.63343957
17.69949420 35.41056754 1.55478487
18.23472351 36.45153265 1.48423001
18.78485051 37.45760063 1.38258322
19.33283981 38.45775424 1.29470242
19.86405525 39.46902192 1.22581558
20.39656474 40.48067361 1.18388301
20.92533419 41.49575528 1.16209538
21.45573616 42.50540911 1.12390293
21.98324391 43.53163067 1.07906250
22.52988441 44.53442721 1.04361392
23.06933954 45.54904902 1.01079566
23.62185697 46.56179353 0.98950599
24.17101137 47.58094478 0.97204528
24.72841356 48.59885067 0.95317532
25.27845300 49.63667313 0.93376550
25.83981259 50.69886039 0.91852962
26.39668979 51.74800030 0.91060255
26.95389670 52.79916588 0.88012211
27.49877243 53.87727927 0.84269283
28.05691301 54.93324242 0.80139025
28.61384347 56.01719727 0.77463355
29.16638983 57.06072384 0.76391104
29.71371879 58.13093440 0.75206492
30.26963001 59.19755746 0.74209542
30.82406490 60.25876335 0.73415086
31.38299437 61.32244617 0.71240964
31.93526663 62.36991905 0.69392093
32.49345507 63.42798072 0.68451982
33.04903848 64.47449286 0.66251466
33.60503011 65.52585135 0.63313712
34.16018712 66.56866110 0.61780574
34.72101931 67.61025729 0.62202816
35.26943787 68.65550892 0.63060632
35.81183590 69.69977490 0.63136130
36.35481082 70.73389770 0.64662358
36.90889012 71.76252097 0.65366480
37.44767463 72.79710838 0.63858721
37.97394616 73.82346585 0.63041159
38.49746555 74.84446510 0.60720113
39.02242627 75.85142116 0.56830209
39.57029487 76.86224249 0.51643948
40.10088842 77.86490547 0.47335919
40.61877071 78.87143625 0.46709198
41.15153767 79.88547195 0.45850624
41.68505923 80.92601037 0.46243259
42.22027514 81.95152445 0.46100087
42.75856609 82.95637157 0.44391303
43.30303141 83.94718402 0.42670802
43.84591330 84.95207926 0.40485238
44.38454753 85.95328057 0.39784173
44.92696331 86.96872715 0.37944172
45.46703492 87.97084397 0.37291532
46.02801070 88.97979286 0.36433026
