0.19287953 -0.00835700 -0.35544043
0.32263052 0.31165788 -0.46055116
0.46808735 0.67310078 -0.54181844
0.63106855 1.07530998 -0.60157743
0.81299399 1.51734772 -0.64205804
1.01491675 1.99806129 -0.66538425
1.23756317 2.51612976 -0.67358186
1.48135047 3.07010235 -0.66859539
1.74641979 3.65843569 -0.65229070
2.03266860 4.27953262 -0.62647195
2.33975926 4.93176733 -0.59289057
2.66715254 5.61351343 -0.55326078
3.01412636 6.32316573 -0.50926853
3.37978887 7.05915447 -0.46258204
3.76310548 7.81996317 -0.41486227
4.16291115 8.60414355 -0.36776805
4.57768583 9.41020914 -0.32453416
5.00608673 10.23680356 -0.28683574
5.44745246 11.08270685 -0.25266432
5.90091636 11.94679513 -0.21959765
6.36521101 12.82744808 -0.18535738
6.83918061 13.72106664 -0.15105067
7.32096112 14.62668486 -0.11919110
7.80811782 15.54411273 -0.09042345
8.29958057 16.47122971 -0.06514728
8.79540276 17.40754256 -0.04165118
9.29489519 18.35363510 -0.01715068
9.79717295 19.30844416 0.00745783
10.30216207 20.26828588 0.02947641
10.80985323 21.23110520 0.04797215
11.32002064 22.19683196 0.06246618
11.83200628 23.16569445 0.07298143
12.34548332 24.13647999 0.08165239
12.86110188 25.10725217 0.09359160
13.37881385 26.07722451 0.11223912
13.89753975 27.04575964 0.13452071
14.41578694 28.01097084 0.15527592
14.93253181 28.97273191 0.17009849
15.44696891 29.93577570 0.17918751
15.96006958 30.89964492 0.18880999
16.47279133 31.86160083 0.20285234
16.98405196 32.82443156 0.21998994
17.49251635 33.78847263 0.23555962
17.99698288 34.74908803 0.24808745
18.49638065 35.70576326 0.25808590
18.99014214 36.66037065 0.26523823
19.47896000 37.61278791 0.26945325
19.96258508 38.55918393 0.27137677
20.43974906 39.49871731 0.26922078
20.91103359 40.43254434 0.26567264
21.37880931 41.35690507 0.26592785
21.84320019 42.27284379 0.26780837
22.30128202 43.18289758 0.27007063
22.75219131 44.08661039 0.26832673
23.19771083 44.98234970 0.26439921
23.63944034 45.86938525 0.26616047
24.07834688 46.74770493 0.27377430
24.51343247 47.61763266 0.28200470
24.94375857 48.47994100 0.28759618
25.37037139 49.33358011 0.29072070
25.79437213 50.17879601 0.29240059
26.21703985 51.01605381 0.29647967
26.63977588 51.84323406 0.30285372
27.06042500 52.66300773 0.30550680
27.47686939 53.47802877 0.30246617
27.88805556 54.28611065 0.29385186
28.29319895 55.08578608 0.28200337
28.69314949 55.87696089 0.27371333
29.08710808 56.65894022 0.27333825
29.47300517 57.42960252 0.27901168
29.85007388 58.18793671 0.28420494
30.21928366 58.93467051 0.28731546
30.58149003 59.66958516 0.29156158
30.93722246 60.39243534 0.29704057
31.28635151 61.10397387 0.30078335
31.62876455 61.80552168 0.30272949
31.96508082 62.49694665 0.30503670
32.29517184 63.17657370 0.30731266
32.61695499 63.84359111 0.30698065
32.92831341 64.49748284 0.30373395
33.23048805 65.13709065 0.29958215
33.52404119 65.76336663 0.29614788
33.80845553 66.37764925 0.29780919
34.08427883 66.97715247 0.30930251
34.35099815 67.56020748 0.32347003
34.60899710 68.12780376 0.33248626
34.86022408 68.68029638 0.33791723
35.10586256 69.22034703 0.34313672
35.34618927 69.75115837 0.35258756
35.58273875 70.27095557 0.36575798
35.81928791 70.77405189 0.37983287
36.05705094 71.26025391 0.39615278
36.29395190 71.73483906 0.41186087
36.52905569 72.20035608 0.42188399
36.76467871 72.65465734 0.42828083
37.00463355 73.09202196 0.43345556
37.25022733 73.50929910 0.43852513
37.50168861 73.90783924 0.44468256
37.76060809 74.29033968 0.45060604
38.02922039 74.65714992 0.45454249
38.30867855 75.00739776 0.45514437
38.59929219 75.33958251 0.45284660
38.90069047 75.65120744 0.44964922
39.21186725 75.94103603 0.44585446
39.53213977 76.20769261 0.44037081
39.86124135 76.44985365 0.43261396
40.19849311 76.66692053 0.42179465
40.54262797 76.85811877 0.40989132
40.89254745 77.02291365 0.40052948
41.24860726 77.16201559 0.39414680
41.61120297 77.27702324 0.38828858
41.97911391 77.36888283 0.38042391
42.35017030 77.43727006 0.37057514
42.72283508 77.48124961 0.36021445
43.09655606 77.50311180 0.35081272
43.47224790 77.50869539 0.34241438
43.84915781 77.49950056 0.33394309
44.22372933 77.47177903 0.32489035
44.59492716 77.42305401 0.31665688
44.96431703 77.35622467 0.30982240
45.33756345 77.27920651 0.30192536
45.72019393 77.19795184 0.29205766
46.11161772 77.10995231 0.28362036
46.50699683 77.00745776 0.27846893
46.90422767 76.88827373 0.27451909
47.30504961 76.75428870 0.26603084
47.71256585 76.60908238 0.24747086
48.13239839 76.45590222 0.22762604
48.56528118 76.29239211 0.22138168
49.00816766 76.11617915 0.22679877
49.45960531 75.92736476 0.23307567
49.91935901 75.72563348 0.23574330
50.38841719 75.51089993 0.23492030
50.86871529 75.28382724 0.23210842
51.36160125 75.04423263 0.22858278
51.86745374 74.79194673 0.22437678
52.38753951 74.52751356 0.21891376
52.92164612 74.25016030 0.21336944
53.46766378 73.95878725 0.20913452
54.02604553 73.65497462 0.20569324
54.59823747 73.34038976 0.20242716
55.18269465 73.01451809 0.19897516
55.77834449 72.67676854 0.19509394
56.38695281 72.32856256 0.19069094
57.01028219 71.97176224 0.18551202
57.64802031 71.60630479 0.18039533
58.30049266 71.23215555 0.17630297
58.96850027 70.85052297 0.17242511
59.65154058 70.46229563 0.16840516
60.34861091 70.06899019 0.16321388
61.05752216 69.67221683 0.15661271
61.77552472 69.27279389 0.15005693
62.50193834 68.87304892 0.14222810
63.23632427 68.47345671 0.13458300
63.97502227 68.07262125 0.13184629
64.71495468 67.67075528 0.13717401
65.45506580 67.26926687 0.14678892
66.19532801 66.86895884 0.15662621
66.93586755 66.46986387 0.16663969
67.67627167 66.07268558 0.17589361
68.41672316 65.67758613 0.18403587
69.15674839 65.28417257 0.19175991
69.89538137 64.89195666 0.20058591
70.63119366 64.49931503 0.21090057
71.36280797 64.10503935 0.22203641
72.08894326 63.70973751 0.23252193
72.80859077 63.31296616 0.24063150
73.52084434 62.91360715 0.24585841
74.22426848 62.51109312 0.24984531
74.91883761 62.10477088 0.25579690
75.60443100 61.69484665 0.26313752
76.27991626 61.28178287 0.26923591
76.94509786 60.86600703 0.27426973
77.59980517 60.44764480 0.27874112
78.24355985 60.02687680 0.28248653
78.87532656 59.60414583 0.28584376
79.49429651 59.18050996 0.29004344
80.10104535 58.75739031 0.29512856
80.69533033 58.33499846 0.30030530
81.27703364 57.91352931 0.30574392
81.84634258 57.49325555 0.31168498
82.40324466 57.07527383 0.31794814
82.94820799 56.66182744 0.32335558
83.48194118 56.25542745 0.32698433
84.00469437 55.85787488 0.32926361
84.51523336 55.46992792 0.33072583
85.01229913 55.09257692 0.33180300
85.49644650 54.72798667 0.33280702
85.96836185 54.37802905 0.33380589
86.42728389 54.04390767 0.33482146
86.87318244 53.72754554 0.33687413
87.30721982 53.43089991 0.33935358
87.73123718 53.15254409 0.34059160
88.14912896 52.88895160 0.34075876
88.56565740 52.63832392 0.34174705
88.98269444 52.39968015 0.34413188
89.40064802 52.17364976 0.34766584
89.82079489 51.96264533 0.35318678
90.24436748 51.76928312 0.36095678
90.67211419 51.59545101 0.36933747
91.10371811 51.44271611 0.37597603
91.53849503 51.31276142 0.38007377
91.97482238 51.20558682 0.38240255
92.41112610 51.12172262 0.38377867
92.84793861 51.06509028 0.38407276
93.28628753 51.03865947 0.38331041
93.72597330 51.04382756 0.38229047
94.16519700 51.08010098 0.38276199
94.60203175 51.14490827 0.38658940
95.03555390 51.23799561 0.39519421
95.46447061 51.36149938 0.40695015
95.88765583 51.51601381 0.41892942
96.30492906 51.70125171 0.42924393
96.71619355 51.91648576 0.43837425
97.12096243 52.15984924 0.44613036
97.51880697 52.43135217 0.45132603
97.90929071 52.72938244 0.45100686
98.29376411 53.04696434 0.44420116
98.67517206 53.37934782 0.43649939
99.05329835 53.72864552 0.43219264
99.42727974 54.09523071 0.42976567
99.79916688 54.47668385 0.42435099
100.17164459 54.87091520 0.41580891
100.54536143 55.27615844 0.40673891
100.92282584 55.68989188 0.40085506
101.30819463 56.10970896 0.40023198
101.70181611 56.53570479 0.39935072
102.10342552 56.96776650 0.39549362
102.51296152 57.40737104 0.39454059
102.93022575 57.85715943 0.39959987
103.35631871 58.31366991 0.40857014
103.79327163 58.77136698 0.41966821
104.24087032 59.23177940 0.43059550
104.69656361 59.69904346 0.43810421
105.16042012 60.17130212 0.44029477
105.63243020 60.64804449 0.43875294
106.11077777 61.13308260 0.43315287
106.59533916 61.62984592 0.42446258
107.08913583 62.13713879 0.41955434
107.59332364 62.65287970 0.42235474
108.10567881 63.17760740 0.43211617
108.62339117 63.71092915 0.43973174
109.14554395 64.25431877 0.43886499
109.67421837 64.80545727 0.43279616
110.21128398 65.36111387 0.42559182
110.75684189 65.92389876 0.42217634
111.31050287 66.49422240 0.42351945
111.87158654 67.07149486 0.42875453
112.43817805 67.65739724 0.43540489
113.00896323 68.25105057 0.43856228
113.58338955 68.85058902 0.43907436
114.16068867 69.45646360 0.43855754
114.73962454 70.07076623 0.43502539
115.32240363 70.68956629 0.43006083
115.90982582 71.31107731 0.42673380
116.50062002 71.93688845 0.42772989
117.09597704 72.56225768 0.43077881
117.69464336 73.18450029 0.43003557
118.29662594 73.80316293 0.43026821
118.90237685 74.41788624 0.43562725
119.50860936 75.03050828 0.44303099
120.11187879 75.64339555 0.45033737
120.71468086 76.25616195 0.45497190
121.31795585 76.86812745 0.46133470
121.91810760 77.47895269 0.46788887
122.51448464 78.08711868 0.46744290
123.10949785 78.68960141 0.46358490
123.70504237 79.29138076 0.46404852
124.30195679 79.89728521 0.47916671
124.89999909 80.50310240 0.50881344
125.49344815 81.10745274 0.53012635
126.07728368 81.70983083 0.52713001
126.65525087 82.31003466 0.51046750
127.23294205 82.90829362 0.50018273
127.81062756 83.50347755 0.50762401
128.38489385 84.09767353 0.52105925
128.95437297 84.69223068 0.52909254
129.52023612 85.28752456 0.53554225
130.07868410 85.88800097 0.53901628
130.63066774 86.49115471 0.54065323
131.18144300 87.09202491 0.54657576
131.73031910 87.69166051 0.55450268
132.27548048 88.28995471 0.55863064
132.81738284 88.88524375 0.55995031
133.35665889 89.47769266 0.55999714
133.89187116 90.07108130 0.56044824
134.42200517 90.66807703 0.56522484
134.94821511 91.26841047 0.57119698
135.47019414 91.87349459 0.57258111
135.98641001 92.48283848 0.56517576
136.49971047 93.09234657 0.54920626
137.01316027 93.70194549 0.52961064
137.52566413 94.31690408 0.51421330
138.03564974 94.93986965 0.50971767
138.54125343 95.57256757 0.51173003
139.04407420 96.21137554 0.51084817
139.54679296 96.85201519 0.50606270
140.04655160 97.49862800 0.50260179
140.54137472 98.15424238 0.50534525
141.03199652 98.81748706 0.51299997
141.51915312 99.48467964 0.51730731
142.00271092 100.15479778 0.51602958
142.48098358 100.83022637 0.50982352
142.95254634 101.51055509 0.49812276
143.41859065 102.19422768 0.48425751
143.88119458 102.88097523 0.46915244
144.34276371 103.56914420 0.45729873
144.80283152 104.25927568 0.45069203
145.25929004 104.95240596 0.44725101
145.71273949 105.64511651 0.44225311
146.16275031 106.33519377 0.42638808
146.61247692 107.02196483 0.39933196
147.06006767 107.71247969 0.37095964
147.49979900 108.41524106 0.35318148
147.93491409 109.12669559 0.34294150
148.36807455 109.84398638 0.32694887
148.79796696 110.56825618 0.30442721
149.22341524 111.29707629 0.28091504
149.64380439 112.03061041 0.25477210
150.06325083 112.76713114 0.22371277
150.48479693 113.50507569 0.19824009
150.89935093 114.25305160 0.18491363
151.30344678 115.01262390 0.17656255
151.70324801 115.77416677 0.16311177
152.09909437 116.53285045 0.13708051
152.49030133 117.29105874 0.10132961
152.87894352 118.05158175 0.06664390
153.27132015 118.81234897 0.04113522
153.66901338 119.57329776 0.02333022
154.06421677 120.33776083 0.00678684
154.45491280 121.10396617 -0.01324627
154.84187690 121.87108435 -0.03638140
155.22707340 122.63558135 -0.06465975
155.61429303 123.39368798 -0.09520396
156.00090403 124.15212669 -0.11951843
156.38211478 124.91429035 -0.13603752
156.75805662 125.67485142 -0.14798953
157.13217921 126.42920728 -0.16391326
157.50176012 127.17900061 -0.19126037
157.86534600 127.92645382 -0.22608474
158.22775575 128.67010938 -0.25717345
158.58969186 129.40893762 -0.28436635
158.94983606 130.14235174 -0.31606909
159.30627908 130.87020749 -0.35356133
159.65925876 131.59024678 -0.39412675
160.00981001 132.30148160 -0.43823400
160.35573024 133.00601560 -0.48863790
160.69784761 133.70323633 -0.53955400
161.03803511 134.39184726 -0.58418951
161.37650423 135.07214173 -0.62264652
161.71344991 135.74441492 -0.65502371
162.04904930 136.40895763 -0.68141677
162.38345959 137.06606022 -0.70192160
162.71681988 137.71601456 -0.71663172
163.04924840 138.35910559 -0.72563878
163.38084208 138.99561364 -0.72903328
163.71168149 139.62581529 -0.72690324
164.04182182 140.24998216 -0.71933213
164.37130251 140.86837410 -0.70639972
164.70013643 141.48124215 -0.68818651
165.02831879 142.08882713 -0.66476613
165.35582526 142.69136366 -0.63621029
165.68260830 143.28907036 -0.60259190
166.00859703 143.88215615 -0.56397680
166.33682344 144.46898576 -0.51943604
166.66933933 145.04631907 -0.46827579
167.00306561 145.61498079 -0.41712553
167.33517728 146.17824867 -0.37307671
167.66613580 146.73837223 -0.33789898
167.99727337 147.29802788 -0.30969198
168.32998785 147.85622393 -0.28144889
168.66523976 148.41385351 -0.24851252
168.99927187 148.97357506 -0.21785525
169.32946039 149.53588562 -0.19648499
169.66007149 150.09909963 -0.17974417
169.99548104 150.66030934 -0.16068542
170.33521363 151.22232657 -0.13476188
170.67502794 151.78970564 -0.10251990
171.01361306 152.36316887 -0.06538869
171.35539280 152.93733342 -0.02667229
171.70010595 153.50982700 0.00077950
172.04165935 154.08725456 0.01172751
172.37947507 154.67060692 0.01236261
172.72069733 155.25509507 0.00714909
173.06870774 155.84205139 0.00423631
173.42032618 156.43263588 0.01179754
173.77189658 157.02462498 0.02499776
174.12071175 157.61826273 0.03595810
174.46531571 158.21218756 0.04006254
174.80889816 158.80391765 0.04027668
175.15404228 159.39497325 0.04434494
175.49656740 159.98798998 0.05215711
175.83475639 160.58107985 0.06136648
176.17064158 161.17051034 0.06912882
176.50429914 161.75532011 0.07207916
176.83452764 162.33590828 0.07012243
177.16149361 162.91210745 0.06658550
177.48462623 163.48343936 0.06624662
177.80309498 164.04884516 0.07337777
178.11788024 164.60462109 0.08834641
178.42673307 165.14802393 0.10434761
178.72461341 165.67962879 0.11553384
179.00999049 166.19956156 0.12206739
179.28573348 166.70425593 0.12476383
179.55249205 167.19119094 0.12314763
179.80592671 167.66269376 0.11814938
180.04438400 168.12237970 0.11097658
180.26923540 168.57323603 0.10188449
180.48249281 169.01665496 0.09350949
180.68409389 169.45593067 0.08851100
180.87127171 169.89538938 0.08538031
181.04466276 170.33369544 0.08421519
181.20395727 170.76837657 0.08258785
181.34324168 171.20049500 0.07741794
181.46027893 171.63134995 0.06956870
181.55735794 172.06116033 0.06025836
181.63185050 172.48963650 0.05254630
181.68118464 172.91499274 0.04866169
181.70536130 173.33526002 0.04919321
181.70572293 173.74985214 0.05075236
181.68529038 174.15828123 0.04989207
181.64365514 174.56051728 0.04783548
181.57909448 174.95744863 0.04863718
181.49084168 175.34891392 0.05155778
181.37929356 175.73242341 0.05169464
181.24633197 176.10596900 0.04676785
181.09365885 176.46919540 0.03777669
180.92249091 176.82212317 0.02653022
180.73417586 177.16535547 0.01088958
180.52753603 177.50034503 -0.01061867
180.29850920 177.83032331 -0.03644668
180.04191167 178.15703153 -0.06321266
179.75535892 178.47995940 -0.08641016
179.44121649 178.79878993 -0.10465428
179.10160299 179.11294700 -0.12074985
178.73796674 179.42142365 -0.13752971
178.35095118 179.72311001 -0.15383373
177.94048570 180.01769478 -0.17179038
177.50754565 180.30577188 -0.19317174
177.05542147 180.58852395 -0.21415620
176.58577772 180.86627986 -0.23239147
176.09779803 181.13942464 -0.24849660
175.59237772 181.41061234 -0.26413629
175.07049662 181.68240663 -0.28066756
174.53253730 181.95683769 -0.29725162
173.97877148 182.23552329 -0.31151609
173.40966218 182.52011408 -0.32411689
172.82533406 182.81221410 -0.33653491
172.22503285 183.11247960 -0.34833876
171.60902943 183.42198805 -0.36002968
170.97794440 183.74186884 -0.37270766
170.33102621 184.07250302 -0.38602828
169.66750145 184.41386556 -0.39890147
168.98743359 184.76584980 -0.41053212
168.29122988 185.12909495 -0.42022152
167.58022092 185.50440945 -0.42883231
166.85536937 185.89096431 -0.43738922
166.11716410 186.28708504 -0.44609948
165.36715668 186.69148365 -0.45481521
164.60760624 187.10303507 -0.46315465
163.84147101 187.51965943 -0.46996460
163.07207499 187.93862022 -0.47667723
162.30200307 188.35704414 -0.48651192
161.53193926 188.77326760 -0.49864064
160.76233852 189.18885259 -0.51090305
159.99255553 189.60439800 -0.51965489
159.22109263 190.01858837 -0.52281657
158.44828330 190.43011891 -0.52426290
157.67440039 190.83783606 -0.53063567
156.89962407 191.24215430 -0.54296190
156.12378764 191.64280028 -0.55765948
155.34632471 192.03985068 -0.57271090
154.56806132 192.43500322 -0.58644181
153.78937311 192.82785813 -0.59726068
153.00983805 193.21654392 -0.60571744
152.23071120 193.60136000 -0.61382663
151.45363260 193.98456033 -0.62114321
150.67874310 194.36676086 -0.62484094
149.90679762 194.74810903 -0.62390536
149.13948827 195.12996573 -0.62224154
148.37671857 195.51203357 -0.62142137
147.61845875 195.89372613 -0.61856237
146.86572559 196.27584041 -0.61478583
146.11832332 196.65717631 -0.61358219
145.37462756 197.03571862 -0.61309114
144.63587055 197.41413505 -0.61244703
143.90392534 197.79495765 -0.61058577
143.17581343 198.17524079 -0.60650538
142.44950795 198.55196631 -0.60394001
141.72680693 198.92552631 -0.60422991
141.00812721 199.29637295 -0.60731214
140.29248811 199.66470744 -0.61335397
139.57980841 200.03080550 -0.61970314
138.86982214 200.39415076 -0.62191174
138.16174852 200.75417628 -0.62032006
137.45532806 201.11073972 -0.61788720
136.75092184 201.46391578 -0.61408447
136.04894416 201.81334708 -0.60883931
135.34993587 202.15843322 -0.60449291
134.65524579 202.49898603 -0.60193255
133.96662297 202.83512460 -0.60101876
133.28549900 203.16670316 -0.60024563
132.61430309 203.49402081 -0.59736455
131.95515524 203.81632423 -0.59284111
131.30882342 204.13157287 -0.58808719
130.67610059 204.43911491 -0.58411354
130.05781309 204.74017275 -0.58069777
129.45372242 205.03564647 -0.57624379
128.86340171 205.32573444 -0.57052790
128.28753060 205.61068085 -0.56546828
127.72644861 205.89066355 -0.56248307
127.18047153 206.16693479 -0.56048739
126.65010649 206.44014875 -0.55848739
126.13477137 206.70918459 -0.55643982
125.63344111 206.97231970 -0.55305707
125.14762608 207.22927169 -0.54878059
124.67926217 207.48000463 -0.54514032
124.22848065 207.72421974 -0.54221368
123.79501044 207.96224943 -0.53991655
123.37818859 208.19382061 -0.53841512
122.97790014 208.41944238 -0.53751578
122.59323854 208.63881770 -0.53569075
122.22381919 208.85139675 -0.53249875
121.87092285 209.05803612 -0.52929167
121.53462650 209.25873887 -0.52724634
121.21459020 209.45287653 -0.52647443
120.91147021 209.64046295 -0.52621812
120.62496476 209.82115327 -0.52578539
120.35430751 209.99388249 -0.52514550
120.10074463 210.15703011 -0.52402948
119.86563786 210.30870612 -0.52215929
119.64960937 210.44772869 -0.52026315
119.45278397 210.57307142 -0.51898041
119.27624579 210.68368047 -0.51816075
119.12011228 210.77895060 -0.51725119
118.98214212 210.85857348 -0.51532210
118.86188631 210.92195759 -0.51200323
118.75987060 210.96858930 -0.50844210
118.67440828 211.00054818 -0.50627082
118.60169779 211.02201617 -0.50513175
118.53873222 211.03598857 -0.50351887
118.48414761 211.04336863 -0.50090616
118.43753312 211.04379100 -0.49732370
118.39910397 211.03707427 -0.49337446
118.36862184 211.02339226 -0.48947241
118.34528102 211.00284421 -0.48557017
118.32769051 210.97674881 -0.48151005
118.31167073 210.94984217 -0.47710391
118.29394757 210.92581630 -0.47236412
118.27573999 210.90337207 -0.46760619
118.25780571 210.88118538 -0.46305934
118.23896710 210.85981289 -0.45840034
118.21797757 210.84018529 -0.45378376
118.19409199 210.82321726 -0.44948822
118.16690337 210.80935748 -0.44492220
118.13616354 210.79862220 -0.43961501
118.10181992 210.79086190 -0.43376519
118.06373084 210.78599328 -0.42781749
118.02153078 210.78447523 -0.42206850
117.97363536 210.78824861 -0.41723297
117.91716894 210.80076975 -0.41351664
117.84972712 210.82530733 -0.40986140
117.76963833 210.86416227 -0.40548038
117.67595322 210.91838169 -0.40023700
117.56874911 210.98814889 -0.39458064
117.44832051 211.07374937 -0.38913682
117.31477837 211.17521499 -0.38404368
117.16860783 211.29252813 -0.37948352
117.01103586 211.42542218 -0.37542429
116.84372910 211.57350670 -0.37136240
116.66943844 211.73721225 -0.36437843
116.48814866 211.91565810 -0.35269302
116.29977991 212.10722921 -0.34150297
116.10870689 212.31222918 -0.33420343
115.91744323 212.53184245 -0.32891049
115.72488381 212.76652209 -0.32425062
115.53263409 213.01687607 -0.31863104
115.34204597 213.28364921 -0.31153291
115.15161562 213.56742982 -0.30431418
114.96353004 213.86874070 -0.29902714
114.78093169 214.18737208 -0.29757231
114.60770660 214.52358445 -0.29862461
114.44934357 214.87723753 -0.29839606
114.30693481 215.24699344 -0.29620541
114.17977211 215.63224637 -0.29623993
114.06845841 216.03322587 -0.30282999
113.97444650 216.45071193 -0.31512762
113.90039997 216.88632152 -0.32810800
113.84972605 217.33993326 -0.33761712
113.82714941 217.80833625 -0.34259614
113.83418109 218.28840190 -0.34425547
113.86888027 218.77969786 -0.34441916
113.92993296 219.28195039 -0.34596447
114.01741543 219.79341552 -0.35350711
114.13144020 220.31327037 -0.36631903
114.27157951 220.84166055 -0.37618053
114.43808757 221.37727029 -0.38002138
114.62943030 221.91868179 -0.38173690
114.84311152 222.46559042 -0.38385230
115.07778815 223.01761411 -0.38702352
115.33126595 223.57611639 -0.39089538
115.60080983 224.14361383 -0.39464367
115.88437226 224.72164361 -0.39891097
116.18073348 225.31073886 -0.40521710
116.48891583 225.91205017 -0.41308518
116.80840281 226.52610280 -0.42079021
117.13879750 227.15276587 -0.42759575
117.47903607 227.79358870 -0.43350778
117.82871233 228.44938432 -0.43909054
118.18785427 229.11987651 -0.44460378
118.55609111 229.80476573 -0.45098541
118.93275963 230.50345646 -0.45953385
119.31735989 231.21573964 -0.47068052
119.70940507 231.94256968 -0.48476310
120.10808077 232.68469992 -0.49945085
120.51356239 233.44143387 -0.51062666
120.92673299 234.21052889 -0.51645382
121.34761397 234.99062695 -0.51568035
121.77523767 235.78090651 -0.51355272
122.20887269 236.57933989 -0.51761023
122.64858651 237.38566615 -0.53010302
123.09447432 238.20206258 -0.54932674
123.54667837 239.02979606 -0.56744379
124.00532267 239.86918382 -0.57821524
124.46994276 240.72029756 -0.58225017
124.94047193 241.58266540 -0.58217559
125.41830055 242.45406364 -0.58007991
125.90290241 243.33321065 -0.57925090
126.39293159 244.21895114 -0.58519093
126.88822514 245.10984255 -0.59861792
127.38898841 246.00643516 -0.61463609
127.89579164 246.90878023 -0.62777671
128.40711823 247.81710069 -0.63537513
128.92111327 248.73126919 -0.63810277
129.43700387 249.64979680 -0.63866230
129.95287251 250.57205770 -0.63893769
130.46774347 251.49744034 -0.64363772
130.98245504 252.42625044 -0.65329896
131.49748034 253.36046490 -0.65920487
132.01300790 254.29895542 -0.65786822
132.52714297 255.23988891 -0.65173762
133.03752424 256.18240602 -0.64444258
133.54348945 257.12552751 -0.63861176
134.04443711 258.06870165 -0.63597668
134.54070171 259.01163872 -0.63763811
135.03354402 259.95322033 -0.64236350
135.52292995 260.89275571 -0.64760116
136.00843613 261.83063334 -0.65222793
136.49044730 262.76657391 -0.65468583
136.96880717 263.70104471 -0.65311363
137.44343001 264.63482742 -0.64796861
137.91402399 265.56769879 -0.64150655
138.38126574 266.49909484 -0.63724868
138.84655649 267.42928190 -0.63608928
139.31007978 268.35926103 -0.63553818
139.77199455 269.28882950 -0.63596555
140.23130766 270.21757416 -0.64152585
140.68798563 271.14572443 -0.65252237
141.14357693 272.07393788 -0.66386987
141.59842803 273.00282919 -0.67024193
142.05251932 273.93208141 -0.67255494
142.50648249 274.86131974 -0.67328559
142.96142825 275.79069927 -0.67093273
143.41810712 276.72038993 -0.66646731
143.87684471 277.65022624 -0.66267243
144.33763891 278.58098578 -0.66129821
144.80092442 279.51421166 -0.66247502
145.26780533 280.44908938 -0.66441689
145.73886060 281.38442353 -0.66529232
146.21399837 282.31992671 -0.66611561
146.69360110 283.25679405 -0.66752174
147.17757169 284.19499769 -0.66783873
147.66538066 285.13301642 -0.66687954
148.15675824 286.07245862 -0.66751195
148.65331597 287.01225202 -0.66533929
149.15557734 287.95138577 -0.65597450
149.66037361 288.89253310 -0.64511773
150.16569799 289.83426108 -0.63843677
150.67092220 290.77418906 -0.63599069
151.17528667 291.71302941 -0.63453178
151.67821677 292.64921461 -0.63417169
152.17987275 293.58217681 -0.63578585
152.68093733 294.51384930 -0.63743192
153.18245469 295.44346991 -0.63638023
153.68457488 296.37041377 -0.63162688
154.18698442 297.29476753 -0.62584388
154.68947191 298.21570331 -0.62142013
155.19098303 299.13267631 -0.62000041
155.69081666 300.04574843 -0.62244546
156.18937674 300.95430539 -0.62602904
156.68670009 301.85778533 -0.62568005
157.18157552 302.75567293 -0.62055276
157.67269297 303.64664843 -0.61429896
158.15936718 304.53108558 -0.60818357
158.64198251 305.40946127 -0.60322472
159.12114775 306.28111300 -0.60090837
159.59729171 307.14577468 -0.60084560
160.07043793 308.00289869 -0.60202631
160.53989385 308.85231079 -0.60173181
161.00523505 309.69329439 -0.59896470
161.46658155 310.52472866 -0.59454751
161.92400443 311.34602254 -0.58852878
162.37648713 312.15698882 -0.58285133
162.82281553 312.95668579 -0.57874829
163.26266338 313.74367472 -0.57591486
163.69607242 314.51750955 -0.57274835
164.12206640 315.27767035 -0.56736548
164.53908184 316.02287510 -0.55988814
164.94545126 316.75116321 -0.55256348
165.33912176 317.46261964 -0.54659712
165.71918650 318.15811723 -0.54097618
166.08511119 318.83628761 -0.53592282
166.43584413 319.49720660 -0.53187739
166.77070980 320.14259639 -0.52826384
167.08955975 320.77051696 -0.52620425
167.39148074 321.37991185 -0.52703488
167.67657474 321.97263236 -0.52907027
167.94623986 322.54845884 -0.53053679
168.20043054 323.10604195 -0.53183453
168.43777931 323.64442502 -0.52980502
168.65649654 324.16429794 -0.52334970
168.85523411 324.66689737 -0.51984059
169.03385405 325.15376910 -0.52313916
169.19325497 325.62549375 -0.53029092
169.33491525 326.08078100 -0.53764324
169.45989686 326.51966303 -0.54401955
169.57190638 326.94416948 -0.54962238
169.67593440 327.35673979 -0.55390282
169.77307641 327.75834042 -0.55692195
169.86281128 328.14819179 -0.55945708
169.94329854 328.52638328 -0.56289942
170.01131243 328.89505644 -0.56760983
170.06535075 329.25646969 -0.57263568
170.10535411 329.61284536 -0.57759572
170.13101938 329.96449550 -0.58264695
170.14248504 330.30929143 -0.58870568
170.13953877 330.64748542 -0.59525785
170.12213462 330.98260536 -0.60018355
170.09170237 331.31704248 -0.60360141
170.05000625 331.65142550 -0.60660651
169.99798908 331.98509293 -0.60950492
169.93425043 332.31696388 -0.61183762
169.85524413 332.64848475 -0.61092213
169.75763029 332.98357860 -0.60623099
169.63938888 333.32419451 -0.60432882
169.49974666 333.66889288 -0.60773092
169.33541294 334.01720782 -0.61080661
169.13972216 334.37070596 -0.60997278
168.90984717 334.72925381 -0.60643271
168.64848888 335.09006319 -0.60280493
168.35589021 335.45276546 -0.59740711
168.02380060 335.82046903 -0.58603494
167.64569571 336.19403222 -0.56957273
167.22507685 336.57089381 -0.55389029
166.76902001 336.94870264 -0.54569323
166.28223543 337.32616948 -0.54202667
165.76609368 337.70332969 -0.53673116
165.22370225 338.07816319 -0.53087061
164.65724518 338.44758848 -0.52633323
164.06740915 338.81173288 -0.52816913
163.45977616 339.17139151 -0.53960591
162.84024084 339.52691914 -0.55365897
162.20905456 339.87826903 -0.55742865
161.56469247 340.22535568 -0.54658109
160.90788228 340.56873470 -0.53042733
160.23859214 340.91004522 -0.51852459
159.55759776 341.25072268 -0.51209074
158.86570835 341.59205990 -0.50843974
158.16422273 341.93509431 -0.50535277
157.45542292 342.28043543 -0.50099872
156.74112421 342.62925932 -0.49547038
156.02205889 342.98266653 -0.48860941
155.29762230 343.34089459 -0.47954260
154.56958168 343.70399775 -0.47128047
153.83983635 344.07331085 -0.46822113
153.10842448 344.45001580 -0.46807764
152.37407918 344.83458551 -0.46483835
151.63568565 345.22622181 -0.45712250
150.89397516 345.62262553 -0.44775150
150.14858170 346.02120790 -0.44158702
149.39762409 346.42184054 -0.43928575
148.64117746 346.82557359 -0.44150344
147.88083202 347.23199714 -0.44739078
147.11797896 347.64058391 -0.45019199
146.35158466 348.05137834 -0.44841606
145.58075874 348.46397563 -0.44366464
144.80671562 348.87654130 -0.43755513
144.02735904 349.28875171 -0.43238604
143.24031534 349.70080397 -0.42756726
142.44701218 350.11233193 -0.42251174
141.64900981 350.52330678 -0.41758510
140.84742504 350.93326585 -0.41321072
140.04264995 351.34254014 -0.40941750
139.23552490 351.75174030 -0.40566924
138.42676695 352.16180554 -0.40200872
137.61538155 352.57511282 -0.39658220
136.80115425 352.99193541 -0.38929235
135.98435472 353.41179110 -0.38406130
135.16575923 353.83565008 -0.38423048
134.34731428 354.26225045 -0.38576733
133.53235191 354.68936779 -0.38403851
132.71929416 355.12013776 -0.38118456
131.90891083 355.55458653 -0.37874669
131.10718093 355.98873053 -0.37340012
130.31242747 356.42348856 -0.37011720
129.52215676 356.86013623 -0.37390075
128.73934857 357.29872343 -0.37824544
127.96732796 357.73832346 -0.37912239
127.20710748 358.17774631 -0.37883021
126.45891146 358.61648661 -0.38069599
125.72312456 359.05407131 -0.38478474
125.00091941 359.48951861 -0.39101310
124.29249810 359.92269067 -0.39855898
123.59740714 360.35374060 -0.40712417
122.91594912 360.78276202 -0.41712801
122.24873109 361.20970579 -0.42733131
121.59662714 361.63407947 -0.43615530
120.95984865 362.05586726 -0.44412178
120.33821102 362.47481109 -0.45220399
119.73131897 362.89051619 -0.46123505
119.13860333 363.30117554 -0.47229628
118.55752412 363.70490442 -0.48490514
117.98319138 364.09994184 -0.49789391
117.41173606 364.48316636 -0.51314510
116.84106585 364.85389678 -0.52962625
116.27026167 365.21362437 -0.54236545
115.69793933 365.56139477 -0.55184128
115.12237424 365.89675504 -0.56005559
114.54265658 366.22018357 -0.56736937
113.95710981 366.53207528 -0.57324357
113.36319236 366.83342901 -0.57430680
112.75809730 367.12415468 -0.57214365
112.14052578 367.40352338 -0.57142390
111.51378592 367.67437377 -0.57320097
110.88428501 367.94270595 -0.57740394
110.25665029 368.21117221 -0.58160706
109.63191729 368.48053653 -0.58418535
109.00887332 368.75118413 -0.58645965
108.38528832 369.02338819 -0.58943597
107.75993198 369.29688648 -0.59393147
107.13252625 369.57112441 -0.59970685
106.50326731 369.84537501 -0.60541009
105.87174418 370.11974309 -0.61048081
105.23831837 370.39756437 -0.61396751
104.60476625 370.68092868 -0.61564657
103.97125692 370.96884360 -0.61657836
103.33806676 371.25979655 -0.61677982
102.70413095 371.55470887 -0.61632457
102.06695517 371.85583786 -0.61698484
101.42569567 372.16374725 -0.61899489
100.78132581 372.47657262 -0.62027977
100.13466169 372.79240996 -0.61989754
99.48543534 373.11132658 -0.61941643
98.83302901 373.43611833 -0.61826408
98.17783744 373.76743184 -0.61576548
97.52063804 374.10402692 -0.61332571
96.86016755 374.44658912 -0.61228291
96.19464460 374.79569477 -0.61625162
95.52493086 375.14873928 -0.62660552
94.85070557 375.50653682 -0.64540524
94.17434764 375.87416121 -0.67281822
93.50071926 376.24955387 -0.69408620
92.82597367 376.63063550 -0.69427685
92.14754041 377.01841927 -0.68360359
91.46634113 377.40907191 -0.68468381
90.78103514 377.80351530 -0.70255143
90.09305316 378.20461419 -0.72806882
89.40253180 378.61180306 -0.74633501
88.70783126 379.02736591 -0.74606395
88.00881088 379.44992947 -0.73482951
87.30508954 379.87455432 -0.72854527
86.59636738 380.29832185 -0.73301659
85.88286071 380.72001157 -0.74000042
85.16453149 381.14069773 -0.73415068
84.44122389 381.56413973 -0.71062221
83.71243323 381.99030787 -0.68011229
82.97671910 382.41683215 -0.65494030
82.23325132 382.84275789 -0.64341952
81.48155917 383.26881414 -0.64028518
80.72086069 383.69581547 -0.63436355
79.95010601 384.12397126 -0.62235056
79.16837406 384.55596070 -0.60710714
78.37617077 384.99341466 -0.59410340
77.57415848 385.43569218 -0.58248832
76.76227313 385.88237482 -0.56971601
75.94046059 386.33357897 -0.56053408
75.10832954 386.78850941 -0.55722010
74.26687496 387.24662264 -0.55252269
73.41782335 387.70922874 -0.53829291
72.56239235 388.17741354 -0.51600038
71.70088346 388.65155631 -0.49484978
70.83302539 389.13245869 -0.48082168
69.95964583 389.61939935 -0.47324412
69.08202328 390.10947959 -0.46626691
68.20164277 390.59910856 -0.45471739
67.31983533 391.08746875 -0.43941141
66.43793533 391.57630213 -0.42127424
65.55692354 392.06458518 -0.40125267
64.67788840 392.55305671 -0.38326507
63.80106437 393.04599411 -0.37087813
62.92527593 393.54438368 -0.36780863
62.05221127 394.04718330 -0.36993133
61.18357095 394.55078685 -0.37070920
60.32083581 395.05198306 -0.36594142
59.46551309 395.55101127 -0.35624435
58.61629536 396.04808687 -0.34934013
57.77239761 396.54310333 -0.34800307
56.93520696 397.03565973 -0.35017262
56.10629090 397.52663883 -0.35474505
55.28643661 398.01515317 -0.36060606
54.47599135 398.49843849 -0.36806650
53.67495247 398.97605728 -0.37737518
52.88388221 399.44620057 -0.38553173
52.10432319 399.90854995 -0.39286312
51.33738758 400.36275721 -0.39851974
50.58273141 400.80523086 -0.40007738
49.83779357 401.23708621 -0.40172152
49.10018679 401.66151720 -0.40902512
48.36957430 402.08003143 -0.42164309
47.64562097 402.49137673 -0.43575163
46.92850803 402.89325777 -0.44863535
46.21871160 403.28547290 -0.45910844
45.51544451 403.66779561 -0.46655844
44.81544128 404.04004580 -0.47221389
44.11639783 404.40343592 -0.47971093
43.41910361 404.75997362 -0.49072398
42.72567260 405.10692727 -0.49888197
42.03705454 405.43912550 -0.49659296
41.35111016 405.75817202 -0.49014473
40.66790009 406.06968044 -0.48668661
39.98601047 406.37355885 -0.48755520
39.30446950 406.66570726 -0.49195297
38.62723540 406.94375885 -0.49461760
37.95653131 407.20440821 -0.49354075
37.29317818 407.44279998 -0.48753639
36.63804886 407.65681608 -0.47855213
35.99054904 407.84799504 -0.47283192
35.34952810 408.01721303 -0.47354822
34.71516233 408.16372003 -0.47974407
34.08899146 408.28659619 -0.48923076
33.47433242 408.38433435 -0.50105462
32.87395023 408.45591444 -0.51557222
32.28931384 408.50171681 -0.53274220
31.72020343 408.52259061 -0.55217313
31.16567687 408.51923111 -0.57422853
30.62558203 408.49186558 -0.59815842
30.10039172 408.44164427 -0.62277308
29.59028269 408.36983982 -0.64863931
29.09498155 408.27720062 -0.67621704
28.61381430 408.16344994 -0.70241818
28.14676403 408.02788022 -0.72708584
27.69493021 407.86962696 -0.75104505
27.25748606 407.68931328 -0.77360346
26.83303010 407.48841363 -0.79534233
26.42212087 407.26800914 -0.81622287
26.02434623 407.03061368 -0.83636439
25.63739057 406.77847485 -0.85362527
25.25893674 406.50925734 -0.86531583
24.88735956 406.21913598 -0.87027791
24.52164037 405.91104749 -0.87089654
24.15955869 405.59157992 -0.86891445
23.79892913 405.26366467 -0.86442595
23.43848194 404.92459116 -0.85563290
23.07674410 404.57139508 -0.84015207
22.71390520 404.20123785 -0.82143939
22.35030642 403.81040152 -0.80205368
21.98532599 403.39624128 -0.78382168
21.61851171 402.95556584 -0.76702237
21.25014277 402.48736038 -0.75071709
20.88170034 401.99296075 -0.74411098
20.51259401 401.47369910 -0.74552294
20.14105289 400.93081333 -0.73956712
19.76759226 400.36630061 -0.72428953
19.39397068 399.78032844 -0.70848988
19.02010702 399.17470153 -0.69541341
18.64510984 398.55254385 -0.68133608
18.26970373 397.91274238 -0.66750780
17.89531743 397.25350235 -0.65536040
17.52264158 396.57451492 -0.64336331
17.15123129 395.87775010 -0.63089252
16.77977472 395.16703833 -0.61838280
16.40757835 394.44501719 -0.60781777
16.03569629 393.71117432 -0.59945497
15.66476415 392.96557600 -0.59466851
15.29394011 392.21102424 -0.59157320
14.92391206 391.44771152 -0.58685639
14.55637194 390.67308416 -0.57838220
14.19119965 389.88682668 -0.56363049
13.82612885 389.09139182 -0.54659321
13.45998585 388.28695385 -0.53216123
13.09274990 387.47232501 -0.52107890
12.72284210 386.64891819 -0.51101501
12.34902981 385.81821466 -0.50037332
11.97162014 384.97998317 -0.49187337
11.59037341 384.13366078 -0.48497462
11.20387387 383.28055992 -0.47729478
10.81030312 382.42253106 -0.47442999
10.40870219 381.56121745 -0.47950227
10.00076318 380.69621542 -0.48854418
9.58775271 379.82568921 -0.49676330
9.16880593 378.95159913 -0.50033991
8.74391500 378.07465800 -0.50265244
8.31397859 377.19488191 -0.50699225
7.87949071 376.31551153 -0.51118170
7.44214841 375.43760205 -0.51549539
7.00349785 374.56013196 -0.52126197
6.56429455 373.68239890 -0.52706048
6.12546634 372.80416870 -0.53210642
5.68693565 371.92466686 -0.53775453
5.24865597 371.04383444 -0.54537170
4.81042752 370.16047853 -0.55464410
4.37179313 369.27554095 -0.56527324
3.93247485 368.39412198 -0.57522482
3.49268613 367.51686860 -0.58131257
3.05056027 366.64322813 -0.58500365
2.60361812 365.77520322 -0.59352845
2.15076485 364.91300064 -0.61240432
1.69280439 364.05237765 -0.63233291
1.23314355 363.19127140 -0.64447133
0.77300908 362.33360672 -0.65067668
0.31073550 361.48061296 -0.65325326
-0.15503106 360.62953156 -0.65569883
-0.62457882 359.78041125 -0.66071071
-1.09812919 358.93263257 -0.66622049
-1.57439754 358.08371864 -0.67039348
-2.05236209 357.23468649 -0.67306922
-2.53367662 356.38821779 -0.67419195
-3.01780887 355.54317238 -0.67859882
-3.50345879 354.69656851 -0.68564116
-3.98957141 353.85227520 -0.68547146
-4.47570741 353.00986064 -0.67985373
-4.96437021 352.16735179 -0.67898748
-5.45486428 351.32728099 -0.68285859
-5.94512674 350.48669130 -0.68666842
-6.43408713 349.64443430 -0.68608569
-6.92141606 348.80261779 -0.68031744
-7.40814385 347.96293720 -0.67580469
-7.89344232 347.12966315 -0.67621490
-8.37453550 346.30180314 -0.67622420
-8.85093592 345.47477487 -0.67470976
-9.32284922 344.64897812 -0.67144435
-9.79288630 343.81883207 -0.67182036
-10.26374238 342.98185604 -0.67972159
-10.73265654 342.14237186 -0.68780737
-11.19665914 341.30283900 -0.68928275
-11.65551421 340.46434827 -0.68198528
-12.11141406 339.62396975 -0.67352638
-12.56654915 338.77892092 -0.67092683
-13.02204788 337.92844650 -0.67361564
-13.47743884 337.07343010 -0.67813732
-13.93252350 336.21315685 -0.68218120
-14.38555475 335.34745683 -0.68198231
-14.83672949 334.47497209 -0.67702370
-15.28874128 333.59738706 -0.67677695
-15.74225831 332.71762578 -0.68531212
-16.19849704 331.83324310 -0.69515165
-16.65788260 330.94228906 -0.69987287
-17.11894915 330.04686617 -0.70083982
-17.58155174 329.14989491 -0.70200203
-18.04523259 328.25279193 -0.70223313
-18.50992921 327.35678569 -0.70279877
-18.97667689 326.46146264 -0.70880193
-19.44435530 325.56629637 -0.71909028
-19.91182214 324.67116546 -0.72788735
-20.37856494 323.77616513 -0.73250455
-20.84130620 322.88164634 -0.73372526
-21.29861495 321.98932654 -0.73689130
-21.75440226 321.09492838 -0.74664605
-22.21077635 320.19886203 -0.76021606
-22.66631936 319.30333388 -0.77215873
-23.11902708 318.40564273 -0.77733769
-23.56737250 317.50706796 -0.76813851
-24.01060090 316.60920368 -0.74933596
-24.45041321 315.71400402 -0.73612482
-24.88999849 314.82131896 -0.73348347
-25.33257817 313.93100776 -0.73949163
-25.77927262 313.04271283 -0.75042197
-26.22747003 312.15548148 -0.75938599
-26.67394557 311.27061604 -0.76406233
-27.11843094 310.38800124 -0.76725264
-27.56181635 309.50722681 -0.76799132
-28.00291928 308.63040092 -0.76576791
-28.44171116 307.75878414 -0.76346630
-28.87874793 306.89306234 -0.76367492
-29.31332935 306.03357784 -0.76744614
-29.74501549 305.17999416 -0.77186533
-30.17348192 304.33240724 -0.77302877
-30.59906060 303.49221677 -0.77191708
-31.02234921 302.66144063 -0.77101046
-31.44489005 301.84044654 -0.77020499
-31.86707959 301.03160662 -0.77159749
-32.28645986 300.23845897 -0.77530986
-32.70437804 299.45591675 -0.77953138
-33.11787269 298.68446132 -0.78216231
-33.51995091 297.93181986 -0.78303690
-33.91449527 297.19439408 -0.78805870
-34.30459230 296.46693121 -0.79224838
-34.68632885 295.74935998 -0.78764661
-35.06022073 295.04226660 -0.78011817
-35.43146002 294.34527974 -0.77541079
-35.80230308 293.65781699 -0.77333748
-36.17057821 292.98222088 -0.77197263
-36.53438846 292.32091799 -0.76902101
-36.89400581 291.67492445 -0.76667487
-37.24987079 291.04473951 -0.76550591
-37.60324166 290.42936667 -0.76242574
-37.95412113 289.82812473 -0.75692653
-38.30007356 289.24187353 -0.75069842
-38.63971135 288.67076660 -0.74471442
-38.97209533 288.11432728 -0.73753423
-39.29741318 287.57283491 -0.72876054
-39.61553700 287.04715533 -0.71858285
-39.92479691 286.53833825 -0.70738981
-40.22411875 286.04647014 -0.69647569
-40.51423301 285.57071670 -0.68501561
-40.79637709 285.10967856 -0.67147975
-41.06588662 284.65807025 -0.65823310
-41.31516535 284.21010022 -0.64727860
-41.54125072 283.76428191 -0.63857894
-41.74475858 283.32027812 -0.63228773
-41.92527976 282.87862846 -0.62735685
-42.08075545 282.44051752 -0.62341023
-42.20966996 282.00728973 -0.62060900
-42.31225636 281.57995411 -0.61956415
-42.38940559 281.15737550 -0.62111240
-42.43973609 280.73382423 -0.62592497
-42.45990960 280.30388518 -0.63480100
-42.44647890 279.86641349 -0.64650629
-42.39707171 279.42232407 -0.65923339
-42.31112675 278.97320246 -0.67291642
-42.19016640 278.51861172 -0.68880303
-42.03568402 278.06008285 -0.70851464
-41.84779535 277.60282991 -0.73265180
-41.62631055 277.14970609 -0.75944144
-41.37168770 276.70145513 -0.78743773
-41.08550532 276.25863180 -0.81770580
-40.76891236 275.82070517 -0.84859898
-40.42235028 275.38788220 -0.87479921
-40.04706383 274.96190008 -0.89415890
-39.64523485 274.54616753 -0.90997922
-39.21954194 274.14392194 -0.92613933
-38.77162549 273.75425568 -0.94021843
-38.30164029 273.37421720 -0.94769182
-37.81091690 273.00234713 -0.95023757
-37.30288189 272.63844109 -0.95334647
-36.77948987 272.28181322 -0.95879512
-36.24098405 271.93048321 -0.96693661
-35.68772332 271.57885746 -0.97574189
-35.11847050 271.22086461 -0.97522620
-34.53370074 270.85615055 -0.96433329
-33.93645330 270.48534676 -0.95214526
-33.32785616 270.10653920 -0.94455447
-32.70830663 269.71862107 -0.94458044
-32.07785178 269.32261486 -0.94893541
-31.43413476 268.91923933 -0.95288434
-30.77555586 268.50732828 -0.95297559
-30.10268983 268.08545568 -0.94273884
-29.41761613 267.65513270 -0.92768554
-28.72277155 267.21838439 -0.91963634
-28.01815707 266.77521582 -0.91952747
-27.30271792 266.32651434 -0.92318286
-26.57616765 265.87403119 -0.92581622
-25.83902197 265.41805716 -0.92574264
-25.09173614 264.95953211 -0.92419697
-24.33375218 264.49821869 -0.92241229
-23.56449779 264.03228172 -0.92057363
-22.78480196 263.56373958 -0.91744669
-21.99681453 263.09433356 -0.91472708
-21.20206589 262.62449661 -0.91477342
-20.40103438 262.15354501 -0.91882697
-19.59476080 261.68342732 -0.92300570
-18.78541004 261.21810786 -0.92193212
-17.97556614 260.75727669 -0.91847745
-17.16691608 260.30010032 -0.91757121
-16.35905183 259.84726934 -0.91936075
-15.55170128 259.40059692 -0.92099933
-14.74612698 258.96076103 -0.92200150
-13.94288697 258.52788540 -0.92896846
-13.14173624 258.10276457 -0.94272750
-12.34233639 257.68535698 -0.95250317
-11.54452910 257.27451194 -0.95480462
-10.74876467 256.87209357 -0.95086956
-9.95734527 256.47478774 -0.94997150
-9.17189354 256.07876066 -0.95727480
-8.39038286 255.68807233 -0.96623630
-7.61250169 255.30371500 -0.97442980
-6.84106017 254.92522183 -0.98155383
-6.07705038 254.55223638 -0.98787825
-5.32080674 254.18318862 -0.99376175
-4.57423011 253.81807895 -0.99727282
-3.83747224 253.45617846 -0.99680335
-3.10955207 253.09501443 -0.99388968
-2.39354702 252.73658586 -0.98738986
-1.69263631 252.38410423 -0.97987697
-1.00721146 252.03664030 -0.97703365
-0.33813283 251.69353087 -0.97730756
0.31353740 251.35435419 -0.97564112
0.94715291 251.01707208 -0.97228840
1.56183092 250.68155946 -0.97175552
2.15658519 250.34787221 -0.97261700
2.73047015 250.01437379 -0.96988534
3.28339292 249.68171420 -0.96403788
3.81817873 249.35218062 -0.95855525
4.34079506 249.02674674 -0.95541667
4.85696004 248.70538007 -0.95322989
5.36951991 248.38749062 -0.95037144
5.87988777 248.07300052 -0.94642842
6.38881554 247.76067662 -0.94490301
6.89685828 247.45046049 -0.94578977
7.40472942 247.14299427 -0.94268871
7.91248408 246.83828572 -0.93294834
8.41948495 246.53804704 -0.92126493
8.92709824 246.24486602 -0.91533179
9.43796599 245.96005464 -0.91581505
9.95001007 245.68135836 -0.92035736
10.46231262 245.40679175 -0.92566625
10.97730041 245.13855138 -0.93049297
11.49412607 244.87872229 -0.94451318
12.01294286 244.62716588 -0.96681283
12.53643064 244.38825961 -0.98081755
13.06497163 244.16603434 -0.98636330
13.59677971 243.96077052 -0.99198800
14.13127273 243.77236317 -0.99780790
14.66959993 243.60003003 -1.00271750
15.21085619 243.44632586 -1.00791194
15.75335269 243.31568888 -1.01258631
16.29703342 243.20822870 -1.01400975
16.84050652 243.12276205 -1.01729952
17.38225959 243.06007036 -1.02615994
17.92193198 243.02146826 -1.03545921
18.45905849 243.00762978 -1.04299018
18.99202029 243.01766806 -1.05081378
19.51875204 243.05240382 -1.06131249
20.03907534 243.11337746 -1.07307896
20.55249740 243.20111970 -1.08342910
21.05899934 243.31310912 -1.09042021
21.55938759 243.44685113 -1.08986664
22.04990815 243.60413669 -1.08355053
22.52600688 243.78481766 -1.07746572
22.98700287 243.98632335 -1.07419136
23.43427605 244.20521469 -1.07451258
23.86770780 244.44098665 -1.07499325
24.28463016 244.69477962 -1.07335244
24.68418449 244.96523105 -1.07040659
25.06761030 245.25021664 -1.06684129
25.43623118 245.54818035 -1.06289207
25.79034965 245.85891800 -1.05855261
26.13030873 246.18077475 -1.05370672
26.45823504 246.51035025 -1.04913943
26.77879230 246.84339678 -1.04591032
27.09691366 247.17701770 -1.04514309
27.41302622 247.51091370 -1.04595295
27.72564479 247.84523592 -1.04363559
28.03377465 248.18023548 -1.03860296
28.33964387 248.51369209 -1.03430808
28.64737788 248.84248994 -1.03071579
28.95589660 249.16636350 -1.02645546
29.26407809 249.48430668 -1.02155502
29.57351203 249.79272326 -1.01517691
29.88336289 250.09061939 -1.00745166
30.19776023 250.37456728 -0.99813472
30.52175631 250.63590630 -0.98516600
30.85302428 250.86895297 -0.97415091
31.18505673 251.07760338 -0.96975290
31.51478438 251.27169913 -0.97054275
31.84679322 251.45589096 -0.97782197
32.18643019 251.62791990 -0.98955442
32.53800096 251.77922379 -0.99800095
32.90329370 251.90162136 -0.99759235
33.27743452 251.99731446 -0.99331459
33.65431606 252.07346433 -0.99219183
34.03318001 252.13092953 -0.99460713
34.41517480 252.16752861 -0.99979799
34.80063995 252.18425937 -1.00621552
35.18994329 252.18284256 -1.01334772
35.58436073 252.16367584 -1.02257846
35.98650279 252.12838261 -1.03395946
36.39772498 252.07533052 -1.04265659
36.81815015 252.00130227 -1.04550460
37.24787841 251.90788407 -1.04712614
37.68651192 251.79721692 -1.05294894
38.13407855 251.67010360 -1.06375170
38.59082138 251.52786300 -1.07838372
39.05770846 251.37224542 -1.09452900
39.53554074 251.20406888 -1.10974977
40.02474541 251.02307120 -1.12318921
40.52584097 250.82827954 -1.13343267
41.03879828 250.61782527 -1.14077777
41.56364128 250.39109311 -1.14678150
42.10063316 250.15074175 -1.15205059
42.65037253 249.89963719 -1.15610990
43.21365987 249.63973718 -1.15895731
43.79102390 249.37238907 -1.16266490
44.38212700 249.09718526 -1.16921212
44.98655804 248.81265929 -1.17849998
45.60430177 248.51844905 -1.18925023
46.23520862 248.21495288 -1.20060366
46.87951008 247.90197684 -1.21193900
47.53755424 247.57927534 -1.22327144
48.20912592 247.24681212 -1.23360543
48.89347086 246.90481290 -1.24100146
49.58977711 246.55305863 -1.24631343
50.29668695 246.19118745 -1.25154997
51.01253058 245.82026405 -1.25799875
51.73629198 245.44185148 -1.26475591
52.46664426 245.05601677 -1.27212790
53.20292710 244.66203468 -1.28030906
53.94582115 244.25965174 -1.28824786
54.69601639 243.85035903 -1.29598769
55.45447452 243.43556967 -1.30325645
56.22076596 243.01450124 -1.31136568
56.99450346 242.58689339 -1.31950597
57.77610682 242.15364742 -1.32546919
58.56481035 241.71433824 -1.32847130
59.35970578 241.26831932 -1.32872853
60.16068820 240.81611496 -1.32683867
60.96748012 240.35941920 -1.32292439
61.77920311 239.90023361 -1.31959293
62.59532398 239.44089485 -1.31907520
63.41559509 238.98325479 -1.32064663
64.23871006 238.52887096 -1.32281208
65.06358362 238.07930450 -1.32443847
65.88999962 237.63418008 -1.32449554
66.71728278 237.19302841 -1.32166051
67.54470936 236.75617576 -1.31528894
68.37222240 236.32281130 -1.30816632
69.20015037 235.89225240 -1.30264329
70.02779268 235.46541668 -1.29668731
70.85244765 235.04331719 -1.29364998
71.67352793 234.62903033 -1.30129792
72.49253657 234.22319375 -1.31544903
73.30986733 233.82093453 -1.32390543
74.12690839 233.42113802 -1.32411161
74.94418859 233.02692126 -1.31728887
75.75944399 232.63935130 -1.30613928
76.56937828 232.25707077 -1.30125601
77.37241586 231.87799297 -1.30567560
78.17088966 231.50284411 -1.31166678
78.96683730 231.13337238 -1.31344844
79.75958572 230.77026959 -1.31074319
80.54836657 230.41413164 -1.30801473
81.33246391 230.06390597 -1.30943599
82.11189802 229.71901659 -1.31317271
82.88725770 229.37948565 -1.31516411
83.65855890 229.04520292 -1.31492430
84.42511450 228.71673311 -1.31248199
85.18523120 228.39428033 -1.30928978
85.93656667 228.07788287 -1.30768419
86.67654879 227.76828028 -1.30777579
87.40249228 227.46737286 -1.30900626
88.11286333 227.17680595 -1.31072021
88.80601277 226.89592019 -1.31316297
89.48313522 226.62268238 -1.31617099
90.14958852 226.35520727 -1.31942618
90.80911299 226.09162621 -1.32304029
91.46261096 225.82987625 -1.32574765
92.10986848 225.56967185 -1.32797661
92.75108507 225.31160697 -1.33037575
93.38552658 225.05423244 -1.33192277
94.01135167 224.79614960 -1.33234107
94.62746603 224.53919402 -1.33179935
95.23187531 224.28590787 -1.33179099
95.82147179 224.03676164 -1.33404078
96.39444649 223.79219563 -1.33758609
96.95007176 223.55237468 -1.33976772
97.48718531 223.31701823 -1.33925470
98.00486938 223.08693898 -1.33672178
98.50244615 222.86202636 -1.33323636
98.97895399 222.64198116 -1.32941017
99.43496699 222.42658535 -1.32659503
99.87244163 222.21374510 -1.32509553
100.29320421 222.00165661 -1.32388766
100.69761161 221.79013395 -1.32258329
101.08538276 221.58022693 -1.32239076
101.45663554 221.37298177 -1.32325125
101.81111746 221.16781243 -1.32341307
102.14938122 220.96503586 -1.32209143
102.47209008 220.76542732 -1.31986980
102.77908478 220.56869342 -1.31792273
103.06932344 220.37455364 -1.31608038
103.34149717 220.18252805 -1.31392111
103.59684637 219.99284830 -1.31128743
103.83705565 219.80754691 -1.30791796
104.06229629 219.62943290 -1.30406681
104.27118012 219.46014966 -1.30074255
104.46243662 219.30014295 -1.29812016
104.63535692 219.14866756 -1.29545824
104.78871206 219.00529716 -1.29279172
104.92654742 218.86868157 -1.29084814
105.05701027 218.73406850 -1.28957014
105.18378991 218.59664449 -1.28589065
105.30769641 218.45582892 -1.27819329
105.43022805 218.31390237 -1.26975300
105.55111160 218.17111553 -1.26370925
105.66982892 218.02677307 -1.26023469
105.78693526 217.88094600 -1.25799160
105.90194142 217.73276542 -1.25570596
106.01573186 217.58062775 -1.25358592
106.13235130 217.42090114 -1.25295437
106.25529185 217.24833799 -1.25324724
106.38587007 217.05917991 -1.25205978
106.52389314 216.85162294 -1.24807822
106.66772959 216.62499732 -1.24191949
106.81545874 216.37922616 -1.23498285
106.96443841 216.11366399 -1.22826044
107.11233167 215.82747483 -1.22163874
107.25879253 215.52127574 -1.21524708
107.40338936 215.19479351 -1.20940197
107.54260795 214.84637274 -1.20366310
107.67093016 214.47489140 -1.19770618
107.78514221 214.08060487 -1.19132380
107.88371838 213.66480851 -1.18509516
107.96401477 213.22898610 -1.18041106
108.02355548 212.77468002 -1.17691198
108.06225403 212.30209597 -1.17176891
108.07809523 211.81100804 -1.16294469
108.06601820 211.30230418 -1.15285398
108.02263083 210.77767017 -1.14426809
107.94715618 210.23919523 -1.13601431
107.84325708 209.68647860 -1.12614571
107.71431068 209.11866377 -1.11472630
107.55789200 208.53776939 -1.10369261
107.37248830 207.94576407 -1.09457850
107.16108801 207.34301852 -1.08882380
106.92692243 206.72953051 -1.08610001
106.67291713 206.10455721 -1.08381715
106.40173989 205.46716057 -1.08196700
106.11331668 204.81771097 -1.08064645
105.80587052 204.15716427 -1.07780830
105.47977202 203.48616081 -1.07450744
105.13830848 202.80373173 -1.07181630
104.78455670 202.10806435 -1.06999931
104.41937945 201.39897483 -1.06972041
104.04326107 200.67643928 -1.07019226
103.65697668 199.93947476 -1.07105739
103.26138857 199.18737951 -1.07235811
102.85724343 198.42025556 -1.07430079
102.44474880 197.63821428 -1.07672080
102.02425730 196.84061829 -1.07916760
101.59568069 196.02772528 -1.08138125
101.15978691 195.20015511 -1.08298729
100.71691384 194.35867262 -1.08331826
100.26768911 193.50504690 -1.08082798
99.81493808 192.63960987 -1.07548604
99.36020085 191.76101341 -1.06948648
98.90295299 190.86845528 -1.06330262
98.44281907 189.96241735 -1.05558499
97.97930718 189.04353981 -1.04696326
97.51116681 188.11277957 -1.03951858
97.03824677 187.17110564 -1.03189261
96.56112796 186.21997537 -1.02212293
96.08086615 185.26103174 -1.01165088
95.59900701 184.29428681 -1.00229438
95.11587992 183.31974896 -0.99479829
94.63162009 182.33785139 -0.98747511
94.14615508 181.34899102 -0.97913520
93.65895651 180.35368330 -0.97100451
93.16953483 179.35302037 -0.96335347
92.67670198 178.34827557 -0.95603544
92.18063000 177.33915269 -0.94912500
91.68179150 176.32459414 -0.94218901
91.18009166 175.30412605 -0.93484346
90.67538700 174.27782223 -0.92840977
90.16703322 173.24611748 -0.92343318
89.65446528 172.20967846 -0.91891236
89.13708888 171.16905337 -0.91481214
88.61461378 170.12423923 -0.91077266
88.08621992 169.07463225 -0.90525313
87.55136663 168.01953276 -0.89826905
87.01054444 166.95864564 -0.89277587
86.46345085 165.89214527 -0.89082307
85.90995923 164.81986195 -0.89223837
85.35027299 163.74161269 -0.89594585
84.78371060 162.65778689 -0.90037344
84.20991676 161.56858368 -0.90348382
83.62911841 160.47436820 -0.90427878
83.04153264 159.37548915 -0.90352177
82.44797325 158.27150241 -0.90102032
81.84944167 157.16200216 -0.89650180
81.24666744 156.04647794 -0.88925951
80.63945028 154.92504174 -0.87987274
80.02785312 153.79917460 -0.87202223
79.41309256 152.66931465 -0.86810265
78.79503793 151.53495321 -0.86459614
78.17282577 150.39652107 -0.85704949
77.54663058 149.25424735 -0.84562522
76.91702138 148.10825279 -0.83212529
76.28496420 146.95980138 -0.82087185
75.65180460 145.80930482 -0.81353066
75.01780901 144.65608618 -0.80751885
74.38289164 143.50008152 -0.80081443
73.74712233 142.34143156 -0.79280425
73.11030721 141.18035429 -0.78321707
72.47295223 140.01829602 -0.77187273
71.83641700 138.85632397 -0.76030859
71.20086309 137.69444277 -0.74927987
70.56625975 136.53297795 -0.73880101
69.93362647 135.37197939 -0.72949814
69.30295138 134.21166230 -0.72064456
68.67432935 133.05253155 -0.71247190
68.04802156 131.89456229 -0.70453085
67.42388084 130.73812204 -0.69470247
66.80162843 129.58404745 -0.68383823
66.18169009 128.43233331 -0.67321909
65.56484865 127.28261090 -0.66236103
64.95090932 126.13440388 -0.65028857
64.33962099 124.98778544 -0.63830709
63.73069209 123.84483334 -0.63161739
63.12465098 122.70644295 -0.63219643
62.52216868 121.57143208 -0.63550275
61.92315668 120.43884584 -0.63700822
61.32755259 119.30885710 -0.63569528
60.73473107 118.18293742 -0.63306283
60.14449611 117.06257456 -0.63064452
59.55812707 115.94914077 -0.62926290
58.97769012 114.84417036 -0.62909847
58.40610651 113.74833804 -0.62758755
57.84415200 112.66274619 -0.62348641
57.28958053 111.58984197 -0.61763200
56.74258229 110.53140322 -0.60970777
56.20438384 109.48864689 -0.60086676
55.67406196 108.46343698 -0.59104687
55.15108430 107.45676491 -0.57970467
54.63625308 106.46816381 -0.56725948
54.12949513 105.49635406 -0.55435370
53.62977018 104.53979289 -0.54191443
53.13635232 103.59880957 -0.52952544
52.65040578 102.67531824 -0.51623233
52.17366186 101.77189470 -0.50209673
51.70730543 100.89014258 -0.48774799
51.25275574 100.03108400 -0.47356155
50.81025184 99.19564272 -0.46035054
50.38041224 98.38372632 -0.44902118
49.96365057 97.59528895 -0.43906397
49.55961599 96.83076105 -0.43026777
49.16798200 96.08986894 -0.42268094
48.78850605 95.37157531 -0.41622219
48.42070442 94.67545071 -0.41077539
48.06446564 94.00171520 -0.40757078
47.72116766 93.35020123 -0.40772434
47.39303859 92.71967325 -0.40930561
47.08221980 92.10869578 -0.41167335
46.79136679 91.51522621 -0.41434265
46.52236118 90.93710941 -0.41642755
46.27546658 90.37372447 -0.41923314
46.05185357 89.82409654 -0.42333119
45.85419455 89.28673343 -0.42812930
45.68409911 88.76025286 -0.43357171
45.54124198 88.24247673 -0.43869304
45.42369211 87.73084699 -0.44268597
45.32942414 87.22300641 -0.44594368
45.26020336 86.71725593 -0.44943142
45.21796235 86.21327207 -0.45343546
45.20166526 85.71212701 -0.45788040
45.21066803 85.21435802 -0.46274457
45.24542018 84.71975941 -0.46841316
45.30642450 84.22986256 -0.47363573
45.39240177 83.74664624 -0.47820798
45.50256611 83.27040894 -0.48483830
45.63877618 82.80170748 -0.49489241
45.80250164 82.34218642 -0.50718680
45.99388598 81.89216772 -0.51934436
46.21256131 81.45234752 -0.53079122
46.45767929 81.02559698 -0.54185607
46.72869407 80.61393421 -0.55231032
47.02337845 80.21705203 -0.56165305
47.33884980 79.83396669 -0.57140829
47.67662976 79.46601652 -0.58212052
48.03795408 79.11452019 -0.59313400
48.41747370 78.77579677 -0.60385161
48.81016239 78.44551367 -0.61098108
49.21693196 78.12291099 -0.61202466
49.63849427 77.80848282 -0.61061478
50.07355657 77.50129686 -0.61773239
50.52057701 77.19785122 -0.63113882
50.97805388 76.89446905 -0.63706758
51.44545001 76.58957831 -0.63303494
51.92368936 76.28406892 -0.62561563
52.41272057 75.97734214 -0.62150715
52.91093466 75.66614804 -0.62177853
53.41759981 75.34804639 -0.62349696
53.93302009 75.02209177 -0.62552299
54.45863197 74.68921954 -0.62848908
54.99543803 74.34998237 -0.63140411
55.54324464 74.00324502 -0.63352455
56.10200088 73.64826530 -0.63509336
56.67191234 73.28457434 -0.63669219
57.25334384 72.91188487 -0.63837767
57.84702007 72.53059867 -0.64007949
58.45401769 72.14205324 -0.64229534
59.07502269 71.74673055 -0.64452433
59.71095788 71.34512906 -0.64626094
60.36350852 70.93926200 -0.64858740
61.03393381 70.53088196 -0.65144205
61.72287493 70.12121614 -0.65575527
62.42941379 69.71045731 -0.66237119
63.15163849 69.29919988 -0.66897561
63.88836011 68.89018033 -0.67692936
64.63672327 68.48445642 -0.68482436
65.39360522 68.08255047 -0.68753709
66.15668196 67.68511452 -0.68496496
66.92193913 67.28968647 -0.68100542
67.68688299 66.89529288 -0.67794907
68.45041271 66.50096201 -0.67568136
69.21085705 66.10446247 -0.67465596
69.96704356 65.70490089 -0.67420024
70.71800362 65.30091921 -0.67316169
71.46281712 64.89101366 -0.67064818
72.20064885 64.47439454 -0.66709437
72.93035188 64.05100030 -0.66423127
73.65201343 63.62100873 -0.66392619
74.36684030 63.18399498 -0.66534364
75.07499627 62.73931038 -0.66598108
75.77677816 62.28720415 -0.66461405
76.47301475 61.82775454 -0.66254669
77.16389552 61.36053359 -0.66136072
77.84992985 60.88630488 -0.66022839
78.53335924 60.40683963 -0.65986797
79.21695990 59.92211875 -0.66035575
79.90268944 59.43104084 -0.66023055
80.59244382 58.93395494 -0.65830220
81.28784031 58.43124411 -0.65442859
81.98990980 57.92303839 -0.64946758
82.69958285 57.41010265 -0.64380317
83.41666795 56.89325743 -0.63811691
84.14030107 56.37356687 -0.63299421
84.86893326 55.85268576 -0.62921760
85.59972912 55.33116127 -0.62665169
86.33142761 54.80938442 -0.62475021
87.06329287 54.28681480 -0.62256294
87.79381369 53.76204894 -0.61873498
88.52079905 53.23328384 -0.61361282
89.24134788 52.69786682 -0.60881281
89.95337707 52.15311062 -0.60397867
90.65502733 51.59599268 -0.59595749
91.34424118 51.02624135 -0.58258952
92.01974263 50.44600289 -0.56733934
92.68185928 49.85578046 -0.55604129
93.32889161 49.25422152 -0.54813949
93.95980330 48.64110464 -0.54069974
94.57759974 48.01811627 -0.53382800
95.18133926 47.38473216 -0.52577158
95.77054202 46.73985163 -0.51943599
96.35042163 46.08541676 -0.51728622
96.92274318 45.41984775 -0.51377830
97.48875383 44.74237260 -0.50795179
98.05309354 44.05823463 -0.50400232
98.61469198 43.36928456 -0.50821839
99.17181612 42.67523557 -0.52351733
99.72898216 41.97688512 -0.54379817
100.28995621 41.27341758 -0.55770673
100.85583662 40.56361000 -0.55883291
101.42593768 39.84809483 -0.55223135
101.99906273 39.12786630 -0.54479899
102.57338716 38.40201324 -0.54015768
103.14764476 37.66981717 -0.53927216
103.72056926 36.93025790 -0.54228874
104.29062584 36.18083282 -0.54912316
104.85558566 35.41870154 -0.55546727
105.41306925 34.64332368 -0.55749793
105.96129192 33.85506750 -0.55833364
106.49922424 33.05319633 -0.56037585
107.03050638 32.23779195 -0.55609215
107.55753551 31.40954428 -0.54144510
108.07982722 30.56975935 -0.52402454
108.59854013 29.72194768 -0.51129031
109.11533490 28.86925857 -0.50274934
109.63177960 28.01432201 -0.49535065
110.14859747 27.15927541 -0.48628982
110.66434811 26.30503266 -0.47602304
111.17833135 25.45321747 -0.46623799
111.69071524 24.60387369 -0.45613887
112.20027711 23.75595554 -0.44589279
112.70590340 22.90864710 -0.43648897
113.20497708 22.06087939 -0.42752267
113.69226172 21.21123993 -0.41703899
114.16607029 20.35965089 -0.40917194
114.62823364 19.50758562 -0.40601423
115.07835263 18.65487668 -0.40455185
115.51436795 17.80081315 -0.40425945
115.93512894 16.94539721 -0.40461073
116.34075538 16.08839269 -0.40529696
116.73137316 15.22969703 -0.40490084
117.10731309 14.36950607 -0.40241782
117.46881178 13.50840568 -0.39907187
117.81502479 12.64707224 -0.39676195
118.14619877 11.78608719 -0.39645969
118.46339938 10.92628901 -0.39723890
118.76867449 10.06932421 -0.39760592
119.06550588 9.21753277 -0.39751748
119.35588955 8.37308684 -0.39786696
119.64017414 7.53849646 -0.39815254
119.91824669 6.71668935 -0.39731612
120.19155554 5.91083839 -0.39563054
120.46226711 5.12366647 -0.39349427
120.73072647 4.35640875 -0.39085980
120.99799030 3.61019862 -0.38812381
121.26582433 2.88640282 -0.38520897
121.53278172 2.18576962 -0.38184331
121.79671886 1.50850944 -0.37803156
122.05836226 0.85080350 -0.37477998
122.31953797 0.20396384 -0.37303493
122.58125564 -0.43818128 -0.37132440
122.84116306 -1.07808773 -0.36849795
123.09764655 -1.71716023 -0.36536308
123.35197096 -2.35543022 -0.36197719
123.60455159 -2.99237754 -0.35584061
123.85382433 -3.62748905 -0.34545811
124.09932942 -4.25975275 -0.33584559
124.34196085 -4.88866218 -0.33398094
124.58230133 -5.51935381 -0.34080075
124.82166911 -6.15656445 -0.35123621
125.06096769 -6.80057040 -0.35913361
125.30024957 -7.45208559 -0.36125725
125.53987331 -8.11132275 -0.36277438
125.77968811 -8.77869562 -0.36558942
126.02082340 -9.45449304 -0.36642061
126.26494028 -10.13844107 -0.36364759
126.51262816 -10.82939405 -0.36161049
126.76549933 -11.52561534 -0.36300881
127.02523038 -12.22603252 -0.37145874
127.29664360 -12.93210704 -0.38766556
127.57916980 -13.64530871 -0.40561568
127.87078791 -14.36547211 -0.42200672
128.17367978 -15.09298479 -0.43671345
128.48743672 -15.82788320 -0.45675126
128.80871125 -16.57248481 -0.47914450
129.13510982 -17.32942823 -0.49495855
129.46522879 -18.09841393 -0.50241672
129.79956491 -18.87838319 -0.50523096
130.14233835 -19.66701632 -0.50831493
130.48982218 -20.46369780 -0.51492630
130.83709880 -21.27024956 -0.52538070
131.18807261 -22.08761407 -0.53610325
131.54294964 -22.91659057 -0.54369009
131.89851886 -23.75760918 -0.54793375
132.25633102 -24.60924101 -0.55386903
132.61885126 -25.46958108 -0.56480214
132.98459834 -26.33882579 -0.57592115
133.35234122 -27.21748453 -0.58563046
133.72043335 -28.10488947 -0.59507372
134.08885189 -28.99797562 -0.60191317
134.45714811 -29.89294936 -0.60819511
134.82501925 -30.78715843 -0.62092660
135.19495648 -31.67937618 -0.64108458
135.56636364 -32.57055898 -0.66442330
135.93920763 -33.46214388 -0.68484152
136.31355176 -34.35461207 -0.69883606
136.68671588 -35.24736378 -0.70642769
137.05793890 -36.13883354 -0.71522636
137.43244824 -37.02617379 -0.72870025
137.80795975 -37.91077547 -0.73641101
138.18037525 -38.79658676 -0.73851978
138.56028646 -39.68042664 -0.74093955
138.94592753 -40.56131779 -0.74294448
139.32867748 -41.44081691 -0.74538030
139.70752045 -42.31836510 -0.75204680
140.07793140 -43.19550824 -0.76117191
140.44526864 -44.07007099 -0.77025970
140.81445575 -44.94328210 -0.77768565
141.17934437 -45.81634943 -0.78093381
141.54029689 -46.68706755 -0.78381056
141.89667809 -47.55597772 -0.78359158
142.24440823 -48.42378061 -0.77209167
142.59031631 -49.28786217 -0.75559583
142.93621617 -50.14570572 -0.74182276
143.27968863 -50.99638579 -0.73145776
143.62503381 -51.83707293 -0.72496987
143.97040019 -52.66822577 -0.71943836
144.31480647 -53.49151028 -0.71069479
144.65755703 -54.30549225 -0.69906174
144.99278583 -55.10843639 -0.68426866
145.32043195 -55.89705098 -0.67194928
145.64239491 -56.66768643 -0.66972199
145.95553498 -57.42295036 -0.67123755
146.25737089 -58.16638252 -0.66373252
146.54997558 -58.89573732 -0.64086257
146.83357531 -59.60658319 -0.61411534
147.10960571 -60.29563819 -0.59796157
147.37689616 -60.96116289 -0.59386069
147.63023521 -61.60306108 -0.59381071
147.87111797 -62.22177813 -0.59266537
148.10472447 -62.81732272 -0.58573422
148.33061863 -63.39061916 -0.57312455
148.55053455 -63.94413042 -0.56040276
148.77242628 -64.48188881 -0.54924504
149.00231414 -65.00707791 -0.54195366
149.24278571 -65.51999514 -0.53719592
149.49673634 -66.02071764 -0.53227831
149.76952754 -66.50873850 -0.52955987
150.06470420 -66.98152174 -0.52948166
150.38018971 -67.43821549 -0.53065511
150.71343779 -67.88041223 -0.53202033
151.06251332 -68.30975596 -0.53417299
151.43177852 -68.72518352 -0.53783093
151.82452694 -69.12839315 -0.54184958
152.23681452 -69.52239862 -0.54290417
152.67006004 -69.90587616 -0.53968097
153.12764009 -70.27673908 -0.53475029
153.60674251 -70.63612488 -0.53303465
154.10098707 -70.98790102 -0.53925824
154.61206580 -71.33153304 -0.54672636
155.14204986 -71.66690956 -0.55143834
155.68531540 -71.99750116 -0.56034119
156.23774447 -72.32602574 -0.57392979
156.79749447 -72.65567419 -0.58759163
157.36308627 -72.99015044 -0.60155099
157.93466488 -73.32859770 -0.61635550
158.51210403 -73.67147380 -0.62974263
159.09380719 -74.02001366 -0.64082056
159.67744253 -74.37379701 -0.65290192
160.26100457 -74.73389750 -0.66846443
160.84663594 -75.10119539 -0.68576303
161.43581365 -75.47738303 -0.70012960
162.02911107 -75.86133063 -0.70773316
162.62819440 -76.25065133 -0.70720490
163.22956148 -76.64646212 -0.70630199
163.83086504 -77.04956485 -0.71480523
164.43278424 -77.46036850 -0.72853263
165.03376328 -77.88096327 -0.74109806
165.63426436 -78.31098913 -0.74988160
166.23877978 -78.74438987 -0.75496596
166.85048555 -79.17579907 -0.75984195
167.46601037 -79.60899091 -0.76444733
168.08111524 -80.04707511 -0.76915662
168.69842557 -80.48744852 -0.77357300
169.32356960 -80.92607082 -0.77763923
169.95565937 -81.36321225 -0.78306107
170.58895135 -81.80267883 -0.78589886
171.22317966 -82.24336106 -0.79099665
171.85832330 -82.68523995 -0.80009037
172.49312192 -83.13018145 -0.80736528
173.13259025 -83.57539455 -0.81486094
173.77731792 -84.02081472 -0.81816103
174.42524948 -84.46954634 -0.81482132
175.07628734 -84.92166723 -0.81242632
175.73094117 -85.37401727 -0.81549071
176.38812042 -85.82778477 -0.81813174
177.04635905 -86.28839484 -0.81727930
177.70888138 -86.75353564 -0.81141495
178.37496156 -87.22392699 -0.79815545
179.04261382 -87.70174342 -0.78745974
179.71357806 -88.18372070 -0.78154180
180.38967817 -88.67001868 -0.77184758
181.07008363 -89.15924670 -0.76214379
181.75264341 -89.65092651 -0.75516130
182.43583741 -90.14513712 -0.74908936
183.11882479 -90.64055854 -0.74241070
183.80163505 -91.13648415 -0.73326684
184.48570779 -91.63070923 -0.72433481
185.17033416 -92.12514069 -0.71991923
185.85551059 -92.61931018 -0.71777961
186.54025109 -93.11333567 -0.71287125
187.22365056 -93.60761902 -0.71121028
187.91062083 -94.09888695 -0.71326634
188.60239370 -94.58917368 -0.70621856
189.29719575 -95.07936828 -0.68456303
189.99297833 -95.56795939 -0.66245693
190.68762819 -96.05455459 -0.65630713
191.38160488 -96.54008100 -0.66358977
192.07718317 -97.02577162 -0.67184910
192.77447909 -97.51545137 -0.67248475
193.47137636 -98.01317049 -0.66574605
194.17003787 -98.51429551 -0.65837015
194.87082304 -99.01544262 -0.65633953
195.57297241 -99.51703536 -0.66095340
196.27867616 -100.01965826 -0.66869293
196.98786044 -100.52588811 -0.67342898
197.70170331 -101.03524631 -0.66895997
198.42094350 -101.54615307 -0.66132403
199.14423894 -102.05664128 -0.65777950
199.87069818 -102.56642551 -0.65912012
200.59962013 -103.07875856 -0.66144303
201.33129906 -103.59212707 -0.65971693
202.06633463 -104.10434421 -0.65765448
202.80479150 -104.61670996 -0.65863870
203.54507257 -105.13030829 -0.65707446
204.28289826 -105.64701158 -0.65463813
205.01826739 -106.16519953 -0.65925761
205.75241600 -106.68359626 -0.66591201
206.48704029 -107.20315699 -0.66741702
207.22604239 -107.72174635 -0.66120374
207.96530119 -108.24031488 -0.65773213
208.70160350 -108.75794316 -0.66713598
209.43450738 -109.27457779 -0.68418485
210.16309395 -109.79203046 -0.69967508
210.88784407 -110.31068993 -0.71083543
211.60977718 -110.83018810 -0.71997744
212.33149678 -111.34657799 -0.72699764
213.05031266 -111.85940557 -0.73102278
213.76588693 -112.36697338 -0.73720489
214.48053661 -112.86875182 -0.75203002
215.19313674 -113.36777287 -0.76572033
215.90517661 -113.86604215 -0.76543305
216.61409416 -114.36302640 -0.75887014
217.31568309 -114.85678407 -0.75889754
218.01214174 -115.34624160 -0.76702779
218.70649653 -115.83549668 -0.77344013
219.39718761 -116.32626740 -0.76739704
220.08204418 -116.81449875 -0.75550392
220.75996978 -117.29778726 -0.74973651
221.42924177 -117.77568444 -0.75105360
222.08738909 -118.24914748 -0.75277796
222.73530076 -118.71570987 -0.75045387
223.37428841 -119.17516219 -0.74524294
224.00335918 -119.62765739 -0.73861635
224.62357439 -120.06993608 -0.72901480
225.23334078 -120.50245137 -0.72175155
225.82901868 -120.92873560 -0.72362258
226.41254058 -121.34905216 -0.72880505
226.98701506 -121.76366804 -0.72933107
227.55325118 -122.17524250 -0.72251932
228.10990853 -122.58491521 -0.71096992
228.65409261 -122.99169540 -0.69814342
229.18517928 -123.39410977 -0.68489012
229.70289076 -123.79160470 -0.67130360
230.20694297 -124.18362332 -0.65747338
230.69704866 -124.56959801 -0.64348759
231.17291791 -124.94896173 -0.62943202
231.63425639 -125.32113884 -0.61539109
232.08076663 -125.68555253 -0.60144759
232.51214318 -126.04161723 -0.58768222
232.92807573 -126.38875065 -0.57417539
233.32825417 -126.72636790 -0.56100579
233.71235927 -127.05388116 -0.54825155
234.08006535 -127.37070054 -0.53599124
234.43103060 -127.67623965 -0.52430483
234.76490170 -127.96990753 -0.51327117
235.08131785 -128.25111138 -0.50297110
235.37990974 -128.51925801 -0.49348357
235.66125829 -128.77329166 -0.48372568
235.92627724 -129.01250309 -0.47359820
236.17553639 -129.23699882 -0.46468466
236.41185228 -129.44597029 -0.45674831
236.63827725 -129.63883775 -0.44850888
236.85491180 -129.81669345 -0.43928260
237.06195750 -129.98064569 -0.42851728
237.26283403 -130.13380464 -0.41607621
237.46211461 -130.28043174 -0.40144600
237.66283630 -130.42048522 -0.38615851
237.86519502 -130.55101659 -0.37212990
238.06850519 -130.67133398 -0.35838361
238.27435970 -130.78232798 -0.34294411
238.48432122 -130.88445627 -0.32499424
238.69716453 -130.97731606 -0.30508423
238.91185864 -131.05856463 -0.28407897
239.13030719 -131.12821865 -0.26319170
239.35459904 -131.18874403 -0.24212749
239.58708863 -131.24107428 -0.22101498
239.83023550 -131.28411566 -0.20013685
240.08470601 -131.31679416 -0.17758117
240.34965600 -131.34289004 -0.15565954
240.62644950 -131.35994350 -0.13621649
240.91792126 -131.35834432 -0.11537707
241.22215542 -131.33329999 -0.09173640
241.53632071 -131.28404000 -0.06914080
241.85969894 -131.21111660 -0.05076723
242.19140372 -131.11458439 -0.03643081
242.53066446 -130.99454294 -0.02593715
242.87682860 -130.85111891 -0.01909257
243.22935948 -130.68444872 -0.01570599
243.58783033 -130.49467690 -0.01557698
243.95192324 -130.28194644 -0.01850035
244.32142788 -130.04638688 -0.02427669
244.69623428 -129.78811600 -0.03269880
245.07632876 -129.50722179 -0.04355854
245.46178551 -129.20377669 -0.05664701
245.85277529 -128.87783113 -0.07175811
246.24955012 -128.52940955 -0.08868279
246.65244861 -128.15850951 -0.10721839
247.06188388 -127.76510335 -0.12715928
247.47836464 -127.34914203 -0.14830104
247.89954286 -126.91004571 -0.16829848
248.32094569 -126.44545582 -0.18607125
248.74203814 -125.95479479 -0.20322450
249.16625638 -125.43963954 -0.22834253
249.59588343 -124.90236499 -0.25667171
250.03297676 -124.34287030 -0.26773229
250.47754085 -123.76168603 -0.26408553
250.92560378 -123.16141530 -0.26446165
251.37452669 -122.54160062 -0.27899901
251.82516754 -121.90066053 -0.30233013
252.28191037 -121.23965167 -0.32287920
252.74763192 -120.56034274 -0.33816375
253.22203775 -119.86323067 -0.35248069
253.70697318 -119.15164524 -0.36569341
254.20204421 -118.42638262 -0.37833514
254.70303834 -117.68486368 -0.39231552
255.21320990 -116.93170763 -0.40187872
255.73368107 -116.17164402 -0.40585838
256.25935204 -115.40533772 -0.41153542
256.78903321 -114.63493704 -0.42371007
257.32321942 -113.86095707 -0.43881324
257.86242687 -113.08074930 -0.45073330
258.40779098 -112.29235557 -0.46125956
258.95993256 -111.49585027 -0.46700739
259.51727044 -110.69099657 -0.46465064
260.07899119 -109.88103784 -0.46594345
260.64174180 -109.06810913 -0.47662123
261.20342027 -108.25114264 -0.49369428
261.76810789 -107.42994766 -0.51175939
262.33645260 -106.60329064 -0.52430324
262.90596072 -105.77027528 -0.52841386
263.47795518 -104.93268507 -0.52883874
264.05104684 -104.09068394 -0.53362577
264.62274209 -103.24341866 -0.54369503
265.19520918 -102.39286563 -0.55712404
265.76828434 -101.54089073 -0.56829059
266.34057759 -100.68791850 -0.57826262
266.91186048 -99.83300144 -0.59803778
267.48503264 -98.97668202 -0.62062949
268.06138997 -98.12140365 -0.63126847
268.63886995 -97.26880653 -0.63960349
269.21645671 -96.41691181 -0.65123363
269.79744324 -95.56407892 -0.65264646
270.38113316 -94.71102714 -0.64556933
270.96403198 -93.85858469 -0.64105312
271.54873745 -93.00915857 -0.64133217
272.13453852 -92.16069164 -0.64378657
272.72194911 -91.31171569 -0.64116704
273.31321773 -90.46327949 -0.63349577
273.90940196 -89.61740516 -0.62861590
274.51047240 -88.77702810 -0.63119995
275.11521146 -87.94193750 -0.64079026
275.72365082 -87.10946048 -0.65116111
276.33208655 -86.27311238 -0.65599428
276.93820463 -85.43247905 -0.65446412
277.54114562 -84.59117554 -0.65747004
278.13898851 -83.75015689 -0.67136014
278.73348805 -82.90950879 -0.68922366
279.32871498 -82.06837934 -0.70076061
279.92613762 -81.22628867 -0.69641035
280.52117749 -80.38239128 -0.68347379
281.11320307 -79.53878677 -0.67488551
281.70283618 -78.69697109 -0.67256379
282.29046353 -77.85615209 -0.67474725
282.87724415 -77.01591935 -0.67614054
283.46499522 -76.17870827 -0.67145606
284.05454940 -75.34457351 -0.66487932
284.64359219 -74.51127273 -0.66040703
285.23255220 -73.68151686 -0.65847167
285.82100922 -72.85636805 -0.66094048
286.40910975 -72.03231464 -0.66262020
286.99832639 -71.20727876 -0.65410280
287.58948732 -70.38374793 -0.64082022
288.18127281 -69.56497326 -0.64015566
288.77136573 -68.75093259 -0.65372644
289.36041891 -67.93848053 -0.66830068
289.95055673 -67.12506019 -0.67002280
290.54349906 -66.31120265 -0.65496084
291.13956207 -65.49785037 -0.63692234
291.73812601 -64.68685194 -0.62735483
292.33938013 -63.87970677 -0.62732232
292.94344777 -63.07658980 -0.63500630
293.54961918 -62.27552504 -0.64575090
294.15760886 -61.47443951 -0.65272769
294.77121592 -60.67577662 -0.65343659
295.38976387 -59.88123016 -0.65315412
296.01102509 -59.09146447 -0.65463266
296.63996813 -58.31038185 -0.65572959
297.27519643 -57.53669808 -0.65261352
297.91242416 -56.76707516 -0.65206083
298.55079829 -56.00183352 -0.65506299
299.18955271 -55.24123049 -0.65395263
299.82996881 -54.48706573 -0.65349808
300.47332286 -53.73957803 -0.65384393
301.11971096 -52.99664132 -0.64792632
301.76812797 -52.25798267 -0.63596820
302.41725576 -51.52491714 -0.62561714
303.06551170 -50.79628860 -0.61877265
303.71099614 -50.06933323 -0.61165312
304.35127093 -49.34280061 -0.60372519
304.98530400 -48.61737257 -0.59760707
305.61374247 -47.89485696 -0.59637435
306.23704255 -47.17534003 -0.59688436
306.85532631 -46.45734999 -0.59419790
307.46870978 -45.74220459 -0.58497985
308.07851930 -45.03340723 -0.56897574
308.68466897 -44.33398003 -0.55606898
309.28374864 -43.64473831 -0.55208464
309.87126527 -42.96482534 -0.55444031
310.44667276 -42.29396541 -0.56277933
311.01499077 -41.63317356 -0.57397993
311.57905299 -40.98179347 -0.57712895
312.13829378 -40.33958722 -0.57143949
312.69213567 -39.70913382 -0.56811292
313.24055784 -39.09226037 -0.57160670
313.78280219 -38.49016393 -0.57853859
314.31792979 -37.90452459 -0.58513594
314.84614153 -37.33567530 -0.59033422
315.36651336 -36.78287423 -0.59526540
315.87769701 -36.24584863 -0.59911585
316.37929970 -35.72724402 -0.60019418
316.87067252 -35.23127715 -0.60159509
317.34983180 -34.75746116 -0.60763009
317.81576957 -34.30367195 -0.61706106
318.26911784 -33.86950573 -0.62428767
318.71097396 -33.45336363 -0.62280068
319.14165809 -33.05414920 -0.61390192
319.56142724 -32.67248984 -0.60780606
319.97031069 -32.30629380 -0.60886033
320.36747127 -31.94727763 -0.61554878
320.75445036 -31.58874159 -0.62924095
321.13546564 -31.23077647 -0.64554330
321.51439585 -30.87463610 -0.65495622
321.89018697 -30.51849330 -0.65847993
322.25553994 -30.15730440 -0.66151481
322.60550807 -29.78886774 -0.66329532
322.94208350 -29.41617366 -0.66422135
323.26763282 -29.04172990 -0.66899661
323.57937691 -28.66359026 -0.67907592
323.87249494 -28.27668304 -0.69424074
324.14644179 -27.87782444 -0.71060591
324.40299911 -27.46639115 -0.72386289
324.64000607 -27.04136209 -0.73270717
324.85395437 -26.60190633 -0.73671649
325.04362779 -26.14810790 -0.73699520
325.20863503 -25.68022544 -0.73401134
325.34853911 -25.19859973 -0.72824163
325.46283939 -24.70365453 -0.72015555
325.55102822 -24.19588915 -0.71023312
325.61255573 -23.67586604 -0.69895350
325.64681953 -23.14422727 -0.68681538
325.65318856 -22.60168484 -0.67431717
325.63104654 -22.04901400 -0.66195497
325.57974732 -21.48708328 -0.65023293
325.49865919 -20.91678825 -0.63963681
325.38714281 -20.33910378 -0.63068218
325.24454200 -19.75506086 -0.62388401
325.07022670 -19.16577896 -0.61973510
324.86358348 -18.57247952 -0.61873002
324.62403487 -17.97646141 -0.62137742
324.35062507 -17.37804621 -0.62249915
324.04480473 -16.77679785 -0.61421262
323.71309452 -16.17210553 -0.59731310
323.36218160 -15.56342573 -0.57728840
322.99661345 -14.95015298 -0.56102108
322.61917310 -14.33178080 -0.55159358
322.23132848 -13.70757580 -0.54548698
321.83661947 -13.07519922 -0.54039171
321.43757632 -12.43336863 -0.53669333
321.03237458 -11.78280757 -0.53226795
320.62053674 -11.12317859 -0.52601491
320.20334701 -10.45329070 -0.52162736
319.78086078 -9.77194204 -0.51838059
319.35434625 -9.07693057 -0.51135384
318.92382811 -8.36748950 -0.50209350
318.48741341 -7.64381124 -0.49116535
318.04672603 -6.90537588 -0.47986926
317.60328395 -6.15234488 -0.47113589
317.15608911 -5.38581495 -0.46372070
316.70407825 -4.60816900 -0.45745874
316.24559049 -3.82176775 -0.45147566
315.78109248 -3.02751918 -0.44515232
315.31288955 -2.22586963 -0.43661560
314.84304847 -1.41829771 -0.43169060
314.37342511 -0.60622642 -0.43517256
313.90483909 0.21135323 -0.44061167
313.43735891 1.03464103 -0.43992945
312.97177454 1.86201070 -0.42947358
312.50970514 2.69227953 -0.41424686
312.05282095 3.52436369 -0.40150999
311.60298087 4.35799613 -0.39338619
311.16310302 5.19440516 -0.38952067
310.73387082 6.03409853 -0.38591607
310.31417432 6.87571068 -0.37812471
309.90378886 7.71873741 -0.36756581
309.50524828 8.56338809 -0.35772788
309.11898376 9.41007351 -0.34912205
308.74128021 10.25977768 -0.34240601
308.37136610 11.11297525 -0.33786246
308.00861846 11.97105000 -0.33511984
307.64905018 12.83387229 -0.33472632
307.28890184 13.69968398 -0.33393095
306.92504028 14.56735846 -0.33389699
306.55712975 15.43709354 -0.33548429
306.18509881 16.30860800 -0.33705127
305.80372992 17.17968759 -0.33843059
305.41550762 18.04979353 -0.34188701
305.02626038 18.91909474 -0.34530185
304.63139953 19.78753922 -0.34635504
304.22895692 20.65553647 -0.34272587
303.82090664 21.52321792 -0.32984119
303.40809326 22.38959713 -0.31476676
302.98680499 23.25349330 -0.30389886
302.55454779 24.11471568 -0.29712752
302.11529538 24.97277182 -0.29239528
301.67023576 25.82748740 -0.28673851
301.21875739 26.67998506 -0.28077569
300.75932680 27.53060879 -0.27252023
300.29171047 28.37886574 -0.25969142
299.81824418 29.22386970 -0.24615884
299.34009476 30.06447276 -0.23481388
298.86039012 30.90187894 -0.22579240
298.37852961 31.73501584 -0.21870316
297.89398140 32.56352657 -0.21133004
297.40884630 33.38945868 -0.20286995
296.92220457 34.21385358 -0.19065735
296.43516484 35.03607002 -0.17248453
295.95035877 35.85438726 -0.15377012
295.46700645 36.66736421 -0.13915808
294.98735497 37.47709772 -0.12379384
294.51225958 38.28546543 -0.10297906
294.03969760 39.08967730 -0.08292448
293.57285455 39.89014758 -0.06759563
293.11173385 40.68708777 -0.05605387
292.65302236 41.47857732 -0.04832168
292.19486446 42.26352488 -0.04385694
291.73718379 43.04112081 -0.04121788
291.27883443 43.80916620 -0.03947717
290.82177401 44.56794631 -0.03550978
290.36981487 45.31935036 -0.02568635
289.92258457 46.06228356 -0.01383033
289.47768838 46.79383708 -0.00455873
289.03490327 47.51283138 0.00234521
288.59731476 48.21928227 0.00591742
288.16732679 48.91450521 0.00707830
287.74305478 49.59971675 0.01393992
287.32359915 50.27396669 0.03205847
286.91117345 50.93517295 0.05378516
286.50678125 51.57925673 0.06718830
286.11077023 52.20528123 0.07176320
285.72119121 52.81469406 0.07373600
285.33751235 53.40879336 0.07984030
284.96335995 53.98868195 0.09078951
284.59831547 54.55346768 0.10032703
284.24077685 55.10285917 0.10637997
283.89280526 55.63704224 0.11168941
283.55832688 56.15512133 0.11937202
283.23675122 56.65551903 0.12585573
282.92208778 57.13731091 0.12479060
282.61491255 57.60246873 0.11935731
282.32027389 58.05362101 0.11781946
282.03875661 58.48962228 0.12432660
281.76959763 58.90799526 0.13475213
281.51384847 59.30814863 0.14043330
281.27242055 59.69012859 0.14067623
281.04373119 60.05383563 0.14099551
280.82715640 60.39925038 0.14377777
280.62370604 60.72603522 0.14965704
280.43409009 61.03266053 0.15807528
280.25898521 61.31791482 0.16595417
280.09734270 61.58229298 0.17205347
279.94835641 61.82821400 0.17712169
279.81070520 62.06204883 0.18184220
279.67938046 62.29164042 0.18626662
279.55017980 62.52092544 0.18958888
279.42202583 62.75142482 0.19157256
279.29571086 62.98407287 0.19283365
279.17287615 63.21894189 0.19419007
279.05368460 63.45583655 0.19659823
278.93630481 63.69443155 0.20049599
278.81834943 63.93419469 0.20541996
278.69895030 64.17540795 0.21145316
278.57940644 64.41926814 0.21835731
278.46182637 64.66925736 0.22461706
278.34599635 64.93338138 0.22795808
278.22758670 65.21877337 0.22957725
278.10195827 65.52914842 0.23343137
277.96721572 65.86647805 0.24166084
277.82461432 66.23088642 0.25370172
277.67582328 66.62095363 0.26411529
277.52002941 67.03398112 0.26860294
277.35714350 67.46906385 0.27003336
277.18951660 67.92689690 0.27714358
277.01644689 68.40662599 0.29258119
276.83325352 68.90660191 0.30908499
276.63740569 69.42441497 0.32148965
276.43037931 69.95696821 0.32988725
276.21405468 70.50231386 0.33632816
275.98769476 71.06107494 0.34320847
275.75076798 71.63394115 0.34795480
275.50275287 72.21886665 0.34453687
275.24002558 72.81527153 0.33592572
274.96042166 73.42432681 0.32909381
274.66733472 74.04578748 0.32166962
274.36405033 74.67905664 0.30963878
274.05096906 75.32361490 0.29369459
273.72845945 75.97895335 0.27453811
273.39685913 76.64454418 0.25284800
273.05648728 77.31987820 0.22931646
272.70775152 78.00446466 0.20462973
272.35097589 78.69778537 0.17946079
271.98652145 79.39932729 0.15447994
271.61473768 80.10860347 0.13033585
271.23595807 80.82509083 0.10769730
270.85058177 81.54823314 0.08719022
270.45896458 82.27748823 0.06945594
270.06141264 83.01226094 0.05512991
269.65820553 83.75195801 0.04482760
269.24964288 84.49599644 0.03917325
268.83598650 85.24374301 0.03877803
268.41732451 85.99506379 0.04357928
267.99573353 86.75046727 0.05404767
267.57272188 87.50956799 0.06923339
267.14676761 88.27101057 0.08371099
266.71719554 89.03304847 0.09369665
266.28222816 89.79295245 0.09958501
265.84394282 90.54973031 0.10098296
265.40632095 91.30428934 0.10246870
264.96912005 92.05635617 0.10960281
264.53214290 92.80522635 0.12123753
264.09483724 93.54887821 0.13060658
263.65583500 94.28647900 0.13721585
263.21521354 95.01989940 0.14428167
262.77543004 95.74977920 0.15071609
262.33749873 96.47505511 0.15643475
261.89996941 97.19369988 0.15980591
261.46293738 97.90611220 0.16073106
261.02763163 98.61474866 0.16447494
260.59288036 99.31772861 0.17736121
260.15766887 100.00901830 0.19522093
259.72422018 100.68496616 0.20683432
259.29857311 101.34646158 0.21275463
258.88286193 101.99364504 0.22088020
258.47293981 102.62437435 0.23424050
258.06937031 103.23692677 0.24837961
257.67532707 103.82989579 0.25841569
257.28709908 104.40129643 0.26748172
256.90214446 104.94972045 0.27396908
256.52444201 105.47692742 0.27939226
256.15366651 105.98339041 0.28829274
255.78824486 106.46806489 0.29608032
255.42810294 106.93329103 0.30105801
255.07087563 107.38671358 0.30574604
254.71278115 107.83372017 0.31051868
254.34843255 108.27288671 0.31546380
253.97475787 108.70213618 0.32402285
253.59002670 109.11945366 0.33843055
253.19423003 109.52399884 0.35522180
252.78779430 109.91521048 0.37093174
252.36975251 110.29223819 0.38415177
251.94025161 110.65559287 0.39515050
251.49860136 111.00571964 0.40613484
251.04250317 111.34518236 0.41632686
250.57044948 111.67630299 0.42409033
250.08115362 111.99826174 0.42927706
249.57320255 112.31145983 0.43385917
249.04706868 112.61974697 0.43966951
248.50474866 112.92697181 0.44728399
247.94530431 113.23184466 0.45813829
247.36864620 113.53265452 0.46742663
246.77723629 113.83243243 0.47199173
246.17126066 114.13520498 0.47292802
245.55065691 114.44313053 0.46880502
244.91632449 114.75861549 0.46291011
244.26789466 115.08221201 0.45942965
243.60443975 115.41119986 0.45585773
242.92635650 115.74606242 0.45044630
242.23387399 116.08866444 0.44547188
241.52585407 116.43838999 0.44290231
240.80089581 116.79396796 0.44399897
240.06033874 117.15617029 0.44840122
239.30618293 117.52446292 0.45165034
238.53911581 117.89692254 0.44881289
237.75989383 118.27596857 0.44127759
236.96936138 118.66577239 0.43636777
236.16798936 119.06642580 0.44183569
235.35492357 119.47442540 0.45490950
234.52943979 119.88829192 0.46556937
233.69322116 120.30989064 0.47385675
232.84732031 120.73962999 0.48241206
231.99159794 121.17472465 0.48562717
231.12870088 121.61664605 0.48347883
230.25913154 122.06540844 0.48113591
229.37921830 122.51572029 0.48271285
228.48875714 122.96846846 0.48999914
227.58674149 123.42282345 0.50577445
226.67191946 123.87455299 0.52900351
225.74964394 124.32628344 0.55313473
224.82507123 124.77790390 0.57030382
223.90020885 125.22673662 0.57505116
222.97362227 125.67226221 0.57200431
222.04215524 126.11411700 0.57319194
221.10508301 126.55295133 0.58788815
220.16467903 126.98844683 0.61085930
219.22232631 127.41989267 0.63460264
218.27830683 127.84738124 0.65592819
217.33417278 128.26975562 0.67503094
216.39222333 128.68563263 0.68685461
215.45384120 129.09762215 0.68912462
214.51754307 129.50817668 0.69241698
213.58163741 129.91839277 0.70458774
212.64621570 130.32839325 0.72233524
211.71208598 130.73616034 0.74071240
210.78167164 131.14209782 0.75402534
209.85599439 131.54639097 0.75856805
208.93420815 131.94948666 0.76151217
208.01765059 132.35469053 0.77010584
207.10528228 132.76392177 0.78205526
206.19483743 133.17723492 0.79856993
205.28766917 133.59507413 0.82501081
204.38526505 134.01586014 0.85248226
203.48716557 134.43629271 0.87082284
202.59443846 134.85870589 0.88352287
201.70829169 135.28592121 0.89828545
200.82662469 135.71455275 0.91350635
199.94903782 136.14432218 0.92898589
199.07751778 136.57812629 0.94848125
198.21167205 137.01353655 0.96934716
197.35076730 137.44644758 0.98664238
196.49588874 137.87835706 0.99803290
195.64771169 138.30973569 1.00845109
194.80734595 138.73704630 1.02241598
193.97699519 139.15913289 1.03384874
193.15827146 139.57726293 1.04004573
192.35309588 139.99295554 1.04806078
191.56230900 140.40515655 1.05928098
190.78635093 140.81214115 1.07090249
190.02717872 141.21429828 1.08312176
189.28596946 141.61161969 1.09504652
188.56285903 142.00208113 1.10626216
187.85952534 142.38626135 1.11854403
187.17772665 142.76678014 1.12956291
186.51681076 143.14431203 1.13646710
185.87528453 143.51797228 1.14273100
185.25308176 143.88866967 1.15059325
184.65090333 144.25845104 1.15629559
184.06919687 144.62836848 1.15760968
183.50849168 144.99962934 1.15765051
182.96886600 145.37415072 1.16002758
182.44545781 145.75488212 1.16384435
181.93276221 146.14496957 1.16682180
181.43144114 146.54720433 1.16904951
180.94399060 146.96288744 1.17100664
180.47135157 147.39242310 1.16862050
180.01221868 147.83451539 1.15869752
179.56647820 148.28927354 1.14614794
179.13725814 148.75937086 1.13673741
178.72684994 149.24481755 1.13052017
178.33684595 149.74452445 1.12417113
177.97077858 150.25922493 1.11819847
177.63291320 150.79131204 1.11221192
177.32378558 151.34111741 1.10396699
177.04147942 151.90645530 1.09583902
176.78921572 152.48565244 1.08785480
176.57084132 153.07732008 1.07645232
176.38271716 153.67985745 1.06139866
176.22048043 154.29226345 1.04170049
176.08491983 154.91480582 1.01594527
175.98281319 155.54649251 0.99076596
175.91839242 156.18606934 0.97577275
175.88691151 156.83463967 0.96982894
175.88513425 157.49043364 0.96558486
175.91478907 158.15104229 0.95907376
175.97744571 158.81561033 0.95018665
176.07141949 159.48285683 0.94075708
176.19358120 160.15267019 0.93037118
176.34699779 160.82170397 0.92002723
176.53474360 161.48629768 0.90820001
176.75099463 162.14909235 0.89523712
176.98873950 162.81466212 0.88530645
177.24731797 163.48241389 0.88278373
177.52545865 164.15047861 0.88729549
177.81841721 164.81896858 0.88925001
178.12621983 165.48636486 0.88150757
178.44846326 166.15212111 0.86440136
178.77895868 166.82070568 0.84287174
179.11534565 167.49586299 0.82444097
179.45956402 168.17746893 0.80998996
179.80911063 168.86786889 0.79758018
180.16279123 169.56719511 0.79023567
180.52256018 170.27271854 0.78475655
180.88621164 170.98523808 0.77462157
181.25297288 171.70554028 0.76089120
181.62609546 172.43194038 0.75187495
182.00530127 173.16453822 0.75433663
182.38767409 173.90603851 0.76515920
182.77255233 174.65710385 0.77734138
183.15811349 175.41740090 0.79243853
183.54317881 176.18745532 0.80542124
183.92763456 176.96838849 0.80813981
184.31314981 177.75966742 0.80707133
184.70341644 178.55838482 0.80371947
185.09932867 179.36310578 0.79602620
185.50031264 180.17526165 0.78717994
185.90632951 180.99741432 0.78276200
186.31759421 181.83098218 0.78903033
186.73320429 182.67661138 0.80159248
187.15113621 183.53338992 0.81189577
187.57226113 184.39949418 0.81831033
187.99802003 185.27474933 0.81924846
188.42836722 186.15845399 0.81601872
188.86359141 187.04844651 0.80854638
189.30361665 187.94641163 0.79860803
189.74908237 188.85528577 0.79712082
190.19888991 189.77568540 0.80954171
190.64845324 190.70672485 0.82235816
191.09684778 191.64469540 0.82207167
191.54552872 192.58747663 0.81325183
191.99481566 193.53643210 0.80589851
192.44394900 194.49237951 0.80512414
192.89227749 195.45391073 0.81020688
193.33946037 196.41977804 0.81546562
193.78511297 197.39006592 0.81894321
194.23109697 198.36377605 0.82118930
194.67757638 199.33895874 0.81909127
195.12305976 200.31380805 0.81448293
195.56810950 201.28691376 0.80810872
196.01305220 202.25964278 0.80356484
196.45736524 203.23353435 0.80701334
196.90060765 204.20806095 0.81466782
197.34120902 205.18308955 0.82214086
197.78024878 206.15958685 0.83274966
198.21859900 207.13756055 0.84946215
198.65707438 208.11499151 0.86662374
199.09522297 209.09048494 0.87303433
199.53287604 210.06371485 0.87082977
199.97096009 211.03657030 0.87072712
200.40991180 212.00998257 0.87711100
200.85085529 212.98289260 0.88632450
201.29369622 213.95465460 0.89354619
201.73783119 214.92435910 0.89785634
202.18450932 215.89021872 0.90078967
202.63425816 216.85303267 0.90406985
203.08461081 217.81635467 0.90959670
203.53657630 218.78095242 0.92068697
203.98953778 219.74549681 0.93228848
204.43948523 220.71076095 0.93982823
204.88848154 221.67632408 0.94470281
205.33860694 222.63829542 0.94887567
205.78712467 223.59722566 0.95090464
206.23338640 224.55634381 0.95309113
206.67781035 225.51642311 0.95692138
207.12225530 226.47631625 0.95707643
207.56223014 227.43777794 0.96153098
207.99744663 228.39872163 0.96398049
208.43256626 229.35600513 0.95404251
208.86586844 230.31061491 0.93969646
209.29903784 231.26252212 0.92437665
209.73290468 232.21284860 0.91129904
210.16602367 233.16228203 0.90588479
210.59409782 234.11133058 0.90527177
211.01727240 235.05887259 0.90037170
211.43640526 236.00598481 0.89099548
211.84994626 236.95574130 0.88811905
212.26312230 237.90578942 0.89424249
212.67613695 238.85494378 0.89760830
213.08506167 239.80484634 0.89406832
213.48886289 240.75512542 0.88862121
213.88726532 241.70624744 0.88320391
214.28278483 242.65865086 0.87879390
214.67677038 243.61221858 0.87843262
215.07220771 244.56391447 0.87741258
215.47140456 245.51213518 0.87428720
215.87268376 246.45885620 0.87340627
216.27720727 247.40366873 0.87651038
216.68646403 248.34538824 0.87880556
217.09971399 249.28474387 0.87639122
217.51666253 250.22208844 0.87232363
217.93650507 251.15591187 0.86282848
218.36065604 252.08493120 0.84610481
218.79098454 253.00888878 0.82858661
219.22686813 253.92930890 0.81754713
219.67087042 254.84546129 0.81526105
220.12218857 255.75642177 0.81631776
220.57697823 256.66301425 0.81262425
221.03106928 257.56878144 0.80196064
221.48329594 258.47637163 0.79105800
221.93650975 259.38270418 0.78297876
222.38922688 260.28613130 0.77181307
222.84289182 261.18684331 0.75815819
223.30050259 262.08437832 0.75131461
223.75881273 262.97907174 0.74959423
224.21387745 263.87042936 0.74068912
224.66549253 264.75702775 0.72298031
225.11609092 265.63976236 0.70412821
225.56786502 266.51990032 0.69281895
226.02057413 267.39688819 0.69080798
226.47223496 268.26886082 0.68770635
226.92090537 269.13469900 0.67708268
227.36529969 269.99544410 0.66468317
227.80391023 270.85072089 0.65650524
228.23580070 271.69673271 0.64841796
228.66126146 272.53110240 0.63521353
229.08138085 273.35373750 0.62092404
229.49662317 274.16522552 0.61247700
229.90531759 274.96680172 0.60820413
230.30734382 275.75880368 0.60186047
230.70262634 276.54215200 0.59500441
231.09251848 277.31615686 0.59227555
231.47863061 278.07727345 0.58782388
231.86151773 278.82407813 0.57982466
232.24360155 279.55622337 0.57354188
232.62430116 280.27338874 0.57259946
233.00156226 280.97558801 0.57775322
233.37395256 281.66098257 0.58316086
233.73819228 282.32792153 0.58272454
234.09219991 282.97693809 0.57573919
234.43716229 283.60900660 0.56560651
234.77548203 284.22499334 0.55724111
235.10934416 284.83098212 0.55532675
235.44022725 285.43431115 0.55731125
235.76980240 286.03701834 0.55723195
236.10082011 286.63864496 0.55703577
236.43509375 287.23859806 0.56489520
236.77062188 287.83794209 0.58046010
237.10348551 288.43657566 0.59443485
237.43146837 289.03426757 0.60218016
237.75423063 289.63333301 0.60617135
238.07270964 290.23494030 0.60882253
238.38943094 290.84156042 0.61232784
238.70426535 291.45933118 0.61829667
239.01439653 292.09207228 0.62617860
239.32132893 292.73975255 0.63566948
239.62957250 293.40123320 0.64268610
239.93967417 294.07741065 0.64537691
240.24835943 294.77045893 0.64817761
240.55691084 295.47948351 0.65262298
240.87151653 296.20256347 0.65905306
241.19601550 296.93923126 0.66547885
241.52902582 297.68995486 0.67392360
241.86952162 298.45350756 0.68696659
242.22218923 299.22590349 0.69949576
242.58842347 300.00622063 0.70339258
242.96650441 300.79665126 0.69920796
243.35750535 301.59792194 0.69696002
243.76291647 302.40964901 0.70230641
244.18374130 303.23017557 0.71214608
244.61852501 304.05745955 0.71710122
245.06667632 304.88959226 0.71647947
245.53097249 305.72554938 0.71409645
246.01151466 306.56671226 0.71404575
246.50475712 307.41566165 0.72435125
247.00887106 308.27300411 0.74073922
247.52306244 309.13771209 0.75425702
248.04515560 310.00989835 0.76343043
248.57414206 310.88989001 0.76703140
249.11141833 311.77821224 0.76670453
249.65587249 312.67709582 0.76769686
250.20305466 313.58787594 0.76946388
250.74931371 314.51005927 0.76644600
251.29493263 315.44261481 0.76058311
251.84074544 316.38236184 0.75730750
252.38303783 317.32707759 0.75675560
252.91839787 318.27381981 0.75365107
253.44667410 319.22029565 0.74584871
253.96734305 320.16832421 0.73895559
254.47969271 321.12065745 0.74031086
254.98436421 322.07827806 0.74685860
255.48212486 323.03810117 0.74722821
255.97465582 323.99674571 0.73779879
256.46257256 324.95405470 0.72330896
256.94620388 325.91111752 0.71178548
257.42623661 326.86709172 0.70377275
257.90174077 327.82156961 0.69278138
258.37331477 328.77508771 0.68024880
258.84289937 329.72777925 0.67364490
259.31086467 330.67925762 0.67196265
259.77795930 331.62829017 0.66838536
260.24340510 332.57467002 0.66142185
260.70615775 333.51800438 0.64805418
261.16652210 334.45773420 0.62889714
261.62455857 335.39480273 0.61019626
262.08242267 336.32820359 0.59706451
262.54180735 337.25556999 0.59026725
263.00250360 338.17593091 0.58606465
263.46454495 339.08792353 0.58660646
263.92641835 339.99010947 0.59185176
264.38590769 340.88057694 0.59291345
264.84079468 341.75801660 0.58727572
265.28941773 342.62232635 0.57902776
265.73245727 343.47256424 0.57218697
266.17237894 344.30744602 0.57031270
266.60804435 345.12631219 0.57053489
267.03598785 345.93055733 0.57045303
267.45782016 346.72075690 0.56997264
267.87351286 347.49717827 0.56896456
268.27992917 348.26063952 0.56768842
268.67646758 349.01046000 0.56349264
269.06413771 349.74615759 0.55475861
269.44289026 350.46783458 0.54347086
269.81299049 351.17533847 0.53191876
270.17499847 351.86822085 0.52199677
270.52803174 352.54559520 0.51517363
270.87151134 353.20643490 0.51189309
271.20501977 353.84968458 0.51102733
271.52683245 354.47371482 0.51105482
271.83544336 355.07676802 0.51115271
272.13100024 355.65775695 0.50910632
272.41470334 356.21565888 0.50215431
272.68841294 356.74931266 0.49146478
272.95597841 357.25723852 0.48049093
273.22192550 357.73905296 0.46918698
273.48961536 358.19674604 0.45489217
273.76117444 358.63397574 0.43669809
274.03844269 359.05240059 0.41695014
274.32517478 359.44925249 0.39825701
274.62329103 359.82227264 0.38101487
274.93200947 360.17178399 0.36517794
275.25060327 360.49797758 0.35069003
275.57842828 360.80104194 0.33747704
275.91490533 361.08108611 0.32546857
276.25952862 361.33824044 0.31458836
276.61185657 361.57254313 0.30475728
276.97148864 361.78401869 0.29589855
277.33809441 361.97264328 0.28792943
277.71137369 362.13833746 0.28076172
278.09103402 362.28099228 0.27428258
278.47680826 362.40041437 0.26837374
278.86847589 362.49635093 0.26288463
279.26584110 362.56844606 0.25765156
279.66869099 362.61626712 0.25250293
280.07681304 362.63933462 0.24723261
280.48984717 362.63906457 0.24102507
280.90914106 362.61589507 0.23032218
281.33787603 362.56599142 0.21494582
281.77888266 362.48623535 0.20195627
282.23366080 362.37924806 0.19491536
282.70242841 362.25248290 0.18672466
283.18424132 362.10939570 0.17103783
283.67815042 361.94647054 0.15111955
284.18402381 361.75994445 0.13476472
284.70030319 361.54901794 0.12696127
285.22540584 361.31940745 0.12210001
285.75954269 361.07717861 0.11376804
286.30320249 360.82417437 0.10414397
286.85681492 360.56425652 0.09430158
287.42106247 360.30084646 0.08602917
287.99695809 360.03455694 0.08032906
288.58525980 359.76438419 0.07331317
289.18635920 359.49106272 0.06332790
289.80113102 359.21517194 0.05248651
290.42932532 358.93594389 0.04419158
291.06947390 358.65307875 0.03747256
291.72110711 358.36722558 0.02954774
292.38451641 358.07833025 0.01907295
293.06095519 357.78603253 0.00946766
293.75143689 357.49087133 0.00774336
294.45559920 357.19231575 0.01396622
295.17233796 356.88828373 0.01901594
295.90029940 356.57844278 0.01697995
296.63989805 356.26444086 0.01090142
297.39122615 355.94524151 0.00491144
298.15304119 355.62091883 0.00103993
298.92467756 355.29203566 -0.00277912
299.70589489 354.95891727 -0.01203091
300.49710827 354.62257226 -0.02557461
301.29974050 354.28148651 -0.03742298
302.11495149 353.93337844 -0.04104704
302.94119051 353.57849419 -0.03318678
303.77541774 353.21633940 -0.02200862
304.61482345 352.84468029 -0.01638316
305.45770819 352.46282538 -0.01576664
306.30470161 352.07207741 -0.01945624
307.15759324 351.67364495 -0.02386713
308.01783393 351.26952830 -0.02410368
308.88424333 350.86063782 -0.02135409
309.75570337 350.44683394 -0.01723445
310.63252214 350.02891982 -0.01311175
311.51342631 349.60737112 -0.00686448
312.39536129 349.18283134 -0.00041428
313.27740611 348.75310250 0.00419792
314.16056801 348.31810461 0.00990816
315.04525736 347.87898229 0.02095771
315.93181881 347.43339283 0.03549211
316.82002269 346.98409728 0.04960994
317.70925376 346.53290887 0.06370244
318.59794390 346.07899184 0.07317051
319.48493551 345.62389289 0.07657512
320.37050108 345.16713300 0.07486905
321.25522681 344.70609784 0.07054200
322.13932199 344.24019906 0.06769461
323.02327110 343.76958552 0.06856529
323.90728092 343.29329378 0.07340566
324.79030476 342.81418124 0.07948232
325.67024426 342.33535455 0.08505379
326.54605493 341.85797608 0.08771224
327.41832074 341.38198560 0.08939583
328.28789837 340.90597070 0.09656088
329.15682625 340.42891134 0.11164003
330.02526439 339.95127249 0.13426440
330.89154470 339.47270794 0.15937133
331.75323676 338.98814742 0.17500931
332.60864008 338.49799351 0.18010849
333.46063368 338.00837343 0.18201526
334.31050154 337.52299246 0.18416277
335.15841706 337.04228274 0.18899800
336.00535318 336.56388849 0.19661065
336.85131777 336.08935072 0.20911932
337.69635413 335.61895567 0.22450888
338.54101359 335.15093841 0.24068937
339.38589085 334.68634966 0.25872093
340.23060134 334.22711025 0.27466152
341.07465171 333.77449862 0.28522444
341.91865147 333.32949570 0.29131946
342.76255291 332.89464552 0.29336712
343.60552594 332.47346846 0.29165741
344.44817924 332.06620681 0.28713787
345.29204486 331.67247588 0.28266531
346.13865812 331.29385229 0.28218500
346.98772808 330.92838026 0.28457896
347.83747237 330.57401983 0.28759721
348.68564140 330.23137563 0.28390651
349.53389546 329.89939414 0.27340664
350.38604356 329.57943357 0.26779223
351.24327923 329.27173850 0.26696949
352.10423507 328.97503723 0.26712240
352.96628601 328.68851113 0.26745985
353.82642951 328.41205312 0.25964624
354.68616861 328.14713514 0.24330311
355.54935692 327.89426660 0.22987329
356.41623611 327.65566791 0.22648627
357.28693760 327.42980478 0.22896395
358.16000955 327.21199600 0.22483291
359.03213362 327.00315237 0.21196803
359.90293106 326.80731853 0.19690410
360.77571391 326.62497416 0.18419743
361.65017554 326.45652184 0.17671553
362.52613813 326.30168825 0.17538769
363.40595034 326.15542064 0.17650360
364.28844966 326.01576027 0.17558580
365.17158629 325.88528131 0.17360430
366.05210497 325.76494957 0.16507622
366.93247463 325.65149093 0.14900755
367.81726328 325.54362494 0.13266873
368.70482817 325.44564948 0.12059255
369.59525799 325.35704245 0.11386249
370.48941510 325.27188297 0.10855298
371.38333767 325.19180466 0.10010874
372.27397284 325.12124091 0.08586461
373.16286027 325.05972343 0.07207449
374.05089862 325.00685685 0.06757492
374.93576328 324.96317745 0.07000155
375.81568813 324.92802992 0.07189200
376.69061300 324.90065768 0.07126927
377.56056284 324.88155829 0.07057227
378.42554713 324.87073641 0.07204837
379.28373798 324.86866777 0.07506203
380.13342870 324.87455718 0.07828551
380.97511070 324.88565380 0.07845925
381.80910323 324.90291996 0.07689213
382.63425364 324.92973820 0.07868635
383.45051527 324.96586746 0.08685690
384.25763060 325.00920908 0.10141077
385.05443491 325.05743566 0.11642412
385.83886387 325.10714391 0.12263325
386.60696568 325.15671247 0.11834047
387.35602394 325.20680579 0.11027667
388.08557998 325.25700064 0.10290265
388.79481294 325.30613796 0.09852731
389.48192730 325.35373507 0.09897053
390.14723098 325.39688912 0.10096989
390.79181466 325.43247976 0.10117131
391.41532275 325.45978959 0.10118309
392.01738254 325.47717626 0.10025894
392.59789232 325.48276904 0.09782854
393.15623924 325.47633272 0.09542202
393.69273516 325.45728299 0.09324165
394.20845682 325.42434082 0.09162960
394.70398626 325.37608784 0.09202615
395.17911538 325.30995864 0.09525894
395.63373964 325.22331972 0.09887205
396.06799370 325.11566458 0.09826920
396.48266053 324.99089311 0.09254839
396.88185379 324.85507749 0.08277025
397.26909279 324.71291069 0.06888778
397.64497253 324.56754093 0.05200073
398.00990370 324.41996646 0.03480782
398.36553072 324.26779312 0.01982311
398.71440257 324.10636850 0.00726319
399.05611704 323.93446008 -0.00397272
399.38882190 323.75094814 -0.01097133
399.71163518 323.55335247 -0.01295577
400.02280348 323.34324810 -0.01495762
400.32079806 323.12363263 -0.02036701
400.60855286 322.89549005 -0.02998094
400.89171397 322.65700833 -0.04228763
401.17265783 322.40565247 -0.05488195
401.45122389 322.13988888 -0.06709721
401.72583789 321.85969808 -0.07729266
401.99434202 321.56617357 -0.08273659
402.25570056 321.25867881 -0.08404483
402.51001869 320.93414949 -0.08419734
402.75827687 320.58923629 -0.08530425
403.00208497 320.22239456 -0.08750923
403.24375407 319.83334803 -0.08991315
403.48597370 319.42078109 -0.09373348
403.73046200 318.98238924 -0.10026136
403.97720790 318.51443105 -0.10778505
404.22502989 318.01275240 -0.11430822
404.47190273 317.47476878 -0.11863378
404.71638708 316.90084565 -0.12083677
404.95795302 316.29384128 -0.12259782
405.19587992 315.65625218 -0.12473584
405.42920801 314.99041901 -0.12650264
405.65730913 314.29865465 -0.12809179
405.88008631 313.58258618 -0.12991341
406.09786083 312.84353921 -0.13170752
406.31112972 312.08266867 -0.13279364
406.51992470 311.29990862 -0.13238562
406.72471049 310.49586211 -0.13108606
406.92616103 309.67270493 -0.12893704
407.12504883 308.83258439 -0.12773287
407.32284639 307.97822493 -0.12980823
407.52136349 307.11108137 -0.13498748
407.72166910 306.23012271 -0.13955233
407.92437841 305.33382673 -0.13776258
408.12937428 304.42269486 -0.13082618
408.33412437 303.49841039 -0.12607354
408.53532539 302.56151842 -0.12656062
408.73135652 301.61272178 -0.12901349
408.92135018 300.65332490 -0.13044870
409.10419723 299.68505025 -0.13068826
409.27906036 298.70933337 -0.12974814
409.44579309 297.72711986 -0.12743894
409.60526917 296.73980304 -0.12382313
409.75818024 295.74779378 -0.11959198
409.90479648 294.75093386 -0.11608403
410.04585307 293.74974319 -0.11489232
410.18296938 292.74434801 -0.11625410
410.31772257 291.73384279 -0.11859206
410.45090792 290.71888073 -0.12091307
410.58253363 289.70042831 -0.12409828
410.71275270 288.67830066 -0.12765071
410.84215458 287.65258243 -0.12914660
410.97088522 286.62301946 -0.12783094
411.09850735 285.58955565 -0.12585578
411.22475501 284.55187182 -0.12607065
411.35012301 283.50965397 -0.12883116
411.47628228 282.46326520 -0.13303249
411.60421804 281.41210792 -0.13669275
411.73387418 280.35652861 -0.13867775
411.86496694 279.29618758 -0.13991837
411.99645544 278.23035599 -0.14114675
412.12720441 277.15992880 -0.14228351
412.25690260 276.08564377 -0.14358856
412.38628442 275.00747987 -0.14551740
412.51619830 273.92601814 -0.14551420
412.64646759 272.84252145 -0.14357803
412.77598800 271.75724785 -0.14469867
412.90420469 270.66992636 -0.14969121
413.03177737 269.58060671 -0.15628947
413.16175427 268.49136670 -0.16393143
413.29760162 267.40396958 -0.17162924
413.44042971 266.31871450 -0.17714950
413.58996374 265.23494996 -0.18117167
413.74604495 264.15155654 -0.18692024
413.91029113 263.06965665 -0.19312096
414.08358623 261.99191777 -0.19368733
414.26360816 260.91860261 -0.19057797
414.44826392 259.84912814 -0.18982876
414.63777844 258.78301926 -0.18795713
414.83254152 257.71841007 -0.18087994
415.03148250 256.65411959 -0.17120969
415.23312185 255.59051801 -0.16125166
415.43664319 254.52869854 -0.15107789
415.64119360 253.46973675 -0.14073952
415.84595086 252.41471317 -0.13030051
416.05010578 251.36471576 -0.11983594
416.25281677 250.32084856 -0.10944365
416.45324232 249.28419893 -0.09922155
416.65058840 248.25585073 -0.08928472
416.84396546 247.23691946 -0.07977000
417.03251559 246.22851300 -0.07084660
417.21539513 245.23170420 -0.06268319
417.39173071 244.24758116 -0.05547760
417.56065844 243.27728475 -0.04945647
417.72126975 242.32189616 -0.04484036
417.87262414 241.38254203 -0.04189439
418.01371719 240.46037121 -0.04087609
418.14359723 239.55654611 -0.04207635
418.25997284 238.67108208 -0.04550225
418.35955141 237.80376385 -0.05124561
418.43941517 236.95536373 -0.05913661
418.49786917 236.12517976 -0.06886676
418.53383751 235.31259210 -0.08138326
418.54729594 234.51792945 -0.09733941
418.53982591 233.74094774 -0.11634581
418.51293970 232.98150923 -0.13800909
418.46811956 232.23954115 -0.16190197
418.40680597 231.51499055 -0.18759710
418.33031629 230.80786294 -0.21467316
418.23983624 230.11819409 -0.24268890
418.13647660 229.44598749 -0.27116045
418.02126340 228.79125222 -0.29957592
417.89503182 228.15395674 -0.32739726
417.75850741 227.53401264 -0.35402641
417.61222839 226.93125004 -0.37883579
417.45653332 226.34545004 -0.40114256
417.29156358 225.77628442 -0.42022028
417.11721882 225.22332662 -0.43529974
416.93221096 224.68643382 -0.44595443
416.73421849 224.16442310 -0.45269652
416.52108892 223.65505660 -0.45704721
416.29058023 223.15756383 -0.45925997
416.04049169 222.67304250 -0.45709544
415.76860005 222.20320395 -0.44962197
415.47284159 221.75043493 -0.43775853
415.15131800 221.31641578 -0.42202318
414.80399706 220.90105317 -0.40297883
414.43255777 220.50388723 -0.38154121
414.03692505 220.12543951 -0.35839186
413.61569974 219.76779901 -0.33378547
413.16853433 219.43310080 -0.30916283
412.69570468 219.12255491 -0.28725679
412.19690544 218.83711356 -0.26876769
411.67254295 218.57860739 -0.25382269
411.12343755 218.34928512 -0.24221560
410.55051012 218.15056480 -0.23350295
409.95578934 217.98296538 -0.22860536
409.34149257 217.84573850 -0.22956909
408.70661488 217.73672733 -0.23643570
408.04953643 217.65477860 -0.24608664
407.37110073 217.59980249 -0.25702186
406.67056377 217.57028426 -0.26926862
405.94784192 217.56527540 -0.28200420
405.20451212 217.58482325 -0.29475811
404.44109777 217.62843179 -0.30734206
403.65829584 217.69612702 -0.31951914
402.85582970 217.78685733 -0.33158719
402.03300112 217.89907011 -0.34292122
401.19088550 218.03222469 -0.35312235
400.33128295 218.18615496 -0.36141640
399.45612370 218.36015148 -0.36870779
398.56717092 218.55306209 -0.37885155
397.66681442 218.76422275 -0.39390960
396.75589807 218.99223987 -0.41222866
395.83445834 219.23620772 -0.42847605
394.90062618 219.49559778 -0.43870285
393.95088437 219.76828916 -0.44504924
392.98562970 220.05247408 -0.45196582
392.00831748 220.34832875 -0.46013760
391.02270977 220.65600669 -0.46777947
390.03085914 220.97513495 -0.47030039
389.03316454 221.30547448 -0.46385229
388.03108525 221.64636266 -0.45129344
387.02571008 221.99746657 -0.43677601
386.01751312 222.35904618 -0.42407882
385.00756859 222.73143766 -0.41395080
383.99595493 223.11457619 -0.40360904
382.98185774 223.50865469 -0.39248120
381.96582709 223.91396648 -0.38240738
380.94849169 224.32982351 -0.37217729
379.92789892 224.75538761 -0.35911981
378.90353159 225.19045927 -0.34403160
377.87636645 225.63404868 -0.32950208
376.84745871 226.08498284 -0.31509111
375.81726931 226.54256134 -0.29975258
374.78532922 227.00514632 -0.28570918
373.75191309 227.47170660 -0.27211323
372.71810157 227.94245186 -0.25718565
371.68412423 228.41824264 -0.24116184
370.64968313 228.90064429 -0.22530792
369.61424977 229.39079970 -0.21296171
368.57671708 229.88806969 -0.19978983
367.53741121 230.39192463 -0.18203851
366.49480772 230.90089113 -0.16567070
365.44944445 231.41462690 -0.15314172
364.40557464 231.93535070 -0.14089809
363.36457899 232.46342602 -0.12802081
362.32611782 232.99794809 -0.11683276
361.28947629 233.53785723 -0.10703643
360.25497552 234.08231503 -0.09699179
359.22315383 234.63112987 -0.08713419
358.19461453 235.18420201 -0.07902385
357.17094198 235.74163246 -0.07253913
356.15297808 236.30312730 -0.06761473
355.14113515 236.86788754 -0.06321600
354.13559714 237.43470785 -0.05701902
353.13692605 238.00287807 -0.04853482
352.14637147 238.57223182 -0.03850769
351.16413140 239.14273025 -0.02903086
350.19060029 239.71460080 -0.02209409
349.22650211 240.28671209 -0.01658795
348.27324492 240.85783766 -0.01254969
347.33220625 241.42758664 -0.00966930
346.40335874 241.99469974 -0.00691121
345.48668059 242.55764260 -0.00496023
344.58258261 243.11530563 -0.00392777
343.69215327 243.66671776 -0.00390003
342.81640395 244.21144861 -0.00545420
341.95590587 244.74826208 -0.00861218
341.11050854 245.27629058 -0.01330072
340.27964058 245.79542917 -0.01999019
339.46237852 246.30399837 -0.02676651
338.65876042 246.80027118 -0.03130629
337.86876599 247.28435214 -0.03347157
337.09059479 247.75624060 -0.03484977
336.32271962 248.21618704 -0.03790441
335.56482804 248.66439612 -0.04258001
334.81585993 249.09930402 -0.04822554
334.07484088 249.51901678 -0.05444698
333.34223416 249.92257109 -0.05989021
332.61825226 250.30905168 -0.06470098
331.90290424 250.67677614 -0.06934628
331.19735707 251.02456381 -0.07462815
330.50381746 251.35358430 -0.08293347
329.82461257 251.66274135 -0.09200270
329.16027047 251.94984861 -0.10019802
328.50967915 252.21603027 -0.11068289
327.87287947 252.46284906 -0.12479674
327.25047396 252.69066936 -0.14191963
326.64187186 252.89822612 -0.15965889
326.04540071 253.08422565 -0.17564863
325.45897264 253.24846589 -0.18942863
324.88019993 253.39098099 -0.20169358
324.30796412 253.51312241 -0.21286668
323.74323227 253.61725347 -0.22247646
323.18818025 253.70402209 -0.23038624
322.64542942 253.77270965 -0.23698264
322.11683765 253.82289014 -0.24147090
321.60490898 253.85401926 -0.24445029
321.11145129 253.86464566 -0.24727882
320.63550025 253.85392546 -0.24879282
320.17485400 253.82326739 -0.24672278
319.72557287 253.77578996 -0.24154916
319.28456274 253.71164229 -0.23453568
318.85159173 253.62604815 -0.22469049
318.42525415 253.51666361 -0.21219461
318.00202636 253.38506937 -0.19735198
317.57998977 253.23284018 -0.17977753
317.16069769 253.05741846 -0.15942281
316.74534754 252.85627172 -0.13739763
316.33174505 252.63258360 -0.11742142
315.91789221 252.38727626 -0.10100526
315.50332615 252.11883500 -0.08646239
315.08701278 251.82653439 -0.07247497
314.67001351 251.50730128 -0.05603415
314.25698464 251.15633452 -0.03636746
313.85026361 250.77159259 -0.01611065
313.44728157 250.35471013 0.00213673
313.04287745 249.91009673 0.01357232
312.63596162 249.43934700 0.01750331
312.23044193 248.94061594 0.01875174
311.82984098 248.41438211 0.01960495
311.43509874 247.86249536 0.01885055
311.04297418 247.28644028 0.01748795
310.65132292 246.68734343 0.01705142
310.26326728 246.06600660 0.01520813
309.88097159 245.42379896 0.01034171
309.50185990 244.76190646 0.00473380
309.12300700 244.08078103 0.00168830
308.74040202 243.38247976 0.00027025
308.35313525 242.66897964 -0.00249432
307.96371283 241.94041681 -0.00461422
307.57001270 241.19818647 -0.00523048
307.17134724 240.44394508 -0.00555001
306.77065985 239.67790093 -0.00302792
306.36852589 238.90103952 0.00351367
305.96232653 238.11513808 0.01139850
305.55107838 237.32147104 0.01725475
305.13425705 236.52056846 0.02077374
304.70797134 235.71325749 0.02239947
304.27241449 234.90060563 0.02379993
303.83116977 234.08180787 0.02595260
303.38689995 233.25486668 0.02650793
302.94203882 232.41882828 0.02299074
302.49629381 231.57327955 0.02080845
302.04940467 230.71849764 0.02709462
301.59936695 229.85474332 0.03747494
301.14253531 228.98210490 0.04380027
300.68009154 228.10148631 0.04666177
300.21574928 227.21351018 0.05041004
299.75009216 226.31796900 0.05327127
299.28224677 225.41519849 0.05433011
298.81236306 224.50469792 0.05873311
298.33864755 223.58468783 0.06600732
297.85829705 222.65476584 0.07393104
297.37185474 221.71485818 0.08596311
296.88244176 220.76512314 0.09784067
296.39380444 219.80701115 0.10338908
295.90807625 218.84185247 0.10759045
295.42398149 217.87102236 0.11759793
294.93975288 216.89378965 0.13013251
294.45339272 215.90764350 0.14124427
293.96563700 214.91254850 0.14472068
293.47789698 213.90884712 0.14093925
292.98889273 212.89654261 0.13873120
292.49943802 211.87839499 0.13895058
292.00980144 210.85767966 0.14241104
291.51913545 209.83469387 0.14213975
291.02762351 208.80930097 0.13313450
290.53453109 207.78280649 0.12254364
290.03802102 206.75626345 0.11633587
289.53808370 205.72984847 0.11503207
289.03713882 204.70377632 0.11473952
288.53578254 203.67759924 0.10843295
288.03293150 202.65138008 0.09722742
287.52656492 201.62600210 0.08795552
287.01653035 200.60143993 0.08088637
286.50475117 199.57755461 0.07360180
285.99135208 198.55434107 0.06476155
285.47493615 197.53174755 0.05627491
284.95242646 196.50890563 0.05023114
284.42322435 195.48657592 0.04944992
283.89075518 194.46592924 0.05127286
283.35574217 193.44583892 0.05102461
282.81826279 192.42645142 0.04819985
282.27928190 191.40828160 0.04265377
281.73902035 190.39053932 0.03334414
281.19760871 189.37408579 0.02294470
280.65510298 188.36011432 0.01863785
280.11274449 187.34772757 0.01855756
279.57092439 186.33470134 0.01670308
279.02813936 185.31938676 0.01623435
278.48488226 184.30148946 0.02247954
277.94243381 183.28084806 0.03320922
277.40094375 182.25730523 0.04392052
276.86035801 181.22981763 0.05146221
276.32072575 180.19564269 0.05313994
275.78278734 179.15445423 0.05040130
275.24677942 178.10963887 0.05181997
274.71297074 177.06394069 0.06651403
274.18032710 176.01715956 0.08874396
273.64784124 174.96831945 0.10487612
273.11591192 173.91816503 0.11450078
272.58641008 172.86802061 0.11753816
272.05903580 171.81857899 0.11300367
271.53245879 170.77170925 0.10816858
271.00798989 169.72794520 0.10591496
270.48761412 168.68607026 0.10094278
269.97039543 167.64652113 0.09490845
269.45357844 166.60938913 0.09742091
268.93588090 165.57397432 0.10899760
268.41709982 164.53952355 0.11916659
267.90018354 163.50811310 0.12352842
267.38770334 162.48183357 0.11988841
266.88178082 161.46049875 0.10749854
266.38507613 160.44618941 0.09239469
265.89365134 159.43921752 0.07926270
265.40038296 158.43887184 0.07863505
264.90419091 157.44681611 0.09377175
264.40687377 156.46070427 0.11088462
263.90932375 155.47793335 0.11679556
263.41266046 154.50021171 0.11291702
262.91833957 153.52964808 0.10495667
262.42808195 152.56655901 0.09169736
261.94058964 151.61167985 0.07502601
261.45458409 150.66863384 0.06228755
260.97077541 149.73998757 0.05620562
260.48898992 148.82582195 0.05646363
260.00919565 147.92666063 0.06350528
259.53129798 147.04262008 0.07698298
259.05621003 146.17219467 0.09038637
258.58504364 145.31179614 0.09604741
258.11950337 144.45831022 0.09230018
257.66148039 143.61162221 0.08167345
257.21191801 142.77457560 0.06851235
256.77196616 141.95104582 0.05897618
256.34030852 141.14042010 0.05747809
255.91572170 140.34210149 0.06318245
255.49950777 139.55652005 0.07445420
255.09319247 138.78019080 0.08675164
254.69819253 138.01177337 0.09226218
254.31298281 137.25304012 0.09316800
253.93416391 136.50554419 0.09735078
253.56025927 135.77060778 0.10821543
253.19286702 135.04943416 0.12231113
252.83333932 134.34297289 0.13623126
252.47991144 133.64827425 0.15093052
252.13218552 132.96429318 0.16666670
251.79323190 132.29522467 0.18376344
251.46577416 131.64019146 0.19834765
251.14980750 130.99387540 0.20685037
250.84530654 130.35692060 0.21068588
250.55185154 129.73387853 0.21644431
250.26641805 129.12359985 0.23063487
249.98854592 128.52192795 0.24981622
249.71878567 127.92963485 0.26857506
249.45466694 127.35151040 0.28692427
249.19335188 126.78675554 0.30302670
248.93408855 126.23498803 0.31505063
248.67711508 125.70044280 0.32518542
248.42010423 125.18185370 0.33741011
248.16112630 124.67847077 0.35284616
247.90107481 124.19411968 0.36906162
247.64144816 123.73241958 0.38557564
247.37881726 123.29240442 0.40215013
247.10504570 122.86993787 0.41817003
246.81679419 122.46690189 0.43313795
246.51555087 122.08919576 0.44577494
246.20297038 121.73858019 0.45436281
245.87940198 121.41280866 0.45845337
245.54349384 121.10818684 0.45969805
245.19344007 120.82216361 0.46164214
244.82977109 120.55645090 0.46529015
244.45384405 120.31314501 0.46688786
244.06245190 120.09227676 0.46145249
243.65056030 119.89514802 0.44956903
243.21703314 119.72411036 0.43832113
242.76398656 119.58025667 0.42702254
242.29315790 119.46224278 0.41173978
241.80750990 119.37022650 0.39167521
241.31055812 119.30515751 0.36606963
240.80318831 119.26732779 0.33866104
240.28518134 119.25680945 0.31300389
239.75636067 119.27217963 0.29004364
239.21666706 119.31200420 0.27159276
238.66756967 119.37580152 0.25695318
238.11311564 119.46399631 0.24256127
237.55581259 119.57589332 0.22749348
236.99304941 119.70857573 0.21639417
236.42329423 119.85931803 0.20994741
235.84927637 120.02697924 0.20204205
235.27293784 120.21175689 0.19057933
234.69385578 120.41451591 0.17907885
234.11002112 120.63510176 0.17060872
233.51691813 120.87179697 0.16757439
232.91189799 121.12322276 0.16972880
232.29583903 121.39009585 0.17163933
231.66887322 121.67421441 0.16975275
231.03031951 121.97586528 0.16574045
230.37952610 122.29428709 0.16433882
229.71371491 122.62914264 0.16588806
229.03156693 122.97891416 0.16227222
228.33687253 123.34438008 0.15439437
227.63132250 123.72698895 0.14792125
226.91216320 124.12519243 0.14172622
226.18058393 124.53938510 0.13962566
225.43698989 124.97020169 0.14503813
224.67615187 125.41573899 0.15667759
223.89767286 125.87483255 0.17014856
223.10497891 126.34670869 0.18157166
222.29845836 126.82833796 0.18621409
221.48093577 127.31697988 0.18105545
220.65537327 127.81122737 0.17043898
219.82040842 128.31009895 0.16428024
218.97691615 128.81192101 0.16933083
218.12662360 129.31358334 0.17842358
217.26853352 129.81368144 0.18551282
216.40319452 130.31253174 0.19052044
215.53226759 130.80921233 0.19506097
214.65555169 131.30141749 0.19425090
213.77361268 131.78886140 0.18443888
212.88795378 132.27323433 0.17485904
211.99886854 132.75489140 0.17417049
211.10652135 133.23273519 0.18124526
210.21343477 133.70573373 0.18890621
209.32156775 134.17240455 0.19137018
208.43110911 134.63243330 0.18614685
207.54089539 135.08656438 0.17740416
206.65266176 135.53705115 0.17390149
205.76715959 135.98472592 0.17591540
204.88239352 136.43080837 0.18242645
204.00212557 136.87715647 0.19750187
203.12906006 137.32139232 0.21611330
202.26036080 137.76160182 0.22626165
201.39687035 138.19868497 0.22825078
200.54221746 138.63559712 0.23274635
199.69426515 139.07193752 0.23921963
198.85110493 139.50690718 0.24523385
198.01639673 139.94320489 0.25433106
197.18966403 140.38021193 0.26530665
196.36718900 140.81379310 0.27383332
195.55096757 141.24438258 0.27730508
194.74323308 141.67408674 0.27856951
193.94403404 142.10175212 0.28370945
193.15547120 142.52575599 0.29022667
192.37998564 142.94389224 0.29292597
191.61918367 143.35387576 0.29569075
190.87317581 143.75366636 0.30102668
190.14229729 144.14197667 0.30686475
189.42885369 144.51952131 0.31353078
188.73281119 144.88641261 0.32059997
188.05339234 145.24053992 0.32680693
187.39239075 145.58025946 0.33412322
186.75246050 145.90607116 0.34184768
186.13540279 146.21882981 0.34642123
185.54153642 146.51768478 0.35044820
184.97083512 146.80119707 0.35824460
184.42343332 147.06838439 0.36631955
183.89978248 147.31981448 0.37044724
183.39931441 147.55858938 0.37243733
182.91998265 147.78826707 0.37580976
182.45885580 148.01244694 0.38214867
182.01192783 148.23434095 0.39020935
181.57589344 148.45845454 0.39834759
181.15026815 148.69063729 0.40586592
180.73608525 148.93442505 0.41387932
180.33485240 149.19100105 0.42294686
179.94784602 149.46040014 0.42915671
179.57342938 149.74156353 0.42932150
179.21063699 150.03429286 0.42631893
178.86153878 150.33997372 0.42351311
178.52888671 150.65935325 0.42147729
178.21443179 150.99169808 0.42042829
177.91866924 151.33574497 0.41767177
177.64146969 151.69130918 0.41031102
177.38095254 152.06172613 0.39987529
177.13965267 152.45384720 0.39052483
176.92051754 152.87050034 0.38272277
176.72050285 153.30888554 0.37405456
176.53703223 153.76624683 0.36566951
176.37383852 154.23988745 0.35664487
176.23507978 154.72648426 0.34582185
176.11935832 155.22371920 0.33158847
176.02658988 155.72949063 0.31278216
175.95796206 156.24115511 0.28887709
175.91541870 156.75764004 0.26469676
175.90298003 157.27776724 0.24395614
175.91992661 157.79958446 0.22747693
175.95903550 158.32320441 0.21681128
176.01338331 158.84896634 0.21073582
176.08374562 159.37473016 0.20601171
176.17416000 159.89711423 0.19848871
176.28498684 160.41447981 0.18956380
176.41363100 160.92695359 0.18109344
176.55537738 161.43604490 0.17174094
176.70879095 161.94232288 0.16087323
176.87744612 162.44332336 0.15099274
177.06254419 162.93667795 0.14066308
177.26035863 163.42411438 0.12995809
177.46824901 163.90825451 0.12120230
177.68606908 164.38849589 0.11498985
177.91423662 164.86201104 0.11366841
178.14945605 165.32997375 0.11571380
178.38640994 165.79655135 0.11605130
178.62338190 166.26273850 0.11237271
178.86308429 166.72662324 0.10493294
179.10854152 167.18524851 0.09591106
179.35515206 167.64061937 0.08501002
179.59560286 168.09832624 0.07255329
179.82694101 168.56030031 0.06169695
180.05044684 169.02413761 0.04941305
180.26675452 169.48776369 0.03441204
180.47281635 169.95320897 0.02247373
180.66329815 170.42344868 0.01358035
180.83620547 170.89596600 0.00615009
180.99121830 171.36763249 -0.00103937
181.12468764 171.83959257 -0.00970643
181.23503831 172.31271661 -0.01938553
181.32093403 172.78646665 -0.03163879
181.37893969 173.25972168 -0.04486229
181.40840692 173.73148909 -0.05429162
181.41064247 174.20037490 -0.05904001
181.38638981 174.66472662 -0.06305537
181.33715462 175.12484099 -0.06651495
181.26306761 175.58122976 -0.06940610
181.16029883 176.03219188 -0.07508365
181.02524130 176.47520475 -0.08451782
180.85785100 176.90807957 -0.09714752
180.66356339 177.33152067 -0.11433136
180.44710095 177.74831401 -0.13838054
180.20678510 178.15915013 -0.16583394
179.93623978 178.56156056 -0.19229716
179.62918277 178.95112281 -0.21587440
179.28689354 179.32571165 -0.23567221
178.91618699 179.68652542 -0.25556825
178.52227941 180.03478600 -0.27746559
178.10703957 180.37128051 -0.30022407
177.66940819 180.69524313 -0.32560413
177.20839313 181.00742418 -0.35280775
176.72562215 181.31063194 -0.37878566
176.22284700 181.60781364 -0.40240133
175.70265200 181.90372831 -0.42377366
175.16677237 182.20184556 -0.44436296
174.61350044 182.50230448 -0.46494150
174.04077513 182.80479622 -0.48398224
173.44956332 183.11175658 -0.50169886
172.84116045 183.42630465 -0.51869446
172.21614228 183.75037979 -0.53444329
171.57524067 184.08484795 -0.54983167
170.91857853 184.42974187 -0.56609733
170.24569829 184.78477811 -0.58327413
169.55602612 185.14913092 -0.60010666
168.84950575 185.52151214 -0.61485593
168.12758725 185.90261290 -0.62695477
167.39147709 186.29324933 -0.63803416
166.64172134 186.69264090 -0.64901586
165.87842076 187.09987383 -0.66012568
165.10083153 187.51459093 -0.67145934
164.30844226 187.93703006 -0.68162012
163.50066930 188.36637325 -0.68922659
162.67734942 188.80074570 -0.69748137
161.83896807 189.23890809 -0.70954564
160.98607916 189.68177401 -0.72400410
160.11821426 190.13013207 -0.73706809
159.23474701 190.58476619 -0.74420372
158.33647932 191.04648351 -0.74603410
157.42436076 191.51449164 -0.75123106
156.49905251 191.98784920 -0.76434291
155.56122378 192.46575021 -0.78130947
154.61149343 192.94782924 -0.79835820
153.65093191 193.43359103 -0.81237841
152.68213131 193.92058680 -0.82233001
151.71023400 194.40738426 -0.83014524
150.73907095 194.89449727 -0.83613722
149.76973308 195.38137861 -0.83770458
148.80295126 195.86860098 -0.83609920
147.83848124 196.35667121 -0.83387877
146.87571717 196.84612053 -0.83032438
145.91607516 197.33725783 -0.82823143
144.95938207 197.82587517 -0.82810502
144.00511005 198.31118706 -0.82887709
143.05284914 198.79448863 -0.82908381
142.10091433 199.27302397 -0.82804623
141.15106845 199.74578415 -0.82898254
140.20476944 200.21216751 -0.83387692
139.26243191 200.67186718 -0.84124989
138.32588848 201.12634507 -0.84534873
137.39657563 201.57632852 -0.84442075
136.47502917 202.02113667 -0.83984938
135.56251450 202.45957478 -0.83410603
134.66120956 202.89103934 -0.83096106
133.77290786 203.31503035 -0.83190260
132.89810200 203.73087531 -0.83523296
132.03815609 204.13925916 -0.83726600
131.19473799 204.54024817 -0.83708311
130.36843342 204.93272750 -0.83657623
129.56053217 205.31717405 -0.83554567
128.77251234 205.69393344 -0.83280449
128.00580018 206.06190673 -0.82977475
127.26127326 206.41969522 -0.82845467
126.53975413 206.76741059 -0.82906089
125.84167073 207.10536520 -0.83055598
125.16581768 207.43224181 -0.83089570
124.51214928 207.74735994 -0.82967425
123.88228798 208.05174522 -0.82800230
123.27722479 208.34596770 -0.82648119
122.69828119 208.62990709 -0.82572173
122.14697841 208.90313969 -0.82525186
121.62427873 209.16463654 -0.82371993
121.13135073 209.41484414 -0.82218604
120.66942295 209.65463128 -0.82254663
120.23929357 209.88369452 -0.82484595
119.84078557 210.10176908 -0.82812139
119.47283742 210.30837276 -0.83109726
119.13368594 210.50434458 -0.83362709
118.82070010 210.69123122 -0.83607801
118.53313487 210.86980969 -0.83876110
118.27141645 211.04090069 -0.84162365
118.03290745 211.20403695 -0.84316152
117.81471570 211.35907637 -0.84320139
117.61431660 211.50755162 -0.84370702
117.42536177 211.65289508 -0.84501060
117.24282196 211.79890705 -0.84602382
117.06540079 211.94676081 -0.84617446
116.89232865 212.09677844 -0.84610862
116.72383397 212.24946444 -0.84660548
116.56165618 212.40571710 -0.84624161
116.40685066 212.56621047 -0.84158856
116.25781370 212.72943731 -0.83224981
116.11383361 212.89458924 -0.82360487
115.97372472 213.06480534 -0.82057279
115.83219867 213.24597225 -0.82236523
115.68595585 213.44375883 -0.82378490
115.53492832 213.66109398 -0.81895278
115.37915018 213.89884997 -0.80787210
115.21797111 214.15631140 -0.79604162
115.05293033 214.43373564 -0.78677803
114.88841286 214.73262092 -0.78088318
114.72829653 215.05325832 -0.77667167
114.57830544 215.39665309 -0.77051247
114.44209155 215.76261019 -0.76279674
114.31982235 216.14920000 -0.75738341
114.21267378 216.55546272 -0.75852478
114.12254519 216.98236991 -0.76642022
114.05210463 217.43250397 -0.77646558
114.00519696 217.90764667 -0.78403159
113.98767940 218.40753435 -0.78739265
114.00313162 218.93029298 -0.78607295
114.05066351 219.47442948 -0.78365340
114.12994644 220.03899455 -0.78681015
114.24101045 220.62291368 -0.79704143
114.38461713 221.22537843 -0.80830775
114.56388339 221.84503142 -0.81539028
114.78068686 222.47932740 -0.82037492
115.03479570 223.12599758 -0.82693383
115.32405802 223.78464868 -0.83665531
115.64410485 224.45603599 -0.84778736
115.99002641 225.14114296 -0.85891667
116.35741436 225.84092680 -0.87089186
116.74307465 226.55613571 -0.88413693
117.14336832 227.28772175 -0.89827722
117.55544298 228.03653978 -0.91206293
117.97873057 228.80264751 -0.92431908
118.41290174 229.58575006 -0.93487091
118.85768741 230.38587347 -0.94471901
119.31230821 231.20298769 -0.95593651
119.77580910 232.03671067 -0.96989692
120.24747268 232.88696339 -0.98680626
120.72623343 233.75464544 -1.00437643
121.21190234 234.64133731 -1.01791782
121.70586470 235.54824850 -1.02292001
122.20951321 236.47550234 -1.02040531
122.72404335 237.42069183 -1.01912295
123.24928395 238.38077657 -1.02785983
123.78323389 239.35549412 -1.04655711
124.32449364 240.34623559 -1.06532875
124.87207152 241.35323737 -1.07456864
125.42529821 242.37394021 -1.07278791
125.98425742 243.40489638 -1.06481117
126.54848670 244.44455030 -1.05806387
127.11824462 245.49201370 -1.06110376
127.69383980 246.54711781 -1.07398643
128.27508907 247.61090644 -1.08881615
128.86218759 248.68415586 -1.09934711
129.45399042 249.76749119 -1.10231069
130.04995471 250.85905103 -1.09982142
130.64843235 251.95559111 -1.09671472
131.24903425 253.05440443 -1.09872925
131.85202073 254.15475507 -1.10425219
132.45643685 255.25737073 -1.10501994
133.06241728 256.36267237 -1.09910404
133.67010181 257.47166915 -1.08906544
134.27942260 258.58469582 -1.07966723
134.89053383 259.70033817 -1.07456949
135.50484297 260.81679574 -1.07429653
136.12301699 261.93307362 -1.07747033
136.74441099 263.04919902 -1.08105315
137.36952715 264.16573038 -1.08141336
137.99808780 265.28373819 -1.07537114
138.62920328 266.40385300 -1.06353358
139.26272616 267.52548131 -1.05162162
139.89833996 268.64915376 -1.04360263
140.53589450 269.77601722 -1.03758003
141.17468606 270.90486607 -1.03534903
141.81429683 272.03376113 -1.04020673
142.45456285 273.16304996 -1.04816662
143.09519608 274.29404618 -1.05113823
143.73634216 275.42696546 -1.04816180
144.37885573 276.56140403 -1.04040720
145.02223574 277.69781247 -1.02917620
145.66622428 278.83598093 -1.01927670
146.30966790 279.97558005 -1.01265172
146.95157118 281.11663515 -1.00885078
147.59215073 282.25866806 -1.00600780
148.23110382 283.40079788 -1.00315780
148.86726735 284.54338043 -1.00026822
149.50012485 285.68598623 -0.99679075
150.12968414 286.82694329 -0.99740199
150.75573683 287.96674688 -0.99971545
151.37903784 289.10592379 -0.99558385
151.99934594 290.24424953 -0.98848621
152.61642053 291.38103553 -0.98480993
153.22993056 292.51587555 -0.98462945
153.84108782 293.64796532 -0.98643917
154.45010815 294.77608925 -0.99028700
155.05522843 295.90117972 -0.99412415
155.65612010 297.02386724 -0.99498480
156.25235622 298.14400822 -0.99248221
156.84374434 299.26182395 -0.98876650
157.42997444 300.37586933 -0.98622264
158.00963920 301.48413240 -0.98773279
158.58181558 302.58470734 -0.99112122
159.14479101 303.67578604 -0.99087317
159.69795830 304.75543808 -0.98569282
160.24200064 305.82176404 -0.97770244
160.77611605 306.87325486 -0.97036735
161.29992945 307.90782848 -0.96630893
161.81299604 308.92416754 -0.96612414
162.31514318 309.92293506 -0.96868922
162.80726546 310.90655040 -0.97127140
163.29112507 311.87778745 -0.97160600
163.76766998 312.83826525 -0.96864439
164.23649450 313.78724933 -0.96369155
164.69814866 314.72158454 -0.95924961
165.15353633 315.63941461 -0.95543927
165.60228389 316.54052384 -0.94933893
166.04342474 317.42426264 -0.93991201
166.47777569 318.28920905 -0.92965267
166.90474262 319.13406101 -0.92030942
167.32267532 319.95853074 -0.91136546
167.73210828 320.76217177 -0.90302940
168.13102833 321.54456284 -0.89525319
168.51856064 322.30454928 -0.88794981
168.89542684 323.04114189 -0.88329697
169.26052414 323.75475824 -0.88049606
169.61498647 324.44569173 -0.87683361
169.95949740 325.11415897 -0.86802218
170.29251506 325.76002199 -0.85152198
170.61298697 326.38203136 -0.83507902
170.92082156 326.97889264 -0.82484063
171.21462359 327.55127846 -0.81697682
171.49247386 328.10027872 -0.80751960
171.75315477 328.62769355 -0.79534832
171.99770383 329.13686353 -0.78098639
172.22909603 329.63016914 -0.76572738
172.44814656 330.10873587 -0.75016921
172.65249329 330.57505943 -0.73490749
172.83987299 331.03306076 -0.72034318
173.00904929 331.48652304 -0.70618978
173.15613500 331.93891625 -0.69278555
173.27913736 332.39023803 -0.68137443
173.37606396 332.83990514 -0.66977353
173.44270339 333.28879316 -0.65691294
173.47678493 333.73701737 -0.64598678
173.47692842 334.18392630 -0.63859599
173.44391634 334.62781809 -0.63388793
173.37966567 335.06708406 -0.63065292
173.28516904 335.50272782 -0.62955836
173.15723931 335.93455151 -0.63294893
172.99116792 336.36065884 -0.63897243
172.78707963 336.78075156 -0.64385320
172.55086615 337.19509878 -0.64816877
172.28455125 337.59965613 -0.65291554
171.98318005 337.98659293 -0.65759421
171.64359189 338.35267789 -0.66444984
171.26583749 338.69850774 -0.67626897
170.85297669 339.02498841 -0.68761660
170.40776975 339.32974389 -0.68663615
169.93242285 339.61116128 -0.66948705
169.43230430 339.87300686 -0.64866127
168.91214156 340.11864518 -0.63792472
168.37238321 340.34987605 -0.63434367
167.81250432 340.57059225 -0.63083901
167.23402080 340.78625971 -0.62707771
166.63912417 341.00081404 -0.62091605
166.02905649 341.21563895 -0.61349453
165.40433240 341.43285096 -0.61449576
164.76314717 341.65540073 -0.62526017
164.10307810 341.88665736 -0.63317793
163.42282443 342.12765606 -0.62837499
162.72205924 342.37528842 -0.61460500
162.00193900 342.62884317 -0.60127382
161.26357047 342.88975606 -0.59117604
160.50834604 343.16021686 -0.58237169
159.73707582 343.44255277 -0.57383008
158.95015425 343.73916873 -0.56527262
158.14859722 344.05249497 -0.55615603
157.33293193 344.38242607 -0.54517433
156.50444993 344.72821783 -0.53515044
155.66468058 345.09158468 -0.53166326
154.81396533 345.47404212 -0.53154659
153.95130999 345.87485987 -0.52871386
153.07592512 346.29129325 -0.52310125
152.18825120 346.72099240 -0.51995997
151.28865629 347.16141586 -0.52165220
150.37720422 347.60899596 -0.52797967
149.45415258 348.06266863 -0.53898283
148.52060551 348.52499412 -0.54885359
147.57711625 348.99743433 -0.55460291
146.62464685 349.47952254 -0.55691149
145.66406820 349.96967621 -0.55721939
144.69614987 350.46600841 -0.55796803
143.72310699 350.96848638 -0.55834888
142.74677621 351.47773212 -0.55849557
141.76971412 351.99419668 -0.55982587
140.79313474 352.51585219 -0.56182698
139.81618947 353.04197092 -0.56517052
138.83682218 353.57163362 -0.56880898
137.85446425 354.10330588 -0.56960398
136.87095475 354.63681654 -0.57032657
135.88653140 355.17048791 -0.57653292
134.90332634 355.70398744 -0.58667440
133.92405715 356.23848667 -0.59543183
132.94683833 356.77595638 -0.60471285
131.97042520 357.31247632 -0.61075361
130.99715764 357.84461823 -0.61576359
130.02800997 358.37401802 -0.62603502
129.06096149 358.89976846 -0.63517610
128.09558233 359.42247746 -0.64006547
127.13351342 359.94352644 -0.64319502
126.17628017 360.46376797 -0.64699392
125.22463053 360.98353063 -0.65253237
124.27833391 361.50213900 -0.66051322
123.33735891 362.01956109 -0.66987661
122.40181549 362.53634129 -0.67796400
121.47193019 363.05233537 -0.68303844
120.54879960 363.56690417 -0.68537578
119.63526584 364.07894006 -0.68643719
118.73399656 364.58689860 -0.68885917
117.84691426 365.08926052 -0.69394935
116.97506308 365.58508282 -0.70133199
116.11839980 366.07365338 -0.70918682
115.27606789 366.55514732 -0.71352183
114.44867891 367.02801174 -0.71351189
113.63722657 367.48963373 -0.71138959
112.84191968 367.94001068 -0.71150200
112.06051549 368.37881441 -0.71207629
111.28764833 368.80897664 -0.71111003
110.51829247 369.23404578 -0.71065762
109.74911496 369.65353966 -0.71082038
108.97826464 370.06563494 -0.71160975
108.20479295 370.46745816 -0.71199318
107.42841723 370.85638339 -0.71448069
106.64832176 371.23055710 -0.72057763
105.86404340 371.59128381 -0.72792867
105.07247211 371.93992675 -0.73332562
104.26957487 372.27759427 -0.73436951
103.45498248 372.60859578 -0.73019317
102.62934438 372.93530471 -0.72338024
101.79277773 373.25819002 -0.71758957
100.94616523 373.57958924 -0.71303154
100.09101928 373.90269626 -0.70681308
99.22665854 374.22917779 -0.69784614
98.35171437 374.56021033 -0.68714321
97.46283809 374.89720163 -0.67316726
96.55689193 375.24228645 -0.66241965
95.63688656 375.59665834 -0.66194683
94.70770416 375.96458806 -0.67849881
93.76559225 376.34705271 -0.70263162
92.80646400 376.74327432 -0.70992260
91.83740395 377.15750112 -0.70581113
90.86109294 377.58738379 -0.70965708
89.87403505 378.02689262 -0.72857625
88.87387374 378.47428689 -0.74865828
87.85930078 378.93157191 -0.75434065
86.83412455 379.39987655 -0.75196766
85.80380389 379.87992414 -0.75578562
84.77086915 380.37487285 -0.76380309
83.73100637 380.88525408 -0.76109683
82.68083411 381.40837329 -0.74396411
81.62357705 381.94193000 -0.72206620
80.56418790 382.48435271 -0.71010114
79.50640873 383.03431890 -0.71128854
78.45104635 383.59069026 -0.71482813
77.39846355 384.15328909 -0.71402380
76.34764999 384.72166035 -0.70871698
75.29696839 385.29421852 -0.70109525
74.24584438 385.86801560 -0.69476871
73.19575446 386.44222847 -0.69407435
72.14786501 387.01827951 -0.69721966
71.10010946 387.59554814 -0.69274053
70.04896143 388.17127614 -0.67583578
68.99249663 388.74099230 -0.65675536
67.93099287 389.30077761 -0.64510216
66.86573409 389.85191733 -0.63902629
65.79807228 390.39864342 -0.63179744
64.72901708 390.94339001 -0.62118466
63.65874763 391.48750866 -0.60604237
62.58745452 392.03166084 -0.58778782
61.51578124 392.57399401 -0.57365363
60.44374791 393.11215038 -0.57000457
59.37263883 393.64797135 -0.57429628
58.30332756 394.18411191 -0.57567776
57.23429451 394.72064161 -0.56642899
56.16546079 395.25637062 -0.55062925
55.09850935 395.78982638 -0.53717988
54.03172313 396.31742011 -0.52973013
52.96353013 396.83621515 -0.52823061
51.89567522 397.34833656 -0.52987580
50.82834065 397.85338854 -0.53361292
49.76218183 398.35208552 -0.53708893
48.69825832 398.84712711 -0.53783794
47.63635832 399.33959086 -0.53382781
46.57688102 399.82878464 -0.52250829
45.52055980 400.31291749 -0.51135561
44.46824875 400.79141035 -0.50742974
43.42087907 401.26397216 -0.50786777
42.37838121 401.73242354 -0.50838992
41.34000816 402.19857092 -0.50587284
40.30673007 402.66290559 -0.49996451
39.28083448 403.12507440 -0.49649908
38.26140226 403.58321765 -0.49675037
37.24676056 404.03902061 -0.49103251
36.23393296 404.49298974 -0.47456550
35.22078311 404.94198935 -0.45582560
34.20902828 405.38716983 -0.44374797
33.19773573 405.83024160 -0.43518755
32.18681647 406.27430488 -0.41961220
31.17892783 406.72322382 -0.39731390
30.17548512 407.17749034 -0.37704565
29.17672273 407.63695439 -0.36074559
28.18244942 408.10132263 -0.34585886
27.19224719 408.57056025 -0.32929819
26.20444098 409.04484935 -0.31208188
25.21766387 409.52318778 -0.29515122
24.23277409 410.00597887 -0.27558660
23.25028259 410.49284198 -0.26117366
22.27072074 410.98359901 -0.25647402
21.29505997 411.48184290 -0.25580215
20.31856033 411.98470338 -0.25484674
19.33825401 412.48900079 -0.25183996
18.35693971 412.99612970 -0.25114595
17.37562832 413.50741271 -0.25436025
16.39489454 414.02610905 -0.25775976
15.41572485 414.55407508 -0.25870195
14.43963825 415.09178282 -0.25907596
13.46640737 415.63854548 -0.26039973
12.49515513 416.19330674 -0.26273536
11.52590044 416.75433409 -0.26745576
10.55892214 417.31960354 -0.27469386
9.59439116 417.88817396 -0.28332835
8.63192401 418.45964611 -0.29084364
7.67281570 419.03448641 -0.29703491
6.71869875 419.61120495 -0.30614713
5.76927056 420.18959513 -0.31909073
4.82353898 420.77113878 -0.33105279
3.88117403 421.35421618 -0.33997210
2.94411818 421.93891786 -0.34958406
2.01370673 422.52640880 -0.35972926
1.08958716 423.11657122 -0.36676704
0.17347558 423.70893966 -0.37168349
-0.73256411 424.30208276 -0.37853766
-1.62776639 424.89410667 -0.38948529
-2.51045898 425.48396550 -0.40308400
-3.37704574 426.07138756 -0.41824232
-4.22514957 426.65593288 -0.43406251
-5.05349568 427.23741806 -0.44776045
-5.86150319 427.81444803 -0.45871614
-6.65130481 428.38520036 -0.46954205
-7.42672076 428.95068414 -0.48105605
-8.19048823 429.51315505 -0.49142103
-8.94179836 430.07249686 -0.50122971
-9.67791902 430.62405128 -0.51404027
-10.39814402 431.16374961 -0.53250368
-11.10397806 431.69312119 -0.55428499
-11.79778428 432.21422510 -0.56602672
-12.47628161 432.72720109 -0.56611731
-13.13576258 433.22819132 -0.57011366
-13.77642466 433.71403064 -0.58719113
-14.39627119 434.18844955 -0.60905759
-14.99359788 434.65295545 -0.62459076
-15.56766716 435.10486222 -0.63555822
-16.11844481 435.54328301 -0.65112566
-16.64567920 435.97133634 -0.67226362
-17.14867981 436.39311071 -0.68539343
-17.62889066 436.80858729 -0.68596997
-18.08884938 437.21498710 -0.68357999
-18.52983256 437.61036592 -0.68580250
-18.95351759 437.99399761 -0.69232249
-19.36286174 438.36510928 -0.70141161
-19.76090842 438.72352300 -0.71244144
-20.15021677 439.06998428 -0.72390824
-20.53237066 439.40486579 -0.73397092
-20.90804599 439.72720787 -0.74197295
-21.27844797 440.03523840 -0.74818112
-21.64491712 440.32795206 -0.75365302
-22.00655970 440.60522542 -0.76087321
-22.36279669 440.86709983 -0.77006013
-22.71499614 441.11463799 -0.77890549
-23.06573351 441.35218809 -0.78683109
-23.41872901 441.58382614 -0.79304117
-23.77737344 441.81024240 -0.79744310
-24.14284535 442.03148548 -0.80112323
-24.51361158 442.24783749 -0.80415324
-24.88843217 442.45959444 -0.80697155
-25.26718332 442.66693174 -0.80989429
-25.65012050 442.87012093 -0.81265915
-26.03743163 443.07002741 -0.81548117
-26.43045492 443.26850274 -0.81865393
-26.83134014 443.46920356 -0.82227502
-27.23974724 443.67589894 -0.82565404
-27.65343459 443.89060752 -0.82776722
-28.07025044 444.11340225 -0.82835150
-28.48948655 444.34251672 -0.82795713
-28.90955679 444.57602918 -0.82729936
-29.32728848 444.81319091 -0.82698904
-29.74262881 445.05326141 -0.82801063
-30.15650385 445.29540511 -0.83039697
-30.56638151 445.54074938 -0.83275157
-30.96925685 445.79001722 -0.83372170
-31.36474850 446.04218326 -0.83368775
-31.75343168 446.29664778 -0.83335076
-32.13752712 446.55336602 -0.83312589
-32.51730955 446.81155222 -0.83329442
-32.88828407 447.06958531 -0.83305877
-33.24707542 447.32420580 -0.83243410
-33.59470668 447.57116183 -0.83280403
-33.93316511 447.80692564 -0.83479750
-34.26221718 448.02940138 -0.83814887
-34.57968213 448.23810234 -0.84367745
-34.88398356 448.43588913 -0.85120168
-35.17728568 448.62802366 -0.85521892
-35.46330380 448.81654720 -0.85248747
-35.74563253 448.99953126 -0.84812381
-36.02556298 449.17493590 -0.84599498
-36.30210129 449.34188359 -0.84532302
-36.57569440 449.49914990 -0.84511855
-36.84685189 449.64564643 -0.84499613
-37.11534894 449.78106801 -0.84525646
-37.38340998 449.90857339 -0.84742637
-37.65546642 450.03208568 -0.85071642
-37.93412802 450.15212250 -0.85278667
-38.21941443 450.26800112 -0.85254020
-38.51166824 450.37856213 -0.84971823
-38.81085497 450.48235861 -0.84480161
-39.11762009 450.57750547 -0.83867245
-39.43468999 450.66211355 -0.83198636
-39.76417065 450.73448634 -0.82477670
-40.10646005 450.79263120 -0.81824548
-40.46086406 450.83597302 -0.81394373
-40.82820978 450.86371383 -0.81249205
-41.20899680 450.87338952 -0.80861167
-41.60410710 450.86197641 -0.79812053
-42.01574997 450.82517173 -0.78366240
-42.44511947 450.75941351 -0.76917208
-42.89185512 450.66299470 -0.75625568
-43.35458511 450.53543200 -0.74248363
-43.83309876 450.37421450 -0.72782758
-44.32788471 450.17524667 -0.71490844
-44.83941597 449.93572073 -0.70538188
-45.36692365 449.65414171 -0.69897125
-45.90862757 449.33036854 -0.69424378
-46.46260157 448.96516662 -0.69068145
-47.02631057 448.56071894 -0.68847800
-47.59786869 448.11871426 -0.68884630
-48.17640818 447.63831547 -0.69275191
-48.76035410 447.12052101 -0.69915892
-49.34866825 446.56749100 -0.70871637
-49.94136866 445.97987262 -0.72078061
-50.53825396 445.35833192 -0.73128285
-51.13930654 444.70296726 -0.73586210
-51.74500220 444.01281361 -0.73742178
-52.35484399 443.28701753 -0.74416544
-52.96852894 442.52734635 -0.75727837
-53.58640102 441.73658887 -0.77468799
-54.20868526 440.91871903 -0.79400637
-54.83643110 440.08166917 -0.80904161
-55.46962300 439.23088908 -0.81726911
-56.10785198 438.36741279 -0.82329137
-56.75139923 437.49142169 -0.83028529
-57.40015206 436.60245137 -0.83662754
-58.05268094 435.70111742 -0.84165766
-58.70746193 434.78837196 -0.84669708
-59.36308398 433.86479704 -0.85204283
-60.01783415 432.93132218 -0.85692073
-60.67112892 431.98964267 -0.86159140
-61.32286238 431.04119510 -0.86708990
-61.97393703 430.08654460 -0.87227027
-62.62540879 429.12591494 -0.87551693
-63.27803215 428.15847743 -0.87611124
-63.93352427 427.18411040 -0.87573695
-64.59246651 426.20430402 -0.87568016
-65.25280432 425.21935878 -0.87726856
-65.90997915 424.22984026 -0.88563551
-66.56048006 423.23503199 -0.90250708
-67.20299475 422.23381268 -0.91906757
-67.83795450 421.22806775 -0.92420987
-68.46680913 420.21984635 -0.91316833
-69.08996768 419.20963182 -0.89360584
-69.70747279 418.19640547 -0.88141024
-70.31894693 417.17849798 -0.88155132
-70.92466034 416.15646468 -0.88853035
-71.52519250 415.13158919 -0.89656469
-72.12071800 414.10338063 -0.90224623
-72.71173425 413.07141638 -0.90661174
-73.29815699 412.03548209 -0.91167877
-73.87940504 410.99689400 -0.91730832
-74.45560354 409.95604561 -0.92406726
-75.02670982 408.91283222 -0.93171387
-75.59299045 407.86732795 -0.93887061
-76.15496527 406.81864066 -0.94444068
-76.71212094 405.76828362 -0.94880275
-77.26346341 404.71770523 -0.95303225
-77.80888410 403.66657927 -0.95689769
-78.34921002 402.61444560 -0.95847262
-78.88394845 401.56146916 -0.95779094
-79.41293023 400.50680819 -0.96003311
-79.93758836 399.44927070 -0.96388385
-80.45893673 398.38914386 -0.96474131
-80.97662445 397.32725085 -0.96536134
-81.49081182 396.26392759 -0.96835532
-82.00232931 395.19908650 -0.97245071
-82.51130256 394.13290365 -0.97521580
-83.01744419 393.06609057 -0.97544349
-83.52040873 391.99908045 -0.97373459
-84.02011944 390.93211037 -0.97218586
-84.51678985 389.86501947 -0.97178022
-85.01077682 388.79635958 -0.97020463
-85.50202290 387.72530932 -0.96663682
-85.99038732 386.65143100 -0.96235430
-86.47547212 385.57572478 -0.95835052
-86.95673689 384.49923087 -0.95459238
-87.43406239 383.42160140 -0.95097594
-87.90755619 382.34250345 -0.94727385
-88.37748899 381.26153144 -0.94309463
-88.84364350 380.17796383 -0.93934568
-89.30591178 379.09163814 -0.93692367
-89.76444300 378.00246817 -0.93564076
-90.21873957 376.91042041 -0.93539693
-90.66851836 375.81562798 -0.93600026
-91.11366522 374.71824795 -0.93626009
-91.55416258 373.61905436 -0.93463360
-91.98974958 372.51817233 -0.93115236
-92.41968135 371.41555249 -0.92785032
-92.84375874 370.31069109 -0.92687568
-93.26198236 369.20329326 -0.92763346
-93.67469589 368.09296633 -0.92772618
-94.08209747 366.97940283 -0.92600770
-94.48404732 365.86241139 -0.92402792
-94.88027450 364.74179828 -0.92467631
-95.27042359 363.61732933 -0.92915648
-95.65479417 362.48859474 -0.93657746
-96.03384471 361.35652699 -0.94417458
-96.40762210 360.22235322 -0.94980671
-96.77626059 359.08617567 -0.95211365
-97.14028382 357.94722262 -0.95156683
-97.49986676 356.80375454 -0.95091436
-97.85421705 355.65513475 -0.95223111
-98.20146542 354.50257506 -0.95636894
-98.53943015 353.34650854 -0.96381079
-98.86696279 352.18733860 -0.97254979
-99.18420749 351.02470371 -0.97945658
-99.49241434 349.85683010 -0.98474053
-99.79249689 348.68365408 -0.99017704
-100.08551371 347.50521643 -0.99596291
-100.37170367 346.32093394 -1.00212310
-100.64945867 345.13226618 -1.01045993
-100.91831863 343.94016269 -1.02180017
-101.17834712 342.74554452 -1.03321099
-101.43021471 341.54842600 -1.04137779
-101.67442398 340.34956678 -1.04475560
-101.91157256 339.14927664 -1.04379853
-102.14201315 337.94688078 -1.04472409
-102.36581377 336.74259201 -1.05175424
-102.58409509 335.53588888 -1.06156016
-102.79690571 334.32742260 -1.07110982
-103.00412226 333.11781917 -1.07998308
-103.20619542 331.90735393 -1.08777152
-103.40400769 330.69596861 -1.09323191
-103.59907717 329.48253742 -1.09504671
-103.79162603 328.26714680 -1.09410358
-103.98072305 327.05056442 -1.09399115
-104.16601271 325.83249162 -1.09819676
-104.34728598 324.61266879 -1.10669385
-104.52423626 323.39102877 -1.11687946
-104.69668050 322.16774667 -1.12629707
-104.86470026 320.94338168 -1.13256341
-105.02815679 319.71928528 -1.13375731
-105.18688853 318.49619635 -1.13122662
-105.34048099 317.27432946 -1.12906871
-105.48844312 316.05392150 -1.12974712
-105.63081007 314.83547383 -1.13223123
-105.76849547 313.61892002 -1.13389068
-105.90220727 312.40458005 -1.13371137
-106.03211865 311.19289440 -1.13176601
-106.15803512 309.98349938 -1.13122109
-106.27966618 308.77519772 -1.13558602
-106.39824760 307.56750351 -1.14214763
-106.51475855 306.36103601 -1.14573656
-106.62888204 305.15608635 -1.14496482
-106.74049762 303.95266893 -1.14175854
-106.84999047 302.75029496 -1.13862428
-106.95794129 301.54782761 -1.13776926
-107.06449062 300.34470899 -1.13967514
-107.16956100 299.14113449 -1.14294228
-107.27251312 297.93749718 -1.14586259
-107.37202747 296.73468696 -1.14619646
-107.46731735 295.53334853 -1.14209246
-107.55852026 294.33313865 -1.13465228
-107.64675143 293.13252856 -1.12736771
-107.73242785 291.92941633 -1.12344504
-107.81503261 290.72260710 -1.12291604
-107.89464284 289.51296747 -1.12379116
-107.97118891 288.30138523 -1.12408319
-108.04406565 287.08759607 -1.12257953
-108.11282169 285.87140756 -1.11981251
-108.17774973 284.65285565 -1.11627502
-108.23883028 283.43249423 -1.11109812
-108.29497783 282.21151420 -1.10366581
-108.34511114 280.99029820 -1.09591198
-108.38891532 279.76864119 -1.08991219
-108.42711896 278.54620394 -1.08572888
-108.46028349 277.32282017 -1.08255775
-108.48859519 276.09839519 -1.07865630
-108.51252410 274.87263584 -1.07459281
-108.53218608 273.64572603 -1.07291065
-108.54792900 272.41871925 -1.07207648
-108.56068619 271.19281273 -1.06836259
-108.57059202 269.96824447 -1.06181551
-108.57722167 268.74447105 -1.05691046
-108.57980916 267.52338616 -1.05490850
-108.57874354 266.30619090 -1.05105249
-108.57314902 265.09315547 -1.04484145
-108.56254409 263.88450101 -1.03747157
-108.54712331 262.67947727 -1.02510095
-108.52573492 261.47680562 -1.00748276
-108.49961135 260.27533752 -0.98935288
-108.47134574 259.07628004 -0.97295055
-108.44221591 257.88134426 -0.95783811
-108.41147280 256.69042690 -0.94110077
-108.37676989 255.50137706 -0.92106417
-108.33588878 254.31234882 -0.90074829
-108.28891898 253.12164104 -0.88243483
-108.23566240 251.92919648 -0.86623423
-108.17571871 250.73566872 -0.84959645
-108.10838732 249.54143546 -0.83025161
-108.03198961 248.34717730 -0.81053111
-107.94714943 247.15249732 -0.79279424
-107.85444077 245.95780594 -0.77627162
-107.75530159 244.76292190 -0.76010732
-107.65098484 243.56662763 -0.74548467
-107.54015023 242.36909191 -0.73440042
-107.42087569 241.17080715 -0.72383340
-107.29160648 239.97133139 -0.71247570
-107.15284212 238.76991837 -0.70366751
-107.00693938 237.56673956 -0.69442780
-106.85454220 236.36291881 -0.67908048
-106.69344612 235.15883998 -0.65930715
-106.52272445 233.95329656 -0.64145710
-106.34242646 232.74535838 -0.62726137
-106.15375926 231.53593682 -0.61579678
-105.95978167 230.32612361 -0.60448668
-105.76178977 229.11633088 -0.59125401
-105.55836813 227.90700963 -0.57882072
-105.34787412 226.69806944 -0.57093203
-105.13020287 225.48918128 -0.56722956
-104.90808671 224.28044348 -0.56461345
-104.68325678 223.07222834 -0.56016633
-104.45578163 221.86407766 -0.55498903
-104.22462116 220.65521541 -0.55242376
-103.98661357 219.44576254 -0.55201201
-103.74120561 218.23603991 -0.55143831
-103.48899506 217.02681655 -0.54873033
-103.23091049 215.81906576 -0.54287118
-102.96798602 214.61236585 -0.53572597
-102.69996772 213.40617027 -0.53045629
-102.42652781 212.19991240 -0.52661239
-102.14639967 210.99351772 -0.52337660
-101.85924873 209.78700654 -0.52281249
-101.56833680 208.57989389 -0.52307573
-101.27505956 207.37195089 -0.52028698
-100.97883270 206.16242158 -0.51339630
-100.67809431 204.95158354 -0.50498533
-100.37003417 203.74029442 -0.49841395
-100.05476372 202.52855693 -0.49243039
-99.73421828 201.31593439 -0.48515146
-99.40997616 200.10146019 -0.47871342
-99.08252785 198.88524779 -0.47496763
-98.75201567 197.66829854 -0.47198581
-98.41849556 196.45090781 -0.46795714
-98.08286603 195.23250784 -0.46506950
-97.74685567 194.01210920 -0.46473695
-97.40940293 192.79004361 -0.46383779
-97.06915302 191.56741428 -0.45921019
-96.72678801 190.34464915 -0.45087291
-96.38299791 189.12136161 -0.44211436
-96.03989034 187.89658664 -0.43752463
-95.69796969 186.67019732 -0.43773971
-95.35477133 185.44306630 -0.43809742
-95.00887459 184.21559159 -0.43536255
-94.65901997 182.98778456 -0.42935514
-94.30468827 181.75959972 -0.42206686
-93.94692807 180.53094527 -0.41520277
-93.58621614 179.30160918 -0.40855975
-93.22367616 178.07142998 -0.40308136
-92.86097067 176.84053384 -0.39846651
-92.49723717 175.60850671 -0.39351953
-92.13118462 174.37490540 -0.38917602
-91.76296962 173.14018760 -0.38257103
-91.39368643 171.90514034 -0.37351643
-91.02415926 170.66948491 -0.36759510
-90.65423221 169.43274783 -0.36740744
-90.28199565 168.19433625 -0.37025616
-89.90369232 166.95373116 -0.37216845
-89.51712162 165.71073030 -0.37064294
-89.12279525 164.46543421 -0.36535971
-88.72489514 163.21882058 -0.35816903
-88.32730468 161.97040207 -0.35286503
-87.92961222 160.71959150 -0.35011414
-87.53042008 159.46698648 -0.34698965
-87.13064209 158.21339797 -0.34455112
-86.73085564 156.95882365 -0.34543104
-86.33033697 155.70298597 -0.34698335
-85.92794774 154.44559422 -0.34558287
-85.52267145 153.18608687 -0.34197516
-85.11587270 151.92466334 -0.33642553
-84.70786500 150.66227723 -0.32720424
-84.29837880 149.40030562 -0.31363712
-83.88857206 148.13946909 -0.29799734
-83.47898073 146.87918834 -0.28402755
-83.07173102 145.61954125 -0.27485011
-82.66870787 144.36204931 -0.26856245
-82.26918882 143.10738662 -0.26114088
-81.87246746 141.85531122 -0.25277282
-81.47860237 140.60556730 -0.24603120
-81.08636750 139.35729159 -0.24279943
-80.69457781 138.10983310 -0.24365348
-80.30284736 136.86371149 -0.24544236
-79.91049422 135.61907209 -0.24519683
-79.51699944 134.37586889 -0.24203042
-79.12312558 133.13446103 -0.23661255
-78.72931920 131.89441816 -0.23178558
-78.33664415 130.65548632 -0.22922942
-77.94567980 129.41756526 -0.22840082
-77.55476633 128.17986640 -0.22656435
-77.16317426 126.94150667 -0.22037871
-76.77125034 125.70216833 -0.20948469
-76.37947776 124.46166760 -0.19709557
-75.98897147 123.21992476 -0.18643824
-75.60045532 121.97745898 -0.17885708
-75.21333807 120.73428994 -0.17371045
-74.82754724 119.48990963 -0.17219367
-74.44283417 118.24433941 -0.17493676
-74.05768020 116.99777540 -0.17782122
-73.67200840 115.75059022 -0.17791747
-73.28616235 114.50305389 -0.17512019
-72.89946083 113.25507828 -0.16997673
-72.51204242 112.00680274 -0.16359210
-72.12438761 110.75837509 -0.15674908
-71.73662972 109.50890513 -0.15181437
-71.34849698 108.25779407 -0.14985396
-70.95941972 107.00549896 -0.14803936
-70.56887382 105.75157524 -0.14361848
-70.17712742 104.49572994 -0.13694645
-69.78478139 103.23975296 -0.12970132
-69.39216759 101.98548300 -0.11992931
-69.00023583 100.73304281 -0.11028575
-68.60903291 99.48051313 -0.10736598
-68.21715879 98.22548232 -0.11050983
-67.82414470 96.96798089 -0.11533557
-67.42995041 95.70988884 -0.11680540
-67.03457612 94.45252088 -0.11355453
-66.63810964 93.19544943 -0.10969922
-66.24071785 91.93765513 -0.10910561
-65.84363689 90.67870720 -0.11318875
-65.44705983 89.41933288 -0.11962925
-65.05009540 88.16090146 -0.12249330
-64.65207883 86.90440669 -0.11720580
-64.25205465 85.64780993 -0.10664161
-63.85058028 84.38942627 -0.09756553
-63.44811369 83.12823202 -0.09337130
-63.04420277 81.86439048 -0.09102191
-62.63943827 80.60002663 -0.08454107
-62.23466849 79.33636169 -0.07487461
-61.82965778 78.07332002 -0.06428620
-61.42338227 76.80980298 -0.05273628
-61.01584766 75.54520312 -0.04401899
-60.60832150 74.27919447 -0.04169427
-60.20101858 73.01292319 -0.04371270
-59.79316782 71.74807984 -0.04332420
-59.38435957 70.48492991 -0.03773205
-58.97494093 69.22231028 -0.03029052
-58.56580099 67.95985937 -0.02303591
-58.15841573 66.69942482 -0.01669372
-57.75374149 65.44147235 -0.01251236
-57.35178575 64.18563864 -0.00928297
-56.95245934 62.93256206 -0.00548809
-56.55557739 61.68152687 -0.00096482
-56.16111490 60.43235116 0.00430796
-55.76881009 59.18469605 0.00939851
-55.37862960 57.93771938 0.01267146
-54.99088972 56.69273678 0.01348432
-54.60591402 55.45129409 0.01301029
-54.22328689 54.21312374 0.01243776
-53.84243314 52.97730976 0.01188452
-53.46308045 51.74350072 0.01060455
-53.08514817 50.51178313 0.00868579
-52.70859147 49.28287075 0.00721895
-52.33277312 48.05828297 0.00705776
-51.95719764 46.83821608 0.00880969
-51.58138845 45.62266268 0.01273389
-51.20538383 44.41247297 0.01568666
-50.82951335 43.20628691 0.01451529
-50.45432458 42.00802985 0.01087416
-50.07977536 40.81726397 0.00598795
-49.70366320 39.62964351 0.00478783
-49.32457800 38.44791159 0.01124974
-48.94412356 37.27362650 0.01913449
-48.56408006 36.10751960 0.02380439
-48.18480169 34.95021158 0.02716940
-47.80642006 33.80177579 0.03093342
-47.42983751 32.66260212 0.03389473
-47.05656412 31.53357631 0.03490081
-46.68733661 30.41536769 0.03504633
-46.32253926 29.30838089 0.03599824
-45.96248355 28.21263572 0.03890201
-45.60789902 27.12896553 0.04288964
-45.25882996 26.05833088 0.04518631
-44.91197410 25.00024204 0.04381946
-44.56282507 23.95423768 0.04058044
-44.20902476 22.92015799 0.03912262
-43.85206270 21.89717563 0.04141539
-43.49483585 20.88561142 0.04680916
-43.13978608 19.88665952 0.05328400
-42.78802192 18.90085569 0.06042051
-42.43961310 17.92925147 0.06905945
-42.09568241 16.97275576 0.07831602
-41.75608238 16.03139871 0.08762612
-41.41958388 15.10563378 0.09929275
-41.08598734 14.19559853 0.11397747
-40.75608021 13.30159426 0.12937585
-40.42983364 12.42325583 0.14368704
-40.10538317 11.56008067 0.15678363
-39.78040343 10.71316594 0.16962517
-39.45211834 9.88385216 0.18355438
-39.11770813 9.07319257 0.19899456
-38.77503427 8.28207197 0.21590495
-38.42285843 7.51172903 0.23352783
-38.06081492 6.76415152 0.24960456
-37.68740970 6.04063854 0.26242427
-37.29982544 5.34051659 0.27212430
-36.89539727 4.66472802 0.28016967
-36.47364064 4.01601024 0.28688833
-36.03625316 3.39569416 0.29087899
-35.58368537 2.80482963 0.29197193
-35.11549588 2.24435376 0.29131580
-34.63262974 1.71650312 0.28999034
-34.13579383 1.22416227 0.28860765
-33.62580389 0.76432454 0.28509536
-33.10365733 0.33345994 0.27843946
-32.56939011 -0.06522379 0.27129020
-32.02402957 -0.42855860 0.26409503
-31.47043067 -0.75778036 0.25494695
-30.91071861 -1.05333447 0.24346309
-30.34589954 -1.31410211 0.23090053
-29.77750184 -1.54126669 0.21622828
-29.20638133 -1.73669836 0.20155913
-28.63337440 -1.90037531 0.18998309
-28.06072515 -2.03219679 0.18113884
-27.49011098 -2.13273154 0.17597250
-26.92224000 -2.20493608 0.17284438
-26.35872706 -2.25169291 0.16786672
-25.80068703 -2.27343234 0.15951125
-25.24723336 -2.27218692 0.14934003
-24.69548765 -2.25287560 0.13967479
-24.14226486 -2.22110539 0.13350377
-23.58610481 -2.18063494 0.13230344
-23.02696093 -2.13412002 0.13449372
-22.46535621 -2.08355359 0.13793824
-21.90157821 -2.03059812 0.14163381
-21.33586162 -1.97699026 0.14513214
-20.76878910 -1.92369225 0.14831383
-20.20148133 -1.87099742 0.15107927
-19.63498692 -1.81993691 0.15324732
-19.07004674 -1.77208409 0.15555533
-18.50742074 -1.72929734 0.15849183
-17.94824202 -1.69353473 0.16178755
-17.39467288 -1.66413747 0.16526213
-16.84916394 -1.63920621 0.16869882
-16.31291052 -1.61927981 0.17196817
-15.78636092 -1.60602369 0.17574250
-15.27041789 -1.59912508 0.18090260
-14.76565004 -1.59770364 0.18789415
-14.27293783 -1.60158571 0.19558033
-13.79400453 -1.60955010 0.20249344
-13.33034231 -1.62059160 0.20875845
-12.88272754 -1.63585451 0.21513326
-12.45190627 -1.65722150 0.22186953
-12.03935391 -1.68515137 0.22867511
-11.64698846 -1.71799724 0.23439965
-11.27666101 -1.75425034 0.23919314
-10.92932565 -1.79388697 0.24356797
-10.60509630 -1.83702191 0.24717617
-10.30103001 -1.88336240 0.25062540
-10.00892359 -1.93024778 0.25414718
-9.72219714 -1.97549976 0.25857641
-9.43896750 -2.01787448 0.26423549
-9.15908738 -2.05504440 0.27041997
-8.88418679 -2.08642149 0.27642906
-8.61550805 -2.11250733 0.28171024
-8.35237295 -2.13414480 0.28691832
-8.09356818 -2.15163784 0.29281963
-7.83827483 -2.16377638 0.29932525
-7.58621808 -2.16901608 0.30633929
-7.33694321 -2.16637220 0.31340905
-7.08560167 -2.15596607 0.31891879
-6.82472943 -2.13685254 0.32212081
-6.55125010 -2.10578000 0.32604784
-6.26539225 -2.06014562 0.33148514
-5.96893550 -1.99759950 0.33853688
-5.66239609 -1.91882319 0.35038639
-5.34525409 -1.82712217 0.36567153
-5.01916521 -1.72312276 0.37839201
-4.68669897 -1.60431812 0.38632723
-4.34934844 -1.46817230 0.39179458
-4.00648299 -1.31391924 0.39628642
-3.65714252 -1.14232871 0.40109439
-3.30022033 -0.95410374 0.40367604
-2.93508579 -0.74676242 0.40248603
-2.56236175 -0.51642516 0.40159258
-2.18288684 -0.26008424 0.40256066
-1.79751402 0.02378140 0.40231553
-1.40500225 0.33386888 0.40126093
-1.00402154 0.66837987 0.40279177
-0.59665862 1.02835393 0.40562044
-0.18631293 1.41613168 0.40652278
0.22359334 1.83403729 0.40382737
0.63036311 2.28422053 0.39719538
1.03314328 2.76736306 0.38850321
1.43325160 3.28173050 0.38014542
1.83194129 3.82507049 0.37496432
2.22861472 4.39658455 0.37349659
2.62218760 4.99527636 0.37267565
3.01286634 5.61994092 0.37188882
3.40117319 6.27019417 0.37164512
3.78781755 6.94475751 0.37226462
4.17303667 7.64226160 0.37438323
4.55669211 8.36174525 0.37600575
4.94263670 9.10016069 0.37479792
5.33709644 9.85332910 0.37231388
5.74177788 10.62027979 0.37203056
6.15389753 11.40273080 0.37482247
6.57212308 12.19958421 0.37631649
6.99722432 13.00926877 0.37500709
7.42919178 13.83184321 0.37314390
7.86730599 14.66651125 0.37453959
8.31227352 15.51029828 0.38051322
8.76213712 16.36224740 0.38654433
9.21457559 17.22360123 0.39083999
9.67153398 18.09383533 0.39445937
10.13343226 18.97402979 0.39730150
10.59819244 19.86638230 0.40176950
11.06554388 20.77108440 0.40864340
11.53641392 21.68765531 0.41440530
12.01006282 22.61603955 0.41759605
12.48546370 23.55507341 0.41683744
12.96311470 24.50281295 0.41102491
13.44295543 25.45855828 0.40458841
13.92582021 26.42165380 0.40295377
14.41151152 27.39160388 0.40620020
14.89849620 28.36605168 0.41031287
15.38648572 29.34205728 0.40778513
15.87273986 30.32273217 0.39761034
16.35825177 31.31069684 0.38697241
16.84551104 32.30456323 0.38186551
17.33425747 33.30289657 0.38288199
17.82481847 34.30374583 0.38454089
18.31810269 35.30634031 0.38390993
18.81455344 36.31213749 0.38419454
19.31209178 37.32169089 0.38415179
19.81119113 38.33290194 0.38236133
20.31242599 39.34537338 0.37747995
20.81612894 40.35926175 0.37178446
21.32529058 41.37325269 0.37059033
21.83876384 42.38837244 0.37243369
22.35398880 43.40527301 0.37367941
22.87226458 44.42339359 0.37150860
23.39484283 45.44148096 0.37077511
23.92146961 46.46132718 0.37688596
24.45173419 47.48407029 0.38592398
24.98429956 48.50907394 0.39227771
25.51831769 49.53677165 0.39524826
26.05539189 50.56728970 0.39706617
26.59728747 51.59970167 0.40106183
27.14185589 52.63499318 0.40352859
27.68648277 53.67401002 0.39808244
28.23196502 54.71452036 0.38668521
28.78062316 55.75831422 0.37734134
29.33258039 56.80639207 0.37730775
29.88678309 57.85592673 0.38552851
30.44325965 58.90597876 0.39718966
31.00134207 59.95637644 0.41000539
31.55982901 61.00684837 0.42131161
32.11805803 62.05860695 0.43073428
32.67602622 63.11219613 0.43996587
33.23154573 64.16649105 0.44727742
33.78317058 65.22019871 0.44915518
34.33248584 66.27322266 0.44859688
34.88051556 67.32547150 0.45772440
35.42752489 68.37521313 0.47701166
35.97245770 69.42187725 0.49575235
36.51528509 70.46887581 0.51443772
37.05687827 71.51591690 0.53927627
37.59486141 72.56187556 0.56468982
38.12714998 73.60708790 0.58308511
38.65520361 74.65056188 0.59535896
39.17890633 75.69312784 0.60296152
39.69707803 76.73454245 0.60662075
40.21035897 77.77418980 0.60681643
40.72049311 78.81146161 0.60994665
41.22898103 79.84534944 0.62139326
41.73641308 80.87775577 0.63522373
42.24321254 81.90867474 0.64579396
42.74959797 82.93556512 0.65211325
43.25547691 83.96004362 0.65368544
43.76126941 84.98456382 0.65315572
44.26705094 86.00933465 0.65425808
44.77301667 87.03423882 0.65912647
45.28014801 88.05982681 0.66826526
45.78829249 89.08630430 0.68086396
